latitude,longitude,bright_ti4,scan,track,acq_date,acq_time,satellite,instrument,confidence,version,bright_ti5,frp,daynight,type
-13.31206,27.33131,342.96,0.4,0.37,2025-07-11,1137,N20,VIIRS,n,2,299.9,10.41,D,0
-13.30765,26.73164,333.68,0.41,0.37,2025-07-11,1137,N20,VIIRS,n,2,300.4,3.01,D,0
-13.30657,26.7392,327.9,0.41,0.37,2025-07-11,1137,N20,VIIRS,l,2,299.85,2.53,D,0
-13.30478,26.72734,280.79,0.41,0.37,2025-07-11,1137,N20,VIIRS,l,2,324.98,43.41,D,0
-13.30423,26.73112,349.48,0.41,0.37,2025-07-11,1137,N20,VIIRS,n,2,313.07,43.41,D,0
-13.30136,26.72683,344.2,0.41,0.37,2025-07-11,1137,N20,VIIRS,n,2,312.76,43.41,D,0
-13.30081,26.73061,348.66,0.41,0.37,2025-07-11,1137,N20,VIIRS,n,2,312.84,43.41,D,0
-13.2873,27.3462,341.07,0.4,0.37,2025-07-11,1137,N20,VIIRS,n,2,304.68,14.53,D,0
-13.28676,27.34985,353.73,0.4,0.37,2025-07-11,1137,N20,VIIRS,n,2,305.69,14.53,D,0
-13.28623,27.35349,337.1,0.4,0.37,2025-07-11,1137,N20,VIIRS,n,2,302.46,3.78,D,0
-13.28569,27.35713,329.11,0.4,0.37,2025-07-11,1137,N20,VIIRS,l,2,300.07,3.78,D,0
-13.28394,27.34569,342.91,0.4,0.37,2025-07-11,1137,N20,VIIRS,n,2,304.8,13.76,D,0
-13.2783,27.33737,329.92,0.4,0.37,2025-07-11,1137,N20,VIIRS,l,2,300.23,4.59,D,0
-13.27548,27.33322,345.26,0.4,0.37,2025-07-11,1137,N20,VIIRS,n,2,310.49,29.59,D,0
-13.27319,27.32542,348.84,0.4,0.37,2025-07-11,1137,N20,VIIRS,n,2,302.78,7.76,D,0
-13.27212,27.33271,335.52,0.4,0.37,2025-07-11,1137,N20,VIIRS,n,2,300.81,4.01,D,0
-13.26768,27.33949,351.34,0.4,0.37,2025-07-11,1137,N20,VIIRS,n,2,307.2,19.85,D,0
-13.26715,27.34313,355.31,0.4,0.37,2025-07-11,1137,N20,VIIRS,n,2,307.28,11.6,D,0
-13.26661,27.34678,342.81,0.4,0.37,2025-07-11,1137,N20,VIIRS,n,2,301.79,11.6,D,0
-13.26511,27.28686,337.55,0.4,0.37,2025-07-11,1137,N20,VIIRS,n,2,305.52,9.28,D,0
-13.26432,27.33898,331.45,0.4,0.37,2025-07-11,1137,N20,VIIRS,n,2,298.97,2.68,D,0
-13.26379,27.34262,327.77,0.4,0.37,2025-07-11,1137,N20,VIIRS,n,2,298.87,2.69,D,0
-13.26229,27.28269,344.01,0.4,0.37,2025-07-11,1137,N20,VIIRS,n,2,303.27,9.28,D,0
-13.26175,27.28634,330.64,0.4,0.37,2025-07-11,1137,N20,VIIRS,l,2,303.31,9.28,D,0
-13.25892,27.28218,345.06,0.4,0.37,2025-07-11,1137,N20,VIIRS,n,2,302.34,6.14,D,0
-13.27197,26.42189,329.36,0.42,0.38,2025-07-11,1138,N20,VIIRS,n,2,298.99,3.55,D,0
-13.27142,26.42575,348.86,0.42,0.38,2025-07-11,1138,N20,VIIRS,n,2,315.42,24.47,D,0
-13.27086,26.42962,330.18,0.42,0.38,2025-07-11,1138,N20,VIIRS,n,2,297.53,24.47,D,0
-13.27054,26.81841,330.58,0.41,0.37,2025-07-11,1138,N20,VIIRS,n,2,303.1,1.76,D,0
-13.26851,26.42138,333.59,0.42,0.38,2025-07-11,1138,N20,VIIRS,n,2,298.51,5.54,D,0
-13.26796,26.42525,342.27,0.42,0.38,2025-07-11,1138,N20,VIIRS,n,2,303.04,6.46,D,0
-13.26746,26.76799,329.44,0.41,0.37,2025-07-11,1138,N20,VIIRS,n,2,300.42,2.5,D,0
-13.26506,26.42088,329.74,0.42,0.38,2025-07-11,1138,N20,VIIRS,n,2,302.37,5.54,D,0
-13.26451,26.42475,347.19,0.42,0.38,2025-07-11,1138,N20,VIIRS,n,2,299.64,6.46,D,0
-13.26395,26.42861,333.12,0.42,0.38,2025-07-11,1138,N20,VIIRS,n,2,299.16,6.46,D,0
-13.23001,25.47538,338.05,0.46,0.39,2025-07-11,1138,N20,VIIRS,n,2,302.52,6.71,D,0
-13.21017,25.43369,332.1,0.46,0.39,2025-07-11,1138,N20,VIIRS,n,2,303.09,4.61,D,0
-13.20958,25.43793,330.8,0.46,0.39,2025-07-11,1138,N20,VIIRS,n,2,301.13,3.09,D,0
-13.18362,25.6223,329.03,0.45,0.39,2025-07-11,1138,N20,VIIRS,l,2,301.13,4.41,D,0
-13.18215,25.50275,333.08,0.46,0.39,2025-07-11,1138,N20,VIIRS,n,2,299.99,2.75,D,0
-13.17856,25.50222,328.06,0.46,0.39,2025-07-11,1138,N20,VIIRS,n,2,300.62,2.75,D,0
-13.14458,27.25318,335.52,0.4,0.37,2025-07-11,1138,N20,VIIRS,n,2,304.85,4.95,D,0
-13.12737,25.46175,342.22,0.46,0.39,2025-07-11,1138,N20,VIIRS,n,2,299.67,4.93,D,0
-13.12072,25.88861,343.8,0.44,0.38,2025-07-11,1138,N20,VIIRS,n,2,302.91,4.56,D,0
-13.12015,25.89263,341.8,0.44,0.38,2025-07-11,1138,N20,VIIRS,n,2,300.94,4.56,D,0
-13.11776,25.88406,345.04,0.44,0.38,2025-07-11,1138,N20,VIIRS,n,2,302.27,14.61,D,0
-13.11719,25.88809,335,0.44,0.38,2025-07-11,1138,N20,VIIRS,n,2,299.01,4.56,D,0
-13.11543,26.1522,337.18,0.43,0.38,2025-07-11,1138,N20,VIIRS,l,2,307.58,35.83,D,0
-13.11197,25.89964,328.08,0.44,0.38,2025-07-11,1138,N20,VIIRS,n,2,298.28,2.93,D,0
-13.10844,25.89914,339.1,0.44,0.38,2025-07-11,1138,N20,VIIRS,n,2,305.36,2.93,D,0
-13.09765,26.07697,344.38,0.43,0.38,2025-07-11,1138,N20,VIIRS,n,2,300.4,6.77,D,0
-13.09295,25.65227,329.46,0.45,0.39,2025-07-11,1138,N20,VIIRS,n,2,298.67,3.81,D,0
-13.09237,25.6564,343.32,0.45,0.39,2025-07-11,1138,N20,VIIRS,n,2,299.94,3.81,D,0
-13.0858,27.26599,334.62,0.4,0.37,2025-07-11,1138,N20,VIIRS,n,2,304.94,6.69,D,0
-13.08285,25.64662,346.53,0.45,0.39,2025-07-11,1138,N20,VIIRS,n,2,300.79,6.32,D,0
-13.08227,25.65073,339.24,0.45,0.39,2025-07-11,1138,N20,VIIRS,n,2,298.68,33.99,D,0
-13.08168,25.65484,344.81,0.45,0.39,2025-07-11,1138,N20,VIIRS,n,2,315.8,33.99,D,0
-13.07753,25.65846,335.7,0.45,0.39,2025-07-11,1138,N20,VIIRS,n,2,298.9,4.62,D,0
-13.07483,25.95968,341.38,0.44,0.38,2025-07-11,1138,N20,VIIRS,n,2,305.31,15.98,D,0
-13.07427,25.96367,344.35,0.44,0.38,2025-07-11,1138,N20,VIIRS,n,2,304.07,6.16,D,0
-13.07399,25.96043,346.22,0.44,0.38,2025-07-11,1138,N20,VIIRS,n,2,303.64,12.83,D,0
-13.07342,25.96441,333.51,0.44,0.38,2025-07-11,1138,N20,VIIRS,n,2,303.47,2.88,D,0
-13.06925,25.66568,329.14,0.45,0.39,2025-07-11,1138,N20,VIIRS,n,2,300.12,2.54,D,0
-13.06599,26.66412,329.66,0.41,0.37,2025-07-11,1138,N20,VIIRS,n,2,298.01,3.89,D,0
-13.06544,26.6679,326.99,0.41,0.37,2025-07-11,1138,N20,VIIRS,n,2,296.5,2.5,D,0
-13.06202,26.66738,336.9,0.41,0.37,2025-07-11,1138,N20,VIIRS,n,2,302.51,2.5,D,0
-13.06174,25.97084,342.16,0.43,0.38,2025-07-11,1138,N20,VIIRS,n,2,301.49,11.46,D,0
-13.05717,26.60465,342.91,0.41,0.37,2025-07-11,1138,N20,VIIRS,n,2,302.95,6.61,D,0
-13.05464,26.67012,334,0.41,0.37,2025-07-11,1138,N20,VIIRS,n,2,299.17,4.94,D,0
-13.05287,26.65825,341.69,0.41,0.37,2025-07-11,1138,N20,VIIRS,n,2,304.45,11.7,D,0
-13.0489,26.66152,367,0.41,0.37,2025-07-11,1138,N20,VIIRS,h,2,303.52,11.7,D,0
-13.01013,26.92722,338.56,0.4,0.37,2025-07-11,1138,N20,VIIRS,n,2,302.71,2.56,D,0
-13.00198,26.33497,347.03,0.42,0.38,2025-07-11,1138,N20,VIIRS,n,2,306.73,23.12,D,0
-13.00142,26.33882,354.2,0.42,0.38,2025-07-11,1138,N20,VIIRS,n,2,305.42,12.72,D,0
-13.00086,26.34268,339.09,0.42,0.38,2025-07-11,1138,N20,VIIRS,n,2,300.29,12.72,D,0
-12.99908,26.33059,330.42,0.42,0.38,2025-07-11,1138,N20,VIIRS,n,2,297.18,11.56,D,0
-12.99685,26.34602,332.59,0.42,0.38,2025-07-11,1138,N20,VIIRS,n,2,299.97,3.69,D,0
-12.99507,26.33392,337.22,0.42,0.38,2025-07-11,1138,N20,VIIRS,n,2,305.21,11.56,D,0
-12.99395,26.34163,347.67,0.42,0.38,2025-07-11,1138,N20,VIIRS,n,2,304.61,80.17,D,0
-12.99339,26.3455,342.6,0.42,0.38,2025-07-11,1138,N20,VIIRS,n,2,299.44,3.69,D,0
-12.99162,26.33339,328.48,0.42,0.38,2025-07-11,1138,N20,VIIRS,n,2,298.05,2.81,D,0
-12.99128,26.13847,334.45,0.43,0.38,2025-07-11,1138,N20,VIIRS,n,2,299.84,4.57,D,0
-12.99106,26.33725,328.12,0.42,0.38,2025-07-11,1138,N20,VIIRS,l,2,298.52,3.42,D,0
-12.96045,25.48964,354.74,0.45,0.39,2025-07-11,1138,N20,VIIRS,n,2,304.74,13.79,D,0
-12.95987,25.49382,339.92,0.45,0.39,2025-07-11,1138,N20,VIIRS,n,2,302.87,13.79,D,0
-12.95687,25.48913,342.51,0.45,0.39,2025-07-11,1138,N20,VIIRS,n,2,300.82,13.79,D,0
-12.95378,25.45875,344.48,0.46,0.39,2025-07-11,1138,N20,VIIRS,n,2,298,3.21,D,0
-12.95203,25.4713,341.51,0.46,0.39,2025-07-11,1138,N20,VIIRS,n,2,304.37,7.95,D,0
-12.95046,27.19291,336.42,0.4,0.37,2025-07-11,1138,N20,VIIRS,n,2,301.34,21.89,D,0
-12.95019,25.4582,335.85,0.46,0.39,2025-07-11,1138,N20,VIIRS,n,2,301.59,39.16,D,0
-12.94709,27.19241,344.64,0.4,0.37,2025-07-11,1138,N20,VIIRS,n,2,302.58,10.02,D,0
-12.94661,25.45766,346.25,0.46,0.39,2025-07-11,1138,N20,VIIRS,n,2,311.55,39.16,D,0
-12.9436,25.45294,331.64,0.46,0.39,2025-07-11,1138,N20,VIIRS,n,2,298.67,28.74,D,0
-12.94302,25.45712,341.38,0.46,0.39,2025-07-11,1138,N20,VIIRS,n,2,311.81,28.74,D,0
-12.93943,25.45658,342.62,0.46,0.39,2025-07-11,1138,N20,VIIRS,n,2,308.16,28.74,D,0
-12.91688,26.89443,333.39,0.4,0.37,2025-07-11,1138,N20,VIIRS,n,2,298.6,1.87,D,0
-12.89261,26.89452,343.79,0.4,0.37,2025-07-11,1138,N20,VIIRS,n,2,302.61,8.95,D,0
-12.88922,26.89399,345.99,0.4,0.37,2025-07-11,1138,N20,VIIRS,n,2,303.1,4.51,D,0
-12.88867,26.89771,332.59,0.4,0.37,2025-07-11,1138,N20,VIIRS,n,2,301.17,4.51,D,0
-12.87712,26.32821,353.38,0.42,0.38,2025-07-11,1138,N20,VIIRS,n,2,305.71,21.71,D,0
-12.86911,25.44756,327.53,0.46,0.39,2025-07-11,1138,N20,VIIRS,n,2,297.42,6.07,D,0
-12.86853,25.45174,346.9,0.46,0.39,2025-07-11,1138,N20,VIIRS,n,2,303.46,15.32,D,0
-12.86494,25.45121,336.68,0.46,0.39,2025-07-11,1138,N20,VIIRS,n,2,303.58,25.68,D,0
-12.80521,25.79868,331.48,0.44,0.38,2025-07-11,1138,N20,VIIRS,n,2,300.81,3.12,D,0
-12.80168,25.79816,333.19,0.44,0.38,2025-07-11,1138,N20,VIIRS,n,2,301.16,4.83,D,0
-12.7892,26.01281,330.83,0.43,0.38,2025-07-11,1138,N20,VIIRS,n,2,300.12,3.08,D,0
-12.78514,26.01622,329.87,0.43,0.38,2025-07-11,1138,N20,VIIRS,n,2,299.86,7.9,D,0
-12.78458,26.02016,342.31,0.43,0.38,2025-07-11,1138,N20,VIIRS,n,2,301.14,5.5,D,0
-12.78402,26.0241,342.2,0.43,0.38,2025-07-11,1138,N20,VIIRS,n,2,299.1,5.5,D,0
-12.78109,26.01963,344.5,0.43,0.38,2025-07-11,1138,N20,VIIRS,n,2,304.8,5.5,D,0
-12.78053,26.02358,333.61,0.43,0.38,2025-07-11,1138,N20,VIIRS,n,2,303.34,5.5,D,0
-12.77997,26.02752,344.97,0.43,0.38,2025-07-11,1138,N20,VIIRS,n,2,301.92,4.32,D,0
-12.77941,26.03145,330.53,0.43,0.38,2025-07-11,1138,N20,VIIRS,n,2,297.71,4.32,D,0
-12.77704,26.02305,343.83,0.43,0.38,2025-07-11,1138,N20,VIIRS,n,2,301.67,6.99,D,0
-12.77648,26.02699,336.42,0.43,0.38,2025-07-11,1138,N20,VIIRS,n,2,303.14,10.3,D,0
-12.71634,25.76482,345.95,0.44,0.38,2025-07-11,1138,N20,VIIRS,n,2,302.14,9.95,D,0
-12.71576,25.76887,351.77,0.44,0.38,2025-07-11,1138,N20,VIIRS,n,2,303.76,9.95,D,0
-12.71338,25.76026,344.7,0.44,0.38,2025-07-11,1138,N20,VIIRS,n,2,304.03,8.83,D,0
-12.71281,25.7643,343.08,0.44,0.38,2025-07-11,1138,N20,VIIRS,n,2,301.94,7.37,D,0
-12.70093,26.17136,328.61,0.42,0.38,2025-07-11,1138,N20,VIIRS,l,2,298.86,2.18,D,0
-12.70037,26.17524,333,0.42,0.38,2025-07-11,1138,N20,VIIRS,n,2,300.78,3.71,D,0
-12.6969,26.17472,339.92,0.42,0.38,2025-07-11,1138,N20,VIIRS,n,2,299.39,5.13,D,0
-12.6699,26.09114,348.05,0.43,0.38,2025-07-11,1138,N20,VIIRS,n,2,303.37,7.61,D,0
-12.64489,27.36105,340.9,0.39,0.36,2025-07-11,1138,N20,VIIRS,n,2,308.51,27.14,D,0
-12.63351,25.50749,325.76,0.45,0.39,2025-07-11,1138,N20,VIIRS,n,2,296.78,2.34,D,0
-12.62861,25.64529,341.7,0.44,0.39,2025-07-11,1138,N20,VIIRS,n,2,299.91,11.1,D,0
-12.60803,25.66293,331.42,0.44,0.39,2025-07-11,1138,N20,VIIRS,n,2,300.44,8.28,D,0
-12.60755,25.69198,329.22,0.44,0.39,2025-07-11,1138,N20,VIIRS,n,2,299.08,1.98,D,0
-12.60697,25.69605,326.63,0.44,0.39,2025-07-11,1138,N20,VIIRS,n,2,298.18,1.98,D,0
-12.60449,25.6624,338.68,0.44,0.39,2025-07-11,1138,N20,VIIRS,n,2,303.17,25.93,D,0
-12.56901,25.40572,330.15,0.45,0.39,2025-07-11,1138,N20,VIIRS,n,2,301.86,3.59,D,0
-12.5676,27.30486,341.08,0.39,0.36,2025-07-11,1138,N20,VIIRS,n,2,300.2,9.71,D,0
-12.56072,26.41434,328.24,0.42,0.37,2025-07-11,1138,N20,VIIRS,n,2,297.73,1.6,D,0
-12.55673,27.49457,332.58,0.39,0.36,2025-07-11,1138,N20,VIIRS,n,2,298.23,2.1,D,0
-12.53611,25.91891,328.25,0.43,0.38,2025-07-11,1138,N20,VIIRS,n,2,301.85,2.23,D,0
-12.53516,25.91916,330.28,0.43,0.38,2025-07-11,1138,N20,VIIRS,n,2,299.86,3.55,D,0
-12.52965,26.918,332.71,0.4,0.37,2025-07-11,1138,N20,VIIRS,n,2,301.34,3.87,D,0
-12.52504,25.84058,337.03,0.44,0.38,2025-07-11,1138,N20,VIIRS,n,2,302.68,4.89,D,0
-12.51877,26.969,340.67,0.4,0.37,2025-07-11,1138,N20,VIIRS,n,2,303.14,4.13,D,0
-12.50952,25.92353,338.82,0.43,0.38,2025-07-11,1138,N20,VIIRS,n,2,305.39,10.86,D,0
-12.50895,25.92751,347.98,0.43,0.38,2025-07-11,1138,N20,VIIRS,n,2,303.95,10.86,D,0
-12.50837,25.93149,343.22,0.43,0.38,2025-07-11,1138,N20,VIIRS,n,2,303.26,5.28,D,0
-12.50545,25.92699,339.41,0.43,0.38,2025-07-11,1138,N20,VIIRS,n,2,298.49,10.86,D,0
-12.50397,25.38469,326.88,0.45,0.39,2025-07-11,1138,N20,VIIRS,l,2,296.96,3.01,D,0
-12.49995,27.4921,332.03,0.39,0.36,2025-07-11,1138,N20,VIIRS,l,2,303.1,2.62,D,0
-12.47566,25.91049,341.35,0.43,0.38,2025-07-11,1138,N20,VIIRS,n,2,306.28,5.94,D,0
-12.4751,25.91444,334.21,0.43,0.38,2025-07-11,1138,N20,VIIRS,n,2,303.82,5.94,D,0
-12.47433,27.48084,329.94,0.39,0.36,2025-07-11,1138,N20,VIIRS,l,2,303.49,3.54,D,0
-12.4722,27.49515,339.62,0.39,0.36,2025-07-11,1138,N20,VIIRS,n,2,301.53,4.4,D,0
-12.47216,25.90997,334.89,0.43,0.38,2025-07-11,1138,N20,VIIRS,n,2,300.73,5.94,D,0
-12.47167,27.49872,343.34,0.39,0.36,2025-07-11,1138,N20,VIIRS,n,2,304.4,6.26,D,0
-12.46591,27.23658,329.64,0.39,0.37,2025-07-11,1138,N20,VIIRS,n,2,300.7,2.74,D,0
-12.46548,25.85623,332.02,0.43,0.38,2025-07-11,1138,N20,VIIRS,n,2,300.09,2.69,D,0
-12.46377,27.14362,344.17,0.4,0.37,2025-07-11,1138,N20,VIIRS,n,2,299.81,8.65,D,0
-12.46256,27.23607,334.67,0.39,0.37,2025-07-11,1138,N20,VIIRS,n,2,303.14,2.74,D,0
-12.4599,25.4631,341.98,0.45,0.39,2025-07-11,1138,N20,VIIRS,n,2,298.17,6.58,D,0
-12.45987,27.14674,328.05,0.4,0.37,2025-07-11,1138,N20,VIIRS,n,2,298.1,2.53,D,0
-12.45872,25.90398,341.31,0.43,0.38,2025-07-11,1138,N20,VIIRS,n,2,304.66,4.46,D,0
-12.45692,25.45841,325.64,0.45,0.39,2025-07-11,1138,N20,VIIRS,n,2,300.18,3.02,D,0
-12.45427,25.62936,331.14,0.44,0.39,2025-07-11,1138,N20,VIIRS,n,2,296.09,2.99,D,0
-12.44655,25.91432,330.87,0.43,0.38,2025-07-11,1138,N20,VIIRS,l,2,305.17,4.51,D,0
-12.44504,25.46514,339.9,0.45,0.39,2025-07-11,1138,N20,VIIRS,n,2,304.9,28.22,D,0
-12.44417,25.90587,344.74,0.43,0.38,2025-07-11,1138,N20,VIIRS,n,2,310.7,7.1,D,0
-12.44123,25.90139,330.05,0.43,0.38,2025-07-11,1138,N20,VIIRS,n,2,300.22,2.98,D,0
-12.44071,26.3263,330.18,0.42,0.37,2025-07-11,1138,N20,VIIRS,n,2,297.8,3.42,D,0
-12.44067,25.90536,344.54,0.43,0.38,2025-07-11,1138,N20,VIIRS,n,2,302.58,5.46,D,0
-12.43899,25.91725,343.08,0.43,0.38,2025-07-11,1138,N20,VIIRS,n,2,305.07,5.01,D,0
-12.43717,25.90484,341.23,0.43,0.38,2025-07-11,1138,N20,VIIRS,n,2,300.55,5.46,D,0
-12.43661,25.90881,349.25,0.43,0.38,2025-07-11,1138,N20,VIIRS,n,2,308.51,5.46,D,0
-12.43605,25.91278,346.32,0.43,0.38,2025-07-11,1138,N20,VIIRS,n,2,304.56,5.01,D,0
-12.43504,26.94146,332.5,0.4,0.37,2025-07-11,1138,N20,VIIRS,n,2,299.73,6.37,D,0
-12.43367,25.90433,367,0.43,0.38,2025-07-11,1138,N20,VIIRS,h,2,335.25,59.6,D,0
-12.43311,25.9083,348.26,0.43,0.38,2025-07-11,1138,N20,VIIRS,n,2,304.92,59.6,D,0
-12.43242,25.9049,367,0.43,0.38,2025-07-11,1138,N20,VIIRS,l,2,327.17,48.61,D,0
-12.43185,25.90886,335.76,0.43,0.38,2025-07-11,1138,N20,VIIRS,n,2,302.46,48.61,D,0
-12.42726,27.3891,347.5,0.39,0.36,2025-07-11,1138,N20,VIIRS,n,2,305.56,8.64,D,0
-12.42169,25.80586,336.02,0.44,0.38,2025-07-11,1138,N20,VIIRS,n,2,301.21,7.02,D,0
-12.41403,25.78423,346.76,0.44,0.38,2025-07-11,1138,N20,VIIRS,n,2,307.19,15.44,D,0
-12.41224,25.77168,330.08,0.44,0.38,2025-07-11,1138,N20,VIIRS,l,2,301.56,4.72,D,0
-12.40872,25.77118,335.87,0.44,0.38,2025-07-11,1138,N20,VIIRS,n,2,304.45,7.53,D,0
-12.40814,25.7752,335.21,0.44,0.38,2025-07-11,1138,N20,VIIRS,n,2,303.62,7.53,D,0
-12.40533,27.35264,346.09,0.39,0.36,2025-07-11,1138,N20,VIIRS,n,2,317.16,49.52,D,0
-12.4048,27.35623,344.33,0.39,0.36,2025-07-11,1138,N20,VIIRS,n,2,303.54,10.93,D,0
-12.40405,25.77873,334.44,0.44,0.38,2025-07-11,1138,N20,VIIRS,n,2,300.71,3.69,D,0
-12.40373,27.36343,338.01,0.39,0.36,2025-07-11,1138,N20,VIIRS,n,2,307.76,4.12,D,0
-12.40199,27.35213,335.37,0.39,0.36,2025-07-11,1138,N20,VIIRS,n,2,299.21,2.74,D,0
-12.40092,27.35932,355.67,0.39,0.36,2025-07-11,1138,N20,VIIRS,n,2,308.56,23.41,D,0
-12.40039,27.36292,332.79,0.39,0.36,2025-07-11,1138,N20,VIIRS,l,2,306.31,4.72,D,0
-12.39386,25.87493,346.43,0.43,0.38,2025-07-11,1138,N20,VIIRS,n,2,302.68,8.68,D,0
-12.39165,26.27605,335.47,0.42,0.38,2025-07-11,1138,N20,VIIRS,n,2,297.18,3.29,D,0
-12.39036,25.87443,341.5,0.43,0.38,2025-07-11,1138,N20,VIIRS,n,2,303.53,8.68,D,0
-12.38723,25.97075,329.69,0.43,0.38,2025-07-11,1138,N20,VIIRS,n,2,298.75,2.76,D,0
-12.3857,26.58484,338.41,0.41,0.37,2025-07-11,1138,N20,VIIRS,n,2,306.2,8.97,D,0
-12.38516,26.58859,352.32,0.41,0.37,2025-07-11,1138,N20,VIIRS,n,2,307.18,5.11,D,0
-12.38461,26.59234,335.9,0.41,0.37,2025-07-11,1138,N20,VIIRS,n,2,297.98,5.11,D,0
-12.38416,26.23609,327.44,0.42,0.38,2025-07-11,1138,N20,VIIRS,l,2,301.01,1.91,D,0
-12.38004,26.21599,332.24,0.42,0.38,2025-07-11,1138,N20,VIIRS,l,2,303.3,6.46,D,0
-12.37948,26.21982,346.19,0.42,0.38,2025-07-11,1138,N20,VIIRS,n,2,304.24,6.46,D,0
-12.37803,27.11945,350.03,0.4,0.37,2025-07-11,1138,N20,VIIRS,n,2,299.6,6.59,D,0
-12.3752,27.11531,349.43,0.4,0.37,2025-07-11,1138,N20,VIIRS,n,2,303.83,11.99,D,0
-12.37467,27.11894,346.65,0.4,0.37,2025-07-11,1138,N20,VIIRS,n,2,314.77,11.99,D,0
-12.37414,27.12257,349.46,0.4,0.37,2025-07-11,1138,N20,VIIRS,n,2,320.97,29.38,D,0
-12.37361,27.1262,336.52,0.4,0.37,2025-07-11,1138,N20,VIIRS,n,2,303.51,29.38,D,0
-12.37308,27.12983,332.46,0.4,0.37,2025-07-11,1138,N20,VIIRS,l,2,303.63,7.33,D,0
-12.3728,27.31826,341.48,0.39,0.36,2025-07-11,1138,N20,VIIRS,n,2,307.75,5.32,D,0
-12.37255,27.13346,341.14,0.4,0.37,2025-07-11,1138,N20,VIIRS,n,2,301.05,7.33,D,0
-12.37227,27.32186,339.41,0.39,0.36,2025-07-11,1138,N20,VIIRS,n,2,307.98,5.99,D,0
-12.37201,27.1371,353.23,0.4,0.37,2025-07-11,1138,N20,VIIRS,n,2,306.28,4.44,D,0
-12.37184,27.11481,335.35,0.4,0.37,2025-07-11,1138,N20,VIIRS,n,2,306.15,11.99,D,0
-12.37148,27.14072,328.42,0.4,0.37,2025-07-11,1138,N20,VIIRS,l,2,299.65,4.44,D,0
-12.37131,27.11844,349.14,0.4,0.37,2025-07-11,1138,N20,VIIRS,n,2,307.5,11.99,D,0
-12.37099,26.25384,333.68,0.42,0.38,2025-07-11,1138,N20,VIIRS,n,2,303.77,2.73,D,0
-12.37002,25.76558,327.5,0.44,0.38,2025-07-11,1138,N20,VIIRS,n,2,299.68,1.78,D,0
-12.36946,26.4556,346,0.41,0.37,2025-07-11,1138,N20,VIIRS,n,2,300.12,5.45,D,0
-12.36813,27.14021,340.38,0.4,0.37,2025-07-11,1138,N20,VIIRS,n,2,303.85,4.44,D,0
-12.36795,27.11792,344.9,0.4,0.37,2025-07-11,1138,N20,VIIRS,n,2,308.11,11.71,D,0
-12.36755,25.62934,332.39,0.44,0.39,2025-07-11,1138,N20,VIIRS,n,2,301.74,4.21,D,0
-12.36742,27.12155,343.74,0.4,0.37,2025-07-11,1138,N20,VIIRS,n,2,303.99,6.33,D,0
-12.36689,27.12517,351.08,0.4,0.37,2025-07-11,1138,N20,VIIRS,n,2,307.09,6.33,D,0
-12.36636,27.12881,351.32,0.4,0.37,2025-07-11,1138,N20,VIIRS,n,2,306,4.65,D,0
-12.36583,27.13244,342.01,0.4,0.37,2025-07-11,1138,N20,VIIRS,n,2,305.09,4.65,D,0
-12.3653,27.13606,344.43,0.4,0.37,2025-07-11,1138,N20,VIIRS,n,2,303.91,6.98,D,0
-12.36123,26.12642,326.02,0.42,0.38,2025-07-11,1138,N20,VIIRS,n,2,299.36,2.73,D,0
-12.35642,27.06745,334.08,0.4,0.37,2025-07-11,1138,N20,VIIRS,n,2,298.44,7.13,D,0
-12.35417,25.59875,329.75,0.44,0.39,2025-07-11,1138,N20,VIIRS,n,2,299.62,3.76,D,0
-12.35395,26.29828,351.09,0.42,0.37,2025-07-11,1138,N20,VIIRS,n,2,302.57,9.88,D,0
-12.35063,25.59821,347.06,0.44,0.39,2025-07-11,1138,N20,VIIRS,n,2,300.87,3.76,D,0
-12.35036,27.08514,332,0.4,0.37,2025-07-11,1138,N20,VIIRS,n,2,300.66,4.54,D,0
-12.34916,27.07007,367,0.4,0.37,2025-07-11,1138,N20,VIIRS,h,2,340.61,101.29,D,0
-12.34862,27.07371,335.8,0.4,0.37,2025-07-11,1138,N20,VIIRS,n,2,302.21,7.73,D,0
-12.34808,27.07735,345.96,0.4,0.37,2025-07-11,1138,N20,VIIRS,n,2,306.36,7.73,D,0
-12.34754,27.081,341.9,0.4,0.37,2025-07-11,1138,N20,VIIRS,n,2,302.93,4.31,D,0
-12.3471,25.59767,333.3,0.44,0.39,2025-07-11,1138,N20,VIIRS,n,2,302.56,5.98,D,0
-12.347,27.08464,332.78,0.4,0.37,2025-07-11,1138,N20,VIIRS,n,2,301.68,4.31,D,0
-12.34579,27.06956,341.08,0.4,0.37,2025-07-11,1138,N20,VIIRS,n,2,314.11,101.29,D,0
-12.34525,25.94049,335.01,0.43,0.38,2025-07-11,1138,N20,VIIRS,l,2,306.07,7.8,D,0
-12.34469,25.94443,343.76,0.43,0.38,2025-07-11,1138,N20,VIIRS,n,2,308.33,7.8,D,0
-12.34413,25.94838,334.06,0.43,0.38,2025-07-11,1138,N20,VIIRS,l,2,306.46,2.89,D,0
-12.34389,26.94225,334.31,0.4,0.37,2025-07-11,1138,N20,VIIRS,n,2,301.16,3.44,D,0
-12.34243,27.06906,339.42,0.4,0.37,2025-07-11,1138,N20,VIIRS,n,2,299.27,5.05,D,0
-12.34135,27.07635,347.66,0.4,0.37,2025-07-11,1138,N20,VIIRS,n,2,306.78,9.24,D,0
-12.3412,25.94391,336.25,0.43,0.38,2025-07-11,1138,N20,VIIRS,n,2,301.39,2.19,D,0
-12.33866,27.09455,333.9,0.4,0.37,2025-07-11,1138,N20,VIIRS,n,2,301.18,2.18,D,0
-12.33374,25.71557,328.66,0.44,0.38,2025-07-11,1138,N20,VIIRS,l,2,299.38,2.64,D,0
-12.33363,25.41162,331.59,0.45,0.39,2025-07-11,1138,N20,VIIRS,n,2,298.92,3.23,D,0
-12.33196,25.70297,332.81,0.44,0.38,2025-07-11,1138,N20,VIIRS,n,2,300.26,4.13,D,0
-12.33005,25.41109,338.75,0.45,0.39,2025-07-11,1138,N20,VIIRS,n,2,297.31,3.82,D,0
-12.32647,27.20009,345.9,0.39,0.37,2025-07-11,1138,N20,VIIRS,n,2,306.1,8.82,D,0
-12.32594,27.2037,334.31,0.39,0.37,2025-07-11,1138,N20,VIIRS,n,2,300.48,2.91,D,0
-12.32554,27.2295,340.5,0.39,0.36,2025-07-11,1138,N20,VIIRS,n,2,312.07,24.85,D,0
-12.325,27.2331,336.16,0.39,0.36,2025-07-11,1138,N20,VIIRS,n,2,301.32,6.05,D,0
-12.32322,25.73867,330.94,0.44,0.38,2025-07-11,1138,N20,VIIRS,n,2,300.27,1.89,D,0
-12.32312,27.19957,350.03,0.39,0.37,2025-07-11,1138,N20,VIIRS,n,2,308.31,31.41,D,0
-12.32219,27.22898,345.71,0.39,0.36,2025-07-11,1138,N20,VIIRS,n,2,303.59,24.85,D,0
-12.32165,27.23258,341.21,0.39,0.36,2025-07-11,1138,N20,VIIRS,n,2,300.79,6.05,D,0
-12.30373,27.30728,337.53,0.39,0.36,2025-07-11,1138,N20,VIIRS,n,2,304.37,3.31,D,0
-12.30077,27.28105,351.87,0.39,0.36,2025-07-11,1138,N20,VIIRS,n,2,300.72,10.01,D,0
-12.29764,25.98996,343.87,0.43,0.38,2025-07-11,1138,N20,VIIRS,n,2,300.37,7.8,D,0
-12.297,25.6195,342.97,0.44,0.39,2025-07-11,1138,N20,VIIRS,n,2,301.07,10.3,D,0
-12.29416,25.98944,367,0.43,0.38,2025-07-11,1138,N20,VIIRS,h,2,301.49,7.8,D,0
-12.28744,25.73765,329.38,0.44,0.38,2025-07-11,1138,N20,VIIRS,n,2,300.81,2.28,D,0
-12.28356,26.39662,325.76,0.41,0.37,2025-07-11,1138,N20,VIIRS,l,2,298.93,1.76,D,0
-12.28301,26.40043,326.63,0.41,0.37,2025-07-11,1138,N20,VIIRS,l,2,300.61,1.76,D,0
-12.2811,26.46224,331.33,0.41,0.37,2025-07-11,1138,N20,VIIRS,l,2,304.13,2.88,D,0
-12.27747,27.46092,342.3,0.39,0.36,2025-07-11,1138,N20,VIIRS,n,2,303.31,4.44,D,0
-12.27413,27.4604,343.83,0.39,0.36,2025-07-11,1138,N20,VIIRS,n,2,303.18,4.44,D,0
-12.27216,25.44109,328.82,0.45,0.39,2025-07-11,1138,N20,VIIRS,l,2,300.32,3.92,D,0
-12.26918,25.43648,344.63,0.45,0.39,2025-07-11,1138,N20,VIIRS,n,2,301.99,11.53,D,0
-12.26775,26.76903,331.51,0.4,0.37,2025-07-11,1138,N20,VIIRS,l,2,302.6,3.66,D,0
-12.26726,26.43695,336.12,0.41,0.37,2025-07-11,1138,N20,VIIRS,n,2,304.36,4.96,D,0
-12.26657,26.41739,332.79,0.41,0.37,2025-07-11,1138,N20,VIIRS,n,2,299.53,4.06,D,0
-12.26603,26.4212,327.49,0.41,0.37,2025-07-11,1138,N20,VIIRS,n,2,300.89,4.06,D,0
-12.26533,26.32816,331.71,0.42,0.37,2025-07-11,1138,N20,VIIRS,n,2,304.15,2.54,D,0
-12.26493,26.42882,342.97,0.41,0.37,2025-07-11,1138,N20,VIIRS,n,2,302.1,11.4,D,0
-12.2647,27.22389,353.34,0.39,0.36,2025-07-11,1138,N20,VIIRS,n,2,304.47,11.07,D,0
-12.26439,26.43262,352.55,0.41,0.37,2025-07-11,1138,N20,VIIRS,n,2,303.79,9.55,D,0
-12.26418,26.31631,338.77,0.42,0.37,2025-07-11,1138,N20,VIIRS,l,2,312.49,42.86,D,0
-12.26417,27.2275,334.83,0.39,0.36,2025-07-11,1138,N20,VIIRS,n,2,302.96,11.07,D,0
-12.26361,26.32015,349.89,0.42,0.37,2025-07-11,1138,N20,VIIRS,n,2,309.99,42.86,D,0
-12.26315,26.41687,337.15,0.41,0.37,2025-07-11,1138,N20,VIIRS,n,2,300.92,4.06,D,0
-12.26305,26.32398,335.99,0.42,0.37,2025-07-11,1138,N20,VIIRS,n,2,301.81,3.61,D,0
-12.26299,26.31999,348.53,0.42,0.37,2025-07-11,1138,N20,VIIRS,n,2,312.54,67.96,D,0
-12.2626,26.42068,343.36,0.41,0.37,2025-07-11,1138,N20,VIIRS,n,2,304.36,4.06,D,0
-12.26244,26.32382,340.2,0.42,0.37,2025-07-11,1138,N20,VIIRS,n,2,301.58,2.54,D,0
-12.2619,26.32765,329.11,0.42,0.37,2025-07-11,1138,N20,VIIRS,n,2,298.87,2.54,D,0
-12.26188,27.21978,339.64,0.39,0.36,2025-07-11,1138,N20,VIIRS,n,2,305.41,16.55,D,0
-12.26135,27.22338,354.36,0.39,0.36,2025-07-11,1138,N20,VIIRS,n,2,310.15,11.07,D,0
-12.26097,26.43209,340.96,0.41,0.37,2025-07-11,1138,N20,VIIRS,n,2,299.92,9.55,D,0
-12.26082,27.22699,344.52,0.39,0.36,2025-07-11,1138,N20,VIIRS,n,2,306.97,11.07,D,0
-12.26029,27.23059,341.94,0.39,0.36,2025-07-11,1138,N20,VIIRS,n,2,303.21,6.8,D,0
-12.26018,26.31964,350.13,0.42,0.37,2025-07-11,1138,N20,VIIRS,n,2,304.77,42.86,D,0
-12.25988,26.43968,344.14,0.41,0.37,2025-07-11,1138,N20,VIIRS,n,2,300.77,5.15,D,0
-12.25972,26.41636,339.82,0.41,0.37,2025-07-11,1138,N20,VIIRS,n,2,302.24,11.3,D,0
-12.25966,27.37395,341.49,0.39,0.36,2025-07-11,1138,N20,VIIRS,n,2,304.96,5.67,D,0
-12.25913,27.37754,331.77,0.39,0.36,2025-07-11,1138,N20,VIIRS,l,2,305.93,4.26,D,0
-12.258,27.22287,340.73,0.39,0.36,2025-07-11,1138,N20,VIIRS,n,2,303.17,18.6,D,0
-12.25747,27.22648,349.9,0.39,0.36,2025-07-11,1138,N20,VIIRS,n,2,302.39,18.6,D,0
-12.25664,26.1505,335.27,0.42,0.38,2025-07-11,1138,N20,VIIRS,n,2,301.28,2.5,D,0
-12.25184,26.37654,329.43,0.41,0.37,2025-07-11,1138,N20,VIIRS,n,2,301.75,1.7,D,0
-12.25178,26.42295,347.26,0.41,0.37,2025-07-11,1138,N20,VIIRS,n,2,300.83,2.86,D,0
-12.25089,26.69462,331.35,0.41,0.37,2025-07-11,1138,N20,VIIRS,n,2,300.94,4,D,0
-12.2486,26.42248,334.86,0.41,0.37,2025-07-11,1138,N20,VIIRS,n,2,301.86,3.9,D,0
-12.24841,26.37605,346.39,0.41,0.37,2025-07-11,1138,N20,VIIRS,n,2,307.11,4.63,D,0
-12.24836,26.42244,334.08,0.41,0.37,2025-07-11,1138,N20,VIIRS,n,2,301.31,2.86,D,0
-12.24782,26.4262,332.22,0.41,0.37,2025-07-11,1138,N20,VIIRS,n,2,300.6,2.86,D,0
-12.24683,26.14508,329.64,0.42,0.38,2025-07-11,1138,N20,VIIRS,l,2,300.83,2.46,D,0
-12.24548,26.22749,332.83,0.42,0.38,2025-07-11,1138,N20,VIIRS,n,2,300.81,4,D,0
-12.24337,25.64092,327.62,0.44,0.38,2025-07-11,1138,N20,VIIRS,l,2,298.94,3.89,D,0
-12.24279,25.64496,330.17,0.44,0.38,2025-07-11,1138,N20,VIIRS,n,2,298.48,3.89,D,0
-12.24148,26.2308,334.53,0.42,0.38,2025-07-11,1138,N20,VIIRS,l,2,304.75,3.11,D,0
-12.23859,26.22643,337.22,0.42,0.38,2025-07-11,1138,N20,VIIRS,n,2,300.49,3.11,D,0
-12.23809,25.65252,333.36,0.44,0.38,2025-07-11,1138,N20,VIIRS,n,2,301.66,2.22,D,0
-12.23798,27.45121,334.98,0.39,0.36,2025-07-11,1138,N20,VIIRS,n,2,304.92,1.87,D,0
-12.23343,26.4782,343.93,0.41,0.37,2025-07-11,1138,N20,VIIRS,n,2,302.91,5.31,D,0
-12.2289,26.70275,333.42,0.41,0.37,2025-07-11,1138,N20,VIIRS,n,2,300.28,3.23,D,0
-12.22567,25.61352,343.12,0.44,0.38,2025-07-11,1138,N20,VIIRS,n,2,304.24,4.34,D,0
-12.22539,26.1222,333.24,0.42,0.38,2025-07-11,1138,N20,VIIRS,n,2,300.69,5.14,D,0
-12.22462,26.66039,337.58,0.41,0.37,2025-07-11,1138,N20,VIIRS,n,2,299.35,4.26,D,0
-12.22408,26.6641,352.23,0.41,0.37,2025-07-11,1138,N20,VIIRS,n,2,304.65,5.32,D,0
-12.22354,26.66781,334.4,0.41,0.37,2025-07-11,1138,N20,VIIRS,n,2,303.85,5.32,D,0
-12.21856,26.46051,336.33,0.41,0.37,2025-07-11,1138,N20,VIIRS,n,2,305.81,8.96,D,0
-12.2185,27.44454,341.67,0.39,0.36,2025-07-11,1138,N20,VIIRS,n,2,302.94,6.07,D,0
-12.21679,26.23109,345.97,0.42,0.38,2025-07-11,1138,N20,VIIRS,n,2,306.9,5.26,D,0
-12.20393,27.06277,347.67,0.4,0.37,2025-07-11,1138,N20,VIIRS,n,2,302.27,12.31,D,0
-12.20233,27.41995,353.07,0.39,0.36,2025-07-11,1138,N20,VIIRS,n,2,301.84,4.58,D,0
-12.20179,27.42353,345.36,0.39,0.36,2025-07-11,1138,N20,VIIRS,n,2,300.82,4.58,D,0
-12.20178,26.40765,336.19,0.41,0.37,2025-07-11,1138,N20,VIIRS,n,2,304.83,3.4,D,0
-12.20126,27.42711,335.96,0.39,0.36,2025-07-11,1138,N20,VIIRS,n,2,299.76,4.04,D,0
-12.20057,27.06226,348.09,0.4,0.37,2025-07-11,1138,N20,VIIRS,n,2,304.99,17.81,D,0
-12.20006,27.41228,341.08,0.39,0.36,2025-07-11,1138,N20,VIIRS,n,2,299.61,7.83,D,0
-12.20004,27.06589,336.72,0.4,0.37,2025-07-11,1138,N20,VIIRS,n,2,298.58,4.61,D,0
-12.19953,27.41586,353.01,0.39,0.36,2025-07-11,1138,N20,VIIRS,n,2,308.14,7.83,D,0
-12.19899,27.41945,347.09,0.39,0.36,2025-07-11,1138,N20,VIIRS,n,2,311.26,4.58,D,0
-12.19846,27.42303,333.79,0.39,0.36,2025-07-11,1138,N20,VIIRS,n,2,308.19,4.58,D,0
-12.19792,27.42661,340.24,0.39,0.36,2025-07-11,1138,N20,VIIRS,n,2,305.22,4.04,D,0
-12.19726,27.40819,331.13,0.39,0.36,2025-07-11,1138,N20,VIIRS,n,2,297.75,30.36,D,0
-12.19672,27.41177,367,0.39,0.36,2025-07-11,1138,N20,VIIRS,l,2,374.39,91.84,D,0
-13.30004,27.36777,339.86,0.45,0.47,2025-07-12,1119,N20,VIIRS,n,2,300.72,3.99,D,0
-13.30001,27.33438,347.91,0.45,0.47,2025-07-12,1119,N20,VIIRS,n,2,303.76,24.77,D,0
-13.29895,27.3426,333.09,0.45,0.47,2025-07-12,1119,N20,VIIRS,n,2,301.55,3.54,D,0
-13.29625,27.32971,350.44,0.45,0.47,2025-07-12,1119,N20,VIIRS,n,2,314.7,142.17,D,0
-13.29572,27.33381,350.9,0.45,0.47,2025-07-12,1119,N20,VIIRS,n,2,310.61,24.77,D,0
-13.29519,27.33791,367,0.45,0.47,2025-07-12,1119,N20,VIIRS,h,2,304.86,24.77,D,0
-13.29466,27.34202,339.99,0.45,0.47,2025-07-12,1119,N20,VIIRS,n,2,300.82,3.54,D,0
-13.29254,27.35843,351.62,0.45,0.47,2025-07-12,1119,N20,VIIRS,n,2,300.47,7.88,D,0
-13.29249,27.32501,349.34,0.45,0.47,2025-07-12,1119,N20,VIIRS,n,2,302.46,27.85,D,0
-13.29196,27.32913,367,0.45,0.47,2025-07-12,1119,N20,VIIRS,h,2,301.41,27.85,D,0
-13.29091,27.33733,343.59,0.45,0.47,2025-07-12,1119,N20,VIIRS,n,2,300.44,93.66,D,0
-13.25868,26.88927,331.06,0.48,0.48,2025-07-12,1119,N20,VIIRS,l,2,302.62,5.94,D,0
-13.25314,26.8975,325.76,0.48,0.48,2025-07-12,1119,N20,VIIRS,l,2,299.27,2.45,D,0
-13.21144,25.98545,338.72,0.55,0.51,2025-07-12,1119,N20,VIIRS,n,2,298.69,14.45,D,0
-13.20945,25.98183,335.16,0.55,0.51,2025-07-12,1119,N20,VIIRS,l,2,309.31,29.15,D,0
-13.2074,25.97978,335.98,0.55,0.51,2025-07-12,1119,N20,VIIRS,n,2,301.53,15.31,D,0
-13.20674,25.98492,339.07,0.55,0.51,2025-07-12,1119,N20,VIIRS,n,2,298.01,15.31,D,0
-13.09742,26.92687,327.05,0.47,0.48,2025-07-12,1119,N20,VIIRS,n,2,298.75,1.37,D,0
-13.08975,26.95239,355.66,0.47,0.48,2025-07-12,1119,N20,VIIRS,n,2,303.22,10.11,D,0
-13.08965,26.94973,327.67,0.47,0.48,2025-07-12,1119,N20,VIIRS,n,2,298.43,6.14,D,0
-13.08907,26.95406,341.32,0.47,0.48,2025-07-12,1119,N20,VIIRS,n,2,302.87,6.14,D,0
-13.04039,26.66943,341.25,0.49,0.49,2025-07-12,1119,N20,VIIRS,n,2,304.59,9.98,D,0
-13.03593,26.66882,340.86,0.49,0.49,2025-07-12,1119,N20,VIIRS,n,2,302.66,8.6,D,0
-13.03086,27.2263,347.24,0.45,0.47,2025-07-12,1119,N20,VIIRS,n,2,304.97,14.59,D,0
-12.9726,26.35638,327.72,0.51,0.5,2025-07-12,1119,N20,VIIRS,l,2,299.1,4.59,D,0
-12.97111,25.69858,325.23,0.57,0.52,2025-07-12,1119,N20,VIIRS,n,2,298.06,3.13,D,0
-12.93865,27.298,334.31,0.45,0.47,2025-07-12,1119,N20,VIIRS,n,2,300,5.8,D,0
-12.93814,27.30203,350.49,0.44,0.46,2025-07-12,1119,N20,VIIRS,n,2,303.79,5.8,D,0
-12.93524,27.30137,341.45,0.44,0.46,2025-07-12,1119,N20,VIIRS,n,2,300.77,4.44,D,0
-12.90162,25.47663,339.4,0.59,0.53,2025-07-12,1119,N20,VIIRS,n,2,299.4,4.97,D,0
-12.88748,25.39168,326.39,0.6,0.53,2025-07-12,1119,N20,VIIRS,n,2,301.21,6,D,0
-12.88261,25.39108,330.87,0.6,0.53,2025-07-12,1119,N20,VIIRS,n,2,297.16,12.55,D,0
-12.88194,25.39658,367,0.59,0.53,2025-07-12,1119,N20,VIIRS,h,2,300.05,12.55,D,0
-12.87841,25.385,329.3,0.6,0.53,2025-07-12,1119,N20,VIIRS,n,2,297.35,6.69,D,0
-12.87774,25.39048,367,0.6,0.53,2025-07-12,1119,N20,VIIRS,h,2,303.24,12.55,D,0
-12.87707,25.39597,326.54,0.59,0.53,2025-07-12,1119,N20,VIIRS,n,2,298.69,12.55,D,0
-12.87221,25.39534,333.1,0.59,0.53,2025-07-12,1119,N20,VIIRS,n,2,304.52,7.5,D,0
-12.87015,26.95651,326.77,0.47,0.48,2025-07-12,1119,N20,VIIRS,n,2,297.05,1.73,D,0
-12.86969,26.95378,331.07,0.47,0.48,2025-07-12,1119,N20,VIIRS,n,2,298.03,1.82,D,0
-12.85209,25.39839,326.45,0.59,0.53,2025-07-12,1119,N20,VIIRS,n,2,297.88,3.39,D,0
-12.84887,25.39663,336.2,0.59,0.53,2025-07-12,1119,N20,VIIRS,n,2,299.81,5.11,D,0
-12.84723,25.39771,330.86,0.59,0.53,2025-07-12,1119,N20,VIIRS,n,2,299.13,3.39,D,0
-12.82114,25.73422,353.68,0.56,0.52,2025-07-12,1119,N20,VIIRS,n,2,301.45,27,D,0
-12.8196,25.73766,331.74,0.56,0.52,2025-07-12,1119,N20,VIIRS,n,2,297.13,33.85,D,0
-12.81638,25.73366,354.73,0.56,0.52,2025-07-12,1119,N20,VIIRS,n,2,300.54,27,D,0
-12.81551,25.73193,337.79,0.56,0.52,2025-07-12,1119,N20,VIIRS,n,2,297.43,33.85,D,0
-12.77219,26.1699,326.99,0.53,0.5,2025-07-12,1119,N20,VIIRS,n,2,296.35,2.44,D,0
-12.75927,25.87071,338.98,0.55,0.51,2025-07-12,1119,N20,VIIRS,n,2,299.65,10.39,D,0
-12.75863,25.87577,341.63,0.55,0.51,2025-07-12,1119,N20,VIIRS,n,2,302.02,10.39,D,0
-12.73713,25.66371,354.11,0.57,0.52,2025-07-12,1119,N20,VIIRS,n,2,299.07,17.61,D,0
-12.70253,26.52518,330.44,0.5,0.49,2025-07-12,1119,N20,VIIRS,n,2,298.94,2.31,D,0
-12.70227,27.49969,340.37,0.43,0.46,2025-07-12,1119,N20,VIIRS,n,2,303.96,8.29,D,0
-12.70177,27.50361,348.39,0.43,0.46,2025-07-12,1119,N20,VIIRS,n,2,305.88,7.34,D,0
-12.70126,27.50756,340.02,0.43,0.46,2025-07-12,1119,N20,VIIRS,n,2,302.18,7.34,D,0
-12.7007,26.52263,336.12,0.5,0.49,2025-07-12,1119,N20,VIIRS,n,2,302.61,5.49,D,0
-12.69757,27.50302,353.83,0.43,0.46,2025-07-12,1119,N20,VIIRS,n,2,305.48,11.46,D,0
-12.69671,27.01465,339.04,0.46,0.47,2025-07-12,1119,N20,VIIRS,n,2,297.53,6.5,D,0
-12.69615,27.01895,340,0.46,0.47,2025-07-12,1119,N20,VIIRS,n,2,299.82,6.5,D,0
-12.62914,27.46645,336.81,0.43,0.46,2025-07-12,1119,N20,VIIRS,n,2,297.41,6.68,D,0
-12.62494,27.46585,355.67,0.43,0.46,2025-07-12,1119,N20,VIIRS,n,2,300.51,6.68,D,0
-12.61541,25.74463,340.75,0.56,0.51,2025-07-12,1119,N20,VIIRS,n,2,297.21,10.52,D,0
-12.61478,25.74973,338.48,0.56,0.51,2025-07-12,1119,N20,VIIRS,n,2,300.06,15.84,D,0
-12.61416,25.75481,354.08,0.56,0.51,2025-07-12,1119,N20,VIIRS,n,2,302.85,15.84,D,0
-12.61005,25.74915,353.21,0.56,0.51,2025-07-12,1119,N20,VIIRS,n,2,298.08,15.84,D,0
-12.60942,25.75424,335.66,0.56,0.51,2025-07-12,1119,N20,VIIRS,n,2,294.63,15.84,D,0
-12.60753,25.76961,331.73,0.56,0.51,2025-07-12,1119,N20,VIIRS,n,2,297.64,6.82,D,0
-12.60362,27.30149,342.23,0.44,0.46,2025-07-12,1119,N20,VIIRS,n,2,299.73,6.4,D,0
-12.60343,25.76387,346.91,0.56,0.51,2025-07-12,1119,N20,VIIRS,n,2,301.16,18.77,D,0
-12.60321,27.30021,338.14,0.44,0.46,2025-07-12,1119,N20,VIIRS,n,2,299.67,4.47,D,0
-12.60269,27.30431,327.16,0.44,0.46,2025-07-12,1119,N20,VIIRS,n,2,297.51,3.47,D,0
-12.60203,25.76196,341.37,0.56,0.51,2025-07-12,1119,N20,VIIRS,n,2,298.93,11.7,D,0
-12.59425,26.87214,328.49,0.47,0.48,2025-07-12,1119,N20,VIIRS,l,2,299.6,3.51,D,0
-12.58553,25.79262,326.96,0.55,0.51,2025-07-12,1119,N20,VIIRS,n,2,297.9,2.96,D,0
-12.58389,25.79072,327.92,0.55,0.51,2025-07-12,1119,N20,VIIRS,n,2,297.33,5.06,D,0
-12.57537,27.35109,348.02,0.44,0.46,2025-07-12,1119,N20,VIIRS,n,2,300.23,5.17,D,0
-12.57483,27.35513,329.23,0.44,0.46,2025-07-12,1119,N20,VIIRS,n,2,295.56,5.17,D,0
-12.56331,25.37717,353.81,0.59,0.53,2025-07-12,1119,N20,VIIRS,n,2,300.67,19.62,D,0
-12.5604,27.03234,328.76,0.46,0.47,2025-07-12,1119,N20,VIIRS,n,2,298.13,3.5,D,0
-12.49312,27.42087,341.33,0.43,0.46,2025-07-12,1119,N20,VIIRS,n,2,301.78,5.56,D,0
-12.4912,25.95765,327.4,0.54,0.51,2025-07-12,1119,N20,VIIRS,n,2,300.54,3.4,D,0
-12.48716,27.50027,334.84,0.43,0.46,2025-07-12,1119,N20,VIIRS,n,2,299.63,3.02,D,0
-12.48297,27.49971,331.92,0.43,0.46,2025-07-12,1119,N20,VIIRS,n,2,300.21,2.43,D,0
-12.47741,25.83915,333.42,0.55,0.51,2025-07-12,1119,N20,VIIRS,n,2,297.89,4.3,D,0
-12.47108,26.1916,343.43,0.52,0.5,2025-07-12,1119,N20,VIIRS,n,2,301.43,11.74,D,0
-12.47101,27.26276,344.82,0.44,0.46,2025-07-12,1119,N20,VIIRS,n,2,301.36,11.65,D,0
-12.46758,25.91905,330.29,0.54,0.51,2025-07-12,1119,N20,VIIRS,l,2,303.81,4.34,D,0
-12.46675,27.26222,348.96,0.44,0.46,2025-07-12,1119,N20,VIIRS,n,2,298.92,6.66,D,0
-12.4652,25.91629,330.77,0.54,0.51,2025-07-12,1119,N20,VIIRS,l,2,302.97,2.43,D,0
-12.45176,25.93213,339.84,0.54,0.51,2025-07-12,1119,N20,VIIRS,n,2,299.25,5.65,D,0
-12.44714,27.41014,336.24,0.43,0.46,2025-07-12,1119,N20,VIIRS,n,2,305.14,5.43,D,0
-12.44238,26.01863,339.01,0.53,0.5,2025-07-12,1119,N20,VIIRS,n,2,303.89,10.74,D,0
-12.43232,25.98724,340.45,0.53,0.5,2025-07-12,1119,N20,VIIRS,n,2,301.92,14.47,D,0
-12.43169,25.99212,340.49,0.53,0.5,2025-07-12,1119,N20,VIIRS,n,2,300.81,14.47,D,0
-12.43106,25.99701,340.42,0.53,0.5,2025-07-12,1119,N20,VIIRS,n,2,303.3,6.94,D,0
-12.42642,25.99639,332.94,0.53,0.5,2025-07-12,1119,N20,VIIRS,n,2,302.07,6.58,D,0
-12.42628,25.54252,334.85,0.57,0.52,2025-07-12,1119,N20,VIIRS,n,2,296.26,4.97,D,0
-12.41469,26.49105,338.93,0.49,0.49,2025-07-12,1119,N20,VIIRS,n,2,297.74,15.82,D,0
-12.41413,27.46559,331.24,0.43,0.46,2025-07-12,1119,N20,VIIRS,n,2,299.29,2.5,D,0
-12.40699,27.35599,336.8,0.43,0.46,2025-07-12,1119,N20,VIIRS,n,2,303.73,8.85,D,0
-12.40647,27.35998,343.75,0.43,0.46,2025-07-12,1119,N20,VIIRS,n,2,303.81,12.62,D,0
-12.39808,25.84673,347.11,0.55,0.51,2025-07-12,1119,N20,VIIRS,n,2,304.19,11.48,D,0
-12.39521,27.31373,331.91,0.44,0.46,2025-07-12,1119,N20,VIIRS,n,2,300.87,6.36,D,0
-12.3952,27.31484,332.8,0.44,0.46,2025-07-12,1119,N20,VIIRS,n,2,299.96,6.42,D,0
-12.39366,27.32578,337.74,0.44,0.46,2025-07-12,1119,N20,VIIRS,n,2,303.97,4.98,D,0
-12.39357,27.32685,329.03,0.44,0.46,2025-07-12,1119,N20,VIIRS,l,2,302.36,2.7,D,0
-12.3915,27.3103,336.29,0.44,0.46,2025-07-12,1119,N20,VIIRS,n,2,303.65,6.42,D,0
-12.39096,27.31319,349.91,0.44,0.46,2025-07-12,1119,N20,VIIRS,n,2,304.71,15.26,D,0
-12.39096,27.31431,343.76,0.44,0.46,2025-07-12,1119,N20,VIIRS,n,2,302.11,6.42,D,0
-12.39045,27.31721,353.83,0.44,0.46,2025-07-12,1119,N20,VIIRS,n,2,304.84,24.88,D,0
-12.39042,27.31831,349.63,0.44,0.46,2025-07-12,1119,N20,VIIRS,n,2,309.47,20.98,D,0
-12.38994,27.32122,350.92,0.44,0.46,2025-07-12,1119,N20,VIIRS,n,2,311.86,24.88,D,0
-12.38988,27.32231,348.54,0.44,0.46,2025-07-12,1119,N20,VIIRS,n,2,304.26,20.98,D,0
-12.38942,27.32523,336.15,0.44,0.46,2025-07-12,1119,N20,VIIRS,n,2,299.98,5.98,D,0
-12.38933,27.32631,332.12,0.44,0.46,2025-07-12,1119,N20,VIIRS,n,2,301.14,2.7,D,0
-12.38621,27.31667,350.93,0.44,0.46,2025-07-12,1119,N20,VIIRS,n,2,308.68,24.88,D,0
-12.38618,27.31778,349.62,0.44,0.46,2025-07-12,1119,N20,VIIRS,n,2,310.26,43.99,D,0
-12.3857,27.32068,331.68,0.44,0.46,2025-07-12,1119,N20,VIIRS,n,2,300,24.88,D,0
-12.38221,26.60441,340.22,0.49,0.48,2025-07-12,1119,N20,VIIRS,n,2,298.99,17.85,D,0
-12.3794,26.60102,346.13,0.49,0.48,2025-07-12,1119,N20,VIIRS,n,2,300.27,40.04,D,0
-12.37878,26.53752,336.51,0.49,0.49,2025-07-12,1119,N20,VIIRS,n,2,307.01,5.14,D,0
-12.37818,26.54197,331.62,0.49,0.49,2025-07-12,1119,N20,VIIRS,l,2,303.61,3.82,D,0
-12.37808,27.0854,367,0.45,0.47,2025-07-12,1119,N20,VIIRS,h,2,304.37,14.16,D,0
-12.37722,26.5357,353.55,0.49,0.49,2025-07-12,1119,N20,VIIRS,n,2,308.91,21.23,D,0
-12.37698,27.09373,332.28,0.45,0.47,2025-07-12,1119,N20,VIIRS,n,2,299.39,2.76,D,0
-12.37667,26.54016,347.37,0.49,0.49,2025-07-12,1119,N20,VIIRS,n,2,306.5,10.29,D,0
-12.3749,26.53248,305.88,0.49,0.49,2025-07-12,1119,N20,VIIRS,l,2,309.85,34.36,D,0
-12.3744,25.96027,340.1,0.54,0.51,2025-07-12,1119,N20,VIIRS,n,2,300.46,8.36,D,0
-12.37431,26.53691,342.05,0.49,0.49,2025-07-12,1119,N20,VIIRS,n,2,307.96,34.36,D,0
-12.37377,27.08483,331.88,0.45,0.47,2025-07-12,1119,N20,VIIRS,n,2,301.23,6.33,D,0
-12.37323,27.08901,348.68,0.45,0.47,2025-07-12,1119,N20,VIIRS,n,2,303.25,6.33,D,0
-12.36948,27.08422,355.62,0.45,0.47,2025-07-12,1119,N20,VIIRS,n,2,303.75,6.33,D,0
-12.36893,27.08839,339.53,0.45,0.47,2025-07-12,1119,N20,VIIRS,n,2,299.47,6.33,D,0
-12.36844,26.71665,341.15,0.48,0.48,2025-07-12,1119,N20,VIIRS,n,2,306.18,15.19,D,0
-12.36785,26.72105,335.22,0.48,0.48,2025-07-12,1119,N20,VIIRS,n,2,298.34,7.29,D,0
-12.36767,26.71969,342.18,0.48,0.48,2025-07-12,1119,N20,VIIRS,n,2,302.96,14.11,D,0
-12.36521,26.70725,345.15,0.48,0.48,2025-07-12,1119,N20,VIIRS,n,2,303.93,24.53,D,0
-12.36492,26.70587,328.9,0.48,0.48,2025-07-12,1119,N20,VIIRS,n,2,300.33,13.43,D,0
-12.36463,26.71159,333.8,0.48,0.48,2025-07-12,1119,N20,VIIRS,n,2,302.84,15.19,D,0
-12.36437,26.71022,346.42,0.48,0.48,2025-07-12,1119,N20,VIIRS,n,2,303.91,18.75,D,0
-12.36404,26.71598,347.42,0.48,0.48,2025-07-12,1119,N20,VIIRS,n,2,309.17,15.19,D,0
-12.36382,26.71461,339.83,0.48,0.48,2025-07-12,1119,N20,VIIRS,n,2,305.57,18.75,D,0
-12.36345,26.72037,329.85,0.48,0.48,2025-07-12,1119,N20,VIIRS,n,2,298.15,7.29,D,0
-12.36327,26.71901,341.31,0.48,0.48,2025-07-12,1119,N20,VIIRS,n,2,303.99,14.11,D,0
-12.36284,27.33106,328.92,0.43,0.46,2025-07-12,1119,N20,VIIRS,n,2,300.45,2.3,D,0
-12.36081,26.70661,338.92,0.48,0.48,2025-07-12,1119,N20,VIIRS,n,2,299.14,17.47,D,0
-12.36023,26.71096,348.42,0.48,0.48,2025-07-12,1119,N20,VIIRS,n,2,314.35,54.67,D,0
-12.35997,26.70959,348.49,0.48,0.48,2025-07-12,1119,N20,VIIRS,n,2,311.58,31.73,D,0
-12.35942,26.71397,336.23,0.48,0.48,2025-07-12,1119,N20,VIIRS,n,2,303.23,31.73,D,0
-12.35227,27.41004,347.25,0.43,0.46,2025-07-12,1119,N20,VIIRS,n,2,300.67,6.41,D,0
-12.35174,27.41399,341.55,0.43,0.46,2025-07-12,1119,N20,VIIRS,n,2,301.9,6.41,D,0
-12.34775,25.88427,340.34,0.54,0.51,2025-07-12,1119,N20,VIIRS,n,2,302.26,8.27,D,0
-12.34156,27.13071,339.18,0.45,0.47,2025-07-12,1119,N20,VIIRS,n,2,300.8,4.6,D,0
-12.34103,27.13481,326.83,0.45,0.47,2025-07-12,1119,N20,VIIRS,l,2,299.78,4.6,D,0
-12.33998,25.79702,328.04,0.55,0.51,2025-07-12,1119,N20,VIIRS,l,2,302.52,4.87,D,0
-12.33834,27.12196,352.18,0.45,0.47,2025-07-12,1119,N20,VIIRS,n,2,312.58,28.67,D,0
-12.33787,25.6249,354.69,0.56,0.52,2025-07-12,1119,N20,VIIRS,n,2,302.55,13.34,D,0
-12.33781,27.12604,331.34,0.45,0.47,2025-07-12,1119,N20,VIIRS,n,2,300.11,28.67,D,0
-12.33563,27.1091,339.58,0.45,0.47,2025-07-12,1119,N20,VIIRS,n,2,300.11,31.8,D,0
-12.3351,27.11319,354.84,0.45,0.47,2025-07-12,1119,N20,VIIRS,n,2,305.07,45.24,D,0
-12.33457,27.11729,349.1,0.45,0.47,2025-07-12,1119,N20,VIIRS,n,2,309.72,45.24,D,0
-12.33405,27.12138,351.15,0.45,0.47,2025-07-12,1119,N20,VIIRS,n,2,309.68,6.63,D,0
-12.33352,27.12547,334.39,0.45,0.47,2025-07-12,1119,N20,VIIRS,l,2,307.19,6.63,D,0
-12.33333,26.99033,340.94,0.46,0.47,2025-07-12,1119,N20,VIIRS,n,2,299.03,29.53,D,0
-12.33312,25.62424,337.05,0.56,0.52,2025-07-12,1119,N20,VIIRS,n,2,297.73,13.34,D,0
-12.33299,27.12955,334.74,0.45,0.47,2025-07-12,1119,N20,VIIRS,n,2,304.57,5.92,D,0
-12.33279,26.99457,367,0.46,0.47,2025-07-12,1119,N20,VIIRS,h,2,303.61,32.88,D,0
-12.33246,27.13362,347.61,0.45,0.47,2025-07-12,1119,N20,VIIRS,n,2,304.98,5.92,D,0
-12.33194,27.13769,334.89,0.45,0.47,2025-07-12,1119,N20,VIIRS,l,2,309.57,4.79,D,0
-12.33134,27.10849,342.1,0.45,0.47,2025-07-12,1119,N20,VIIRS,n,2,314.93,31.8,D,0
-12.33096,26.99525,354.64,0.46,0.47,2025-07-12,1119,N20,VIIRS,n,2,309.34,40.31,D,0
-12.33081,27.11259,367,0.45,0.47,2025-07-12,1119,N20,VIIRS,h,2,332.13,45.24,D,0
-12.33029,27.11669,354.59,0.45,0.47,2025-07-12,1119,N20,VIIRS,n,2,310.72,45.24,D,0
-12.32976,27.1208,333.93,0.45,0.47,2025-07-12,1119,N20,VIIRS,l,2,308.02,6.63,D,0
-12.32948,26.97356,336.17,0.46,0.47,2025-07-12,1119,N20,VIIRS,n,2,298.38,2.77,D,0
-12.329,26.98973,349.4,0.46,0.47,2025-07-12,1119,N20,VIIRS,n,2,307.63,29.53,D,0
-12.32847,26.99393,348.61,0.46,0.47,2025-07-12,1119,N20,VIIRS,n,2,308.76,32.88,D,0
-12.32681,26.97227,341.04,0.46,0.47,2025-07-12,1119,N20,VIIRS,n,2,311.16,50.08,D,0
-12.32652,27.112,340.08,0.45,0.47,2025-07-12,1119,N20,VIIRS,n,2,300,12.23,D,0
-12.32628,26.97648,337.82,0.46,0.47,2025-07-12,1119,N20,VIIRS,n,2,299.93,13.64,D,0
-12.326,27.1161,351.19,0.45,0.47,2025-07-12,1119,N20,VIIRS,n,2,302.1,12.23,D,0
-12.32547,27.12019,355.2,0.45,0.47,2025-07-12,1119,N20,VIIRS,n,2,305.72,22.54,D,0
-12.32514,26.97307,350.6,0.46,0.47,2025-07-12,1119,N20,VIIRS,n,2,311.04,60.02,D,0
-12.31948,25.95642,335.32,0.54,0.5,2025-07-12,1119,N20,VIIRS,n,2,299.11,5.79,D,0
-12.31547,25.95086,338.84,0.54,0.51,2025-07-12,1119,N20,VIIRS,n,2,302.43,7.61,D,0
-12.31484,25.95582,338.46,0.54,0.5,2025-07-12,1119,N20,VIIRS,n,2,302.29,6.9,D,0
-12.31436,26.57945,327.69,0.49,0.48,2025-07-12,1119,N20,VIIRS,l,2,300.54,3.85,D,0
-12.31421,25.96069,335.4,0.54,0.5,2025-07-12,1119,N20,VIIRS,n,2,300.7,6.9,D,0
-12.31114,27.0772,344.02,0.45,0.47,2025-07-12,1119,N20,VIIRS,n,2,300.39,3.71,D,0
-12.31083,25.95025,337.47,0.54,0.51,2025-07-12,1119,N20,VIIRS,n,2,303.37,7.61,D,0
-12.31019,25.95521,335.35,0.54,0.5,2025-07-12,1119,N20,VIIRS,n,2,300.35,6.9,D,0
-12.30926,27.07607,353.93,0.45,0.47,2025-07-12,1119,N20,VIIRS,n,2,302.81,8.05,D,0
-12.30797,26.18917,330.31,0.52,0.5,2025-07-12,1119,N20,VIIRS,n,2,300.61,13.18,D,0
-12.30736,26.19376,338.87,0.52,0.5,2025-07-12,1119,N20,VIIRS,n,2,297.91,13.18,D,0
-12.30684,27.07659,331.63,0.45,0.47,2025-07-12,1119,N20,VIIRS,n,2,299.78,3.71,D,0
-12.30646,26.60574,339.08,0.48,0.48,2025-07-12,1119,N20,VIIRS,n,2,303.33,9.4,D,0
-12.3059,26.61016,353.4,0.48,0.48,2025-07-12,1119,N20,VIIRS,n,2,303.06,9.4,D,0
-12.30202,26.60519,355.83,0.48,0.48,2025-07-12,1119,N20,VIIRS,n,2,307.05,20.83,D,0
-12.30145,26.60962,349.04,0.48,0.48,2025-07-12,1119,N20,VIIRS,n,2,303.28,20.83,D,0
-12.30015,26.10612,325.03,0.52,0.5,2025-07-12,1119,N20,VIIRS,n,2,298.9,2.15,D,0
-12.28982,26.59462,326.33,0.49,0.48,2025-07-12,1119,N20,VIIRS,n,2,298.91,2.44,D,0
-12.28714,26.99386,337.91,0.46,0.47,2025-07-12,1119,N20,VIIRS,n,2,299.44,5.31,D,0
-12.28627,27.32514,346.5,0.43,0.46,2025-07-12,1119,N20,VIIRS,n,2,302.32,6.77,D,0
-12.28621,27.32459,345.35,0.43,0.46,2025-07-12,1119,N20,VIIRS,n,2,302.31,4.66,D,0
-12.27566,26.29482,328.6,0.51,0.49,2025-07-12,1119,N20,VIIRS,l,2,299.36,2.71,D,0
-12.27506,26.29949,331.73,0.51,0.49,2025-07-12,1119,N20,VIIRS,n,2,300.7,2.49,D,0
-12.2733,27.19685,331.99,0.44,0.46,2025-07-12,1119,N20,VIIRS,n,2,298.93,3.34,D,0
-12.2667,25.69419,342.24,0.56,0.51,2025-07-12,1119,N20,VIIRS,n,2,302.15,10.08,D,0
-12.26655,25.49649,334.09,0.57,0.52,2025-07-12,1119,N20,VIIRS,n,2,298.66,5.47,D,0
-12.26566,25.69162,343.58,0.56,0.51,2025-07-12,1119,N20,VIIRS,n,2,301.67,12.6,D,0
-12.26373,26.52539,340.87,0.49,0.49,2025-07-12,1119,N20,VIIRS,n,2,300.26,10.31,D,0
-12.26256,26.70303,350.12,0.48,0.48,2025-07-12,1119,N20,VIIRS,n,2,313.84,52.38,D,0
-12.26237,26.70493,349.46,0.48,0.48,2025-07-12,1119,N20,VIIRS,n,2,304.27,29.05,D,0
-12.26201,26.70745,336.27,0.48,0.48,2025-07-12,1119,N20,VIIRS,n,2,300.99,4.52,D,0
-12.25797,26.70429,337.45,0.48,0.48,2025-07-12,1119,N20,VIIRS,n,2,305.88,29.05,D,0
-12.25761,26.70679,332.7,0.48,0.48,2025-07-12,1119,N20,VIIRS,l,2,306.76,4.52,D,0
-12.25366,25.74726,332.51,0.55,0.51,2025-07-12,1119,N20,VIIRS,n,2,299.98,4.09,D,0
-12.25107,26.2348,332.03,0.51,0.49,2025-07-12,1119,N20,VIIRS,n,2,299.31,11.35,D,0
-12.25072,25.65835,333.13,0.56,0.51,2025-07-12,1119,N20,VIIRS,n,2,302.05,5.34,D,0
-12.24652,26.23418,344.46,0.51,0.49,2025-07-12,1119,N20,VIIRS,n,2,302.88,11.35,D,0
-12.23767,26.48152,330.39,0.49,0.49,2025-07-12,1119,N20,VIIRS,n,2,301.23,2.62,D,0
-12.23264,26.12376,332.29,0.52,0.5,2025-07-12,1119,N20,VIIRS,n,2,297.55,7.26,D,0
-12.22364,26.37761,334.34,0.5,0.49,2025-07-12,1119,N20,VIIRS,n,2,306.3,4.27,D,0
-12.21915,26.37694,339.97,0.5,0.49,2025-07-12,1119,N20,VIIRS,n,2,305.72,4.27,D,0
-12.21447,25.94011,329.53,0.54,0.5,2025-07-12,1119,N20,VIIRS,n,2,295.68,4.19,D,0
-12.21248,26.35727,332.86,0.5,0.49,2025-07-12,1119,N20,VIIRS,l,2,305.55,5.34,D,0
-12.21133,25.62717,339.03,0.56,0.52,2025-07-12,1119,N20,VIIRS,n,2,297.74,9.24,D,0
-12.19657,26.5893,347.02,0.48,0.48,2025-07-12,1119,N20,VIIRS,n,2,300.28,4.23,D,0
-13.30857,25.86152,355.12,0.59,0.7,2025-07-13,1100,N20,VIIRS,n,2,297.5,11,D,0
-13.28453,25.95112,325.25,0.58,0.7,2025-07-13,1100,N20,VIIRS,n,2,298.32,4.57,D,0
-13.25351,26.6069,367,0.53,0.67,2025-07-13,1100,N20,VIIRS,h,2,297.67,9.02,D,0
-13.03741,26.00395,326.48,0.57,0.69,2025-07-13,1100,N20,VIIRS,n,2,295.98,6.15,D,0
-13.03534,26.00296,329.16,0.57,0.69,2025-07-13,1100,N20,VIIRS,n,2,297.2,6.06,D,0
-12.96969,25.70462,344.63,0.6,0.71,2025-07-13,1100,N20,VIIRS,n,2,296.7,7.92,D,0
-12.96968,25.70558,348.02,0.6,0.71,2025-07-13,1100,N20,VIIRS,n,2,296.78,7.22,D,0
-12.95489,26.60738,326.05,0.52,0.67,2025-07-13,1100,N20,VIIRS,n,2,294.91,2.73,D,0
-12.95442,27.43637,340.93,0.46,0.63,2025-07-13,1100,N20,VIIRS,n,2,297.41,12.72,D,0
-12.95393,27.44065,367,0.46,0.63,2025-07-13,1100,N20,VIIRS,h,2,299.28,9.84,D,0
-12.94954,27.47879,367,0.45,0.63,2025-07-13,1100,N20,VIIRS,h,2,300.68,8.84,D,0
-12.94906,27.48295,367,0.45,0.63,2025-07-13,1100,N20,VIIRS,h,2,301.81,13.55,D,0
-12.94762,27.44408,330.11,0.46,0.63,2025-07-13,1100,N20,VIIRS,n,2,297.09,9.84,D,0
-12.94419,27.47399,330.97,0.45,0.63,2025-07-13,1100,N20,VIIRS,n,2,298.72,8.84,D,0
-12.94372,27.47817,337.68,0.45,0.63,2025-07-13,1100,N20,VIIRS,n,2,303.51,8.84,D,0
-12.94324,27.4823,352.14,0.45,0.63,2025-07-13,1100,N20,VIIRS,n,2,305.17,13.55,D,0
-12.93489,26.838,326.69,0.5,0.66,2025-07-13,1100,N20,VIIRS,l,2,296.74,2.96,D,0
-12.90772,26.47913,347.14,0.53,0.67,2025-07-13,1100,N20,VIIRS,n,2,299.18,8.02,D,0
-12.90658,26.47916,367,0.53,0.67,2025-07-13,1100,N20,VIIRS,h,2,302.88,27.14,D,0
-12.90152,26.47847,367,0.53,0.67,2025-07-13,1100,N20,VIIRS,h,2,303.16,51.25,D,0
-12.90038,26.47853,367,0.53,0.67,2025-07-13,1100,N20,VIIRS,h,2,298.64,27.14,D,0
-12.89772,27.36698,353.4,0.46,0.64,2025-07-13,1100,N20,VIIRS,n,2,299.5,6.94,D,0
-12.89734,27.36466,336.13,0.46,0.64,2025-07-13,1100,N20,VIIRS,n,2,299.05,4.14,D,0
-12.89686,27.36898,336.8,0.46,0.64,2025-07-13,1100,N20,VIIRS,n,2,298.69,4.14,D,0
-12.89237,27.36194,331.95,0.46,0.64,2025-07-13,1100,N20,VIIRS,n,2,297.47,2.54,D,0
-12.84388,26.43297,350.64,0.53,0.67,2025-07-13,1100,N20,VIIRS,n,2,296.56,6.93,D,0
-12.83766,26.43232,342.08,0.53,0.67,2025-07-13,1100,N20,VIIRS,n,2,297,6.93,D,0
-12.82177,25.42523,339.36,0.62,0.72,2025-07-13,1100,N20,VIIRS,n,2,297.18,15.27,D,0
-12.81779,25.41734,355.5,0.62,0.72,2025-07-13,1100,N20,VIIRS,n,2,301.32,26.36,D,0
-12.81715,25.42299,367,0.62,0.72,2025-07-13,1100,N20,VIIRS,h,2,302.22,38.21,D,0
-12.81579,25.4187,367,0.63,0.72,2025-07-13,1100,N20,VIIRS,h,2,302.1,15.27,D,0
-12.81518,25.42445,367,0.62,0.72,2025-07-13,1100,N20,VIIRS,h,2,297.84,15.27,D,0
-12.81313,25.39925,334.26,0.63,0.72,2025-07-13,1100,N20,VIIRS,n,2,296.31,12.58,D,0
-12.81163,25.39475,330,0.63,0.72,2025-07-13,1100,N20,VIIRS,n,2,297.53,12.24,D,0
-12.81101,25.40063,367,0.63,0.72,2025-07-13,1100,N20,VIIRS,h,2,297.39,12.24,D,0
-12.80654,25.3984,367,0.63,0.72,2025-07-13,1100,N20,VIIRS,h,2,303.36,12.58,D,0
-12.80588,25.4043,341.8,0.63,0.72,2025-07-13,1100,N20,VIIRS,n,2,295.5,12.58,D,0
-12.80442,25.39974,367,0.63,0.72,2025-07-13,1100,N20,VIIRS,h,2,302.13,12.24,D,0
-12.80187,25.3803,367,0.63,0.72,2025-07-13,1100,N20,VIIRS,h,2,299.72,12.88,D,0
-12.79963,25.38158,367,0.63,0.72,2025-07-13,1100,N20,VIIRS,h,2,298.99,16.96,D,0
-12.79483,26.32076,350.58,0.54,0.68,2025-07-13,1100,N20,VIIRS,n,2,297.33,7.62,D,0
-12.79295,26.32168,352.69,0.54,0.68,2025-07-13,1100,N20,VIIRS,n,2,297.29,7.43,D,0
-12.78458,26.24313,367,0.55,0.68,2025-07-13,1100,N20,VIIRS,h,2,304.45,25.8,D,0
-12.7783,26.24248,354.68,0.55,0.68,2025-07-13,1100,N20,VIIRS,n,2,300.54,25.8,D,0
-12.77774,26.24752,349.67,0.55,0.68,2025-07-13,1100,N20,VIIRS,n,2,296.37,25.8,D,0
-12.70469,27.40385,353.38,0.46,0.63,2025-07-13,1100,N20,VIIRS,n,2,300.59,8.32,D,0
-12.68948,27.48646,336.05,0.45,0.63,2025-07-13,1100,N20,VIIRS,n,2,298.65,6.39,D,0
-12.68925,27.48416,346.14,0.45,0.63,2025-07-13,1100,N20,VIIRS,n,2,298.86,5.79,D,0
-12.68603,25.59111,350.43,0.61,0.71,2025-07-13,1100,N20,VIIRS,n,2,296.82,8.59,D,0
-12.68585,25.5914,348.11,0.61,0.71,2025-07-13,1100,N20,VIIRS,n,2,296.57,7.28,D,0
-12.68229,27.49816,328.14,0.45,0.63,2025-07-13,1100,N20,VIIRS,n,2,296.7,5.13,D,0
-12.68076,25.57923,325.41,0.61,0.71,2025-07-13,1100,N20,VIIRS,n,2,295.89,3.83,D,0
-12.68052,25.57947,326.82,0.61,0.71,2025-07-13,1100,N20,VIIRS,n,2,295.78,6.08,D,0
-12.67484,25.57312,330.38,0.61,0.71,2025-07-13,1100,N20,VIIRS,n,2,297,5.57,D,0
-12.67422,25.57865,331.78,0.61,0.71,2025-07-13,1100,N20,VIIRS,n,2,295.51,5.57,D,0
-12.67398,25.57887,335.7,0.61,0.71,2025-07-13,1100,N20,VIIRS,n,2,295.98,6.6,D,0
-12.67341,27.47259,337.75,0.45,0.63,2025-07-13,1100,N20,VIIRS,n,2,295.35,4.38,D,0
-12.67327,27.47029,335.11,0.45,0.63,2025-07-13,1100,N20,VIIRS,n,2,296.07,4.55,D,0
-12.6646,26.14584,338.37,0.56,0.68,2025-07-13,1100,N20,VIIRS,n,2,296.12,6.98,D,0
-12.65386,26.85636,332.5,0.5,0.66,2025-07-13,1100,N20,VIIRS,n,2,296.96,3.86,D,0
-12.65241,26.85345,326.56,0.5,0.66,2025-07-13,1100,N20,VIIRS,n,2,295.37,5.45,D,0
-12.60926,25.68962,343.46,0.6,0.7,2025-07-13,1100,N20,VIIRS,n,2,299.18,6.88,D,0
-12.60359,25.91752,329.43,0.57,0.69,2025-07-13,1100,N20,VIIRS,n,2,296.52,4.42,D,0
-12.60278,25.68888,338.89,0.6,0.7,2025-07-13,1100,N20,VIIRS,n,2,296.69,6.88,D,0
-12.57683,26.59834,333.57,0.52,0.67,2025-07-13,1100,N20,VIIRS,n,2,296.31,4.3,D,0
-12.57653,26.5969,330.37,0.52,0.66,2025-07-13,1100,N20,VIIRS,n,2,296.52,2.63,D,0
-12.52851,27.50076,326.57,0.45,0.63,2025-07-13,1100,N20,VIIRS,l,2,297.64,2.55,D,0
-12.41036,27.05657,337.42,0.48,0.64,2025-07-13,1100,N20,VIIRS,n,2,297.91,5.09,D,0
-12.40805,27.05481,340.8,0.48,0.65,2025-07-13,1100,N20,VIIRS,n,2,297.79,5.51,D,0
-12.40486,25.51183,332.84,0.61,0.71,2025-07-13,1100,N20,VIIRS,n,2,296.64,8.11,D,0
-12.40426,25.51726,336.29,0.61,0.71,2025-07-13,1100,N20,VIIRS,n,2,297.47,8.58,D,0
-12.39925,27.34389,367,0.46,0.63,2025-07-13,1100,N20,VIIRS,h,2,302.16,15.47,D,0
-12.39774,26.53122,355.31,0.52,0.67,2025-07-13,1100,N20,VIIRS,n,2,301.33,12.34,D,0
-12.39753,27.20209,328.23,0.47,0.64,2025-07-13,1100,N20,VIIRS,n,2,296.09,2.14,D,0
-12.39722,26.5358,335.87,0.52,0.67,2025-07-13,1100,N20,VIIRS,n,2,298.53,6.86,D,0
-12.39394,27.19429,339.22,0.47,0.64,2025-07-13,1100,N20,VIIRS,n,2,296.8,10,D,0
-12.39394,27.29338,367,0.46,0.64,2025-07-13,1100,N20,VIIRS,h,2,299.05,15.26,D,0
-12.39344,27.29752,340.39,0.46,0.63,2025-07-13,1100,N20,VIIRS,n,2,299.47,11.64,D,0
-12.39343,27.19854,353.05,0.47,0.64,2025-07-13,1100,N20,VIIRS,n,2,297,10,D,0
-12.3933,27.29224,346.3,0.46,0.64,2025-07-13,1100,N20,VIIRS,n,2,297.75,12.74,D,0
-12.39292,27.20281,367,0.47,0.64,2025-07-13,1100,N20,VIIRS,h,2,296.32,15.34,D,0
-12.39283,27.29638,346.22,0.46,0.64,2025-07-13,1100,N20,VIIRS,n,2,299.07,14.34,D,0
-12.39213,27.19712,338.53,0.47,0.64,2025-07-13,1100,N20,VIIRS,n,2,295.35,13.5,D,0
-12.39189,27.30468,329.18,0.46,0.63,2025-07-13,1100,N20,VIIRS,n,2,300.51,10.65,D,0
-12.39165,27.2014,367,0.47,0.64,2025-07-13,1100,N20,VIIRS,h,2,298.73,19.87,D,0
-12.38808,27.29278,367,0.46,0.64,2025-07-13,1100,N20,VIIRS,h,2,302.66,15.26,D,0
-12.38759,27.29692,354.51,0.46,0.63,2025-07-13,1100,N20,VIIRS,n,2,301.46,11.64,D,0
-12.38744,27.2916,354.69,0.46,0.64,2025-07-13,1100,N20,VIIRS,n,2,299.31,12.74,D,0
-12.38709,27.30104,367,0.46,0.63,2025-07-13,1100,N20,VIIRS,h,2,301.03,11.64,D,0
-12.38697,27.29576,367,0.46,0.64,2025-07-13,1100,N20,VIIRS,h,2,304.55,14.34,D,0
-12.38651,27.29989,367,0.46,0.64,2025-07-13,1100,N20,VIIRS,h,2,301.58,14.34,D,0
-12.38175,27.29621,367,0.46,0.63,2025-07-13,1100,N20,VIIRS,h,2,297.96,49.78,D,0
-12.3816,27.29087,344.76,0.46,0.64,2025-07-13,1100,N20,VIIRS,n,2,300.25,40.74,D,0
-12.38113,27.29502,367,0.46,0.64,2025-07-13,1100,N20,VIIRS,h,2,300.18,60.34,D,0
-12.37287,26.25945,335.18,0.54,0.68,2025-07-13,1100,N20,VIIRS,n,2,297.07,14.75,D,0
-12.3723,26.26444,367,0.54,0.68,2025-07-13,1100,N20,VIIRS,h,2,300.25,14.75,D,0
-12.37119,26.27405,339.5,0.54,0.68,2025-07-13,1100,N20,VIIRS,n,2,298.91,17.79,D,0
-12.37087,26.26309,354.98,0.54,0.68,2025-07-13,1100,N20,VIIRS,n,2,306.55,51.04,D,0
-12.37035,26.26797,348.57,0.54,0.68,2025-07-13,1100,N20,VIIRS,n,2,299.45,14.28,D,0
-12.36983,26.27276,327.55,0.54,0.68,2025-07-13,1100,N20,VIIRS,n,2,298.33,14.28,D,0
-12.36931,26.27756,326.32,0.54,0.68,2025-07-13,1100,N20,VIIRS,n,2,296.52,4.48,D,0
-12.36774,25.96685,352.51,0.57,0.69,2025-07-13,1100,N20,VIIRS,n,2,298.86,12.35,D,0
-12.36721,26.96129,351.61,0.48,0.65,2025-07-13,1100,N20,VIIRS,n,2,302.69,14.99,D,0
-12.36717,25.97202,339.41,0.57,0.69,2025-07-13,1100,N20,VIIRS,n,2,297.43,10.73,D,0
-12.36669,26.96585,367,0.48,0.65,2025-07-13,1100,N20,VIIRS,h,2,298.51,14.99,D,0
-12.36662,26.25887,353.27,0.54,0.68,2025-07-13,1100,N20,VIIRS,n,2,298.77,14.75,D,0
-12.36605,26.26385,367,0.54,0.68,2025-07-13,1100,N20,VIIRS,h,2,300.96,14.75,D,0
-12.35985,26.20721,350.76,0.55,0.68,2025-07-13,1100,N20,VIIRS,n,2,301.51,32.67,D,0
-12.35929,26.21214,367,0.54,0.68,2025-07-13,1100,N20,VIIRS,h,2,301.86,32.67,D,0
-12.35407,27.22918,352.18,0.46,0.64,2025-07-13,1100,N20,VIIRS,n,2,299.71,8.59,D,0
-12.35358,27.23342,332.82,0.46,0.64,2025-07-13,1100,N20,VIIRS,n,2,298.64,7.22,D,0
-12.35175,25.86185,335.84,0.57,0.69,2025-07-13,1100,N20,VIIRS,n,2,297.86,4.79,D,0
-12.35115,25.86702,329.4,0.57,0.69,2025-07-13,1100,N20,VIIRS,n,2,297.47,4.69,D,0
-12.3469,25.86343,340.04,0.58,0.69,2025-07-13,1100,N20,VIIRS,n,2,298.75,7.58,D,0
-12.31741,26.30348,334.57,0.54,0.68,2025-07-13,1100,N20,VIIRS,n,2,298.69,3.04,D,0
-12.31657,27.49803,335.5,0.44,0.63,2025-07-13,1100,N20,VIIRS,n,2,303.27,2.51,D,0
-12.31644,26.36815,352.52,0.53,0.67,2025-07-13,1100,N20,VIIRS,n,2,297.53,11.94,D,0
-12.30829,26.44047,329.65,0.52,0.67,2025-07-13,1100,N20,VIIRS,n,2,295.96,2.86,D,0
-12.30408,26.3665,340.83,0.53,0.67,2025-07-13,1100,N20,VIIRS,n,2,298.17,9.03,D,0
-12.30356,26.37114,325.24,0.53,0.67,2025-07-13,1100,N20,VIIRS,n,2,296.43,5.22,D,0
-12.29895,26.25908,348.1,0.54,0.68,2025-07-13,1100,N20,VIIRS,n,2,300.13,7.53,D,0
-12.29742,26.2564,355.72,0.54,0.68,2025-07-13,1100,N20,VIIRS,n,2,301.33,12.24,D,0
-12.29688,26.26128,341.82,0.54,0.68,2025-07-13,1100,N20,VIIRS,n,2,299.12,11.48,D,0
-12.29271,26.25847,353.82,0.54,0.68,2025-07-13,1100,N20,VIIRS,n,2,297.69,11.77,D,0
-12.29117,25.70858,356.04,0.59,0.7,2025-07-13,1100,N20,VIIRS,n,2,301.05,25.88,D,0
-12.29056,25.71407,354.73,0.59,0.7,2025-07-13,1100,N20,VIIRS,n,2,303.1,25.88,D,0
-12.28994,25.71964,352.83,0.59,0.7,2025-07-13,1100,N20,VIIRS,n,2,298.3,23.2,D,0
-12.2884,25.67462,353.67,0.59,0.7,2025-07-13,1100,N20,VIIRS,n,2,297.61,10.61,D,0
-12.28787,26.19131,347.11,0.55,0.68,2025-07-13,1100,N20,VIIRS,n,2,297.18,6.14,D,0
-12.28755,25.56281,326.94,0.6,0.71,2025-07-13,1100,N20,VIIRS,n,2,298.94,4.16,D,0
-12.28533,26.19344,329.1,0.55,0.68,2025-07-13,1100,N20,VIIRS,n,2,295.78,6.78,D,0
-12.28179,26.62001,334.18,0.51,0.66,2025-07-13,1100,N20,VIIRS,n,2,297.11,4.74,D,0
-12.27144,25.59,327.5,0.6,0.71,2025-07-13,1100,N20,VIIRS,n,2,296.52,5.3,D,0
-12.27108,25.58938,329.16,0.6,0.7,2025-07-13,1100,N20,VIIRS,n,2,296.55,4.48,D,0
-12.26618,25.57787,327.19,0.6,0.71,2025-07-13,1100,N20,VIIRS,n,2,297.05,4.07,D,0
-12.26555,25.58364,328.66,0.6,0.71,2025-07-13,1100,N20,VIIRS,n,2,296.63,5.66,D,0
-12.26524,25.58307,329.82,0.6,0.71,2025-07-13,1100,N20,VIIRS,n,2,296.28,6.42,D,0
-12.24814,26.53228,345.1,0.52,0.67,2025-07-13,1100,N20,VIIRS,n,2,302.68,11.19,D,0
-12.24799,26.5348,355.49,0.52,0.67,2025-07-13,1100,N20,VIIRS,n,2,300.95,7.52,D,0
-12.23998,26.1664,330.46,0.55,0.68,2025-07-13,1100,N20,VIIRS,n,2,296.7,4.76,D,0
-12.2235,26.20025,342.53,0.54,0.68,2025-07-13,1100,N20,VIIRS,n,2,298.16,5.49,D,0
-12.20576,26.52313,328.81,0.52,0.67,2025-07-13,1100,N20,VIIRS,n,2,299.96,2.38,D,0
-13.2918,25.92835,327.21,0.65,0.73,2025-07-13,1240,N20,VIIRS,n,2,296.49,4.4,D,0
-13.28553,25.95862,326.78,0.66,0.73,2025-07-13,1240,N20,VIIRS,n,2,295.65,6.15,D,0
-13.12808,25.94366,344.77,0.66,0.73,2025-07-13,1240,N20,VIIRS,n,2,297.66,10.13,D,0
-13.125,25.94602,343.23,0.66,0.73,2025-07-13,1240,N20,VIIRS,n,2,295.94,11.21,D,0
-13.11959,25.93851,328.24,0.66,0.73,2025-07-13,1240,N20,VIIRS,n,2,295.65,9.87,D,0
-13.11808,25.91252,334.47,0.66,0.73,2025-07-13,1240,N20,VIIRS,n,2,293.68,6.48,D,0
-13.11144,25.91094,325.33,0.66,0.73,2025-07-13,1240,N20,VIIRS,l,2,297.04,6.48,D,0
-12.84599,26.45073,326.38,0.72,0.76,2025-07-13,1240,N20,VIIRS,n,2,294.19,4.4,D,0
-12.84078,26.44673,326.66,0.72,0.76,2025-07-13,1240,N20,VIIRS,n,2,293.49,5.17,D,0
-12.8169,25.39248,325.59,0.62,0.71,2025-07-13,1240,N20,VIIRS,l,2,297.39,4.89,D,0
-12.81484,25.39585,334.59,0.61,0.71,2025-07-13,1240,N20,VIIRS,n,2,299.31,4.85,D,0
-12.78186,26.24988,339.88,0.7,0.75,2025-07-13,1240,N20,VIIRS,n,2,297.16,6.39,D,0
-12.78178,26.24915,345.06,0.7,0.75,2025-07-13,1240,N20,VIIRS,n,2,297.75,14.95,D,0
-12.77782,26.23539,347.62,0.7,0.75,2025-07-13,1240,N20,VIIRS,n,2,296.51,10.1,D,0
-12.77767,26.23458,345.6,0.7,0.75,2025-07-13,1240,N20,VIIRS,n,2,296.68,10.75,D,0
-12.69171,25.56557,329.03,0.63,0.72,2025-07-13,1240,N20,VIIRS,n,2,295.55,6.81,D,0
-12.68777,25.56343,328.73,0.63,0.72,2025-07-13,1240,N20,VIIRS,n,2,297.05,4.74,D,0
-12.68639,25.55821,334.14,0.63,0.72,2025-07-13,1240,N20,VIIRS,n,2,297.68,6.81,D,0
-12.68514,25.56407,347.78,0.63,0.72,2025-07-13,1240,N20,VIIRS,n,2,295.72,6.81,D,0
-12.68121,25.56184,367,0.63,0.72,2025-07-13,1240,N20,VIIRS,h,2,295.65,15.8,D,0
-12.67605,25.57438,367,0.64,0.72,2025-07-13,1240,N20,VIIRS,h,2,299.23,8.97,D,0
-12.67219,25.5722,354.67,0.64,0.72,2025-07-13,1240,N20,VIIRS,n,2,298.15,10.28,D,0
-12.67097,25.57811,336.49,0.64,0.72,2025-07-13,1240,N20,VIIRS,n,2,296.34,10.28,D,0
-12.66963,25.70211,342.38,0.65,0.73,2025-07-13,1240,N20,VIIRS,n,2,297.7,5.96,D,0
-12.66947,25.57292,327.96,0.64,0.72,2025-07-13,1240,N20,VIIRS,n,2,295.75,8.97,D,0
-12.66833,25.70824,327.77,0.65,0.73,2025-07-13,1240,N20,VIIRS,n,2,295.66,5.96,D,0
-12.66651,25.70035,351.52,0.65,0.73,2025-07-13,1240,N20,VIIRS,n,2,302.76,14.24,D,0
-12.66525,25.7065,367,0.65,0.73,2025-07-13,1240,N20,VIIRS,h,2,296.27,28.54,D,0
-12.66319,25.5824,328.72,0.64,0.72,2025-07-13,1240,N20,VIIRS,n,2,294.82,4.78,D,0
-12.66295,25.70088,367,0.65,0.73,2025-07-13,1240,N20,VIIRS,h,2,301.67,36.28,D,0
-12.66111,25.69289,325.75,0.65,0.73,2025-07-13,1240,N20,VIIRS,n,2,296.46,14.24,D,0
-12.65985,25.69902,349.45,0.65,0.73,2025-07-13,1240,N20,VIIRS,n,2,296.91,14.24,D,0
-12.6576,25.69339,330.77,0.65,0.73,2025-07-13,1240,N20,VIIRS,n,2,297.12,14.51,D,0
-12.60779,25.91687,333.09,0.67,0.74,2025-07-13,1240,N20,VIIRS,n,2,296.79,8.29,D,0
-12.60645,25.92333,325.48,0.67,0.74,2025-07-13,1240,N20,VIIRS,l,2,295.86,7.12,D,0
-12.60143,25.92322,332.61,0.67,0.74,2025-07-13,1240,N20,VIIRS,n,2,296.43,9.51,D,0
-12.57833,25.47345,331.56,0.63,0.72,2025-07-13,1240,N20,VIIRS,n,2,299.58,5.92,D,0
-12.56364,26.59426,346.64,0.74,0.76,2025-07-13,1240,N20,VIIRS,n,2,296.38,11.64,D,0
-12.55971,26.59068,367,0.74,0.76,2025-07-13,1240,N20,VIIRS,h,2,298.2,24.67,D,0
-12.55668,26.59262,355.03,0.74,0.76,2025-07-13,1240,N20,VIIRS,n,2,296.35,11.64,D,0
-12.50573,25.96621,334.31,0.68,0.74,2025-07-13,1240,N20,VIIRS,n,2,296.43,5.2,D,0
-12.50447,25.9662,329.64,0.68,0.74,2025-07-13,1240,N20,VIIRS,n,2,296.02,4.91,D,0
-12.46115,26.04191,327.57,0.69,0.74,2025-07-13,1240,N20,VIIRS,n,2,295.96,6.75,D,0
-12.46038,26.04211,338.92,0.69,0.74,2025-07-13,1240,N20,VIIRS,n,2,297.07,9.68,D,0
-12.4598,26.04818,341.93,0.69,0.74,2025-07-13,1240,N20,VIIRS,n,2,296.08,9.12,D,0
-12.45907,26.04839,332.67,0.69,0.74,2025-07-13,1240,N20,VIIRS,n,2,295.87,8.64,D,0
-12.45697,25.44029,335.55,0.63,0.72,2025-07-13,1240,N20,VIIRS,n,2,297.83,5.47,D,0
-12.41136,25.52718,326.62,0.64,0.72,2025-07-13,1240,N20,VIIRS,n,2,296.36,3.49,D,0
-12.40137,25.6746,337.63,0.65,0.73,2025-07-13,1240,N20,VIIRS,n,2,295.96,8.53,D,0
-12.40085,26.53543,325.91,0.74,0.76,2025-07-13,1240,N20,VIIRS,l,2,296.87,8.17,D,0
-12.4007,25.51221,331.56,0.64,0.72,2025-07-13,1240,N20,VIIRS,n,2,296.86,5.68,D,0
-12.39858,26.53397,332.32,0.74,0.76,2025-07-13,1240,N20,VIIRS,n,2,297.49,8,D,0
-12.39763,25.50805,345.61,0.64,0.72,2025-07-13,1240,N20,VIIRS,n,2,296.38,7.8,D,0
-12.39531,26.52697,352.14,0.74,0.76,2025-07-13,1240,N20,VIIRS,n,2,298.36,20.18,D,0
-12.39414,25.51059,327.31,0.64,0.72,2025-07-13,1240,N20,VIIRS,n,2,293.51,3.95,D,0
-12.39378,26.53429,328.92,0.74,0.76,2025-07-13,1240,N20,VIIRS,n,2,296.1,8.17,D,0
-12.39309,26.5255,334.07,0.74,0.76,2025-07-13,1240,N20,VIIRS,n,2,296.56,10.71,D,0
-12.39151,26.53281,346.09,0.74,0.76,2025-07-13,1240,N20,VIIRS,n,2,296.77,13.18,D,0
-12.37618,26.03695,348.92,0.69,0.74,2025-07-13,1240,N20,VIIRS,n,2,297.71,10.61,D,0
-12.3756,26.03569,346.91,0.69,0.74,2025-07-13,1240,N20,VIIRS,n,2,297.8,14.04,D,0
-12.37238,26.5667,331.64,0.75,0.77,2025-07-13,1240,N20,VIIRS,n,2,300.21,10.46,D,0
-12.37094,26.57356,339.77,0.75,0.77,2025-07-13,1240,N20,VIIRS,n,2,298.57,10.69,D,0
-12.37071,26.02925,367,0.69,0.74,2025-07-13,1240,N20,VIIRS,h,2,297.81,10.61,D,0
-12.37065,25.55643,337.91,0.64,0.72,2025-07-13,1240,N20,VIIRS,n,2,297.69,4.57,D,0
-12.3701,26.02793,353.77,0.69,0.74,2025-07-13,1240,N20,VIIRS,n,2,297.08,13.92,D,0
-12.36935,26.03562,331.08,0.69,0.74,2025-07-13,1240,N20,VIIRS,n,2,294.72,10.61,D,0
-12.3692,25.97006,335.45,0.68,0.74,2025-07-13,1240,N20,VIIRS,n,2,297.6,8.88,D,0
-12.36877,26.03433,333.52,0.69,0.74,2025-07-13,1240,N20,VIIRS,n,2,295.11,10.35,D,0
-12.3684,26.57202,354.03,0.75,0.77,2025-07-13,1240,N20,VIIRS,n,2,299.95,12.55,D,0
-12.36826,25.96848,330.24,0.68,0.74,2025-07-13,1240,N20,VIIRS,n,2,297.13,5.54,D,0
-12.3679,25.97613,329.04,0.68,0.74,2025-07-13,1240,N20,VIIRS,n,2,296.87,7.32,D,0
-12.36697,25.97467,334.65,0.69,0.74,2025-07-13,1240,N20,VIIRS,n,2,297.54,5.54,D,0
-12.35397,25.86779,330.87,0.67,0.74,2025-07-13,1240,N20,VIIRS,n,2,298.13,4.47,D,0
-12.35096,26.72085,330.09,0.77,0.77,2025-07-13,1240,N20,VIIRS,n,2,295.56,12.86,D,0
-12.34878,26.71444,355.88,0.77,0.77,2025-07-13,1240,N20,VIIRS,n,2,299.79,19.34,D,0
-12.34734,26.72129,342.43,0.77,0.77,2025-07-13,1240,N20,VIIRS,n,2,295.19,19.34,D,0
-12.34541,26.71231,367,0.76,0.77,2025-07-13,1240,N20,VIIRS,h,2,299.26,12.86,D,0
-12.34536,25.97635,331.03,0.69,0.74,2025-07-13,1240,N20,VIIRS,n,2,297.36,7,D,0
-12.34405,25.98261,340.68,0.69,0.74,2025-07-13,1240,N20,VIIRS,n,2,297.31,7,D,0
-12.34393,26.71917,367,0.77,0.77,2025-07-13,1240,N20,VIIRS,h,2,295.55,12.86,D,0
-12.3416,25.41259,327.44,0.63,0.72,2025-07-13,1240,N20,VIIRS,n,2,295.47,5.48,D,0
-12.31984,26.3044,367,0.72,0.76,2025-07-13,1240,N20,VIIRS,h,2,302.1,49.49,D,0
-12.31873,26.30501,367,0.72,0.76,2025-07-13,1240,N20,VIIRS,h,2,300.98,43.57,D,0
-12.30733,26.36449,344.6,0.73,0.76,2025-07-13,1240,N20,VIIRS,n,2,296.8,11.73,D,0
-12.30586,26.36489,342.86,0.73,0.76,2025-07-13,1240,N20,VIIRS,n,2,296.64,10.37,D,0
-12.28821,26.07882,327.41,0.7,0.75,2025-07-13,1240,N20,VIIRS,n,2,295.38,3.79,D,0
-12.28084,26.6175,341.15,0.76,0.77,2025-07-13,1240,N20,VIIRS,n,2,295.51,13.91,D,0
-12.27936,26.6244,348.62,0.76,0.77,2025-07-13,1240,N20,VIIRS,n,2,296.02,13.81,D,0
-12.27877,25.95592,325.5,0.69,0.74,2025-07-13,1240,N20,VIIRS,n,2,296.23,3.7,D,0
-12.27675,26.61659,337.25,0.76,0.77,2025-07-13,1240,N20,VIIRS,n,2,295.44,6.16,D,0
-12.27531,26.62352,342.19,0.76,0.77,2025-07-13,1240,N20,VIIRS,n,2,295.08,6.16,D,0
-12.27199,25.95444,328.49,0.69,0.74,2025-07-13,1240,N20,VIIRS,n,2,296.81,3.82,D,0
-12.26857,25.58017,333.27,0.65,0.73,2025-07-13,1240,N20,VIIRS,n,2,297.64,5.31,D,0
-12.26624,25.59161,329.53,0.65,0.73,2025-07-13,1240,N20,VIIRS,n,2,298.65,8.97,D,0
-12.26261,25.59213,329.04,0.65,0.73,2025-07-13,1240,N20,VIIRS,n,2,298.22,4.97,D,0
-12.25733,26.36081,330.59,0.73,0.76,2025-07-13,1240,N20,VIIRS,n,2,297.15,5.07,D,0
-12.25005,25.671,328.3,0.66,0.73,2025-07-13,1240,N20,VIIRS,n,2,297.89,5.16,D,0
-12.24912,26.53814,334.23,0.75,0.77,2025-07-13,1240,N20,VIIRS,n,2,298.09,8.15,D,0
-12.24722,25.66505,332.68,0.66,0.73,2025-07-13,1240,N20,VIIRS,n,2,299.24,7.37,D,0
-12.24653,26.53814,325.01,0.75,0.77,2025-07-13,1240,N20,VIIRS,l,2,298.53,10.22,D,0
-12.2386,26.2845,338.9,0.72,0.76,2025-07-13,1240,N20,VIIRS,n,2,297.09,6.26,D,0
-12.23723,26.29114,335.9,0.72,0.76,2025-07-13,1240,N20,VIIRS,n,2,297.06,6.26,D,0
-12.23683,26.28679,367,0.72,0.76,2025-07-13,1240,N20,VIIRS,h,2,297.9,10.22,D,0
-12.23472,26.39896,327.2,0.73,0.76,2025-07-13,1240,N20,VIIRS,n,2,297.88,3.04,D,0
-12.2261,26.20561,354.02,0.71,0.75,2025-07-13,1240,N20,VIIRS,n,2,297.61,11.98,D,0
-12.22477,26.20821,347.4,0.71,0.75,2025-07-13,1240,N20,VIIRS,n,2,296.23,9.84,D,0
-12.2205,26.44259,329.73,0.74,0.76,2025-07-13,1240,N20,VIIRS,n,2,298,4.76,D,0
-12.21774,26.44452,329.61,0.74,0.76,2025-07-13,1240,N20,VIIRS,n,2,298.26,3.5,D,0
-12.21227,26.16849,346.99,0.71,0.75,2025-07-13,1240,N20,VIIRS,n,2,297.78,12.76,D,0
-12.20274,26.24861,336.15,0.72,0.76,2025-07-13,1240,N20,VIIRS,n,2,297.83,10.08,D,0
-12.20109,26.25122,337.51,0.72,0.75,2025-07-13,1240,N20,VIIRS,n,2,297.83,9.69,D,0
-12.19722,26.24052,329.01,0.72,0.75,2025-07-13,1240,N20,VIIRS,n,2,297.65,7.39,D,0
-12.99541,25.48153,295.91,0.49,0.4,2025-07-13,2348,N20,VIIRS,n,2,284.89,0.46,N,0
-13.28819,25.85034,338.13,0.63,0.54,2025-07-14,1221,N20,VIIRS,n,2,294.58,8.55,D,0
-13.28806,25.84713,330.38,0.63,0.54,2025-07-14,1221,N20,VIIRS,n,2,298.06,9.06,D,0
-13.2617,25.989,328.84,0.32,0.55,2025-07-14,1221,N20,VIIRS,n,2,294.49,1.31,D,0
-13.25277,25.98134,346.44,0.32,0.55,2025-07-14,1221,N20,VIIRS,n,2,298.67,5.9,D,0
-13.25222,25.98426,338.03,0.32,0.55,2025-07-14,1221,N20,VIIRS,n,2,294.29,5.89,D,0
-13.22455,25.52318,339.56,0.6,0.53,2025-07-14,1221,N20,VIIRS,n,2,300.8,7.47,D,0
-13.21178,25.92428,327.66,0.32,0.54,2025-07-14,1221,N20,VIIRS,n,2,294.22,2,D,0
-13.20499,26.78051,328.62,0.36,0.58,2025-07-14,1221,N20,VIIRS,n,2,295.09,2.37,D,0
-13.18916,25.36469,331.39,0.59,0.52,2025-07-14,1221,N20,VIIRS,n,2,298.09,5.28,D,0
-13.18529,26.28481,333.64,0.34,0.56,2025-07-14,1221,N20,VIIRS,n,2,296.72,2.31,D,0
-13.1823,25.86269,339.45,0.63,0.54,2025-07-14,1221,N20,VIIRS,n,2,295.19,9.61,D,0
-13.18148,25.86584,348.39,0.63,0.54,2025-07-14,1221,N20,VIIRS,n,2,294.45,10.02,D,0
-13.18119,25.86843,341.39,0.63,0.54,2025-07-14,1221,N20,VIIRS,n,2,294.12,9.61,D,0
-13.17661,26.75738,328.61,0.36,0.58,2025-07-14,1221,N20,VIIRS,n,2,295.82,2.76,D,0
-13.05082,27.11728,332.69,0.38,0.59,2025-07-14,1221,N20,VIIRS,n,2,296.21,2.24,D,0
-13.02731,27.2903,328.36,0.4,0.6,2025-07-14,1221,N20,VIIRS,n,2,299.12,2.51,D,0
-13.01252,27.2492,336.33,0.39,0.6,2025-07-14,1221,N20,VIIRS,n,2,300.03,7.8,D,0
-13.01184,27.25276,341.33,0.39,0.6,2025-07-14,1221,N20,VIIRS,n,2,304.81,24.74,D,0
-13.01114,27.25636,367,0.39,0.6,2025-07-14,1221,N20,VIIRS,h,2,296.63,24.74,D,0
-12.94938,27.36962,329.06,0.4,0.6,2025-07-14,1221,N20,VIIRS,n,2,296.73,2.38,D,0
-12.94867,27.37327,326.78,0.4,0.6,2025-07-14,1221,N20,VIIRS,n,2,296.52,2.38,D,0
-12.94457,27.45299,328.39,0.41,0.6,2025-07-14,1221,N20,VIIRS,n,2,297.65,3.32,D,0
-12.94385,27.45664,334.52,0.41,0.6,2025-07-14,1221,N20,VIIRS,n,2,298.72,3.32,D,0
-12.94314,27.46031,331.84,0.41,0.6,2025-07-14,1221,N20,VIIRS,n,2,296.63,3.49,D,0
-12.94242,27.46399,328.83,0.41,0.6,2025-07-14,1221,N20,VIIRS,n,2,296.22,3.49,D,0
-12.9383,27.45569,332.13,0.41,0.6,2025-07-14,1221,N20,VIIRS,n,2,297.5,3.32,D,0
-12.93713,27.28687,348.23,0.4,0.6,2025-07-14,1221,N20,VIIRS,n,2,297.95,5.06,D,0
-12.93094,27.28939,326.65,0.4,0.6,2025-07-14,1221,N20,VIIRS,l,2,298.3,3.43,D,0
-12.92401,27.35341,330.33,0.4,0.6,2025-07-14,1221,N20,VIIRS,n,2,296.06,2.55,D,0
-12.91958,27.26069,367,0.4,0.6,2025-07-14,1221,N20,VIIRS,h,2,298.3,7.82,D,0
-12.91955,27.25933,367,0.4,0.6,2025-07-14,1221,N20,VIIRS,h,2,298.6,13.48,D,0
-12.91885,27.263,346.7,0.4,0.6,2025-07-14,1221,N20,VIIRS,n,2,296.65,5.99,D,0
-12.91885,27.26435,330.88,0.4,0.6,2025-07-14,1221,N20,VIIRS,n,2,296.1,5.85,D,0
-12.91815,27.26668,329.23,0.4,0.6,2025-07-14,1221,N20,VIIRS,n,2,296.53,5.99,D,0
-12.91812,27.26802,346.7,0.4,0.6,2025-07-14,1221,N20,VIIRS,n,2,298.3,5.85,D,0
-12.91744,27.27036,351.23,0.4,0.6,2025-07-14,1221,N20,VIIRS,n,2,296.7,6.51,D,0
-12.9174,27.27168,336.57,0.4,0.6,2025-07-14,1221,N20,VIIRS,n,2,296.01,5.55,D,0
-12.91411,27.25963,352.27,0.4,0.6,2025-07-14,1221,N20,VIIRS,n,2,297.15,9.47,D,0
-12.91338,27.26192,335.82,0.4,0.6,2025-07-14,1221,N20,VIIRS,n,2,294.49,5.99,D,0
-12.91338,27.26329,327.02,0.4,0.6,2025-07-14,1221,N20,VIIRS,n,2,294.61,4.58,D,0
-12.90861,27.25719,335.17,0.4,0.6,2025-07-14,1221,N20,VIIRS,n,2,295.5,3.78,D,0
-12.90438,27.27929,326.89,0.4,0.6,2025-07-14,1221,N20,VIIRS,n,2,295.94,4.36,D,0
-12.89889,27.2783,337.77,0.4,0.6,2025-07-14,1221,N20,VIIRS,n,2,295.86,4.36,D,0
-12.88979,27.20784,367,0.39,0.6,2025-07-14,1221,N20,VIIRS,h,2,295.73,11.48,D,0
-12.8891,27.21141,330.39,0.39,0.6,2025-07-14,1221,N20,VIIRS,n,2,292.97,5.98,D,0
-12.88504,27.20315,207.93,0.39,0.6,2025-07-14,1221,N20,VIIRS,l,2,311.19,93.47,D,0
-12.88416,27.23696,355.41,0.39,0.6,2025-07-14,1221,N20,VIIRS,n,2,296.36,13.64,D,0
-12.88367,27.21024,356.25,0.39,0.6,2025-07-14,1221,N20,VIIRS,n,2,301.88,42.7,D,0
-12.88345,27.24063,344.41,0.4,0.6,2025-07-14,1221,N20,VIIRS,n,2,293.39,8.64,D,0
-12.88159,27.22099,344.44,0.39,0.6,2025-07-14,1221,N20,VIIRS,n,2,293.53,16.84,D,0
-12.88087,27.22466,367,0.39,0.6,2025-07-14,1221,N20,VIIRS,h,2,292.87,15.78,D,0
-12.87891,27.20559,338.82,0.39,0.6,2025-07-14,1221,N20,VIIRS,n,2,293.52,93.47,D,0
-12.87873,27.23572,354.38,0.39,0.6,2025-07-14,1221,N20,VIIRS,n,2,285.57,18.23,D,0
-12.87823,27.20911,346.15,0.39,0.6,2025-07-14,1221,N20,VIIRS,n,2,292.81,42.7,D,0
-12.87802,27.2394,367,0.4,0.6,2025-07-14,1221,N20,VIIRS,h,2,291.19,16.46,D,0
-12.87684,27.21628,348.9,0.39,0.6,2025-07-14,1221,N20,VIIRS,n,2,294.05,16.84,D,0
-12.87613,27.21994,351.32,0.39,0.6,2025-07-14,1221,N20,VIIRS,n,2,298.91,16.84,D,0
-12.87541,27.22362,348.25,0.39,0.6,2025-07-14,1221,N20,VIIRS,n,2,285.86,15.78,D,0
-12.87137,27.21525,353.4,0.39,0.6,2025-07-14,1221,N20,VIIRS,n,2,305.08,59.96,D,0
-12.87066,27.21894,332.53,0.39,0.6,2025-07-14,1221,N20,VIIRS,n,2,291.83,59.96,D,0
-12.8305,27.07016,326.65,0.39,0.59,2025-07-14,1221,N20,VIIRS,l,2,297.24,3.85,D,0
-12.70503,27.48322,367,0.41,0.61,2025-07-14,1221,N20,VIIRS,h,2,301.03,9.62,D,0
-12.69946,27.48214,334.19,0.41,0.61,2025-07-14,1221,N20,VIIRS,n,2,296.37,2.63,D,0
-13.01053,25.42645,331.57,0.6,0.53,2025-07-14,1222,N20,VIIRS,n,2,296.87,9.09,D,0
-13.00669,25.42012,337.78,0.59,0.53,2025-07-14,1222,N20,VIIRS,n,2,304.71,17.42,D,0
-13.00184,25.41923,342.5,0.59,0.53,2025-07-14,1222,N20,VIIRS,n,2,296.69,17.42,D,0
-12.96661,25.44658,346.11,0.6,0.53,2025-07-14,1222,N20,VIIRS,n,2,295.59,18.18,D,0
-12.7941,26.26945,328.15,0.34,0.56,2025-07-14,1222,N20,VIIRS,l,2,298.76,75.36,D,0
-12.79246,26.26797,352.57,0.34,0.56,2025-07-14,1222,N20,VIIRS,n,2,302.29,74.51,D,0
-12.79187,26.27114,367,0.34,0.56,2025-07-14,1222,N20,VIIRS,h,2,300.4,74.51,D,0
-12.79129,26.2743,330.33,0.34,0.56,2025-07-14,1222,N20,VIIRS,n,2,297.44,21.68,D,0
-12.7907,26.27747,333.94,0.34,0.56,2025-07-14,1222,N20,VIIRS,n,2,294.9,21.68,D,0
-12.78954,26.26548,341.42,0.34,0.56,2025-07-14,1222,N20,VIIRS,n,2,306.1,35.85,D,0
-12.78831,26.27179,344.46,0.34,0.56,2025-07-14,1222,N20,VIIRS,n,2,314.77,75.36,D,0
-12.78788,26.26397,328.66,0.34,0.56,2025-07-14,1222,N20,VIIRS,l,2,300.01,23.53,D,0
-12.7877,26.27494,354.08,0.34,0.56,2025-07-14,1222,N20,VIIRS,n,2,307.78,33.55,D,0
-12.7871,26.27808,367,0.34,0.56,2025-07-14,1222,N20,VIIRS,h,2,297.85,33.55,D,0
-12.78612,26.27343,350.42,0.34,0.56,2025-07-14,1222,N20,VIIRS,n,2,307.43,21.68,D,0
-12.78554,26.27657,367,0.34,0.56,2025-07-14,1222,N20,VIIRS,h,2,297.43,21.68,D,0
-12.76077,26.21002,329.9,0.34,0.56,2025-07-14,1222,N20,VIIRS,n,2,300.58,2.29,D,0
-12.74752,26.05685,333.09,0.33,0.55,2025-07-14,1222,N20,VIIRS,n,2,299.05,4.13,D,0
-12.74377,26.52924,328.58,0.36,0.57,2025-07-14,1222,N20,VIIRS,n,2,299.73,6.12,D,0
-12.74341,26.53162,367,0.36,0.57,2025-07-14,1222,N20,VIIRS,h,2,299.31,8.24,D,0
-12.74314,26.53246,367,0.36,0.57,2025-07-14,1222,N20,VIIRS,h,2,297.76,7.12,D,0
-12.72694,25.53982,330.86,0.61,0.54,2025-07-14,1222,N20,VIIRS,n,2,298.85,7.27,D,0
-12.72202,25.53898,347.01,0.61,0.54,2025-07-14,1222,N20,VIIRS,n,2,298.88,7.27,D,0
-12.72053,25.5369,345.12,0.61,0.54,2025-07-14,1222,N20,VIIRS,n,2,298.89,10.89,D,0
-12.68252,26.2852,346.37,0.34,0.56,2025-07-14,1222,N20,VIIRS,n,2,299.34,4.78,D,0
-12.68192,26.28828,346.21,0.34,0.56,2025-07-14,1222,N20,VIIRS,n,2,296.79,4.78,D,0
-12.6813,26.28444,345.83,0.34,0.56,2025-07-14,1222,N20,VIIRS,n,2,298.8,6.38,D,0
-12.68072,26.28754,346.73,0.34,0.56,2025-07-14,1222,N20,VIIRS,n,2,297.04,6.57,D,0
-12.67648,26.85941,335.46,0.38,0.58,2025-07-14,1222,N20,VIIRS,n,2,298.15,3.36,D,0
-12.63769,25.79312,329.59,0.32,0.55,2025-07-14,1222,N20,VIIRS,n,2,300.45,1.82,D,0
-12.60944,27.47866,367,0.41,0.61,2025-07-14,1222,N20,VIIRS,h,2,306.6,27.39,D,0
-12.60742,25.73393,326.45,0.63,0.54,2025-07-14,1222,N20,VIIRS,n,2,300.2,4,D,0
-12.60493,25.63799,328.88,0.63,0.54,2025-07-14,1222,N20,VIIRS,l,2,300.87,5.64,D,0
-12.60296,27.3061,337.13,0.4,0.6,2025-07-14,1222,N20,VIIRS,n,2,299.6,3.98,D,0
-12.60245,25.73295,342.74,0.63,0.54,2025-07-14,1222,N20,VIIRS,n,2,298.94,8.93,D,0
-12.60225,27.3097,335.69,0.4,0.6,2025-07-14,1222,N20,VIIRS,n,2,296.38,3.98,D,0
-12.60181,25.87447,345.72,0.32,0.55,2025-07-14,1222,N20,VIIRS,n,2,309.24,22.35,D,0
-12.60125,25.87744,367,0.32,0.55,2025-07-14,1222,N20,VIIRS,h,2,298.16,16.78,D,0
-12.60008,25.82819,338.11,0.32,0.55,2025-07-14,1222,N20,VIIRS,n,2,298.97,2.22,D,0
-12.59341,25.83604,350.07,0.32,0.55,2025-07-14,1222,N20,VIIRS,n,2,301.42,5.92,D,0
-12.58639,27.47815,327.66,0.41,0.61,2025-07-14,1222,N20,VIIRS,l,2,300.16,1.91,D,0
-12.535,27.50344,332.74,0.42,0.61,2025-07-14,1222,N20,VIIRS,n,2,300.78,5.1,D,0
-12.53423,27.5073,352.27,0.42,0.61,2025-07-14,1222,N20,VIIRS,n,2,297.67,5.1,D,0
-12.53222,27.46804,367,0.42,0.61,2025-07-14,1222,N20,VIIRS,h,2,310.06,32.17,D,0
-12.5313,27.5029,350.56,0.42,0.61,2025-07-14,1222,N20,VIIRS,n,2,301.19,8.39,D,0
-12.53056,27.50677,352.26,0.42,0.61,2025-07-14,1222,N20,VIIRS,n,2,296.43,8.39,D,0
-12.5247,25.87534,367,0.33,0.55,2025-07-14,1222,N20,VIIRS,h,2,300.12,5.77,D,0
-12.52022,25.87139,328.41,0.33,0.55,2025-07-14,1222,N20,VIIRS,n,2,300.42,1.74,D,0
-12.50504,25.84099,367,0.32,0.55,2025-07-14,1222,N20,VIIRS,h,2,302.66,10.26,D,0
-12.50449,25.84396,344.73,0.32,0.55,2025-07-14,1222,N20,VIIRS,n,2,300.28,5.85,D,0
-12.50172,26.57986,354.09,0.36,0.58,2025-07-14,1222,N20,VIIRS,n,2,300.79,6.58,D,0
-12.50066,26.58045,354.99,0.36,0.58,2025-07-14,1222,N20,VIIRS,n,2,300.31,7.34,D,0
-12.49501,26.55745,328.45,0.36,0.58,2025-07-14,1222,N20,VIIRS,n,2,298.12,1.88,D,0
-12.49112,26.00016,329.74,0.33,0.55,2025-07-14,1222,N20,VIIRS,n,2,297.62,2.84,D,0
-12.48996,26.58427,328.73,0.36,0.58,2025-07-14,1222,N20,VIIRS,n,2,298.44,2.26,D,0
-12.48161,25.91058,342.88,0.33,0.55,2025-07-14,1222,N20,VIIRS,n,2,303.14,4.04,D,0
-12.47539,27.05417,327.63,0.39,0.59,2025-07-14,1222,N20,VIIRS,l,2,299.1,7.3,D,0
-12.47468,27.05787,345.56,0.39,0.59,2025-07-14,1222,N20,VIIRS,n,2,296.65,5.6,D,0
-12.44744,25.87021,341.3,0.33,0.55,2025-07-14,1222,N20,VIIRS,n,2,302.16,11.68,D,0
-12.443,25.86613,334.2,0.33,0.55,2025-07-14,1222,N20,VIIRS,n,2,302.61,8.9,D,0
-12.44243,25.86913,352.6,0.33,0.55,2025-07-14,1222,N20,VIIRS,n,2,305.84,11.68,D,0
-12.42951,26.2163,327.05,0.34,0.56,2025-07-14,1222,N20,VIIRS,n,2,301.51,2.57,D,0
-12.42774,25.91875,330.6,0.33,0.55,2025-07-14,1222,N20,VIIRS,n,2,299.72,2.53,D,0
-12.42729,26.00377,332.48,0.33,0.56,2025-07-14,1222,N20,VIIRS,n,2,300.58,2.22,D,0
-12.42723,26.03181,332.14,0.33,0.56,2025-07-14,1222,N20,VIIRS,n,2,299.81,5.64,D,0
-12.4252,25.37467,327.43,0.61,0.53,2025-07-14,1222,N20,VIIRS,l,2,298.76,4.1,D,0
-12.42493,26.21223,367,0.34,0.56,2025-07-14,1222,N20,VIIRS,h,2,306.3,14.96,D,0
-12.42388,25.91961,367,0.33,0.55,2025-07-14,1222,N20,VIIRS,h,2,300.92,4.49,D,0
-12.42332,25.92265,345.89,0.33,0.55,2025-07-14,1222,N20,VIIRS,n,2,299.78,4.49,D,0
-12.42305,25.3714,341.59,0.6,0.53,2025-07-14,1222,N20,VIIRS,n,2,298.86,8.52,D,0
-12.42222,26.00273,350.82,0.33,0.56,2025-07-14,1222,N20,VIIRS,n,2,307.59,12.75,D,0
-12.42215,26.0308,367,0.33,0.56,2025-07-14,1222,N20,VIIRS,h,2,300.07,5.64,D,0
-12.42165,26.00571,333.2,0.33,0.56,2025-07-14,1222,N20,VIIRS,n,2,298.55,12.75,D,0
-12.40869,27.48866,339.92,0.42,0.61,2025-07-14,1222,N20,VIIRS,n,2,297.32,4.77,D,0
-12.4082,25.97641,348.51,0.33,0.55,2025-07-14,1222,N20,VIIRS,n,2,300.12,4.51,D,0
-12.406,25.97746,345.62,0.33,0.55,2025-07-14,1222,N20,VIIRS,n,2,298.58,3.16,D,0
-12.40103,27.05411,327.39,0.39,0.59,2025-07-14,1222,N20,VIIRS,l,2,298.1,5.29,D,0
-12.39902,25.85616,342.09,0.33,0.55,2025-07-14,1222,N20,VIIRS,n,2,302.43,4.57,D,0
-12.39399,25.85518,335.14,0.33,0.55,2025-07-14,1222,N20,VIIRS,n,2,303.71,18.37,D,0
-12.39165,26.58314,353.88,0.36,0.58,2025-07-14,1222,N20,VIIRS,n,2,300.5,5.02,D,0
-12.38897,25.85414,338.32,0.33,0.55,2025-07-14,1222,N20,VIIRS,n,2,310.89,18.37,D,0
-12.38841,25.85714,367,0.33,0.55,2025-07-14,1222,N20,VIIRS,h,2,299.04,27.2,D,0
-12.38808,26.58051,340.79,0.36,0.58,2025-07-14,1222,N20,VIIRS,n,2,305.58,6.61,D,0
-12.38401,26.28681,367,0.35,0.57,2025-07-14,1222,N20,VIIRS,h,2,301.61,11.67,D,0
-12.38397,25.853,367,0.33,0.55,2025-07-14,1222,N20,VIIRS,h,2,304.03,12.24,D,0
-12.3834,25.856,352.02,0.33,0.55,2025-07-14,1222,N20,VIIRS,n,2,300.71,8.57,D,0
-12.37911,26.25631,328.76,0.35,0.56,2025-07-14,1222,N20,VIIRS,n,2,303.44,3.72,D,0
-12.37849,26.25952,338.43,0.35,0.56,2025-07-14,1222,N20,VIIRS,n,2,302.15,4.61,D,0
-12.37721,25.97341,326.56,0.33,0.55,2025-07-14,1222,N20,VIIRS,l,2,300.48,1.56,D,0
-12.37439,25.73792,327.75,0.32,0.55,2025-07-14,1222,N20,VIIRS,l,2,300.65,19.75,D,0
-12.37333,25.88195,328.95,0.33,0.55,2025-07-14,1222,N20,VIIRS,l,2,300.24,2.81,D,0
-12.37013,26.6468,328.74,0.37,0.58,2025-07-14,1222,N20,VIIRS,n,2,301.35,2.51,D,0
-12.36993,25.73411,330.09,0.32,0.55,2025-07-14,1222,N20,VIIRS,n,2,304.21,15.8,D,0
-12.36939,25.73698,352.22,0.32,0.55,2025-07-14,1222,N20,VIIRS,n,2,312.17,19.75,D,0
-12.36765,25.99644,340.19,0.33,0.56,2025-07-14,1222,N20,VIIRS,n,2,299.84,3.62,D,0
-12.3651,26.27336,339.04,0.35,0.57,2025-07-14,1222,N20,VIIRS,n,2,299.37,3.47,D,0
-12.36296,26.56861,352,0.36,0.58,2025-07-14,1222,N20,VIIRS,n,2,303.81,5.8,D,0
-12.35829,27.27825,355.5,0.41,0.6,2025-07-14,1222,N20,VIIRS,n,2,306.46,22.35,D,0
-12.35728,27.45458,329.89,0.42,0.61,2025-07-14,1222,N20,VIIRS,n,2,296.73,1.96,D,0
-12.35614,25.69897,340.93,0.32,0.54,2025-07-14,1222,N20,VIIRS,n,2,300.29,3.66,D,0
-12.356,25.69845,329.75,0.32,0.54,2025-07-14,1222,N20,VIIRS,l,2,300.47,1.79,D,0
-12.35544,25.7014,327.01,0.32,0.54,2025-07-14,1222,N20,VIIRS,n,2,299.07,1.79,D,0
-12.35504,26.66841,346.91,0.37,0.58,2025-07-14,1222,N20,VIIRS,n,2,299.86,5.9,D,0
-12.35439,26.67182,337.31,0.37,0.58,2025-07-14,1222,N20,VIIRS,n,2,299.06,3.43,D,0
-12.3542,27.26965,334.7,0.41,0.6,2025-07-14,1222,N20,VIIRS,n,2,300.51,10.91,D,0
-12.35278,27.27709,351.29,0.41,0.6,2025-07-14,1222,N20,VIIRS,n,2,306.14,14.92,D,0
-12.35207,27.28082,347.3,0.41,0.6,2025-07-14,1222,N20,VIIRS,n,2,296.42,14.92,D,0
-12.35048,25.75468,329.25,0.32,0.55,2025-07-14,1222,N20,VIIRS,n,2,301.79,4.48,D,0
-12.35038,26.66392,335.41,0.37,0.58,2025-07-14,1222,N20,VIIRS,n,2,299.59,1.9,D,0
-12.34993,25.75757,344.32,0.32,0.55,2025-07-14,1222,N20,VIIRS,n,2,299.86,4.89,D,0
-12.34973,26.66734,329.33,0.37,0.58,2025-07-14,1222,N20,VIIRS,l,2,300.25,1.9,D,0
-12.34844,25.65688,352.21,0.63,0.54,2025-07-14,1222,N20,VIIRS,n,2,304.74,39.41,D,0
-12.34778,25.66008,339.92,0.63,0.54,2025-07-14,1222,N20,VIIRS,n,2,300.79,50.85,D,0
-12.34247,25.60508,352.82,0.63,0.54,2025-07-14,1222,N20,VIIRS,n,2,303.56,19.73,D,0
-12.33856,25.59849,334.91,0.63,0.54,2025-07-14,1222,N20,VIIRS,n,2,301.58,24.18,D,0
-12.33753,25.60405,346.29,0.63,0.54,2025-07-14,1222,N20,VIIRS,n,2,298.92,19.73,D,0
-12.33464,25.59191,332.4,0.63,0.54,2025-07-14,1222,N20,VIIRS,n,2,303.11,30.74,D,0
-12.33361,25.5975,348.18,0.63,0.54,2025-07-14,1222,N20,VIIRS,n,2,309.45,30.74,D,0
-12.32865,25.59653,341.19,0.63,0.54,2025-07-14,1222,N20,VIIRS,n,2,298.47,30.74,D,0
-12.3238,26.20221,327.47,0.34,0.56,2025-07-14,1222,N20,VIIRS,l,2,297.95,1.54,D,0
-12.32003,26.48226,367,0.36,0.57,2025-07-14,1222,N20,VIIRS,h,2,300.91,15.34,D,0
-12.31993,26.47964,335.56,0.36,0.57,2025-07-14,1222,N20,VIIRS,n,2,299.96,8.24,D,0
-12.31927,26.48307,367,0.36,0.57,2025-07-14,1222,N20,VIIRS,h,2,299.71,11.27,D,0
-12.31794,26.48989,330.41,0.36,0.57,2025-07-14,1222,N20,VIIRS,n,2,298.3,11.86,D,0
-12.31414,26.48464,352.37,0.36,0.57,2025-07-14,1222,N20,VIIRS,n,2,305.54,15.34,D,0
-12.31401,26.48207,331.13,0.36,0.57,2025-07-14,1222,N20,VIIRS,n,2,299.07,11.27,D,0
-12.31351,26.48802,342.26,0.36,0.57,2025-07-14,1222,N20,VIIRS,n,2,297.19,13.35,D,0
-12.31336,26.48542,367,0.36,0.57,2025-07-14,1222,N20,VIIRS,h,2,304.77,11.27,D,0
-12.31234,26.29167,338.23,0.35,0.57,2025-07-14,1222,N20,VIIRS,n,2,302.04,3.56,D,0
-12.31177,25.7995,339.79,0.32,0.55,2025-07-14,1222,N20,VIIRS,n,2,299.79,2.83,D,0
-12.31015,26.47682,331.21,0.36,0.57,2025-07-14,1222,N20,VIIRS,n,2,299.77,2.82,D,0
-12.30953,26.48018,328.88,0.36,0.57,2025-07-14,1222,N20,VIIRS,n,2,298.3,3.11,D,0
-12.30942,26.47762,332.12,0.36,0.57,2025-07-14,1222,N20,VIIRS,n,2,299.04,2.41,D,0
-12.30627,26.18184,340.63,0.34,0.56,2025-07-14,1222,N20,VIIRS,n,2,297.88,3.85,D,0
-12.30476,26.21803,348.62,0.35,0.56,2025-07-14,1222,N20,VIIRS,n,2,301.92,5.25,D,0
-12.30385,27.3222,347.98,0.41,0.61,2025-07-14,1222,N20,VIIRS,n,2,306.97,15.91,D,0
-12.30312,27.32595,347.28,0.41,0.61,2025-07-14,1222,N20,VIIRS,n,2,296.59,15.91,D,0
-12.30226,27.03885,340.79,0.39,0.59,2025-07-14,1222,N20,VIIRS,n,2,299.65,2.91,D,0
-12.30206,26.34635,367,0.35,0.57,2025-07-14,1222,N20,VIIRS,h,2,302.21,7.25,D,0
-12.30191,27.03727,353.03,0.39,0.6,2025-07-14,1222,N20,VIIRS,n,2,303.05,5.29,D,0
-12.30145,26.34961,331.5,0.35,0.57,2025-07-14,1222,N20,VIIRS,n,2,302.22,7.14,D,0
-12.30022,26.35615,333.91,0.35,0.57,2025-07-14,1222,N20,VIIRS,n,2,302.94,2.12,D,0
-12.29907,26.07968,326.6,0.34,0.56,2025-07-14,1222,N20,VIIRS,l,2,299.99,2.81,D,0
-12.29899,26.22023,350.88,0.35,0.56,2025-07-14,1222,N20,VIIRS,n,2,299.79,5.25,D,0
-12.29861,26.19402,333.36,0.34,0.56,2025-07-14,1222,N20,VIIRS,n,2,298.41,3.45,D,0
-12.29645,27.03625,344.23,0.39,0.6,2025-07-14,1222,N20,VIIRS,n,2,299.21,5.29,D,0
-12.29531,26.18329,336.6,0.34,0.56,2025-07-14,1222,N20,VIIRS,n,2,300.02,4.14,D,0
-12.29498,26.35529,326.46,0.35,0.57,2025-07-14,1222,N20,VIIRS,l,2,299.38,2.12,D,0
-12.29309,26.11099,331.9,0.34,0.56,2025-07-14,1222,N20,VIIRS,n,2,301.52,4.39,D,0
-12.29012,26.1825,367,0.34,0.56,2025-07-14,1222,N20,VIIRS,h,2,299.49,7.37,D,0
-12.28918,26.41479,328.59,0.36,0.57,2025-07-14,1222,N20,VIIRS,n,2,301.41,9.76,D,0
-12.28484,26.74634,339.07,0.38,0.58,2025-07-14,1222,N20,VIIRS,n,2,300.48,5.28,D,0
-12.28452,26.4107,367,0.36,0.57,2025-07-14,1222,N20,VIIRS,h,2,304.58,18.84,D,0
-12.28415,26.74991,338.12,0.38,0.58,2025-07-14,1222,N20,VIIRS,n,2,297.8,5.11,D,0
-12.28392,26.41389,354.85,0.36,0.57,2025-07-14,1222,N20,VIIRS,n,2,305.8,9.76,D,0
-12.28332,26.41709,328.27,0.36,0.57,2025-07-14,1222,N20,VIIRS,n,2,297.11,9.76,D,0
-12.28225,25.98752,345.79,0.33,0.56,2025-07-14,1222,N20,VIIRS,n,2,298.62,5.25,D,0
-12.27985,26.60976,347.78,0.37,0.58,2025-07-14,1222,N20,VIIRS,n,2,303.77,4.74,D,0
-12.27926,26.40983,338.43,0.36,0.57,2025-07-14,1222,N20,VIIRS,n,2,309.87,41.45,D,0
-12.27867,26.413,367,0.36,0.57,2025-07-14,1222,N20,VIIRS,h,2,308.89,25.6,D,0
-12.27814,26.61021,336.09,0.37,0.58,2025-07-14,1222,N20,VIIRS,n,2,302.39,4.73,D,0
-12.27806,26.41617,330.14,0.36,0.57,2025-07-14,1222,N20,VIIRS,n,2,298.83,25.6,D,0
-12.27779,25.95477,329.93,0.33,0.55,2025-07-14,1222,N20,VIIRS,l,2,301.71,2.82,D,0
-12.26845,25.67064,331.91,0.32,0.54,2025-07-14,1222,N20,VIIRS,n,2,299.93,1.73,D,0
-12.26823,25.64452,329.45,0.63,0.54,2025-07-14,1222,N20,VIIRS,n,2,302.25,2.33,D,0
-12.26751,25.64734,330.75,0.64,0.54,2025-07-14,1222,N20,VIIRS,n,2,302.11,5.22,D,0
-12.26564,26.28264,333.69,0.35,0.57,2025-07-14,1222,N20,VIIRS,n,2,301.76,3.9,D,0
-12.26046,26.28158,346.56,0.35,0.57,2025-07-14,1222,N20,VIIRS,n,2,298.64,4.14,D,0
-12.26022,26.70197,331.21,0.37,0.58,2025-07-14,1222,N20,VIIRS,n,2,304.17,3.12,D,0
-12.26007,26.54008,334.42,0.36,0.58,2025-07-14,1222,N20,VIIRS,n,2,299.3,1.9,D,0
-12.25943,26.54343,330.2,0.36,0.58,2025-07-14,1222,N20,VIIRS,n,2,298.89,1.9,D,0
-12.25416,26.54233,342.53,0.36,0.58,2025-07-14,1222,N20,VIIRS,n,2,299.57,12.97,D,0
-12.25192,26.69974,331.47,0.37,0.58,2025-07-14,1222,N20,VIIRS,n,2,300.82,5.7,D,0
-12.25159,26.55589,337.51,0.37,0.58,2025-07-14,1222,N20,VIIRS,n,2,298.75,3.42,D,0
-12.24953,26.53788,345.1,0.36,0.58,2025-07-14,1222,N20,VIIRS,n,2,311.72,12.97,D,0
-12.24889,26.54126,367,0.36,0.58,2025-07-14,1222,N20,VIIRS,h,2,298.13,12.97,D,0
-12.24812,26.43083,343.25,0.36,0.57,2025-07-14,1222,N20,VIIRS,n,2,303.3,8.49,D,0
-12.24697,26.55138,334.48,0.37,0.58,2025-07-14,1222,N20,VIIRS,n,2,300.13,3.42,D,0
-12.24633,26.55474,367,0.37,0.58,2025-07-14,1222,N20,VIIRS,h,2,300.63,3.42,D,0
-12.24485,26.2788,367,0.35,0.57,2025-07-14,1222,N20,VIIRS,h,2,300.38,4.62,D,0
-12.24426,26.53682,350.63,0.36,0.58,2025-07-14,1222,N20,VIIRS,n,2,302.78,8.45,D,0
-12.24423,26.282,329.94,0.35,0.57,2025-07-14,1222,N20,VIIRS,n,2,297.49,4.62,D,0
-12.24411,26.27992,367,0.35,0.57,2025-07-14,1222,N20,VIIRS,h,2,297.92,8.52,D,0
-12.23937,26.30722,330.73,0.35,0.57,2025-07-14,1222,N20,VIIRS,l,2,301.02,2.11,D,0
-12.23927,26.10472,333.47,0.34,0.56,2025-07-14,1222,N20,VIIRS,n,2,299.96,3.84,D,0
-12.23884,26.3084,339.21,0.35,0.57,2025-07-14,1222,N20,VIIRS,n,2,301.26,1.99,D,0
-12.23884,26.42253,331.85,0.36,0.57,2025-07-14,1222,N20,VIIRS,n,2,301.08,2.78,D,0
-12.23363,26.30741,338.78,0.35,0.57,2025-07-14,1222,N20,VIIRS,n,2,300.94,3.28,D,0
-12.23361,26.42146,330.26,0.36,0.57,2025-07-14,1222,N20,VIIRS,l,2,301.13,1.96,D,0
-12.23356,26.30935,334.44,0.35,0.57,2025-07-14,1222,N20,VIIRS,n,2,299.21,3,D,0
-12.2328,25.7244,338.27,0.32,0.55,2025-07-14,1222,N20,VIIRS,n,2,298.74,2.53,D,0
-12.23236,25.72438,338.03,0.32,0.55,2025-07-14,1222,N20,VIIRS,n,2,298.65,3.78,D,0
-12.229,26.30334,332.17,0.35,0.57,2025-07-14,1222,N20,VIIRS,n,2,299.25,2.19,D,0
-12.22895,26.3053,338.31,0.35,0.57,2025-07-14,1222,N20,VIIRS,n,2,299.16,4.72,D,0
-12.22805,26.70886,342.9,0.37,0.58,2025-07-14,1222,N20,VIIRS,n,2,297.76,4.81,D,0
-12.22699,26.25633,352.37,0.35,0.57,2025-07-14,1222,N20,VIIRS,n,2,302.05,6.13,D,0
-12.22399,26.7011,334.75,0.37,0.58,2025-07-14,1222,N20,VIIRS,n,2,301.34,10.65,D,0
-12.2227,26.7079,367,0.37,0.58,2025-07-14,1222,N20,VIIRS,h,2,303.21,16.48,D,0
-12.21856,27.14627,334.84,0.4,0.6,2025-07-14,1222,N20,VIIRS,n,2,298.25,3.39,D,0
-12.21133,26.70944,351.58,0.37,0.58,2025-07-14,1222,N20,VIIRS,n,2,300.17,5.99,D,0
-12.21107,27.49906,332.25,0.42,0.61,2025-07-14,1222,N20,VIIRS,n,2,298,2.57,D,0
-12.21068,26.71284,332.31,0.37,0.58,2025-07-14,1222,N20,VIIRS,n,2,296.65,3.82,D,0
-12.20989,26.63042,327.47,0.37,0.58,2025-07-14,1222,N20,VIIRS,n,2,300.15,1.44,D,0
-12.20842,27.49751,367,0.42,0.61,2025-07-14,1222,N20,VIIRS,h,2,301.19,9.53,D,0
-12.19991,26.17225,355.16,0.35,0.56,2025-07-14,1222,N20,VIIRS,n,2,302.85,14.57,D,0
-12.19931,26.1754,345.1,0.35,0.56,2025-07-14,1222,N20,VIIRS,n,2,297.63,9.27,D,0
-12.19687,26.84335,367,0.38,0.59,2025-07-14,1222,N20,VIIRS,h,2,302.19,8.88,D,0
-12.19661,26.64208,338.86,0.37,0.58,2025-07-14,1222,N20,VIIRS,n,2,312.29,42.59,D,0
-13.01207,25.60701,308.91,0.39,0.36,2025-07-14,2329,N20,VIIRS,n,2,283.92,0.85,N,0
-12.88366,27.19566,295.49,0.39,0.36,2025-07-14,2329,N20,VIIRS,n,2,280.82,0.44,N,0
-12.86377,27.22063,325.85,0.39,0.36,2025-07-14,2329,N20,VIIRS,n,2,282,1.85,N,0
-12.8577,27.22525,303.4,0.39,0.36,2025-07-14,2329,N20,VIIRS,n,2,281.79,1.83,N,0
-12.85715,27.2217,326.73,0.39,0.36,2025-07-14,2329,N20,VIIRS,n,2,283.18,2.99,N,0
-12.85438,27.22578,320.67,0.39,0.36,2025-07-14,2329,N20,VIIRS,n,2,283.12,1.69,N,0
-12.85383,27.22224,317.13,0.39,0.36,2025-07-14,2329,N20,VIIRS,n,2,284.22,3.35,N,0
-12.85328,27.21869,330.69,0.39,0.36,2025-07-14,2329,N20,VIIRS,n,2,285.14,3.35,N,0
-12.84997,27.21923,316.69,0.39,0.36,2025-07-14,2329,N20,VIIRS,n,2,284.52,3.35,N,0
-12.53859,26.27641,301.12,0.39,0.36,2025-07-14,2329,N20,VIIRS,n,2,284.09,0.72,N,0
-12.48286,26.58868,296.65,0.38,0.36,2025-07-14,2329,N20,VIIRS,n,2,281.44,0.41,N,0
-12.34162,27.26793,301.95,0.39,0.36,2025-07-14,2329,N20,VIIRS,n,2,280.97,1.42,N,0
-12.34052,27.26087,298.32,0.39,0.36,2025-07-14,2329,N20,VIIRS,n,2,281.38,0.42,N,0
-13.29486,25.92611,329.25,0.48,0.4,2025-07-15,1203,N20,VIIRS,n,2,298.68,2.56,D,0
-13.2941,25.93055,337.91,0.49,0.4,2025-07-15,1203,N20,VIIRS,n,2,299.4,2.56,D,0
-13.29245,25.926,342.36,0.49,0.4,2025-07-15,1203,N20,VIIRS,n,2,302.71,4.49,D,0
-13.29172,25.93047,332.03,0.49,0.4,2025-07-15,1203,N20,VIIRS,n,2,300.56,4.49,D,0
-13.28803,25.90685,342.61,0.48,0.4,2025-07-15,1203,N20,VIIRS,n,2,302.08,14,D,0
-13.28436,25.90618,342.78,0.48,0.4,2025-07-15,1203,N20,VIIRS,n,2,306.68,46.04,D,0
-13.28389,27.44902,341.53,0.39,0.44,2025-07-15,1203,N20,VIIRS,n,2,304.55,6.01,D,0
-13.27985,27.44832,351.59,0.39,0.44,2025-07-15,1203,N20,VIIRS,n,2,304.72,6.01,D,0
-13.2572,25.81942,345.27,0.48,0.4,2025-07-15,1203,N20,VIIRS,n,2,301.04,6.11,D,0
-13.25354,25.81877,304.51,0.48,0.4,2025-07-15,1203,N20,VIIRS,l,2,308.7,29.09,D,0
-13.25279,25.82321,345.67,0.48,0.4,2025-07-15,1203,N20,VIIRS,n,2,302,29.09,D,0
-13.24635,26.0894,332.9,0.5,0.41,2025-07-15,1203,N20,VIIRS,n,2,300.74,7.87,D,0
-13.24398,25.83076,342.67,0.48,0.4,2025-07-15,1203,N20,VIIRS,n,2,304.43,25.04,D,0
-13.24021,26.77274,330.51,0.54,0.42,2025-07-15,1203,N20,VIIRS,n,2,298.72,6.91,D,0
-13.23172,25.72475,337.7,0.47,0.4,2025-07-15,1203,N20,VIIRS,n,2,299.99,5.94,D,0
-13.1511,25.41721,331.49,0.46,0.39,2025-07-15,1203,N20,VIIRS,n,2,298.02,2.61,D,0
-13.14998,26.10725,333.55,0.5,0.41,2025-07-15,1203,N20,VIIRS,n,2,298.49,3.99,D,0
-13.11213,25.38435,333.68,0.46,0.39,2025-07-15,1203,N20,VIIRS,n,2,298.62,3.58,D,0
-13.03375,25.53839,332.73,0.47,0.4,2025-07-15,1203,N20,VIIRS,n,2,301.64,2.67,D,0
-13.03012,25.53776,330.92,0.47,0.4,2025-07-15,1203,N20,VIIRS,n,2,297.61,2.67,D,0
-13.00344,26.03607,336.29,0.5,0.41,2025-07-15,1203,N20,VIIRS,n,2,298.67,3.89,D,0
-13.00018,27.25473,339.87,0.39,0.44,2025-07-15,1203,N20,VIIRS,n,2,300.45,3.2,D,0
-12.99618,27.25399,339.78,0.39,0.44,2025-07-15,1203,N20,VIIRS,n,2,297.62,3.2,D,0
-12.97922,25.87157,332.11,0.49,0.4,2025-07-15,1203,N20,VIIRS,n,2,299.07,2.85,D,0
-12.97756,25.69825,345.77,0.48,0.4,2025-07-15,1203,N20,VIIRS,n,2,303.22,10.52,D,0
-12.97743,25.87435,334.48,0.49,0.4,2025-07-15,1203,N20,VIIRS,n,2,298.59,3.11,D,0
-12.97244,26.10597,327.19,0.5,0.41,2025-07-15,1203,N20,VIIRS,l,2,300.21,3.1,D,0
-12.97054,26.7287,334.59,0.54,0.42,2025-07-15,1203,N20,VIIRS,n,2,299.72,3.96,D,0
-12.97027,25.71953,334.67,0.48,0.4,2025-07-15,1203,N20,VIIRS,n,2,298.86,3.23,D,0
-12.97026,26.09618,340.45,0.5,0.41,2025-07-15,1203,N20,VIIRS,n,2,302.73,93.69,D,0
-12.96661,25.71891,337.42,0.48,0.4,2025-07-15,1203,N20,VIIRS,n,2,298.28,4.14,D,0
-12.96574,26.10014,351.57,0.5,0.41,2025-07-15,1203,N20,VIIRS,n,2,299.48,14.21,D,0
-12.94357,26.88441,327.74,0.55,0.43,2025-07-15,1203,N20,VIIRS,n,2,300.13,3.17,D,0
-12.94236,27.22219,352.74,0.39,0.44,2025-07-15,1203,N20,VIIRS,n,2,302.01,9.13,D,0
-12.93965,26.88376,331.78,0.55,0.43,2025-07-15,1203,N20,VIIRS,n,2,298.57,4.18,D,0
-12.93904,26.95714,332.62,0.56,0.43,2025-07-15,1203,N20,VIIRS,n,2,300.21,10.2,D,0
-12.93496,26.84128,330.81,0.55,0.43,2025-07-15,1203,N20,VIIRS,n,2,299.24,5.51,D,0
-12.93459,26.84342,337.2,0.55,0.43,2025-07-15,1203,N20,VIIRS,n,2,300.05,6.89,D,0
-12.92628,26.82106,328.64,0.55,0.43,2025-07-15,1203,N20,VIIRS,n,2,298.09,3.74,D,0
-12.9234,27.47878,340.74,0.4,0.44,2025-07-15,1203,N20,VIIRS,n,2,301.53,4.15,D,0
-12.92328,27.47888,341.36,0.4,0.44,2025-07-15,1203,N20,VIIRS,n,2,301.71,4.87,D,0
-12.91538,26.32669,336.55,0.51,0.41,2025-07-15,1203,N20,VIIRS,n,2,299.46,15.64,D,0
-12.91243,26.32342,337.37,0.52,0.41,2025-07-15,1203,N20,VIIRS,n,2,300.53,4.63,D,0
-12.90865,26.32272,335.68,0.52,0.41,2025-07-15,1203,N20,VIIRS,n,2,297.75,4.63,D,0
-12.90863,26.3206,331.48,0.51,0.41,2025-07-15,1203,N20,VIIRS,n,2,297.6,4.42,D,0
-12.88831,26.05092,332.73,0.5,0.41,2025-07-15,1203,N20,VIIRS,n,2,297.87,1.89,D,0
-12.86339,27.2261,332.45,0.39,0.44,2025-07-15,1203,N20,VIIRS,l,2,304.04,5.77,D,0
-12.86276,27.22968,353.24,0.39,0.44,2025-07-15,1203,N20,VIIRS,n,2,303.58,5.77,D,0
-12.86213,27.23326,355.85,0.39,0.44,2025-07-15,1203,N20,VIIRS,n,2,301.72,11.6,D,0
-12.86161,27.22853,333.29,0.39,0.44,2025-07-15,1203,N20,VIIRS,n,2,304.04,7.42,D,0
-12.861,27.23213,354.73,0.39,0.44,2025-07-15,1203,N20,VIIRS,n,2,306.86,15.28,D,0
-12.86002,27.22181,341.17,0.39,0.44,2025-07-15,1203,N20,VIIRS,n,2,303.5,3.45,D,0
-12.85883,27.22064,340.26,0.39,0.44,2025-07-15,1203,N20,VIIRS,n,2,304.59,5.12,D,0
-12.85812,27.23255,336.8,0.39,0.44,2025-07-15,1203,N20,VIIRS,n,2,303.99,11.6,D,0
-12.85749,27.23615,338.9,0.39,0.44,2025-07-15,1203,N20,VIIRS,n,2,295.71,11.6,D,0
-12.857,27.23141,336.59,0.39,0.44,2025-07-15,1203,N20,VIIRS,n,2,301.1,15.28,D,0
-12.85639,27.23502,338.53,0.39,0.44,2025-07-15,1203,N20,VIIRS,n,2,297.19,15.28,D,0
-12.853,27.23068,340.93,0.39,0.44,2025-07-15,1203,N20,VIIRS,n,2,299.41,4.07,D,0
-12.8374,25.82024,331.02,0.49,0.4,2025-07-15,1203,N20,VIIRS,n,2,298.51,16.54,D,0
-12.75137,25.86662,336.6,0.49,0.4,2025-07-15,1203,N20,VIIRS,n,2,302.71,8.05,D,0
-12.75063,25.87113,328.37,0.49,0.4,2025-07-15,1203,N20,VIIRS,l,2,298.47,8.05,D,0
-12.74766,25.866,354.72,0.49,0.4,2025-07-15,1203,N20,VIIRS,n,2,306.17,36.88,D,0
-12.73177,27.47438,331.51,0.4,0.44,2025-07-15,1203,N20,VIIRS,n,2,299.65,2.77,D,0
-12.73111,27.47816,347.14,0.4,0.44,2025-07-15,1203,N20,VIIRS,n,2,302.62,7.3,D,0
-12.72771,27.47363,340.31,0.4,0.44,2025-07-15,1203,N20,VIIRS,n,2,301.8,10.54,D,0
-12.72638,27.48113,340.33,0.4,0.44,2025-07-15,1203,N20,VIIRS,n,2,299.21,34.18,D,0
-12.7243,27.46915,340.61,0.4,0.44,2025-07-15,1203,N20,VIIRS,n,2,301.31,10.54,D,0
-12.72298,27.4766,331.27,0.4,0.44,2025-07-15,1203,N20,VIIRS,n,2,301.07,34.18,D,0
-12.72023,27.46843,347.26,0.4,0.44,2025-07-15,1203,N20,VIIRS,n,2,304.64,9.02,D,0
-12.7078,25.51632,335.03,0.47,0.4,2025-07-15,1203,N20,VIIRS,n,2,298.35,3.47,D,0
-12.70779,27.46988,346.79,0.4,0.44,2025-07-15,1203,N20,VIIRS,n,2,302.34,10.01,D,0
-12.70737,27.46988,348.32,0.4,0.44,2025-07-15,1203,N20,VIIRS,n,2,302.06,9.32,D,0
-12.70715,27.47362,337.03,0.4,0.44,2025-07-15,1203,N20,VIIRS,n,2,302.39,9.19,D,0
-12.70671,27.47361,334.61,0.4,0.44,2025-07-15,1203,N20,VIIRS,n,2,302.1,4.36,D,0
-12.70604,27.47735,329.07,0.4,0.44,2025-07-15,1203,N20,VIIRS,l,2,300.98,4.36,D,0
-12.70435,27.46545,334.54,0.4,0.44,2025-07-15,1203,N20,VIIRS,n,2,299.92,6.38,D,0
-12.70372,27.46916,342.6,0.4,0.44,2025-07-15,1203,N20,VIIRS,n,2,302.81,6.38,D,0
-12.70244,27.47664,351.51,0.4,0.44,2025-07-15,1203,N20,VIIRS,n,2,301.56,19.09,D,0
-12.69964,27.46844,347.6,0.4,0.44,2025-07-15,1203,N20,VIIRS,n,2,303.55,6.38,D,0
-12.69837,27.47591,349.66,0.4,0.44,2025-07-15,1203,N20,VIIRS,n,2,303.9,19.09,D,0
-12.69557,27.46773,349.68,0.4,0.44,2025-07-15,1203,N20,VIIRS,n,2,303.7,32.24,D,0
-12.69493,27.47144,351.73,0.4,0.44,2025-07-15,1203,N20,VIIRS,n,2,303.15,29.16,D,0
-12.68733,25.48171,349.5,0.47,0.4,2025-07-15,1203,N20,VIIRS,n,2,304.83,15.39,D,0
-12.67852,25.67248,330.24,0.48,0.4,2025-07-15,1203,N20,VIIRS,l,2,301.2,26.95,D,0
-12.67558,25.66742,344.64,0.48,0.4,2025-07-15,1203,N20,VIIRS,n,2,298.64,7.65,D,0
-12.67517,26.14027,352.21,0.51,0.41,2025-07-15,1203,N20,VIIRS,n,2,300.13,9.49,D,0
-12.67485,25.67184,327.43,0.48,0.4,2025-07-15,1203,N20,VIIRS,l,2,299.94,26.95,D,0
-12.67438,26.14496,336.51,0.51,0.41,2025-07-15,1203,N20,VIIRS,n,2,301.93,6.09,D,0
-12.67413,25.67622,345.83,0.48,0.4,2025-07-15,1203,N20,VIIRS,n,2,308.14,26.95,D,0
-12.67141,26.13959,335.79,0.51,0.41,2025-07-15,1203,N20,VIIRS,n,2,299.45,3.45,D,0
-12.61829,25.76233,341.82,0.49,0.4,2025-07-15,1203,N20,VIIRS,n,2,299.72,5.94,D,0
-12.61342,27.33799,338.89,0.4,0.44,2025-07-15,1203,N20,VIIRS,n,2,297.2,2.4,D,0
-12.59907,26.96695,333.32,0.57,0.43,2025-07-15,1203,N20,VIIRS,n,2,297.7,3.74,D,0
-12.59377,25.84078,340.74,0.49,0.4,2025-07-15,1203,N20,VIIRS,n,2,302.75,24.12,D,0
-12.59301,25.84526,351.33,0.49,0.4,2025-07-15,1203,N20,VIIRS,n,2,306.47,24.12,D,0
-12.59082,27.47042,340.55,0.4,0.45,2025-07-15,1203,N20,VIIRS,n,2,301.94,2.94,D,0
-12.58931,25.84463,332.08,0.49,0.4,2025-07-15,1203,N20,VIIRS,l,2,305.04,22.41,D,0
-12.58856,25.84911,345.71,0.49,0.4,2025-07-15,1203,N20,VIIRS,n,2,302.93,31.11,D,0
-12.58561,25.84398,341.09,0.49,0.4,2025-07-15,1203,N20,VIIRS,n,2,302.07,22.41,D,0
-12.58548,27.47705,340.99,0.4,0.45,2025-07-15,1203,N20,VIIRS,n,2,303.91,6.22,D,0
-12.58191,25.84332,345.53,0.49,0.4,2025-07-15,1203,N20,VIIRS,n,2,300.96,9.44,D,0
-12.58115,25.8478,330.82,0.49,0.4,2025-07-15,1203,N20,VIIRS,n,2,300.79,7.36,D,0
-12.58039,25.8523,337,0.49,0.4,2025-07-15,1203,N20,VIIRS,n,2,301.3,7.36,D,0
-12.57669,25.85164,335.43,0.49,0.4,2025-07-15,1203,N20,VIIRS,n,2,302.22,7.36,D,0
-12.57323,27.47488,340.32,0.4,0.45,2025-07-15,1203,N20,VIIRS,n,2,304.08,5.66,D,0
-12.57259,27.4786,354.61,0.41,0.45,2025-07-15,1203,N20,VIIRS,n,2,306.27,14.03,D,0
-12.56914,27.47414,349.38,0.4,0.45,2025-07-15,1203,N20,VIIRS,n,2,304.84,16.28,D,0
-12.5685,27.47788,343.46,0.41,0.45,2025-07-15,1203,N20,VIIRS,n,2,307.49,38.87,D,0
-12.55902,26.32512,335.91,0.52,0.42,2025-07-15,1203,N20,VIIRS,n,2,299.97,5.46,D,0
-12.54687,25.65138,343.4,0.48,0.4,2025-07-15,1203,N20,VIIRS,n,2,301.13,5.94,D,0
-12.54591,25.52098,345.63,0.47,0.4,2025-07-15,1203,N20,VIIRS,n,2,312.38,44.82,D,0
-12.54519,25.52532,332.32,0.47,0.4,2025-07-15,1203,N20,VIIRS,n,2,299.81,15.14,D,0
-12.53661,26.43557,340.78,0.53,0.42,2025-07-15,1203,N20,VIIRS,n,2,304.3,18.84,D,0
-12.53278,26.43488,337.4,0.53,0.42,2025-07-15,1203,N20,VIIRS,n,2,306.23,18.84,D,0
-12.52375,27.32602,342.71,0.4,0.44,2025-07-15,1203,N20,VIIRS,n,2,299.62,6.09,D,0
-12.51969,27.32536,343.08,0.4,0.44,2025-07-15,1203,N20,VIIRS,n,2,298.31,4.67,D,0
-12.51946,27.32516,342.92,0.4,0.44,2025-07-15,1203,N20,VIIRS,n,2,297.07,3.94,D,0
-12.51905,27.32898,333.27,0.4,0.44,2025-07-15,1203,N20,VIIRS,n,2,296.24,4.67,D,0
-12.51884,27.32878,329.6,0.4,0.44,2025-07-15,1203,N20,VIIRS,n,2,295.45,3.94,D,0
-12.49178,26.58392,334.08,0.54,0.42,2025-07-15,1203,N20,VIIRS,n,2,300.49,5.69,D,0
-12.48983,25.38378,352.64,0.47,0.39,2025-07-15,1203,N20,VIIRS,n,2,303.03,12.99,D,0
-12.4896,25.47644,328.27,0.47,0.4,2025-07-15,1203,N20,VIIRS,n,2,297.32,3.24,D,0
-12.48621,25.38316,354.63,0.47,0.39,2025-07-15,1203,N20,VIIRS,n,2,299.65,20.49,D,0
-12.48417,27.40952,332.9,0.4,0.44,2025-07-15,1203,N20,VIIRS,n,2,295.32,3.3,D,0
-12.48249,27.49314,336.21,0.41,0.45,2025-07-15,1203,N20,VIIRS,n,2,301.25,3.5,D,0
-12.4801,27.40879,354.2,0.4,0.44,2025-07-15,1203,N20,VIIRS,n,2,300.95,7.39,D,0
-12.47603,27.40807,343.35,0.4,0.44,2025-07-15,1203,N20,VIIRS,n,2,299.75,7.39,D,0
-12.47552,26.24423,340.42,0.52,0.41,2025-07-15,1203,N20,VIIRS,n,2,299.65,7.26,D,0
-12.47285,26.98292,339.77,0.57,0.43,2025-07-15,1203,N20,VIIRS,n,2,299.37,10.26,D,0
-12.47243,25.37641,330.69,0.47,0.39,2025-07-15,1203,N20,VIIRS,n,2,297.62,2.15,D,0
-12.47195,27.40734,335.35,0.4,0.44,2025-07-15,1203,N20,VIIRS,n,2,300.11,3.78,D,0
-12.4707,26.98539,347.74,0.57,0.43,2025-07-15,1203,N20,VIIRS,n,2,299.17,8.93,D,0
-12.46794,26.24289,333.93,0.52,0.41,2025-07-15,1203,N20,VIIRS,n,2,299.4,3.36,D,0
-12.46524,27.47078,355.27,0.41,0.45,2025-07-15,1203,N20,VIIRS,n,2,302.75,18.09,D,0
-12.46324,25.43214,331.06,0.47,0.4,2025-07-15,1203,N20,VIIRS,n,2,299.95,8.49,D,0
-12.45745,27.44274,334.16,0.4,0.45,2025-07-15,1203,N20,VIIRS,n,2,300.74,3.35,D,0
-12.44756,26.31817,345.96,0.52,0.42,2025-07-15,1203,N20,VIIRS,n,2,299.33,16.66,D,0
-12.44346,27.40224,341.5,0.4,0.44,2025-07-15,1203,N20,VIIRS,n,2,303.65,8.49,D,0
-12.42857,25.92546,331.47,0.5,0.41,2025-07-15,1203,N20,VIIRS,n,2,300.6,1.77,D,0
-12.42276,26.00457,339.92,0.5,0.41,2025-07-15,1203,N20,VIIRS,n,2,302.39,5.42,D,0
-12.42189,26.00574,335.65,0.5,0.41,2025-07-15,1203,N20,VIIRS,n,2,301.89,5.29,D,0
-12.42048,27.02641,329.69,0.38,0.43,2025-07-15,1203,N20,VIIRS,n,2,299.51,5.63,D,0
-12.41867,27.03698,355.36,0.38,0.43,2025-07-15,1203,N20,VIIRS,n,2,297.67,11.57,D,0
-12.41686,25.85004,333.89,0.49,0.41,2025-07-15,1203,N20,VIIRS,n,2,303.82,4.28,D,0
-12.41204,26.20411,340.4,0.52,0.41,2025-07-15,1203,N20,VIIRS,n,2,300.85,10.39,D,0
-12.41132,27.03201,339.3,0.38,0.43,2025-07-15,1203,N20,VIIRS,n,2,299.77,3.04,D,0
-12.40929,27.01994,335.03,0.57,0.43,2025-07-15,1203,N20,VIIRS,n,2,301.01,7.01,D,0
-12.40854,27.0243,335.61,0.38,0.43,2025-07-15,1203,N20,VIIRS,n,2,300.6,4.86,D,0
-12.40826,26.20343,356.02,0.52,0.41,2025-07-15,1203,N20,VIIRS,n,2,300.87,10.39,D,0
-12.40709,27.27445,341.4,0.4,0.44,2025-07-15,1203,N20,VIIRS,n,2,301.86,28.81,D,0
-12.40647,27.2781,340.46,0.4,0.44,2025-07-15,1203,N20,VIIRS,n,2,308.83,28.81,D,0
-12.40305,27.27374,336.37,0.4,0.44,2025-07-15,1203,N20,VIIRS,n,2,299.95,3.42,D,0
-12.39974,25.86109,332.51,0.49,0.41,2025-07-15,1203,N20,VIIRS,n,2,306.9,13.84,D,0
-12.39899,25.8656,333.04,0.49,0.41,2025-07-15,1203,N20,VIIRS,n,2,302.92,9.05,D,0
-12.39594,25.90699,335.18,0.5,0.41,2025-07-15,1203,N20,VIIRS,l,2,307.4,6.89,D,0
-12.39369,26.28889,328.95,0.52,0.42,2025-07-15,1203,N20,VIIRS,n,2,298.08,3.8,D,0
-12.38784,25.86367,330.52,0.49,0.41,2025-07-15,1203,N20,VIIRS,l,2,300.93,4.9,D,0
-12.38218,27.48719,332.77,0.41,0.45,2025-07-15,1203,N20,VIIRS,n,2,297.25,4.31,D,0
-12.37944,27.4862,341.19,0.41,0.45,2025-07-15,1203,N20,VIIRS,n,2,301.12,8.13,D,0
-12.37859,25.96504,329.6,0.5,0.41,2025-07-15,1203,N20,VIIRS,n,2,300.86,2.49,D,0
-12.37808,27.48647,341,0.41,0.45,2025-07-15,1203,N20,VIIRS,n,2,301.19,4.31,D,0
-12.37571,26.32512,344.65,0.52,0.42,2025-07-15,1203,N20,VIIRS,n,2,299.91,5.61,D,0
-12.3719,26.32441,338.23,0.52,0.42,2025-07-15,1203,N20,VIIRS,n,2,300.51,5.61,D,0
-12.3677,27.18926,340.74,0.39,0.44,2025-07-15,1203,N20,VIIRS,n,2,300.83,5.28,D,0
-12.36652,27.14836,328.13,0.39,0.44,2025-07-15,1203,N20,VIIRS,l,2,300.41,3.78,D,0
-12.36643,25.83183,337.16,0.49,0.4,2025-07-15,1203,N20,VIIRS,n,2,302.61,3.18,D,0
-12.36526,27.15561,337.54,0.39,0.44,2025-07-15,1203,N20,VIIRS,n,2,302.26,6.53,D,0
-12.36463,27.15923,340.31,0.39,0.44,2025-07-15,1203,N20,VIIRS,n,2,301.32,6.53,D,0
-12.36431,27.18495,339.31,0.39,0.44,2025-07-15,1203,N20,VIIRS,n,2,301.54,5.28,D,0
-12.36369,27.18852,339.72,0.39,0.44,2025-07-15,1203,N20,VIIRS,n,2,304.47,5.28,D,0
-12.36306,27.19211,339.92,0.39,0.44,2025-07-15,1203,N20,VIIRS,n,2,301.26,6.44,D,0
-12.35126,27.21225,332.52,0.39,0.44,2025-07-15,1203,N20,VIIRS,l,2,303.24,3.58,D,0
-12.35052,27.26429,334.26,0.4,0.44,2025-07-15,1203,N20,VIIRS,n,2,300.62,2.18,D,0
-12.3466,27.21517,329.84,0.39,0.44,2025-07-15,1203,N20,VIIRS,l,2,301.31,5.67,D,0
-12.34584,27.26722,349.04,0.4,0.44,2025-07-15,1203,N20,VIIRS,n,2,301.63,10.03,D,0
-12.34433,27.25196,334.16,0.4,0.44,2025-07-15,1203,N20,VIIRS,n,2,299.83,6.57,D,0
-12.34382,27.20729,332.43,0.39,0.44,2025-07-15,1203,N20,VIIRS,l,2,303.98,4.16,D,0
-12.3437,27.25559,329.4,0.4,0.44,2025-07-15,1203,N20,VIIRS,n,2,292.31,3.92,D,0
-12.34092,27.24767,345.31,0.4,0.44,2025-07-15,1203,N20,VIIRS,n,2,301.48,6.78,D,0
-12.34029,27.25129,367,0.4,0.44,2025-07-15,1203,N20,VIIRS,h,2,300.36,6.78,D,0
-12.33773,27.26589,341.67,0.4,0.44,2025-07-15,1203,N20,VIIRS,n,2,300.62,6.8,D,0
-12.33624,27.25063,334.64,0.4,0.44,2025-07-15,1203,N20,VIIRS,n,2,298.77,6.78,D,0
-12.3356,27.25428,355.13,0.4,0.44,2025-07-15,1203,N20,VIIRS,n,2,297.82,9.65,D,0
-12.33432,27.26156,339.98,0.4,0.44,2025-07-15,1203,N20,VIIRS,n,2,295.22,6.8,D,0
-12.33282,27.24637,334.89,0.4,0.44,2025-07-15,1203,N20,VIIRS,n,2,296.85,3.55,D,0
-12.33201,25.43244,344.77,0.47,0.4,2025-07-15,1203,N20,VIIRS,n,2,301.58,11.8,D,0
-12.33025,25.90981,337.76,0.5,0.41,2025-07-15,1203,N20,VIIRS,n,2,300.25,5.06,D,0
-12.32884,25.91051,338.64,0.5,0.41,2025-07-15,1203,N20,VIIRS,n,2,300.6,4.18,D,0
-12.32555,27.04192,328.98,0.38,0.44,2025-07-15,1203,N20,VIIRS,l,2,301.42,5.4,D,0
-12.32276,27.03417,350.8,0.38,0.44,2025-07-15,1203,N20,VIIRS,n,2,305.71,8.61,D,0
-12.32216,27.0377,328.18,0.38,0.44,2025-07-15,1203,N20,VIIRS,l,2,301.84,5.4,D,0
-12.32174,25.95982,332.35,0.5,0.41,2025-07-15,1203,N20,VIIRS,n,2,301.56,5.31,D,0
-12.32157,27.04122,354.98,0.38,0.44,2025-07-15,1203,N20,VIIRS,n,2,302.01,5.4,D,0
-12.32141,25.74668,331.84,0.49,0.4,2025-07-15,1203,N20,VIIRS,n,2,298.79,6.67,D,0
-12.32138,25.95602,327.8,0.5,0.41,2025-07-15,1203,N20,VIIRS,l,2,302.41,4.29,D,0
-12.31878,27.03346,349.15,0.38,0.44,2025-07-15,1203,N20,VIIRS,n,2,304.03,55.94,D,0
-12.31817,27.03701,355.02,0.38,0.44,2025-07-15,1203,N20,VIIRS,n,2,304.35,37.07,D,0
-12.31798,26.32652,327.2,0.52,0.42,2025-07-15,1203,N20,VIIRS,l,2,297.58,2.12,D,0
-12.3168,26.28692,334.35,0.52,0.42,2025-07-15,1203,N20,VIIRS,n,2,302.66,5.24,D,0
-12.316,26.29167,347.08,0.52,0.42,2025-07-15,1203,N20,VIIRS,n,2,303.39,7.35,D,0
-12.31557,26.34079,339.48,0.53,0.42,2025-07-15,1203,N20,VIIRS,n,2,301.24,5.81,D,0
-12.31418,27.03633,345.32,0.38,0.44,2025-07-15,1203,N20,VIIRS,n,2,309.27,37.07,D,0
-12.31417,26.32581,341.12,0.52,0.42,2025-07-15,1203,N20,VIIRS,n,2,299.95,20.24,D,0
-12.30955,26.32985,345.57,0.53,0.42,2025-07-15,1203,N20,VIIRS,n,2,301.44,17.22,D,0
-12.30816,25.9717,343.21,0.5,0.41,2025-07-15,1203,N20,VIIRS,n,2,298.78,8.05,D,0
-12.30812,25.73514,328.69,0.49,0.4,2025-07-15,1203,N20,VIIRS,l,2,300.66,1.97,D,0
-12.30713,25.97251,343.45,0.5,0.41,2025-07-15,1203,N20,VIIRS,n,2,301.21,8.27,D,0
-12.30654,26.32439,329.74,0.52,0.42,2025-07-15,1203,N20,VIIRS,n,2,299.49,6.17,D,0
-12.30637,25.9771,327.32,0.5,0.41,2025-07-15,1203,N20,VIIRS,l,2,298.93,8.27,D,0
-12.30573,26.32916,346.99,0.53,0.42,2025-07-15,1203,N20,VIIRS,n,2,301.58,10.97,D,0
-12.30537,26.28493,342.68,0.52,0.42,2025-07-15,1203,N20,VIIRS,n,2,300.81,8.68,D,0
-12.30442,25.7345,353.93,0.49,0.4,2025-07-15,1203,N20,VIIRS,n,2,302,13.21,D,0
-12.30338,25.97189,343.07,0.5,0.41,2025-07-15,1203,N20,VIIRS,n,2,296.64,4.65,D,0
-12.26839,26.23082,334.57,0.52,0.41,2025-07-15,1203,N20,VIIRS,n,2,299.82,6.09,D,0
-12.267,26.23416,335.31,0.52,0.41,2025-07-15,1203,N20,VIIRS,n,2,299.4,14.11,D,0
-12.2646,26.23008,331.55,0.52,0.41,2025-07-15,1203,N20,VIIRS,n,2,301.46,6.09,D,0
-12.26381,26.23486,341.6,0.52,0.42,2025-07-15,1203,N20,VIIRS,n,2,301.82,24.02,D,0
-12.26322,26.23344,354.29,0.52,0.41,2025-07-15,1203,N20,VIIRS,n,2,302.35,14.11,D,0
-12.26202,25.65538,331.19,0.48,0.4,2025-07-15,1203,N20,VIIRS,n,2,300.08,2.25,D,0
-12.26097,25.65414,333.14,0.48,0.4,2025-07-15,1203,N20,VIIRS,n,2,300.61,2.31,D,0
-12.25768,26.10753,332.11,0.51,0.41,2025-07-15,1203,N20,VIIRS,n,2,297.34,7.08,D,0
-12.25612,26.11686,332.24,0.51,0.41,2025-07-15,1203,N20,VIIRS,n,2,300.78,6.36,D,0
-12.25549,26.53151,349.72,0.54,0.42,2025-07-15,1203,N20,VIIRS,n,2,301.25,16.49,D,0
-12.25525,26.32526,331.57,0.53,0.42,2025-07-15,1203,N20,VIIRS,l,2,302.94,4.51,D,0
-12.25452,26.96594,332.07,0.57,0.43,2025-07-15,1203,N20,VIIRS,n,2,297.63,4.35,D,0
-12.25352,25.52277,332.29,0.48,0.4,2025-07-15,1203,N20,VIIRS,n,2,299.62,7.35,D,0
-12.25302,26.96315,328.73,0.57,0.43,2025-07-15,1203,N20,VIIRS,n,2,296.92,3.26,D,0
-12.24351,26.07625,330.44,0.51,0.41,2025-07-15,1203,N20,VIIRS,n,2,298.79,5.92,D,0
-12.24272,26.08093,338.69,0.51,0.41,2025-07-15,1203,N20,VIIRS,n,2,297.68,5.92,D,0
-12.23492,27.44907,334.97,0.41,0.45,2025-07-15,1203,N20,VIIRS,n,2,299.45,2.2,D,0
-12.23117,26.21941,332.14,0.52,0.41,2025-07-15,1203,N20,VIIRS,n,2,300.64,3.58,D,0
-12.22672,27.44765,329.03,0.41,0.45,2025-07-15,1203,N20,VIIRS,l,2,300.83,3.58,D,0
-12.21686,26.66318,334.67,0.55,0.43,2025-07-15,1203,N20,VIIRS,n,2,302.15,5.54,D,0
-12.21513,26.48018,332.97,0.54,0.42,2025-07-15,1203,N20,VIIRS,n,2,301.48,2.04,D,0
-12.20595,26.70299,330.64,0.55,0.43,2025-07-15,1203,N20,VIIRS,n,2,298.56,5.49,D,0
-12.19979,26.7386,332.38,0.56,0.43,2025-07-15,1203,N20,VIIRS,n,2,299.31,3.74,D,0
-12.84651,27.23919,307.61,0.52,0.41,2025-07-15,2310,N20,VIIRS,n,2,282.01,1.51,N,0
-12.64883,26.05787,341.46,0.41,0.45,2025-07-15,2310,N20,VIIRS,n,2,287.18,3.35,N,0
-12.64817,26.05412,311.97,0.41,0.45,2025-07-15,2310,N20,VIIRS,n,2,283.06,3.35,N,0
-12.6441,26.05492,298.01,0.41,0.45,2025-07-15,2310,N20,VIIRS,n,2,282.77,0.72,N,0