latitude,longitude,bright_ti4,scan,track,acq_date,acq_time,satellite,instrument,confidence,version,bright_ti5,frp,daynight
-13.11267,24.01917,295.52,0.43,0.62,2026-10-06,20,N21,VIIRS,n,2.0NRT,275.69,0.4,N
-13.08819,24.0063,303.98,0.43,0.62,2026-10-06,20,N21,VIIRS,n,2.0NRT,281.81,2.11,N
-13.08604,24.00764,310.49,0.43,0.62,2026-10-06,20,N21,VIIRS,n,2.0NRT,282,1.89,N
-13.0856,24.00371,304.38,0.43,0.62,2026-10-06,20,N21,VIIRS,n,2.0NRT,282.09,1.89,N
-13.08254,24.00701,323.19,0.43,0.62,2026-10-06,20,N21,VIIRS,n,2.0NRT,282.75,2.11,N
-13.08208,24.00309,308.53,0.43,0.62,2026-10-06,20,N21,VIIRS,n,2.0NRT,282.08,2.11,N
-13.07643,24.00381,297.68,0.43,0.62,2026-10-06,20,N21,VIIRS,n,2.0NRT,283.07,1.35,N
-13.06586,23.91458,295.96,0.42,0.61,2026-10-06,20,N21,VIIRS,n,2.0NRT,279.45,1.32,N
-13.05979,23.91148,309.78,0.42,0.61,2026-10-06,20,N21,VIIRS,n,2.0NRT,282.28,1.32,N
-13.05419,23.91221,308.74,0.42,0.61,2026-10-06,20,N21,VIIRS,n,2.0NRT,284.63,2.07,N
-17.67058,22.1645,306.75,0.37,0.58,2026-10-06,22,N21,VIIRS,n,2.0NRT,290.3,1.94,N
-17.66527,22.16517,318.36,0.37,0.58,2026-10-06,22,N21,VIIRS,n,2.0NRT,290.83,1.94,N
-17.65477,22.79278,301.27,0.4,0.6,2026-10-06,22,N21,VIIRS,n,2.0NRT,289.32,0.8,N
-17.41799,22.14694,306.35,0.36,0.58,2026-10-06,22,N21,VIIRS,n,2.0NRT,289.48,3.11,N
-17.39885,22.1184,302.91,0.36,0.57,2026-10-06,22,N21,VIIRS,n,2.0NRT,290.55,1.48,N
-17.39848,22.11502,306.38,0.36,0.57,2026-10-06,22,N21,VIIRS,n,2.0NRT,291.09,2.1,N
-17.25927,22.5468,302.62,0.38,0.59,2026-10-06,22,N21,VIIRS,n,2.0NRT,287.81,1.14,N
-17.12082,22.35296,308.35,0.37,0.58,2026-10-06,22,N21,VIIRS,n,2.0NRT,288.1,1.31,N
-17.02947,23.27635,312.15,0.43,0.62,2026-10-06,22,N21,VIIRS,n,2.0NRT,287.62,2.44,N
-17.02905,23.27237,310.96,0.43,0.62,2026-10-06,22,N21,VIIRS,n,2.0NRT,287.47,2.44,N
-15.8269,22.60573,305,0.37,0.58,2026-10-06,22,N21,VIIRS,n,2.0NRT,290.38,0.68,N
-15.06676,23.55017,299.68,0.42,0.61,2026-10-06,22,N21,VIIRS,n,2.0NRT,287.99,0.54,N
-14.63044,25.38393,310.89,0.56,0.68,2026-10-06,22,N21,VIIRS,n,2.0NRT,287.74,2.62,N
-14.62819,25.38643,303.93,0.56,0.69,2026-10-06,22,N21,VIIRS,n,2.0NRT,286.92,1.71,N
-14.6169,27.36397,295.96,0.76,0.77,2026-10-06,22,N21,VIIRS,n,2.0NRT,284.96,1.36,N
-14.53,25.52152,302.89,0.57,0.69,2026-10-06,22,N21,VIIRS,n,2.0NRT,287.23,0.86,N
-14.5267,25.52131,302.78,0.57,0.69,2026-10-06,22,N21,VIIRS,n,2.0NRT,287.03,1.33,N
-13.54579,23.4678,304.13,0.4,0.6,2026-10-06,22,N21,VIIRS,n,2.0NRT,288.49,0.57,N
-13.38454,23.47718,299.31,0.4,0.6,2026-10-06,22,N21,VIIRS,n,2.0NRT,284.33,0.72,N
-13.15428,24.00292,297.23,0.43,0.62,2026-10-06,22,N21,VIIRS,n,2.0NRT,282.51,1.37,N
-13.1406,23.16629,305.9,0.37,0.58,2026-10-06,22,N21,VIIRS,n,2.0NRT,290.03,1.12,N
-13.1402,23.16288,300.29,0.37,0.58,2026-10-06,22,N21,VIIRS,n,2.0NRT,289.74,1.26,N
-13.11607,24.01975,295.67,0.43,0.62,2026-10-06,22,N21,VIIRS,n,2.0NRT,275.69,0.99,N
-13.06753,22.99674,297.39,0.36,0.58,2026-10-06,22,N21,VIIRS,n,2.0NRT,286.23,0.23,N
-13.06631,22.98681,307.19,0.36,0.58,2026-10-06,22,N21,VIIRS,n,2.0NRT,288.03,1.29,N
-18.09794,32.14025,330.35,0.49,0.41,2026-10-06,1113,N21,VIIRS,n,2.0NRT,299.18,2.56,D
-18.05452,30.44938,346.32,0.41,0.45,2026-10-06,1113,N21,VIIRS,n,2.0NRT,304.66,9.27,D
-18.05322,30.44955,345.58,0.41,0.45,2026-10-06,1113,N21,VIIRS,n,2.0NRT,304.16,9.21,D
-17.96324,32.01508,339.43,0.5,0.41,2026-10-06,1113,N21,VIIRS,n,2.0NRT,299.51,8.41,D
-17.96055,32.01713,333.24,0.5,0.41,2026-10-06,1113,N21,VIIRS,n,2.0NRT,301.04,9.21,D
-17.96033,23.80571,342.98,0.56,0.69,2026-10-06,1113,N21,VIIRS,n,2.0NRT,297.46,8.29,D
-17.93954,32.0495,331.86,0.5,0.41,2026-10-06,1113,N21,VIIRS,l,2.0NRT,302.6,14.76,D
-17.85398,22.49359,336.75,0.68,0.74,2026-10-06,1113,N21,VIIRS,n,2.0NRT,299.52,9.36,D
-17.81464,31.71463,343.95,0.52,0.41,2026-10-06,1113,N21,VIIRS,n,2.0NRT,297.55,16.38,D
-17.6436,31.48992,337.6,0.53,0.42,2026-10-06,1113,N21,VIIRS,n,2.0NRT,302.17,18.49,D
-17.61732,23.96038,336.98,0.54,0.68,2026-10-06,1113,N21,VIIRS,n,2.0NRT,294.91,8.3,D
-17.5407,33.44403,338.5,0.43,0.38,2026-10-06,1113,N21,VIIRS,n,2.0NRT,291.11,5.13,D
-17.51517,29.95318,342.23,0.43,0.46,2026-10-06,1113,N21,VIIRS,n,2.0NRT,290.9,6.37,D
-17.4293,31.44803,334.62,0.53,0.42,2026-10-06,1113,N21,VIIRS,n,2.0NRT,302.57,3.14,D
-17.42628,30.94736,342.01,0.56,0.43,2026-10-06,1113,N21,VIIRS,n,2.0NRT,300.53,8.6,D
-17.39955,30.84156,334.28,0.57,0.43,2026-10-06,1113,N21,VIIRS,n,2.0NRT,300.48,11.15,D
-17.37144,31.24462,339.64,0.54,0.42,2026-10-06,1113,N21,VIIRS,n,2.0NRT,300.17,17.2,D
-17.21949,33.24083,336.69,0.43,0.38,2026-10-06,1113,N21,VIIRS,n,2.0NRT,294.86,4.52,D
-17.18878,30.86684,335.19,0.57,0.43,2026-10-06,1113,N21,VIIRS,n,2.0NRT,299.16,2.1,D
-17.16474,33.35171,332.98,0.43,0.38,2026-10-06,1113,N21,VIIRS,n,2.0NRT,300.47,5.42,D
-17.16418,33.35572,339.19,0.43,0.38,2026-10-06,1113,N21,VIIRS,n,2.0NRT,299.99,5.42,D
-17.14205,29.87278,337.42,0.43,0.46,2026-10-06,1113,N21,VIIRS,n,2.0NRT,289.94,8.02,D
-17.14103,29.88083,331.93,0.43,0.46,2026-10-06,1113,N21,VIIRS,n,2.0NRT,293.33,3.68,D
-17.12269,30.94391,330.89,0.56,0.43,2026-10-06,1113,N21,VIIRS,n,2.0NRT,296.91,3.93,D
-17.11976,33.47066,340.96,0.42,0.38,2026-10-06,1113,N21,VIIRS,n,2.0NRT,296.26,11.86,D
-17.10629,33.61735,347.5,0.42,0.38,2026-10-06,1113,N21,VIIRS,n,2.0NRT,301.51,11.99,D
-17.10285,33.61681,337.69,0.42,0.38,2026-10-06,1113,N21,VIIRS,n,2.0NRT,295.12,3.8,D
-17.10018,30.65449,349.31,0.39,0.44,2026-10-06,1113,N21,VIIRS,n,2.0NRT,301.36,7.94,D
-17.09618,30.65388,343.24,0.39,0.44,2026-10-06,1113,N21,VIIRS,n,2.0NRT,303.27,4.58,D
-17.09431,33.62747,338.3,0.42,0.37,2026-10-06,1113,N21,VIIRS,n,2.0NRT,293.57,7.64,D
-17.09073,33.43464,338.34,0.42,0.38,2026-10-06,1113,N21,VIIRS,n,2.0NRT,306.49,9.32,D
-17.04551,30.39876,347.58,0.4,0.44,2026-10-06,1113,N21,VIIRS,n,2.0NRT,295.56,7.36,D
-17.01466,30.57552,345.53,0.39,0.44,2026-10-06,1113,N21,VIIRS,n,2.0NRT,298.34,7.01,D
-17.0142,30.57913,351.38,0.39,0.44,2026-10-06,1113,N21,VIIRS,n,2.0NRT,299.2,7.01,D
-16.98853,30.52289,333.51,0.39,0.44,2026-10-06,1113,N21,VIIRS,n,2.0NRT,298.63,12.37,D
-16.98806,30.52656,344.43,0.39,0.44,2026-10-06,1113,N21,VIIRS,n,2.0NRT,303.08,16.09,D
-16.98092,30.51798,332.96,0.39,0.44,2026-10-06,1113,N21,VIIRS,n,2.0NRT,299.86,2.76,D
-16.98046,30.52165,330.71,0.39,0.44,2026-10-06,1113,N21,VIIRS,n,2.0NRT,297.35,2.76,D
-16.97567,31.24028,332.87,0.53,0.42,2026-10-06,1113,N21,VIIRS,n,2.0NRT,299.3,4.28,D
-16.96027,33.51571,330.16,0.42,0.38,2026-10-06,1113,N21,VIIRS,n,2.0NRT,298.1,3.38,D
-16.95482,30.49131,367,0.39,0.44,2026-10-06,1113,N21,VIIRS,h,2.0NRT,301.2,7.98,D
-16.95435,30.49495,335.73,0.39,0.44,2026-10-06,1113,N21,VIIRS,n,2.0NRT,298.98,7.98,D
-16.95377,33.04845,331.93,0.44,0.38,2026-10-06,1113,N21,VIIRS,n,2.0NRT,299.9,3.97,D
-16.93362,30.95581,333.58,0.56,0.43,2026-10-06,1113,N21,VIIRS,n,2.0NRT,297.8,3.41,D
-16.92637,33.40533,332.82,0.42,0.38,2026-10-06,1113,N21,VIIRS,l,2.0NRT,298.92,4.41,D
-16.92039,33.23311,345.67,0.43,0.38,2026-10-06,1113,N21,VIIRS,n,2.0NRT,305.63,8.19,D
-16.91888,33.40824,348.28,0.42,0.38,2026-10-06,1113,N21,VIIRS,n,2.0NRT,303.97,11.01,D
-16.91541,33.4077,343.55,0.42,0.38,2026-10-06,1113,N21,VIIRS,n,2.0NRT,300.53,4.7,D
-16.89897,31.04003,331.67,0.55,0.43,2026-10-06,1113,N21,VIIRS,n,2.0NRT,299.83,8.43,D
-16.89833,31.04507,333.85,0.55,0.43,2026-10-06,1113,N21,VIIRS,n,2.0NRT,301.92,8.43,D
-16.89823,31.04243,337.95,0.55,0.43,2026-10-06,1113,N21,VIIRS,n,2.0NRT,303.13,16.85,D
-16.898,30.67715,348.37,0.38,0.43,2026-10-06,1113,N21,VIIRS,n,2.0NRT,299.24,5.98,D
-16.82963,33.2195,338.64,0.43,0.38,2026-10-06,1113,N21,VIIRS,l,2.0NRT,306.92,7.72,D
-16.78299,33.2374,336.63,0.43,0.38,2026-10-06,1113,N21,VIIRS,l,2.0NRT,302.22,4.45,D
-16.78242,33.24139,336.52,0.43,0.38,2026-10-06,1113,N21,VIIRS,l,2.0NRT,304.74,4.45,D
-16.77262,33.43493,338.48,0.42,0.38,2026-10-06,1113,N21,VIIRS,n,2.0NRT,304.25,8.15,D
-16.77105,33.49514,334.3,0.42,0.38,2026-10-06,1113,N21,VIIRS,n,2.0NRT,303.02,3.47,D
-16.77062,33.19875,335.68,0.43,0.38,2026-10-06,1113,N21,VIIRS,l,2.0NRT,306.98,4.12,D
-16.77008,32.97126,341.47,0.44,0.38,2026-10-06,1113,N21,VIIRS,n,2.0NRT,298.49,4.12,D
-16.76472,33.49015,334.7,0.42,0.38,2026-10-06,1113,N21,VIIRS,n,2.0NRT,302.62,3.11,D
-16.73976,33.08694,345.55,0.43,0.38,2026-10-06,1113,N21,VIIRS,n,2.0NRT,307.58,12.88,D
-16.50084,33.5976,344.73,0.41,0.37,2026-10-06,1113,N21,VIIRS,n,2.0NRT,305.86,4.43,D
-17.68231,22.21819,341.17,0.71,0.75,2026-10-06,1115,N21,VIIRS,n,2.0NRT,296.25,14.88,D
-17.68221,22.21768,344.59,0.71,0.75,2026-10-06,1115,N21,VIIRS,n,2.0NRT,296.68,11.35,D
-17.67538,22.21766,339.85,0.71,0.75,2026-10-06,1115,N21,VIIRS,n,2.0NRT,296.16,14.88,D
-17.67528,22.21712,330.36,0.71,0.75,2026-10-06,1115,N21,VIIRS,n,2.0NRT,296.02,11.85,D
-17.6747,22.22379,340.62,0.71,0.75,2026-10-06,1115,N21,VIIRS,n,2.0NRT,295.3,11.85,D
-17.6733,22.78197,335.57,0.65,0.73,2026-10-06,1115,N21,VIIRS,n,2.0NRT,299.27,8.82,D
-17.66845,22.21713,340.66,0.71,0.75,2026-10-06,1115,N21,VIIRS,n,2.0NRT,297.35,16.12,D
-17.66835,22.21656,334.81,0.71,0.75,2026-10-06,1115,N21,VIIRS,n,2.0NRT,297.19,11.85,D
-17.66659,22.78141,347.87,0.65,0.73,2026-10-06,1115,N21,VIIRS,n,2.0NRT,300.68,18.64,D
-17.66603,22.78752,353.58,0.65,0.73,2026-10-06,1115,N21,VIIRS,n,2.0NRT,301.94,18.64,D
-17.66548,22.79361,345.64,0.65,0.73,2026-10-06,1115,N21,VIIRS,n,2.0NRT,299.47,39.2,D
-17.65988,22.78085,339.35,0.65,0.73,2026-10-06,1115,N21,VIIRS,n,2.0NRT,299.31,18.64,D
-17.65933,22.78696,335.4,0.65,0.73,2026-10-06,1115,N21,VIIRS,n,2.0NRT,299.43,18.64,D
-17.64075,22.21498,330.55,0.71,0.75,2026-10-06,1115,N21,VIIRS,n,2.0NRT,297.63,15.29,D
-17.64009,22.22095,330.54,0.71,0.75,2026-10-06,1115,N21,VIIRS,n,2.0NRT,297.46,12.93,D
-17.62679,22.21314,334.97,0.71,0.75,2026-10-06,1115,N21,VIIRS,n,2.0NRT,298.37,12.92,D
-17.61251,23.96073,331.15,0.54,0.68,2026-10-06,1115,N21,VIIRS,n,2.0NRT,293.82,12.2,D
-17.59402,22.19112,354.9,0.71,0.75,2026-10-06,1115,N21,VIIRS,n,2.0NRT,299.03,17.12,D
-17.44052,22.58513,334.28,0.67,0.73,2026-10-06,1115,N21,VIIRS,n,2.0NRT,301.39,11.21,D
-17.43834,22.58188,345.6,0.67,0.73,2026-10-06,1115,N21,VIIRS,n,2.0NRT,301.2,10,D
-17.42299,22.15181,350.2,0.71,0.75,2026-10-06,1115,N21,VIIRS,n,2.0NRT,300.35,17.02,D
-17.42252,22.15425,344.23,0.71,0.75,2026-10-06,1115,N21,VIIRS,n,2.0NRT,299.66,7.9,D
-17.40972,22.14405,352.99,0.71,0.75,2026-10-06,1115,N21,VIIRS,n,2.0NRT,300.91,26.52,D
-17.40278,22.1435,367,0.71,0.75,2026-10-06,1115,N21,VIIRS,h,2.0NRT,303.21,26.52,D
-17.3988,22.10946,331.12,0.72,0.75,2026-10-06,1115,N21,VIIRS,n,2.0NRT,300.84,6.54,D
-17.30209,22.17512,367,0.71,0.75,2026-10-06,1115,N21,VIIRS,h,2.0NRT,301.74,16.55,D
-17.29517,22.17456,336.06,0.71,0.75,2026-10-06,1115,N21,VIIRS,n,2.0NRT,301.02,16.55,D
-17.29154,21.97787,338.76,0.73,0.76,2026-10-06,1115,N21,VIIRS,n,2.0NRT,301.78,6.74,D
-17.28217,22.6181,330.57,0.66,0.73,2026-10-06,1115,N21,VIIRS,n,2.0NRT,298.97,3.87,D
-17.28133,22.17346,339.44,0.71,0.75,2026-10-06,1115,N21,VIIRS,n,2.0NRT,300.93,11.38,D
-17.27845,22.61851,330.81,0.66,0.73,2026-10-06,1115,N21,VIIRS,n,2.0NRT,299.15,6.91,D
-17.27441,22.1729,335.32,0.71,0.75,2026-10-06,1115,N21,VIIRS,n,2.0NRT,299.83,9.74,D
-17.26058,22.17177,337.46,0.71,0.75,2026-10-06,1115,N21,VIIRS,n,2.0NRT,302.62,9.91,D
-17.25998,22.17641,332.21,0.71,0.75,2026-10-06,1115,N21,VIIRS,n,2.0NRT,300.65,15.12,D
-17.08755,22.66998,337.89,0.65,0.73,2026-10-06,1115,N21,VIIRS,n,2.0NRT,300.66,12.4,D
-17.08416,22.67324,330.32,0.65,0.73,2026-10-06,1115,N21,VIIRS,l,2.0NRT,300.59,9.14,D
-17.05641,23.06081,333.83,0.61,0.71,2026-10-06,1115,N21,VIIRS,n,2.0NRT,299.13,6.19,D
-17.05613,23.05882,339.16,0.61,0.71,2026-10-06,1115,N21,VIIRS,n,2.0NRT,299.33,7.81,D
-16.86646,21.97126,332.25,0.72,0.76,2026-10-06,1115,N21,VIIRS,n,2.0NRT,297.84,9.34,D
-16.79068,22.75936,344.57,0.64,0.72,2026-10-06,1115,N21,VIIRS,n,2.0NRT,297.46,9.45,D
-16.78846,22.75669,349.73,0.64,0.72,2026-10-06,1115,N21,VIIRS,n,2.0NRT,298.58,13.33,D
-16.78402,22.75881,341.57,0.64,0.72,2026-10-06,1115,N21,VIIRS,n,2.0NRT,297.67,9.45,D
-16.77144,29.57306,343.16,0.45,0.47,2026-10-06,1115,N21,VIIRS,n,2.0NRT,275.37,12.72,D
-16.76665,31.32394,339.07,0.53,0.42,2026-10-06,1115,N21,VIIRS,n,2.0NRT,304.54,20.66,D
-16.76451,31.32046,334.42,0.53,0.42,2026-10-06,1115,N21,VIIRS,n,2.0NRT,300.79,12.64,D
-16.7622,31.3282,340.77,0.53,0.42,2026-10-06,1115,N21,VIIRS,n,2.0NRT,300.83,5.83,D
-16.74208,30.14641,341.99,0.41,0.45,2026-10-06,1115,N21,VIIRS,n,2.0NRT,295.36,17.72,D
-16.73795,30.14594,342.63,0.41,0.45,2026-10-06,1115,N21,VIIRS,n,2.0NRT,294.03,13.7,D
-16.73685,30.9022,331.03,0.56,0.43,2026-10-06,1115,N21,VIIRS,n,2.0NRT,299.98,8.32,D
-16.73293,30.9016,343.04,0.56,0.43,2026-10-06,1115,N21,VIIRS,n,2.0NRT,302.55,11.93,D
-16.71523,30.19351,331.9,0.41,0.45,2026-10-06,1115,N21,VIIRS,n,2.0NRT,294.19,3.62,D
-16.71063,30.1968,330.74,0.41,0.45,2026-10-06,1115,N21,VIIRS,n,2.0NRT,293.25,3.62,D
-16.68158,23.26323,334.14,0.59,0.7,2026-10-06,1115,N21,VIIRS,n,2.0NRT,296.38,5.84,D
-16.68077,29.49617,341.27,0.45,0.47,2026-10-06,1115,N21,VIIRS,n,2.0NRT,290.93,4.95,D
-16.68025,29.50044,341.72,0.45,0.47,2026-10-06,1115,N21,VIIRS,n,2.0NRT,291.36,4.95,D
-16.66254,29.88875,335.44,0.43,0.46,2026-10-06,1115,N21,VIIRS,n,2.0NRT,288.48,5.08,D
-16.65844,31.38544,333.46,0.52,0.42,2026-10-06,1115,N21,VIIRS,n,2.0NRT,291.27,8.22,D
-16.65337,31.8556,335.53,0.49,0.4,2026-10-06,1115,N21,VIIRS,n,2.0NRT,303.62,3.01,D
-16.61422,31.22782,343.73,0.53,0.42,2026-10-06,1115,N21,VIIRS,n,2.0NRT,299.98,13.94,D
-16.6134,31.05401,338.7,0.54,0.42,2026-10-06,1115,N21,VIIRS,n,2.0NRT,299.15,8.1,D
-16.60886,31.05851,336.88,0.54,0.42,2026-10-06,1115,N21,VIIRS,n,2.0NRT,301.07,4.8,D
-16.53885,32.92128,346.13,0.44,0.38,2026-10-06,1115,N21,VIIRS,n,2.0NRT,303.56,19.47,D
-16.53834,32.92156,342.3,0.44,0.38,2026-10-06,1115,N21,VIIRS,n,2.0NRT,305.1,21.6,D
-16.53252,30.26352,331.78,0.4,0.44,2026-10-06,1115,N21,VIIRS,n,2.0NRT,296.46,6.2,D
-16.52645,22.76266,337.63,0.63,0.72,2026-10-06,1115,N21,VIIRS,n,2.0NRT,296.75,3.9,D
-16.51516,31.30661,337.99,0.52,0.42,2026-10-06,1115,N21,VIIRS,n,2.0NRT,301.54,11.58,D
-16.49833,22.70642,353.55,0.64,0.72,2026-10-06,1115,N21,VIIRS,n,2.0NRT,298.46,14.16,D
-16.4529,30.36392,349.99,0.39,0.44,2026-10-06,1115,N21,VIIRS,n,2.0NRT,292.15,14.74,D
-16.44985,22.46607,346.68,0.66,0.73,2026-10-06,1115,N21,VIIRS,n,2.0NRT,300.82,10.83,D
-16.44951,30.36366,347.83,0.4,0.44,2026-10-06,1115,N21,VIIRS,n,2.0NRT,292.39,13.12,D
-16.40018,21.95905,331.52,0.71,0.75,2026-10-06,1115,N21,VIIRS,n,2.0NRT,300.91,5.46,D
-16.39324,21.95849,330.87,0.71,0.75,2026-10-06,1115,N21,VIIRS,n,2.0NRT,300.61,4.87,D
-16.30065,32.68578,347.65,0.45,0.39,2026-10-06,1115,N21,VIIRS,n,2.0NRT,301.6,8.72,D
-16.29709,32.68526,331.8,0.45,0.39,2026-10-06,1115,N21,VIIRS,l,2.0NRT,301.5,8.72,D
-16.27508,22.84231,345.6,0.62,0.72,2026-10-06,1115,N21,VIIRS,n,2.0NRT,296.43,12.5,D
-16.24156,33.18321,335.07,0.43,0.38,2026-10-06,1115,N21,VIIRS,n,2.0NRT,305.02,2.76,D
-16.241,33.18716,330.89,0.43,0.38,2026-10-06,1115,N21,VIIRS,l,2.0NRT,303.69,2.76,D
-16.23654,28.40983,335.45,0.52,0.5,2026-10-06,1115,N21,VIIRS,n,2.0NRT,295.96,4.38,D
-16.15875,28.6313,331.58,0.5,0.49,2026-10-06,1115,N21,VIIRS,n,2.0NRT,300,1.85,D
-16.13472,22.32705,337.93,0.67,0.74,2026-10-06,1115,N21,VIIRS,n,2.0NRT,298.81,19.63,D
-16.13372,33.7181,335.79,0.41,0.37,2026-10-06,1115,N21,VIIRS,l,2.0NRT,307.67,5.4,D
-16.13293,22.34573,367,0.67,0.74,2026-10-06,1115,N21,VIIRS,h,2.0NRT,302.01,25.25,D
-16.13233,22.35196,343.38,0.67,0.73,2026-10-06,1115,N21,VIIRS,n,2.0NRT,299.22,20.17,D
-16.12795,22.32645,367,0.67,0.74,2026-10-06,1115,N21,VIIRS,h,2.0NRT,300.36,19.63,D
-16.12376,33.76324,336.06,0.41,0.37,2026-10-06,1115,N21,VIIRS,l,2.0NRT,309.43,6.89,D
-16.10292,32.06231,338.86,0.47,0.4,2026-10-06,1115,N21,VIIRS,l,2.0NRT,305.52,7.47,D
-16.10231,32.06672,338.43,0.47,0.4,2026-10-06,1115,N21,VIIRS,l,2.0NRT,305.7,4.76,D
-16.08974,33.16459,338.62,0.43,0.38,2026-10-06,1115,N21,VIIRS,n,2.0NRT,307.05,6.06,D
-16.07924,33.68241,335.4,0.41,0.37,2026-10-06,1115,N21,VIIRS,l,2.0NRT,306.06,3.02,D
-16.06171,32.25228,338.7,0.46,0.39,2026-10-06,1115,N21,VIIRS,l,2.0NRT,308.3,9.28,D
-16.05749,32.25607,341.83,0.46,0.39,2026-10-06,1115,N21,VIIRS,n,2.0NRT,306.36,9.03,D
-16.04539,31.80474,342.16,0.49,0.4,2026-10-06,1115,N21,VIIRS,l,2.0NRT,305.91,8.69,D
-16.04376,31.80795,343.33,0.49,0.4,2026-10-06,1115,N21,VIIRS,l,2.0NRT,306.74,5.47,D
-16.0376,33.55889,344.77,0.41,0.37,2026-10-06,1115,N21,VIIRS,n,2.0NRT,306.55,12.74,D
-16.03702,28.36301,331.65,0.52,0.5,2026-10-06,1115,N21,VIIRS,n,2.0NRT,290.4,13.71,D
-16.03517,32.23068,345.37,0.46,0.39,2026-10-06,1115,N21,VIIRS,n,2.0NRT,307,9.81,D
-16.03417,33.55837,335.28,0.41,0.37,2026-10-06,1115,N21,VIIRS,l,2.0NRT,306.54,1.78,D
-16.00981,31.42063,338.97,0.51,0.41,2026-10-06,1115,N21,VIIRS,n,2.0NRT,305.75,4.95,D
-16.00233,31.64878,343.11,0.5,0.41,2026-10-06,1115,N21,VIIRS,l,2.0NRT,307.82,13.02,D
-16.00171,31.65341,347.63,0.5,0.41,2026-10-06,1115,N21,VIIRS,l,2.0NRT,305.31,13.02,D
-15.97129,32.64026,338.4,0.44,0.39,2026-10-06,1115,N21,VIIRS,n,2.0NRT,306.43,8.03,D
-15.96829,30.975,337.3,0.54,0.42,2026-10-06,1115,N21,VIIRS,n,2.0NRT,305.93,2.4,D
-15.96573,32.19014,335.4,0.47,0.39,2026-10-06,1115,N21,VIIRS,l,2.0NRT,305.52,5.58,D
-15.95208,31.61536,335.76,0.5,0.41,2026-10-06,1115,N21,VIIRS,l,2.0NRT,305.88,4.78,D
-15.95148,30.98289,336.82,0.54,0.42,2026-10-06,1115,N21,VIIRS,n,2.0NRT,305.24,3.69,D
-15.92689,30.42996,342.6,0.39,0.44,2026-10-06,1115,N21,VIIRS,n,2.0NRT,299.64,5.76,D
-15.92644,30.43354,340.14,0.39,0.44,2026-10-06,1115,N21,VIIRS,n,2.0NRT,299.76,3.69,D
-15.90684,30.55464,340.37,0.57,0.43,2026-10-06,1115,N21,VIIRS,n,2.0NRT,307.29,14.21,D
-15.90269,32.53722,335.08,0.45,0.39,2026-10-06,1115,N21,VIIRS,l,2.0NRT,306.67,7.12,D
-15.89938,30.61262,336.06,0.56,0.43,2026-10-06,1115,N21,VIIRS,n,2.0NRT,303.11,2.82,D
-15.89402,31.33379,332.3,0.51,0.41,2026-10-06,1115,N21,VIIRS,l,2.0NRT,305.43,3.42,D
-15.89387,31.33555,341.36,0.51,0.41,2026-10-06,1115,N21,VIIRS,n,2.0NRT,305.78,3.83,D
-15.87811,31.71259,336.9,0.49,0.4,2026-10-06,1115,N21,VIIRS,l,2.0NRT,307.21,7.99,D
-15.87164,30.94869,342.46,0.54,0.42,2026-10-06,1115,N21,VIIRS,n,2.0NRT,304.77,8.61,D
-15.87045,32.63832,337.48,0.44,0.39,2026-10-06,1115,N21,VIIRS,n,2.0NRT,307.14,4,D
-15.86911,32.5959,333.11,0.45,0.39,2026-10-06,1115,N21,VIIRS,l,2.0NRT,304.09,3.87,D
-15.86842,30.9431,346.7,0.54,0.42,2026-10-06,1115,N21,VIIRS,n,2.0NRT,305.6,9.62,D
-15.86388,30.94757,340.09,0.54,0.42,2026-10-06,1115,N21,VIIRS,n,2.0NRT,304.33,5.44,D
-15.86216,32.35479,334.11,0.46,0.39,2026-10-06,1115,N21,VIIRS,l,2.0NRT,303.07,5.37,D
-15.86065,32.3516,334.82,0.46,0.39,2026-10-06,1115,N21,VIIRS,l,2.0NRT,305.29,3.05,D
-15.86005,32.35587,331.37,0.46,0.39,2026-10-06,1115,N21,VIIRS,l,2.0NRT,302.81,3.05,D
-15.83331,31.60906,335.65,0.5,0.41,2026-10-06,1115,N21,VIIRS,l,2.0NRT,305.44,5.49,D
-15.82201,31.66374,337.4,0.49,0.4,2026-10-06,1115,N21,VIIRS,l,2.0NRT,306.49,12.81,D
-15.80933,28.8581,334.01,0.48,0.48,2026-10-06,1115,N21,VIIRS,n,2.0NRT,300.87,6.08,D
-15.80303,32.52777,335.29,0.45,0.39,2026-10-06,1115,N21,VIIRS,l,2.0NRT,305.18,2.51,D
-15.80245,30.59123,336.73,0.56,0.43,2026-10-06,1115,N21,VIIRS,n,2.0NRT,302.52,2.25,D
-15.79477,31.6129,340.57,0.49,0.41,2026-10-06,1115,N21,VIIRS,n,2.0NRT,307.51,13.05,D
-15.79328,31.0812,334.86,0.53,0.42,2026-10-06,1115,N21,VIIRS,l,2.0NRT,306.67,4.06,D
-15.77437,31.81882,334.44,0.48,0.4,2026-10-06,1115,N21,VIIRS,l,2.0NRT,302.94,2.61,D
-15.74302,32.44273,340.27,0.45,0.39,2026-10-06,1115,N21,VIIRS,l,2.0NRT,308.93,17.37,D
-15.74157,32.44613,334.35,0.45,0.39,2026-10-06,1115,N21,VIIRS,l,2.0NRT,307.52,11.84,D
-15.74113,26.88575,330.36,0.33,0.55,2026-10-06,1115,N21,VIIRS,n,2.0NRT,295.18,2.04,D
-15.69979,33.42636,338.93,0.41,0.37,2026-10-06,1115,N21,VIIRS,n,2.0NRT,304.97,5.37,D
-15.67924,33.76476,331.78,0.4,0.37,2026-10-06,1115,N21,VIIRS,l,2.0NRT,303.43,1.69,D
-15.65841,22.27297,330.56,0.67,0.74,2026-10-06,1115,N21,VIIRS,n,2.0NRT,299.4,5.53,D
-15.65809,33.42401,333.42,0.41,0.37,2026-10-06,1115,N21,VIIRS,l,2.0NRT,302.62,3.3,D
-15.65754,33.42784,339.58,0.41,0.37,2026-10-06,1115,N21,VIIRS,n,2.0NRT,302.79,3.3,D
-15.64017,33.7169,334.52,0.41,0.37,2026-10-06,1115,N21,VIIRS,n,2.0NRT,303.42,3.12,D
-15.60468,33.33355,334.95,0.42,0.37,2026-10-06,1115,N21,VIIRS,l,2.0NRT,304.64,4.73,D
-15.58059,30.40179,337.81,0.38,0.43,2026-10-06,1115,N21,VIIRS,n,2.0NRT,304.51,2.35,D
-15.57379,28.84596,332.73,0.48,0.48,2026-10-06,1115,N21,VIIRS,l,2.0NRT,303.55,5.86,D
-15.57362,28.84506,334.33,0.48,0.48,2026-10-06,1115,N21,VIIRS,n,2.0NRT,304.04,4.69,D
-15.56911,31.73782,336.85,0.48,0.4,2026-10-06,1115,N21,VIIRS,n,2.0NRT,300.88,5.45,D
-15.55056,31.70791,333.72,0.49,0.4,2026-10-06,1115,N21,VIIRS,n,2.0NRT,300,14.5,D
-15.54325,33.39486,334.14,0.41,0.37,2026-10-06,1115,N21,VIIRS,l,2.0NRT,303.19,4.84,D
-15.52061,31.49596,337.44,0.5,0.41,2026-10-06,1115,N21,VIIRS,n,2.0NRT,300.49,10.76,D
-15.5054,26.55957,367,0.34,0.56,2026-10-06,1115,N21,VIIRS,h,2.0NRT,292.85,7.86,D
-15.49977,33.16275,332.02,0.42,0.38,2026-10-06,1115,N21,VIIRS,l,2.0NRT,304.16,4.85,D
-15.47833,33.38485,345.49,0.41,0.37,2026-10-06,1115,N21,VIIRS,n,2.0NRT,303.66,5.34,D
-15.45376,30.42195,336.02,0.57,0.43,2026-10-06,1115,N21,VIIRS,n,2.0NRT,301.04,7.64,D
-15.45306,30.42725,338.27,0.57,0.43,2026-10-06,1115,N21,VIIRS,n,2.0NRT,305.05,7.64,D
-15.44181,33.63632,335.63,0.41,0.37,2026-10-06,1115,N21,VIIRS,n,2.0NRT,302.23,2.98,D
-15.41362,28.1214,334.7,0.53,0.5,2026-10-06,1115,N21,VIIRS,n,2.0NRT,299.16,9.03,D
-15.4132,33.68978,336.44,0.4,0.37,2026-10-06,1115,N21,VIIRS,n,2.0NRT,301.74,2.58,D
-15.40899,28.1208,343.33,0.53,0.5,2026-10-06,1115,N21,VIIRS,n,2.0NRT,305.07,9.03,D
-15.40436,28.12019,338.11,0.53,0.5,2026-10-06,1115,N21,VIIRS,n,2.0NRT,305.11,11.71,D
-15.38849,29.24385,330.64,0.45,0.47,2026-10-06,1115,N21,VIIRS,l,2.0NRT,301.59,1.85,D
-15.37262,29.09285,331.32,0.46,0.47,2026-10-06,1115,N21,VIIRS,l,2.0NRT,303.11,2.7,D
-15.36765,28.91931,338.24,0.47,0.48,2026-10-06,1115,N21,VIIRS,n,2.0NRT,305.72,3.5,D
-15.36712,28.92363,335.19,0.47,0.48,2026-10-06,1115,N21,VIIRS,n,2.0NRT,304.98,3.5,D
-15.36493,33.66375,331,0.41,0.37,2026-10-06,1115,N21,VIIRS,n,2.0NRT,299.74,1.77,D
-15.36327,28.91873,338.27,0.47,0.48,2026-10-06,1115,N21,VIIRS,n,2.0NRT,304.02,3.5,D
-15.3484,22.07446,367,0.68,0.74,2026-10-06,1115,N21,VIIRS,h,2.0NRT,301.38,34.15,D
-15.34703,22.0719,346.71,0.68,0.74,2026-10-06,1115,N21,VIIRS,n,2.0NRT,300.42,12.7,D
-15.3464,22.07822,348.46,0.68,0.74,2026-10-06,1115,N21,VIIRS,n,2.0NRT,300.66,21.53,D
-15.32482,29.01519,331.83,0.46,0.47,2026-10-06,1115,N21,VIIRS,l,2.0NRT,304.09,1.1,D
-15.32327,29.01653,333.95,0.46,0.47,2026-10-06,1115,N21,VIIRS,l,2.0NRT,304.6,2.13,D
-15.31865,27.98406,337.8,0.54,0.51,2026-10-06,1115,N21,VIIRS,n,2.0NRT,295.95,6.45,D
-15.31803,27.98906,332.68,0.54,0.51,2026-10-06,1115,N21,VIIRS,n,2.0NRT,294.17,6.45,D
-15.31742,28.48885,331.78,0.5,0.49,2026-10-06,1115,N21,VIIRS,l,2.0NRT,304.42,3.05,D
-15.31399,27.98339,333.3,0.54,0.51,2026-10-06,1115,N21,VIIRS,n,2.0NRT,295.99,11.14,D
-15.31276,27.99341,340.37,0.54,0.51,2026-10-06,1115,N21,VIIRS,n,2.0NRT,297.04,12.53,D
-15.30405,23.80353,338.39,0.52,0.67,2026-10-06,1115,N21,VIIRS,n,2.0NRT,292.35,3.8,D
-15.30397,23.80158,330.49,0.52,0.67,2026-10-06,1115,N21,VIIRS,n,2.0NRT,291.73,7.56,D
-15.29706,33.52572,337.57,0.41,0.37,2026-10-06,1115,N21,VIIRS,n,2.0NRT,302.73,5.57,D
-15.29366,33.5252,337.01,0.41,0.37,2026-10-06,1115,N21,VIIRS,n,2.0NRT,302.12,4.19,D
-15.28209,33.26559,336.01,0.42,0.37,2026-10-06,1115,N21,VIIRS,l,2.0NRT,304.09,5.3,D
-15.28005,29.68781,336.86,0.42,0.45,2026-10-06,1115,N21,VIIRS,n,2.0NRT,300.03,3.88,D
-15.26536,33.23546,335.05,0.42,0.37,2026-10-06,1115,N21,VIIRS,n,2.0NRT,303.14,4.07,D
-15.2648,33.23933,330.62,0.42,0.37,2026-10-06,1115,N21,VIIRS,l,2.0NRT,304.28,3.64,D
-15.25622,32.6144,353.06,0.44,0.38,2026-10-06,1115,N21,VIIRS,n,2.0NRT,305.37,7.42,D
-15.24922,30.21462,340.58,0.39,0.44,2026-10-06,1115,N21,VIIRS,n,2.0NRT,300,2.62,D
-15.23274,28.60119,333.46,0.49,0.49,2026-10-06,1115,N21,VIIRS,n,2.0NRT,303.25,3.36,D
-15.22827,28.60063,343.12,0.49,0.49,2026-10-06,1115,N21,VIIRS,n,2.0NRT,304.03,6.18,D
-15.21503,33.34188,331.52,0.41,0.37,2026-10-06,1115,N21,VIIRS,l,2.0NRT,301.46,2.75,D
-15.21143,33.21943,344.96,0.42,0.37,2026-10-06,1115,N21,VIIRS,n,2.0NRT,302.13,10.15,D
-15.19917,31.36199,337.2,0.5,0.41,2026-10-06,1115,N21,VIIRS,n,2.0NRT,301.81,3.45,D
-15.19752,28.55489,342.45,0.5,0.49,2026-10-06,1115,N21,VIIRS,n,2.0NRT,305.78,5.51,D
-15.18967,32.08288,331.69,0.46,0.39,2026-10-06,1115,N21,VIIRS,l,2.0NRT,301.76,3.58,D
-15.17333,29.20889,332.44,0.45,0.47,2026-10-06,1115,N21,VIIRS,n,2.0NRT,299.43,3.06,D
-15.17182,32.1588,335.58,0.46,0.39,2026-10-06,1115,N21,VIIRS,l,2.0NRT,302.9,3.9,D
-15.1717,29.25522,332.85,0.45,0.47,2026-10-06,1115,N21,VIIRS,n,2.0NRT,298.55,2.63,D
-15.16199,28.5976,337.44,0.49,0.49,2026-10-06,1115,N21,VIIRS,n,2.0NRT,303.63,3.49,D
-15.16061,28.59678,335.37,0.49,0.49,2026-10-06,1115,N21,VIIRS,n,2.0NRT,304.66,3.65,D
-15.1362,31.48951,330.87,0.49,0.41,2026-10-06,1115,N21,VIIRS,l,2.0NRT,304.3,5.46,D
-15.13161,29.97259,330.32,0.4,0.44,2026-10-06,1115,N21,VIIRS,n,2.0NRT,299.63,1.94,D
-15.12833,29.58862,344.04,0.42,0.46,2026-10-06,1115,N21,VIIRS,n,2.0NRT,301.98,4.41,D
-15.11813,33.47903,333.98,0.41,0.37,2026-10-06,1115,N21,VIIRS,l,2.0NRT,306.68,5.98,D
-15.1126,33.39665,331.54,0.41,0.37,2026-10-06,1115,N21,VIIRS,l,2.0NRT,305.72,3.83,D
-15.10878,33.12838,334.64,0.42,0.38,2026-10-06,1115,N21,VIIRS,l,2.0NRT,304.57,2.99,D
-15.10808,29.38013,336.59,0.44,0.46,2026-10-06,1115,N21,VIIRS,n,2.0NRT,303.59,6.91,D
-15.10378,32.0541,339.14,0.46,0.39,2026-10-06,1115,N21,VIIRS,n,2.0NRT,298.62,3.43,D
-15.09805,31.31128,331.89,0.5,0.41,2026-10-06,1115,N21,VIIRS,l,2.0NRT,306.78,3.08,D
-15.09191,30.18506,336,0.39,0.44,2026-10-06,1115,N21,VIIRS,n,2.0NRT,305.61,2.49,D
-15.07647,29.7596,342.48,0.41,0.45,2026-10-06,1115,N21,VIIRS,n,2.0NRT,304.19,11.92,D
-15.07597,29.76349,353.91,0.41,0.45,2026-10-06,1115,N21,VIIRS,n,2.0NRT,310.87,19.41,D
-15.07546,29.7674,341.95,0.41,0.45,2026-10-06,1115,N21,VIIRS,n,2.0NRT,304.15,19.41,D
-15.07185,29.76285,331.46,0.41,0.45,2026-10-06,1115,N21,VIIRS,l,2.0NRT,305.35,7.28,D
-15.06854,31.79753,330.01,0.48,0.4,2026-10-06,1115,N21,VIIRS,l,2.0NRT,303.36,4.88,D
-15.06837,33.36328,333.98,0.41,0.37,2026-10-06,1115,N21,VIIRS,l,2.0NRT,306.28,3.16,D
-15.06305,23.55166,345.81,0.54,0.68,2026-10-06,1115,N21,VIIRS,n,2.0NRT,293.22,8.41,D
-15.05593,33.62099,335.25,0.4,0.37,2026-10-06,1115,N21,VIIRS,l,2.0NRT,307.42,4.65,D
-15.0431,32.2271,340.11,0.45,0.39,2026-10-06,1115,N21,VIIRS,n,2.0NRT,303.27,4.24,D
-15.04173,29.86648,336.77,0.41,0.45,2026-10-06,1115,N21,VIIRS,n,2.0NRT,301.48,5.68,D
-15.03765,22.84609,340.85,0.6,0.71,2026-10-06,1115,N21,VIIRS,n,2.0NRT,298.2,7.39,D
-15.02578,26.56182,335.42,0.34,0.56,2026-10-06,1115,N21,VIIRS,n,2.0NRT,273.32,3.81,D
-15.02512,31.97463,331.94,0.47,0.39,2026-10-06,1115,N21,VIIRS,n,2.0NRT,297.13,2.04,D
-15.00202,32.8769,335.69,0.43,0.38,2026-10-06,1115,N21,VIIRS,n,2.0NRT,302.73,3.99,D
-14.98955,22.9967,342.03,0.59,0.7,2026-10-06,1115,N21,VIIRS,n,2.0NRT,297.21,6.59,D
-14.96021,33.28846,335.24,0.41,0.37,2026-10-06,1115,N21,VIIRS,n,2.0NRT,305.09,4.63,D
-14.94652,33.62771,334.34,0.4,0.37,2026-10-06,1115,N21,VIIRS,l,2.0NRT,305.76,3.29,D
-14.94081,31.69536,330.85,0.48,0.4,2026-10-06,1115,N21,VIIRS,l,2.0NRT,305.04,2.8,D
-14.93684,33.15902,331.03,0.42,0.37,2026-10-06,1115,N21,VIIRS,l,2.0NRT,303.32,4.18,D
-14.92692,29.72452,339.79,0.41,0.45,2026-10-06,1115,N21,VIIRS,n,2.0NRT,303.69,4.02,D
-14.92577,32.10743,331.81,0.46,0.39,2026-10-06,1115,N21,VIIRS,n,2.0NRT,303.32,3.49,D
-14.92358,31.25782,331.41,0.5,0.41,2026-10-06,1115,N21,VIIRS,l,2.0NRT,305.5,3.29,D
-14.92134,31.19056,337.53,0.51,0.41,2026-10-06,1115,N21,VIIRS,n,2.0NRT,307.63,7.48,D
-14.91919,33.56931,335.64,0.41,0.37,2026-10-06,1115,N21,VIIRS,n,2.0NRT,303.79,3.22,D
-14.91751,33.58073,342.15,0.4,0.37,2026-10-06,1115,N21,VIIRS,n,2.0NRT,305.73,4.08,D
-14.91284,28.20947,338.42,0.52,0.5,2026-10-06,1115,N21,VIIRS,n,2.0NRT,278.93,8.65,D
-14.90826,28.20892,337.54,0.52,0.5,2026-10-06,1115,N21,VIIRS,n,2.0NRT,281.49,14.42,D
-14.90115,30.27534,334.36,0.57,0.43,2026-10-06,1115,N21,VIIRS,n,2.0NRT,301.04,4.21,D
-14.89969,28.203,340.18,0.52,0.5,2026-10-06,1115,N21,VIIRS,n,2.0NRT,287.11,11.48,D
-14.89912,28.20772,343.71,0.52,0.5,2026-10-06,1115,N21,VIIRS,n,2.0NRT,286.66,15.73,D
-14.89909,28.20429,346.05,0.52,0.5,2026-10-06,1115,N21,VIIRS,n,2.0NRT,288.29,17.86,D
-14.89035,32.444,332.45,0.44,0.39,2026-10-06,1115,N21,VIIRS,n,2.0NRT,301.13,2.3,D
-14.87557,31.46703,336.45,0.49,0.4,2026-10-06,1115,N21,VIIRS,n,2.0NRT,306.89,4.84,D
-14.83564,31.86082,335.56,0.47,0.4,2026-10-06,1115,N21,VIIRS,l,2.0NRT,306.36,3.25,D
-14.83201,31.86028,337.39,0.47,0.4,2026-10-06,1115,N21,VIIRS,n,2.0NRT,306.92,3.25,D
-14.82537,32.88324,335.4,0.43,0.38,2026-10-06,1115,N21,VIIRS,n,2.0NRT,304.78,3.68,D
-14.81514,30.8032,331.69,0.53,0.42,2026-10-06,1115,N21,VIIRS,l,2.0NRT,305.11,2.01,D
-14.81376,31.64235,331.15,0.48,0.4,2026-10-06,1115,N21,VIIRS,l,2.0NRT,304.73,3.47,D
-14.77715,32.78385,332.23,0.43,0.38,2026-10-06,1115,N21,VIIRS,l,2.0NRT,304.46,3.01,D
-14.76017,23.35922,331.41,0.55,0.68,2026-10-06,1115,N21,VIIRS,n,2.0NRT,291.69,4.01,D
-14.76013,23.17674,332.36,0.57,0.69,2026-10-06,1115,N21,VIIRS,n,2.0NRT,292.02,6.54,D
-14.71268,33.47326,341.19,0.41,0.37,2026-10-06,1115,N21,VIIRS,n,2.0NRT,303.1,5.75,D
-14.69466,33.72573,336.54,0.4,0.37,2026-10-06,1115,N21,VIIRS,n,2.0NRT,304.43,4.95,D
-14.68404,28.96577,335.82,0.46,0.47,2026-10-06,1115,N21,VIIRS,n,2.0NRT,299.99,3.26,D
-14.66957,29.76637,339.99,0.41,0.45,2026-10-06,1115,N21,VIIRS,n,2.0NRT,303.59,2.91,D
-14.63206,33.11398,346.23,0.42,0.37,2026-10-06,1115,N21,VIIRS,n,2.0NRT,307.65,5.99,D
-14.6315,33.11785,335.35,0.42,0.37,2026-10-06,1115,N21,VIIRS,l,2.0NRT,308.23,5.99,D
-14.61205,29.18435,337.12,0.44,0.46,2026-10-06,1115,N21,VIIRS,n,2.0NRT,302.8,3.08,D
-14.59798,28.73217,330.05,0.47,0.48,2026-10-06,1115,N21,VIIRS,l,2.0NRT,304.76,6.34,D
-14.59722,28.88516,338.24,0.46,0.47,2026-10-06,1115,N21,VIIRS,n,2.0NRT,305.3,4.9,D
-14.59171,23.07571,367,0.57,0.69,2026-10-06,1115,N21,VIIRS,h,2.0NRT,295.71,14.54,D
-14.59104,29.34743,330.28,0.43,0.46,2026-10-06,1115,N21,VIIRS,l,2.0NRT,303.64,2.22,D
-14.56338,32.5862,337.45,0.43,0.38,2026-10-06,1115,N21,VIIRS,n,2.0NRT,305.78,2.15,D
-14.56044,32.58168,338.06,0.43,0.38,2026-10-06,1115,N21,VIIRS,l,2.0NRT,306.55,3.52,D
-14.55986,32.58574,334.6,0.43,0.38,2026-10-06,1115,N21,VIIRS,l,2.0NRT,307.38,3.52,D
-14.53817,33.45044,332.93,0.41,0.37,2026-10-06,1115,N21,VIIRS,l,2.0NRT,305.86,2.59,D
-14.5347,33.54618,332.86,0.4,0.37,2026-10-06,1115,N21,VIIRS,l,2.0NRT,306.13,1.79,D
-14.52094,24.84523,349.37,0.43,0.62,2026-10-06,1115,N21,VIIRS,n,2.0NRT,289.84,13.19,D
-14.51695,28.56084,345.17,0.49,0.48,2026-10-06,1115,N21,VIIRS,n,2.0NRT,306.97,20.42,D
-14.51403,28.76122,331.29,0.47,0.48,2026-10-06,1115,N21,VIIRS,l,2.0NRT,302.84,3.09,D
-14.5129,28.7344,339.21,0.47,0.48,2026-10-06,1115,N21,VIIRS,n,2.0NRT,299.67,3.61,D
-14.51235,28.73882,330.52,0.47,0.48,2026-10-06,1115,N21,VIIRS,l,2.0NRT,301.13,5.23,D
-14.51229,28.73466,339.95,0.47,0.48,2026-10-06,1115,N21,VIIRS,n,2.0NRT,300.54,3.79,D
-14.5087,28.83985,330.53,0.47,0.47,2026-10-06,1115,N21,VIIRS,l,2.0NRT,304.59,2.23,D
-14.50626,29.33656,334.62,0.43,0.46,2026-10-06,1115,N21,VIIRS,n,2.0NRT,302.62,5.35,D
-14.50555,28.90046,341.65,0.46,0.47,2026-10-06,1115,N21,VIIRS,n,2.0NRT,303.21,8.09,D
-14.50205,29.33597,348.19,0.43,0.46,2026-10-06,1115,N21,VIIRS,n,2.0NRT,303.29,5.35,D
-14.49461,28.26949,334.95,0.51,0.49,2026-10-06,1115,N21,VIIRS,l,2.0NRT,305.29,4.34,D
-14.49438,29.4919,342.21,0.42,0.45,2026-10-06,1115,N21,VIIRS,n,2.0NRT,303.08,14.4,D
-14.49021,29.49135,346.37,0.42,0.45,2026-10-06,1115,N21,VIIRS,n,2.0NRT,307.3,14.4,D
-14.49008,28.26894,340.21,0.51,0.49,2026-10-06,1115,N21,VIIRS,n,2.0NRT,306.93,5.67,D
-14.48968,29.49536,338.51,0.42,0.45,2026-10-06,1115,N21,VIIRS,n,2.0NRT,303.81,14.4,D
-14.48094,33.5258,336.44,0.4,0.37,2026-10-06,1115,N21,VIIRS,n,2.0NRT,303.73,4.72,D
-14.47682,28.8361,342.09,0.46,0.47,2026-10-06,1115,N21,VIIRS,n,2.0NRT,306.53,5.29,D
-14.47535,33.54032,331.22,0.4,0.37,2026-10-06,1115,N21,VIIRS,l,2.0NRT,305.93,2.55,D
-14.47165,28.73849,339.89,0.47,0.48,2026-10-06,1115,N21,VIIRS,n,2.0NRT,303.77,3.19,D
-14.4702,24.19642,342.73,0.48,0.65,2026-10-06,1115,N21,VIIRS,n,2.0NRT,292.82,6.22,D
-14.4669,33.55075,335.81,0.4,0.37,2026-10-06,1115,N21,VIIRS,n,2.0NRT,303.44,3.56,D
-14.46226,24.15936,330.7,0.48,0.65,2026-10-06,1115,N21,VIIRS,n,2.0NRT,294.1,8.61,D
-14.46175,24.16397,367,0.48,0.65,2026-10-06,1115,N21,VIIRS,h,2.0NRT,294.77,8.61,D
-14.45271,29.25167,339.55,0.44,0.46,2026-10-06,1115,N21,VIIRS,n,2.0NRT,305.04,7.23,D
-14.45071,29.40237,342.32,0.43,0.46,2026-10-06,1115,N21,VIIRS,n,2.0NRT,304.3,6.96,D
-14.44847,29.25119,330.24,0.44,0.46,2026-10-06,1115,N21,VIIRS,l,2.0NRT,303.14,1.87,D
-14.44617,28.93635,333.17,0.46,0.47,2026-10-06,1115,N21,VIIRS,n,2.0NRT,301.98,1.74,D
-14.44588,32.65132,336.87,0.43,0.38,2026-10-06,1115,N21,VIIRS,l,2.0NRT,310.11,13.32,D
-14.44182,29.50482,330.93,0.42,0.45,2026-10-06,1115,N21,VIIRS,l,2.0NRT,303.26,2.42,D
-14.44074,29.57867,333.99,0.42,0.45,2026-10-06,1115,N21,VIIRS,n,2.0NRT,303.93,2.75,D
-14.43286,32.61715,336.5,0.43,0.38,2026-10-06,1115,N21,VIIRS,l,2.0NRT,308.19,4.86,D
-14.42857,30.04848,332.91,0.39,0.44,2026-10-06,1115,N21,VIIRS,l,2.0NRT,303.28,1.77,D
-14.42821,32.52251,337.07,0.44,0.38,2026-10-06,1115,N21,VIIRS,l,2.0NRT,307.28,4.48,D
-14.42784,32.51855,336.67,0.44,0.38,2026-10-06,1115,N21,VIIRS,n,2.0NRT,308.53,4.54,D
-14.42726,32.52259,333.05,0.44,0.38,2026-10-06,1115,N21,VIIRS,l,2.0NRT,307.79,4.24,D
-14.42353,29.21077,337.69,0.44,0.46,2026-10-06,1115,N21,VIIRS,n,2.0NRT,302.86,3.42,D
-14.41424,28.66202,337.29,0.48,0.48,2026-10-06,1115,N21,VIIRS,n,2.0NRT,305.25,3.9,D
-14.41054,29.77909,332.63,0.4,0.45,2026-10-06,1115,N21,VIIRS,l,2.0NRT,303.78,2.08,D
-14.38451,33.41979,339.22,0.41,0.37,2026-10-06,1115,N21,VIIRS,n,2.0NRT,303.86,2.55,D
-14.38207,33.36527,332.15,0.41,0.37,2026-10-06,1115,N21,VIIRS,l,2.0NRT,304.22,2.08,D
-14.36838,29.597,338.03,0.41,0.45,2026-10-06,1115,N21,VIIRS,n,2.0NRT,304.46,4.04,D
-14.36788,29.60073,343.06,0.41,0.45,2026-10-06,1115,N21,VIIRS,n,2.0NRT,307.14,8.8,D
-14.36431,29.09857,349.42,0.45,0.47,2026-10-06,1115,N21,VIIRS,n,2.0NRT,304.23,17.9,D
-14.36338,29.14042,333.14,0.44,0.46,2026-10-06,1115,N21,VIIRS,l,2.0NRT,306.65,5.27,D
-14.36286,29.14453,347.82,0.44,0.46,2026-10-06,1115,N21,VIIRS,n,2.0NRT,309.16,5.27,D
-14.3606,28.06841,342.95,0.52,0.5,2026-10-06,1115,N21,VIIRS,n,2.0NRT,303.46,10.68,D
-14.36003,29.09805,349.1,0.45,0.47,2026-10-06,1115,N21,VIIRS,n,2.0NRT,306.07,11.89,D
-14.35857,33.3116,334.35,0.41,0.37,2026-10-06,1115,N21,VIIRS,n,2.0NRT,302.59,1.03,D
-14.35798,30.74072,330.29,0.53,0.42,2026-10-06,1115,N21,VIIRS,l,2.0NRT,304.38,1.06,D
-14.35732,28.75692,339.97,0.47,0.48,2026-10-06,1115,N21,VIIRS,n,2.0NRT,307.46,5.82,D
-14.3558,30.74333,332.53,0.53,0.42,2026-10-06,1115,N21,VIIRS,l,2.0NRT,305.04,1.75,D
-14.34001,29.15412,333.81,0.44,0.46,2026-10-06,1115,N21,VIIRS,l,2.0NRT,307.16,2.96,D
-14.33021,33.31537,338.35,0.41,0.37,2026-10-06,1115,N21,VIIRS,n,2.0NRT,306.48,3.43,D
-14.32992,29.72984,331.27,0.41,0.45,2026-10-06,1115,N21,VIIRS,l,2.0NRT,303.79,2.04,D
-14.32892,29.44553,340.13,0.42,0.45,2026-10-06,1115,N21,VIIRS,n,2.0NRT,309.03,7.91,D
-14.32178,33.42212,334.92,0.41,0.37,2026-10-06,1115,N21,VIIRS,n,2.0NRT,306.37,3.26,D
-14.32027,29.04418,341.62,0.45,0.47,2026-10-06,1115,N21,VIIRS,n,2.0NRT,307.27,7.07,D
-14.31766,33.30592,332.29,0.41,0.37,2026-10-06,1115,N21,VIIRS,l,2.0NRT,303.66,4.22,D
-14.31694,33.30558,332,0.41,0.37,2026-10-06,1115,N21,VIIRS,l,2.0NRT,302.9,2.08,D
-14.31375,29.6939,335.52,0.41,0.45,2026-10-06,1115,N21,VIIRS,n,2.0NRT,305.22,2.44,D
-14.31324,33.40924,334.31,0.41,0.37,2026-10-06,1115,N21,VIIRS,l,2.0NRT,304.23,4.16,D
-14.31269,33.41304,332.24,0.41,0.37,2026-10-06,1115,N21,VIIRS,l,2.0NRT,302.52,4.16,D
-14.30292,33.04177,332.73,0.42,0.37,2026-10-06,1115,N21,VIIRS,l,2.0NRT,303.37,2.81,D
-14.30182,26.90801,331.94,0.62,0.54,2026-10-06,1115,N21,VIIRS,n,2.0NRT,299.49,5.03,D
-14.29969,33.23312,343.43,0.41,0.37,2026-10-06,1115,N21,VIIRS,n,2.0NRT,305.98,3.62,D
-14.29539,29.36621,349.16,0.43,0.46,2026-10-06,1115,N21,VIIRS,n,2.0NRT,304.82,7.95,D
-14.29418,29.84418,344.89,0.4,0.44,2026-10-06,1115,N21,VIIRS,n,2.0NRT,303.7,4.56,D
-14.29291,33.3983,333.14,0.41,0.37,2026-10-06,1115,N21,VIIRS,n,2.0NRT,303.39,1.88,D
-14.28288,28.7744,334.54,0.47,0.47,2026-10-06,1115,N21,VIIRS,n,2.0NRT,303.96,2.27,D
-14.27346,29.71513,335.15,0.41,0.45,2026-10-06,1115,N21,VIIRS,n,2.0NRT,303.23,3.38,D
-14.27246,29.82014,334.23,0.4,0.44,2026-10-06,1115,N21,VIIRS,n,2.0NRT,301.43,2.01,D
-14.26749,29.72923,331.53,0.41,0.45,2026-10-06,1115,N21,VIIRS,l,2.0NRT,302.12,1.08,D
-14.26368,29.44565,334.45,0.42,0.45,2026-10-06,1115,N21,VIIRS,l,2.0NRT,305.4,3.41,D
-14.26341,29.576,341.46,0.41,0.45,2026-10-06,1115,N21,VIIRS,n,2.0NRT,305.63,9.61,D
-14.25867,32.74272,334.48,0.43,0.38,2026-10-06,1115,N21,VIIRS,n,2.0NRT,302.33,3.16,D
-14.25677,29.40094,333.56,0.42,0.46,2026-10-06,1115,N21,VIIRS,l,2.0NRT,306.23,3.12,D
-14.25519,30.83546,333.57,0.52,0.42,2026-10-06,1115,N21,VIIRS,l,2.0NRT,304.77,3.52,D
-14.2405,28.6895,331.01,0.47,0.48,2026-10-06,1115,N21,VIIRS,l,2.0NRT,305.46,3.62,D
-14.23839,28.32655,330.67,0.5,0.49,2026-10-06,1115,N21,VIIRS,n,2.0NRT,301.06,1.11,D
-14.23752,27.42596,334.24,0.57,0.52,2026-10-06,1115,N21,VIIRS,n,2.0NRT,298.43,5.16,D
-14.23716,27.42408,334.86,0.57,0.52,2026-10-06,1115,N21,VIIRS,n,2.0NRT,297.97,4.58,D
-14.236,29.43004,333.62,0.42,0.45,2026-10-06,1115,N21,VIIRS,l,2.0NRT,303.84,9.27,D
-14.2355,29.43398,343.93,0.42,0.45,2026-10-06,1115,N21,VIIRS,n,2.0NRT,305.61,10.98,D
-14.2351,29.07111,333.48,0.45,0.47,2026-10-06,1115,N21,VIIRS,l,2.0NRT,305.45,3.56,D
-14.23336,27.42008,334.87,0.57,0.52,2026-10-06,1115,N21,VIIRS,n,2.0NRT,298.17,9.5,D
-14.2332,29.28521,334.81,0.43,0.46,2026-10-06,1115,N21,VIIRS,l,2.0NRT,305.02,5.78,D
-14.23305,27.41823,340.96,0.57,0.52,2026-10-06,1115,N21,VIIRS,n,2.0NRT,298.64,5.69,D
-14.22989,28.87606,330.53,0.46,0.47,2026-10-06,1115,N21,VIIRS,l,2.0NRT,304.09,2.74,D
-14.22874,28.95291,335.68,0.45,0.47,2026-10-06,1115,N21,VIIRS,n,2.0NRT,302.29,3.91,D
-14.22151,32.70495,332.71,0.43,0.38,2026-10-06,1115,N21,VIIRS,n,2.0NRT,300.59,2.25,D
-14.21353,25.51793,352.04,0.39,0.59,2026-10-06,1115,N21,VIIRS,n,2.0NRT,285.24,23.01,D
-14.21312,25.52147,355.58,0.39,0.59,2026-10-06,1115,N21,VIIRS,l,2.0NRT,287.16,24.39,D
-14.20811,25.51726,336.89,0.39,0.59,2026-10-06,1115,N21,VIIRS,n,2.0NRT,283.37,6.79,D
-14.20728,25.52437,330.29,0.39,0.59,2026-10-06,1115,N21,VIIRS,n,2.0NRT,286.73,6.41,D
-14.20464,29.26923,343.62,0.43,0.46,2026-10-06,1115,N21,VIIRS,n,2.0NRT,307.46,10.54,D
-14.20186,25.52371,331.83,0.39,0.59,2026-10-06,1115,N21,VIIRS,n,2.0NRT,288.47,6.41,D
-14.20145,29.32563,344.49,0.43,0.46,2026-10-06,1115,N21,VIIRS,n,2.0NRT,306.61,9,D
-14.19985,29.07491,341.97,0.44,0.46,2026-10-06,1115,N21,VIIRS,n,2.0NRT,308.3,4.47,D
-14.19711,28.14601,342.37,0.51,0.49,2026-10-06,1115,N21,VIIRS,n,2.0NRT,306.46,6.44,D
-14.19256,28.14547,348.6,0.51,0.49,2026-10-06,1115,N21,VIIRS,n,2.0NRT,306.42,9.45,D
-14.19,29.62386,367,0.41,0.45,2026-10-06,1115,N21,VIIRS,h,2.0NRT,304.36,12.23,D
-14.18589,29.62326,331.57,0.41,0.45,2026-10-06,1115,N21,VIIRS,n,2.0NRT,301.93,3.15,D
-14.17178,28.05103,337.16,0.52,0.5,2026-10-06,1115,N21,VIIRS,n,2.0NRT,305.67,31.15,D
-14.1712,28.05584,354.9,0.52,0.5,2026-10-06,1115,N21,VIIRS,n,2.0NRT,312.94,31.15,D
-14.17085,28.05342,354.04,0.52,0.5,2026-10-06,1115,N21,VIIRS,n,2.0NRT,310.07,20.78,D
-14.17023,28.0582,341.25,0.52,0.5,2026-10-06,1115,N21,VIIRS,n,2.0NRT,306.54,20.78,D
-14.16861,28.6898,337.21,0.47,0.48,2026-10-06,1115,N21,VIIRS,l,2.0NRT,307.22,2.33,D
-14.16284,29.80276,337.72,0.4,0.44,2026-10-06,1115,N21,VIIRS,n,2.0NRT,304.16,4.45,D
-14.15333,29.20127,341.97,0.44,0.46,2026-10-06,1115,N21,VIIRS,n,2.0NRT,305.51,8.6,D
-14.14909,29.20077,349.32,0.44,0.46,2026-10-06,1115,N21,VIIRS,n,2.0NRT,304.9,13.41,D
-14.147,29.85646,334.53,0.4,0.44,2026-10-06,1115,N21,VIIRS,n,2.0NRT,301.42,3.77,D
-14.14333,28.95066,341.39,0.45,0.47,2026-10-06,1115,N21,VIIRS,n,2.0NRT,308.46,6.31,D
-14.14074,27.53984,330.94,0.56,0.52,2026-10-06,1115,N21,VIIRS,n,2.0NRT,272.07,6.62,D
-14.13988,27.06965,336.89,0.6,0.53,2026-10-06,1115,N21,VIIRS,n,2.0NRT,298.24,10.07,D
-14.13485,29.57338,331.44,0.41,0.45,2026-10-06,1115,N21,VIIRS,l,2.0NRT,301.6,2.26,D
-14.13383,28.82133,342.66,0.46,0.47,2026-10-06,1115,N21,VIIRS,n,2.0NRT,306.77,5.86,D
-14.13361,27.08025,331.93,0.6,0.53,2026-10-06,1115,N21,VIIRS,n,2.0NRT,301.31,7.54,D
-14.13294,27.08579,342.51,0.6,0.53,2026-10-06,1115,N21,VIIRS,n,2.0NRT,301.84,7.54,D
-14.13261,28.93225,340.46,0.45,0.47,2026-10-06,1115,N21,VIIRS,n,2.0NRT,306.02,2.37,D
-14.13238,29.84248,346.58,0.4,0.44,2026-10-06,1115,N21,VIIRS,n,2.0NRT,306.69,8.85,D
-14.13188,29.84622,334.19,0.4,0.44,2026-10-06,1115,N21,VIIRS,n,2.0NRT,301.38,8.85,D
-14.12795,30.86238,334.8,0.52,0.41,2026-10-06,1115,N21,VIIRS,l,2.0NRT,307.28,3.55,D
-14.12702,24.09579,334.7,0.48,0.65,2026-10-06,1115,N21,VIIRS,n,2.0NRT,286.59,7.98,D
-14.12448,30.86452,336.85,0.52,0.41,2026-10-06,1115,N21,VIIRS,n,2.0NRT,306.35,2.62,D
-14.12334,29.75528,332,0.4,0.44,2026-10-06,1115,N21,VIIRS,l,2.0NRT,304.97,2.45,D
-14.11458,30.82383,340.53,0.52,0.42,2026-10-06,1115,N21,VIIRS,n,2.0NRT,309.72,4.57,D
-14.10613,28.65569,336.12,0.47,0.48,2026-10-06,1115,N21,VIIRS,n,2.0NRT,305.57,4.94,D
-14.10549,29.82738,337.89,0.4,0.44,2026-10-06,1115,N21,VIIRS,n,2.0NRT,302.73,4.18,D
-14.10463,30.13818,347.41,0.57,0.43,2026-10-06,1115,N21,VIIRS,n,2.0NRT,305.44,9.59,D
-14.10353,30.13546,338.1,0.57,0.43,2026-10-06,1115,N21,VIIRS,n,2.0NRT,306.13,8.59,D
-14.10315,29.78255,341.09,0.4,0.44,2026-10-06,1115,N21,VIIRS,n,2.0NRT,303.78,4.03,D
-14.09381,29.82197,330.89,0.4,0.44,2026-10-06,1115,N21,VIIRS,l,2.0NRT,304.57,1.99,D
-14.09131,28.66728,330.8,0.47,0.48,2026-10-06,1115,N21,VIIRS,l,2.0NRT,303.28,1.9,D
-14.09131,29.01501,343.4,0.45,0.47,2026-10-06,1115,N21,VIIRS,n,2.0NRT,306.85,11.4,D
-14.08824,29.17223,342.04,0.44,0.46,2026-10-06,1115,N21,VIIRS,n,2.0NRT,304.19,5.19,D
-14.08609,29.15564,332.26,0.44,0.46,2026-10-06,1115,N21,VIIRS,l,2.0NRT,305.94,2.95,D
-14.08557,29.15966,331.36,0.44,0.46,2026-10-06,1115,N21,VIIRS,l,2.0NRT,305.98,2.95,D
-14.08307,29.87222,336.42,0.4,0.44,2026-10-06,1115,N21,VIIRS,n,2.0NRT,304.78,4.97,D
-14.08093,29.79408,332.31,0.4,0.44,2026-10-06,1115,N21,VIIRS,l,2.0NRT,304.79,1.77,D
-14.069,28.88115,367,0.46,0.47,2026-10-06,1115,N21,VIIRS,h,2.0NRT,306.98,13.49,D
-14.06819,30.96354,334.68,0.51,0.41,2026-10-06,1115,N21,VIIRS,l,2.0NRT,306.65,6.47,D
-14.06469,28.88055,330.38,0.46,0.47,2026-10-06,1115,N21,VIIRS,n,2.0NRT,302.44,0.97,D
-14.05998,29.57874,335.07,0.41,0.45,2026-10-06,1115,N21,VIIRS,n,2.0NRT,303.19,5.2,D
-14.05306,29.31051,330.1,0.43,0.46,2026-10-06,1115,N21,VIIRS,l,2.0NRT,303.93,2,D
-14.04755,29.70251,339.23,0.4,0.45,2026-10-06,1115,N21,VIIRS,n,2.0NRT,306.46,4.18,D
-14.03437,29.61372,336.56,0.41,0.45,2026-10-06,1115,N21,VIIRS,n,2.0NRT,302.9,4.45,D
-14.03389,29.61737,334.75,0.41,0.45,2026-10-06,1115,N21,VIIRS,n,2.0NRT,303.67,3.73,D
-14.02731,27.31005,334.8,0.58,0.52,2026-10-06,1115,N21,VIIRS,n,2.0NRT,302.29,2.54,D
-14.026,29.67678,331.04,0.41,0.45,2026-10-06,1115,N21,VIIRS,l,2.0NRT,302.49,1.79,D
-14.01782,29.67567,342.55,0.41,0.45,2026-10-06,1115,N21,VIIRS,n,2.0NRT,300.98,3.76,D
-14.01468,29.37705,334.01,0.42,0.45,2026-10-06,1115,N21,VIIRS,n,2.0NRT,303.57,3,D
-14.01323,29.67885,344.21,0.41,0.45,2026-10-06,1115,N21,VIIRS,n,2.0NRT,304.14,8.38,D
-14.01183,29.2318,340.13,0.43,0.46,2026-10-06,1115,N21,VIIRS,n,2.0NRT,301.81,2.32,D
-14.01109,29.23256,336.64,0.43,0.46,2026-10-06,1115,N21,VIIRS,n,2.0NRT,301.11,2.1,D
-14.00263,28.30992,335.51,0.5,0.49,2026-10-06,1115,N21,VIIRS,n,2.0NRT,301.34,3.66,D
-13.99256,29.89685,332.82,0.39,0.44,2026-10-06,1115,N21,VIIRS,l,2.0NRT,303.84,3.38,D
-13.98787,29.87032,330.24,0.39,0.44,2026-10-06,1115,N21,VIIRS,l,2.0NRT,302.6,1.56,D
-13.98743,30.05676,331.82,0.38,0.43,2026-10-06,1115,N21,VIIRS,l,2.0NRT,303.85,3.88,D
-13.97911,25.96998,345.65,0.36,0.57,2026-10-06,1115,N21,VIIRS,n,2.0NRT,284.7,13.34,D
-13.97873,25.97333,367,0.36,0.57,2026-10-06,1115,N21,VIIRS,h,2.0NRT,294.87,22.66,D
-13.97866,25.97148,367,0.36,0.57,2026-10-06,1115,N21,VIIRS,h,2.0NRT,293.99,21.42,D
-13.97835,25.97668,351.77,0.36,0.57,2026-10-06,1115,N21,VIIRS,n,2.0NRT,296.95,22.66,D
-13.97826,25.97482,367,0.36,0.57,2026-10-06,1115,N21,VIIRS,h,2.0NRT,298.55,21.42,D
-13.97797,25.98002,367,0.36,0.57,2026-10-06,1115,N21,VIIRS,h,2.0NRT,296.72,18.96,D
-13.97785,25.97816,355.62,0.36,0.57,2026-10-06,1115,N21,VIIRS,n,2.0NRT,302.3,25.14,D
-13.97759,25.98335,338.97,0.36,0.57,2026-10-06,1115,N21,VIIRS,n,2.0NRT,294.76,18.96,D
-13.97745,25.98149,367,0.36,0.57,2026-10-06,1115,N21,VIIRS,h,2.0NRT,297.81,25.14,D
-13.97656,29.76831,334.87,0.4,0.44,2026-10-06,1115,N21,VIIRS,n,2.0NRT,303.1,1.84,D
-13.97382,25.96749,337.48,0.36,0.57,2026-10-06,1115,N21,VIIRS,n,2.0NRT,284.61,7.91,D
-13.97341,25.97083,367,0.36,0.57,2026-10-06,1115,N21,VIIRS,h,2.0NRT,299.38,11.68,D
-13.97301,25.97418,354.72,0.36,0.57,2026-10-06,1115,N21,VIIRS,n,2.0NRT,298.67,11.68,D
-13.9726,25.97753,344,0.36,0.57,2026-10-06,1115,N21,VIIRS,n,2.0NRT,298.27,10.98,D
-13.97249,29.70402,342.74,0.4,0.44,2026-10-06,1115,N21,VIIRS,n,2.0NRT,302.89,4.47,D
-13.9722,25.98086,367,0.36,0.57,2026-10-06,1115,N21,VIIRS,h,2.0NRT,294.9,10.98,D
-13.9718,25.98419,343.66,0.36,0.57,2026-10-06,1115,N21,VIIRS,n,2.0NRT,294.37,11.01,D
-13.97091,28.52034,332.29,0.48,0.48,2026-10-06,1115,N21,VIIRS,l,2.0NRT,302.46,2.04,D
-13.96856,25.96689,337.74,0.36,0.57,2026-10-06,1115,N21,VIIRS,n,2.0NRT,292.82,7.91,D
-13.96816,25.97024,337.55,0.36,0.57,2026-10-06,1115,N21,VIIRS,n,2.0NRT,295.17,11.68,D
-13.96695,25.98028,343.81,0.36,0.57,2026-10-06,1115,N21,VIIRS,n,2.0NRT,296.17,10.98,D
-13.96655,25.9836,367,0.36,0.57,2026-10-06,1115,N21,VIIRS,h,2.0NRT,296.38,11.01,D
-13.96309,28.37015,334.44,0.49,0.49,2026-10-06,1115,N21,VIIRS,n,2.0NRT,300.47,5.13,D
-13.96169,25.97972,337.35,0.36,0.57,2026-10-06,1115,N21,VIIRS,n,2.0NRT,297.05,16.59,D
-13.96129,25.98303,352.79,0.36,0.57,2026-10-06,1115,N21,VIIRS,n,2.0NRT,298.55,14.06,D
-13.95733,29.60133,335.42,0.41,0.45,2026-10-06,1115,N21,VIIRS,n,2.0NRT,302.28,5.78,D
-13.95643,27.021,336.94,0.6,0.53,2026-10-06,1115,N21,VIIRS,n,2.0NRT,298.02,5,D
-13.95429,29.5304,339.75,0.41,0.45,2026-10-06,1115,N21,VIIRS,n,2.0NRT,305.67,5.73,D
-13.95315,29.47577,334.42,0.42,0.45,2026-10-06,1115,N21,VIIRS,l,2.0NRT,306.57,5.03,D
-13.95032,28.09601,336.01,0.51,0.49,2026-10-06,1115,N21,VIIRS,l,2.0NRT,307.88,4.86,D
-13.94849,29.47912,348.63,0.42,0.45,2026-10-06,1115,N21,VIIRS,n,2.0NRT,307.93,7.6,D
-13.94377,29.25602,331.75,0.43,0.46,2026-10-06,1115,N21,VIIRS,l,2.0NRT,304.18,3.57,D
-13.91688,28.86792,330.53,0.45,0.47,2026-10-06,1115,N21,VIIRS,l,2.0NRT,300.97,2.08,D
-13.90626,29.63995,332.58,0.41,0.45,2026-10-06,1115,N21,VIIRS,l,2.0NRT,303.52,3,D
-13.89955,30.16957,334.26,0.57,0.43,2026-10-06,1115,N21,VIIRS,n,2.0NRT,301.15,7.88,D
-13.89696,29.51912,342.29,0.41,0.45,2026-10-06,1115,N21,VIIRS,n,2.0NRT,304.37,6.57,D
-13.89667,30.16726,332.75,0.57,0.43,2026-10-06,1115,N21,VIIRS,n,2.0NRT,300.52,6.27,D
-13.89559,30.16901,334.12,0.57,0.43,2026-10-06,1115,N21,VIIRS,n,2.0NRT,300.48,7.88,D
-13.89492,27.71964,342.96,0.54,0.51,2026-10-06,1115,N21,VIIRS,n,2.0NRT,305.9,8.32,D
-13.89202,28.50613,333.81,0.48,0.48,2026-10-06,1115,N21,VIIRS,n,2.0NRT,301.15,3.13,D
-13.89194,28.50569,331.81,0.48,0.48,2026-10-06,1115,N21,VIIRS,n,2.0NRT,301.14,2.89,D
-13.88859,28.2537,342.07,0.5,0.49,2026-10-06,1115,N21,VIIRS,n,2.0NRT,304.21,7.89,D
-13.88194,22.94574,346.51,0.57,0.69,2026-10-06,1115,N21,VIIRS,n,2.0NRT,293.22,7.22,D
-13.87894,29.68951,335.18,0.4,0.44,2026-10-06,1115,N21,VIIRS,n,2.0NRT,305,1.9,D
-13.86611,29.81891,347.03,0.4,0.44,2026-10-06,1115,N21,VIIRS,n,2.0NRT,303.8,8.43,D
-13.85626,29.61332,340.4,0.41,0.45,2026-10-06,1115,N21,VIIRS,n,2.0NRT,301.76,61.77,D
-13.85548,29.61356,340.7,0.41,0.45,2026-10-06,1115,N21,VIIRS,n,2.0NRT,301.08,57.55,D
-13.85143,32.58302,334.45,0.43,0.38,2026-10-06,1115,N21,VIIRS,l,2.0NRT,300.74,2.67,D
-13.84961,28.12646,330.87,0.51,0.49,2026-10-06,1115,N21,VIIRS,l,2.0NRT,304.64,3.78,D
-13.84507,28.12593,331.67,0.51,0.49,2026-10-06,1115,N21,VIIRS,l,2.0NRT,305.79,1.85,D
-13.84392,29.92532,345.35,0.39,0.44,2026-10-06,1115,N21,VIIRS,n,2.0NRT,304.26,7.87,D
-13.83714,28.37217,336.3,0.49,0.49,2026-10-06,1115,N21,VIIRS,n,2.0NRT,299.56,5.37,D
-13.83574,29.86254,340.87,0.39,0.44,2026-10-06,1115,N21,VIIRS,n,2.0NRT,300.39,1.8,D
-13.83531,28.20481,333.64,0.5,0.49,2026-10-06,1115,N21,VIIRS,l,2.0NRT,305.13,3.82,D
-13.81897,28.18878,331.27,0.5,0.49,2026-10-06,1115,N21,VIIRS,l,2.0NRT,304.83,3.01,D
-13.81775,29.87467,335.2,0.39,0.44,2026-10-06,1115,N21,VIIRS,n,2.0NRT,302.55,2.91,D
-13.8167,29.87392,333.02,0.39,0.44,2026-10-06,1115,N21,VIIRS,n,2.0NRT,301.35,4,D
-13.81539,29.79264,335.45,0.4,0.44,2026-10-06,1115,N21,VIIRS,n,2.0NRT,299.95,2.18,D
-13.8138,32.47223,330.35,0.43,0.38,2026-10-06,1115,N21,VIIRS,l,2.0NRT,303.28,3.03,D
-13.79528,28.90709,332.82,0.45,0.47,2026-10-06,1115,N21,VIIRS,n,2.0NRT,299.22,3.3,D
-13.78615,30.09758,330.25,0.57,0.43,2026-10-06,1115,N21,VIIRS,n,2.0NRT,300.13,3.15,D
-13.78256,28.02559,333.51,0.51,0.5,2026-10-06,1115,N21,VIIRS,l,2.0NRT,306.03,4.95,D
-13.78196,28.42239,334.96,0.48,0.48,2026-10-06,1115,N21,VIIRS,n,2.0NRT,298.97,2.59,D
-13.78065,29.64915,337.2,0.4,0.45,2026-10-06,1115,N21,VIIRS,n,2.0NRT,303,3.33,D
-13.77847,30.06489,350.11,0.57,0.43,2026-10-06,1115,N21,VIIRS,n,2.0NRT,302.6,23.15,D
-13.76972,29.70083,339.87,0.4,0.44,2026-10-06,1115,N21,VIIRS,n,2.0NRT,299.19,3.07,D
-13.76851,29.95811,338.82,0.39,0.44,2026-10-06,1115,N21,VIIRS,n,2.0NRT,295.45,10.68,D
-13.76301,28.32411,332.57,0.49,0.49,2026-10-06,1115,N21,VIIRS,l,2.0NRT,302.78,3.94,D
-13.74732,28.48122,337.83,0.48,0.48,2026-10-06,1115,N21,VIIRS,n,2.0NRT,298.55,5.64,D
-13.74676,28.48556,331.41,0.48,0.48,2026-10-06,1115,N21,VIIRS,n,2.0NRT,298.88,5.64,D
-13.74649,28.91318,344.89,0.45,0.47,2026-10-06,1115,N21,VIIRS,n,2.0NRT,301.32,12.81,D
-13.74369,28.40436,336.76,0.49,0.48,2026-10-06,1115,N21,VIIRS,n,2.0NRT,301.78,2.94,D
-13.7436,28.11582,331.41,0.51,0.49,2026-10-06,1115,N21,VIIRS,l,2.0NRT,304.01,4.2,D
-13.7429,28.48065,331.28,0.48,0.48,2026-10-06,1115,N21,VIIRS,n,2.0NRT,298.85,5.64,D
-13.73414,28.44386,331.24,0.48,0.48,2026-10-06,1115,N21,VIIRS,n,2.0NRT,301.05,3.37,D
-13.73049,31.54284,337.97,0.47,0.4,2026-10-06,1115,N21,VIIRS,l,2.0NRT,311.55,8.28,D
-13.72911,28.26879,341.34,0.5,0.49,2026-10-06,1115,N21,VIIRS,n,2.0NRT,300.5,5.14,D
-13.72773,29.92709,339.51,0.39,0.44,2026-10-06,1115,N21,VIIRS,n,2.0NRT,299.91,5.85,D
-13.72119,28.81811,340.86,0.46,0.47,2026-10-06,1115,N21,VIIRS,n,2.0NRT,301.13,5.79,D
-13.70582,22.47937,337.2,0.61,0.71,2026-10-06,1115,N21,VIIRS,n,2.0NRT,296.55,6.66,D
-13.69901,22.67271,349.77,0.6,0.7,2026-10-06,1115,N21,VIIRS,n,2.0NRT,297.31,12.7,D
-13.69838,22.66913,346.43,0.6,0.7,2026-10-06,1115,N21,VIIRS,n,2.0NRT,295.99,14.07,D
-13.69815,28.44395,332.46,0.48,0.48,2026-10-06,1115,N21,VIIRS,n,2.0NRT,299.97,4.5,D
-13.69779,22.67459,332.33,0.59,0.7,2026-10-06,1115,N21,VIIRS,n,2.0NRT,295.65,11.49,D
-13.6976,28.44833,339,0.48,0.48,2026-10-06,1115,N21,VIIRS,n,2.0NRT,297.98,17.14,D
-13.69706,28.45268,341.06,0.48,0.48,2026-10-06,1115,N21,VIIRS,n,2.0NRT,297.16,17.14,D
-13.69705,28.10661,335.45,0.51,0.49,2026-10-06,1115,N21,VIIRS,n,2.0NRT,298.04,3.01,D
-13.69373,28.44337,339.81,0.48,0.48,2026-10-06,1115,N21,VIIRS,n,2.0NRT,298.44,4.5,D
-13.69209,28.45647,331.52,0.48,0.48,2026-10-06,1115,N21,VIIRS,n,2.0NRT,297.5,1.96,D
-13.69141,28.18601,334.25,0.5,0.49,2026-10-06,1115,N21,VIIRS,n,2.0NRT,299.08,2.88,D
-13.68949,28.44359,330.31,0.48,0.48,2026-10-06,1115,N21,VIIRS,n,2.0NRT,296.67,1.27,D
-13.67737,28.71445,335.01,0.46,0.47,2026-10-06,1115,N21,VIIRS,n,2.0NRT,301.11,3.57,D
-13.67666,28.47226,344.34,0.48,0.48,2026-10-06,1115,N21,VIIRS,n,2.0NRT,301.71,9.44,D
-13.67663,28.47302,344.8,0.48,0.48,2026-10-06,1115,N21,VIIRS,n,2.0NRT,302.46,8.18,D
-13.67386,30.06906,335.73,0.57,0.43,2026-10-06,1115,N21,VIIRS,n,2.0NRT,304.03,3.59,D
-13.67356,28.70973,341.67,0.46,0.47,2026-10-06,1115,N21,VIIRS,n,2.0NRT,301.38,7.32,D
-13.67336,31.52288,337.95,0.47,0.4,2026-10-06,1115,N21,VIIRS,l,2.0NRT,311.08,7.07,D
-13.67302,28.71397,344.5,0.46,0.47,2026-10-06,1115,N21,VIIRS,n,2.0NRT,303.21,7.32,D
-13.6657,28.45366,334.69,0.48,0.48,2026-10-06,1115,N21,VIIRS,n,2.0NRT,299,3.32,D
-13.66544,31.60565,336.83,0.47,0.4,2026-10-06,1115,N21,VIIRS,l,2.0NRT,307.62,6.5,D
-13.6652,29.83106,333.38,0.39,0.44,2026-10-06,1115,N21,VIIRS,n,2.0NRT,296.49,1.52,D
-13.665,28.17786,343.24,0.5,0.49,2026-10-06,1115,N21,VIIRS,n,2.0NRT,297.29,8.79,D
-13.66086,28.42179,341.81,0.48,0.48,2026-10-06,1115,N21,VIIRS,n,2.0NRT,302.08,7.45,D
-13.65369,30.09847,331.14,0.57,0.43,2026-10-06,1115,N21,VIIRS,l,2.0NRT,301.5,2.56,D
-13.65095,28.78393,331.65,0.46,0.47,2026-10-06,1115,N21,VIIRS,n,2.0NRT,300.87,3.79,D
-13.62669,28.94122,340.11,0.45,0.47,2026-10-06,1115,N21,VIIRS,n,2.0NRT,299.81,5.93,D
-13.6257,31.88661,339.48,0.46,0.39,2026-10-06,1115,N21,VIIRS,l,2.0NRT,310,7.86,D
-13.62485,28.79797,331.75,0.46,0.47,2026-10-06,1115,N21,VIIRS,n,2.0NRT,301.39,3.39,D
-13.62,22.23597,344.2,0.64,0.72,2026-10-06,1115,N21,VIIRS,n,2.0NRT,294.08,14.55,D
-13.61938,22.24178,342.81,0.63,0.72,2026-10-06,1115,N21,VIIRS,n,2.0NRT,293.22,14.55,D
-13.61299,22.36358,338.81,0.62,0.72,2026-10-06,1115,N21,VIIRS,n,2.0NRT,296.64,11.67,D
-13.61238,22.36931,343.51,0.62,0.72,2026-10-06,1115,N21,VIIRS,n,2.0NRT,295.22,11.67,D
-13.59851,31.76705,339.5,0.46,0.39,2026-10-06,1115,N21,VIIRS,l,2.0NRT,313.29,5.2,D
-13.59414,21.99892,342.62,0.66,0.73,2026-10-06,1115,N21,VIIRS,n,2.0NRT,293.15,23.56,D
-13.59348,22.00496,367,0.66,0.73,2026-10-06,1115,N21,VIIRS,h,2.0NRT,295.63,23.56,D
-13.59081,21.9994,352.98,0.66,0.73,2026-10-06,1115,N21,VIIRS,n,2.0NRT,296.91,66.28,D
-13.59019,22.00544,367,0.66,0.73,2026-10-06,1115,N21,VIIRS,h,2.0NRT,298.87,72.7,D
-13.58741,21.99829,367,0.66,0.73,2026-10-06,1115,N21,VIIRS,h,2.0NRT,296.86,23.56,D
-13.58675,22.00432,367,0.66,0.73,2026-10-06,1115,N21,VIIRS,h,2.0NRT,298.61,23.56,D
-13.58163,28.89394,344.52,0.45,0.47,2026-10-06,1115,N21,VIIRS,n,2.0NRT,302.89,30.81,D
-13.58004,22.00369,367,0.66,0.73,2026-10-06,1115,N21,VIIRS,h,2.0NRT,297.05,24.82,D
-13.57675,22.00413,367,0.66,0.73,2026-10-06,1115,N21,VIIRS,h,2.0NRT,297.84,24.98,D
-13.55724,27.73482,353.06,0.54,0.5,2026-10-06,1115,N21,VIIRS,n,2.0NRT,300.4,17.89,D
-13.5532,27.72928,344.72,0.54,0.5,2026-10-06,1115,N21,VIIRS,n,2.0NRT,299.34,117.25,D
-13.55308,27.73689,349.52,0.53,0.5,2026-10-06,1115,N21,VIIRS,n,2.0NRT,302.56,194.35,D
-13.5528,27.81141,332.85,0.53,0.5,2026-10-06,1115,N21,VIIRS,n,2.0NRT,300.96,7.19,D
-13.55201,27.73911,333.49,0.53,0.5,2026-10-06,1115,N21,VIIRS,n,2.0NRT,297.42,21.87,D
-13.55052,30.39046,334.12,0.54,0.42,2026-10-06,1115,N21,VIIRS,n,2.0NRT,287.32,5,D
-13.54845,27.73627,344.63,0.53,0.5,2026-10-06,1115,N21,VIIRS,n,2.0NRT,298.06,79.02,D
-13.54798,27.73354,345.99,0.54,0.5,2026-10-06,1115,N21,VIIRS,n,2.0NRT,300.04,117.25,D
-13.53855,27.84904,343.27,0.52,0.5,2026-10-06,1115,N21,VIIRS,n,2.0NRT,304.39,9.13,D
-13.53833,27.85145,343.89,0.53,0.5,2026-10-06,1115,N21,VIIRS,n,2.0NRT,304.54,7.93,D
-13.47922,30.20496,330.01,0.56,0.43,2026-10-06,1115,N21,VIIRS,n,2.0NRT,295.1,10.26,D
-13.47851,30.21033,333.14,0.56,0.43,2026-10-06,1115,N21,VIIRS,n,2.0NRT,294.19,8.02,D
-13.47484,27.8359,339.62,0.53,0.5,2026-10-06,1115,N21,VIIRS,n,2.0NRT,297.6,9.87,D
-13.47462,30.20946,338.28,0.56,0.43,2026-10-06,1115,N21,VIIRS,n,2.0NRT,296.95,8.02,D
-13.45321,31.05853,333.98,0.5,0.41,2026-10-06,1115,N21,VIIRS,l,2.0NRT,294.75,9.17,D
-13.45146,31.74272,337.66,0.46,0.39,2026-10-06,1115,N21,VIIRS,n,2.0NRT,309.33,2.85,D
-13.44903,31.85303,339.17,0.46,0.39,2026-10-06,1115,N21,VIIRS,l,2.0NRT,313.04,6.14,D
-13.44496,31.14735,338.94,0.49,0.4,2026-10-06,1115,N21,VIIRS,l,2.0NRT,300.21,5.28,D
-13.38707,29.76702,338.84,0.39,0.44,2026-10-06,1115,N21,VIIRS,n,2.0NRT,300.19,4.6,D
-13.3684,29.07342,345.27,0.43,0.46,2026-10-06,1115,N21,VIIRS,n,2.0NRT,298.16,6.3,D
-13.35878,30.11723,331.78,0.56,0.43,2026-10-06,1115,N21,VIIRS,n,2.0NRT,293.81,17.23,D
-13.31557,31.03955,331.78,0.5,0.41,2026-10-06,1115,N21,VIIRS,n,2.0NRT,301.65,3.14,D
-13.31546,27.88053,342.15,0.52,0.5,2026-10-06,1115,N21,VIIRS,n,2.0NRT,297.09,16.19,D
-13.31532,27.87672,338.75,0.52,0.5,2026-10-06,1115,N21,VIIRS,n,2.0NRT,294.68,11.56,D
-13.3147,27.88144,340.83,0.52,0.5,2026-10-06,1115,N21,VIIRS,n,2.0NRT,296.16,14.89,D
-13.3091,30.1026,333.04,0.56,0.43,2026-10-06,1115,N21,VIIRS,n,2.0NRT,296.87,7.31,D
-13.29504,31.84931,336.52,0.45,0.39,2026-10-06,1115,N21,VIIRS,l,2.0NRT,310.6,5.28,D
-13.28698,32.41515,343.68,0.43,0.38,2026-10-06,1115,N21,VIIRS,n,2.0NRT,308.42,7.75,D
-13.24919,30.99652,336.71,0.5,0.41,2026-10-06,1115,N21,VIIRS,l,2.0NRT,297.57,6.11,D
-13.24442,30.31664,335.06,0.54,0.42,2026-10-06,1115,N21,VIIRS,n,2.0NRT,297.23,4.48,D
-13.18824,26.55919,338.85,0.64,0.54,2026-10-06,1115,N21,VIIRS,n,2.0NRT,285.32,20.11,D
-13.18661,26.0306,339.29,0.35,0.56,2026-10-06,1115,N21,VIIRS,n,2.0NRT,291.87,3.78,D
-13.18324,26.55862,351.16,0.64,0.54,2026-10-06,1115,N21,VIIRS,n,2.0NRT,284.4,20.11,D
-13.1405,29.65891,331.38,0.4,0.44,2026-10-06,1115,N21,VIIRS,n,2.0NRT,295.02,2.06,D
-13.12695,25.12661,337.97,0.4,0.6,2026-10-06,1115,N21,VIIRS,n,2.0NRT,289.11,6.13,D
-13.12646,25.12575,343.31,0.4,0.6,2026-10-06,1115,N21,VIIRS,n,2.0NRT,290.59,5.86,D
-13.06711,25.82713,354.65,0.36,0.57,2026-10-06,1115,N21,VIIRS,n,2.0NRT,297.42,19.28,D
-13.05798,31.09007,337.77,0.49,0.4,2026-10-06,1115,N21,VIIRS,n,2.0NRT,307.11,22.05,D
-13.05113,30.29469,334.07,0.54,0.42,2026-10-06,1115,N21,VIIRS,n,2.0NRT,302.51,5.34,D
-13.0096,26.43517,338.19,0.32,0.55,2026-10-06,1115,N21,VIIRS,n,2.0NRT,297.91,4,D
-13.00585,32.98384,345.44,0.41,0.37,2026-10-06,1115,N21,VIIRS,n,2.0NRT,309.03,11.88,D
-12.99827,28.93975,330.83,0.44,0.46,2026-10-06,1115,N21,VIIRS,n,2.0NRT,298.17,4.4,D
-12.99558,29.1244,332.33,0.43,0.46,2026-10-06,1115,N21,VIIRS,n,2.0NRT,298.34,3.03,D
-12.99447,31.57211,349.96,0.46,0.39,2026-10-06,1115,N21,VIIRS,l,2.0NRT,309.42,80.36,D
-12.99247,26.49227,342.6,0.32,0.55,2026-10-06,1115,N21,VIIRS,n,2.0NRT,297.94,3.49,D
-12.99085,31.5716,348.04,0.46,0.39,2026-10-06,1115,N21,VIIRS,l,2.0NRT,303.02,21.06,D
-12.98178,31.55731,340.93,0.46,0.39,2026-10-06,1115,N21,VIIRS,l,2.0NRT,301.43,8.38,D
-12.98119,31.56156,348.34,0.46,0.39,2026-10-06,1115,N21,VIIRS,n,2.0NRT,303.36,11.03,D
-12.9806,31.56581,344.55,0.46,0.39,2026-10-06,1115,N21,VIIRS,l,2.0NRT,304.95,11.03,D
-12.97816,31.55681,342.76,0.46,0.39,2026-10-06,1115,N21,VIIRS,l,2.0NRT,307.28,24.56,D
-12.97638,31.56957,345.32,0.46,0.39,2026-10-06,1115,N21,VIIRS,l,2.0NRT,307.5,10.33,D
-12.97395,31.56054,367,0.46,0.39,2026-10-06,1115,N21,VIIRS,h,2.0NRT,305.1,26.65,D
-12.97121,26.29552,331.09,0.33,0.55,2026-10-06,1115,N21,VIIRS,n,2.0NRT,300.57,5.5,D
-12.97034,31.56003,351.87,0.46,0.39,2026-10-06,1115,N21,VIIRS,l,2.0NRT,309.19,22.4,D
-12.96591,27.4626,332.28,0.55,0.51,2026-10-06,1115,N21,VIIRS,n,2.0NRT,287.31,8.1,D
-12.95752,28.88933,331.43,0.44,0.46,2026-10-06,1115,N21,VIIRS,n,2.0NRT,303.08,4.28,D
-12.94746,33.31277,342.68,0.4,0.37,2026-10-06,1115,N21,VIIRS,n,2.0NRT,303.76,14.37,D
-12.94586,26.41616,342.84,0.32,0.55,2026-10-06,1115,N21,VIIRS,n,2.0NRT,294.54,5.2,D
-12.944,26.30749,336.89,0.33,0.55,2026-10-06,1115,N21,VIIRS,n,2.0NRT,297.02,2.95,D
-12.94365,27.31784,345,0.56,0.51,2026-10-06,1115,N21,VIIRS,n,2.0NRT,285.89,68.5,D
-12.94248,29.06543,336.16,0.43,0.46,2026-10-06,1115,N21,VIIRS,n,2.0NRT,297.85,3.65,D
-12.93892,27.3173,347.52,0.56,0.51,2026-10-06,1115,N21,VIIRS,n,2.0NRT,280.64,19.97,D
-12.9018,28.88592,330.92,0.44,0.46,2026-10-06,1115,N21,VIIRS,n,2.0NRT,299.4,7.47,D
-12.89073,32.88563,330.51,0.41,0.37,2026-10-06,1115,N21,VIIRS,l,2.0NRT,304.42,5.64,D
-12.88487,31.10382,334.61,0.49,0.4,2026-10-06,1115,N21,VIIRS,l,2.0NRT,298.9,20.47,D
-12.87332,30.77726,334.1,0.51,0.41,2026-10-06,1115,N21,VIIRS,l,2.0NRT,304.23,5.68,D
-12.86297,30.54626,337.11,0.52,0.42,2026-10-06,1115,N21,VIIRS,l,2.0NRT,304.47,16.06,D
-12.86247,30.54356,345.09,0.52,0.42,2026-10-06,1115,N21,VIIRS,n,2.0NRT,304.59,14.43,D
-12.84563,27.01667,330.52,0.59,0.52,2026-10-06,1115,N21,VIIRS,n,2.0NRT,289.9,13,D
-12.84563,33.63912,345.06,0.39,0.36,2026-10-06,1115,N21,VIIRS,n,2.0NRT,314.46,6.49,D
-12.84436,30.56814,341.02,0.52,0.42,2026-10-06,1115,N21,VIIRS,n,2.0NRT,304.63,5.58,D
-12.84228,33.63861,346.09,0.39,0.36,2026-10-06,1115,N21,VIIRS,n,2.0NRT,314.08,13.49,D
-12.84163,33.24738,342.23,0.4,0.37,2026-10-06,1115,N21,VIIRS,n,2.0NRT,308.5,10.12,D
-12.84162,32.95552,346.44,0.41,0.37,2026-10-06,1115,N21,VIIRS,n,2.0NRT,308.28,6.29,D
-12.84109,33.25108,341.03,0.4,0.37,2026-10-06,1115,N21,VIIRS,n,2.0NRT,306.47,8.46,D
-12.8396,32.87442,339.16,0.41,0.37,2026-10-06,1115,N21,VIIRS,l,2.0NRT,313.34,6.18,D
-12.83879,33.2432,349.73,0.4,0.37,2026-10-06,1115,N21,VIIRS,l,2.0NRT,303.66,9.52,D
-12.83826,33.24688,348.09,0.4,0.37,2026-10-06,1115,N21,VIIRS,n,2.0NRT,304.16,9.52,D
-12.83756,30.84284,331.26,0.5,0.41,2026-10-06,1115,N21,VIIRS,l,2.0NRT,303.31,4.86,D
-12.83637,30.62532,338.25,0.52,0.41,2026-10-06,1115,N21,VIIRS,n,2.0NRT,303.78,3.27,D
-12.83364,26.03724,338.28,0.34,0.56,2026-10-06,1115,N21,VIIRS,n,2.0NRT,298.05,3.03,D
-12.82407,33.57686,342.54,0.39,0.37,2026-10-06,1115,N21,VIIRS,n,2.0NRT,307.78,8.18,D
-12.82353,33.58049,348.11,0.39,0.37,2026-10-06,1115,N21,VIIRS,n,2.0NRT,310.7,8.18,D
-12.81963,25.48856,340.19,0.37,0.58,2026-10-06,1115,N21,VIIRS,n,2.0NRT,292.31,4.27,D
-12.80851,32.80013,340.69,0.41,0.37,2026-10-06,1115,N21,VIIRS,n,2.0NRT,304.2,6.72,D
-12.80371,31.25438,346.69,0.48,0.4,2026-10-06,1115,N21,VIIRS,n,2.0NRT,301.23,27.55,D
-12.79439,29.17579,340.23,0.42,0.45,2026-10-06,1115,N21,VIIRS,n,2.0NRT,298.49,4.99,D
-12.7915,33.0129,337.99,0.41,0.37,2026-10-06,1115,N21,VIIRS,n,2.0NRT,312.14,11.39,D
-12.79096,33.01663,367,0.41,0.37,2026-10-06,1115,N21,VIIRS,h,2.0NRT,312.66,6.97,D
-12.79041,33.02037,343.49,0.41,0.37,2026-10-06,1115,N21,VIIRS,n,2.0NRT,311.54,6.97,D
-12.78864,28.89536,346.62,0.44,0.46,2026-10-06,1115,N21,VIIRS,n,2.0NRT,299.12,33.06,D
-12.78756,33.01613,340.49,0.41,0.37,2026-10-06,1115,N21,VIIRS,n,2.0NRT,307.9,6.97,D
-12.78701,33.01987,349.44,0.41,0.37,2026-10-06,1115,N21,VIIRS,n,2.0NRT,310.87,6.97,D
-12.78553,32.86242,334.76,0.41,0.37,2026-10-06,1115,N21,VIIRS,l,2.0NRT,308.82,5.9,D
-12.7844,28.89482,351.32,0.44,0.46,2026-10-06,1115,N21,VIIRS,n,2.0NRT,303.68,33.06,D
-12.78257,28.80847,333.89,0.44,0.46,2026-10-06,1115,N21,VIIRS,n,2.0NRT,298.33,3.95,D
-12.7347,28.68209,340.93,0.45,0.47,2026-10-06,1115,N21,VIIRS,n,2.0NRT,294.36,5.95,D
-12.73116,30.63121,333.44,0.52,0.41,2026-10-06,1115,N21,VIIRS,n,2.0NRT,303.14,8.27,D
-12.71065,28.96263,338.76,0.43,0.46,2026-10-06,1115,N21,VIIRS,n,2.0NRT,299.77,14.57,D
-12.71012,28.96659,367,0.43,0.46,2026-10-06,1115,N21,VIIRS,h,2.0NRT,302.82,14.57,D
-12.70946,30.93419,333.22,0.5,0.41,2026-10-06,1115,N21,VIIRS,n,2.0NRT,303.36,11,D
-12.70894,28.64482,334.26,0.45,0.47,2026-10-06,1115,N21,VIIRS,n,2.0NRT,294.85,3.18,D
-12.69922,28.46946,331.53,0.47,0.47,2026-10-06,1115,N21,VIIRS,n,2.0NRT,298.08,10.3,D
-12.69865,28.4737,342.15,0.46,0.47,2026-10-06,1115,N21,VIIRS,n,2.0NRT,300.69,10.3,D
-12.69464,32.93329,337.03,0.41,0.37,2026-10-06,1115,N21,VIIRS,l,2.0NRT,311.16,3.79,D
-12.69258,30.76937,339.87,0.51,0.41,2026-10-06,1115,N21,VIIRS,n,2.0NRT,305.76,11.1,D
-12.68239,26.11991,332.2,0.34,0.56,2026-10-06,1115,N21,VIIRS,n,2.0NRT,298.91,5.01,D
-12.66685,32.83677,340.52,0.41,0.37,2026-10-06,1115,N21,VIIRS,l,2.0NRT,312.48,5.73,D
-12.66288,32.28007,336.93,0.43,0.38,2026-10-06,1115,N21,VIIRS,l,2.0NRT,304.23,7.13,D
-12.66006,28.66401,338.08,0.45,0.47,2026-10-06,1115,N21,VIIRS,n,2.0NRT,293.43,9.3,D
-12.65995,32.27561,335.73,0.43,0.38,2026-10-06,1115,N21,VIIRS,l,2.0NRT,304.84,7.01,D
-12.65951,28.66814,336.87,0.45,0.47,2026-10-06,1115,N21,VIIRS,n,2.0NRT,294.35,8.6,D
-12.65939,32.27956,344.93,0.43,0.38,2026-10-06,1115,N21,VIIRS,l,2.0NRT,304.72,7.01,D
-12.65241,32.27855,344.04,0.43,0.38,2026-10-06,1115,N21,VIIRS,l,2.0NRT,306.64,11.65,D
-12.64031,27.5291,347.4,0.54,0.51,2026-10-06,1115,N21,VIIRS,n,2.0NRT,296.09,10.94,D
-12.63322,32.91975,335.8,0.41,0.37,2026-10-06,1115,N21,VIIRS,l,2.0NRT,309.04,1.28,D
-12.63081,26.32506,339.61,0.32,0.55,2026-10-06,1115,N21,VIIRS,n,2.0NRT,299.51,2.77,D
-12.62316,28.30131,336.09,0.48,0.48,2026-10-06,1115,N21,VIIRS,n,2.0NRT,292.97,5.77,D
-12.62278,28.30146,332.17,0.48,0.48,2026-10-06,1115,N21,VIIRS,n,2.0NRT,292.49,4.37,D
-12.62055,32.74444,350.42,0.41,0.37,2026-10-06,1115,N21,VIIRS,n,2.0NRT,305.14,6.75,D
-12.61547,32.75533,335.8,0.41,0.37,2026-10-06,1115,N21,VIIRS,n,2.0NRT,305.88,2.35,D
-12.60721,33.12935,344.37,0.4,0.37,2026-10-06,1115,N21,VIIRS,l,2.0NRT,294.98,6.69,D
-12.60644,26.14766,350.67,0.33,0.56,2026-10-06,1115,N21,VIIRS,n,2.0NRT,293.37,9.59,D
-12.60607,26.15069,351.83,0.33,0.55,2026-10-06,1115,N21,VIIRS,n,2.0NRT,292.92,10.66,D
-12.60581,33.12859,331.13,0.4,0.37,2026-10-06,1115,N21,VIIRS,l,2.0NRT,295.32,5.79,D
-12.58601,33.62505,338.69,0.39,0.36,2026-10-06,1115,N21,VIIRS,n,2.0NRT,311.07,3.9,D
-12.56515,27.11707,348.18,0.57,0.52,2026-10-06,1115,N21,VIIRS,n,2.0NRT,295.48,17.53,D
-12.56468,27.11407,344.51,0.57,0.52,2026-10-06,1115,N21,VIIRS,n,2.0NRT,295.89,13.06,D
-12.5645,32.8901,341.17,0.41,0.37,2026-10-06,1115,N21,VIIRS,l,2.0NRT,312.63,3.71,D
-12.56401,27.11926,338.6,0.57,0.52,2026-10-06,1115,N21,VIIRS,n,2.0NRT,294.55,9.76,D
-12.5611,32.88958,341.43,0.41,0.37,2026-10-06,1115,N21,VIIRS,l,2.0NRT,311.24,3.71,D
-12.56056,32.89333,338.88,0.41,0.37,2026-10-06,1115,N21,VIIRS,l,2.0NRT,310.31,3.71,D
-12.55807,30.40597,332.02,0.53,0.42,2026-10-06,1115,N21,VIIRS,n,2.0NRT,300.06,5.7,D
-12.55655,30.40823,334.02,0.53,0.42,2026-10-06,1115,N21,VIIRS,n,2.0NRT,300.79,5.9,D
-12.54938,32.63293,347.46,0.42,0.37,2026-10-06,1115,N21,VIIRS,n,2.0NRT,313.4,11.28,D
-12.5482,33.00238,338.75,0.41,0.37,2026-10-06,1115,N21,VIIRS,l,2.0NRT,310.37,7.89,D
-12.52304,28.51936,353.76,0.46,0.47,2026-10-06,1115,N21,VIIRS,n,2.0NRT,291.9,10.6,D
-12.52088,31.59794,339.87,0.46,0.39,2026-10-06,1115,N21,VIIRS,n,2.0NRT,298.24,8.94,D
-12.51729,31.5974,337.52,0.46,0.39,2026-10-06,1115,N21,VIIRS,n,2.0NRT,299.74,9.7,D
-12.51632,25.1182,350.14,0.39,0.59,2026-10-06,1115,N21,VIIRS,n,2.0NRT,295.26,9.8,D
-12.5137,31.59687,343.16,0.46,0.39,2026-10-06,1115,N21,VIIRS,n,2.0NRT,297.84,9.7,D
-12.51127,31.58794,348.37,0.46,0.39,2026-10-06,1115,N21,VIIRS,n,2.0NRT,296.7,12.84,D
-12.51069,31.59214,340.53,0.46,0.39,2026-10-06,1115,N21,VIIRS,n,2.0NRT,297.77,10.18,D
-12.5081,26.1622,332.02,0.33,0.55,2026-10-06,1115,N21,VIIRS,n,2.0NRT,294.68,3.1,D
-12.50406,32.96558,344.8,0.41,0.37,2026-10-06,1115,N21,VIIRS,l,2.0NRT,310.45,18.94,D
-12.50066,32.96506,349.93,0.41,0.37,2026-10-06,1115,N21,VIIRS,l,2.0NRT,312.16,16.3,D
-12.49731,27.11088,342.34,0.57,0.52,2026-10-06,1115,N21,VIIRS,n,2.0NRT,300.82,43.82,D
-12.49054,33.37327,346.47,0.4,0.37,2026-10-06,1115,N21,VIIRS,n,2.0NRT,308.31,5.74,D
-12.48718,33.37276,335.83,0.4,0.37,2026-10-06,1115,N21,VIIRS,n,2.0NRT,307.3,2.93,D
-12.48195,33.5938,337.33,0.39,0.36,2026-10-06,1115,N21,VIIRS,l,2.0NRT,311.85,2.41,D
-12.47351,32.96092,337.87,0.41,0.37,2026-10-06,1115,N21,VIIRS,l,2.0NRT,310.28,9.86,D
-12.47205,28.643,330.28,0.45,0.47,2026-10-06,1115,N21,VIIRS,n,2.0NRT,283.51,4.92,D
-12.47153,28.64712,344.79,0.45,0.47,2026-10-06,1115,N21,VIIRS,n,2.0NRT,287.77,4.92,D
-12.46847,28.64799,344.4,0.45,0.47,2026-10-06,1115,N21,VIIRS,n,2.0NRT,287.97,15.43,D
-12.46725,28.64649,340.92,0.45,0.47,2026-10-06,1115,N21,VIIRS,n,2.0NRT,285.7,4.92,D
-12.45447,26.10583,354.73,0.33,0.56,2026-10-06,1115,N21,VIIRS,n,2.0NRT,290.29,18.7,D
-12.45198,33.24825,340.46,0.4,0.37,2026-10-06,1115,N21,VIIRS,n,2.0NRT,309.25,9.52,D
-12.45144,33.2519,342.73,0.4,0.37,2026-10-06,1115,N21,VIIRS,n,2.0NRT,311.91,13.76,D
-12.44959,25.01763,331.71,0.4,0.6,2026-10-06,1115,N21,VIIRS,n,2.0NRT,297.26,3.29,D
-12.44243,32.05402,341.47,0.44,0.38,2026-10-06,1115,N21,VIIRS,l,2.0NRT,316.41,8.04,D
-12.42511,26.91039,331.82,0.59,0.53,2026-10-06,1115,N21,VIIRS,l,2.0NRT,302.8,6.87,D
-12.41503,25.74361,339.87,0.35,0.57,2026-10-06,1115,N21,VIIRS,n,2.0NRT,293.12,5.6,D
-12.41129,25.19852,329.54,0.38,0.59,2026-10-06,1115,N21,VIIRS,n,2.0NRT,296.64,12.62,D
-12.41085,25.20216,367,0.38,0.59,2026-10-06,1115,N21,VIIRS,h,2.0NRT,300.53,23.21,D
-12.40999,25.20933,336.75,0.38,0.59,2026-10-06,1115,N21,VIIRS,n,2.0NRT,299.04,5.08,D
-12.40742,26.43768,338.71,0.63,0.54,2026-10-06,1115,N21,VIIRS,n,2.0NRT,295.34,12.91,D
-12.40458,25.20864,329.72,0.38,0.59,2026-10-06,1115,N21,VIIRS,n,2.0NRT,298.78,5.08,D
-12.39067,26.87696,341.18,0.59,0.53,2026-10-06,1115,N21,VIIRS,n,2.0NRT,293.98,14.18,D
-12.39048,26.87336,339.29,0.59,0.53,2026-10-06,1115,N21,VIIRS,n,2.0NRT,295.97,18.16,D
-12.38085,33.3344,342.54,0.4,0.37,2026-10-06,1115,N21,VIIRS,n,2.0NRT,314.77,6.26,D
-12.3644,33.72289,341.05,0.39,0.36,2026-10-06,1115,N21,VIIRS,n,2.0NRT,308.43,7.47,D
-12.36423,33.22327,340.63,0.4,0.37,2026-10-06,1115,N21,VIIRS,l,2.0NRT,311.34,6.46,D
-12.36245,28.37135,342.66,0.47,0.48,2026-10-06,1115,N21,VIIRS,n,2.0NRT,303.06,10.42,D
-12.35904,26.01487,337.93,0.34,0.56,2026-10-06,1115,N21,VIIRS,n,2.0NRT,292.06,5.3,D
-12.3576,27.02158,338.07,0.58,0.52,2026-10-06,1115,N21,VIIRS,n,2.0NRT,299.9,6.69,D
-12.35735,27.01962,337.71,0.58,0.52,2026-10-06,1115,N21,VIIRS,n,2.0NRT,301.38,11.86,D
-12.35395,29.6774,340.05,0.39,0.44,2026-10-06,1115,N21,VIIRS,n,2.0NRT,301.45,14.05,D
-12.35093,26.07919,367,0.33,0.56,2026-10-06,1115,N21,VIIRS,h,2.0NRT,294.69,8.79,D
-12.34857,28.27358,341.04,0.47,0.48,2026-10-06,1115,N21,VIIRS,n,2.0NRT,297.75,16.07,D
-12.34148,33.37634,337.56,0.4,0.37,2026-10-06,1115,N21,VIIRS,l,2.0NRT,311.5,1.65,D
-12.32732,29.46975,330.24,0.4,0.44,2026-10-06,1115,N21,VIIRS,n,2.0NRT,298.04,1.77,D
-12.32584,28.31137,341.82,0.47,0.48,2026-10-06,1115,N21,VIIRS,n,2.0NRT,304.51,12.09,D
-12.31995,28.28796,340.19,0.47,0.48,2026-10-06,1115,N21,VIIRS,n,2.0NRT,296.84,13.73,D
-12.31251,27.34854,341.76,0.55,0.51,2026-10-06,1115,N21,VIIRS,n,2.0NRT,298.21,14.34,D
-12.31004,32.5693,342.35,0.42,0.37,2026-10-06,1115,N21,VIIRS,l,2.0NRT,316.74,8.26,D
-12.31003,25.19827,330.12,0.38,0.59,2026-10-06,1115,N21,VIIRS,n,2.0NRT,297.41,4.2,D
-12.29561,27.81637,334.57,0.51,0.49,2026-10-06,1115,N21,VIIRS,n,2.0NRT,297.86,4.76,D
-12.29254,25.20688,330.83,0.38,0.59,2026-10-06,1115,N21,VIIRS,n,2.0NRT,297.85,8.17,D
-12.29119,33.75857,336.73,0.39,0.36,2026-10-06,1115,N21,VIIRS,l,2.0NRT,310.84,4.59,D
-12.28495,29.66094,337.55,0.39,0.44,2026-10-06,1115,N21,VIIRS,n,2.0NRT,299.62,3.55,D
-12.28352,27.14224,335.46,0.56,0.52,2026-10-06,1115,N21,VIIRS,n,2.0NRT,298.32,10.92,D
-12.2793,33.26268,343.82,0.4,0.37,2026-10-06,1115,N21,VIIRS,n,2.0NRT,316.42,7.07,D
-12.27806,29.97565,342.08,0.55,0.43,2026-10-06,1115,N21,VIIRS,n,2.0NRT,305.69,27.56,D
-12.27692,28.30522,335.7,0.47,0.48,2026-10-06,1115,N21,VIIRS,n,2.0NRT,298.11,23.38,D
-12.26566,33.74731,336.71,0.39,0.36,2026-10-06,1115,N21,VIIRS,l,2.0NRT,308.41,4.8,D
-12.23959,32.81424,346.21,0.41,0.37,2026-10-06,1115,N21,VIIRS,l,2.0NRT,319.01,15.83,D
-12.23865,33.12884,343.57,0.4,0.37,2026-10-06,1115,N21,VIIRS,n,2.0NRT,317.75,5.09,D
-12.23641,28.4103,352.62,0.46,0.47,2026-10-06,1115,N21,VIIRS,n,2.0NRT,300.43,17.69,D
-12.23586,28.4145,340.41,0.46,0.47,2026-10-06,1115,N21,VIIRS,n,2.0NRT,298.38,17.69,D
-12.23396,32.73251,341.09,0.41,0.37,2026-10-06,1115,N21,VIIRS,l,2.0NRT,314.73,5.53,D
-12.23207,28.40975,347.23,0.46,0.47,2026-10-06,1115,N21,VIIRS,n,2.0NRT,301.85,29.9,D
-12.23152,28.41394,351.93,0.46,0.47,2026-10-06,1115,N21,VIIRS,n,2.0NRT,300.69,29.9,D
-12.22444,33.79557,335.02,0.39,0.36,2026-10-06,1115,N21,VIIRS,l,2.0NRT,307.22,3.4,D
-12.22126,25.14197,338.04,0.39,0.59,2026-10-06,1115,N21,VIIRS,n,2.0NRT,298.07,5.21,D
-12.20838,26.69244,335.53,0.6,0.53,2026-10-06,1115,N21,VIIRS,n,2.0NRT,299.08,7.01,D
-12.20769,26.69796,333.74,0.6,0.53,2026-10-06,1115,N21,VIIRS,n,2.0NRT,300.97,7.01,D
-12.19681,26.98083,336.12,0.58,0.52,2026-10-06,1115,N21,VIIRS,l,2.0NRT,309.29,147.01,D
-12.19257,28.02666,336.73,0.49,0.49,2026-10-06,1115,N21,VIIRS,n,2.0NRT,298.37,3.98,D
-12.18155,29.65668,339.9,0.39,0.44,2026-10-06,1115,N21,VIIRS,n,2.0NRT,301.71,4.41,D
-12.18107,29.6602,338.11,0.38,0.44,2026-10-06,1115,N21,VIIRS,n,2.0NRT,301.43,4.41,D
-12.1798,33.22474,342.81,0.4,0.37,2026-10-06,1115,N21,VIIRS,l,2.0NRT,317.7,8.85,D
-12.17485,25.60864,337.58,0.36,0.57,2026-10-06,1115,N21,VIIRS,n,2.0NRT,297.16,34.47,D
-12.17444,25.61193,367,0.36,0.57,2026-10-06,1115,N21,VIIRS,h,2.0NRT,303.91,44.95,D
-12.17045,33.17102,346.97,0.4,0.37,2026-10-06,1115,N21,VIIRS,n,2.0NRT,318.07,6.95,D
-12.1652,26.13034,337.52,0.33,0.55,2026-10-06,1115,N21,VIIRS,n,2.0NRT,297.33,7.65,D
-12.15382,27.79606,337.78,0.51,0.49,2026-10-06,1115,N21,VIIRS,n,2.0NRT,299.61,5.77,D
-12.13984,22.71815,367,0.56,0.69,2026-10-06,1115,N21,VIIRS,h,2.0NRT,292.1,26.16,D
-12.13693,28.00145,353.02,0.49,0.49,2026-10-06,1115,N21,VIIRS,n,2.0NRT,304.19,17.04,D
-12.13676,22.71592,349.36,0.57,0.69,2026-10-06,1115,N21,VIIRS,n,2.0NRT,290.96,28.83,D
-12.13635,28.00596,351.23,0.49,0.49,2026-10-06,1115,N21,VIIRS,n,2.0NRT,301.86,17.04,D
-12.13542,27.98891,333.66,0.49,0.49,2026-10-06,1115,N21,VIIRS,n,2.0NRT,302.27,9.3,D
-12.13416,27.9876,336.7,0.49,0.49,2026-10-06,1115,N21,VIIRS,n,2.0NRT,302.34,5.77,D
-12.13363,28.00222,344.82,0.49,0.49,2026-10-06,1115,N21,VIIRS,n,2.0NRT,301.09,6.64,D
-12.13302,28.00672,332.58,0.49,0.49,2026-10-06,1115,N21,VIIRS,n,2.0NRT,300.1,6.64,D
-12.12816,26.67434,339.83,0.6,0.53,2026-10-06,1115,N21,VIIRS,n,2.0NRT,298.73,7.65,D
-12.12024,25.70741,339.97,0.35,0.57,2026-10-06,1115,N21,VIIRS,n,2.0NRT,298.44,4.28,D
-12.11601,25.56586,332.49,0.36,0.57,2026-10-06,1115,N21,VIIRS,n,2.0NRT,298.32,4.39,D
-12.11571,25.56723,333.77,0.36,0.57,2026-10-06,1115,N21,VIIRS,n,2.0NRT,298.5,4.78,D
-12.1152,28.13861,335.36,0.48,0.48,2026-10-06,1115,N21,VIIRS,n,2.0NRT,295.37,3.73,D
-12.11505,28.13762,336,0.48,0.48,2026-10-06,1115,N21,VIIRS,n,2.0NRT,295.69,3.04,D
-12.11016,26.37367,344.98,0.63,0.54,2026-10-06,1115,N21,VIIRS,n,2.0NRT,296.55,15.79,D
-12.10957,26.37257,344.29,0.63,0.54,2026-10-06,1115,N21,VIIRS,n,2.0NRT,297.58,11.72,D
-12.10078,32.75526,340.75,0.41,0.37,2026-10-06,1115,N21,VIIRS,l,2.0NRT,315.27,6.15,D
-12.09676,26.31408,330.11,0.32,0.55,2026-10-06,1115,N21,VIIRS,n,2.0NRT,299.06,2.13,D
-12.09489,26.08438,367,0.33,0.55,2026-10-06,1115,N21,VIIRS,h,2.0NRT,296.3,5.91,D
-12.07954,28.10271,346.68,0.48,0.48,2026-10-06,1115,N21,VIIRS,n,2.0NRT,299.89,17.64,D
-12.07841,24.01347,367,0.46,0.64,2026-10-06,1115,N21,VIIRS,h,2.0NRT,291.98,19.23,D
-12.07826,24.01618,367,0.46,0.64,2026-10-06,1115,N21,VIIRS,h,2.0NRT,291.77,23.08,D
-12.07596,26.3983,342.89,0.63,0.54,2026-10-06,1115,N21,VIIRS,n,2.0NRT,305.65,30.84,D
-12.06807,32.78844,340.69,0.41,0.37,2026-10-06,1115,N21,VIIRS,l,2.0NRT,315.11,8.66,D
-12.06106,25.70569,343.02,0.35,0.57,2026-10-06,1115,N21,VIIRS,n,2.0NRT,294.04,7.34,D
-12.06057,25.99902,343.78,0.34,0.56,2026-10-06,1115,N21,VIIRS,n,2.0NRT,295.55,4.5,D
-12.0591,26.68674,335.49,0.6,0.53,2026-10-06,1115,N21,VIIRS,n,2.0NRT,296.9,10.02,D
-12.05891,25.99796,346.97,0.34,0.56,2026-10-06,1115,N21,VIIRS,n,2.0NRT,296.88,5.61,D
-12.04866,33.5855,347.41,0.39,0.36,2026-10-06,1115,N21,VIIRS,n,2.0NRT,313.12,6.68,D
-12.03281,25.63404,337.82,0.35,0.57,2026-10-06,1115,N21,VIIRS,n,2.0NRT,302.15,6.18,D
-12.0324,25.63735,345.65,0.35,0.57,2026-10-06,1115,N21,VIIRS,n,2.0NRT,301.89,6.18,D
-12.02954,23.22813,367,0.52,0.67,2026-10-06,1115,N21,VIIRS,h,2.0NRT,292.42,21.51,D
-12.02868,24.13338,339.07,0.45,0.63,2026-10-06,1115,N21,VIIRS,n,2.0NRT,288.27,11.98,D
-12.02625,26.4735,338.17,0.62,0.54,2026-10-06,1115,N21,VIIRS,n,2.0NRT,301.29,7.3,D
-12.0259,33.2384,348.39,0.4,0.37,2026-10-06,1115,N21,VIIRS,n,2.0NRT,317.09,8.18,D
-12.0221,23.99013,339.49,0.46,0.64,2026-10-06,1115,N21,VIIRS,n,2.0NRT,291.33,5.66,D
-12.01488,33.67517,335.79,0.39,0.36,2026-10-06,1115,N21,VIIRS,l,2.0NRT,310.69,2.57,D
-12.0108,26.1059,355.61,0.33,0.55,2026-10-06,1115,N21,VIIRS,n,2.0NRT,298.11,6.57,D
-12.01011,24.33673,339.64,0.44,0.62,2026-10-06,1115,N21,VIIRS,n,2.0NRT,292.87,5.38,D
-12.00937,25.60813,339.5,0.36,0.57,2026-10-06,1115,N21,VIIRS,n,2.0NRT,297.47,4.62,D
-12.00217,29.53776,349.99,0.39,0.44,2026-10-06,1115,N21,VIIRS,n,2.0NRT,305.58,29.02,D
-11.99712,26.21411,340.36,0.32,0.55,2026-10-06,1115,N21,VIIRS,n,2.0NRT,297.81,5.1,D
-11.97291,31.61814,346.74,0.45,0.39,2026-10-06,1115,N21,VIIRS,n,2.0NRT,308.73,8.25,D
-11.9701,25.66401,367,0.35,0.57,2026-10-06,1115,N21,VIIRS,h,2.0NRT,297.53,8.39,D
-11.96972,31.58901,339.31,0.45,0.39,2026-10-06,1115,N21,VIIRS,l,2.0NRT,306.14,9.23,D
-11.96935,31.61756,337.59,0.45,0.39,2026-10-06,1115,N21,VIIRS,l,2.0NRT,307.93,8.25,D
-11.96807,23.16818,333.92,0.52,0.67,2026-10-06,1115,N21,VIIRS,n,2.0NRT,289.83,7.61,D
-11.96776,23.16794,335.19,0.52,0.67,2026-10-06,1115,N21,VIIRS,n,2.0NRT,289.92,10.56,D
-11.96726,31.81189,347.21,0.44,0.39,2026-10-06,1115,N21,VIIRS,l,2.0NRT,309.55,7.05,D
-11.96582,33.02686,340.75,0.4,0.37,2026-10-06,1115,N21,VIIRS,l,2.0NRT,315.04,8.36,D
-11.9657,31.57212,341.13,0.45,0.39,2026-10-06,1115,N21,VIIRS,n,2.0NRT,310.88,6.53,D
-11.96547,27.65928,339.34,0.51,0.5,2026-10-06,1115,N21,VIIRS,n,2.0NRT,299.56,9.55,D
-11.96489,26.92593,340.88,0.58,0.52,2026-10-06,1115,N21,VIIRS,n,2.0NRT,300.98,11.55,D
-11.96485,27.65689,340.88,0.51,0.5,2026-10-06,1115,N21,VIIRS,n,2.0NRT,300.52,12.65,D
-11.96484,25.66371,347.66,0.35,0.57,2026-10-06,1115,N21,VIIRS,n,2.0NRT,296.16,8.39,D
-11.9614,23.17226,367,0.52,0.67,2026-10-06,1115,N21,VIIRS,h,2.0NRT,293.34,16.42,D
-11.96105,23.17203,367,0.52,0.67,2026-10-06,1115,N21,VIIRS,h,2.0NRT,294.09,10.56,D
-11.9609,31.59999,337.6,0.45,0.39,2026-10-06,1115,N21,VIIRS,n,2.0NRT,312.03,6.37,D
-11.959,23.24896,334.67,0.52,0.67,2026-10-06,1115,N21,VIIRS,n,2.0NRT,293.35,12.19,D
-11.95814,23.24854,337.32,0.52,0.67,2026-10-06,1115,N21,VIIRS,n,2.0NRT,294.31,14.27,D
-11.95802,31.60005,336.79,0.45,0.39,2026-10-06,1115,N21,VIIRS,l,2.0NRT,309.99,7.29,D
-11.95766,27.64144,338.72,0.52,0.5,2026-10-06,1115,N21,VIIRS,n,2.0NRT,298.62,3.74,D
-11.9568,31.58327,335.53,0.45,0.39,2026-10-06,1115,N21,VIIRS,l,2.0NRT,309.17,7.77,D
-11.95678,31.60344,338.18,0.45,0.39,2026-10-06,1115,N21,VIIRS,l,2.0NRT,309.96,4.75,D
-11.9538,33.585,338.27,0.39,0.36,2026-10-06,1115,N21,VIIRS,l,2.0NRT,312.79,3.6,D
-11.95361,27.64318,331.8,0.52,0.5,2026-10-06,1115,N21,VIIRS,n,2.0NRT,298.6,4.23,D
-11.94195,27.98617,340.96,0.49,0.49,2026-10-06,1115,N21,VIIRS,n,2.0NRT,298.99,6.58,D
-11.94096,33.76183,338.84,0.39,0.36,2026-10-06,1115,N21,VIIRS,n,2.0NRT,304.7,4.66,D
-11.93598,27.19361,339.72,0.55,0.51,2026-10-06,1115,N21,VIIRS,n,2.0NRT,293.1,8.13,D
-11.93477,32.52499,343,0.42,0.37,2026-10-06,1115,N21,VIIRS,l,2.0NRT,317.64,2.27,D
-11.92178,26.72767,339.55,0.59,0.53,2026-10-06,1115,N21,VIIRS,n,2.0NRT,298.46,5.98,D
-11.91709,30.73479,336.97,0.5,0.41,2026-10-06,1115,N21,VIIRS,n,2.0NRT,304.57,13.98,D
-11.91467,29.6119,339.4,0.38,0.44,2026-10-06,1115,N21,VIIRS,n,2.0NRT,299.67,3.49,D
-11.91361,26.82984,332.62,0.59,0.52,2026-10-06,1115,N21,VIIRS,n,2.0NRT,298.44,5.64,D
-11.91264,29.61097,348.35,0.38,0.44,2026-10-06,1115,N21,VIIRS,n,2.0NRT,299.78,7.28,D
-11.91068,29.61135,336.08,0.38,0.44,2026-10-06,1115,N21,VIIRS,n,2.0NRT,299.29,3.49,D
-11.90951,31.65936,337.85,0.45,0.39,2026-10-06,1115,N21,VIIRS,l,2.0NRT,312.38,4.21,D
-11.90685,28.01971,344.31,0.49,0.48,2026-10-06,1115,N21,VIIRS,n,2.0NRT,298.7,17.89,D
-11.90596,31.65882,336.08,0.45,0.39,2026-10-06,1115,N21,VIIRS,l,2.0NRT,311,4.21,D
-11.90536,31.66296,341.28,0.45,0.39,2026-10-06,1115,N21,VIIRS,l,2.0NRT,312.07,10.15,D
-11.90513,27.43644,331.01,0.53,0.5,2026-10-06,1115,N21,VIIRS,n,2.0NRT,296.57,5.61,D
-11.90477,31.66711,343.29,0.45,0.39,2026-10-06,1115,N21,VIIRS,l,2.0NRT,309.93,10.15,D
-11.90181,31.66244,345.81,0.45,0.39,2026-10-06,1115,N21,VIIRS,l,2.0NRT,314.01,11.41,D
-11.89826,31.66192,340.75,0.45,0.39,2026-10-06,1115,N21,VIIRS,l,2.0NRT,309.8,11.41,D
-11.89625,32.7927,341.95,0.41,0.37,2026-10-06,1115,N21,VIIRS,l,2.0NRT,314.03,6.15,D
-11.89587,31.65321,335.57,0.45,0.39,2026-10-06,1115,N21,VIIRS,l,2.0NRT,309.25,6.96,D
-11.89544,32.793,342.37,0.41,0.37,2026-10-06,1115,N21,VIIRS,l,2.0NRT,314.95,8.81,D
-11.89528,31.65732,342.88,0.45,0.39,2026-10-06,1115,N21,VIIRS,l,2.0NRT,310.66,6.96,D
-11.8947,31.66142,338.84,0.45,0.39,2026-10-06,1115,N21,VIIRS,l,2.0NRT,309.96,5.02,D
-11.89424,31.53638,334.25,0.45,0.39,2026-10-06,1115,N21,VIIRS,l,2.0NRT,308.03,5.7,D
-11.89204,32.79248,347.14,0.41,0.37,2026-10-06,1115,N21,VIIRS,l,2.0NRT,316.73,8.81,D
-11.88809,32.79569,343.85,0.41,0.37,2026-10-06,1115,N21,VIIRS,l,2.0NRT,314.34,7.79,D
-11.88767,27.8571,332.8,0.5,0.49,2026-10-06,1115,N21,VIIRS,n,2.0NRT,301.66,6.04,D
-11.88226,23.10109,332.7,0.53,0.67,2026-10-06,1115,N21,VIIRS,n,2.0NRT,293.67,11.52,D
-11.88218,27.50644,332.75,0.53,0.5,2026-10-06,1115,N21,VIIRS,n,2.0NRT,302.23,4.61,D
-11.88217,23.10011,337.9,0.53,0.67,2026-10-06,1115,N21,VIIRS,n,2.0NRT,293.89,11.46,D
-11.87794,27.53988,343.9,0.52,0.5,2026-10-06,1115,N21,VIIRS,n,2.0NRT,298.83,9.75,D
-11.87618,31.76595,338.77,0.44,0.39,2026-10-06,1115,N21,VIIRS,l,2.0NRT,311.84,7.83,D
-11.87264,31.7655,339.65,0.44,0.39,2026-10-06,1115,N21,VIIRS,l,2.0NRT,311.13,4.11,D
-11.86693,25.33101,347.13,0.37,0.58,2026-10-06,1115,N21,VIIRS,n,2.0NRT,293.5,4.89,D
-11.86212,31.78864,336.42,0.44,0.39,2026-10-06,1115,N21,VIIRS,l,2.0NRT,309.74,4.96,D
-11.85706,24.48673,329,0.42,0.61,2026-10-06,1115,N21,VIIRS,n,2.0NRT,294.49,4.27,D
-11.85471,31.56496,346.62,0.45,0.39,2026-10-06,1115,N21,VIIRS,l,2.0NRT,314.54,21.65,D
-11.85386,31.56449,345.22,0.45,0.39,2026-10-06,1115,N21,VIIRS,l,2.0NRT,314.36,21.54,D
-11.85249,31.62619,337.13,0.45,0.39,2026-10-06,1115,N21,VIIRS,l,2.0NRT,312.11,6.57,D
-11.85222,31.70553,345.3,0.45,0.39,2026-10-06,1115,N21,VIIRS,n,2.0NRT,311.61,7.52,D
-11.85165,31.70957,344.99,0.45,0.39,2026-10-06,1115,N21,VIIRS,n,2.0NRT,311.36,7.52,D
-11.85142,24.48606,336.58,0.42,0.61,2026-10-06,1115,N21,VIIRS,n,2.0NRT,295.46,4.27,D
-11.84995,31.72159,335.69,0.45,0.39,2026-10-06,1115,N21,VIIRS,l,2.0NRT,309.54,5.89,D
-11.84867,31.70505,351.42,0.45,0.39,2026-10-06,1115,N21,VIIRS,n,2.0NRT,308.65,7.52,D
-11.8481,31.70907,339.99,0.45,0.39,2026-10-06,1115,N21,VIIRS,l,2.0NRT,307.7,7.52,D
-11.84697,31.71709,349.99,0.45,0.39,2026-10-06,1115,N21,VIIRS,n,2.0NRT,311.85,10.45,D
-11.8453,27.53694,331.73,0.52,0.5,2026-10-06,1115,N21,VIIRS,l,2.0NRT,303.44,6.52,D
-11.84311,25.34909,353.71,0.37,0.58,2026-10-06,1115,N21,VIIRS,n,2.0NRT,294.43,7.05,D
-11.8399,33.57397,339.35,0.39,0.36,2026-10-06,1115,N21,VIIRS,l,2.0NRT,310.57,2.18,D
-11.83119,31.85439,339.89,0.44,0.38,2026-10-06,1115,N21,VIIRS,l,2.0NRT,310.46,5.78,D
-11.82768,31.85381,344.63,0.44,0.38,2026-10-06,1115,N21,VIIRS,l,2.0NRT,313.19,5.78,D
-11.82709,31.7802,337.04,0.44,0.39,2026-10-06,1115,N21,VIIRS,n,2.0NRT,310.21,2.92,D
-11.827,31.6812,341.49,0.45,0.39,2026-10-06,1115,N21,VIIRS,l,2.0NRT,311.85,6.26,D
-11.82518,32.48579,349.62,0.42,0.37,2026-10-06,1115,N21,VIIRS,l,2.0NRT,313.59,8.41,D
-11.82417,31.85321,339.16,0.44,0.38,2026-10-06,1115,N21,VIIRS,l,2.0NRT,310.61,8.07,D
-11.80861,31.63268,336.93,0.45,0.39,2026-10-06,1115,N21,VIIRS,l,2.0NRT,308.72,3.33,D
-11.80819,29.0072,353.35,0.42,0.45,2026-10-06,1115,N21,VIIRS,n,2.0NRT,303.66,6.66,D
-11.80802,31.63677,337.12,0.45,0.39,2026-10-06,1115,N21,VIIRS,l,2.0NRT,310.78,3.33,D
-11.80768,29.01102,332.55,0.42,0.45,2026-10-06,1115,N21,VIIRS,n,2.0NRT,301.59,6.66,D
-11.79524,33.14337,340.06,0.4,0.37,2026-10-06,1115,N21,VIIRS,l,2.0NRT,314.93,6.3,D
-11.79496,33.73837,334.7,0.39,0.36,2026-10-06,1115,N21,VIIRS,n,2.0NRT,307.23,1.34,D
-11.79348,31.76314,335.77,0.44,0.39,2026-10-06,1115,N21,VIIRS,l,2.0NRT,307.77,4.8,D
-11.79291,31.76714,339.03,0.44,0.39,2026-10-06,1115,N21,VIIRS,l,2.0NRT,306.96,4.8,D
-11.79149,31.67623,346.98,0.45,0.39,2026-10-06,1115,N21,VIIRS,l,2.0NRT,311.75,5.26,D
-11.78794,31.67575,344.77,0.45,0.39,2026-10-06,1115,N21,VIIRS,l,2.0NRT,312.29,5.26,D
-11.78708,31.80758,351.23,0.44,0.38,2026-10-06,1115,N21,VIIRS,n,2.0NRT,309.19,9.2,D
-11.7838,31.67935,339.25,0.45,0.39,2026-10-06,1115,N21,VIIRS,l,2.0NRT,313.47,7.39,D
-11.78143,31.94581,335.09,0.44,0.38,2026-10-06,1115,N21,VIIRS,l,2.0NRT,309.12,6.95,D
-11.78085,31.94982,335.8,0.44,0.38,2026-10-06,1115,N21,VIIRS,l,2.0NRT,308.15,5.83,D
-11.77756,25.66189,330.18,0.35,0.57,2026-10-06,1115,N21,VIIRS,n,2.0NRT,294.04,7.44,D
-11.77569,27.95814,338.84,0.49,0.48,2026-10-06,1115,N21,VIIRS,n,2.0NRT,299.28,3.37,D
-11.774,25.6566,367,0.35,0.57,2026-10-06,1115,N21,VIIRS,h,2.0NRT,297.07,9.7,D
-11.77319,25.65472,355.6,0.35,0.57,2026-10-06,1115,N21,VIIRS,n,2.0NRT,298.47,8.7,D
-11.76988,31.75157,342.75,0.44,0.39,2026-10-06,1115,N21,VIIRS,l,2.0NRT,308.04,4.72,D
-11.76844,22.68493,350.92,0.56,0.69,2026-10-06,1115,N21,VIIRS,n,2.0NRT,296.97,24.44,D
-11.76635,31.75104,339.55,0.44,0.39,2026-10-06,1115,N21,VIIRS,l,2.0NRT,309.22,8.74,D
-11.76282,31.75051,354.17,0.44,0.39,2026-10-06,1115,N21,VIIRS,n,2.0NRT,311.64,8.74,D
-11.75985,31.74598,347.04,0.44,0.39,2026-10-06,1115,N21,VIIRS,n,2.0NRT,309.43,10.37,D
-11.75928,31.74999,346.57,0.44,0.39,2026-10-06,1115,N21,VIIRS,n,2.0NRT,307.74,4.41,D
-11.75631,31.92152,331.69,0.44,0.38,2026-10-06,1115,N21,VIIRS,l,2.0NRT,306.24,2.64,D
-11.75573,31.92553,337.65,0.44,0.38,2026-10-06,1115,N21,VIIRS,l,2.0NRT,306.65,2.64,D
-11.75502,24.63676,332.82,0.41,0.61,2026-10-06,1115,N21,VIIRS,n,2.0NRT,292.63,4.8,D
-11.7541,31.78643,349.38,0.44,0.38,2026-10-06,1115,N21,VIIRS,n,2.0NRT,310.94,5.68,D
-11.75352,31.79047,339.92,0.44,0.38,2026-10-06,1115,N21,VIIRS,l,2.0NRT,311.28,5.98,D
-11.75338,31.91695,336.79,0.44,0.38,2026-10-06,1115,N21,VIIRS,n,2.0NRT,306.66,3.18,D
-11.75223,31.92499,336.57,0.44,0.38,2026-10-06,1115,N21,VIIRS,n,2.0NRT,307.08,2.64,D
-11.75165,31.92899,341.19,0.44,0.38,2026-10-06,1115,N21,VIIRS,n,2.0NRT,307.68,3.87,D
-11.75108,31.93296,335.54,0.44,0.38,2026-10-06,1115,N21,VIIRS,l,2.0NRT,307.32,3.87,D
-11.75056,31.78594,335.65,0.44,0.38,2026-10-06,1115,N21,VIIRS,l,2.0NRT,308.53,5.68,D
-11.74999,31.78998,349.25,0.44,0.38,2026-10-06,1115,N21,VIIRS,n,2.0NRT,311.57,5.98,D
-11.74942,31.96932,346.1,0.43,0.38,2026-10-06,1115,N21,VIIRS,l,2.0NRT,309.24,12.74,D
-11.74815,31.92843,347.98,0.44,0.38,2026-10-06,1115,N21,VIIRS,n,2.0NRT,307.66,7.47,D
-11.74758,31.93242,346.1,0.44,0.38,2026-10-06,1115,N21,VIIRS,n,2.0NRT,307.66,7.47,D
-11.74703,31.78545,336.94,0.44,0.38,2026-10-06,1115,N21,VIIRS,n,2.0NRT,308.21,5.97,D
-11.74535,31.97278,337.11,0.43,0.38,2026-10-06,1115,N21,VIIRS,l,2.0NRT,311.66,12.74,D
-11.74235,31.79304,342.9,0.44,0.38,2026-10-06,1115,N21,VIIRS,n,2.0NRT,308.97,7.62,D
-11.74092,31.72674,338.27,0.44,0.39,2026-10-06,1115,N21,VIIRS,l,2.0NRT,312.64,13.74,D
-11.73882,31.79255,339.16,0.44,0.38,2026-10-06,1115,N21,VIIRS,l,2.0NRT,311.45,8.74,D
-11.73852,31.71814,342.15,0.44,0.39,2026-10-06,1115,N21,VIIRS,l,2.0NRT,310.13,6.81,D
-11.73796,31.72218,336.59,0.44,0.39,2026-10-06,1115,N21,VIIRS,l,2.0NRT,308.78,13.74,D
-11.73713,31.95533,334.47,0.43,0.38,2026-10-06,1115,N21,VIIRS,l,2.0NRT,307.91,3.78,D
-11.73655,31.68085,336.68,0.45,0.39,2026-10-06,1115,N21,VIIRS,l,2.0NRT,308.61,6.71,D
-11.73364,31.9548,337.72,0.43,0.38,2026-10-06,1115,N21,VIIRS,l,2.0NRT,310.1,3.78,D
-11.73306,31.9588,343.31,0.43,0.38,2026-10-06,1115,N21,VIIRS,l,2.0NRT,309.92,7.8,D
-11.72956,31.95827,340.66,0.43,0.38,2026-10-06,1115,N21,VIIRS,l,2.0NRT,306.98,5.57,D
-11.72815,31.76608,347.72,0.44,0.39,2026-10-06,1115,N21,VIIRS,n,2.0NRT,309.17,12.06,D
-11.72759,31.77009,367,0.44,0.39,2026-10-06,1115,N21,VIIRS,h,2.0NRT,312.12,17.19,D
-11.72462,31.76557,350.36,0.44,0.39,2026-10-06,1115,N21,VIIRS,n,2.0NRT,316.66,12.06,D
-11.72353,31.69629,335.06,0.45,0.39,2026-10-06,1115,N21,VIIRS,l,2.0NRT,306.17,2.46,D
-11.723,27.91058,339.71,0.49,0.49,2026-10-06,1115,N21,VIIRS,n,2.0NRT,301.03,20.97,D
-11.72294,31.70034,332.65,0.44,0.39,2026-10-06,1115,N21,VIIRS,l,2.0NRT,306.82,2.46,D
-11.72034,27.38546,344.03,0.53,0.5,2026-10-06,1115,N21,VIIRS,n,2.0NRT,296.83,6.82,D
-11.71999,31.69579,333.2,0.45,0.39,2026-10-06,1115,N21,VIIRS,l,2.0NRT,305.63,2.46,D
-11.71483,31.80955,338.65,0.44,0.38,2026-10-06,1115,N21,VIIRS,l,2.0NRT,307.2,4.96,D
-11.71429,33.73332,334.95,0.39,0.36,2026-10-06,1115,N21,VIIRS,l,2.0NRT,308.21,4.22,D
-11.71375,33.7369,340.75,0.39,0.36,2026-10-06,1115,N21,VIIRS,n,2.0NRT,310.38,4.22,D
-11.71268,33.1528,352.27,0.4,0.37,2026-10-06,1115,N21,VIIRS,n,2.0NRT,317.02,9.1,D
-11.70982,24.4926,330.14,0.42,0.61,2026-10-06,1115,N21,VIIRS,n,2.0NRT,294.52,3.67,D
-11.70403,31.68107,335.45,0.45,0.39,2026-10-06,1115,N21,VIIRS,l,2.0NRT,308.69,3.41,D
-11.70098,33.16218,342.43,0.4,0.37,2026-10-06,1115,N21,VIIRS,l,2.0NRT,315.51,8.6,D
-11.70044,33.16581,347.94,0.4,0.37,2026-10-06,1115,N21,VIIRS,n,2.0NRT,315.71,6.08,D
-11.69708,33.16531,352.15,0.4,0.37,2026-10-06,1115,N21,VIIRS,n,2.0NRT,316.65,10.24,D
-11.69382,32.59349,341.1,0.41,0.37,2026-10-06,1115,N21,VIIRS,l,2.0NRT,314.35,4.71,D
-11.69011,31.8766,344.22,0.44,0.38,2026-10-06,1115,N21,VIIRS,l,2.0NRT,308.96,5.26,D
-11.68659,31.87611,337.73,0.44,0.38,2026-10-06,1115,N21,VIIRS,l,2.0NRT,310.04,5.26,D
-11.68306,31.85105,340.42,0.44,0.38,2026-10-06,1115,N21,VIIRS,n,2.0NRT,309.53,3.75,D
-11.67949,33.2145,341.07,0.4,0.37,2026-10-06,1115,N21,VIIRS,l,2.0NRT,315.61,6.34,D
-11.67254,31.64821,343.51,0.45,0.39,2026-10-06,1115,N21,VIIRS,n,2.0NRT,308.16,6.72,D
-11.67196,31.65231,341.05,0.45,0.39,2026-10-06,1115,N21,VIIRS,n,2.0NRT,310.71,6.72,D
-11.66901,31.64763,346.83,0.45,0.39,2026-10-06,1115,N21,VIIRS,n,2.0NRT,307.56,6.72,D
-11.66785,31.65578,335.85,0.45,0.39,2026-10-06,1115,N21,VIIRS,l,2.0NRT,309.12,4.23,D
-11.6641,31.75798,346.03,0.44,0.39,2026-10-06,1115,N21,VIIRS,n,2.0NRT,313.02,14.55,D
-11.66352,31.76202,345.71,0.44,0.38,2026-10-06,1115,N21,VIIRS,n,2.0NRT,311.11,14.4,D
-11.65894,27.75157,337.2,0.5,0.49,2026-10-06,1115,N21,VIIRS,n,2.0NRT,300.45,9.6,D
-11.6558,32.61472,340.68,0.41,0.37,2026-10-06,1115,N21,VIIRS,l,2.0NRT,314.72,6.15,D
-11.6517,31.74386,337.82,0.44,0.39,2026-10-06,1115,N21,VIIRS,l,2.0NRT,311.02,6.84,D
-11.64886,24.72548,335.04,0.41,0.6,2026-10-06,1115,N21,VIIRS,n,2.0NRT,295.54,5.32,D
-11.64568,33.71494,336.14,0.39,0.36,2026-10-06,1115,N21,VIIRS,l,2.0NRT,308.44,2.93,D
-11.64129,33.72157,336.43,0.39,0.36,2026-10-06,1115,N21,VIIRS,n,2.0NRT,307.66,1.91,D
-11.64074,22.12999,330.31,0.61,0.71,2026-10-06,1115,N21,VIIRS,n,2.0NRT,289.69,6.53,D
-11.64061,33.2456,342,0.4,0.37,2026-10-06,1115,N21,VIIRS,l,2.0NRT,314.48,5.14,D
-11.6347,31.91307,344.6,0.44,0.38,2026-10-06,1115,N21,VIIRS,l,2.0NRT,313.89,6.65,D
-11.61436,31.8041,336.84,0.44,0.38,2026-10-06,1115,N21,VIIRS,l,2.0NRT,308.95,5.36,D
-11.60398,22.82264,329.13,0.55,0.68,2026-10-06,1115,N21,VIIRS,n,2.0NRT,294.89,6.3,D
-11.60256,22.82195,337.94,0.55,0.68,2026-10-06,1115,N21,VIIRS,n,2.0NRT,295.02,8.32,D
-11.60256,32.81249,344.94,0.41,0.37,2026-10-06,1115,N21,VIIRS,l,2.0NRT,315.82,8.26,D
-11.60166,31.84315,343.76,0.44,0.38,2026-10-06,1115,N21,VIIRS,l,2.0NRT,314.61,27.77,D
-11.60089,31.84347,348.48,0.44,0.38,2026-10-06,1115,N21,VIIRS,l,2.0NRT,315.2,30.53,D
-11.59773,22.82199,333.96,0.55,0.68,2026-10-06,1115,N21,VIIRS,n,2.0NRT,294.46,7.03,D
-11.59658,33.24945,347.58,0.4,0.37,2026-10-06,1115,N21,VIIRS,n,2.0NRT,312.3,4.82,D
-11.59604,33.25305,343,0.4,0.37,2026-10-06,1115,N21,VIIRS,n,2.0NRT,313.16,4.88,D
-11.59208,31.83004,335.58,0.44,0.38,2026-10-06,1115,N21,VIIRS,l,2.0NRT,308.52,5.16,D
-11.58739,33.40253,346.94,0.39,0.36,2026-10-06,1115,N21,VIIRS,n,2.0NRT,316.74,6.2,D
-11.58509,32.01048,343.95,0.43,0.38,2026-10-06,1115,N21,VIIRS,l,2.0NRT,312.86,10.82,D
-11.58263,32.71078,346.25,0.41,0.37,2026-10-06,1115,N21,VIIRS,n,2.0NRT,314.49,7.65,D
-11.58124,31.3999,341.28,0.46,0.39,2026-10-06,1115,N21,VIIRS,n,2.0NRT,311.89,6.43,D
-11.57766,31.39938,339.98,0.46,0.39,2026-10-06,1115,N21,VIIRS,l,2.0NRT,310.3,19.71,D
-11.57601,32.01346,341.8,0.43,0.38,2026-10-06,1115,N21,VIIRS,n,2.0NRT,310.75,5.78,D
-11.57547,33.79829,336.16,0.39,0.36,2026-10-06,1115,N21,VIIRS,n,2.0NRT,305.22,2.44,D
-11.57508,31.84821,343.3,0.44,0.38,2026-10-06,1115,N21,VIIRS,n,2.0NRT,312.04,7.43,D
-11.57407,32.01288,337.77,0.43,0.38,2026-10-06,1115,N21,VIIRS,l,2.0NRT,309.02,7.07,D
-11.57191,33.23097,342.49,0.4,0.37,2026-10-06,1115,N21,VIIRS,l,2.0NRT,312.86,4.03,D
-11.56263,32.00756,335.71,0.43,0.38,2026-10-06,1115,N21,VIIRS,l,2.0NRT,308.87,5.45,D
-11.5623,31.0016,337.27,0.48,0.4,2026-10-06,1115,N21,VIIRS,l,2.0NRT,304.19,12.62,D
-11.56205,32.01149,340.45,0.43,0.38,2026-10-06,1115,N21,VIIRS,l,2.0NRT,312.98,5.45,D
-11.5614,27.28148,338.05,0.54,0.51,2026-10-06,1115,N21,VIIRS,n,2.0NRT,295.2,8.13,D
-11.55678,31.99876,345.51,0.43,0.38,2026-10-06,1115,N21,VIIRS,l,2.0NRT,313.14,16.75,D
-11.55585,31.88202,339.99,0.44,0.38,2026-10-06,1115,N21,VIIRS,n,2.0NRT,313.37,3.71,D
-11.55444,31.99038,350.76,0.43,0.38,2026-10-06,1115,N21,VIIRS,n,2.0NRT,316.15,21.31,D
-11.55379,32.93335,344,0.4,0.37,2026-10-06,1115,N21,VIIRS,l,2.0NRT,317.27,8.54,D
-11.55101,32.01394,336.22,0.43,0.38,2026-10-06,1115,N21,VIIRS,l,2.0NRT,311.22,5.28,D
-11.55094,31.98989,341.29,0.43,0.38,2026-10-06,1115,N21,VIIRS,l,2.0NRT,311.33,17.79,D
-11.54745,31.98941,353.56,0.43,0.38,2026-10-06,1115,N21,VIIRS,n,2.0NRT,313.53,17.79,D
-11.54345,33.39948,342.42,0.39,0.36,2026-10-06,1115,N21,VIIRS,l,2.0NRT,315.53,4.52,D
-11.5395,22.88671,367,0.54,0.68,2026-10-06,1115,N21,VIIRS,h,2.0NRT,294.59,26.92,D
-11.53796,22.84617,328.64,0.54,0.68,2026-10-06,1115,N21,VIIRS,n,2.0NRT,292.38,4.65,D
-11.53667,30.99799,342.55,0.48,0.4,2026-10-06,1115,N21,VIIRS,n,2.0NRT,303.78,11.66,D
-11.53213,28.61848,339.33,0.44,0.46,2026-10-06,1115,N21,VIIRS,n,2.0NRT,291.02,4.46,D
-11.53173,22.84539,334.5,0.54,0.68,2026-10-06,1115,N21,VIIRS,n,2.0NRT,293.11,6.97,D
-11.52687,31.93429,337.97,0.43,0.38,2026-10-06,1115,N21,VIIRS,l,2.0NRT,312.67,5.95,D
-11.5213,22.93465,367,0.54,0.68,2026-10-06,1115,N21,VIIRS,h,2.0NRT,294,15.49,D
-11.51837,30.99538,336.74,0.48,0.4,2026-10-06,1115,N21,VIIRS,n,2.0NRT,307.89,11.51,D
-11.5156,22.98333,331.67,0.53,0.67,2026-10-06,1115,N21,VIIRS,n,2.0NRT,290.94,6.05,D
-11.50945,22.92858,343.91,0.54,0.68,2026-10-06,1115,N21,VIIRS,n,2.0NRT,292.93,11.62,D
-11.50782,31.96758,348.82,0.43,0.38,2026-10-06,1115,N21,VIIRS,n,2.0NRT,311.21,6.9,D
-11.50725,31.97154,348.18,0.43,0.38,2026-10-06,1115,N21,VIIRS,n,2.0NRT,312.49,6.9,D
-11.50432,31.96708,367,0.43,0.38,2026-10-06,1115,N21,VIIRS,l,2.0NRT,325.93,33.12,D
-11.5038,22.97721,329.27,0.53,0.67,2026-10-06,1115,N21,VIIRS,n,2.0NRT,293.44,10.86,D
-11.50376,31.97105,339.1,0.43,0.38,2026-10-06,1115,N21,VIIRS,l,2.0NRT,312.58,33.12,D
-11.50371,32.91092,350.72,0.4,0.37,2026-10-06,1115,N21,VIIRS,l,2.0NRT,319.46,15.86,D
-11.50339,32.02328,341.58,0.43,0.38,2026-10-06,1115,N21,VIIRS,l,2.0NRT,313.73,21.01,D
-11.50267,22.98691,354.9,0.53,0.67,2026-10-06,1115,N21,VIIRS,n,2.0NRT,294.79,15.7,D
-11.49989,32.02285,347.65,0.43,0.38,2026-10-06,1115,N21,VIIRS,n,2.0NRT,311.25,21.01,D
-11.4975,32.90622,347.6,0.4,0.37,2026-10-06,1115,N21,VIIRS,l,2.0NRT,320.04,9.18,D
-11.4964,32.02241,337.12,0.43,0.38,2026-10-06,1115,N21,VIIRS,n,2.0NRT,308.78,8.42,D
-11.49584,32.02628,348.85,0.43,0.38,2026-10-06,1115,N21,VIIRS,n,2.0NRT,310.95,8.42,D
-11.49529,32.03014,338.12,0.43,0.38,2026-10-06,1115,N21,VIIRS,n,2.0NRT,311.26,12.13,D
-11.49371,31.6855,340.83,0.44,0.39,2026-10-06,1115,N21,VIIRS,l,2.0NRT,308.79,9.99,D
-11.49236,32.02577,367,0.43,0.38,2026-10-06,1115,N21,VIIRS,h,2.0NRT,314.4,8.42,D
-11.49075,31.681,345.49,0.44,0.39,2026-10-06,1115,N21,VIIRS,l,2.0NRT,306.92,9.99,D
-11.49017,31.685,352.31,0.44,0.39,2026-10-06,1115,N21,VIIRS,n,2.0NRT,310.44,9.99,D
-11.48943,32.02137,346.18,0.43,0.38,2026-10-06,1115,N21,VIIRS,n,2.0NRT,312.85,7.72,D
-11.48901,31.69302,343.18,0.44,0.39,2026-10-06,1115,N21,VIIRS,l,2.0NRT,304.32,61.63,D
-11.48651,32.01696,340.44,0.43,0.38,2026-10-06,1115,N21,VIIRS,l,2.0NRT,312.26,5.7,D
-11.48595,32.02085,336.32,0.43,0.38,2026-10-06,1115,N21,VIIRS,l,2.0NRT,311.31,7.72,D
-11.48393,31.9601,337.28,0.43,0.38,2026-10-06,1115,N21,VIIRS,l,2.0NRT,311.68,5.52,D
-11.47987,31.96355,337.86,0.43,0.38,2026-10-06,1115,N21,VIIRS,l,2.0NRT,311.19,5.02,D
-11.47898,32.01984,350.51,0.43,0.38,2026-10-06,1115,N21,VIIRS,n,2.0NRT,314.1,12.55,D
-11.47694,31.95911,348.34,0.43,0.38,2026-10-06,1115,N21,VIIRS,n,2.0NRT,313.32,5.55,D
-11.47638,31.96306,334.96,0.43,0.38,2026-10-06,1115,N21,VIIRS,l,2.0NRT,308.85,1.77,D
-11.476,31.95482,336.47,0.43,0.38,2026-10-06,1115,N21,VIIRS,l,2.0NRT,311.15,4.84,D
-11.47542,31.95876,349.72,0.43,0.38,2026-10-06,1115,N21,VIIRS,n,2.0NRT,311.9,4.84,D
-11.47526,31.97096,333.22,0.43,0.38,2026-10-06,1115,N21,VIIRS,l,2.0NRT,307.91,3.89,D
-11.474,31.95467,336.77,0.43,0.38,2026-10-06,1115,N21,VIIRS,l,2.0NRT,310.99,5.55,D
-11.47369,31.97058,336.77,0.43,0.38,2026-10-06,1115,N21,VIIRS,l,2.0NRT,309.68,6.28,D
-11.47312,32.01105,346.53,0.43,0.38,2026-10-06,1115,N21,VIIRS,n,2.0NRT,311.93,9.2,D
-11.46785,31.96173,342.11,0.43,0.38,2026-10-06,1115,N21,VIIRS,n,2.0NRT,312.09,36.54,D
-11.46728,31.96567,353.47,0.43,0.38,2026-10-06,1115,N21,VIIRS,l,2.0NRT,318.88,36.54,D
-11.46436,31.96126,339.44,0.43,0.38,2026-10-06,1115,N21,VIIRS,n,2.0NRT,312.81,36.54,D
-11.46378,31.96519,367,0.43,0.38,2026-10-06,1115,N21,VIIRS,l,2.0NRT,326.46,36.54,D
-11.46376,31.71817,338.55,0.44,0.38,2026-10-06,1115,N21,VIIRS,l,2.0NRT,309.41,5.85,D
-11.46321,31.96911,341.14,0.43,0.38,2026-10-06,1115,N21,VIIRS,l,2.0NRT,312.54,37.48,D
-11.45876,31.6271,334.79,0.45,0.39,2026-10-06,1115,N21,VIIRS,l,2.0NRT,308.8,9,D
-11.45824,22.11099,340.41,0.61,0.71,2026-10-06,1115,N21,VIIRS,n,2.0NRT,293.58,46.3,D
-11.4579,22.11235,345.16,0.61,0.71,2026-10-06,1115,N21,VIIRS,n,2.0NRT,294.45,57.08,D
-11.45764,22.11639,367,0.61,0.71,2026-10-06,1115,N21,VIIRS,h,2.0NRT,295.4,67.34,D
-11.45726,22.11773,367,0.61,0.71,2026-10-06,1115,N21,VIIRS,h,2.0NRT,293.57,52.56,D
-11.4527,32.15431,337.61,0.42,0.38,2026-10-06,1115,N21,VIIRS,l,2.0NRT,309.95,6.27,D
-11.45206,31.9232,350.19,0.43,0.38,2026-10-06,1115,N21,VIIRS,n,2.0NRT,312.89,25.39,D
-11.45143,27.65786,340.91,0.51,0.49,2026-10-06,1115,N21,VIIRS,n,2.0NRT,296.96,6.34,D
-11.44857,31.92268,349.18,0.43,0.38,2026-10-06,1115,N21,VIIRS,n,2.0NRT,317.63,25.39,D
-11.44456,31.95033,344.85,0.43,0.38,2026-10-06,1115,N21,VIIRS,l,2.0NRT,313.72,9.35,D
-11.44348,31.63289,344.28,0.45,0.39,2026-10-06,1115,N21,VIIRS,l,2.0NRT,311.87,6.56,D
-11.43356,27.50911,343.5,0.52,0.5,2026-10-06,1115,N21,VIIRS,n,2.0NRT,301.61,8.63,D
-11.43324,27.50506,339.41,0.52,0.5,2026-10-06,1115,N21,VIIRS,n,2.0NRT,302.36,10.36,D
-11.42772,31.66767,345.14,0.44,0.39,2026-10-06,1115,N21,VIIRS,n,2.0NRT,308.31,8.18,D
-11.42715,31.67168,339.35,0.44,0.39,2026-10-06,1115,N21,VIIRS,l,2.0NRT,306.72,5.49,D
-11.42658,31.67568,346.27,0.44,0.39,2026-10-06,1115,N21,VIIRS,n,2.0NRT,308.32,5.49,D
-11.42476,31.66312,347.75,0.44,0.39,2026-10-06,1115,N21,VIIRS,n,2.0NRT,310.72,19.75,D
-11.42362,31.67116,343.24,0.44,0.39,2026-10-06,1115,N21,VIIRS,n,2.0NRT,308.48,7.99,D
-11.42125,31.38681,334.31,0.46,0.39,2026-10-06,1115,N21,VIIRS,l,2.0NRT,305.32,3.5,D
-11.42009,31.67062,332.78,0.44,0.39,2026-10-06,1115,N21,VIIRS,l,2.0NRT,306.53,7.99,D
-11.41872,31.62914,333.68,0.45,0.39,2026-10-06,1115,N21,VIIRS,l,2.0NRT,305.47,3.78,D
-11.41761,33.28484,341.8,0.39,0.37,2026-10-06,1115,N21,VIIRS,l,2.0NRT,314.88,5.43,D
-11.41656,31.67008,338.52,0.44,0.39,2026-10-06,1115,N21,VIIRS,l,2.0NRT,306.61,3.29,D
-11.41226,31.87713,355.61,0.43,0.38,2026-10-06,1115,N21,VIIRS,n,2.0NRT,317.71,13.37,D
-11.41107,28.55779,351.29,0.44,0.46,2026-10-06,1115,N21,VIIRS,n,2.0NRT,288.78,15.7,D
-11.41067,28.55751,355.51,0.44,0.46,2026-10-06,1115,N21,VIIRS,n,2.0NRT,289.01,17.39,D
-11.39749,31.7011,331.54,0.44,0.38,2026-10-06,1115,N21,VIIRS,l,2.0NRT,304.94,1.92,D
-11.39729,31.8063,343.73,0.44,0.38,2026-10-06,1115,N21,VIIRS,l,2.0NRT,308.52,8.15,D
-11.39565,33.04766,349.63,0.4,0.37,2026-10-06,1115,N21,VIIRS,n,2.0NRT,320.07,8.5,D
-11.39219,31.68801,335.77,0.44,0.39,2026-10-06,1115,N21,VIIRS,l,2.0NRT,307.22,3.62,D
-11.38808,31.69151,332.71,0.44,0.39,2026-10-06,1115,N21,VIIRS,n,2.0NRT,306.2,3.45,D
-11.38564,29.09678,337.11,0.41,0.45,2026-10-06,1115,N21,VIIRS,n,2.0NRT,301.23,1.72,D
-11.37535,31.50351,335.6,0.45,0.39,2026-10-06,1115,N21,VIIRS,l,2.0NRT,310.59,4.83,D
-11.37199,29.01168,355.47,0.41,0.45,2026-10-06,1115,N21,VIIRS,l,2.0NRT,288.01,15.61,D
-11.37175,22.00423,367,0.62,0.71,2026-10-06,1115,N21,VIIRS,h,2.0NRT,294.3,27.81,D
-11.37144,22.00152,367,0.62,0.71,2026-10-06,1115,N21,VIIRS,h,2.0NRT,294.79,22.29,D
-11.36981,32.09884,367,0.43,0.38,2026-10-06,1115,N21,VIIRS,h,2.0NRT,315.24,15.37,D
-11.36968,31.61897,334.97,0.45,0.39,2026-10-06,1115,N21,VIIRS,l,2.0NRT,308.73,7.38,D
-11.36884,31.47271,333.32,0.45,0.39,2026-10-06,1115,N21,VIIRS,l,2.0NRT,308.28,2.39,D
-11.36837,29.00736,339.79,0.41,0.45,2026-10-06,1115,N21,VIIRS,n,2.0NRT,285.7,14.85,D
-11.36787,29.01115,353,0.41,0.45,2026-10-06,1115,N21,VIIRS,n,2.0NRT,296.63,15.61,D
-11.36736,29.01494,332.02,0.41,0.45,2026-10-06,1115,N21,VIIRS,n,2.0NRT,288.6,15.61,D
-11.36732,31.61027,346.97,0.45,0.39,2026-10-06,1115,N21,VIIRS,n,2.0NRT,312.3,11.12,D
-11.36614,31.61846,338.15,0.45,0.39,2026-10-06,1115,N21,VIIRS,l,2.0NRT,311.14,8.98,D
-11.36556,31.62255,332.93,0.45,0.39,2026-10-06,1115,N21,VIIRS,l,2.0NRT,307.7,4.28,D
-11.36202,31.62204,342.68,0.45,0.39,2026-10-06,1115,N21,VIIRS,n,2.0NRT,306.91,4.28,D
-11.36042,33.7604,339.86,0.39,0.36,2026-10-06,1115,N21,VIIRS,l,2.0NRT,313.49,3.18,D
-11.35848,31.6215,335.03,0.45,0.39,2026-10-06,1115,N21,VIIRS,l,2.0NRT,308.25,7.8,D
-11.35733,32.03736,340.3,0.43,0.38,2026-10-06,1115,N21,VIIRS,l,2.0NRT,313.76,5.52,D
-11.35732,31.62961,334.25,0.44,0.39,2026-10-06,1115,N21,VIIRS,l,2.0NRT,308.18,4.23,D
-11.3571,33.7599,345.87,0.39,0.36,2026-10-06,1115,N21,VIIRS,n,2.0NRT,313.32,5.77,D
-11.35658,31.55881,353.05,0.45,0.39,2026-10-06,1115,N21,VIIRS,n,2.0NRT,310.84,9.07,D
-11.35384,32.03687,342.15,0.43,0.38,2026-10-06,1115,N21,VIIRS,l,2.0NRT,315.68,5.52,D
-11.34057,32.59071,341.68,0.41,0.37,2026-10-06,1115,N21,VIIRS,l,2.0NRT,313.46,8.39,D
-11.3377,32.58648,346.56,0.41,0.37,2026-10-06,1115,N21,VIIRS,l,2.0NRT,314.19,13.1,D
-11.33603,31.17353,337.11,0.47,0.39,2026-10-06,1115,N21,VIIRS,l,2.0NRT,310.07,9.97,D
-11.33555,31.63036,346.28,0.44,0.39,2026-10-06,1115,N21,VIIRS,n,2.0NRT,306.52,6.01,D
-11.33484,32.58224,342.16,0.41,0.37,2026-10-06,1115,N21,VIIRS,l,2.0NRT,314.9,11.94,D
-11.33429,32.58598,347.52,0.41,0.37,2026-10-06,1115,N21,VIIRS,l,2.0NRT,315.8,11.94,D
-11.33375,32.58971,346.4,0.41,0.37,2026-10-06,1115,N21,VIIRS,l,2.0NRT,313.8,4.49,D
-11.3332,32.59344,346.95,0.41,0.37,2026-10-06,1115,N21,VIIRS,l,2.0NRT,312.09,4.49,D
-11.32889,32.09759,348.44,0.43,0.38,2026-10-06,1115,N21,VIIRS,n,2.0NRT,311.59,7.25,D
-11.32649,32.06554,337.21,0.43,0.38,2026-10-06,1115,N21,VIIRS,l,2.0NRT,310.94,5.69,D
-11.32591,32.06947,350.62,0.43,0.38,2026-10-06,1115,N21,VIIRS,n,2.0NRT,313.11,7.06,D
-11.32534,32.07338,351.65,0.43,0.38,2026-10-06,1115,N21,VIIRS,l,2.0NRT,314.55,7.06,D
-11.32327,32.13601,341.1,0.42,0.38,2026-10-06,1115,N21,VIIRS,n,2.0NRT,310.08,3.48,D
-11.31122,31.5232,338.39,0.45,0.39,2026-10-06,1115,N21,VIIRS,l,2.0NRT,306.65,6.89,D
-11.30995,28.95295,344.56,0.41,0.45,2026-10-06,1115,N21,VIIRS,n,2.0NRT,291.24,6.71,D
-11.30734,30.58785,335.06,0.5,0.41,2026-10-06,1115,N21,VIIRS,l,2.0NRT,305.82,7.85,D
-11.3049,24.31534,338.4,0.43,0.62,2026-10-06,1115,N21,VIIRS,n,2.0NRT,293.21,5.92,D
-11.30167,24.31626,334.07,0.43,0.62,2026-10-06,1115,N21,VIIRS,n,2.0NRT,295.36,6.73,D
-11.29692,32.04934,336.3,0.43,0.38,2026-10-06,1115,N21,VIIRS,l,2.0NRT,310.16,3.06,D
-11.29249,25.10254,338.94,0.38,0.59,2026-10-06,1115,N21,VIIRS,n,2.0NRT,295.16,5.21,D
-11.29206,25.10594,337.95,0.38,0.59,2026-10-06,1115,N21,VIIRS,n,2.0NRT,294.97,5.21,D
-11.29005,28.49522,330.58,0.44,0.46,2026-10-06,1115,N21,VIIRS,n,2.0NRT,292.92,2.45,D
-11.28524,33.33041,351.17,0.39,0.36,2026-10-06,1115,N21,VIIRS,n,2.0NRT,317.4,8.29,D
-11.28301,24.77984,336.26,0.4,0.6,2026-10-06,1115,N21,VIIRS,n,2.0NRT,290.52,4.29,D
-11.27753,24.77914,367,0.4,0.6,2026-10-06,1115,N21,VIIRS,h,2.0NRT,291.98,8.86,D
-11.26877,31.64145,335.32,0.44,0.39,2026-10-06,1115,N21,VIIRS,l,2.0NRT,303.77,4.8,D
-11.26523,31.64095,347.36,0.44,0.39,2026-10-06,1115,N21,VIIRS,n,2.0NRT,303.66,4.8,D
-11.26465,31.64496,341.12,0.44,0.39,2026-10-06,1115,N21,VIIRS,n,2.0NRT,305.68,4.8,D
-11.2617,31.64045,347.83,0.44,0.39,2026-10-06,1115,N21,VIIRS,n,2.0NRT,310.68,11.09,D
-11.26112,31.64446,343.37,0.44,0.39,2026-10-06,1115,N21,VIIRS,n,2.0NRT,306.24,11.09,D
-11.26054,31.64848,342.17,0.44,0.39,2026-10-06,1115,N21,VIIRS,n,2.0NRT,303.95,6.35,D
-11.25816,31.63996,334.41,0.44,0.39,2026-10-06,1115,N21,VIIRS,n,2.0NRT,302.87,11.09,D
-11.25759,31.64397,367,0.44,0.39,2026-10-06,1115,N21,VIIRS,h,2.0NRT,304.5,11.09,D
-11.2571,33.74772,347.35,0.39,0.36,2026-10-06,1115,N21,VIIRS,n,2.0NRT,312.93,7.31,D
-11.25701,31.64798,353.41,0.44,0.39,2026-10-06,1115,N21,VIIRS,n,2.0NRT,308.48,6.35,D
-11.25527,31.66003,341.34,0.44,0.39,2026-10-06,1115,N21,VIIRS,l,2.0NRT,305.77,7.23,D
-11.2547,31.66404,348.16,0.44,0.39,2026-10-06,1115,N21,VIIRS,l,2.0NRT,309.44,11.75,D
-11.25276,31.87531,350.71,0.43,0.38,2026-10-06,1115,N21,VIIRS,n,2.0NRT,317.54,18.1,D
-11.25121,31.43479,345.63,0.45,0.39,2026-10-06,1115,N21,VIIRS,l,2.0NRT,310.2,15.35,D
-11.25001,31.67156,338.2,0.44,0.38,2026-10-06,1115,N21,VIIRS,l,2.0NRT,301.2,3.95,D
-11.24963,28.0711,347.72,0.47,0.48,2026-10-06,1115,N21,VIIRS,n,2.0NRT,298.51,15.77,D
-11.24951,28.06738,332.03,0.47,0.48,2026-10-06,1115,N21,VIIRS,n,2.0NRT,298.62,8.1,D
-11.24893,28.07166,367,0.47,0.48,2026-10-06,1115,N21,VIIRS,h,2.0NRT,300.55,16.9,D
-11.24454,28.07111,340.42,0.47,0.48,2026-10-06,1115,N21,VIIRS,n,2.0NRT,304.36,9.08,D
-11.24042,26.42094,339.41,0.61,0.53,2026-10-06,1115,N21,VIIRS,n,2.0NRT,293.89,18.24,D
-11.23974,26.42615,340.75,0.61,0.53,2026-10-06,1115,N21,VIIRS,n,2.0NRT,295.34,32.93,D
-11.23614,32.49167,344.5,0.41,0.37,2026-10-06,1115,N21,VIIRS,l,2.0NRT,312.79,3.87,D
-11.23559,32.49542,339.7,0.41,0.37,2026-10-06,1115,N21,VIIRS,l,2.0NRT,313.18,3.87,D
-11.23551,26.42034,336.35,0.61,0.53,2026-10-06,1115,N21,VIIRS,n,2.0NRT,295.43,18.24,D
-11.23466,25.08545,332.67,0.38,0.59,2026-10-06,1115,N21,VIIRS,n,2.0NRT,296.35,5.34,D
-11.23327,32.48742,344.77,0.41,0.37,2026-10-06,1115,N21,VIIRS,l,2.0NRT,313.83,5.92,D
-11.23272,32.49118,346.59,0.41,0.37,2026-10-06,1115,N21,VIIRS,l,2.0NRT,316.2,7.27,D
-11.22657,31.8836,350.77,0.43,0.38,2026-10-06,1115,N21,VIIRS,n,2.0NRT,314.14,7.54,D
-11.22348,31.6556,338.71,0.44,0.39,2026-10-06,1115,N21,VIIRS,l,2.0NRT,300.48,5.09,D
-11.22308,31.8831,340.18,0.43,0.38,2026-10-06,1115,N21,VIIRS,l,2.0NRT,310.77,7.54,D
-11.22252,31.887,346.5,0.43,0.38,2026-10-06,1115,N21,VIIRS,n,2.0NRT,312.19,4.94,D
-11.2221,27.01051,330.87,0.56,0.51,2026-10-06,1115,N21,VIIRS,n,2.0NRT,290.19,3.98,D
-11.2214,27.84128,337.22,0.49,0.48,2026-10-06,1115,N21,VIIRS,n,2.0NRT,297.49,3.27,D
-11.21972,30.80849,336.66,0.48,0.4,2026-10-06,1115,N21,VIIRS,n,2.0NRT,305.02,3.48,D
-11.21512,31.93806,339.38,0.43,0.38,2026-10-06,1115,N21,VIIRS,l,2.0NRT,312.33,23.52,D
-11.21422,31.54255,344.92,0.45,0.39,2026-10-06,1115,N21,VIIRS,l,2.0NRT,309.36,9.43,D
-11.21365,31.5466,345.23,0.45,0.39,2026-10-06,1115,N21,VIIRS,l,2.0NRT,311.52,9.43,D
-11.21035,31.54643,336.64,0.45,0.39,2026-10-06,1115,N21,VIIRS,l,2.0NRT,310.04,5.73,D
-11.2101,31.54609,335.62,0.45,0.39,2026-10-06,1115,N21,VIIRS,l,2.0NRT,310.03,4.96,D
-11.20819,32.08356,355.22,0.43,0.38,2026-10-06,1115,N21,VIIRS,l,2.0NRT,312.34,40.41,D
-11.20707,32.09125,347.37,0.42,0.38,2026-10-06,1115,N21,VIIRS,l,2.0NRT,314.01,7.43,D
-11.20686,32.04398,339.67,0.43,0.38,2026-10-06,1115,N21,VIIRS,l,2.0NRT,311.51,4.03,D
-11.20651,32.09509,347.39,0.42,0.38,2026-10-06,1115,N21,VIIRS,l,2.0NRT,315.54,7.43,D
-11.20417,32.08686,345.49,0.43,0.38,2026-10-06,1115,N21,VIIRS,l,2.0NRT,309.63,8.56,D
-11.20305,32.09455,342.23,0.42,0.38,2026-10-06,1115,N21,VIIRS,l,2.0NRT,312.12,5.67,D
-11.1926,32.21449,340.53,0.42,0.38,2026-10-06,1115,N21,VIIRS,l,2.0NRT,311.86,12.34,D
-11.19188,25.09706,338.98,0.38,0.58,2026-10-06,1115,N21,VIIRS,n,2.0NRT,295.55,5.59,D
-11.1897,32.21021,347.04,0.42,0.38,2026-10-06,1115,N21,VIIRS,l,2.0NRT,312.94,18.14,D
-11.18954,32.33103,334.83,0.42,0.37,2026-10-06,1115,N21,VIIRS,l,2.0NRT,307.22,2.26,D
-11.18731,31.5055,340.53,0.45,0.39,2026-10-06,1115,N21,VIIRS,l,2.0NRT,314.46,17.71,D
-11.1868,32.20594,345.93,0.42,0.38,2026-10-06,1115,N21,VIIRS,l,2.0NRT,312.39,8.04,D
-11.18659,31.25594,336.73,0.46,0.39,2026-10-06,1115,N21,VIIRS,l,2.0NRT,311.19,6.99,D
-11.18335,32.20546,337.53,0.42,0.38,2026-10-06,1115,N21,VIIRS,l,2.0NRT,312.47,8.04,D
-11.18299,31.25543,338.3,0.46,0.39,2026-10-06,1115,N21,VIIRS,l,2.0NRT,312.63,6.99,D
-11.18251,32.13854,332.68,0.42,0.38,2026-10-06,1115,N21,VIIRS,l,2.0NRT,307.43,1.91,D
-11.18194,32.14246,335.66,0.42,0.38,2026-10-06,1115,N21,VIIRS,l,2.0NRT,309.77,3.75,D
-11.18137,32.14635,349.51,0.42,0.38,2026-10-06,1115,N21,VIIRS,n,2.0NRT,310.29,3.75,D
-11.18017,22.17292,367,0.6,0.7,2026-10-06,1115,N21,VIIRS,h,2.0NRT,294.55,54.38,D
-11.17904,32.13812,337.22,0.42,0.38,2026-10-06,1115,N21,VIIRS,n,2.0NRT,309.63,1.91,D
-11.17847,32.14202,336.81,0.42,0.38,2026-10-06,1115,N21,VIIRS,n,2.0NRT,309.87,3.75,D
-11.16939,32.05809,347.59,0.43,0.38,2026-10-06,1115,N21,VIIRS,n,2.0NRT,311.67,7.74,D
-11.15759,33.41238,341.8,0.39,0.36,2026-10-06,1115,N21,VIIRS,l,2.0NRT,313.74,5.61,D
-11.15706,33.41594,340.03,0.39,0.36,2026-10-06,1115,N21,VIIRS,l,2.0NRT,314.02,5.61,D
-11.15702,33.12223,349.33,0.4,0.37,2026-10-06,1115,N21,VIIRS,n,2.0NRT,317.33,12.59,D
-11.15616,32.1742,346.48,0.42,0.38,2026-10-06,1115,N21,VIIRS,n,2.0NRT,311.07,19.05,D
-11.15602,32.15077,338.12,0.42,0.38,2026-10-06,1115,N21,VIIRS,l,2.0NRT,309.75,6.17,D
-11.15542,32.2522,347.58,0.42,0.38,2026-10-06,1115,N21,VIIRS,n,2.0NRT,308.78,8.63,D
-11.15263,32.2714,336.49,0.42,0.38,2026-10-06,1115,N21,VIIRS,l,2.0NRT,308.49,2.72,D
-11.14969,22.15295,337.51,0.6,0.71,2026-10-06,1115,N21,VIIRS,n,2.0NRT,294.28,17.02,D
-11.14943,22.14964,350.54,0.6,0.71,2026-10-06,1115,N21,VIIRS,n,2.0NRT,294.93,16.9,D
-11.14919,32.27087,344.01,0.42,0.38,2026-10-06,1115,N21,VIIRS,n,2.0NRT,309.72,6.44,D
-11.14894,32.02771,339.39,0.43,0.38,2026-10-06,1115,N21,VIIRS,l,2.0NRT,310.96,3.48,D
-11.14439,32.23124,342.82,0.42,0.38,2026-10-06,1115,N21,VIIRS,l,2.0NRT,310.76,15.03,D
-11.14331,28.62267,341.66,0.43,0.46,2026-10-06,1115,N21,VIIRS,n,2.0NRT,290.57,8.37,D
-11.14102,27.8058,344.11,0.49,0.49,2026-10-06,1115,N21,VIIRS,n,2.0NRT,290.71,7.55,D
-11.14094,32.23075,347.58,0.42,0.38,2026-10-06,1115,N21,VIIRS,l,2.0NRT,314.64,18.06,D
-11.13656,27.80525,340.97,0.49,0.49,2026-10-06,1115,N21,VIIRS,n,2.0NRT,294.36,20.41,D
-11.13557,32.19481,339.73,0.42,0.38,2026-10-06,1115,N21,VIIRS,n,2.0NRT,308.09,2.73,D
-11.13521,33.60867,350.48,0.39,0.36,2026-10-06,1115,N21,VIIRS,n,2.0NRT,314.03,6.17,D
-11.13487,32.1752,337.44,0.42,0.38,2026-10-06,1115,N21,VIIRS,l,2.0NRT,310.28,3.9,D
-11.13469,33.61221,340.9,0.39,0.36,2026-10-06,1115,N21,VIIRS,l,2.0NRT,314.17,5.43,D
-11.13445,32.20253,341.59,0.42,0.38,2026-10-06,1115,N21,VIIRS,l,2.0NRT,313.06,4.97,D
-11.1335,32.23359,338.42,0.42,0.38,2026-10-06,1115,N21,VIIRS,l,2.0NRT,311.88,6.13,D
-11.13136,33.6117,342.29,0.39,0.36,2026-10-06,1115,N21,VIIRS,l,2.0NRT,314.09,5.43,D
-11.13084,33.61524,353.15,0.39,0.36,2026-10-06,1115,N21,VIIRS,n,2.0NRT,316.89,5.43,D
-11.13015,32.15894,344.35,0.42,0.38,2026-10-06,1115,N21,VIIRS,l,2.0NRT,310.66,7.63,D
-11.12726,32.15454,339.04,0.42,0.38,2026-10-06,1115,N21,VIIRS,l,2.0NRT,309.67,5.57,D
-11.12603,32.13845,337.79,0.42,0.38,2026-10-06,1115,N21,VIIRS,n,2.0NRT,308.49,4.45,D
-11.12503,31.86103,340.15,0.43,0.38,2026-10-06,1115,N21,VIIRS,l,2.0NRT,313.53,7.98,D
-11.1227,32.1617,335.13,0.42,0.38,2026-10-06,1115,N21,VIIRS,l,2.0NRT,309.31,5.28,D
-11.1184,30.5275,340.39,0.5,0.41,2026-10-06,1115,N21,VIIRS,l,2.0NRT,310.4,9.93,D
-11.11633,30.7457,340.02,0.49,0.4,2026-10-06,1115,N21,VIIRS,n,2.0NRT,314.58,58.68,D
-11.11587,32.25834,340.8,0.42,0.38,2026-10-06,1115,N21,VIIRS,l,2.0NRT,312.44,9.63,D
-11.11134,32.26539,338.58,0.42,0.38,2026-10-06,1115,N21,VIIRS,l,2.0NRT,312.89,8.23,D
-11.11079,30.55422,343.28,0.5,0.41,2026-10-06,1115,N21,VIIRS,l,2.0NRT,313.07,18.84,D
-11.10828,32.6702,346.8,0.41,0.37,2026-10-06,1115,N21,VIIRS,l,2.0NRT,317.63,24.95,D
-11.10226,31.46864,367,0.45,0.39,2026-10-06,1115,N21,VIIRS,h,2.0NRT,304.05,23.32,D
-11.1021,33.6037,347.74,0.39,0.36,2026-10-06,1115,N21,VIIRS,n,2.0NRT,311.68,3.88,D
-11.10185,32.54804,348.34,0.41,0.37,2026-10-06,1115,N21,VIIRS,n,2.0NRT,312.35,12.08,D
-11.10023,32.22472,340.89,0.42,0.38,2026-10-06,1115,N21,VIIRS,l,2.0NRT,313.66,13.85,D
-11.09999,30.73554,338.3,0.49,0.4,2026-10-06,1115,N21,VIIRS,n,2.0NRT,310.23,13.3,D
-11.09989,32.29853,348.94,0.42,0.37,2026-10-06,1115,N21,VIIRS,l,2.0NRT,311.61,10.32,D
-11.09954,32.29868,349.95,0.42,0.37,2026-10-06,1115,N21,VIIRS,l,2.0NRT,312.01,8.41,D
-11.09877,33.6032,337.73,0.39,0.36,2026-10-06,1115,N21,VIIRS,l,2.0NRT,309.09,3.88,D
-11.09844,32.54755,345.17,0.41,0.37,2026-10-06,1115,N21,VIIRS,n,2.0NRT,314.49,12.08,D
-11.09301,32.29755,346.03,0.42,0.37,2026-10-06,1115,N21,VIIRS,n,2.0NRT,312.39,17.82,D
-11.09245,32.30136,367,0.42,0.37,2026-10-06,1115,N21,VIIRS,h,2.0NRT,316.19,15.34,D
-11.08957,32.29708,349.49,0.42,0.37,2026-10-06,1115,N21,VIIRS,n,2.0NRT,316.02,17.82,D
-11.08901,32.30089,337.88,0.42,0.37,2026-10-06,1115,N21,VIIRS,n,2.0NRT,311.27,15.34,D
-11.08846,27.72156,338.81,0.5,0.49,2026-10-06,1115,N21,VIIRS,n,2.0NRT,288.55,8.63,D
-11.08314,30.45264,333.09,0.5,0.41,2026-10-06,1115,N21,VIIRS,l,2.0NRT,303.02,8.72,D
-11.07743,32.87944,347.72,0.4,0.37,2026-10-06,1115,N21,VIIRS,n,2.0NRT,315.86,9.24,D
-11.07596,28.67815,334.04,0.43,0.46,2026-10-06,1115,N21,VIIRS,n,2.0NRT,290.11,7.09,D
-11.07176,28.67765,340.75,0.43,0.46,2026-10-06,1115,N21,VIIRS,n,2.0NRT,290.02,7.09,D
-11.06385,31.06319,339.74,0.47,0.4,2026-10-06,1115,N21,VIIRS,n,2.0NRT,311.13,4.99,D
-11.05182,28.34056,341.86,0.45,0.47,2026-10-06,1115,N21,VIIRS,n,2.0NRT,299.69,5.21,D
-11.0508,32.32232,355.28,0.42,0.37,2026-10-06,1115,N21,VIIRS,n,2.0NRT,309.91,5.28,D
-11.05075,22.20968,333.93,0.59,0.7,2026-10-06,1115,N21,VIIRS,n,2.0NRT,293.09,8.1,D
-11.04863,32.45638,334.79,0.41,0.37,2026-10-06,1115,N21,VIIRS,l,2.0NRT,306.86,2.7,D
-11.04673,32.08357,343.63,0.42,0.38,2026-10-06,1115,N21,VIIRS,n,2.0NRT,310.44,11,D
-11.04576,32.45218,340.93,0.41,0.37,2026-10-06,1115,N21,VIIRS,l,2.0NRT,307.49,3.71,D
-11.04558,32.18924,347.48,0.42,0.38,2026-10-06,1115,N21,VIIRS,n,2.0NRT,312.14,6.32,D
-11.0443,22.20901,329.43,0.59,0.7,2026-10-06,1115,N21,VIIRS,n,2.0NRT,295.85,8.1,D
-11.04383,32.0792,338.11,0.42,0.38,2026-10-06,1115,N21,VIIRS,n,2.0NRT,309.87,4.38,D
-11.04327,32.08305,345.62,0.42,0.38,2026-10-06,1115,N21,VIIRS,n,2.0NRT,313.76,11,D
-11.04119,32.34019,344.32,0.42,0.37,2026-10-06,1115,N21,VIIRS,n,2.0NRT,311.22,5.65,D
-11.04026,31.07277,344.38,0.47,0.4,2026-10-06,1115,N21,VIIRS,n,2.0NRT,317.63,43.49,D
-11.03883,32.21161,338.17,0.42,0.38,2026-10-06,1115,N21,VIIRS,l,2.0NRT,310.69,2.58,D
-11.03764,32.31645,341.66,0.42,0.37,2026-10-06,1115,N21,VIIRS,l,2.0NRT,309.28,5.86,D
-11.03736,28.31792,339.87,0.45,0.47,2026-10-06,1115,N21,VIIRS,n,2.0NRT,294.81,8.91,D
-11.03399,32.07382,336.56,0.42,0.38,2026-10-06,1115,N21,VIIRS,l,2.0NRT,309.24,2.04,D
-11.03256,32.32731,338.28,0.42,0.37,2026-10-06,1115,N21,VIIRS,l,2.0NRT,313.14,6.24,D
-11.03152,32.23782,339.84,0.42,0.38,2026-10-06,1115,N21,VIIRS,l,2.0NRT,314,6.48,D
-11.02913,32.32679,348.2,0.42,0.37,2026-10-06,1115,N21,VIIRS,l,2.0NRT,314.77,6.24,D
-11.02828,32.38066,345.1,0.41,0.37,2026-10-06,1115,N21,VIIRS,l,2.0NRT,313.98,11.32,D
-11.02808,32.2373,336.43,0.42,0.38,2026-10-06,1115,N21,VIIRS,l,2.0NRT,310.64,6.48,D
-11.02144,32.37964,342.48,0.41,0.37,2026-10-06,1115,N21,VIIRS,l,2.0NRT,315.64,7.81,D
-11.01638,32.05616,341.34,0.42,0.38,2026-10-06,1115,N21,VIIRS,l,2.0NRT,312.45,4.61,D
-11.01581,32.06,341.05,0.42,0.38,2026-10-06,1115,N21,VIIRS,l,2.0NRT,312.01,4.61,D
-11.01254,32.41676,341,0.41,0.37,2026-10-06,1115,N21,VIIRS,n,2.0NRT,308.37,13.72,D
-11.01159,32.35115,347.47,0.41,0.37,2026-10-06,1115,N21,VIIRS,l,2.0NRT,313.15,10.11,D
-11.01049,32.35873,341.69,0.41,0.37,2026-10-06,1115,N21,VIIRS,l,2.0NRT,314.18,8.56,D
-11.00707,32.3582,345.11,0.41,0.37,2026-10-06,1115,N21,VIIRS,l,2.0NRT,314.97,7.17,D
-11.00652,32.05096,351.99,0.42,0.38,2026-10-06,1115,N21,VIIRS,n,2.0NRT,312.73,7.53,D
-11.00622,32.31567,355.07,0.42,0.37,2026-10-06,1115,N21,VIIRS,n,2.0NRT,314.97,24.58,D
-11.00305,32.0505,339.57,0.42,0.38,2026-10-06,1115,N21,VIIRS,l,2.0NRT,312.51,7.53,D
-11.00256,32.72184,342.1,0.4,0.37,2026-10-06,1115,N21,VIIRS,l,2.0NRT,313.88,7.02,D
-11.0025,32.05427,338.18,0.42,0.38,2026-10-06,1115,N21,VIIRS,l,2.0NRT,310.42,5.4,D
-10.99958,32.05003,347.63,0.42,0.38,2026-10-06,1115,N21,VIIRS,n,2.0NRT,312.92,9.41,D
-10.99269,33.69816,338.68,0.39,0.36,2026-10-06,1115,N21,VIIRS,l,2.0NRT,312.34,2.14,D
-10.98988,33.51353,337.77,0.39,0.36,2026-10-06,1115,N21,VIIRS,l,2.0NRT,312.27,4.45,D
-10.98934,33.51708,344.4,0.39,0.36,2026-10-06,1115,N21,VIIRS,n,2.0NRT,311.73,3.1,D
-10.98581,31.77654,339.92,0.44,0.38,2026-10-06,1115,N21,VIIRS,l,2.0NRT,310.73,6.1,D
-10.97475,31.90332,341.81,0.43,0.38,2026-10-06,1115,N21,VIIRS,n,2.0NRT,312.93,5.49,D
-10.97347,32.13219,344.22,0.42,0.38,2026-10-06,1115,N21,VIIRS,n,2.0NRT,310.4,6,D
-10.97261,32.35343,341.18,0.41,0.37,2026-10-06,1115,N21,VIIRS,l,2.0NRT,314.03,6.93,D
-10.9718,31.52108,336.25,0.45,0.39,2026-10-06,1115,N21,VIIRS,l,2.0NRT,309.53,4.66,D
-10.97065,28.55922,355.53,0.43,0.46,2026-10-06,1115,N21,VIIRS,n,2.0NRT,286.47,12.55,D
-10.96891,32.1393,345.26,0.42,0.38,2026-10-06,1115,N21,VIIRS,l,2.0NRT,312.43,10.62,D
-10.96835,32.14311,336.33,0.42,0.38,2026-10-06,1115,N21,VIIRS,l,2.0NRT,310.1,7.49,D
-10.96012,24.80371,332.82,0.39,0.59,2026-10-06,1115,N21,VIIRS,n,2.0NRT,288.91,12.69,D
-10.95965,32.25089,339.77,0.42,0.37,2026-10-06,1115,N21,VIIRS,n,2.0NRT,308.52,3.49,D
-10.95908,32.25472,335.15,0.42,0.37,2026-10-06,1115,N21,VIIRS,n,2.0NRT,307.69,3.49,D
-10.95801,31.36479,338.95,0.45,0.39,2026-10-06,1115,N21,VIIRS,l,2.0NRT,308.65,12.04,D
-10.95621,32.25037,336.72,0.42,0.37,2026-10-06,1115,N21,VIIRS,n,2.0NRT,310.73,8.01,D
-10.95565,32.2542,367,0.42,0.37,2026-10-06,1115,N21,VIIRS,h,2.0NRT,313.92,8.01,D
-10.95384,31.36844,350.21,0.45,0.39,2026-10-06,1115,N21,VIIRS,l,2.0NRT,309.36,12.59,D
-10.95166,32.25751,348.13,0.42,0.37,2026-10-06,1115,N21,VIIRS,n,2.0NRT,312.94,114.64,D
-10.9499,32.24552,339.9,0.42,0.38,2026-10-06,1115,N21,VIIRS,l,2.0NRT,314.4,5.1,D
-10.94878,32.25316,346.23,0.42,0.37,2026-10-06,1115,N21,VIIRS,l,2.0NRT,317.23,17.73,D
-10.94822,32.25698,339.71,0.42,0.37,2026-10-06,1115,N21,VIIRS,l,2.0NRT,314.16,13.67,D
-10.94304,33.46277,342.86,0.39,0.36,2026-10-06,1115,N21,VIIRS,n,2.0NRT,306.59,5.31,D
-10.93834,33.42571,354.48,0.39,0.36,2026-10-06,1115,N21,VIIRS,n,2.0NRT,314.08,22.43,D
-10.92599,31.38518,342.79,0.45,0.39,2026-10-06,1115,N21,VIIRS,n,2.0NRT,313.79,5.43,D
-10.92103,31.7472,345.56,0.44,0.38,2026-10-06,1115,N21,VIIRS,n,2.0NRT,314.61,16.74,D
-10.91981,32.687,352.56,0.4,0.37,2026-10-06,1115,N21,VIIRS,l,2.0NRT,314.27,24.32,D
-10.91912,33.60046,344.72,0.39,0.36,2026-10-06,1115,N21,VIIRS,n,2.0NRT,311.85,5.08,D
-10.91286,33.55198,333.55,0.39,0.36,2026-10-06,1115,N21,VIIRS,l,2.0NRT,306.55,3.16,D
-10.91127,24.91146,345.85,0.38,0.59,2026-10-06,1115,N21,VIIRS,n,2.0NRT,292.31,5.87,D
-10.9091,32.68918,355.07,0.4,0.37,2026-10-06,1115,N21,VIIRS,l,2.0NRT,320.67,64.06,D
-10.90856,25.94868,338.46,0.33,0.55,2026-10-06,1115,N21,VIIRS,n,2.0NRT,296.09,3.84,D
-10.90855,32.69286,341.5,0.4,0.37,2026-10-06,1115,N21,VIIRS,l,2.0NRT,313.85,8.31,D
-10.90841,24.9112,346.65,0.38,0.59,2026-10-06,1115,N21,VIIRS,n,2.0NRT,293,5.56,D
-10.90625,32.685,348.02,0.4,0.37,2026-10-06,1115,N21,VIIRS,l,2.0NRT,314.97,8.27,D
-10.90571,32.68868,354.41,0.4,0.37,2026-10-06,1115,N21,VIIRS,l,2.0NRT,316.08,8.27,D
-10.90516,32.69236,341.23,0.4,0.37,2026-10-06,1115,N21,VIIRS,l,2.0NRT,314.08,6.11,D
-10.90136,33.74179,340.08,0.39,0.36,2026-10-06,1115,N21,VIIRS,l,2.0NRT,313.53,9.38,D
-10.89975,32.27681,353.21,0.42,0.37,2026-10-06,1115,N21,VIIRS,l,2.0NRT,312.63,9.73,D
-10.89905,32.25737,337.13,0.42,0.37,2026-10-06,1115,N21,VIIRS,l,2.0NRT,310.56,6.18,D
-10.89804,33.74132,351.55,0.39,0.36,2026-10-06,1115,N21,VIIRS,n,2.0NRT,313.62,13.03,D
-10.89757,32.2919,339.41,0.42,0.37,2026-10-06,1115,N21,VIIRS,l,2.0NRT,310.99,4.89,D
-10.89554,32.33014,336.49,0.41,0.37,2026-10-06,1115,N21,VIIRS,l,2.0NRT,310.96,4.45,D
-10.89414,32.29138,354.86,0.42,0.37,2026-10-06,1115,N21,VIIRS,n,2.0NRT,315.88,10.45,D
-10.89235,32.27953,341.71,0.42,0.37,2026-10-06,1115,N21,VIIRS,l,2.0NRT,312.45,41.07,D
-10.89212,32.32962,344.37,0.41,0.37,2026-10-06,1115,N21,VIIRS,l,2.0NRT,313.51,4.45,D
-10.89001,32.27143,338.27,0.42,0.37,2026-10-06,1115,N21,VIIRS,l,2.0NRT,312.1,5.75,D
-10.88815,32.33288,342.92,0.41,0.37,2026-10-06,1115,N21,VIIRS,l,2.0NRT,313.81,7.02,D
-10.88465,31.70134,337.64,0.44,0.38,2026-10-06,1115,N21,VIIRS,l,2.0NRT,310.11,8.14,D
-10.88185,32.32805,343.31,0.41,0.37,2026-10-06,1115,N21,VIIRS,l,2.0NRT,314.75,9.99,D
-10.88171,31.69683,339.31,0.44,0.38,2026-10-06,1115,N21,VIIRS,l,2.0NRT,313,7.68,D
-10.87813,22.32124,354.91,0.58,0.7,2026-10-06,1115,N21,VIIRS,n,2.0NRT,294.07,18.7,D
-10.87749,22.32663,337.9,0.58,0.7,2026-10-06,1115,N21,VIIRS,n,2.0NRT,294.36,18.7,D
-10.87666,31.55289,341.03,0.44,0.39,2026-10-06,1115,N21,VIIRS,l,2.0NRT,310.41,8.16,D
-10.87645,32.69931,347.83,0.4,0.37,2026-10-06,1115,N21,VIIRS,l,2.0NRT,315.37,12.26,D
-10.8761,31.25555,339.3,0.46,0.39,2026-10-06,1115,N21,VIIRS,l,2.0NRT,310.16,4.79,D
-10.87458,32.06682,337.24,0.42,0.38,2026-10-06,1115,N21,VIIRS,l,2.0NRT,309.57,6.93,D
-10.87402,32.07066,349.52,0.42,0.38,2026-10-06,1115,N21,VIIRS,l,2.0NRT,312.42,6.93,D
-10.87346,32.07449,343.95,0.42,0.38,2026-10-06,1115,N21,VIIRS,l,2.0NRT,314.22,8.93,D
-10.87037,32.90386,345.38,0.4,0.37,2026-10-06,1115,N21,VIIRS,l,2.0NRT,316.29,19.15,D
-10.87001,32.07397,344.07,0.42,0.38,2026-10-06,1115,N21,VIIRS,n,2.0NRT,306.85,8.93,D
-10.86435,33.12845,339.53,0.39,0.37,2026-10-06,1115,N21,VIIRS,l,2.0NRT,313.22,6.83,D
-10.85641,32.23931,337.47,0.42,0.37,2026-10-06,1115,N21,VIIRS,l,2.0NRT,311.93,4.77,D
-10.85297,32.23882,345.23,0.42,0.37,2026-10-06,1115,N21,VIIRS,n,2.0NRT,310.68,4.77,D
-10.85242,32.24259,346.71,0.42,0.37,2026-10-06,1115,N21,VIIRS,n,2.0NRT,311.36,7.02,D
-10.8496,31.56537,343.82,0.44,0.39,2026-10-06,1115,N21,VIIRS,n,2.0NRT,311.87,7.14,D
-10.84078,31.10582,347.05,0.46,0.39,2026-10-06,1115,N21,VIIRS,n,2.0NRT,313.47,5.05,D
-10.83895,24.87463,331.77,0.39,0.59,2026-10-06,1115,N21,VIIRS,n,2.0NRT,292.34,2.34,D
-10.8387,31.10475,345.52,0.46,0.39,2026-10-06,1115,N21,VIIRS,l,2.0NRT,312.63,7.41,D
-10.83795,33.75665,341.77,0.39,0.36,2026-10-06,1115,N21,VIIRS,n,2.0NRT,306.85,4.85,D
-10.83717,31.1053,338.13,0.46,0.39,2026-10-06,1115,N21,VIIRS,l,2.0NRT,312.17,5.05,D
-10.83313,31.55462,343.02,0.44,0.39,2026-10-06,1115,N21,VIIRS,n,2.0NRT,307.05,8.89,D
-10.83037,30.92159,339.27,0.47,0.4,2026-10-06,1115,N21,VIIRS,l,2.0NRT,312.07,10.74,D
-10.8241,31.01694,337.07,0.47,0.4,2026-10-06,1115,N21,VIIRS,l,2.0NRT,311.21,13.89,D
-10.82308,31.29443,343.67,0.45,0.39,2026-10-06,1115,N21,VIIRS,n,2.0NRT,312.06,9.16,D
-10.82098,32.4568,346.54,0.41,0.37,2026-10-06,1115,N21,VIIRS,n,2.0NRT,313.44,6.77,D
-10.82018,31.54433,343.38,0.44,0.39,2026-10-06,1115,N21,VIIRS,n,2.0NRT,306.99,9.16,D
-10.81416,32.45584,341.17,0.41,0.37,2026-10-06,1115,N21,VIIRS,l,2.0NRT,311.09,5.82,D
-10.8115,32.68556,346.62,0.4,0.37,2026-10-06,1115,N21,VIIRS,l,2.0NRT,314.88,7.96,D
-10.81074,32.45538,344.43,0.41,0.37,2026-10-06,1115,N21,VIIRS,n,2.0NRT,310.76,5.66,D
-10.80898,26.69602,330.08,0.58,0.52,2026-10-06,1115,N21,VIIRS,n,2.0NRT,299.98,6.61,D
-10.80811,32.68507,353.04,0.4,0.37,2026-10-06,1115,N21,VIIRS,l,2.0NRT,314.63,7.96,D
-10.80685,31.61215,340.73,0.44,0.38,2026-10-06,1115,N21,VIIRS,n,2.0NRT,306.71,5.6,D
-10.80628,31.61613,335.52,0.44,0.38,2026-10-06,1115,N21,VIIRS,l,2.0NRT,304.53,4.69,D
-10.80473,32.68457,349.38,0.4,0.37,2026-10-06,1115,N21,VIIRS,l,2.0NRT,315.33,5.54,D
-10.80437,33.34647,342.34,0.39,0.36,2026-10-06,1115,N21,VIIRS,n,2.0NRT,312.32,10.74,D
-10.80158,33.34239,344.56,0.39,0.36,2026-10-06,1115,N21,VIIRS,n,2.0NRT,310.54,50.48,D
-10.80134,32.68407,354,0.4,0.37,2026-10-06,1115,N21,VIIRS,n,2.0NRT,315.78,5.54,D
-10.80079,32.68776,341.4,0.4,0.37,2026-10-06,1115,N21,VIIRS,l,2.0NRT,314.82,5.54,D
-10.7947,29.41178,344.4,0.38,0.43,2026-10-06,1115,N21,VIIRS,n,2.0NRT,294.98,16.02,D
-10.79448,28.29428,338.73,0.45,0.47,2026-10-06,1115,N21,VIIRS,n,2.0NRT,298.33,4.05,D
-10.79331,30.92076,344.4,0.47,0.4,2026-10-06,1115,N21,VIIRS,l,2.0NRT,314.44,15.95,D
-10.7927,30.92505,338.04,0.47,0.4,2026-10-06,1115,N21,VIIRS,l,2.0NRT,311.28,15.95,D
-10.79139,28.29513,345.76,0.45,0.47,2026-10-06,1115,N21,VIIRS,n,2.0NRT,300.61,6.6,D
-10.79019,28.29368,337,0.45,0.47,2026-10-06,1115,N21,VIIRS,n,2.0NRT,300.99,4.05,D
-10.78694,33.39467,345.31,0.39,0.36,2026-10-06,1115,N21,VIIRS,n,2.0NRT,314.31,8.74,D
-10.78326,31.87493,339.26,0.43,0.38,2026-10-06,1115,N21,VIIRS,l,2.0NRT,312.88,6.36,D
-10.77902,31.83042,350.28,0.43,0.38,2026-10-06,1115,N21,VIIRS,n,2.0NRT,309.5,11.5,D
-10.77645,28.37166,339.02,0.44,0.46,2026-10-06,1115,N21,VIIRS,n,2.0NRT,292.63,5.35,D
-10.7761,28.15056,332.15,0.46,0.47,2026-10-06,1115,N21,VIIRS,n,2.0NRT,297.3,2.6,D
-10.77553,31.82992,340.64,0.43,0.38,2026-10-06,1115,N21,VIIRS,l,2.0NRT,310.44,11.5,D
-10.77235,32.57499,340.08,0.41,0.37,2026-10-06,1115,N21,VIIRS,l,2.0NRT,312.99,5.85,D
-10.77139,26.22736,334.16,0.62,0.54,2026-10-06,1115,N21,VIIRS,n,2.0NRT,292.83,7,D
-10.76641,33.08025,344.6,0.4,0.37,2026-10-06,1115,N21,VIIRS,l,2.0NRT,316.43,6.39,D
-10.76269,31.82012,341.76,0.43,0.38,2026-10-06,1115,N21,VIIRS,l,2.0NRT,308.46,4.76,D
-10.75977,31.8157,351.57,0.43,0.38,2026-10-06,1115,N21,VIIRS,n,2.0NRT,309.04,7.85,D
-10.75522,31.00709,352.25,0.47,0.4,2026-10-06,1115,N21,VIIRS,n,2.0NRT,312.77,14.78,D
-10.75462,31.01134,343.87,0.47,0.4,2026-10-06,1115,N21,VIIRS,n,2.0NRT,312.15,12.93,D
-10.75316,32.41604,335.38,0.41,0.37,2026-10-06,1115,N21,VIIRS,l,2.0NRT,308.09,2.74,D
-10.7531,32.49268,337.91,0.41,0.37,2026-10-06,1115,N21,VIIRS,l,2.0NRT,310.16,1.39,D
-10.75047,31.45161,337.09,0.45,0.39,2026-10-06,1115,N21,VIIRS,n,2.0NRT,309.86,2.76,D
-10.74893,31.74172,336.42,0.43,0.38,2026-10-06,1115,N21,VIIRS,l,2.0NRT,309.82,7.23,D
-10.74745,32.40752,351.16,0.41,0.37,2026-10-06,1115,N21,VIIRS,n,2.0NRT,311.54,10.44,D
-10.74568,31.78959,344.73,0.43,0.38,2026-10-06,1115,N21,VIIRS,n,2.0NRT,314.24,11.17,D
-10.74524,32.30412,334.77,0.41,0.37,2026-10-06,1115,N21,VIIRS,l,2.0NRT,308.43,1.82,D
-10.74319,31.75691,342.21,0.43,0.38,2026-10-06,1115,N21,VIIRS,l,2.0NRT,310.29,4.65,D
-10.74049,32.50154,346.95,0.41,0.37,2026-10-06,1115,N21,VIIRS,l,2.0NRT,310.99,11.1,D
-10.73984,24.6327,335.45,0.4,0.6,2026-10-06,1115,N21,VIIRS,n,2.0NRT,290.32,3.67,D
-10.73931,24.63093,335.02,0.4,0.6,2026-10-06,1115,N21,VIIRS,n,2.0NRT,292.43,2.81,D
-10.73819,26.75166,346.72,0.57,0.52,2026-10-06,1115,N21,VIIRS,n,2.0NRT,297.64,12.53,D
-10.73806,32.47093,339.17,0.41,0.37,2026-10-06,1115,N21,VIIRS,n,2.0NRT,309.64,2.66,D
-10.73632,32.4592,338,0.41,0.37,2026-10-06,1115,N21,VIIRS,l,2.0NRT,309.7,2.63,D
-10.7355,31.75204,341.88,0.43,0.38,2026-10-06,1115,N21,VIIRS,n,2.0NRT,308.78,3.8,D
-10.73422,32.49686,348.84,0.41,0.37,2026-10-06,1115,N21,VIIRS,n,2.0NRT,312.39,11.33,D
-10.73368,32.50055,343.98,0.41,0.37,2026-10-06,1115,N21,VIIRS,l,2.0NRT,313.02,8.82,D
-10.73071,32.35544,336.42,0.41,0.37,2026-10-06,1115,N21,VIIRS,l,2.0NRT,308.59,1.81,D
-10.73051,32.42783,337.72,0.41,0.37,2026-10-06,1115,N21,VIIRS,l,2.0NRT,311.72,5.28,D
-10.73028,32.50005,337.14,0.41,0.37,2026-10-06,1115,N21,VIIRS,l,2.0NRT,309.54,2.75,D
-10.72939,25.99362,349.78,0.32,0.55,2026-10-06,1115,N21,VIIRS,n,2.0NRT,301.02,2.9,D
-10.72843,24.63477,344.78,0.4,0.6,2026-10-06,1115,N21,VIIRS,n,2.0NRT,292.76,6.07,D
-10.72821,32.41984,340.44,0.41,0.37,2026-10-06,1115,N21,VIIRS,l,2.0NRT,313.85,12.21,D
-10.72805,32.75927,340.89,0.4,0.37,2026-10-06,1115,N21,VIIRS,l,2.0NRT,315.17,5.42,D
-10.7278,33.06349,352.82,0.4,0.37,2026-10-06,1115,N21,VIIRS,n,2.0NRT,319.17,15.14,D
-10.72766,32.42357,339.72,0.41,0.37,2026-10-06,1115,N21,VIIRS,l,2.0NRT,312.52,9.23,D
-10.72752,32.76291,338.34,0.4,0.37,2026-10-06,1115,N21,VIIRS,l,2.0NRT,313.33,4.39,D
-10.72741,24.63662,335.23,0.4,0.6,2026-10-06,1115,N21,VIIRS,n,2.0NRT,289.62,6.15,D
-10.7272,26.24259,342.02,0.62,0.54,2026-10-06,1115,N21,VIIRS,n,2.0NRT,303.34,10.95,D
-10.72612,31.16207,341.52,0.46,0.39,2026-10-06,1115,N21,VIIRS,l,2.0NRT,313.47,7.91,D
-10.7248,32.41931,346.96,0.41,0.37,2026-10-06,1115,N21,VIIRS,l,2.0NRT,311.38,12.21,D
-10.72395,31.16298,342.15,0.46,0.39,2026-10-06,1115,N21,VIIRS,l,2.0NRT,313.65,6.95,D
-10.72023,32.76554,341.76,0.4,0.37,2026-10-06,1115,N21,VIIRS,l,2.0NRT,314.29,6.81,D
-10.71972,31.43883,338.04,0.45,0.39,2026-10-06,1115,N21,VIIRS,l,2.0NRT,310.82,3.87,D
-10.71962,32.40714,337.75,0.41,0.37,2026-10-06,1115,N21,VIIRS,l,2.0NRT,309.13,4.03,D
-10.7187,28.1518,341.02,0.46,0.47,2026-10-06,1115,N21,VIIRS,n,2.0NRT,300.09,11.73,D
-10.7161,27.30942,348.36,0.52,0.5,2026-10-06,1115,N21,VIIRS,n,2.0NRT,297.8,9.89,D
-10.71561,27.31085,340.09,0.52,0.5,2026-10-06,1115,N21,VIIRS,n,2.0NRT,298.65,5.03,D
-10.71552,24.64236,352.73,0.4,0.6,2026-10-06,1115,N21,VIIRS,n,2.0NRT,293.6,12.93,D
-10.71245,24.99093,367,0.38,0.59,2026-10-06,1115,N21,VIIRS,h,2.0NRT,290.23,14.11,D
-10.71239,32.43266,339.27,0.41,0.37,2026-10-06,1115,N21,VIIRS,l,2.0NRT,311.62,4.59,D
-10.71134,24.63133,367,0.4,0.6,2026-10-06,1115,N21,VIIRS,h,2.0NRT,296.2,16.46,D
-10.71104,32.39439,367,0.41,0.37,2026-10-06,1115,N21,VIIRS,h,2.0NRT,314.22,20.69,D
-10.71075,32.44381,343.57,0.41,0.37,2026-10-06,1115,N21,VIIRS,l,2.0NRT,313.51,9.6,D
-10.71049,32.39812,355.45,0.41,0.37,2026-10-06,1115,N21,VIIRS,n,2.0NRT,312.01,22.17,D
-10.71047,26.0616,339.94,0.32,0.54,2026-10-06,1115,N21,VIIRS,n,2.0NRT,306.47,10.47,D
-10.71021,32.44752,350.63,0.41,0.37,2026-10-06,1115,N21,VIIRS,n,2.0NRT,316.93,9.6,D
-10.70966,32.45124,350.28,0.41,0.37,2026-10-06,1115,N21,VIIRS,l,2.0NRT,315.61,8.28,D
-10.70911,32.45496,338.53,0.41,0.37,2026-10-06,1115,N21,VIIRS,l,2.0NRT,311.85,8.28,D
-10.70858,32.36353,342.97,0.41,0.37,2026-10-06,1115,N21,VIIRS,l,2.0NRT,308.81,28.97,D
-10.7085,33.46567,337.82,0.39,0.36,2026-10-06,1115,N21,VIIRS,l,2.0NRT,308.72,3.67,D
-10.70844,32.43585,339.17,0.41,0.37,2026-10-06,1115,N21,VIIRS,l,2.0NRT,310.06,21.07,D
-10.70708,32.3976,349.17,0.41,0.37,2026-10-06,1115,N21,VIIRS,n,2.0NRT,317.64,22.17,D
-10.70599,32.40504,338.57,0.41,0.37,2026-10-06,1115,N21,VIIRS,l,2.0NRT,312.28,3.67,D
-10.70572,32.35925,340.26,0.41,0.37,2026-10-06,1115,N21,VIIRS,l,2.0NRT,308.86,28.97,D
-10.70517,33.46516,337.87,0.39,0.36,2026-10-06,1115,N21,VIIRS,l,2.0NRT,311.57,3.67,D
-10.70465,31.98625,343.9,0.42,0.38,2026-10-06,1115,N21,VIIRS,l,2.0NRT,304.02,5.65,D
-10.70462,32.36674,347.66,0.41,0.37,2026-10-06,1115,N21,VIIRS,l,2.0NRT,321.92,47.48,D
-10.70259,32.4045,339.14,0.41,0.37,2026-10-06,1115,N21,VIIRS,l,2.0NRT,311.04,2.14,D
-10.69889,32.45347,340.29,0.41,0.37,2026-10-06,1115,N21,VIIRS,l,2.0NRT,314.79,13.33,D
-10.69813,26.31169,346.48,0.61,0.53,2026-10-06,1115,N21,VIIRS,n,2.0NRT,302.3,16.99,D
-10.69711,32.34645,345.62,0.41,0.37,2026-10-06,1115,N21,VIIRS,l,2.0NRT,313.35,6.71,D
-10.69467,33.58019,335.69,0.39,0.36,2026-10-06,1115,N21,VIIRS,l,2.0NRT,309.19,15.51,D
-10.69315,32.34968,346.21,0.41,0.37,2026-10-06,1115,N21,VIIRS,l,2.0NRT,312.12,10.3,D
-10.69254,33.48134,340.73,0.39,0.36,2026-10-06,1115,N21,VIIRS,n,2.0NRT,306.7,4.69,D
-10.68922,33.48084,344.45,0.39,0.36,2026-10-06,1115,N21,VIIRS,n,2.0NRT,309.68,4.69,D
-10.68891,32.14071,348.14,0.42,0.38,2026-10-06,1115,N21,VIIRS,l,2.0NRT,310.1,56.69,D
-10.68836,32.14066,354.96,0.42,0.38,2026-10-06,1115,N21,VIIRS,n,2.0NRT,311.48,19.61,D
-10.68468,32.07387,341.24,0.42,0.38,2026-10-06,1115,N21,VIIRS,l,2.0NRT,303.72,4.13,D
-10.68238,32.4474,337.11,0.41,0.37,2026-10-06,1115,N21,VIIRS,n,2.0NRT,308.63,3.25,D
-10.68202,32.13971,351.35,0.42,0.38,2026-10-06,1115,N21,VIIRS,l,2.0NRT,316.71,12.77,D
-10.68184,32.45109,338.52,0.41,0.37,2026-10-06,1115,N21,VIIRS,n,2.0NRT,308.89,3.25,D
-10.67988,26.37535,331.77,0.6,0.53,2026-10-06,1115,N21,VIIRS,l,2.0NRT,303.17,5.72,D
-10.67951,32.44322,336.79,0.41,0.37,2026-10-06,1115,N21,VIIRS,n,2.0NRT,310.75,2.11,D
-10.67896,32.44695,346.27,0.41,0.37,2026-10-06,1115,N21,VIIRS,n,2.0NRT,312.01,3.25,D
-10.67889,25.26099,338.89,0.36,0.57,2026-10-06,1115,N21,VIIRS,n,2.0NRT,292.98,3.17,D
-10.67843,32.45062,338.81,0.41,0.37,2026-10-06,1115,N21,VIIRS,n,2.0NRT,310.82,3.25,D
-10.67789,32.4543,333.49,0.41,0.37,2026-10-06,1115,N21,VIIRS,l,2.0NRT,307.69,1.87,D
-10.67706,25.15211,330.97,0.37,0.58,2026-10-06,1115,N21,VIIRS,n,2.0NRT,296.12,3.13,D
-10.67636,31.81535,344.47,0.43,0.38,2026-10-06,1115,N21,VIIRS,l,2.0NRT,311.37,6.69,D
-10.67556,32.44643,347.07,0.41,0.37,2026-10-06,1115,N21,VIIRS,n,2.0NRT,311.15,6.18,D
-10.67528,32.84744,340.82,0.4,0.37,2026-10-06,1115,N21,VIIRS,l,2.0NRT,313.63,20.06,D
-10.67502,32.45013,334.91,0.41,0.37,2026-10-06,1115,N21,VIIRS,l,2.0NRT,309.49,6.18,D
-10.67404,31.9779,348.71,0.42,0.38,2026-10-06,1115,N21,VIIRS,l,2.0NRT,312.76,30.9,D
-10.67355,32.48396,347.5,0.41,0.37,2026-10-06,1115,N21,VIIRS,l,2.0NRT,312.61,11.94,D
-10.67215,32.44591,347.07,0.41,0.37,2026-10-06,1115,N21,VIIRS,n,2.0NRT,309.29,6.18,D
-10.66998,32.90608,338.72,0.4,0.37,2026-10-06,1115,N21,VIIRS,l,2.0NRT,312.45,8.34,D
-10.6677,31.39899,338.82,0.45,0.39,2026-10-06,1115,N21,VIIRS,l,2.0NRT,306.94,3.91,D
-10.6677,32.89832,344.49,0.4,0.37,2026-10-06,1115,N21,VIIRS,l,2.0NRT,317.37,8.52,D
-10.66691,25.14727,334.37,0.37,0.58,2026-10-06,1115,N21,VIIRS,n,2.0NRT,295.06,5.77,D
-10.66586,25.14927,331,0.37,0.58,2026-10-06,1115,N21,VIIRS,n,2.0NRT,295.03,3.75,D
-10.66563,28.16974,348.65,0.46,0.47,2026-10-06,1115,N21,VIIRS,n,2.0NRT,300.06,22.21,D
-10.66488,32.89418,350.53,0.4,0.37,2026-10-06,1115,N21,VIIRS,n,2.0NRT,315.85,9.65,D
-10.66325,32.90507,337.72,0.4,0.37,2026-10-06,1115,N21,VIIRS,l,2.0NRT,311.97,5.59,D
-10.66043,32.90094,340.14,0.4,0.37,2026-10-06,1115,N21,VIIRS,l,2.0NRT,314.28,5.59,D
-10.65924,32.46292,334.79,0.41,0.37,2026-10-06,1115,N21,VIIRS,l,2.0NRT,307.73,2.93,D
-10.65902,27.3511,350.8,0.52,0.5,2026-10-06,1115,N21,VIIRS,n,2.0NRT,299.49,19.64,D
-10.65707,32.90043,342.1,0.4,0.37,2026-10-06,1115,N21,VIIRS,l,2.0NRT,314.48,14.55,D
-10.65584,32.46243,345.03,0.41,0.37,2026-10-06,1115,N21,VIIRS,n,2.0NRT,310.21,2.93,D
-10.65515,22.14383,336.83,0.59,0.7,2026-10-06,1115,N21,VIIRS,n,2.0NRT,294.83,12.32,D
-10.65136,32.4693,338.49,0.41,0.37,2026-10-06,1115,N21,VIIRS,l,2.0NRT,311.49,6.34,D
-10.64811,32.3926,336.62,0.41,0.37,2026-10-06,1115,N21,VIIRS,l,2.0NRT,308.77,4.25,D
-10.64359,32.39958,336.98,0.41,0.37,2026-10-06,1115,N21,VIIRS,l,2.0NRT,311.28,4.79,D
-10.64154,30.99222,344.09,0.47,0.4,2026-10-06,1115,N21,VIIRS,n,2.0NRT,308.82,12.36,D
-10.64149,30.4334,333.86,0.5,0.41,2026-10-06,1115,N21,VIIRS,l,2.0NRT,306.43,4.09,D
-10.64095,26.44674,341.29,0.6,0.53,2026-10-06,1115,N21,VIIRS,n,2.0NRT,300.53,4.49,D
-10.64041,30.99277,345.87,0.47,0.4,2026-10-06,1115,N21,VIIRS,n,2.0NRT,310.94,19.3,D
-10.63965,33.6072,335.48,0.39,0.36,2026-10-06,1115,N21,VIIRS,l,2.0NRT,308.92,3.58,D
-10.63912,33.61074,337.85,0.39,0.36,2026-10-06,1115,N21,VIIRS,n,2.0NRT,312.21,3.58,D
-10.63846,25.3291,341.57,0.36,0.57,2026-10-06,1115,N21,VIIRS,n,2.0NRT,291.95,3.55,D
-10.63773,25.33003,339.32,0.36,0.57,2026-10-06,1115,N21,VIIRS,n,2.0NRT,290.12,3.87,D
-10.63752,31.07355,338.46,0.46,0.39,2026-10-06,1115,N21,VIIRS,l,2.0NRT,308.06,4.01,D
-10.63219,31.39379,332.39,0.45,0.39,2026-10-06,1115,N21,VIIRS,l,2.0NRT,306.77,4.28,D
-10.62653,31.93934,350.45,0.43,0.38,2026-10-06,1115,N21,VIIRS,n,2.0NRT,316.18,25.7,D
-10.62653,33.53649,339.79,0.39,0.36,2026-10-06,1115,N21,VIIRS,l,2.0NRT,310.16,4.06,D
-10.62487,21.95244,351.07,0.61,0.71,2026-10-06,1115,N21,VIIRS,n,2.0NRT,293.26,18.06,D
-10.62481,21.95126,367,0.61,0.71,2026-10-06,1115,N21,VIIRS,h,2.0NRT,292.93,15.9,D
-10.62268,33.53956,339.42,0.39,0.36,2026-10-06,1115,N21,VIIRS,l,2.0NRT,310.69,8.58,D
-10.62189,33.49941,338.44,0.39,0.36,2026-10-06,1115,N21,VIIRS,l,2.0NRT,313.37,6.51,D
-10.62098,26.19724,338.08,0.62,0.54,2026-10-06,1115,N21,VIIRS,n,2.0NRT,303.1,6.07,D
-10.61605,33.53847,345.9,0.39,0.36,2026-10-06,1115,N21,VIIRS,n,2.0NRT,316.15,17.44,D
-10.61574,32.39938,353.73,0.41,0.37,2026-10-06,1115,N21,VIIRS,n,2.0NRT,316.94,13.27,D
-10.61519,32.40315,339.57,0.41,0.37,2026-10-06,1115,N21,VIIRS,l,2.0NRT,307.71,13.27,D
-10.61233,32.39888,344.42,0.41,0.37,2026-10-06,1115,N21,VIIRS,l,2.0NRT,312.82,13.27,D
-10.61206,27.9348,343.71,0.47,0.48,2026-10-06,1115,N21,VIIRS,n,2.0NRT,298.94,6.53,D
-10.61008,33.55575,348.87,0.39,0.36,2026-10-06,1115,N21,VIIRS,n,2.0NRT,310.61,11.33,D
-10.60903,33.56276,341.88,0.39,0.36,2026-10-06,1115,N21,VIIRS,n,2.0NRT,310.61,9.24,D
-10.60892,32.39838,347.95,0.41,0.37,2026-10-06,1115,N21,VIIRS,n,2.0NRT,310.02,4.45,D
-10.60837,32.40215,336.94,0.41,0.37,2026-10-06,1115,N21,VIIRS,l,2.0NRT,308.44,4.45,D
-10.60799,33.56971,337.11,0.39,0.36,2026-10-06,1115,N21,VIIRS,l,2.0NRT,307.35,11.64,D
-10.60746,33.5732,352.18,0.39,0.36,2026-10-06,1115,N21,VIIRS,n,2.0NRT,312.09,19.78,D
-10.6066,32.39048,348.89,0.41,0.37,2026-10-06,1115,N21,VIIRS,n,2.0NRT,310.74,4.48,D
-10.60606,32.39417,341.8,0.41,0.37,2026-10-06,1115,N21,VIIRS,n,2.0NRT,309.62,4.48,D
-10.60571,33.56227,338.75,0.39,0.36,2026-10-06,1115,N21,VIIRS,l,2.0NRT,312.14,4.76,D
-10.60466,33.56924,336.25,0.39,0.36,2026-10-06,1115,N21,VIIRS,l,2.0NRT,308.19,7.29,D
-10.60437,24.91217,367,0.38,0.59,2026-10-06,1115,N21,VIIRS,h,2.0NRT,294.13,11.87,D
-10.60414,33.57273,342.31,0.39,0.36,2026-10-06,1115,N21,VIIRS,n,2.0NRT,310.02,4.08,D
-10.60292,33.55822,343.34,0.39,0.36,2026-10-06,1115,N21,VIIRS,n,2.0NRT,312.79,4.76,D
-10.60126,26.38408,344.35,0.6,0.53,2026-10-06,1115,N21,VIIRS,n,2.0NRT,304.33,12.09,D
-10.59856,33.56477,341.26,0.39,0.36,2026-10-06,1115,N21,VIIRS,l,2.0NRT,311.82,4.93,D
-10.59756,30.05493,341.82,0.52,0.42,2026-10-06,1115,N21,VIIRS,l,2.0NRT,298.9,30.42,D
-10.59723,33.52814,345.19,0.39,0.36,2026-10-06,1115,N21,VIIRS,n,2.0NRT,313.63,4.6,D
-10.59219,33.33473,341.16,0.39,0.36,2026-10-06,1115,N21,VIIRS,l,2.0NRT,314.31,33.61,D
-10.59062,25.15413,342.04,0.37,0.58,2026-10-06,1115,N21,VIIRS,n,2.0NRT,290.74,6.5,D
-10.58833,33.33777,347.06,0.39,0.36,2026-10-06,1115,N21,VIIRS,n,2.0NRT,317.38,31.84,D
-10.58767,26.26038,332.88,0.61,0.54,2026-10-06,1115,N21,VIIRS,n,2.0NRT,301.98,2.67,D
-10.58756,33.57024,336.7,0.39,0.36,2026-10-06,1115,N21,VIIRS,l,2.0NRT,310.1,8.05,D
-10.58673,33.34841,339.9,0.39,0.36,2026-10-06,1115,N21,VIIRS,l,2.0NRT,312.58,8.39,D
-10.585,33.33727,344.22,0.39,0.36,2026-10-06,1115,N21,VIIRS,n,2.0NRT,314.43,7.16,D
-10.58468,32.60996,337.63,0.4,0.37,2026-10-06,1115,N21,VIIRS,l,2.0NRT,310.52,2.88,D
-10.58437,26.92158,341.08,0.55,0.51,2026-10-06,1115,N21,VIIRS,n,2.0NRT,298.64,11.22,D
-10.58413,31.22831,333.69,0.46,0.39,2026-10-06,1115,N21,VIIRS,l,2.0NRT,303.86,3.53,D
-10.58304,31.03209,339.11,0.46,0.39,2026-10-06,1115,N21,VIIRS,l,2.0NRT,313.91,6.48,D
-10.58235,27.39559,331.64,0.51,0.5,2026-10-06,1115,N21,VIIRS,n,2.0NRT,299.74,7.94,D
-10.57857,31.76572,344.12,0.43,0.38,2026-10-06,1115,N21,VIIRS,l,2.0NRT,312.15,12.81,D
-10.57811,32.46607,333.22,0.41,0.37,2026-10-06,1115,N21,VIIRS,l,2.0NRT,307.26,2.59,D
-10.57799,31.44391,346.91,0.45,0.39,2026-10-06,1115,N21,VIIRS,n,2.0NRT,313.15,13.82,D
-10.57775,26.74195,340.06,0.57,0.52,2026-10-06,1115,N21,VIIRS,n,2.0NRT,296.33,7.82,D
-10.57742,31.44796,343.98,0.45,0.39,2026-10-06,1115,N21,VIIRS,l,2.0NRT,310.41,13.82,D
-10.57649,32.47717,334.81,0.41,0.37,2026-10-06,1115,N21,VIIRS,l,2.0NRT,305.7,2.63,D
-10.57585,33.55645,351.01,0.39,0.36,2026-10-06,1115,N21,VIIRS,n,2.0NRT,312.26,8.9,D
-10.57471,32.46558,339.36,0.41,0.37,2026-10-06,1115,N21,VIIRS,l,2.0NRT,306.52,2.59,D
-10.57451,30.38334,337.6,0.5,0.41,2026-10-06,1115,N21,VIIRS,n,2.0NRT,307.55,6.34,D
-10.57355,26.74453,346.24,0.57,0.52,2026-10-06,1115,N21,VIIRS,n,2.0NRT,293.86,23.26,D
-10.57254,33.55592,345.01,0.39,0.36,2026-10-06,1115,N21,VIIRS,n,2.0NRT,312.34,4.46,D
-10.57131,32.46509,341.39,0.41,0.37,2026-10-06,1115,N21,VIIRS,l,2.0NRT,309.6,5.23,D
-10.57076,32.46879,346.35,0.41,0.37,2026-10-06,1115,N21,VIIRS,n,2.0NRT,310.25,8.12,D
-10.5611,32.46363,338.84,0.41,0.37,2026-10-06,1115,N21,VIIRS,n,2.0NRT,307.48,2.93,D
-10.55897,33.42023,342,0.39,0.36,2026-10-06,1115,N21,VIIRS,l,2.0NRT,315.97,7.72,D
-10.55837,31.05007,335.74,0.46,0.39,2026-10-06,1115,N21,VIIRS,l,2.0NRT,309.99,5.66,D
-10.55823,33.31141,353.38,0.39,0.36,2026-10-06,1115,N21,VIIRS,n,2.0NRT,327.38,41.94,D
-10.55708,24.70021,336.79,0.39,0.6,2026-10-06,1115,N21,VIIRS,n,2.0NRT,293.66,4.61,D
-10.55437,33.31446,344.26,0.39,0.36,2026-10-06,1115,N21,VIIRS,l,2.0NRT,315.17,7.76,D
-10.55319,33.06924,341.1,0.39,0.37,2026-10-06,1115,N21,VIIRS,l,2.0NRT,313.12,7.07,D
-10.54896,32.42761,347.08,0.41,0.37,2026-10-06,1115,N21,VIIRS,l,2.0NRT,310.55,7.34,D
-10.54808,33.28811,340.67,0.39,0.36,2026-10-06,1115,N21,VIIRS,l,2.0NRT,313.57,6.92,D
-10.54474,33.28761,367,0.39,0.36,2026-10-06,1115,N21,VIIRS,l,2.0NRT,329.13,34.32,D
-10.54267,24.72689,334.43,0.39,0.59,2026-10-06,1115,N21,VIIRS,n,2.0NRT,293.76,3.39,D
-10.54088,33.29066,345.7,0.39,0.36,2026-10-06,1115,N21,VIIRS,n,2.0NRT,314.57,34.32,D
-10.54036,33.29422,349.68,0.39,0.36,2026-10-06,1115,N21,VIIRS,n,2.0NRT,320.03,28.15,D
-10.53349,33.34034,340.69,0.39,0.36,2026-10-06,1115,N21,VIIRS,l,2.0NRT,315.16,3.9,D
-10.53174,33.3292,344.99,0.39,0.36,2026-10-06,1115,N21,VIIRS,l,2.0NRT,316.47,9.13,D
-10.52054,30.02742,334.32,0.52,0.42,2026-10-06,1115,N21,VIIRS,n,2.0NRT,306.58,16.27,D
-10.51928,30.55946,341.01,0.49,0.4,2026-10-06,1115,N21,VIIRS,l,2.0NRT,309.55,16.19,D
-10.51831,25.80929,344.2,0.33,0.55,2026-10-06,1115,N21,VIIRS,n,2.0NRT,293.47,7.08,D
-10.51247,32.31555,340.98,0.41,0.37,2026-10-06,1115,N21,VIIRS,l,2.0NRT,312.26,5.53,D
-10.51083,31.45929,337.72,0.44,0.39,2026-10-06,1115,N21,VIIRS,l,2.0NRT,312.04,7.41,D
-10.50936,33.5247,341.4,0.39,0.36,2026-10-06,1115,N21,VIIRS,n,2.0NRT,313.83,2.47,D
-10.5085,32.31881,346.06,0.41,0.37,2026-10-06,1115,N21,VIIRS,l,2.0NRT,312.72,5.53,D
-10.50795,32.32256,335.56,0.41,0.37,2026-10-06,1115,N21,VIIRS,l,2.0NRT,310.31,3.11,D
-10.50745,33.65042,350.42,0.39,0.36,2026-10-06,1115,N21,VIIRS,n,2.0NRT,313.88,6.37,D
-10.50564,32.31455,352.08,0.41,0.37,2026-10-06,1115,N21,VIIRS,n,2.0NRT,312.79,31.7,D
-10.50261,30.04426,346.32,0.52,0.42,2026-10-06,1115,N21,VIIRS,n,2.0NRT,306.44,12.46,D
-10.5003,33.29131,347.35,0.39,0.36,2026-10-06,1115,N21,VIIRS,n,2.0NRT,316.3,12.35,D
-10.49971,32.37864,338.79,0.41,0.37,2026-10-06,1115,N21,VIIRS,l,2.0NRT,313.62,9.94,D
-10.4963,32.37812,342.54,0.41,0.37,2026-10-06,1115,N21,VIIRS,l,2.0NRT,314.56,9.28,D
-10.49551,32.33604,345.39,0.41,0.37,2026-10-06,1115,N21,VIIRS,l,2.0NRT,311.54,6.53,D
-10.49496,32.33977,341.91,0.41,0.37,2026-10-06,1115,N21,VIIRS,l,2.0NRT,311.35,6.53,D
-10.49346,31.77703,334.71,0.43,0.38,2026-10-06,1115,N21,VIIRS,l,2.0NRT,304.73,7.95,D
-10.4921,32.33552,351.21,0.41,0.37,2026-10-06,1115,N21,VIIRS,l,2.0NRT,312.61,6.53,D
-10.48818,31.98216,339.02,0.42,0.38,2026-10-06,1115,N21,VIIRS,l,2.0NRT,306.58,5.07,D
-10.47959,25.01485,335.81,0.37,0.58,2026-10-06,1115,N21,VIIRS,n,2.0NRT,287.32,4.05,D
-10.47831,28.09091,337.45,0.46,0.47,2026-10-06,1115,N21,VIIRS,n,2.0NRT,301.06,4.12,D
-10.4765,33.38189,344.71,0.39,0.36,2026-10-06,1115,N21,VIIRS,n,2.0NRT,316.46,6.33,D
-10.47518,31.53203,333.64,0.44,0.38,2026-10-06,1115,N21,VIIRS,l,2.0NRT,301.81,7.78,D
-10.46944,31.42028,345.95,0.45,0.39,2026-10-06,1115,N21,VIIRS,l,2.0NRT,309.86,25.39,D
-10.46935,31.42045,341.52,0.45,0.39,2026-10-06,1115,N21,VIIRS,l,2.0NRT,309.89,31.55,D
-10.46816,33.11831,339.42,0.39,0.36,2026-10-06,1115,N21,VIIRS,l,2.0NRT,312.56,4.32,D
-10.46592,25.08967,338.15,0.37,0.58,2026-10-06,1115,N21,VIIRS,n,2.0NRT,288.47,4.45,D
-10.46567,32.15825,355.58,0.42,0.37,2026-10-06,1115,N21,VIIRS,n,2.0NRT,314.52,32.54,D
-10.46511,32.16204,345.42,0.42,0.37,2026-10-06,1115,N21,VIIRS,n,2.0NRT,316.69,15.97,D
-10.46497,31.47733,336.95,0.44,0.39,2026-10-06,1115,N21,VIIRS,l,2.0NRT,302.44,9.73,D
-10.46463,31.40329,346.94,0.45,0.39,2026-10-06,1115,N21,VIIRS,n,2.0NRT,309.57,8.61,D
-10.46455,32.16583,341.92,0.42,0.37,2026-10-06,1115,N21,VIIRS,n,2.0NRT,312.27,15.97,D
-10.46281,32.15392,314.89,0.42,0.37,2026-10-06,1115,N21,VIIRS,l,2.0NRT,316.17,118.55,D
-10.46224,32.15772,367,0.42,0.37,2026-10-06,1115,N21,VIIRS,l,2.0NRT,335.72,118.55,D
-10.46168,32.16152,367,0.42,0.37,2026-10-06,1115,N21,VIIRS,h,2.0NRT,311.79,12.26,D
-10.46167,31.39874,349.88,0.45,0.39,2026-10-06,1115,N21,VIIRS,l,2.0NRT,307.25,8.19,D
-10.45874,24.89366,367,0.38,0.59,2026-10-06,1115,N21,VIIRS,h,2.0NRT,297.03,8.89,D
-10.45831,24.89702,345.03,0.38,0.59,2026-10-06,1115,N21,VIIRS,n,2.0NRT,293.96,8.89,D
-10.45825,32.161,344.05,0.42,0.37,2026-10-06,1115,N21,VIIRS,n,2.0NRT,313.4,12.26,D
-10.45805,26.84671,342.17,0.56,0.51,2026-10-06,1115,N21,VIIRS,n,2.0NRT,292.47,10.35,D
-10.45754,31.40226,342.19,0.45,0.39,2026-10-06,1115,N21,VIIRS,l,2.0NRT,306.39,5.8,D
-10.45573,26.84797,341.75,0.56,0.51,2026-10-06,1115,N21,VIIRS,n,2.0NRT,299.81,10.09,D
-10.45335,24.89304,333.6,0.38,0.59,2026-10-06,1115,N21,VIIRS,n,2.0NRT,292.05,6.51,D
-10.45174,29.5185,331.99,0.56,0.43,2026-10-06,1115,N21,VIIRS,n,2.0NRT,298.35,3.49,D
-10.45042,33.37438,352.24,0.39,0.36,2026-10-06,1115,N21,VIIRS,n,2.0NRT,315.39,13.72,D
-10.44988,31.45474,339.83,0.44,0.39,2026-10-06,1115,N21,VIIRS,l,2.0NRT,303.9,5.72,D
-10.44966,30.76218,342.55,0.48,0.4,2026-10-06,1115,N21,VIIRS,l,2.0NRT,307.47,10.3,D
-10.44928,30.76486,347.74,0.48,0.4,2026-10-06,1115,N21,VIIRS,n,2.0NRT,308.18,9.69,D
-10.44782,32.58998,339.47,0.4,0.37,2026-10-06,1115,N21,VIIRS,l,2.0NRT,313.67,5.09,D
-10.4471,33.37388,342.28,0.39,0.36,2026-10-06,1115,N21,VIIRS,l,2.0NRT,316.3,13.72,D
-10.44151,31.71737,350.73,0.43,0.38,2026-10-06,1115,N21,VIIRS,n,2.0NRT,308.58,10.17,D
-10.44067,24.86371,351.28,0.38,0.59,2026-10-06,1115,N21,VIIRS,n,2.0NRT,291.42,6.6,D
-10.44022,24.86722,330.49,0.38,0.59,2026-10-06,1115,N21,VIIRS,n,2.0NRT,293.22,6.6,D
-10.44009,33.39804,351.01,0.39,0.36,2026-10-06,1115,N21,VIIRS,n,2.0NRT,314.73,8.87,D
-10.43887,33.38345,341.09,0.39,0.36,2026-10-06,1115,N21,VIIRS,l,2.0NRT,312.81,6.46,D
-10.43668,33.46612,345.21,0.39,0.36,2026-10-06,1115,N21,VIIRS,n,2.0NRT,313.52,5.86,D
-10.43561,32.07611,338.66,0.42,0.38,2026-10-06,1115,N21,VIIRS,l,2.0NRT,313.25,7.95,D
-10.43539,30.46749,331.65,0.49,0.41,2026-10-06,1115,N21,VIIRS,l,2.0NRT,306.53,1.9,D
-10.4345,33.38997,353.99,0.39,0.36,2026-10-06,1115,N21,VIIRS,n,2.0NRT,319.47,16.65,D
-10.43356,33.19052,351.05,0.39,0.36,2026-10-06,1115,N21,VIIRS,n,2.0NRT,308.65,8.38,D
-10.43089,30.97623,334.37,0.47,0.39,2026-10-06,1115,N21,VIIRS,l,2.0NRT,307.32,4.69,D
-10.4303,30.98045,336.89,0.47,0.39,2026-10-06,1115,N21,VIIRS,l,2.0NRT,308.78,4.69,D
-10.43015,31.77175,343.21,0.43,0.38,2026-10-06,1115,N21,VIIRS,l,2.0NRT,311.28,10.99,D
-10.4297,33.19357,351.27,0.39,0.36,2026-10-06,1115,N21,VIIRS,n,2.0NRT,312.09,27.54,D
-10.42863,30.85586,335.42,0.47,0.4,2026-10-06,1115,N21,VIIRS,n,2.0NRT,306.65,8.02,D
-10.4269,33.18943,367,0.39,0.36,2026-10-06,1115,N21,VIIRS,h,2.0NRT,317.71,27.54,D
-10.42395,33.18895,348.67,0.39,0.36,2026-10-06,1115,N21,VIIRS,n,2.0NRT,307.68,46.27,D
-10.42341,33.19252,342.69,0.39,0.36,2026-10-06,1115,N21,VIIRS,n,2.0NRT,306.94,46.27,D
-10.42232,33.19974,345.91,0.39,0.36,2026-10-06,1115,N21,VIIRS,n,2.0NRT,307.71,79.54,D
-10.4216,30.98073,334.61,0.47,0.39,2026-10-06,1115,N21,VIIRS,l,2.0NRT,305.36,3.84,D
-10.42062,33.18843,309.29,0.39,0.36,2026-10-06,1115,N21,VIIRS,l,2.0NRT,314.07,46.27,D
-10.41944,30.97894,347.9,0.47,0.39,2026-10-06,1115,N21,VIIRS,n,2.0NRT,306.25,11.48,D
-10.41899,33.1992,367,0.39,0.36,2026-10-06,1115,N21,VIIRS,l,2.0NRT,326.03,79.54,D
-10.41885,30.98316,355.01,0.47,0.39,2026-10-06,1115,N21,VIIRS,n,2.0NRT,306.77,18.01,D
-10.4186,30.97598,336.7,0.47,0.39,2026-10-06,1115,N21,VIIRS,n,2.0NRT,304.74,5.81,D
-10.41845,33.20282,335.81,0.39,0.36,2026-10-06,1115,N21,VIIRS,l,2.0NRT,307.35,6.31,D
-10.41799,30.9802,343.05,0.47,0.39,2026-10-06,1115,N21,VIIRS,n,2.0NRT,303.99,5.81,D
-10.41737,30.98441,349.56,0.47,0.39,2026-10-06,1115,N21,VIIRS,n,2.0NRT,304.1,7.64,D
-10.41728,33.18796,342.97,0.39,0.36,2026-10-06,1115,N21,VIIRS,n,2.0NRT,304.53,5.44,D
-10.41681,31.1284,343.52,0.46,0.39,2026-10-06,1115,N21,VIIRS,n,2.0NRT,311.87,19.75,D
-10.41674,33.19153,339.47,0.39,0.36,2026-10-06,1115,N21,VIIRS,n,2.0NRT,305.58,5.44,D
-10.41621,33.19509,354.06,0.39,0.36,2026-10-06,1115,N21,VIIRS,n,2.0NRT,315.99,15.19,D
-10.41393,33.18749,350.65,0.39,0.36,2026-10-06,1115,N21,VIIRS,n,2.0NRT,312.29,5.44,D
-10.4134,33.19105,347.14,0.39,0.36,2026-10-06,1115,N21,VIIRS,n,2.0NRT,311.18,5.44,D
-10.41126,33.20532,346.99,0.39,0.36,2026-10-06,1115,N21,VIIRS,n,2.0NRT,309.38,15.73,D
-10.41007,33.19056,341.85,0.39,0.36,2026-10-06,1115,N21,VIIRS,l,2.0NRT,315.29,14.84,D
-10.40957,30.20935,342.55,0.51,0.41,2026-10-06,1115,N21,VIIRS,n,2.0NRT,304.49,4.21,D
-10.40953,33.19412,342.02,0.39,0.36,2026-10-06,1115,N21,VIIRS,l,2.0NRT,315.93,6.86,D
-10.40792,33.20482,348.22,0.39,0.36,2026-10-06,1115,N21,VIIRS,n,2.0NRT,316.14,28.12,D
-10.40727,33.18648,341.54,0.39,0.36,2026-10-06,1115,N21,VIIRS,n,2.0NRT,310.59,14.84,D
-10.40722,23.80402,336.43,0.45,0.63,2026-10-06,1115,N21,VIIRS,n,2.0NRT,291.95,4.09,D
-10.40674,28.16554,331.18,0.45,0.47,2026-10-06,1115,N21,VIIRS,n,2.0NRT,300.39,3.5,D
-10.40673,33.19005,352.98,0.39,0.36,2026-10-06,1115,N21,VIIRS,n,2.0NRT,308.96,14.84,D
-10.4062,33.19362,347.89,0.39,0.36,2026-10-06,1115,N21,VIIRS,n,2.0NRT,312.94,6.86,D
-10.40485,33.24799,336.11,0.39,0.36,2026-10-06,1115,N21,VIIRS,l,2.0NRT,307.16,2.55,D
-10.40367,28.31831,340.67,0.44,0.46,2026-10-06,1115,N21,VIIRS,n,2.0NRT,301.8,6.67,D
-10.40179,33.20026,340.03,0.39,0.36,2026-10-06,1115,N21,VIIRS,l,2.0NRT,310.69,4.81,D
-10.40126,33.20382,343.95,0.39,0.36,2026-10-06,1115,N21,VIIRS,n,2.0NRT,311.46,4.81,D
-10.39939,33.26166,344.84,0.39,0.36,2026-10-06,1115,N21,VIIRS,n,2.0NRT,309.8,6.82,D
-10.39781,29.76575,334.98,0.54,0.42,2026-10-06,1115,N21,VIIRS,l,2.0NRT,307.6,3.8,D
-10.39604,33.17036,347.68,0.39,0.36,2026-10-06,1115,N21,VIIRS,n,2.0NRT,309.93,8.64,D
-10.39393,29.76522,332.63,0.54,0.42,2026-10-06,1115,N21,VIIRS,l,2.0NRT,307.5,3.8,D
-10.39197,25.20449,332.08,0.36,0.57,2026-10-06,1115,N21,VIIRS,n,2.0NRT,291.39,3.92,D
-10.38976,30.15911,334.69,0.51,0.41,2026-10-06,1115,N21,VIIRS,n,2.0NRT,304.92,5.18,D
-10.38913,31.6252,337.59,0.44,0.38,2026-10-06,1115,N21,VIIRS,l,2.0NRT,311.24,5.02,D
-10.38872,30.32808,331.99,0.5,0.41,2026-10-06,1115,N21,VIIRS,n,2.0NRT,305.64,3.25,D
-10.38625,30.21098,333.96,0.51,0.41,2026-10-06,1115,N21,VIIRS,n,2.0NRT,306.23,3.96,D
-10.38567,32.58057,349.99,0.4,0.37,2026-10-06,1115,N21,VIIRS,n,2.0NRT,316.25,30.9,D
-10.3854,33.5593,336.14,0.39,0.36,2026-10-06,1115,N21,VIIRS,l,2.0NRT,310.68,1.32,D
-10.38513,32.58421,344.4,0.4,0.37,2026-10-06,1115,N21,VIIRS,l,2.0NRT,315.77,6.12,D
-10.38341,33.18644,348.7,0.39,0.36,2026-10-06,1115,N21,VIIRS,n,2.0NRT,312.54,21.92,D
-10.38287,33.19006,335.95,0.39,0.36,2026-10-06,1115,N21,VIIRS,l,2.0NRT,309.39,3.65,D
-10.38228,32.5801,350.34,0.4,0.37,2026-10-06,1115,N21,VIIRS,n,2.0NRT,322.59,30.9,D
-10.38152,30.1628,334.5,0.51,0.41,2026-10-06,1115,N21,VIIRS,l,2.0NRT,307.93,5.04,D
-10.3812,32.58738,340.96,0.4,0.37,2026-10-06,1115,N21,VIIRS,l,2.0NRT,315.68,6.12,D
-10.38009,33.18585,343.49,0.39,0.36,2026-10-06,1115,N21,VIIRS,l,2.0NRT,318.11,21.92,D
-10.37888,32.57963,349.83,0.4,0.37,2026-10-06,1115,N21,VIIRS,n,2.0NRT,315.17,14.32,D
-10.37835,32.58327,349.16,0.4,0.37,2026-10-06,1115,N21,VIIRS,l,2.0NRT,314.83,11.13,D
-10.37791,31.77601,348.29,0.43,0.38,2026-10-06,1115,N21,VIIRS,l,2.0NRT,313.76,15.43,D
-10.37623,32.69067,346.63,0.4,0.37,2026-10-06,1115,N21,VIIRS,n,2.0NRT,316.97,10.88,D
-10.36285,31.78177,340.14,0.43,0.38,2026-10-06,1115,N21,VIIRS,l,2.0NRT,314.78,9.8,D
-10.36173,30.35679,342.04,0.5,0.41,2026-10-06,1115,N21,VIIRS,n,2.0NRT,307.32,9.15,D
-10.35532,31.78465,338.44,0.43,0.38,2026-10-06,1115,N21,VIIRS,l,2.0NRT,313.31,11.59,D
-10.35301,32.40206,341.81,0.41,0.37,2026-10-06,1115,N21,VIIRS,n,2.0NRT,310.45,5.17,D
-10.35015,32.39785,344.16,0.41,0.37,2026-10-06,1115,N21,VIIRS,n,2.0NRT,312.21,5.46,D
-10.34961,32.40157,349.69,0.41,0.37,2026-10-06,1115,N21,VIIRS,n,2.0NRT,313.48,5.46,D
-10.34865,30.92274,335.33,0.47,0.4,2026-10-06,1115,N21,VIIRS,n,2.0NRT,305.42,3.62,D
-10.34682,26.11517,340.24,0.62,0.54,2026-10-06,1115,N21,VIIRS,n,2.0NRT,297.53,8.19,D
-10.3462,32.40108,337.83,0.41,0.37,2026-10-06,1115,N21,VIIRS,l,2.0NRT,311.43,5.46,D
-10.346,33.39097,348.63,0.39,0.36,2026-10-06,1115,N21,VIIRS,n,2.0NRT,320.07,10.91,D
-10.34477,26.11745,339.71,0.62,0.54,2026-10-06,1115,N21,VIIRS,n,2.0NRT,297.99,7.81,D
-10.34266,30.08128,335.59,0.52,0.41,2026-10-06,1115,N21,VIIRS,n,2.0NRT,307.03,5.46,D
-10.33938,31.9914,339.63,0.42,0.38,2026-10-06,1115,N21,VIIRS,l,2.0NRT,304.63,8.01,D
-10.33793,32.8555,348.67,0.4,0.37,2026-10-06,1115,N21,VIIRS,n,2.0NRT,315.7,6.98,D
-10.33762,32.38841,354.82,0.41,0.37,2026-10-06,1115,N21,VIIRS,n,2.0NRT,308.44,14.53,D
-10.33708,32.39214,350.24,0.41,0.37,2026-10-06,1115,N21,VIIRS,n,2.0NRT,309.68,14.53,D
-10.33653,32.39586,350.84,0.41,0.37,2026-10-06,1115,N21,VIIRS,n,2.0NRT,308.67,9.55,D
-10.33599,32.39959,339.98,0.41,0.37,2026-10-06,1115,N21,VIIRS,l,2.0NRT,310.88,9.55,D
-10.33545,32.40331,349.43,0.41,0.37,2026-10-06,1115,N21,VIIRS,n,2.0NRT,313.95,11.68,D
-10.33447,30.30645,338.08,0.5,0.41,2026-10-06,1115,N21,VIIRS,l,2.0NRT,307.94,4.68,D
-10.33421,32.38792,346,0.41,0.37,2026-10-06,1115,N21,VIIRS,n,2.0NRT,315.56,14.53,D
-10.33383,30.31105,334.75,0.5,0.41,2026-10-06,1115,N21,VIIRS,l,2.0NRT,307.92,5.67,D
-10.33367,32.39164,340.1,0.41,0.37,2026-10-06,1115,N21,VIIRS,l,2.0NRT,309.27,14.53,D
-10.3331,32.97985,342.22,0.4,0.37,2026-10-06,1115,N21,VIIRS,l,2.0NRT,315.95,8.2,D
-10.33228,32.52009,337.72,0.41,0.37,2026-10-06,1115,N21,VIIRS,l,2.0NRT,312.64,2.32,D
-10.33217,31.2441,338.65,0.45,0.39,2026-10-06,1115,N21,VIIRS,l,2.0NRT,311.47,7.07,D
-10.33205,32.40281,337.35,0.41,0.37,2026-10-06,1115,N21,VIIRS,l,2.0NRT,311.73,11.68,D
-10.33072,30.30597,337.69,0.5,0.41,2026-10-06,1115,N21,VIIRS,n,2.0NRT,306.86,7.8,D
-10.33036,27.89691,351.97,0.47,0.48,2026-10-06,1115,N21,VIIRS,n,2.0NRT,306.28,43.19,D
-10.33008,30.31056,354.51,0.5,0.41,2026-10-06,1115,N21,VIIRS,n,2.0NRT,307.4,14.01,D
-10.32982,27.90103,347.6,0.47,0.48,2026-10-06,1115,N21,VIIRS,n,2.0NRT,303.66,28.18,D
-10.32973,32.39487,346.65,0.41,0.37,2026-10-06,1115,N21,VIIRS,l,2.0NRT,312.53,8.38,D
-10.32918,32.39859,343.24,0.41,0.37,2026-10-06,1115,N21,VIIRS,l,2.0NRT,314.38,8.38,D
-10.32312,29.40487,333.94,0.57,0.43,2026-10-06,1115,N21,VIIRS,n,2.0NRT,289.67,4.37,D
-10.32058,30.77581,336.59,0.48,0.4,2026-10-06,1115,N21,VIIRS,n,2.0NRT,308.56,5.88,D
-10.3187,33.09872,346.21,0.39,0.36,2026-10-06,1115,N21,VIIRS,l,2.0NRT,316.75,26.72,D
-10.31281,33.31743,354.37,0.39,0.36,2026-10-06,1115,N21,VIIRS,n,2.0NRT,315.33,12.98,D
-10.31201,32.15446,342.48,0.42,0.37,2026-10-06,1115,N21,VIIRS,l,2.0NRT,313.37,6.15,D
-10.31146,32.15823,344.09,0.42,0.37,2026-10-06,1115,N21,VIIRS,l,2.0NRT,314.16,6.15,D
-10.30858,32.15394,347.49,0.42,0.37,2026-10-06,1115,N21,VIIRS,l,2.0NRT,313.56,6.15,D
-10.30739,31.92003,344.11,0.42,0.38,2026-10-06,1115,N21,VIIRS,l,2.0NRT,306.45,13.96,D
-10.30644,31.85285,355.76,0.43,0.38,2026-10-06,1115,N21,VIIRS,n,2.0NRT,309.82,10.91,D
-10.30588,31.85673,335.35,0.43,0.38,2026-10-06,1115,N21,VIIRS,l,2.0NRT,307.95,5.12,D
-10.30533,31.8606,339.04,0.43,0.38,2026-10-06,1115,N21,VIIRS,l,2.0NRT,302.38,5.12,D
-10.30529,32.75087,346.75,0.4,0.37,2026-10-06,1115,N21,VIIRS,l,2.0NRT,315.16,9.61,D
-10.30451,29.48363,337.95,0.56,0.43,2026-10-06,1115,N21,VIIRS,n,2.0NRT,298.98,23.95,D
-10.30424,29.25629,353,0.39,0.44,2026-10-06,1115,N21,VIIRS,n,2.0NRT,284.85,15.08,D
-10.30413,29.48577,337.63,0.56,0.43,2026-10-06,1115,N21,VIIRS,n,2.0NRT,299.72,20.2,D
-10.30297,31.85234,337.82,0.43,0.38,2026-10-06,1115,N21,VIIRS,l,2.0NRT,308.02,10.91,D
-10.29935,31.69346,338.29,0.43,0.38,2026-10-06,1115,N21,VIIRS,l,2.0NRT,309.09,4.68,D
-10.2992,32.00111,346.9,0.42,0.38,2026-10-06,1115,N21,VIIRS,n,2.0NRT,317.53,17.32,D
-10.29735,32.6642,348.68,0.4,0.37,2026-10-06,1115,N21,VIIRS,l,2.0NRT,317.92,12.25,D
-10.29707,32.85311,343.1,0.4,0.37,2026-10-06,1115,N21,VIIRS,l,2.0NRT,316.66,9.11,D
-10.29676,32.42373,336.78,0.41,0.37,2026-10-06,1115,N21,VIIRS,n,2.0NRT,310.84,1.93,D
-10.29631,31.99678,346.36,0.42,0.38,2026-10-06,1115,N21,VIIRS,l,2.0NRT,306.61,17.32,D
-10.29622,32.42743,345.42,0.41,0.37,2026-10-06,1115,N21,VIIRS,n,2.0NRT,312.97,5,D
-10.29575,32.0006,347.78,0.42,0.38,2026-10-06,1115,N21,VIIRS,n,2.0NRT,306.52,17.32,D
-10.29567,32.43112,350.46,0.41,0.37,2026-10-06,1115,N21,VIIRS,n,2.0NRT,313.82,5,D
-10.29486,27.38362,343.06,0.51,0.49,2026-10-06,1115,N21,VIIRS,n,2.0NRT,304.04,6.01,D
-10.29411,26.12062,343.24,0.62,0.54,2026-10-06,1115,N21,VIIRS,n,2.0NRT,299.43,31.16,D
-10.29337,32.42322,367,0.41,0.37,2026-10-06,1115,N21,VIIRS,h,2.0NRT,316.76,11.29,D
-10.29227,32.43061,345.31,0.41,0.37,2026-10-06,1115,N21,VIIRS,l,2.0NRT,319.06,7.24,D
-10.29198,30.76742,342.85,0.48,0.4,2026-10-06,1115,N21,VIIRS,n,2.0NRT,309.88,16.36,D
-10.29183,30.47572,334.92,0.49,0.4,2026-10-06,1115,N21,VIIRS,n,2.0NRT,306.25,4.66,D
-10.28843,31.92903,342.68,0.42,0.38,2026-10-06,1115,N21,VIIRS,n,2.0NRT,299.72,12.04,D
-10.28772,30.77123,335.68,0.48,0.4,2026-10-06,1115,N21,VIIRS,l,2.0NRT,309.91,9.03,D
-10.28649,31.9255,334.45,0.42,0.38,2026-10-06,1115,N21,VIIRS,n,2.0NRT,295.82,18.79,D
-10.28592,31.92934,349.66,0.42,0.38,2026-10-06,1115,N21,VIIRS,n,2.0NRT,303.7,18.79,D
-10.28535,31.93318,342.81,0.42,0.38,2026-10-06,1115,N21,VIIRS,n,2.0NRT,301.96,15.67,D
-10.28497,31.92851,348.25,0.42,0.38,2026-10-06,1115,N21,VIIRS,n,2.0NRT,302.32,12.04,D
-10.28442,31.93237,367,0.42,0.38,2026-10-06,1115,N21,VIIRS,h,2.0NRT,304.76,15.2,D
-10.28314,32.30372,335.34,0.41,0.37,2026-10-06,1115,N21,VIIRS,n,2.0NRT,308.6,6.45,D
-10.28259,32.30746,335.42,0.41,0.37,2026-10-06,1115,N21,VIIRS,l,2.0NRT,308.02,6.45,D
-10.28251,31.95237,332.08,0.42,0.38,2026-10-06,1115,N21,VIIRS,l,2.0NRT,305.77,12.11,D
-10.28246,31.92883,337.8,0.42,0.38,2026-10-06,1115,N21,VIIRS,l,2.0NRT,308.25,18.79,D
-10.28221,31.94773,339.25,0.42,0.38,2026-10-06,1115,N21,VIIRS,l,2.0NRT,308.61,4.92,D
-10.2819,31.93267,349.33,0.42,0.38,2026-10-06,1115,N21,VIIRS,n,2.0NRT,305.73,15.67,D
-10.28166,31.95157,337.4,0.42,0.38,2026-10-06,1115,N21,VIIRS,l,2.0NRT,307.16,4.92,D
-10.27963,31.94802,355.09,0.42,0.38,2026-10-06,1115,N21,VIIRS,n,2.0NRT,308.24,12.11,D
-10.2796,31.70662,339.44,0.43,0.38,2026-10-06,1115,N21,VIIRS,l,2.0NRT,313.66,8.02,D
-10.27789,30.99492,351.63,0.46,0.39,2026-10-06,1115,N21,VIIRS,n,2.0NRT,307.51,19.96,D
-10.27466,33.77509,333.92,0.39,0.36,2026-10-06,1115,N21,VIIRS,l,2.0NRT,308.6,2.16,D
-10.27427,30.99443,346.31,0.46,0.39,2026-10-06,1115,N21,VIIRS,n,2.0NRT,307.35,19.96,D
-10.27413,33.77859,338.42,0.39,0.36,2026-10-06,1115,N21,VIIRS,n,2.0NRT,311.92,1.74,D
-10.27396,31.39753,338.49,0.44,0.39,2026-10-06,1115,N21,VIIRS,n,2.0NRT,309.39,4.47,D
-10.27181,32.70812,343.33,0.4,0.37,2026-10-06,1115,N21,VIIRS,l,2.0NRT,316.23,10.37,D
-10.27135,33.77459,341.27,0.39,0.36,2026-10-06,1115,N21,VIIRS,n,2.0NRT,310.85,2.16,D
-10.27097,32.57438,344.5,0.4,0.37,2026-10-06,1115,N21,VIIRS,l,2.0NRT,311.12,7.58,D
-10.26347,30.88946,330.89,0.47,0.4,2026-10-06,1115,N21,VIIRS,l,2.0NRT,304.88,2.37,D
-10.26323,30.39532,343.34,0.5,0.41,2026-10-06,1115,N21,VIIRS,l,2.0NRT,307,14.23,D
-10.26221,31.05269,348.69,0.46,0.39,2026-10-06,1115,N21,VIIRS,n,2.0NRT,312.58,22.93,D
-10.2602,27.94724,338.67,0.47,0.47,2026-10-06,1115,N21,VIIRS,n,2.0NRT,297.15,5.55,D
-10.25965,27.95134,343.66,0.47,0.47,2026-10-06,1115,N21,VIIRS,n,2.0NRT,299.52,9.84,D
-10.2595,30.39485,343.44,0.5,0.41,2026-10-06,1115,N21,VIIRS,l,2.0NRT,309.17,14.23,D
-10.25784,31.97613,336.87,0.42,0.38,2026-10-06,1115,N21,VIIRS,n,2.0NRT,302.85,3.27,D
-10.2563,32.65014,342.31,0.4,0.37,2026-10-06,1115,N21,VIIRS,l,2.0NRT,314.76,6.14,D
-10.25478,31.92488,343.8,0.42,0.38,2026-10-06,1115,N21,VIIRS,n,2.0NRT,304.83,4.2,D
-10.25363,31.93267,334.14,0.42,0.38,2026-10-06,1115,N21,VIIRS,l,2.0NRT,302.88,4.59,D
-10.25321,32.69419,340.1,0.4,0.37,2026-10-06,1115,N21,VIIRS,l,2.0NRT,313.09,10.95,D
-10.25305,27.96729,352.43,0.47,0.47,2026-10-06,1115,N21,VIIRS,n,2.0NRT,306.37,48.18,D
-10.25273,32.62756,340.39,0.4,0.37,2026-10-06,1115,N21,VIIRS,n,2.0NRT,312.35,2.84,D
-10.25249,27.97147,350.39,0.46,0.47,2026-10-06,1115,N21,VIIRS,n,2.0NRT,309.25,48.18,D
-10.25239,32.65326,344.19,0.4,0.37,2026-10-06,1115,N21,VIIRS,l,2.0NRT,315.39,7.64,D
-10.25192,27.97565,347.35,0.46,0.47,2026-10-06,1115,N21,VIIRS,n,2.0NRT,299.93,13.28,D
-10.25055,26.41353,341.41,0.59,0.53,2026-10-06,1115,N21,VIIRS,n,2.0NRT,298.73,9.64,D
-10.25019,31.93212,335.4,0.42,0.38,2026-10-06,1115,N21,VIIRS,l,2.0NRT,302.34,4.44,D
-10.24988,32.62351,348.65,0.4,0.37,2026-10-06,1115,N21,VIIRS,n,2.0NRT,319.71,28.33,D
-10.24961,31.93601,339.43,0.42,0.38,2026-10-06,1115,N21,VIIRS,l,2.0NRT,299.28,5.3,D
-10.24904,31.7699,337.7,0.43,0.38,2026-10-06,1115,N21,VIIRS,l,2.0NRT,308.47,4.28,D
-10.24891,30.52151,346.61,0.49,0.4,2026-10-06,1115,N21,VIIRS,n,2.0NRT,307.64,7.8,D
-10.24788,31.92377,343.71,0.42,0.38,2026-10-06,1115,N21,VIIRS,n,2.0NRT,302.63,5.6,D
-10.24759,27.97498,336.48,0.46,0.47,2026-10-06,1115,N21,VIIRS,n,2.0NRT,293.1,13.28,D
-10.24627,28.27235,340.3,0.44,0.46,2026-10-06,1115,N21,VIIRS,n,2.0NRT,297.5,5.62,D
-10.2457,28.27639,341.49,0.44,0.46,2026-10-06,1115,N21,VIIRS,n,2.0NRT,298.31,5.62,D
-10.24321,32.71509,352.03,0.4,0.37,2026-10-06,1115,N21,VIIRS,n,2.0NRT,318.54,14.09,D
-10.24297,32.60016,339.1,0.4,0.37,2026-10-06,1115,N21,VIIRS,n,2.0NRT,311.24,13.66,D
-10.23802,33.34145,345.73,0.39,0.36,2026-10-06,1115,N21,VIIRS,n,2.0NRT,315.22,14.02,D
-10.23665,33.30513,347.26,0.39,0.36,2026-10-06,1115,N21,VIIRS,n,2.0NRT,316.7,10.13,D
-10.23436,29.15917,354.6,0.39,0.44,2026-10-06,1115,N21,VIIRS,n,2.0NRT,296.47,11.06,D
-10.23297,30.50102,334.41,0.49,0.4,2026-10-06,1115,N21,VIIRS,l,2.0NRT,308.39,4.65,D
-10.23261,32.64695,342.83,0.4,0.37,2026-10-06,1115,N21,VIIRS,l,2.0NRT,313.08,9.3,D
-10.23205,30.87614,340.93,0.47,0.4,2026-10-06,1115,N21,VIIRS,n,2.0NRT,304.88,13.39,D
-10.23163,32.03465,340.08,0.42,0.38,2026-10-06,1115,N21,VIIRS,n,2.0NRT,309.05,5.63,D
-10.23154,32.01128,337.63,0.42,0.38,2026-10-06,1115,N21,VIIRS,l,2.0NRT,310.56,8.09,D
-10.22977,31.99931,343.19,0.42,0.38,2026-10-06,1115,N21,VIIRS,n,2.0NRT,306.75,12.68,D
-10.22928,30.50043,337.12,0.49,0.4,2026-10-06,1115,N21,VIIRS,l,2.0NRT,307.27,4.65,D
-10.22865,30.50488,342.31,0.49,0.4,2026-10-06,1115,N21,VIIRS,n,2.0NRT,307.08,4.65,D
-10.22842,30.87562,337.45,0.47,0.4,2026-10-06,1115,N21,VIIRS,l,2.0NRT,309.49,7.69,D
-10.2279,31.9639,347.59,0.42,0.38,2026-10-06,1115,N21,VIIRS,l,2.0NRT,297.41,4.5,D
-10.22745,33.25287,353.34,0.39,0.36,2026-10-06,1115,N21,VIIRS,n,2.0NRT,319.3,9.78,D
-10.22724,32.68331,342.4,0.4,0.37,2026-10-06,1115,N21,VIIRS,l,2.0NRT,315.43,9.17,D
-10.22692,33.25643,339.57,0.39,0.36,2026-10-06,1115,N21,VIIRS,l,2.0NRT,312.23,9.78,D
-10.22654,31.39951,337.43,0.44,0.39,2026-10-06,1115,N21,VIIRS,l,2.0NRT,311.55,10.42,D
-10.22389,31.96721,351.4,0.42,0.38,2026-10-06,1115,N21,VIIRS,l,2.0NRT,304.2,10.25,D
-10.22374,30.96136,341.62,0.46,0.39,2026-10-06,1115,N21,VIIRS,n,2.0NRT,303.31,35.61,D
-10.22323,31.94755,353.81,0.42,0.38,2026-10-06,1115,N21,VIIRS,l,2.0NRT,312.19,49.14,D
-10.22238,31.35355,347.14,0.45,0.39,2026-10-06,1115,N21,VIIRS,n,2.0NRT,315.75,17.64,D
-10.22179,31.35759,347.1,0.45,0.39,2026-10-06,1115,N21,VIIRS,n,2.0NRT,313.26,17.64,D
-10.22013,30.96086,354.16,0.46,0.39,2026-10-06,1115,N21,VIIRS,n,2.0NRT,315.46,35.61,D
-10.21977,31.94704,350.22,0.42,0.38,2026-10-06,1115,N21,VIIRS,l,2.0NRT,316.16,118.7,D
-10.21974,29.96787,346.4,0.52,0.42,2026-10-06,1115,N21,VIIRS,n,2.0NRT,306.92,14.76,D
-10.21973,32.8961,344.44,0.4,0.37,2026-10-06,1115,N21,VIIRS,n,2.0NRT,314.55,3.93,D
-10.21953,30.96506,335.46,0.46,0.39,2026-10-06,1115,N21,VIIRS,l,2.0NRT,306.24,6.03,D
-10.21884,31.35304,346.52,0.45,0.39,2026-10-06,1115,N21,VIIRS,l,2.0NRT,315.94,12.67,D
-10.21825,31.35709,345.04,0.45,0.39,2026-10-06,1115,N21,VIIRS,l,2.0NRT,315.95,12.67,D
-10.2171,30.95615,337.2,0.46,0.39,2026-10-06,1115,N21,VIIRS,n,2.0NRT,301.63,3.11,D
-10.21651,30.96034,338.33,0.46,0.39,2026-10-06,1115,N21,VIIRS,n,2.0NRT,305.29,3.11,D
-10.21592,29.96737,344.89,0.52,0.42,2026-10-06,1115,N21,VIIRS,n,2.0NRT,305.89,11.72,D
-10.2152,31.9542,352.81,0.42,0.38,2026-10-06,1115,N21,VIIRS,l,2.0NRT,308.47,48.76,D
-10.20476,31.74351,352.21,0.43,0.38,2026-10-06,1115,N21,VIIRS,n,2.0NRT,310.03,11.76,D
-10.2031,31.7434,351.02,0.43,0.38,2026-10-06,1115,N21,VIIRS,n,2.0NRT,309.21,12.83,D
-10.20046,33.11658,348.14,0.39,0.36,2026-10-06,1115,N21,VIIRS,l,2.0NRT,318.92,10.3,D
-10.19962,30.55007,333.21,0.49,0.4,2026-10-06,1115,N21,VIIRS,l,2.0NRT,304.11,2.96,D
-10.19849,30.1974,333.64,0.51,0.41,2026-10-06,1115,N21,VIIRS,n,2.0NRT,306.2,8.46,D
-10.19436,31.92762,342.47,0.42,0.38,2026-10-06,1115,N21,VIIRS,l,2.0NRT,310.51,12.72,D
-10.19433,31.02677,343.96,0.46,0.39,2026-10-06,1115,N21,VIIRS,l,2.0NRT,315.83,16.88,D
-10.19018,30.69598,349.13,0.48,0.4,2026-10-06,1115,N21,VIIRS,n,2.0NRT,315.14,44.51,D
-10.18957,30.70029,344.23,0.48,0.4,2026-10-06,1115,N21,VIIRS,n,2.0NRT,309.81,13.74,D
-10.18561,32.58099,355.4,0.4,0.37,2026-10-06,1115,N21,VIIRS,n,2.0NRT,316.92,14.28,D
-10.18507,32.58462,354.33,0.4,0.37,2026-10-06,1115,N21,VIIRS,n,2.0NRT,315.9,11.96,D
-10.1817,32.58409,343.03,0.4,0.37,2026-10-06,1115,N21,VIIRS,l,2.0NRT,316.13,6.69,D
-10.17555,30.25043,334.36,0.5,0.41,2026-10-06,1115,N21,VIIRS,l,2.0NRT,305.33,3.83,D
-10.17505,32.60549,346.28,0.4,0.37,2026-10-06,1115,N21,VIIRS,l,2.0NRT,314.09,7.49,D
-10.17456,32.76049,349.29,0.4,0.37,2026-10-06,1115,N21,VIIRS,l,2.0NRT,316.54,9.27,D
-10.17453,31.33414,342.85,0.45,0.39,2026-10-06,1115,N21,VIIRS,l,2.0NRT,312.08,8.72,D
-10.17204,31.86918,336.58,0.42,0.38,2026-10-06,1115,N21,VIIRS,l,2.0NRT,306.42,4.14,D
-10.1712,32.76001,339.42,0.4,0.37,2026-10-06,1115,N21,VIIRS,l,2.0NRT,311.93,9.27,D
-10.17103,32.58617,350.3,0.4,0.37,2026-10-06,1115,N21,VIIRS,l,2.0NRT,313.15,23.03,D
-10.16424,31.96987,342.77,0.42,0.38,2026-10-06,1115,N21,VIIRS,l,2.0NRT,307.93,9.2,D
-10.16374,32.58875,345.44,0.4,0.37,2026-10-06,1115,N21,VIIRS,l,2.0NRT,315.68,9.76,D
-10.16126,30.55982,338.79,0.49,0.4,2026-10-06,1115,N21,VIIRS,n,2.0NRT,310.05,9.09,D
-10.15999,30.56858,334.24,0.48,0.4,2026-10-06,1115,N21,VIIRS,l,2.0NRT,308.45,6.43,D
-10.15935,30.57297,336.31,0.48,0.4,2026-10-06,1115,N21,VIIRS,l,2.0NRT,310.25,6.54,D
-10.15928,31.31588,339.89,0.45,0.39,2026-10-06,1115,N21,VIIRS,l,2.0NRT,313.67,6.84,D
-10.15911,31.3154,341.61,0.45,0.39,2026-10-06,1115,N21,VIIRS,l,2.0NRT,314.76,7.57,D
-10.15904,30.57133,346.44,0.49,0.4,2026-10-06,1115,N21,VIIRS,n,2.0NRT,310.36,6.89,D
-10.15843,30.29006,345.12,0.5,0.41,2026-10-06,1115,N21,VIIRS,n,2.0NRT,305.43,8.47,D
-10.15809,32.58033,348.41,0.4,0.37,2026-10-06,1115,N21,VIIRS,n,2.0NRT,314.73,7.83,D
-10.15692,31.30729,347.2,0.45,0.39,2026-10-06,1115,N21,VIIRS,l,2.0NRT,314.95,14.93,D
-10.1567,31.3068,348.4,0.45,0.39,2026-10-06,1115,N21,VIIRS,l,2.0NRT,314.04,12.75,D
-10.15633,31.31133,352.95,0.45,0.39,2026-10-06,1115,N21,VIIRS,l,2.0NRT,316.96,6.84,D
-10.15613,31.31084,353.51,0.45,0.39,2026-10-06,1115,N21,VIIRS,n,2.0NRT,316.64,7.57,D
-10.15593,32.78004,350.03,0.4,0.37,2026-10-06,1115,N21,VIIRS,l,2.0NRT,313.46,15.86,D
-10.15574,31.31536,340.52,0.45,0.39,2026-10-06,1115,N21,VIIRS,l,2.0NRT,315.1,6.84,D
-10.15556,31.31488,343.56,0.45,0.39,2026-10-06,1115,N21,VIIRS,l,2.0NRT,315.3,7.57,D
-10.15468,30.28957,335.61,0.5,0.41,2026-10-06,1115,N21,VIIRS,l,2.0NRT,304.62,3.7,D
-10.15077,31.89359,331.31,0.42,0.38,2026-10-06,1115,N21,VIIRS,l,2.0NRT,304.84,2.84,D
-10.1476,30.99419,336.75,0.46,0.39,2026-10-06,1115,N21,VIIRS,n,2.0NRT,307.02,3.22,D
-10.147,30.99837,333.21,0.46,0.39,2026-10-06,1115,N21,VIIRS,l,2.0NRT,306.57,2.24,D
-10.1452,31.01094,332.47,0.46,0.39,2026-10-06,1115,N21,VIIRS,l,2.0NRT,307.45,3.16,D
-10.14319,30.34352,334.08,0.5,0.41,2026-10-06,1115,N21,VIIRS,l,2.0NRT,305.3,6.02,D
-10.14254,30.34809,343.86,0.5,0.41,2026-10-06,1115,N21,VIIRS,n,2.0NRT,306.07,6.02,D
-10.14092,27.1671,340.55,0.52,0.5,2026-10-06,1115,N21,VIIRS,n,2.0NRT,293.06,8.38,D
-10.13861,31.00565,353.11,0.46,0.39,2026-10-06,1115,N21,VIIRS,n,2.0NRT,304.79,10.3,D
-10.13817,30.35212,334.42,0.5,0.41,2026-10-06,1115,N21,VIIRS,l,2.0NRT,307,4.01,D
-10.13801,31.00987,351.29,0.46,0.39,2026-10-06,1115,N21,VIIRS,n,2.0NRT,308.92,10.3,D
-10.13573,30.34247,339.04,0.5,0.41,2026-10-06,1115,N21,VIIRS,n,2.0NRT,303.38,8.41,D
-10.13509,30.34702,340.67,0.5,0.41,2026-10-06,1115,N21,VIIRS,n,2.0NRT,306.25,8.41,D
-10.13198,31.68126,338.97,0.43,0.38,2026-10-06,1115,N21,VIIRS,l,2.0NRT,309.61,7.53,D
-10.1315,31.20772,336.92,0.45,0.39,2026-10-06,1115,N21,VIIRS,l,2.0NRT,309.14,8.45,D
-10.13091,31.2118,350.18,0.45,0.39,2026-10-06,1115,N21,VIIRS,n,2.0NRT,312.4,8.45,D
-10.13033,31.31578,349.48,0.45,0.39,2026-10-06,1115,N21,VIIRS,n,2.0NRT,313.81,7.21,D
-10.13032,31.21587,337.03,0.45,0.39,2026-10-06,1115,N21,VIIRS,l,2.0NRT,310.81,8.13,D
-10.12966,32.70234,342.35,0.4,0.37,2026-10-06,1115,N21,VIIRS,l,2.0NRT,315.21,13.66,D
-10.12849,31.68073,349.76,0.43,0.38,2026-10-06,1115,N21,VIIRS,n,2.0NRT,313.37,9.02,D
-10.12793,31.68464,341.88,0.43,0.38,2026-10-06,1115,N21,VIIRS,l,2.0NRT,312.62,9.02,D
-10.12741,32.78695,344.12,0.4,0.37,2026-10-06,1115,N21,VIIRS,l,2.0NRT,315.93,7.84,D
-10.12735,31.21126,342.68,0.45,0.39,2026-10-06,1115,N21,VIIRS,n,2.0NRT,308.11,8.45,D
-10.12679,31.31527,345.88,0.45,0.39,2026-10-06,1115,N21,VIIRS,l,2.0NRT,313.62,7.21,D
-10.12194,33.09375,345.98,0.39,0.36,2026-10-06,1115,N21,VIIRS,n,2.0NRT,320.13,21.35,D
-10.12141,33.09732,345.34,0.39,0.36,2026-10-06,1115,N21,VIIRS,n,2.0NRT,315.58,7.89,D
-10.12029,32.74218,335.7,0.4,0.37,2026-10-06,1115,N21,VIIRS,l,2.0NRT,310.53,5.69,D
-10.12,30.76649,341.69,0.47,0.4,2026-10-06,1115,N21,VIIRS,n,2.0NRT,304.37,5.37,D
-10.11978,26.40518,339.89,0.59,0.53,2026-10-06,1115,N21,VIIRS,n,2.0NRT,301.51,14.34,D
-10.11974,32.7459,348.51,0.4,0.37,2026-10-06,1115,N21,VIIRS,n,2.0NRT,315.46,9.18,D
-10.11908,26.41057,340.65,0.59,0.53,2026-10-06,1115,N21,VIIRS,n,2.0NRT,301.35,13.56,D
-10.11726,32.52927,337.25,0.4,0.37,2026-10-06,1115,N21,VIIRS,l,2.0NRT,310.86,2.58,D
-10.11688,30.6071,335.08,0.48,0.4,2026-10-06,1115,N21,VIIRS,n,2.0NRT,305.1,2.99,D
-10.11683,31.38376,338.18,0.44,0.39,2026-10-06,1115,N21,VIIRS,l,2.0NRT,312.42,4.69,D
-10.11635,30.76599,336.57,0.47,0.4,2026-10-06,1115,N21,VIIRS,n,2.0NRT,304.53,3.23,D
-10.11625,30.61148,339.05,0.48,0.4,2026-10-06,1115,N21,VIIRS,n,2.0NRT,306.79,4.73,D
-10.11321,30.60656,336.37,0.48,0.4,2026-10-06,1115,N21,VIIRS,l,2.0NRT,308.56,2.99,D
-10.11258,30.61094,340.13,0.48,0.4,2026-10-06,1115,N21,VIIRS,n,2.0NRT,307.74,4.73,D
-10.11206,31.98946,336.3,0.42,0.38,2026-10-06,1115,N21,VIIRS,l,2.0NRT,303.66,2.74,D
-10.1104,30.52093,335.92,0.49,0.4,2026-10-06,1115,N21,VIIRS,l,2.0NRT,307.85,4.43,D
-10.10796,30.51162,345.6,0.49,0.4,2026-10-06,1115,N21,VIIRS,n,2.0NRT,305.51,27.29,D
-10.10608,30.52483,335.33,0.49,0.4,2026-10-06,1115,N21,VIIRS,l,2.0NRT,310.32,12.89,D
-10.10546,30.52922,334.69,0.49,0.4,2026-10-06,1115,N21,VIIRS,l,2.0NRT,307.48,4.99,D
-10.10515,32.49389,347.59,0.41,0.37,2026-10-06,1115,N21,VIIRS,n,2.0NRT,314.79,10.1,D
-10.10483,30.53362,343.85,0.49,0.4,2026-10-06,1115,N21,VIIRS,n,2.0NRT,309.27,4.99,D
-10.10426,30.5111,354.74,0.49,0.4,2026-10-06,1115,N21,VIIRS,n,2.0NRT,312.34,27.29,D
-10.10374,32.4561,336.58,0.41,0.37,2026-10-06,1115,N21,VIIRS,l,2.0NRT,310.5,8.73,D
-10.10364,30.51552,350.31,0.49,0.4,2026-10-06,1115,N21,VIIRS,n,2.0NRT,320.52,27.29,D
-10.10301,30.51994,352.13,0.49,0.4,2026-10-06,1115,N21,VIIRS,n,2.0NRT,310.13,12.89,D
-10.10239,30.52432,355.35,0.49,0.4,2026-10-06,1115,N21,VIIRS,n,2.0NRT,310.47,12.89,D
-10.10212,32.5382,341.42,0.4,0.37,2026-10-06,1115,N21,VIIRS,l,2.0NRT,314.34,8.21,D
-10.10211,33.43204,342.31,0.39,0.36,2026-10-06,1115,N21,VIIRS,n,2.0NRT,311.89,7.21,D
-10.10177,30.52871,343.05,0.49,0.4,2026-10-06,1115,N21,VIIRS,l,2.0NRT,309.9,4.99,D
-10.10114,30.53311,343.57,0.49,0.4,2026-10-06,1115,N21,VIIRS,n,2.0NRT,310.55,4.99,D
-10.10057,30.5106,336.17,0.49,0.4,2026-10-06,1115,N21,VIIRS,l,2.0NRT,305.56,5.46,D
-10.09922,30.57314,344.46,0.48,0.4,2026-10-06,1115,N21,VIIRS,l,2.0NRT,305.35,4.66,D
-10.09874,32.53771,351.87,0.4,0.37,2026-10-06,1115,N21,VIIRS,l,2.0NRT,317.88,24.11,D
-10.09869,30.52383,351.16,0.49,0.4,2026-10-06,1115,N21,VIIRS,n,2.0NRT,307.87,15.22,D
-10.09807,30.52822,342.41,0.49,0.4,2026-10-06,1115,N21,VIIRS,n,2.0NRT,317.01,24.23,D
-10.09745,30.53262,354.42,0.49,0.4,2026-10-06,1115,N21,VIIRS,n,2.0NRT,312.61,24.23,D
-10.09583,31.17729,338.98,0.45,0.39,2026-10-06,1115,N21,VIIRS,l,2.0NRT,306.42,2.72,D
-10.09536,32.53722,350.25,0.4,0.37,2026-10-06,1115,N21,VIIRS,l,2.0NRT,319.59,24.11,D
-10.09515,30.02856,334.5,0.52,0.41,2026-10-06,1115,N21,VIIRS,n,2.0NRT,306.22,5.07,D
-10.09504,31.70377,338.59,0.43,0.38,2026-10-06,1115,N21,VIIRS,l,2.0NRT,310.26,14.61,D
-10.09438,30.5277,346.2,0.49,0.4,2026-10-06,1115,N21,VIIRS,n,2.0NRT,306.07,24.23,D
-10.09401,26.26021,335.97,0.6,0.53,2026-10-06,1115,N21,VIIRS,n,2.0NRT,301.1,8.45,D
-10.09197,32.53672,343.97,0.4,0.37,2026-10-06,1115,N21,VIIRS,l,2.0NRT,313.4,6.99,D
-10.09192,32.77139,340.52,0.4,0.37,2026-10-06,1115,N21,VIIRS,l,2.0NRT,311.86,3.78,D
-10.09138,32.77498,339.52,0.4,0.37,2026-10-06,1115,N21,VIIRS,l,2.0NRT,311.83,3.78,D
-10.09107,26.25832,341.71,0.6,0.53,2026-10-06,1115,N21,VIIRS,n,2.0NRT,301.47,7.74,D
-10.09098,31.70717,340.62,0.43,0.38,2026-10-06,1115,N21,VIIRS,l,2.0NRT,310.18,10.17,D
-10.09063,30.30053,332.48,0.5,0.41,2026-10-06,1115,N21,VIIRS,l,2.0NRT,303.44,8.59,D
-10.09035,26.26366,332.58,0.6,0.53,2026-10-06,1115,N21,VIIRS,n,2.0NRT,300.89,7.74,D
-10.08912,26.25966,338.58,0.6,0.53,2026-10-06,1115,N21,VIIRS,n,2.0NRT,302.15,10.34,D
-10.08853,30.29896,336.28,0.5,0.41,2026-10-06,1115,N21,VIIRS,l,2.0NRT,302.93,6.15,D
-10.0879,30.30349,343.55,0.5,0.41,2026-10-06,1115,N21,VIIRS,l,2.0NRT,307.03,6.15,D
-10.08756,33.64136,337.07,0.39,0.36,2026-10-06,1115,N21,VIIRS,l,2.0NRT,311.71,2.36,D
-10.08689,30.30003,351.89,0.5,0.41,2026-10-06,1115,N21,VIIRS,n,2.0NRT,307.16,8.59,D
-10.08623,30.30456,336.47,0.5,0.41,2026-10-06,1115,N21,VIIRS,n,2.0NRT,307.48,8.59,D
-10.08532,33.63381,341.17,0.39,0.36,2026-10-06,1115,N21,VIIRS,n,2.0NRT,309.96,4.27,D
-10.0838,30.295,332.04,0.5,0.41,2026-10-06,1115,N21,VIIRS,l,2.0NRT,304.64,12.83,D
-10.08315,30.29953,345.03,0.5,0.41,2026-10-06,1115,N21,VIIRS,n,2.0NRT,314.1,30.73,D
-10.08249,30.30407,347.16,0.5,0.41,2026-10-06,1115,N21,VIIRS,n,2.0NRT,309.39,30.73,D
-10.08202,33.63329,340.76,0.39,0.36,2026-10-06,1115,N21,VIIRS,n,2.0NRT,310.11,4.27,D
-10.08042,30.30251,349.37,0.5,0.41,2026-10-06,1115,N21,VIIRS,l,2.0NRT,308.61,88.29,D
-10.07559,33.42799,337.96,0.39,0.36,2026-10-06,1115,N21,VIIRS,l,2.0NRT,312.2,4.7,D
-10.07288,31.26192,344.19,0.45,0.39,2026-10-06,1115,N21,VIIRS,n,2.0NRT,313.1,11.49,D
-10.07246,30.8645,333.89,0.47,0.4,2026-10-06,1115,N21,VIIRS,l,2.0NRT,308.85,16.09,D
-10.07155,32.02623,340.83,0.42,0.38,2026-10-06,1115,N21,VIIRS,l,2.0NRT,300.66,7.3,D
-10.06634,32.11053,338.41,0.42,0.37,2026-10-06,1115,N21,VIIRS,l,2.0NRT,308.55,3.55,D
-10.06603,30.6752,350.01,0.48,0.4,2026-10-06,1115,N21,VIIRS,n,2.0NRT,310.35,13.45,D
-10.06535,26.67349,343.25,0.57,0.52,2026-10-06,1115,N21,VIIRS,n,2.0NRT,294.95,8.42,D
-10.063,30.5637,343.94,0.48,0.4,2026-10-06,1115,N21,VIIRS,l,2.0NRT,317.42,37.28,D
-10.06125,32.43036,353.46,0.41,0.37,2026-10-06,1115,N21,VIIRS,n,2.0NRT,312.36,6.19,D
-10.06111,32.50154,337.45,0.4,0.37,2026-10-06,1115,N21,VIIRS,l,2.0NRT,312.36,1.88,D
-10.0607,32.43409,341.36,0.41,0.37,2026-10-06,1115,N21,VIIRS,n,2.0NRT,309.11,6.19,D
-10.05732,32.43352,338.26,0.41,0.37,2026-10-06,1115,N21,VIIRS,l,2.0NRT,310.77,6.19,D
-10.05731,32.77324,337.28,0.4,0.37,2026-10-06,1115,N21,VIIRS,l,2.0NRT,308.76,2.66,D
-10.05394,32.43294,342.68,0.41,0.37,2026-10-06,1115,N21,VIIRS,l,2.0NRT,309.14,4.05,D
-10.04948,33.62458,346.95,0.39,0.36,2026-10-06,1115,N21,VIIRS,n,2.0NRT,307.93,7.03,D
-10.0488,31.10468,346.53,0.46,0.39,2026-10-06,1115,N21,VIIRS,n,2.0NRT,313.98,7,D
-10.04857,32.79364,339.99,0.4,0.37,2026-10-06,1115,N21,VIIRS,n,2.0NRT,307.22,3.95,D
-10.0484,32.74898,341.69,0.4,0.37,2026-10-06,1115,N21,VIIRS,l,2.0NRT,314.94,11.08,D
-10.04831,30.64182,345.62,0.48,0.4,2026-10-06,1115,N21,VIIRS,l,2.0NRT,310.67,10.89,D
-10.04829,30.85249,342.65,0.47,0.4,2026-10-06,1115,N21,VIIRS,n,2.0NRT,309.38,7.98,D
-10.04733,32.75618,345.82,0.4,0.37,2026-10-06,1115,N21,VIIRS,l,2.0NRT,316.46,6.19,D
-10.04636,33.16987,343.55,0.39,0.36,2026-10-06,1115,N21,VIIRS,l,2.0NRT,315.68,5.8,D
-10.0457,32.46539,343.98,0.41,0.37,2026-10-06,1115,N21,VIIRS,l,2.0NRT,313.54,9.12,D
-10.04565,30.32197,339.98,0.5,0.41,2026-10-06,1115,N21,VIIRS,n,2.0NRT,305.95,9.01,D
-10.04522,31.1042,342.3,0.46,0.39,2026-10-06,1115,N21,VIIRS,n,2.0NRT,312.24,4.89,D
-10.04465,30.64129,355.42,0.48,0.4,2026-10-06,1115,N21,VIIRS,n,2.0NRT,313.09,15.93,D
-10.04329,31.66813,345.99,0.43,0.38,2026-10-06,1115,N21,VIIRS,n,2.0NRT,314.16,6.2,D
-10.04255,30.18225,338.55,0.51,0.41,2026-10-06,1115,N21,VIIRS,l,2.0NRT,306.58,6.22,D
-10.04248,33.01265,346.19,0.39,0.36,2026-10-06,1115,N21,VIIRS,n,2.0NRT,312.14,6.56,D
-10.04141,31.63185,334.63,0.43,0.38,2026-10-06,1115,N21,VIIRS,l,2.0NRT,308.8,2.01,D
-10.04035,33.73009,343.86,0.39,0.36,2026-10-06,1115,N21,VIIRS,n,2.0NRT,311.9,13.57,D
-10.0398,31.66762,341.95,0.43,0.38,2026-10-06,1115,N21,VIIRS,l,2.0NRT,314.85,6.2,D
-10.03883,32.89863,342.87,0.4,0.37,2026-10-06,1115,N21,VIIRS,l,2.0NRT,314.33,4.53,D
-10.03879,30.18177,346.8,0.51,0.41,2026-10-06,1115,N21,VIIRS,n,2.0NRT,308.62,13.25,D
-10.03872,30.34391,345.67,0.5,0.41,2026-10-06,1115,N21,VIIRS,n,2.0NRT,304.15,34.9,D
-10.03814,30.18638,348.1,0.51,0.41,2026-10-06,1115,N21,VIIRS,n,2.0NRT,310.63,13.25,D
-10.03757,33.72609,338.57,0.39,0.36,2026-10-06,1115,N21,VIIRS,n,2.0NRT,313.34,6.98,D
-10.03643,32.71398,340.17,0.4,0.37,2026-10-06,1115,N21,VIIRS,l,2.0NRT,314.99,6.02,D
-10.03563,30.33891,345.59,0.5,0.41,2026-10-06,1115,N21,VIIRS,n,2.0NRT,305.1,34.9,D
-10.03502,30.18133,351.25,0.51,0.41,2026-10-06,1115,N21,VIIRS,n,2.0NRT,308.17,13.25,D
-10.03499,30.3434,340.99,0.5,0.41,2026-10-06,1115,N21,VIIRS,n,2.0NRT,304.45,34.9,D
-10.03479,33.7221,342.5,0.39,0.36,2026-10-06,1115,N21,VIIRS,n,2.0NRT,313.32,5.39,D
-10.03441,32.09028,347.9,0.42,0.37,2026-10-06,1115,N21,VIIRS,n,2.0NRT,301.88,9.85,D
-10.03426,33.72558,367,0.39,0.36,2026-10-06,1115,N21,VIIRS,h,2.0NRT,312.02,6.98,D
-10.03148,33.72158,339.6,0.39,0.36,2026-10-06,1115,N21,VIIRS,n,2.0NRT,309.68,3.71,D
-10.03124,30.50183,339.82,0.49,0.4,2026-10-06,1115,N21,VIIRS,l,2.0NRT,311.43,10.87,D
-10.03005,31.56188,335.86,0.44,0.38,2026-10-06,1115,N21,VIIRS,l,2.0NRT,307.61,4.03,D
-10.0217,31.64496,338.64,0.43,0.38,2026-10-06,1115,N21,VIIRS,l,2.0NRT,309.05,6.02,D
-10.02144,30.11354,333.5,0.51,0.41,2026-10-06,1115,N21,VIIRS,l,2.0NRT,304.33,4.35,D
-10.01987,33.68416,337.76,0.39,0.36,2026-10-06,1115,N21,VIIRS,l,2.0NRT,310.85,2.76,D
-10.01785,33.06363,344.67,0.39,0.36,2026-10-06,1115,N21,VIIRS,n,2.0NRT,313.97,8.73,D
-10.01783,33.63037,332.23,0.39,0.36,2026-10-06,1115,N21,VIIRS,l,2.0NRT,305.97,4.01,D
-10.01654,32.4044,349.86,0.41,0.37,2026-10-06,1115,N21,VIIRS,n,2.0NRT,314.59,7.88,D
-10.01598,30.63377,344.18,0.48,0.4,2026-10-06,1115,N21,VIIRS,n,2.0NRT,312.81,10.08,D
-10.01337,32.11414,349.04,0.42,0.37,2026-10-06,1115,N21,VIIRS,n,2.0NRT,307.94,5.68,D
-10.01333,30.30836,340.33,0.5,0.41,2026-10-06,1115,N21,VIIRS,n,2.0NRT,308.22,4.89,D
-10.01324,33.11765,337.75,0.39,0.36,2026-10-06,1115,N21,VIIRS,n,2.0NRT,310.41,3.77,D
-10.01281,32.1179,335.97,0.42,0.37,2026-10-06,1115,N21,VIIRS,l,2.0NRT,306.47,5.57,D
-10.0105,32.10987,344.2,0.42,0.37,2026-10-06,1115,N21,VIIRS,n,2.0NRT,308.32,5.68,D
-10.0087,33.10234,347.47,0.39,0.36,2026-10-06,1115,N21,VIIRS,n,2.0NRT,314.66,10.08,D
-10.00864,31.35632,334.29,0.44,0.39,2026-10-06,1115,N21,VIIRS,l,2.0NRT,306.96,1.35,D
-10.0042,26.16182,351.6,0.61,0.54,2026-10-06,1115,N21,VIIRS,n,2.0NRT,301.28,24.9,D
-10.00235,27.83312,351.39,0.47,0.48,2026-10-06,1115,N21,VIIRS,n,2.0NRT,300.89,9.13,D
-10.00214,26.15878,341.58,0.61,0.54,2026-10-06,1115,N21,VIIRS,n,2.0NRT,299.23,20.73,D
-10.00142,27.83346,340.61,0.47,0.48,2026-10-06,1115,N21,VIIRS,n,2.0NRT,301.46,16.47,D
-10.00107,32.85931,352.48,0.4,0.37,2026-10-06,1115,N21,VIIRS,n,2.0NRT,319.3,11.4,D
-10.00081,33.47368,338.55,0.39,0.36,2026-10-06,1115,N21,VIIRS,n,2.0NRT,313.2,5.11,D
-9.99797,27.83262,338.96,0.47,0.48,2026-10-06,1115,N21,VIIRS,n,2.0NRT,297.09,9.13,D
-9.99582,33.39392,337.19,0.39,0.36,2026-10-06,1115,N21,VIIRS,l,2.0NRT,310.34,4.6,D
-9.99452,33.15404,339.04,0.39,0.36,2026-10-06,1115,N21,VIIRS,l,2.0NRT,313.18,4.25,D
-9.99303,31.21371,340.98,0.45,0.39,2026-10-06,1115,N21,VIIRS,l,2.0NRT,306.53,19.03,D
-9.99278,31.77192,349.63,0.43,0.38,2026-10-06,1115,N21,VIIRS,n,2.0NRT,306.56,5.45,D
-9.98945,31.79511,337.48,0.43,0.38,2026-10-06,1115,N21,VIIRS,l,2.0NRT,312.31,5.95,D
-9.98818,31.87748,348.59,0.42,0.38,2026-10-06,1115,N21,VIIRS,l,2.0NRT,305.03,8.87,D
-9.98754,32.76559,350.04,0.4,0.37,2026-10-06,1115,N21,VIIRS,n,2.0NRT,316.79,6.54,D
-9.98623,31.33659,337.59,0.44,0.39,2026-10-06,1115,N21,VIIRS,l,2.0NRT,311.4,3.26,D
-9.98416,31.88081,346.68,0.42,0.38,2026-10-06,1115,N21,VIIRS,n,2.0NRT,302.88,8.16,D
-9.98362,31.78638,336.22,0.43,0.38,2026-10-06,1115,N21,VIIRS,l,2.0NRT,309.34,5.01,D
-9.98352,32.31608,335.23,0.41,0.37,2026-10-06,1115,N21,VIIRS,n,2.0NRT,308.06,1.2,D
-9.98306,31.79025,341.77,0.43,0.38,2026-10-06,1115,N21,VIIRS,l,2.0NRT,306.55,5.01,D
-9.98298,31.77496,343.83,0.43,0.38,2026-10-06,1115,N21,VIIRS,l,2.0NRT,300.41,4.59,D
-9.98297,32.31979,336.28,0.41,0.37,2026-10-06,1115,N21,VIIRS,l,2.0NRT,310.71,5.93,D
-9.98293,30.65581,339.79,0.48,0.4,2026-10-06,1115,N21,VIIRS,l,2.0NRT,307.95,5.54,D
-9.98152,31.61582,347.16,0.43,0.38,2026-10-06,1115,N21,VIIRS,l,2.0NRT,314.74,11.18,D
-9.98006,26.54031,333.14,0.58,0.52,2026-10-06,1115,N21,VIIRS,n,2.0NRT,299.52,4.69,D
-9.98001,30.15673,333.44,0.51,0.41,2026-10-06,1115,N21,VIIRS,l,2.0NRT,304.25,4.01,D
-9.97958,32.31927,340.35,0.41,0.37,2026-10-06,1115,N21,VIIRS,l,2.0NRT,310.44,5.93,D
-9.97926,30.6553,342.72,0.48,0.4,2026-10-06,1115,N21,VIIRS,l,2.0NRT,308.75,9.45,D
-9.9786,31.6114,344.8,0.43,0.38,2026-10-06,1115,N21,VIIRS,l,2.0NRT,315.96,9.12,D
-9.97802,31.61533,349.76,0.43,0.38,2026-10-06,1115,N21,VIIRS,l,2.0NRT,316.24,9.12,D
-9.97728,32.97299,341.88,0.39,0.36,2026-10-06,1115,N21,VIIRS,l,2.0NRT,316.63,6.38,D
-9.97257,31.77345,340.66,0.43,0.38,2026-10-06,1115,N21,VIIRS,l,2.0NRT,307.02,2,D
-9.97085,31.78506,350.12,0.43,0.38,2026-10-06,1115,N21,VIIRS,n,2.0NRT,313.49,18.49,D
-9.96852,31.77683,354.68,0.43,0.38,2026-10-06,1115,N21,VIIRS,l,2.0NRT,310.47,17.11,D
-9.96811,31.85152,336.3,0.42,0.38,2026-10-06,1115,N21,VIIRS,l,2.0NRT,305.96,2.59,D
-9.96795,31.78069,350.17,0.43,0.38,2026-10-06,1115,N21,VIIRS,n,2.0NRT,308.68,17.11,D
-9.96764,33.69391,338.31,0.39,0.36,2026-10-06,1115,N21,VIIRS,l,2.0NRT,310.33,3.28,D
-9.96754,31.85536,346.35,0.42,0.38,2026-10-06,1115,N21,VIIRS,l,2.0NRT,309.21,10.45,D
-9.96739,31.78455,355.48,0.43,0.38,2026-10-06,1115,N21,VIIRS,n,2.0NRT,310.97,16.48,D
-9.96697,31.61772,342.75,0.43,0.38,2026-10-06,1115,N21,VIIRS,l,2.0NRT,311.26,8.04,D
-9.96505,31.77633,352.11,0.43,0.38,2026-10-06,1115,N21,VIIRS,l,2.0NRT,311.72,17.11,D
-9.96408,31.85485,345.54,0.42,0.38,2026-10-06,1115,N21,VIIRS,l,2.0NRT,308.38,6.13,D
-9.95531,33.6634,343.05,0.39,0.36,2026-10-06,1115,N21,VIIRS,n,2.0NRT,309.5,5.01,D
-9.9541,25.07325,347.42,0.36,0.58,2026-10-06,1115,N21,VIIRS,n,2.0NRT,296.65,6.62,D
-9.95241,25.12881,336.06,0.36,0.57,2026-10-06,1115,N21,VIIRS,n,2.0NRT,295.3,2.87,D
-9.95208,33.75215,339.25,0.38,0.36,2026-10-06,1115,N21,VIIRS,l,2.0NRT,311.47,2.6,D
-9.9426,33.65789,349.13,0.39,0.36,2026-10-06,1115,N21,VIIRS,n,2.0NRT,312.49,6.01,D
-9.94108,30.05155,333.92,0.51,0.41,2026-10-06,1115,N21,VIIRS,n,2.0NRT,306.6,8.17,D
-9.93729,30.05106,340.91,0.51,0.41,2026-10-06,1115,N21,VIIRS,n,2.0NRT,306.71,8.17,D
-9.93664,30.05567,367,0.51,0.41,2026-10-06,1115,N21,VIIRS,h,2.0NRT,309.94,16.05,D
-9.93161,32.1711,349.26,0.41,0.37,2026-10-06,1115,N21,VIIRS,l,2.0NRT,324.12,64.19,D
-9.92853,32.31181,343.5,0.41,0.37,2026-10-06,1115,N21,VIIRS,l,2.0NRT,311.23,3.45,D
-9.928,33.41507,336.83,0.39,0.36,2026-10-06,1115,N21,VIIRS,l,2.0NRT,310.99,3.83,D
-9.92785,25.44454,367,0.34,0.56,2026-10-06,1115,N21,VIIRS,h,2.0NRT,299.25,10.67,D
-9.92746,25.44753,337.12,0.34,0.56,2026-10-06,1115,N21,VIIRS,n,2.0NRT,297.83,9.06,D
-9.92707,31.02002,305.16,0.46,0.39,2026-10-06,1115,N21,VIIRS,l,2.0NRT,309.41,29.53,D
-9.92648,31.02416,336.93,0.46,0.39,2026-10-06,1115,N21,VIIRS,l,2.0NRT,310.34,29.53,D
-9.92513,32.31132,338.26,0.41,0.37,2026-10-06,1115,N21,VIIRS,l,2.0NRT,311.8,3.45,D
-9.92491,31.71115,341.35,0.43,0.38,2026-10-06,1115,N21,VIIRS,l,2.0NRT,313.03,8.43,D
-9.92267,28.01974,338.58,0.46,0.47,2026-10-06,1115,N21,VIIRS,n,2.0NRT,298.14,6.47,D
-9.92187,33.56817,349.88,0.39,0.36,2026-10-06,1115,N21,VIIRS,n,2.0NRT,313.65,8.47,D
-9.92168,31.63509,344.33,0.43,0.38,2026-10-06,1115,N21,VIIRS,l,2.0NRT,311.77,5.21,D
-9.91856,33.56766,340.71,0.39,0.36,2026-10-06,1115,N21,VIIRS,n,2.0NRT,309.2,4.34,D
-9.91473,33.57063,340.05,0.39,0.36,2026-10-06,1115,N21,VIIRS,n,2.0NRT,309.74,4.73,D
-9.90723,32.76038,347.46,0.4,0.37,2026-10-06,1115,N21,VIIRS,n,2.0NRT,321.22,18.6,D
-9.90669,32.76398,355.07,0.4,0.37,2026-10-06,1115,N21,VIIRS,n,2.0NRT,319.29,13.67,D
-9.90405,25.426,367,0.34,0.56,2026-10-06,1115,N21,VIIRS,h,2.0NRT,301.4,12,D
-9.90334,32.50734,346.15,0.4,0.37,2026-10-06,1115,N21,VIIRS,l,2.0NRT,314.03,9.95,D
-9.9005,32.50317,347.91,0.4,0.37,2026-10-06,1115,N21,VIIRS,n,2.0NRT,314.83,7.21,D
-9.89996,32.50683,341.55,0.4,0.37,2026-10-06,1115,N21,VIIRS,l,2.0NRT,311.47,7.21,D
-9.89873,32.49168,343.94,0.4,0.37,2026-10-06,1115,N21,VIIRS,n,2.0NRT,317.17,13.49,D
-9.89782,30.19627,346.04,0.5,0.41,2026-10-06,1115,N21,VIIRS,n,2.0NRT,306.55,7.73,D
-9.89719,30.20085,332.18,0.5,0.41,2026-10-06,1115,N21,VIIRS,l,2.0NRT,305.82,5.92,D
-9.89159,33.49932,340.93,0.39,0.36,2026-10-06,1115,N21,VIIRS,n,2.0NRT,306.76,4.09,D
-9.89121,31.01476,335.72,0.46,0.39,2026-10-06,1115,N21,VIIRS,l,2.0NRT,309.2,12.2,D
-9.89091,32.91576,352.46,0.39,0.37,2026-10-06,1115,N21,VIIRS,n,2.0NRT,319.72,16.35,D
-9.88378,32.68681,349.54,0.4,0.37,2026-10-06,1115,N21,VIIRS,l,2.0NRT,320.78,13.68,D
-9.87767,30.19571,334.14,0.5,0.41,2026-10-06,1115,N21,VIIRS,l,2.0NRT,304,3.83,D
-9.87537,26.19106,333.57,0.61,0.53,2026-10-06,1115,N21,VIIRS,n,2.0NRT,302.02,9.52,D
-9.87396,31.26327,336.04,0.45,0.39,2026-10-06,1115,N21,VIIRS,l,2.0NRT,309.39,6.12,D
-9.87277,30.23929,334.04,0.5,0.41,2026-10-06,1115,N21,VIIRS,l,2.0NRT,306.42,7.83,D
-9.87175,30.23663,330.65,0.5,0.41,2026-10-06,1115,N21,VIIRS,l,2.0NRT,305.26,9.81,D
-9.86957,32.49131,341.64,0.4,0.37,2026-10-06,1115,N21,VIIRS,n,2.0NRT,314.58,7.55,D
-9.86724,32.48368,347.46,0.4,0.37,2026-10-06,1115,N21,VIIRS,n,2.0NRT,309.05,11.27,D
-9.8667,32.48732,367,0.4,0.37,2026-10-06,1115,N21,VIIRS,h,2.0NRT,316.15,11.27,D
-9.8649,30.23122,344.63,0.5,0.41,2026-10-06,1115,N21,VIIRS,l,2.0NRT,314.37,40.15,D
-9.86336,31.70611,339.12,0.43,0.38,2026-10-06,1115,N21,VIIRS,l,2.0NRT,310.82,7.66,D
-9.86258,26.50661,349.63,0.58,0.52,2026-10-06,1115,N21,VIIRS,n,2.0NRT,303.91,15.48,D
-9.86182,26.50841,342.82,0.58,0.52,2026-10-06,1115,N21,VIIRS,n,2.0NRT,304.25,18.51,D
-9.86121,32.07658,342.79,0.42,0.37,2026-10-06,1115,N21,VIIRS,l,2.0NRT,317.3,5.49,D
-9.85676,30.0467,333.22,0.51,0.41,2026-10-06,1115,N21,VIIRS,n,2.0NRT,301.37,2.58,D
-9.85559,27.02851,338.91,0.53,0.5,2026-10-06,1115,N21,VIIRS,n,2.0NRT,301.5,6.91,D
-9.85459,31.92858,339.16,0.42,0.38,2026-10-06,1115,N21,VIIRS,l,2.0NRT,305.82,5.67,D
-9.85098,31.19817,344.37,0.45,0.39,2026-10-06,1115,N21,VIIRS,l,2.0NRT,310.58,39.6,D
-9.85068,31.19787,346.58,0.45,0.39,2026-10-06,1115,N21,VIIRS,l,2.0NRT,311.98,32.96,D
-9.85018,30.8514,340.72,0.47,0.39,2026-10-06,1115,N21,VIIRS,n,2.0NRT,304.29,6.83,D
-9.84801,31.19362,337.85,0.45,0.39,2026-10-06,1115,N21,VIIRS,l,2.0NRT,311.2,39.6,D
-9.8477,31.19331,337.63,0.45,0.39,2026-10-06,1115,N21,VIIRS,l,2.0NRT,310.72,32.96,D
-9.84695,31.30052,334.64,0.44,0.39,2026-10-06,1115,N21,VIIRS,l,2.0NRT,308.05,2.88,D
-9.84685,31.27583,341.84,0.45,0.39,2026-10-06,1115,N21,VIIRS,n,2.0NRT,312.68,5.66,D
-9.84655,31.2014,339.28,0.45,0.39,2026-10-06,1115,N21,VIIRS,l,2.0NRT,312.8,9.44,D
-9.84446,31.19312,352.51,0.45,0.39,2026-10-06,1115,N21,VIIRS,l,2.0NRT,311.82,15.56,D
-9.84387,31.19716,348.75,0.45,0.39,2026-10-06,1115,N21,VIIRS,l,2.0NRT,315.83,15.56,D
-9.84336,31.79395,348.66,0.42,0.38,2026-10-06,1115,N21,VIIRS,n,2.0NRT,314.66,19.24,D
-9.84327,31.2012,344.92,0.45,0.39,2026-10-06,1115,N21,VIIRS,l,2.0NRT,313.45,8.74,D
-9.84073,31.51913,339.18,0.44,0.38,2026-10-06,1115,N21,VIIRS,l,2.0NRT,313.3,6.36,D
-9.84066,27.39135,338.49,0.5,0.49,2026-10-06,1115,N21,VIIRS,n,2.0NRT,302.92,5.91,D
-9.84016,31.5231,340.58,0.44,0.38,2026-10-06,1115,N21,VIIRS,l,2.0NRT,312.67,6.36,D
-9.83827,27.39204,331.73,0.5,0.49,2026-10-06,1115,N21,VIIRS,l,2.0NRT,301.93,5.48,D
-9.83631,27.7965,330.9,0.47,0.48,2026-10-06,1115,N21,VIIRS,l,2.0NRT,301.08,2.07,D
-9.83192,27.79602,334.81,0.47,0.48,2026-10-06,1115,N21,VIIRS,n,2.0NRT,301.94,2.07,D
-9.83108,33.74348,341.89,0.38,0.36,2026-10-06,1115,N21,VIIRS,n,2.0NRT,309.59,3.55,D
-9.82777,33.74298,340.85,0.38,0.36,2026-10-06,1115,N21,VIIRS,n,2.0NRT,309,3.55,D
-9.82134,31.00093,340.24,0.46,0.39,2026-10-06,1115,N21,VIIRS,n,2.0NRT,307.95,4.42,D
-9.81444,29.14309,333.44,0.39,0.44,2026-10-06,1115,N21,VIIRS,n,2.0NRT,303.94,2.09,D
-9.81005,31.10469,338.15,0.45,0.39,2026-10-06,1115,N21,VIIRS,l,2.0NRT,310,7.63,D
-9.80869,33.64305,335.46,0.39,0.36,2026-10-06,1115,N21,VIIRS,l,2.0NRT,307.37,2.38,D
-9.80819,32.48579,342.33,0.4,0.37,2026-10-06,1115,N21,VIIRS,l,2.0NRT,314.37,18.66,D
-9.80541,32.85179,353.42,0.4,0.37,2026-10-06,1115,N21,VIIRS,n,2.0NRT,318.57,15.8,D
-9.80284,31.02787,339.07,0.46,0.39,2026-10-06,1115,N21,VIIRS,l,2.0NRT,310.92,10.75,D
-9.80244,31.20766,349.27,0.45,0.39,2026-10-06,1115,N21,VIIRS,n,2.0NRT,311.66,11.93,D
-9.79889,31.20714,350.56,0.45,0.39,2026-10-06,1115,N21,VIIRS,n,2.0NRT,312.04,11.55,D
-9.7935,27.8507,341.81,0.47,0.48,2026-10-06,1115,N21,VIIRS,n,2.0NRT,303.08,9.71,D
-9.79253,32.49834,335.41,0.4,0.37,2026-10-06,1115,N21,VIIRS,l,2.0NRT,309.25,3.74,D
-9.79124,27.05424,341.96,0.53,0.5,2026-10-06,1115,N21,VIIRS,n,2.0NRT,303.79,5.53,D
-9.78913,27.85025,339.58,0.47,0.48,2026-10-06,1115,N21,VIIRS,n,2.0NRT,302.58,9.71,D
-9.78138,33.01225,349.79,0.39,0.36,2026-10-06,1115,N21,VIIRS,n,2.0NRT,316.29,6.41,D
-9.77241,33.65902,332.89,0.39,0.36,2026-10-06,1115,N21,VIIRS,l,2.0NRT,307.59,3.71,D
-9.77233,33.72672,342.77,0.38,0.36,2026-10-06,1115,N21,VIIRS,n,2.0NRT,310.71,5.55,D
-9.7711,33.058,340.38,0.39,0.36,2026-10-06,1115,N21,VIIRS,l,2.0NRT,313.59,7.44,D
-9.76021,32.92543,346.9,0.39,0.36,2026-10-06,1115,N21,VIIRS,n,2.0NRT,315.15,4.75,D
-9.75968,32.92897,344.1,0.39,0.36,2026-10-06,1115,N21,VIIRS,n,2.0NRT,315.36,4.75,D
-9.75822,32.80067,367,0.4,0.37,2026-10-06,1115,N21,VIIRS,l,2.0NRT,328.48,35.31,D
-9.75769,32.80426,341.02,0.4,0.37,2026-10-06,1115,N21,VIIRS,l,2.0NRT,314.24,35.31,D
-9.75686,32.92495,343.19,0.39,0.36,2026-10-06,1115,N21,VIIRS,n,2.0NRT,313.8,3.75,D
-9.7554,32.79659,347.11,0.4,0.37,2026-10-06,1115,N21,VIIRS,n,2.0NRT,314.34,7.61,D
-9.75481,30.02904,344.16,0.51,0.41,2026-10-06,1115,N21,VIIRS,n,2.0NRT,304.58,9.82,D
-9.75103,30.0285,346.12,0.51,0.41,2026-10-06,1115,N21,VIIRS,n,2.0NRT,305.62,9.74,D
-9.74731,33.6908,334.18,0.39,0.36,2026-10-06,1115,N21,VIIRS,n,2.0NRT,306.02,2.78,D
-9.74572,32.99968,344.78,0.39,0.36,2026-10-06,1115,N21,VIIRS,l,2.0NRT,319.29,15.1,D
-9.7454,28.97746,340.92,0.39,0.44,2026-10-06,1115,N21,VIIRS,n,2.0NRT,299.97,6.27,D
-9.7443,33.7331,335.68,0.38,0.36,2026-10-06,1115,N21,VIIRS,l,2.0NRT,307.92,2.71,D
-9.73993,32.9698,339.4,0.39,0.36,2026-10-06,1115,N21,VIIRS,l,2.0NRT,313.89,3.19,D
-9.73905,32.99867,344.59,0.39,0.36,2026-10-06,1115,N21,VIIRS,l,2.0NRT,318.73,5.31,D
-9.73888,32.97688,343.42,0.39,0.36,2026-10-06,1115,N21,VIIRS,l,2.0NRT,315.68,6.31,D
-9.73669,31.33821,340.94,0.44,0.39,2026-10-06,1115,N21,VIIRS,n,2.0NRT,310.55,4.02,D
-9.73624,32.99461,343.58,0.39,0.36,2026-10-06,1115,N21,VIIRS,l,2.0NRT,317.37,5.31,D
-9.73508,31.6951,343.96,0.43,0.38,2026-10-06,1115,N21,VIIRS,n,2.0NRT,318.49,7.68,D
-9.73477,30.11606,345.18,0.51,0.41,2026-10-06,1115,N21,VIIRS,n,2.0NRT,305.42,10.54,D
-9.73078,31.3292,339.62,0.44,0.39,2026-10-06,1115,N21,VIIRS,l,2.0NRT,313.74,8.72,D
-9.72911,29.69688,339.62,0.53,0.42,2026-10-06,1115,N21,VIIRS,n,2.0NRT,305.55,22.73,D
-9.72834,32.9789,344.41,0.39,0.36,2026-10-06,1115,N21,VIIRS,l,2.0NRT,316.37,7.12,D
-9.72553,32.97486,339.99,0.39,0.36,2026-10-06,1115,N21,VIIRS,l,2.0NRT,314.97,5.6,D
-9.72514,26.61547,352.85,0.56,0.52,2026-10-06,1115,N21,VIIRS,n,2.0NRT,301,19,D
-9.72446,26.62043,342.19,0.56,0.52,2026-10-06,1115,N21,VIIRS,n,2.0NRT,302.69,19,D
-9.72219,26.61176,342.13,0.56,0.52,2026-10-06,1115,N21,VIIRS,n,2.0NRT,302.25,18.82,D
-9.72155,26.61676,347.75,0.56,0.52,2026-10-06,1115,N21,VIIRS,n,2.0NRT,305.15,18.82,D
-9.72151,31.34101,335.67,0.44,0.38,2026-10-06,1115,N21,VIIRS,l,2.0NRT,308.96,4.75,D
-9.72113,32.98147,346.54,0.39,0.36,2026-10-06,1115,N21,VIIRS,l,2.0NRT,316.74,5.63,D
-9.72083,30.66109,335.55,0.47,0.4,2026-10-06,1115,N21,VIIRS,l,2.0NRT,308.24,4.88,D
-9.72021,32.78707,341.83,0.4,0.37,2026-10-06,1115,N21,VIIRS,l,2.0NRT,314.34,5.89,D
-9.71967,32.79066,351.44,0.4,0.37,2026-10-06,1115,N21,VIIRS,n,2.0NRT,317.59,5.89,D
-9.71799,31.34049,334.8,0.44,0.38,2026-10-06,1115,N21,VIIRS,l,2.0NRT,309.44,4.75,D
-9.71793,31.34357,354.89,0.44,0.38,2026-10-06,1115,N21,VIIRS,n,2.0NRT,314.1,13.45,D
-9.71779,32.98098,347.79,0.39,0.36,2026-10-06,1115,N21,VIIRS,n,2.0NRT,315.83,5.63,D
-9.71741,31.34445,351.16,0.44,0.38,2026-10-06,1115,N21,VIIRS,n,2.0NRT,314.42,4.75,D
-9.71151,31.13751,342.69,0.45,0.39,2026-10-06,1115,N21,VIIRS,n,2.0NRT,313.62,42.08,D
-9.71081,31.44389,341.99,0.44,0.38,2026-10-06,1115,N21,VIIRS,l,2.0NRT,314.58,5.25,D
-9.71076,27.30167,340.53,0.51,0.49,2026-10-06,1115,N21,VIIRS,n,2.0NRT,299.63,5.75,D
-9.71026,26.6672,334.51,0.56,0.51,2026-10-06,1115,N21,VIIRS,n,2.0NRT,298.06,10.75,D
-9.71024,31.44787,339.9,0.44,0.38,2026-10-06,1115,N21,VIIRS,l,2.0NRT,310.58,5.25,D
-9.70912,31.27811,334.4,0.44,0.39,2026-10-06,1115,N21,VIIRS,l,2.0NRT,308.95,10.47,D
-9.70853,31.2821,338.29,0.44,0.39,2026-10-06,1115,N21,VIIRS,l,2.0NRT,311.15,12.53,D
-9.70749,26.76281,330.11,0.55,0.51,2026-10-06,1115,N21,VIIRS,l,2.0NRT,300.4,5.26,D
-9.70667,27.66084,339.94,0.48,0.48,2026-10-06,1115,N21,VIIRS,n,2.0NRT,294.25,7.22,D
-9.70435,31.4389,351.75,0.44,0.38,2026-10-06,1115,N21,VIIRS,n,2.0NRT,316.21,30.34,D
-9.7039,32.98259,347.74,0.39,0.36,2026-10-06,1115,N21,VIIRS,n,2.0NRT,316.2,7.8,D
-9.70378,31.44288,344.21,0.44,0.38,2026-10-06,1115,N21,VIIRS,l,2.0NRT,312.56,8.89,D
-9.70322,31.44685,342.07,0.44,0.38,2026-10-06,1115,N21,VIIRS,l,2.0NRT,312.37,8.89,D
-9.70279,31.44364,343.15,0.44,0.38,2026-10-06,1115,N21,VIIRS,l,2.0NRT,312.43,17.58,D
-9.69781,29.04366,341.31,0.39,0.44,2026-10-06,1115,N21,VIIRS,n,2.0NRT,302.37,8.17,D
-9.69635,33.01056,349.71,0.39,0.36,2026-10-06,1115,N21,VIIRS,n,2.0NRT,316.47,6.29,D
-9.69576,30.20281,332.17,0.5,0.41,2026-10-06,1115,N21,VIIRS,l,2.0NRT,306,18.32,D
-9.69495,31.25145,344.3,0.45,0.39,2026-10-06,1115,N21,VIIRS,l,2.0NRT,317.42,52.13,D
-9.69462,31.70508,335.82,0.43,0.38,2026-10-06,1115,N21,VIIRS,l,2.0NRT,310.59,2.99,D
-9.6946,32.7979,345.28,0.4,0.37,2026-10-06,1115,N21,VIIRS,l,2.0NRT,315.46,5.44,D
-9.69403,31.45444,344.56,0.44,0.38,2026-10-06,1115,N21,VIIRS,l,2.0NRT,313.85,8.39,D
-9.69301,33.01003,350.42,0.39,0.36,2026-10-06,1115,N21,VIIRS,n,2.0NRT,320,6.29,D
-9.69249,33.01359,345.17,0.39,0.36,2026-10-06,1115,N21,VIIRS,l,2.0NRT,316.48,6.29,D
-9.69141,31.25091,336.98,0.45,0.39,2026-10-06,1115,N21,VIIRS,l,2.0NRT,308.42,3.17,D
-9.69125,32.7974,343.35,0.4,0.37,2026-10-06,1115,N21,VIIRS,l,2.0NRT,315.82,5.44,D
-9.69071,32.80099,352.26,0.4,0.37,2026-10-06,1115,N21,VIIRS,n,2.0NRT,317.31,5.44,D
-9.69046,31.68479,351.5,0.43,0.38,2026-10-06,1115,N21,VIIRS,l,2.0NRT,315.13,18.31,D
-9.68699,31.68431,343.42,0.43,0.38,2026-10-06,1115,N21,VIIRS,l,2.0NRT,316.81,16.46,D
-9.68608,30.85526,334.11,0.46,0.39,2026-10-06,1115,N21,VIIRS,n,2.0NRT,304.43,4.54,D
-9.68079,31.82489,345.98,0.42,0.38,2026-10-06,1115,N21,VIIRS,n,2.0NRT,311.05,8.49,D
-9.6748,33.11194,345.39,0.39,0.36,2026-10-06,1115,N21,VIIRS,n,2.0NRT,314.71,7.14,D
-9.67427,33.11547,345.03,0.39,0.36,2026-10-06,1115,N21,VIIRS,n,2.0NRT,314.67,7.15,D
-9.6736,33.0066,341.17,0.39,0.36,2026-10-06,1115,N21,VIIRS,l,2.0NRT,316.07,6.16,D
-9.67146,33.11145,340.06,0.39,0.36,2026-10-06,1115,N21,VIIRS,l,2.0NRT,313.9,7.14,D
-9.67012,29.00742,338.85,0.39,0.44,2026-10-06,1115,N21,VIIRS,n,2.0NRT,296.25,3.59,D
-9.668,32.00911,347.95,0.42,0.37,2026-10-06,1115,N21,VIIRS,n,2.0NRT,317.32,24.54,D
-9.66755,31.11472,342.41,0.45,0.39,2026-10-06,1115,N21,VIIRS,l,2.0NRT,312.88,20.53,D
-9.66745,32.01287,349.97,0.42,0.37,2026-10-06,1115,N21,VIIRS,n,2.0NRT,313.73,15.01,D
-9.66712,30.074,340.35,0.51,0.41,2026-10-06,1115,N21,VIIRS,l,2.0NRT,311.92,10.79,D
-9.66696,31.1188,339.13,0.45,0.39,2026-10-06,1115,N21,VIIRS,l,2.0NRT,310.94,8.11,D
-9.66514,31.62635,344.53,0.43,0.38,2026-10-06,1115,N21,VIIRS,l,2.0NRT,312.59,5.4,D
-9.66398,31.11422,346.79,0.45,0.39,2026-10-06,1115,N21,VIIRS,n,2.0NRT,310.58,20.53,D
-9.6634,31.11831,348.54,0.45,0.39,2026-10-06,1115,N21,VIIRS,n,2.0NRT,309.69,8.11,D
-9.66334,30.5388,341.59,0.48,0.4,2026-10-06,1115,N21,VIIRS,l,2.0NRT,315.98,19.37,D
-9.66166,31.62585,341.35,0.43,0.38,2026-10-06,1115,N21,VIIRS,l,2.0NRT,314.68,5.4,D
-9.66101,31.58186,334.62,0.43,0.38,2026-10-06,1115,N21,VIIRS,l,2.0NRT,308.81,4.62,D
-9.66058,32.01187,336.18,0.42,0.37,2026-10-06,1115,N21,VIIRS,l,2.0NRT,305.47,3.25,D
-9.66037,33.68061,336.59,0.39,0.36,2026-10-06,1115,N21,VIIRS,l,2.0NRT,311.2,5.75,D
-9.65354,30.55513,340.8,0.48,0.4,2026-10-06,1115,N21,VIIRS,l,2.0NRT,315.15,9.61,D
-9.65344,31.86769,347.16,0.42,0.38,2026-10-06,1115,N21,VIIRS,n,2.0NRT,315.07,6.99,D
-9.65166,31.14977,335.88,0.45,0.39,2026-10-06,1115,N21,VIIRS,l,2.0NRT,310.22,4.37,D
-9.65136,33.08668,341.05,0.39,0.36,2026-10-06,1115,N21,VIIRS,l,2.0NRT,315.39,6.87,D
-9.65108,31.15381,335.73,0.45,0.39,2026-10-06,1115,N21,VIIRS,l,2.0NRT,307.34,4.37,D
-9.65049,30.5503,349.26,0.48,0.4,2026-10-06,1115,N21,VIIRS,n,2.0NRT,315.76,9.61,D
-9.64999,31.86722,342.54,0.42,0.38,2026-10-06,1115,N21,VIIRS,l,2.0NRT,313.76,6.99,D
-9.6461,29.03304,339.94,0.39,0.44,2026-10-06,1115,N21,VIIRS,n,2.0NRT,302.39,17.06,D
-9.64438,30.54062,351.64,0.48,0.4,2026-10-06,1115,N21,VIIRS,n,2.0NRT,312.22,17.82,D
-9.64178,30.81902,334.11,0.47,0.39,2026-10-06,1115,N21,VIIRS,l,2.0NRT,306.74,4.01,D
-9.63774,33.04113,339.65,0.39,0.36,2026-10-06,1115,N21,VIIRS,l,2.0NRT,314.6,7.78,D
-9.63715,30.43784,335.4,0.49,0.4,2026-10-06,1115,N21,VIIRS,l,2.0NRT,309.27,13.52,D
-9.63668,29.27636,339.66,0.57,0.43,2026-10-06,1115,N21,VIIRS,n,2.0NRT,307.5,4.35,D
-9.63668,33.04822,344.46,0.39,0.36,2026-10-06,1115,N21,VIIRS,n,2.0NRT,313.64,5.36,D
-9.63647,30.43677,344.45,0.49,0.4,2026-10-06,1115,N21,VIIRS,n,2.0NRT,309.26,10.71,D
-9.63589,33.73048,335.67,0.38,0.36,2026-10-06,1115,N21,VIIRS,n,2.0NRT,305.28,3.59,D
-9.63335,33.04771,342.93,0.39,0.36,2026-10-06,1115,N21,VIIRS,l,2.0NRT,315.34,5.36,D
-9.63273,29.27584,343.27,0.57,0.43,2026-10-06,1115,N21,VIIRS,n,2.0NRT,311.88,11.95,D
-9.63259,33.72997,334.65,0.38,0.36,2026-10-06,1115,N21,VIIRS,n,2.0NRT,304.15,3.59,D
-9.63163,29.0491,341.65,0.39,0.44,2026-10-06,1115,N21,VIIRS,n,2.0NRT,305.31,7.21,D
-9.63147,31.8066,338.68,0.42,0.38,2026-10-06,1115,N21,VIIRS,l,2.0NRT,311.13,8.57,D
-9.62957,29.32718,334.39,0.56,0.43,2026-10-06,1115,N21,VIIRS,n,2.0NRT,303.03,14.3,D
-9.62695,29.25945,367,0.57,0.43,2026-10-06,1115,N21,VIIRS,l,2.0NRT,352.19,268.72,D
-9.62624,29.26455,367,0.57,0.43,2026-10-06,1115,N21,VIIRS,l,2.0NRT,332.01,241.01,D
-9.62389,33.04263,344.3,0.39,0.36,2026-10-06,1115,N21,VIIRS,n,2.0NRT,313.66,8.3,D
-9.623,29.25887,342.14,0.57,0.43,2026-10-06,1115,N21,VIIRS,n,2.0NRT,303.8,268.72,D
-9.62299,32.84212,367,0.4,0.37,2026-10-06,1115,N21,VIIRS,l,2.0NRT,329.41,95.63,D
-9.62283,33.04973,345.94,0.39,0.36,2026-10-06,1115,N21,VIIRS,n,2.0NRT,315.56,7.71,D
-9.62246,32.8457,348.46,0.39,0.37,2026-10-06,1115,N21,VIIRS,n,2.0NRT,316.12,6.23,D
-9.62202,33.71041,338.92,0.38,0.36,2026-10-06,1115,N21,VIIRS,l,2.0NRT,310.25,4.79,D
-9.62003,33.04567,354.62,0.39,0.36,2026-10-06,1115,N21,VIIRS,n,2.0NRT,316.39,8.3,D
-9.61962,33.23006,342.13,0.39,0.36,2026-10-06,1115,N21,VIIRS,n,2.0NRT,311.35,7.07,D
-9.61936,31.2239,337.94,0.45,0.39,2026-10-06,1115,N21,VIIRS,l,2.0NRT,306.74,4.86,D
-9.61802,32.92173,343.35,0.39,0.36,2026-10-06,1115,N21,VIIRS,l,2.0NRT,316.15,8.7,D
-9.61585,33.61678,335.97,0.39,0.36,2026-10-06,1115,N21,VIIRS,n,2.0NRT,304.45,3.94,D
-9.61504,32.89574,347.93,0.39,0.36,2026-10-06,1115,N21,VIIRS,l,2.0NRT,319.91,10.24,D
-9.6135,31.6148,338.12,0.43,0.38,2026-10-06,1115,N21,VIIRS,l,2.0NRT,312.06,6.15,D
-9.61168,31.22692,337.51,0.45,0.39,2026-10-06,1115,N21,VIIRS,l,2.0NRT,310.6,10.25,D
-9.61049,29.07023,342.77,0.39,0.44,2026-10-06,1115,N21,VIIRS,n,2.0NRT,308.3,10.11,D
-9.60826,29.07088,348.9,0.39,0.44,2026-10-06,1115,N21,VIIRS,n,2.0NRT,309.43,11.19,D
-9.60684,32.7951,346.19,0.4,0.37,2026-10-06,1115,N21,VIIRS,l,2.0NRT,317.01,17.24,D
-9.6061,30.23337,340.61,0.5,0.41,2026-10-06,1115,N21,VIIRS,l,2.0NRT,305.97,16.15,D
-9.60546,30.23791,341.23,0.5,0.41,2026-10-06,1115,N21,VIIRS,l,2.0NRT,306.87,6.95,D
-9.60493,32.13007,347.26,0.41,0.37,2026-10-06,1115,N21,VIIRS,l,2.0NRT,311.18,19.54,D
-9.60402,32.79102,347.93,0.4,0.37,2026-10-06,1115,N21,VIIRS,n,2.0NRT,316.6,17.24,D
-9.60379,33.17705,346.41,0.39,0.36,2026-10-06,1115,N21,VIIRS,n,2.0NRT,311.69,7.33,D
-9.60377,30.48666,338.51,0.48,0.4,2026-10-06,1115,N21,VIIRS,n,2.0NRT,309.5,34.66,D
-9.60326,33.18057,341.12,0.39,0.36,2026-10-06,1115,N21,VIIRS,l,2.0NRT,314.29,7.33,D
-9.60263,33.09379,342.14,0.39,0.36,2026-10-06,1115,N21,VIIRS,l,2.0NRT,316.06,8.36,D
-9.60222,31.21743,349.56,0.45,0.39,2026-10-06,1115,N21,VIIRS,n,2.0NRT,315.85,14.97,D
-9.60195,29.04422,330.95,0.39,0.44,2026-10-06,1115,N21,VIIRS,l,2.0NRT,303.34,3.53,D
-9.60009,30.48612,337.94,0.48,0.4,2026-10-06,1115,N21,VIIRS,n,2.0NRT,304.58,11.69,D
-9.59876,31.69188,334.41,0.43,0.38,2026-10-06,1115,N21,VIIRS,l,2.0NRT,308.66,4.1,D
-9.59764,30.18564,335.88,0.5,0.41,2026-10-06,1115,N21,VIIRS,l,2.0NRT,303.48,18.19,D
-9.59693,31.22896,335.17,0.45,0.39,2026-10-06,1115,N21,VIIRS,l,2.0NRT,308.34,6.63,D
-9.59585,31.56462,338.86,0.43,0.38,2026-10-06,1115,N21,VIIRS,l,2.0NRT,313.38,7.34,D
-9.59495,29.12197,343.67,0.38,0.44,2026-10-06,1115,N21,VIIRS,n,2.0NRT,306.97,9.28,D
-9.59473,31.69525,346.31,0.43,0.38,2026-10-06,1115,N21,VIIRS,n,2.0NRT,310.53,4.1,D
-9.59309,30.71374,348.04,0.47,0.4,2026-10-06,1115,N21,VIIRS,l,2.0NRT,308.28,18.16,D
-9.59295,31.9486,338.13,0.42,0.37,2026-10-06,1115,N21,VIIRS,l,2.0NRT,311.91,3.59,D
-9.59097,30.70847,335.68,0.47,0.4,2026-10-06,1115,N21,VIIRS,l,2.0NRT,304.93,26.02,D
-9.58992,29.0426,347.39,0.39,0.44,2026-10-06,1115,N21,VIIRS,n,2.0NRT,307.02,7.97,D
-9.58978,33.54071,330.37,0.39,0.36,2026-10-06,1115,N21,VIIRS,l,2.0NRT,303.28,4.26,D
-9.58926,33.54417,333.54,0.39,0.36,2026-10-06,1115,N21,VIIRS,n,2.0NRT,304.13,4.26,D
-9.58794,29.05663,341.3,0.39,0.44,2026-10-06,1115,N21,VIIRS,n,2.0NRT,303.33,3.96,D
-9.58781,32.07835,343.85,0.41,0.37,2026-10-06,1115,N21,VIIRS,l,2.0NRT,309.44,8.87,D
-9.58591,29.04207,342.32,0.39,0.44,2026-10-06,1115,N21,VIIRS,n,2.0NRT,305.97,7.97,D
-9.5821,33.54669,352.58,0.39,0.36,2026-10-06,1115,N21,VIIRS,n,2.0NRT,306.85,5.6,D
-9.58116,33.73197,336.88,0.38,0.36,2026-10-06,1115,N21,VIIRS,l,2.0NRT,308.89,3.75,D
-9.58023,33.06138,344.11,0.39,0.36,2026-10-06,1115,N21,VIIRS,n,2.0NRT,316.99,5.02,D
-9.57931,32.08857,342.07,0.41,0.37,2026-10-06,1115,N21,VIIRS,l,2.0NRT,312.62,20.2,D
-9.57878,33.54622,339.99,0.39,0.36,2026-10-06,1115,N21,VIIRS,n,2.0NRT,304.42,5.6,D
-9.5752,31.30377,338.22,0.44,0.38,2026-10-06,1115,N21,VIIRS,l,2.0NRT,311.27,6.57,D
-9.56536,32.68245,342.24,0.4,0.37,2026-10-06,1115,N21,VIIRS,l,2.0NRT,317.07,10.68,D
-9.56465,31.05035,337,0.45,0.39,2026-10-06,1115,N21,VIIRS,n,2.0NRT,304.79,10.46,D
-9.56353,32.74096,344.67,0.4,0.37,2026-10-06,1115,N21,VIIRS,l,2.0NRT,314.68,11.01,D
-9.56267,31.48777,341.07,0.43,0.38,2026-10-06,1115,N21,VIIRS,l,2.0NRT,314.5,6.17,D
-9.56253,32.67837,347.27,0.4,0.37,2026-10-06,1115,N21,VIIRS,l,2.0NRT,320.37,28.07,D
-9.56247,30.61757,341.05,0.48,0.4,2026-10-06,1115,N21,VIIRS,l,2.0NRT,308.71,46.44,D
-9.5616,31.54363,346.06,0.43,0.38,2026-10-06,1115,N21,VIIRS,l,2.0NRT,309.82,46.94,D
-9.56088,30.20331,337.87,0.5,0.41,2026-10-06,1115,N21,VIIRS,l,2.0NRT,308.67,14.33,D
-9.55953,30.20035,339.64,0.5,0.41,2026-10-06,1115,N21,VIIRS,l,2.0NRT,308.49,20.64,D
-9.55917,31.48727,338.92,0.43,0.38,2026-10-06,1115,N21,VIIRS,l,2.0NRT,311.3,6.17,D
-9.5586,31.4912,341.73,0.43,0.38,2026-10-06,1115,N21,VIIRS,l,2.0NRT,313.33,6.17,D
-9.55753,31.54708,340.56,0.43,0.38,2026-10-06,1115,N21,VIIRS,l,2.0NRT,309.3,46.94,D
-9.55382,31.74043,346.98,0.42,0.38,2026-10-06,1115,N21,VIIRS,n,2.0NRT,310.63,8.39,D
-9.55316,32.6953,345.78,0.4,0.37,2026-10-06,1115,N21,VIIRS,n,2.0NRT,315.47,10.32,D
-9.55306,31.78778,350.74,0.42,0.38,2026-10-06,1115,N21,VIIRS,l,2.0NRT,310.55,44.06,D
-9.55282,31.74043,347.71,0.42,0.38,2026-10-06,1115,N21,VIIRS,n,2.0NRT,310.23,8.29,D
-9.55199,31.65717,338.81,0.43,0.38,2026-10-06,1115,N21,VIIRS,l,2.0NRT,312.38,8.05,D
-9.54961,31.78729,346.48,0.42,0.38,2026-10-06,1115,N21,VIIRS,l,2.0NRT,309.07,8.16,D
-9.54906,31.7911,348.92,0.42,0.38,2026-10-06,1115,N21,VIIRS,l,2.0NRT,312.56,8.16,D
-9.54877,31.84186,367,0.42,0.38,2026-10-06,1115,N21,VIIRS,h,2.0NRT,331.67,84.58,D
-9.54851,31.7949,356.13,0.42,0.38,2026-10-06,1115,N21,VIIRS,l,2.0NRT,313.25,12.9,D
-9.54822,31.84569,367,0.42,0.38,2026-10-06,1115,N21,VIIRS,l,2.0NRT,333.71,84.58,D
-9.54675,31.64458,342.08,0.43,0.38,2026-10-06,1115,N21,VIIRS,n,2.0NRT,309.35,5.04,D
-9.54588,31.83753,336.66,0.42,0.38,2026-10-06,1115,N21,VIIRS,n,2.0NRT,311.34,13.04,D
-9.54583,30.31131,333.2,0.49,0.4,2026-10-06,1115,N21,VIIRS,l,2.0NRT,305.19,5.96,D
-9.54533,31.84137,367,0.42,0.38,2026-10-06,1115,N21,VIIRS,l,2.0NRT,330.75,84.58,D
-9.54477,31.8452,367,0.42,0.38,2026-10-06,1115,N21,VIIRS,h,2.0NRT,313.93,84.58,D
-9.54216,33.04426,346.35,0.39,0.36,2026-10-06,1115,N21,VIIRS,n,2.0NRT,314.45,12.09,D
-9.54132,31.84471,355.81,0.42,0.38,2026-10-06,1115,N21,VIIRS,n,2.0NRT,320.4,22.17,D
-9.53246,33.08621,344.94,0.39,0.36,2026-10-06,1115,N21,VIIRS,n,2.0NRT,314.82,6.93,D
-9.5321,31.83925,342.23,0.42,0.38,2026-10-06,1115,N21,VIIRS,l,2.0NRT,316.67,12.08,D
-9.53158,30.4133,348.13,0.49,0.4,2026-10-06,1115,N21,VIIRS,l,2.0NRT,318.38,88.3,D
-9.52921,30.17284,351.2,0.5,0.41,2026-10-06,1115,N21,VIIRS,l,2.0NRT,308.61,13.95,D
-9.52897,30.41003,345.65,0.49,0.4,2026-10-06,1115,N21,VIIRS,l,2.0NRT,319.38,29.33,D
-9.52856,30.17738,351.9,0.5,0.41,2026-10-06,1115,N21,VIIRS,n,2.0NRT,311.93,13.95,D
-9.52833,30.41443,347.09,0.49,0.4,2026-10-06,1115,N21,VIIRS,l,2.0NRT,315.14,29.33,D
-9.52816,30.4413,339.91,0.48,0.4,2026-10-06,1115,N21,VIIRS,l,2.0NRT,312.78,14.68,D
-9.5279,30.41274,353.86,0.49,0.4,2026-10-06,1115,N21,VIIRS,l,2.0NRT,317.8,31.98,D
-9.52728,30.44407,340.55,0.48,0.4,2026-10-06,1115,N21,VIIRS,l,2.0NRT,312.62,10.24,D
-9.52547,30.17235,345.44,0.5,0.41,2026-10-06,1115,N21,VIIRS,l,2.0NRT,312.98,13.95,D
-9.52545,30.40336,346.4,0.49,0.4,2026-10-06,1115,N21,VIIRS,l,2.0NRT,320.92,22.96,D
-9.5236,30.44355,344.29,0.48,0.4,2026-10-06,1115,N21,VIIRS,l,2.0NRT,312.94,12.6,D
-9.52289,30.40011,343.85,0.49,0.4,2026-10-06,1115,N21,VIIRS,l,2.0NRT,318.55,22.29,D
-9.52225,30.40453,349.9,0.49,0.4,2026-10-06,1115,N21,VIIRS,l,2.0NRT,319.41,22.29,D
-9.52173,31.30021,340.46,0.44,0.38,2026-10-06,1115,N21,VIIRS,l,2.0NRT,312.96,7.15,D
-9.51773,29.35425,338.79,0.56,0.43,2026-10-06,1115,N21,VIIRS,n,2.0NRT,303.17,11.71,D
-9.51353,32.91636,342.14,0.39,0.36,2026-10-06,1115,N21,VIIRS,l,2.0NRT,313.54,6.95,D
-9.51246,32.92355,347.44,0.39,0.36,2026-10-06,1115,N21,VIIRS,n,2.0NRT,315.11,7.63,D
-9.50884,30.26188,332.79,0.49,0.41,2026-10-06,1115,N21,VIIRS,l,2.0NRT,305.52,5.68,D
-9.50846,32.04754,344.92,0.41,0.37,2026-10-06,1115,N21,VIIRS,l,2.0NRT,314.16,11.07,D
-9.50824,32.04718,347.95,0.41,0.37,2026-10-06,1115,N21,VIIRS,l,2.0NRT,314.84,16.84,D
-9.5082,30.26638,337.44,0.49,0.41,2026-10-06,1115,N21,VIIRS,l,2.0NRT,308.33,5.68,D
-9.50759,33.68144,339.41,0.38,0.36,2026-10-06,1115,N21,VIIRS,n,2.0NRT,308.34,6.51,D
-9.50749,33.00276,336.64,0.39,0.36,2026-10-06,1115,N21,VIIRS,l,2.0NRT,310.07,2.58,D
-9.50424,30.02511,339.11,0.51,0.41,2026-10-06,1115,N21,VIIRS,l,2.0NRT,313.37,8.55,D
-9.50389,31.81559,346.33,0.42,0.38,2026-10-06,1115,N21,VIIRS,l,2.0NRT,318.82,49.88,D
-9.50307,30.30218,335.84,0.49,0.4,2026-10-06,1115,N21,VIIRS,n,2.0NRT,303.8,5.51,D
-9.49951,31.37458,348.41,0.44,0.38,2026-10-06,1115,N21,VIIRS,l,2.0NRT,314.11,15.34,D
-9.49817,33.01958,340.62,0.39,0.36,2026-10-06,1115,N21,VIIRS,l,2.0NRT,312.16,8.41,D
-9.49732,32.9795,340.33,0.39,0.36,2026-10-06,1115,N21,VIIRS,l,2.0NRT,310.56,5.93,D
-9.49682,31.37398,340.8,0.44,0.38,2026-10-06,1115,N21,VIIRS,l,2.0NRT,312.11,16.48,D
-9.49398,32.97902,344.4,0.39,0.36,2026-10-06,1115,N21,VIIRS,n,2.0NRT,308.95,5.93,D
-9.49345,32.98258,344.75,0.39,0.36,2026-10-06,1115,N21,VIIRS,n,2.0NRT,311.8,5.93,D
-9.49254,30.45394,338.46,0.48,0.4,2026-10-06,1115,N21,VIIRS,l,2.0NRT,308.61,11.98,D
-9.4919,30.45834,346.3,0.48,0.4,2026-10-06,1115,N21,VIIRS,l,2.0NRT,317.61,15.07,D
-9.49187,32.99325,342.91,0.39,0.36,2026-10-06,1115,N21,VIIRS,n,2.0NRT,312.05,5.86,D
-9.49117,31.78218,346.09,0.42,0.38,2026-10-06,1115,N21,VIIRS,n,2.0NRT,314.25,7.69,D
-9.48828,31.77782,347.58,0.42,0.38,2026-10-06,1115,N21,VIIRS,n,2.0NRT,312.58,7.69,D
-9.48772,31.78167,340.11,0.42,0.38,2026-10-06,1115,N21,VIIRS,l,2.0NRT,311.16,7.69,D
-9.48338,30.43933,347.79,0.48,0.4,2026-10-06,1115,N21,VIIRS,n,2.0NRT,317,40.4,D
-9.48276,32.96283,336.37,0.39,0.36,2026-10-06,1115,N21,VIIRS,l,2.0NRT,308.28,2.69,D
-9.48264,32.5778,339.3,0.4,0.37,2026-10-06,1115,N21,VIIRS,l,2.0NRT,309.08,9.05,D
-9.47976,31.56781,367,0.43,0.38,2026-10-06,1115,N21,VIIRS,h,2.0NRT,311.7,10.23,D
-9.47233,31.81465,335.75,0.42,0.38,2026-10-06,1115,N21,VIIRS,l,2.0NRT,308.44,2.78,D
-9.47154,33.0841,345.41,0.39,0.36,2026-10-06,1115,N21,VIIRS,n,2.0NRT,310.81,7.97,D
-9.46939,33.70689,339.26,0.38,0.36,2026-10-06,1115,N21,VIIRS,n,2.0NRT,303.83,5.43,D
-9.46566,29.64036,335.41,0.54,0.42,2026-10-06,1115,N21,VIIRS,l,2.0NRT,310.22,8.72,D
-9.46499,29.64517,337.98,0.53,0.42,2026-10-06,1115,N21,VIIRS,l,2.0NRT,311.87,8.72,D
-9.46119,30.69622,334.26,0.47,0.4,2026-10-06,1115,N21,VIIRS,l,2.0NRT,305.9,5.26,D
-9.46027,30.33737,343.62,0.49,0.4,2026-10-06,1115,N21,VIIRS,n,2.0NRT,308.89,12.88,D
-9.45631,33.00602,344.68,0.39,0.36,2026-10-06,1115,N21,VIIRS,n,2.0NRT,309.84,8.39,D
-9.45616,33.70486,332.68,0.38,0.36,2026-10-06,1115,N21,VIIRS,l,2.0NRT,304.14,2.08,D
-9.45577,31.8317,350.54,0.42,0.38,2026-10-06,1115,N21,VIIRS,n,2.0NRT,314.45,9.33,D
-9.45449,32.72115,341.41,0.4,0.37,2026-10-06,1115,N21,VIIRS,l,2.0NRT,313.79,9.23,D
-9.45347,33.25063,348.95,0.39,0.36,2026-10-06,1115,N21,VIIRS,n,2.0NRT,312.58,6.79,D
-9.45295,33.25414,339.41,0.39,0.36,2026-10-06,1115,N21,VIIRS,l,2.0NRT,312.06,4.01,D
-9.44963,33.25363,339.22,0.39,0.36,2026-10-06,1115,N21,VIIRS,l,2.0NRT,313.01,5.63,D
-9.4491,32.91775,342.27,0.39,0.36,2026-10-06,1115,N21,VIIRS,n,2.0NRT,306.22,16.15,D
-9.44721,31.29007,339.12,0.44,0.38,2026-10-06,1115,N21,VIIRS,l,2.0NRT,312.09,8.59,D
-9.44571,33.70684,339.88,0.38,0.36,2026-10-06,1115,N21,VIIRS,n,2.0NRT,304.08,3.11,D
-9.44523,30.49648,350.06,0.48,0.4,2026-10-06,1115,N21,VIIRS,l,2.0NRT,308.55,66.99,D
-9.43818,32.04839,346.94,0.41,0.37,2026-10-06,1115,N21,VIIRS,l,2.0NRT,315.47,8.13,D
-9.43776,32.97068,336.78,0.39,0.36,2026-10-06,1115,N21,VIIRS,l,2.0NRT,310.59,2.7,D
-9.43764,32.05211,338.23,0.41,0.37,2026-10-06,1115,N21,VIIRS,l,2.0NRT,313.1,8.13,D
-9.43388,30.80825,342.48,0.46,0.39,2026-10-06,1115,N21,VIIRS,l,2.0NRT,305.17,10.27,D
-9.43093,31.71837,339.87,0.42,0.38,2026-10-06,1115,N21,VIIRS,l,2.0NRT,313.53,19.55,D
-9.42689,30.49391,340.69,0.48,0.4,2026-10-06,1115,N21,VIIRS,n,2.0NRT,303.39,9.5,D
-9.42443,33.12764,337.72,0.39,0.36,2026-10-06,1115,N21,VIIRS,l,2.0NRT,310.55,4.45,D
-9.4235,31.00554,336.6,0.45,0.39,2026-10-06,1115,N21,VIIRS,l,2.0NRT,310.07,7.34,D
-9.41132,32.91945,343.71,0.39,0.36,2026-10-06,1115,N21,VIIRS,n,2.0NRT,307.56,7.47,D
-9.40895,31.1789,337.98,0.45,0.39,2026-10-06,1115,N21,VIIRS,l,2.0NRT,312.87,11.62,D
-9.40799,32.91895,336.18,0.39,0.36,2026-10-06,1115,N21,VIIRS,l,2.0NRT,308.88,7.47,D
-9.40477,31.20728,344.11,0.44,0.39,2026-10-06,1115,N21,VIIRS,n,2.0NRT,315.2,13.97,D
-9.38916,30.62957,340.45,0.47,0.4,2026-10-06,1115,N21,VIIRS,l,2.0NRT,308.7,14.94,D
-9.38754,30.55988,338.68,0.48,0.4,2026-10-06,1115,N21,VIIRS,l,2.0NRT,309.08,12.71,D
-9.38649,30.51581,345.01,0.48,0.4,2026-10-06,1115,N21,VIIRS,n,2.0NRT,307.62,11.19,D
-9.38474,31.02149,335.84,0.45,0.39,2026-10-06,1115,N21,VIIRS,l,2.0NRT,309.36,5.87,D
-9.38394,32.51055,339.96,0.4,0.37,2026-10-06,1115,N21,VIIRS,l,2.0NRT,313.11,9,D
-9.38359,31.17927,345.57,0.45,0.39,2026-10-06,1115,N21,VIIRS,l,2.0NRT,313.45,7.95,D
-9.37943,31.10839,344.07,0.45,0.39,2026-10-06,1115,N21,VIIRS,n,2.0NRT,312.6,7.77,D
-9.37565,29.86791,343.64,0.52,0.41,2026-10-06,1115,N21,VIIRS,n,2.0NRT,312.42,22.89,D
-9.37461,31.06644,347.47,0.45,0.39,2026-10-06,1115,N21,VIIRS,n,2.0NRT,314.38,15.11,D
-9.37347,30.39837,341.36,0.49,0.4,2026-10-06,1115,N21,VIIRS,l,2.0NRT,305.2,78.68,D
-9.37106,31.06593,337.87,0.45,0.39,2026-10-06,1115,N21,VIIRS,n,2.0NRT,309.06,3.95,D
-9.37067,31.19366,337.49,0.44,0.39,2026-10-06,1115,N21,VIIRS,l,2.0NRT,311.61,9.9,D
-9.36865,30.56166,342.03,0.48,0.4,2026-10-06,1115,N21,VIIRS,n,2.0NRT,307.75,12.92,D
-9.3667,29.95664,352.32,0.51,0.41,2026-10-06,1115,N21,VIIRS,n,2.0NRT,308.84,13.04,D
-9.36379,30.00326,334.64,0.51,0.41,2026-10-06,1115,N21,VIIRS,l,2.0NRT,308.79,24.37,D
-9.35596,32.03604,345.04,0.41,0.37,2026-10-06,1115,N21,VIIRS,l,2.0NRT,317.41,18.12,D
-9.35131,31.22761,339.55,0.44,0.39,2026-10-06,1115,N21,VIIRS,n,2.0NRT,313.05,5.88,D
-9.35062,31.78494,337.39,0.42,0.38,2026-10-06,1115,N21,VIIRS,l,2.0NRT,310.45,5.3,D
-9.35015,33.5532,332.96,0.39,0.36,2026-10-06,1115,N21,VIIRS,n,2.0NRT,302.7,4.07,D
-9.34363,30.5803,337.94,0.47,0.4,2026-10-06,1115,N21,VIIRS,l,2.0NRT,309.92,14.2,D
-9.33586,32.10151,345.14,0.41,0.37,2026-10-06,1115,N21,VIIRS,l,2.0NRT,317.66,8.3,D
-9.33245,32.101,350.26,0.41,0.37,2026-10-06,1115,N21,VIIRS,n,2.0NRT,316.77,8.3,D
-9.3305,31.59054,344.21,0.43,0.38,2026-10-06,1115,N21,VIIRS,l,2.0NRT,313.01,7.32,D
-9.31886,31.76525,343.35,0.42,0.38,2026-10-06,1115,N21,VIIRS,n,2.0NRT,312.59,9.31,D
-9.31507,33.74019,333.1,0.38,0.36,2026-10-06,1115,N21,VIIRS,n,2.0NRT,301.53,2.72,D
-9.31361,31.36414,335.59,0.44,0.38,2026-10-06,1115,N21,VIIRS,l,2.0NRT,310.23,7.36,D
-9.31082,31.40815,335.06,0.44,0.38,2026-10-06,1115,N21,VIIRS,l,2.0NRT,309.14,17.64,D
-9.30553,30.08875,335.42,0.5,0.41,2026-10-06,1115,N21,VIIRS,l,2.0NRT,309.3,3.18,D
-9.30492,29.95783,336.3,0.51,0.41,2026-10-06,1115,N21,VIIRS,l,2.0NRT,310.24,6.12,D
-9.30315,31.2369,332.31,0.44,0.39,2026-10-06,1115,N21,VIIRS,l,2.0NRT,305.75,4.25,D
-9.30276,31.23708,334.08,0.44,0.39,2026-10-06,1115,N21,VIIRS,l,2.0NRT,307.08,4.26,D
-9.29674,29.8231,337.46,0.52,0.42,2026-10-06,1115,N21,VIIRS,l,2.0NRT,305.27,8.11,D
-9.29461,32.70371,337.07,0.4,0.37,2026-10-06,1115,N21,VIIRS,l,2.0NRT,311.78,4.57,D
-9.29432,29.76233,338.56,0.52,0.42,2026-10-06,1115,N21,VIIRS,l,2.0NRT,311.27,16.99,D
-9.2932,29.76453,337.98,0.52,0.42,2026-10-06,1115,N21,VIIRS,l,2.0NRT,312.9,20.25,D
-9.29233,31.31261,339.46,0.44,0.38,2026-10-06,1115,N21,VIIRS,l,2.0NRT,313.93,8.78,D
-9.28423,30.10433,340.13,0.5,0.41,2026-10-06,1115,N21,VIIRS,l,2.0NRT,309.03,62.82,D
-9.28104,31.31113,337.04,0.44,0.38,2026-10-06,1115,N21,VIIRS,l,2.0NRT,311.04,8.16,D
-9.27805,30.30771,345.44,0.49,0.4,2026-10-06,1115,N21,VIIRS,n,2.0NRT,308.75,5.82,D
-9.26823,32.58192,347.33,0.4,0.37,2026-10-06,1115,N21,VIIRS,n,2.0NRT,315.07,10.55,D
-9.26759,31.3294,348.1,0.44,0.38,2026-10-06,1115,N21,VIIRS,l,2.0NRT,311.51,18.07,D
-9.26709,30.61645,345.38,0.47,0.4,2026-10-06,1115,N21,VIIRS,n,2.0NRT,309.08,10.88,D
-9.267,31.33336,343.3,0.44,0.38,2026-10-06,1115,N21,VIIRS,l,2.0NRT,309.64,9.84,D
-9.26345,30.61592,339.13,0.47,0.4,2026-10-06,1115,N21,VIIRS,n,2.0NRT,308.18,3.77,D
-9.26108,32.51428,348.31,0.4,0.37,2026-10-06,1115,N21,VIIRS,l,2.0NRT,314.58,11.36,D
-9.26105,30.60692,337.85,0.47,0.4,2026-10-06,1115,N21,VIIRS,l,2.0NRT,304.77,5.43,D
-9.26044,30.61114,335.39,0.47,0.4,2026-10-06,1115,N21,VIIRS,l,2.0NRT,304.61,3.77,D
-9.25982,30.61538,335.02,0.47,0.4,2026-10-06,1115,N21,VIIRS,n,2.0NRT,305.49,3.77,D
-9.25772,32.51379,349.51,0.4,0.37,2026-10-06,1115,N21,VIIRS,l,2.0NRT,316.21,11.36,D
-9.25619,30.61483,342.5,0.47,0.4,2026-10-06,1115,N21,VIIRS,n,2.0NRT,304.19,3.57,D
-9.25318,31.13184,346.55,0.45,0.39,2026-10-06,1115,N21,VIIRS,l,2.0NRT,310.64,14.56,D
-9.25176,30.11834,349.56,0.5,0.41,2026-10-06,1115,N21,VIIRS,l,2.0NRT,315.82,45.31,D
-9.25113,30.12287,342.63,0.5,0.41,2026-10-06,1115,N21,VIIRS,l,2.0NRT,313.1,45.31,D
-9.25069,33.55868,332.22,0.39,0.36,2026-10-06,1115,N21,VIIRS,l,2.0NRT,304.32,2.42,D
-9.24904,33.41263,337.14,0.39,0.36,2026-10-06,1115,N21,VIIRS,n,2.0NRT,309.95,5.56,D
-9.24889,31.06103,345.91,0.45,0.39,2026-10-06,1115,N21,VIIRS,n,2.0NRT,311.94,13.1,D
-9.24421,31.86637,346.83,0.42,0.38,2026-10-06,1115,N21,VIIRS,l,2.0NRT,317.83,15.33,D
-9.2436,30.20384,335.96,0.5,0.41,2026-10-06,1115,N21,VIIRS,l,2.0NRT,307.68,3.29,D
-9.24309,30.09851,352.73,0.5,0.41,2026-10-06,1115,N21,VIIRS,n,2.0NRT,309.82,26.54,D
-9.24178,31.06005,344.72,0.45,0.39,2026-10-06,1115,N21,VIIRS,l,2.0NRT,310.26,9.16,D
-9.2414,30.10033,342.13,0.5,0.41,2026-10-06,1115,N21,VIIRS,l,2.0NRT,314.27,28.98,D
-9.24091,32.1029,346.44,0.41,0.37,2026-10-06,1115,N21,VIIRS,n,2.0NRT,316.88,13.69,D
-9.24078,31.86588,343.18,0.42,0.38,2026-10-06,1115,N21,VIIRS,l,2.0NRT,315.15,9.04,D
-9.2379,31.86158,342.4,0.42,0.38,2026-10-06,1115,N21,VIIRS,l,2.0NRT,315.45,12.69,D
-9.23766,30.09979,336.94,0.5,0.41,2026-10-06,1115,N21,VIIRS,l,2.0NRT,310.21,10.23,D
-9.23589,31.59266,337.13,0.43,0.38,2026-10-06,1115,N21,VIIRS,l,2.0NRT,311.2,4.73,D
-9.23532,31.59649,338.5,0.43,0.38,2026-10-06,1115,N21,VIIRS,l,2.0NRT,311.12,4.73,D
-9.21678,32.14854,343.5,0.41,0.37,2026-10-06,1115,N21,VIIRS,n,2.0NRT,314.13,6.24,D
-9.21479,33.7063,333.8,0.38,0.36,2026-10-06,1115,N21,VIIRS,n,2.0NRT,305.59,2.6,D
-9.21311,32.40681,346.02,0.4,0.37,2026-10-06,1115,N21,VIIRS,l,2.0NRT,318.28,7.39,D
-9.2058,31.74844,342.46,0.42,0.38,2026-10-06,1115,N21,VIIRS,l,2.0NRT,316.89,22.24,D
-9.19533,33.40734,341.65,0.39,0.36,2026-10-06,1115,N21,VIIRS,n,2.0NRT,311.45,4.77,D
-9.19452,33.36794,339.89,0.39,0.36,2026-10-06,1115,N21,VIIRS,l,2.0NRT,312.77,6.1,D
-9.19384,31.94731,349.79,0.41,0.37,2026-10-06,1115,N21,VIIRS,l,2.0NRT,315.4,9.68,D
-9.19329,31.95103,348.21,0.41,0.37,2026-10-06,1115,N21,VIIRS,l,2.0NRT,314.56,8.58,D
-9.18813,32.27235,339.82,0.41,0.37,2026-10-06,1115,N21,VIIRS,l,2.0NRT,314.64,11.46,D
-9.1866,33.42028,338.11,0.39,0.36,2026-10-06,1115,N21,VIIRS,l,2.0NRT,311.54,3.8,D
-9.18397,31.18382,336.81,0.44,0.39,2026-10-06,1115,N21,VIIRS,l,2.0NRT,310.89,14.3,D
-9.18152,31.45406,348.08,0.43,0.38,2026-10-06,1115,N21,VIIRS,n,2.0NRT,315.35,14.7,D
-9.18103,31.17929,310.33,0.44,0.39,2026-10-06,1115,N21,VIIRS,l,2.0NRT,313.98,47.26,D
-9.17107,30.60806,338.4,0.47,0.4,2026-10-06,1115,N21,VIIRS,l,2.0NRT,310.76,9.17,D
-9.16673,33.48476,334,0.39,0.36,2026-10-06,1115,N21,VIIRS,n,2.0NRT,301.42,2.41,D
-9.16515,31.06524,338.36,0.45,0.39,2026-10-06,1115,N21,VIIRS,l,2.0NRT,312.94,8.03,D
-9.16041,31.07292,338.07,0.45,0.39,2026-10-06,1115,N21,VIIRS,l,2.0NRT,312.02,5.17,D
-9.15179,32.2292,341.41,0.41,0.37,2026-10-06,1115,N21,VIIRS,l,2.0NRT,315.38,7.16,D
-9.1479,31.99792,343.88,0.41,0.37,2026-10-06,1115,N21,VIIRS,l,2.0NRT,313.96,8.03,D
-9.14607,32.69527,345.81,0.4,0.37,2026-10-06,1115,N21,VIIRS,l,2.0NRT,318.46,23.64,D
-9.14425,32.06971,340.69,0.41,0.37,2026-10-06,1115,N21,VIIRS,l,2.0NRT,314.72,3.82,D
-9.11112,31.58192,336.5,0.43,0.38,2026-10-06,1115,N21,VIIRS,l,2.0NRT,309.15,4.75,D
-9.10818,33.78166,335.17,0.38,0.36,2026-10-06,1115,N21,VIIRS,n,2.0NRT,299.24,3.11,D
-9.10488,33.78116,336.75,0.38,0.36,2026-10-06,1115,N21,VIIRS,n,2.0NRT,301.03,3.92,D
-9.10193,31.10258,347.07,0.45,0.39,2026-10-06,1115,N21,VIIRS,l,2.0NRT,307.08,11.8,D
-9.10157,31.15534,345.03,0.44,0.39,2026-10-06,1115,N21,VIIRS,l,2.0NRT,308.31,9.96,D
-9.09687,31.82137,348.33,0.42,0.38,2026-10-06,1115,N21,VIIRS,n,2.0NRT,316.12,9.44,D
-9.09553,33.53084,340.97,0.39,0.36,2026-10-06,1115,N21,VIIRS,l,2.0NRT,313.38,14.76,D
-9.09375,32.61694,367,0.4,0.37,2026-10-06,1115,N21,VIIRS,h,2.0NRT,319.39,14.12,D
-9.09011,31.10921,336.63,0.45,0.39,2026-10-06,1115,N21,VIIRS,l,2.0NRT,309.69,9.01,D
-9.0784,32.67347,344.7,0.4,0.37,2026-10-06,1115,N21,VIIRS,l,2.0NRT,318.28,11.77,D
-9.07388,32.4044,351.79,0.4,0.37,2026-10-06,1115,N21,VIIRS,l,2.0NRT,318.11,11.03,D
-9.06191,32.10293,340.46,0.41,0.37,2026-10-06,1115,N21,VIIRS,l,2.0NRT,313.01,3.56,D
-9.06015,32.45058,345.3,0.4,0.37,2026-10-06,1115,N21,VIIRS,l,2.0NRT,318.99,19.31,D
-9.04352,33.33377,335.87,0.39,0.36,2026-10-06,1115,N21,VIIRS,l,2.0NRT,310.75,1.8,D
-9.02177,32.70888,347.32,0.39,0.37,2026-10-06,1115,N21,VIIRS,n,2.0NRT,317.23,7.14,D
-9.00667,33.26352,367,0.39,0.36,2026-10-06,1115,N21,VIIRS,l,2.0NRT,332.34,37.58,D
-9.00615,33.26702,346.89,0.39,0.36,2026-10-06,1115,N21,VIIRS,l,2.0NRT,320.95,37.58,D
-8.96492,32.65937,341.79,0.4,0.37,2026-10-06,1115,N21,VIIRS,l,2.0NRT,316.47,7.4,D
-8.94606,33.28216,343,0.39,0.36,2026-10-06,1115,N21,VIIRS,l,2.0NRT,316.87,11.49,D
-8.93848,32.46849,346.7,0.4,0.37,2026-10-06,1115,N21,VIIRS,n,2.0NRT,312.25,6.44,D
-8.93817,33.0409,343.86,0.39,0.36,2026-10-06,1115,N21,VIIRS,n,2.0NRT,315.09,8.34,D
-8.90416,33.15336,344.21,0.39,0.36,2026-10-06,1115,N21,VIIRS,l,2.0NRT,315.7,10.74,D
-8.90085,33.15285,343.61,0.39,0.36,2026-10-06,1115,N21,VIIRS,l,2.0NRT,317.83,14.18,D
-8.89727,32.63086,342.84,0.4,0.37,2026-10-06,1115,N21,VIIRS,l,2.0NRT,314.63,7.09,D
-8.88898,32.64058,342.72,0.4,0.37,2026-10-06,1115,N21,VIIRS,n,2.0NRT,316.21,5.86,D
-8.88743,33.12932,341.08,0.39,0.36,2026-10-06,1115,N21,VIIRS,l,2.0NRT,314.92,6.44,D
-8.88189,32.60299,341.65,0.4,0.37,2026-10-06,1115,N21,VIIRS,l,2.0NRT,314.89,4.99,D
-8.86902,33.76873,339.19,0.38,0.36,2026-10-06,1115,N21,VIIRS,n,2.0NRT,309,2.65,D
-8.85925,33.54369,342.29,0.38,0.36,2026-10-06,1115,N21,VIIRS,n,2.0NRT,311.49,6.71,D
-8.81265,33.24323,345.16,0.39,0.36,2026-10-06,1115,N21,VIIRS,n,2.0NRT,313.03,7.58,D
-8.79316,33.21512,349.94,0.39,0.36,2026-10-06,1115,N21,VIIRS,n,2.0NRT,316.9,13.11,D
-8.79272,33.3083,344.94,0.39,0.36,2026-10-06,1115,N21,VIIRS,n,2.0NRT,308.49,8.38,D
-8.7922,33.31176,338.04,0.39,0.36,2026-10-06,1115,N21,VIIRS,l,2.0NRT,310.53,8.38,D
-8.78917,33.57803,348.93,0.38,0.36,2026-10-06,1115,N21,VIIRS,n,2.0NRT,316.84,13.14,D
-8.77389,33.36591,347.05,0.39,0.36,2026-10-06,1115,N21,VIIRS,n,2.0NRT,312.93,9,D
-10.04814,22.12831,336.62,0.58,0.7,2026-10-06,1117,N21,VIIRS,n,2.0NRT,292.97,14.27,D
-9.95755,24.10245,333.31,0.42,0.61,2026-10-06,1117,N21,VIIRS,n,2.0NRT,292.19,3.39,D
-9.94245,22.07282,367,0.59,0.7,2026-10-06,1117,N21,VIIRS,h,2.0NRT,294.85,15.44,D
-9.92374,23.97908,342.22,0.43,0.62,2026-10-06,1117,N21,VIIRS,n,2.0NRT,290.16,4.93,D
-9.82007,24.74545,367,0.38,0.59,2026-10-06,1117,N21,VIIRS,h,2.0NRT,296.65,10.43,D
-9.81099,24.11722,344.03,0.42,0.61,2026-10-06,1117,N21,VIIRS,n,2.0NRT,289.03,5.09,D
-9.80328,25.49962,367,0.34,0.56,2026-10-06,1117,N21,VIIRS,h,2.0NRT,299.9,15.29,D
-9.76988,24.83935,336.36,0.37,0.58,2026-10-06,1117,N21,VIIRS,n,2.0NRT,290.66,4.84,D
-9.76946,24.84269,337.76,0.37,0.58,2026-10-06,1117,N21,VIIRS,n,2.0NRT,294.49,4.84,D
-9.76452,24.83875,350.07,0.37,0.58,2026-10-06,1117,N21,VIIRS,n,2.0NRT,296.41,8.07,D
-9.76409,24.84211,367,0.37,0.58,2026-10-06,1117,N21,VIIRS,h,2.0NRT,298.82,8.07,D
-9.75501,25.79418,345.22,0.32,0.55,2026-10-06,1117,N21,VIIRS,n,2.0NRT,295.74,6.71,D
-9.73912,24.02421,341.49,0.43,0.62,2026-10-06,1117,N21,VIIRS,n,2.0NRT,289.49,4.49,D
-9.73699,24.0232,335.69,0.43,0.62,2026-10-06,1117,N21,VIIRS,n,2.0NRT,290.84,3.73,D
-9.70876,26.66495,342.29,0.56,0.51,2026-10-06,1117,N21,VIIRS,n,2.0NRT,298.33,6.63,D
-9.69622,24.70763,367,0.38,0.59,2026-10-06,1117,N21,VIIRS,h,2.0NRT,298.42,7.67,D
-9.69458,24.88984,335.39,0.37,0.58,2026-10-06,1117,N21,VIIRS,n,2.0NRT,297.42,6.65,D
-9.68529,24.66403,341.35,0.38,0.59,2026-10-06,1117,N21,VIIRS,n,2.0NRT,297.46,4.16,D
-9.64702,26.80399,339.47,0.55,0.51,2026-10-06,1117,N21,VIIRS,n,2.0NRT,299.47,5.76,D
-9.62558,25.7301,367,0.32,0.55,2026-10-06,1117,N21,VIIRS,h,2.0NRT,297.65,8.68,D
-9.62541,25.72964,367,0.32,0.55,2026-10-06,1117,N21,VIIRS,h,2.0NRT,297.47,11.02,D
-9.59897,25.46331,367,0.34,0.56,2026-10-06,1117,N21,VIIRS,h,2.0NRT,297.64,7.13,D
-9.59434,25.17082,336.09,0.35,0.57,2026-10-06,1117,N21,VIIRS,n,2.0NRT,300.37,4.58,D
-9.59345,25.17006,344.01,0.35,0.57,2026-10-06,1117,N21,VIIRS,n,2.0NRT,300.23,4.35,D
-9.58855,24.00979,367,0.43,0.62,2026-10-06,1117,N21,VIIRS,h,2.0NRT,294.07,16.15,D
-9.57835,26.83156,330.13,0.54,0.51,2026-10-06,1117,N21,VIIRS,n,2.0NRT,300.92,3.37,D
-9.57231,23.95675,367,0.43,0.62,2026-10-06,1117,N21,VIIRS,h,2.0NRT,297.66,21.7,D
-9.56308,24.03011,346.87,0.42,0.61,2026-10-06,1117,N21,VIIRS,n,2.0NRT,292.19,8.62,D
-9.54633,25.59801,348.14,0.33,0.55,2026-10-06,1117,N21,VIIRS,n,2.0NRT,297.67,5.62,D
-9.54564,25.59605,330.25,0.33,0.55,2026-10-06,1117,N21,VIIRS,n,2.0NRT,296.99,2.75,D
-9.54526,25.59908,331.71,0.33,0.55,2026-10-06,1117,N21,VIIRS,n,2.0NRT,297.61,2.75,D
-9.54131,27.78431,346.3,0.47,0.48,2026-10-06,1117,N21,VIIRS,n,2.0NRT,301.12,6.46,D
-9.5287,27.64855,338.7,0.48,0.48,2026-10-06,1117,N21,VIIRS,n,2.0NRT,302.15,4.19,D
-9.52468,27.2702,342.93,0.51,0.49,2026-10-06,1117,N21,VIIRS,n,2.0NRT,302.98,21.85,D
-9.52319,27.26622,338,0.51,0.49,2026-10-06,1117,N21,VIIRS,n,2.0NRT,300.32,10.39,D
-9.52256,27.27077,341.93,0.51,0.49,2026-10-06,1117,N21,VIIRS,n,2.0NRT,301.39,10.39,D
-9.50628,24.04136,340.38,0.42,0.61,2026-10-06,1117,N21,VIIRS,n,2.0NRT,295.36,5.99,D
-9.46408,23.5946,351.73,0.45,0.63,2026-10-06,1117,N21,VIIRS,n,2.0NRT,293.39,14.84,D
-9.46325,23.59641,346.35,0.45,0.63,2026-10-06,1117,N21,VIIRS,n,2.0NRT,293.93,10.69,D
-9.45772,24.62336,367,0.38,0.59,2026-10-06,1117,N21,VIIRS,h,2.0NRT,293.19,13.03,D
-9.45506,24.62168,344.27,0.38,0.59,2026-10-06,1117,N21,VIIRS,n,2.0NRT,297.09,5.67,D
-9.41933,24.74776,337.44,0.38,0.58,2026-10-06,1117,N21,VIIRS,n,2.0NRT,296.57,8.19,D
-9.41888,24.75113,350.29,0.38,0.58,2026-10-06,1117,N21,VIIRS,n,2.0NRT,296.4,7.46,D
-9.41614,24.08957,344.31,0.42,0.61,2026-10-06,1117,N21,VIIRS,n,2.0NRT,294.59,4.74,D
-9.40877,24.49154,337.99,0.39,0.59,2026-10-06,1117,N21,VIIRS,n,2.0NRT,291.64,5.94,D
-9.39387,24.52146,367,0.39,0.59,2026-10-06,1117,N21,VIIRS,h,2.0NRT,296.85,11.03,D
-9.39169,24.99689,367,0.36,0.57,2026-10-06,1117,N21,VIIRS,h,2.0NRT,298.87,11.42,D
-9.33223,25.08374,330.13,0.36,0.57,2026-10-06,1117,N21,VIIRS,n,2.0NRT,295.95,2.97,D
-9.32828,23.67887,340.14,0.44,0.63,2026-10-06,1117,N21,VIIRS,n,2.0NRT,294.85,6.98,D
-9.32695,25.20529,367,0.35,0.57,2026-10-06,1117,N21,VIIRS,h,2.0NRT,298.89,9.04,D
-9.3267,25.04418,333.78,0.36,0.57,2026-10-06,1117,N21,VIIRS,n,2.0NRT,298,2.49,D
-9.32609,24.76786,340.01,0.37,0.58,2026-10-06,1117,N21,VIIRS,n,2.0NRT,298.46,5.46,D
-9.32431,24.7676,336.49,0.37,0.58,2026-10-06,1117,N21,VIIRS,n,2.0NRT,298.79,6.2,D
-9.31799,24.70592,335.72,0.38,0.59,2026-10-06,1117,N21,VIIRS,n,2.0NRT,292.24,9.41,D
-9.31754,24.7093,367,0.38,0.59,2026-10-06,1117,N21,VIIRS,h,2.0NRT,295.68,9.41,D
-9.31619,24.71953,332.2,0.38,0.58,2026-10-06,1117,N21,VIIRS,n,2.0NRT,294.45,4.33,D
-9.31216,24.70877,355.65,0.38,0.59,2026-10-06,1117,N21,VIIRS,l,2.0NRT,286.93,13.52,D
-9.29723,24.18002,354.45,0.41,0.61,2026-10-06,1117,N21,VIIRS,n,2.0NRT,294.81,18.12,D
-9.2967,24.18143,367,0.41,0.61,2026-10-06,1117,N21,VIIRS,h,2.0NRT,296.51,22.94,D
-9.24059,29.36132,337.8,0.55,0.43,2026-10-06,1117,N21,VIIRS,l,2.0NRT,308.85,13.74,D
-9.23974,29.36314,339.37,0.55,0.43,2026-10-06,1117,N21,VIIRS,n,2.0NRT,308.34,13.61,D
-9.23792,28.88914,335.44,0.39,0.44,2026-10-06,1117,N21,VIIRS,n,2.0NRT,303.28,2.65,D
-9.22576,25.89544,340.75,0.62,0.54,2026-10-06,1117,N21,VIIRS,n,2.0NRT,299.31,8.82,D
-9.22502,25.90104,333.67,0.62,0.54,2026-10-06,1117,N21,VIIRS,n,2.0NRT,300.29,8.82,D
-9.21732,24.3188,343.78,0.4,0.6,2026-10-06,1117,N21,VIIRS,n,2.0NRT,297.41,7.73,D
-9.20621,29.94516,347.17,0.51,0.41,2026-10-06,1117,N21,VIIRS,n,2.0NRT,307.67,11.09,D
-9.20557,29.94972,336.57,0.51,0.41,2026-10-06,1117,N21,VIIRS,l,2.0NRT,305.84,11.09,D
-9.20308,29.9401,334.63,0.51,0.41,2026-10-06,1117,N21,VIIRS,l,2.0NRT,303.28,6.83,D
-9.2018,29.94915,344.24,0.51,0.41,2026-10-06,1117,N21,VIIRS,n,2.0NRT,307.18,11.09,D
-9.19932,29.93953,341.24,0.51,0.41,2026-10-06,1117,N21,VIIRS,l,2.0NRT,303.94,17.91,D
-9.19656,28.18285,342.47,0.43,0.46,2026-10-06,1117,N21,VIIRS,n,2.0NRT,305.85,6.84,D
-9.19295,28.18161,342.19,0.44,0.46,2026-10-06,1117,N21,VIIRS,n,2.0NRT,305.89,11.01,D
-9.19235,28.18221,341.98,0.43,0.46,2026-10-06,1117,N21,VIIRS,n,2.0NRT,303.7,6.84,D
-9.18616,28.20019,330.52,0.43,0.46,2026-10-06,1117,N21,VIIRS,l,2.0NRT,304.22,3.1,D
-9.18598,28.19688,331.38,0.43,0.46,2026-10-06,1117,N21,VIIRS,l,2.0NRT,304.15,2.56,D
-9.18494,25.78269,333.08,0.63,0.54,2026-10-06,1117,N21,VIIRS,n,2.0NRT,301.02,5.03,D
-9.18329,25.91288,330.13,0.62,0.54,2026-10-06,1117,N21,VIIRS,n,2.0NRT,298.45,7.77,D
-9.16476,29.21334,338.74,0.56,0.43,2026-10-06,1117,N21,VIIRS,n,2.0NRT,304.6,6.8,D
-9.16102,29.26966,341.17,0.56,0.43,2026-10-06,1117,N21,VIIRS,n,2.0NRT,307.94,9.37,D
-9.15723,30.5757,350,0.47,0.4,2026-10-06,1117,N21,VIIRS,l,2.0NRT,310.7,20.7,D
-9.15297,30.57948,342.83,0.47,0.4,2026-10-06,1117,N21,VIIRS,l,2.0NRT,316.47,43.82,D
-9.14566,26.16467,351.38,0.59,0.53,2026-10-06,1117,N21,VIIRS,n,2.0NRT,295.33,32.2,D
-9.14217,26.1628,341.2,0.59,0.53,2026-10-06,1117,N21,VIIRS,n,2.0NRT,295.27,28.06,D
-9.13941,30.67276,335.66,0.47,0.4,2026-10-06,1117,N21,VIIRS,l,2.0NRT,309.22,6.27,D
-9.13847,24.18936,332.42,0.41,0.6,2026-10-06,1117,N21,VIIRS,n,2.0NRT,295.19,3.52,D
-9.13644,25.18508,339.73,0.35,0.57,2026-10-06,1117,N21,VIIRS,n,2.0NRT,303.69,6.33,D
-9.13197,24.19608,332.42,0.41,0.6,2026-10-06,1117,N21,VIIRS,n,2.0NRT,295.35,3.35,D
-9.12529,30.7949,345.64,0.46,0.39,2026-10-06,1117,N21,VIIRS,l,2.0NRT,310.59,11.47,D
-9.12473,27.9832,340.28,0.45,0.47,2026-10-06,1117,N21,VIIRS,n,2.0NRT,300.06,4.13,D
-9.11013,24.53453,340.68,0.39,0.59,2026-10-06,1117,N21,VIIRS,n,2.0NRT,296.22,4.23,D
-9.10966,24.53805,337.2,0.38,0.59,2026-10-06,1117,N21,VIIRS,n,2.0NRT,296.55,5.62,D
-9.10815,24.3372,339.2,0.4,0.6,2026-10-06,1117,N21,VIIRS,n,2.0NRT,293.87,3.68,D
-9.10796,30.73697,343.67,0.46,0.39,2026-10-06,1117,N21,VIIRS,l,2.0NRT,311,26.94,D
-9.09028,24.38961,354.87,0.39,0.6,2026-10-06,1117,N21,VIIRS,n,2.0NRT,296.84,6.16,D
-9.0863,30.70825,352.97,0.46,0.39,2026-10-06,1117,N21,VIIRS,n,2.0NRT,314.45,30.02,D
-9.08486,27.8698,334.22,0.45,0.47,2026-10-06,1117,N21,VIIRS,n,2.0NRT,291.57,7.59,D
-9.08429,27.87395,367,0.45,0.47,2026-10-06,1117,N21,VIIRS,h,2.0NRT,292.58,7.59,D
-9.07777,31.09481,344.28,0.45,0.39,2026-10-06,1117,N21,VIIRS,n,2.0NRT,315.07,39.91,D
-9.07214,25.98213,335.32,0.61,0.53,2026-10-06,1117,N21,VIIRS,n,2.0NRT,297.93,7.14,D
-9.06984,25.97877,337.89,0.61,0.53,2026-10-06,1117,N21,VIIRS,n,2.0NRT,298.51,4.67,D
-9.069,29.41183,341.01,0.55,0.42,2026-10-06,1117,N21,VIIRS,l,2.0NRT,313.49,18.18,D
-9.06391,30.34225,345.8,0.48,0.4,2026-10-06,1117,N21,VIIRS,l,2.0NRT,302.04,14.12,D
-9.06152,26.03902,330.68,0.6,0.53,2026-10-06,1117,N21,VIIRS,l,2.0NRT,303.28,12.3,D
-9.05884,30.37738,345.97,0.48,0.4,2026-10-06,1117,N21,VIIRS,n,2.0NRT,306.35,13.54,D
-9.05681,25.01864,331.34,0.36,0.57,2026-10-06,1117,N21,VIIRS,n,2.0NRT,300.05,5.81,D
-9.05662,29.63809,337.61,0.53,0.42,2026-10-06,1117,N21,VIIRS,l,2.0NRT,309.85,13.4,D
-9.05639,25.02186,351.42,0.36,0.57,2026-10-06,1117,N21,VIIRS,n,2.0NRT,300.63,5.81,D
-9.05321,29.66196,335.51,0.53,0.42,2026-10-06,1117,N21,VIIRS,l,2.0NRT,308.42,5.69,D
-9.05253,29.66673,336.94,0.53,0.42,2026-10-06,1117,N21,VIIRS,l,2.0NRT,307.01,7.59,D
-9.05037,27.27114,338.95,0.5,0.49,2026-10-06,1117,N21,VIIRS,n,2.0NRT,294.9,5.94,D
-9.04831,27.18529,334.03,0.5,0.49,2026-10-06,1117,N21,VIIRS,n,2.0NRT,296.73,8.7,D
-9.04715,27.19387,339.17,0.5,0.49,2026-10-06,1117,N21,VIIRS,n,2.0NRT,297.51,6.6,D
-9.04424,29.58739,340.72,0.53,0.42,2026-10-06,1117,N21,VIIRS,l,2.0NRT,314.09,16.62,D
-9.04313,26.06441,345.86,0.6,0.53,2026-10-06,1117,N21,VIIRS,n,2.0NRT,300.75,13.52,D
-9.04261,26.05636,336.42,0.6,0.53,2026-10-06,1117,N21,VIIRS,n,2.0NRT,300.69,12.4,D
-9.04191,26.06181,346.59,0.6,0.53,2026-10-06,1117,N21,VIIRS,n,2.0NRT,302.04,12.4,D
-9.04021,31.2284,339.54,0.44,0.38,2026-10-06,1117,N21,VIIRS,l,2.0NRT,313.51,25.66,D
-9.03901,26.05835,346.94,0.6,0.53,2026-10-06,1117,N21,VIIRS,n,2.0NRT,301.09,13.52,D
-9.0386,26.02499,340.21,0.6,0.53,2026-10-06,1117,N21,VIIRS,n,2.0NRT,297.23,6.41,D
-9.03826,26.06379,335.06,0.6,0.53,2026-10-06,1117,N21,VIIRS,n,2.0NRT,299.98,13.52,D
-9.03773,26.05572,340.26,0.6,0.53,2026-10-06,1117,N21,VIIRS,n,2.0NRT,299.96,12.4,D
-9.02852,26.06253,337.96,0.6,0.53,2026-10-06,1117,N21,VIIRS,n,2.0NRT,301.38,10.25,D
-9.02424,28.12057,347.71,0.44,0.46,2026-10-06,1117,N21,VIIRS,n,2.0NRT,300.89,13.45,D
-9.02351,27.88066,332.28,0.45,0.47,2026-10-06,1117,N21,VIIRS,n,2.0NRT,301.74,3.28,D
-9.02262,27.34136,333.82,0.49,0.49,2026-10-06,1117,N21,VIIRS,n,2.0NRT,300.17,4.17,D
-9.02202,27.34574,336.54,0.49,0.49,2026-10-06,1117,N21,VIIRS,n,2.0NRT,298.26,4.95,D
-9.01633,28.11546,333.29,0.44,0.46,2026-10-06,1117,N21,VIIRS,n,2.0NRT,300.59,3.84,D
-9.01273,25.57642,342.47,0.32,0.55,2026-10-06,1117,N21,VIIRS,n,2.0NRT,298.86,5.45,D
-9.01207,25.57881,338.18,0.32,0.55,2026-10-06,1117,N21,VIIRS,n,2.0NRT,299.17,5.4,D
-9.00759,29.7089,334.22,0.52,0.42,2026-10-06,1117,N21,VIIRS,l,2.0NRT,309.02,7.72,D
-9.00731,30.90936,348.51,0.45,0.39,2026-10-06,1117,N21,VIIRS,n,2.0NRT,314.35,18.41,D
-9.00041,24.79996,367,0.37,0.58,2026-10-06,1117,N21,VIIRS,h,2.0NRT,295.1,40.15,D
-8.99951,24.80028,367,0.37,0.58,2026-10-06,1117,N21,VIIRS,h,2.0NRT,297.18,39.96,D
-8.99509,24.79936,367,0.37,0.58,2026-10-06,1117,N21,VIIRS,h,2.0NRT,302.49,40.15,D
-8.99419,24.79969,367,0.37,0.58,2026-10-06,1117,N21,VIIRS,h,2.0NRT,302.13,39.96,D
-8.99079,25.70406,344.52,0.32,0.54,2026-10-06,1117,N21,VIIRS,n,2.0NRT,303.07,2.8,D
-8.98991,25.70573,335.64,0.64,0.54,2026-10-06,1117,N21,VIIRS,n,2.0NRT,302.24,4.79,D
-8.98649,25.61875,353.1,0.32,0.55,2026-10-06,1117,N21,VIIRS,n,2.0NRT,299.14,5.49,D
-8.98608,25.62171,330.6,0.32,0.55,2026-10-06,1117,N21,VIIRS,n,2.0NRT,299.18,4.45,D
-8.98349,25.56528,347.7,0.32,0.55,2026-10-06,1117,N21,VIIRS,n,2.0NRT,303.21,4.37,D
-8.97891,26.10015,334.94,0.6,0.53,2026-10-06,1117,N21,VIIRS,n,2.0NRT,301.56,8.58,D
-8.97578,31.83496,338.64,0.42,0.37,2026-10-06,1117,N21,VIIRS,l,2.0NRT,312.29,6.8,D
-8.96844,28.1165,367,0.44,0.46,2026-10-06,1117,N21,VIIRS,h,2.0NRT,300.71,12,D
-8.96802,27.96507,330.84,0.45,0.47,2026-10-06,1117,N21,VIIRS,l,2.0NRT,302.4,6.04,D
-8.9642,28.11603,341.75,0.44,0.46,2026-10-06,1117,N21,VIIRS,n,2.0NRT,299.41,4.52,D
-8.96146,30.89868,344.12,0.45,0.39,2026-10-06,1117,N21,VIIRS,l,2.0NRT,311.62,19.99,D
-8.9603,30.95703,336.65,0.45,0.39,2026-10-06,1117,N21,VIIRS,l,2.0NRT,310.86,9.58,D
-8.95971,30.9611,349.2,0.45,0.39,2026-10-06,1117,N21,VIIRS,l,2.0NRT,313.47,22.64,D
-8.9524,26.15136,338.03,0.59,0.53,2026-10-06,1117,N21,VIIRS,n,2.0NRT,300.03,9.13,D
-8.95169,26.1567,332.79,0.59,0.53,2026-10-06,1117,N21,VIIRS,n,2.0NRT,302.08,5.91,D
-8.94827,26.14537,333.71,0.59,0.53,2026-10-06,1117,N21,VIIRS,n,2.0NRT,299.67,9.13,D
-8.94454,30.8129,340.15,0.46,0.39,2026-10-06,1117,N21,VIIRS,l,2.0NRT,306.05,8.1,D
-8.92238,30.417,345.94,0.48,0.4,2026-10-06,1117,N21,VIIRS,n,2.0NRT,305.33,9.11,D
-8.92121,30.39908,333.39,0.48,0.4,2026-10-06,1117,N21,VIIRS,l,2.0NRT,305.04,5.84,D
-8.91996,30.40781,335.35,0.48,0.4,2026-10-06,1117,N21,VIIRS,l,2.0NRT,303.03,15.68,D
-8.91934,30.41217,353.61,0.48,0.4,2026-10-06,1117,N21,VIIRS,n,2.0NRT,311.92,15.68,D
-8.91872,30.41651,348.28,0.48,0.4,2026-10-06,1117,N21,VIIRS,n,2.0NRT,308.25,9.11,D
-8.91551,30.00044,342.66,0.5,0.41,2026-10-06,1117,N21,VIIRS,n,2.0NRT,308.57,18.29,D
-8.91506,30.41601,333.23,0.48,0.4,2026-10-06,1117,N21,VIIRS,l,2.0NRT,306.14,5.16,D
-8.91343,31.23032,344.04,0.44,0.38,2026-10-06,1117,N21,VIIRS,n,2.0NRT,310.89,9.2,D
-8.90662,30.68063,335.75,0.46,0.39,2026-10-06,1117,N21,VIIRS,l,2.0NRT,307.28,5.21,D
-8.90629,24.28926,338.94,0.4,0.6,2026-10-06,1117,N21,VIIRS,n,2.0NRT,295.12,4.27,D
-8.90363,30.67583,334.39,0.46,0.39,2026-10-06,1117,N21,VIIRS,l,2.0NRT,306.86,5.21,D
-8.90301,30.68008,339.62,0.46,0.39,2026-10-06,1117,N21,VIIRS,l,2.0NRT,307.48,5.21,D
-8.9023,28.15963,340.86,0.43,0.46,2026-10-06,1117,N21,VIIRS,n,2.0NRT,293.15,13.51,D
-8.89941,30.67954,346.27,0.46,0.39,2026-10-06,1117,N21,VIIRS,l,2.0NRT,309.65,20.35,D
-8.89672,31.56342,336.43,0.43,0.38,2026-10-06,1117,N21,VIIRS,l,2.0NRT,311.29,3.54,D
-8.89559,32.37376,344.33,0.4,0.37,2026-10-06,1117,N21,VIIRS,l,2.0NRT,314.97,5.26,D
-8.88936,25.0327,335.18,0.35,0.57,2026-10-06,1117,N21,VIIRS,n,2.0NRT,295.88,4.24,D
-8.88677,26.24219,336.24,0.58,0.52,2026-10-06,1117,N21,VIIRS,n,2.0NRT,303.73,6.92,D
-8.88592,24.48777,352.39,0.39,0.59,2026-10-06,1117,N21,VIIRS,n,2.0NRT,298.69,5.38,D
-8.88487,31.45094,346.4,0.43,0.38,2026-10-06,1117,N21,VIIRS,n,2.0NRT,317.26,19.15,D
-8.88431,31.45478,343.83,0.43,0.38,2026-10-06,1117,N21,VIIRS,n,2.0NRT,312.29,6.41,D
-8.88079,30.68102,342.8,0.46,0.39,2026-10-06,1117,N21,VIIRS,n,2.0NRT,311.72,6.3,D
-8.87152,25.95058,333.92,0.61,0.53,2026-10-06,1117,N21,VIIRS,n,2.0NRT,300.4,8.03,D
-8.87062,30.95318,347.58,0.45,0.39,2026-10-06,1117,N21,VIIRS,l,2.0NRT,314.52,13.11,D
-8.86707,30.95267,342.94,0.45,0.39,2026-10-06,1117,N21,VIIRS,l,2.0NRT,310.39,5.9,D
-8.86208,30.44508,334.31,0.48,0.4,2026-10-06,1117,N21,VIIRS,n,2.0NRT,303.01,2.58,D
-8.85771,25.54986,336.39,0.32,0.55,2026-10-06,1117,N21,VIIRS,n,2.0NRT,301,7.6,D
-8.85732,25.55274,345.24,0.32,0.55,2026-10-06,1117,N21,VIIRS,n,2.0NRT,300.14,8.2,D
-8.83907,31.16922,336.41,0.44,0.38,2026-10-06,1117,N21,VIIRS,l,2.0NRT,308.36,3.59,D
-8.82396,30.6045,333,0.47,0.4,2026-10-06,1117,N21,VIIRS,l,2.0NRT,307.18,13.79,D
-8.82343,28.5257,338.27,0.41,0.45,2026-10-06,1117,N21,VIIRS,n,2.0NRT,306.56,6.45,D
-8.82276,28.52516,344.61,0.41,0.45,2026-10-06,1117,N21,VIIRS,n,2.0NRT,307.05,6.23,D
-8.82095,30.59975,337.33,0.47,0.4,2026-10-06,1117,N21,VIIRS,l,2.0NRT,307.94,6.17,D
-8.82034,30.60398,341.06,0.47,0.4,2026-10-06,1117,N21,VIIRS,n,2.0NRT,311.76,13.79,D
-8.81972,30.60822,353.3,0.47,0.39,2026-10-06,1117,N21,VIIRS,n,2.0NRT,317.93,13.79,D
-8.8191,30.61246,367,0.47,0.39,2026-10-06,1117,N21,VIIRS,h,2.0NRT,312.53,22.91,D
-8.81733,30.59924,343.23,0.47,0.4,2026-10-06,1117,N21,VIIRS,l,2.0NRT,309.6,4.14,D
-8.81731,30.77529,339.08,0.46,0.39,2026-10-06,1117,N21,VIIRS,l,2.0NRT,312.79,10.21,D
-8.81672,30.60348,338.29,0.47,0.4,2026-10-06,1117,N21,VIIRS,l,2.0NRT,309.82,6.26,D
-8.8161,30.60772,343.99,0.47,0.39,2026-10-06,1117,N21,VIIRS,n,2.0NRT,309.09,6.26,D
-8.81519,25.60076,330.02,0.32,0.55,2026-10-06,1117,N21,VIIRS,l,2.0NRT,301.08,2.11,D
-8.81493,30.76653,341.3,0.46,0.39,2026-10-06,1117,N21,VIIRS,l,2.0NRT,313.85,10.55,D
-8.81063,28.52752,331.99,0.41,0.45,2026-10-06,1117,N21,VIIRS,l,2.0NRT,305.81,3.26,D
-8.80446,24.41931,336.56,0.39,0.59,2026-10-06,1117,N21,VIIRS,n,2.0NRT,295.45,5.34,D
-8.79828,33.02243,345.11,0.39,0.36,2026-10-06,1117,N21,VIIRS,n,2.0NRT,313.08,4.31,D
-8.79496,33.02189,352.34,0.39,0.36,2026-10-06,1117,N21,VIIRS,n,2.0NRT,313.78,4.31,D
-8.79443,33.0254,339.11,0.39,0.36,2026-10-06,1117,N21,VIIRS,l,2.0NRT,310.43,4.31,D
-8.78756,25.35046,332.56,0.33,0.56,2026-10-06,1117,N21,VIIRS,n,2.0NRT,297.73,3.49,D
-8.78233,31.48317,336.15,0.43,0.38,2026-10-06,1117,N21,VIIRS,l,2.0NRT,309.52,12.12,D
-8.78176,31.48702,338.71,0.43,0.38,2026-10-06,1117,N21,VIIRS,l,2.0NRT,313.1,16.4,D
-8.78035,23.24315,337.03,0.47,0.64,2026-10-06,1117,N21,VIIRS,n,2.0NRT,294.52,6.71,D
-8.78007,23.75003,333.12,0.43,0.62,2026-10-06,1117,N21,VIIRS,n,2.0NRT,292.41,6.15,D
-8.77432,31.51363,343.31,0.43,0.38,2026-10-06,1117,N21,VIIRS,n,2.0NRT,312.63,8.24,D
-8.77426,31.29426,335.6,0.44,0.38,2026-10-06,1117,N21,VIIRS,l,2.0NRT,308.67,4.27,D
-8.76619,31.49654,337.34,0.43,0.38,2026-10-06,1117,N21,VIIRS,l,2.0NRT,309.65,4.19,D
-8.76081,26.37679,335.17,0.57,0.52,2026-10-06,1117,N21,VIIRS,n,2.0NRT,299.28,6.17,D
-8.76011,26.38192,330.07,0.57,0.52,2026-10-06,1117,N21,VIIRS,l,2.0NRT,301.6,5.67,D
-8.75961,32.87212,342.28,0.39,0.36,2026-10-06,1117,N21,VIIRS,l,2.0NRT,315.51,6.25,D
-8.75941,26.38704,331.53,0.57,0.52,2026-10-06,1117,N21,VIIRS,n,2.0NRT,299.65,5.67,D
-8.75536,32.90059,347.33,0.39,0.36,2026-10-06,1117,N21,VIIRS,n,2.0NRT,316.91,6.46,D
-8.75381,31.43544,347.8,0.43,0.38,2026-10-06,1117,N21,VIIRS,n,2.0NRT,315.58,9.27,D
-8.75313,25.64394,346.03,0.32,0.54,2026-10-06,1117,N21,VIIRS,n,2.0NRT,300.08,6.38,D
-8.74655,33.2081,345.43,0.39,0.36,2026-10-06,1117,N21,VIIRS,n,2.0NRT,311.61,11.78,D
-8.7457,32.62606,347.66,0.4,0.37,2026-10-06,1117,N21,VIIRS,n,2.0NRT,320.03,8.48,D
-8.74496,29.81493,339.08,0.51,0.41,2026-10-06,1117,N21,VIIRS,l,2.0NRT,310.25,10.9,D
-8.74472,31.47361,338.14,0.43,0.38,2026-10-06,1117,N21,VIIRS,l,2.0NRT,312.16,7.49,D
-8.74176,29.81328,348.94,0.51,0.41,2026-10-06,1117,N21,VIIRS,n,2.0NRT,311.87,21.11,D
-8.74118,29.81441,341.8,0.51,0.41,2026-10-06,1117,N21,VIIRS,l,2.0NRT,309.44,10.9,D
-8.74011,24.36135,338.36,0.39,0.59,2026-10-06,1117,N21,VIIRS,n,2.0NRT,290.07,8.85,D
-8.73967,24.36481,367,0.39,0.59,2026-10-06,1117,N21,VIIRS,h,2.0NRT,293.47,8.85,D
-8.73851,24.3616,353.52,0.39,0.59,2026-10-06,1117,N21,VIIRS,n,2.0NRT,295.96,8.65,D
-8.73849,30.60831,343.05,0.47,0.39,2026-10-06,1117,N21,VIIRS,n,2.0NRT,314.79,12.75,D
-8.73804,24.36505,350.69,0.39,0.59,2026-10-06,1117,N21,VIIRS,n,2.0NRT,293.89,8.65,D
-8.73735,24.41117,335.59,0.39,0.59,2026-10-06,1117,N21,VIIRS,n,2.0NRT,295.14,5.57,D
-8.73611,33.20994,339.98,0.39,0.36,2026-10-06,1117,N21,VIIRS,n,2.0NRT,311.5,4.03,D
-8.73559,33.21344,339.07,0.39,0.36,2026-10-06,1117,N21,VIIRS,l,2.0NRT,313.49,3.76,D
-8.73506,33.21694,342.79,0.39,0.36,2026-10-06,1117,N21,VIIRS,n,2.0NRT,313.66,3.76,D
-8.73433,23.83684,367,0.43,0.62,2026-10-06,1117,N21,VIIRS,h,2.0NRT,298.2,16.06,D
-8.73431,24.40689,350.45,0.39,0.59,2026-10-06,1117,N21,VIIRS,n,2.0NRT,294.49,21.06,D
-8.73422,24.36414,352.63,0.39,0.59,2026-10-06,1117,N21,VIIRS,n,2.0NRT,296.73,11.27,D
-8.73386,24.41041,367,0.39,0.59,2026-10-06,1117,N21,VIIRS,h,2.0NRT,294.45,29.14,D
-8.73384,23.84067,367,0.43,0.62,2026-10-06,1117,N21,VIIRS,h,2.0NRT,297.49,16.06,D
-8.73335,23.84451,330.42,0.43,0.62,2026-10-06,1117,N21,VIIRS,n,2.0NRT,296.17,10.44,D
-8.73259,24.3644,350.93,0.39,0.59,2026-10-06,1117,N21,VIIRS,n,2.0NRT,297.85,8.65,D
-8.73238,24.40708,355.72,0.39,0.59,2026-10-06,1117,N21,VIIRS,l,2.0NRT,286.44,7.79,D
-8.72851,29.82205,353.63,0.51,0.41,2026-10-06,1117,N21,VIIRS,n,2.0NRT,313.7,32.65,D
-8.72822,23.83986,338.41,0.43,0.62,2026-10-06,1117,N21,VIIRS,n,2.0NRT,297.46,7.81,D
-8.72772,23.8437,332.88,0.43,0.62,2026-10-06,1117,N21,VIIRS,n,2.0NRT,296.17,7.01,D
-8.72621,32.80134,354.5,0.39,0.36,2026-10-06,1117,N21,VIIRS,n,2.0NRT,318.05,11.44,D
-8.72086,28.03481,342.13,0.44,0.46,2026-10-06,1117,N21,VIIRS,n,2.0NRT,305.19,4.02,D
-8.72031,28.03875,333.4,0.44,0.46,2026-10-06,1117,N21,VIIRS,l,2.0NRT,304.01,3.35,D
-8.71799,26.4437,331.25,0.56,0.52,2026-10-06,1117,N21,VIIRS,l,2.0NRT,301.43,4.34,D
-8.71629,31.57221,346.6,0.42,0.38,2026-10-06,1117,N21,VIIRS,n,2.0NRT,315.65,6.6,D
-8.71437,28.68037,336.36,0.4,0.44,2026-10-06,1117,N21,VIIRS,n,2.0NRT,304.71,2.11,D
-8.6974,33.26457,341.55,0.39,0.36,2026-10-06,1117,N21,VIIRS,l,2.0NRT,315.48,7,D
-8.69498,33.39284,345.96,0.39,0.36,2026-10-06,1117,N21,VIIRS,l,2.0NRT,316.25,16.48,D
-8.69448,28.22509,338.39,0.43,0.46,2026-10-06,1117,N21,VIIRS,n,2.0NRT,304.21,4.35,D
-8.69404,27.97839,334.52,0.44,0.46,2026-10-06,1117,N21,VIIRS,l,2.0NRT,304.74,5.43,D
-8.69086,27.96993,351.55,0.44,0.46,2026-10-06,1117,N21,VIIRS,n,2.0NRT,304.21,9.52,D
-8.68985,28.64426,336.61,0.4,0.44,2026-10-06,1117,N21,VIIRS,n,2.0NRT,302.89,4.43,D
-8.68794,28.5997,341.78,0.4,0.44,2026-10-06,1117,N21,VIIRS,n,2.0NRT,306.81,3.61,D
-8.68762,31.53296,348.12,0.43,0.38,2026-10-06,1117,N21,VIIRS,n,2.0NRT,311.45,7.31,D
-8.68741,28.60338,340.49,0.4,0.44,2026-10-06,1117,N21,VIIRS,n,2.0NRT,306.05,3.61,D
-8.68705,32.90344,348.37,0.39,0.36,2026-10-06,1117,N21,VIIRS,l,2.0NRT,321.3,11.83,D
-8.68696,27.96937,334.88,0.44,0.46,2026-10-06,1117,N21,VIIRS,l,2.0NRT,305.29,4.44,D
-8.68633,32.65719,347.47,0.39,0.37,2026-10-06,1117,N21,VIIRS,n,2.0NRT,316.53,8.79,D
-8.68556,33.5444,346.45,0.38,0.36,2026-10-06,1117,N21,VIIRS,n,2.0NRT,314.34,8.01,D
-8.68432,32.31049,351.47,0.4,0.37,2026-10-06,1117,N21,VIIRS,n,2.0NRT,314.13,7.22,D
-8.67923,30.72794,346.8,0.46,0.39,2026-10-06,1117,N21,VIIRS,l,2.0NRT,318.94,16.84,D
-8.67565,30.72738,342.17,0.46,0.39,2026-10-06,1117,N21,VIIRS,l,2.0NRT,314.4,9.18,D
-8.67564,32.93412,340.51,0.39,0.36,2026-10-06,1117,N21,VIIRS,l,2.0NRT,315.13,5.42,D
-8.67557,25.4993,335.73,0.33,0.55,2026-10-06,1117,N21,VIIRS,n,2.0NRT,298.28,2.32,D
-8.674,31.62502,336.71,0.42,0.38,2026-10-06,1117,N21,VIIRS,l,2.0NRT,309.75,3.77,D
-8.67087,32.60007,339.96,0.4,0.37,2026-10-06,1117,N21,VIIRS,l,2.0NRT,313.81,6.42,D
-8.67033,32.60367,342.79,0.4,0.37,2026-10-06,1117,N21,VIIRS,l,2.0NRT,314.66,8.25,D
-8.66534,32.88928,344.5,0.39,0.36,2026-10-06,1117,N21,VIIRS,l,2.0NRT,316.7,11.41,D
-8.66297,33.2657,340.51,0.39,0.36,2026-10-06,1117,N21,VIIRS,l,2.0NRT,314.45,4.69,D
-8.66144,29.28987,338.26,0.55,0.43,2026-10-06,1117,N21,VIIRS,n,2.0NRT,305.75,5.33,D
-8.65965,33.26522,348.95,0.39,0.36,2026-10-06,1117,N21,VIIRS,n,2.0NRT,315.27,6.62,D
-8.65873,28.0463,332.52,0.44,0.46,2026-10-06,1117,N21,VIIRS,n,2.0NRT,300.42,1.5,D
-8.6555,32.66276,348.55,0.39,0.36,2026-10-06,1117,N21,VIIRS,n,2.0NRT,313.15,8.11,D
-8.64975,28.69368,334.78,0.4,0.44,2026-10-06,1117,N21,VIIRS,n,2.0NRT,307.23,2.89,D
-8.62088,25.52533,337.72,0.32,0.55,2026-10-06,1117,N21,VIIRS,n,2.0NRT,296.45,7.25,D
-8.58706,25.43745,340.75,0.33,0.55,2026-10-06,1117,N21,VIIRS,n,2.0NRT,296.76,6.86,D
-8.58475,33.20031,337.69,0.39,0.36,2026-10-06,1117,N21,VIIRS,l,2.0NRT,311.98,2,D
-8.58418,24.63058,344.7,0.37,0.58,2026-10-06,1117,N21,VIIRS,n,2.0NRT,296.11,3.74,D
-8.58011,27.5876,335.77,0.47,0.48,2026-10-06,1117,N21,VIIRS,n,2.0NRT,294.61,5.41,D
-8.57765,28.79815,343.14,0.39,0.44,2026-10-06,1117,N21,VIIRS,n,2.0NRT,309.7,6.01,D
-8.55228,33.14453,343.22,0.39,0.36,2026-10-06,1117,N21,VIIRS,n,2.0NRT,312.58,3.29,D
-8.54975,28.75253,332.44,0.39,0.44,2026-10-06,1117,N21,VIIRS,n,2.0NRT,304.07,1.2,D
-8.54302,32.13446,335.89,0.41,0.37,2026-10-06,1117,N21,VIIRS,l,2.0NRT,310.23,2.97,D
-8.51537,31.46122,342.58,0.43,0.38,2026-10-06,1117,N21,VIIRS,n,2.0NRT,311.71,8.64,D
-8.51249,33.13857,338.03,0.39,0.36,2026-10-06,1117,N21,VIIRS,l,2.0NRT,312.72,5.83,D
-8.50436,31.15793,344.11,0.44,0.38,2026-10-06,1117,N21,VIIRS,l,2.0NRT,309.31,11.02,D
-8.50244,28.41408,353.2,0.41,0.45,2026-10-06,1117,N21,VIIRS,n,2.0NRT,298.58,19.53,D
-8.47442,30.05293,352.62,0.49,0.41,2026-10-06,1117,N21,VIIRS,n,2.0NRT,314.58,27.38,D
-8.46674,29.38607,346.1,0.54,0.42,2026-10-06,1117,N21,VIIRS,n,2.0NRT,304.62,11.42,D
-8.46181,25.56739,348.39,0.32,0.55,2026-10-06,1117,N21,VIIRS,n,2.0NRT,290.19,16.23,D
-8.46147,25.56984,367,0.32,0.55,2026-10-06,1117,N21,VIIRS,h,2.0NRT,294.21,22.21,D
-8.46113,25.57237,355.88,0.32,0.55,2026-10-06,1117,N21,VIIRS,l,2.0NRT,288.3,22.21,D
-8.45642,25.56957,367,0.32,0.55,2026-10-06,1117,N21,VIIRS,h,2.0NRT,298.58,12.71,D
-8.44921,30.37888,344.11,0.47,0.4,2026-10-06,1117,N21,VIIRS,l,2.0NRT,317.45,11.4,D
-8.44911,26.6071,334.9,0.54,0.51,2026-10-06,1117,N21,VIIRS,n,2.0NRT,299.3,7.5,D
-8.44808,26.60403,334.66,0.54,0.51,2026-10-06,1117,N21,VIIRS,n,2.0NRT,297.82,4.34,D
-8.4445,26.73643,340.26,0.53,0.5,2026-10-06,1117,N21,VIIRS,n,2.0NRT,298.84,10.87,D
-8.44405,27.91504,339.07,0.44,0.46,2026-10-06,1117,N21,VIIRS,n,2.0NRT,298.17,7.57,D
-8.43293,25.55531,367,0.32,0.55,2026-10-06,1117,N21,VIIRS,h,2.0NRT,297.74,14.23,D
-8.4279,25.55486,339.53,0.32,0.55,2026-10-06,1117,N21,VIIRS,n,2.0NRT,296.26,5.02,D
-8.42755,25.55745,343.49,0.32,0.55,2026-10-06,1117,N21,VIIRS,n,2.0NRT,299.39,5.02,D
-8.42721,25.56001,335.8,0.32,0.55,2026-10-06,1117,N21,VIIRS,n,2.0NRT,299.03,4.76,D
-8.41766,24.7123,342.31,0.37,0.58,2026-10-06,1117,N21,VIIRS,n,2.0NRT,288.69,3.39,D
-8.41739,31.18248,342.3,0.44,0.38,2026-10-06,1117,N21,VIIRS,n,2.0NRT,312.37,9.3,D
-8.41237,24.71154,302.44,0.37,0.58,2026-10-06,1117,N21,VIIRS,l,2.0NRT,302.49,55.56,D
-8.41222,26.87256,342.57,0.52,0.5,2026-10-06,1117,N21,VIIRS,n,2.0NRT,296.42,8.31,D
-8.41193,24.71487,367,0.37,0.58,2026-10-06,1117,N21,VIIRS,h,2.0NRT,293.52,55.56,D
-8.41189,26.87019,339.52,0.52,0.5,2026-10-06,1117,N21,VIIRS,n,2.0NRT,296.31,8.41,D
-8.41031,29.74876,342.42,0.51,0.41,2026-10-06,1117,N21,VIIRS,l,2.0NRT,311.72,36.39,D
-8.40826,29.1257,331.72,0.56,0.43,2026-10-06,1117,N21,VIIRS,l,2.0NRT,302.19,4.83,D
-8.40044,26.71875,336.08,0.53,0.5,2026-10-06,1117,N21,VIIRS,n,2.0NRT,302.06,5.54,D
-8.39915,26.69418,333.28,0.53,0.5,2026-10-06,1117,N21,VIIRS,n,2.0NRT,298.53,2.75,D
-8.39403,24.24744,339.29,0.39,0.6,2026-10-06,1117,N21,VIIRS,n,2.0NRT,294.49,8.63,D
-8.38989,26.72709,338.92,0.53,0.5,2026-10-06,1117,N21,VIIRS,n,2.0NRT,300.43,17.71,D
-8.3871,27.55199,331.1,0.47,0.47,2026-10-06,1117,N21,VIIRS,n,2.0NRT,292.61,3.25,D
-8.38515,32.08403,336.32,0.41,0.37,2026-10-06,1117,N21,VIIRS,l,2.0NRT,309.77,3.69,D
-8.38396,26.73605,341.18,0.53,0.5,2026-10-06,1117,N21,VIIRS,n,2.0NRT,300.97,3.96,D
-8.38265,26.60831,330.94,0.54,0.51,2026-10-06,1117,N21,VIIRS,n,2.0NRT,297.49,5.51,D
-8.38214,27.5558,339.94,0.47,0.47,2026-10-06,1117,N21,VIIRS,n,2.0NRT,295.57,9.25,D
-8.38153,27.56014,335.56,0.47,0.47,2026-10-06,1117,N21,VIIRS,n,2.0NRT,295.09,9.25,D
-8.38066,26.6229,336.91,0.54,0.51,2026-10-06,1117,N21,VIIRS,n,2.0NRT,302.32,7.68,D
-8.37538,26.69594,334.15,0.53,0.5,2026-10-06,1117,N21,VIIRS,n,2.0NRT,302.31,9.83,D
-8.37074,26.66104,347.83,0.54,0.5,2026-10-06,1117,N21,VIIRS,n,2.0NRT,305.75,21.61,D
-8.37016,26.76816,341.56,0.53,0.5,2026-10-06,1117,N21,VIIRS,n,2.0NRT,300.28,7.99,D
-8.36611,26.66042,341.77,0.54,0.5,2026-10-06,1117,N21,VIIRS,n,2.0NRT,302.75,15.93,D
-8.36368,29.48426,334.23,0.53,0.42,2026-10-06,1117,N21,VIIRS,l,2.0NRT,301.65,12.94,D
-8.36267,32.07236,349.89,0.41,0.37,2026-10-06,1117,N21,VIIRS,l,2.0NRT,312.67,27.57,D
-8.35756,26.6887,337.69,0.53,0.5,2026-10-06,1117,N21,VIIRS,n,2.0NRT,305.86,12.57,D
-8.35531,29.48796,354.73,0.53,0.42,2026-10-06,1117,N21,VIIRS,l,2.0NRT,303.29,98.89,D
-8.35454,29.48549,343.13,0.53,0.42,2026-10-06,1117,N21,VIIRS,l,2.0NRT,302.98,41.66,D
-8.35294,26.68809,331.34,0.53,0.5,2026-10-06,1117,N21,VIIRS,l,2.0NRT,305.01,9.3,D
-8.35189,26.83318,337.96,0.52,0.5,2026-10-06,1117,N21,VIIRS,n,2.0NRT,303.31,10.61,D
-8.34976,26.7461,332.9,0.53,0.5,2026-10-06,1117,N21,VIIRS,n,2.0NRT,302.84,5.98,D
-8.34933,31.30576,342.01,0.43,0.38,2026-10-06,1117,N21,VIIRS,l,2.0NRT,310.44,5.82,D
-8.34797,26.82786,339.5,0.52,0.5,2026-10-06,1117,N21,VIIRS,n,2.0NRT,299.07,7.92,D
-8.34732,26.83256,343.27,0.52,0.5,2026-10-06,1117,N21,VIIRS,n,2.0NRT,303.23,10.61,D
-8.34387,26.755,343.34,0.53,0.5,2026-10-06,1117,N21,VIIRS,n,2.0NRT,305.68,6.48,D
-8.34356,27.48136,332.56,0.47,0.48,2026-10-06,1117,N21,VIIRS,n,2.0NRT,296.84,6.02,D
-8.34286,26.62285,330.25,0.54,0.51,2026-10-06,1117,N21,VIIRS,l,2.0NRT,300.79,5.82,D
-8.34214,29.60252,338.82,0.52,0.42,2026-10-06,1117,N21,VIIRS,l,2.0NRT,308.72,8.17,D
-8.33927,26.7544,343.6,0.53,0.5,2026-10-06,1117,N21,VIIRS,n,2.0NRT,306.1,6.48,D
-8.33837,29.60431,342.84,0.52,0.42,2026-10-06,1117,N21,VIIRS,l,2.0NRT,306.39,18.84,D
-8.33832,29.60209,338.62,0.52,0.42,2026-10-06,1117,N21,VIIRS,l,2.0NRT,307.97,8.17,D
-8.33735,26.76864,338.64,0.53,0.5,2026-10-06,1117,N21,VIIRS,n,2.0NRT,303.35,6.88,D
-8.33665,25.54945,339.91,0.32,0.55,2026-10-06,1117,N21,VIIRS,n,2.0NRT,297.04,2.04,D
-8.33628,25.55222,333.24,0.32,0.54,2026-10-06,1117,N21,VIIRS,n,2.0NRT,296.94,3.68,D
-8.33596,26.74426,349.3,0.53,0.5,2026-10-06,1117,N21,VIIRS,n,2.0NRT,301.02,10.4,D
-8.33532,26.74903,340.09,0.53,0.5,2026-10-06,1117,N21,VIIRS,n,2.0NRT,301.14,10.4,D
-8.33488,26.8213,339.51,0.52,0.5,2026-10-06,1117,N21,VIIRS,n,2.0NRT,299.52,7.2,D
-8.33424,26.826,340.54,0.52,0.5,2026-10-06,1117,N21,VIIRS,n,2.0NRT,299.81,7.2,D
-8.33081,26.68144,354.9,0.53,0.5,2026-10-06,1117,N21,VIIRS,n,2.0NRT,306.51,29.13,D
-8.33048,26.68022,344.24,0.53,0.5,2026-10-06,1117,N21,VIIRS,n,2.0NRT,307.09,20.92,D
-8.32783,31.62099,342.37,0.42,0.38,2026-10-06,1117,N21,VIIRS,n,2.0NRT,314.3,5.56,D
-8.32335,25.60991,343.82,0.63,0.54,2026-10-06,1117,N21,VIIRS,n,2.0NRT,296.37,7.57,D
-8.31898,26.6652,339.73,0.53,0.5,2026-10-06,1117,N21,VIIRS,n,2.0NRT,300.77,20.76,D
-8.31853,26.66392,332.91,0.53,0.5,2026-10-06,1117,N21,VIIRS,n,2.0NRT,298.59,9.97,D
-8.31789,26.66875,341.9,0.53,0.5,2026-10-06,1117,N21,VIIRS,n,2.0NRT,303.58,9.97,D
-8.31279,26.84703,331.87,0.52,0.5,2026-10-06,1117,N21,VIIRS,n,2.0NRT,298.21,2.76,D
-8.31225,31.31625,342.24,0.43,0.38,2026-10-06,1117,N21,VIIRS,l,2.0NRT,316.87,10.28,D
-8.30708,26.75012,341.65,0.53,0.5,2026-10-06,1117,N21,VIIRS,n,2.0NRT,302.84,10.52,D
-8.30688,26.7512,342.87,0.53,0.5,2026-10-06,1117,N21,VIIRS,n,2.0NRT,302.99,9.65,D
-8.30645,26.75487,342.59,0.53,0.5,2026-10-06,1117,N21,VIIRS,n,2.0NRT,302.33,10.52,D
-8.30621,26.75595,336.29,0.53,0.5,2026-10-06,1117,N21,VIIRS,n,2.0NRT,301.84,9.65,D
-8.30428,26.73635,330.94,0.53,0.5,2026-10-06,1117,N21,VIIRS,n,2.0NRT,299.78,7.63,D
-8.30375,26.73999,347.07,0.53,0.5,2026-10-06,1117,N21,VIIRS,n,2.0NRT,302.08,10.88,D
-8.30362,26.74111,340.23,0.53,0.5,2026-10-06,1117,N21,VIIRS,n,2.0NRT,302.67,8.95,D
-8.30029,26.76481,331.22,0.53,0.5,2026-10-06,1117,N21,VIIRS,l,2.0NRT,303.49,5.22,D
-8.29987,28.04961,367,0.43,0.46,2026-10-06,1117,N21,VIIRS,h,2.0NRT,295.7,13.6,D
-8.29968,26.73575,340.41,0.53,0.5,2026-10-06,1117,N21,VIIRS,n,2.0NRT,301.36,7.63,D
-8.29902,26.7405,344.35,0.53,0.5,2026-10-06,1117,N21,VIIRS,n,2.0NRT,303.01,8.95,D
-8.29835,26.74524,343.47,0.53,0.5,2026-10-06,1117,N21,VIIRS,n,2.0NRT,301.68,8.95,D
-8.29808,26.78271,341.74,0.52,0.5,2026-10-06,1117,N21,VIIRS,n,2.0NRT,303.49,11.89,D
-8.29764,26.78369,341.63,0.52,0.5,2026-10-06,1117,N21,VIIRS,n,2.0NRT,306.15,20.98,D
-8.29746,26.78744,345.3,0.52,0.5,2026-10-06,1117,N21,VIIRS,n,2.0NRT,305.89,15.79,D
-8.29697,26.78841,352.75,0.52,0.5,2026-10-06,1117,N21,VIIRS,n,2.0NRT,303.89,22.44,D
-8.29683,26.79217,331.64,0.52,0.5,2026-10-06,1117,N21,VIIRS,l,2.0NRT,303.28,15.79,D
-8.2957,26.7642,331.75,0.53,0.5,2026-10-06,1117,N21,VIIRS,l,2.0NRT,303.01,5.22,D
-8.29375,26.74464,342.43,0.53,0.5,2026-10-06,1117,N21,VIIRS,n,2.0NRT,301.19,5.79,D
-8.29284,31.09579,343.67,0.44,0.38,2026-10-06,1117,N21,VIIRS,n,2.0NRT,312.73,5.09,D
-8.29226,31.09974,337.01,0.44,0.38,2026-10-06,1117,N21,VIIRS,l,2.0NRT,311.46,5.09,D
-8.28823,28.66625,346.92,0.39,0.44,2026-10-06,1117,N21,VIIRS,n,2.0NRT,307.93,14.97,D
-8.28518,26.91466,339.27,0.51,0.5,2026-10-06,1117,N21,VIIRS,n,2.0NRT,299.04,6.45,D
-8.28385,26.81545,341.82,0.52,0.5,2026-10-06,1117,N21,VIIRS,n,2.0NRT,300.13,9.32,D
-8.28155,25.73262,330.3,0.62,0.54,2026-10-06,1117,N21,VIIRS,n,2.0NRT,299.26,10.42,D
-8.28128,26.73332,330.14,0.53,0.5,2026-10-06,1117,N21,VIIRS,n,2.0NRT,299.14,3.69,D
-8.27928,26.81485,340.91,0.52,0.5,2026-10-06,1117,N21,VIIRS,n,2.0NRT,300.77,9.32,D
-8.27668,26.73272,333.56,0.53,0.5,2026-10-06,1117,N21,VIIRS,n,2.0NRT,300.73,3.53,D
-8.27602,26.77123,350.88,0.52,0.5,2026-10-06,1117,N21,VIIRS,n,2.0NRT,300.72,11.82,D
-8.27461,27.49054,353.3,0.47,0.48,2026-10-06,1117,N21,VIIRS,n,2.0NRT,300.33,11.88,D
-8.26163,26.80771,340.98,0.52,0.5,2026-10-06,1117,N21,VIIRS,n,2.0NRT,300.03,12.51,D
-8.25824,26.69629,342.1,0.53,0.5,2026-10-06,1117,N21,VIIRS,n,2.0NRT,301.56,10.72,D
-8.25576,26.8165,333.84,0.52,0.5,2026-10-06,1117,N21,VIIRS,n,2.0NRT,302.71,11,D
-8.25362,26.69568,338.36,0.53,0.5,2026-10-06,1117,N21,VIIRS,n,2.0NRT,301.19,10.64,D
-8.25297,26.70046,334.81,0.53,0.5,2026-10-06,1117,N21,VIIRS,n,2.0NRT,300.67,10.64,D
-8.252,25.53129,348.03,0.32,0.55,2026-10-06,1117,N21,VIIRS,n,2.0NRT,297.2,3.97,D
-8.24394,29.09749,336.71,0.56,0.43,2026-10-06,1117,N21,VIIRS,n,2.0NRT,305.22,13.3,D
-8.24084,26.85734,340.44,0.52,0.5,2026-10-06,1117,N21,VIIRS,n,2.0NRT,299.57,6.1,D
-8.23608,31.9126,336.02,0.41,0.37,2026-10-06,1117,N21,VIIRS,l,2.0NRT,310.76,4.54,D
-8.233,26.8468,335.65,0.52,0.5,2026-10-06,1117,N21,VIIRS,n,2.0NRT,297.84,9.54,D
-8.22933,27.876,339.7,0.44,0.46,2026-10-06,1117,N21,VIIRS,n,2.0NRT,300.47,5.72,D
-8.227,26.31367,336.72,0.56,0.52,2026-10-06,1117,N21,VIIRS,n,2.0NRT,299.41,9.36,D
-8.22451,26.84091,336.61,0.52,0.5,2026-10-06,1117,N21,VIIRS,n,2.0NRT,298.85,8.62,D
-8.22323,33.76867,334.92,0.38,0.36,2026-10-06,1117,N21,VIIRS,l,2.0NRT,309.52,3.84,D
-8.22046,33.76471,335.55,0.38,0.36,2026-10-06,1117,N21,VIIRS,l,2.0NRT,308.32,3.84,D
-8.21493,27.30606,339.84,0.48,0.48,2026-10-06,1117,N21,VIIRS,n,2.0NRT,293.09,8.3,D
-8.21369,31.9163,341.03,0.41,0.37,2026-10-06,1117,N21,VIIRS,n,2.0NRT,309.66,3.95,D
-8.20285,29.55112,335.95,0.52,0.42,2026-10-06,1117,N21,VIIRS,n,2.0NRT,303.88,6.62,D
-8.2018,26.73246,330.85,0.53,0.5,2026-10-06,1117,N21,VIIRS,n,2.0NRT,300.39,8.46,D
-8.20169,26.7338,331.42,0.53,0.5,2026-10-06,1117,N21,VIIRS,n,2.0NRT,298.58,8.02,D
-8.20048,31.20484,335.12,0.43,0.38,2026-10-06,1117,N21,VIIRS,l,2.0NRT,308.59,7.54,D
-17.95613,22.35826,335.87,0.51,0.66,2026-10-06,1253,N21,VIIRS,n,2.0NRT,304.53,10.22,D
-17.85382,22.505,346.83,0.52,0.67,2026-10-06,1253,N21,VIIRS,n,2.0NRT,299.67,33.63,D
-17.85332,22.50517,346.55,0.52,0.67,2026-10-06,1253,N21,VIIRS,n,2.0NRT,296.11,22.29,D
-17.85273,22.50985,367,0.52,0.67,2026-10-06,1253,N21,VIIRS,h,2.0NRT,303.2,33.63,D
-17.85226,22.51003,367,0.52,0.67,2026-10-06,1253,N21,VIIRS,h,2.0NRT,302.61,22.29,D
-17.84728,22.50368,336.58,0.52,0.67,2026-10-06,1253,N21,VIIRS,n,2.0NRT,289.91,22.29,D
-17.8453,22.09845,342.32,0.49,0.65,2026-10-06,1253,N21,VIIRS,n,2.0NRT,308.12,6.88,D
-17.84256,22.09596,335.22,0.49,0.65,2026-10-06,1253,N21,VIIRS,l,2.0NRT,309.02,6.46,D
-17.6931,22.89156,342.67,0.56,0.69,2026-10-06,1253,N21,VIIRS,n,2.0NRT,300.76,4.98,D
-17.69006,22.89311,333.46,0.56,0.69,2026-10-06,1253,N21,VIIRS,n,2.0NRT,300.67,5.91,D
-17.67624,22.78987,338.99,0.55,0.68,2026-10-06,1253,N21,VIIRS,n,2.0NRT,297.17,4.06,D
-17.67256,22.22147,341.9,0.51,0.66,2026-10-06,1253,N21,VIIRS,n,2.0NRT,304.56,42.35,D
-17.67154,22.22617,367,0.51,0.66,2026-10-06,1253,N21,VIIRS,h,2.0NRT,306.03,69.35,D
-17.66659,22.22004,342.74,0.51,0.66,2026-10-06,1253,N21,VIIRS,n,2.0NRT,309.06,42.35,D
-17.66556,22.22474,367,0.51,0.66,2026-10-06,1253,N21,VIIRS,h,2.0NRT,312.28,69.35,D
-17.66062,22.21862,353.14,0.51,0.66,2026-10-06,1253,N21,VIIRS,n,2.0NRT,309.38,36.75,D
-17.65959,22.22331,367,0.51,0.66,2026-10-06,1253,N21,VIIRS,h,2.0NRT,309.9,17.92,D
-17.65887,22.78025,347.07,0.55,0.68,2026-10-06,1253,N21,VIIRS,n,2.0NRT,300.35,15.65,D
-17.65857,22.228,337.44,0.51,0.66,2026-10-06,1253,N21,VIIRS,n,2.0NRT,303.88,17.92,D
-17.6526,22.22657,336.46,0.51,0.66,2026-10-06,1253,N21,VIIRS,n,2.0NRT,306.46,17.92,D
-17.65158,22.78383,330.34,0.55,0.68,2026-10-06,1253,N21,VIIRS,n,2.0NRT,298.8,16.58,D
-17.64765,22.22043,367,0.51,0.66,2026-10-06,1253,N21,VIIRS,h,2.0NRT,307.1,10.31,D
-17.64168,22.21901,343.14,0.51,0.66,2026-10-06,1253,N21,VIIRS,n,2.0NRT,305.31,10.31,D
-17.64065,22.22371,340.26,0.51,0.66,2026-10-06,1253,N21,VIIRS,n,2.0NRT,303.44,10.31,D
-17.63468,22.22228,347.68,0.51,0.66,2026-10-06,1253,N21,VIIRS,n,2.0NRT,303.25,14.76,D
-17.62898,22.21164,337.36,0.51,0.66,2026-10-06,1253,N21,VIIRS,n,2.0NRT,301.74,12.7,D
-17.61674,22.21804,336,0.51,0.66,2026-10-06,1253,N21,VIIRS,n,2.0NRT,285.38,7.2,D
-17.60194,22.19971,346.29,0.5,0.66,2026-10-06,1253,N21,VIIRS,n,2.0NRT,288.45,13.44,D
-17.60014,22.19977,367,0.51,0.66,2026-10-06,1253,N21,VIIRS,h,2.0NRT,299.54,18.22,D
-17.59597,22.19828,367,0.5,0.66,2026-10-06,1253,N21,VIIRS,h,2.0NRT,296.5,13.44,D
-17.59023,22.18748,331.45,0.5,0.66,2026-10-06,1253,N21,VIIRS,n,2.0NRT,288.98,9.57,D
-17.58921,22.19219,337.44,0.51,0.66,2026-10-06,1253,N21,VIIRS,n,2.0NRT,288.74,9.57,D
-17.5882,22.1969,367,0.51,0.66,2026-10-06,1253,N21,VIIRS,h,2.0NRT,298.62,18.95,D
-17.58718,22.2016,350.68,0.51,0.66,2026-10-06,1253,N21,VIIRS,n,2.0NRT,297.24,18.95,D
-17.58426,22.18605,355.77,0.5,0.66,2026-10-06,1253,N21,VIIRS,l,2.0NRT,286.82,8.78,D
-17.42575,22.15503,345.36,0.51,0.66,2026-10-06,1253,N21,VIIRS,n,2.0NRT,306.96,12,D
-17.4234,22.15856,335.05,0.51,0.66,2026-10-06,1253,N21,VIIRS,l,2.0NRT,306.41,9.45,D
-17.42239,22.16328,341.09,0.51,0.66,2026-10-06,1253,N21,VIIRS,n,2.0NRT,305.6,7.69,D
-17.41874,22.15831,335.29,0.51,0.66,2026-10-06,1253,N21,VIIRS,n,2.0NRT,307.43,8.83,D
-17.41771,22.16301,345.31,0.51,0.66,2026-10-06,1253,N21,VIIRS,n,2.0NRT,306.67,8.83,D
-17.41742,22.15712,335.2,0.51,0.66,2026-10-06,1253,N21,VIIRS,n,2.0NRT,307.02,9.45,D
-17.41668,22.16769,341.4,0.51,0.66,2026-10-06,1253,N21,VIIRS,n,2.0NRT,303.16,13.03,D
-17.41642,22.16183,334.67,0.51,0.66,2026-10-06,1253,N21,VIIRS,n,2.0NRT,306.07,7.69,D
-17.41542,22.16653,343.34,0.51,0.66,2026-10-06,1253,N21,VIIRS,n,2.0NRT,304.46,7.69,D
-17.41442,22.17124,338.31,0.51,0.66,2026-10-06,1253,N21,VIIRS,n,2.0NRT,301.15,11.91,D
-17.4138,22.1522,367,0.51,0.66,2026-10-06,1253,N21,VIIRS,h,2.0NRT,307.17,25.92,D
-17.41345,22.14627,334,0.51,0.66,2026-10-06,1253,N21,VIIRS,n,2.0NRT,306.06,13.22,D
-17.41277,22.15689,339.55,0.51,0.66,2026-10-06,1253,N21,VIIRS,n,2.0NRT,307.05,8.83,D
-17.41245,22.15098,367,0.51,0.66,2026-10-06,1253,N21,VIIRS,h,2.0NRT,306.31,35.04,D
-17.41174,22.16158,337.26,0.51,0.66,2026-10-06,1253,N21,VIIRS,n,2.0NRT,305.93,8.83,D
-17.41145,22.15568,367,0.51,0.66,2026-10-06,1253,N21,VIIRS,h,2.0NRT,307.9,35.04,D
-17.4107,22.16627,341.49,0.51,0.66,2026-10-06,1253,N21,VIIRS,n,2.0NRT,305.6,13.03,D
-17.41044,22.16039,367,0.51,0.66,2026-10-06,1253,N21,VIIRS,h,2.0NRT,306.47,38.72,D
-17.40944,22.16509,347.61,0.51,0.66,2026-10-06,1253,N21,VIIRS,n,2.0NRT,305.97,38.72,D
-17.40886,22.14608,367,0.51,0.66,2026-10-06,1253,N21,VIIRS,h,2.0NRT,307.76,29.65,D
-17.40783,22.15077,352.21,0.51,0.66,2026-10-06,1253,N21,VIIRS,n,2.0NRT,304.03,29.65,D
-17.40748,22.14484,367,0.51,0.66,2026-10-06,1253,N21,VIIRS,h,2.0NRT,306.55,13.22,D
-17.40679,22.15547,348.35,0.51,0.66,2026-10-06,1253,N21,VIIRS,n,2.0NRT,312.55,73.23,D
-17.40648,22.14953,350.65,0.51,0.66,2026-10-06,1253,N21,VIIRS,n,2.0NRT,304.71,35.04,D
-17.40576,22.16016,367,0.51,0.66,2026-10-06,1253,N21,VIIRS,h,2.0NRT,310.69,73.23,D
-17.40547,22.15425,352.24,0.51,0.66,2026-10-06,1253,N21,VIIRS,n,2.0NRT,310.54,35.04,D
-17.40447,22.15895,355.3,0.51,0.66,2026-10-06,1253,N21,VIIRS,n,2.0NRT,309.49,38.72,D
-17.40056,22.11852,338.81,0.5,0.66,2026-10-06,1253,N21,VIIRS,n,2.0NRT,304,8.47,D
-17.39553,22.14198,367,0.51,0.66,2026-10-06,1253,N21,VIIRS,h,2.0NRT,308.07,27.35,D
-17.39198,22.13716,338.9,0.51,0.66,2026-10-06,1253,N21,VIIRS,n,2.0NRT,304.04,20.93,D
-17.39094,22.14186,367,0.51,0.66,2026-10-06,1253,N21,VIIRS,h,2.0NRT,307.7,40.83,D
-17.38956,22.14056,367,0.51,0.66,2026-10-06,1253,N21,VIIRS,h,2.0NRT,304.58,17.06,D
-17.30104,22.16422,354.12,0.51,0.66,2026-10-06,1253,N21,VIIRS,n,2.0NRT,286.84,13.29,D
-17.30032,22.81062,330.38,0.56,0.69,2026-10-06,1253,N21,VIIRS,n,2.0NRT,299.91,2.85,D
-17.29659,22.16298,341.85,0.51,0.66,2026-10-06,1253,N21,VIIRS,n,2.0NRT,289.42,18.11,D
-17.29411,22.80911,330.56,0.56,0.69,2026-10-06,1253,N21,VIIRS,n,2.0NRT,298.71,2.85,D
-17.29403,22.16752,333.23,0.51,0.66,2026-10-06,1253,N21,VIIRS,n,2.0NRT,293.1,13.29,D
-17.28041,22.17907,345.82,0.51,0.66,2026-10-06,1253,N21,VIIRS,n,2.0NRT,305.01,13.33,D
-17.27901,22.17885,354.73,0.51,0.66,2026-10-06,1253,N21,VIIRS,n,2.0NRT,306.21,11.52,D
-17.27799,22.18359,335.23,0.51,0.66,2026-10-06,1253,N21,VIIRS,n,2.0NRT,302.42,11.52,D
-17.27442,22.17764,367,0.51,0.66,2026-10-06,1253,N21,VIIRS,h,2.0NRT,306.11,13.33,D
-17.27337,22.18238,343.57,0.51,0.66,2026-10-06,1253,N21,VIIRS,n,2.0NRT,303.55,13.33,D
-17.27301,22.17739,367,0.51,0.66,2026-10-06,1253,N21,VIIRS,h,2.0NRT,305.68,26.11,D
-17.26394,22.19021,367,0.51,0.66,2026-10-06,1253,N21,VIIRS,h,2.0NRT,311.83,167.04,D
-17.25897,22.18401,348.42,0.51,0.66,2026-10-06,1253,N21,VIIRS,n,2.0NRT,306.64,31.24,D
-17.25794,22.18877,343.05,0.51,0.66,2026-10-06,1253,N21,VIIRS,n,2.0NRT,302.24,31.24,D
-17.25771,22.54235,331.86,0.54,0.68,2026-10-06,1253,N21,VIIRS,n,2.0NRT,295.72,1.48,D
-17.14033,23.10281,330.26,0.59,0.7,2026-10-06,1253,N21,VIIRS,n,2.0NRT,298.57,3.7,D
-17.08258,21.93677,341.54,0.5,0.66,2026-10-06,1253,N21,VIIRS,n,2.0NRT,300.68,6.65,D
-17.041,23.0915,335.19,0.59,0.7,2026-10-06,1253,N21,VIIRS,n,2.0NRT,299.29,8.64,D
-17.02612,23.12834,367,0.6,0.7,2026-10-06,1253,N21,VIIRS,h,2.0NRT,301.01,19.12,D
-17.00424,22.73771,343.05,0.56,0.69,2026-10-06,1253,N21,VIIRS,n,2.0NRT,300.3,8.72,D
-16.87542,21.97798,336.28,0.51,0.66,2026-10-06,1253,N21,VIIRS,n,2.0NRT,304.64,5.87,D
-16.87442,21.98266,351.23,0.51,0.66,2026-10-06,1253,N21,VIIRS,n,2.0NRT,305.1,23.55,D
-16.87342,21.98736,367,0.51,0.66,2026-10-06,1253,N21,VIIRS,h,2.0NRT,303.52,23.55,D
-16.86845,21.98126,353.13,0.51,0.66,2026-10-06,1253,N21,VIIRS,n,2.0NRT,306.74,18.89,D
-16.86744,21.98595,367,0.51,0.66,2026-10-06,1253,N21,VIIRS,h,2.0NRT,305.47,18.89,D
-16.86448,21.97049,331.43,0.51,0.66,2026-10-06,1253,N21,VIIRS,l,2.0NRT,305.86,10.16,D
-16.86347,21.97517,351.14,0.51,0.66,2026-10-06,1253,N21,VIIRS,n,2.0NRT,305.02,10.16,D
-16.86247,21.97986,335.34,0.51,0.66,2026-10-06,1253,N21,VIIRS,n,2.0NRT,303.65,18.89,D
-16.65103,23.17059,339.25,0.61,0.71,2026-10-06,1253,N21,VIIRS,n,2.0NRT,297.67,5.54,D
-16.43382,22.58165,342.2,0.57,0.69,2026-10-06,1253,N21,VIIRS,n,2.0NRT,295.05,6.69,D
-16.43008,22.00244,342.2,0.52,0.67,2026-10-06,1253,N21,VIIRS,n,2.0NRT,298.36,6.08,D
-16.40253,22.75757,335.93,0.58,0.7,2026-10-06,1253,N21,VIIRS,n,2.0NRT,298.92,3.96,D
-16.28696,22.88997,338.18,0.6,0.7,2026-10-06,1253,N21,VIIRS,n,2.0NRT,298.58,6.32,D
-16.11161,22.26657,332.15,0.55,0.68,2026-10-06,1253,N21,VIIRS,n,2.0NRT,301.53,5.8,D
-15.99656,22.44853,335.01,0.57,0.69,2026-10-06,1253,N21,VIIRS,n,2.0NRT,299,12.05,D
-15.91313,22.24186,367,0.55,0.68,2026-10-06,1253,N21,VIIRS,h,2.0NRT,293.4,18.01,D
-15.90548,22.27736,342.28,0.55,0.68,2026-10-06,1253,N21,VIIRS,n,2.0NRT,304.16,10.38,D
-15.89628,22.72696,337.08,0.59,0.7,2026-10-06,1253,N21,VIIRS,n,2.0NRT,299.36,7.26,D
-15.89509,22.7324,337.24,0.59,0.7,2026-10-06,1253,N21,VIIRS,n,2.0NRT,298.31,7.26,D
-15.89442,22.72871,367,0.59,0.7,2026-10-06,1253,N21,VIIRS,h,2.0NRT,299.78,13.51,D
-15.77464,22.6585,331,0.59,0.7,2026-10-06,1253,N21,VIIRS,n,2.0NRT,297.77,3.13,D
-15.44273,22.11239,344.44,0.55,0.68,2026-10-06,1253,N21,VIIRS,n,2.0NRT,298.97,5.21,D
-15.43989,22.10489,351.22,0.55,0.68,2026-10-06,1253,N21,VIIRS,n,2.0NRT,301.12,11.49,D
-15.43882,22.10996,367,0.55,0.68,2026-10-06,1253,N21,VIIRS,h,2.0NRT,302.88,26.29,D
-15.43371,22.10347,331.55,0.55,0.68,2026-10-06,1253,N21,VIIRS,n,2.0NRT,305.05,11.49,D
-15.43263,22.10855,347.69,0.55,0.68,2026-10-06,1253,N21,VIIRS,n,2.0NRT,303.47,11.28,D
-15.42752,22.10206,342.74,0.55,0.68,2026-10-06,1253,N21,VIIRS,n,2.0NRT,303.97,11.49,D
-15.42645,22.10712,351.22,0.55,0.68,2026-10-06,1253,N21,VIIRS,n,2.0NRT,302.49,11.28,D
-15.12956,23.01991,336.95,0.64,0.72,2026-10-06,1253,N21,VIIRS,n,2.0NRT,298.85,8.16,D
-15.0863,22.99741,367,0.64,0.72,2026-10-06,1253,N21,VIIRS,h,2.0NRT,299.2,36.39,D
-15.08502,23.00328,344.48,0.64,0.72,2026-10-06,1253,N21,VIIRS,n,2.0NRT,297.41,24.52,D
-15.0821,22.99484,353.21,0.64,0.72,2026-10-06,1253,N21,VIIRS,n,2.0NRT,299.28,13.99,D
-15.08086,23.0007,340.48,0.64,0.72,2026-10-06,1253,N21,VIIRS,n,2.0NRT,296.28,13.99,D
-15.07977,22.99587,348.15,0.64,0.72,2026-10-06,1253,N21,VIIRS,n,2.0NRT,298.26,17.85,D
-15.06037,22.90388,337.05,0.63,0.72,2026-10-06,1253,N21,VIIRS,n,2.0NRT,298.67,4.48,D
-14.93804,22.93046,338.01,0.64,0.72,2026-10-06,1253,N21,VIIRS,n,2.0NRT,299.72,6.65,D
-14.88052,22.95019,346.48,0.64,0.72,2026-10-06,1253,N21,VIIRS,n,2.0NRT,297.16,12.59,D
-14.87707,22.94431,352.85,0.64,0.72,2026-10-06,1253,N21,VIIRS,n,2.0NRT,297.74,19.27,D
-14.79842,23.18368,332.46,0.67,0.73,2026-10-06,1253,N21,VIIRS,n,2.0NRT,293.04,10.75,D
-14.79501,23.18163,342.22,0.67,0.73,2026-10-06,1253,N21,VIIRS,n,2.0NRT,293.61,14.14,D
-14.75668,23.35445,330.02,0.69,0.74,2026-10-06,1253,N21,VIIRS,n,2.0NRT,292.34,8.2,D
-14.32278,23.62402,350.12,0.73,0.76,2026-10-06,1253,N21,VIIRS,n,2.0NRT,289.02,12.37,D
-14.3099,22.37194,334.66,0.6,0.71,2026-10-06,1253,N21,VIIRS,n,2.0NRT,299.07,2.48,D
-14.30922,22.37285,338.38,0.6,0.71,2026-10-06,1253,N21,VIIRS,n,2.0NRT,299.47,5.77,D
-14.30871,22.37745,345.91,0.6,0.71,2026-10-06,1253,N21,VIIRS,n,2.0NRT,301,7.53,D
-14.30807,22.37836,344.43,0.61,0.71,2026-10-06,1253,N21,VIIRS,n,2.0NRT,300.68,5.77,D
-14.30751,22.38296,343.42,0.61,0.71,2026-10-06,1253,N21,VIIRS,n,2.0NRT,301.26,7.53,D
-14.30691,22.38387,345.22,0.61,0.71,2026-10-06,1253,N21,VIIRS,n,2.0NRT,300.45,6.86,D
-14.27821,21.90954,331.24,0.56,0.69,2026-10-06,1253,N21,VIIRS,n,2.0NRT,298.93,5.7,D
-14.01925,22.74656,336.42,0.65,0.73,2026-10-06,1253,N21,VIIRS,n,2.0NRT,295.95,8.34,D
-14.01561,22.74276,338.49,0.65,0.73,2026-10-06,1253,N21,VIIRS,n,2.0NRT,296.36,14.19,D
-13.92964,21.90107,367,0.57,0.69,2026-10-06,1253,N21,VIIRS,h,2.0NRT,299.15,14.96,D
-13.80472,22.30241,343.22,0.61,0.71,2026-10-06,1253,N21,VIIRS,n,2.0NRT,296.07,8.12,D
-13.8041,22.30436,347.39,0.61,0.71,2026-10-06,1253,N21,VIIRS,n,2.0NRT,296.11,10.96,D
-13.71106,21.97604,347.3,0.58,0.7,2026-10-06,1253,N21,VIIRS,n,2.0NRT,296.73,12.48,D
-13.70175,22.40514,332.14,0.62,0.72,2026-10-06,1253,N21,VIIRS,n,2.0NRT,298.02,4.69,D
-13.69594,22.40511,352.66,0.63,0.72,2026-10-06,1253,N21,VIIRS,n,2.0NRT,299.06,13.34,D
-13.69526,22.40372,343.47,0.62,0.72,2026-10-06,1253,N21,VIIRS,n,2.0NRT,298.74,7.11,D
-13.68115,22.08733,367,0.6,0.7,2026-10-06,1253,N21,VIIRS,h,2.0NRT,297.75,21.81,D
-13.68001,22.09278,341.85,0.6,0.7,2026-10-06,1253,N21,VIIRS,n,2.0NRT,296.21,15.49,D
-13.62193,22.24113,339.74,0.61,0.71,2026-10-06,1253,N21,VIIRS,n,2.0NRT,299.13,15.36,D
-13.62132,22.24327,367,0.61,0.71,2026-10-06,1253,N21,VIIRS,h,2.0NRT,300.69,30.05,D
-13.62074,22.24673,367,0.61,0.71,2026-10-06,1253,N21,VIIRS,h,2.0NRT,299.49,15.36,D
-13.61518,22.36903,340.04,0.62,0.72,2026-10-06,1253,N21,VIIRS,n,2.0NRT,299.27,9.12,D
-13.60411,21.97066,331.32,0.59,0.7,2026-10-06,1253,N21,VIIRS,n,2.0NRT,297.04,6.88,D
-13.31376,22.2308,350.78,0.62,0.71,2026-10-06,1253,N21,VIIRS,n,2.0NRT,296.85,112.27,D
-13.31257,22.23643,354.32,0.62,0.71,2026-10-06,1253,N21,VIIRS,n,2.0NRT,305.91,112.27,D
-13.30847,22.22373,348.54,0.62,0.71,2026-10-06,1253,N21,VIIRS,n,2.0NRT,298.3,22.54,D
-12.41231,22.13084,341.76,0.63,0.72,2026-10-06,1253,N21,VIIRS,n,2.0NRT,294.26,16.73,D
-12.41095,22.12939,341.79,0.63,0.72,2026-10-06,1253,N21,VIIRS,n,2.0NRT,293.73,20.24,D
-12.41032,22.0408,330.18,0.63,0.72,2026-10-06,1253,N21,VIIRS,n,2.0NRT,294.06,9.65,D
-12.40973,22.13514,333.65,0.63,0.72,2026-10-06,1253,N21,VIIRS,n,2.0NRT,293.33,15.83,D
-12.40915,22.04648,336.91,0.63,0.72,2026-10-06,1253,N21,VIIRS,n,2.0NRT,292.71,11,D
-11.55324,22.85939,339.74,0.74,0.76,2026-10-06,1255,N21,VIIRS,n,2.0NRT,286.14,15.11,D
-9.99631,22.00451,348.74,0.69,0.74,2026-10-06,1255,N21,VIIRS,n,2.0NRT,291.75,12.56,D
-9.99382,22.00764,332.63,0.69,0.75,2026-10-06,1255,N21,VIIRS,n,2.0NRT,291.08,16.26,D
-8.83154,22.46758,332.45,0.78,0.78,2026-10-06,1255,N21,VIIRS,n,2.0NRT,292.4,13.74,D
-11.11604,32.27705,323.95,0.58,0.7,2026-10-06,2220,N21,VIIRS,n,2.0NRT,271.02,5.7,N
-11.11499,32.27181,307.27,0.58,0.7,2026-10-06,2220,N21,VIIRS,n,2.0NRT,272.5,5.1,N
-10.96807,32.14388,298.44,0.6,0.7,2026-10-06,2220,N21,VIIRS,n,2.0NRT,280.83,2.29,N
-10.96702,32.13871,308.63,0.6,0.7,2026-10-06,2220,N21,VIIRS,n,2.0NRT,280.82,2.29,N
-10.88481,31.59784,298.63,0.65,0.73,2026-10-06,2220,N21,VIIRS,n,2.0NRT,283.13,1.22,N
-10.81328,33.34691,305.21,0.5,0.66,2026-10-06,2220,N21,VIIRS,n,2.0NRT,258.41,1.87,N
-9.54315,31.83997,295.7,0.67,0.73,2026-10-06,2220,N21,VIIRS,n,2.0NRT,274.31,2.67,N
-9.21556,33.74553,321.61,0.5,0.66,2026-10-06,2220,N21,VIIRS,n,2.0NRT,282.35,3.66,N
-9.21307,33.7467,324.76,0.5,0.66,2026-10-06,2220,N21,VIIRS,n,2.0NRT,282.65,4.46,N
-9.1055,32.56031,304.37,0.61,0.71,2026-10-06,2220,N21,VIIRS,n,2.0NRT,276.95,1.85,N
-9.09936,32.55962,308.45,0.61,0.71,2026-10-06,2220,N21,VIIRS,n,2.0NRT,276.98,3.96,N
-9.09912,32.56184,305.95,0.61,0.71,2026-10-06,2220,N21,VIIRS,n,2.0NRT,276.92,1.85,N
-8.68744,32.90174,298.41,0.59,0.7,2026-10-06,2220,N21,VIIRS,n,2.0NRT,267.05,1.48,N
-18.02794,31.04901,314.78,0.51,0.66,2026-10-06,2222,N21,VIIRS,n,2.0NRT,286.39,2.15,N
-17.61039,28.25237,299.66,0.79,0.78,2026-10-06,2222,N21,VIIRS,n,2.0NRT,287.96,0.92,N
-16.46298,30.93346,300.81,0.56,0.69,2026-10-06,2222,N21,VIIRS,n,2.0NRT,287.3,0.81,N
-16.41426,32.10405,306.5,0.47,0.64,2026-10-06,2222,N21,VIIRS,n,2.0NRT,290.11,0.78,N
-16.13804,33.77232,300.56,0.37,0.58,2026-10-06,2222,N21,VIIRS,n,2.0NRT,286.45,1.05,N
-16.13376,33.71795,305.31,0.37,0.58,2026-10-06,2222,N21,VIIRS,n,2.0NRT,291.74,1.53,N
-16.1335,33.77189,301.07,0.37,0.58,2026-10-06,2222,N21,VIIRS,n,2.0NRT,286.42,1.93,N
-16.13206,33.77002,301.96,0.37,0.58,2026-10-06,2222,N21,VIIRS,n,2.0NRT,287.15,2.02,N
-16.12755,33.7696,301.33,0.37,0.58,2026-10-06,2222,N21,VIIRS,n,2.0NRT,286.48,0.96,N
-16.12685,33.76611,303.92,0.37,0.58,2026-10-06,2222,N21,VIIRS,n,2.0NRT,287.45,1.43,N
-16.12615,33.76262,304.47,0.37,0.58,2026-10-06,2222,N21,VIIRS,n,2.0NRT,287.55,1.43,N
-16.12088,33.76375,314.25,0.37,0.58,2026-10-06,2222,N21,VIIRS,n,2.0NRT,288.24,1.43,N
-16.12017,33.76026,304.48,0.37,0.58,2026-10-06,2222,N21,VIIRS,n,2.0NRT,287.71,1.35,N
-16.11948,33.75679,302.28,0.37,0.58,2026-10-06,2222,N21,VIIRS,n,2.0NRT,287.32,1.35,N
-16.11707,33.77222,300.13,0.37,0.58,2026-10-06,2222,N21,VIIRS,n,2.0NRT,285.92,0.39,N
-15.8962,33.0252,310.96,0.42,0.61,2026-10-06,2222,N21,VIIRS,n,2.0NRT,290.87,3.28,N
-15.46192,30.38419,314.12,0.63,0.72,2026-10-06,2222,N21,VIIRS,n,2.0NRT,288.62,2.25,N
-12.83634,33.25049,299.46,0.46,0.64,2026-10-06,2222,N21,VIIRS,n,2.0NRT,287.19,0.96,N
-12.62772,33.25961,299.29,0.47,0.64,2026-10-06,2222,N21,VIIRS,n,2.0NRT,288.19,0.62,N
-12.03679,31.93375,310.27,0.59,0.7,2026-10-06,2222,N21,VIIRS,n,2.0NRT,289.11,1.78,N
-11.94814,31.59858,302.07,0.62,0.72,2026-10-06,2222,N21,VIIRS,n,2.0NRT,283.34,2.72,N
-15.97896,28.0747,302.84,0.42,0.61,2026-10-07,3,N21,VIIRS,n,2.0NRT,287.98,0.96,N
-15.97731,28.07502,299.04,0.42,0.61,2026-10-07,3,N21,VIIRS,n,2.0NRT,287.82,0.91,N
-15.89111,26.57722,298.36,0.33,0.55,2026-10-07,3,N21,VIIRS,n,2.0NRT,284.76,0.53,N
-15.89063,22.73598,301.81,0.56,0.43,2026-10-07,3,N21,VIIRS,n,2.0NRT,290.11,1.09,N
-15.54677,28.26894,304.53,0.43,0.62,2026-10-07,3,N21,VIIRS,n,2.0NRT,289.74,0.92,N
-15.48181,23.0957,309.44,0.39,0.44,2026-10-07,3,N21,VIIRS,n,2.0NRT,287.06,1.12,N
-15.44952,28.77834,302.21,0.46,0.63,2026-10-07,3,N21,VIIRS,n,2.0NRT,285.6,1.19,N
-15.37195,27.95986,302.58,0.4,0.6,2026-10-07,3,N21,VIIRS,n,2.0NRT,280.71,0.99,N
-14.03133,21.92101,300.62,0.48,0.4,2026-10-07,3,N21,VIIRS,n,2.0NRT,288.7,1.3,N
-13.02684,31.22196,299.14,0.63,0.72,2026-10-07,3,N21,VIIRS,n,2.0NRT,282.34,1.84,N
-13.02539,31.2177,295.8,0.63,0.72,2026-10-07,3,N21,VIIRS,n,2.0NRT,281.76,1.47,N
-18.05494,30.70458,297.81,0.66,0.73,2026-10-07,5,N21,VIIRS,n,2.0NRT,285.08,1.53,N
-17.61022,28.25448,301.1,0.45,0.63,2026-10-07,5,N21,VIIRS,n,2.0NRT,287.83,1.37,N
-17.47442,27.09223,301.67,0.37,0.58,2026-10-07,5,N21,VIIRS,n,2.0NRT,287.4,0.69,N
-16.8548,27.42578,299.59,0.39,0.59,2026-10-07,5,N21,VIIRS,n,2.0NRT,288.19,0.5,N