latitude,longitude,bright_ti4,scan,track,acq_date,acq_time,satellite,instrument,confidence,version,bright_ti5,frp,daynight
-13.69243,25.9399,296.7,0.46,0.64,2026-10-01,13,N21,VIIRS,n,2.0NRT,279.57,0.51,N
-13.39527,25.97412,297.33,0.46,0.63,2026-10-01,13,N21,VIIRS,n,2.0NRT,287.22,0.66,N
-13.17731,24.02869,298.76,0.33,0.56,2026-10-01,13,N21,VIIRS,n,2.0NRT,287.67,1.25,N
-13.17694,24.0256,309.35,0.33,0.56,2026-10-01,13,N21,VIIRS,n,2.0NRT,288.25,1.35,N
-13.17658,24.0225,303.42,0.33,0.56,2026-10-01,13,N21,VIIRS,n,2.0NRT,287.86,1.35,N
-13.17584,24.01635,306.64,0.33,0.56,2026-10-01,13,N21,VIIRS,n,2.0NRT,288.32,2.6,N
-13.17548,24.01328,316.38,0.33,0.56,2026-10-01,13,N21,VIIRS,n,2.0NRT,288.62,2.25,N
-13.13746,23.94409,305.55,0.33,0.55,2026-10-01,13,N21,VIIRS,n,2.0NRT,287.91,0.96,N
-13.08683,23.95071,303.06,0.33,0.55,2026-10-01,13,N21,VIIRS,n,2.0NRT,287.79,0.67,N
-13.08647,23.94773,299.85,0.33,0.55,2026-10-01,13,N21,VIIRS,n,2.0NRT,287.17,0.67,N
-13.08177,23.9514,299.27,0.33,0.55,2026-10-01,13,N21,VIIRS,n,2.0NRT,287.49,0.77,N
-13.08141,23.94841,307.21,0.33,0.55,2026-10-01,13,N21,VIIRS,n,2.0NRT,287.59,0.77,N
-13.07635,23.94908,300.35,0.33,0.55,2026-10-01,13,N21,VIIRS,n,2.0NRT,287.29,0.77,N
-13.07599,23.94608,303.33,0.33,0.55,2026-10-01,13,N21,VIIRS,n,2.0NRT,287.57,1.4,N
-13.06297,23.92332,302.03,0.33,0.55,2026-10-01,13,N21,VIIRS,n,2.0NRT,287.23,0.99,N
-13.06261,23.92032,308.64,0.33,0.55,2026-10-01,13,N21,VIIRS,n,2.0NRT,287.64,0.99,N
-13.00997,23.90459,295.18,0.33,0.55,2026-10-01,13,N21,VIIRS,n,2.0NRT,284.96,0.74,N
-12.65022,27.76318,300.26,0.59,0.7,2026-10-01,13,N21,VIIRS,n,2.0NRT,279.11,1.27,N
-12.64871,27.76225,300.02,0.59,0.7,2026-10-01,13,N21,VIIRS,n,2.0NRT,279.34,1.84,N
-12.45868,22.69346,326.1,0.53,0.5,2026-10-01,13,N21,VIIRS,n,2.0NRT,285.27,4.53,N
-12.4584,22.69246,321.73,0.53,0.5,2026-10-01,13,N21,VIIRS,n,2.0NRT,284.52,5.17,N
-12.30242,29.59371,298.54,0.79,0.78,2026-10-01,13,N21,VIIRS,n,2.0NRT,279.56,1.18,N
-12.29854,29.59101,295.14,0.78,0.78,2026-10-01,13,N21,VIIRS,n,2.0NRT,279.53,1.11,N
-12.11494,28.73301,301.62,0.68,0.74,2026-10-01,13,N21,VIIRS,n,2.0NRT,280.94,2.29,N
-12.1143,28.72697,297.19,0.68,0.74,2026-10-01,13,N21,VIIRS,n,2.0NRT,281.02,1.97,N
-12.11231,28.73119,312.14,0.68,0.74,2026-10-01,13,N21,VIIRS,n,2.0NRT,281.36,3.1,N
-12.08035,26.39443,297.07,0.47,0.64,2026-10-01,13,N21,VIIRS,n,2.0NRT,281.12,6.66,N
-12.07493,26.39913,295.78,0.47,0.64,2026-10-01,13,N21,VIIRS,n,2.0NRT,279.63,7.58,N
-12.07446,26.395,367,0.47,0.64,2026-10-01,13,N21,VIIRS,h,2.0NRT,281.57,6.66,N
-11.55855,28.49638,311.22,0.65,0.73,2026-10-01,13,N21,VIIRS,n,2.0NRT,285.09,2.39,N
-11.55619,28.49762,327.12,0.65,0.73,2026-10-01,13,N21,VIIRS,n,2.0NRT,285.4,7.51,N
-11.55192,28.49732,318.85,0.65,0.73,2026-10-01,13,N21,VIIRS,n,2.0NRT,285.35,4.4,N
-10.98365,26.06495,301.69,0.43,0.62,2026-10-01,13,N21,VIIRS,n,2.0NRT,280.99,1.17,N
-10.78515,25.58684,306.04,0.4,0.6,2026-10-01,13,N21,VIIRS,n,2.0NRT,281.8,1.78,N
-10.78406,25.58551,309.56,0.4,0.6,2026-10-01,13,N21,VIIRS,n,2.0NRT,281.97,1.54,N
-17.98527,23.76588,300.33,0.37,0.58,2026-10-01,16,N21,VIIRS,n,2.0NRT,285.22,1.64,N
-17.97993,23.76655,298.71,0.37,0.58,2026-10-01,16,N21,VIIRS,n,2.0NRT,286.75,0.98,N
-17.43443,24.2128,302.78,0.39,0.59,2026-10-01,16,N21,VIIRS,n,2.0NRT,287.44,0.95,N
-17.3851,24.17664,305.39,0.39,0.59,2026-10-01,16,N21,VIIRS,n,2.0NRT,287.72,1.39,N
-17.26536,24.42077,310.23,0.4,0.6,2026-10-01,16,N21,VIIRS,n,2.0NRT,287.95,2.04,N
-17.26516,24.41886,313.39,0.4,0.6,2026-10-01,16,N21,VIIRS,n,2.0NRT,287.89,2.08,N
-17.10583,22.28132,301.61,0.57,0.52,2026-10-01,16,N21,VIIRS,n,2.0NRT,289.73,2.69,N
-17.10519,22.27596,322.84,0.57,0.52,2026-10-01,16,N21,VIIRS,n,2.0NRT,290.13,2.69,N
-16.69306,23.05656,310.74,0.32,0.55,2026-10-01,16,N21,VIIRS,n,2.0NRT,288.92,1.85,N
-15.54845,28.26939,295.28,0.7,0.75,2026-10-01,16,N21,VIIRS,n,2.0NRT,285.05,0.97,N
-15.54749,28.26824,296.06,0.7,0.75,2026-10-01,16,N21,VIIRS,n,2.0NRT,285.45,1.17,N
-15.53141,26.18874,304.66,0.5,0.66,2026-10-01,16,N21,VIIRS,n,2.0NRT,285.5,1.9,N
-15.52947,26.18695,311.18,0.5,0.66,2026-10-01,16,N21,VIIRS,n,2.0NRT,286.15,1.67,N
-15.38405,28.66496,295.93,0.74,0.76,2026-10-01,16,N21,VIIRS,n,2.0NRT,284.58,1.76,N
-15.29387,24.96912,298.59,0.41,0.61,2026-10-01,16,N21,VIIRS,n,2.0NRT,287.4,0.47,N
-15.29286,24.96787,298.43,0.41,0.61,2026-10-01,16,N21,VIIRS,n,2.0NRT,287.12,0.8,N
-18.09623,24.36709,341.47,0.66,0.73,2026-10-01,1106,N21,VIIRS,n,2.0NRT,295.04,10.3,D
-18.0935,24.36544,342.14,0.66,0.73,2026-10-01,1106,N21,VIIRS,n,2.0NRT,293.62,5.38,D
-16.36203,23.74877,337.15,0.69,0.75,2026-10-01,1108,N21,VIIRS,n,2.0NRT,293.15,9.15,D
-16.29674,24.66466,330.63,0.6,0.71,2026-10-01,1108,N21,VIIRS,n,2.0NRT,291.71,6.2,D
-16.29092,24.66361,353.69,0.6,0.71,2026-10-01,1108,N21,VIIRS,n,2.0NRT,295.57,21.89,D
-16.29031,24.66344,347.18,0.6,0.71,2026-10-01,1108,N21,VIIRS,n,2.0NRT,295.43,15.04,D
-16.19672,24.81707,330.38,0.59,0.7,2026-10-01,1108,N21,VIIRS,n,2.0NRT,294.93,9.36,D
-16.19087,24.81054,333.14,0.59,0.7,2026-10-01,1108,N21,VIIRS,n,2.0NRT,295.67,13.67,D
-16.18978,24.82176,338.95,0.58,0.7,2026-10-01,1108,N21,VIIRS,n,2.0NRT,294.49,9.36,D
-16.17358,24.78777,355.04,0.59,0.7,2026-10-01,1108,N21,VIIRS,n,2.0NRT,294.38,19.13,D
-16.17307,24.79314,350.96,0.59,0.7,2026-10-01,1108,N21,VIIRS,n,2.0NRT,296.25,24.39,D
-16.17216,24.78904,367,0.59,0.7,2026-10-01,1108,N21,VIIRS,h,2.0NRT,297.17,24.75,D
-16.06861,24.7852,330.91,0.59,0.7,2026-10-01,1108,N21,VIIRS,n,2.0NRT,291.11,5.3,D
-16.0669,24.78598,336.58,0.59,0.7,2026-10-01,1108,N21,VIIRS,n,2.0NRT,292.39,5.72,D
-16.05758,23.26182,333.6,0.74,0.76,2026-10-01,1108,N21,VIIRS,n,2.0NRT,292.57,6.41,D
-16.01507,24.97644,341.67,0.57,0.69,2026-10-01,1108,N21,VIIRS,n,2.0NRT,296.32,13.02,D
-16.0087,24.97604,367,0.57,0.69,2026-10-01,1108,N21,VIIRS,h,2.0NRT,294.85,32.68,D
-15.99579,24.16144,330.6,0.64,0.72,2026-10-01,1108,N21,VIIRS,n,2.0NRT,294.91,5.82,D
-15.66986,24.81757,367,0.58,0.69,2026-10-01,1108,N21,VIIRS,h,2.0NRT,295.7,13.42,D
-15.66347,24.81697,333.02,0.58,0.69,2026-10-01,1108,N21,VIIRS,n,2.0NRT,295.4,13.42,D
-15.53495,24.78811,348.2,0.58,0.7,2026-10-01,1108,N21,VIIRS,n,2.0NRT,297.24,12.61,D
-15.53284,24.78881,354.38,0.58,0.69,2026-10-01,1108,N21,VIIRS,n,2.0NRT,296.53,16.09,D
-15.30376,22.83725,337.69,0.78,0.78,2026-10-01,1108,N21,VIIRS,n,2.0NRT,292.51,6.13,D
-15.27881,23.89626,345.54,0.66,0.73,2026-10-01,1108,N21,VIIRS,n,2.0NRT,289.53,15.95,D
-15.15491,24.6945,367,0.58,0.7,2026-10-01,1108,N21,VIIRS,h,2.0NRT,295.27,29.18,D
-15.02464,26.37278,332,0.44,0.63,2026-10-01,1108,N21,VIIRS,n,2.0NRT,297.43,3.18,D
-14.92853,23.02096,367,0.75,0.77,2026-10-01,1108,N21,VIIRS,h,2.0NRT,293.28,17.23,D
-14.86446,23.02234,330.69,0.75,0.77,2026-10-01,1108,N21,VIIRS,n,2.0NRT,290.79,5.15,D
-14.68106,25.47975,330.74,0.51,0.66,2026-10-01,1108,N21,VIIRS,n,2.0NRT,294.32,6.45,D
-14.63727,24.40994,332.08,0.6,0.7,2026-10-01,1108,N21,VIIRS,n,2.0NRT,296.09,12.15,D
-14.51868,28.18237,330.16,0.33,0.55,2026-10-01,1108,N21,VIIRS,n,2.0NRT,293.26,2.46,D
-14.40617,23.67499,347.7,0.67,0.73,2026-10-01,1108,N21,VIIRS,n,2.0NRT,294.44,26.74,D
-14.40217,23.67517,350.01,0.67,0.73,2026-10-01,1108,N21,VIIRS,n,2.0NRT,295.09,17.87,D
-14.40156,23.6813,331.93,0.67,0.73,2026-10-01,1108,N21,VIIRS,n,2.0NRT,292.62,14.01,D
-14.38152,23.11032,332,0.73,0.76,2026-10-01,1108,N21,VIIRS,n,2.0NRT,295.37,4.58,D
-14.37578,25.07901,335.34,0.53,0.67,2026-10-01,1108,N21,VIIRS,n,2.0NRT,298.17,7.12,D
-14.36983,25.6404,345.8,0.49,0.65,2026-10-01,1108,N21,VIIRS,n,2.0NRT,296.29,4.53,D
-14.36685,25.63955,347.93,0.49,0.65,2026-10-01,1108,N21,VIIRS,n,2.0NRT,296.54,12.68,D
-14.36638,25.64401,367,0.49,0.65,2026-10-01,1108,N21,VIIRS,h,2.0NRT,297.52,15.98,D
-14.36386,25.63965,350.56,0.49,0.65,2026-10-01,1108,N21,VIIRS,n,2.0NRT,297.09,10.48,D
-14.36336,25.6441,338.73,0.49,0.65,2026-10-01,1108,N21,VIIRS,n,2.0NRT,294.99,7.53,D
-14.22144,24.41647,330.38,0.59,0.7,2026-10-01,1108,N21,VIIRS,n,2.0NRT,292.48,9.41,D
-14.21254,23.40176,346.2,0.69,0.74,2026-10-01,1108,N21,VIIRS,n,2.0NRT,296.96,13.34,D
-14.21139,23.39983,340.69,0.69,0.74,2026-10-01,1108,N21,VIIRS,n,2.0NRT,296.57,12.08,D
-14.21072,23.40618,330.34,0.69,0.74,2026-10-01,1108,N21,VIIRS,n,2.0NRT,296.46,12.08,D
-14.1875,23.71924,333.36,0.66,0.73,2026-10-01,1108,N21,VIIRS,n,2.0NRT,295.04,6.63,D
-14.12963,27.98563,336.07,0.34,0.56,2026-10-01,1108,N21,VIIRS,n,2.0NRT,292.53,4.78,D
-14.12927,27.98872,340.08,0.34,0.56,2026-10-01,1108,N21,VIIRS,n,2.0NRT,295.71,4.78,D
-14.12891,27.9918,330.71,0.34,0.56,2026-10-01,1108,N21,VIIRS,n,2.0NRT,294.59,7.68,D
-13.98966,26.0275,367,0.46,0.63,2026-10-01,1108,N21,VIIRS,h,2.0NRT,297.43,7.48,D
-13.98385,26.02691,336.57,0.46,0.63,2026-10-01,1108,N21,VIIRS,n,2.0NRT,298.51,7.48,D
-13.97404,29.3303,339.56,0.54,0.51,2026-10-01,1108,N21,VIIRS,n,2.0NRT,296.78,5.44,D
-13.94723,23.68064,339.83,0.66,0.73,2026-10-01,1108,N21,VIIRS,n,2.0NRT,299.08,5,D
-13.94415,23.6774,332.92,0.66,0.73,2026-10-01,1108,N21,VIIRS,n,2.0NRT,299.2,5.99,D
-13.94371,28.09916,331.25,0.33,0.55,2026-10-01,1108,N21,VIIRS,n,2.0NRT,297.28,2.13,D
-13.87819,27.75474,331.41,0.35,0.56,2026-10-01,1108,N21,VIIRS,n,2.0NRT,289.08,3.5,D
-13.86371,28.91414,337.92,0.58,0.52,2026-10-01,1108,N21,VIIRS,n,2.0NRT,291.2,7.85,D
-13.83896,28.99612,334.71,0.57,0.52,2026-10-01,1108,N21,VIIRS,n,2.0NRT,295.01,8.54,D
-13.8377,23.09122,330.03,0.72,0.75,2026-10-01,1108,N21,VIIRS,l,2.0NRT,300.26,5.63,D
-13.76791,26.73575,340.76,0.4,0.6,2026-10-01,1108,N21,VIIRS,n,2.0NRT,294.4,7.69,D
-13.76749,26.73943,340.85,0.4,0.6,2026-10-01,1108,N21,VIIRS,n,2.0NRT,295.1,8.54,D
-13.76115,26.8908,337.37,0.39,0.6,2026-10-01,1108,N21,VIIRS,n,2.0NRT,293.93,4.8,D
-13.72079,23.54244,367,0.67,0.73,2026-10-01,1108,N21,VIIRS,h,2.0NRT,301.39,27.92,D
-13.70286,27.25025,344.18,0.37,0.58,2026-10-01,1108,N21,VIIRS,n,2.0NRT,294.45,5.81,D
-13.691,31.55869,332.85,0.39,0.44,2026-10-01,1108,N21,VIIRS,n,2.0NRT,293.57,3.95,D
-13.69033,28.70345,330.74,0.59,0.53,2026-10-01,1108,N21,VIIRS,n,2.0NRT,291.9,4.26,D
-13.67685,31.54234,332.92,0.39,0.44,2026-10-01,1108,N21,VIIRS,n,2.0NRT,293.27,4.3,D
-13.66694,28.07414,335.52,0.33,0.55,2026-10-01,1108,N21,VIIRS,n,2.0NRT,299.17,4.1,D
-13.61089,29.10446,342.38,0.55,0.51,2026-10-01,1108,N21,VIIRS,n,2.0NRT,299.43,9.79,D
-13.60617,29.10394,337.18,0.55,0.51,2026-10-01,1108,N21,VIIRS,n,2.0NRT,297.5,9.79,D
-13.60493,23.57724,340.05,0.66,0.73,2026-10-01,1108,N21,VIIRS,n,2.0NRT,301.6,6.5,D
-13.58728,23.55097,354.42,0.66,0.73,2026-10-01,1108,N21,VIIRS,n,2.0NRT,298.9,25.82,D
-13.58664,23.55707,346.67,0.66,0.73,2026-10-01,1108,N21,VIIRS,n,2.0NRT,300.22,25.82,D
-13.58185,24.39662,351.26,0.58,0.7,2026-10-01,1108,N21,VIIRS,n,2.0NRT,300.74,8.01,D
-13.58054,23.55032,347.7,0.66,0.73,2026-10-01,1108,N21,VIIRS,n,2.0NRT,298.33,25.82,D
-13.57772,24.39511,342.98,0.58,0.7,2026-10-01,1108,N21,VIIRS,n,2.0NRT,300.78,5.03,D
-13.57507,23.53739,330.93,0.67,0.73,2026-10-01,1108,N21,VIIRS,n,2.0NRT,298.3,5.84,D
-13.57003,23.58618,207.38,0.66,0.73,2026-10-01,1108,N21,VIIRS,l,2.0NRT,301.15,159.76,D
-13.5694,23.59222,367,0.66,0.73,2026-10-01,1108,N21,VIIRS,h,2.0NRT,314.11,159.76,D
-13.56639,23.58934,331.29,0.66,0.73,2026-10-01,1108,N21,VIIRS,n,2.0NRT,300.24,314.75,D
-13.53999,23.51949,331.3,0.67,0.73,2026-10-01,1108,N21,VIIRS,n,2.0NRT,301.26,13.97,D
-13.53605,28.99954,340.08,0.56,0.52,2026-10-01,1108,N21,VIIRS,n,2.0NRT,297.33,16.54,D
-13.53603,28.40059,330.5,0.62,0.54,2026-10-01,1108,N21,VIIRS,n,2.0NRT,297.25,7.48,D
-13.53213,23.59224,340.51,0.66,0.73,2026-10-01,1108,N21,VIIRS,n,2.0NRT,296.95,34.05,D
-13.52847,23.59437,340.29,0.66,0.73,2026-10-01,1108,N21,VIIRS,n,2.0NRT,297.65,27.96,D
-13.52607,23.58556,344.73,0.66,0.73,2026-10-01,1108,N21,VIIRS,n,2.0NRT,298.64,34.05,D
-13.52542,23.59161,367,0.66,0.73,2026-10-01,1108,N21,VIIRS,h,2.0NRT,301.27,34.05,D
-13.52476,23.59768,349.03,0.66,0.73,2026-10-01,1108,N21,VIIRS,n,2.0NRT,299.85,32.77,D
-13.52237,23.58763,352.34,0.66,0.73,2026-10-01,1108,N21,VIIRS,n,2.0NRT,303.41,87.68,D
-13.52175,23.59373,367,0.66,0.73,2026-10-01,1108,N21,VIIRS,h,2.0NRT,299.63,27.96,D
-13.52114,23.59981,336.35,0.66,0.73,2026-10-01,1108,N21,VIIRS,n,2.0NRT,299.07,27.96,D
-13.52008,29.64073,330.31,0.51,0.49,2026-10-01,1108,N21,VIIRS,n,2.0NRT,297.34,7.98,D
-13.50866,24.59126,353.1,0.56,0.69,2026-10-01,1108,N21,VIIRS,n,2.0NRT,298.36,40.3,D
-13.49521,25.04758,330.36,0.52,0.67,2026-10-01,1108,N21,VIIRS,n,2.0NRT,297.98,5.91,D
-13.47728,23.72578,367,0.64,0.72,2026-10-01,1108,N21,VIIRS,h,2.0NRT,303.31,41.57,D
-13.47555,28.70609,345.92,0.59,0.53,2026-10-01,1108,N21,VIIRS,n,2.0NRT,294.46,22.87,D
-13.47398,26.89541,346.59,0.39,0.59,2026-10-01,1108,N21,VIIRS,n,2.0NRT,293.5,4,D
-13.47356,26.89894,332.35,0.39,0.59,2026-10-01,1108,N21,VIIRS,n,2.0NRT,293.16,4,D
-13.47062,23.72513,367,0.64,0.72,2026-10-01,1108,N21,VIIRS,h,2.0NRT,301.6,41.57,D
-13.42551,23.66535,367,0.65,0.73,2026-10-01,1108,N21,VIIRS,h,2.0NRT,297.91,22.33,D
-13.42283,23.6664,367,0.65,0.73,2026-10-01,1108,N21,VIIRS,h,2.0NRT,297.6,20.61,D
-13.41839,24.849,339.11,0.54,0.68,2026-10-01,1108,N21,VIIRS,n,2.0NRT,288.93,7.45,D
-13.41737,24.84738,342.03,0.54,0.68,2026-10-01,1108,N21,VIIRS,n,2.0NRT,288.97,5.71,D
-13.39419,29.00658,344.98,0.56,0.51,2026-10-01,1108,N21,VIIRS,n,2.0NRT,295.71,12.67,D
-13.39149,31.34458,330.14,0.39,0.44,2026-10-01,1108,N21,VIIRS,n,2.0NRT,299.83,4.04,D
-13.38279,23.42913,355.15,0.67,0.74,2026-10-01,1108,N21,VIIRS,n,2.0NRT,298.96,31.3,D
-13.38215,23.43527,352.12,0.67,0.74,2026-10-01,1108,N21,VIIRS,n,2.0NRT,296.75,31.3,D
-13.38067,23.4259,333.49,0.67,0.74,2026-10-01,1108,N21,VIIRS,n,2.0NRT,295.62,11.38,D
-13.37999,23.43201,367,0.67,0.74,2026-10-01,1108,N21,VIIRS,h,2.0NRT,297.14,22.17,D
-13.36387,23.73756,351.23,0.64,0.72,2026-10-01,1108,N21,VIIRS,n,2.0NRT,300.42,17.12,D
-13.3241,27.51582,332.84,0.35,0.57,2026-10-01,1108,N21,VIIRS,n,2.0NRT,299.8,3.78,D
-13.32128,28.06508,335.37,0.32,0.55,2026-10-01,1108,N21,VIIRS,n,2.0NRT,299.29,3.68,D
-13.32092,28.068,333.04,0.32,0.55,2026-10-01,1108,N21,VIIRS,n,2.0NRT,299.63,3.68,D
-13.31954,27.51593,334.4,0.35,0.57,2026-10-01,1108,N21,VIIRS,n,2.0NRT,300.03,3.89,D
-13.30653,26.60497,334.85,0.41,0.6,2026-10-01,1108,N21,VIIRS,n,2.0NRT,297.06,3.9,D
-13.28568,26.44855,341.18,0.42,0.61,2026-10-01,1108,N21,VIIRS,n,2.0NRT,296.14,6.47,D
-13.26486,24.88064,353.94,0.53,0.67,2026-10-01,1108,N21,VIIRS,n,2.0NRT,293.93,13.41,D
-13.25595,24.06923,337.63,0.61,0.71,2026-10-01,1108,N21,VIIRS,n,2.0NRT,296.85,9.34,D
-13.21493,29.17704,332.94,0.54,0.51,2026-10-01,1108,N21,VIIRS,n,2.0NRT,290.88,5.59,D
-13.21381,29.17503,331.14,0.54,0.51,2026-10-01,1108,N21,VIIRS,n,2.0NRT,292.59,25.11,D
-13.2132,29.18005,340.88,0.54,0.51,2026-10-01,1108,N21,VIIRS,n,2.0NRT,289.65,25.11,D
-13.21247,23.92611,343.14,0.62,0.71,2026-10-01,1108,N21,VIIRS,n,2.0NRT,295.78,9.56,D
-13.21219,23.92389,343.74,0.62,0.71,2026-10-01,1108,N21,VIIRS,n,2.0NRT,294.61,6.41,D
-13.21027,29.17644,350.31,0.54,0.51,2026-10-01,1108,N21,VIIRS,n,2.0NRT,295.01,37.58,D
-13.1985,23.99073,330.56,0.61,0.71,2026-10-01,1108,N21,VIIRS,n,2.0NRT,292.74,129.69,D
-13.1979,23.99646,367,0.61,0.71,2026-10-01,1108,N21,VIIRS,h,2.0NRT,301.02,164.67,D
-13.19769,23.99853,367,0.61,0.71,2026-10-01,1108,N21,VIIRS,h,2.0NRT,296.03,121.17,D
-13.19256,23.98449,345.96,0.61,0.71,2026-10-01,1108,N21,VIIRS,n,2.0NRT,296.57,129.69,D
-13.19243,23.98662,367,0.61,0.71,2026-10-01,1108,N21,VIIRS,h,2.0NRT,297.13,174.5,D
-13.19179,23.99231,271.72,0.61,0.71,2026-10-01,1108,N21,VIIRS,l,2.0NRT,302.23,174.5,D
-13.19135,23.99587,367,0.61,0.71,2026-10-01,1108,N21,VIIRS,h,2.0NRT,304.09,164.67,D
-13.19116,23.99795,367,0.61,0.71,2026-10-01,1108,N21,VIIRS,h,2.0NRT,295.61,121.17,D
-13.18588,23.98609,335.62,0.61,0.71,2026-10-01,1108,N21,VIIRS,n,2.0NRT,290.33,7.2,D
-13.18541,23.98961,342.83,0.61,0.71,2026-10-01,1108,N21,VIIRS,n,2.0NRT,292.41,12.05,D
-13.18525,23.99172,342,0.61,0.71,2026-10-01,1108,N21,VIIRS,n,2.0NRT,292.79,7.2,D
-13.18482,23.99524,332.1,0.61,0.71,2026-10-01,1108,N21,VIIRS,n,2.0NRT,292.11,4.56,D
-13.17292,23.98273,351.81,0.61,0.71,2026-10-01,1108,N21,VIIRS,n,2.0NRT,294.45,29.76,D
-13.1728,23.98492,342.31,0.61,0.71,2026-10-01,1108,N21,VIIRS,n,2.0NRT,293.2,29.3,D
-13.17233,23.98838,367,0.61,0.71,2026-10-01,1108,N21,VIIRS,h,2.0NRT,295.21,29.76,D
-13.17217,23.99052,367,0.61,0.71,2026-10-01,1108,N21,VIIRS,h,2.0NRT,294.58,29.3,D
-13.16697,23.97646,330.33,0.61,0.71,2026-10-01,1108,N21,VIIRS,n,2.0NRT,293.17,26.92,D
-13.16688,23.9787,351.48,0.61,0.71,2026-10-01,1108,N21,VIIRS,n,2.0NRT,295.05,53.63,D
-13.16638,23.98211,367,0.61,0.71,2026-10-01,1108,N21,VIIRS,h,2.0NRT,300.75,29.76,D
-13.16626,23.98431,367,0.61,0.71,2026-10-01,1108,N21,VIIRS,h,2.0NRT,297.99,29.3,D
-13.16096,23.97245,333.61,0.61,0.71,2026-10-01,1108,N21,VIIRS,n,2.0NRT,292.41,12.29,D
-13.1609,30.13812,339.03,0.47,0.47,2026-10-01,1108,N21,VIIRS,n,2.0NRT,292.32,4.62,D
-13.15196,23.68648,340.27,0.64,0.72,2026-10-01,1108,N21,VIIRS,n,2.0NRT,295.19,15.33,D
-13.09875,30.10399,343.72,0.47,0.48,2026-10-01,1108,N21,VIIRS,n,2.0NRT,292.04,9.04,D
-13.09595,26.87488,330.96,0.39,0.59,2026-10-01,1108,N21,VIIRS,n,2.0NRT,298.46,1.92,D
-13.08084,23.9237,345.76,0.62,0.71,2026-10-01,1108,N21,VIIRS,n,2.0NRT,283.46,22.12,D
-13.08021,23.9293,355.53,0.62,0.71,2026-10-01,1108,N21,VIIRS,l,2.0NRT,284.64,22.12,D
-13.06772,23.92247,333.65,0.62,0.71,2026-10-01,1108,N21,VIIRS,n,2.0NRT,285.92,60.03,D
-13.0671,23.9281,353.26,0.62,0.71,2026-10-01,1108,N21,VIIRS,n,2.0NRT,298.93,60.03,D
-13.06648,23.93368,352.32,0.62,0.71,2026-10-01,1108,N21,VIIRS,n,2.0NRT,300.07,65.76,D
-13.06637,23.9292,353.03,0.62,0.71,2026-10-01,1108,N21,VIIRS,n,2.0NRT,299.73,97.79,D
-13.06586,23.93926,355.56,0.62,0.71,2026-10-01,1108,N21,VIIRS,l,2.0NRT,286.32,65.76,D
-13.06579,23.93479,354.87,0.62,0.71,2026-10-01,1108,N21,VIIRS,n,2.0NRT,300.71,97.79,D
-13.0653,30.67031,331.68,0.43,0.46,2026-10-01,1108,N21,VIIRS,n,2.0NRT,297.64,3.95,D
-13.05993,23.93306,337.86,0.62,0.71,2026-10-01,1108,N21,VIIRS,n,2.0NRT,292.92,9.73,D
-13.05865,29.99318,339.22,0.48,0.48,2026-10-01,1108,N21,VIIRS,n,2.0NRT,291.16,17.59,D
-13.05407,26.79377,338.3,0.39,0.59,2026-10-01,1108,N21,VIIRS,n,2.0NRT,300.15,5.81,D
-13.04103,27.56359,350.57,0.35,0.56,2026-10-01,1108,N21,VIIRS,n,2.0NRT,297.06,5.84,D
-13.02988,27.12804,367,0.37,0.58,2026-10-01,1108,N21,VIIRS,h,2.0NRT,298.9,11.19,D
-13.02126,28.59538,332.58,0.59,0.53,2026-10-01,1108,N21,VIIRS,n,2.0NRT,297.03,4.91,D
-12.99188,30.63596,330.98,0.43,0.46,2026-10-01,1108,N21,VIIRS,n,2.0NRT,297.08,2.95,D
-12.98991,28.26819,339.66,0.62,0.54,2026-10-01,1108,N21,VIIRS,n,2.0NRT,297.98,8.5,D
-12.9497,29.90032,336.32,0.48,0.48,2026-10-01,1108,N21,VIIRS,n,2.0NRT,292.58,2.17,D
-12.94594,26.71482,332.72,0.4,0.6,2026-10-01,1108,N21,VIIRS,n,2.0NRT,298.98,3.19,D
-12.94017,23.24553,345.21,0.68,0.74,2026-10-01,1108,N21,VIIRS,n,2.0NRT,291.35,13.43,D
-12.93574,27.20106,332.2,0.37,0.58,2026-10-01,1108,N21,VIIRS,n,2.0NRT,293.64,3.55,D
-12.87108,26.83361,333.44,0.39,0.59,2026-10-01,1108,N21,VIIRS,n,2.0NRT,298.64,5.2,D
-12.85652,27.8187,337.99,0.33,0.55,2026-10-01,1108,N21,VIIRS,n,2.0NRT,288.28,3.28,D
-12.85278,27.81918,338.18,0.33,0.55,2026-10-01,1108,N21,VIIRS,n,2.0NRT,286.42,4.37,D
-12.8436,27.47283,342.94,0.35,0.57,2026-10-01,1108,N21,VIIRS,n,2.0NRT,295.81,6.06,D
-12.79835,26.26126,332.69,0.42,0.61,2026-10-01,1108,N21,VIIRS,n,2.0NRT,297.75,2.54,D
-12.79448,26.05058,343.45,0.44,0.62,2026-10-01,1108,N21,VIIRS,n,2.0NRT,295.63,7.8,D
-12.78236,27.31602,367,0.36,0.57,2026-10-01,1108,N21,VIIRS,h,2.0NRT,294.89,5.56,D
-12.76446,28.58168,331.94,0.59,0.53,2026-10-01,1108,N21,VIIRS,n,2.0NRT,295.36,11.6,D
-12.73997,28.58623,336,0.59,0.52,2026-10-01,1108,N21,VIIRS,n,2.0NRT,296.64,28.8,D
-12.71481,29.2121,331.29,0.53,0.5,2026-10-01,1108,N21,VIIRS,n,2.0NRT,280.2,7.66,D
-12.6681,30.15836,348.54,0.46,0.47,2026-10-01,1108,N21,VIIRS,n,2.0NRT,295.82,8.11,D
-12.66612,30.1571,344.24,0.46,0.47,2026-10-01,1108,N21,VIIRS,n,2.0NRT,295.23,10.97,D
-12.64707,28.39584,334.03,0.6,0.53,2026-10-01,1108,N21,VIIRS,n,2.0NRT,292.54,9.64,D
-12.62461,26.15035,354.66,0.43,0.62,2026-10-01,1108,N21,VIIRS,n,2.0NRT,297.59,8.3,D
-12.62292,28.58521,344.83,0.58,0.52,2026-10-01,1108,N21,VIIRS,n,2.0NRT,297.32,19.98,D
-12.62171,26.14963,346.62,0.43,0.62,2026-10-01,1108,N21,VIIRS,n,2.0NRT,294.47,9.07,D
-12.60324,22.65914,347.19,0.74,0.76,2026-10-01,1108,N21,VIIRS,n,2.0NRT,292.63,13.63,D
-12.60179,22.6586,343.19,0.74,0.76,2026-10-01,1108,N21,VIIRS,n,2.0NRT,292.77,19.16,D
-12.59751,27.25514,336.64,0.36,0.57,2026-10-01,1108,N21,VIIRS,n,2.0NRT,284.74,6.83,D
-12.59741,27.25705,348.71,0.36,0.57,2026-10-01,1108,N21,VIIRS,n,2.0NRT,286.59,10.52,D
-12.59725,25.66439,332.54,0.46,0.64,2026-10-01,1108,N21,VIIRS,n,2.0NRT,293.19,3.68,D
-12.5971,27.25839,331.62,0.36,0.57,2026-10-01,1108,N21,VIIRS,n,2.0NRT,286.48,8.69,D
-12.59422,29.98065,332.51,0.47,0.48,2026-10-01,1108,N21,VIIRS,n,2.0NRT,296.62,3.05,D
-12.57881,27.05831,332.81,0.37,0.58,2026-10-01,1108,N21,VIIRS,n,2.0NRT,284.01,9.75,D
-12.57841,27.06164,355.48,0.37,0.58,2026-10-01,1108,N21,VIIRS,l,2.0NRT,286.57,13.27,D
-12.54349,29.88627,341.58,0.48,0.48,2026-10-01,1108,N21,VIIRS,n,2.0NRT,297.53,12.32,D
-12.54292,29.89063,347.39,0.48,0.48,2026-10-01,1108,N21,VIIRS,n,2.0NRT,300.15,19.75,D
-12.51313,25.6258,367,0.46,0.64,2026-10-01,1108,N21,VIIRS,h,2.0NRT,295.02,17.22,D
-12.50903,26.70877,332.66,0.39,0.59,2026-10-01,1108,N21,VIIRS,n,2.0NRT,294.14,6.18,D
-12.48979,23.95839,339.74,0.6,0.71,2026-10-01,1108,N21,VIIRS,n,2.0NRT,295.95,9.74,D
-12.47875,22.70565,340.97,0.73,0.76,2026-10-01,1108,N21,VIIRS,n,2.0NRT,293.69,8.06,D
-12.47764,22.70849,329.74,0.74,0.76,2026-10-01,1108,N21,VIIRS,n,2.0NRT,294.87,19.04,D
-12.46906,23.31021,337.67,0.67,0.74,2026-10-01,1108,N21,VIIRS,n,2.0NRT,294.46,21.43,D
-12.44767,27.12639,346.59,0.37,0.58,2026-10-01,1108,N21,VIIRS,n,2.0NRT,270.65,6.19,D
-12.43992,25.64776,367,0.46,0.64,2026-10-01,1108,N21,VIIRS,h,2.0NRT,295.97,16.16,D
-12.42793,23.46269,335.25,0.65,0.73,2026-10-01,1108,N21,VIIRS,n,2.0NRT,288.71,5.86,D
-12.42754,29.74237,339.14,0.48,0.48,2026-10-01,1108,N21,VIIRS,n,2.0NRT,293.03,11.58,D
-12.427,29.41179,330.74,0.51,0.49,2026-10-01,1108,N21,VIIRS,n,2.0NRT,296.5,6.23,D
-12.42368,29.73737,355.33,0.48,0.48,2026-10-01,1108,N21,VIIRS,n,2.0NRT,291.7,17.67,D
-12.42311,29.74179,330.77,0.48,0.48,2026-10-01,1108,N21,VIIRS,n,2.0NRT,290.87,11.58,D
-12.41925,29.73679,340.3,0.48,0.48,2026-10-01,1108,N21,VIIRS,n,2.0NRT,287.26,4.27,D
-12.40269,30.17056,332.8,0.45,0.47,2026-10-01,1108,N21,VIIRS,n,2.0NRT,294.42,5.35,D
-12.39516,33.61968,334.08,0.44,0.38,2026-10-01,1108,N21,VIIRS,l,2.0NRT,306.63,7.47,D
-12.39249,23.47725,331.41,0.65,0.73,2026-10-01,1108,N21,VIIRS,n,2.0NRT,286.46,8.04,D
-12.35253,28.18362,345.44,0.62,0.54,2026-10-01,1108,N21,VIIRS,n,2.0NRT,294.6,18.41,D
-12.35057,31.9208,337.53,0.53,0.42,2026-10-01,1108,N21,VIIRS,n,2.0NRT,291.72,8.78,D
-12.35034,28.38279,342.78,0.6,0.53,2026-10-01,1108,N21,VIIRS,n,2.0NRT,284.78,7.95,D
-12.33337,25.2911,344.58,0.49,0.65,2026-10-01,1108,N21,VIIRS,n,2.0NRT,292.32,9.64,D
-12.33286,25.2956,331.24,0.49,0.65,2026-10-01,1108,N21,VIIRS,n,2.0NRT,292.81,9.64,D
-12.27227,29.31264,337.56,0.51,0.5,2026-10-01,1108,N21,VIIRS,n,2.0NRT,295.29,6.5,D
-12.23521,30.36091,341.23,0.44,0.46,2026-10-01,1108,N21,VIIRS,n,2.0NRT,294.03,6.63,D
-12.21207,27.39194,342.86,0.35,0.57,2026-10-01,1108,N21,VIIRS,n,2.0NRT,299.11,11.65,D
-12.20962,27.36914,339.99,0.35,0.57,2026-10-01,1108,N21,VIIRS,n,2.0NRT,294.1,3.81,D
-12.17334,28.66763,349.17,0.57,0.52,2026-10-01,1108,N21,VIIRS,n,2.0NRT,287.02,12.4,D
-12.15545,28.58017,333.09,0.58,0.52,2026-10-01,1108,N21,VIIRS,n,2.0NRT,284.77,6.44,D
-12.10697,27.62632,367,0.33,0.56,2026-10-01,1108,N21,VIIRS,h,2.0NRT,302.66,45.85,D
-12.10659,27.62932,352.01,0.33,0.56,2026-10-01,1108,N21,VIIRS,n,2.0NRT,295.89,20.92,D
-12.10224,27.62275,340.95,0.33,0.56,2026-10-01,1108,N21,VIIRS,n,2.0NRT,298.59,10.3,D
-12.10148,27.62877,344.47,0.33,0.56,2026-10-01,1108,N21,VIIRS,n,2.0NRT,298.21,4.81,D
-12.09317,23.44705,327.39,0.65,0.73,2026-10-01,1108,N21,VIIRS,n,2.0NRT,291.29,6.09,D
-12.07519,26.39622,367,0.41,0.6,2026-10-01,1108,N21,VIIRS,h,2.0NRT,295.56,11.37,D
-12.07511,26.39762,346.79,0.41,0.6,2026-10-01,1108,N21,VIIRS,n,2.0NRT,294.38,10.48,D
-12.06489,27.83679,339.98,0.32,0.55,2026-10-01,1108,N21,VIIRS,n,2.0NRT,295.01,4.08,D
-12.06452,27.83975,335.28,0.32,0.55,2026-10-01,1108,N21,VIIRS,n,2.0NRT,294.01,4.08,D
-12.05242,25.67556,328.62,0.45,0.63,2026-10-01,1108,N21,VIIRS,n,2.0NRT,289.21,3.09,D
-12.05177,27.9003,345.39,0.32,0.54,2026-10-01,1108,N21,VIIRS,n,2.0NRT,290.77,3.6,D
-12.02961,31.83945,332.92,0.53,0.42,2026-10-01,1108,N21,VIIRS,n,2.0NRT,295.42,6.34,D
-12.02576,31.83897,333.32,0.53,0.42,2026-10-01,1108,N21,VIIRS,n,2.0NRT,295.31,6.26,D
-12.02092,23.49078,367,0.64,0.72,2026-10-01,1108,N21,VIIRS,h,2.0NRT,296.09,25.88,D
-12.00249,29.56146,346.72,0.49,0.49,2026-10-01,1108,N21,VIIRS,n,2.0NRT,297.81,12.75,D
-12.00007,27.02856,341.68,0.37,0.58,2026-10-01,1108,N21,VIIRS,n,2.0NRT,274.78,16.09,D
-11.92092,29.39481,331.21,0.5,0.49,2026-10-01,1108,N21,VIIRS,n,2.0NRT,297.99,3.57,D
-11.91309,26.8175,328.34,0.38,0.59,2026-10-01,1108,N21,VIIRS,n,2.0NRT,284.71,3.41,D
-11.91016,26.81579,334.87,0.38,0.59,2026-10-01,1108,N21,VIIRS,n,2.0NRT,284.92,4.34,D
-11.89357,28.91357,340.74,0.54,0.51,2026-10-01,1108,N21,VIIRS,n,2.0NRT,299.59,7.68,D
-11.89006,28.014,339.68,0.62,0.54,2026-10-01,1108,N21,VIIRS,n,2.0NRT,290.13,16.82,D
-11.88458,28.68243,330.27,0.56,0.52,2026-10-01,1108,N21,VIIRS,n,2.0NRT,298.1,3.15,D
-11.86537,22.85928,326.86,0.7,0.75,2026-10-01,1108,N21,VIIRS,n,2.0NRT,284.38,7.59,D
-11.81269,29.00023,334.84,0.53,0.5,2026-10-01,1108,N21,VIIRS,n,2.0NRT,299.88,1.84,D
-11.80673,31.71522,336.43,0.54,0.42,2026-10-01,1108,N21,VIIRS,n,2.0NRT,298.62,7.56,D
-11.80551,31.69498,331.76,0.54,0.42,2026-10-01,1108,N21,VIIRS,n,2.0NRT,296.76,9.94,D
-11.80447,31.71732,330.5,0.54,0.42,2026-10-01,1108,N21,VIIRS,n,2.0NRT,298.34,3.77,D
-11.79839,29.14459,331.7,0.52,0.5,2026-10-01,1108,N21,VIIRS,n,2.0NRT,300.78,4.21,D
-11.77755,28.98131,345.41,0.53,0.5,2026-10-01,1108,N21,VIIRS,n,2.0NRT,301.2,10.82,D
-11.73318,29.03513,340.02,0.53,0.5,2026-10-01,1108,N21,VIIRS,n,2.0NRT,298.3,7.24,D
-11.73311,29.03647,340.44,0.53,0.5,2026-10-01,1108,N21,VIIRS,n,2.0NRT,298.3,6.05,D
-11.70827,27.01334,340.65,0.36,0.58,2026-10-01,1108,N21,VIIRS,n,2.0NRT,289.56,3.55,D
-11.69009,29.0074,339.54,0.53,0.5,2026-10-01,1108,N21,VIIRS,n,2.0NRT,297.36,5.32,D
-11.68946,29.01222,333.16,0.53,0.5,2026-10-01,1108,N21,VIIRS,n,2.0NRT,296.23,5.06,D
-11.6709,27.31612,367,0.35,0.56,2026-10-01,1108,N21,VIIRS,h,2.0NRT,301.14,8.44,D
-11.64828,27.32926,340.09,0.35,0.56,2026-10-01,1108,N21,VIIRS,n,2.0NRT,298.36,5.92,D
-11.63698,22.20292,367,0.78,0.78,2026-10-01,1108,N21,VIIRS,h,2.0NRT,290.53,46.62,D
-11.63627,28.0325,340.99,0.62,0.54,2026-10-01,1108,N21,VIIRS,n,2.0NRT,289.49,7.39,D
-11.63367,27.18171,334.82,0.35,0.57,2026-10-01,1108,N21,VIIRS,n,2.0NRT,300.44,4.21,D
-11.63328,28.03397,353.14,0.62,0.54,2026-10-01,1108,N21,VIIRS,n,2.0NRT,291.62,19.17,D
-11.63144,29.31526,341.47,0.5,0.49,2026-10-01,1108,N21,VIIRS,n,2.0NRT,297.15,7.91,D
-11.63135,28.03187,350.57,0.62,0.54,2026-10-01,1108,N21,VIIRS,n,2.0NRT,291.67,20.27,D
-11.62693,29.31469,347.9,0.5,0.49,2026-10-01,1108,N21,VIIRS,n,2.0NRT,298.08,7.91,D
-11.6059,28.33986,339.69,0.59,0.53,2026-10-01,1108,N21,VIIRS,n,2.0NRT,295.3,7.48,D
-11.60525,28.34191,339.2,0.59,0.53,2026-10-01,1108,N21,VIIRS,n,2.0NRT,295.2,8.73,D
-11.60222,29.29276,337.19,0.51,0.49,2026-10-01,1108,N21,VIIRS,n,2.0NRT,298.75,15.63,D
-11.60163,29.2974,335.69,0.51,0.49,2026-10-01,1108,N21,VIIRS,n,2.0NRT,295.11,10.89,D
-11.60108,28.33603,340.2,0.59,0.53,2026-10-01,1108,N21,VIIRS,n,2.0NRT,296.81,9.75,D
-11.60108,28.33928,345.66,0.59,0.53,2026-10-01,1108,N21,VIIRS,n,2.0NRT,296.67,15.21,D
-11.60021,29.29378,350.22,0.51,0.49,2026-10-01,1108,N21,VIIRS,n,2.0NRT,298.57,20.43,D
-11.58587,26.58418,332.24,0.39,0.59,2026-10-01,1108,N21,VIIRS,n,2.0NRT,278.66,10.64,D
-11.57156,23.61656,328.6,0.62,0.71,2026-10-01,1108,N21,VIIRS,n,2.0NRT,292.91,9.01,D
-11.55774,28.52121,341.08,0.57,0.52,2026-10-01,1108,N21,VIIRS,n,2.0NRT,299.05,14.45,D
-11.55045,27.12558,355.14,0.36,0.57,2026-10-01,1108,N21,VIIRS,n,2.0NRT,295.02,16.94,D
-11.55005,27.12887,338.22,0.36,0.57,2026-10-01,1108,N21,VIIRS,n,2.0NRT,291.76,13.34,D
-11.5496,27.1265,367,0.35,0.57,2026-10-01,1108,N21,VIIRS,h,2.0NRT,294.34,19.16,D
-11.54012,27.71178,351.21,0.32,0.55,2026-10-01,1108,N21,VIIRS,n,2.0NRT,294,7.68,D
-11.53625,23.51525,327.06,0.63,0.72,2026-10-01,1108,N21,VIIRS,n,2.0NRT,279.72,4.88,D
-11.50477,27.18705,349.95,0.35,0.57,2026-10-01,1108,N21,VIIRS,n,2.0NRT,298.27,5.47,D
-11.50437,27.19024,330.2,0.35,0.57,2026-10-01,1108,N21,VIIRS,n,2.0NRT,296.5,5.47,D
-11.49148,28.62398,339.77,0.56,0.51,2026-10-01,1108,N21,VIIRS,n,2.0NRT,294.99,5.58,D
-11.47375,33.31953,338.34,0.44,0.38,2026-10-01,1108,N21,VIIRS,n,2.0NRT,297.84,3.45,D
-11.46563,28.06014,331.85,0.61,0.53,2026-10-01,1108,N21,VIIRS,n,2.0NRT,293.1,6.63,D
-11.46072,28.05953,335.14,0.61,0.53,2026-10-01,1108,N21,VIIRS,n,2.0NRT,293.83,11.16,D
-11.45753,27.2271,336.18,0.35,0.57,2026-10-01,1108,N21,VIIRS,n,2.0NRT,296.74,4.4,D
-11.45275,27.22312,337.46,0.35,0.57,2026-10-01,1108,N21,VIIRS,n,2.0NRT,295.21,9.74,D
-11.37496,22.30738,327.27,0.76,0.77,2026-10-01,1108,N21,VIIRS,n,2.0NRT,288.54,14.2,D
-11.37419,22.31414,342.06,0.76,0.77,2026-10-01,1108,N21,VIIRS,n,2.0NRT,289.77,14.2,D
-11.37208,22.31329,339.33,0.76,0.77,2026-10-01,1108,N21,VIIRS,n,2.0NRT,290.47,24.72,D
-11.35923,31.74931,336.88,0.53,0.42,2026-10-01,1108,N21,VIIRS,n,2.0NRT,296.02,10.33,D
-11.35498,29.31157,336.87,0.5,0.49,2026-10-01,1108,N21,VIIRS,n,2.0NRT,295.97,4.31,D
-11.34619,27.83665,330.46,0.63,0.54,2026-10-01,1108,N21,VIIRS,n,2.0NRT,293.43,4.2,D
-11.31064,27.58971,338.62,0.33,0.55,2026-10-01,1108,N21,VIIRS,n,2.0NRT,299.11,5.07,D
-11.31003,22.37718,351.72,0.75,0.77,2026-10-01,1108,N21,VIIRS,n,2.0NRT,290.62,51.18,D
-11.30928,22.38384,339.68,0.75,0.77,2026-10-01,1108,N21,VIIRS,n,2.0NRT,290.94,40.55,D
-11.30559,27.58909,339.62,0.33,0.55,2026-10-01,1108,N21,VIIRS,n,2.0NRT,299.87,4.04,D
-11.29049,27.54519,336.35,0.33,0.55,2026-10-01,1108,N21,VIIRS,n,2.0NRT,298.3,3.38,D
-11.29012,27.54816,336.58,0.33,0.55,2026-10-01,1108,N21,VIIRS,n,2.0NRT,298.18,3.2,D
-11.21432,27.86215,340.28,0.63,0.54,2026-10-01,1108,N21,VIIRS,n,2.0NRT,290.2,10.5,D
-11.19489,29.15192,338.15,0.51,0.49,2026-10-01,1108,N21,VIIRS,n,2.0NRT,300.67,5.09,D
-11.17537,27.4159,346.6,0.34,0.56,2026-10-01,1108,N21,VIIRS,n,2.0NRT,288.6,7.06,D
-11.16991,27.29645,343.44,0.34,0.56,2026-10-01,1108,N21,VIIRS,n,2.0NRT,297.28,5.29,D
-11.15687,28.68506,350.85,0.55,0.51,2026-10-01,1108,N21,VIIRS,n,2.0NRT,295.47,36.44,D
-11.15312,22.58725,326.64,0.72,0.76,2026-10-01,1108,N21,VIIRS,n,2.0NRT,276.91,12.26,D
-11.15098,27.36315,351.44,0.34,0.56,2026-10-01,1108,N21,VIIRS,n,2.0NRT,292.63,5.77,D
-11.14817,22.26549,355.51,0.76,0.77,2026-10-01,1108,N21,VIIRS,l,2.0NRT,288.13,25.2,D
-11.1456,22.26799,355.55,0.76,0.77,2026-10-01,1108,N21,VIIRS,l,2.0NRT,287.84,44.51,D
-11.14485,22.27494,328.35,0.76,0.77,2026-10-01,1108,N21,VIIRS,n,2.0NRT,286.78,14.77,D
-11.14029,22.27192,348.96,0.76,0.77,2026-10-01,1108,N21,VIIRS,n,2.0NRT,285.57,19.52,D
-11.11585,33.57569,345.18,0.43,0.38,2026-10-01,1108,N21,VIIRS,n,2.0NRT,301.92,7.44,D
-11.11294,33.57127,334.49,0.43,0.38,2026-10-01,1108,N21,VIIRS,l,2.0NRT,302.46,4.12,D
-11.09302,28.71412,331.08,0.54,0.51,2026-10-01,1108,N21,VIIRS,n,2.0NRT,289.99,6.7,D
-11.07574,26.76912,355.26,0.37,0.58,2026-10-01,1108,N21,VIIRS,n,2.0NRT,299.24,19.6,D
-11.06814,22.08137,344.78,0.78,0.78,2026-10-01,1108,N21,VIIRS,n,2.0NRT,289.28,24.01,D
-11.06402,22.08124,347.83,0.78,0.78,2026-10-01,1108,N21,VIIRS,n,2.0NRT,292.4,104.57,D
-11.06101,22.08063,351.02,0.78,0.78,2026-10-01,1108,N21,VIIRS,n,2.0NRT,290.89,50.77,D
-11.05158,29.39396,334.97,0.49,0.49,2026-10-01,1108,N21,VIIRS,n,2.0NRT,294.54,4.45,D
-11.02286,29.2085,341.15,0.5,0.49,2026-10-01,1108,N21,VIIRS,n,2.0NRT,302.23,8.24,D
-10.9983,33.61429,338.58,0.43,0.38,2026-10-01,1108,N21,VIIRS,n,2.0NRT,303.17,2.94,D
-10.99316,27.00406,337.12,0.36,0.57,2026-10-01,1108,N21,VIIRS,n,2.0NRT,292.78,4.01,D
-10.9773,28.77707,339.47,0.54,0.51,2026-10-01,1108,N21,VIIRS,n,2.0NRT,296.42,14.94,D
-10.96574,32.64953,332.22,0.47,0.4,2026-10-01,1108,N21,VIIRS,l,2.0NRT,301.14,5.09,D
-10.92733,33.60014,338.49,0.43,0.38,2026-10-01,1108,N21,VIIRS,n,2.0NRT,306.07,5.91,D
-10.91367,29.25513,341.51,0.5,0.49,2026-10-01,1108,N21,VIIRS,n,2.0NRT,298.42,26.95,D
-10.87732,23.78796,329.43,0.59,0.7,2026-10-01,1108,N21,VIIRS,n,2.0NRT,286.36,6.76,D
-10.87691,26.77999,333.4,0.37,0.58,2026-10-01,1108,N21,VIIRS,n,2.0NRT,298.39,2.7,D
-10.85186,22.22358,340.04,0.76,0.77,2026-10-01,1108,N21,VIIRS,n,2.0NRT,285.63,54.08,D
-10.85109,22.23015,355.47,0.76,0.77,2026-10-01,1108,N21,VIIRS,l,2.0NRT,288.67,54.08,D
-10.84956,22.22673,344.83,0.76,0.77,2026-10-01,1108,N21,VIIRS,n,2.0NRT,290.06,99.1,D
-10.84884,22.23324,333.06,0.76,0.77,2026-10-01,1108,N21,VIIRS,n,2.0NRT,284.94,62.02,D
-10.84796,22.25705,330.57,0.75,0.77,2026-10-01,1108,N21,VIIRS,n,2.0NRT,287.56,10.1,D
-10.84661,22.25355,333.05,0.75,0.77,2026-10-01,1108,N21,VIIRS,n,2.0NRT,287.68,8.78,D
-10.84403,22.22949,335.02,0.76,0.77,2026-10-01,1108,N21,VIIRS,n,2.0NRT,284.78,9.4,D
-10.83509,32.95951,340.44,0.45,0.39,2026-10-01,1108,N21,VIIRS,l,2.0NRT,301.2,9.81,D
-10.82914,32.95026,340.08,0.45,0.39,2026-10-01,1108,N21,VIIRS,l,2.0NRT,299.12,5.24,D
-10.80583,27.30527,335.33,0.34,0.56,2026-10-01,1108,N21,VIIRS,n,2.0NRT,288.19,1.54,D
-10.8013,33.01773,339.22,0.45,0.39,2026-10-01,1108,N21,VIIRS,l,2.0NRT,301.72,5.99,D
-10.80014,33.02584,345.74,0.45,0.39,2026-10-01,1108,N21,VIIRS,l,2.0NRT,301.28,5.63,D
-10.79774,33.01723,339.77,0.45,0.39,2026-10-01,1108,N21,VIIRS,l,2.0NRT,299.46,5.99,D
-10.79716,33.0213,332.04,0.45,0.39,2026-10-01,1108,N21,VIIRS,l,2.0NRT,299.11,5.63,D
-10.79497,33.08714,334.67,0.45,0.39,2026-10-01,1108,N21,VIIRS,l,2.0NRT,302.9,9.73,D
-10.79419,27.5192,350.96,0.33,0.55,2026-10-01,1108,N21,VIIRS,n,2.0NRT,297.23,6.81,D
-10.77362,32.63245,342.87,0.47,0.39,2026-10-01,1108,N21,VIIRS,l,2.0NRT,298.9,9.26,D
-10.76204,22.06705,326.63,0.77,0.78,2026-10-01,1108,N21,VIIRS,n,2.0NRT,288.9,6.63,D
-10.75897,26.05345,331.4,0.41,0.61,2026-10-01,1108,N21,VIIRS,n,2.0NRT,295.8,11.46,D
-10.75851,26.05713,367,0.41,0.61,2026-10-01,1108,N21,VIIRS,h,2.0NRT,296.98,11.46,D
-10.75806,26.06082,367,0.41,0.61,2026-10-01,1108,N21,VIIRS,h,2.0NRT,295.14,16.59,D
-10.75235,26.28652,333.8,0.4,0.6,2026-10-01,1108,N21,VIIRS,n,2.0NRT,294.13,7.64,D
-10.74826,26.14009,349.6,0.41,0.6,2026-10-01,1108,N21,VIIRS,n,2.0NRT,294.15,8.38,D
-10.74135,21.9597,342.96,0.79,0.78,2026-10-01,1108,N21,VIIRS,n,2.0NRT,287.89,22.23,D
-10.74055,21.96665,345.37,0.79,0.78,2026-10-01,1108,N21,VIIRS,n,2.0NRT,289.72,25.77,D
-10.73724,33.60928,334.23,0.42,0.38,2026-10-01,1108,N21,VIIRS,n,2.0NRT,293.42,5.27,D
-10.71171,27.1197,348.32,0.35,0.56,2026-10-01,1108,N21,VIIRS,n,2.0NRT,294.58,6.19,D
-10.70002,22.00557,350.06,0.78,0.78,2026-10-01,1108,N21,VIIRS,n,2.0NRT,289.37,15.41,D
-10.69632,22.00223,333.09,0.78,0.78,2026-10-01,1108,N21,VIIRS,n,2.0NRT,290.15,10.33,D
-10.67868,32.86143,336.66,0.45,0.39,2026-10-01,1108,N21,VIIRS,l,2.0NRT,303.12,4.38,D
-10.67613,26.04423,331.11,0.41,0.61,2026-10-01,1108,N21,VIIRS,n,2.0NRT,295.27,1.44,D
-10.66718,21.94239,367,0.79,0.78,2026-10-01,1108,N21,VIIRS,h,2.0NRT,294.76,65.74,D
-10.66417,21.93763,352.22,0.79,0.78,2026-10-01,1108,N21,VIIRS,n,2.0NRT,291.64,43.77,D
-10.66339,21.94477,367,0.79,0.78,2026-10-01,1108,N21,VIIRS,h,2.0NRT,293.6,51.07,D
-10.6614,27.31444,337.64,0.34,0.56,2026-10-01,1108,N21,VIIRS,n,2.0NRT,292.2,2.4,D
-10.65829,27.31182,335.48,0.33,0.56,2026-10-01,1108,N21,VIIRS,n,2.0NRT,291.84,6.19,D
-10.65086,26.59004,338.58,0.38,0.58,2026-10-01,1108,N21,VIIRS,n,2.0NRT,296.67,5.16,D
-10.64071,29.31327,348.42,0.49,0.49,2026-10-01,1108,N21,VIIRS,n,2.0NRT,301.12,27.35,D
-10.6277,27.42707,367,0.33,0.55,2026-10-01,1108,N21,VIIRS,h,2.0NRT,292.27,28.38,D
-10.62731,27.43007,354.95,0.33,0.55,2026-10-01,1108,N21,VIIRS,n,2.0NRT,298.15,23.88,D
-10.62692,27.43309,339.01,0.33,0.55,2026-10-01,1108,N21,VIIRS,n,2.0NRT,289.78,23.88,D
-10.62458,27.41149,342.05,0.33,0.55,2026-10-01,1108,N21,VIIRS,n,2.0NRT,288.11,5.23,D
-10.6236,29.74306,352.88,0.46,0.47,2026-10-01,1108,N21,VIIRS,n,2.0NRT,298.66,9.31,D
-10.62263,27.42648,335.69,0.33,0.55,2026-10-01,1108,N21,VIIRS,n,2.0NRT,289.15,28.38,D
-10.62224,27.42949,367,0.33,0.55,2026-10-01,1108,N21,VIIRS,h,2.0NRT,291.38,23.88,D
-10.61991,27.40781,340.76,0.33,0.55,2026-10-01,1108,N21,VIIRS,n,2.0NRT,292.43,25.22,D
-10.61952,27.41082,367,0.33,0.55,2026-10-01,1108,N21,VIIRS,h,2.0NRT,294.75,27.86,D
-10.61928,29.74252,330.95,0.46,0.47,2026-10-01,1108,N21,VIIRS,n,2.0NRT,296.34,9.31,D
-10.5782,33.4067,340.33,0.43,0.38,2026-10-01,1108,N21,VIIRS,l,2.0NRT,308.02,12.37,D
-10.57534,26.49713,336.14,0.38,0.59,2026-10-01,1108,N21,VIIRS,n,2.0NRT,295.7,4.31,D
-10.57492,26.50055,330.84,0.38,0.59,2026-10-01,1108,N21,VIIRS,n,2.0NRT,295.52,4.94,D
-10.57366,26.31711,343.52,0.39,0.59,2026-10-01,1108,N21,VIIRS,n,2.0NRT,297.84,3.29,D
-10.56991,26.31679,334.85,0.39,0.59,2026-10-01,1108,N21,VIIRS,n,2.0NRT,298.54,3.47,D
-10.56449,26.03754,367,0.41,0.61,2026-10-01,1108,N21,VIIRS,h,2.0NRT,292.47,10.85,D
-10.55328,29.94226,336.72,0.44,0.46,2026-10-01,1108,N21,VIIRS,n,2.0NRT,293.82,5.87,D
-10.51358,33.48472,336.61,0.43,0.38,2026-10-01,1108,N21,VIIRS,l,2.0NRT,307.58,6.36,D
-10.50584,29.35207,340.98,0.48,0.48,2026-10-01,1108,N21,VIIRS,n,2.0NRT,296.59,5.85,D
-10.50561,29.3503,342.3,0.48,0.48,2026-10-01,1108,N21,VIIRS,n,2.0NRT,298.64,11.47,D
-10.50517,26.9761,334.69,0.35,0.57,2026-10-01,1108,N21,VIIRS,n,2.0NRT,295.65,5.74,D
-10.50477,26.9793,352.76,0.35,0.57,2026-10-01,1108,N21,VIIRS,n,2.0NRT,296,5.74,D
-10.50361,26.97822,367,0.35,0.57,2026-10-01,1108,N21,VIIRS,h,2.0NRT,294.22,7.93,D
-10.49304,29.48115,350.07,0.47,0.48,2026-10-01,1108,N21,VIIRS,n,2.0NRT,302.39,11.33,D
-10.49238,26.99395,331.56,0.35,0.57,2026-10-01,1108,N21,VIIRS,n,2.0NRT,295.84,2.8,D
-10.49233,32.87811,344.19,0.45,0.39,2026-10-01,1108,N21,VIIRS,n,2.0NRT,310.94,10.88,D
-10.4923,29.48259,341.35,0.47,0.48,2026-10-01,1108,N21,VIIRS,n,2.0NRT,302.63,7.66,D
-10.49194,29.35489,350.09,0.48,0.48,2026-10-01,1108,N21,VIIRS,n,2.0NRT,302.66,12.76,D
-10.48993,29.33658,333.66,0.48,0.48,2026-10-01,1108,N21,VIIRS,n,2.0NRT,299.04,3.69,D
-10.48807,23.95507,330.01,0.57,0.69,2026-10-01,1108,N21,VIIRS,n,2.0NRT,280.99,8.69,D
-10.48142,26.30244,340.63,0.39,0.59,2026-10-01,1108,N21,VIIRS,n,2.0NRT,297.32,6.86,D
-10.48099,26.30592,332.69,0.39,0.59,2026-10-01,1108,N21,VIIRS,n,2.0NRT,297.17,8.7,D
-10.48004,26.30128,345.87,0.39,0.59,2026-10-01,1108,N21,VIIRS,n,2.0NRT,296.59,14.94,D
-10.47959,26.30474,350.42,0.39,0.59,2026-10-01,1108,N21,VIIRS,n,2.0NRT,296.84,14.41,D
-10.47593,26.30209,345.03,0.39,0.59,2026-10-01,1108,N21,VIIRS,n,2.0NRT,293.69,6.86,D
-10.47573,33.31613,344.19,0.43,0.38,2026-10-01,1108,N21,VIIRS,n,2.0NRT,307.26,12.31,D
-10.46937,26.40059,351.2,0.39,0.59,2026-10-01,1108,N21,VIIRS,n,2.0NRT,295.62,12.68,D
-10.4673,26.39913,367,0.39,0.59,2026-10-01,1108,N21,VIIRS,h,2.0NRT,295.9,11.59,D
-10.4506,33.29273,336.47,0.43,0.38,2026-10-01,1108,N21,VIIRS,l,2.0NRT,303.55,7.43,D
-10.45,31.94362,335.21,0.5,0.41,2026-10-01,1108,N21,VIIRS,n,2.0NRT,294.35,7.06,D
-10.44625,31.9431,345.6,0.5,0.41,2026-10-01,1108,N21,VIIRS,n,2.0NRT,295.21,7.06,D
-10.44561,31.94765,338.49,0.5,0.41,2026-10-01,1108,N21,VIIRS,l,2.0NRT,294.55,7.06,D
-10.44081,26.88931,354.22,0.36,0.57,2026-10-01,1108,N21,VIIRS,n,2.0NRT,294.68,7.05,D
-10.4388,32.38842,340.5,0.48,0.4,2026-10-01,1108,N21,VIIRS,l,2.0NRT,299.08,9.01,D
-10.43877,32.44133,332.4,0.47,0.4,2026-10-01,1108,N21,VIIRS,l,2.0NRT,299.96,6.62,D
-10.43824,33.40236,338.95,0.43,0.38,2026-10-01,1108,N21,VIIRS,l,2.0NRT,304.74,6.77,D
-10.43767,33.40624,335.92,0.43,0.38,2026-10-01,1108,N21,VIIRS,l,2.0NRT,304.12,6.77,D
-10.4342,33.40574,339.21,0.43,0.38,2026-10-01,1108,N21,VIIRS,l,2.0NRT,309.44,7.67,D
-10.43103,32.54823,339.92,0.47,0.4,2026-10-01,1108,N21,VIIRS,l,2.0NRT,299.69,9.95,D
-10.41776,26.26852,346.49,0.39,0.6,2026-10-01,1108,N21,VIIRS,n,2.0NRT,296.16,9.53,D
-10.41732,26.27202,348.58,0.39,0.6,2026-10-01,1108,N21,VIIRS,n,2.0NRT,295.82,9.53,D
-10.4142,32.00791,349.89,0.5,0.41,2026-10-01,1108,N21,VIIRS,n,2.0NRT,296.53,12.92,D
-10.41225,26.26826,351.7,0.39,0.6,2026-10-01,1108,N21,VIIRS,n,2.0NRT,299.71,21.12,D
-10.41182,26.27174,344.08,0.39,0.6,2026-10-01,1108,N21,VIIRS,n,2.0NRT,295.63,21.12,D
-10.40802,31.99783,342.83,0.5,0.41,2026-10-01,1108,N21,VIIRS,l,2.0NRT,299.98,14.01,D
-10.40738,32.00235,348.63,0.5,0.41,2026-10-01,1108,N21,VIIRS,n,2.0NRT,297.95,10.79,D
-10.40674,32.00686,339.03,0.5,0.41,2026-10-01,1108,N21,VIIRS,l,2.0NRT,296.72,10.79,D
-10.40493,31.99279,344.35,0.5,0.41,2026-10-01,1108,N21,VIIRS,l,2.0NRT,294.61,13.36,D
-10.40429,31.9973,346.64,0.5,0.41,2026-10-01,1108,N21,VIIRS,n,2.0NRT,299.66,13.36,D
-10.40306,25.09188,343,0.47,0.64,2026-10-01,1108,N21,VIIRS,n,2.0NRT,288.11,8.58,D
-10.39878,25.08909,354.77,0.47,0.64,2026-10-01,1108,N21,VIIRS,n,2.0NRT,294.71,22.04,D
-10.39824,25.0934,353.38,0.47,0.64,2026-10-01,1108,N21,VIIRS,n,2.0NRT,291.25,19.45,D
-10.39718,25.09105,354.3,0.47,0.64,2026-10-01,1108,N21,VIIRS,n,2.0NRT,293.99,8.58,D
-10.397,31.52841,341.71,0.53,0.42,2026-10-01,1108,N21,VIIRS,n,2.0NRT,302.33,9.31,D
-10.39312,32.81429,337.54,0.45,0.39,2026-10-01,1108,N21,VIIRS,l,2.0NRT,307.06,10.93,D
-10.39012,32.60292,340.15,0.46,0.39,2026-10-01,1108,N21,VIIRS,n,2.0NRT,301.24,6.34,D
-10.38945,32.76328,333.53,0.46,0.39,2026-10-01,1108,N21,VIIRS,l,2.0NRT,304.18,3.7,D
-10.38846,29.05436,339.75,0.5,0.49,2026-10-01,1108,N21,VIIRS,n,2.0NRT,291.92,8.39,D
-10.38842,29.82276,341.56,0.45,0.47,2026-10-01,1108,N21,VIIRS,n,2.0NRT,301.25,12.67,D
-10.37293,32.45488,342.36,0.47,0.4,2026-10-01,1108,N21,VIIRS,n,2.0NRT,299.36,12.82,D
-10.37231,32.45922,336.39,0.47,0.4,2026-10-01,1108,N21,VIIRS,l,2.0NRT,298.56,12.82,D
-10.3693,32.45435,341.64,0.47,0.4,2026-10-01,1108,N21,VIIRS,l,2.0NRT,297.09,15.74,D
-10.36567,32.45382,334.01,0.47,0.4,2026-10-01,1108,N21,VIIRS,l,2.0NRT,296.43,15.74,D
-10.36452,31.50923,338.11,0.53,0.42,2026-10-01,1108,N21,VIIRS,n,2.0NRT,302.75,8.01,D
-10.36265,32.44897,351.29,0.47,0.4,2026-10-01,1108,N21,VIIRS,n,2.0NRT,297.69,8.79,D
-10.36246,29.65643,335.26,0.46,0.47,2026-10-01,1108,N21,VIIRS,n,2.0NRT,299.5,3.1,D
-10.36203,32.4533,338.57,0.47,0.4,2026-10-01,1108,N21,VIIRS,l,2.0NRT,297.19,8.84,D
-10.36191,29.66056,332.37,0.46,0.47,2026-10-01,1108,N21,VIIRS,n,2.0NRT,299.5,3.1,D
-10.36163,33.42719,339.9,0.43,0.38,2026-10-01,1108,N21,VIIRS,l,2.0NRT,310.82,7.05,D
-10.36025,29.6565,342.2,0.46,0.47,2026-10-01,1108,N21,VIIRS,n,2.0NRT,302.63,7.55,D
-10.36017,29.36566,338.37,0.48,0.48,2026-10-01,1108,N21,VIIRS,n,2.0NRT,296.88,9.39,D
-10.35968,29.66063,344.81,0.46,0.47,2026-10-01,1108,N21,VIIRS,n,2.0NRT,301.05,7.55,D
-10.35811,29.65598,341.47,0.46,0.47,2026-10-01,1108,N21,VIIRS,n,2.0NRT,303.32,14.31,D
-10.35757,29.6601,349.53,0.46,0.47,2026-10-01,1108,N21,VIIRS,n,2.0NRT,302.05,14.31,D
-10.35752,31.50339,339.84,0.53,0.42,2026-10-01,1108,N21,VIIRS,n,2.0NRT,300.35,6.24,D
-10.35685,31.50817,333.98,0.53,0.42,2026-10-01,1108,N21,VIIRS,n,2.0NRT,298.59,6.24,D
-10.35591,29.65605,342.66,0.46,0.47,2026-10-01,1108,N21,VIIRS,n,2.0NRT,303.74,10.11,D
-10.35534,29.66017,336.84,0.46,0.47,2026-10-01,1108,N21,VIIRS,n,2.0NRT,300.3,10.11,D
-10.35492,29.338,337.28,0.48,0.48,2026-10-01,1108,N21,VIIRS,n,2.0NRT,294.52,5.76,D
-10.34715,33.42921,339.51,0.43,0.38,2026-10-01,1108,N21,VIIRS,l,2.0NRT,309.51,4,D
-10.34571,29.79232,336.42,0.45,0.47,2026-10-01,1108,N21,VIIRS,n,2.0NRT,300.73,3.58,D
-10.34514,29.79637,344.34,0.45,0.47,2026-10-01,1108,N21,VIIRS,n,2.0NRT,302.08,7.07,D
-10.34459,29.79205,332.97,0.45,0.47,2026-10-01,1108,N21,VIIRS,n,2.0NRT,300.09,4.26,D
-10.34405,29.79609,347.94,0.45,0.47,2026-10-01,1108,N21,VIIRS,n,2.0NRT,302.19,6.14,D
-10.34352,29.80015,330.69,0.45,0.47,2026-10-01,1108,N21,VIIRS,l,2.0NRT,301.58,6.14,D
-10.34086,29.7958,350.65,0.45,0.47,2026-10-01,1108,N21,VIIRS,n,2.0NRT,298.56,7.07,D
-10.34029,29.79984,349.01,0.45,0.47,2026-10-01,1108,N21,VIIRS,n,2.0NRT,301.38,7.07,D
-10.33977,29.79552,340.09,0.45,0.47,2026-10-01,1108,N21,VIIRS,n,2.0NRT,297.77,8.11,D
-10.33973,29.80388,342.71,0.45,0.47,2026-10-01,1108,N21,VIIRS,n,2.0NRT,301.88,36.67,D
-10.33924,29.79957,351.99,0.45,0.47,2026-10-01,1108,N21,VIIRS,n,2.0NRT,303.4,8.11,D
-10.33917,29.80791,339.9,0.45,0.47,2026-10-01,1108,N21,VIIRS,n,2.0NRT,309.11,36.67,D
-10.33871,29.8036,344.34,0.45,0.47,2026-10-01,1108,N21,VIIRS,n,2.0NRT,303,19.43,D
-10.33861,29.81193,330.94,0.45,0.47,2026-10-01,1108,N21,VIIRS,n,2.0NRT,297.62,17.08,D
-10.33817,29.80764,335.7,0.45,0.47,2026-10-01,1108,N21,VIIRS,l,2.0NRT,310.33,19.43,D
-10.33764,29.81166,341.36,0.45,0.47,2026-10-01,1108,N21,VIIRS,n,2.0NRT,298.8,22.32,D
-10.33601,29.79928,343.92,0.45,0.47,2026-10-01,1108,N21,VIIRS,n,2.0NRT,301.78,4.64,D
-10.33545,29.80331,341.57,0.45,0.47,2026-10-01,1108,N21,VIIRS,n,2.0NRT,301.7,5.61,D
-10.33489,29.80733,334.5,0.45,0.47,2026-10-01,1108,N21,VIIRS,n,2.0NRT,301.62,5.61,D
-10.33442,29.80303,337.46,0.45,0.47,2026-10-01,1108,N21,VIIRS,n,2.0NRT,302.46,19.43,D
-10.3339,29.80706,332.46,0.45,0.47,2026-10-01,1108,N21,VIIRS,n,2.0NRT,301.67,19.43,D
-10.32699,33.32375,338.54,0.43,0.38,2026-10-01,1108,N21,VIIRS,l,2.0NRT,305.25,5.05,D
-10.32243,31.47408,337.32,0.53,0.42,2026-10-01,1108,N21,VIIRS,n,2.0NRT,300.3,11.45,D
-10.32038,31.47052,336.81,0.53,0.42,2026-10-01,1108,N21,VIIRS,n,2.0NRT,303.38,9.42,D
-10.31143,29.7878,341.85,0.45,0.47,2026-10-01,1108,N21,VIIRS,n,2.0NRT,303.21,7.61,D
-10.31123,33.55377,336.65,0.42,0.38,2026-10-01,1108,N21,VIIRS,l,2.0NRT,308.97,4.29,D
-10.31088,29.79184,348.44,0.45,0.47,2026-10-01,1108,N21,VIIRS,n,2.0NRT,305.34,9.31,D
-10.3066,29.79126,338.46,0.45,0.47,2026-10-01,1108,N21,VIIRS,n,2.0NRT,299.53,9.31,D
-10.29739,32.33083,333.41,0.48,0.4,2026-10-01,1108,N21,VIIRS,l,2.0NRT,299.06,5.02,D
-10.29374,32.33031,350.16,0.48,0.4,2026-10-01,1108,N21,VIIRS,n,2.0NRT,301.17,13.59,D
-10.28553,26.42632,338.44,0.38,0.59,2026-10-01,1108,N21,VIIRS,n,2.0NRT,290.97,24.96,D
-10.2851,26.42974,367,0.38,0.59,2026-10-01,1108,N21,VIIRS,h,2.0NRT,297.6,24.96,D
-10.28467,26.43317,335.61,0.38,0.59,2026-10-01,1108,N21,VIIRS,n,2.0NRT,290.63,19.91,D
-10.27748,32.71074,349.06,0.46,0.39,2026-10-01,1108,N21,VIIRS,l,2.0NRT,309.13,15.77,D
-10.27689,32.71494,347.94,0.46,0.39,2026-10-01,1108,N21,VIIRS,l,2.0NRT,312.74,26.33,D
-10.27331,32.71437,349.8,0.46,0.39,2026-10-01,1108,N21,VIIRS,l,2.0NRT,315.32,50.44,D
-10.27284,31.66715,355.1,0.52,0.41,2026-10-01,1108,N21,VIIRS,n,2.0NRT,305.77,25.72,D
-10.27135,32.85637,333.53,0.45,0.39,2026-10-01,1108,N21,VIIRS,l,2.0NRT,306.74,5.51,D
-10.26325,31.68019,333.11,0.52,0.41,2026-10-01,1108,N21,VIIRS,n,2.0NRT,301.73,4.15,D
-10.25576,26.42311,339.59,0.38,0.59,2026-10-01,1108,N21,VIIRS,n,2.0NRT,293.59,5.38,D
-10.25532,26.42649,332.86,0.38,0.59,2026-10-01,1108,N21,VIIRS,n,2.0NRT,293.12,5.38,D
-10.25315,26.42259,331.78,0.38,0.59,2026-10-01,1108,N21,VIIRS,n,2.0NRT,294.38,4.42,D
-10.25273,26.42597,341.05,0.38,0.59,2026-10-01,1108,N21,VIIRS,n,2.0NRT,293.57,4.42,D
-10.24971,31.38699,342.61,0.54,0.42,2026-10-01,1108,N21,VIIRS,n,2.0NRT,299.14,15.24,D
-10.24789,32.44235,336.97,0.47,0.4,2026-10-01,1108,N21,VIIRS,l,2.0NRT,307.56,9.08,D
-10.24652,31.49503,336.02,0.53,0.42,2026-10-01,1108,N21,VIIRS,n,2.0NRT,299.78,6.16,D
-10.24081,33.77176,334.34,0.41,0.37,2026-10-01,1108,N21,VIIRS,n,2.0NRT,306.61,3.58,D
-10.22382,29.67282,346.31,0.46,0.47,2026-10-01,1108,N21,VIIRS,n,2.0NRT,305.87,19.76,D
-10.22325,29.67693,331.87,0.46,0.47,2026-10-01,1108,N21,VIIRS,n,2.0NRT,299.69,19.76,D
-10.22187,29.19003,333.12,0.49,0.49,2026-10-01,1108,N21,VIIRS,l,2.0NRT,304.32,15.34,D
-10.22127,29.19452,343.23,0.49,0.49,2026-10-01,1108,N21,VIIRS,n,2.0NRT,306.45,15.34,D
-10.22008,29.66809,341.66,0.46,0.47,2026-10-01,1108,N21,VIIRS,n,2.0NRT,302.68,8.33,D
-10.21951,29.67221,337.17,0.46,0.47,2026-10-01,1108,N21,VIIRS,n,2.0NRT,301.25,8.82,D
-10.21817,32.59842,348.42,0.46,0.39,2026-10-01,1108,N21,VIIRS,n,2.0NRT,301.52,5.84,D
-10.21468,32.67389,337.24,0.46,0.39,2026-10-01,1108,N21,VIIRS,l,2.0NRT,307.16,5.56,D
-10.21387,32.39455,332.73,0.47,0.4,2026-10-01,1108,N21,VIIRS,l,2.0NRT,299.11,4.39,D
-10.20947,25.13876,336.78,0.47,0.64,2026-10-01,1108,N21,VIIRS,n,2.0NRT,293.95,5.69,D
-10.2086,25.13903,335.69,0.47,0.64,2026-10-01,1108,N21,VIIRS,n,2.0NRT,293.74,4.96,D
-10.18152,29.22721,333.15,0.49,0.48,2026-10-01,1108,N21,VIIRS,l,2.0NRT,304.07,3.71,D
-10.17963,26.41933,337.72,0.38,0.59,2026-10-01,1108,N21,VIIRS,n,2.0NRT,286.19,4.96,D
-10.17831,29.9715,337.15,0.44,0.46,2026-10-01,1108,N21,VIIRS,n,2.0NRT,300.51,3.1,D
-10.16727,32.62076,332.5,0.46,0.39,2026-10-01,1108,N21,VIIRS,l,2.0NRT,304.77,4.22,D
-10.16344,32.69976,340.89,0.46,0.39,2026-10-01,1108,N21,VIIRS,l,2.0NRT,311.5,9.06,D
-10.15614,29.58738,342,0.46,0.47,2026-10-01,1108,N21,VIIRS,n,2.0NRT,300.6,7.51,D
-10.15396,29.58817,342.13,0.46,0.47,2026-10-01,1108,N21,VIIRS,n,2.0NRT,299.81,9.71,D
-10.1518,29.58682,334,0.46,0.47,2026-10-01,1108,N21,VIIRS,n,2.0NRT,297.24,5.32,D
-10.14117,29.32502,342.81,0.48,0.48,2026-10-01,1108,N21,VIIRS,n,2.0NRT,304.6,18.71,D
-10.13737,29.31997,332.1,0.48,0.48,2026-10-01,1108,N21,VIIRS,n,2.0NRT,301.88,18.34,D
-10.13677,29.32437,349.82,0.48,0.48,2026-10-01,1108,N21,VIIRS,n,2.0NRT,310.43,18.71,D
-10.12142,32.77032,332.75,0.45,0.39,2026-10-01,1108,N21,VIIRS,l,2.0NRT,305.08,5.75,D
-10.11028,32.82198,339.46,0.45,0.39,2026-10-01,1108,N21,VIIRS,l,2.0NRT,310.18,11.46,D
-10.10978,33.59095,331.56,0.42,0.38,2026-10-01,1108,N21,VIIRS,l,2.0NRT,303.21,2.18,D
-10.10597,32.72606,336.17,0.45,0.39,2026-10-01,1108,N21,VIIRS,l,2.0NRT,310.72,7.86,D
-10.09606,32.84489,343.96,0.45,0.39,2026-10-01,1108,N21,VIIRS,l,2.0NRT,314.11,22.29,D
-10.09553,33.63988,333.58,0.42,0.38,2026-10-01,1108,N21,VIIRS,n,2.0NRT,301.71,4.98,D
-10.08077,31.57723,334.94,0.52,0.42,2026-10-01,1108,N21,VIIRS,l,2.0NRT,297.46,9.8,D
-10.07206,33.79943,335.63,0.41,0.37,2026-10-01,1108,N21,VIIRS,n,2.0NRT,305.93,2.63,D
-10.07075,33.47232,346.35,0.42,0.38,2026-10-01,1108,N21,VIIRS,n,2.0NRT,307.1,7.97,D
-10.06998,29.12287,338.14,0.49,0.49,2026-10-01,1108,N21,VIIRS,n,2.0NRT,298.44,5.96,D
-10.06681,29.96546,332.35,0.43,0.46,2026-10-01,1108,N21,VIIRS,n,2.0NRT,301.37,3.47,D
-10.06131,29.15335,341.06,0.49,0.49,2026-10-01,1108,N21,VIIRS,n,2.0NRT,300.85,6.09,D
-10.06044,29.38993,333.96,0.47,0.48,2026-10-01,1108,N21,VIIRS,n,2.0NRT,301.49,5.17,D
-10.05364,32.76067,342.06,0.45,0.39,2026-10-01,1108,N21,VIIRS,n,2.0NRT,300.09,8.11,D
-10.05305,32.76479,336.9,0.45,0.39,2026-10-01,1108,N21,VIIRS,n,2.0NRT,301.45,8.11,D
-10.05021,29.36682,341.66,0.48,0.48,2026-10-01,1108,N21,VIIRS,n,2.0NRT,303.54,8.71,D
-10.04962,29.37112,341.98,0.48,0.48,2026-10-01,1108,N21,VIIRS,n,2.0NRT,305.19,8.71,D
-10.0335,31.63738,348.99,0.52,0.41,2026-10-01,1108,N21,VIIRS,n,2.0NRT,289.95,8,D
-10.02862,29.39411,348.16,0.47,0.48,2026-10-01,1108,N21,VIIRS,n,2.0NRT,302.11,9.45,D
-10.02805,29.39832,341.45,0.47,0.48,2026-10-01,1108,N21,VIIRS,n,2.0NRT,304.11,13.37,D
-10.02014,32.3374,338.07,0.47,0.4,2026-10-01,1108,N21,VIIRS,l,2.0NRT,307.51,7.68,D
-10.01953,32.34169,340.98,0.47,0.4,2026-10-01,1108,N21,VIIRS,l,2.0NRT,308.12,7.68,D
-10.0165,32.33685,349.74,0.47,0.4,2026-10-01,1108,N21,VIIRS,n,2.0NRT,310.38,25.95,D
-10.01589,32.34114,347.37,0.47,0.4,2026-10-01,1108,N21,VIIRS,n,2.0NRT,308.04,25.95,D
-9.9976,31.12319,333.56,0.55,0.43,2026-10-01,1108,N21,VIIRS,n,2.0NRT,299.06,6.39,D
-9.9955,31.66066,354.18,0.51,0.41,2026-10-01,1108,N21,VIIRS,n,2.0NRT,298.36,15.16,D
-9.9955,32.24673,336.25,0.48,0.4,2026-10-01,1108,N21,VIIRS,l,2.0NRT,309.66,7.18,D
-9.99485,31.6653,352.59,0.51,0.41,2026-10-01,1108,N21,VIIRS,l,2.0NRT,295.43,15.16,D
-9.99421,31.66992,336.12,0.51,0.41,2026-10-01,1108,N21,VIIRS,n,2.0NRT,293.23,9.28,D
-9.99306,33.33233,337.12,0.43,0.38,2026-10-01,1108,N21,VIIRS,n,2.0NRT,305.67,6.6,D
-9.99172,31.66014,342.77,0.51,0.41,2026-10-01,1108,N21,VIIRS,l,2.0NRT,295.76,15.16,D
-9.99107,31.66478,332.09,0.51,0.41,2026-10-01,1108,N21,VIIRS,l,2.0NRT,296.38,15.16,D
-9.9891,31.12706,333.53,0.55,0.43,2026-10-01,1108,N21,VIIRS,n,2.0NRT,298.23,9.1,D
-9.98793,31.65961,344.59,0.51,0.41,2026-10-01,1108,N21,VIIRS,l,2.0NRT,300.07,8.33,D
-9.98729,31.66425,334.17,0.51,0.41,2026-10-01,1108,N21,VIIRS,l,2.0NRT,300.86,8.33,D
-9.98588,31.12154,335.62,0.55,0.43,2026-10-01,1108,N21,VIIRS,n,2.0NRT,297.67,13.49,D
-9.98351,31.66371,341.17,0.51,0.41,2026-10-01,1108,N21,VIIRS,l,2.0NRT,303.37,8.33,D
-9.98337,31.11098,340.38,0.55,0.43,2026-10-01,1108,N21,VIIRS,n,2.0NRT,298.05,16.17,D
-9.98267,31.11599,350.53,0.55,0.43,2026-10-01,1108,N21,VIIRS,n,2.0NRT,302.7,16.17,D
-9.98198,31.12098,349.66,0.55,0.43,2026-10-01,1108,N21,VIIRS,n,2.0NRT,299.57,13.49,D
-9.97973,31.66316,340.09,0.51,0.41,2026-10-01,1108,N21,VIIRS,l,2.0NRT,301.24,8.35,D
-9.97946,31.11042,338.67,0.55,0.43,2026-10-01,1108,N21,VIIRS,n,2.0NRT,295.08,5.78,D
-9.97929,31.66454,341.53,0.51,0.41,2026-10-01,1108,N21,VIIRS,n,2.0NRT,299.43,8.96,D
-9.97891,32.12828,337.01,0.48,0.4,2026-10-01,1108,N21,VIIRS,l,2.0NRT,309.88,10.15,D
-9.97734,32.86608,337.96,0.45,0.39,2026-10-01,1108,N21,VIIRS,l,2.0NRT,310.09,6.08,D
-9.97321,32.86961,339.95,0.45,0.39,2026-10-01,1108,N21,VIIRS,l,2.0NRT,309.36,6.08,D
-9.96642,29.45975,332.5,0.47,0.48,2026-10-01,1108,N21,VIIRS,l,2.0NRT,305.23,7.02,D
-9.96594,31.59627,337.18,0.52,0.41,2026-10-01,1108,N21,VIIRS,l,2.0NRT,293.63,7.56,D
-9.9612,33.125,334.32,0.44,0.38,2026-10-01,1108,N21,VIIRS,l,2.0NRT,306.68,5.54,D
-9.96061,33.12901,338.8,0.44,0.38,2026-10-01,1108,N21,VIIRS,l,2.0NRT,308.83,5.54,D
-9.95792,32.92533,334.2,0.44,0.39,2026-10-01,1108,N21,VIIRS,l,2.0NRT,306.95,5.62,D
-9.95769,33.12451,347.22,0.44,0.38,2026-10-01,1108,N21,VIIRS,n,2.0NRT,308.62,5.54,D
-9.95713,29.0593,353.25,0.5,0.49,2026-10-01,1108,N21,VIIRS,n,2.0NRT,302.88,19.24,D
-9.95652,33.13248,342.89,0.44,0.38,2026-10-01,1108,N21,VIIRS,n,2.0NRT,309.13,6.49,D
-9.95594,33.13644,345.88,0.44,0.38,2026-10-01,1108,N21,VIIRS,n,2.0NRT,310.02,6.49,D
-9.95244,33.13591,334.35,0.44,0.38,2026-10-01,1108,N21,VIIRS,l,2.0NRT,308.11,3.94,D
-9.93634,29.44268,343.85,0.47,0.48,2026-10-01,1108,N21,VIIRS,n,2.0NRT,302,5.4,D
-9.9307,32.88856,335.85,0.45,0.39,2026-10-01,1108,N21,VIIRS,l,2.0NRT,307.08,6.18,D
-9.93013,32.89257,335.82,0.45,0.39,2026-10-01,1108,N21,VIIRS,l,2.0NRT,306.39,5.28,D
-9.92877,23.00457,327.68,0.65,0.73,2026-10-01,1108,N21,VIIRS,n,2.0NRT,280.31,10.55,D
-9.9243,32.11604,339.65,0.48,0.4,2026-10-01,1108,N21,VIIRS,l,2.0NRT,307.93,12.14,D
-9.92292,31.9221,338.08,0.5,0.41,2026-10-01,1108,N21,VIIRS,n,2.0NRT,299.24,5.19,D
-9.91494,33.39138,331.98,0.43,0.38,2026-10-01,1108,N21,VIIRS,n,2.0NRT,305.53,1.5,D
-9.91355,32.75816,353.98,0.45,0.39,2026-10-01,1108,N21,VIIRS,l,2.0NRT,310.88,21.21,D
-9.91058,32.75358,337.17,0.45,0.39,2026-10-01,1108,N21,VIIRS,l,2.0NRT,307.21,19.73,D
-9.90824,29.08458,339.54,0.5,0.49,2026-10-01,1108,N21,VIIRS,n,2.0NRT,299.09,7.56,D
-9.90775,30.87587,330.7,0.57,0.43,2026-10-01,1108,N21,VIIRS,n,2.0NRT,297.18,7.3,D
-9.90379,30.87533,339.39,0.57,0.43,2026-10-01,1108,N21,VIIRS,n,2.0NRT,298.45,9.77,D
-9.90308,33.68611,339.91,0.42,0.37,2026-10-01,1108,N21,VIIRS,l,2.0NRT,305.53,5.49,D
-9.90213,31.17346,349.21,0.55,0.42,2026-10-01,1108,N21,VIIRS,n,2.0NRT,302.31,22.87,D
-9.90048,32.74801,336.75,0.45,0.39,2026-10-01,1108,N21,VIIRS,l,2.0NRT,310.92,5.59,D
-9.89883,30.9112,333.95,0.57,0.43,2026-10-01,1108,N21,VIIRS,n,2.0NRT,297.84,6.81,D
-9.89867,29.52362,341.67,0.46,0.47,2026-10-01,1108,N21,VIIRS,n,2.0NRT,305.39,11.81,D
-9.89623,31.9229,333.94,0.5,0.41,2026-10-01,1108,N21,VIIRS,l,2.0NRT,303.9,7.03,D
-9.89445,30.88447,334.49,0.57,0.43,2026-10-01,1108,N21,VIIRS,n,2.0NRT,297.97,5.19,D
-9.87574,32.91785,343.44,0.44,0.39,2026-10-01,1108,N21,VIIRS,n,2.0NRT,306.86,9.77,D
-9.87165,29.06378,336.11,0.5,0.49,2026-10-01,1108,N21,VIIRS,n,2.0NRT,297.39,4.76,D
-9.85448,32.44532,350.56,0.47,0.39,2026-10-01,1108,N21,VIIRS,n,2.0NRT,309.23,8.14,D
-9.85386,32.44955,335.32,0.47,0.39,2026-10-01,1108,N21,VIIRS,l,2.0NRT,305.19,8.14,D
-9.85109,32.96346,334.18,0.44,0.38,2026-10-01,1108,N21,VIIRS,l,2.0NRT,308.49,3.7,D
-9.84927,31.40849,334.66,0.53,0.42,2026-10-01,1108,N21,VIIRS,n,2.0NRT,299.19,2.99,D
-9.84813,32.95898,348.22,0.44,0.38,2026-10-01,1108,N21,VIIRS,l,2.0NRT,308.74,8.79,D
-9.84455,33.43829,336.34,0.42,0.38,2026-10-01,1108,N21,VIIRS,n,2.0NRT,307.75,4.34,D
-9.84345,32.96645,337.23,0.44,0.38,2026-10-01,1108,N21,VIIRS,n,2.0NRT,306.64,3.89,D
-9.84288,32.97042,340.75,0.44,0.38,2026-10-01,1108,N21,VIIRS,l,2.0NRT,308.09,5.89,D
-9.83878,32.97391,341.98,0.44,0.38,2026-10-01,1108,N21,VIIRS,l,2.0NRT,309.55,4.29,D
-9.83395,32.93254,334.88,0.44,0.39,2026-10-01,1108,N21,VIIRS,l,2.0NRT,309.79,4.19,D
-9.83296,31.35741,337.92,0.53,0.42,2026-10-01,1108,N21,VIIRS,n,2.0NRT,295.11,5.43,D
-9.82774,22.63275,329.4,0.69,0.74,2026-10-01,1108,N21,VIIRS,n,2.0NRT,290.39,26.39,D
-9.827,22.63889,367,0.69,0.74,2026-10-01,1108,N21,VIIRS,h,2.0NRT,293.71,26.39,D
-9.827,33.17806,345.61,0.43,0.38,2026-10-01,1108,N21,VIIRS,n,2.0NRT,315.98,22.45,D
-9.82643,33.18199,367,0.43,0.38,2026-10-01,1108,N21,VIIRS,h,2.0NRT,314.3,22.45,D
-9.82625,22.64508,367,0.69,0.74,2026-10-01,1108,N21,VIIRS,h,2.0NRT,293.33,39.3,D
-9.82585,33.18592,342.37,0.43,0.38,2026-10-01,1108,N21,VIIRS,n,2.0NRT,311.41,5.95,D
-9.81601,32.85624,349.3,0.45,0.39,2026-10-01,1108,N21,VIIRS,l,2.0NRT,305.29,8.52,D
-9.81543,32.86029,343.42,0.45,0.39,2026-10-01,1108,N21,VIIRS,l,2.0NRT,308.79,10.72,D
-9.8119,32.85974,336.84,0.45,0.39,2026-10-01,1108,N21,VIIRS,l,2.0NRT,306.81,2.69,D
-9.80214,32.13679,337.28,0.48,0.4,2026-10-01,1108,N21,VIIRS,l,2.0NRT,307.99,9.36,D
-9.80213,32.13533,338.08,0.48,0.4,2026-10-01,1108,N21,VIIRS,l,2.0NRT,309.05,10.6,D
-9.79959,29.12702,335.4,0.49,0.49,2026-10-01,1108,N21,VIIRS,n,2.0NRT,302.31,3.61,D
-9.79847,32.13627,345.24,0.48,0.4,2026-10-01,1108,N21,VIIRS,n,2.0NRT,308.41,9.36,D
-9.79846,32.13481,348.25,0.48,0.4,2026-10-01,1108,N21,VIIRS,n,2.0NRT,309.11,12.49,D
-9.79532,31.27534,341.87,0.54,0.42,2026-10-01,1108,N21,VIIRS,n,2.0NRT,294.4,19.91,D
-9.7889,32.91805,337.48,0.44,0.39,2026-10-01,1108,N21,VIIRS,l,2.0NRT,307.36,5.56,D
-9.77585,29.0426,342.42,0.5,0.49,2026-10-01,1108,N21,VIIRS,n,2.0NRT,297.13,16.67,D
-9.77343,29.25667,331.46,0.48,0.48,2026-10-01,1108,N21,VIIRS,l,2.0NRT,302.8,4.81,D
-9.77322,29.25715,331.05,0.48,0.48,2026-10-01,1108,N21,VIIRS,l,2.0NRT,302.53,5.39,D
-9.77245,31.38057,336.99,0.53,0.42,2026-10-01,1108,N21,VIIRS,n,2.0NRT,301.36,12.89,D
-9.77177,31.38533,333.23,0.53,0.42,2026-10-01,1108,N21,VIIRS,n,2.0NRT,296.1,7.22,D
-9.75622,28.95217,348.92,0.5,0.49,2026-10-01,1108,N21,VIIRS,n,2.0NRT,299.84,12.58,D
-9.75545,32.99892,334.09,0.44,0.38,2026-10-01,1108,N21,VIIRS,l,2.0NRT,306,2.28,D
-9.75488,33.00284,338.89,0.44,0.38,2026-10-01,1108,N21,VIIRS,l,2.0NRT,307.71,2.28,D
-9.75093,30.99714,345.59,0.56,0.43,2026-10-01,1108,N21,VIIRS,n,2.0NRT,297.25,113.61,D
-9.72936,31.00653,346.05,0.56,0.43,2026-10-01,1108,N21,VIIRS,n,2.0NRT,301.08,28.87,D
-9.72919,33.03139,351.36,0.44,0.38,2026-10-01,1108,N21,VIIRS,n,2.0NRT,307.86,5.77,D
-9.72865,31.01155,349.69,0.56,0.43,2026-10-01,1108,N21,VIIRS,n,2.0NRT,302.17,14.72,D
-9.72805,33.03928,332.92,0.44,0.38,2026-10-01,1108,N21,VIIRS,l,2.0NRT,307.32,3.75,D
-9.72568,33.03093,337.15,0.44,0.38,2026-10-01,1108,N21,VIIRS,l,2.0NRT,308.87,5.77,D
-9.72544,31.00601,352.02,0.56,0.43,2026-10-01,1108,N21,VIIRS,n,2.0NRT,299.27,19.15,D
-9.72472,31.01103,343.25,0.56,0.43,2026-10-01,1108,N21,VIIRS,n,2.0NRT,303.27,17.89,D
-9.71667,32.96912,346.73,0.44,0.38,2026-10-01,1108,N21,VIIRS,n,2.0NRT,307.61,5.82,D
-9.71304,22.24368,326.5,0.73,0.76,2026-10-01,1108,N21,VIIRS,n,2.0NRT,290.97,8.96,D
-9.71222,22.24622,332.22,0.73,0.76,2026-10-01,1108,N21,VIIRS,n,2.0NRT,289.42,8.23,D
-9.71205,33.79488,335.02,0.41,0.37,2026-10-01,1108,N21,VIIRS,l,2.0NRT,305.25,5.34,D
-9.70906,32.77162,336.01,0.45,0.39,2026-10-01,1108,N21,VIIRS,n,2.0NRT,302,3.18,D
-9.70896,32.77075,344.96,0.45,0.39,2026-10-01,1108,N21,VIIRS,n,2.0NRT,302.76,3.56,D
-9.70372,32.78328,344.29,0.45,0.39,2026-10-01,1108,N21,VIIRS,l,2.0NRT,308.66,9.44,D
-9.70368,32.78243,347.14,0.45,0.39,2026-10-01,1108,N21,VIIRS,l,2.0NRT,307.94,8.8,D
-9.69493,31.10859,348.26,0.55,0.43,2026-10-01,1108,N21,VIIRS,n,2.0NRT,303.29,10.5,D
-9.69422,31.11357,334.39,0.55,0.42,2026-10-01,1108,N21,VIIRS,n,2.0NRT,301.16,10.5,D
-9.6916,30.99087,345.6,0.56,0.43,2026-10-01,1108,N21,VIIRS,n,2.0NRT,299.05,10.18,D
-9.69135,31.07772,335.26,0.55,0.43,2026-10-01,1108,N21,VIIRS,n,2.0NRT,299.9,11.77,D
-9.69104,31.10806,330.58,0.55,0.43,2026-10-01,1108,N21,VIIRS,n,2.0NRT,298.34,10.5,D
-9.69033,31.11303,346.11,0.55,0.42,2026-10-01,1108,N21,VIIRS,n,2.0NRT,298.35,10.5,D
-9.68893,32.78529,337.33,0.45,0.39,2026-10-01,1108,N21,VIIRS,l,2.0NRT,307.25,9.07,D
-9.68885,30.86652,343.62,0.57,0.43,2026-10-01,1108,N21,VIIRS,n,2.0NRT,297.46,9.4,D
-9.68767,30.99037,347.17,0.56,0.43,2026-10-01,1108,N21,VIIRS,n,2.0NRT,303.85,43.67,D
-9.68599,32.7558,343.05,0.45,0.39,2026-10-01,1108,N21,VIIRS,n,2.0NRT,305.4,11.06,D
-9.68101,32.99248,348.63,0.44,0.38,2026-10-01,1108,N21,VIIRS,n,2.0NRT,310.61,14.39,D
-9.6751,27.91456,334.35,0.59,0.53,2026-10-01,1108,N21,VIIRS,n,2.0NRT,292.86,6.82,D
-9.6578,33.68705,330.2,0.41,0.37,2026-10-01,1108,N21,VIIRS,l,2.0NRT,304.28,5.79,D
-9.64912,30.98008,331.78,0.56,0.43,2026-10-01,1108,N21,VIIRS,n,2.0NRT,295.36,4.17,D
-9.64667,29.26364,334.29,0.48,0.48,2026-10-01,1108,N21,VIIRS,n,2.0NRT,288.47,13.03,D
-9.64607,29.26792,339.48,0.48,0.48,2026-10-01,1108,N21,VIIRS,n,2.0NRT,293.44,13.03,D
-9.62488,28.07375,341.4,0.57,0.52,2026-10-01,1108,N21,VIIRS,n,2.0NRT,298.5,19.13,D
-9.62313,31.16894,331.57,0.54,0.42,2026-10-01,1108,N21,VIIRS,n,2.0NRT,293.92,4.41,D
-9.62295,33.13767,336.26,0.43,0.38,2026-10-01,1108,N21,VIIRS,l,2.0NRT,307.31,1.9,D
-9.6201,28.07316,340.48,0.57,0.52,2026-10-01,1108,N21,VIIRS,n,2.0NRT,295.42,19.13,D
-9.61971,31.30713,344.66,0.53,0.42,2026-10-01,1108,N21,VIIRS,n,2.0NRT,300.62,6.72,D
-9.61904,31.31198,331.74,0.53,0.42,2026-10-01,1108,N21,VIIRS,n,2.0NRT,300.01,6.72,D
-9.6127,30.5767,331.87,0.39,0.44,2026-10-01,1108,N21,VIIRS,n,2.0NRT,297.88,6.54,D
-9.60922,31.68353,351.01,0.51,0.41,2026-10-01,1108,N21,VIIRS,n,2.0NRT,301.35,15.53,D
-9.60056,28.97031,339.5,0.5,0.49,2026-10-01,1108,N21,VIIRS,n,2.0NRT,296.22,9.64,D
-9.59717,30.8358,336.53,0.57,0.43,2026-10-01,1108,N21,VIIRS,n,2.0NRT,296.08,16.86,D
-9.59705,30.74937,346.59,0.38,0.43,2026-10-01,1108,N21,VIIRS,n,2.0NRT,295.9,8.01,D
-9.59646,30.84092,342.52,0.57,0.43,2026-10-01,1108,N21,VIIRS,n,2.0NRT,298.8,22.4,D
-9.59391,31.49203,334.42,0.52,0.41,2026-10-01,1108,N21,VIIRS,l,2.0NRT,299.85,11.46,D
-9.59259,30.75231,332.06,0.38,0.43,2026-10-01,1108,N21,VIIRS,n,2.0NRT,293.27,8.01,D
-9.59249,30.84046,339.75,0.57,0.43,2026-10-01,1108,N21,VIIRS,n,2.0NRT,299.15,19.9,D
-9.59195,31.75093,333.72,0.5,0.41,2026-10-01,1108,N21,VIIRS,l,2.0NRT,299.97,10.98,D
-9.59161,31.56358,341.4,0.51,0.41,2026-10-01,1108,N21,VIIRS,n,2.0NRT,303.23,24.55,D
-9.59133,31.34254,335.09,0.53,0.42,2026-10-01,1108,N21,VIIRS,n,2.0NRT,303.37,6.39,D
-9.59082,31.59657,343.96,0.51,0.41,2026-10-01,1108,N21,VIIRS,n,2.0NRT,305.58,15.11,D
-9.5886,30.75183,334.92,0.38,0.43,2026-10-01,1108,N21,VIIRS,n,2.0NRT,294.01,7.16,D
-9.5882,31.75041,334.63,0.5,0.41,2026-10-01,1108,N21,VIIRS,l,2.0NRT,300.81,4.45,D
-9.58782,31.56311,339.27,0.51,0.41,2026-10-01,1108,N21,VIIRS,n,2.0NRT,308,24.55,D
-9.58554,31.52422,346.51,0.52,0.41,2026-10-01,1108,N21,VIIRS,n,2.0NRT,306.58,33.19,D
-9.58474,30.50279,340.29,0.4,0.44,2026-10-01,1108,N21,VIIRS,n,2.0NRT,294.99,7.73,D
-9.58462,30.7513,342.37,0.38,0.43,2026-10-01,1108,N21,VIIRS,n,2.0NRT,297.72,7.16,D
-9.58244,30.85481,334.43,0.57,0.43,2026-10-01,1108,N21,VIIRS,n,2.0NRT,298.83,4.5,D
-9.5807,30.50221,342.08,0.4,0.44,2026-10-01,1108,N21,VIIRS,n,2.0NRT,298.98,8.09,D
-9.58065,30.75075,337.18,0.38,0.43,2026-10-01,1108,N21,VIIRS,n,2.0NRT,297.28,6.78,D
-9.56045,27.97,332.33,0.58,0.52,2026-10-01,1108,N21,VIIRS,n,2.0NRT,294.18,4.33,D
-9.55514,31.41302,335.88,0.52,0.42,2026-10-01,1108,N21,VIIRS,l,2.0NRT,299.93,4.62,D
-9.55455,30.79365,337.08,0.57,0.43,2026-10-01,1108,N21,VIIRS,n,2.0NRT,295.59,6.45,D
-9.55115,30.79556,338.08,0.57,0.43,2026-10-01,1108,N21,VIIRS,n,2.0NRT,296.51,13.54,D
-9.55058,30.79314,346.46,0.57,0.43,2026-10-01,1108,N21,VIIRS,n,2.0NRT,297.15,15.14,D
-9.54865,31.43118,331.75,0.52,0.42,2026-10-01,1108,N21,VIIRS,l,2.0NRT,301.42,4.12,D
-9.54107,30.75272,341.3,0.57,0.43,2026-10-01,1108,N21,VIIRS,n,2.0NRT,296.39,6.28,D
-9.54035,30.75783,331.23,0.57,0.43,2026-10-01,1108,N21,VIIRS,n,2.0NRT,297.03,6.28,D
-9.53636,30.75739,330.18,0.57,0.43,2026-10-01,1108,N21,VIIRS,n,2.0NRT,296.03,9.04,D
-9.53544,31.73602,335.79,0.5,0.41,2026-10-01,1108,N21,VIIRS,l,2.0NRT,307.37,6.54,D
-9.52687,32.95522,335.9,0.44,0.38,2026-10-01,1108,N21,VIIRS,l,2.0NRT,309.36,3.57,D
-9.51477,30.70914,345.94,0.38,0.43,2026-10-01,1108,N21,VIIRS,n,2.0NRT,300.22,14.24,D
-9.51428,30.71265,341.49,0.38,0.43,2026-10-01,1108,N21,VIIRS,n,2.0NRT,301.88,14.24,D
-9.51298,31.12672,344.19,0.54,0.42,2026-10-01,1108,N21,VIIRS,n,2.0NRT,301.36,16.42,D
-9.50639,31.1075,334.01,0.54,0.42,2026-10-01,1108,N21,VIIRS,n,2.0NRT,301.93,5.37,D
-9.50607,31.64787,330.13,0.51,0.41,2026-10-01,1108,N21,VIIRS,l,2.0NRT,300.93,1.71,D
-9.50582,32.97669,339.24,0.44,0.38,2026-10-01,1108,N21,VIIRS,l,2.0NRT,306.24,3.41,D
-9.50406,31.10524,337.07,0.55,0.42,2026-10-01,1108,N21,VIIRS,n,2.0NRT,303.15,11.01,D
-9.50379,30.70059,351.22,0.38,0.44,2026-10-01,1108,N21,VIIRS,n,2.0NRT,300.57,20.47,D
-9.50328,31.97602,353.07,0.49,0.4,2026-10-01,1108,N21,VIIRS,n,2.0NRT,311.16,22.83,D
-9.50296,31.64278,330.57,0.51,0.41,2026-10-01,1108,N21,VIIRS,l,2.0NRT,304,11.38,D
-9.50231,31.64737,330.33,0.51,0.41,2026-10-01,1108,N21,VIIRS,l,2.0NRT,303.94,7.59,D
-9.5023,30.56369,333.39,0.39,0.44,2026-10-01,1108,N21,VIIRS,n,2.0NRT,298.32,8.58,D
-9.50132,30.57081,340.35,0.39,0.44,2026-10-01,1108,N21,VIIRS,n,2.0NRT,292.83,4.53,D
-9.49921,30.43553,336.35,0.4,0.44,2026-10-01,1108,N21,VIIRS,n,2.0NRT,286.03,7.14,D
-9.49881,30.43467,355.46,0.4,0.44,2026-10-01,1108,N21,VIIRS,n,2.0NRT,286.7,13.21,D
-9.49682,30.57377,347.3,0.39,0.44,2026-10-01,1108,N21,VIIRS,n,2.0NRT,298.36,11.49,D
-9.49621,30.54829,335.86,0.39,0.44,2026-10-01,1108,N21,VIIRS,n,2.0NRT,295.1,11.55,D
-9.49572,30.55185,354.13,0.39,0.44,2026-10-01,1108,N21,VIIRS,n,2.0NRT,295.48,11.55,D
-9.49524,30.55541,344.73,0.39,0.44,2026-10-01,1108,N21,VIIRS,n,2.0NRT,298.66,10.62,D
-9.49515,30.43497,342.72,0.4,0.44,2026-10-01,1108,N21,VIIRS,n,2.0NRT,292.76,7.14,D
-9.49475,30.55896,333.86,0.39,0.44,2026-10-01,1108,N21,VIIRS,n,2.0NRT,298.78,10.62,D
-9.49467,30.43858,339.96,0.4,0.44,2026-10-01,1108,N21,VIIRS,n,2.0NRT,292.67,8.11,D
-9.49418,30.4422,339.58,0.4,0.44,2026-10-01,1108,N21,VIIRS,n,2.0NRT,293.16,8.11,D
-9.49372,30.44136,340.89,0.4,0.44,2026-10-01,1108,N21,VIIRS,n,2.0NRT,296.12,16.99,D
-9.49281,30.57319,332.35,0.39,0.44,2026-10-01,1108,N21,VIIRS,l,2.0NRT,302.52,11.49,D
-9.49013,33.3277,334.58,0.42,0.38,2026-10-01,1108,N21,VIIRS,l,2.0NRT,307.04,3.84,D
-9.48917,31.97572,340.53,0.49,0.4,2026-10-01,1108,N21,VIIRS,l,2.0NRT,307.34,8.21,D
-9.48548,31.9752,347.81,0.49,0.4,2026-10-01,1108,N21,VIIRS,n,2.0NRT,307.73,15.82,D
-9.4851,33.71903,335.58,0.41,0.37,2026-10-01,1108,N21,VIIRS,l,2.0NRT,306.81,5.76,D
-9.48303,30.45845,353.02,0.4,0.44,2026-10-01,1108,N21,VIIRS,n,2.0NRT,296.77,12.72,D
-9.48252,30.46206,334.98,0.4,0.44,2026-10-01,1108,N21,VIIRS,n,2.0NRT,291.33,12.72,D
-9.47725,31.63473,332.6,0.51,0.41,2026-10-01,1108,N21,VIIRS,l,2.0NRT,305.28,4.42,D
-9.47543,30.75905,345.39,0.57,0.43,2026-10-01,1108,N21,VIIRS,n,2.0NRT,296.62,17.29,D
-9.47285,30.74843,345.95,0.57,0.43,2026-10-01,1108,N21,VIIRS,n,2.0NRT,296.77,22.56,D
-9.47107,31.89213,335.36,0.49,0.4,2026-10-01,1108,N21,VIIRS,l,2.0NRT,306.77,11.24,D
-9.4705,30.79478,333.54,0.57,0.43,2026-10-01,1108,N21,VIIRS,n,2.0NRT,295.81,6.86,D
-9.47044,31.8965,353.21,0.49,0.4,2026-10-01,1108,N21,VIIRS,n,2.0NRT,306.73,11.24,D
-9.46706,31.97246,331.7,0.49,0.4,2026-10-01,1108,N21,VIIRS,l,2.0NRT,304.94,2.91,D
-9.46068,30.14072,342.71,0.42,0.45,2026-10-01,1108,N21,VIIRS,n,2.0NRT,304.61,19.86,D
-9.46017,30.14448,343.52,0.42,0.45,2026-10-01,1108,N21,VIIRS,n,2.0NRT,303.63,19.86,D
-9.45655,30.14015,353.86,0.42,0.45,2026-10-01,1108,N21,VIIRS,n,2.0NRT,314.88,36.71,D
-9.45604,30.14391,343.89,0.42,0.45,2026-10-01,1108,N21,VIIRS,n,2.0NRT,304.41,36.71,D
-9.45386,33.59724,334.64,0.41,0.37,2026-10-01,1108,N21,VIIRS,n,2.0NRT,299.45,3.61,D
-9.45368,33.06554,338.1,0.43,0.38,2026-10-01,1108,N21,VIIRS,l,2.0NRT,305.56,2.53,D
-9.45075,33.06112,348,0.43,0.38,2026-10-01,1108,N21,VIIRS,n,2.0NRT,306.38,8.61,D
-9.44929,33.06072,345.87,0.43,0.38,2026-10-01,1108,N21,VIIRS,n,2.0NRT,305.84,7.38,D
-9.43855,32.04005,333.56,0.48,0.4,2026-10-01,1108,N21,VIIRS,l,2.0NRT,308.05,3.79,D
-9.43767,31.8877,335.29,0.49,0.4,2026-10-01,1108,N21,VIIRS,l,2.0NRT,305.29,7.33,D
-9.43383,33.66196,331.27,0.41,0.37,2026-10-01,1108,N21,VIIRS,l,2.0NRT,301.64,2.75,D
-9.43181,31.59743,333.54,0.51,0.41,2026-10-01,1108,N21,VIIRS,l,2.0NRT,306.25,3.97,D
-9.43099,31.70864,337.33,0.5,0.41,2026-10-01,1108,N21,VIIRS,l,2.0NRT,309.03,3.96,D
-9.43041,33.66148,335.46,0.41,0.37,2026-10-01,1108,N21,VIIRS,l,2.0NRT,304.78,2.75,D
-9.4282,31.7117,333.82,0.5,0.41,2026-10-01,1108,N21,VIIRS,l,2.0NRT,307.41,4.93,D
-9.42648,30.50942,345.28,0.39,0.44,2026-10-01,1108,N21,VIIRS,n,2.0NRT,299.31,13.71,D
-9.42542,30.30691,351.05,0.41,0.45,2026-10-01,1108,N21,VIIRS,n,2.0NRT,301.72,19.32,D
-9.42498,31.06657,334.54,0.55,0.42,2026-10-01,1108,N21,VIIRS,n,2.0NRT,297.7,7.59,D
-9.41921,30.62027,343.85,0.39,0.44,2026-10-01,1108,N21,VIIRS,n,2.0NRT,300.6,7.53,D
-9.41819,31.66515,330.38,0.51,0.41,2026-10-01,1108,N21,VIIRS,l,2.0NRT,305.22,2.44,D
-9.41556,30.55852,352,0.39,0.44,2026-10-01,1108,N21,VIIRS,n,2.0NRT,305.26,12.27,D
-9.41507,30.56204,334.23,0.39,0.44,2026-10-01,1108,N21,VIIRS,n,2.0NRT,298.55,12.27,D
-9.4143,25.19955,336.41,0.45,0.63,2026-10-01,1108,N21,VIIRS,n,2.0NRT,290.22,5.94,D
-9.41413,31.61353,331.42,0.51,0.41,2026-10-01,1108,N21,VIIRS,l,2.0NRT,306.05,1.46,D
-9.41362,31.5903,330.57,0.51,0.41,2026-10-01,1108,N21,VIIRS,l,2.0NRT,304.44,2.61,D
-9.41297,31.59483,333.19,0.51,0.41,2026-10-01,1108,N21,VIIRS,l,2.0NRT,304.48,2.61,D
-9.40809,30.31208,347.37,0.41,0.45,2026-10-01,1108,N21,VIIRS,n,2.0NRT,302.39,7.07,D
-9.40808,30.31206,347.19,0.4,0.45,2026-10-01,1108,N21,VIIRS,n,2.0NRT,302.18,10.31,D
-9.40562,22.96307,328.62,0.64,0.72,2026-10-01,1108,N21,VIIRS,n,2.0NRT,287.89,8.73,D
-9.40277,30.50266,337.39,0.39,0.44,2026-10-01,1108,N21,VIIRS,n,2.0NRT,302.04,5.28,D
-9.40228,30.50624,342.25,0.39,0.44,2026-10-01,1108,N21,VIIRS,n,2.0NRT,297.97,7.24,D
-9.39859,30.96652,333.65,0.55,0.43,2026-10-01,1108,N21,VIIRS,n,2.0NRT,299.19,4.95,D
-9.39789,32.62507,336.62,0.45,0.39,2026-10-01,1108,N21,VIIRS,l,2.0NRT,305.32,14.72,D
-9.3957,31.84662,343.28,0.49,0.41,2026-10-01,1108,N21,VIIRS,n,2.0NRT,305.3,5.3,D
-9.39345,25.70375,331.87,0.42,0.61,2026-10-01,1108,N21,VIIRS,n,2.0NRT,289.48,5.25,D
-9.38139,30.41207,339.28,0.4,0.44,2026-10-01,1108,N21,VIIRS,n,2.0NRT,294.3,5.24,D
-9.37821,30.62201,353.22,0.39,0.44,2026-10-01,1108,N21,VIIRS,n,2.0NRT,305.65,13.43,D
-9.37469,30.61799,350.45,0.39,0.44,2026-10-01,1108,N21,VIIRS,n,2.0NRT,314.18,21.33,D
-9.37444,31.37483,335.38,0.52,0.42,2026-10-01,1108,N21,VIIRS,n,2.0NRT,299.64,4.15,D
-9.37421,30.62147,342.78,0.39,0.44,2026-10-01,1108,N21,VIIRS,n,2.0NRT,305.97,21.33,D
-9.3736,31.81595,350.37,0.5,0.41,2026-10-01,1108,N21,VIIRS,n,2.0NRT,308.51,33.3,D
-9.37185,31.37119,351.08,0.52,0.42,2026-10-01,1108,N21,VIIRS,n,2.0NRT,302.27,10.48,D
-9.37129,31.3695,345.79,0.52,0.42,2026-10-01,1108,N21,VIIRS,n,2.0NRT,300.35,6.22,D
-9.37116,30.61398,367,0.39,0.44,2026-10-01,1108,N21,VIIRS,h,2.0NRT,305.04,15.57,D
-9.37069,30.61744,345.84,0.39,0.44,2026-10-01,1108,N21,VIIRS,n,2.0NRT,307.23,21.33,D
-9.37063,31.37424,330.45,0.52,0.42,2026-10-01,1108,N21,VIIRS,l,2.0NRT,300.23,3.05,D
-9.36925,31.81986,346.95,0.5,0.41,2026-10-01,1108,N21,VIIRS,n,2.0NRT,306.34,11.91,D
-9.36718,30.6133,344.61,0.39,0.44,2026-10-01,1108,N21,VIIRS,n,2.0NRT,302.39,4.49,D
-9.36369,33.03582,335.3,0.43,0.38,2026-10-01,1108,N21,VIIRS,l,2.0NRT,308.87,4.71,D
-9.35551,25.52113,333.77,0.43,0.62,2026-10-01,1108,N21,VIIRS,n,2.0NRT,290.65,3.59,D
-9.35486,33.17083,338.06,0.43,0.38,2026-10-01,1108,N21,VIIRS,n,2.0NRT,307.26,4.27,D
-9.34741,31.86668,331.45,0.49,0.4,2026-10-01,1108,N21,VIIRS,l,2.0NRT,306.06,3.9,D
-9.34635,31.30468,331.88,0.53,0.42,2026-10-01,1108,N21,VIIRS,l,2.0NRT,303.16,3.75,D
-9.3443,33.14563,340.55,0.43,0.38,2026-10-01,1108,N21,VIIRS,n,2.0NRT,306.09,6.36,D
-9.34417,33.01384,332.96,0.43,0.38,2026-10-01,1108,N21,VIIRS,l,2.0NRT,307.22,4.21,D
-9.33444,31.49563,344.61,0.52,0.41,2026-10-01,1108,N21,VIIRS,n,2.0NRT,302.72,3.51,D
-9.32887,25.90118,349.57,0.4,0.6,2026-10-01,1108,N21,VIIRS,n,2.0NRT,288.34,7.41,D
-9.32841,25.90468,334.45,0.4,0.6,2026-10-01,1108,N21,VIIRS,n,2.0NRT,288.49,7.41,D
-9.31747,31.23244,342.62,0.53,0.42,2026-10-01,1108,N21,VIIRS,n,2.0NRT,301.78,9.58,D
-9.31694,31.6432,345.94,0.51,0.41,2026-10-01,1108,N21,VIIRS,n,2.0NRT,304.85,10.86,D
-9.31613,31.24195,345.73,0.53,0.42,2026-10-01,1108,N21,VIIRS,n,2.0NRT,302.7,6.79,D
-9.3137,31.11861,342.08,0.54,0.42,2026-10-01,1108,N21,VIIRS,n,2.0NRT,305.9,80.22,D
-9.31361,31.23195,341.25,0.53,0.42,2026-10-01,1108,N21,VIIRS,n,2.0NRT,305.44,8.31,D
-9.31043,31.22668,339.97,0.53,0.42,2026-10-01,1108,N21,VIIRS,n,2.0NRT,300,9.81,D
-9.30977,31.23144,336.73,0.53,0.42,2026-10-01,1108,N21,VIIRS,n,2.0NRT,303.66,8.31,D
-9.30269,31.33754,338.93,0.53,0.42,2026-10-01,1108,N21,VIIRS,l,2.0NRT,306.46,6.15,D
-9.30207,30.71301,331.48,0.57,0.43,2026-10-01,1108,N21,VIIRS,n,2.0NRT,299.68,117.37,D
-9.29576,33.02731,339.52,0.43,0.38,2026-10-01,1108,N21,VIIRS,n,2.0NRT,308.11,12.26,D
-9.29171,33.03065,339.41,0.43,0.38,2026-10-01,1108,N21,VIIRS,l,2.0NRT,306.85,7.84,D
-9.28663,31.36884,331.06,0.52,0.42,2026-10-01,1108,N21,VIIRS,l,2.0NRT,303.21,3.27,D
-9.28628,33.71283,338.03,0.41,0.37,2026-10-01,1108,N21,VIIRS,n,2.0NRT,300.71,6.12,D
-9.28287,33.71233,335.95,0.41,0.37,2026-10-01,1108,N21,VIIRS,l,2.0NRT,297.47,8.19,D
-9.27478,31.31423,334.19,0.53,0.42,2026-10-01,1108,N21,VIIRS,n,2.0NRT,301.29,8.71,D
-9.27413,31.31893,345.85,0.53,0.42,2026-10-01,1108,N21,VIIRS,n,2.0NRT,303.41,8.71,D
-9.27403,32.0928,336.97,0.48,0.4,2026-10-01,1108,N21,VIIRS,l,2.0NRT,310.64,8.11,D
-9.27295,33.42271,338.3,0.42,0.38,2026-10-01,1108,N21,VIIRS,n,2.0NRT,302.15,6.96,D
-9.27095,30.61561,345.69,0.39,0.44,2026-10-01,1108,N21,VIIRS,n,2.0NRT,304.58,29.04,D
-9.26906,31.11487,336.52,0.54,0.42,2026-10-01,1108,N21,VIIRS,n,2.0NRT,304.46,10.17,D
-9.26302,30.70272,333.9,0.57,0.43,2026-10-01,1108,N21,VIIRS,n,2.0NRT,300.11,6.83,D
-9.26137,24.73236,328.34,0.48,0.65,2026-10-01,1108,N21,VIIRS,n,2.0NRT,288.14,2.94,D
-9.25974,31.85501,337.68,0.49,0.4,2026-10-01,1108,N21,VIIRS,l,2.0NRT,307.48,4.07,D
-9.2594,28.91455,342.61,0.5,0.49,2026-10-01,1108,N21,VIIRS,n,2.0NRT,291.23,6.25,D
-9.25352,31.52245,335.94,0.51,0.41,2026-10-01,1108,N21,VIIRS,l,2.0NRT,310.63,15.42,D
-9.25283,31.71757,331.07,0.5,0.41,2026-10-01,1108,N21,VIIRS,l,2.0NRT,304.16,3.75,D
-9.24808,32.27645,343.74,0.47,0.4,2026-10-01,1108,N21,VIIRS,n,2.0NRT,307.02,6.42,D
-9.24684,31.65204,336.08,0.5,0.41,2026-10-01,1108,N21,VIIRS,l,2.0NRT,304.01,3.48,D
-9.24645,31.32716,335.66,0.53,0.42,2026-10-01,1108,N21,VIIRS,l,2.0NRT,308.04,10.18,D
-9.24365,31.67466,338.44,0.5,0.41,2026-10-01,1108,N21,VIIRS,n,2.0NRT,310.04,4.08,D
-9.23927,31.18578,347.83,0.54,0.42,2026-10-01,1108,N21,VIIRS,n,2.0NRT,301.87,14.4,D
-9.23627,33.40953,333.14,0.42,0.38,2026-10-01,1108,N21,VIIRS,l,2.0NRT,305.26,3.24,D
-9.22976,31.95885,335.3,0.49,0.4,2026-10-01,1108,N21,VIIRS,l,2.0NRT,305.51,6.49,D
-9.19872,33.45044,334.7,0.42,0.38,2026-10-01,1108,N21,VIIRS,n,2.0NRT,302.24,17.79,D
-9.19039,30.82441,332.01,0.56,0.43,2026-10-01,1108,N21,VIIRS,l,2.0NRT,304.83,8.03,D
-9.17787,30.82784,331.44,0.56,0.43,2026-10-01,1108,N21,VIIRS,n,2.0NRT,300.69,6.51,D
-9.16357,32.31683,336.8,0.46,0.39,2026-10-01,1108,N21,VIIRS,l,2.0NRT,310.37,10.64,D
-9.15537,33.45925,345.7,0.42,0.37,2026-10-01,1108,N21,VIIRS,n,2.0NRT,303.28,4.98,D
-9.15037,32.78334,338.44,0.44,0.39,2026-10-01,1108,N21,VIIRS,l,2.0NRT,311.04,11.12,D
-9.13276,32.7065,346.48,0.45,0.39,2026-10-01,1108,N21,VIIRS,l,2.0NRT,314,10.69,D
-9.12687,31.48837,331.88,0.51,0.41,2026-10-01,1108,N21,VIIRS,l,2.0NRT,303.06,3.85,D
-9.12629,31.48992,333.28,0.51,0.41,2026-10-01,1108,N21,VIIRS,n,2.0NRT,303.79,3.18,D
-9.12036,32.69233,342.43,0.45,0.39,2026-10-01,1108,N21,VIIRS,l,2.0NRT,317.26,17.99,D
-9.11698,31.72356,335.8,0.5,0.41,2026-10-01,1108,N21,VIIRS,l,2.0NRT,308.6,5.59,D
-9.11669,31.85949,336.6,0.49,0.4,2026-10-01,1108,N21,VIIRS,l,2.0NRT,311.11,10.76,D
-9.10968,33.79007,332.02,0.41,0.37,2026-10-01,1108,N21,VIIRS,l,2.0NRT,297.38,15.61,D
-9.10162,33.51538,335.58,0.42,0.37,2026-10-01,1108,N21,VIIRS,l,2.0NRT,306.97,6.29,D
-9.10106,33.51917,330.71,0.41,0.37,2026-10-01,1108,N21,VIIRS,l,2.0NRT,304.97,8,D
-9.09978,32.73467,339.85,0.44,0.39,2026-10-01,1108,N21,VIIRS,l,2.0NRT,313.08,8.65,D
-9.09738,29.17465,342.46,0.48,0.48,2026-10-01,1108,N21,VIIRS,n,2.0NRT,298.48,19.66,D
-9.0941,30.41983,347.33,0.39,0.44,2026-10-01,1108,N21,VIIRS,n,2.0NRT,300.89,12.66,D
-9.09214,33.46061,341.82,0.42,0.37,2026-10-01,1108,N21,VIIRS,n,2.0NRT,301.24,8.74,D
-9.08262,31.96727,354.1,0.48,0.4,2026-10-01,1108,N21,VIIRS,n,2.0NRT,310.42,15.52,D
-9.07896,31.41641,333.78,0.52,0.41,2026-10-01,1108,N21,VIIRS,l,2.0NRT,303.51,3.1,D
-9.07893,31.63194,335.39,0.5,0.41,2026-10-01,1108,N21,VIIRS,l,2.0NRT,304.23,4.83,D
-9.07279,29.352,331.6,0.46,0.47,2026-10-01,1108,N21,VIIRS,n,2.0NRT,291.87,3.5,D
-9.06357,32.65996,345.28,0.45,0.39,2026-10-01,1108,N21,VIIRS,l,2.0NRT,316.33,12.19,D
-9.06182,29.36749,338.4,0.46,0.47,2026-10-01,1108,N21,VIIRS,n,2.0NRT,293.37,2.91,D
-9.0505,30.73477,343.99,0.57,0.43,2026-10-01,1108,N21,VIIRS,n,2.0NRT,304.06,78.47,D
-9.0444,32.46722,340.93,0.46,0.39,2026-10-01,1108,N21,VIIRS,l,2.0NRT,313.26,8.24,D
-9.0299,29.53502,338.43,0.45,0.47,2026-10-01,1108,N21,VIIRS,n,2.0NRT,305.09,3.93,D
-9.02788,30.83997,332.73,0.56,0.43,2026-10-01,1108,N21,VIIRS,l,2.0NRT,304.39,4.34,D
-9.02341,30.90086,342.81,0.55,0.43,2026-10-01,1108,N21,VIIRS,n,2.0NRT,305.31,36.95,D
-9.02107,33.22826,337.5,0.42,0.38,2026-10-01,1108,N21,VIIRS,l,2.0NRT,305.57,5.22,D
-9.01848,30.76583,330.04,0.56,0.43,2026-10-01,1108,N21,VIIRS,l,2.0NRT,300.79,4.54,D
-9.01533,32.25049,339.66,0.47,0.39,2026-10-01,1108,N21,VIIRS,l,2.0NRT,311.63,4.68,D
-9.0145,32.36951,336.04,0.46,0.39,2026-10-01,1108,N21,VIIRS,l,2.0NRT,310.83,11.6,D
-9.0116,29.63607,336.02,0.44,0.46,2026-10-01,1108,N21,VIIRS,n,2.0NRT,302.27,4.52,D
-9.01131,33.22256,342.95,0.42,0.38,2026-10-01,1108,N21,VIIRS,n,2.0NRT,307.33,8.5,D
-8.98764,32.48856,339.9,0.45,0.39,2026-10-01,1108,N21,VIIRS,l,2.0NRT,312.04,6.44,D
-8.98156,31.58177,337.88,0.5,0.41,2026-10-01,1108,N21,VIIRS,l,2.0NRT,309.71,8.85,D
-8.97809,30.44839,346.03,0.39,0.44,2026-10-01,1108,N21,VIIRS,n,2.0NRT,300.62,11.83,D
-8.97781,31.58122,339.44,0.5,0.41,2026-10-01,1108,N21,VIIRS,l,2.0NRT,310.29,3.84,D
-8.97405,30.44795,346.21,0.39,0.44,2026-10-01,1108,N21,VIIRS,n,2.0NRT,303.95,23.36,D
-8.96582,30.3882,331.52,0.4,0.44,2026-10-01,1108,N21,VIIRS,n,2.0NRT,298.27,3.33,D
-8.96476,30.38718,333.32,0.39,0.44,2026-10-01,1108,N21,VIIRS,n,2.0NRT,298.55,1.96,D
-8.96323,32.65415,336.36,0.45,0.39,2026-10-01,1108,N21,VIIRS,l,2.0NRT,307.2,8.03,D
-8.96262,32.65826,338.22,0.45,0.39,2026-10-01,1108,N21,VIIRS,l,2.0NRT,307.28,8.06,D
-8.95611,32.6533,335.79,0.45,0.39,2026-10-01,1108,N21,VIIRS,l,2.0NRT,307.11,7.57,D
-8.95366,30.59573,336.84,0.38,0.43,2026-10-01,1108,N21,VIIRS,n,2.0NRT,301.27,4.81,D
-8.949,32.65243,337.17,0.45,0.39,2026-10-01,1108,N21,VIIRS,l,2.0NRT,306.69,10.93,D
-8.94841,32.65647,347.63,0.45,0.39,2026-10-01,1108,N21,VIIRS,l,2.0NRT,306.77,17.17,D
-8.94801,31.38493,343.84,0.52,0.41,2026-10-01,1108,N21,VIIRS,n,2.0NRT,305.98,5.79,D
-8.92841,31.57912,338.09,0.5,0.41,2026-10-01,1108,N21,VIIRS,l,2.0NRT,310.16,11.62,D
-8.90878,33.70358,347.85,0.41,0.37,2026-10-01,1108,N21,VIIRS,n,2.0NRT,311.33,13.49,D
-8.90747,30.78431,332.18,0.56,0.43,2026-10-01,1108,N21,VIIRS,n,2.0NRT,301.4,17.06,D
-8.90712,30.78719,345.09,0.56,0.43,2026-10-01,1108,N21,VIIRS,n,2.0NRT,300.81,22.05,D
-8.9071,32.36332,348.84,0.46,0.39,2026-10-01,1108,N21,VIIRS,n,2.0NRT,313.33,10.56,D
-8.893,30.93921,331.08,0.55,0.42,2026-10-01,1108,N21,VIIRS,l,2.0NRT,303.5,1.27,D
-8.88106,31.06194,337.34,0.54,0.42,2026-10-01,1108,N21,VIIRS,l,2.0NRT,308.93,8.39,D
-8.86393,30.9757,345.69,0.54,0.42,2026-10-01,1108,N21,VIIRS,n,2.0NRT,306.25,13.28,D
-8.84424,30.634,335.21,0.57,0.43,2026-10-01,1108,N21,VIIRS,n,2.0NRT,298.75,14.03,D
-8.8363,28.34833,342.36,0.54,0.51,2026-10-01,1108,N21,VIIRS,n,2.0NRT,292.53,10.02,D
-8.83237,30.63216,336.43,0.57,0.43,2026-10-01,1108,N21,VIIRS,n,2.0NRT,299.65,23.93,D
-8.82992,30.62884,345.17,0.57,0.43,2026-10-01,1108,N21,VIIRS,n,2.0NRT,305.06,16.29,D
-8.82916,30.63405,339.12,0.57,0.43,2026-10-01,1108,N21,VIIRS,n,2.0NRT,302.36,16.29,D
-8.82841,30.63158,352,0.57,0.43,2026-10-01,1108,N21,VIIRS,n,2.0NRT,305.06,23.93,D
-8.82606,33.50669,336.72,0.41,0.37,2026-10-01,1108,N21,VIIRS,n,2.0NRT,308.07,4.6,D
-8.82595,30.62833,336.7,0.57,0.43,2026-10-01,1108,N21,VIIRS,n,2.0NRT,303.28,16.29,D
-8.82443,30.63109,334.22,0.57,0.43,2026-10-01,1108,N21,VIIRS,n,2.0NRT,301.89,8.26,D
-8.82265,33.5062,336.71,0.41,0.37,2026-10-01,1108,N21,VIIRS,n,2.0NRT,309.56,4.6,D
-8.81867,33.50945,331.04,0.41,0.37,2026-10-01,1108,N21,VIIRS,l,2.0NRT,304.07,3.56,D
-8.81527,33.50891,348.1,0.41,0.37,2026-10-01,1108,N21,VIIRS,n,2.0NRT,304.81,3.56,D
-8.80989,31.24247,337.38,0.52,0.42,2026-10-01,1108,N21,VIIRS,l,2.0NRT,306.77,7.92,D
-8.80255,32.30998,338.49,0.46,0.39,2026-10-01,1108,N21,VIIRS,l,2.0NRT,312.32,6.29,D
-8.79643,30.9774,334.73,0.54,0.42,2026-10-01,1108,N21,VIIRS,n,2.0NRT,306.53,5.6,D
-8.79319,29.77785,334.31,0.43,0.46,2026-10-01,1108,N21,VIIRS,n,2.0NRT,303.06,1.73,D
-8.78442,33.31447,335.46,0.42,0.38,2026-10-01,1108,N21,VIIRS,l,2.0NRT,306.07,5.29,D
-8.78293,31.2678,339.36,0.52,0.42,2026-10-01,1108,N21,VIIRS,n,2.0NRT,305.87,8.41,D
-8.78257,33.42295,336.01,0.42,0.37,2026-10-01,1108,N21,VIIRS,n,2.0NRT,305.76,4.23,D
-8.78154,29.80016,342.85,0.43,0.46,2026-10-01,1108,N21,VIIRS,n,2.0NRT,306.12,24.69,D
-8.77631,33.03851,336.89,0.43,0.38,2026-10-01,1108,N21,VIIRS,l,2.0NRT,310.04,5.4,D
-8.7718,33.54373,338.05,0.41,0.37,2026-10-01,1108,N21,VIIRS,n,2.0NRT,304.42,5.03,D
-8.76533,30.85394,333.5,0.55,0.43,2026-10-01,1108,N21,VIIRS,l,2.0NRT,306.34,7.83,D
-8.76441,33.21426,349.44,0.42,0.38,2026-10-01,1108,N21,VIIRS,n,2.0NRT,309.99,19.21,D
-8.76376,33.21854,349.79,0.42,0.38,2026-10-01,1108,N21,VIIRS,n,2.0NRT,313.81,19.21,D
-8.75432,30.84734,336.68,0.55,0.43,2026-10-01,1108,N21,VIIRS,n,2.0NRT,305.43,5.15,D
-8.75181,33.22791,337.99,0.42,0.38,2026-10-01,1108,N21,VIIRS,l,2.0NRT,307.37,7.55,D
-8.74431,33.41991,339.47,0.42,0.37,2026-10-01,1108,N21,VIIRS,n,2.0NRT,311.55,9.01,D
-8.74089,33.41938,367,0.42,0.37,2026-10-01,1108,N21,VIIRS,h,2.0NRT,312.42,9.01,D
-8.71454,30.6498,342.05,0.57,0.43,2026-10-01,1108,N21,VIIRS,n,2.0NRT,306.15,5.96,D
-8.71361,30.65185,340.13,0.57,0.43,2026-10-01,1108,N21,VIIRS,n,2.0NRT,307.24,3.25,D
-8.68358,31.26044,337.79,0.52,0.42,2026-10-01,1108,N21,VIIRS,l,2.0NRT,304.01,9.61,D
-8.63275,30.71542,339.48,0.56,0.43,2026-10-01,1108,N21,VIIRS,n,2.0NRT,308.64,12.3,D
-8.6325,31.87702,340.35,0.48,0.4,2026-10-01,1108,N21,VIIRS,l,2.0NRT,311.34,6.35,D
-8.63187,31.88128,335.11,0.48,0.4,2026-10-01,1108,N21,VIIRS,l,2.0NRT,307.43,5.14,D
-8.61802,32.21267,355.43,0.46,0.39,2026-10-01,1108,N21,VIIRS,n,2.0NRT,307.71,14.52,D
-8.61722,32.82346,344.43,0.44,0.38,2026-10-01,1108,N21,VIIRS,n,2.0NRT,316.06,9.27,D
-8.61445,32.21188,348,0.46,0.39,2026-10-01,1108,N21,VIIRS,l,2.0NRT,311.31,14.52,D
-8.59619,32.28835,342.92,0.46,0.39,2026-10-01,1108,N21,VIIRS,l,2.0NRT,313.13,9.41,D
-8.58863,31.53896,335.96,0.5,0.41,2026-10-01,1108,N21,VIIRS,l,2.0NRT,308.73,7.62,D
-8.586,31.6234,343.8,0.5,0.41,2026-10-01,1108,N21,VIIRS,n,2.0NRT,310.72,10.81,D
-8.56132,31.30337,335.6,0.52,0.41,2026-10-01,1108,N21,VIIRS,l,2.0NRT,305.27,8.07,D
-8.54476,30.30794,330.32,0.39,0.44,2026-10-01,1108,N21,VIIRS,l,2.0NRT,300.51,1.29,D
-8.54445,33.11424,338.5,0.42,0.38,2026-10-01,1108,N21,VIIRS,l,2.0NRT,312.06,4.22,D
-8.50014,31.16501,342.86,0.53,0.42,2026-10-01,1108,N21,VIIRS,n,2.0NRT,306.9,10.88,D
-8.49835,30.33648,367,0.39,0.44,2026-10-01,1108,N21,VIIRS,h,2.0NRT,300.36,13.01,D
-8.49632,31.16448,336.41,0.53,0.42,2026-10-01,1108,N21,VIIRS,l,2.0NRT,305.21,7.75,D
-8.49433,30.33593,353,0.39,0.44,2026-10-01,1108,N21,VIIRS,n,2.0NRT,301.32,13.01,D
-8.49032,30.36426,344.05,0.39,0.44,2026-10-01,1108,N21,VIIRS,n,2.0NRT,304.97,7.74,D
-8.48982,30.36779,337.71,0.39,0.44,2026-10-01,1108,N21,VIIRS,n,2.0NRT,300.96,7.74,D
-8.48631,30.36367,342.95,0.39,0.44,2026-10-01,1108,N21,VIIRS,n,2.0NRT,306.84,6.71,D
-8.48581,30.3672,343.53,0.39,0.44,2026-10-01,1108,N21,VIIRS,n,2.0NRT,306.49,6.71,D
-8.42071,30.20958,352.23,0.4,0.44,2026-10-01,1108,N21,VIIRS,n,2.0NRT,313.11,77.28,D
-8.41787,30.415,343.16,0.39,0.44,2026-10-01,1108,N21,VIIRS,n,2.0NRT,307.03,5.68,D
-8.41586,30.41485,342.07,0.39,0.44,2026-10-01,1108,N21,VIIRS,n,2.0NRT,305.58,6.51,D
-8.40912,31.6892,337.24,0.49,0.4,2026-10-01,1108,N21,VIIRS,l,2.0NRT,306.92,4.4,D
-8.39064,32.0469,334.92,0.47,0.4,2026-10-01,1108,N21,VIIRS,l,2.0NRT,307.91,2.77,D
-8.38746,31.78723,334.86,0.48,0.4,2026-10-01,1108,N21,VIIRS,l,2.0NRT,307.84,2.11,D
-8.35131,32.03738,335.99,0.47,0.4,2026-10-01,1108,N21,VIIRS,n,2.0NRT,308.61,3.26,D
-8.30964,31.57471,337.54,0.5,0.41,2026-10-01,1108,N21,VIIRS,l,2.0NRT,308.4,5.21,D
-8.28783,29.7437,342.55,0.42,0.46,2026-10-01,1108,N21,VIIRS,n,2.0NRT,303.76,7.14,D
-8.27009,31.92614,336.36,0.48,0.4,2026-10-01,1108,N21,VIIRS,n,2.0NRT,305.89,2.7,D
-8.25693,31.10629,347.22,0.53,0.42,2026-10-01,1108,N21,VIIRS,n,2.0NRT,309.97,8.9,D
-8.25312,31.10573,338.8,0.53,0.42,2026-10-01,1108,N21,VIIRS,l,2.0NRT,308.59,8.9,D
-8.23341,32.74903,345.29,0.44,0.38,2026-10-01,1108,N21,VIIRS,l,2.0NRT,310.3,16.99,D
-9.09852,22.55499,331.8,0.68,0.74,2026-10-01,1110,N21,VIIRS,n,2.0NRT,289,13.58,D
-8.39404,22.34979,345.77,0.69,0.74,2026-10-01,1110,N21,VIIRS,n,2.0NRT,287.02,27.12,D
-8.39216,22.35013,348.49,0.69,0.74,2026-10-01,1110,N21,VIIRS,n,2.0NRT,286.95,13.2,D
-8.24871,29.95797,342.36,0.41,0.45,2026-10-01,1110,N21,VIIRS,n,2.0NRT,301.63,20.6,D
-18.04225,22.80595,333.95,0.43,0.62,2026-10-01,1246,N21,VIIRS,n,2.0NRT,300.04,7.93,D
-18.03752,22.80065,343.1,0.43,0.62,2026-10-01,1246,N21,VIIRS,n,2.0NRT,298.36,5.17,D
-17.70259,21.99462,335.43,0.38,0.59,2026-10-01,1246,N21,VIIRS,n,2.0NRT,299.47,6.68,D
-17.69798,21.98981,347.58,0.38,0.59,2026-10-01,1246,N21,VIIRS,n,2.0NRT,301.39,24.8,D
-17.69724,21.99339,367,0.38,0.59,2026-10-01,1246,N21,VIIRS,h,2.0NRT,300.79,24.8,D
-17.69411,21.98143,353.18,0.38,0.59,2026-10-01,1246,N21,VIIRS,n,2.0NRT,297.5,13.2,D
-17.6895,21.97664,331.07,0.38,0.59,2026-10-01,1246,N21,VIIRS,n,2.0NRT,299.48,13.23,D
-17.68876,21.98021,336.79,0.38,0.59,2026-10-01,1246,N21,VIIRS,n,2.0NRT,297.89,14.39,D
-17.68638,21.96472,353.11,0.38,0.59,2026-10-01,1246,N21,VIIRS,n,2.0NRT,295.69,9.04,D
-17.68564,21.96828,367,0.38,0.59,2026-10-01,1246,N21,VIIRS,h,2.0NRT,296.18,9.04,D
-17.68416,21.97543,367,0.38,0.59,2026-10-01,1246,N21,VIIRS,h,2.0NRT,292.91,13.23,D
-17.67059,24.75122,337.11,0.58,0.7,2026-10-01,1246,N21,VIIRS,n,2.0NRT,293.55,8.55,D
-17.6686,24.75085,336.6,0.58,0.7,2026-10-01,1246,N21,VIIRS,n,2.0NRT,290.48,6.87,D
-17.5764,24.68857,336.1,0.58,0.7,2026-10-01,1246,N21,VIIRS,n,2.0NRT,295.24,9.21,D
-17.57335,24.69049,336.42,0.58,0.7,2026-10-01,1246,N21,VIIRS,n,2.0NRT,294.88,7.58,D
-16.85585,24.26352,344.66,0.56,0.69,2026-10-01,1249,N21,VIIRS,n,2.0NRT,294.25,13.82,D
-16.40382,22.49214,351.78,0.44,0.62,2026-10-01,1249,N21,VIIRS,n,2.0NRT,299.38,14.09,D
-16.40298,22.4962,367,0.44,0.62,2026-10-01,1249,N21,VIIRS,h,2.0NRT,300.58,20.32,D
-16.33024,24.06831,331.7,0.56,0.69,2026-10-01,1249,N21,VIIRS,n,2.0NRT,294.52,3.44,D
-16.23438,24.44111,330.54,0.59,0.7,2026-10-01,1249,N21,VIIRS,n,2.0NRT,296.8,6.12,D
-16.19146,22.90235,354.99,0.47,0.64,2026-10-01,1249,N21,VIIRS,n,2.0NRT,299.05,24.38,D
-16.19054,22.9067,346.2,0.47,0.64,2026-10-01,1249,N21,VIIRS,n,2.0NRT,297.66,19.23,D
-16.16666,22.67552,337,0.46,0.63,2026-10-01,1249,N21,VIIRS,n,2.0NRT,298.76,4.41,D
-16.12352,23.25328,346.78,0.5,0.66,2026-10-01,1249,N21,VIIRS,n,2.0NRT,296.09,13.19,D
-16.04875,22.05023,355.24,0.42,0.61,2026-10-01,1249,N21,VIIRS,n,2.0NRT,301.34,12.9,D
-15.91844,22.53653,336.8,0.45,0.63,2026-10-01,1249,N21,VIIRS,n,2.0NRT,299.53,5.73,D
-15.81615,23.22775,331.08,0.51,0.66,2026-10-01,1249,N21,VIIRS,n,2.0NRT,296.08,3.04,D
-15.73371,22.08284,333.65,0.43,0.62,2026-10-01,1249,N21,VIIRS,n,2.0NRT,299.81,8.23,D
-15.40004,22.30413,330.65,0.45,0.63,2026-10-01,1249,N21,VIIRS,n,2.0NRT,299.01,4.69,D
-15.39265,24.75373,346.11,0.65,0.73,2026-10-01,1249,N21,VIIRS,n,2.0NRT,294.21,11.47,D
-15.38841,24.7525,346.07,0.65,0.73,2026-10-01,1249,N21,VIIRS,n,2.0NRT,294.49,9.49,D
-15.36591,22.64063,335.46,0.47,0.64,2026-10-01,1249,N21,VIIRS,n,2.0NRT,298.9,4.08,D
-15.33564,22.52678,344.39,0.46,0.64,2026-10-01,1249,N21,VIIRS,n,2.0NRT,294.85,6.59,D
-15.33544,22.52563,347.33,0.46,0.64,2026-10-01,1249,N21,VIIRS,n,2.0NRT,293.93,7.31,D
-14.92831,23.02007,338.26,0.51,0.66,2026-10-01,1249,N21,VIIRS,n,2.0NRT,294.99,6.95,D
-14.86307,22.00816,352.15,0.44,0.62,2026-10-01,1249,N21,VIIRS,n,2.0NRT,301.54,7.59,D
-14.81314,22.993,336.25,0.51,0.66,2026-10-01,1249,N21,VIIRS,n,2.0NRT,299.55,5.04,D
-14.39073,22.13994,367,0.46,0.63,2026-10-01,1249,N21,VIIRS,h,2.0NRT,298.25,17.8,D
-14.38988,22.1441,340.52,0.46,0.63,2026-10-01,1249,N21,VIIRS,n,2.0NRT,298.49,16.42,D
-14.36768,25.6319,350.75,0.78,0.78,2026-10-01,1249,N21,VIIRS,n,2.0NRT,292.82,30.28,D
-14.36377,25.6296,367,0.78,0.78,2026-10-01,1249,N21,VIIRS,h,2.0NRT,293.35,38.39,D
-14.3622,25.63681,367,0.78,0.78,2026-10-01,1249,N21,VIIRS,h,2.0NRT,292.83,38.39,D
-14.36062,25.63047,367,0.78,0.78,2026-10-01,1249,N21,VIIRS,h,2.0NRT,292.72,30.28,D
-14.35901,25.63766,355.87,0.78,0.78,2026-10-01,1249,N21,VIIRS,l,2.0NRT,289.47,58.27,D
-14.28535,23.44345,334.75,0.56,0.69,2026-10-01,1249,N21,VIIRS,n,2.0NRT,298.75,9.37,D
-14.28426,23.44857,338.65,0.56,0.69,2026-10-01,1249,N21,VIIRS,n,2.0NRT,299.9,12.87,D
-14.26486,23.50869,335.57,0.57,0.69,2026-10-01,1249,N21,VIIRS,n,2.0NRT,297.9,4.55,D
-14.19304,23.64782,367,0.58,0.7,2026-10-01,1249,N21,VIIRS,h,2.0NRT,297.93,24.76,D
-14.17008,23.45994,333.94,0.56,0.69,2026-10-01,1249,N21,VIIRS,n,2.0NRT,300.34,4.94,D
-14.15706,23.05936,340.03,0.53,0.67,2026-10-01,1249,N21,VIIRS,n,2.0NRT,301.01,7.05,D
-14.15663,23.06047,335.76,0.53,0.67,2026-10-01,1249,N21,VIIRS,n,2.0NRT,301.07,6.46,D
-14.14657,23.70148,337.98,0.59,0.7,2026-10-01,1249,N21,VIIRS,n,2.0NRT,292.19,8.55,D
-14.14453,25.37893,331.02,0.76,0.77,2026-10-01,1249,N21,VIIRS,n,2.0NRT,294.29,34.64,D
-14.143,25.38589,367,0.76,0.77,2026-10-01,1249,N21,VIIRS,h,2.0NRT,298.99,43.57,D
-14.13603,25.38438,367,0.76,0.77,2026-10-01,1249,N21,VIIRS,h,2.0NRT,296.37,43.57,D
-14.08017,21.95058,330.1,0.45,0.63,2026-10-01,1249,N21,VIIRS,n,2.0NRT,296.94,9.37,D
-14.07126,21.93582,367,0.45,0.63,2026-10-01,1249,N21,VIIRS,h,2.0NRT,299.48,11.86,D
-14.0705,21.93298,342.97,0.45,0.63,2026-10-01,1249,N21,VIIRS,n,2.0NRT,299.59,7.74,D
-14.06969,21.93709,342.91,0.45,0.63,2026-10-01,1249,N21,VIIRS,n,2.0NRT,297.79,7.74,D
-13.89838,23.56977,367,0.58,0.7,2026-10-01,1249,N21,VIIRS,h,2.0NRT,304.76,24.57,D
-13.8259,22.48058,330.41,0.49,0.65,2026-10-01,1249,N21,VIIRS,n,2.0NRT,294.88,2.97,D
-13.7124,22.67857,332.16,0.51,0.66,2026-10-01,1249,N21,VIIRS,n,2.0NRT,299.61,10.34,D
-13.7092,22.67141,344.58,0.51,0.66,2026-10-01,1249,N21,VIIRS,n,2.0NRT,299.13,8.65,D
-13.70823,22.67606,335.97,0.51,0.66,2026-10-01,1249,N21,VIIRS,n,2.0NRT,299.3,10.01,D
-13.70732,22.67259,354.52,0.51,0.66,2026-10-01,1249,N21,VIIRS,n,2.0NRT,299.72,13.3,D
-13.46784,23.13465,332.29,0.55,0.68,2026-10-01,1249,N21,VIIRS,n,2.0NRT,301.24,3.93,D
-13.38766,23.4295,367,0.58,0.7,2026-10-01,1249,N21,VIIRS,h,2.0NRT,303.73,27.42,D
-13.38134,23.42816,353.21,0.58,0.7,2026-10-01,1249,N21,VIIRS,n,2.0NRT,302.94,27.42,D
-13.38023,23.43348,367,0.58,0.7,2026-10-01,1249,N21,VIIRS,h,2.0NRT,294.99,27.42,D
-13.31499,23.81232,367,0.62,0.71,2026-10-01,1249,N21,VIIRS,h,2.0NRT,294.26,26.96,D
-13.28591,23.06297,335.26,0.55,0.68,2026-10-01,1249,N21,VIIRS,n,2.0NRT,301.36,3.2,D
-13.28324,23.83471,332.92,0.62,0.72,2026-10-01,1249,N21,VIIRS,n,2.0NRT,297.79,7.33,D
-13.20557,24.13832,331.28,0.65,0.73,2026-10-01,1249,N21,VIIRS,n,2.0NRT,293.57,6.9,D
-13.19691,23.99272,367,0.64,0.72,2026-10-01,1249,N21,VIIRS,h,2.0NRT,299.66,19.55,D
-13.19605,23.98905,367,0.64,0.72,2026-10-01,1249,N21,VIIRS,h,2.0NRT,298.2,40.24,D
-13.19573,23.99843,330.95,0.64,0.72,2026-10-01,1249,N21,VIIRS,n,2.0NRT,296.64,19.55,D
-13.19484,23.99472,367,0.64,0.72,2026-10-01,1249,N21,VIIRS,h,2.0NRT,303.92,40.24,D
-13.19156,23.98547,367,0.64,0.72,2026-10-01,1249,N21,VIIRS,h,2.0NRT,298.54,46.23,D
-13.19038,23.99118,352.73,0.64,0.72,2026-10-01,1249,N21,VIIRS,n,2.0NRT,305.21,40.73,D
-13.18953,23.98751,367,0.64,0.72,2026-10-01,1249,N21,VIIRS,h,2.0NRT,298.17,46.61,D
-13.18919,23.99695,354.21,0.64,0.72,2026-10-01,1249,N21,VIIRS,n,2.0NRT,297.46,40.73,D
-13.1883,23.99324,367,0.64,0.72,2026-10-01,1249,N21,VIIRS,h,2.0NRT,304.34,46.61,D
-13.18385,23.98968,367,0.64,0.72,2026-10-01,1249,N21,VIIRS,h,2.0NRT,295.6,40.73,D
-13.17658,24.02467,367,0.64,0.72,2026-10-01,1249,N21,VIIRS,h,2.0NRT,299.94,21.49,D
-13.17552,24.02086,331.37,0.64,0.72,2026-10-01,1249,N21,VIIRS,n,2.0NRT,298.83,10.1,D
-13.17424,24.02683,350.38,0.64,0.72,2026-10-01,1249,N21,VIIRS,n,2.0NRT,301.04,10.1,D
-13.1551,23.67309,333.73,0.61,0.71,2026-10-01,1249,N21,VIIRS,n,2.0NRT,301.21,9.19,D
-13.15476,23.67533,337.88,0.61,0.71,2026-10-01,1249,N21,VIIRS,n,2.0NRT,301.88,13.06,D
-13.15396,23.67867,337.86,0.61,0.71,2026-10-01,1249,N21,VIIRS,n,2.0NRT,301.37,9.64,D
-13.06787,23.93113,367,0.64,0.72,2026-10-01,1249,N21,VIIRS,h,2.0NRT,303.66,67.87,D
-13.06665,23.93698,367,0.64,0.72,2026-10-01,1249,N21,VIIRS,h,2.0NRT,313.56,67.87,D
-13.06255,23.92387,345.71,0.64,0.72,2026-10-01,1249,N21,VIIRS,n,2.0NRT,303.17,39.25,D
-13.06134,23.92966,367,0.64,0.72,2026-10-01,1249,N21,VIIRS,h,2.0NRT,307.78,67.87,D
-13.06012,23.93548,341.06,0.64,0.72,2026-10-01,1249,N21,VIIRS,n,2.0NRT,303.34,67.87,D
-13.05386,23.77304,335.83,0.62,0.72,2026-10-01,1249,N21,VIIRS,n,2.0NRT,303.25,7.63,D
-13.05322,23.77353,330.88,0.62,0.72,2026-10-01,1249,N21,VIIRS,l,2.0NRT,303.1,6.03,D
-13.02225,23.43787,338.57,0.59,0.7,2026-10-01,1249,N21,VIIRS,n,2.0NRT,305.84,8.17,D
-13.0212,23.44288,337.36,0.59,0.7,2026-10-01,1249,N21,VIIRS,n,2.0NRT,301.56,8.17,D
-13.02026,23.44058,353.8,0.59,0.7,2026-10-01,1249,N21,VIIRS,n,2.0NRT,304.69,13.11,D
-13.01743,23.75251,349.37,0.62,0.72,2026-10-01,1249,N21,VIIRS,n,2.0NRT,301.96,14.3,D
-13.01685,23.75322,367,0.62,0.71,2026-10-01,1249,N21,VIIRS,h,2.0NRT,303.06,25.15,D
-13.01625,23.75827,338.21,0.62,0.72,2026-10-01,1249,N21,VIIRS,n,2.0NRT,304.52,15.76,D
-13.01597,23.53208,367,0.6,0.71,2026-10-01,1249,N21,VIIRS,h,2.0NRT,302.27,25.72,D
-13.01268,23.77557,338.01,0.62,0.72,2026-10-01,1249,N21,VIIRS,n,2.0NRT,306.12,10.91,D
-13.01262,23.90129,333.86,0.64,0.72,2026-10-01,1249,N21,VIIRS,n,2.0NRT,301.79,4.24,D
-13.01214,23.74535,339.07,0.62,0.71,2026-10-01,1249,N21,VIIRS,n,2.0NRT,300.95,7.91,D
-13.01196,23.77619,344.26,0.62,0.72,2026-10-01,1249,N21,VIIRS,n,2.0NRT,307.14,15.07,D
-12.89972,23.40448,335.54,0.59,0.7,2026-10-01,1249,N21,VIIRS,n,2.0NRT,300.25,4.93,D
-12.84398,23.61401,338.48,0.61,0.71,2026-10-01,1249,N21,VIIRS,n,2.0NRT,297.57,7.74,D
-12.84327,23.61652,346.46,0.61,0.71,2026-10-01,1249,N21,VIIRS,n,2.0NRT,297.98,10.76,D
-12.67037,25.23551,330.68,0.79,0.78,2026-10-01,1249,N21,VIIRS,n,2.0NRT,284.25,8.55,D
-12.61269,22.65028,332.56,0.53,0.67,2026-10-01,1249,N21,VIIRS,n,2.0NRT,298.73,5.04,D
-12.53877,23.29557,335.31,0.59,0.7,2026-10-01,1249,N21,VIIRS,n,2.0NRT,299.1,11.74,D
-12.53134,23.29941,338.88,0.59,0.7,2026-10-01,1249,N21,VIIRS,n,2.0NRT,295.33,17.02,D
-12.52945,22.59066,338.44,0.53,0.67,2026-10-01,1249,N21,VIIRS,n,2.0NRT,294.39,9.8,D
-12.47969,23.31701,336.36,0.6,0.7,2026-10-01,1249,N21,VIIRS,n,2.0NRT,297.24,4.35,D
-12.46726,22.30449,332.84,0.51,0.66,2026-10-01,1249,N21,VIIRS,n,2.0NRT,299.94,3.29,D
-12.34399,24.94627,330.44,0.77,0.77,2026-10-01,1249,N21,VIIRS,n,2.0NRT,288.74,7.79,D
-12.30279,25.08389,335.33,0.79,0.78,2026-10-01,1249,N21,VIIRS,n,2.0NRT,289.24,15.46,D
-12.25498,23.2637,333.62,0.6,0.7,2026-10-01,1249,N21,VIIRS,n,2.0NRT,297.17,4.83,D
-12.08876,23.32179,333.02,0.61,0.71,2026-10-01,1249,N21,VIIRS,n,2.0NRT,293.79,9.01,D
-12.03844,23.16979,332.44,0.59,0.7,2026-10-01,1249,N21,VIIRS,n,2.0NRT,295.1,10.5,D
-11.79413,22.13803,330.9,0.51,0.66,2026-10-01,1249,N21,VIIRS,l,2.0NRT,301.98,7.7,D
-11.71209,24.07097,336.31,0.69,0.74,2026-10-01,1249,N21,VIIRS,n,2.0NRT,293.45,8.08,D
-11.66729,22.65645,331.39,0.56,0.69,2026-10-01,1249,N21,VIIRS,n,2.0NRT,297.61,8.29,D
-11.66431,22.65925,347.12,0.56,0.69,2026-10-01,1249,N21,VIIRS,n,2.0NRT,299.15,8.23,D
-11.6128,22.15355,367,0.52,0.67,2026-10-01,1249,N21,VIIRS,h,2.0NRT,292.48,14.13,D
-11.60708,22.11863,343.34,0.51,0.66,2026-10-01,1249,N21,VIIRS,n,2.0NRT,299.18,14.79,D
-11.60068,22.15121,334.85,0.52,0.67,2026-10-01,1249,N21,VIIRS,n,2.0NRT,294.67,7.54,D
-11.59463,22.15003,338.92,0.52,0.67,2026-10-01,1249,N21,VIIRS,n,2.0NRT,293.76,5.54,D
-11.42506,22.33425,349.52,0.54,0.68,2026-10-01,1249,N21,VIIRS,n,2.0NRT,287.71,18.48,D
-11.35329,24.246,334.43,0.72,0.76,2026-10-01,1249,N21,VIIRS,n,2.0NRT,285.86,8.4,D
-11.06806,22.08476,343.92,0.52,0.67,2026-10-01,1251,N21,VIIRS,n,2.0NRT,290.72,6.07,D
-10.85309,22.08107,346.2,0.53,0.67,2026-10-01,1251,N21,VIIRS,n,2.0NRT,290.22,17.62,D
-10.85216,22.08583,367,0.53,0.67,2026-10-01,1251,N21,VIIRS,h,2.0NRT,294.91,24.49,D
-10.82899,22.04239,338.73,0.53,0.67,2026-10-01,1251,N21,VIIRS,n,2.0NRT,295.79,4.56,D
-10.79912,22.49079,333.27,0.56,0.69,2026-10-01,1251,N21,VIIRS,n,2.0NRT,293.22,4.39,D
-10.79155,22.1035,367,0.53,0.67,2026-10-01,1251,N21,VIIRS,h,2.0NRT,297.86,18.58,D
-10.79145,22.10444,367,0.53,0.67,2026-10-01,1251,N21,VIIRS,h,2.0NRT,298.29,16.57,D
-10.76727,22.06514,367,0.53,0.67,2026-10-01,1251,N21,VIIRS,h,2.0NRT,298.69,16.7,D
-10.76029,22.06845,332.88,0.53,0.67,2026-10-01,1251,N21,VIIRS,n,2.0NRT,296.89,5.45,D
-10.75027,22.02213,331.53,0.53,0.67,2026-10-01,1251,N21,VIIRS,n,2.0NRT,298.12,4.01,D
-10.7422,21.96634,352.47,0.52,0.67,2026-10-01,1251,N21,VIIRS,n,2.0NRT,296.26,10.72,D
-10.7221,22.03668,332.42,0.53,0.67,2026-10-01,1251,N21,VIIRS,n,2.0NRT,300.24,4.74,D
-10.71838,22.05563,331.86,0.53,0.67,2026-10-01,1251,N21,VIIRS,n,2.0NRT,297.38,3.22,D
-10.68631,22.15839,334.55,0.54,0.68,2026-10-01,1251,N21,VIIRS,n,2.0NRT,297.22,5.68,D
-10.68542,22.15841,334.41,0.54,0.68,2026-10-01,1251,N21,VIIRS,n,2.0NRT,297.3,5.12,D
-10.68309,23.31731,329.82,0.64,0.72,2026-10-01,1251,N21,VIIRS,n,2.0NRT,289.99,11.17,D
-10.66096,21.95975,331.27,0.52,0.67,2026-10-01,1251,N21,VIIRS,n,2.0NRT,296.9,3.47,D
-10.64085,21.96574,334.35,0.52,0.67,2026-10-01,1251,N21,VIIRS,n,2.0NRT,299.66,5.19,D
-10.62889,22.09239,349.13,0.53,0.67,2026-10-01,1251,N21,VIIRS,n,2.0NRT,297.98,6.77,D
-10.60802,22.19961,334.72,0.54,0.68,2026-10-01,1251,N21,VIIRS,n,2.0NRT,296.91,4.96,D
-10.28262,22.2769,367,0.56,0.69,2026-10-01,1251,N21,VIIRS,h,2.0NRT,294.03,10.86,D
-9.82891,22.64386,331.74,0.6,0.71,2026-10-01,1251,N21,VIIRS,n,2.0NRT,285.6,11.99,D
-10.60234,33.67341,295.14,0.61,0.71,2026-10-01,2214,N21,VIIRS,n,2.0NRT,281.3,1.12,N
-8.74374,33.27962,300.77,0.7,0.75,2026-10-01,2214,N21,VIIRS,n,2.0NRT,285.17,2.17,N
-8.74247,33.27317,307.15,0.71,0.75,2026-10-01,2214,N21,VIIRS,n,2.0NRT,284.8,2.17,N
-8.74131,33.27391,311.85,0.71,0.75,2026-10-01,2214,N21,VIIRS,n,2.0NRT,285.15,3.49,N
-9.83316,30.74334,295.81,0.41,0.61,2026-10-01,2354,N21,VIIRS,n,2.0NRT,283.43,0.48,N
-9.73241,30.78577,318.88,0.41,0.61,2026-10-01,2354,N21,VIIRS,n,2.0NRT,284.4,2.33,N
-9.73188,30.78604,320.75,0.41,0.61,2026-10-01,2354,N21,VIIRS,n,2.0NRT,284.4,2.54,N
-9.66845,30.4658,306.73,0.39,0.59,2026-10-01,2354,N21,VIIRS,n,2.0NRT,284.09,1.58,N
-9.668,30.46232,301.63,0.39,0.59,2026-10-01,2354,N21,VIIRS,n,2.0NRT,283.92,1.48,N
-9.59336,30.75408,296.68,0.41,0.61,2026-10-01,2354,N21,VIIRS,n,2.0NRT,285.37,0.63,N
-9.3081,30.54327,298.77,0.39,0.59,2026-10-01,2354,N21,VIIRS,n,2.0NRT,287.02,6.2,N
-9.30723,30.53645,310.8,0.39,0.59,2026-10-01,2354,N21,VIIRS,n,2.0NRT,287.24,5.17,N
-9.30679,30.533,302.41,0.39,0.59,2026-10-01,2354,N21,VIIRS,n,2.0NRT,287.25,1.9,N
-9.30319,30.54817,327.51,0.39,0.59,2026-10-01,2354,N21,VIIRS,n,2.0NRT,287.41,6.2,N
-9.30275,30.54472,367,0.39,0.59,2026-10-01,2354,N21,VIIRS,h,2.0NRT,288.43,6.2,N
-9.23096,31.946,316.46,0.49,0.65,2026-10-01,2354,N21,VIIRS,n,2.0NRT,284.5,2.43,N
-9.22883,31.94814,310.11,0.49,0.65,2026-10-01,2354,N21,VIIRS,n,2.0NRT,284.48,2.91,N
-9.07726,31.48209,300.09,0.45,0.63,2026-10-01,2354,N21,VIIRS,n,2.0NRT,282.97,0.68,N
-9.07676,31.47803,297.39,0.45,0.63,2026-10-01,2354,N21,VIIRS,n,2.0NRT,282.83,0.68,N
-9.07654,31.48362,299.47,0.45,0.63,2026-10-01,2354,N21,VIIRS,n,2.0NRT,283.1,0.71,N
-8.62501,28.18679,298.16,0.53,0.5,2026-10-01,2354,N21,VIIRS,n,2.0NRT,280.29,1.49,N
-17.15417,24.07233,305.66,0.56,0.43,2026-10-01,2356,N21,VIIRS,n,2.0NRT,288.99,2.37,N
-17.15362,24.07104,303.2,0.56,0.43,2026-10-01,2356,N21,VIIRS,n,2.0NRT,288.77,2.39,N
-16.03003,22.10278,303.95,0.43,0.38,2026-10-01,2356,N21,VIIRS,n,2.0NRT,289.8,0.9,N
-15.68061,23.13064,301.14,0.48,0.4,2026-10-01,2356,N21,VIIRS,n,2.0NRT,288.71,0.54,N
-13.57157,23.58758,302.53,0.48,0.4,2026-10-01,2356,N21,VIIRS,n,2.0NRT,290.77,1.2,N
-13.53555,23.51717,307.48,0.47,0.4,2026-10-01,2356,N21,VIIRS,n,2.0NRT,289.67,1.4,N
-13.52952,23.58048,304.15,0.48,0.4,2026-10-01,2356,N21,VIIRS,n,2.0NRT,288.64,1.29,N
-13.52343,23.59034,301.53,0.48,0.4,2026-10-01,2356,N21,VIIRS,n,2.0NRT,289.86,1.09,N
-13.51076,24.58895,314.22,0.54,0.42,2026-10-01,2356,N21,VIIRS,n,2.0NRT,289.55,2.09,N
-13.51007,24.584,304.26,0.54,0.42,2026-10-01,2356,N21,VIIRS,n,2.0NRT,289.49,1.77,N
-13.50689,24.58948,314.15,0.54,0.42,2026-10-01,2356,N21,VIIRS,n,2.0NRT,289.51,2.53,N
-13.419,24.32011,316.94,0.52,0.42,2026-10-01,2356,N21,VIIRS,n,2.0NRT,290.19,2.21,N
-13.4139,25.52091,299.3,0.41,0.45,2026-10-01,2356,N21,VIIRS,n,2.0NRT,288.01,0.69,N
-13.39503,23.79106,308.53,0.49,0.4,2026-10-01,2356,N21,VIIRS,n,2.0NRT,289.03,1.37,N
-13.38072,23.43143,301.81,0.47,0.4,2026-10-01,2356,N21,VIIRS,n,2.0NRT,288.38,0.94,N
-13.32794,24.65934,300.54,0.54,0.42,2026-10-01,2356,N21,VIIRS,n,2.0NRT,289.04,0.96,N
-13.32406,24.65987,299.32,0.54,0.42,2026-10-01,2356,N21,VIIRS,n,2.0NRT,288.95,1.3,N
-13.19528,23.99063,303.53,0.5,0.41,2026-10-01,2356,N21,VIIRS,n,2.0NRT,289.76,1.26,N
-13.19156,23.99117,302.02,0.5,0.41,2026-10-01,2356,N21,VIIRS,n,2.0NRT,290.1,1.76,N
-13.15566,23.40058,304.9,0.46,0.39,2026-10-01,2356,N21,VIIRS,n,2.0NRT,288.16,0.96,N
-13.06822,23.93824,306.98,0.49,0.4,2026-10-01,2356,N21,VIIRS,n,2.0NRT,289.89,2.02,N
-13.06696,23.92921,306.35,0.49,0.4,2026-10-01,2356,N21,VIIRS,n,2.0NRT,290.6,2.38,N
-13.06452,23.93879,314.33,0.49,0.4,2026-10-01,2356,N21,VIIRS,n,2.0NRT,289.77,2.02,N
-13.06389,23.93428,317.58,0.49,0.4,2026-10-01,2356,N21,VIIRS,n,2.0NRT,290.42,2.02,N
-13.06325,23.92977,319.29,0.49,0.4,2026-10-01,2356,N21,VIIRS,n,2.0NRT,290.21,2.38,N
-12.29884,25.41157,302.2,0.39,0.44,2026-10-01,2356,N21,VIIRS,n,2.0NRT,288.02,1.18,N
-12.07717,26.39549,339.57,0.45,0.47,2026-10-01,2356,N21,VIIRS,n,2.0NRT,289.57,22.68,N
-12.0483,26.56179,298.67,0.46,0.47,2026-10-01,2356,N21,VIIRS,n,2.0NRT,286.09,1.05,N
-11.70921,30.8547,302.22,0.44,0.63,2026-10-01,2356,N21,VIIRS,n,2.0NRT,284.56,1.15,N
-11.08097,30.5687,330.19,0.42,0.61,2026-10-01,2356,N21,VIIRS,n,2.0NRT,286.44,4.81,N
-10.98422,26.06534,311.09,0.41,0.45,2026-10-01,2356,N21,VIIRS,n,2.0NRT,282.91,1.72,N
-10.90984,25.94739,307.53,0.4,0.44,2026-10-01,2356,N21,VIIRS,n,2.0NRT,285.51,1.32,N
-10.82902,25.69305,300.38,0.39,0.44,2026-10-01,2356,N21,VIIRS,n,2.0NRT,282.17,1.07,N
-10.78161,25.58486,301.32,0.57,0.43,2026-10-01,2356,N21,VIIRS,n,2.0NRT,286.73,1.38,N
-10.70165,32.21234,298.38,0.53,0.67,2026-10-01,2356,N21,VIIRS,n,2.0NRT,285.07,0.71,N
-10.40206,25.41936,307.86,0.55,0.43,2026-10-01,2356,N21,VIIRS,n,2.0NRT,282.59,1.4,N
-17.70975,22.00051,298.56,0.44,0.39,2026-10-01,2358,N21,VIIRS,n,2.0NRT,287.42,0.79,N
-17.59693,22.14907,296.97,0.45,0.39,2026-10-01,2358,N21,VIIRS,n,2.0NRT,286.93,0.52,N
-15.81579,27.819,346.8,0.76,0.77,2026-10-02,1047,N21,VIIRS,n,2.0NRT,292.38,18.29,D
-15.81112,27.82219,367,0.76,0.77,2026-10-02,1047,N21,VIIRS,h,2.0NRT,295.89,34.21,D
-14.7764,27.39894,348.58,0.79,0.78,2026-10-02,1047,N21,VIIRS,n,2.0NRT,301.16,25.17,D
-14.33699,29.22621,342.07,0.59,0.7,2026-10-02,1047,N21,VIIRS,n,2.0NRT,289.08,6.03,D
-13.78573,27.80828,347.21,0.72,0.76,2026-10-02,1047,N21,VIIRS,n,2.0NRT,296.09,11.63,D
-11.92451,31.64056,337.15,0.37,0.58,2026-10-02,1049,N21,VIIRS,n,2.0NRT,291.94,4.01,D
-11.53493,30.80967,332.76,0.42,0.61,2026-10-02,1049,N21,VIIRS,n,2.0NRT,287.77,2.95,D
-11.52322,32.64252,343.98,0.63,0.54,2026-10-02,1049,N21,VIIRS,n,2.0NRT,296.58,12.51,D
-11.48604,31.78166,333.56,0.36,0.57,2026-10-02,1049,N21,VIIRS,n,2.0NRT,293.8,6.62,D
-11.48594,31.78148,335.61,0.36,0.57,2026-10-02,1049,N21,VIIRS,n,2.0NRT,294.68,4.91,D
-11.45525,32.02013,340.41,0.35,0.56,2026-10-02,1049,N21,VIIRS,n,2.0NRT,296.01,4.68,D
-11.45192,32.02015,337.42,0.35,0.56,2026-10-02,1049,N21,VIIRS,n,2.0NRT,294.38,5.25,D
-11.42641,30.87387,330.38,0.42,0.61,2026-10-02,1049,N21,VIIRS,n,2.0NRT,288.73,5.92,D
-11.42402,28.35463,347.56,0.62,0.71,2026-10-02,1049,N21,VIIRS,n,2.0NRT,281.07,10.49,D
-11.39656,32.47429,367,0.32,0.55,2026-10-02,1049,N21,VIIRS,h,2.0NRT,296.92,11,D
-11.3965,32.47337,345.78,0.32,0.55,2026-10-02,1049,N21,VIIRS,n,2.0NRT,296.05,7.44,D
-11.39613,32.47625,334.91,0.32,0.55,2026-10-02,1049,N21,VIIRS,n,2.0NRT,293.85,6.18,D
-11.3151,30.41821,355.04,0.44,0.63,2026-10-02,1049,N21,VIIRS,n,2.0NRT,285.68,13.51,D
-11.24675,32.68363,346.39,0.62,0.54,2026-10-02,1049,N21,VIIRS,n,2.0NRT,292.95,29.17,D
-11.24578,28.06928,335.31,0.64,0.72,2026-10-02,1049,N21,VIIRS,n,2.0NRT,280.25,14.08,D
-11.23598,27.79664,331.22,0.67,0.74,2026-10-02,1049,N21,VIIRS,n,2.0NRT,281.5,7.35,D
-11.06764,32.89248,332.44,0.6,0.53,2026-10-02,1049,N21,VIIRS,n,2.0NRT,294.95,3.69,D
-11.02712,27.69897,339.18,0.68,0.74,2026-10-02,1049,N21,VIIRS,n,2.0NRT,284.21,12.7,D
-11.02308,27.69442,348.34,0.68,0.74,2026-10-02,1049,N21,VIIRS,n,2.0NRT,282.83,23.29,D
-10.9957,32.88651,332.3,0.59,0.53,2026-10-02,1049,N21,VIIRS,n,2.0NRT,297.66,5.42,D
-10.90738,27.87481,331.52,0.66,0.73,2026-10-02,1049,N21,VIIRS,n,2.0NRT,284.6,9.48,D
-10.90435,27.87516,338.82,0.66,0.73,2026-10-02,1049,N21,VIIRS,n,2.0NRT,283.01,8.51,D
-10.88944,33.21879,344.73,0.56,0.52,2026-10-02,1049,N21,VIIRS,n,2.0NRT,297.81,11.79,D
-10.88811,33.21623,339.06,0.56,0.52,2026-10-02,1049,N21,VIIRS,n,2.0NRT,298.53,3.84,D
-10.8703,33.13321,340.62,0.57,0.52,2026-10-02,1049,N21,VIIRS,n,2.0NRT,297.55,5.34,D
-10.85,32.83931,334.48,0.6,0.53,2026-10-02,1049,N21,VIIRS,n,2.0NRT,297.8,6.67,D
-10.84931,32.84472,339.25,0.6,0.53,2026-10-02,1049,N21,VIIRS,n,2.0NRT,296.6,6.67,D
-10.84726,33.30589,340.72,0.55,0.51,2026-10-02,1049,N21,VIIRS,n,2.0NRT,296.88,9.41,D
-10.83915,33.29499,342.61,0.55,0.51,2026-10-02,1049,N21,VIIRS,n,2.0NRT,299.44,11.89,D
-10.83834,32.36993,338.61,0.32,0.55,2026-10-02,1049,N21,VIIRS,n,2.0NRT,292.27,3.4,D
-10.83336,30.1987,334.41,0.45,0.63,2026-10-02,1049,N21,VIIRS,n,2.0NRT,289.41,8.04,D
-10.82807,30.19942,367,0.45,0.63,2026-10-02,1049,N21,VIIRS,h,2.0NRT,291.13,15.12,D
-10.82757,30.19796,335.77,0.45,0.63,2026-10-02,1049,N21,VIIRS,n,2.0NRT,290.18,8.04,D
-10.78124,31.55978,333.18,0.37,0.58,2026-10-02,1049,N21,VIIRS,n,2.0NRT,296.51,3.81,D
-10.72217,29.95292,333.48,0.47,0.64,2026-10-02,1049,N21,VIIRS,n,2.0NRT,289.94,4.3,D
-10.69375,29.36907,335.17,0.52,0.67,2026-10-02,1049,N21,VIIRS,n,2.0NRT,291.08,5.83,D
-10.68807,31.74896,367,0.35,0.57,2026-10-02,1049,N21,VIIRS,h,2.0NRT,298.26,14.59,D
-10.67541,32.40264,340.01,0.64,0.54,2026-10-02,1049,N21,VIIRS,n,2.0NRT,286.74,7.24,D
-10.6716,32.97501,340.69,0.58,0.52,2026-10-02,1049,N21,VIIRS,n,2.0NRT,296.67,4.06,D
-10.67084,32.7182,345.52,0.6,0.53,2026-10-02,1049,N21,VIIRS,n,2.0NRT,296.14,9.58,D
-10.6707,32.40503,330.36,0.32,0.54,2026-10-02,1049,N21,VIIRS,n,2.0NRT,290.47,4.39,D
-10.66658,33.13158,330.72,0.57,0.52,2026-10-02,1049,N21,VIIRS,n,2.0NRT,299.12,6.92,D
-10.66183,31.49427,344.37,0.37,0.58,2026-10-02,1049,N21,VIIRS,n,2.0NRT,290.82,12.19,D
-10.66091,31.20399,350.63,0.38,0.59,2026-10-02,1049,N21,VIIRS,n,2.0NRT,296.76,5.01,D
-10.66071,31.49669,338.23,0.37,0.58,2026-10-02,1049,N21,VIIRS,n,2.0NRT,290.75,11.45,D
-10.64947,32.36861,367,0.32,0.55,2026-10-02,1049,N21,VIIRS,h,2.0NRT,300.43,12.47,D
-10.6491,32.37142,331.6,0.32,0.55,2026-10-02,1049,N21,VIIRS,n,2.0NRT,294.19,12.47,D
-10.64449,29.16136,367,0.53,0.67,2026-10-02,1049,N21,VIIRS,h,2.0NRT,290.63,14.42,D
-10.64402,29.16102,367,0.53,0.67,2026-10-02,1049,N21,VIIRS,h,2.0NRT,291.98,17.75,D
-10.6022,29.76977,367,0.48,0.65,2026-10-02,1049,N21,VIIRS,h,2.0NRT,292.78,11.73,D
-10.59744,31.70337,331.09,0.35,0.57,2026-10-02,1049,N21,VIIRS,n,2.0NRT,293.71,1.57,D
-10.59261,29.62488,336.73,0.49,0.65,2026-10-02,1049,N21,VIIRS,n,2.0NRT,289.55,3.92,D
-10.58933,29.62478,337.34,0.49,0.65,2026-10-02,1049,N21,VIIRS,n,2.0NRT,290.32,6.31,D
-10.57433,29.52724,339.54,0.5,0.66,2026-10-02,1049,N21,VIIRS,n,2.0NRT,291.86,6.47,D
-10.57071,27.40716,344.35,0.7,0.75,2026-10-02,1049,N21,VIIRS,n,2.0NRT,288.94,12.85,D
-10.56638,30.4863,352.34,0.43,0.62,2026-10-02,1049,N21,VIIRS,n,2.0NRT,293.01,9.74,D
-10.56121,30.48169,341.76,0.43,0.62,2026-10-02,1049,N21,VIIRS,n,2.0NRT,289.88,7.7,D
-10.55018,31.48938,332.81,0.37,0.58,2026-10-02,1049,N21,VIIRS,n,2.0NRT,292.23,2.93,D
-10.54912,30.88879,367,0.4,0.6,2026-10-02,1049,N21,VIIRS,h,2.0NRT,297.74,27.2,D
-10.54564,31.22801,339.09,0.38,0.59,2026-10-02,1049,N21,VIIRS,n,2.0NRT,292.74,5.49,D
-10.54521,31.23144,330.4,0.38,0.59,2026-10-02,1049,N21,VIIRS,n,2.0NRT,293.51,5.49,D
-10.53384,31.77717,340.21,0.35,0.57,2026-10-02,1049,N21,VIIRS,n,2.0NRT,292.8,4.8,D
-10.51738,32.08514,337.35,0.33,0.55,2026-10-02,1049,N21,VIIRS,n,2.0NRT,293.85,4.13,D
-10.49926,31.71786,338.16,0.35,0.57,2026-10-02,1049,N21,VIIRS,n,2.0NRT,288.83,3.81,D
-10.49566,31.57969,330.51,0.36,0.57,2026-10-02,1049,N21,VIIRS,n,2.0NRT,291.56,2.39,D
-10.49424,31.26367,335.51,0.38,0.59,2026-10-02,1049,N21,VIIRS,n,2.0NRT,294.74,3.77,D
-10.4935,33.50329,333.79,0.53,0.5,2026-10-02,1049,N21,VIIRS,n,2.0NRT,289.72,5.26,D
-10.49284,33.50819,330.8,0.53,0.5,2026-10-02,1049,N21,VIIRS,n,2.0NRT,289.04,5.26,D
-10.492,31.26348,336.6,0.38,0.59,2026-10-02,1049,N21,VIIRS,n,2.0NRT,294.87,3.2,D
-10.48549,30.09761,333.07,0.46,0.63,2026-10-02,1049,N21,VIIRS,n,2.0NRT,295.3,6.03,D
-10.47172,29.44731,338.54,0.51,0.66,2026-10-02,1049,N21,VIIRS,n,2.0NRT,292.99,6.55,D
-10.45987,28.88836,345.85,0.55,0.68,2026-10-02,1049,N21,VIIRS,n,2.0NRT,286.46,9.18,D
-10.45836,29.7011,340.86,0.49,0.65,2026-10-02,1049,N21,VIIRS,n,2.0NRT,287.38,11.19,D
-10.45761,28.88939,352.07,0.55,0.68,2026-10-02,1049,N21,VIIRS,n,2.0NRT,288.57,14.13,D
-10.43015,31.25247,341.13,0.38,0.59,2026-10-02,1049,N21,VIIRS,n,2.0NRT,289.53,4.3,D
-10.42823,33.31723,345.64,0.55,0.51,2026-10-02,1049,N21,VIIRS,n,2.0NRT,289.02,18.5,D
-10.42589,29.36905,349.64,0.51,0.66,2026-10-02,1049,N21,VIIRS,n,2.0NRT,293.87,9.17,D
-10.42567,33.31328,347.45,0.55,0.51,2026-10-02,1049,N21,VIIRS,n,2.0NRT,286.66,18.73,D
-10.42503,33.31802,346.82,0.55,0.51,2026-10-02,1049,N21,VIIRS,n,2.0NRT,289.83,23.53,D
-10.42355,33.31671,342.16,0.55,0.51,2026-10-02,1049,N21,VIIRS,n,2.0NRT,287.13,18.5,D
-10.40817,29.20369,335.28,0.53,0.67,2026-10-02,1049,N21,VIIRS,n,2.0NRT,291.92,8.51,D
-10.40812,29.20527,335.46,0.53,0.67,2026-10-02,1049,N21,VIIRS,n,2.0NRT,290.9,8.17,D
-10.40198,29.20453,342.29,0.53,0.67,2026-10-02,1049,N21,VIIRS,n,2.0NRT,293.07,8.17,D
-10.39904,29.43938,330.21,0.51,0.66,2026-10-02,1049,N21,VIIRS,n,2.0NRT,292.45,2.9,D
-10.3829,29.42019,340.14,0.51,0.66,2026-10-02,1049,N21,VIIRS,n,2.0NRT,294.01,10.44,D
-10.38145,29.41838,367,0.51,0.66,2026-10-02,1049,N21,VIIRS,h,2.0NRT,294.65,9.36,D
-10.37019,31.92742,354.35,0.34,0.56,2026-10-02,1049,N21,VIIRS,n,2.0NRT,290.9,5.98,D
-10.36952,26.78695,332.33,0.77,0.77,2026-10-02,1049,N21,VIIRS,n,2.0NRT,289.21,7.13,D
-10.36414,30.4448,330.42,0.43,0.62,2026-10-02,1049,N21,VIIRS,n,2.0NRT,295.58,3.4,D
-10.36148,30.44535,335.44,0.43,0.62,2026-10-02,1049,N21,VIIRS,n,2.0NRT,295.14,2.35,D
-10.3602,29.34131,336.71,0.51,0.66,2026-10-02,1049,N21,VIIRS,n,2.0NRT,294.21,7.04,D
-10.35213,31.02531,343.61,0.39,0.59,2026-10-02,1049,N21,VIIRS,n,2.0NRT,291.56,3.04,D
-10.33613,30.66347,346.87,0.42,0.61,2026-10-02,1049,N21,VIIRS,n,2.0NRT,296.98,10.35,D
-10.33609,30.25372,337.94,0.44,0.63,2026-10-02,1049,N21,VIIRS,n,2.0NRT,290.76,13.21,D
-10.3356,30.25771,367,0.44,0.63,2026-10-02,1049,N21,VIIRS,h,2.0NRT,292.29,21.8,D
-10.33508,30.66444,355.54,0.42,0.61,2026-10-02,1049,N21,VIIRS,n,2.0NRT,298.13,11.57,D
-10.33461,30.26565,334.27,0.44,0.63,2026-10-02,1049,N21,VIIRS,n,2.0NRT,292.77,6.61,D
-10.31264,28.75521,336.43,0.56,0.69,2026-10-02,1049,N21,VIIRS,n,2.0NRT,288.87,6.3,D
-10.28783,31.9609,332.94,0.34,0.56,2026-10-02,1049,N21,VIIRS,n,2.0NRT,289.03,6.05,D
-10.28476,31.96103,341.36,0.34,0.56,2026-10-02,1049,N21,VIIRS,n,2.0NRT,290.26,5.42,D
-10.27437,32.65696,332.82,0.6,0.53,2026-10-02,1049,N21,VIIRS,n,2.0NRT,295.59,7.51,D
-10.25279,32.67041,337.16,0.6,0.53,2026-10-02,1049,N21,VIIRS,n,2.0NRT,290.9,7.01,D
-10.23755,32.00454,333.44,0.33,0.56,2026-10-02,1049,N21,VIIRS,n,2.0NRT,289.86,1.83,D
-10.22928,26.78177,367,0.77,0.77,2026-10-02,1049,N21,VIIRS,h,2.0NRT,290.33,15.19,D
-10.2222,26.781,339.01,0.77,0.77,2026-10-02,1049,N21,VIIRS,n,2.0NRT,289.21,15.19,D
-10.2214,26.78789,334.46,0.77,0.77,2026-10-02,1049,N21,VIIRS,n,2.0NRT,288.63,15.19,D
-10.18575,29.89161,342.1,0.47,0.64,2026-10-02,1049,N21,VIIRS,n,2.0NRT,293.69,6.37,D
-10.18315,29.10488,338.37,0.53,0.67,2026-10-02,1049,N21,VIIRS,n,2.0NRT,288.65,7.8,D
-10.18106,27.07531,339.5,0.73,0.76,2026-10-02,1049,N21,VIIRS,n,2.0NRT,291.72,12.95,D
-10.1799,29.89082,337.13,0.47,0.64,2026-10-02,1049,N21,VIIRS,n,2.0NRT,293.19,6.37,D
-10.17615,32.00986,330.18,0.33,0.55,2026-10-02,1049,N21,VIIRS,n,2.0NRT,284.04,4.13,D
-10.17065,32.01224,333.74,0.33,0.55,2026-10-02,1049,N21,VIIRS,n,2.0NRT,286.48,8.26,D
-10.16902,32.01445,347.76,0.33,0.56,2026-10-02,1049,N21,VIIRS,n,2.0NRT,289.65,11.43,D
-10.16762,33.62783,341.66,0.52,0.5,2026-10-02,1049,N21,VIIRS,n,2.0NRT,286.43,7.89,D
-10.16618,29.14142,336.57,0.53,0.67,2026-10-02,1049,N21,VIIRS,n,2.0NRT,294.11,5.11,D
-10.16516,32.01464,349.24,0.33,0.55,2026-10-02,1049,N21,VIIRS,n,2.0NRT,283.93,9.81,D
-10.14024,28.79694,334.64,0.56,0.68,2026-10-02,1049,N21,VIIRS,n,2.0NRT,291.35,3.68,D
-10.12915,32.5677,340.39,0.61,0.53,2026-10-02,1049,N21,VIIRS,n,2.0NRT,290.15,11.54,D
-10.11394,27.10794,334.62,0.73,0.76,2026-10-02,1049,N21,VIIRS,n,2.0NRT,291.58,12.01,D
-10.10749,27.104,346.76,0.73,0.76,2026-10-02,1049,N21,VIIRS,n,2.0NRT,289.94,79.21,D
-10.10672,27.11052,348.44,0.72,0.76,2026-10-02,1049,N21,VIIRS,n,2.0NRT,291.31,69.65,D
-10.09068,28.28912,355.67,0.6,0.71,2026-10-02,1049,N21,VIIRS,l,2.0NRT,284.28,17.96,D
-10.09002,28.2945,337.61,0.6,0.71,2026-10-02,1049,N21,VIIRS,n,2.0NRT,284.24,17.96,D
-10.0844,28.29217,344.59,0.6,0.71,2026-10-02,1049,N21,VIIRS,n,2.0NRT,285.03,21.09,D
-10.07955,32.46901,336.28,0.62,0.54,2026-10-02,1049,N21,VIIRS,n,2.0NRT,294.05,7.56,D
-10.07627,28.90468,330.63,0.55,0.68,2026-10-02,1049,N21,VIIRS,n,2.0NRT,289.6,5.27,D
-10.07271,30.28559,354.79,0.44,0.62,2026-10-02,1049,N21,VIIRS,n,2.0NRT,291.7,10.11,D
-10.07057,30.28505,353.19,0.44,0.62,2026-10-02,1049,N21,VIIRS,n,2.0NRT,291.8,12.79,D
-10.06855,28.86382,346.84,0.55,0.68,2026-10-02,1049,N21,VIIRS,n,2.0NRT,288.31,7.54,D
-10.06351,28.13239,330.37,0.62,0.71,2026-10-02,1049,N21,VIIRS,n,2.0NRT,291.72,6.51,D
-10.06086,32.22464,336.4,0.32,0.55,2026-10-02,1049,N21,VIIRS,n,2.0NRT,287.22,4.57,D
-10.05777,28.71139,332.68,0.56,0.69,2026-10-02,1049,N21,VIIRS,n,2.0NRT,290,7.96,D
-10.0572,31.45288,338.84,0.36,0.58,2026-10-02,1049,N21,VIIRS,n,2.0NRT,284.85,4.12,D
-10.04153,26.7734,330.03,0.76,0.77,2026-10-02,1049,N21,VIIRS,n,2.0NRT,289.9,13.7,D
-10.03506,28.73983,337.82,0.56,0.69,2026-10-02,1049,N21,VIIRS,n,2.0NRT,291.5,7.49,D
-10.03257,28.73844,351.47,0.56,0.69,2026-10-02,1049,N21,VIIRS,n,2.0NRT,290.99,10.58,D
-10.02478,30.18818,355.86,0.44,0.63,2026-10-02,1049,N21,VIIRS,l,2.0NRT,279.65,15.03,D
-10.02428,30.19218,338.75,0.44,0.63,2026-10-02,1049,N21,VIIRS,n,2.0NRT,281.3,15.33,D
-10.0209,32.76363,342.03,0.59,0.53,2026-10-02,1049,N21,VIIRS,n,2.0NRT,293.18,10.23,D
-10.01619,29.19436,335.02,0.52,0.67,2026-10-02,1049,N21,VIIRS,n,2.0NRT,292.94,4.63,D
-10.01538,31.3215,350.25,0.37,0.58,2026-10-02,1049,N21,VIIRS,n,2.0NRT,293.08,6.21,D
-9.99625,28.4582,335.74,0.58,0.7,2026-10-02,1049,N21,VIIRS,n,2.0NRT,291.09,5.62,D
-9.99218,28.45662,367,0.58,0.7,2026-10-02,1049,N21,VIIRS,h,2.0NRT,294.74,44.96,D
-9.9905,28.45224,334.64,0.58,0.7,2026-10-02,1049,N21,VIIRS,n,2.0NRT,290.52,23.32,D
-9.98985,28.45749,367,0.58,0.7,2026-10-02,1049,N21,VIIRS,h,2.0NRT,293.3,23.32,D
-9.97616,29.21832,350.95,0.52,0.67,2026-10-02,1049,N21,VIIRS,n,2.0NRT,290.67,6.09,D
-9.97531,29.21872,341.57,0.52,0.67,2026-10-02,1049,N21,VIIRS,n,2.0NRT,291.19,8.23,D
-9.95592,28.828,330.73,0.55,0.68,2026-10-02,1049,N21,VIIRS,n,2.0NRT,292.17,5.22,D
-9.94802,27.38545,367,0.69,0.74,2026-10-02,1049,N21,VIIRS,h,2.0NRT,291.48,14.41,D
-9.9412,27.3847,330.25,0.69,0.74,2026-10-02,1049,N21,VIIRS,n,2.0NRT,290.84,14.41,D
-9.94094,27.03058,333.83,0.73,0.76,2026-10-02,1049,N21,VIIRS,n,2.0NRT,289.95,11.62,D
-9.90749,29.26768,341.88,0.51,0.66,2026-10-02,1049,N21,VIIRS,n,2.0NRT,293.31,6.73,D
-9.90693,29.27224,332.11,0.51,0.66,2026-10-02,1049,N21,VIIRS,n,2.0NRT,293.92,6.73,D
-9.90442,27.57996,367,0.67,0.74,2026-10-02,1049,N21,VIIRS,h,2.0NRT,295.64,84.7,D
-9.90175,27.57554,347.61,0.67,0.74,2026-10-02,1049,N21,VIIRS,n,2.0NRT,291.75,52.18,D
-9.901,27.58159,367,0.67,0.73,2026-10-02,1049,N21,VIIRS,h,2.0NRT,292.82,68.58,D
-9.89956,28.77088,353.27,0.55,0.68,2026-10-02,1049,N21,VIIRS,n,2.0NRT,292.98,17.17,D
-9.8931,28.1756,338.29,0.61,0.71,2026-10-02,1049,N21,VIIRS,n,2.0NRT,289.65,8.59,D
-9.89305,28.17497,336.29,0.61,0.71,2026-10-02,1049,N21,VIIRS,n,2.0NRT,289.38,12.96,D
-9.8762,29.06131,335.71,0.53,0.67,2026-10-02,1049,N21,VIIRS,n,2.0NRT,291.61,7.93,D
-9.84588,32.90956,339.45,0.57,0.52,2026-10-02,1049,N21,VIIRS,n,2.0NRT,288.02,5.68,D
-9.84067,33.17048,343.22,0.55,0.51,2026-10-02,1049,N21,VIIRS,n,2.0NRT,298.01,31.1,D
-9.84015,33.24618,339.23,0.54,0.51,2026-10-02,1049,N21,VIIRS,n,2.0NRT,298.62,7.05,D
-9.83948,33.25121,332.7,0.54,0.51,2026-10-02,1049,N21,VIIRS,n,2.0NRT,300.2,8.11,D
-9.81076,28.47404,334.7,0.58,0.7,2026-10-02,1049,N21,VIIRS,n,2.0NRT,292.3,9.89,D
-9.80113,30.13306,345.98,0.44,0.63,2026-10-02,1049,N21,VIIRS,n,2.0NRT,283.39,12.48,D
-9.80052,28.45168,338.21,0.58,0.7,2026-10-02,1049,N21,VIIRS,n,2.0NRT,291.64,13.75,D
-9.79354,33.7669,348.93,0.5,0.49,2026-10-02,1049,N21,VIIRS,n,2.0NRT,295.25,10.84,D
-9.77696,26.62293,331.31,0.78,0.78,2026-10-02,1049,N21,VIIRS,n,2.0NRT,290.36,10.35,D
-9.75284,31.44825,367,0.36,0.57,2026-10-02,1049,N21,VIIRS,h,2.0NRT,295.2,28.53,D
-9.7453,32.29622,333.63,0.63,0.54,2026-10-02,1049,N21,VIIRS,n,2.0NRT,293.57,9.59,D
-9.74456,32.30189,348.91,0.63,0.54,2026-10-02,1049,N21,VIIRS,n,2.0NRT,293.78,13.92,D
-9.74214,32.87522,332.63,0.57,0.52,2026-10-02,1049,N21,VIIRS,n,2.0NRT,289.09,10.09,D
-9.74033,32.2956,339.5,0.63,0.54,2026-10-02,1049,N21,VIIRS,n,2.0NRT,291.67,10.27,D
-9.7396,32.30126,342.09,0.63,0.54,2026-10-02,1049,N21,VIIRS,n,2.0NRT,292.41,10.99,D
-9.72156,29.86708,350.2,0.46,0.64,2026-10-02,1049,N21,VIIRS,n,2.0NRT,287.97,10.24,D
-9.70644,28.97148,331.24,0.53,0.67,2026-10-02,1049,N21,VIIRS,n,2.0NRT,286.57,10.64,D
-9.70323,27.25079,331.82,0.7,0.75,2026-10-02,1049,N21,VIIRS,n,2.0NRT,292.05,9.67,D
-9.70208,33.07943,344.03,0.55,0.51,2026-10-02,1049,N21,VIIRS,n,2.0NRT,292.57,9.43,D
-9.70076,32.82215,346.01,0.58,0.52,2026-10-02,1049,N21,VIIRS,n,2.0NRT,286.86,17.66,D
-9.69365,29.02381,337.16,0.53,0.67,2026-10-02,1049,N21,VIIRS,n,2.0NRT,289.93,9.85,D
-9.69353,29.02381,338.21,0.53,0.67,2026-10-02,1049,N21,VIIRS,n,2.0NRT,289.73,6.22,D
-9.68972,28.21939,334.23,0.6,0.71,2026-10-02,1049,N21,VIIRS,n,2.0NRT,294.03,10.82,D
-9.68923,29.26536,345.33,0.51,0.66,2026-10-02,1049,N21,VIIRS,n,2.0NRT,289.94,9.67,D
-9.68871,28.22143,336.32,0.6,0.71,2026-10-02,1049,N21,VIIRS,n,2.0NRT,293.12,9.72,D
-9.68867,29.26991,338.12,0.51,0.66,2026-10-02,1049,N21,VIIRS,n,2.0NRT,292.22,9.67,D
-9.68746,29.26484,339.68,0.51,0.66,2026-10-02,1049,N21,VIIRS,n,2.0NRT,292.68,11.45,D
-9.68688,29.26937,345.77,0.51,0.66,2026-10-02,1049,N21,VIIRS,n,2.0NRT,292.85,11.45,D
-9.67459,28.18056,367,0.6,0.71,2026-10-02,1049,N21,VIIRS,h,2.0NRT,291.28,22.26,D
-9.67449,28.17735,367,0.6,0.71,2026-10-02,1049,N21,VIIRS,h,2.0NRT,292.25,21.72,D
-9.6679,33.06791,340.66,0.55,0.51,2026-10-02,1049,N21,VIIRS,n,2.0NRT,296.5,18.05,D
-9.66651,26.92336,339.09,0.74,0.76,2026-10-02,1049,N21,VIIRS,n,2.0NRT,287.93,12.45,D
-9.66507,26.92639,337.63,0.74,0.76,2026-10-02,1049,N21,VIIRS,n,2.0NRT,287.56,10.02,D
-9.65187,33.15198,331.23,0.55,0.51,2026-10-02,1049,N21,VIIRS,n,2.0NRT,292.83,4.99,D
-9.6491,28.27675,367,0.59,0.7,2026-10-02,1049,N21,VIIRS,h,2.0NRT,296.32,68.91,D
-9.64038,33.09535,341.41,0.55,0.51,2026-10-02,1049,N21,VIIRS,n,2.0NRT,298.5,13.64,D
-9.63716,29.2736,367,0.51,0.66,2026-10-02,1049,N21,VIIRS,h,2.0NRT,296.37,38.49,D
-9.6366,29.27807,346.96,0.51,0.66,2026-10-02,1049,N21,VIIRS,n,2.0NRT,293.55,35.22,D
-9.63109,29.273,344.72,0.51,0.66,2026-10-02,1049,N21,VIIRS,n,2.0NRT,298.13,38.49,D
-9.63054,29.27746,367,0.51,0.66,2026-10-02,1049,N21,VIIRS,h,2.0NRT,294.28,35.22,D
-9.61695,30.31519,330.03,0.43,0.62,2026-10-02,1049,N21,VIIRS,n,2.0NRT,290.86,8.67,D
-9.60024,32.03835,335.48,0.33,0.55,2026-10-02,1049,N21,VIIRS,n,2.0NRT,296.62,3.98,D
-9.56609,28.31598,367,0.59,0.7,2026-10-02,1049,N21,VIIRS,h,2.0NRT,291.65,24,D
-9.56445,28.31457,367,0.59,0.7,2026-10-02,1049,N21,VIIRS,h,2.0NRT,290.38,19.39,D
-9.56104,33.23736,341.62,0.54,0.51,2026-10-02,1049,N21,VIIRS,n,2.0NRT,300.89,4.66,D
-9.55245,31.54745,355.58,0.35,0.57,2026-10-02,1049,N21,VIIRS,l,2.0NRT,288.13,6.98,D
-9.55202,31.55075,333.6,0.35,0.57,2026-10-02,1049,N21,VIIRS,n,2.0NRT,291.75,6.98,D
-9.49739,30.23524,336.82,0.43,0.62,2026-10-02,1049,N21,VIIRS,n,2.0NRT,284.48,7.82,D
-9.49565,31.36892,331.58,0.36,0.57,2026-10-02,1049,N21,VIIRS,n,2.0NRT,293.76,5.66,D
-9.48748,31.96266,367,0.33,0.55,2026-10-02,1049,N21,VIIRS,h,2.0NRT,293.4,16.58,D
-9.4832,28.17707,337.63,0.6,0.71,2026-10-02,1049,N21,VIIRS,n,2.0NRT,290.61,4.77,D
-9.45452,29.63994,346.63,0.48,0.64,2026-10-02,1049,N21,VIIRS,n,2.0NRT,292.98,13.02,D
-9.45231,27.18008,330.07,0.7,0.75,2026-10-02,1049,N21,VIIRS,n,2.0NRT,288.74,4.88,D
-9.44459,33.09382,345.67,0.55,0.51,2026-10-02,1049,N21,VIIRS,n,2.0NRT,299.83,11.17,D
-9.44176,31.3305,333.56,0.36,0.58,2026-10-02,1049,N21,VIIRS,n,2.0NRT,294.51,9.63,D
-9.43882,31.71687,343.57,0.34,0.56,2026-10-02,1049,N21,VIIRS,n,2.0NRT,292.93,4.39,D
-9.4365,31.32974,332.94,0.36,0.58,2026-10-02,1049,N21,VIIRS,n,2.0NRT,295.04,5.49,D
-9.43561,28.29103,332.13,0.59,0.7,2026-10-02,1049,N21,VIIRS,n,2.0NRT,291.88,5.08,D
-9.43368,31.71625,335.97,0.34,0.56,2026-10-02,1049,N21,VIIRS,n,2.0NRT,296.07,4.39,D
-9.43327,31.71937,339.07,0.34,0.56,2026-10-02,1049,N21,VIIRS,n,2.0NRT,295.91,4.39,D
-9.42592,28.31667,334.54,0.59,0.7,2026-10-02,1049,N21,VIIRS,n,2.0NRT,294.37,13.22,D
-9.42308,31.91224,367,0.33,0.55,2026-10-02,1049,N21,VIIRS,h,2.0NRT,297.08,20.51,D
-9.41035,32.19459,330.43,0.63,0.54,2026-10-02,1049,N21,VIIRS,n,2.0NRT,296.48,3.94,D
-9.40528,31.61307,331.42,0.35,0.56,2026-10-02,1049,N21,VIIRS,n,2.0NRT,294.37,4.2,D
-9.40422,31.16869,345.2,0.37,0.58,2026-10-02,1049,N21,VIIRS,n,2.0NRT,296.14,5.07,D
-9.39691,31.91537,348.58,0.33,0.55,2026-10-02,1049,N21,VIIRS,n,2.0NRT,294.88,15.59,D
-9.39652,31.91825,367,0.33,0.55,2026-10-02,1049,N21,VIIRS,h,2.0NRT,296.35,15.59,D
-9.38017,32.00301,348.54,0.33,0.55,2026-10-02,1049,N21,VIIRS,n,2.0NRT,303.38,16.01,D
-9.37979,32.00588,367,0.32,0.55,2026-10-02,1049,N21,VIIRS,h,2.0NRT,304.19,16.01,D
-9.37513,32.00235,367,0.33,0.55,2026-10-02,1049,N21,VIIRS,h,2.0NRT,300.35,16.01,D
-9.37475,32.00526,341.03,0.32,0.55,2026-10-02,1049,N21,VIIRS,n,2.0NRT,297.82,16.01,D
-9.35484,30.55967,330.87,0.41,0.61,2026-10-02,1049,N21,VIIRS,n,2.0NRT,284.07,5.82,D
-9.34451,31.77522,367,0.34,0.56,2026-10-02,1049,N21,VIIRS,h,2.0NRT,290.14,10.41,D
-9.34275,31.77475,367,0.34,0.56,2026-10-02,1049,N21,VIIRS,h,2.0NRT,294.3,16.29,D
-9.33937,31.77479,367,0.34,0.56,2026-10-02,1049,N21,VIIRS,h,2.0NRT,291.72,10.41,D
-9.33896,31.77777,367,0.34,0.56,2026-10-02,1049,N21,VIIRS,h,2.0NRT,290.45,11.07,D
-9.313,31.13198,330.45,0.37,0.58,2026-10-02,1049,N21,VIIRS,n,2.0NRT,288.06,5.96,D
-9.30724,32.88458,341.11,0.56,0.52,2026-10-02,1049,N21,VIIRS,n,2.0NRT,299.24,9.61,D
-9.30715,31.78275,338.87,0.34,0.56,2026-10-02,1049,N21,VIIRS,n,2.0NRT,285.82,3.64,D
-9.30597,31.63308,332.03,0.34,0.56,2026-10-02,1049,N21,VIIRS,n,2.0NRT,293.11,6.01,D
-9.30042,31.63546,332.85,0.34,0.56,2026-10-02,1049,N21,VIIRS,n,2.0NRT,294.93,4.5,D
-9.30001,31.63854,336.2,0.34,0.56,2026-10-02,1049,N21,VIIRS,n,2.0NRT,295.41,4.5,D
-9.28987,31.8351,330.25,0.33,0.56,2026-10-02,1049,N21,VIIRS,n,2.0NRT,289.11,2.24,D
-9.28051,31.86691,340.73,0.33,0.55,2026-10-02,1049,N21,VIIRS,n,2.0NRT,292.52,3.65,D
-9.27156,31.36293,346.42,0.36,0.57,2026-10-02,1049,N21,VIIRS,n,2.0NRT,294,5.75,D
-9.268,31.3495,340.94,0.36,0.57,2026-10-02,1049,N21,VIIRS,n,2.0NRT,288.9,3.87,D
-9.26101,31.89776,342.94,0.33,0.55,2026-10-02,1049,N21,VIIRS,n,2.0NRT,297.93,3.7,D
-9.24906,31.33102,352.65,0.36,0.57,2026-10-02,1049,N21,VIIRS,n,2.0NRT,298.8,15.84,D
-9.24864,31.33421,336.59,0.36,0.57,2026-10-02,1049,N21,VIIRS,n,2.0NRT,293.51,15.84,D
-9.24732,33.41373,337.95,0.52,0.5,2026-10-02,1049,N21,VIIRS,n,2.0NRT,289.18,7.8,D
-9.24671,33.4115,337.63,0.52,0.5,2026-10-02,1049,N21,VIIRS,n,2.0NRT,288.4,6.14,D
-9.24663,31.01467,353.64,0.38,0.59,2026-10-02,1049,N21,VIIRS,n,2.0NRT,301.65,9.97,D
-9.24618,31.01823,352.77,0.38,0.59,2026-10-02,1049,N21,VIIRS,n,2.0NRT,302.86,12.82,D
-9.24357,30.90882,367,0.39,0.59,2026-10-02,1049,N21,VIIRS,h,2.0NRT,297.01,11.24,D
-9.24339,31.01406,341.23,0.38,0.59,2026-10-02,1049,N21,VIIRS,n,2.0NRT,300.79,4.68,D
-9.24107,30.90858,367,0.39,0.59,2026-10-02,1049,N21,VIIRS,h,2.0NRT,299.35,20.14,D
-9.23816,30.90814,367,0.39,0.59,2026-10-02,1049,N21,VIIRS,h,2.0NRT,297.94,11.24,D
-9.23593,31.01297,336.84,0.38,0.59,2026-10-02,1049,N21,VIIRS,n,2.0NRT,298.88,8.19,D
-9.23548,31.01657,344.26,0.38,0.59,2026-10-02,1049,N21,VIIRS,n,2.0NRT,298.7,9.38,D
-9.2352,30.9114,339.81,0.39,0.59,2026-10-02,1049,N21,VIIRS,n,2.0NRT,294.03,9.3,D
-9.23268,31.01244,333.8,0.38,0.59,2026-10-02,1049,N21,VIIRS,n,2.0NRT,297.79,6.39,D
-9.2322,31.01606,345.09,0.38,0.59,2026-10-02,1049,N21,VIIRS,n,2.0NRT,299.97,8.1,D
-9.23203,32.7087,339.75,0.58,0.52,2026-10-02,1049,N21,VIIRS,n,2.0NRT,296.78,6.04,D
-9.22823,30.28654,341.63,0.43,0.62,2026-10-02,1049,N21,VIIRS,n,2.0NRT,291.98,7.63,D
-9.2258,30.28741,350.09,0.43,0.62,2026-10-02,1049,N21,VIIRS,n,2.0NRT,290.56,7.46,D
-9.21168,31.96466,348.29,0.33,0.55,2026-10-02,1049,N21,VIIRS,n,2.0NRT,301.09,6.52,D
-9.20986,32.7336,344.63,0.58,0.52,2026-10-02,1049,N21,VIIRS,n,2.0NRT,302.47,17.67,D
-9.20965,32.73003,338.73,0.58,0.52,2026-10-02,1049,N21,VIIRS,n,2.0NRT,301.62,13.59,D
-9.20893,32.7353,340.67,0.58,0.52,2026-10-02,1049,N21,VIIRS,n,2.0NRT,298.3,10.88,D
-9.20087,31.77649,340.06,0.34,0.56,2026-10-02,1049,N21,VIIRS,n,2.0NRT,293.35,11.34,D
-9.20048,31.77946,351.06,0.34,0.56,2026-10-02,1049,N21,VIIRS,n,2.0NRT,295.51,11.34,D
-9.20008,31.78243,367,0.33,0.56,2026-10-02,1049,N21,VIIRS,h,2.0NRT,296.9,23,D
-9.19577,31.77584,333.83,0.34,0.56,2026-10-02,1049,N21,VIIRS,n,2.0NRT,294.21,7.89,D
-9.19538,31.77879,367,0.34,0.56,2026-10-02,1049,N21,VIIRS,h,2.0NRT,298.05,7.89,D
-9.18617,32.79545,342.38,0.57,0.52,2026-10-02,1049,N21,VIIRS,n,2.0NRT,305.39,10.78,D
-9.18302,31.91074,355.62,0.33,0.55,2026-10-02,1049,N21,VIIRS,l,2.0NRT,285.9,7.69,D
-9.18141,32.79491,341.29,0.57,0.52,2026-10-02,1049,N21,VIIRS,n,2.0NRT,302.38,10.78,D
-9.17858,31.70897,367,0.34,0.56,2026-10-02,1049,N21,VIIRS,h,2.0NRT,290.8,10.35,D
-9.17798,31.91007,340.4,0.33,0.55,2026-10-02,1049,N21,VIIRS,n,2.0NRT,300.26,5.76,D
-9.17239,31.09788,367,0.37,0.58,2026-10-02,1049,N21,VIIRS,h,2.0NRT,294.56,8.03,D
-9.16986,31.85464,340.04,0.33,0.55,2026-10-02,1049,N21,VIIRS,n,2.0NRT,299.71,3.62,D
-9.16851,32.17075,332.7,0.63,0.54,2026-10-02,1049,N21,VIIRS,n,2.0NRT,294.79,23.76,D
-9.16822,32.56594,339.83,0.59,0.53,2026-10-02,1049,N21,VIIRS,n,2.0NRT,299.44,7.69,D
-9.16355,32.17009,341.01,0.63,0.54,2026-10-02,1049,N21,VIIRS,n,2.0NRT,298.33,25.3,D
-9.16218,30.03789,330.6,0.44,0.63,2026-10-02,1049,N21,VIIRS,n,2.0NRT,298.41,4.66,D
-9.16024,30.03668,332.5,0.44,0.62,2026-10-02,1049,N21,VIIRS,n,2.0NRT,295.85,8.43,D
-9.15929,31.89592,339.97,0.33,0.55,2026-10-02,1049,N21,VIIRS,n,2.0NRT,295.86,2.59,D
-9.15142,32.55019,335.12,0.59,0.53,2026-10-02,1049,N21,VIIRS,n,2.0NRT,302.25,7.82,D
-9.15029,32.55288,337.02,0.59,0.53,2026-10-02,1049,N21,VIIRS,n,2.0NRT,305.54,5,D
-9.14616,33.25979,337.67,0.53,0.5,2026-10-02,1049,N21,VIIRS,n,2.0NRT,294.46,8.49,D
-9.14208,31.83041,331.19,0.33,0.55,2026-10-02,1049,N21,VIIRS,n,2.0NRT,298.23,4.28,D
-9.12885,29.04356,340.83,0.52,0.67,2026-10-02,1049,N21,VIIRS,n,2.0NRT,294.68,33.82,D
-9.12828,29.04807,367,0.52,0.67,2026-10-02,1049,N21,VIIRS,h,2.0NRT,295.26,33.82,D
-9.12439,31.85423,339.01,0.33,0.55,2026-10-02,1049,N21,VIIRS,n,2.0NRT,300.7,3.55,D
-9.12381,31.85213,333.36,0.33,0.55,2026-10-02,1049,N21,VIIRS,n,2.0NRT,299,6.73,D
-9.12101,27.36014,341.26,0.68,0.74,2026-10-02,1049,N21,VIIRS,n,2.0NRT,290.7,11.44,D
-9.11777,31.26964,338.24,0.36,0.58,2026-10-02,1049,N21,VIIRS,n,2.0NRT,292.43,10.22,D
-9.11264,32.5462,336.21,0.59,0.53,2026-10-02,1049,N21,VIIRS,n,2.0NRT,305.49,8.48,D
-9.1102,29.28584,331.56,0.5,0.66,2026-10-02,1049,N21,VIIRS,n,2.0NRT,292.25,4.41,D
-9.09054,33.45993,338.47,0.51,0.49,2026-10-02,1049,N21,VIIRS,n,2.0NRT,291.34,7.31,D
-9.08087,29.64465,331.64,0.47,0.64,2026-10-02,1049,N21,VIIRS,n,2.0NRT,289.95,12.48,D
-9.0721,31.1715,351.09,0.37,0.58,2026-10-02,1049,N21,VIIRS,n,2.0NRT,293.53,8.82,D
-9.06679,31.17088,367,0.37,0.58,2026-10-02,1049,N21,VIIRS,h,2.0NRT,294.91,8.82,D
-9.06106,31.17348,333.75,0.37,0.58,2026-10-02,1049,N21,VIIRS,n,2.0NRT,295.13,2.24,D
-9.05436,33.0085,338.03,0.55,0.51,2026-10-02,1049,N21,VIIRS,n,2.0NRT,300.48,13.34,D
-9.04679,32.49282,342.58,0.59,0.53,2026-10-02,1049,N21,VIIRS,n,2.0NRT,306.32,7.5,D
-9.04576,32.49436,344.41,0.6,0.53,2026-10-02,1049,N21,VIIRS,n,2.0NRT,305.36,10.65,D
-9.03856,30.905,330.66,0.38,0.59,2026-10-02,1049,N21,VIIRS,n,2.0NRT,295.28,5.24,D
-9.01564,27.24548,346.3,0.69,0.74,2026-10-02,1049,N21,VIIRS,n,2.0NRT,289.31,10.75,D
-9.01408,33.58375,350.03,0.5,0.49,2026-10-02,1049,N21,VIIRS,n,2.0NRT,291.88,13.26,D
-9.00749,33.57971,335.78,0.5,0.49,2026-10-02,1049,N21,VIIRS,n,2.0NRT,288.46,3.29,D
-8.9713,32.75832,331.87,0.57,0.52,2026-10-02,1049,N21,VIIRS,n,2.0NRT,294.87,2.71,D
-8.94272,30.70854,332.77,0.39,0.6,2026-10-02,1049,N21,VIIRS,n,2.0NRT,299.83,4.97,D
-8.94225,30.71232,349.28,0.39,0.6,2026-10-02,1049,N21,VIIRS,n,2.0NRT,301.28,4.97,D
-8.94137,30.70908,346.27,0.39,0.6,2026-10-02,1049,N21,VIIRS,n,2.0NRT,300.31,6.97,D
-8.94086,30.71285,350.8,0.39,0.6,2026-10-02,1049,N21,VIIRS,n,2.0NRT,302.1,6.97,D
-8.9387,33.16835,334.46,0.53,0.5,2026-10-02,1049,N21,VIIRS,n,2.0NRT,302.99,3.78,D
-8.93232,30.69359,335.52,0.4,0.6,2026-10-02,1049,N21,VIIRS,n,2.0NRT,299.07,3.78,D
-8.92012,30.65957,340.47,0.4,0.6,2026-10-02,1049,N21,VIIRS,n,2.0NRT,294.36,6.37,D
-8.90663,31.37046,345.56,0.35,0.57,2026-10-02,1049,N21,VIIRS,n,2.0NRT,296.12,3.63,D
-8.90394,30.69821,343.49,0.39,0.6,2026-10-02,1049,N21,VIIRS,n,2.0NRT,299.4,7.16,D
-8.90379,30.78382,367,0.39,0.59,2026-10-02,1049,N21,VIIRS,h,2.0NRT,300.34,6.45,D
-8.90334,30.78723,330.47,0.39,0.59,2026-10-02,1049,N21,VIIRS,n,2.0NRT,296.95,6.45,D
-8.90209,32.40512,331.56,0.6,0.53,2026-10-02,1049,N21,VIIRS,n,2.0NRT,300.72,6.81,D
-8.88526,31.2084,367,0.36,0.58,2026-10-02,1049,N21,VIIRS,h,2.0NRT,298.87,13.11,D
-8.88489,31.20836,367,0.36,0.58,2026-10-02,1049,N21,VIIRS,h,2.0NRT,298.7,13.95,D
-8.88109,33.10794,333.92,0.54,0.51,2026-10-02,1049,N21,VIIRS,n,2.0NRT,302.69,4.75,D
-8.87167,30.81874,367,0.39,0.59,2026-10-02,1049,N21,VIIRS,h,2.0NRT,298.65,11.59,D
-8.8634,31.81674,367,0.33,0.55,2026-10-02,1049,N21,VIIRS,h,2.0NRT,304.27,11.35,D
-8.86301,31.81968,335.99,0.33,0.55,2026-10-02,1049,N21,VIIRS,n,2.0NRT,300.61,6.42,D
-8.86279,30.88711,337.38,0.38,0.59,2026-10-02,1049,N21,VIIRS,n,2.0NRT,292.43,3.25,D
-8.84778,31.89557,335.42,0.33,0.55,2026-10-02,1049,N21,VIIRS,n,2.0NRT,303.92,2,D
-8.84453,33.06348,339.72,0.54,0.51,2026-10-02,1049,N21,VIIRS,n,2.0NRT,303.2,4.94,D
-8.83462,31.30691,338.18,0.36,0.57,2026-10-02,1049,N21,VIIRS,n,2.0NRT,303.14,2.61,D
-8.83335,33.59728,335.24,0.5,0.49,2026-10-02,1049,N21,VIIRS,n,2.0NRT,302.4,6.63,D
-8.83324,32.30279,332.61,0.61,0.53,2026-10-02,1049,N21,VIIRS,l,2.0NRT,304.61,2.74,D
-8.82546,30.69234,330.42,0.39,0.6,2026-10-02,1049,N21,VIIRS,n,2.0NRT,296.57,4.59,D
-8.80712,30.7052,344.22,0.39,0.6,2026-10-02,1049,N21,VIIRS,n,2.0NRT,294.4,12.67,D
-8.80664,30.70881,367,0.39,0.6,2026-10-02,1049,N21,VIIRS,h,2.0NRT,299.37,12.67,D
-8.8017,30.7043,350.63,0.39,0.6,2026-10-02,1049,N21,VIIRS,n,2.0NRT,295.76,8.55,D
-8.80122,30.70796,355,0.39,0.6,2026-10-02,1049,N21,VIIRS,n,2.0NRT,297.22,8.55,D
-8.78825,29.2121,355.5,0.5,0.66,2026-10-02,1049,N21,VIIRS,n,2.0NRT,293.82,12.13,D
-8.78468,31.36348,332.1,0.35,0.57,2026-10-02,1049,N21,VIIRS,n,2.0NRT,301.01,4.3,D
-8.77535,31.31256,333.3,0.36,0.57,2026-10-02,1049,N21,VIIRS,n,2.0NRT,301.04,2.41,D
-8.76313,33.52438,337.88,0.5,0.49,2026-10-02,1049,N21,VIIRS,n,2.0NRT,298.45,5.72,D
-8.75615,31.36946,333.62,0.35,0.57,2026-10-02,1049,N21,VIIRS,n,2.0NRT,299.93,2.82,D
-8.73936,31.21729,350.86,0.36,0.57,2026-10-02,1049,N21,VIIRS,n,2.0NRT,302.55,4.59,D
-8.7355,33.35678,342.51,0.51,0.5,2026-10-02,1049,N21,VIIRS,n,2.0NRT,300.2,8.99,D
-8.69642,30.90002,338.03,0.38,0.59,2026-10-02,1049,N21,VIIRS,n,2.0NRT,298.96,4.32,D
-8.67313,31.35647,367,0.35,0.57,2026-10-02,1049,N21,VIIRS,h,2.0NRT,301.18,12.32,D
-8.63844,31.93292,337.77,0.32,0.55,2026-10-02,1049,N21,VIIRS,n,2.0NRT,307.42,2.21,D
-8.62909,32.26098,343.49,0.61,0.53,2026-10-02,1049,N21,VIIRS,n,2.0NRT,304.85,21.24,D
-8.62667,32.26393,343.75,0.61,0.53,2026-10-02,1049,N21,VIIRS,n,2.0NRT,305.3,22.99,D
-8.61111,31.83109,331.56,0.33,0.55,2026-10-02,1049,N21,VIIRS,l,2.0NRT,303.46,2.83,D
-8.59915,33.39801,341.28,0.51,0.49,2026-10-02,1049,N21,VIIRS,n,2.0NRT,301.3,7.82,D
-8.59767,32.19857,345.93,0.61,0.54,2026-10-02,1049,N21,VIIRS,n,2.0NRT,300.67,10.29,D
-8.59705,33.40017,337.53,0.51,0.49,2026-10-02,1049,N21,VIIRS,n,2.0NRT,300.14,6.13,D
-8.59375,31.88559,337.52,0.32,0.55,2026-10-02,1049,N21,VIIRS,n,2.0NRT,303.99,2.97,D
-8.59182,31.36254,352.16,0.35,0.57,2026-10-02,1049,N21,VIIRS,n,2.0NRT,299.68,5.62,D
-8.5914,31.3657,335.67,0.35,0.57,2026-10-02,1049,N21,VIIRS,n,2.0NRT,298.21,5.62,D
-8.56618,31.9004,332.89,0.32,0.55,2026-10-02,1049,N21,VIIRS,n,2.0NRT,301.79,2.04,D
-8.56511,32.02726,342.34,0.63,0.54,2026-10-02,1049,N21,VIIRS,n,2.0NRT,302.84,11.95,D
-8.54645,33.16221,333.56,0.53,0.5,2026-10-02,1049,N21,VIIRS,n,2.0NRT,299.38,7.45,D
-8.53683,32.11456,330.45,0.62,0.54,2026-10-02,1049,N21,VIIRS,l,2.0NRT,301.43,2.21,D
-8.52239,31.15791,331.92,0.36,0.58,2026-10-02,1049,N21,VIIRS,n,2.0NRT,301.18,3.25,D
-8.50016,31.28508,352.42,0.35,0.57,2026-10-02,1049,N21,VIIRS,n,2.0NRT,297.79,8.8,D
-8.4882,31.2144,335.78,0.36,0.57,2026-10-02,1049,N21,VIIRS,n,2.0NRT,300.82,2.71,D
-8.48293,31.21393,331.65,0.36,0.57,2026-10-02,1049,N21,VIIRS,n,2.0NRT,300.08,2.71,D
-8.48241,29.29605,355.48,0.49,0.65,2026-10-02,1049,N21,VIIRS,l,2.0NRT,287.37,18.74,D
-8.47968,29.29724,367,0.49,0.65,2026-10-02,1049,N21,VIIRS,h,2.0NRT,294.5,31.63,D
-8.47886,31.86714,331.59,0.32,0.55,2026-10-02,1049,N21,VIIRS,l,2.0NRT,303.04,1.98,D
-8.47651,29.29493,351.91,0.49,0.65,2026-10-02,1049,N21,VIIRS,n,2.0NRT,292.51,14.32,D
-8.46017,29.18741,331.29,0.5,0.65,2026-10-02,1049,N21,VIIRS,n,2.0NRT,290.02,3.11,D
-8.45511,31.8145,335.07,0.33,0.55,2026-10-02,1049,N21,VIIRS,n,2.0NRT,300.85,1.44,D
-8.45012,31.81357,330.73,0.33,0.55,2026-10-02,1049,N21,VIIRS,l,2.0NRT,303.14,2.3,D
-8.44951,26.49136,329.13,0.76,0.77,2026-10-02,1049,N21,VIIRS,n,2.0NRT,289.56,8.55,D
-8.42235,32.27341,342.6,0.6,0.53,2026-10-02,1049,N21,VIIRS,n,2.0NRT,306.34,6.23,D
-8.42057,32.27483,340.6,0.6,0.53,2026-10-02,1049,N21,VIIRS,n,2.0NRT,307.17,5.54,D
-8.41695,26.68163,337.23,0.74,0.76,2026-10-02,1049,N21,VIIRS,n,2.0NRT,290.06,9.41,D
-8.39318,31.77972,352.8,0.33,0.55,2026-10-02,1049,N21,VIIRS,n,2.0NRT,305.73,6.57,D
-8.38871,31.31823,346.87,0.35,0.57,2026-10-02,1049,N21,VIIRS,n,2.0NRT,303.89,11.14,D
-8.38829,31.32142,367,0.35,0.57,2026-10-02,1049,N21,VIIRS,h,2.0NRT,304.71,19.03,D
-8.38786,31.32461,367,0.35,0.57,2026-10-02,1049,N21,VIIRS,h,2.0NRT,306.47,19.03,D
-8.3846,26.72148,338.81,0.73,0.76,2026-10-02,1049,N21,VIIRS,n,2.0NRT,291.06,8.89,D
-8.38348,26.72465,335.9,0.73,0.76,2026-10-02,1049,N21,VIIRS,n,2.0NRT,290.8,9.34,D
-8.38093,30.14716,346.63,0.42,0.61,2026-10-02,1049,N21,VIIRS,n,2.0NRT,294.59,7.28,D
-8.37909,30.14566,367,0.42,0.61,2026-10-02,1049,N21,VIIRS,h,2.0NRT,295.87,12.83,D
-8.3764,32.17278,343.25,0.61,0.54,2026-10-02,1049,N21,VIIRS,n,2.0NRT,306.33,4.25,D
-8.3753,30.14647,348.13,0.42,0.61,2026-10-02,1049,N21,VIIRS,n,2.0NRT,294.97,7.73,D
-8.36698,31.4024,335.4,0.35,0.56,2026-10-02,1049,N21,VIIRS,n,2.0NRT,301.89,4.64,D
-8.35749,31.3144,332.27,0.35,0.57,2026-10-02,1049,N21,VIIRS,n,2.0NRT,300.47,4.82,D
-8.34341,31.09481,367,0.36,0.58,2026-10-02,1049,N21,VIIRS,h,2.0NRT,298.59,10.63,D
-8.34297,31.09805,334.89,0.36,0.58,2026-10-02,1049,N21,VIIRS,n,2.0NRT,296.55,9.88,D
-8.33882,26.86139,367,0.71,0.75,2026-10-02,1049,N21,VIIRS,h,2.0NRT,290.4,26.73,D
-8.30265,31.15913,344.37,0.36,0.57,2026-10-02,1049,N21,VIIRS,n,2.0NRT,300.93,7.34,D
-8.30219,31.16258,336.15,0.36,0.57,2026-10-02,1049,N21,VIIRS,n,2.0NRT,301.74,6.64,D
-8.30154,30.40258,367,0.41,0.6,2026-10-02,1049,N21,VIIRS,h,2.0NRT,297,27.67,D
-8.27597,26.90936,329.49,0.71,0.75,2026-10-02,1049,N21,VIIRS,n,2.0NRT,289.3,3.17,D
-8.23656,29.12948,334.76,0.5,0.66,2026-10-02,1049,N21,VIIRS,n,2.0NRT,293.35,4.32,D
-8.2286,31.3994,336.94,0.35,0.56,2026-10-02,1049,N21,VIIRS,n,2.0NRT,306.1,6.91,D
-8.22656,31.39874,335.66,0.34,0.56,2026-10-02,1049,N21,VIIRS,l,2.0NRT,306.59,6.64,D
-8.22615,31.40173,330.36,0.34,0.56,2026-10-02,1049,N21,VIIRS,l,2.0NRT,304.51,3.5,D
-18.05628,22.30139,343.36,0.39,0.44,2026-10-02,1227,N21,VIIRS,n,2.0NRT,313.46,3.54,D
-17.99545,22.77631,345.05,0.42,0.45,2026-10-02,1227,N21,VIIRS,n,2.0NRT,311.06,9.13,D
-17.85471,24.22285,338.04,0.52,0.5,2026-10-02,1227,N21,VIIRS,l,2.0NRT,308.81,6.31,D
-17.7852,23.40815,345.01,0.47,0.47,2026-10-02,1227,N21,VIIRS,n,2.0NRT,314.31,5.53,D
-17.78437,23.41248,341.72,0.47,0.47,2026-10-02,1227,N21,VIIRS,n,2.0NRT,309.13,9.6,D
-17.78378,23.40905,352.41,0.47,0.47,2026-10-02,1227,N21,VIIRS,n,2.0NRT,314.59,15.18,D
-17.78087,23.40727,340.07,0.47,0.47,2026-10-02,1227,N21,VIIRS,n,2.0NRT,312.57,5.53,D
-17.77493,24.8004,336,0.57,0.52,2026-10-02,1227,N21,VIIRS,n,2.0NRT,300.34,4.22,D
-17.60887,22.91213,340.98,0.44,0.46,2026-10-02,1227,N21,VIIRS,n,2.0NRT,310.31,3.67,D
-17.59443,22.14418,349.9,0.39,0.44,2026-10-02,1227,N21,VIIRS,n,2.0NRT,317.06,29.93,D
-17.59308,22.1515,350.53,0.39,0.44,2026-10-02,1227,N21,VIIRS,n,2.0NRT,320.15,17.7,D
-17.59042,22.14337,367,0.39,0.44,2026-10-02,1227,N21,VIIRS,l,2.0NRT,332.56,29.93,D
-17.58975,22.14704,354.45,0.39,0.44,2026-10-02,1227,N21,VIIRS,n,2.0NRT,320.54,29.93,D
-17.58907,22.1507,349.72,0.39,0.44,2026-10-02,1227,N21,VIIRS,n,2.0NRT,316.3,17.7,D
-17.58574,22.14624,367,0.39,0.44,2026-10-02,1227,N21,VIIRS,h,2.0NRT,312.43,11.3,D
-17.57976,24.58444,336.91,0.56,0.51,2026-10-02,1227,N21,VIIRS,n,2.0NRT,297.73,11.19,D
-17.57874,24.58964,347.64,0.56,0.51,2026-10-02,1227,N21,VIIRS,n,2.0NRT,297.61,11.19,D
-17.57508,24.58345,367,0.56,0.51,2026-10-02,1227,N21,VIIRS,h,2.0NRT,300.25,26.16,D
-17.57387,24.58072,338.05,0.56,0.51,2026-10-02,1227,N21,VIIRS,n,2.0NRT,294.51,4.76,D
-17.51372,23.20868,343.44,0.46,0.47,2026-10-02,1227,N21,VIIRS,n,2.0NRT,312.97,8.22,D
-17.46477,24.58998,340.98,0.56,0.52,2026-10-02,1227,N21,VIIRS,n,2.0NRT,304.11,26.97,D
-17.46346,24.58847,340.93,0.56,0.52,2026-10-02,1227,N21,VIIRS,n,2.0NRT,307.08,28,D
-17.46111,24.58376,345.65,0.56,0.52,2026-10-02,1227,N21,VIIRS,n,2.0NRT,312.18,26.97,D
-17.45977,24.58222,343.82,0.56,0.52,2026-10-02,1227,N21,VIIRS,n,2.0NRT,302.8,23.81,D
-17.33695,22.72919,341.62,0.43,0.46,2026-10-02,1227,N21,VIIRS,l,2.0NRT,314.09,25.93,D
-17.33457,24.26424,336.07,0.54,0.51,2026-10-02,1227,N21,VIIRS,l,2.0NRT,307.89,5.1,D
-17.32073,22.81799,347.06,0.44,0.46,2026-10-02,1227,N21,VIIRS,n,2.0NRT,311.48,9.32,D
-17.26024,22.13204,335.35,0.4,0.44,2026-10-02,1227,N21,VIIRS,l,2.0NRT,310.03,2.58,D
-17.25699,22.13088,345.41,0.4,0.44,2026-10-02,1227,N21,VIIRS,n,2.0NRT,313.27,6.43,D
-17.25634,24.20326,335.47,0.54,0.5,2026-10-02,1227,N21,VIIRS,n,2.0NRT,304.46,3.71,D
-17.25622,22.13124,343.15,0.4,0.44,2026-10-02,1227,N21,VIIRS,n,2.0NRT,312.5,2.58,D
-17.25591,23.75605,342.65,0.5,0.49,2026-10-02,1227,N21,VIIRS,n,2.0NRT,308.14,11.33,D
-17.25219,22.13045,342.58,0.4,0.44,2026-10-02,1227,N21,VIIRS,n,2.0NRT,310.73,2.18,D
-17.25144,23.75513,352.43,0.5,0.49,2026-10-02,1227,N21,VIIRS,n,2.0NRT,310.01,11.33,D
-17.14919,24.40698,344.39,0.55,0.51,2026-10-02,1227,N21,VIIRS,n,2.0NRT,307.94,17.1,D
-17.14808,24.4269,335.04,0.56,0.51,2026-10-02,1227,N21,VIIRS,n,2.0NRT,304.22,8.47,D
-17.14635,24.41043,341.91,0.55,0.51,2026-10-02,1227,N21,VIIRS,n,2.0NRT,307.62,26.15,D
-17.11798,22.52234,353.27,0.42,0.45,2026-10-02,1227,N21,VIIRS,n,2.0NRT,317.12,6.36,D
-17.11384,22.52151,347.55,0.42,0.45,2026-10-02,1227,N21,VIIRS,n,2.0NRT,313.95,11.67,D
-17.11037,23.31988,340.39,0.47,0.48,2026-10-02,1227,N21,VIIRS,l,2.0NRT,311.34,5.75,D
-17.10736,22.07468,349.04,0.4,0.44,2026-10-02,1227,N21,VIIRS,n,2.0NRT,316.1,6.12,D
-17.10334,22.07388,352.02,0.4,0.44,2026-10-02,1227,N21,VIIRS,n,2.0NRT,314.83,10.03,D
-17.09784,26.05706,339.89,0.36,0.57,2026-10-02,1227,N21,VIIRS,n,2.0NRT,295.95,3.68,D
-17.09193,22.04492,342.68,0.39,0.44,2026-10-02,1227,N21,VIIRS,n,2.0NRT,313.84,19.71,D
-17.03806,22.43356,342.82,0.42,0.45,2026-10-02,1227,N21,VIIRS,l,2.0NRT,316.13,4.74,D
-16.97271,25.78358,346.14,0.34,0.56,2026-10-02,1227,N21,VIIRS,n,2.0NRT,305.2,8.3,D
-16.95026,25.73602,340.91,0.34,0.56,2026-10-02,1227,N21,VIIRS,n,2.0NRT,302.67,4.25,D
-16.92645,22.42364,343.51,0.42,0.45,2026-10-02,1227,N21,VIIRS,n,2.0NRT,314.46,5.46,D
-16.90959,24.63972,347.3,0.58,0.52,2026-10-02,1227,N21,VIIRS,n,2.0NRT,303.26,19.3,D
-16.90912,24.64175,342,0.58,0.52,2026-10-02,1227,N21,VIIRS,n,2.0NRT,304.31,14.12,D
-16.90755,24.65047,343.91,0.58,0.52,2026-10-02,1227,N21,VIIRS,n,2.0NRT,308.34,13.52,D
-16.90701,24.65248,345.19,0.58,0.52,2026-10-02,1227,N21,VIIRS,n,2.0NRT,308.65,23.65,D
-16.90653,24.65585,345.2,0.58,0.52,2026-10-02,1227,N21,VIIRS,n,2.0NRT,308.78,13.52,D
-16.90595,24.65784,352.24,0.58,0.52,2026-10-02,1227,N21,VIIRS,n,2.0NRT,307.44,20.19,D
-16.90279,24.64946,367,0.58,0.52,2026-10-02,1227,N21,VIIRS,h,2.0NRT,307.34,13.52,D
-16.90225,24.65147,367,0.58,0.52,2026-10-02,1227,N21,VIIRS,h,2.0NRT,307.61,23.65,D
-16.90177,24.65484,347.21,0.58,0.52,2026-10-02,1227,N21,VIIRS,n,2.0NRT,304.57,13.52,D
-16.85161,24.38024,367,0.56,0.51,2026-10-02,1227,N21,VIIRS,h,2.0NRT,310.59,33.85,D
-16.85004,24.37838,354.7,0.56,0.51,2026-10-02,1227,N21,VIIRS,n,2.0NRT,310.63,23.59,D
-16.82735,25.72672,367,0.34,0.56,2026-10-02,1227,N21,VIIRS,h,2.0NRT,290.55,4.7,D
-16.8216,25.72879,355.67,0.34,0.56,2026-10-02,1227,N21,VIIRS,l,2.0NRT,286.71,13.27,D
-16.80374,23.74343,343.06,0.51,0.49,2026-10-02,1227,N21,VIIRS,n,2.0NRT,312.24,7.72,D
-16.76442,26.36414,343.07,0.38,0.59,2026-10-02,1227,N21,VIIRS,n,2.0NRT,293.73,2.81,D
-16.73784,22.19197,342.59,0.41,0.45,2026-10-02,1227,N21,VIIRS,l,2.0NRT,316.41,9.44,D
-16.73376,22.19116,343.67,0.41,0.45,2026-10-02,1227,N21,VIIRS,l,2.0NRT,318.17,9.44,D
-16.72192,23.77277,342.43,0.51,0.5,2026-10-02,1227,N21,VIIRS,n,2.0NRT,310.02,6.15,D
-16.71576,22.88051,349.54,0.45,0.47,2026-10-02,1227,N21,VIIRS,n,2.0NRT,317.57,36.25,D
-16.7115,22.87967,351.41,0.45,0.47,2026-10-02,1227,N21,VIIRS,n,2.0NRT,317.43,25.07,D
-16.67659,22.73989,345.64,0.44,0.46,2026-10-02,1227,N21,VIIRS,n,2.0NRT,313.66,10.11,D
-16.6305,23.62931,338.22,0.5,0.49,2026-10-02,1227,N21,VIIRS,n,2.0NRT,310.7,3.33,D
-16.61924,22.52765,337.8,0.43,0.46,2026-10-02,1227,N21,VIIRS,l,2.0NRT,312.38,2.54,D
-16.59676,23.78467,338.07,0.52,0.5,2026-10-02,1227,N21,VIIRS,l,2.0NRT,309.38,6.19,D
-16.58471,22.01846,344.73,0.4,0.44,2026-10-02,1227,N21,VIIRS,n,2.0NRT,315.58,6.24,D
-16.55801,22.88956,342.28,0.45,0.47,2026-10-02,1227,N21,VIIRS,l,2.0NRT,316.92,11.59,D
-16.54602,22.93098,342.72,0.46,0.47,2026-10-02,1227,N21,VIIRS,l,2.0NRT,312.88,9.12,D
-16.5355,23.93356,342.81,0.53,0.5,2026-10-02,1227,N21,VIIRS,n,2.0NRT,306.6,4.45,D
-16.52822,22.66857,342.57,0.44,0.46,2026-10-02,1227,N21,VIIRS,n,2.0NRT,312.04,5.9,D
-16.50513,24.916,330.6,0.62,0.54,2026-10-02,1227,N21,VIIRS,l,2.0NRT,304.36,8.29,D
-16.49224,22.67533,343.58,0.44,0.46,2026-10-02,1227,N21,VIIRS,n,2.0NRT,312.07,5.94,D
-16.4851,22.80542,338.39,0.45,0.47,2026-10-02,1227,N21,VIIRS,l,2.0NRT,311.47,4.14,D
-16.48443,26.39767,338.58,0.39,0.59,2026-10-02,1227,N21,VIIRS,n,2.0NRT,297.8,6.52,D
-16.4837,26.40124,346.01,0.39,0.59,2026-10-02,1227,N21,VIIRS,n,2.0NRT,299.23,6.52,D
-16.47928,25.47478,333.55,0.34,0.56,2026-10-02,1227,N21,VIIRS,l,2.0NRT,306.78,3.77,D
-16.4772,24.21264,337.43,0.55,0.51,2026-10-02,1227,N21,VIIRS,l,2.0NRT,307.85,4.69,D
-16.47621,24.21775,332.61,0.55,0.51,2026-10-02,1227,N21,VIIRS,l,2.0NRT,307.58,4.69,D
-16.47523,24.22287,339.24,0.55,0.51,2026-10-02,1227,N21,VIIRS,n,2.0NRT,306.25,8.94,D
-16.46947,22.05393,338.37,0.4,0.45,2026-10-02,1227,N21,VIIRS,l,2.0NRT,312.18,8.75,D
-16.46901,23.20287,343.47,0.48,0.48,2026-10-02,1227,N21,VIIRS,n,2.0NRT,313.95,5.54,D
-16.46465,23.20198,342.99,0.48,0.48,2026-10-02,1227,N21,VIIRS,n,2.0NRT,312.47,5.54,D
-16.41593,23.21975,343.25,0.48,0.48,2026-10-02,1227,N21,VIIRS,n,2.0NRT,313.3,6.88,D
-16.41509,23.22418,341.81,0.48,0.48,2026-10-02,1227,N21,VIIRS,n,2.0NRT,313.08,7.48,D
-16.38534,22.82596,341.51,0.45,0.47,2026-10-02,1227,N21,VIIRS,l,2.0NRT,315,6.86,D
-16.36269,26.79435,335.76,0.41,0.61,2026-10-02,1227,N21,VIIRS,n,2.0NRT,303.6,4.38,D
-16.35927,21.96639,343.51,0.4,0.44,2026-10-02,1227,N21,VIIRS,n,2.0NRT,314.05,9.06,D
-16.34643,26.56779,352.03,0.4,0.6,2026-10-02,1227,N21,VIIRS,n,2.0NRT,302.19,8.4,D
-16.34474,22.45814,344.75,0.43,0.46,2026-10-02,1227,N21,VIIRS,n,2.0NRT,317.19,6.54,D
-16.3416,24.90997,330.38,0.62,0.54,2026-10-02,1227,N21,VIIRS,l,2.0NRT,303.87,4.94,D
-16.3304,23.94115,354.71,0.54,0.5,2026-10-02,1227,N21,VIIRS,n,2.0NRT,309.24,11.55,D
-16.32674,23.93529,344.76,0.54,0.5,2026-10-02,1227,N21,VIIRS,n,2.0NRT,310.39,11.55,D
-16.3258,23.94021,340.29,0.54,0.5,2026-10-02,1227,N21,VIIRS,n,2.0NRT,308.05,11.55,D
-16.32092,23.58658,340.06,0.51,0.49,2026-10-02,1227,N21,VIIRS,n,2.0NRT,311.33,8.21,D
-16.29931,24.05415,336.94,0.55,0.51,2026-10-02,1227,N21,VIIRS,l,2.0NRT,307.96,3.71,D
-16.29693,23.84236,334.22,0.53,0.5,2026-10-02,1227,N21,VIIRS,l,2.0NRT,309.18,4.01,D
-16.29599,23.84722,338.58,0.53,0.5,2026-10-02,1227,N21,VIIRS,n,2.0NRT,312.73,5.8,D
-16.29398,24.80342,343.05,0.61,0.53,2026-10-02,1227,N21,VIIRS,n,2.0NRT,309.06,9.73,D
-16.27396,22.79152,343.91,0.45,0.47,2026-10-02,1227,N21,VIIRS,n,2.0NRT,316.6,17,D
-16.27318,22.79571,343.56,0.45,0.47,2026-10-02,1227,N21,VIIRS,n,2.0NRT,314.36,14.51,D
-16.27105,22.79166,338.86,0.45,0.47,2026-10-02,1227,N21,VIIRS,l,2.0NRT,313.42,15.09,D
-16.27029,22.79586,342.84,0.45,0.47,2026-10-02,1227,N21,VIIRS,n,2.0NRT,314.64,20.72,D
-16.26891,22.79486,343.02,0.45,0.47,2026-10-02,1227,N21,VIIRS,l,2.0NRT,314.59,14.51,D
-16.26595,24.46002,335.19,0.58,0.52,2026-10-02,1227,N21,VIIRS,n,2.0NRT,309.18,5.01,D
-16.24311,22.1239,344.77,0.41,0.45,2026-10-02,1227,N21,VIIRS,n,2.0NRT,317.55,7.22,D
-16.24242,22.12773,367,0.41,0.45,2026-10-02,1227,N21,VIIRS,h,2.0NRT,320.41,16.31,D
-16.22292,23.55369,342.59,0.51,0.49,2026-10-02,1227,N21,VIIRS,n,2.0NRT,309.37,6.56,D
-16.22205,23.63983,338.65,0.51,0.5,2026-10-02,1227,N21,VIIRS,l,2.0NRT,311.03,4.78,D
-16.19803,25.21775,354.81,0.33,0.55,2026-10-02,1227,N21,VIIRS,n,2.0NRT,307.48,8.8,D
-16.1965,22.85983,343.36,0.46,0.47,2026-10-02,1227,N21,VIIRS,n,2.0NRT,314.22,5.36,D
-16.19621,25.22702,367,0.33,0.55,2026-10-02,1227,N21,VIIRS,h,2.0NRT,309.51,9.86,D
-16.19302,25.2167,349.04,0.33,0.55,2026-10-02,1227,N21,VIIRS,n,2.0NRT,305.39,6.4,D
-16.19242,25.21977,346.3,0.33,0.55,2026-10-02,1227,N21,VIIRS,n,2.0NRT,308.12,6.4,D
-16.1922,22.85897,342.6,0.46,0.47,2026-10-02,1227,N21,VIIRS,n,2.0NRT,312.66,5.36,D
-16.19142,22.86322,342.23,0.46,0.47,2026-10-02,1227,N21,VIIRS,n,2.0NRT,311.79,5.36,D
-16.1912,25.22597,354.63,0.33,0.55,2026-10-02,1227,N21,VIIRS,n,2.0NRT,311.08,7.33,D
-16.19059,25.22908,367,0.33,0.55,2026-10-02,1227,N21,VIIRS,h,2.0NRT,305.48,13.52,D
-16.18741,25.21874,341.73,0.33,0.55,2026-10-02,1227,N21,VIIRS,n,2.0NRT,305.37,6.4,D
-16.1868,25.22183,334.42,0.33,0.55,2026-10-02,1227,N21,VIIRS,n,2.0NRT,303.88,7.33,D
-16.1862,25.22492,337.67,0.33,0.55,2026-10-02,1227,N21,VIIRS,n,2.0NRT,302.44,7.33,D
-16.18252,23.54546,335.67,0.51,0.49,2026-10-02,1227,N21,VIIRS,l,2.0NRT,310.08,3.48,D
-16.16778,23.42677,338.12,0.5,0.49,2026-10-02,1227,N21,VIIRS,l,2.0NRT,312.29,10.63,D
-16.15711,23.43418,343.1,0.5,0.49,2026-10-02,1227,N21,VIIRS,n,2.0NRT,312.62,6.02,D
-16.14526,22.01437,347.13,0.41,0.45,2026-10-02,1227,N21,VIIRS,n,2.0NRT,316.46,7.03,D
-16.14391,23.19269,341.11,0.48,0.48,2026-10-02,1227,N21,VIIRS,l,2.0NRT,311.21,10.98,D
-16.14351,26.24953,339.3,0.38,0.59,2026-10-02,1227,N21,VIIRS,n,2.0NRT,305.73,5.72,D
-16.13581,23.26092,337.66,0.49,0.48,2026-10-02,1227,N21,VIIRS,l,2.0NRT,311.65,8.06,D
-16.11215,23.16768,341.4,0.48,0.48,2026-10-02,1227,N21,VIIRS,n,2.0NRT,314.28,7.24,D
-16.10124,24.51777,341.11,0.59,0.53,2026-10-02,1227,N21,VIIRS,n,2.0NRT,309.71,5.48,D
-16.08083,22.51634,340.68,0.44,0.46,2026-10-02,1227,N21,VIIRS,l,2.0NRT,313.91,4.02,D
-16.06901,23.29914,342.64,0.49,0.49,2026-10-02,1227,N21,VIIRS,n,2.0NRT,308.96,8.46,D
-16.05718,22.80755,340.61,0.46,0.47,2026-10-02,1227,N21,VIIRS,l,2.0NRT,311.34,4.46,D
-16.05573,22.76785,339.96,0.45,0.47,2026-10-02,1227,N21,VIIRS,l,2.0NRT,314.19,4.66,D
-16.05311,22.76815,342.63,0.46,0.47,2026-10-02,1227,N21,VIIRS,n,2.0NRT,311.18,4.85,D
-16.05289,22.80671,342.36,0.46,0.47,2026-10-02,1227,N21,VIIRS,n,2.0NRT,312.16,4.99,D
-16.05054,22.80709,336.39,0.46,0.47,2026-10-02,1227,N21,VIIRS,n,2.0NRT,307.33,1.32,D
-16.02901,22.198,343.06,0.42,0.45,2026-10-02,1227,N21,VIIRS,l,2.0NRT,316.44,8.71,D
-16.02269,22.2574,340.75,0.42,0.45,2026-10-02,1227,N21,VIIRS,l,2.0NRT,314.67,3.97,D
-16.01511,22.25184,343.71,0.42,0.45,2026-10-02,1227,N21,VIIRS,l,2.0NRT,313.86,4.87,D
-16.00844,23.13968,344.82,0.48,0.48,2026-10-02,1227,N21,VIIRS,n,2.0NRT,314.6,9.5,D
-15.99388,23.07237,337.38,0.48,0.48,2026-10-02,1227,N21,VIIRS,n,2.0NRT,311.42,1.69,D
-15.99085,22.26741,342.13,0.42,0.46,2026-10-02,1227,N21,VIIRS,l,2.0NRT,312.92,7.91,D
-15.97715,25.12793,335.9,0.33,0.55,2026-10-02,1227,N21,VIIRS,n,2.0NRT,306.85,2.72,D
-15.97656,25.13092,331.08,0.33,0.55,2026-10-02,1227,N21,VIIRS,l,2.0NRT,305.84,2.7,D
-15.95336,23.35842,336.99,0.5,0.49,2026-10-02,1227,N21,VIIRS,n,2.0NRT,310.25,2.89,D
-15.93953,23.70366,340.49,0.53,0.5,2026-10-02,1227,N21,VIIRS,n,2.0NRT,309.77,9,D
-15.93816,22.18026,344.52,0.42,0.45,2026-10-02,1227,N21,VIIRS,l,2.0NRT,314.98,6.32,D
-15.93772,23.73849,345.74,0.53,0.5,2026-10-02,1227,N21,VIIRS,n,2.0NRT,312.89,12.31,D
-15.9361,22.17958,346.59,0.42,0.45,2026-10-02,1227,N21,VIIRS,n,2.0NRT,316.17,5.1,D
-15.90546,24.12447,336.17,0.56,0.51,2026-10-02,1227,N21,VIIRS,l,2.0NRT,307.83,6.6,D
-15.88897,22.25136,344,0.43,0.46,2026-10-02,1227,N21,VIIRS,n,2.0NRT,312.57,5.49,D
-15.88574,24.66267,367,0.61,0.53,2026-10-02,1227,N21,VIIRS,h,2.0NRT,307.4,15.56,D
-15.8707,22.87835,337.62,0.47,0.47,2026-10-02,1227,N21,VIIRS,l,2.0NRT,311.31,4.61,D
-15.87064,24.19664,340.19,0.57,0.52,2026-10-02,1227,N21,VIIRS,n,2.0NRT,306.38,6.65,D
-15.86991,22.88266,347.88,0.47,0.47,2026-10-02,1227,N21,VIIRS,n,2.0NRT,310.53,4.61,D
-15.86593,24.19565,332.86,0.57,0.52,2026-10-02,1227,N21,VIIRS,l,2.0NRT,306.91,5.09,D
-15.86367,23.28048,343.55,0.49,0.49,2026-10-02,1227,N21,VIIRS,n,2.0NRT,311.99,2.34,D
-15.83945,21.96742,346.26,0.41,0.45,2026-10-02,1227,N21,VIIRS,n,2.0NRT,317.58,8.07,D
-15.83537,21.96663,344.23,0.41,0.45,2026-10-02,1227,N21,VIIRS,n,2.0NRT,316.46,8.07,D
-15.82457,25.06099,339.33,0.32,0.55,2026-10-02,1227,N21,VIIRS,n,2.0NRT,305.76,2.48,D
-15.79712,24.06066,339.81,0.56,0.51,2026-10-02,1227,N21,VIIRS,n,2.0NRT,309.11,5.9,D
-15.78333,23.15318,338.04,0.49,0.48,2026-10-02,1227,N21,VIIRS,n,2.0NRT,306.65,8.18,D
-15.77819,24.8235,332.03,0.63,0.54,2026-10-02,1227,N21,VIIRS,l,2.0NRT,306.55,4.62,D
-15.77704,24.8223,342.61,0.63,0.54,2026-10-02,1227,N21,VIIRS,n,2.0NRT,307.47,7.37,D
-15.77367,23.15592,344.04,0.49,0.48,2026-10-02,1227,N21,VIIRS,n,2.0NRT,308.21,12.82,D
-15.755,27.09913,334.71,0.44,0.63,2026-10-02,1227,N21,VIIRS,n,2.0NRT,296.95,3.7,D
-15.75429,23.04131,346.74,0.48,0.48,2026-10-02,1227,N21,VIIRS,n,2.0NRT,312.81,17.38,D
-15.74142,23.13633,335.48,0.49,0.48,2026-10-02,1227,N21,VIIRS,l,2.0NRT,309.4,5.33,D
-15.74004,24.49617,337.74,0.6,0.53,2026-10-02,1227,N21,VIIRS,n,2.0NRT,307.15,4.16,D
-15.73783,24.47545,341.5,0.59,0.53,2026-10-02,1227,N21,VIIRS,n,2.0NRT,309.23,9.05,D
-15.73349,24.47782,339.67,0.6,0.53,2026-10-02,1227,N21,VIIRS,n,2.0NRT,307.85,3.87,D
-15.7326,23.13456,337.22,0.49,0.48,2026-10-02,1227,N21,VIIRS,n,2.0NRT,307.83,5.5,D
-15.72569,24.41353,338.67,0.59,0.53,2026-10-02,1227,N21,VIIRS,n,2.0NRT,308.64,10.94,D
-15.72465,24.419,341.98,0.59,0.53,2026-10-02,1227,N21,VIIRS,n,2.0NRT,309.11,15.89,D
-15.723,23.06312,338.84,0.48,0.48,2026-10-02,1227,N21,VIIRS,l,2.0NRT,310.12,4.2,D
-15.71508,24.41693,346.36,0.59,0.53,2026-10-02,1227,N21,VIIRS,n,2.0NRT,309.23,13.95,D
-15.70784,27.08931,349.15,0.44,0.63,2026-10-02,1227,N21,VIIRS,n,2.0NRT,303.88,12.35,D
-15.69458,22.84627,344.61,0.47,0.48,2026-10-02,1227,N21,VIIRS,n,2.0NRT,310.4,5.38,D
-15.69433,26.92627,367,0.43,0.62,2026-10-02,1227,N21,VIIRS,h,2.0NRT,309.45,49.87,D
-15.69392,26.0607,367,0.38,0.59,2026-10-02,1227,N21,VIIRS,h,2.0NRT,305.47,6.69,D
-15.69209,26.92299,330.46,0.43,0.62,2026-10-02,1227,N21,VIIRS,n,2.0NRT,299.31,8.29,D
-15.67458,24.24109,335.98,0.58,0.52,2026-10-02,1227,N21,VIIRS,l,2.0NRT,309.64,4.15,D
-15.67221,24.82864,338.91,0.63,0.54,2026-10-02,1227,N21,VIIRS,n,2.0NRT,308.92,7.37,D
-15.67043,22.37558,339.07,0.44,0.46,2026-10-02,1227,N21,VIIRS,n,2.0NRT,308.72,5.24,D
-15.66991,24.23776,354.13,0.58,0.52,2026-10-02,1227,N21,VIIRS,n,2.0NRT,310.46,10.07,D
-15.66984,24.24012,342.74,0.58,0.52,2026-10-02,1227,N21,VIIRS,n,2.0NRT,311.36,10.39,D
-15.66516,24.23681,335.76,0.58,0.52,2026-10-02,1227,N21,VIIRS,l,2.0NRT,307.38,10.07,D
-15.6651,24.23918,348.03,0.58,0.52,2026-10-02,1227,N21,VIIRS,n,2.0NRT,308.51,10.39,D
-15.66245,22.99812,347.38,0.48,0.48,2026-10-02,1227,N21,VIIRS,n,2.0NRT,313.97,12.31,D
-15.65175,23.18217,342.32,0.49,0.49,2026-10-02,1227,N21,VIIRS,n,2.0NRT,311.13,10.32,D
-15.65098,23.17911,341.64,0.49,0.49,2026-10-02,1227,N21,VIIRS,n,2.0NRT,309.69,7.67,D
-15.6482,24.7935,342.48,0.63,0.54,2026-10-02,1227,N21,VIIRS,n,2.0NRT,316.84,32.49,D
-15.64157,22.29502,342.35,0.43,0.46,2026-10-02,1227,N21,VIIRS,l,2.0NRT,313.24,15.76,D
-15.62487,26.15371,367,0.39,0.59,2026-10-02,1227,N21,VIIRS,h,2.0NRT,309.61,9.55,D
-15.6227,26.15238,367,0.39,0.59,2026-10-02,1227,N21,VIIRS,h,2.0NRT,304.73,8.72,D
-15.6225,22.23369,338.13,0.43,0.46,2026-10-02,1227,N21,VIIRS,l,2.0NRT,312.59,5.14,D
-15.62189,27.93362,335.98,0.51,0.66,2026-10-02,1227,N21,VIIRS,n,2.0NRT,297.27,5.25,D
-15.61959,24.8889,336.04,0.32,0.54,2026-10-02,1227,N21,VIIRS,l,2.0NRT,308.78,3.34,D
-15.61025,24.88393,367,0.32,0.54,2026-10-02,1227,N21,VIIRS,h,2.0NRT,313.65,11.83,D
-15.60967,24.8869,367,0.32,0.54,2026-10-02,1227,N21,VIIRS,h,2.0NRT,313.7,17.22,D
-15.6091,24.88985,367,0.32,0.54,2026-10-02,1227,N21,VIIRS,h,2.0NRT,318.02,17.22,D
-15.60693,24.74277,342.55,0.62,0.54,2026-10-02,1227,N21,VIIRS,n,2.0NRT,306.97,10.61,D
-15.60414,24.8889,344.96,0.32,0.54,2026-10-02,1227,N21,VIIRS,n,2.0NRT,308.6,2.27,D
-15.60028,24.85577,334.71,0.63,0.54,2026-10-02,1227,N21,VIIRS,l,2.0NRT,309.32,4.62,D
-15.57923,28.31571,352.11,0.54,0.68,2026-10-02,1227,N21,VIIRS,n,2.0NRT,292.44,31.81,D
-15.57823,28.32047,367,0.54,0.68,2026-10-02,1227,N21,VIIRS,h,2.0NRT,294.62,47.18,D
-15.57757,22.26212,367,0.43,0.46,2026-10-02,1227,N21,VIIRS,h,2.0NRT,313.35,11.08,D
-15.57686,22.2661,352.64,0.43,0.46,2026-10-02,1227,N21,VIIRS,n,2.0NRT,314.37,11.21,D
-15.56046,23.15453,335.69,0.49,0.49,2026-10-02,1227,N21,VIIRS,l,2.0NRT,307.27,7.18,D
-15.55387,26.07743,340.29,0.38,0.59,2026-10-02,1227,N21,VIIRS,n,2.0NRT,309.64,4.01,D
-15.5444,24.14326,334.65,0.57,0.52,2026-10-02,1227,N21,VIIRS,l,2.0NRT,308.72,5.61,D
-15.52751,24.80279,334.04,0.63,0.54,2026-10-02,1227,N21,VIIRS,l,2.0NRT,306.17,10.67,D
-15.50434,22.26022,340.99,0.43,0.46,2026-10-02,1227,N21,VIIRS,l,2.0NRT,312.53,3.63,D
-15.50089,22.25542,344.27,0.43,0.46,2026-10-02,1227,N21,VIIRS,n,2.0NRT,313.88,4.36,D
-15.50016,22.25941,340.71,0.43,0.46,2026-10-02,1227,N21,VIIRS,l,2.0NRT,311.38,2.34,D
-15.49457,23.1945,339.58,0.5,0.49,2026-10-02,1227,N21,VIIRS,l,2.0NRT,312.71,9.51,D
-15.49069,27.09011,367,0.45,0.63,2026-10-02,1227,N21,VIIRS,h,2.0NRT,309.64,18.62,D
-15.48985,27.09422,338.3,0.45,0.63,2026-10-02,1227,N21,VIIRS,n,2.0NRT,306.41,14.3,D
-15.48844,24.67794,345.5,0.62,0.54,2026-10-02,1227,N21,VIIRS,n,2.0NRT,309.72,7.04,D
-15.48787,24.65397,355.39,0.62,0.54,2026-10-02,1227,N21,VIIRS,n,2.0NRT,315.81,42.1,D
-15.48606,24.67422,353.54,0.62,0.54,2026-10-02,1227,N21,VIIRS,n,2.0NRT,313.17,20.3,D
-15.48567,24.65035,340.12,0.62,0.54,2026-10-02,1227,N21,VIIRS,n,2.0NRT,309.78,28.69,D
-15.48463,24.67116,342.55,0.62,0.54,2026-10-02,1227,N21,VIIRS,l,2.0NRT,312.7,16.15,D
-15.48454,24.65607,343.53,0.62,0.54,2026-10-02,1227,N21,VIIRS,l,2.0NRT,314.41,28.69,D
-15.48355,24.67688,335.11,0.62,0.54,2026-10-02,1227,N21,VIIRS,l,2.0NRT,308.59,7.04,D
-15.48298,24.65296,344.29,0.62,0.54,2026-10-02,1227,N21,VIIRS,n,2.0NRT,308.42,9.74,D
-15.4823,24.66748,340.43,0.62,0.54,2026-10-02,1227,N21,VIIRS,l,2.0NRT,313.58,12.52,D
-15.47974,24.6701,345.25,0.62,0.54,2026-10-02,1227,N21,VIIRS,n,2.0NRT,315.35,10.82,D
-15.47966,24.65506,341.46,0.62,0.54,2026-10-02,1227,N21,VIIRS,n,2.0NRT,309.1,6.18,D
-15.47866,24.67582,350.68,0.62,0.54,2026-10-02,1227,N21,VIIRS,n,2.0NRT,311.48,20.43,D
-15.47701,24.65765,335.83,0.62,0.54,2026-10-02,1227,N21,VIIRS,l,2.0NRT,309.75,9.74,D
-15.47516,24.67784,347.14,0.62,0.54,2026-10-02,1227,N21,VIIRS,n,2.0NRT,311.66,34.3,D
-15.47377,24.67476,342.65,0.62,0.54,2026-10-02,1227,N21,VIIRS,n,2.0NRT,310.63,20.43,D
-15.47018,26.17625,332.24,0.39,0.59,2026-10-02,1227,N21,VIIRS,l,2.0NRT,305.3,3.97,D
-15.45686,24.73698,338.59,0.63,0.54,2026-10-02,1227,N21,VIIRS,n,2.0NRT,308.57,7.3,D
-15.45403,24.73312,339.01,0.63,0.54,2026-10-02,1227,N21,VIIRS,n,2.0NRT,311.72,8.53,D
-15.44488,22.08277,338.64,0.42,0.45,2026-10-02,1227,N21,VIIRS,l,2.0NRT,312.06,4.83,D
-15.43309,24.91604,338.23,0.32,0.55,2026-10-02,1227,N21,VIIRS,l,2.0NRT,311.62,2.55,D
-15.40792,24.42174,336.33,0.6,0.53,2026-10-02,1227,N21,VIIRS,l,2.0NRT,311.27,6.82,D
-15.40637,24.42197,338.09,0.6,0.53,2026-10-02,1227,N21,VIIRS,n,2.0NRT,312.69,7.22,D
-15.40391,24.71986,337.1,0.63,0.54,2026-10-02,1227,N21,VIIRS,l,2.0NRT,310.86,9.48,D
-15.40231,24.96857,339.76,0.33,0.55,2026-10-02,1227,N21,VIIRS,n,2.0NRT,309.6,5.46,D
-15.39899,24.71885,336.71,0.63,0.54,2026-10-02,1227,N21,VIIRS,l,2.0NRT,308.43,5.77,D
-15.35329,25.03339,337.71,0.33,0.55,2026-10-02,1227,N21,VIIRS,l,2.0NRT,311.29,4.53,D
-15.34195,24.37403,347.92,0.6,0.53,2026-10-02,1227,N21,VIIRS,n,2.0NRT,315.56,14.29,D
-15.3416,24.55855,337.22,0.61,0.54,2026-10-02,1227,N21,VIIRS,l,2.0NRT,308.26,5.12,D
-15.33114,25.20097,343.67,0.34,0.56,2026-10-02,1227,N21,VIIRS,n,2.0NRT,307.49,4.13,D
-15.32425,25.2092,337.96,0.34,0.56,2026-10-02,1227,N21,VIIRS,n,2.0NRT,307.81,3.97,D
-15.31856,25.21124,343.17,0.34,0.56,2026-10-02,1227,N21,VIIRS,n,2.0NRT,306.88,8.58,D
-15.31795,25.21436,367,0.34,0.56,2026-10-02,1227,N21,VIIRS,h,2.0NRT,306.52,8.58,D
-15.31287,25.21329,341.63,0.34,0.56,2026-10-02,1227,N21,VIIRS,n,2.0NRT,309.71,23.75,D
-15.31225,25.21641,367,0.34,0.56,2026-10-02,1227,N21,VIIRS,h,2.0NRT,304.4,20.42,D
-15.30479,23.95032,339.85,0.56,0.51,2026-10-02,1227,N21,VIIRS,l,2.0NRT,314.13,11.25,D
-15.29702,23.95662,344.56,0.56,0.52,2026-10-02,1227,N21,VIIRS,n,2.0NRT,315.2,12.2,D
-15.29572,24.0997,343.2,0.57,0.52,2026-10-02,1227,N21,VIIRS,n,2.0NRT,311.35,10.62,D
-15.2941,27.07769,343.66,0.45,0.63,2026-10-02,1227,N21,VIIRS,n,2.0NRT,308.98,8.7,D
-15.29345,23.95864,341.44,0.56,0.52,2026-10-02,1227,N21,VIIRS,l,2.0NRT,312.22,11.04,D
-15.28352,24.70087,341.22,0.63,0.54,2026-10-02,1227,N21,VIIRS,n,2.0NRT,309.57,9.78,D
-15.27631,25.26423,333.95,0.34,0.56,2026-10-02,1227,N21,VIIRS,l,2.0NRT,305.03,2.47,D
-15.27494,25.24434,341.02,0.34,0.56,2026-10-02,1227,N21,VIIRS,n,2.0NRT,306.56,5.65,D
-15.27432,25.24747,336.59,0.34,0.56,2026-10-02,1227,N21,VIIRS,l,2.0NRT,306.89,5.67,D
-15.26537,25.23909,333.49,0.34,0.56,2026-10-02,1227,N21,VIIRS,l,2.0NRT,307.35,3.98,D
-15.26337,24.88365,367,0.32,0.55,2026-10-02,1227,N21,VIIRS,h,2.0NRT,310.19,6.85,D
-15.26023,22.81514,345.33,0.47,0.48,2026-10-02,1227,N21,VIIRS,l,2.0NRT,316.21,14.03,D
-15.25897,25.23168,345.95,0.34,0.56,2026-10-02,1227,N21,VIIRS,n,2.0NRT,305.15,7.45,D
-15.25776,25.23795,338.52,0.34,0.56,2026-10-02,1227,N21,VIIRS,n,2.0NRT,305.61,6.78,D
-15.25643,25.23071,347.81,0.34,0.56,2026-10-02,1227,N21,VIIRS,n,2.0NRT,305.51,8.26,D
-15.25517,25.23697,338.62,0.34,0.56,2026-10-02,1227,N21,VIIRS,n,2.0NRT,307.54,3.58,D
-15.25455,25.24008,339.44,0.34,0.56,2026-10-02,1227,N21,VIIRS,n,2.0NRT,306.49,3.58,D
-15.25411,24.52627,336.05,0.61,0.54,2026-10-02,1227,N21,VIIRS,l,2.0NRT,309.45,7.41,D
-15.25387,25.2306,331.99,0.34,0.56,2026-10-02,1227,N21,VIIRS,l,2.0NRT,304.73,1.3,D
-15.25251,23.85727,347.99,0.55,0.51,2026-10-02,1227,N21,VIIRS,n,2.0NRT,313.17,7.79,D
-15.24471,24.79412,352.54,0.32,0.54,2026-10-02,1227,N21,VIIRS,n,2.0NRT,308.62,4.07,D
-15.24284,24.88259,352.78,0.32,0.55,2026-10-02,1227,N21,VIIRS,n,2.0NRT,315.2,7.66,D
-15.23888,23.00813,339.92,0.49,0.48,2026-10-02,1227,N21,VIIRS,n,2.0NRT,307.87,2.21,D
-15.23827,23.00674,335.38,0.49,0.48,2026-10-02,1227,N21,VIIRS,n,2.0NRT,307.83,4.12,D
-15.2196,29.33464,367,0.64,0.72,2026-10-02,1227,N21,VIIRS,h,2.0NRT,296.23,20.63,D
-15.20384,24.49839,337.62,0.61,0.53,2026-10-02,1227,N21,VIIRS,n,2.0NRT,306.76,8.51,D
-15.20373,25.08143,349.66,0.33,0.56,2026-10-02,1227,N21,VIIRS,n,2.0NRT,307.87,8.47,D
-15.20313,25.08449,335.52,0.33,0.56,2026-10-02,1227,N21,VIIRS,l,2.0NRT,309.26,5.12,D
-15.19278,22.46284,337.23,0.45,0.47,2026-10-02,1227,N21,VIIRS,l,2.0NRT,308.7,5.38,D
-15.18294,24.42457,343.06,0.6,0.53,2026-10-02,1227,N21,VIIRS,n,2.0NRT,309.77,9.18,D
-15.17953,23.05713,338.54,0.49,0.49,2026-10-02,1227,N21,VIIRS,n,2.0NRT,307.4,3.5,D
-15.17785,24.32944,336.26,0.6,0.53,2026-10-02,1227,N21,VIIRS,l,2.0NRT,309.74,5.02,D
-15.15881,22.67457,348.24,0.47,0.47,2026-10-02,1227,N21,VIIRS,n,2.0NRT,314.25,5.7,D
-15.13373,24.53445,338.41,0.62,0.54,2026-10-02,1227,N21,VIIRS,l,2.0NRT,309.92,13.5,D
-15.13042,24.69081,338.65,0.63,0.54,2026-10-02,1227,N21,VIIRS,n,2.0NRT,309.47,7.02,D
-15.12927,24.69663,337.79,0.63,0.54,2026-10-02,1227,N21,VIIRS,n,2.0NRT,309.47,6.38,D
-15.12873,24.69427,354.63,0.63,0.54,2026-10-02,1227,N21,VIIRS,n,2.0NRT,313.7,19.5,D
-15.12775,24.53915,343.56,0.62,0.54,2026-10-02,1227,N21,VIIRS,n,2.0NRT,310.58,5.54,D
-15.12258,22.89821,334.08,0.48,0.48,2026-10-02,1227,N21,VIIRS,l,2.0NRT,308.6,4.5,D
-15.12211,22.92574,338.64,0.48,0.48,2026-10-02,1227,N21,VIIRS,l,2.0NRT,310.28,5.81,D
-15.11771,22.92487,341.08,0.48,0.48,2026-10-02,1227,N21,VIIRS,n,2.0NRT,307.88,5.81,D
-15.11641,25.38694,337.54,0.35,0.57,2026-10-02,1227,N21,VIIRS,l,2.0NRT,310.15,5.12,D
-15.11482,25.38823,346.88,0.35,0.57,2026-10-02,1227,N21,VIIRS,n,2.0NRT,308.85,3.94,D
-15.11183,24.64874,341.19,0.63,0.54,2026-10-02,1227,N21,VIIRS,n,2.0NRT,311.18,11.75,D
-15.10691,24.64771,344.61,0.63,0.54,2026-10-02,1227,N21,VIIRS,n,2.0NRT,312.69,38.78,D
-15.10567,24.97337,348.04,0.33,0.55,2026-10-02,1227,N21,VIIRS,n,2.0NRT,314.99,6.09,D
-15.10543,25.08128,347.79,0.34,0.56,2026-10-02,1227,N21,VIIRS,n,2.0NRT,310.49,1.62,D
-15.10508,24.97639,367,0.33,0.55,2026-10-02,1227,N21,VIIRS,h,2.0NRT,312.08,6.09,D
-15.09759,24.20474,345.33,0.59,0.53,2026-10-02,1227,N21,VIIRS,n,2.0NRT,310.22,9.56,D
-15.0937,24.74313,338.65,0.32,0.54,2026-10-02,1227,N21,VIIRS,l,2.0NRT,309.73,4.54,D
-15.09259,24.74891,367,0.32,0.54,2026-10-02,1227,N21,VIIRS,h,2.0NRT,314.79,16.57,D
-15.08857,22.22043,335.82,0.44,0.46,2026-10-02,1227,N21,VIIRS,l,2.0NRT,307.97,5.75,D
-15.08436,22.21963,345.13,0.44,0.46,2026-10-02,1227,N21,VIIRS,n,2.0NRT,307.94,5.75,D
-15.07942,22.22285,334.62,0.44,0.46,2026-10-02,1227,N21,VIIRS,l,2.0NRT,309.58,7.02,D
-15.07514,22.07384,338.31,0.43,0.46,2026-10-02,1227,N21,VIIRS,l,2.0NRT,312.32,3.96,D
-15.05793,22.26912,342.69,0.44,0.46,2026-10-02,1227,N21,VIIRS,n,2.0NRT,311.7,6.46,D
-15.05789,22.26887,342.89,0.44,0.46,2026-10-02,1227,N21,VIIRS,n,2.0NRT,311.69,5.51,D
-15.05525,24.72894,337.59,0.32,0.54,2026-10-02,1227,N21,VIIRS,l,2.0NRT,311.33,4.23,D
-15.05488,24.78381,335.9,0.32,0.55,2026-10-02,1227,N21,VIIRS,l,2.0NRT,309.75,1.93,D
-15.05468,24.73189,348.66,0.32,0.54,2026-10-02,1227,N21,VIIRS,n,2.0NRT,311.17,7.93,D
-15.04954,27.39347,340.69,0.48,0.65,2026-10-02,1227,N21,VIIRS,n,2.0NRT,303.64,4.9,D
-15.04358,24.81519,341.22,0.32,0.55,2026-10-02,1227,N21,VIIRS,n,2.0NRT,309.61,3.88,D
-15.03666,25.32175,335.32,0.35,0.57,2026-10-02,1227,N21,VIIRS,l,2.0NRT,308.56,5.81,D
-15.03539,25.32814,350.79,0.35,0.57,2026-10-02,1227,N21,VIIRS,n,2.0NRT,313.81,6.97,D
-15.03276,23.1858,343.45,0.5,0.49,2026-10-02,1227,N21,VIIRS,n,2.0NRT,315.94,8.2,D
-15.03201,24.63809,335.35,0.63,0.54,2026-10-02,1227,N21,VIIRS,l,2.0NRT,308.65,2.73,D
-15.03151,25.32068,342.57,0.35,0.57,2026-10-02,1227,N21,VIIRS,l,2.0NRT,312.6,3.81,D
-15.03088,25.32388,349.26,0.35,0.57,2026-10-02,1227,N21,VIIRS,n,2.0NRT,313.52,3.81,D
-15.03065,24.19424,340.74,0.59,0.53,2026-10-02,1227,N21,VIIRS,n,2.0NRT,312.26,4.36,D
-15.03039,25.31883,337.41,0.35,0.57,2026-10-02,1227,N21,VIIRS,l,2.0NRT,311.55,2.86,D
-15.03024,25.32708,346.22,0.35,0.57,2026-10-02,1227,N21,VIIRS,n,2.0NRT,312.79,4.73,D
-15.02977,25.32204,338.04,0.35,0.57,2026-10-02,1227,N21,VIIRS,n,2.0NRT,311.13,2.86,D
-15.02961,24.19649,339.77,0.59,0.53,2026-10-02,1227,N21,VIIRS,l,2.0NRT,311.81,4.37,D
-15.02916,25.32525,342.23,0.35,0.57,2026-10-02,1227,N21,VIIRS,n,2.0NRT,311.07,4.17,D
-15.02495,26.46213,343.61,0.42,0.61,2026-10-02,1227,N21,VIIRS,n,2.0NRT,305.91,7.32,D
-15.02418,26.46604,344.75,0.42,0.61,2026-10-02,1227,N21,VIIRS,n,2.0NRT,306.14,7.32,D
-15.02346,26.46356,367,0.42,0.61,2026-10-02,1227,N21,VIIRS,h,2.0NRT,306.91,10.81,D
-15.0209,26.36398,345.05,0.41,0.61,2026-10-02,1227,N21,VIIRS,n,2.0NRT,308.41,6.89,D
-15.01623,26.36104,332.31,0.41,0.61,2026-10-02,1227,N21,VIIRS,l,2.0NRT,307.21,3.14,D
-15.01303,27.82615,340.1,0.51,0.66,2026-10-02,1227,N21,VIIRS,n,2.0NRT,298.46,4.84,D
-15.01201,26.41118,335.8,0.41,0.61,2026-10-02,1227,N21,VIIRS,l,2.0NRT,307.92,6.06,D
-15.00897,23.94237,336.29,0.57,0.52,2026-10-02,1227,N21,VIIRS,l,2.0NRT,310.07,8.78,D
-15.00426,26.27778,367,0.4,0.6,2026-10-02,1227,N21,VIIRS,h,2.0NRT,310.94,7.37,D
-14.99881,26.27654,338.77,0.4,0.6,2026-10-02,1227,N21,VIIRS,n,2.0NRT,311.99,7.37,D
-14.98817,23.94891,340.37,0.57,0.52,2026-10-02,1227,N21,VIIRS,n,2.0NRT,309.45,5.97,D
-14.94569,23.01947,341.15,0.49,0.49,2026-10-02,1227,N21,VIIRS,l,2.0NRT,314.2,6.27,D
-14.94233,24.85605,367,0.33,0.55,2026-10-02,1227,N21,VIIRS,h,2.0NRT,313.04,15.74,D
-14.93055,24.12078,349.41,0.58,0.52,2026-10-02,1227,N21,VIIRS,n,2.0NRT,319.2,28.48,D
-14.92995,24.12355,345.06,0.58,0.52,2026-10-02,1227,N21,VIIRS,n,2.0NRT,319.41,17.38,D
-14.92518,24.1226,367,0.58,0.52,2026-10-02,1227,N21,VIIRS,h,2.0NRT,323.11,17.38,D
-14.92478,24.12518,344.55,0.58,0.52,2026-10-02,1227,N21,VIIRS,l,2.0NRT,319.23,22.31,D
-14.92476,25.23038,353.86,0.35,0.56,2026-10-02,1227,N21,VIIRS,n,2.0NRT,310.94,12.19,D
-14.92413,25.23354,367,0.35,0.56,2026-10-02,1227,N21,VIIRS,h,2.0NRT,309.73,12.19,D
-14.92271,25.23014,353.81,0.35,0.56,2026-10-02,1227,N21,VIIRS,n,2.0NRT,313.86,12.66,D
-14.9221,25.2333,367,0.35,0.56,2026-10-02,1227,N21,VIIRS,h,2.0NRT,310.8,12.66,D
-14.92105,22.78435,343.74,0.48,0.48,2026-10-02,1227,N21,VIIRS,n,2.0NRT,313.36,4.26,D
-14.91344,25.42184,336.07,0.36,0.57,2026-10-02,1227,N21,VIIRS,n,2.0NRT,310.38,8.83,D
-14.9128,25.42506,367,0.36,0.57,2026-10-02,1227,N21,VIIRS,h,2.0NRT,314.21,8.83,D
-14.90816,22.85501,338.4,0.48,0.48,2026-10-02,1227,N21,VIIRS,l,2.0NRT,309.95,2.55,D
-14.89083,24.37683,340.49,0.61,0.53,2026-10-02,1227,N21,VIIRS,n,2.0NRT,307.23,2.63,D
-14.89024,25.01556,337.22,0.34,0.56,2026-10-02,1227,N21,VIIRS,l,2.0NRT,311.92,2.74,D
-14.88923,23.32133,341.31,0.52,0.5,2026-10-02,1227,N21,VIIRS,n,2.0NRT,306.86,7.73,D
-14.88919,23.84543,342.71,0.56,0.52,2026-10-02,1227,N21,VIIRS,n,2.0NRT,310.92,5.13,D
-14.88845,24.37363,342.83,0.61,0.53,2026-10-02,1227,N21,VIIRS,n,2.0NRT,309.95,4.08,D
-14.88057,27.00823,351.04,0.46,0.63,2026-10-02,1227,N21,VIIRS,n,2.0NRT,302.3,11.45,D
-14.87969,27.58843,336.87,0.5,0.66,2026-10-02,1227,N21,VIIRS,n,2.0NRT,304.14,3.34,D
-14.86963,22.71988,338.53,0.47,0.48,2026-10-02,1227,N21,VIIRS,l,2.0NRT,312.85,4.48,D
-14.86893,22.72065,338.25,0.47,0.48,2026-10-02,1227,N21,VIIRS,l,2.0NRT,311.87,3.55,D
-14.86721,23.82383,332.51,0.56,0.51,2026-10-02,1227,N21,VIIRS,n,2.0NRT,306.88,10.75,D
-14.86503,23.81925,342.46,0.56,0.51,2026-10-02,1227,N21,VIIRS,n,2.0NRT,310.15,16.98,D
-14.86405,23.82435,347.92,0.56,0.51,2026-10-02,1227,N21,VIIRS,n,2.0NRT,310.83,16.98,D
-14.86347,23.81778,340.75,0.56,0.51,2026-10-02,1227,N21,VIIRS,n,2.0NRT,308.3,10.85,D
-14.86326,27.15098,338.64,0.47,0.64,2026-10-02,1227,N21,VIIRS,n,2.0NRT,305.2,9.49,D
-14.86252,23.82289,367,0.56,0.51,2026-10-02,1227,N21,VIIRS,h,2.0NRT,315.87,10.75,D
-14.86157,23.82801,333.74,0.56,0.51,2026-10-02,1227,N21,VIIRS,n,2.0NRT,307.87,10.75,D
-14.85817,27.14865,346.02,0.47,0.64,2026-10-02,1227,N21,VIIRS,n,2.0NRT,305.86,6.52,D
-14.85784,23.82195,337.46,0.56,0.51,2026-10-02,1227,N21,VIIRS,n,2.0NRT,308.58,4.45,D
-14.85688,23.82708,331.35,0.56,0.51,2026-10-02,1227,N21,VIIRS,n,2.0NRT,305.64,4.45,D
-14.83805,22.74176,338.57,0.48,0.48,2026-10-02,1227,N21,VIIRS,l,2.0NRT,311.98,10.3,D
-14.83543,22.952,339.2,0.49,0.49,2026-10-02,1227,N21,VIIRS,n,2.0NRT,308.41,2.62,D
-14.82772,22.74882,342.47,0.48,0.48,2026-10-02,1227,N21,VIIRS,n,2.0NRT,310.87,9.8,D
-14.82357,23.01544,339.17,0.5,0.49,2026-10-02,1227,N21,VIIRS,n,2.0NRT,314.17,7.07,D
-14.81974,24.05295,343.52,0.58,0.52,2026-10-02,1227,N21,VIIRS,n,2.0NRT,313.77,6.94,D
-14.8196,24.05382,340.28,0.58,0.52,2026-10-02,1227,N21,VIIRS,l,2.0NRT,313.26,11.39,D
-14.81932,24.76967,344.55,0.32,0.55,2026-10-02,1227,N21,VIIRS,n,2.0NRT,308.69,3.01,D
-14.81466,25.11725,341.32,0.34,0.56,2026-10-02,1227,N21,VIIRS,n,2.0NRT,310.77,3.69,D
-14.8118,22.96265,337.82,0.49,0.49,2026-10-02,1227,N21,VIIRS,l,2.0NRT,309.5,8.35,D
-14.81075,22.9612,344.15,0.49,0.49,2026-10-02,1227,N21,VIIRS,n,2.0NRT,308.4,6.67,D
-14.80336,23.04935,345.86,0.5,0.49,2026-10-02,1227,N21,VIIRS,n,2.0NRT,308.88,9.27,D
-14.80059,23.05018,336.62,0.5,0.49,2026-10-02,1227,N21,VIIRS,l,2.0NRT,307.46,2.92,D
-14.79708,25.07132,367,0.34,0.56,2026-10-02,1227,N21,VIIRS,h,2.0NRT,313.82,14.39,D
-14.78924,23.07512,335.28,0.5,0.49,2026-10-02,1227,N21,VIIRS,n,2.0NRT,306.82,2.85,D
-14.78154,27.05198,341.62,0.46,0.64,2026-10-02,1227,N21,VIIRS,n,2.0NRT,304.55,10.65,D
-14.78132,27.05205,344.17,0.46,0.64,2026-10-02,1227,N21,VIIRS,n,2.0NRT,304.8,10.41,D
-14.7759,25.04443,367,0.34,0.56,2026-10-02,1227,N21,VIIRS,h,2.0NRT,311.62,10.97,D
-14.7757,25.09939,349.92,0.34,0.56,2026-10-02,1227,N21,VIIRS,n,2.0NRT,311.8,4.91,D
-14.77529,25.04753,367,0.34,0.56,2026-10-02,1227,N21,VIIRS,h,2.0NRT,310.83,14.99,D
-14.76959,22.6674,340.05,0.47,0.48,2026-10-02,1227,N21,VIIRS,n,2.0NRT,308.3,7.51,D
-14.76336,23.15306,342.02,0.51,0.49,2026-10-02,1227,N21,VIIRS,n,2.0NRT,311.98,51.19,D
-14.75888,23.15217,347.78,0.51,0.49,2026-10-02,1227,N21,VIIRS,l,2.0NRT,320.32,51.19,D
-14.75392,23.31094,343.79,0.52,0.5,2026-10-02,1227,N21,VIIRS,n,2.0NRT,305.76,4.28,D
-14.75022,23.87539,350.38,0.57,0.52,2026-10-02,1227,N21,VIIRS,n,2.0NRT,312.4,13.67,D
-14.74939,23.87231,340.69,0.57,0.52,2026-10-02,1227,N21,VIIRS,l,2.0NRT,311.75,9.05,D
-14.74601,27.39817,337.81,0.49,0.65,2026-10-02,1227,N21,VIIRS,n,2.0NRT,303.29,10.34,D
-14.74386,22.81004,339.01,0.48,0.48,2026-10-02,1227,N21,VIIRS,l,2.0NRT,310.24,3.42,D
-14.71852,23.50173,355.58,0.54,0.51,2026-10-02,1227,N21,VIIRS,n,2.0NRT,316.59,12.74,D
-14.71805,23.49965,367,0.54,0.5,2026-10-02,1227,N21,VIIRS,h,2.0NRT,313.56,23.36,D
-14.71711,23.50456,342.37,0.54,0.51,2026-10-02,1227,N21,VIIRS,n,2.0NRT,313.94,13.95,D
-14.7163,24.07641,343.62,0.58,0.52,2026-10-02,1227,N21,VIIRS,n,2.0NRT,316.2,19.98,D
-14.71595,24.07912,343.65,0.59,0.53,2026-10-02,1227,N21,VIIRS,n,2.0NRT,313.71,17.01,D
-14.71556,25.09474,344.3,0.34,0.56,2026-10-02,1227,N21,VIIRS,n,2.0NRT,308.78,1.91,D
-14.71393,23.50081,342.03,0.54,0.51,2026-10-02,1227,N21,VIIRS,n,2.0NRT,304.92,12.74,D
-14.69867,28.0221,338.39,0.54,0.67,2026-10-02,1227,N21,VIIRS,n,2.0NRT,300.16,6.18,D
-14.69807,28.02201,336.85,0.53,0.67,2026-10-02,1227,N21,VIIRS,n,2.0NRT,300.58,4.96,D
-14.6875,24.15174,339.69,0.59,0.53,2026-10-02,1227,N21,VIIRS,n,2.0NRT,309.62,13.36,D
-14.6827,24.15075,345.24,0.59,0.53,2026-10-02,1227,N21,VIIRS,n,2.0NRT,315.05,13.36,D
-14.68168,24.15617,344.26,0.59,0.53,2026-10-02,1227,N21,VIIRS,n,2.0NRT,318.84,13.36,D
-14.6705,22.98929,339.1,0.5,0.49,2026-10-02,1227,N21,VIIRS,n,2.0NRT,306.74,1.95,D
-14.65713,24.47608,344.24,0.62,0.54,2026-10-02,1227,N21,VIIRS,n,2.0NRT,311.63,8.48,D
-14.65351,24.4777,343.9,0.62,0.54,2026-10-02,1227,N21,VIIRS,n,2.0NRT,311.9,6.82,D
-14.6516,27.27134,340.18,0.48,0.65,2026-10-02,1227,N21,VIIRS,n,2.0NRT,299.23,2.52,D
-14.63333,25.43589,341.78,0.36,0.57,2026-10-02,1227,N21,VIIRS,n,2.0NRT,310.86,3.82,D
-14.62921,25.34619,334.47,0.36,0.57,2026-10-02,1227,N21,VIIRS,l,2.0NRT,306.97,2.55,D
-14.62899,23.91313,343.11,0.57,0.52,2026-10-02,1227,N21,VIIRS,n,2.0NRT,316.1,10.92,D
-14.62877,23.91028,343.58,0.57,0.52,2026-10-02,1227,N21,VIIRS,n,2.0NRT,315.06,10.42,D
-14.62267,23.55445,340.71,0.54,0.51,2026-10-02,1227,N21,VIIRS,l,2.0NRT,313.87,11.54,D
-14.61881,23.60027,344.06,0.55,0.51,2026-10-02,1227,N21,VIIRS,n,2.0NRT,316.02,10.94,D
-14.60124,25.57193,343.57,0.37,0.58,2026-10-02,1227,N21,VIIRS,n,2.0NRT,308.5,6.76,D
-14.60059,25.57526,367,0.37,0.58,2026-10-02,1227,N21,VIIRS,h,2.0NRT,309.7,14.09,D
-14.59993,25.5786,344.4,0.37,0.58,2026-10-02,1227,N21,VIIRS,n,2.0NRT,307.71,14.09,D
-14.59927,25.582,367,0.37,0.58,2026-10-02,1227,N21,VIIRS,h,2.0NRT,313.3,42.82,D
-14.59663,25.56746,338.76,0.37,0.58,2026-10-02,1227,N21,VIIRS,n,2.0NRT,305.55,6.76,D
-14.59598,25.57078,354.49,0.37,0.58,2026-10-02,1227,N21,VIIRS,n,2.0NRT,308.65,6.76,D
-14.59502,24.99241,335.93,0.34,0.56,2026-10-02,1227,N21,VIIRS,l,2.0NRT,307.96,9.65,D
-14.59443,24.99548,354.63,0.34,0.56,2026-10-02,1227,N21,VIIRS,n,2.0NRT,310.21,25.38,D
-14.59414,25.4691,353.76,0.36,0.58,2026-10-02,1227,N21,VIIRS,n,2.0NRT,314.12,10.72,D
-14.59332,25.58432,367,0.37,0.58,2026-10-02,1227,N21,VIIRS,h,2.0NRT,310.75,42.82,D
-14.59072,25.56961,352.89,0.37,0.58,2026-10-02,1227,N21,VIIRS,n,2.0NRT,311.76,27.14,D
-14.59006,25.57296,333.79,0.37,0.58,2026-10-02,1227,N21,VIIRS,n,2.0NRT,307.35,20.69,D
-14.58996,24.99127,341.75,0.34,0.56,2026-10-02,1227,N21,VIIRS,n,2.0NRT,305.74,9.65,D
-14.58937,24.99431,347.84,0.34,0.56,2026-10-02,1227,N21,VIIRS,n,2.0NRT,317.07,25.38,D
-14.58873,25.57972,332.54,0.37,0.58,2026-10-02,1227,N21,VIIRS,n,2.0NRT,307.51,4.94,D
-14.5848,25.57181,345.5,0.37,0.58,2026-10-02,1227,N21,VIIRS,n,2.0NRT,316.04,20.69,D
-14.58416,24.91294,339.6,0.33,0.56,2026-10-02,1227,N21,VIIRS,n,2.0NRT,309.36,4.73,D
-14.58413,25.57519,367,0.37,0.58,2026-10-02,1227,N21,VIIRS,h,2.0NRT,304.71,20.69,D
-14.58021,24.69369,343.17,0.32,0.55,2026-10-02,1227,N21,VIIRS,n,2.0NRT,310.46,5.76,D
-14.56668,23.9528,334.63,0.58,0.52,2026-10-02,1227,N21,VIIRS,n,2.0NRT,308.12,6.91,D
-14.5525,25.15609,349.55,0.35,0.57,2026-10-02,1227,N21,VIIRS,n,2.0NRT,312.77,5.68,D
-14.55188,25.15927,367,0.35,0.57,2026-10-02,1227,N21,VIIRS,h,2.0NRT,312.72,5.68,D
-14.54683,24.81423,353.78,0.33,0.55,2026-10-02,1227,N21,VIIRS,n,2.0NRT,311.77,5.32,D
-14.54675,25.15819,352.12,0.35,0.57,2026-10-02,1227,N21,VIIRS,n,2.0NRT,309.18,5.68,D
-14.53342,25.36396,341.11,0.36,0.57,2026-10-02,1227,N21,VIIRS,n,2.0NRT,312.13,3.29,D
-14.53019,24.19738,342.13,0.6,0.53,2026-10-02,1227,N21,VIIRS,n,2.0NRT,315.18,9.61,D
-14.52536,24.19641,343,0.6,0.53,2026-10-02,1227,N21,VIIRS,n,2.0NRT,313.9,9.61,D
-14.52265,24.18431,339.42,0.6,0.53,2026-10-02,1227,N21,VIIRS,l,2.0NRT,311.67,7.09,D
-14.51104,24.24517,336.9,0.61,0.53,2026-10-02,1227,N21,VIIRS,l,2.0NRT,311.07,8.97,D
-14.50743,25.52497,342.87,0.37,0.58,2026-10-02,1227,N21,VIIRS,n,2.0NRT,310.4,2.53,D
-14.5062,24.24414,348.86,0.61,0.53,2026-10-02,1227,N21,VIIRS,n,2.0NRT,312.19,8.97,D
-14.50517,24.2495,337.98,0.61,0.53,2026-10-02,1227,N21,VIIRS,l,2.0NRT,312.92,8.97,D
-14.5048,24.68177,343.51,0.32,0.55,2026-10-02,1227,N21,VIIRS,n,2.0NRT,306.64,5.74,D
-14.49441,23.78511,343.28,0.56,0.52,2026-10-02,1227,N21,VIIRS,l,2.0NRT,314.5,8.04,D
-14.49344,23.79027,343.42,0.57,0.52,2026-10-02,1227,N21,VIIRS,l,2.0NRT,315.88,7.94,D
-14.48873,23.78937,343.04,0.57,0.52,2026-10-02,1227,N21,VIIRS,l,2.0NRT,315.58,9.14,D
-14.467,24.195,335.14,0.6,0.53,2026-10-02,1227,N21,VIIRS,l,2.0NRT,310.11,3.19,D
-14.38685,24.78221,334.31,0.33,0.55,2026-10-02,1227,N21,VIIRS,n,2.0NRT,304.5,1.7,D
-14.35464,25.60929,367,0.38,0.58,2026-10-02,1227,N21,VIIRS,h,2.0NRT,308.55,17.38,D
-14.35396,25.61272,367,0.38,0.58,2026-10-02,1227,N21,VIIRS,h,2.0NRT,306.97,17.38,D
-14.3526,25.61964,332.89,0.38,0.58,2026-10-02,1227,N21,VIIRS,l,2.0NRT,306.74,9.3,D
-14.35054,25.63006,336.83,0.38,0.59,2026-10-02,1227,N21,VIIRS,l,2.0NRT,308.52,5.16,D
-14.34999,25.60487,345.42,0.38,0.58,2026-10-02,1227,N21,VIIRS,n,2.0NRT,308.69,10.12,D
-14.26228,25.416,342.38,0.37,0.58,2026-10-02,1227,N21,VIIRS,n,2.0NRT,308.59,6.69,D
-14.26157,27.57529,333.49,0.51,0.66,2026-10-02,1227,N21,VIIRS,n,2.0NRT,297.51,7.41,D
-14.25887,26.03427,367,0.4,0.6,2026-10-02,1227,N21,VIIRS,h,2.0NRT,301.38,14.51,D
-13.8917,27.64689,337.98,0.52,0.67,2026-10-02,1227,N21,VIIRS,n,2.0NRT,291.8,8.66,D
-13.89108,27.64796,347.51,0.52,0.67,2026-10-02,1227,N21,VIIRS,n,2.0NRT,291.74,6.82,D
-13.75388,28.29761,341.77,0.58,0.7,2026-10-02,1227,N21,VIIRS,n,2.0NRT,292.99,6.19,D
-14.47305,23.74346,340.1,0.56,0.52,2026-10-02,1229,N21,VIIRS,l,2.0NRT,311.58,6.25,D
-14.44609,23.80792,343.46,0.57,0.52,2026-10-02,1229,N21,VIIRS,n,2.0NRT,314.81,9.85,D
-14.44452,23.81035,340.79,0.57,0.52,2026-10-02,1229,N21,VIIRS,n,2.0NRT,311.95,10.54,D
-14.4372,23.74421,343.76,0.56,0.52,2026-10-02,1229,N21,VIIRS,n,2.0NRT,311.02,10.12,D
-14.4218,23.56693,341.71,0.55,0.51,2026-10-02,1229,N21,VIIRS,n,2.0NRT,308.21,6.36,D
-14.40398,23.61036,339.77,0.55,0.51,2026-10-02,1229,N21,VIIRS,n,2.0NRT,307.15,2.04,D
-14.40207,23.62052,342.3,0.55,0.51,2026-10-02,1229,N21,VIIRS,n,2.0NRT,310.47,30.39,D
-14.39869,23.53638,343.83,0.55,0.51,2026-10-02,1229,N21,VIIRS,n,2.0NRT,312.66,29.37,D
-14.39139,24.19648,347.13,0.6,0.53,2026-10-02,1229,N21,VIIRS,n,2.0NRT,307.59,11.18,D
-14.3826,24.11875,341.78,0.6,0.53,2026-10-02,1229,N21,VIIRS,n,2.0NRT,308.4,8.81,D
-14.38091,24.12075,341.67,0.6,0.53,2026-10-02,1229,N21,VIIRS,n,2.0NRT,306.73,9.32,D
-14.37292,23.42506,331.6,0.54,0.51,2026-10-02,1229,N21,VIIRS,l,2.0NRT,306.22,7.13,D
-14.37029,22.09518,355.4,0.44,0.46,2026-10-02,1229,N21,VIIRS,n,2.0NRT,305.04,13.68,D
-14.36956,22.09923,332.67,0.44,0.46,2026-10-02,1229,N21,VIIRS,n,2.0NRT,303.63,4.79,D
-14.36607,22.09437,340.59,0.44,0.46,2026-10-02,1229,N21,VIIRS,n,2.0NRT,302.89,5.01,D
-14.36534,22.09842,335.93,0.44,0.46,2026-10-02,1229,N21,VIIRS,l,2.0NRT,306.7,6.35,D
-14.36222,23.93548,341,0.58,0.52,2026-10-02,1229,N21,VIIRS,n,2.0NRT,308.14,4.29,D
-14.36185,22.09356,341.32,0.44,0.46,2026-10-02,1229,N21,VIIRS,n,2.0NRT,302.44,5.01,D
-14.36039,22.10166,339.4,0.44,0.46,2026-10-02,1229,N21,VIIRS,n,2.0NRT,300.93,6.35,D
-14.35341,22.09196,367,0.44,0.46,2026-10-02,1229,N21,VIIRS,h,2.0NRT,299.08,11.33,D
-14.35094,23.71086,339.81,0.56,0.52,2026-10-02,1229,N21,VIIRS,n,2.0NRT,306.16,16.67,D
-14.34981,23.70764,340.64,0.56,0.52,2026-10-02,1229,N21,VIIRS,n,2.0NRT,305.54,20.93,D
-14.34764,23.04658,342.12,0.51,0.49,2026-10-02,1229,N21,VIIRS,n,2.0NRT,306.3,5.72,D
-14.33758,23.72121,354.69,0.56,0.52,2026-10-02,1229,N21,VIIRS,n,2.0NRT,308,25.2,D
-14.33288,23.72027,338.77,0.56,0.52,2026-10-02,1229,N21,VIIRS,n,2.0NRT,305.2,5.95,D
-14.33181,23.83626,351.73,0.57,0.52,2026-10-02,1229,N21,VIIRS,n,2.0NRT,307.83,19.18,D
-14.33161,23.83329,338.2,0.57,0.52,2026-10-02,1229,N21,VIIRS,n,2.0NRT,305.21,11.59,D
-14.33064,23.83855,340.92,0.57,0.52,2026-10-02,1229,N21,VIIRS,n,2.0NRT,306.44,11.22,D
-14.32866,22.17987,340.27,0.45,0.47,2026-10-02,1229,N21,VIIRS,n,2.0NRT,309.96,6.49,D
-14.30742,23.19012,332.46,0.52,0.5,2026-10-02,1229,N21,VIIRS,l,2.0NRT,304.91,8.14,D
-14.30654,23.19489,333.85,0.52,0.5,2026-10-02,1229,N21,VIIRS,l,2.0NRT,306.83,6.06,D
-14.21723,23.89166,343.28,0.58,0.52,2026-10-02,1229,N21,VIIRS,n,2.0NRT,307.51,11.34,D
-14.2171,23.8924,344.25,0.58,0.52,2026-10-02,1229,N21,VIIRS,n,2.0NRT,307.39,16.88,D
-14.21248,23.89065,330.69,0.58,0.52,2026-10-02,1229,N21,VIIRS,l,2.0NRT,304.47,10.45,D
-14.20772,23.88968,354.57,0.58,0.52,2026-10-02,1229,N21,VIIRS,n,2.0NRT,307.54,10.45,D
-14.20759,23.89045,347.84,0.58,0.52,2026-10-02,1229,N21,VIIRS,n,2.0NRT,307.19,15.89,D
-14.1837,23.29712,336.39,0.53,0.5,2026-10-02,1229,N21,VIIRS,l,2.0NRT,310.59,5.85,D
-14.17864,23.19604,342.25,0.52,0.5,2026-10-02,1229,N21,VIIRS,n,2.0NRT,305.14,43.29,D
-14.14654,23.57807,353.65,0.56,0.51,2026-10-02,1229,N21,VIIRS,n,2.0NRT,307.58,12.86,D
-14.1456,23.58316,333.89,0.56,0.51,2026-10-02,1229,N21,VIIRS,l,2.0NRT,307.9,7.62,D
-14.13345,24.84164,332.28,0.34,0.56,2026-10-02,1229,N21,VIIRS,n,2.0NRT,303.43,1.73,D
-14.12336,25.37902,343.28,0.37,0.58,2026-10-02,1229,N21,VIIRS,n,2.0NRT,304.28,8.11,D
-14.11941,25.37117,367,0.37,0.58,2026-10-02,1229,N21,VIIRS,h,2.0NRT,301.89,9.16,D
-14.11876,25.37454,342.72,0.37,0.58,2026-10-02,1229,N21,VIIRS,n,2.0NRT,299.21,3.77,D
-14.11811,25.37792,333.75,0.37,0.58,2026-10-02,1229,N21,VIIRS,n,2.0NRT,288.01,3.77,D
-14.04319,24.63448,367,0.33,0.55,2026-10-02,1229,N21,VIIRS,h,2.0NRT,307.32,16.79,D
-14.03293,24.03111,333.91,0.6,0.53,2026-10-02,1229,N21,VIIRS,n,2.0NRT,307.27,4.03,D
-14.02064,26.02597,342.41,0.41,0.6,2026-10-02,1229,N21,VIIRS,n,2.0NRT,306.98,7.58,D
-14.02047,26.02646,343.72,0.41,0.6,2026-10-02,1229,N21,VIIRS,n,2.0NRT,305.5,7.39,D
-13.99961,23.24268,330.66,0.53,0.5,2026-10-02,1229,N21,VIIRS,n,2.0NRT,298.84,5.66,D
-13.99325,24.02927,335.81,0.6,0.53,2026-10-02,1229,N21,VIIRS,n,2.0NRT,304.92,7.91,D
-13.97325,25.53735,343.58,0.38,0.59,2026-10-02,1229,N21,VIIRS,n,2.0NRT,305.44,6.42,D
-13.97257,25.54085,333.09,0.38,0.59,2026-10-02,1229,N21,VIIRS,l,2.0NRT,304.77,7.22,D
-13.96656,25.54328,354.5,0.38,0.59,2026-10-02,1229,N21,VIIRS,n,2.0NRT,305.58,10.51,D
-13.95724,23.93496,332.22,0.59,0.53,2026-10-02,1229,N21,VIIRS,l,2.0NRT,302.51,4.71,D
-13.88707,22.65667,334.66,0.49,0.48,2026-10-02,1229,N21,VIIRS,n,2.0NRT,301.54,5.64,D
-13.88326,22.65697,352.11,0.49,0.48,2026-10-02,1229,N21,VIIRS,n,2.0NRT,299.6,6.68,D
-13.81953,25.01395,337.97,0.35,0.57,2026-10-02,1229,N21,VIIRS,n,2.0NRT,305.94,6.35,D
-13.80103,22.70618,335.7,0.49,0.49,2026-10-02,1229,N21,VIIRS,l,2.0NRT,305.83,3.18,D
-13.78425,25.05712,333.93,0.35,0.57,2026-10-02,1229,N21,VIIRS,n,2.0NRT,302.34,4.07,D
-13.78385,25.33814,332.37,0.37,0.58,2026-10-02,1229,N21,VIIRS,n,2.0NRT,302.41,3.32,D
-13.71452,25.87211,331.56,0.4,0.6,2026-10-02,1229,N21,VIIRS,n,2.0NRT,300.83,2.21,D
-13.68884,25.94311,348.54,0.41,0.6,2026-10-02,1229,N21,VIIRS,n,2.0NRT,296.95,11.78,D
-13.68057,25.36834,341.14,0.37,0.58,2026-10-02,1229,N21,VIIRS,n,2.0NRT,301.58,7.49,D
-13.67972,25.96062,336.44,0.41,0.61,2026-10-02,1229,N21,VIIRS,n,2.0NRT,303.02,5.11,D
-13.61466,26.39496,339.93,0.44,0.62,2026-10-02,1229,N21,VIIRS,n,2.0NRT,294.88,4.6,D
-13.60253,23.55538,350.05,0.57,0.52,2026-10-02,1229,N21,VIIRS,n,2.0NRT,304.43,44.65,D
-13.59877,23.54928,336.61,0.57,0.52,2026-10-02,1229,N21,VIIRS,n,2.0NRT,303.17,34.79,D
-13.59783,23.55444,354.91,0.57,0.52,2026-10-02,1229,N21,VIIRS,n,2.0NRT,310.15,44.65,D
-13.59311,23.55352,367,0.57,0.52,2026-10-02,1229,N21,VIIRS,l,2.0NRT,331.31,135.01,D
-13.59216,23.55869,341.92,0.57,0.52,2026-10-02,1229,N21,VIIRS,n,2.0NRT,296.68,135.01,D
-13.58936,23.54743,332.62,0.57,0.52,2026-10-02,1229,N21,VIIRS,n,2.0NRT,300.74,209.3,D
-13.58841,23.55259,342.84,0.57,0.52,2026-10-02,1229,N21,VIIRS,l,2.0NRT,312.89,135.01,D
-13.58382,25.10959,330.86,0.36,0.57,2026-10-02,1229,N21,VIIRS,l,2.0NRT,304.74,3.9,D
-13.58107,24.39814,350.59,0.32,0.55,2026-10-02,1229,N21,VIIRS,n,2.0NRT,298.67,9.87,D
-13.58049,24.40112,353.73,0.32,0.55,2026-10-02,1229,N21,VIIRS,n,2.0NRT,295.48,9.87,D
-13.57609,24.39716,338.14,0.32,0.55,2026-10-02,1229,N21,VIIRS,n,2.0NRT,300.87,9.87,D
-13.57399,27.82794,337.07,0.55,0.68,2026-10-02,1229,N21,VIIRS,n,2.0NRT,295.23,3.97,D
-13.57032,22.28019,341.21,0.47,0.48,2026-10-02,1229,N21,VIIRS,n,2.0NRT,298.37,4.23,D
-13.56846,24.46346,367,0.33,0.55,2026-10-02,1229,N21,VIIRS,h,2.0NRT,295.8,9.98,D
-13.56596,26.13699,335.21,0.42,0.61,2026-10-02,1229,N21,VIIRS,n,2.0NRT,298.75,2.73,D
-13.56532,24.45456,343.35,0.33,0.55,2026-10-02,1229,N21,VIIRS,n,2.0NRT,293.33,3.12,D
-13.56478,24.95207,337.38,0.35,0.57,2026-10-02,1229,N21,VIIRS,n,2.0NRT,298.34,3.83,D
-13.56418,26.1368,334.79,0.42,0.61,2026-10-02,1229,N21,VIIRS,n,2.0NRT,298.94,2.99,D
-13.56368,24.46339,367,0.33,0.55,2026-10-02,1229,N21,VIIRS,h,2.0NRT,294.56,11.53,D
-13.56345,24.46249,367,0.33,0.55,2026-10-02,1229,N21,VIIRS,h,2.0NRT,296.55,9.98,D
-13.55631,24.30925,332.98,0.32,0.54,2026-10-02,1229,N21,VIIRS,l,2.0NRT,305.23,4.43,D
-13.54493,27.93661,367,0.56,0.69,2026-10-02,1229,N21,VIIRS,h,2.0NRT,295.3,21.45,D
-13.53854,23.53209,342.33,0.57,0.52,2026-10-02,1229,N21,VIIRS,n,2.0NRT,296.76,104.03,D
-13.53384,23.53116,346.63,0.57,0.52,2026-10-02,1229,N21,VIIRS,n,2.0NRT,315.38,104.03,D
-13.53084,24.50006,332.93,0.33,0.55,2026-10-02,1229,N21,VIIRS,n,2.0NRT,299.05,5.99,D
-13.53028,24.50308,345.71,0.33,0.55,2026-10-02,1229,N21,VIIRS,n,2.0NRT,298.7,7.81,D
-13.52972,24.50607,367,0.33,0.55,2026-10-02,1229,N21,VIIRS,h,2.0NRT,297.79,7.81,D
-13.52583,24.49904,343.4,0.33,0.55,2026-10-02,1229,N21,VIIRS,n,2.0NRT,297.9,6.39,D
-13.52526,24.50207,340.05,0.33,0.55,2026-10-02,1229,N21,VIIRS,n,2.0NRT,297.64,9.78,D
-13.51528,25.9258,367,0.41,0.61,2026-10-02,1229,N21,VIIRS,h,2.0NRT,305.62,11.34,D
-13.50724,24.15472,342.66,0.62,0.54,2026-10-02,1229,N21,VIIRS,n,2.0NRT,288.62,16.99,D
-13.49057,23.54625,354.87,0.57,0.52,2026-10-02,1229,N21,VIIRS,n,2.0NRT,291.66,23.05,D
-13.48974,25.00706,333.38,0.36,0.57,2026-10-02,1229,N21,VIIRS,n,2.0NRT,299.26,2.99,D
-13.48962,23.55143,342.51,0.57,0.52,2026-10-02,1229,N21,VIIRS,n,2.0NRT,297.33,23.05,D
-13.48603,23.25665,340.68,0.54,0.51,2026-10-02,1229,N21,VIIRS,n,2.0NRT,296.72,14.8,D
-13.48586,23.54531,367,0.57,0.52,2026-10-02,1229,N21,VIIRS,h,2.0NRT,304.83,24.74,D
-13.4849,23.55049,350.16,0.57,0.52,2026-10-02,1229,N21,VIIRS,n,2.0NRT,310.61,24.74,D
-13.48114,23.54437,339.47,0.57,0.52,2026-10-02,1229,N21,VIIRS,n,2.0NRT,305.09,24.74,D
-13.48019,23.54955,367,0.57,0.52,2026-10-02,1229,N21,VIIRS,h,2.0NRT,308.81,24.74,D
-13.47923,23.55475,355.11,0.57,0.52,2026-10-02,1229,N21,VIIRS,n,2.0NRT,303.81,18.67,D
-13.47808,25.0115,333.32,0.36,0.57,2026-10-02,1229,N21,VIIRS,n,2.0NRT,299.38,2.03,D
-13.42842,24.59822,330.76,0.33,0.56,2026-10-02,1229,N21,VIIRS,n,2.0NRT,299.05,3.61,D
-13.42315,27.76114,353.57,0.54,0.68,2026-10-02,1229,N21,VIIRS,n,2.0NRT,297.43,12.97,D
-13.4227,25.90329,346.9,0.41,0.61,2026-10-02,1229,N21,VIIRS,n,2.0NRT,302.21,4.29,D
-13.41297,23.69963,341.41,0.58,0.52,2026-10-02,1229,N21,VIIRS,n,2.0NRT,294.4,27.09,D
-13.4082,23.69869,340.85,0.58,0.52,2026-10-02,1229,N21,VIIRS,n,2.0NRT,298.19,117.67,D
-13.40443,23.69243,332.09,0.58,0.52,2026-10-02,1229,N21,VIIRS,n,2.0NRT,294.9,117.67,D
-13.39489,23.69057,351.19,0.58,0.52,2026-10-02,1229,N21,VIIRS,n,2.0NRT,298.61,15.5,D
-13.39389,23.6959,343.24,0.58,0.52,2026-10-02,1229,N21,VIIRS,n,2.0NRT,297.34,15.5,D
-13.39292,27.56562,341.08,0.53,0.67,2026-10-02,1229,N21,VIIRS,n,2.0NRT,298.85,19.58,D
-13.39276,27.56644,354.61,0.53,0.67,2026-10-02,1229,N21,VIIRS,n,2.0NRT,299.2,16.33,D
-13.39193,27.57039,367,0.53,0.67,2026-10-02,1229,N21,VIIRS,h,2.0NRT,297.51,21.5,D
-13.3918,27.57121,342.24,0.53,0.67,2026-10-02,1229,N21,VIIRS,n,2.0NRT,296.31,11.71,D
-13.38872,23.69797,339.4,0.58,0.52,2026-10-02,1229,N21,VIIRS,n,2.0NRT,295.39,154.91,D
-13.38214,27.83559,343.26,0.55,0.68,2026-10-02,1229,N21,VIIRS,n,2.0NRT,295.93,4.67,D
-13.37638,24.05544,340.52,0.62,0.54,2026-10-02,1229,N21,VIIRS,n,2.0NRT,297.7,26.88,D
-13.37127,23.7667,342.21,0.59,0.53,2026-10-02,1229,N21,VIIRS,n,2.0NRT,302.21,13.43,D
-13.37116,23.76353,341.12,0.59,0.53,2026-10-02,1229,N21,VIIRS,n,2.0NRT,301.45,16.06,D
-13.36648,23.76573,336.88,0.59,0.53,2026-10-02,1229,N21,VIIRS,n,2.0NRT,300.22,13.63,D
-13.36452,23.77648,340.89,0.59,0.53,2026-10-02,1229,N21,VIIRS,n,2.0NRT,302.25,6.65,D
-13.36433,23.77327,336.02,0.59,0.53,2026-10-02,1229,N21,VIIRS,l,2.0NRT,306.61,12.34,D
-13.34322,22.53409,343.4,0.49,0.49,2026-10-02,1229,N21,VIIRS,n,2.0NRT,304.75,8.22,D
-13.33879,22.53325,343.52,0.49,0.49,2026-10-02,1229,N21,VIIRS,n,2.0NRT,305.42,8.22,D
-13.33176,26.22846,330.3,0.43,0.62,2026-10-02,1229,N21,VIIRS,l,2.0NRT,301.26,7.45,D
-13.31785,23.84048,341.26,0.6,0.53,2026-10-02,1229,N21,VIIRS,n,2.0NRT,301.59,12.51,D
-13.31684,23.84591,339.46,0.6,0.53,2026-10-02,1229,N21,VIIRS,n,2.0NRT,302.35,19.37,D
-13.28374,25.30951,335.84,0.38,0.58,2026-10-02,1229,N21,VIIRS,n,2.0NRT,294.61,5.03,D
-13.27643,25.95423,332.83,0.42,0.61,2026-10-02,1229,N21,VIIRS,n,2.0NRT,301.19,3.51,D
-13.27531,25.95475,336.95,0.42,0.61,2026-10-02,1229,N21,VIIRS,n,2.0NRT,301.93,7.21,D
-13.26644,25.85734,331.6,0.41,0.61,2026-10-02,1229,N21,VIIRS,n,2.0NRT,298.36,3.2,D
-13.25697,25.1443,352.99,0.37,0.58,2026-10-02,1229,N21,VIIRS,n,2.0NRT,302.57,10.85,D
-13.25633,25.14761,367,0.37,0.58,2026-10-02,1229,N21,VIIRS,h,2.0NRT,303.96,10.85,D
-13.2269,23.6375,340.26,0.58,0.52,2026-10-02,1229,N21,VIIRS,n,2.0NRT,302.72,10.46,D
-13.20918,26.34298,336.96,0.44,0.63,2026-10-02,1229,N21,VIIRS,n,2.0NRT,302.46,5.99,D
-13.17143,25.34015,331.83,0.38,0.59,2026-10-02,1229,N21,VIIRS,l,2.0NRT,303.83,4.53,D
-13.16435,21.96942,332.55,0.45,0.47,2026-10-02,1229,N21,VIIRS,l,2.0NRT,305.9,8.05,D
-13.1636,21.97356,331.27,0.45,0.47,2026-10-02,1229,N21,VIIRS,l,2.0NRT,304.99,4.78,D
-13.16356,26.56959,347.56,0.46,0.63,2026-10-02,1229,N21,VIIRS,n,2.0NRT,301.46,8.11,D
-13.16335,26.56945,352.54,0.46,0.63,2026-10-02,1229,N21,VIIRS,n,2.0NRT,302.1,8.03,D
-13.15868,26.56405,347.02,0.46,0.63,2026-10-02,1229,N21,VIIRS,n,2.0NRT,299.73,8.11,D
-13.15844,26.56388,339.53,0.46,0.63,2026-10-02,1229,N21,VIIRS,n,2.0NRT,299.37,8.03,D
-13.15781,26.56833,338.96,0.46,0.63,2026-10-02,1229,N21,VIIRS,n,2.0NRT,300.11,8.11,D
-13.15761,26.56816,331.56,0.46,0.63,2026-10-02,1229,N21,VIIRS,n,2.0NRT,299.33,8.03,D
-13.1476,23.95467,336.61,0.61,0.54,2026-10-02,1229,N21,VIIRS,n,2.0NRT,299.17,8.34,D
-13.1389,25.36532,336.04,0.38,0.59,2026-10-02,1229,N21,VIIRS,n,2.0NRT,298.2,3.67,D
-13.13671,23.64476,330.17,0.59,0.52,2026-10-02,1229,N21,VIIRS,n,2.0NRT,299.7,9.4,D
-13.13632,24.559,367,0.34,0.56,2026-10-02,1229,N21,VIIRS,h,2.0NRT,304.08,9.28,D
-13.1354,25.58872,338.64,0.4,0.6,2026-10-02,1229,N21,VIIRS,n,2.0NRT,304.86,6.66,D
-13.12317,26.49958,331.83,0.46,0.63,2026-10-02,1229,N21,VIIRS,n,2.0NRT,293.54,2.54,D
-13.12256,23.40366,331.47,0.56,0.52,2026-10-02,1229,N21,VIIRS,n,2.0NRT,298.77,3.13,D
-13.12146,26.62997,334.85,0.46,0.64,2026-10-02,1229,N21,VIIRS,n,2.0NRT,299.08,10.11,D
-13.12121,26.62999,336.62,0.46,0.64,2026-10-02,1229,N21,VIIRS,n,2.0NRT,299.28,11.06,D
-13.12062,26.63426,350.57,0.46,0.64,2026-10-02,1229,N21,VIIRS,n,2.0NRT,303.6,15.05,D
-13.12034,26.63426,350,0.46,0.64,2026-10-02,1229,N21,VIIRS,n,2.0NRT,303.51,16.17,D
-13.10852,26.02363,339.51,0.42,0.61,2026-10-02,1229,N21,VIIRS,n,2.0NRT,299.33,3.58,D
-13.06282,24.62434,345.03,0.34,0.56,2026-10-02,1229,N21,VIIRS,n,2.0NRT,303.1,4.65,D
-13.05525,23.63146,331.46,0.59,0.53,2026-10-02,1229,N21,VIIRS,n,2.0NRT,296.31,3.98,D
-13.02766,24.95477,341.67,0.36,0.57,2026-10-02,1229,N21,VIIRS,n,2.0NRT,299.7,5.09,D
-13.02737,24.9551,334.07,0.36,0.57,2026-10-02,1229,N21,VIIRS,n,2.0NRT,298.74,3.62,D
-13.01301,26.35923,339.5,0.45,0.63,2026-10-02,1229,N21,VIIRS,n,2.0NRT,291.78,4.07,D
-13.00291,24.28244,367,0.32,0.55,2026-10-02,1229,N21,VIIRS,h,2.0NRT,313.26,72.79,D
-12.98639,26.82914,333.11,0.48,0.65,2026-10-02,1229,N21,VIIRS,n,2.0NRT,294.19,6.74,D
-12.96033,24.39772,331.52,0.33,0.55,2026-10-02,1229,N21,VIIRS,n,2.0NRT,300.24,4.41,D
-12.95921,24.13254,337.63,0.64,0.54,2026-10-02,1229,N21,VIIRS,n,2.0NRT,300.14,16.79,D
-12.95798,24.13444,339.9,0.32,0.54,2026-10-02,1229,N21,VIIRS,n,2.0NRT,300.13,4.91,D
-12.95744,24.13733,334.62,0.32,0.54,2026-10-02,1229,N21,VIIRS,n,2.0NRT,299.9,4.91,D
-12.95534,25.2949,342.48,0.38,0.59,2026-10-02,1229,N21,VIIRS,n,2.0NRT,297.36,5.65,D
-12.94333,23.51505,339.88,0.58,0.52,2026-10-02,1229,N21,VIIRS,n,2.0NRT,302.81,14.75,D
-12.92168,24.68463,334.82,0.35,0.56,2026-10-02,1229,N21,VIIRS,n,2.0NRT,298.59,3.18,D
-12.90336,25.6703,331.9,0.4,0.6,2026-10-02,1229,N21,VIIRS,l,2.0NRT,304.91,9.62,D
-12.89521,25.65565,334.06,0.4,0.6,2026-10-02,1229,N21,VIIRS,n,2.0NRT,300.8,5.31,D
-12.89518,24.19529,332.7,0.32,0.55,2026-10-02,1229,N21,VIIRS,n,2.0NRT,298.63,2.82,D
-12.88563,25.49694,330,0.39,0.6,2026-10-02,1229,N21,VIIRS,n,2.0NRT,298.61,3.46,D
-12.86117,25.00216,341.07,0.36,0.58,2026-10-02,1229,N21,VIIRS,n,2.0NRT,299.92,8.07,D
-12.86054,25.00541,354.77,0.37,0.58,2026-10-02,1229,N21,VIIRS,n,2.0NRT,298.4,8.73,D
-12.85993,25.00862,335.32,0.37,0.58,2026-10-02,1229,N21,VIIRS,n,2.0NRT,291.5,8.73,D
-12.81448,25.776,330.71,0.41,0.61,2026-10-02,1229,N21,VIIRS,n,2.0NRT,295.8,3,D
-12.80177,24.22512,331.17,0.32,0.55,2026-10-02,1229,N21,VIIRS,l,2.0NRT,302.01,2.54,D
-12.79408,24.26623,336.09,0.33,0.55,2026-10-02,1229,N21,VIIRS,n,2.0NRT,305.51,5.14,D
-12.77027,22.72362,335.42,0.52,0.5,2026-10-02,1229,N21,VIIRS,n,2.0NRT,300.87,4.12,D
-12.76451,24.25778,331.51,0.33,0.55,2026-10-02,1229,N21,VIIRS,n,2.0NRT,300.07,2.52,D
-12.75931,26.39546,340.09,0.45,0.63,2026-10-02,1229,N21,VIIRS,n,2.0NRT,289.69,5.69,D
-12.75895,26.39365,333.17,0.46,0.63,2026-10-02,1229,N21,VIIRS,n,2.0NRT,288.8,5.28,D
-12.7305,25.26282,355.46,0.38,0.59,2026-10-02,1229,N21,VIIRS,n,2.0NRT,297.78,11.37,D
-12.72986,25.26621,345.65,0.38,0.59,2026-10-02,1229,N21,VIIRS,n,2.0NRT,300.15,10.63,D
-12.6988,22.135,332.75,0.47,0.48,2026-10-02,1229,N21,VIIRS,n,2.0NRT,302.69,3.62,D
-12.68606,23.46451,333.67,0.58,0.52,2026-10-02,1229,N21,VIIRS,n,2.0NRT,300.53,4.55,D
-12.67658,23.46252,331.4,0.58,0.52,2026-10-02,1229,N21,VIIRS,n,2.0NRT,300.83,8.23,D
-12.6756,23.46775,338.95,0.58,0.52,2026-10-02,1229,N21,VIIRS,n,2.0NRT,301.78,8.23,D
-12.67494,22.64923,331.03,0.51,0.49,2026-10-02,1229,N21,VIIRS,l,2.0NRT,304.5,7.25,D
-12.65859,22.63641,331,0.51,0.49,2026-10-02,1229,N21,VIIRS,n,2.0NRT,301.94,2.17,D
-12.64696,24.14033,334.11,0.32,0.55,2026-10-02,1229,N21,VIIRS,n,2.0NRT,300.83,4.59,D
-12.63435,22.71893,336.2,0.52,0.5,2026-10-02,1229,N21,VIIRS,l,2.0NRT,309.35,9.32,D
-12.62382,26.16665,367,0.44,0.62,2026-10-02,1229,N21,VIIRS,h,2.0NRT,302.56,18.1,D
-12.62105,23.74184,339.18,0.61,0.53,2026-10-02,1229,N21,VIIRS,n,2.0NRT,301.81,8.02,D
-12.61904,23.74234,334.86,0.61,0.53,2026-10-02,1229,N21,VIIRS,n,2.0NRT,301.49,2.24,D
-12.61661,26.17328,332.74,0.44,0.63,2026-10-02,1229,N21,VIIRS,n,2.0NRT,299.92,5.31,D
-12.61012,22.64645,339.16,0.51,0.5,2026-10-02,1229,N21,VIIRS,n,2.0NRT,301.41,5.57,D
-12.60927,22.65113,330.71,0.51,0.5,2026-10-02,1229,N21,VIIRS,n,2.0NRT,303.3,5.57,D
-12.60888,22.80749,339.1,0.53,0.5,2026-10-02,1229,N21,VIIRS,n,2.0NRT,305.26,7.9,D
-12.60831,23.74587,330.53,0.61,0.53,2026-10-02,1229,N21,VIIRS,l,2.0NRT,303.96,4.24,D
-12.60801,22.81227,332.43,0.53,0.5,2026-10-02,1229,N21,VIIRS,l,2.0NRT,306.93,8.16,D
-12.60432,22.80661,340.11,0.53,0.5,2026-10-02,1229,N21,VIIRS,n,2.0NRT,304.98,6.7,D
-12.60401,25.12639,341.89,0.38,0.58,2026-10-02,1229,N21,VIIRS,n,2.0NRT,299.61,5.97,D
-12.57241,24.4316,367,0.34,0.56,2026-10-02,1229,N21,VIIRS,h,2.0NRT,302.88,9.11,D
-12.55865,23.98047,339.2,0.63,0.54,2026-10-02,1229,N21,VIIRS,n,2.0NRT,304.35,7.4,D
-12.5584,24.88354,345.08,0.36,0.58,2026-10-02,1229,N21,VIIRS,n,2.0NRT,301.68,8.97,D
-12.5578,24.88671,367,0.36,0.58,2026-10-02,1229,N21,VIIRS,h,2.0NRT,305.25,12.21,D
-12.55757,23.97953,334.76,0.63,0.54,2026-10-02,1229,N21,VIIRS,n,2.0NRT,304.63,19.39,D
-12.55719,24.88993,343.35,0.36,0.58,2026-10-02,1229,N21,VIIRS,n,2.0NRT,300.68,12.21,D
-12.55653,23.98521,340.72,0.63,0.54,2026-10-02,1229,N21,VIIRS,n,2.0NRT,304.35,19.39,D
-12.55266,23.97843,333.34,0.63,0.54,2026-10-02,1229,N21,VIIRS,n,2.0NRT,303.86,19.39,D
-12.55265,23.98509,340.8,0.63,0.54,2026-10-02,1229,N21,VIIRS,n,2.0NRT,305.16,34.98,D
-12.55161,23.98414,340.57,0.63,0.54,2026-10-02,1229,N21,VIIRS,n,2.0NRT,307.54,19.39,D
-12.50693,25.54025,367,0.4,0.6,2026-10-02,1229,N21,VIIRS,h,2.0NRT,300.58,13.8,D
-12.48607,22.59399,332.47,0.51,0.49,2026-10-02,1229,N21,VIIRS,l,2.0NRT,306.81,5.15,D
-12.48434,24.93281,335.19,0.37,0.58,2026-10-02,1229,N21,VIIRS,n,2.0NRT,297.36,1.85,D
-12.47576,24.86254,367,0.36,0.58,2026-10-02,1229,N21,VIIRS,h,2.0NRT,299.85,10.27,D
-12.47425,23.56801,338.19,0.59,0.53,2026-10-02,1229,N21,VIIRS,n,2.0NRT,302.79,7.05,D
-12.45017,22.35565,335.6,0.49,0.49,2026-10-02,1229,N21,VIIRS,n,2.0NRT,305.22,11.74,D
-12.44936,22.36015,340.26,0.49,0.49,2026-10-02,1229,N21,VIIRS,n,2.0NRT,304.34,11.74,D
-12.44015,23.45885,340.24,0.59,0.53,2026-10-02,1229,N21,VIIRS,n,2.0NRT,304.54,7.72,D
-12.43999,23.32373,331.31,0.57,0.52,2026-10-02,1229,N21,VIIRS,l,2.0NRT,306.12,9.62,D
-12.43952,23.4614,342.53,0.59,0.52,2026-10-02,1229,N21,VIIRS,n,2.0NRT,304.69,12.93,D
-12.4392,23.4641,336.82,0.59,0.53,2026-10-02,1229,N21,VIIRS,n,2.0NRT,303.76,7.72,D
-12.43853,23.46666,335.54,0.59,0.53,2026-10-02,1229,N21,VIIRS,n,2.0NRT,303.03,11.11,D
-12.4377,26.40902,339.77,0.46,0.64,2026-10-02,1229,N21,VIIRS,n,2.0NRT,293.56,12.09,D
-12.4373,26.41191,338.88,0.46,0.64,2026-10-02,1229,N21,VIIRS,n,2.0NRT,295.79,8.84,D
-12.43521,22.36215,333.73,0.49,0.49,2026-10-02,1229,N21,VIIRS,n,2.0NRT,303.09,12.4,D
-12.43439,22.36665,341.82,0.49,0.49,2026-10-02,1229,N21,VIIRS,n,2.0NRT,310.06,12.4,D
-12.43195,22.36261,341.54,0.5,0.49,2026-10-02,1229,N21,VIIRS,n,2.0NRT,307.51,9.54,D
-12.39969,24.97526,336.2,0.37,0.58,2026-10-02,1229,N21,VIIRS,n,2.0NRT,300.11,6.36,D
-12.39904,24.97863,367,0.37,0.58,2026-10-02,1229,N21,VIIRS,h,2.0NRT,300.27,12.88,D
-12.37987,25.63535,350.11,0.41,0.61,2026-10-02,1229,N21,VIIRS,n,2.0NRT,300.49,5.36,D
-12.37578,25.62699,332.03,0.41,0.61,2026-10-02,1229,N21,VIIRS,n,2.0NRT,298.19,3.69,D
-12.36611,25.01457,350.21,0.37,0.58,2026-10-02,1229,N21,VIIRS,n,2.0NRT,299.96,10.5,D
-12.36476,25.01377,334.45,0.37,0.58,2026-10-02,1229,N21,VIIRS,n,2.0NRT,299.25,4.63,D
-12.3641,25.01717,343.62,0.37,0.58,2026-10-02,1229,N21,VIIRS,n,2.0NRT,295.74,4.63,D
-12.35914,25.59687,367,0.41,0.61,2026-10-02,1229,N21,VIIRS,h,2.0NRT,303.82,12.51,D
-12.35875,25.59724,367,0.41,0.61,2026-10-02,1229,N21,VIIRS,h,2.0NRT,304.18,14.05,D
-12.35288,25.51009,352.84,0.4,0.6,2026-10-02,1229,N21,VIIRS,n,2.0NRT,302.07,8.77,D
-12.35287,25.27533,340.82,0.39,0.59,2026-10-02,1229,N21,VIIRS,n,2.0NRT,302.61,4.24,D
-12.35217,25.51382,334.07,0.4,0.6,2026-10-02,1229,N21,VIIRS,n,2.0NRT,301.68,7.83,D
-12.35058,24.23248,344.8,0.33,0.55,2026-10-02,1229,N21,VIIRS,n,2.0NRT,304.54,5.44,D
-12.34904,21.93295,340.9,0.47,0.47,2026-10-02,1229,N21,VIIRS,n,2.0NRT,305.22,11.37,D
-12.34829,21.93719,343.36,0.47,0.47,2026-10-02,1229,N21,VIIRS,n,2.0NRT,304,11.37,D
-12.34776,22.60293,334.16,0.51,0.5,2026-10-02,1229,N21,VIIRS,n,2.0NRT,306.72,2.26,D
-12.34588,24.94705,337.36,0.37,0.58,2026-10-02,1229,N21,VIIRS,n,2.0NRT,302.89,4.59,D
-12.33288,23.02311,339.96,0.55,0.51,2026-10-02,1229,N21,VIIRS,n,2.0NRT,303.53,5.63,D
-12.32897,22.94765,353.37,0.54,0.51,2026-10-02,1229,N21,VIIRS,n,2.0NRT,289.83,21.49,D
-12.32799,22.94555,337.64,0.54,0.51,2026-10-02,1229,N21,VIIRS,n,2.0NRT,289.19,25.53,D
-12.32525,26.67574,333.61,0.48,0.65,2026-10-02,1229,N21,VIIRS,n,2.0NRT,293.47,5.38,D
-12.32372,22.97732,346.59,0.55,0.51,2026-10-02,1229,N21,VIIRS,n,2.0NRT,297.55,9.11,D
-12.31324,22.97338,330.79,0.55,0.51,2026-10-02,1229,N21,VIIRS,n,2.0NRT,300.44,2.97,D
-12.31044,22.57665,337.11,0.51,0.5,2026-10-02,1229,N21,VIIRS,n,2.0NRT,307.67,5.53,D
-12.30355,25.11214,367,0.38,0.59,2026-10-02,1229,N21,VIIRS,h,2.0NRT,301.17,6.9,D
-12.30342,25.05478,354.41,0.38,0.58,2026-10-02,1229,N21,VIIRS,n,2.0NRT,302.99,17.79,D
-12.29471,25.5754,341.95,0.41,0.61,2026-10-02,1229,N21,VIIRS,n,2.0NRT,300.94,6.29,D
-12.27968,22.5661,334.84,0.51,0.5,2026-10-02,1229,N21,VIIRS,n,2.0NRT,304.21,6.07,D
-12.27639,24.59818,333.83,0.35,0.57,2026-10-02,1229,N21,VIIRS,n,2.0NRT,298.5,4.85,D
-12.27599,23.05601,342.06,0.55,0.51,2026-10-02,1229,N21,VIIRS,n,2.0NRT,306.41,9.5,D
-12.27578,24.60141,349.73,0.35,0.57,2026-10-02,1229,N21,VIIRS,n,2.0NRT,298.63,7.08,D
-12.27389,23.01418,332.24,0.55,0.51,2026-10-02,1229,N21,VIIRS,n,2.0NRT,304.23,5.64,D
-12.27357,24.64142,367,0.35,0.57,2026-10-02,1229,N21,VIIRS,h,2.0NRT,294.01,14.39,D
-12.27299,23.01918,335.63,0.55,0.51,2026-10-02,1229,N21,VIIRS,n,2.0NRT,305.29,5.61,D
-12.27132,23.05513,349.36,0.55,0.51,2026-10-02,1229,N21,VIIRS,n,2.0NRT,319.16,84.15,D
-12.26837,24.64053,367,0.35,0.57,2026-10-02,1229,N21,VIIRS,h,2.0NRT,301.69,14.39,D
-12.26774,24.64386,345.15,0.35,0.57,2026-10-02,1229,N21,VIIRS,n,2.0NRT,298.67,14.39,D
-12.26665,23.05427,343.06,0.55,0.51,2026-10-02,1229,N21,VIIRS,n,2.0NRT,313.98,84.15,D
-12.26359,25.11813,330.45,0.38,0.59,2026-10-02,1229,N21,VIIRS,l,2.0NRT,303.17,4.92,D
-12.25624,25.12745,331.3,0.38,0.59,2026-10-02,1229,N21,VIIRS,n,2.0NRT,301,3.66,D
-12.21722,25.18493,335.03,0.39,0.59,2026-10-02,1229,N21,VIIRS,n,2.0NRT,302.26,3.67,D
-12.2151,25.18345,330.03,0.39,0.59,2026-10-02,1229,N21,VIIRS,l,2.0NRT,301.79,4.25,D
-12.21169,25.11312,367,0.38,0.59,2026-10-02,1229,N21,VIIRS,h,2.0NRT,302.37,6.07,D
-12.20973,25.18238,333.67,0.39,0.59,2026-10-02,1229,N21,VIIRS,n,2.0NRT,298.81,4.25,D
-12.20906,25.18596,342.58,0.39,0.59,2026-10-02,1229,N21,VIIRS,n,2.0NRT,301.51,4.25,D
-12.19855,23.03077,333.92,0.55,0.51,2026-10-02,1229,N21,VIIRS,l,2.0NRT,307.7,4.45,D
-12.19762,23.03578,339.92,0.55,0.51,2026-10-02,1229,N21,VIIRS,l,2.0NRT,309.93,8.87,D
-12.1965,24.17456,337.29,0.33,0.55,2026-10-02,1229,N21,VIIRS,n,2.0NRT,302.58,4.21,D
-12.19574,23.03274,344.18,0.55,0.51,2026-10-02,1229,N21,VIIRS,n,2.0NRT,308.53,6.3,D
-12.19553,24.17451,335.42,0.33,0.55,2026-10-02,1229,N21,VIIRS,n,2.0NRT,302.73,4.34,D
-12.16566,24.92127,332.33,0.37,0.58,2026-10-02,1229,N21,VIIRS,n,2.0NRT,299.01,3.39,D
-12.16155,23.08872,340.59,0.56,0.51,2026-10-02,1229,N21,VIIRS,n,2.0NRT,313.31,101.17,D
-12.15686,23.0878,339.38,0.56,0.51,2026-10-02,1229,N21,VIIRS,n,2.0NRT,305.16,32.18,D
-12.14776,26.20445,342.36,0.45,0.63,2026-10-02,1229,N21,VIIRS,n,2.0NRT,299.72,7.34,D
-12.14726,26.20238,333.96,0.45,0.63,2026-10-02,1229,N21,VIIRS,n,2.0NRT,299.95,6.07,D
-12.14313,24.90194,330.18,0.37,0.58,2026-10-02,1229,N21,VIIRS,l,2.0NRT,302.12,7.31,D
-12.13786,24.90084,335.21,0.37,0.58,2026-10-02,1229,N21,VIIRS,n,2.0NRT,301.36,3.71,D
-12.13721,24.9043,336.1,0.37,0.58,2026-10-02,1229,N21,VIIRS,n,2.0NRT,303.16,3.71,D
-12.13676,24.27129,342.55,0.34,0.56,2026-10-02,1229,N21,VIIRS,n,2.0NRT,302.35,3.32,D
-12.12798,25.67453,331.28,0.42,0.61,2026-10-02,1229,N21,VIIRS,n,2.0NRT,296.71,6.01,D
-12.11819,23.62233,333.33,0.61,0.53,2026-10-02,1229,N21,VIIRS,n,2.0NRT,301.14,4.73,D
-12.10913,23.13666,339.85,0.56,0.52,2026-10-02,1229,N21,VIIRS,n,2.0NRT,302.55,10.37,D
-12.10845,23.49291,340.32,0.6,0.53,2026-10-02,1229,N21,VIIRS,n,2.0NRT,304.6,7.08,D
-12.10845,25.35974,330.16,0.4,0.6,2026-10-02,1229,N21,VIIRS,l,2.0NRT,302.6,3.76,D
-12.10819,23.14178,339.38,0.56,0.52,2026-10-02,1229,N21,VIIRS,n,2.0NRT,301.58,10.37,D
-12.10694,23.4949,341.36,0.6,0.53,2026-10-02,1229,N21,VIIRS,n,2.0NRT,304.57,6.78,D
-12.1069,25.6041,340.52,0.41,0.61,2026-10-02,1229,N21,VIIRS,n,2.0NRT,298.77,4.18,D
-12.10442,23.13575,344.68,0.56,0.52,2026-10-02,1229,N21,VIIRS,n,2.0NRT,306.82,10.37,D
-12.10141,25.60279,330.72,0.41,0.61,2026-10-02,1229,N21,VIIRS,n,2.0NRT,301.87,4.78,D
-12.10069,25.60652,337.76,0.41,0.61,2026-10-02,1229,N21,VIIRS,n,2.0NRT,299.5,4.78,D
-12.09977,23.51334,340.98,0.6,0.53,2026-10-02,1229,N21,VIIRS,n,2.0NRT,305.35,15.91,D
-12.09812,23.51525,347.63,0.6,0.53,2026-10-02,1229,N21,VIIRS,n,2.0NRT,303.63,15.6,D
-12.09594,23.07625,336.36,0.56,0.51,2026-10-02,1229,N21,VIIRS,n,2.0NRT,302.91,12.88,D
-12.09594,25.60137,334.38,0.41,0.61,2026-10-02,1229,N21,VIIRS,n,2.0NRT,301.06,4.78,D
-12.09578,24.34923,354.08,0.34,0.56,2026-10-02,1229,N21,VIIRS,n,2.0NRT,302.24,13.55,D
-12.09521,25.60514,340.26,0.41,0.61,2026-10-02,1229,N21,VIIRS,n,2.0NRT,298.62,4.78,D
-12.09519,24.35235,341.53,0.34,0.56,2026-10-02,1229,N21,VIIRS,n,2.0NRT,299.89,11.17,D
-12.09126,23.07537,338.7,0.56,0.51,2026-10-02,1229,N21,VIIRS,l,2.0NRT,309.12,10.21,D
-12.08936,23.0594,334.67,0.56,0.51,2026-10-02,1229,N21,VIIRS,n,2.0NRT,306.2,5.81,D
-12.08718,23.47279,340.81,0.6,0.53,2026-10-02,1229,N21,VIIRS,n,2.0NRT,301.88,23.94,D
-12.07403,26.39553,334.02,0.47,0.64,2026-10-02,1229,N21,VIIRS,n,2.0NRT,299.67,7.28,D
-12.0698,24.33155,330.53,0.34,0.56,2026-10-02,1229,N21,VIIRS,n,2.0NRT,299.91,2.32,D
-12.06854,25.65382,339.73,0.42,0.61,2026-10-02,1229,N21,VIIRS,n,2.0NRT,299.22,7.13,D
-12.06605,22.77677,340.39,0.53,0.5,2026-10-02,1229,N21,VIIRS,n,2.0NRT,306.32,9.81,D
-12.05546,22.83505,350.25,0.54,0.51,2026-10-02,1229,N21,VIIRS,n,2.0NRT,304.03,47.65,D
-12.05457,22.83994,350.65,0.54,0.51,2026-10-02,1229,N21,VIIRS,n,2.0NRT,303.67,27.16,D
-12.04726,25.58998,367,0.41,0.61,2026-10-02,1229,N21,VIIRS,h,2.0NRT,297.35,9.35,D
-12.04655,25.59376,348.31,0.41,0.61,2026-10-02,1229,N21,VIIRS,n,2.0NRT,295.67,9.35,D
-12.04637,25.59047,367,0.41,0.61,2026-10-02,1229,N21,VIIRS,h,2.0NRT,298.73,15.15,D
-12.04563,25.59425,341.62,0.41,0.61,2026-10-02,1229,N21,VIIRS,n,2.0NRT,295.05,15.15,D
-12.04516,24.0686,330.36,0.33,0.55,2026-10-02,1229,N21,VIIRS,l,2.0NRT,302.81,3.78,D
-12.04498,23.15995,354.99,0.57,0.52,2026-10-02,1229,N21,VIIRS,n,2.0NRT,303.33,28.85,D
-12.04175,25.58878,367,0.41,0.61,2026-10-02,1229,N21,VIIRS,h,2.0NRT,300.87,25.93,D
-12.04085,25.58929,367,0.41,0.61,2026-10-02,1229,N21,VIIRS,h,2.0NRT,300.72,15.15,D
-12.04032,25.59633,367,0.42,0.61,2026-10-02,1229,N21,VIIRS,h,2.0NRT,301.6,29.93,D
-12.03938,25.59682,367,0.41,0.61,2026-10-02,1229,N21,VIIRS,h,2.0NRT,300.52,28.31,D
-12.03531,22.39713,367,0.51,0.49,2026-10-02,1229,N21,VIIRS,h,2.0NRT,309.59,18.99,D
-12.02367,22.95674,338.49,0.55,0.51,2026-10-02,1229,N21,VIIRS,n,2.0NRT,309.66,11.83,D
-12.02156,26.47783,339.29,0.48,0.64,2026-10-02,1229,N21,VIIRS,n,2.0NRT,296.06,8.35,D
-12.02108,27.37956,332.05,0.55,0.68,2026-10-02,1229,N21,VIIRS,n,2.0NRT,285.48,5.65,D
-11.98914,23.30586,330.37,0.58,0.52,2026-10-02,1229,N21,VIIRS,n,2.0NRT,303.89,2.83,D
-11.95975,23.25126,336.8,0.58,0.52,2026-10-02,1229,N21,VIIRS,n,2.0NRT,311.03,73.26,D
-11.95911,25.2437,338.66,0.39,0.6,2026-10-02,1229,N21,VIIRS,n,2.0NRT,299.56,3.54,D
-11.95781,23.26172,333.02,0.58,0.52,2026-10-02,1229,N21,VIIRS,n,2.0NRT,303,4.91,D
-11.93912,24.42467,332.35,0.35,0.57,2026-10-02,1229,N21,VIIRS,n,2.0NRT,303.77,2.47,D
-11.93795,26.26147,343.58,0.46,0.64,2026-10-02,1229,N21,VIIRS,n,2.0NRT,295,9.98,D
-11.93756,25.26819,336.22,0.4,0.6,2026-10-02,1229,N21,VIIRS,n,2.0NRT,300.09,4.67,D
-11.93636,25.60463,351.15,0.42,0.61,2026-10-02,1229,N21,VIIRS,n,2.0NRT,303.22,8.54,D
-11.93486,25.60639,341.77,0.42,0.61,2026-10-02,1229,N21,VIIRS,n,2.0NRT,301.46,7.68,D
-11.9341,25.22748,330.81,0.39,0.6,2026-10-02,1229,N21,VIIRS,n,2.0NRT,300.16,5.43,D
-11.92803,25.22984,348.44,0.39,0.6,2026-10-02,1229,N21,VIIRS,n,2.0NRT,298.72,5.43,D
-11.92714,25.14715,355.45,0.39,0.59,2026-10-02,1229,N21,VIIRS,n,2.0NRT,302.93,11.03,D
-11.91841,25.33867,367,0.4,0.6,2026-10-02,1229,N21,VIIRS,h,2.0NRT,303.48,8.63,D
-11.90794,23.66647,334.64,0.62,0.54,2026-10-02,1229,N21,VIIRS,n,2.0NRT,303.18,12.67,D
-11.9036,25.29812,333.45,0.4,0.6,2026-10-02,1229,N21,VIIRS,l,2.0NRT,304.15,5.5,D
-11.89196,25.68664,333.82,0.42,0.61,2026-10-02,1229,N21,VIIRS,n,2.0NRT,300.21,6.26,D
-11.88524,24.20296,341.57,0.34,0.56,2026-10-02,1229,N21,VIIRS,n,2.0NRT,301.36,4.53,D
-11.88249,24.18977,334.78,0.34,0.56,2026-10-02,1229,N21,VIIRS,n,2.0NRT,299.77,7.66,D
-11.87793,25.37209,367,0.4,0.6,2026-10-02,1229,N21,VIIRS,h,2.0NRT,302.27,17.5,D
-11.87768,25.37093,367,0.4,0.6,2026-10-02,1229,N21,VIIRS,h,2.0NRT,298.42,9.74,D
-11.87747,24.19781,367,0.34,0.56,2026-10-02,1229,N21,VIIRS,h,2.0NRT,303.77,18.84,D
-11.87701,25.3745,338.52,0.4,0.6,2026-10-02,1229,N21,VIIRS,n,2.0NRT,299.62,9.74,D
-11.87569,24.19789,367,0.34,0.56,2026-10-02,1229,N21,VIIRS,h,2.0NRT,309.54,24.07,D
-11.87406,24.18775,367,0.34,0.56,2026-10-02,1229,N21,VIIRS,h,2.0NRT,300.49,9.5,D
-11.87239,24.19691,367,0.34,0.56,2026-10-02,1229,N21,VIIRS,h,2.0NRT,307.66,18.84,D
-11.87235,24.18785,351.68,0.34,0.56,2026-10-02,1229,N21,VIIRS,n,2.0NRT,299.67,6.3,D
-11.87119,24.19395,330.59,0.34,0.56,2026-10-02,1229,N21,VIIRS,n,2.0NRT,298.62,7.67,D
-11.87061,24.19701,367,0.34,0.56,2026-10-02,1229,N21,VIIRS,h,2.0NRT,303.08,7.67,D
-11.87003,24.20007,340.57,0.34,0.56,2026-10-02,1229,N21,VIIRS,n,2.0NRT,301.3,7.11,D
-11.86674,24.19908,334.83,0.34,0.56,2026-10-02,1229,N21,VIIRS,n,2.0NRT,299.02,3.11,D
-11.86502,24.20849,334.4,0.34,0.56,2026-10-02,1229,N21,VIIRS,n,2.0NRT,299.32,5.51,D
-11.86316,24.20853,337.51,0.34,0.56,2026-10-02,1229,N21,VIIRS,n,2.0NRT,299.58,4.72,D
-11.86124,22.33562,343.26,0.5,0.49,2026-10-02,1229,N21,VIIRS,n,2.0NRT,312.93,10.32,D
-11.85816,24.21733,349.6,0.34,0.56,2026-10-02,1229,N21,VIIRS,n,2.0NRT,299.13,4.42,D
-11.83977,25.0957,342.12,0.39,0.59,2026-10-02,1229,N21,VIIRS,n,2.0NRT,300.98,5.48,D
-11.82921,25.68147,345.18,0.42,0.61,2026-10-02,1229,N21,VIIRS,n,2.0NRT,305.97,6.64,D
-11.81351,24.86773,338.42,0.37,0.58,2026-10-02,1229,N21,VIIRS,n,2.0NRT,302.44,6.19,D
-11.81294,24.47095,367,0.35,0.57,2026-10-02,1229,N21,VIIRS,h,2.0NRT,308.34,13.58,D
-11.81223,24.58705,367,0.36,0.57,2026-10-02,1229,N21,VIIRS,h,2.0NRT,301.76,8.78,D
-11.81162,24.47063,367,0.35,0.57,2026-10-02,1229,N21,VIIRS,h,2.0NRT,308.09,11.68,D
-11.80877,25.1405,335.95,0.39,0.59,2026-10-02,1229,N21,VIIRS,n,2.0NRT,301.16,3.5,D
-11.80812,27.04231,330.44,0.52,0.67,2026-10-02,1229,N21,VIIRS,n,2.0NRT,290.37,3.22,D
-11.80344,25.16801,349.63,0.39,0.59,2026-10-02,1229,N21,VIIRS,n,2.0NRT,297.08,7.49,D
-11.80206,24.32093,367,0.34,0.56,2026-10-02,1229,N21,VIIRS,h,2.0NRT,301.8,10.76,D
-11.80189,25.16708,367,0.39,0.59,2026-10-02,1229,N21,VIIRS,h,2.0NRT,301.43,12.71,D
-11.78805,25.12131,330.3,0.39,0.59,2026-10-02,1229,N21,VIIRS,n,2.0NRT,296.35,1.91,D
-11.7698,27.04419,333.6,0.52,0.67,2026-10-02,1229,N21,VIIRS,n,2.0NRT,289.33,3.58,D
-11.76917,27.04526,340.56,0.53,0.67,2026-10-02,1229,N21,VIIRS,n,2.0NRT,289.61,5.37,D
-11.74926,25.62479,333.14,0.42,0.61,2026-10-02,1229,N21,VIIRS,n,2.0NRT,299.21,4.03,D
-11.74798,24.78543,351,0.37,0.58,2026-10-02,1229,N21,VIIRS,n,2.0NRT,304.29,7.87,D
-11.73655,27.05205,352.92,0.53,0.67,2026-10-02,1229,N21,VIIRS,n,2.0NRT,292,9.9,D
-11.73602,27.05303,340.9,0.53,0.67,2026-10-02,1229,N21,VIIRS,n,2.0NRT,290.27,9.05,D
-11.72835,24.27686,331.08,0.34,0.56,2026-10-02,1229,N21,VIIRS,n,2.0NRT,297.22,2.79,D
-11.72819,23.08335,341.13,0.57,0.52,2026-10-02,1229,N21,VIIRS,n,2.0NRT,301.3,6.58,D
-11.70847,23.11145,341.12,0.57,0.52,2026-10-02,1229,N21,VIIRS,n,2.0NRT,303.5,10,D
-11.70775,24.04851,338.94,0.33,0.55,2026-10-02,1229,N21,VIIRS,n,2.0NRT,297.3,4.04,D
-11.70281,23.1157,338.36,0.57,0.52,2026-10-02,1229,N21,VIIRS,n,2.0NRT,301.2,10.53,D
-11.69742,24.90888,346.28,0.38,0.59,2026-10-02,1229,N21,VIIRS,n,2.0NRT,305.75,5.95,D
-11.67494,24.94005,351.85,0.38,0.59,2026-10-02,1229,N21,VIIRS,n,2.0NRT,303.62,6.88,D
-11.65561,22.97422,334.01,0.56,0.51,2026-10-02,1229,N21,VIIRS,l,2.0NRT,304.07,5.22,D
-11.64828,24.12216,367,0.34,0.56,2026-10-02,1229,N21,VIIRS,h,2.0NRT,301.41,12.58,D
-11.64267,24.42246,367,0.35,0.57,2026-10-02,1229,N21,VIIRS,h,2.0NRT,303.73,9.79,D
-11.6424,24.83038,344.25,0.37,0.58,2026-10-02,1229,N21,VIIRS,n,2.0NRT,302.32,9.1,D
-11.64179,24.83366,332.39,0.37,0.58,2026-10-02,1229,N21,VIIRS,n,2.0NRT,301.96,3.87,D
-11.64119,24.82783,341.19,0.37,0.58,2026-10-02,1229,N21,VIIRS,n,2.0NRT,302.02,4.69,D
-11.64055,24.83114,331.49,0.37,0.58,2026-10-02,1229,N21,VIIRS,l,2.0NRT,302.24,4.69,D
-11.62098,22.10228,336.69,0.49,0.49,2026-10-02,1229,N21,VIIRS,n,2.0NRT,306.16,2.63,D
-11.61655,22.10146,342.37,0.49,0.49,2026-10-02,1229,N21,VIIRS,n,2.0NRT,309.61,36.6,D
-11.61213,22.10065,343.98,0.49,0.49,2026-10-02,1229,N21,VIIRS,n,2.0NRT,316.94,36.6,D
-11.60908,22.09772,345.32,0.49,0.49,2026-10-02,1229,N21,VIIRS,n,2.0NRT,318.43,82.56,D
-11.60831,22.10218,342.08,0.49,0.49,2026-10-02,1229,N21,VIIRS,n,2.0NRT,307.69,18.42,D
-11.6077,22.09983,348.89,0.49,0.49,2026-10-02,1229,N21,VIIRS,n,2.0NRT,317.29,62.83,D
-11.60388,22.10135,341.06,0.49,0.49,2026-10-02,1229,N21,VIIRS,n,2.0NRT,304.65,18.42,D
-11.59278,23.37148,339.82,0.6,0.53,2026-10-02,1229,N21,VIIRS,n,2.0NRT,301.15,9.89,D
-11.5911,23.37405,339.59,0.6,0.53,2026-10-02,1229,N21,VIIRS,n,2.0NRT,301.66,9.87,D
-11.57496,24.31867,345.32,0.35,0.56,2026-10-02,1229,N21,VIIRS,n,2.0NRT,298.67,6.53,D
-11.57142,24.45254,338.06,0.35,0.57,2026-10-02,1229,N21,VIIRS,n,2.0NRT,302.2,3.55,D
-11.56629,22.90976,334.38,0.56,0.51,2026-10-02,1229,N21,VIIRS,n,2.0NRT,303.96,4.06,D
-11.54159,25.01357,336.64,0.39,0.59,2026-10-02,1229,N21,VIIRS,n,2.0NRT,300.07,6.64,D
-11.54094,25.01698,332.85,0.39,0.59,2026-10-02,1229,N21,VIIRS,n,2.0NRT,301.43,6.64,D
-11.53723,22.88292,337.64,0.56,0.51,2026-10-02,1229,N21,VIIRS,n,2.0NRT,302.81,9.11,D
-11.53687,25.0091,349.97,0.39,0.59,2026-10-02,1229,N21,VIIRS,n,2.0NRT,300.11,7.21,D
-11.53304,26.79515,339.62,0.51,0.66,2026-10-02,1229,N21,VIIRS,n,2.0NRT,292.15,6.13,D
-11.52871,24.7999,367,0.37,0.58,2026-10-02,1229,N21,VIIRS,h,2.0NRT,304.41,7.02,D
-11.52778,24.77532,330.27,0.37,0.58,2026-10-02,1229,N21,VIIRS,n,2.0NRT,303.19,2.64,D
-11.52547,25.03958,335.9,0.39,0.59,2026-10-02,1229,N21,VIIRS,n,2.0NRT,301.13,6.69,D
-11.52481,25.04302,367,0.39,0.59,2026-10-02,1229,N21,VIIRS,h,2.0NRT,300.43,6.69,D
-11.52209,25.02805,339.65,0.39,0.59,2026-10-02,1229,N21,VIIRS,n,2.0NRT,299.8,8.06,D
-11.52192,24.94183,367,0.38,0.59,2026-10-02,1229,N21,VIIRS,h,2.0NRT,305.59,11.53,D
-11.5214,25.03163,340.52,0.39,0.59,2026-10-02,1229,N21,VIIRS,n,2.0NRT,299.56,13.13,D
-11.52006,25.03864,340.48,0.39,0.59,2026-10-02,1229,N21,VIIRS,n,2.0NRT,299.86,6.69,D
-11.51945,25.01265,330.19,0.39,0.59,2026-10-02,1229,N21,VIIRS,n,2.0NRT,296.17,9.51,D
-11.51934,24.94005,354.91,0.38,0.59,2026-10-02,1229,N21,VIIRS,n,2.0NRT,304.82,10.62,D
-11.51878,25.01617,355.68,0.39,0.59,2026-10-02,1229,N21,VIIRS,l,2.0NRT,288.7,9.25,D
-11.50458,26.38925,346.66,0.48,0.65,2026-10-02,1229,N21,VIIRS,n,2.0NRT,296.05,6.28,D
-11.49107,24.38818,330.28,0.35,0.57,2026-10-02,1229,N21,VIIRS,l,2.0NRT,302.08,3.44,D
-11.48013,24.76589,337.9,0.37,0.58,2026-10-02,1229,N21,VIIRS,n,2.0NRT,302.48,4.7,D
-11.47278,22.91807,337.18,0.56,0.51,2026-10-02,1229,N21,VIIRS,n,2.0NRT,305.59,7.43,D
-11.46623,22.92734,336.02,0.56,0.52,2026-10-02,1229,N21,VIIRS,n,2.0NRT,304.87,5.66,D
-11.45996,28.51314,329.8,0.67,0.73,2026-10-02,1229,N21,VIIRS,n,2.0NRT,289.05,5.14,D
-11.45353,22.53106,338.78,0.53,0.5,2026-10-02,1229,N21,VIIRS,n,2.0NRT,306.34,7.65,D
-11.4534,25.02481,344.74,0.39,0.59,2026-10-02,1229,N21,VIIRS,n,2.0NRT,300.59,8.9,D
-11.45116,22.87769,335.94,0.56,0.51,2026-10-02,1229,N21,VIIRS,n,2.0NRT,305.14,7.12,D
-11.45015,22.87056,333.86,0.56,0.51,2026-10-02,1229,N21,VIIRS,l,2.0NRT,305.08,5.87,D
-11.44925,22.8756,346.97,0.56,0.51,2026-10-02,1229,N21,VIIRS,n,2.0NRT,306.05,8,D
-11.44835,22.88065,337.87,0.56,0.51,2026-10-02,1229,N21,VIIRS,n,2.0NRT,303.74,8,D
-11.44798,25.0239,367,0.39,0.59,2026-10-02,1229,N21,VIIRS,h,2.0NRT,301.12,8.9,D
-11.44731,25.02746,342.64,0.39,0.59,2026-10-02,1229,N21,VIIRS,n,2.0NRT,298.69,8.9,D
-11.44081,22.86872,339.72,0.56,0.51,2026-10-02,1229,N21,VIIRS,n,2.0NRT,304.19,13.45,D
-11.4399,22.87378,344.28,0.56,0.51,2026-10-02,1229,N21,VIIRS,n,2.0NRT,306.01,22.63,D
-11.4389,24.89579,334,0.38,0.59,2026-10-02,1229,N21,VIIRS,n,2.0NRT,300.73,3.5,D
-11.42332,22.91238,343.38,0.56,0.52,2026-10-02,1229,N21,VIIRS,n,2.0NRT,304.83,13.08,D
-11.41966,25.74172,337.48,0.44,0.62,2026-10-02,1229,N21,VIIRS,n,2.0NRT,294.55,13.9,D
-11.41522,26.7185,340.86,0.51,0.66,2026-10-02,1229,N21,VIIRS,n,2.0NRT,293.08,4.7,D
-11.40797,24.74879,335.94,0.37,0.58,2026-10-02,1229,N21,VIIRS,n,2.0NRT,294.66,2.35,D
-11.40152,23.14489,345.26,0.58,0.52,2026-10-02,1229,N21,VIIRS,n,2.0NRT,301.11,18.18,D
-11.40063,23.14881,355.22,0.58,0.52,2026-10-02,1229,N21,VIIRS,n,2.0NRT,305.83,38.39,D
-11.40052,23.15026,349.72,0.58,0.52,2026-10-02,1229,N21,VIIRS,n,2.0NRT,304.95,26.31,D
-11.39706,24.71915,340.83,0.37,0.58,2026-10-02,1229,N21,VIIRS,n,2.0NRT,300.52,24.52,D
-11.39643,24.72247,367,0.37,0.58,2026-10-02,1229,N21,VIIRS,h,2.0NRT,306.19,33.31,D
-11.39586,23.14791,343.36,0.58,0.52,2026-10-02,1229,N21,VIIRS,n,2.0NRT,299.35,8.17,D
-11.39109,23.14703,336.62,0.58,0.52,2026-10-02,1229,N21,VIIRS,n,2.0NRT,300,8.17,D
-11.38462,24.37777,335.96,0.35,0.57,2026-10-02,1229,N21,VIIRS,n,2.0NRT,297.29,3.35,D
-11.38222,24.24623,330.8,0.35,0.56,2026-10-02,1229,N21,VIIRS,n,2.0NRT,294.12,2.27,D
-11.35365,24.60493,340.99,0.37,0.58,2026-10-02,1229,N21,VIIRS,n,2.0NRT,301.66,3.41,D
-11.34653,22.73458,333.27,0.55,0.51,2026-10-02,1229,N21,VIIRS,l,2.0NRT,304.88,4.45,D
-11.33374,22.75247,342.04,0.55,0.51,2026-10-02,1229,N21,VIIRS,n,2.0NRT,307.31,40.82,D
-11.33253,24.22787,347.22,0.35,0.56,2026-10-02,1229,N21,VIIRS,n,2.0NRT,300.3,7.22,D
-11.33233,24.07181,333.33,0.34,0.56,2026-10-02,1229,N21,VIIRS,n,2.0NRT,301.04,3.46,D
-11.33066,24.22607,346.87,0.35,0.56,2026-10-02,1229,N21,VIIRS,n,2.0NRT,303.01,5.71,D
-11.31168,25.23223,367,0.4,0.6,2026-10-02,1229,N21,VIIRS,h,2.0NRT,298.26,15.86,D
-11.30272,24.29189,335.84,0.35,0.57,2026-10-02,1229,N21,VIIRS,n,2.0NRT,295.52,1.77,D
-11.29225,24.34917,349.06,0.35,0.57,2026-10-02,1229,N21,VIIRS,n,2.0NRT,301.84,5.94,D
-11.27139,24.06023,334.69,0.34,0.56,2026-10-02,1229,N21,VIIRS,n,2.0NRT,299.67,2.93,D
-11.25598,26.5882,339.6,0.5,0.66,2026-10-02,1229,N21,VIIRS,n,2.0NRT,292.6,6.31,D
-11.24903,24.43809,367,0.36,0.57,2026-10-02,1229,N21,VIIRS,h,2.0NRT,307.44,27.27,D
-11.24666,28.06736,350.19,0.63,0.72,2026-10-02,1229,N21,VIIRS,n,2.0NRT,291.24,22.47,D
-11.24553,28.07309,367,0.63,0.72,2026-10-02,1229,N21,VIIRS,h,2.0NRT,290.33,22.47,D
-11.24526,28.06929,367,0.63,0.72,2026-10-02,1229,N21,VIIRS,h,2.0NRT,291.78,36.11,D
-11.2441,28.07502,346.92,0.63,0.72,2026-10-02,1229,N21,VIIRS,n,2.0NRT,287.76,24.45,D
-11.24319,24.44051,367,0.36,0.57,2026-10-02,1229,N21,VIIRS,h,2.0NRT,302.76,27.27,D
-11.22208,25.79779,367,0.44,0.63,2026-10-02,1229,N21,VIIRS,h,2.0NRT,297.52,27.22,D
-11.21719,23.79636,338.51,0.32,0.55,2026-10-02,1229,N21,VIIRS,n,2.0NRT,297.53,2.9,D
-11.20916,26.92494,339.45,0.53,0.67,2026-10-02,1229,N21,VIIRS,n,2.0NRT,293.7,6.5,D
-11.20899,26.60622,367,0.5,0.66,2026-10-02,1229,N21,VIIRS,h,2.0NRT,290.56,17.62,D
-11.20825,26.92958,330.08,0.53,0.67,2026-10-02,1229,N21,VIIRS,n,2.0NRT,292.47,7.88,D
-11.20653,26.6064,367,0.5,0.66,2026-10-02,1229,N21,VIIRS,h,2.0NRT,294.68,15.75,D
-11.20054,24.17077,336.12,0.34,0.56,2026-10-02,1229,N21,VIIRS,n,2.0NRT,300.89,4.37,D
-11.19998,24.17385,337.28,0.34,0.56,2026-10-02,1229,N21,VIIRS,n,2.0NRT,300.85,4.69,D
-11.15361,24.86195,341.89,0.38,0.59,2026-10-02,1229,N21,VIIRS,n,2.0NRT,299.45,8.52,D
-11.15339,27.68942,352.99,0.6,0.7,2026-10-02,1229,N21,VIIRS,n,2.0NRT,292.84,15.54,D
-11.14447,22.5959,336.02,0.54,0.51,2026-10-02,1229,N21,VIIRS,n,2.0NRT,298.7,4.99,D
-11.14289,28.60371,331.93,0.69,0.74,2026-10-02,1229,N21,VIIRS,n,2.0NRT,285.64,7.85,D
-11.14108,28.60169,338.33,0.69,0.74,2026-10-02,1229,N21,VIIRS,n,2.0NRT,287,6.15,D
-11.1267,22.1881,340.36,0.51,0.49,2026-10-02,1229,N21,VIIRS,n,2.0NRT,302.5,5.52,D
-11.12597,22.92462,332.84,0.57,0.52,2026-10-02,1229,N21,VIIRS,n,2.0NRT,301.37,6.3,D
-11.125,22.92332,332.98,0.57,0.52,2026-10-02,1229,N21,VIIRS,n,2.0NRT,301.16,7.17,D
-11.10888,24.34829,345.89,0.35,0.57,2026-10-02,1229,N21,VIIRS,n,2.0NRT,298.45,5.91,D
-11.00092,26.39186,347.21,0.49,0.65,2026-10-02,1229,N21,VIIRS,n,2.0NRT,294.17,8.9,D
-10.99717,22.33438,344.78,0.52,0.5,2026-10-02,1229,N21,VIIRS,n,2.0NRT,305.59,15.74,D
-10.96182,22.40143,341.03,0.53,0.5,2026-10-02,1229,N21,VIIRS,n,2.0NRT,307.16,8.52,D
-10.94806,27.4262,352,0.58,0.7,2026-10-02,1229,N21,VIIRS,n,2.0NRT,294.72,13.7,D
-10.94436,27.42537,367,0.58,0.69,2026-10-02,1229,N21,VIIRS,h,2.0NRT,294.31,34.94,D
-10.94173,27.42502,353.7,0.58,0.7,2026-10-02,1229,N21,VIIRS,n,2.0NRT,292.69,13.7,D
-10.933,22.43055,341.08,0.53,0.5,2026-10-02,1229,N21,VIIRS,n,2.0NRT,307.12,15.13,D
-10.91783,22.38344,331.23,0.53,0.5,2026-10-02,1229,N21,VIIRS,n,2.0NRT,301.78,2.51,D
-10.91499,22.13008,341.31,0.51,0.49,2026-10-02,1229,N21,VIIRS,n,2.0NRT,306.01,10.64,D
-10.91418,22.13474,339.75,0.51,0.49,2026-10-02,1229,N21,VIIRS,n,2.0NRT,305.15,8.56,D
-10.91051,22.12918,332.72,0.51,0.49,2026-10-02,1229,N21,VIIRS,n,2.0NRT,300.69,10.64,D
-10.90969,22.1339,340.59,0.51,0.49,2026-10-02,1229,N21,VIIRS,n,2.0NRT,303.04,8.56,D
-10.84608,22.06207,344.45,0.5,0.49,2026-10-02,1229,N21,VIIRS,n,2.0NRT,307.73,124.7,D
-10.84405,22.0604,367,0.5,0.49,2026-10-02,1229,N21,VIIRS,h,2.0NRT,332.84,98.31,D
-10.84325,22.06485,340.94,0.5,0.49,2026-10-02,1229,N21,VIIRS,n,2.0NRT,301.82,32.45,D
-10.8416,22.06126,367,0.5,0.49,2026-10-02,1229,N21,VIIRS,l,2.0NRT,331.33,124.7,D
-10.83957,22.05959,344.36,0.5,0.49,2026-10-02,1229,N21,VIIRS,n,2.0NRT,305.92,98.31,D
-10.83877,22.06404,340.1,0.5,0.49,2026-10-02,1229,N21,VIIRS,n,2.0NRT,302.11,32.45,D
-10.83161,22.33702,337.97,0.52,0.5,2026-10-02,1229,N21,VIIRS,n,2.0NRT,300.33,6.6,D
-10.82546,22.13748,333.66,0.51,0.49,2026-10-02,1229,N21,VIIRS,l,2.0NRT,304.05,4.88,D
-10.82437,22.13399,342.02,0.51,0.49,2026-10-02,1229,N21,VIIRS,n,2.0NRT,305.76,6.75,D
-10.81455,21.92637,340.2,0.49,0.49,2026-10-02,1229,N21,VIIRS,n,2.0NRT,304.58,6.55,D
-10.8143,22.40717,335.87,0.53,0.5,2026-10-02,1229,N21,VIIRS,n,2.0NRT,300.29,3.11,D
-10.81089,21.92118,332.24,0.49,0.49,2026-10-02,1229,N21,VIIRS,n,2.0NRT,301.41,6.55,D
-10.81012,21.92555,336.59,0.49,0.49,2026-10-02,1229,N21,VIIRS,n,2.0NRT,304.39,6.55,D
-10.8053,22.03119,367,0.5,0.49,2026-10-02,1229,N21,VIIRS,h,2.0NRT,308.16,31.74,D
-10.80448,22.03582,354.26,0.5,0.49,2026-10-02,1229,N21,VIIRS,n,2.0NRT,312.48,31.74,D
-10.78678,22.13633,330.73,0.51,0.49,2026-10-02,1229,N21,VIIRS,l,2.0NRT,304.07,4.66,D
-10.76542,22.04769,343.16,0.5,0.49,2026-10-02,1229,N21,VIIRS,n,2.0NRT,310.9,34.88,D
-10.76219,22.06572,354.98,0.5,0.49,2026-10-02,1229,N21,VIIRS,n,2.0NRT,304.24,14.11,D
-10.75528,22.07848,330.83,0.51,0.49,2026-10-02,1229,N21,VIIRS,l,2.0NRT,301.83,4.94,D
-10.75447,22.03137,347.33,0.5,0.49,2026-10-02,1229,N21,VIIRS,n,2.0NRT,304.51,14.05,D
-10.75188,22.03216,341.27,0.5,0.49,2026-10-02,1229,N21,VIIRS,n,2.0NRT,305.53,11.44,D
-10.74939,21.96634,341.01,0.5,0.49,2026-10-02,1229,N21,VIIRS,n,2.0NRT,307.55,6.62,D
-10.748,21.9649,341.54,0.5,0.49,2026-10-02,1229,N21,VIIRS,n,2.0NRT,307.4,9.06,D
-10.74632,22.02531,331.49,0.5,0.49,2026-10-02,1229,N21,VIIRS,l,2.0NRT,303.91,9.62,D
-10.74185,22.02447,341.22,0.5,0.49,2026-10-02,1229,N21,VIIRS,n,2.0NRT,304.37,12.55,D
-10.73877,24.55815,341.28,0.37,0.58,2026-10-02,1229,N21,VIIRS,n,2.0NRT,297.38,11.84,D
-10.7192,24.55299,348.3,0.37,0.58,2026-10-02,1229,N21,VIIRS,n,2.0NRT,297.99,6.02,D
-10.71819,24.55095,338.16,0.37,0.58,2026-10-02,1229,N21,VIIRS,n,2.0NRT,295.74,1.46,D
-10.69353,23.3235,339.25,0.62,0.54,2026-10-02,1229,N21,VIIRS,n,2.0NRT,298.11,10.74,D
-10.69084,27.13966,346.82,0.56,0.69,2026-10-02,1229,N21,VIIRS,n,2.0NRT,295.6,9.57,D
-10.68181,22.01029,339.83,0.5,0.49,2026-10-02,1229,N21,VIIRS,n,2.0NRT,305.07,4.53,D
-10.67517,27.09846,343.12,0.56,0.68,2026-10-02,1229,N21,VIIRS,n,2.0NRT,296.33,10.52,D
-10.674,27.09412,341.17,0.55,0.68,2026-10-02,1229,N21,VIIRS,n,2.0NRT,296.23,14.3,D
-10.57017,22.74543,333.76,0.57,0.52,2026-10-02,1229,N21,VIIRS,n,2.0NRT,298.67,4.72,D
-10.55218,26.71553,350.5,0.53,0.67,2026-10-02,1229,N21,VIIRS,n,2.0NRT,295.41,10.21,D
-10.55013,22.32697,337.86,0.53,0.5,2026-10-02,1229,N21,VIIRS,n,2.0NRT,298.65,5.87,D
-10.54969,26.08739,335.72,0.48,0.64,2026-10-02,1229,N21,VIIRS,n,2.0NRT,295.05,8.35,D
-10.5218,22.54247,342.29,0.55,0.51,2026-10-02,1229,N21,VIIRS,n,2.0NRT,305.38,33.05,D
-10.51626,22.54666,347.29,0.55,0.51,2026-10-02,1229,N21,VIIRS,n,2.0NRT,303.87,24.37,D
-10.51246,22.54097,340.59,0.55,0.51,2026-10-02,1229,N21,VIIRS,n,2.0NRT,300.42,24.37,D
-10.46129,25.40134,340.52,0.43,0.62,2026-10-02,1229,N21,VIIRS,n,2.0NRT,295.58,4.95,D
-10.4588,25.40082,367,0.43,0.62,2026-10-02,1229,N21,VIIRS,h,2.0NRT,297.2,13.58,D
-10.45567,25.40024,348.13,0.43,0.62,2026-10-02,1229,N21,VIIRS,n,2.0NRT,296.26,6.63,D
-10.4549,25.09475,331.56,0.41,0.61,2026-10-02,1229,N21,VIIRS,n,2.0NRT,295.96,3.71,D
-10.45242,25.55637,333.19,0.44,0.62,2026-10-02,1229,N21,VIIRS,n,2.0NRT,295.8,4.27,D
-10.404,25.09417,367,0.41,0.61,2026-10-02,1229,N21,VIIRS,h,2.0NRT,300.14,12.63,D
-10.40384,25.09282,367,0.41,0.61,2026-10-02,1229,N21,VIIRS,h,2.0NRT,301.53,14.01,D
-10.37636,25.05837,333.36,0.41,0.61,2026-10-02,1229,N21,VIIRS,n,2.0NRT,299.09,4.29,D
-10.3621,25.38523,345.43,0.43,0.62,2026-10-02,1229,N21,VIIRS,n,2.0NRT,296.32,6.65,D
-10.35134,25.39708,350.82,0.43,0.62,2026-10-02,1229,N21,VIIRS,n,2.0NRT,298.07,18.72,D
-10.34804,25.39827,367,0.43,0.62,2026-10-02,1229,N21,VIIRS,h,2.0NRT,298.69,14.03,D
-10.27782,25.09987,336.62,0.41,0.61,2026-10-02,1229,N21,VIIRS,n,2.0NRT,296,5.26,D
-10.24936,23.26897,338.57,0.62,0.54,2026-10-02,1229,N21,VIIRS,n,2.0NRT,298.83,5.86,D
-10.22868,22.94652,334.81,0.59,0.53,2026-10-02,1229,N21,VIIRS,n,2.0NRT,299.94,6.82,D
-10.20643,22.76739,334.89,0.58,0.52,2026-10-02,1229,N21,VIIRS,n,2.0NRT,303.56,4.92,D
-10.1988,22.75532,339.86,0.57,0.52,2026-10-02,1229,N21,VIIRS,n,2.0NRT,302.15,7.22,D
-10.18521,27.37596,333.68,0.59,0.7,2026-10-02,1229,N21,VIIRS,n,2.0NRT,294.62,9.04,D
-10.18082,27.37307,334.8,0.59,0.7,2026-10-02,1229,N21,VIIRS,n,2.0NRT,293.5,9.79,D
-10.0734,24.82132,346.48,0.4,0.6,2026-10-02,1229,N21,VIIRS,n,2.0NRT,300.27,5.21,D
-10.04238,23.12984,341.76,0.61,0.54,2026-10-02,1229,N21,VIIRS,n,2.0NRT,299.62,15.92,D
-10.02371,23.10692,339.3,0.61,0.54,2026-10-02,1229,N21,VIIRS,n,2.0NRT,299.88,8.69,D
-9.9484,27.386,336.57,0.6,0.7,2026-10-02,1229,N21,VIIRS,n,2.0NRT,293.75,9.71,D
-9.90942,27.58813,367,0.62,0.71,2026-10-02,1229,N21,VIIRS,h,2.0NRT,293.88,13.85,D
-9.90917,27.58813,367,0.62,0.71,2026-10-02,1229,N21,VIIRS,h,2.0NRT,294.11,22.64,D
-9.90602,28.77732,337.19,0.74,0.76,2026-10-02,1229,N21,VIIRS,n,2.0NRT,290.82,12.38,D
-9.90443,28.7796,353.51,0.74,0.76,2026-10-02,1229,N21,VIIRS,n,2.0NRT,291.43,17.49,D
-9.90401,27.58126,333.66,0.62,0.71,2026-10-02,1229,N21,VIIRS,n,2.0NRT,296.86,13.85,D
-9.9038,27.58131,334.24,0.62,0.71,2026-10-02,1229,N21,VIIRS,n,2.0NRT,297.29,21.13,D
-9.87595,27.30757,333.02,0.59,0.7,2026-10-02,1229,N21,VIIRS,n,2.0NRT,293.51,10.67,D
-9.80284,28.50353,331.03,0.72,0.75,2026-10-02,1229,N21,VIIRS,n,2.0NRT,291.45,9.82,D
-9.79937,28.44949,330.41,0.71,0.75,2026-10-02,1229,N21,VIIRS,n,2.0NRT,293.17,7.85,D
-9.78627,23.31813,344.71,0.32,0.54,2026-10-02,1229,N21,VIIRS,n,2.0NRT,302.24,3.97,D
-9.7747,25.2952,352.88,0.44,0.62,2026-10-02,1229,N21,VIIRS,n,2.0NRT,293.3,8.37,D
-9.74233,23.04522,340.5,0.61,0.54,2026-10-02,1229,N21,VIIRS,n,2.0NRT,302.39,11.82,D
-9.72882,27.34106,336.79,0.6,0.71,2026-10-02,1229,N21,VIIRS,n,2.0NRT,294.92,4.95,D
-9.68189,25.92018,338.2,0.48,0.65,2026-10-02,1229,N21,VIIRS,n,2.0NRT,293.08,10.08,D
-9.64495,26.88027,339,0.56,0.69,2026-10-02,1229,N21,VIIRS,n,2.0NRT,292.16,11.43,D
-9.64189,28.88397,335.3,0.76,0.77,2026-10-02,1229,N21,VIIRS,n,2.0NRT,290.22,9.37,D
-9.6418,26.87576,341,0.56,0.69,2026-10-02,1229,N21,VIIRS,n,2.0NRT,292.97,9.48,D
-9.64003,28.88198,338.72,0.76,0.77,2026-10-02,1229,N21,VIIRS,n,2.0NRT,290.53,8.8,D
-9.63201,25.73875,333.52,0.47,0.64,2026-10-02,1229,N21,VIIRS,n,2.0NRT,294.04,6,D
-9.63102,25.74031,338.78,0.47,0.64,2026-10-02,1229,N21,VIIRS,n,2.0NRT,294.39,6.66,D
-9.62045,27.05869,338.49,0.58,0.69,2026-10-02,1229,N21,VIIRS,n,2.0NRT,295.94,9.79,D
-9.61261,21.99329,343.92,0.52,0.5,2026-10-02,1229,N21,VIIRS,n,2.0NRT,299.3,11.94,D
-9.52085,25.073,335.72,0.42,0.61,2026-10-02,1229,N21,VIIRS,n,2.0NRT,297.07,8.6,D
-9.4844,22.7786,296.67,0.59,0.53,2026-10-02,1229,N21,VIIRS,l,2.0NRT,303.28,69.83,D
-9.48348,22.78386,343.23,0.59,0.53,2026-10-02,1229,N21,VIIRS,n,2.0NRT,309.16,104.82,D
-9.47962,22.77755,331.5,0.59,0.53,2026-10-02,1229,N21,VIIRS,n,2.0NRT,299.32,19.3,D
-9.47868,22.78284,340.67,0.59,0.53,2026-10-02,1229,N21,VIIRS,n,2.0NRT,301.64,26.92,D
-9.41633,24.65209,348.66,0.4,0.6,2026-10-02,1229,N21,VIIRS,n,2.0NRT,295.73,11.78,D
-9.41598,24.64862,340.44,0.4,0.6,2026-10-02,1229,N21,VIIRS,n,2.0NRT,295.38,9.21,D
-9.41533,24.65227,344.16,0.4,0.6,2026-10-02,1229,N21,VIIRS,n,2.0NRT,295.79,9.21,D
-9.4109,24.6509,333.58,0.4,0.6,2026-10-02,1229,N21,VIIRS,n,2.0NRT,296.2,6.13,D
-9.40259,24.44344,345.63,0.39,0.59,2026-10-02,1229,N21,VIIRS,n,2.0NRT,297.76,4.41,D
-9.37691,24.77163,355.13,0.41,0.6,2026-10-02,1229,N21,VIIRS,n,2.0NRT,297.97,20.88,D
-9.37678,24.77212,367,0.41,0.6,2026-10-02,1229,N21,VIIRS,h,2.0NRT,299.05,18.99,D
-9.37622,24.77529,333.18,0.41,0.6,2026-10-02,1229,N21,VIIRS,n,2.0NRT,296.61,15.1,D
-9.36759,25.83842,334.75,0.48,0.65,2026-10-02,1229,N21,VIIRS,n,2.0NRT,295.97,4.55,D
-9.3444,22.95772,333.71,0.61,0.54,2026-10-02,1229,N21,VIIRS,n,2.0NRT,298.78,7.69,D
-9.34342,23.69046,332.28,0.34,0.56,2026-10-02,1229,N21,VIIRS,n,2.0NRT,296.04,2.35,D
-9.27426,25.05005,333.51,0.43,0.62,2026-10-02,1229,N21,VIIRS,n,2.0NRT,291.91,1.1,D
-9.2655,28.88349,351.24,0.78,0.78,2026-10-02,1229,N21,VIIRS,n,2.0NRT,291.8,15.32,D
-9.2623,28.88478,367,0.78,0.78,2026-10-02,1229,N21,VIIRS,h,2.0NRT,292.32,21.14,D
-9.24797,25.70668,338.9,0.47,0.64,2026-10-02,1229,N21,VIIRS,n,2.0NRT,294.31,8.36,D
-9.24721,25.71072,332.91,0.47,0.64,2026-10-02,1229,N21,VIIRS,n,2.0NRT,293.58,7.8,D
-9.24448,25.69306,367,0.47,0.64,2026-10-02,1229,N21,VIIRS,h,2.0NRT,294.53,15.34,D
-9.23898,23.94359,340.52,0.36,0.57,2026-10-02,1229,N21,VIIRS,n,2.0NRT,296.86,7.1,D
-9.23367,23.49264,339.05,0.34,0.56,2026-10-02,1229,N21,VIIRS,n,2.0NRT,296.74,3.76,D
-9.22699,25.14741,339.67,0.43,0.62,2026-10-02,1229,N21,VIIRS,n,2.0NRT,292.03,5.09,D
-9.21714,24.00375,348.51,0.36,0.58,2026-10-02,1229,N21,VIIRS,n,2.0NRT,297.72,5.67,D
-9.20697,24.60993,332.75,0.4,0.6,2026-10-02,1229,N21,VIIRS,n,2.0NRT,295.12,3.49,D
-9.08001,25.99261,347.33,0.5,0.66,2026-10-02,1229,N21,VIIRS,n,2.0NRT,293.74,8.48,D
-9.03586,24.08012,330.36,0.37,0.58,2026-10-02,1229,N21,VIIRS,n,2.0NRT,296.05,1.75,D
-8.99256,25.63351,367,0.47,0.64,2026-10-02,1229,N21,VIIRS,h,2.0NRT,293.54,11.98,D
-8.99148,25.63318,367,0.47,0.64,2026-10-02,1229,N21,VIIRS,h,2.0NRT,293.43,11.72,D
-8.94969,22.56823,338.17,0.59,0.53,2026-10-02,1229,N21,VIIRS,n,2.0NRT,300.22,15.22,D
-8.94585,22.56202,339.19,0.59,0.53,2026-10-02,1229,N21,VIIRS,n,2.0NRT,297.53,12.98,D
-8.9449,22.56738,343.27,0.59,0.53,2026-10-02,1229,N21,VIIRS,n,2.0NRT,298.5,12.98,D
-8.94335,25.50847,335.78,0.47,0.64,2026-10-02,1229,N21,VIIRS,n,2.0NRT,293.58,8.07,D
-8.93766,26.24227,340.49,0.52,0.67,2026-10-02,1229,N21,VIIRS,n,2.0NRT,294.61,4.65,D
-8.88816,25.08776,339.64,0.44,0.62,2026-10-02,1229,N21,VIIRS,n,2.0NRT,295.21,7.55,D
-8.88809,26.23778,333.11,0.52,0.67,2026-10-02,1229,N21,VIIRS,n,2.0NRT,294.62,5.89,D
-8.88738,26.23865,334.39,0.52,0.67,2026-10-02,1229,N21,VIIRS,n,2.0NRT,294.97,6.4,D
-8.887,24.46873,334.8,0.4,0.6,2026-10-02,1229,N21,VIIRS,n,2.0NRT,293.96,2.98,D
-8.88596,24.46781,336.61,0.4,0.6,2026-10-02,1229,N21,VIIRS,n,2.0NRT,294.53,7.46,D
-8.88493,25.08735,367,0.44,0.62,2026-10-02,1229,N21,VIIRS,h,2.0NRT,296.28,15.03,D
-8.88248,25.0868,338.95,0.44,0.62,2026-10-02,1229,N21,VIIRS,n,2.0NRT,294.76,6.05,D
-8.8818,24.45966,367,0.4,0.6,2026-10-02,1229,N21,VIIRS,h,2.0NRT,294.39,13.03,D
-8.88118,24.46317,348.52,0.4,0.6,2026-10-02,1229,N21,VIIRS,n,2.0NRT,294.9,7.46,D
-8.88054,24.46668,335.35,0.4,0.6,2026-10-02,1229,N21,VIIRS,n,2.0NRT,295.64,7.46,D
-8.85713,26.06465,343.3,0.51,0.66,2026-10-02,1229,N21,VIIRS,n,2.0NRT,293.63,7.18,D
-8.84579,24.82007,343.41,0.42,0.61,2026-10-02,1229,N21,VIIRS,n,2.0NRT,290.91,8.05,D
-8.84511,24.82384,336.76,0.42,0.61,2026-10-02,1229,N21,VIIRS,n,2.0NRT,292.38,8.05,D
-8.84432,24.82,351.85,0.42,0.61,2026-10-02,1229,N21,VIIRS,n,2.0NRT,292.91,8.11,D
-8.84362,24.82376,341.03,0.42,0.61,2026-10-02,1229,N21,VIIRS,n,2.0NRT,293.23,8.11,D
-8.84023,24.81892,352,0.42,0.61,2026-10-02,1229,N21,VIIRS,n,2.0NRT,294.28,8.05,D
-8.83988,25.61427,347.63,0.48,0.64,2026-10-02,1229,N21,VIIRS,n,2.0NRT,290.5,9.26,D
-8.83877,24.81887,343.48,0.42,0.61,2026-10-02,1229,N21,VIIRS,n,2.0NRT,294.29,6.18,D
-8.79286,24.45398,354.82,0.4,0.6,2026-10-02,1229,N21,VIIRS,n,2.0NRT,294.45,21.6,D
-8.79218,24.45761,367,0.4,0.6,2026-10-02,1229,N21,VIIRS,h,2.0NRT,296.63,21.6,D
-8.79157,24.45427,355.76,0.4,0.6,2026-10-02,1229,N21,VIIRS,n,2.0NRT,295.74,22.84,D
-8.79093,24.4579,367,0.4,0.6,2026-10-02,1229,N21,VIIRS,h,2.0NRT,296.34,22.84,D
-8.7769,22.87337,338.96,0.62,0.54,2026-10-02,1229,N21,VIIRS,n,2.0NRT,295.17,53.16,D
-8.77199,22.87252,337.24,0.62,0.54,2026-10-02,1229,N21,VIIRS,n,2.0NRT,291.75,6.68,D
-8.76628,25.8763,347.82,0.5,0.66,2026-10-02,1229,N21,VIIRS,n,2.0NRT,294.39,9.13,D
-8.74957,24.16241,344.16,0.38,0.59,2026-10-02,1229,N21,VIIRS,n,2.0NRT,295.83,4.87,D
-8.74664,24.16107,344.46,0.38,0.59,2026-10-02,1229,N21,VIIRS,n,2.0NRT,297.16,4.81,D
-8.73006,25.99187,367,0.51,0.66,2026-10-02,1229,N21,VIIRS,h,2.0NRT,293.8,28.89,D
-8.72651,25.98806,353.55,0.51,0.66,2026-10-02,1229,N21,VIIRS,n,2.0NRT,292.91,24.03,D
-8.72542,25.99378,347.7,0.51,0.66,2026-10-02,1229,N21,VIIRS,n,2.0NRT,293.35,22.88,D
-8.70226,25.84024,350.32,0.5,0.65,2026-10-02,1229,N21,VIIRS,n,2.0NRT,293.28,10.4,D
-8.65504,25.73172,367,0.49,0.65,2026-10-02,1229,N21,VIIRS,h,2.0NRT,294.29,14.78,D
-8.65146,25.73176,367,0.49,0.65,2026-10-02,1229,N21,VIIRS,h,2.0NRT,294.58,18.69,D
-8.59526,25.97061,332.11,0.51,0.66,2026-10-02,1229,N21,VIIRS,n,2.0NRT,293.17,4.03,D
-8.51534,25.06767,367,0.44,0.63,2026-10-02,1229,N21,VIIRS,h,2.0NRT,293.89,7.63,D
-8.46665,26.29111,367,0.54,0.68,2026-10-02,1229,N21,VIIRS,h,2.0NRT,292.89,11.15,D
-8.46581,26.29255,338.54,0.54,0.68,2026-10-02,1229,N21,VIIRS,n,2.0NRT,292.26,14.4,D
-8.45984,26.71696,336.31,0.57,0.69,2026-10-02,1229,N21,VIIRS,n,2.0NRT,294.23,6.68,D
-8.45665,26.71858,331.89,0.57,0.69,2026-10-02,1229,N21,VIIRS,n,2.0NRT,293.61,5.06,D
-8.45345,24.65796,354.25,0.42,0.61,2026-10-02,1229,N21,VIIRS,n,2.0NRT,297.42,18.38,D
-8.44478,26.23713,338.31,0.53,0.67,2026-10-02,1229,N21,VIIRS,n,2.0NRT,293.71,6.6,D
-8.42507,24.02185,353.47,0.38,0.58,2026-10-02,1229,N21,VIIRS,n,2.0NRT,293.4,26.05,D
-8.41974,24.02094,353.98,0.38,0.58,2026-10-02,1229,N21,VIIRS,n,2.0NRT,296.74,26.05,D
-8.41954,26.2023,340.04,0.53,0.67,2026-10-02,1229,N21,VIIRS,n,2.0NRT,294.27,8.47,D
-8.41912,24.02442,343.68,0.38,0.59,2026-10-02,1229,N21,VIIRS,n,2.0NRT,309.6,116.01,D
-8.41439,24.02009,351.22,0.38,0.58,2026-10-02,1229,N21,VIIRS,n,2.0NRT,293.11,23.59,D
-8.41375,24.02372,367,0.38,0.59,2026-10-02,1229,N21,VIIRS,h,2.0NRT,293.55,21.68,D
-8.41263,22.28871,367,0.57,0.52,2026-10-02,1229,N21,VIIRS,h,2.0NRT,302.58,45.9,D
-8.39787,25.34858,339.61,0.47,0.64,2026-10-02,1229,N21,VIIRS,n,2.0NRT,292.25,7.04,D
-8.39771,25.34871,338.14,0.46,0.64,2026-10-02,1229,N21,VIIRS,n,2.0NRT,292.4,7.82,D
-8.3604,26.74292,332.4,0.58,0.7,2026-10-02,1229,N21,VIIRS,n,2.0NRT,294.42,5.07,D
-8.34295,26.03542,338.83,0.52,0.67,2026-10-02,1229,N21,VIIRS,n,2.0NRT,292.46,8.39,D
-8.34281,26.64766,337.4,0.57,0.69,2026-10-02,1229,N21,VIIRS,n,2.0NRT,293.48,5.7,D
-8.33704,24.45486,337.14,0.4,0.6,2026-10-02,1229,N21,VIIRS,n,2.0NRT,294.84,2.69,D
-8.32252,26.82631,333.3,0.59,0.7,2026-10-02,1229,N21,VIIRS,n,2.0NRT,293.32,7.99,D
-8.31756,24.05055,340.46,0.38,0.59,2026-10-02,1229,N21,VIIRS,n,2.0NRT,295.62,4.17,D
-8.31504,24.05141,339.12,0.38,0.59,2026-10-02,1229,N21,VIIRS,n,2.0NRT,295.58,5.74,D
-8.29762,26.78359,334.76,0.58,0.7,2026-10-02,1229,N21,VIIRS,n,2.0NRT,294.62,5.21,D
-8.27695,24.03071,332.1,0.38,0.59,2026-10-02,1229,N21,VIIRS,n,2.0NRT,293.74,1.84,D
-8.27218,24.02651,345.13,0.38,0.59,2026-10-02,1229,N21,VIIRS,n,2.0NRT,295.12,6.65,D
-8.27117,26.80868,338.11,0.59,0.7,2026-10-02,1229,N21,VIIRS,n,2.0NRT,294.4,16.48,D
-8.26624,26.81019,346.64,0.59,0.7,2026-10-02,1229,N21,VIIRS,n,2.0NRT,294.7,14.63,D
-8.25435,24.12583,333.25,0.39,0.59,2026-10-02,1229,N21,VIIRS,n,2.0NRT,291.81,2.56,D
-8.22288,25.86694,367,0.51,0.66,2026-10-02,1229,N21,VIIRS,h,2.0NRT,293.99,172.95,D
-8.22215,25.86074,348.52,0.51,0.66,2026-10-02,1229,N21,VIIRS,n,2.0NRT,295.52,134.78,D
-8.22134,25.86523,299.44,0.51,0.66,2026-10-02,1229,N21,VIIRS,l,2.0NRT,306.52,134.78,D
-8.22053,25.86976,367,0.51,0.66,2026-10-02,1229,N21,VIIRS,h,2.0NRT,297.96,151.72,D
-8.21768,25.8615,207.38,0.51,0.66,2026-10-02,1229,N21,VIIRS,l,2.0NRT,304.72,220.18,D
-8.21599,25.87046,367,0.51,0.66,2026-10-02,1229,N21,VIIRS,h,2.0NRT,294.3,172.95,D
-8.2153,25.86427,367,0.51,0.66,2026-10-02,1229,N21,VIIRS,h,2.0NRT,296.55,63.94,D
-8.21428,25.87957,346.97,0.51,0.66,2026-10-02,1229,N21,VIIRS,n,2.0NRT,293.9,10.89,D
-8.21285,25.87783,367,0.51,0.66,2026-10-02,1229,N21,VIIRS,h,2.0NRT,293.75,12.46,D
-8.21079,25.865,334.61,0.51,0.66,2026-10-02,1229,N21,VIIRS,n,2.0NRT,293.96,8.83,D
-8.20995,25.86947,339.59,0.51,0.66,2026-10-02,1229,N21,VIIRS,n,2.0NRT,293.1,8.83,D
-8.20926,25.86326,345.97,0.51,0.66,2026-10-02,1229,N21,VIIRS,n,2.0NRT,294.31,63.94,D
-8.2091,25.87399,348.53,0.51,0.66,2026-10-02,1229,N21,VIIRS,n,2.0NRT,293.26,12.19,D
-8.20845,25.86773,367,0.51,0.66,2026-10-02,1229,N21,VIIRS,h,2.0NRT,293.31,23.94,D
-8.20824,25.87854,345.95,0.51,0.66,2026-10-02,1229,N21,VIIRS,n,2.0NRT,289.26,12.19,D
-8.20763,25.87225,344.75,0.51,0.66,2026-10-02,1229,N21,VIIRS,n,2.0NRT,292.92,23.94,D
-8.20681,25.8768,342.42,0.51,0.66,2026-10-02,1229,N21,VIIRS,n,2.0NRT,287.69,12.46,D
-8.20477,25.86396,354.24,0.51,0.66,2026-10-02,1229,N21,VIIRS,n,2.0NRT,295.69,8.83,D
-8.20392,25.86846,367,0.51,0.66,2026-10-02,1229,N21,VIIRS,h,2.0NRT,294.18,8.83,D
-8.20242,25.8667,334.19,0.51,0.66,2026-10-02,1229,N21,VIIRS,n,2.0NRT,294.38,4.85,D
-8.41226,22.28633,353.15,0.57,0.52,2026-10-02,1232,N21,VIIRS,n,2.0NRT,300.09,44.11,D
-8.4114,22.29138,339.09,0.57,0.52,2026-10-02,1232,N21,VIIRS,n,2.0NRT,295.38,17.71,D
-8.20427,22.72095,350.73,0.62,0.54,2026-10-02,1232,N21,VIIRS,n,2.0NRT,295.45,46.08,D
-12.82526,27.29078,301.8,0.42,0.38,2026-10-02,2335,N21,VIIRS,n,2.0NRT,286.21,1.1,N
-12.78562,27.32732,299.07,0.42,0.38,2026-10-02,2335,N21,VIIRS,n,2.0NRT,285.91,0.5,N
-12.62232,26.40214,305.65,0.4,0.37,2026-10-02,2335,N21,VIIRS,n,2.0NRT,287.26,1.1,N
-12.42159,26.85794,296.9,0.41,0.37,2026-10-02,2335,N21,VIIRS,n,2.0NRT,285.96,1.32,N
-12.37446,25.31955,319.82,0.38,0.36,2026-10-02,2335,N21,VIIRS,n,2.0NRT,287.56,2.13,N
-12.37381,27.62261,300.21,0.43,0.38,2026-10-02,2335,N21,VIIRS,n,2.0NRT,285.97,0.57,N
-12.29737,25.411,299.34,0.38,0.36,2026-10-02,2335,N21,VIIRS,n,2.0NRT,288.02,0.48,N
-12.20248,25.85566,299.73,0.39,0.36,2026-10-02,2335,N21,VIIRS,n,2.0NRT,288.78,0.66,N
-12.16071,23.088,304.49,0.42,0.37,2026-10-02,2335,N21,VIIRS,n,2.0NRT,288.18,0.61,N
-12.10522,23.1358,304.57,0.42,0.37,2026-10-02,2335,N21,VIIRS,n,2.0NRT,288.5,0.88,N
-12.08158,23.0341,298.87,0.42,0.38,2026-10-02,2335,N21,VIIRS,n,2.0NRT,288.71,1.23,N
-12.08142,26.39716,310.54,0.4,0.37,2026-10-02,2335,N21,VIIRS,n,2.0NRT,289.44,18.31,N
-12.08096,23.03028,315.63,0.42,0.38,2026-10-02,2335,N21,VIIRS,n,2.0NRT,289.5,1.23,N
-12.07753,26.39408,327.91,0.4,0.37,2026-10-02,2335,N21,VIIRS,n,2.0NRT,290.24,18.31,N
-12.0644,27.87832,298.55,0.44,0.38,2026-10-02,2335,N21,VIIRS,n,2.0NRT,286.14,0.64,N
-11.95808,23.24534,308.19,0.41,0.37,2026-10-02,2335,N21,VIIRS,n,2.0NRT,290.92,1.29,N
-11.65542,25.50358,298.09,0.38,0.36,2026-10-02,2335,N21,VIIRS,n,2.0NRT,286.23,0.25,N
-11.53105,26.15396,297.57,0.39,0.36,2026-10-02,2335,N21,VIIRS,n,2.0NRT,285.9,0.65,N
-11.41924,26.76279,310.82,0.4,0.37,2026-10-02,2335,N21,VIIRS,n,2.0NRT,286.02,1.22,N
-11.41269,26.71912,297.85,0.4,0.37,2026-10-02,2335,N21,VIIRS,n,2.0NRT,287.23,0.47,N
-11.24628,28.07238,336.84,0.44,0.38,2026-10-02,2335,N21,VIIRS,n,2.0NRT,290.3,2.97,N
-11.24569,28.06837,305.51,0.44,0.38,2026-10-02,2335,N21,VIIRS,n,2.0NRT,287.89,2.97,N
-11.20782,26.92931,303.64,0.4,0.37,2026-10-02,2335,N21,VIIRS,n,2.0NRT,288.35,0.94,N
-11.20726,26.92566,304.71,0.4,0.37,2026-10-02,2335,N21,VIIRS,n,2.0NRT,288.48,0.93,N
-11.06881,27.75224,298.98,0.43,0.38,2026-10-02,2335,N21,VIIRS,n,2.0NRT,286.84,0.49,N
-10.98407,26.06714,301.47,0.39,0.36,2026-10-02,2335,N21,VIIRS,n,2.0NRT,287.29,0.57,N
-10.93828,27.86754,300.68,0.43,0.38,2026-10-02,2335,N21,VIIRS,n,2.0NRT,287.79,0.61,N
-10.90804,25.94971,302.14,0.39,0.36,2026-10-02,2335,N21,VIIRS,n,2.0NRT,288.17,1.37,N
-10.83116,25.6935,305.15,0.38,0.36,2026-10-02,2335,N21,VIIRS,n,2.0NRT,289.81,0.86,N
-10.78718,25.58969,301.45,0.38,0.36,2026-10-02,2335,N21,VIIRS,n,2.0NRT,290.27,1.05,N
-10.78334,25.58673,309.74,0.38,0.36,2026-10-02,2335,N21,VIIRS,n,2.0NRT,290.1,1.05,N
-10.70097,21.95518,302.49,0.48,0.4,2026-10-02,2335,N21,VIIRS,n,2.0NRT,290.39,1.09,N
-10.6848,27.10968,299.95,0.4,0.37,2026-10-02,2335,N21,VIIRS,n,2.0NRT,287.88,1.38,N
-10.58687,30.5091,315.9,0.39,0.44,2026-10-02,2335,N21,VIIRS,n,2.0NRT,286.86,2.09,N
-10.58286,30.50965,304.94,0.39,0.44,2026-10-02,2335,N21,VIIRS,n,2.0NRT,286.62,1.21,N
-10.57062,25.24639,300.58,0.38,0.36,2026-10-02,2335,N21,VIIRS,n,2.0NRT,289.92,1.64,N
-10.57007,25.2429,328.96,0.38,0.36,2026-10-02,2335,N21,VIIRS,n,2.0NRT,291.37,1.64,N
-10.54076,26.05808,302.63,0.39,0.36,2026-10-02,2335,N21,VIIRS,n,2.0NRT,286.42,0.66,N
-10.49191,25.0477,301.51,0.39,0.36,2026-10-02,2335,N21,VIIRS,n,2.0NRT,289.05,0.53,N
-10.45791,27.04767,308.46,0.4,0.37,2026-10-02,2335,N21,VIIRS,n,2.0NRT,288.15,1.4,N
-9.90501,27.5837,300.14,0.41,0.37,2026-10-02,2335,N21,VIIRS,n,2.0NRT,283.08,1.35,N
-8.59706,32.18962,313.07,0.47,0.48,2026-10-02,2335,N21,VIIRS,n,2.0NRT,288.92,2.22,N
-8.44533,33.51401,297.84,0.57,0.52,2026-10-02,2335,N21,VIIRS,n,2.0NRT,287.38,0.6,N
-17.77492,24.73671,306.64,0.39,0.36,2026-10-02,2337,N21,VIIRS,n,2.0NRT,284.13,0.82,N
-17.6656,25.91335,304.82,0.41,0.37,2026-10-02,2337,N21,VIIRS,n,2.0NRT,283.61,0.96,N
-17.45364,25.3091,299.67,0.4,0.37,2026-10-02,2337,N21,VIIRS,n,2.0NRT,285.99,0.65,N
-17.39656,23.35151,298.96,0.39,0.36,2026-10-02,2337,N21,VIIRS,n,2.0NRT,285.53,0.36,N
-17.38345,24.17769,325.84,0.38,0.36,2026-10-02,2337,N21,VIIRS,n,2.0NRT,289.49,2.04,N
-17.38289,24.17409,307.95,0.38,0.36,2026-10-02,2337,N21,VIIRS,n,2.0NRT,287.51,2.04,N
-17.26714,25.28552,296.85,0.4,0.37,2026-10-02,2337,N21,VIIRS,n,2.0NRT,286.84,0.35,N
-16.97438,25.62166,311.73,0.4,0.37,2026-10-02,2337,N21,VIIRS,n,2.0NRT,285.63,1.16,N
-16.9534,25.7368,299.38,0.4,0.37,2026-10-02,2337,N21,VIIRS,n,2.0NRT,286.27,0.64,N
-16.88686,24.55097,304.07,0.39,0.36,2026-10-02,2337,N21,VIIRS,n,2.0NRT,284.01,0.76,N
-16.75713,22.90822,301,0.39,0.37,2026-10-02,2337,N21,VIIRS,n,2.0NRT,287.64,0.6,N
-16.70554,26.24455,318.83,0.42,0.37,2026-10-02,2337,N21,VIIRS,n,2.0NRT,286.17,2.28,N
-16.65399,26.08284,327.32,0.41,0.37,2026-10-02,2337,N21,VIIRS,n,2.0NRT,288.19,3.08,N
-16.4641,23.22501,300.95,0.39,0.36,2026-10-02,2337,N21,VIIRS,n,2.0NRT,288.12,0.56,N
-16.37803,26.23079,297.14,0.41,0.37,2026-10-02,2337,N21,VIIRS,n,2.0NRT,286.42,0.24,N
-16.29696,26.7658,298.94,0.43,0.38,2026-10-02,2337,N21,VIIRS,n,2.0NRT,285.5,0.78,N
-16.2323,26.47822,306.4,0.42,0.38,2026-10-02,2337,N21,VIIRS,n,2.0NRT,286.8,1.33,N
-16.14099,23.26904,296.84,0.39,0.36,2026-10-02,2337,N21,VIIRS,n,2.0NRT,286.22,0.32,N
-16.07852,23.26076,313.02,0.39,0.36,2026-10-02,2337,N21,VIIRS,n,2.0NRT,287.26,1.51,N
-16.07461,23.2577,300.24,0.39,0.36,2026-10-02,2337,N21,VIIRS,n,2.0NRT,287.12,1,N
-15.76854,23.15677,297.01,0.39,0.36,2026-10-02,2337,N21,VIIRS,n,2.0NRT,285.83,0.53,N
-15.76127,23.15426,299.19,0.39,0.36,2026-10-02,2337,N21,VIIRS,n,2.0NRT,286.19,0.5,N
-15.75793,23.15483,316.48,0.39,0.36,2026-10-02,2337,N21,VIIRS,n,2.0NRT,288.37,1.15,N
-15.2662,26.84205,298.09,0.43,0.38,2026-10-02,2337,N21,VIIRS,n,2.0NRT,287.49,0.45,N
-15.25244,25.0421,304.6,0.39,0.36,2026-10-02,2337,N21,VIIRS,n,2.0NRT,287.77,0.78,N
-15.20096,26.44247,312.14,0.41,0.37,2026-10-02,2337,N21,VIIRS,n,2.0NRT,286.52,1.69,N
-15.1281,24.69726,299.32,0.38,0.36,2026-10-02,2337,N21,VIIRS,n,2.0NRT,286.19,0.58,N
-15.12755,24.6937,299.16,0.38,0.36,2026-10-02,2337,N21,VIIRS,n,2.0NRT,286.27,0.58,N
-15.10719,24.64971,298.67,0.38,0.36,2026-10-02,2337,N21,VIIRS,n,2.0NRT,286.87,1.19,N
-15.06857,25.39544,299.26,0.39,0.36,2026-10-02,2337,N21,VIIRS,n,2.0NRT,287.55,0.53,N
-15.02494,25.33243,304.12,0.39,0.36,2026-10-02,2337,N21,VIIRS,n,2.0NRT,288.16,0.71,N
-15.00665,26.55021,303.53,0.42,0.37,2026-10-02,2337,N21,VIIRS,n,2.0NRT,286.18,1.05,N
-14.98221,26.83484,311.16,0.42,0.38,2026-10-02,2337,N21,VIIRS,n,2.0NRT,286.92,1.18,N
-14.95372,25.33257,309.43,0.39,0.36,2026-10-02,2337,N21,VIIRS,n,2.0NRT,288.14,1.51,N
-14.95261,24.99225,303.49,0.39,0.36,2026-10-02,2337,N21,VIIRS,n,2.0NRT,286.67,1.16,N
-14.89461,25.30167,316.47,0.39,0.36,2026-10-02,2337,N21,VIIRS,n,2.0NRT,288.18,1.69,N
-14.86654,26.93163,295.53,0.43,0.38,2026-10-02,2337,N21,VIIRS,n,2.0NRT,285.52,0.25,N
-14.83442,26.78439,298.3,0.42,0.38,2026-10-02,2337,N21,VIIRS,n,2.0NRT,286.46,0.3,N
-14.76789,27.02306,301.86,0.43,0.38,2026-10-02,2337,N21,VIIRS,n,2.0NRT,286.53,0.6,N
-14.59389,25.5597,306.35,0.39,0.36,2026-10-02,2337,N21,VIIRS,n,2.0NRT,288.21,0.98,N
-14.59098,25.56042,308.15,0.39,0.36,2026-10-02,2337,N21,VIIRS,n,2.0NRT,288.26,1.04,N
-14.59043,25.55682,309.14,0.39,0.36,2026-10-02,2337,N21,VIIRS,n,2.0NRT,288.47,1.04,N
-14.58988,25.55322,302.29,0.39,0.36,2026-10-02,2337,N21,VIIRS,n,2.0NRT,288.02,0.67,N
-14.55502,24.01685,296.83,0.39,0.36,2026-10-02,2337,N21,VIIRS,n,2.0NRT,286.37,0.52,N
-14.50142,25.04402,302.42,0.39,0.36,2026-10-02,2337,N21,VIIRS,n,2.0NRT,285.88,0.71,N
-14.49434,23.78479,305.45,0.39,0.36,2026-10-02,2337,N21,VIIRS,n,2.0NRT,287.63,1.1,N
-14.49415,25.17267,301.39,0.39,0.36,2026-10-02,2337,N21,VIIRS,n,2.0NRT,285.54,0.49,N
-14.49144,25.13301,311.15,0.39,0.36,2026-10-02,2337,N21,VIIRS,n,2.0NRT,286.87,1.04,N
-14.48868,25.1371,303.51,0.39,0.36,2026-10-02,2337,N21,VIIRS,n,2.0NRT,285.68,1.04,N
-14.48813,25.13355,308.46,0.39,0.36,2026-10-02,2337,N21,VIIRS,n,2.0NRT,286.05,1.04,N
-14.47668,24.94986,312.88,0.38,0.36,2026-10-02,2337,N21,VIIRS,n,2.0NRT,285.81,1.33,N
-14.47559,24.92097,301.97,0.38,0.36,2026-10-02,2337,N21,VIIRS,n,2.0NRT,285.43,0.61,N
-14.35752,25.61199,309.46,0.39,0.36,2026-10-02,2337,N21,VIIRS,n,2.0NRT,287.78,0.92,N
-14.35697,25.60839,305.42,0.39,0.36,2026-10-02,2337,N21,VIIRS,n,2.0NRT,287.69,0.92,N
-14.35642,25.6048,308.38,0.39,0.36,2026-10-02,2337,N21,VIIRS,n,2.0NRT,287.74,1.14,N
-14.13483,25.53365,300,0.39,0.36,2026-10-02,2337,N21,VIIRS,n,2.0NRT,286.43,0.77,N
-14.13151,25.53418,297.29,0.39,0.36,2026-10-02,2337,N21,VIIRS,n,2.0NRT,286.18,0.47,N
-14.11294,25.36888,298.3,0.39,0.36,2026-10-02,2337,N21,VIIRS,n,2.0NRT,287.25,0.66,N
-14.11237,25.38724,304.01,0.39,0.36,2026-10-02,2337,N21,VIIRS,n,2.0NRT,286.57,0.76,N
-14.10963,25.36941,299.01,0.39,0.36,2026-10-02,2337,N21,VIIRS,n,2.0NRT,287.03,0.66,N
-14.10687,25.37351,297.3,0.39,0.36,2026-10-02,2337,N21,VIIRS,n,2.0NRT,286.83,0.42,N
-14.10632,25.36994,298.77,0.39,0.36,2026-10-02,2337,N21,VIIRS,n,2.0NRT,287.18,0.42,N
-14.10355,25.37403,297.72,0.39,0.36,2026-10-02,2337,N21,VIIRS,n,2.0NRT,287.1,0.42,N
-14.10137,25.3598,298.43,0.39,0.36,2026-10-02,2337,N21,VIIRS,n,2.0NRT,287.69,1.22,N
-14.10082,25.35624,321.44,0.39,0.36,2026-10-02,2337,N21,VIIRS,n,2.0NRT,288.23,1.22,N
-14.10079,25.37813,298.91,0.39,0.36,2026-10-02,2337,N21,VIIRS,n,2.0NRT,286.83,0.41,N
-14.10027,25.35268,341.08,0.39,0.36,2026-10-02,2337,N21,VIIRS,n,2.0NRT,290.22,7.84,N
-14.10024,25.37457,299.47,0.39,0.36,2026-10-02,2337,N21,VIIRS,n,2.0NRT,287.21,0.49,N
-14.09748,25.37866,298.08,0.39,0.36,2026-10-02,2337,N21,VIIRS,n,2.0NRT,286.99,0.41,N
-14.09693,25.3751,298.86,0.39,0.36,2026-10-02,2337,N21,VIIRS,n,2.0NRT,287.02,0.49,N
-14.09638,25.37154,299.01,0.39,0.36,2026-10-02,2337,N21,VIIRS,n,2.0NRT,286.99,0.49,N
-14.09362,25.37563,299.18,0.39,0.36,2026-10-02,2337,N21,VIIRS,n,2.0NRT,287.07,1,N
-14.08092,25.38134,303.38,0.39,0.36,2026-10-02,2337,N21,VIIRS,n,2.0NRT,288.11,0.64,N
-14.07706,25.37831,299.2,0.39,0.36,2026-10-02,2337,N21,VIIRS,n,2.0NRT,288.39,0.78,N
-13.9664,27.05176,297.98,0.42,0.38,2026-10-02,2337,N21,VIIRS,n,2.0NRT,286.54,0.5,N
-13.87384,25.7849,309.11,0.39,0.36,2026-10-02,2337,N21,VIIRS,n,2.0NRT,287.22,0.87,N
-13.83878,25.68706,298.43,0.39,0.36,2026-10-02,2337,N21,VIIRS,n,2.0NRT,288.31,0.41,N
-13.83761,25.72396,300.36,0.39,0.36,2026-10-02,2337,N21,VIIRS,n,2.0NRT,288.01,0.23,N
-13.76783,25.713,299.02,0.39,0.36,2026-10-02,2337,N21,VIIRS,n,2.0NRT,288.29,0.68,N
-13.76685,26.52429,303.06,0.41,0.37,2026-10-02,2337,N21,VIIRS,n,2.0NRT,286.91,0.84,N
-13.74903,25.70132,300.85,0.39,0.36,2026-10-02,2337,N21,VIIRS,n,2.0NRT,288.64,0.38,N
-13.73919,25.76882,300.08,0.39,0.36,2026-10-02,2337,N21,VIIRS,n,2.0NRT,288.45,0.5,N
-13.73645,25.7509,300.47,0.39,0.36,2026-10-02,2337,N21,VIIRS,n,2.0NRT,288.9,0.35,N
-13.72844,25.87735,302.71,0.39,0.36,2026-10-02,2337,N21,VIIRS,n,2.0NRT,288.15,0.64,N
-13.72511,25.87788,300.91,0.39,0.36,2026-10-02,2337,N21,VIIRS,n,2.0NRT,287.77,0.64,N
-13.72352,25.84496,301.53,0.39,0.36,2026-10-02,2337,N21,VIIRS,n,2.0NRT,288.2,0.43,N
-13.7174,25.84961,306.17,0.39,0.36,2026-10-02,2337,N21,VIIRS,n,2.0NRT,288.27,0.42,N
-13.71401,25.87225,300.49,0.39,0.36,2026-10-02,2337,N21,VIIRS,n,2.0NRT,287.63,0.78,N
-13.71074,25.85067,301.92,0.39,0.36,2026-10-02,2337,N21,VIIRS,n,2.0NRT,287.86,1.09,N
-13.70997,25.93583,298.27,0.39,0.36,2026-10-02,2337,N21,VIIRS,n,2.0NRT,288.03,0.34,N
-13.69626,25.86771,297.39,0.39,0.36,2026-10-02,2337,N21,VIIRS,n,2.0NRT,287.31,0.28,N
-13.68864,28.06646,299.16,0.46,0.39,2026-10-02,2337,N21,VIIRS,n,2.0NRT,285.7,0.77,N
-13.68343,25.33953,299.96,0.39,0.36,2026-10-02,2337,N21,VIIRS,n,2.0NRT,288.28,0.44,N
-13.60073,25.5533,299.5,0.39,0.36,2026-10-02,2337,N21,VIIRS,n,2.0NRT,288.24,0.46,N
-13.59958,23.55338,305.86,0.4,0.37,2026-10-02,2337,N21,VIIRS,n,2.0NRT,286.49,0.7,N
-13.59687,25.55027,302.54,0.39,0.36,2026-10-02,2337,N21,VIIRS,n,2.0NRT,288.84,0.67,N
-13.59289,23.5545,298.98,0.4,0.37,2026-10-02,2337,N21,VIIRS,n,2.0NRT,286.94,1.19,N
-13.5923,23.55087,314.62,0.4,0.37,2026-10-02,2337,N21,VIIRS,n,2.0NRT,287.86,1.19,N
-13.58896,23.55143,300.31,0.4,0.37,2026-10-02,2337,N21,VIIRS,n,2.0NRT,287.48,0.95,N
-13.56271,24.95362,299.31,0.38,0.36,2026-10-02,2337,N21,VIIRS,n,2.0NRT,288.09,0.48,N
-13.56098,27.82732,304.34,0.45,0.39,2026-10-02,2337,N21,VIIRS,n,2.0NRT,286.33,0.55,N
-13.56005,23.50017,305.94,0.4,0.37,2026-10-02,2337,N21,VIIRS,n,2.0NRT,287.9,1.82,N
-13.55093,23.61375,299.2,0.4,0.37,2026-10-02,2337,N21,VIIRS,n,2.0NRT,287.73,1.35,N
-13.55034,23.61012,318.63,0.4,0.37,2026-10-02,2337,N21,VIIRS,n,2.0NRT,288.82,1.35,N
-13.54976,23.60649,326.88,0.4,0.37,2026-10-02,2337,N21,VIIRS,n,2.0NRT,289.69,2.68,N
-13.5368,23.52653,314.64,0.4,0.37,2026-10-02,2337,N21,VIIRS,n,2.0NRT,286.17,2.74,N
-13.53594,27.19855,301.89,0.43,0.38,2026-10-02,2337,N21,VIIRS,n,2.0NRT,286.61,0.62,N
-13.53562,23.51925,296.7,0.4,0.37,2026-10-02,2337,N21,VIIRS,n,2.0NRT,286.07,0.63,N
-13.53404,23.53074,299.64,0.4,0.37,2026-10-02,2337,N21,VIIRS,n,2.0NRT,287.39,0.97,N
-13.53376,27.19859,299.65,0.43,0.38,2026-10-02,2337,N21,VIIRS,n,2.0NRT,286.74,0.57,N
-13.53345,23.52709,337.24,0.4,0.37,2026-10-02,2337,N21,VIIRS,n,2.0NRT,290.4,2.74,N
-13.53286,23.52345,320.76,0.4,0.37,2026-10-02,2337,N21,VIIRS,n,2.0NRT,287.9,2.74,N
-13.53168,23.57969,304.08,0.4,0.37,2026-10-02,2337,N21,VIIRS,n,2.0NRT,285.74,1.14,N
-13.53069,23.53129,311.73,0.4,0.37,2026-10-02,2337,N21,VIIRS,n,2.0NRT,288.38,1.32,N
-13.53058,24.51069,297.56,0.38,0.36,2026-10-02,2337,N21,VIIRS,n,2.0NRT,286.31,1.12,N
-13.5301,23.52765,307.67,0.4,0.37,2026-10-02,2337,N21,VIIRS,n,2.0NRT,287.79,1.44,N
-13.51741,24.25516,300.42,0.39,0.36,2026-10-02,2337,N21,VIIRS,n,2.0NRT,288.51,0.61,N
-13.5141,24.25571,299.87,0.39,0.36,2026-10-02,2337,N21,VIIRS,n,2.0NRT,288.57,0.61,N
-13.5094,25.62234,298.75,0.39,0.36,2026-10-02,2337,N21,VIIRS,n,2.0NRT,288.41,0.51,N
-13.48929,23.54537,317.27,0.4,0.37,2026-10-02,2337,N21,VIIRS,n,2.0NRT,287.63,1.72,N
-13.48653,23.54958,297.91,0.4,0.37,2026-10-02,2337,N21,VIIRS,n,2.0NRT,284.93,1.12,N
-13.48594,23.54593,324.94,0.4,0.37,2026-10-02,2337,N21,VIIRS,n,2.0NRT,288.66,1.12,N
-13.48259,23.5465,297.72,0.4,0.37,2026-10-02,2337,N21,VIIRS,n,2.0NRT,285.91,1.12,N
-13.46869,27.68862,307.42,0.44,0.39,2026-10-02,2337,N21,VIIRS,n,2.0NRT,286.74,1.2,N
-13.46519,27.41062,302.56,0.43,0.38,2026-10-02,2337,N21,VIIRS,n,2.0NRT,287.1,0.88,N
-13.45678,26.01198,296.69,0.39,0.36,2026-10-02,2337,N21,VIIRS,n,2.0NRT,286.28,0.23,N
-13.45252,27.37203,301.41,0.43,0.38,2026-10-02,2337,N21,VIIRS,n,2.0NRT,287.22,1.01,N
-13.42398,27.28655,298.09,0.43,0.38,2026-10-02,2337,N21,VIIRS,n,2.0NRT,286.74,0.46,N
-13.41811,27.61328,297.79,0.44,0.38,2026-10-02,2337,N21,VIIRS,n,2.0NRT,287.15,0.49,N
-13.40481,23.6973,295.28,0.39,0.37,2026-10-02,2337,N21,VIIRS,n,2.0NRT,284.85,0.28,N
-13.40364,25.50813,301.93,0.39,0.36,2026-10-02,2337,N21,VIIRS,n,2.0NRT,288.7,0.57,N
-13.40017,25.97667,298.38,0.39,0.36,2026-10-02,2337,N21,VIIRS,n,2.0NRT,287.11,0.39,N
-13.39684,25.9772,299.8,0.39,0.36,2026-10-02,2337,N21,VIIRS,n,2.0NRT,287.53,0.79,N
-13.39242,25.97054,300.45,0.39,0.36,2026-10-02,2337,N21,VIIRS,n,2.0NRT,287.66,0.37,N
-13.39004,27.56808,313.26,0.44,0.38,2026-10-02,2337,N21,VIIRS,n,2.0NRT,287.03,1.46,N
-13.38607,25.57241,299.32,0.39,0.36,2026-10-02,2337,N21,VIIRS,n,2.0NRT,288.64,0.42,N
-13.37834,26.21056,302.5,0.4,0.37,2026-10-02,2337,N21,VIIRS,n,2.0NRT,287.85,0.71,N
-13.36941,23.73291,297.48,0.39,0.36,2026-10-02,2337,N21,VIIRS,n,2.0NRT,286.46,0.55,N
-13.36396,26.00826,297.23,0.39,0.36,2026-10-02,2337,N21,VIIRS,n,2.0NRT,287.12,0.5,N
-13.30015,26.54965,298.5,0.4,0.37,2026-10-02,2337,N21,VIIRS,n,2.0NRT,285.99,0.58,N
-13.27009,25.85794,301.07,0.39,0.36,2026-10-02,2337,N21,VIIRS,n,2.0NRT,288.02,0.59,N
-13.19744,26.16418,299.08,0.4,0.37,2026-10-02,2337,N21,VIIRS,n,2.0NRT,286.86,0.41,N
-13.1331,23.95678,316.33,0.39,0.36,2026-10-02,2337,N21,VIIRS,n,2.0NRT,285.88,2.05,N
-13.09973,23.94025,297.18,0.39,0.36,2026-10-02,2337,N21,VIIRS,n,2.0NRT,285.44,0.91,N
-13.08355,23.92454,299.13,0.39,0.36,2026-10-02,2337,N21,VIIRS,n,2.0NRT,287.73,0.7,N
-13.06883,23.61913,309.3,0.4,0.37,2026-10-02,2337,N21,VIIRS,n,2.0NRT,286.34,1,N
-13.0653,23.9386,300.39,0.39,0.36,2026-10-02,2337,N21,VIIRS,n,2.0NRT,286,0.54,N
-13.06473,23.93502,298.71,0.39,0.36,2026-10-02,2337,N21,VIIRS,n,2.0NRT,286.01,0.54,N
-13.06415,23.93144,309.2,0.39,0.36,2026-10-02,2337,N21,VIIRS,n,2.0NRT,286.24,0.79,N
-13.06358,23.92785,301.39,0.39,0.36,2026-10-02,2337,N21,VIIRS,n,2.0NRT,285.68,0.79,N
-13.04717,25.22527,299.85,0.38,0.36,2026-10-02,2337,N21,VIIRS,n,2.0NRT,289.01,0.44,N
-13.00457,24.28216,311.2,0.39,0.36,2026-10-02,2337,N21,VIIRS,n,2.0NRT,288.1,0.8,N
-13.00126,24.2827,300.84,0.39,0.36,2026-10-02,2337,N21,VIIRS,n,2.0NRT,287.87,0.8,N
-12.74816,23.63527,304.95,0.4,0.37,2026-10-02,2337,N21,VIIRS,n,2.0NRT,286.18,0.85,N
-17.32927,33.44306,334.35,0.69,0.74,2026-10-03,1028,N21,VIIRS,n,2.0NRT,286.6,7.84,D
-11.11861,33.66937,367,0.56,0.69,2026-10-03,1030,N21,VIIRS,h,2.0NRT,294.62,18.52,D
-11.11514,33.66709,338.79,0.56,0.69,2026-10-03,1030,N21,VIIRS,n,2.0NRT,293.86,13.11,D
-11.11456,33.67191,337.7,0.56,0.69,2026-10-03,1030,N21,VIIRS,n,2.0NRT,293.24,12.38,D
-11.10846,31.62442,334.98,0.78,0.78,2026-10-03,1030,N21,VIIRS,n,2.0NRT,286.34,20.03,D
-11.10128,31.62421,355.16,0.78,0.78,2026-10-03,1030,N21,VIIRS,l,2.0NRT,285.39,20.03,D
-11.10052,31.631,332.55,0.78,0.78,2026-10-03,1030,N21,VIIRS,n,2.0NRT,287.42,20.03,D
-11.07268,33.08466,330.8,0.61,0.71,2026-10-03,1030,N21,VIIRS,n,2.0NRT,291.35,3.36,D
-10.80044,31.56441,367,0.78,0.78,2026-10-03,1030,N21,VIIRS,h,2.0NRT,290.64,44.53,D
-10.78959,31.89653,331.59,0.74,0.76,2026-10-03,1030,N21,VIIRS,n,2.0NRT,287.24,12.48,D
-10.62301,33.37672,351.36,0.58,0.7,2026-10-03,1030,N21,VIIRS,n,2.0NRT,294.97,12.61,D
-10.62123,33.37355,338.39,0.58,0.7,2026-10-03,1030,N21,VIIRS,n,2.0NRT,293.75,11.55,D
-10.57708,33.36392,341.34,0.58,0.7,2026-10-03,1030,N21,VIIRS,n,2.0NRT,292.36,8.25,D
-10.52305,33.25586,343.33,0.59,0.7,2026-10-03,1030,N21,VIIRS,n,2.0NRT,292.85,8.88,D
-10.51909,33.3056,339.78,0.59,0.7,2026-10-03,1030,N21,VIIRS,n,2.0NRT,293.6,13.33,D
-10.51655,33.30929,340,0.58,0.7,2026-10-03,1030,N21,VIIRS,n,2.0NRT,293.64,8.93,D
-10.38996,31.48079,340.72,0.78,0.78,2026-10-03,1030,N21,VIIRS,n,2.0NRT,286.66,11.32,D
-10.38384,32.71412,330.85,0.64,0.72,2026-10-03,1030,N21,VIIRS,n,2.0NRT,289.04,13.68,D
-10.38245,32.71184,350.34,0.64,0.72,2026-10-03,1030,N21,VIIRS,n,2.0NRT,290.06,13.69,D
-10.22384,32.6647,367,0.64,0.72,2026-10-03,1030,N21,VIIRS,h,2.0NRT,290.6,24.88,D
-10.20635,32.52526,349.7,0.66,0.73,2026-10-03,1030,N21,VIIRS,n,2.0NRT,287.52,11.22,D
-10.20209,32.52666,344.98,0.66,0.73,2026-10-03,1030,N21,VIIRS,n,2.0NRT,288.06,14.31,D
-10.08577,31.38448,332.84,0.78,0.78,2026-10-03,1030,N21,VIIRS,n,2.0NRT,288.91,7.25,D
-9.94391,32.73727,348.56,0.63,0.72,2026-10-03,1030,N21,VIIRS,n,2.0NRT,289.39,19.98,D
-9.76286,33.03969,350.5,0.6,0.7,2026-10-03,1030,N21,VIIRS,n,2.0NRT,291.32,13.57,D
-9.73127,33.0716,330.69,0.59,0.7,2026-10-03,1030,N21,VIIRS,n,2.0NRT,291.66,4.93,D
-9.70425,32.98196,343.7,0.6,0.71,2026-10-03,1030,N21,VIIRS,n,2.0NRT,286.99,13.45,D
-9.70369,32.97823,342.29,0.6,0.71,2026-10-03,1030,N21,VIIRS,n,2.0NRT,286.55,7.64,D
-9.70302,32.98358,337.88,0.6,0.71,2026-10-03,1030,N21,VIIRS,n,2.0NRT,287.52,7.64,D
-9.66371,31.628,331.77,0.75,0.77,2026-10-03,1030,N21,VIIRS,n,2.0NRT,290.36,5.79,D
-9.65884,33.02354,344.75,0.6,0.7,2026-10-03,1030,N21,VIIRS,n,2.0NRT,285.47,11.08,D
-9.6322,33.29502,330.26,0.57,0.69,2026-10-03,1030,N21,VIIRS,n,2.0NRT,291.52,3.65,D
-9.58793,33.31623,336.4,0.57,0.69,2026-10-03,1030,N21,VIIRS,n,2.0NRT,285.96,7.59,D
-9.47729,32.77674,333.4,0.62,0.71,2026-10-03,1030,N21,VIIRS,n,2.0NRT,283.8,9.9,D
-9.43824,33.25376,331.2,0.57,0.69,2026-10-03,1030,N21,VIIRS,n,2.0NRT,289.69,4.95,D
-9.39989,31.90069,354.9,0.71,0.75,2026-10-03,1032,N21,VIIRS,n,2.0NRT,287.79,19.51,D
-9.39298,31.90022,331.57,0.71,0.75,2026-10-03,1032,N21,VIIRS,n,2.0NRT,283.88,10.63,D
-9.27814,31.68962,331.34,0.73,0.76,2026-10-03,1032,N21,VIIRS,n,2.0NRT,289.16,11.4,D
-9.27781,31.69277,339.11,0.73,0.76,2026-10-03,1032,N21,VIIRS,n,2.0NRT,292.1,9.8,D
-9.19546,33.39796,342.2,0.55,0.68,2026-10-03,1032,N21,VIIRS,n,2.0NRT,289.83,7.76,D
-9.16898,32.00751,330.24,0.69,0.74,2026-10-03,1032,N21,VIIRS,n,2.0NRT,285.32,7.92,D
-9.11318,32.56834,334.57,0.63,0.72,2026-10-03,1032,N21,VIIRS,n,2.0NRT,285.26,6.98,D
-9.07986,33.47565,347.65,0.55,0.68,2026-10-03,1032,N21,VIIRS,n,2.0NRT,286.61,10.15,D
-8.97421,33.61927,335.25,0.53,0.67,2026-10-03,1032,N21,VIIRS,n,2.0NRT,298.9,9.34,D
-8.93598,33.62519,343.84,0.53,0.67,2026-10-03,1032,N21,VIIRS,n,2.0NRT,299.47,7.86,D
-8.84787,33.06649,330.4,0.58,0.7,2026-10-03,1032,N21,VIIRS,n,2.0NRT,292.08,7.45,D
-8.8452,33.06598,331.59,0.58,0.7,2026-10-03,1032,N21,VIIRS,n,2.0NRT,292.16,7.05,D
-8.84259,33.72237,332.04,0.52,0.67,2026-10-03,1032,N21,VIIRS,n,2.0NRT,298.8,4.31,D
-8.72101,32.79797,332.1,0.6,0.71,2026-10-03,1032,N21,VIIRS,n,2.0NRT,295.58,8.53,D
-8.67724,31.3153,349.07,0.76,0.77,2026-10-03,1032,N21,VIIRS,n,2.0NRT,281.48,18.5,D
-8.67389,32.43058,345.59,0.63,0.72,2026-10-03,1032,N21,VIIRS,n,2.0NRT,290.24,17.24,D
-8.62301,33.04391,341.88,0.57,0.69,2026-10-03,1032,N21,VIIRS,n,2.0NRT,299.74,7.24,D
-8.47743,33.20457,331.98,0.56,0.69,2026-10-03,1032,N21,VIIRS,n,2.0NRT,298.23,3.88,D
-8.37216,32.08983,340.94,0.67,0.73,2026-10-03,1032,N21,VIIRS,n,2.0NRT,292.64,10.34,D
-8.33264,31.99651,331.24,0.67,0.74,2026-10-03,1032,N21,VIIRS,n,2.0NRT,295,6.27,D
-8.32667,31.30737,339.59,0.75,0.77,2026-10-03,1032,N21,VIIRS,n,2.0NRT,294.59,20.53,D
-8.27908,33.58025,334.96,0.52,0.67,2026-10-03,1032,N21,VIIRS,n,2.0NRT,298.05,3.32,D
-18.01838,32.1091,345.62,0.42,0.61,2026-10-03,1208,N21,VIIRS,n,2.0NRT,297.79,6.02,D
-18.0173,32.10865,350.61,0.42,0.61,2026-10-03,1208,N21,VIIRS,n,2.0NRT,298.38,6.55,D
-18.0013,23.76592,342.95,0.41,0.37,2026-10-03,1210,N21,VIIRS,n,2.0NRT,315.41,8.61,D
-18.00067,23.76981,344.4,0.41,0.37,2026-10-03,1210,N21,VIIRS,n,2.0NRT,316.79,9.56,D
-17.99978,23.75365,341.32,0.41,0.37,2026-10-03,1210,N21,VIIRS,n,2.0NRT,311.05,11.08,D
-17.99915,23.75753,349.13,0.41,0.37,2026-10-03,1210,N21,VIIRS,n,2.0NRT,318.42,11.08,D
-17.99852,23.76142,367,0.41,0.37,2026-10-03,1210,N21,VIIRS,h,2.0NRT,320.12,8.61,D
-17.99788,23.76531,367,0.41,0.37,2026-10-03,1210,N21,VIIRS,h,2.0NRT,321.24,8.61,D
-17.99637,23.75303,367,0.41,0.37,2026-10-03,1210,N21,VIIRS,h,2.0NRT,345.05,66.03,D
-17.99573,23.75692,354.22,0.41,0.37,2026-10-03,1210,N21,VIIRS,l,2.0NRT,329.72,66.03,D
-17.9951,23.76081,355.47,0.41,0.37,2026-10-03,1210,N21,VIIRS,n,2.0NRT,324.15,22.7,D
-17.99359,23.74853,309.44,0.41,0.37,2026-10-03,1210,N21,VIIRS,l,2.0NRT,312.09,27.64,D
-17.99295,23.75242,367,0.41,0.37,2026-10-03,1210,N21,VIIRS,l,2.0NRT,340.86,66.03,D
-17.99232,23.75631,346.19,0.41,0.37,2026-10-03,1210,N21,VIIRS,n,2.0NRT,319.57,66.03,D
-17.98826,23.75958,346.36,0.41,0.37,2026-10-03,1210,N21,VIIRS,n,2.0NRT,316.17,13.54,D
-17.98763,23.76347,350.88,0.41,0.37,2026-10-03,1210,N21,VIIRS,l,2.0NRT,321.72,13.54,D
-17.98699,23.76736,354.21,0.41,0.37,2026-10-03,1210,N21,VIIRS,l,2.0NRT,327.06,38.27,D
-17.98039,23.78621,367,0.41,0.37,2026-10-03,1210,N21,VIIRS,h,2.0NRT,349.46,152.03,D
-17.97975,23.7901,350.6,0.42,0.37,2026-10-03,1210,N21,VIIRS,l,2.0NRT,326,52.35,D
-17.97035,23.86886,348.71,0.42,0.37,2026-10-03,1210,N21,VIIRS,l,2.0NRT,320.32,9.58,D
-17.9607,30.73532,367,0.34,0.56,2026-10-03,1210,N21,VIIRS,h,2.0NRT,301.89,7.56,D
-17.95683,23.88662,349.42,0.42,0.38,2026-10-03,1210,N21,VIIRS,n,2.0NRT,321.23,15.95,D
-17.9495,30.37562,367,0.32,0.55,2026-10-03,1210,N21,VIIRS,h,2.0NRT,294.98,12.65,D
-17.84192,24.00833,342.32,0.42,0.38,2026-10-03,1210,N21,VIIRS,l,2.0NRT,315.34,4.55,D
-17.83863,24.20133,341.93,0.43,0.38,2026-10-03,1210,N21,VIIRS,l,2.0NRT,312.19,8.02,D
-17.82707,31.4663,338.26,0.38,0.59,2026-10-03,1210,N21,VIIRS,n,2.0NRT,301.59,2.7,D
-17.82015,24.87822,345.88,0.46,0.39,2026-10-03,1210,N21,VIIRS,n,2.0NRT,311.95,7.57,D
-17.80887,26.13954,338.46,0.53,0.42,2026-10-03,1210,N21,VIIRS,n,2.0NRT,308.98,7.96,D
-17.80219,24.89704,341.19,0.46,0.39,2026-10-03,1210,N21,VIIRS,n,2.0NRT,312.86,8.43,D
-17.80146,24.90134,336.38,0.46,0.39,2026-10-03,1210,N21,VIIRS,l,2.0NRT,310.19,5.08,D
-17.77691,24.76451,367,0.45,0.39,2026-10-03,1210,N21,VIIRS,h,2.0NRT,314.28,11.46,D
-17.77537,24.79493,338.02,0.45,0.39,2026-10-03,1210,N21,VIIRS,l,2.0NRT,308.45,11.98,D
-17.77464,24.79918,337.03,0.45,0.39,2026-10-03,1210,N21,VIIRS,l,2.0NRT,309.21,4.5,D
-17.77429,24.76493,349.77,0.45,0.39,2026-10-03,1210,N21,VIIRS,n,2.0NRT,314.62,20.93,D
-17.77361,24.79113,338.98,0.45,0.39,2026-10-03,1210,N21,VIIRS,n,2.0NRT,313.11,5.74,D
-17.77335,24.76386,338.6,0.45,0.39,2026-10-03,1210,N21,VIIRS,n,2.0NRT,311.2,11.46,D
-17.7729,24.79539,343.37,0.46,0.39,2026-10-03,1210,N21,VIIRS,n,2.0NRT,307.68,5.74,D
-17.74998,24.28105,345.23,0.43,0.38,2026-10-03,1210,N21,VIIRS,n,2.0NRT,313.25,7.02,D
-17.74891,24.28133,348.03,0.43,0.38,2026-10-03,1210,N21,VIIRS,n,2.0NRT,313.86,6.58,D
-17.70441,21.96933,337.96,0.38,0.36,2026-10-03,1210,N21,VIIRS,n,2.0NRT,288.79,4.38,D
-17.68358,24.07014,337.85,0.43,0.38,2026-10-03,1210,N21,VIIRS,l,2.0NRT,312.83,4.3,D
-17.67799,24.06087,339.16,0.43,0.38,2026-10-03,1210,N21,VIIRS,l,2.0NRT,313.02,7.85,D
-17.67439,24.79031,336.37,0.46,0.39,2026-10-03,1210,N21,VIIRS,n,2.0NRT,306.55,6.04,D
-17.66726,24.78899,331.25,0.46,0.39,2026-10-03,1210,N21,VIIRS,l,2.0NRT,305.71,1.79,D
-17.66295,24.79259,338.2,0.46,0.39,2026-10-03,1210,N21,VIIRS,n,2.0NRT,305.33,4.95,D
-17.66075,24.79308,336.23,0.46,0.39,2026-10-03,1210,N21,VIIRS,n,2.0NRT,304.75,6.06,D
-17.65944,26.14317,335.95,0.53,0.42,2026-10-03,1210,N21,VIIRS,l,2.0NRT,310.88,5.35,D
-17.65718,24.79241,338.5,0.46,0.39,2026-10-03,1210,N21,VIIRS,n,2.0NRT,305.94,3.93,D
-17.60018,22.15973,347.66,0.39,0.36,2026-10-03,1210,N21,VIIRS,l,2.0NRT,318.11,4.94,D
-17.5992,25.35681,344.99,0.49,0.4,2026-10-03,1210,N21,VIIRS,n,2.0NRT,315.18,9.17,D
-17.59356,22.15861,349.09,0.39,0.36,2026-10-03,1210,N21,VIIRS,l,2.0NRT,319.8,9.19,D
-17.59081,22.15443,367,0.39,0.36,2026-10-03,1210,N21,VIIRS,l,2.0NRT,326.1,29.05,D
-17.59025,22.15805,350.61,0.39,0.36,2026-10-03,1210,N21,VIIRS,l,2.0NRT,323.51,27.68,D
-17.58093,22.13047,348.94,0.39,0.36,2026-10-03,1210,N21,VIIRS,l,2.0NRT,321.7,14.63,D
-17.58037,22.13409,350.79,0.39,0.36,2026-10-03,1210,N21,VIIRS,n,2.0NRT,314.57,10.48,D
-17.57538,29.93092,340.85,0.61,0.53,2026-10-03,1210,N21,VIIRS,n,2.0NRT,292.05,13.06,D
-17.57427,29.93665,340.14,0.61,0.54,2026-10-03,1210,N21,VIIRS,n,2.0NRT,298.45,13.06,D
-17.57361,25.88282,340.18,0.52,0.41,2026-10-03,1210,N21,VIIRS,l,2.0NRT,313.3,4.98,D
-17.55804,25.81514,336.99,0.51,0.41,2026-10-03,1210,N21,VIIRS,l,2.0NRT,311.4,4.14,D
-17.53798,24.4383,337.89,0.44,0.39,2026-10-03,1210,N21,VIIRS,l,2.0NRT,311.71,8.68,D
-17.50726,25.2802,352.05,0.48,0.4,2026-10-03,1210,N21,VIIRS,n,2.0NRT,317.42,11.81,D
-17.49148,24.08616,337.87,0.43,0.38,2026-10-03,1210,N21,VIIRS,l,2.0NRT,312.03,6.5,D
-17.49081,24.09018,336.47,0.43,0.38,2026-10-03,1210,N21,VIIRS,l,2.0NRT,311.44,6.5,D
-17.43888,23.98218,336.49,0.43,0.38,2026-10-03,1210,N21,VIIRS,l,2.0NRT,311.35,3.92,D
-17.41112,22.8023,334.44,0.39,0.37,2026-10-03,1210,N21,VIIRS,n,2.0NRT,300.86,6.99,D
-17.40055,26.22993,342.99,0.54,0.42,2026-10-03,1210,N21,VIIRS,n,2.0NRT,311.38,11.38,D
-17.39761,23.35127,353,0.41,0.37,2026-10-03,1210,N21,VIIRS,n,2.0NRT,318.57,16.89,D
-17.39757,26.22409,337.02,0.54,0.42,2026-10-03,1210,N21,VIIRS,l,2.0NRT,309.22,6.25,D
-17.39699,23.35508,337.26,0.41,0.37,2026-10-03,1210,N21,VIIRS,l,2.0NRT,311.27,5.53,D
-17.39669,26.22914,339.03,0.54,0.42,2026-10-03,1210,N21,VIIRS,l,2.0NRT,311.62,7.19,D
-17.39484,23.34687,344.32,0.41,0.37,2026-10-03,1210,N21,VIIRS,n,2.0NRT,314.29,4.25,D
-17.39422,23.35068,341.35,0.41,0.37,2026-10-03,1210,N21,VIIRS,l,2.0NRT,314.28,4.25,D
-17.3936,23.35448,337.4,0.41,0.37,2026-10-03,1210,N21,VIIRS,l,2.0NRT,311.64,3.76,D
-17.39207,23.34247,339.78,0.41,0.37,2026-10-03,1210,N21,VIIRS,l,2.0NRT,310.11,42.51,D
-17.39145,23.34627,341.12,0.41,0.37,2026-10-03,1210,N21,VIIRS,l,2.0NRT,311.6,4.25,D
-17.39083,23.35008,348.23,0.41,0.37,2026-10-03,1210,N21,VIIRS,n,2.0NRT,312.3,4.25,D
-17.388,24.35664,346.01,0.44,0.38,2026-10-03,1210,N21,VIIRS,n,2.0NRT,315.4,5.19,D
-17.37344,24.63715,339.98,0.45,0.39,2026-10-03,1210,N21,VIIRS,l,2.0NRT,313.08,7.98,D
-17.36667,25.26513,343.11,0.48,0.4,2026-10-03,1210,N21,VIIRS,l,2.0NRT,317.6,14.53,D
-17.36175,25.8894,339.41,0.52,0.42,2026-10-03,1210,N21,VIIRS,n,2.0NRT,312.16,5.63,D
-17.35891,25.88671,346.64,0.52,0.42,2026-10-03,1210,N21,VIIRS,n,2.0NRT,309.78,12.5,D
-17.35796,25.88865,338.59,0.52,0.42,2026-10-03,1210,N21,VIIRS,n,2.0NRT,308.52,5.63,D
-17.34227,24.77635,344.92,0.46,0.39,2026-10-03,1210,N21,VIIRS,l,2.0NRT,317.16,8.74,D
-17.32227,24.88484,343.39,0.46,0.39,2026-10-03,1210,N21,VIIRS,l,2.0NRT,318.21,17.21,D
-17.30376,22.83672,342.32,0.4,0.37,2026-10-03,1210,N21,VIIRS,l,2.0NRT,312.86,4.96,D
-17.28769,24.2174,340,0.44,0.38,2026-10-03,1210,N21,VIIRS,l,2.0NRT,313.13,5.41,D
-17.2748,25.7879,339,0.52,0.41,2026-10-03,1210,N21,VIIRS,l,2.0NRT,313.32,8.16,D
-17.26674,25.05997,342.89,0.47,0.4,2026-10-03,1210,N21,VIIRS,l,2.0NRT,314.48,5.65,D
-17.26535,25.04601,342.28,0.47,0.4,2026-10-03,1210,N21,VIIRS,l,2.0NRT,313.46,4.98,D
-17.25809,25.04466,346.57,0.47,0.4,2026-10-03,1210,N21,VIIRS,n,2.0NRT,313.01,5.6,D
-17.25734,25.04908,348.92,0.47,0.4,2026-10-03,1210,N21,VIIRS,n,2.0NRT,314.44,7.74,D
-17.25015,25.15795,344.28,0.48,0.4,2026-10-03,1210,N21,VIIRS,l,2.0NRT,316.21,10.75,D
-17.2468,22.13635,339.3,0.39,0.36,2026-10-03,1210,N21,VIIRS,n,2.0NRT,308.61,102.57,D
-17.24017,22.13523,345.01,0.39,0.36,2026-10-03,1210,N21,VIIRS,n,2.0NRT,309.8,9.59,D
-17.22099,25.60565,350.94,0.51,0.41,2026-10-03,1210,N21,VIIRS,n,2.0NRT,317.57,30.02,D
-17.17775,25.29338,344.2,0.49,0.4,2026-10-03,1210,N21,VIIRS,l,2.0NRT,317.71,9.92,D
-17.17549,25.61799,338.03,0.51,0.41,2026-10-03,1210,N21,VIIRS,l,2.0NRT,312.6,9.08,D
-17.16787,24.67174,339.48,0.46,0.39,2026-10-03,1210,N21,VIIRS,l,2.0NRT,313.18,6.51,D
-17.13828,22.37468,341.08,0.39,0.36,2026-10-03,1210,N21,VIIRS,l,2.0NRT,315.97,8.32,D
-17.13041,30.26796,367,0.33,0.55,2026-10-03,1210,N21,VIIRS,h,2.0NRT,302.81,8.12,D
-17.11931,24.80441,338.52,0.46,0.39,2026-10-03,1210,N21,VIIRS,l,2.0NRT,313.37,18.86,D
-17.11843,24.80077,347.39,0.46,0.39,2026-10-03,1210,N21,VIIRS,n,2.0NRT,314.16,8.27,D
-17.10195,26.64243,343.23,0.39,0.44,2026-10-03,1210,N21,VIIRS,n,2.0NRT,299.93,7.24,D
-17.09814,25.95199,340.78,0.53,0.42,2026-10-03,1210,N21,VIIRS,l,2.0NRT,314.68,10.1,D
-17.09799,24.9714,345.41,0.47,0.4,2026-10-03,1210,N21,VIIRS,l,2.0NRT,317.98,7.8,D
-17.09732,26.64527,351.13,0.39,0.44,2026-10-03,1210,N21,VIIRS,n,2.0NRT,300.73,7.81,D
-17.07855,23.38985,342.41,0.41,0.37,2026-10-03,1210,N21,VIIRS,n,2.0NRT,310.43,5.43,D
-17.07021,23.37656,346.84,0.41,0.37,2026-10-03,1210,N21,VIIRS,n,2.0NRT,308.16,20.8,D
-17.05982,30.07632,336.68,0.32,0.55,2026-10-03,1210,N21,VIIRS,n,2.0NRT,301.01,3.43,D
-17.05784,25.9342,340.06,0.53,0.42,2026-10-03,1210,N21,VIIRS,l,2.0NRT,314.55,9.71,D
-17.0504,23.16982,335.78,0.4,0.37,2026-10-03,1210,N21,VIIRS,n,2.0NRT,305.55,5.29,D
-17.0498,23.1736,345.46,0.4,0.37,2026-10-03,1210,N21,VIIRS,n,2.0NRT,306.55,5.29,D
-17.03873,25.93066,346.81,0.53,0.42,2026-10-03,1210,N21,VIIRS,n,2.0NRT,314.11,11.45,D
-17.03209,24.4009,351.36,0.45,0.39,2026-10-03,1210,N21,VIIRS,n,2.0NRT,316.6,8.79,D
-17.02238,22.00523,342.35,0.39,0.36,2026-10-03,1210,N21,VIIRS,n,2.0NRT,309.09,3.29,D
-17.02012,23.0986,342.91,0.4,0.37,2026-10-03,1210,N21,VIIRS,n,2.0NRT,310.86,3.56,D
-17.00385,24.4172,347.24,0.45,0.39,2026-10-03,1210,N21,VIIRS,n,2.0NRT,313.63,10.35,D
-17.00353,23.52705,346.33,0.41,0.37,2026-10-03,1210,N21,VIIRS,n,2.0NRT,312.31,4.61,D
-17.00024,23.48296,337.07,0.41,0.37,2026-10-03,1210,N21,VIIRS,l,2.0NRT,311.04,4.17,D
-16.99961,23.48682,341.82,0.41,0.37,2026-10-03,1210,N21,VIIRS,n,2.0NRT,312.59,4.17,D
-16.99748,24.41174,339.97,0.45,0.39,2026-10-03,1210,N21,VIIRS,l,2.0NRT,312.71,7.03,D
-16.99682,23.48236,349.84,0.41,0.37,2026-10-03,1210,N21,VIIRS,n,2.0NRT,315.47,4.17,D
-16.9962,23.48622,345.84,0.41,0.37,2026-10-03,1210,N21,VIIRS,n,2.0NRT,314.58,4.17,D
-16.99341,23.48175,341.49,0.41,0.37,2026-10-03,1210,N21,VIIRS,n,2.0NRT,311.05,3.6,D
-16.99335,26.11747,347.64,0.54,0.42,2026-10-03,1210,N21,VIIRS,n,2.0NRT,314.95,22.59,D
-16.99253,26.11562,336.45,0.54,0.42,2026-10-03,1210,N21,VIIRS,l,2.0NRT,310.72,9.34,D
-16.99165,26.12067,341.14,0.54,0.42,2026-10-03,1210,N21,VIIRS,l,2.0NRT,315.26,12.08,D
-16.96001,23.12685,347.88,0.4,0.37,2026-10-03,1210,N21,VIIRS,n,2.0NRT,310.67,6.11,D
-16.92396,24.6503,344.29,0.46,0.39,2026-10-03,1210,N21,VIIRS,n,2.0NRT,315.49,3.76,D
-16.92096,24.63378,339.96,0.46,0.39,2026-10-03,1210,N21,VIIRS,l,2.0NRT,313.31,4.92,D
-16.91738,24.63312,342.17,0.46,0.39,2026-10-03,1210,N21,VIIRS,l,2.0NRT,312.96,4.92,D
-16.89235,24.65051,347.3,0.46,0.39,2026-10-03,1210,N21,VIIRS,n,2.0NRT,313.68,8.81,D
-16.88236,22.14057,331.72,0.39,0.36,2026-10-03,1210,N21,VIIRS,n,2.0NRT,300.57,4.48,D
-16.87819,25.8953,340.76,0.53,0.42,2026-10-03,1210,N21,VIIRS,l,2.0NRT,312.44,13.44,D
-16.8678,24.77468,342.03,0.47,0.39,2026-10-03,1210,N21,VIIRS,n,2.0NRT,312.08,3.26,D
-16.86707,24.77901,341.61,0.47,0.39,2026-10-03,1210,N21,VIIRS,l,2.0NRT,313.82,3.26,D
-16.86466,22.708,338.23,0.4,0.37,2026-10-03,1210,N21,VIIRS,l,2.0NRT,312.72,4.77,D
-16.8642,24.77401,335.97,0.47,0.39,2026-10-03,1210,N21,VIIRS,l,2.0NRT,310.29,3.26,D
-16.85113,23.05405,337.34,0.4,0.37,2026-10-03,1210,N21,VIIRS,l,2.0NRT,310.57,2.98,D
-16.84821,29.03186,336.72,0.55,0.51,2026-10-03,1210,N21,VIIRS,n,2.0NRT,296.73,6.97,D
-16.84343,22.47416,336.79,0.39,0.36,2026-10-03,1210,N21,VIIRS,n,2.0NRT,298.31,4.65,D
-16.8365,25.00455,342.17,0.48,0.4,2026-10-03,1210,N21,VIIRS,l,2.0NRT,315.13,7.71,D
-16.83561,25.16645,344.48,0.49,0.4,2026-10-03,1210,N21,VIIRS,l,2.0NRT,316.45,11.89,D
-16.8351,25.16414,348.48,0.49,0.4,2026-10-03,1210,N21,VIIRS,n,2.0NRT,316.11,10.56,D
-16.83231,26.29391,343.31,0.56,0.43,2026-10-03,1210,N21,VIIRS,n,2.0NRT,312.31,10.66,D
-16.80417,24.02023,339.29,0.43,0.38,2026-10-03,1210,N21,VIIRS,l,2.0NRT,312.72,4.27,D
-16.79611,24.33442,340.75,0.45,0.39,2026-10-03,1210,N21,VIIRS,l,2.0NRT,315.21,3.04,D
-16.79435,25.07517,343.04,0.48,0.4,2026-10-03,1210,N21,VIIRS,l,2.0NRT,317.95,7.46,D
-16.79258,24.33376,338.66,0.45,0.39,2026-10-03,1210,N21,VIIRS,l,2.0NRT,313.41,3.04,D
-16.72813,24.00241,342.16,0.43,0.38,2026-10-03,1210,N21,VIIRS,l,2.0NRT,314.55,5.78,D
-16.72464,24.00178,347.47,0.43,0.38,2026-10-03,1210,N21,VIIRS,n,2.0NRT,314.65,5.78,D
-16.72354,26.20119,339.7,0.55,0.43,2026-10-03,1210,N21,VIIRS,l,2.0NRT,311.65,7.53,D
-16.72336,29.44654,334.15,0.59,0.53,2026-10-03,1210,N21,VIIRS,n,2.0NRT,294.68,30.17,D
-16.72144,26.19025,346.92,0.55,0.43,2026-10-03,1210,N21,VIIRS,n,2.0NRT,313.67,28.45,D
-16.72043,29.43902,336.84,0.59,0.53,2026-10-03,1210,N21,VIIRS,n,2.0NRT,297.3,13.8,D
-16.7196,25.00723,343.49,0.48,0.4,2026-10-03,1210,N21,VIIRS,n,2.0NRT,314.44,8.61,D
-16.71937,29.44464,339.12,0.59,0.53,2026-10-03,1210,N21,VIIRS,n,2.0NRT,294.01,13.43,D
-16.71844,24.81554,336.27,0.47,0.4,2026-10-03,1210,N21,VIIRS,l,2.0NRT,310.42,2.59,D
-16.7177,24.81991,340.76,0.47,0.4,2026-10-03,1210,N21,VIIRS,l,2.0NRT,312.97,4.11,D
-16.71483,24.81487,341.83,0.47,0.4,2026-10-03,1210,N21,VIIRS,l,2.0NRT,312.08,3.42,D
-16.70184,23.13253,338.76,0.41,0.37,2026-10-03,1210,N21,VIIRS,n,2.0NRT,309.64,2.68,D
-16.69846,23.13193,336.22,0.41,0.37,2026-10-03,1210,N21,VIIRS,l,2.0NRT,308.81,2.68,D
-16.69209,22.72713,339.03,0.4,0.37,2026-10-03,1210,N21,VIIRS,l,2.0NRT,310.27,2.85,D
-16.68629,27.45401,339.14,0.44,0.46,2026-10-03,1210,N21,VIIRS,n,2.0NRT,307.6,6.11,D
-16.67995,23.83021,346.57,0.43,0.38,2026-10-03,1210,N21,VIIRS,n,2.0NRT,312.82,9.48,D
-16.67569,25.26527,349.27,0.49,0.41,2026-10-03,1210,N21,VIIRS,n,2.0NRT,318.17,14.75,D
-16.67232,26.23953,336.91,0.56,0.43,2026-10-03,1210,N21,VIIRS,l,2.0NRT,310.52,5.89,D
-16.6714,26.24468,338.84,0.56,0.43,2026-10-03,1210,N21,VIIRS,l,2.0NRT,310.62,4.49,D
-16.64191,23.65678,348.71,0.42,0.38,2026-10-03,1210,N21,VIIRS,n,2.0NRT,314.11,6.63,D
-16.64039,26.28187,338.48,0.56,0.43,2026-10-03,1210,N21,VIIRS,l,2.0NRT,312.42,8.46,D
-16.64017,26.28557,339.7,0.56,0.43,2026-10-03,1210,N21,VIIRS,l,2.0NRT,313.53,7.61,D
-16.62751,26.08146,351.7,0.55,0.42,2026-10-03,1210,N21,VIIRS,n,2.0NRT,315.03,18.31,D
-16.6208,24.70461,335.93,0.46,0.39,2026-10-03,1210,N21,VIIRS,l,2.0NRT,310.33,3.73,D
-16.6195,26.39719,337.75,0.57,0.43,2026-10-03,1210,N21,VIIRS,l,2.0NRT,308.21,4.6,D
-16.61459,22.69481,335.31,0.4,0.37,2026-10-03,1210,N21,VIIRS,n,2.0NRT,303.54,2.38,D
-16.61435,23.19523,345.61,0.41,0.37,2026-10-03,1210,N21,VIIRS,l,2.0NRT,318.46,4.87,D
-16.61374,23.19904,349.45,0.41,0.37,2026-10-03,1210,N21,VIIRS,n,2.0NRT,319.13,4.87,D
-16.61095,23.19464,367,0.41,0.37,2026-10-03,1210,N21,VIIRS,l,2.0NRT,325.3,32.1,D
-16.60671,22.11988,348.04,0.39,0.36,2026-10-03,1210,N21,VIIRS,n,2.0NRT,298.44,13.14,D
-16.60455,26.59287,342.2,0.39,0.44,2026-10-03,1210,N21,VIIRS,n,2.0NRT,308.17,4.73,D
-16.60193,22.8604,339.81,0.4,0.37,2026-10-03,1210,N21,VIIRS,l,2.0NRT,313.81,4.72,D
-16.59182,24.55953,345.81,0.46,0.39,2026-10-03,1210,N21,VIIRS,l,2.0NRT,316.4,12.77,D
-16.58039,26.51031,344.03,0.39,0.44,2026-10-03,1210,N21,VIIRS,n,2.0NRT,315.98,7.31,D
-16.57976,26.51389,343.4,0.39,0.44,2026-10-03,1210,N21,VIIRS,n,2.0NRT,313.87,8.9,D
-16.55677,24.48312,338.98,0.45,0.39,2026-10-03,1210,N21,VIIRS,l,2.0NRT,313.21,2.76,D
-16.55372,22.60893,345.02,0.4,0.37,2026-10-03,1210,N21,VIIRS,n,2.0NRT,308.33,3.85,D
-16.54822,22.75225,347.86,0.4,0.37,2026-10-03,1210,N21,VIIRS,n,2.0NRT,314.52,7.1,D
-16.54763,22.75596,347.04,0.4,0.37,2026-10-03,1210,N21,VIIRS,n,2.0NRT,316.24,7.1,D
-16.53608,24.1285,341.1,0.44,0.38,2026-10-03,1210,N21,VIIRS,l,2.0NRT,314.19,6.84,D
-16.5331,24.3667,349.66,0.45,0.39,2026-10-03,1210,N21,VIIRS,n,2.0NRT,314.04,9.53,D
-16.53261,24.36595,345.03,0.45,0.39,2026-10-03,1210,N21,VIIRS,n,2.0NRT,313.57,9.94,D
-16.53189,24.13194,340.71,0.44,0.38,2026-10-03,1210,N21,VIIRS,l,2.0NRT,314.48,5.59,D
-16.53124,26.19286,338.09,0.56,0.43,2026-10-03,1210,N21,VIIRS,l,2.0NRT,312.77,6.21,D
-16.53067,25.16385,340.78,0.49,0.4,2026-10-03,1210,N21,VIIRS,l,2.0NRT,312.17,4.35,D
-16.52734,26.1921,343.45,0.56,0.43,2026-10-03,1210,N21,VIIRS,n,2.0NRT,312.03,6.21,D
-16.50901,21.94008,339.05,0.39,0.36,2026-10-03,1210,N21,VIIRS,n,2.0NRT,302.6,2.91,D
-16.48276,25.46115,338.26,0.51,0.41,2026-10-03,1210,N21,VIIRS,l,2.0NRT,312.12,14.24,D
-16.48097,24.65937,347.68,0.46,0.39,2026-10-03,1210,N21,VIIRS,n,2.0NRT,315.01,5.62,D
-16.4781,24.21543,342.83,0.44,0.39,2026-10-03,1210,N21,VIIRS,n,2.0NRT,316.92,4.31,D
-16.477,23.32904,345.68,0.41,0.37,2026-10-03,1210,N21,VIIRS,l,2.0NRT,316.74,8.49,D
-16.47072,24.08369,339.4,0.44,0.38,2026-10-03,1210,N21,VIIRS,l,2.0NRT,312.75,4.17,D
-16.47071,23.84265,341.46,0.43,0.38,2026-10-03,1210,N21,VIIRS,l,2.0NRT,314.78,4.39,D
-16.43678,23.7669,340.43,0.43,0.38,2026-10-03,1210,N21,VIIRS,l,2.0NRT,314.05,4.81,D
-16.42321,24.10884,340.46,0.44,0.38,2026-10-03,1210,N21,VIIRS,l,2.0NRT,313.58,6.98,D
-16.42247,22.83735,337.51,0.4,0.37,2026-10-03,1210,N21,VIIRS,l,2.0NRT,310.57,2.82,D
-16.41969,24.10819,345.44,0.44,0.38,2026-10-03,1210,N21,VIIRS,n,2.0NRT,313.71,3.94,D
-16.41633,22.83246,331.91,0.4,0.37,2026-10-03,1210,N21,VIIRS,l,2.0NRT,306.54,1.54,D
-16.41562,23.0327,349.49,0.41,0.37,2026-10-03,1210,N21,VIIRS,n,2.0NRT,316.09,8.42,D
-16.41247,23.0089,346.41,0.4,0.37,2026-10-03,1210,N21,VIIRS,n,2.0NRT,317.36,5.14,D
-16.41224,23.03211,350.94,0.41,0.37,2026-10-03,1210,N21,VIIRS,n,2.0NRT,318.07,21.26,D
-16.40308,27.73312,345.59,0.46,0.47,2026-10-03,1210,N21,VIIRS,n,2.0NRT,305.94,14.39,D
-16.3961,26.34238,345.11,0.57,0.43,2026-10-03,1210,N21,VIIRS,n,2.0NRT,314.11,14.73,D
-16.39398,27.61556,339.45,0.45,0.47,2026-10-03,1210,N21,VIIRS,n,2.0NRT,306.8,7.93,D
-16.39115,27.61677,345.38,0.46,0.47,2026-10-03,1210,N21,VIIRS,n,2.0NRT,307.19,8.54,D
-16.34626,23.78455,345.72,0.43,0.38,2026-10-03,1210,N21,VIIRS,n,2.0NRT,314.81,7.75,D
-16.3456,23.78853,341.65,0.43,0.38,2026-10-03,1210,N21,VIIRS,l,2.0NRT,313.54,4.7,D
-16.34353,26.08897,344.86,0.55,0.43,2026-10-03,1210,N21,VIIRS,n,2.0NRT,314.23,11.67,D
-16.34346,26.09051,339.98,0.55,0.43,2026-10-03,1210,N21,VIIRS,l,2.0NRT,314.97,12.3,D
-16.33779,22.42434,348.2,0.39,0.36,2026-10-03,1210,N21,VIIRS,n,2.0NRT,316,7.1,D
-16.33507,26.54828,341.25,0.39,0.44,2026-10-03,1210,N21,VIIRS,l,2.0NRT,316,4.24,D
-16.33446,22.42378,347.33,0.39,0.36,2026-10-03,1210,N21,VIIRS,n,2.0NRT,315.76,7.1,D
-16.33106,26.54753,339.94,0.39,0.44,2026-10-03,1210,N21,VIIRS,l,2.0NRT,313.9,4.24,D
-16.33068,26.13984,340.6,0.56,0.43,2026-10-03,1210,N21,VIIRS,l,2.0NRT,314.16,12.3,D
-16.33027,26.14128,349.14,0.56,0.43,2026-10-03,1210,N21,VIIRS,n,2.0NRT,314.44,11.88,D
-16.32978,26.145,354.93,0.56,0.43,2026-10-03,1210,N21,VIIRS,n,2.0NRT,312.39,12.3,D
-16.32934,26.14643,352.59,0.56,0.43,2026-10-03,1210,N21,VIIRS,n,2.0NRT,311.7,14.12,D
-16.30948,22.49476,345.42,0.39,0.36,2026-10-03,1210,N21,VIIRS,l,2.0NRT,317.46,7.97,D
-16.28892,25.02106,341.61,0.49,0.4,2026-10-03,1210,N21,VIIRS,l,2.0NRT,314.07,5.16,D
-16.28816,25.02552,340.72,0.49,0.4,2026-10-03,1210,N21,VIIRS,l,2.0NRT,315.36,5.16,D
-16.26974,22.8299,348.15,0.4,0.37,2026-10-03,1210,N21,VIIRS,n,2.0NRT,317.44,13.34,D
-16.26681,30.36404,341.04,0.34,0.56,2026-10-03,1210,N21,VIIRS,n,2.0NRT,300.89,4.88,D
-16.26474,24.58284,346.23,0.46,0.39,2026-10-03,1210,N21,VIIRS,n,2.0NRT,311.62,8.07,D
-16.2577,23.20794,345.57,0.41,0.37,2026-10-03,1210,N21,VIIRS,l,2.0NRT,318.21,11.98,D
-16.25708,23.21176,344.37,0.41,0.37,2026-10-03,1210,N21,VIIRS,l,2.0NRT,317.75,10.3,D
-16.23753,24.92345,338.63,0.48,0.4,2026-10-03,1210,N21,VIIRS,n,2.0NRT,309.93,4.05,D
-16.23349,23.44532,348.28,0.42,0.38,2026-10-03,1210,N21,VIIRS,n,2.0NRT,319.25,6.62,D
-16.22325,24.96237,339.24,0.48,0.4,2026-10-03,1210,N21,VIIRS,l,2.0NRT,312.87,5.04,D
-16.22302,23.11965,348.96,0.41,0.37,2026-10-03,1210,N21,VIIRS,l,2.0NRT,319.84,10.42,D
-16.21408,23.6311,348.04,0.42,0.38,2026-10-03,1210,N21,VIIRS,n,2.0NRT,316,6.62,D
-16.21126,23.62654,346.71,0.42,0.38,2026-10-03,1210,N21,VIIRS,n,2.0NRT,315.76,6.62,D
-16.20542,22.2297,345.69,0.39,0.36,2026-10-03,1210,N21,VIIRS,l,2.0NRT,319.97,5.47,D
-16.19915,25.21125,354.2,0.5,0.41,2026-10-03,1210,N21,VIIRS,n,2.0NRT,315.99,25.06,D
-16.1922,25.2292,346.89,0.5,0.41,2026-10-03,1210,N21,VIIRS,n,2.0NRT,315.08,10.32,D
-16.18766,25.23321,338.31,0.5,0.41,2026-10-03,1210,N21,VIIRS,l,2.0NRT,313.07,10.32,D
-16.18416,22.66301,345.29,0.4,0.37,2026-10-03,1210,N21,VIIRS,l,2.0NRT,315.69,11.78,D
-16.16196,23.86362,343.3,0.43,0.38,2026-10-03,1210,N21,VIIRS,n,2.0NRT,311.27,3.59,D
-16.1613,23.86764,342.95,0.43,0.38,2026-10-03,1210,N21,VIIRS,n,2.0NRT,312.01,3.59,D
-16.15986,23.07424,338.43,0.41,0.37,2026-10-03,1210,N21,VIIRS,l,2.0NRT,312.98,3.54,D
-16.15367,23.87042,340.4,0.43,0.38,2026-10-03,1210,N21,VIIRS,l,2.0NRT,311.29,4.5,D
-16.15019,24.84081,344.77,0.48,0.4,2026-10-03,1210,N21,VIIRS,n,2.0NRT,312.83,16.98,D
-16.14655,24.84008,340.26,0.48,0.4,2026-10-03,1210,N21,VIIRS,l,2.0NRT,314.34,16.98,D
-16.10665,24.28892,336.99,0.45,0.39,2026-10-03,1210,N21,VIIRS,l,2.0NRT,311.84,2.38,D
-16.0957,22.62095,345.72,0.4,0.37,2026-10-03,1210,N21,VIIRS,l,2.0NRT,316.06,4.01,D
-16.09537,22.7313,340.06,0.4,0.37,2026-10-03,1210,N21,VIIRS,l,2.0NRT,313.07,8.57,D
-16.09225,25.1986,348.56,0.5,0.41,2026-10-03,1210,N21,VIIRS,n,2.0NRT,310.16,12.26,D
-16.08612,26.29308,338.12,0.38,0.43,2026-10-03,1210,N21,VIIRS,l,2.0NRT,311.05,4.02,D
-16.07229,24.7912,346.19,0.48,0.4,2026-10-03,1210,N21,VIIRS,n,2.0NRT,307.83,28.84,D
-16.06865,24.79056,348.03,0.48,0.4,2026-10-03,1210,N21,VIIRS,n,2.0NRT,315.84,28.84,D
-16.06347,24.35036,336.32,0.45,0.39,2026-10-03,1210,N21,VIIRS,l,2.0NRT,311.19,5.69,D
-16.06061,24.3455,338.82,0.45,0.39,2026-10-03,1210,N21,VIIRS,l,2.0NRT,312.33,2.61,D
-16.05775,24.34065,339.63,0.45,0.39,2026-10-03,1210,N21,VIIRS,l,2.0NRT,310.99,6.46,D
-16.05711,26.08788,339.17,0.56,0.43,2026-10-03,1210,N21,VIIRS,l,2.0NRT,312.91,6.85,D
-16.05559,24.3316,335.37,0.45,0.39,2026-10-03,1210,N21,VIIRS,l,2.0NRT,309.55,1.72,D
-16.05504,23.20089,346.11,0.41,0.37,2026-10-03,1210,N21,VIIRS,n,2.0NRT,311.66,4.64,D
-16.05399,22.63254,346.83,0.4,0.37,2026-10-03,1210,N21,VIIRS,l,2.0NRT,318.95,16.83,D
-16.0533,22.84286,346.38,0.4,0.37,2026-10-03,1210,N21,VIIRS,n,2.0NRT,315.6,7.36,D
-16.05163,23.20029,336.98,0.41,0.37,2026-10-03,1210,N21,VIIRS,l,2.0NRT,311.67,4.56,D
-16.04813,23.98206,346.53,0.44,0.38,2026-10-03,1210,N21,VIIRS,n,2.0NRT,315.19,6.21,D
-16.03971,24.95996,346.96,0.49,0.4,2026-10-03,1210,N21,VIIRS,n,2.0NRT,312.37,13.07,D
-16.03604,24.95926,350.23,0.49,0.4,2026-10-03,1210,N21,VIIRS,n,2.0NRT,311.57,8.92,D
-16.02101,22.77571,347.45,0.4,0.37,2026-10-03,1210,N21,VIIRS,n,2.0NRT,316.79,4.07,D
-16.02042,22.77944,342.71,0.4,0.37,2026-10-03,1210,N21,VIIRS,l,2.0NRT,314.69,4.07,D
-16.01031,22.7777,347.77,0.4,0.37,2026-10-03,1210,N21,VIIRS,n,2.0NRT,316.75,8.92,D
-16.00884,22.43953,342.77,0.39,0.37,2026-10-03,1210,N21,VIIRS,l,2.0NRT,316.15,5.74,D
-15.99148,23.22527,343.1,0.41,0.37,2026-10-03,1210,N21,VIIRS,n,2.0NRT,311.24,4.08,D
-15.99086,23.2291,350.03,0.41,0.37,2026-10-03,1210,N21,VIIRS,n,2.0NRT,314.81,5.67,D
-15.96072,26.24647,338.71,0.57,0.43,2026-10-03,1210,N21,VIIRS,l,2.0NRT,313.25,5.59,D
-15.9607,24.5357,339.45,0.46,0.39,2026-10-03,1210,N21,VIIRS,l,2.0NRT,313.36,3.8,D
-15.95869,24.53348,340.18,0.46,0.39,2026-10-03,1210,N21,VIIRS,l,2.0NRT,313.41,4.82,D
-15.93896,23.43863,346.52,0.42,0.38,2026-10-03,1210,N21,VIIRS,n,2.0NRT,317.21,6.51,D
-15.93852,22.17332,346.05,0.39,0.36,2026-10-03,1210,N21,VIIRS,n,2.0NRT,315.56,6.23,D
-15.90966,24.42033,336.51,0.46,0.39,2026-10-03,1210,N21,VIIRS,l,2.0NRT,310.75,2.35,D
-15.90787,28.62072,336.17,0.54,0.51,2026-10-03,1210,N21,VIIRS,n,2.0NRT,302.19,2.24,D
-15.89089,23.75093,337.62,0.43,0.38,2026-10-03,1210,N21,VIIRS,l,2.0NRT,311.6,2.1,D
-15.89067,23.41423,341.77,0.42,0.38,2026-10-03,1210,N21,VIIRS,l,2.0NRT,313.71,5.66,D
-15.88734,25.01251,346.8,0.49,0.4,2026-10-03,1210,N21,VIIRS,n,2.0NRT,308.67,6.33,D
-15.8847,25.01442,342.68,0.49,0.4,2026-10-03,1210,N21,VIIRS,l,2.0NRT,313.25,7.31,D
-15.88364,25.01184,345.79,0.49,0.4,2026-10-03,1210,N21,VIIRS,n,2.0NRT,310.45,6.33,D
-15.88336,24.96969,338.65,0.49,0.4,2026-10-03,1210,N21,VIIRS,n,2.0NRT,310.13,5.55,D
-15.88286,25.01638,348.57,0.49,0.4,2026-10-03,1210,N21,VIIRS,n,2.0NRT,313.58,10.88,D
-15.88101,25.01374,338.48,0.49,0.4,2026-10-03,1210,N21,VIIRS,l,2.0NRT,308.88,7.31,D
-15.88021,25.05353,344.97,0.49,0.41,2026-10-03,1210,N21,VIIRS,n,2.0NRT,314.36,6.1,D
-15.87267,23.00149,341.24,0.41,0.37,2026-10-03,1210,N21,VIIRS,l,2.0NRT,315.54,6.63,D
-15.8487,22.7389,341.99,0.4,0.37,2026-10-03,1210,N21,VIIRS,l,2.0NRT,315.73,3.77,D
-15.8481,22.74263,347.63,0.4,0.37,2026-10-03,1210,N21,VIIRS,n,2.0NRT,316.57,3.77,D
-15.84712,22.72716,343.97,0.4,0.37,2026-10-03,1210,N21,VIIRS,l,2.0NRT,317.06,5.87,D
-15.84652,22.73088,354.91,0.4,0.37,2026-10-03,1210,N21,VIIRS,n,2.0NRT,317.84,9.91,D
-15.84473,22.74205,347.77,0.4,0.37,2026-10-03,1210,N21,VIIRS,n,2.0NRT,317.09,9.99,D
-15.84365,23.90058,340.63,0.44,0.38,2026-10-03,1210,N21,VIIRS,l,2.0NRT,314.32,4.96,D
-15.84306,28.38981,353.54,0.52,0.5,2026-10-03,1210,N21,VIIRS,n,2.0NRT,311.12,16.64,D
-15.84218,28.39442,341.4,0.52,0.5,2026-10-03,1210,N21,VIIRS,n,2.0NRT,307.34,8.38,D
-15.83852,28.3889,337.27,0.52,0.5,2026-10-03,1210,N21,VIIRS,n,2.0NRT,304.9,16.64,D
-15.83791,22.80608,341.88,0.4,0.37,2026-10-03,1210,N21,VIIRS,l,2.0NRT,316.69,4.26,D
-15.83454,22.8055,342.79,0.4,0.37,2026-10-03,1210,N21,VIIRS,n,2.0NRT,315.83,4.11,D
-15.81964,22.41117,345.91,0.39,0.37,2026-10-03,1210,N21,VIIRS,n,2.0NRT,317.15,8.41,D
-15.81791,22.59615,348.36,0.4,0.37,2026-10-03,1210,N21,VIIRS,l,2.0NRT,319.75,43.32,D
-15.80276,23.24054,339,0.41,0.37,2026-10-03,1210,N21,VIIRS,l,2.0NRT,311.61,6.9,D
-15.78911,24.27802,351.56,0.45,0.39,2026-10-03,1210,N21,VIIRS,n,2.0NRT,314.4,9.94,D
-15.78841,24.28224,342.52,0.45,0.39,2026-10-03,1210,N21,VIIRS,n,2.0NRT,311.46,8.54,D
-15.78801,24.27704,346.03,0.45,0.39,2026-10-03,1210,N21,VIIRS,n,2.0NRT,314.09,11.83,D
-15.7873,24.28125,351.68,0.45,0.39,2026-10-03,1210,N21,VIIRS,n,2.0NRT,314.24,13.77,D
-15.78554,24.27738,345.43,0.45,0.39,2026-10-03,1210,N21,VIIRS,n,2.0NRT,311.34,9.94,D
-15.7781,25.07986,339.12,0.5,0.41,2026-10-03,1210,N21,VIIRS,l,2.0NRT,313.88,5.62,D
-15.77628,22.8801,345.59,0.41,0.37,2026-10-03,1210,N21,VIIRS,l,2.0NRT,320.06,5.64,D
-15.75954,24.41272,342.24,0.46,0.39,2026-10-03,1210,N21,VIIRS,n,2.0NRT,311.34,5.26,D
-15.75665,24.40784,344.28,0.46,0.39,2026-10-03,1210,N21,VIIRS,l,2.0NRT,316.34,5.26,D
-15.75186,24.21507,343.31,0.45,0.39,2026-10-03,1210,N21,VIIRS,n,2.0NRT,313.25,10.48,D
-15.7483,24.21444,348.45,0.45,0.39,2026-10-03,1210,N21,VIIRS,n,2.0NRT,313.83,4.11,D
-15.7476,24.21862,339.96,0.45,0.39,2026-10-03,1210,N21,VIIRS,l,2.0NRT,313.83,4.11,D
-15.73669,25.27351,336.91,0.51,0.41,2026-10-03,1210,N21,VIIRS,l,2.0NRT,311.37,7.11,D
-15.73423,25.01175,338.61,0.49,0.41,2026-10-03,1210,N21,VIIRS,l,2.0NRT,312.97,2.52,D
-15.7313,25.00651,343.56,0.49,0.41,2026-10-03,1210,N21,VIIRS,l,2.0NRT,314.05,5.49,D
-15.73001,25.26743,338.57,0.51,0.41,2026-10-03,1210,N21,VIIRS,l,2.0NRT,311.43,4.94,D
-15.72468,22.40979,347.04,0.4,0.37,2026-10-03,1210,N21,VIIRS,n,2.0NRT,309.93,8.13,D
-15.71848,22.21001,341.51,0.39,0.36,2026-10-03,1210,N21,VIIRS,l,2.0NRT,314.07,4.55,D
-15.71431,24.57321,334.71,0.47,0.4,2026-10-03,1210,N21,VIIRS,l,2.0NRT,308.08,1.47,D
-15.71277,23.55324,339.71,0.43,0.38,2026-10-03,1210,N21,VIIRS,l,2.0NRT,312.36,3.62,D
-15.70636,23.67869,340.48,0.43,0.38,2026-10-03,1210,N21,VIIRS,l,2.0NRT,313.78,4.56,D
-15.70532,22.91042,343.48,0.41,0.37,2026-10-03,1210,N21,VIIRS,l,2.0NRT,315.52,7.45,D
-15.70173,22.97577,344.54,0.41,0.37,2026-10-03,1210,N21,VIIRS,n,2.0NRT,314.21,8.53,D
-15.6995,22.92491,338.78,0.41,0.37,2026-10-03,1210,N21,VIIRS,l,2.0NRT,312.58,3.91,D
-15.69611,22.92433,350.08,0.41,0.37,2026-10-03,1210,N21,VIIRS,n,2.0NRT,314.87,3.91,D
-15.69333,22.91998,354.03,0.41,0.37,2026-10-03,1210,N21,VIIRS,n,2.0NRT,317.1,10.01,D
-15.69068,23.08719,338.38,0.41,0.37,2026-10-03,1210,N21,VIIRS,l,2.0NRT,309.32,3.75,D
-15.68888,25.16503,339.01,0.5,0.41,2026-10-03,1210,N21,VIIRS,l,2.0NRT,313.91,5.17,D
-15.68039,22.66759,344.71,0.4,0.37,2026-10-03,1210,N21,VIIRS,l,2.0NRT,318.38,5.61,D
-15.6798,22.67131,350.02,0.4,0.37,2026-10-03,1210,N21,VIIRS,l,2.0NRT,321.8,5.83,D
-15.67643,22.67073,348.54,0.4,0.37,2026-10-03,1210,N21,VIIRS,n,2.0NRT,316.12,5.83,D
-15.67351,22.21769,345.14,0.39,0.36,2026-10-03,1210,N21,VIIRS,l,2.0NRT,318.02,5.77,D
-15.67258,24.16797,352.84,0.45,0.39,2026-10-03,1210,N21,VIIRS,n,2.0NRT,317.04,18.23,D
-15.6714,24.21947,340.48,0.45,0.39,2026-10-03,1210,N21,VIIRS,l,2.0NRT,312.33,13.55,D
-15.67131,22.20985,348.2,0.39,0.36,2026-10-03,1210,N21,VIIRS,n,2.0NRT,317.06,9.84,D
-15.67017,22.21712,343.91,0.39,0.36,2026-10-03,1210,N21,VIIRS,l,2.0NRT,316.05,5.12,D
-15.66972,23.4771,342.1,0.42,0.38,2026-10-03,1210,N21,VIIRS,l,2.0NRT,313.42,5.86,D
-15.66714,24.22304,348.98,0.45,0.39,2026-10-03,1210,N21,VIIRS,n,2.0NRT,312.56,11.23,D
-15.66429,23.18488,343.3,0.41,0.37,2026-10-03,1210,N21,VIIRS,n,2.0NRT,310.23,9.86,D
-15.66392,24.69485,344.33,0.48,0.4,2026-10-03,1210,N21,VIIRS,n,2.0NRT,315.08,4.74,D
-15.66289,24.22661,342.47,0.45,0.39,2026-10-03,1210,N21,VIIRS,l,2.0NRT,313.77,9.87,D
-15.65766,28.44324,342.55,0.53,0.5,2026-10-03,1210,N21,VIIRS,n,2.0NRT,306.44,3.54,D
-15.65719,24.73463,341.71,0.48,0.4,2026-10-03,1210,N21,VIIRS,n,2.0NRT,314.35,3.41,D
-15.65128,24.16412,343.63,0.45,0.39,2026-10-03,1210,N21,VIIRS,l,2.0NRT,314.49,9.3,D
-15.64452,23.11054,346.13,0.41,0.37,2026-10-03,1210,N21,VIIRS,n,2.0NRT,312.8,7.37,D
-15.64224,27.15545,332.27,0.44,0.46,2026-10-03,1210,N21,VIIRS,n,2.0NRT,303.37,4.76,D
-15.64221,23.6023,346.47,0.43,0.38,2026-10-03,1210,N21,VIIRS,n,2.0NRT,318.25,4.74,D
-15.63804,27.15463,339.85,0.44,0.46,2026-10-03,1210,N21,VIIRS,n,2.0NRT,300.53,7.3,D
-15.63108,24.32957,352.51,0.46,0.39,2026-10-03,1210,N21,VIIRS,n,2.0NRT,317.76,16.65,D
-15.63037,24.33383,340.78,0.46,0.39,2026-10-03,1210,N21,VIIRS,l,2.0NRT,313.42,4.36,D
-15.62867,26.06751,344.74,0.57,0.43,2026-10-03,1210,N21,VIIRS,n,2.0NRT,315.62,17.13,D
-15.62814,22.60532,351.78,0.4,0.37,2026-10-03,1210,N21,VIIRS,n,2.0NRT,314.81,7.51,D
-15.6216,24.23217,349.35,0.45,0.39,2026-10-03,1210,N21,VIIRS,n,2.0NRT,315.6,4.19,D
-15.6168,27.10454,339.95,0.44,0.46,2026-10-03,1210,N21,VIIRS,n,2.0NRT,308.22,9.13,D
-15.61641,27.10459,332.12,0.44,0.46,2026-10-03,1210,N21,VIIRS,l,2.0NRT,306.65,7.33,D
-15.61591,24.24417,345.9,0.45,0.39,2026-10-03,1210,N21,VIIRS,n,2.0NRT,313.01,5.55,D
-15.61569,27.10862,340.46,0.44,0.46,2026-10-03,1210,N21,VIIRS,n,2.0NRT,306.65,6.93,D
-15.61377,24.23508,346.95,0.45,0.39,2026-10-03,1210,N21,VIIRS,n,2.0NRT,312.65,18.72,D
-15.61306,24.23929,354.35,0.45,0.39,2026-10-03,1210,N21,VIIRS,n,2.0NRT,320.01,18.72,D
-15.60668,24.27725,343.45,0.46,0.39,2026-10-03,1210,N21,VIIRS,n,2.0NRT,313.55,4.9,D
-15.59859,23.04769,338.71,0.41,0.37,2026-10-03,1210,N21,VIIRS,l,2.0NRT,312.94,2.98,D
-15.59808,27.73787,342.55,0.48,0.48,2026-10-03,1210,N21,VIIRS,l,2.0NRT,314.54,16.08,D
-15.5924,23.0427,348.23,0.41,0.37,2026-10-03,1210,N21,VIIRS,n,2.0NRT,315.94,12.13,D
-15.58932,23.06175,341.74,0.41,0.37,2026-10-03,1210,N21,VIIRS,l,2.0NRT,315.14,8.12,D
-15.58281,23.03714,338.04,0.41,0.37,2026-10-03,1210,N21,VIIRS,n,2.0NRT,307.99,26.43,D
-15.58053,24.85639,337.49,0.49,0.4,2026-10-03,1210,N21,VIIRS,l,2.0NRT,312.29,3.48,D
-15.57446,26.1033,347.36,0.57,0.43,2026-10-03,1210,N21,VIIRS,n,2.0NRT,315.49,16.99,D
-15.57391,26.10035,343.41,0.57,0.43,2026-10-03,1210,N21,VIIRS,l,2.0NRT,314.34,24.06,D
-15.56827,24.03027,336.47,0.45,0.39,2026-10-03,1210,N21,VIIRS,l,2.0NRT,311.24,3.81,D
-15.55897,21.90458,344.71,0.39,0.36,2026-10-03,1210,N21,VIIRS,n,2.0NRT,312.15,3.98,D
-15.55565,21.90402,350.67,0.39,0.36,2026-10-03,1210,N21,VIIRS,n,2.0NRT,311.72,6.28,D
-15.55509,21.90763,336.68,0.39,0.36,2026-10-03,1210,N21,VIIRS,l,2.0NRT,310.67,3.66,D
-15.53361,23.86816,342.92,0.44,0.38,2026-10-03,1210,N21,VIIRS,l,2.0NRT,315.43,8.39,D
-15.53162,23.04857,336.92,0.41,0.37,2026-10-03,1210,N21,VIIRS,n,2.0NRT,311.12,6.95,D
-15.52587,22.60742,336.56,0.4,0.37,2026-10-03,1210,N21,VIIRS,l,2.0NRT,308.88,3.43,D
-15.52312,27.75047,340.25,0.48,0.48,2026-10-03,1210,N21,VIIRS,l,2.0NRT,311.98,6.06,D
-15.51845,28.76919,340.81,0.56,0.51,2026-10-03,1210,N21,VIIRS,n,2.0NRT,306.13,8.57,D
-15.5169,28.76743,338.98,0.56,0.51,2026-10-03,1210,N21,VIIRS,n,2.0NRT,303.39,3.64,D
-15.50706,23.71832,348.01,0.43,0.38,2026-10-03,1210,N21,VIIRS,l,2.0NRT,318.54,10.31,D
-15.49942,21.9386,352.36,0.39,0.36,2026-10-03,1210,N21,VIIRS,n,2.0NRT,320.05,10.47,D
-15.4983,24.01425,340.69,0.45,0.39,2026-10-03,1210,N21,VIIRS,l,2.0NRT,315.39,6.21,D
-15.4961,21.93805,348.12,0.39,0.36,2026-10-03,1210,N21,VIIRS,l,2.0NRT,318.33,20.32,D
-15.49137,22.29135,339.02,0.39,0.36,2026-10-03,1210,N21,VIIRS,l,2.0NRT,313.15,4.61,D
-15.485,26.35538,337,0.39,0.44,2026-10-03,1210,N21,VIIRS,l,2.0NRT,311.88,1.95,D
-15.48099,26.35459,342.27,0.39,0.44,2026-10-03,1210,N21,VIIRS,n,2.0NRT,311.44,3.87,D
-15.46857,22.28375,349.43,0.39,0.36,2026-10-03,1210,N21,VIIRS,n,2.0NRT,311.3,10.33,D
-15.4497,22.08235,349.12,0.39,0.36,2026-10-03,1210,N21,VIIRS,l,2.0NRT,319.23,8.5,D
-15.44914,22.83954,342.7,0.41,0.37,2026-10-03,1210,N21,VIIRS,l,2.0NRT,314.48,3.22,D
-15.44697,23.57326,342.26,0.43,0.38,2026-10-03,1210,N21,VIIRS,l,2.0NRT,315.62,5.53,D
-15.44637,22.08179,367,0.39,0.36,2026-10-03,1210,N21,VIIRS,l,2.0NRT,330.38,49.02,D
-15.44544,23.56073,350.23,0.43,0.38,2026-10-03,1210,N21,VIIRS,n,2.0NRT,319.34,10.14,D
-15.43915,24.73507,343.75,0.48,0.4,2026-10-03,1210,N21,VIIRS,l,2.0NRT,315.66,23.57,D
-15.4369,23.88082,345.15,0.44,0.38,2026-10-03,1210,N21,VIIRS,l,2.0NRT,315.63,4.84,D
-15.43249,23.77271,344.18,0.44,0.38,2026-10-03,1210,N21,VIIRS,l,2.0NRT,318.15,9.53,D
-15.43112,24.58326,343.19,0.47,0.4,2026-10-03,1210,N21,VIIRS,l,2.0NRT,316.84,13.27,D
-15.42058,24.88929,342.86,0.49,0.4,2026-10-03,1210,N21,VIIRS,l,2.0NRT,315.63,15.95,D
-15.40685,23.79732,342.92,0.44,0.38,2026-10-03,1210,N21,VIIRS,l,2.0NRT,315.87,6.11,D
-15.39316,24.0765,341.28,0.45,0.39,2026-10-03,1210,N21,VIIRS,n,2.0NRT,310.83,5.24,D
-15.38459,26.35435,339.33,0.4,0.44,2026-10-03,1210,N21,VIIRS,l,2.0NRT,311.73,2.72,D
-15.38385,23.0504,340.53,0.41,0.37,2026-10-03,1210,N21,VIIRS,n,2.0NRT,313.38,3.96,D
-15.38324,23.05422,336.93,0.41,0.37,2026-10-03,1210,N21,VIIRS,l,2.0NRT,309.86,2.03,D
-15.38312,23.72251,341.57,0.44,0.38,2026-10-03,1210,N21,VIIRS,l,2.0NRT,315.71,5.9,D
-15.38089,24.67984,339.54,0.48,0.4,2026-10-03,1210,N21,VIIRS,l,2.0NRT,313.85,4.68,D
-15.36994,24.15569,345.12,0.45,0.39,2026-10-03,1210,N21,VIIRS,n,2.0NRT,317.14,6.16,D
-15.36953,22.78725,339.97,0.41,0.37,2026-10-03,1210,N21,VIIRS,l,2.0NRT,314.81,4.08,D
-15.36853,26.35119,343.57,0.4,0.44,2026-10-03,1210,N21,VIIRS,n,2.0NRT,314.57,4.68,D
-15.36033,27.22097,350.36,0.45,0.47,2026-10-03,1210,N21,VIIRS,n,2.0NRT,313.86,8.16,D
-15.3533,26.60209,339.49,0.41,0.45,2026-10-03,1210,N21,VIIRS,n,2.0NRT,304.83,8.53,D
-15.33485,22.98323,343.18,0.41,0.37,2026-10-03,1210,N21,VIIRS,n,2.0NRT,313.54,12.47,D
-15.32944,27.39251,352.04,0.46,0.47,2026-10-03,1210,N21,VIIRS,n,2.0NRT,313.65,11.31,D
-15.32611,26.27894,355.67,0.39,0.44,2026-10-03,1210,N21,VIIRS,n,2.0NRT,312.13,13.6,D
-15.32055,23.09457,344.6,0.41,0.37,2026-10-03,1210,N21,VIIRS,l,2.0NRT,317.1,9.48,D
-15.31515,22.56339,348.52,0.4,0.37,2026-10-03,1210,N21,VIIRS,l,2.0NRT,321.02,9.2,D
-15.30214,24.10048,345.39,0.45,0.39,2026-10-03,1210,N21,VIIRS,l,2.0NRT,317.85,9.26,D
-15.30019,23.56409,350.02,0.43,0.38,2026-10-03,1210,N21,VIIRS,n,2.0NRT,317.91,8.92,D
-15.29954,23.56807,344.79,0.43,0.38,2026-10-03,1210,N21,VIIRS,l,2.0NRT,318.37,7.48,D
-15.28678,24.34597,350.22,0.46,0.39,2026-10-03,1210,N21,VIIRS,n,2.0NRT,316.04,15.44,D
-15.27969,26.61159,355.48,0.41,0.45,2026-10-03,1210,N21,VIIRS,n,2.0NRT,309.52,9.89,D
-15.27898,23.26568,344.08,0.42,0.38,2026-10-03,1210,N21,VIIRS,n,2.0NRT,315.62,1.99,D
-15.2764,26.6118,354.65,0.41,0.45,2026-10-03,1210,N21,VIIRS,n,2.0NRT,308.17,11.59,D
-15.27023,23.10164,349.87,0.41,0.37,2026-10-03,1210,N21,VIIRS,n,2.0NRT,314.71,9.35,D
-15.26521,24.29813,342.24,0.46,0.39,2026-10-03,1210,N21,VIIRS,l,2.0NRT,316.02,12.79,D
-15.26295,27.46326,347.07,0.47,0.47,2026-10-03,1210,N21,VIIRS,n,2.0NRT,315.51,8.93,D
-15.26163,26.97076,341.99,0.43,0.46,2026-10-03,1210,N21,VIIRS,l,2.0NRT,313.29,15.99,D
-15.26162,24.29746,348.69,0.46,0.39,2026-10-03,1210,N21,VIIRS,n,2.0NRT,317.64,6.09,D
-15.2609,24.30175,345.6,0.46,0.39,2026-10-03,1210,N21,VIIRS,n,2.0NRT,315.56,6.09,D
-15.2588,24.22686,348.91,0.46,0.39,2026-10-03,1210,N21,VIIRS,n,2.0NRT,314.87,5.88,D
-15.25804,24.29678,342.98,0.46,0.39,2026-10-03,1210,N21,VIIRS,n,2.0NRT,315.11,6.09,D
-15.25522,24.22623,341.67,0.46,0.39,2026-10-03,1210,N21,VIIRS,l,2.0NRT,312.09,5.88,D
-15.24888,29.58419,334.19,0.32,0.55,2026-10-03,1210,N21,VIIRS,n,2.0NRT,303.37,4.5,D
-15.24332,28.65189,342.75,0.56,0.51,2026-10-03,1210,N21,VIIRS,n,2.0NRT,309.24,4.49,D
-15.23435,24.20586,349.98,0.46,0.39,2026-10-03,1210,N21,VIIRS,n,2.0NRT,317.73,9.51,D
-15.23077,24.20522,345.24,0.46,0.39,2026-10-03,1210,N21,VIIRS,n,2.0NRT,314.88,9.51,D
-15.22537,22.79013,343.54,0.41,0.37,2026-10-03,1210,N21,VIIRS,l,2.0NRT,317.22,16.7,D
-15.22199,22.78955,350.61,0.41,0.37,2026-10-03,1210,N21,VIIRS,n,2.0NRT,324.04,16.7,D
-15.2011,24.47385,344.92,0.47,0.4,2026-10-03,1210,N21,VIIRS,n,2.0NRT,314.04,12.14,D
-15.19669,23.0345,337.76,0.41,0.37,2026-10-03,1210,N21,VIIRS,l,2.0NRT,311.62,2.42,D
-15.19225,22.00943,346.49,0.39,0.36,2026-10-03,1210,N21,VIIRS,n,2.0NRT,311.97,6.66,D
-15.18456,24.59622,340.72,0.48,0.4,2026-10-03,1210,N21,VIIRS,n,2.0NRT,314.97,5.23,D
-15.18435,24.59733,342.44,0.48,0.4,2026-10-03,1210,N21,VIIRS,n,2.0NRT,316.12,3.93,D
-15.17276,27.41029,346.2,0.46,0.47,2026-10-03,1210,N21,VIIRS,n,2.0NRT,314.47,6.07,D
-15.1637,27.10275,338.99,0.44,0.46,2026-10-03,1210,N21,VIIRS,l,2.0NRT,313.53,3.72,D
-15.15673,26.82841,339.41,0.43,0.46,2026-10-03,1210,N21,VIIRS,n,2.0NRT,307.99,3.56,D
-15.13411,22.25291,348.21,0.4,0.37,2026-10-03,1210,N21,VIIRS,n,2.0NRT,321.06,10.95,D
-15.12493,26.81407,343.04,0.43,0.46,2026-10-03,1210,N21,VIIRS,n,2.0NRT,310.54,5.27,D
-15.11957,29.2808,335.65,0.62,0.54,2026-10-03,1210,N21,VIIRS,n,2.0NRT,304.62,9.16,D
-15.11879,24.85341,345.05,0.49,0.41,2026-10-03,1210,N21,VIIRS,l,2.0NRT,316.12,33.34,D
-15.11667,29.28088,335.62,0.62,0.54,2026-10-03,1210,N21,VIIRS,n,2.0NRT,306.57,6.48,D
-15.11651,30.32719,331,0.36,0.57,2026-10-03,1210,N21,VIIRS,l,2.0NRT,305.39,3.31,D
-15.10983,24.9747,343.43,0.5,0.41,2026-10-03,1210,N21,VIIRS,l,2.0NRT,315.99,7.75,D
-15.10208,29.02737,332.43,0.59,0.53,2026-10-03,1210,N21,VIIRS,l,2.0NRT,305.55,10.48,D
-15.09796,24.30515,343.11,0.46,0.39,2026-10-03,1210,N21,VIIRS,n,2.0NRT,314.01,6.69,D
-15.07701,29.50976,367,0.32,0.54,2026-10-03,1210,N21,VIIRS,h,2.0NRT,307.48,8.02,D
-15.07308,25.32646,343.4,0.52,0.42,2026-10-03,1210,N21,VIIRS,l,2.0NRT,316.79,10.06,D
-15.06548,24.14622,347.58,0.46,0.39,2026-10-03,1210,N21,VIIRS,l,2.0NRT,319.24,12.58,D
-15.0582,27.46469,342.54,0.47,0.48,2026-10-03,1210,N21,VIIRS,l,2.0NRT,313.68,8.57,D
-15.04563,25.23918,341.44,0.52,0.41,2026-10-03,1210,N21,VIIRS,l,2.0NRT,314.19,7.38,D
-15.0423,22.88284,347.93,0.41,0.37,2026-10-03,1210,N21,VIIRS,n,2.0NRT,315.66,7.93,D
-15.03915,26.53027,343.17,0.41,0.45,2026-10-03,1210,N21,VIIRS,n,2.0NRT,313.36,4.82,D
-15.0339,27.31935,355.2,0.46,0.47,2026-10-03,1210,N21,VIIRS,n,2.0NRT,315.62,18.76,D
-15.03189,22.9004,340.22,0.41,0.37,2026-10-03,1210,N21,VIIRS,l,2.0NRT,314.77,4.03,D
-15.03162,27.31812,345.88,0.46,0.47,2026-10-03,1210,N21,VIIRS,n,2.0NRT,316.7,17.25,D
-15.03073,22.84181,347.33,0.41,0.37,2026-10-03,1210,N21,VIIRS,l,2.0NRT,318.5,28.07,D
-15.02643,24.39902,345.65,0.47,0.4,2026-10-03,1210,N21,VIIRS,n,2.0NRT,314.62,6.11,D
-15.02517,28.93775,341.71,0.59,0.53,2026-10-03,1210,N21,VIIRS,n,2.0NRT,304.02,12.59,D
-15.02513,25.06469,345.39,0.51,0.41,2026-10-03,1210,N21,VIIRS,l,2.0NRT,319.92,12.22,D
-15.02364,22.93021,349.12,0.41,0.37,2026-10-03,1210,N21,VIIRS,n,2.0NRT,313.98,11.37,D
-15.02259,26.3868,344.19,0.4,0.44,2026-10-03,1210,N21,VIIRS,l,2.0NRT,315.85,9.53,D
-15.02045,23.45163,347.82,0.43,0.38,2026-10-03,1210,N21,VIIRS,n,2.0NRT,317.51,9.28,D
-15.01822,28.94822,337.19,0.59,0.53,2026-10-03,1210,N21,VIIRS,n,2.0NRT,305.28,8.28,D
-14.98796,27.01437,337.88,0.44,0.46,2026-10-03,1210,N21,VIIRS,n,2.0NRT,302.35,2.65,D
-14.98789,27.014,340.7,0.44,0.46,2026-10-03,1210,N21,VIIRS,n,2.0NRT,301.55,2.09,D
-14.98683,26.44548,344.47,0.41,0.45,2026-10-03,1210,N21,VIIRS,l,2.0NRT,315.72,11.15,D
-14.98054,23.54279,340.41,0.43,0.38,2026-10-03,1210,N21,VIIRS,l,2.0NRT,314.61,4.59,D
-14.9757,22.2192,347.89,0.4,0.37,2026-10-03,1210,N21,VIIRS,n,2.0NRT,315.64,7.62,D
-14.97046,28.70317,336.25,0.57,0.52,2026-10-03,1210,N21,VIIRS,n,2.0NRT,307.25,7.03,D
-14.96851,28.87201,338.44,0.58,0.52,2026-10-03,1210,N21,VIIRS,l,2.0NRT,309.19,4.7,D
-14.96785,28.87452,343.93,0.58,0.52,2026-10-03,1210,N21,VIIRS,n,2.0NRT,309.64,5.73,D
-14.96671,22.23269,348.36,0.4,0.37,2026-10-03,1210,N21,VIIRS,n,2.0NRT,317.77,8.78,D
-14.95538,24.88189,340.49,0.5,0.41,2026-10-03,1210,N21,VIIRS,l,2.0NRT,313.72,11.95,D
-14.95246,24.87659,346.77,0.5,0.41,2026-10-03,1210,N21,VIIRS,n,2.0NRT,315.01,7.4,D
-14.95166,24.88122,344.51,0.5,0.41,2026-10-03,1210,N21,VIIRS,l,2.0NRT,314.74,7.81,D
-14.94238,27.4294,344.41,0.47,0.48,2026-10-03,1210,N21,VIIRS,n,2.0NRT,313.18,18.55,D
-14.89645,22.87007,345.92,0.41,0.37,2026-10-03,1210,N21,VIIRS,n,2.0NRT,320.36,12.8,D
-14.88524,27.66449,344.79,0.49,0.48,2026-10-03,1210,N21,VIIRS,n,2.0NRT,317.43,22.57,D
-14.87371,29.24376,346.08,0.62,0.54,2026-10-03,1210,N21,VIIRS,n,2.0NRT,303.44,8.09,D
-14.86413,27.11724,343.96,0.45,0.47,2026-10-03,1210,N21,VIIRS,n,2.0NRT,313.21,6.74,D
-14.86222,24.34555,350.51,0.47,0.4,2026-10-03,1210,N21,VIIRS,n,2.0NRT,316.88,14.41,D
-14.85413,23.82472,348.07,0.44,0.39,2026-10-03,1210,N21,VIIRS,l,2.0NRT,318.87,19.47,D
-14.84611,28.78569,336.82,0.58,0.52,2026-10-03,1210,N21,VIIRS,l,2.0NRT,309.28,7.72,D
-14.84506,28.79128,340.44,0.58,0.52,2026-10-03,1210,N21,VIIRS,n,2.0NRT,306.97,7.72,D
-14.84396,28.79715,332.87,0.58,0.52,2026-10-03,1210,N21,VIIRS,l,2.0NRT,307.05,3.13,D
-14.84244,26.87867,340.69,0.43,0.46,2026-10-03,1210,N21,VIIRS,n,2.0NRT,305.45,7.14,D
-14.84138,28.7846,342.11,0.58,0.52,2026-10-03,1210,N21,VIIRS,n,2.0NRT,308.19,7.72,D
-14.84106,27.00757,342.09,0.44,0.46,2026-10-03,1210,N21,VIIRS,n,2.0NRT,307.7,4.4,D
-14.83611,28.94526,346.01,0.59,0.53,2026-10-03,1210,N21,VIIRS,n,2.0NRT,305.7,20.52,D
-14.83516,28.94617,354.89,0.59,0.53,2026-10-03,1210,N21,VIIRS,n,2.0NRT,307.07,15.38,D
-14.83483,23.27497,348.44,0.42,0.38,2026-10-03,1210,N21,VIIRS,n,2.0NRT,313.31,10.36,D
-14.83283,23.91002,343.29,0.45,0.39,2026-10-03,1210,N21,VIIRS,l,2.0NRT,317.64,7.65,D
-14.83126,28.94452,345.68,0.59,0.53,2026-10-03,1210,N21,VIIRS,n,2.0NRT,310.22,20.52,D
-14.83031,28.94544,345.71,0.59,0.53,2026-10-03,1210,N21,VIIRS,n,2.0NRT,308.17,15.38,D
-14.82732,27.23228,345.64,0.46,0.47,2026-10-03,1210,N21,VIIRS,n,2.0NRT,314.31,7.78,D
-14.82673,25.0184,339.53,0.51,0.41,2026-10-03,1210,N21,VIIRS,l,2.0NRT,313.67,7.91,D
-14.82642,28.94374,344.63,0.59,0.53,2026-10-03,1210,N21,VIIRS,n,2.0NRT,308.42,10.15,D
-14.82602,23.84094,339.58,0.45,0.39,2026-10-03,1210,N21,VIIRS,l,2.0NRT,314.43,3.99,D
-14.82593,25.02306,348.17,0.51,0.41,2026-10-03,1210,N21,VIIRS,n,2.0NRT,315.04,11.27,D
-14.82249,23.84033,352.91,0.45,0.39,2026-10-03,1210,N21,VIIRS,n,2.0NRT,318.69,19.06,D
-14.82002,27.07581,338.39,0.45,0.47,2026-10-03,1210,N21,VIIRS,l,2.0NRT,312.99,4.38,D
-14.81922,24.85157,346.05,0.5,0.41,2026-10-03,1210,N21,VIIRS,n,2.0NRT,316.84,6.84,D
-14.81845,24.85615,338.19,0.5,0.41,2026-10-03,1210,N21,VIIRS,l,2.0NRT,313.12,6.84,D
-14.81728,27.06666,341.71,0.45,0.47,2026-10-03,1210,N21,VIIRS,l,2.0NRT,313.49,5.1,D
-14.81662,24.85415,348.13,0.5,0.41,2026-10-03,1210,N21,VIIRS,n,2.0NRT,315.47,12.21,D
-14.81131,24.86264,346.5,0.5,0.41,2026-10-03,1210,N21,VIIRS,n,2.0NRT,312.63,17.25,D
-14.81029,27.35972,344.1,0.47,0.47,2026-10-03,1210,N21,VIIRS,n,2.0NRT,313.5,11.07,D
-14.80871,27.3615,343.76,0.47,0.48,2026-10-03,1210,N21,VIIRS,n,2.0NRT,315,8.83,D
-14.79752,27.12719,340.83,0.45,0.47,2026-10-03,1210,N21,VIIRS,l,2.0NRT,314.67,4.41,D
-14.79549,27.99414,343.78,0.51,0.5,2026-10-03,1210,N21,VIIRS,n,2.0NRT,313.43,12.97,D
-14.79472,27.99076,344.09,0.51,0.5,2026-10-03,1210,N21,VIIRS,n,2.0NRT,313.73,12.73,D
-14.79069,23.83472,341.37,0.45,0.39,2026-10-03,1210,N21,VIIRS,l,2.0NRT,313.62,4.68,D
-14.78715,23.83409,348.82,0.45,0.39,2026-10-03,1210,N21,VIIRS,n,2.0NRT,313.12,5.19,D
-14.78207,24.8448,347.39,0.5,0.41,2026-10-03,1210,N21,VIIRS,n,2.0NRT,317.87,5.88,D
-14.77827,27.57986,343.13,0.48,0.48,2026-10-03,1210,N21,VIIRS,n,2.0NRT,311.27,3.93,D
-14.77491,23.73226,340.07,0.44,0.38,2026-10-03,1210,N21,VIIRS,l,2.0NRT,314.47,13.11,D
-14.77469,24.73076,340.47,0.49,0.4,2026-10-03,1210,N21,VIIRS,l,2.0NRT,312.09,5.29,D
-14.77392,24.73531,343,0.49,0.4,2026-10-03,1210,N21,VIIRS,n,2.0NRT,313.4,5.29,D
-14.77307,24.85271,345.23,0.5,0.41,2026-10-03,1210,N21,VIIRS,l,2.0NRT,316.11,7.38,D
-14.7713,27.05371,337.83,0.45,0.47,2026-10-03,1210,N21,VIIRS,l,2.0NRT,308.08,4.79,D
-14.77054,27.05782,341.93,0.45,0.47,2026-10-03,1210,N21,VIIRS,n,2.0NRT,309.39,5.64,D
-14.76483,23.70541,344.91,0.44,0.38,2026-10-03,1210,N21,VIIRS,l,2.0NRT,319.35,10.96,D
-14.75932,27.05186,339.29,0.45,0.47,2026-10-03,1210,N21,VIIRS,n,2.0NRT,306.45,4.35,D
-14.75501,23.87647,343.8,0.45,0.39,2026-10-03,1210,N21,VIIRS,n,2.0NRT,311.51,4.75,D
-14.74536,23.91316,342.12,0.45,0.39,2026-10-03,1210,N21,VIIRS,l,2.0NRT,315.4,7.36,D
-14.73951,26.9175,341.96,0.44,0.46,2026-10-03,1210,N21,VIIRS,n,2.0NRT,307.28,8.96,D
-14.73337,27.62889,350.29,0.49,0.48,2026-10-03,1210,N21,VIIRS,n,2.0NRT,315.11,41.32,D
-14.73024,27.42253,340.6,0.47,0.48,2026-10-03,1210,N21,VIIRS,l,2.0NRT,312.27,9.45,D
-14.72999,24.4394,350.47,0.48,0.4,2026-10-03,1210,N21,VIIRS,n,2.0NRT,315.58,7.88,D
-14.72588,24.26437,344.19,0.47,0.39,2026-10-03,1210,N21,VIIRS,l,2.0NRT,317.41,13.04,D
-14.72247,27.13515,337.34,0.45,0.47,2026-10-03,1210,N21,VIIRS,l,2.0NRT,312.34,3.24,D
-14.70669,24.85961,347.62,0.5,0.41,2026-10-03,1210,N21,VIIRS,n,2.0NRT,317.34,12.11,D
-14.70023,24.88851,347.99,0.5,0.41,2026-10-03,1210,N21,VIIRS,n,2.0NRT,313.23,14.18,D
-14.69835,27.64536,344.03,0.49,0.49,2026-10-03,1210,N21,VIIRS,n,2.0NRT,311.81,10.33,D
-14.69784,23.53637,347.89,0.43,0.38,2026-10-03,1210,N21,VIIRS,n,2.0NRT,313.14,17.63,D
-14.69719,23.54039,346.07,0.43,0.38,2026-10-03,1210,N21,VIIRS,n,2.0NRT,314.79,8.31,D
-14.69366,28.46289,342.67,0.55,0.51,2026-10-03,1210,N21,VIIRS,n,2.0NRT,310.41,10.61,D
-14.69272,28.46801,342.12,0.55,0.51,2026-10-03,1210,N21,VIIRS,n,2.0NRT,309.74,9.76,D
-14.69249,29.9684,348.63,0.35,0.57,2026-10-03,1210,N21,VIIRS,n,2.0NRT,304.29,7.69,D
-14.692,24.89175,344.64,0.5,0.41,2026-10-03,1210,N21,VIIRS,l,2.0NRT,315.23,8.59,D
-14.68097,27.14451,343.85,0.45,0.47,2026-10-03,1210,N21,VIIRS,n,2.0NRT,312.32,6.41,D
-14.67157,26.85918,342.89,0.44,0.46,2026-10-03,1210,N21,VIIRS,n,2.0NRT,307.98,7.66,D
-14.6703,25.45359,340.35,0.54,0.42,2026-10-03,1210,N21,VIIRS,l,2.0NRT,313.67,6.18,D
-14.65958,25.49265,345.5,0.54,0.42,2026-10-03,1210,N21,VIIRS,l,2.0NRT,319.76,10.63,D
-14.65751,27.03766,344.39,0.45,0.47,2026-10-03,1210,N21,VIIRS,n,2.0NRT,312.07,9.79,D
-14.65744,25.48199,346.21,0.54,0.42,2026-10-03,1210,N21,VIIRS,n,2.0NRT,310.49,16.55,D
-14.65653,27.03684,343.86,0.45,0.47,2026-10-03,1210,N21,VIIRS,n,2.0NRT,311.29,5.75,D
-14.65578,27.04094,335.83,0.45,0.47,2026-10-03,1210,N21,VIIRS,l,2.0NRT,309.16,5.75,D
-14.65502,23.73278,342.99,0.44,0.39,2026-10-03,1210,N21,VIIRS,l,2.0NRT,316.15,7.82,D
-14.65074,23.00047,342.1,0.42,0.37,2026-10-03,1210,N21,VIIRS,l,2.0NRT,314.54,16.09,D
-14.65012,27.26496,343.29,0.46,0.47,2026-10-03,1210,N21,VIIRS,n,2.0NRT,312.57,6.07,D
-14.64934,27.26926,338.05,0.46,0.47,2026-10-03,1210,N21,VIIRS,l,2.0NRT,312.87,5.82,D
-14.63914,24.02328,350.13,0.46,0.39,2026-10-03,1210,N21,VIIRS,n,2.0NRT,317.24,18.63,D
-14.63602,22.89573,345.46,0.41,0.37,2026-10-03,1210,N21,VIIRS,n,2.0NRT,310.55,5.16,D
-14.63475,27.32444,346.11,0.47,0.48,2026-10-03,1210,N21,VIIRS,n,2.0NRT,310.46,8.28,D
-14.62977,28.64847,344.05,0.57,0.52,2026-10-03,1210,N21,VIIRS,n,2.0NRT,306.74,4.39,D
-14.62558,29.32475,344.14,0.63,0.54,2026-10-03,1210,N21,VIIRS,n,2.0NRT,307.22,11.09,D
-14.62505,28.64751,347.34,0.57,0.52,2026-10-03,1210,N21,VIIRS,n,2.0NRT,312.56,34.66,D
-14.62348,24.15977,351.16,0.46,0.39,2026-10-03,1210,N21,VIIRS,n,2.0NRT,319.92,31.31,D
-14.62173,29.31804,342.99,0.63,0.54,2026-10-03,1210,N21,VIIRS,n,2.0NRT,307.61,11.09,D
-14.61455,24.36695,347.45,0.47,0.4,2026-10-03,1210,N21,VIIRS,n,2.0NRT,317.68,13.55,D
-14.61324,24.59862,340.5,0.49,0.4,2026-10-03,1210,N21,VIIRS,l,2.0NRT,314.98,6.33,D
-14.61047,30.73325,331.18,0.39,0.6,2026-10-03,1210,N21,VIIRS,n,2.0NRT,295.89,2.29,D
-14.59235,24.18144,342.8,0.46,0.39,2026-10-03,1210,N21,VIIRS,n,2.0NRT,316.88,5.43,D
-14.59057,29.34659,343.81,0.32,0.54,2026-10-03,1210,N21,VIIRS,n,2.0NRT,306.25,4.58,D
-14.59017,22.30821,334.67,0.4,0.37,2026-10-03,1210,N21,VIIRS,l,2.0NRT,308.21,5.55,D
-14.58681,22.30765,336.61,0.4,0.37,2026-10-03,1210,N21,VIIRS,l,2.0NRT,307.18,5.64,D
-14.57812,24.56005,335.04,0.48,0.4,2026-10-03,1210,N21,VIIRS,l,2.0NRT,309.94,4.32,D
-14.57199,24.10333,344.59,0.46,0.39,2026-10-03,1210,N21,VIIRS,l,2.0NRT,315.54,14.59,D
-14.56815,24.01574,342.23,0.46,0.39,2026-10-03,1210,N21,VIIRS,l,2.0NRT,315.98,6.78,D
-14.55986,25.23323,342.22,0.53,0.42,2026-10-03,1210,N21,VIIRS,l,2.0NRT,314.31,6.55,D
-14.55954,24.00125,343.48,0.46,0.39,2026-10-03,1210,N21,VIIRS,l,2.0NRT,313.63,4.94,D
-14.55884,24.00543,345.87,0.46,0.39,2026-10-03,1210,N21,VIIRS,n,2.0NRT,313.75,5.71,D
-14.55667,23.99642,338.46,0.46,0.39,2026-10-03,1210,N21,VIIRS,l,2.0NRT,313.05,5.9,D
-14.55509,23.83423,345.92,0.45,0.39,2026-10-03,1210,N21,VIIRS,l,2.0NRT,319.57,12.03,D
-14.55471,23.83345,346.28,0.45,0.39,2026-10-03,1210,N21,VIIRS,l,2.0NRT,320.5,14.82,D
-14.55386,24.0132,339.88,0.46,0.39,2026-10-03,1210,N21,VIIRS,l,2.0NRT,314.63,4.2,D
-14.5531,23.99579,347.13,0.46,0.39,2026-10-03,1210,N21,VIIRS,n,2.0NRT,312.96,5.9,D
-14.5524,23.99998,341.32,0.46,0.39,2026-10-03,1210,N21,VIIRS,l,2.0NRT,315.08,5.9,D
-14.54883,23.99935,348.31,0.46,0.39,2026-10-03,1210,N21,VIIRS,n,2.0NRT,315.85,9.13,D
-14.54813,24.00354,342.38,0.46,0.39,2026-10-03,1210,N21,VIIRS,n,2.0NRT,315.47,8.64,D
-14.54526,23.99871,367,0.46,0.39,2026-10-03,1210,N21,VIIRS,h,2.0NRT,314.94,9.13,D
-14.53728,29.51463,339.79,0.33,0.55,2026-10-03,1210,N21,VIIRS,n,2.0NRT,304.43,3.66,D
-14.53671,29.51753,340.51,0.33,0.55,2026-10-03,1210,N21,VIIRS,n,2.0NRT,304.55,3.66,D
-14.52953,23.92367,345.85,0.45,0.39,2026-10-03,1210,N21,VIIRS,n,2.0NRT,314.96,5.38,D
-14.52665,23.91888,340.04,0.45,0.39,2026-10-03,1210,N21,VIIRS,l,2.0NRT,312.31,5.91,D
-14.52597,23.92303,337.61,0.45,0.39,2026-10-03,1210,N21,VIIRS,l,2.0NRT,310.63,5.08,D
-14.51251,23.71683,348.48,0.44,0.39,2026-10-03,1210,N21,VIIRS,l,2.0NRT,322.25,24.35,D
-14.50944,24.25532,340.97,0.47,0.4,2026-10-03,1210,N21,VIIRS,l,2.0NRT,315.18,11.59,D
-14.50662,27.17487,341.47,0.46,0.47,2026-10-03,1210,N21,VIIRS,n,2.0NRT,306.23,10.84,D
-14.49769,23.60962,345.74,0.44,0.38,2026-10-03,1210,N21,VIIRS,l,2.0NRT,317.48,9.63,D
-14.49052,24.70326,339.1,0.49,0.41,2026-10-03,1210,N21,VIIRS,l,2.0NRT,312.36,10.65,D
-14.49027,26.99497,341.25,0.45,0.47,2026-10-03,1210,N21,VIIRS,n,2.0NRT,308.62,3.06,D
-14.48028,24.95177,349.35,0.51,0.41,2026-10-03,1210,N21,VIIRS,n,2.0NRT,318,20.52,D
-14.47978,21.95577,341.5,0.39,0.36,2026-10-03,1210,N21,VIIRS,l,2.0NRT,315,6.07,D
-14.47861,23.15029,340.88,0.42,0.38,2026-10-03,1210,N21,VIIRS,n,2.0NRT,309.87,5.91,D
-14.47842,23.94468,344.08,0.45,0.39,2026-10-03,1210,N21,VIIRS,n,2.0NRT,312.72,8.1,D
-14.47516,23.1497,342.2,0.42,0.38,2026-10-03,1210,N21,VIIRS,n,2.0NRT,313.47,5.91,D
-14.47452,23.15359,337.23,0.42,0.38,2026-10-03,1210,N21,VIIRS,n,2.0NRT,310.77,2.17,D
-14.47171,23.14911,338.33,0.42,0.38,2026-10-03,1210,N21,VIIRS,l,2.0NRT,312.34,5.03,D
-14.47108,23.153,352.03,0.42,0.38,2026-10-03,1210,N21,VIIRS,n,2.0NRT,314.73,5.43,D
-14.46781,23.96433,340.92,0.46,0.39,2026-10-03,1210,N21,VIIRS,l,2.0NRT,312.55,9.19,D
-14.46763,23.1524,336.67,0.42,0.38,2026-10-03,1210,N21,VIIRS,l,2.0NRT,310.14,5.43,D
-14.45486,23.93196,340.98,0.45,0.39,2026-10-03,1210,N21,VIIRS,l,2.0NRT,314.72,7.09,D
-14.45129,23.93134,349.23,0.45,0.39,2026-10-03,1210,N21,VIIRS,n,2.0NRT,317.55,10.19,D
-14.44816,24.12641,355.09,0.46,0.39,2026-10-03,1210,N21,VIIRS,n,2.0NRT,319.55,22.52,D
-14.44625,24.29408,340.13,0.47,0.4,2026-10-03,1210,N21,VIIRS,l,2.0NRT,312.15,4.48,D
-14.44353,23.0886,348.09,0.42,0.38,2026-10-03,1210,N21,VIIRS,l,2.0NRT,318.85,17.14,D
-14.43684,27.43836,344.73,0.48,0.48,2026-10-03,1210,N21,VIIRS,n,2.0NRT,311.25,13.05,D
-14.41977,29.83098,335.23,0.35,0.56,2026-10-03,1210,N21,VIIRS,n,2.0NRT,298.49,4.12,D
-14.41963,28.87417,339.43,0.6,0.53,2026-10-03,1210,N21,VIIRS,n,2.0NRT,307.28,7.08,D
-14.41913,28.87104,340.04,0.6,0.53,2026-10-03,1210,N21,VIIRS,n,2.0NRT,306.94,4.24,D
-14.41319,23.07939,343.16,0.42,0.38,2026-10-03,1210,N21,VIIRS,l,2.0NRT,317.86,6.59,D
-14.41278,25.25643,336.87,0.53,0.42,2026-10-03,1210,N21,VIIRS,n,2.0NRT,309.4,19.67,D
-14.41182,25.00894,349.28,0.51,0.41,2026-10-03,1210,N21,VIIRS,n,2.0NRT,316.54,11.17,D
-14.40978,25.25084,337.6,0.53,0.42,2026-10-03,1210,N21,VIIRS,n,2.0NRT,309.4,19.67,D
-14.40895,25.25573,343.84,0.53,0.42,2026-10-03,1210,N21,VIIRS,n,2.0NRT,316.27,19.67,D
-14.40805,25.00825,341.65,0.51,0.41,2026-10-03,1210,N21,VIIRS,l,2.0NRT,313.92,7.08,D
-14.40214,24.99737,355.19,0.51,0.41,2026-10-03,1210,N21,VIIRS,n,2.0NRT,313.42,15.72,D
-14.40133,25.00211,341.42,0.51,0.41,2026-10-03,1210,N21,VIIRS,l,2.0NRT,312.94,10.77,D
-14.38681,23.30803,342.01,0.43,0.38,2026-10-03,1210,N21,VIIRS,n,2.0NRT,315.14,4.94,D
-14.37521,24.90227,344.98,0.51,0.41,2026-10-03,1210,N21,VIIRS,l,2.0NRT,315.05,8.08,D
-14.37166,24.90463,349.08,0.51,0.41,2026-10-03,1210,N21,VIIRS,n,2.0NRT,315.85,17.03,D
-14.36654,25.60079,339.45,0.56,0.43,2026-10-03,1210,N21,VIIRS,l,2.0NRT,311.85,12.86,D
-14.36591,25.60319,346.79,0.56,0.43,2026-10-03,1210,N21,VIIRS,n,2.0NRT,312.43,8.44,D
-14.36294,23.58768,342.14,0.44,0.38,2026-10-03,1210,N21,VIIRS,l,2.0NRT,316.72,11.52,D
-14.36096,23.59985,337.36,0.44,0.38,2026-10-03,1210,N21,VIIRS,l,2.0NRT,311.13,7.47,D
-14.35811,23.59517,344.29,0.44,0.38,2026-10-03,1210,N21,VIIRS,n,2.0NRT,317.15,14.19,D
-14.35138,29.82635,347.01,0.35,0.56,2026-10-03,1210,N21,VIIRS,n,2.0NRT,302.39,5.03,D
-14.35073,29.82963,340.71,0.35,0.56,2026-10-03,1210,N21,VIIRS,n,2.0NRT,303.42,5.03,D
-14.34956,29.826,354.61,0.35,0.56,2026-10-03,1210,N21,VIIRS,n,2.0NRT,301.62,6.85,D
-14.34893,29.82932,347.42,0.35,0.56,2026-10-03,1210,N21,VIIRS,n,2.0NRT,305.53,6.85,D
-14.34653,25.32029,339.02,0.54,0.42,2026-10-03,1210,N21,VIIRS,l,2.0NRT,313.01,19.99,D
-14.34441,28.50879,342.11,0.57,0.52,2026-10-03,1210,N21,VIIRS,n,2.0NRT,306.36,18.8,D
-14.33214,29.86951,339.62,0.35,0.57,2026-10-03,1210,N21,VIIRS,n,2.0NRT,300.62,5.92,D
-14.33063,29.86938,367,0.35,0.57,2026-10-03,1210,N21,VIIRS,h,2.0NRT,302.61,6.28,D
-14.32998,29.87276,335.63,0.35,0.57,2026-10-03,1210,N21,VIIRS,n,2.0NRT,299.49,6.28,D
-14.32946,25.32728,347.14,0.54,0.42,2026-10-03,1210,N21,VIIRS,n,2.0NRT,309.55,16.3,D
-14.32614,29.86489,334.8,0.35,0.57,2026-10-03,1210,N21,VIIRS,n,2.0NRT,298.28,3.45,D
-14.32549,29.86826,340.31,0.35,0.57,2026-10-03,1210,N21,VIIRS,n,2.0NRT,299.45,4.99,D
-14.32526,28.97548,342.91,0.61,0.53,2026-10-03,1210,N21,VIIRS,n,2.0NRT,305.38,12.44,D
-14.31663,28.27957,335.15,0.55,0.51,2026-10-03,1210,N21,VIIRS,l,2.0NRT,305.67,6.15,D
-14.31158,23.57038,340.61,0.44,0.38,2026-10-03,1210,N21,VIIRS,n,2.0NRT,315.02,24.17,D
-14.30393,28.36245,342.58,0.55,0.51,2026-10-03,1210,N21,VIIRS,n,2.0NRT,302.86,6.75,D
-14.30186,28.36048,350.49,0.55,0.51,2026-10-03,1210,N21,VIIRS,n,2.0NRT,306.61,5.92,D
-14.30093,28.36559,332.16,0.55,0.51,2026-10-03,1210,N21,VIIRS,n,2.0NRT,300.94,5.92,D
-14.29925,28.36158,335.87,0.55,0.51,2026-10-03,1210,N21,VIIRS,n,2.0NRT,304.17,6.75,D
-14.29874,24.74074,342.77,0.5,0.41,2026-10-03,1210,N21,VIIRS,n,2.0NRT,316.97,48.78,D
-14.29749,24.73802,343.59,0.5,0.41,2026-10-03,1210,N21,VIIRS,n,2.0NRT,311.77,18.18,D
-14.29342,29.00976,339.15,0.61,0.54,2026-10-03,1210,N21,VIIRS,n,2.0NRT,300.77,4.62,D
-14.29202,30.04307,338.71,0.36,0.57,2026-10-03,1210,N21,VIIRS,n,2.0NRT,299.2,3.15,D
-14.2885,27.23539,349.33,0.47,0.48,2026-10-03,1210,N21,VIIRS,n,2.0NRT,306.22,7.13,D
-14.28705,27.23588,342.15,0.47,0.48,2026-10-03,1210,N21,VIIRS,n,2.0NRT,306.06,7.44,D
-14.27536,25.01073,337.39,0.52,0.41,2026-10-03,1210,N21,VIIRS,l,2.0NRT,311.84,2.86,D
-14.27313,22.74896,345.68,0.41,0.37,2026-10-03,1210,N21,VIIRS,l,2.0NRT,319.4,5.95,D
-14.26814,26.03015,346.28,0.39,0.44,2026-10-03,1210,N21,VIIRS,n,2.0NRT,313.82,13.97,D
-14.26412,26.02938,346.28,0.39,0.44,2026-10-03,1210,N21,VIIRS,n,2.0NRT,314.73,25.22,D
-14.26341,27.56744,344.13,0.49,0.49,2026-10-03,1210,N21,VIIRS,n,2.0NRT,308.37,7.74,D
-14.25311,23.35026,342.25,0.43,0.38,2026-10-03,1210,N21,VIIRS,l,2.0NRT,315.45,3.13,D
-14.25129,27.01387,333.94,0.45,0.47,2026-10-03,1210,N21,VIIRS,l,2.0NRT,305.39,2.79,D
-14.25027,23.34569,348.24,0.43,0.38,2026-10-03,1210,N21,VIIRS,n,2.0NRT,317.33,8.82,D
-14.24679,23.34509,350.56,0.43,0.38,2026-10-03,1210,N21,VIIRS,n,2.0NRT,318.32,8.82,D
-14.24614,23.34906,345.05,0.43,0.38,2026-10-03,1210,N21,VIIRS,l,2.0NRT,318.75,10.09,D
-14.22837,29.23917,337.14,0.64,0.54,2026-10-03,1210,N21,VIIRS,n,2.0NRT,305.83,8.59,D
-14.22726,29.24137,367,0.32,0.54,2026-10-03,1210,N21,VIIRS,h,2.0NRT,307.2,5.67,D
-14.21958,23.79906,345.13,0.45,0.39,2026-10-03,1210,N21,VIIRS,n,2.0NRT,314.7,8.31,D
-14.20501,29.19626,342.47,0.63,0.54,2026-10-03,1210,N21,VIIRS,n,2.0NRT,308.33,7.69,D
-14.18782,24.8857,335.53,0.51,0.41,2026-10-03,1210,N21,VIIRS,l,2.0NRT,309.06,7.08,D
-14.18196,29.20948,338.74,0.63,0.54,2026-10-03,1210,N21,VIIRS,n,2.0NRT,307.73,9.05,D
-14.18018,23.44433,346.56,0.44,0.38,2026-10-03,1210,N21,VIIRS,n,2.0NRT,319.01,6.59,D
-14.17832,25.44913,338.56,0.55,0.43,2026-10-03,1210,N21,VIIRS,n,2.0NRT,303.23,15.35,D
-14.17809,26.89006,350.4,0.45,0.47,2026-10-03,1210,N21,VIIRS,n,2.0NRT,306.13,30.9,D
-14.17591,29.21428,343.78,0.63,0.54,2026-10-03,1210,N21,VIIRS,n,2.0NRT,306.69,9.05,D
-14.17501,25.45051,355.3,0.55,0.43,2026-10-03,1210,N21,VIIRS,n,2.0NRT,309.5,16.46,D
-14.17307,29.68138,353.27,0.34,0.56,2026-10-03,1210,N21,VIIRS,n,2.0NRT,299.52,8.88,D
-14.17301,23.4607,347.44,0.44,0.38,2026-10-03,1210,N21,VIIRS,l,2.0NRT,319.91,23.44,D
-14.14896,22.88836,353.49,0.42,0.37,2026-10-03,1210,N21,VIIRS,n,2.0NRT,316.16,6.15,D
-14.14699,23.57668,349.23,0.44,0.38,2026-10-03,1210,N21,VIIRS,l,2.0NRT,320.92,16,D
-14.14615,22.88394,343.29,0.42,0.37,2026-10-03,1210,N21,VIIRS,l,2.0NRT,316.79,6.15,D
-14.12772,25.53412,342.61,0.56,0.43,2026-10-03,1210,N21,VIIRS,n,2.0NRT,311.38,16.14,D
-14.12417,23.69461,342.61,0.45,0.39,2026-10-03,1210,N21,VIIRS,n,2.0NRT,311.94,8.66,D
-14.12355,23.28002,344.95,0.43,0.38,2026-10-03,1210,N21,VIIRS,n,2.0NRT,313.79,11.24,D
-14.1235,23.69872,352.76,0.45,0.39,2026-10-03,1210,N21,VIIRS,n,2.0NRT,312.68,8.66,D
-14.12223,22.92331,339.74,0.42,0.38,2026-10-03,1210,N21,VIIRS,l,2.0NRT,309.79,2.73,D
-14.12045,29.77724,335.4,0.35,0.56,2026-10-03,1210,N21,VIIRS,n,2.0NRT,301.25,2.07,D
-14.11996,23.6981,343.36,0.45,0.39,2026-10-03,1210,N21,VIIRS,l,2.0NRT,317.07,8.89,D
-14.11329,25.38551,341.78,0.54,0.42,2026-10-03,1210,N21,VIIRS,n,2.0NRT,311.35,4.6,D
-14.09994,25.39337,339.34,0.55,0.42,2026-10-03,1210,N21,VIIRS,l,2.0NRT,310.64,4.38,D
-14.09897,28.42329,330.78,0.56,0.52,2026-10-03,1210,N21,VIIRS,l,2.0NRT,302.84,2.9,D
-14.09607,25.39264,338.07,0.55,0.42,2026-10-03,1210,N21,VIIRS,l,2.0NRT,310.17,4.38,D
-14.09231,25.34571,340.55,0.54,0.42,2026-10-03,1210,N21,VIIRS,l,2.0NRT,311.41,7.22,D
-14.09168,22.98142,343.51,0.42,0.38,2026-10-03,1210,N21,VIIRS,n,2.0NRT,317.79,6.27,D
-14.08799,23.49572,341.51,0.44,0.38,2026-10-03,1210,N21,VIIRS,l,2.0NRT,316.08,4.97,D
-14.08666,26.25415,349.04,0.41,0.45,2026-10-03,1210,N21,VIIRS,n,2.0NRT,312.46,10.89,D
-14.086,26.2579,341.29,0.41,0.45,2026-10-03,1210,N21,VIIRS,n,2.0NRT,310.4,8.06,D
-14.08257,26.25345,350.54,0.41,0.45,2026-10-03,1210,N21,VIIRS,n,2.0NRT,313.48,27,D
-14.0819,26.2572,340.55,0.41,0.45,2026-10-03,1210,N21,VIIRS,n,2.0NRT,307.08,11.77,D
-14.08108,24.52446,346.64,0.49,0.4,2026-10-03,1210,N21,VIIRS,n,2.0NRT,313.92,24.42,D
-14.08091,25.38211,346.76,0.55,0.42,2026-10-03,1210,N21,VIIRS,n,2.0NRT,311.16,13.67,D
-14.07759,25.38416,341.17,0.54,0.42,2026-10-03,1210,N21,VIIRS,l,2.0NRT,312.7,24.28,D
-14.07704,25.38141,343.84,0.55,0.42,2026-10-03,1210,N21,VIIRS,n,2.0NRT,313.58,13.67,D
-14.07643,28.64693,340.55,0.58,0.52,2026-10-03,1210,N21,VIIRS,n,2.0NRT,300.43,6.37,D
-14.07629,29.54902,367,0.34,0.56,2026-10-03,1210,N21,VIIRS,h,2.0NRT,301.58,8.07,D
-14.07458,29.54883,367,0.34,0.56,2026-10-03,1210,N21,VIIRS,h,2.0NRT,301.16,6.14,D
-14.069,24.74187,339.77,0.5,0.41,2026-10-03,1210,N21,VIIRS,l,2.0NRT,313.94,3.5,D
-14.04564,26.03345,342.16,0.4,0.44,2026-10-03,1210,N21,VIIRS,n,2.0NRT,311.09,9.99,D
-14.04136,22.96489,339.64,0.42,0.38,2026-10-03,1210,N21,VIIRS,l,2.0NRT,314.26,2.45,D
-14.0205,23.22201,347.6,0.43,0.38,2026-10-03,1210,N21,VIIRS,n,2.0NRT,315.59,6.83,D
-14.01424,27.99264,343.27,0.53,0.5,2026-10-03,1210,N21,VIIRS,n,2.0NRT,311.88,4.13,D
-14.00225,26.99037,347.24,0.46,0.47,2026-10-03,1210,N21,VIIRS,n,2.0NRT,306.23,9.47,D
-13.99976,26.99063,342.78,0.46,0.47,2026-10-03,1210,N21,VIIRS,n,2.0NRT,311.03,96.89,D
-13.99945,24.45231,335.88,0.49,0.4,2026-10-03,1210,N21,VIIRS,l,2.0NRT,309.41,3.53,D
-13.99902,23.28732,343.19,0.43,0.38,2026-10-03,1210,N21,VIIRS,l,2.0NRT,317.92,6.63,D
-13.98814,25.95893,342.74,0.39,0.44,2026-10-03,1210,N21,VIIRS,n,2.0NRT,311.21,17.89,D
-13.9875,25.96251,355.29,0.39,0.44,2026-10-03,1210,N21,VIIRS,n,2.0NRT,318.7,17.89,D
-13.98686,25.96609,347.92,0.39,0.44,2026-10-03,1210,N21,VIIRS,n,2.0NRT,311.44,6.65,D
-13.98681,21.95165,345.43,0.39,0.37,2026-10-03,1210,N21,VIIRS,n,2.0NRT,315.74,9.41,D
-13.98216,28.28515,344.03,0.55,0.51,2026-10-03,1210,N21,VIIRS,n,2.0NRT,305.7,11.92,D
-13.98023,28.28335,342.38,0.55,0.51,2026-10-03,1210,N21,VIIRS,n,2.0NRT,305.63,12.25,D
-13.9755,22.26134,347.78,0.4,0.37,2026-10-03,1210,N21,VIIRS,l,2.0NRT,321.2,16.55,D
-13.97295,22.97707,343.36,0.42,0.38,2026-10-03,1210,N21,VIIRS,l,2.0NRT,314.54,4.33,D
-13.97288,24.77849,344.04,0.51,0.41,2026-10-03,1210,N21,VIIRS,n,2.0NRT,311.88,3.91,D
-13.96569,28.37151,342.14,0.56,0.52,2026-10-03,1210,N21,VIIRS,n,2.0NRT,305.67,10.55,D
-13.96438,28.36997,341.49,0.56,0.52,2026-10-03,1210,N21,VIIRS,n,2.0NRT,305.02,9.13,D
-13.96414,27.14117,341.46,0.47,0.48,2026-10-03,1210,N21,VIIRS,n,2.0NRT,307.87,6.16,D
-13.96261,27.1498,337.56,0.47,0.48,2026-10-03,1210,N21,VIIRS,l,2.0NRT,307.99,9.27,D
-13.95829,24.60783,345.72,0.5,0.41,2026-10-03,1210,N21,VIIRS,n,2.0NRT,313.77,7.73,D
-13.95827,27.14895,338.59,0.47,0.48,2026-10-03,1210,N21,VIIRS,n,2.0NRT,307.06,5.42,D
-13.95753,24.61235,343.28,0.5,0.41,2026-10-03,1210,N21,VIIRS,n,2.0NRT,311.13,7.73,D
-13.93859,23.60866,344.81,0.45,0.39,2026-10-03,1210,N21,VIIRS,n,2.0NRT,314.93,12.04,D
-13.93278,22.33386,349.52,0.4,0.37,2026-10-03,1210,N21,VIIRS,l,2.0NRT,321.72,10.69,D
-13.93174,22.15565,352.4,0.4,0.37,2026-10-03,1210,N21,VIIRS,n,2.0NRT,322.57,16.63,D
-13.93018,23.17421,349.25,0.43,0.38,2026-10-03,1210,N21,VIIRS,l,2.0NRT,321.15,30.11,D
-13.92784,24.72044,346.77,0.5,0.41,2026-10-03,1210,N21,VIIRS,n,2.0NRT,312.91,11.29,D
-13.92735,23.16968,344.3,0.43,0.38,2026-10-03,1210,N21,VIIRS,l,2.0NRT,315.99,8.91,D
-13.92671,23.17362,355.14,0.43,0.38,2026-10-03,1210,N21,VIIRS,n,2.0NRT,319.22,30.11,D
-13.92542,23.1815,355.43,0.43,0.38,2026-10-03,1210,N21,VIIRS,n,2.0NRT,320.11,16.98,D
-13.92191,21.97784,347.05,0.4,0.37,2026-10-03,1210,N21,VIIRS,l,2.0NRT,319.34,9.67,D
-13.92134,21.98148,346.19,0.4,0.37,2026-10-03,1210,N21,VIIRS,l,2.0NRT,320.19,9.35,D
-13.92106,23.16456,344.78,0.43,0.38,2026-10-03,1210,N21,VIIRS,l,2.0NRT,317.33,8.13,D
-13.92041,23.1685,347.78,0.43,0.38,2026-10-03,1210,N21,VIIRS,l,2.0NRT,317.95,8.13,D
-13.91977,23.17243,351.09,0.43,0.38,2026-10-03,1210,N21,VIIRS,n,2.0NRT,317.4,5.32,D
-13.91912,23.17637,343.51,0.43,0.38,2026-10-03,1210,N21,VIIRS,l,2.0NRT,315.93,5.32,D
-13.91834,23.55464,348,0.44,0.39,2026-10-03,1210,N21,VIIRS,n,2.0NRT,311.04,6.42,D
-13.91783,23.18426,347.89,0.43,0.38,2026-10-03,1210,N21,VIIRS,n,2.0NRT,314.98,11.17,D
-13.91768,23.55872,347.13,0.44,0.39,2026-10-03,1210,N21,VIIRS,n,2.0NRT,311.51,7.7,D
-13.91759,23.16397,347.41,0.43,0.38,2026-10-03,1210,N21,VIIRS,n,2.0NRT,316.08,7.61,D
-13.91695,23.1679,351.41,0.43,0.38,2026-10-03,1210,N21,VIIRS,n,2.0NRT,315.55,7.61,D
-13.9163,23.17184,349.36,0.43,0.38,2026-10-03,1210,N21,VIIRS,l,2.0NRT,320.14,23.08,D
-13.91548,23.54995,349.88,0.44,0.39,2026-10-03,1210,N21,VIIRS,n,2.0NRT,314.86,6.42,D
-13.91348,23.16731,350.89,0.43,0.38,2026-10-03,1210,N21,VIIRS,n,2.0NRT,313.94,7.61,D
-13.91283,23.17124,351.38,0.43,0.38,2026-10-03,1210,N21,VIIRS,n,2.0NRT,318.2,23.08,D
-13.91262,23.54527,344.61,0.44,0.39,2026-10-03,1210,N21,VIIRS,n,2.0NRT,312.74,7.92,D
-13.9091,23.54466,340.16,0.44,0.39,2026-10-03,1210,N21,VIIRS,l,2.0NRT,313.24,7.92,D
-13.90783,23.96698,335.22,0.46,0.39,2026-10-03,1210,N21,VIIRS,n,2.0NRT,308.97,3.08,D
-13.90643,23.56096,346.55,0.44,0.39,2026-10-03,1210,N21,VIIRS,n,2.0NRT,314.95,31.87,D
-13.90201,27.75505,338.92,0.51,0.5,2026-10-03,1210,N21,VIIRS,n,2.0NRT,307.87,3.5,D
-13.90096,23.6611,350.91,0.45,0.39,2026-10-03,1210,N21,VIIRS,n,2.0NRT,318.27,14.43,D
-13.89453,27.7198,354.84,0.51,0.49,2026-10-03,1210,N21,VIIRS,n,2.0NRT,310.52,14.62,D
-13.89064,27.99559,344.54,0.53,0.5,2026-10-03,1210,N21,VIIRS,n,2.0NRT,312.02,11.33,D
-13.88692,25.83567,342.92,0.39,0.44,2026-10-03,1210,N21,VIIRS,n,2.0NRT,312.24,8.25,D
-13.88462,25.83596,354.72,0.39,0.44,2026-10-03,1210,N21,VIIRS,n,2.0NRT,310.65,6.47,D
-13.85705,25.93753,349.57,0.39,0.44,2026-10-03,1210,N21,VIIRS,n,2.0NRT,322.9,32.11,D
-13.85303,25.9368,343.79,0.39,0.44,2026-10-03,1210,N21,VIIRS,l,2.0NRT,314.2,6.29,D
-13.84861,28.11972,339.8,0.54,0.51,2026-10-03,1210,N21,VIIRS,n,2.0NRT,308.78,6.54,D
-13.84139,29.95972,344.13,0.36,0.57,2026-10-03,1210,N21,VIIRS,n,2.0NRT,297.3,4.37,D
-13.82867,25.53693,338.4,0.56,0.43,2026-10-03,1210,N21,VIIRS,l,2.0NRT,312.22,3.81,D
-13.82823,25.00788,335.76,0.52,0.42,2026-10-03,1210,N21,VIIRS,n,2.0NRT,309.46,2.43,D
-13.82539,25.53464,337.06,0.56,0.43,2026-10-03,1210,N21,VIIRS,l,2.0NRT,311.5,3.45,D
-13.82151,25.85627,340.67,0.39,0.44,2026-10-03,1210,N21,VIIRS,l,2.0NRT,312.6,3.8,D
-13.81338,23.92485,338.03,0.46,0.39,2026-10-03,1210,N21,VIIRS,l,2.0NRT,311.75,4.89,D
-13.80603,26.80576,340.71,0.45,0.47,2026-10-03,1210,N21,VIIRS,n,2.0NRT,309.55,4.8,D
-13.80178,26.80494,339.03,0.45,0.47,2026-10-03,1210,N21,VIIRS,n,2.0NRT,307.64,3.84,D
-13.79235,27.7596,337.24,0.52,0.5,2026-10-03,1210,N21,VIIRS,l,2.0NRT,310.49,5.78,D
-13.79147,25.73371,345.23,0.38,0.44,2026-10-03,1210,N21,VIIRS,n,2.0NRT,314.03,5.82,D
-13.78766,25.10537,337.74,0.53,0.42,2026-10-03,1210,N21,VIIRS,l,2.0NRT,310.78,8.38,D
-13.78663,26.52391,337.77,0.43,0.46,2026-10-03,1210,N21,VIIRS,l,2.0NRT,310.01,7.29,D
-13.78401,28.08838,345.93,0.54,0.51,2026-10-03,1210,N21,VIIRS,n,2.0NRT,309.74,12.42,D
-13.7831,28.09337,343.25,0.54,0.51,2026-10-03,1210,N21,VIIRS,n,2.0NRT,308.18,2.91,D
-13.7807,27.77188,338.06,0.52,0.5,2026-10-03,1210,N21,VIIRS,l,2.0NRT,310.38,3.07,D
-13.77968,26.51458,339.73,0.43,0.46,2026-10-03,1210,N21,VIIRS,n,2.0NRT,308.29,5.77,D
-13.77898,26.51846,343.63,0.43,0.46,2026-10-03,1210,N21,VIIRS,n,2.0NRT,309.53,16.26,D
-13.77828,26.52236,354.08,0.43,0.46,2026-10-03,1210,N21,VIIRS,n,2.0NRT,315.69,16.26,D
-13.77808,28.81895,342.15,0.61,0.53,2026-10-03,1210,N21,VIIRS,n,2.0NRT,303.87,9.53,D
-13.77674,28.81546,335.35,0.61,0.53,2026-10-03,1210,N21,VIIRS,n,2.0NRT,303.23,10.89,D
-13.77191,25.49308,342.94,0.56,0.43,2026-10-03,1210,N21,VIIRS,n,2.0NRT,311.83,3.46,D
-13.77065,27.75026,337.59,0.52,0.5,2026-10-03,1210,N21,VIIRS,l,2.0NRT,310.81,7.63,D
-13.76525,26.01045,339.55,0.4,0.44,2026-10-03,1210,N21,VIIRS,l,2.0NRT,311.03,2.44,D
-13.76521,25.0833,340.23,0.53,0.42,2026-10-03,1210,N21,VIIRS,l,2.0NRT,311.3,4.97,D
-13.76439,25.08816,335.83,0.53,0.42,2026-10-03,1210,N21,VIIRS,l,2.0NRT,309.38,6.8,D
-13.74988,25.45749,337.54,0.56,0.43,2026-10-03,1210,N21,VIIRS,l,2.0NRT,312.34,6.99,D
-13.74899,25.46258,341.08,0.56,0.43,2026-10-03,1210,N21,VIIRS,l,2.0NRT,312.02,9.75,D
-13.74023,23.9092,346.33,0.46,0.39,2026-10-03,1210,N21,VIIRS,l,2.0NRT,316.46,14.59,D
-13.73734,23.90435,343.95,0.46,0.39,2026-10-03,1210,N21,VIIRS,l,2.0NRT,316.26,36.89,D
-13.73445,23.89948,334.06,0.46,0.39,2026-10-03,1210,N21,VIIRS,l,2.0NRT,308.51,4.22,D
-13.73401,23.96929,343.71,0.46,0.39,2026-10-03,1210,N21,VIIRS,n,2.0NRT,313.27,7.03,D
-13.73305,23.90794,347.72,0.46,0.39,2026-10-03,1210,N21,VIIRS,n,2.0NRT,312.37,36.89,D
-13.72889,23.40276,334.64,0.44,0.38,2026-10-03,1210,N21,VIIRS,l,2.0NRT,309.4,13.28,D
-13.72005,28.2003,339.71,0.55,0.51,2026-10-03,1210,N21,VIIRS,n,2.0NRT,306.17,12.19,D
-13.7191,28.20537,340.52,0.55,0.51,2026-10-03,1210,N21,VIIRS,n,2.0NRT,303.79,12.37,D
-13.71909,25.86679,343.39,0.39,0.44,2026-10-03,1210,N21,VIIRS,n,2.0NRT,317.9,5.09,D
-13.71852,25.07985,337.36,0.53,0.42,2026-10-03,1210,N21,VIIRS,n,2.0NRT,306.54,2.78,D
-13.718,30.09242,332.65,0.37,0.58,2026-10-03,1210,N21,VIIRS,n,2.0NRT,297.44,1.79,D
-13.71722,25.06458,339.61,0.53,0.42,2026-10-03,1210,N21,VIIRS,n,2.0NRT,307.43,3.4,D
-13.71704,23.05822,343.1,0.43,0.38,2026-10-03,1210,N21,VIIRS,l,2.0NRT,317.62,6.64,D
-13.7134,25.0639,337.21,0.53,0.42,2026-10-03,1210,N21,VIIRS,l,2.0NRT,308.18,3.22,D
-13.71276,22.05456,342.3,0.4,0.37,2026-10-03,1210,N21,VIIRS,n,2.0NRT,313.6,3.91,D
-13.70627,23.08049,342.47,0.43,0.38,2026-10-03,1210,N21,VIIRS,l,2.0NRT,314.56,5.92,D
-13.70525,22.39434,346.2,0.41,0.37,2026-10-03,1210,N21,VIIRS,n,2.0NRT,320.2,13.04,D
-13.70281,23.0799,346.29,0.43,0.38,2026-10-03,1210,N21,VIIRS,n,2.0NRT,315.29,5.92,D
-13.70111,29.89877,354.97,0.36,0.57,2026-10-03,1210,N21,VIIRS,n,2.0NRT,299.74,6.35,D
-13.69785,23.07507,341.91,0.43,0.38,2026-10-03,1210,N21,VIIRS,l,2.0NRT,314.22,15.81,D
-13.69449,23.70371,337.44,0.45,0.39,2026-10-03,1210,N21,VIIRS,l,2.0NRT,312.15,4.63,D
-13.69121,25.58767,336.96,0.57,0.43,2026-10-03,1210,N21,VIIRS,l,2.0NRT,311.49,7.58,D
-13.69094,23.70309,336.92,0.45,0.39,2026-10-03,1210,N21,VIIRS,l,2.0NRT,311.05,4.94,D
-13.69009,22.11091,346.22,0.4,0.37,2026-10-03,1210,N21,VIIRS,n,2.0NRT,317.89,17.81,D
-13.68433,30.0681,367,0.37,0.58,2026-10-03,1210,N21,VIIRS,h,2.0NRT,300.29,7.55,D
-13.68116,28.05583,339.98,0.54,0.51,2026-10-03,1210,N21,VIIRS,n,2.0NRT,309.86,5.07,D
-13.68025,28.06081,338.29,0.54,0.51,2026-10-03,1210,N21,VIIRS,n,2.0NRT,307.38,5.07,D
-13.67771,24.39969,340.3,0.49,0.4,2026-10-03,1210,N21,VIIRS,l,2.0NRT,313.7,7.28,D
-13.67697,24.40417,337.84,0.49,0.4,2026-10-03,1210,N21,VIIRS,l,2.0NRT,312.06,5.91,D
-13.67562,28.05997,355.01,0.54,0.51,2026-10-03,1210,N21,VIIRS,n,2.0NRT,311.94,29.66,D
-13.6747,28.06497,351.82,0.54,0.51,2026-10-03,1210,N21,VIIRS,n,2.0NRT,312.48,13.28,D
-13.67379,28.06997,351.56,0.54,0.51,2026-10-03,1210,N21,VIIRS,n,2.0NRT,308.16,13.28,D
-13.67098,28.05915,344.31,0.54,0.51,2026-10-03,1210,N21,VIIRS,n,2.0NRT,313.87,29.66,D
-13.67006,28.06415,340.68,0.54,0.51,2026-10-03,1210,N21,VIIRS,n,2.0NRT,309.65,13.28,D
-13.66997,24.54961,337.01,0.5,0.41,2026-10-03,1210,N21,VIIRS,l,2.0NRT,311.15,11.9,D
-13.66915,28.06913,344.74,0.54,0.51,2026-10-03,1210,N21,VIIRS,n,2.0NRT,311.15,13.28,D
-13.66851,24.54693,347.8,0.5,0.41,2026-10-03,1210,N21,VIIRS,n,2.0NRT,315.35,13.8,D
-13.66761,23.08603,347.06,0.43,0.38,2026-10-03,1210,N21,VIIRS,n,2.0NRT,313.91,8.26,D
-13.66683,25.80173,342.96,0.39,0.44,2026-10-03,1210,N21,VIIRS,n,2.0NRT,311.34,9.2,D
-13.66448,28.04237,345.69,0.54,0.51,2026-10-03,1210,N21,VIIRS,n,2.0NRT,315.31,10.12,D
-13.66283,25.80103,346.65,0.39,0.44,2026-10-03,1210,N21,VIIRS,n,2.0NRT,315.41,9.2,D
-13.65947,25.84468,339.31,0.39,0.44,2026-10-03,1210,N21,VIIRS,l,2.0NRT,311.74,6.99,D
-13.65766,26.24118,333.03,0.41,0.45,2026-10-03,1210,N21,VIIRS,l,2.0NRT,305.33,2.9,D
-13.6572,24.34104,339.37,0.49,0.4,2026-10-03,1210,N21,VIIRS,l,2.0NRT,311.8,7.14,D
-13.64117,27.24941,337.5,0.48,0.48,2026-10-03,1210,N21,VIIRS,n,2.0NRT,305.57,6.1,D
-13.64108,27.25031,342.39,0.48,0.48,2026-10-03,1210,N21,VIIRS,n,2.0NRT,305.91,6.86,D
-13.63667,28.35867,337.02,0.57,0.52,2026-10-03,1210,N21,VIIRS,l,2.0NRT,308.09,10.52,D
-13.6358,28.35691,338.98,0.57,0.52,2026-10-03,1210,N21,VIIRS,n,2.0NRT,308.62,7.87,D
-13.62785,23.33184,336.97,0.44,0.38,2026-10-03,1210,N21,VIIRS,l,2.0NRT,310.08,3.88,D
-13.62407,28.73883,337.94,0.6,0.53,2026-10-03,1210,N21,VIIRS,n,2.0NRT,305.23,7.75,D
-13.62302,28.74442,338.32,0.6,0.53,2026-10-03,1210,N21,VIIRS,n,2.0NRT,304.02,8.51,D
-13.62066,24.13219,343.35,0.47,0.4,2026-10-03,1210,N21,VIIRS,l,2.0NRT,315.62,9.61,D
-13.61498,23.19039,341.49,0.43,0.38,2026-10-03,1210,N21,VIIRS,l,2.0NRT,315.43,15.12,D
-13.6115,23.18979,349.61,0.43,0.38,2026-10-03,1210,N21,VIIRS,n,2.0NRT,322.55,15.12,D
-13.60188,24.37708,341.6,0.49,0.4,2026-10-03,1210,N21,VIIRS,l,2.0NRT,315.88,6.59,D
-13.60113,26.65945,342.73,0.44,0.46,2026-10-03,1210,N21,VIIRS,n,2.0NRT,305.88,3.49,D
-13.59771,26.17899,330.91,0.41,0.45,2026-10-03,1210,N21,VIIRS,l,2.0NRT,305.76,2.43,D
-13.59226,23.55068,343.7,0.45,0.39,2026-10-03,1210,N21,VIIRS,l,2.0NRT,317.46,43.18,D
-13.58939,23.54597,312.14,0.45,0.39,2026-10-03,1210,N21,VIIRS,l,2.0NRT,315.7,43.18,D
-13.58608,26.74459,343.59,0.45,0.47,2026-10-03,1210,N21,VIIRS,n,2.0NRT,309.21,6.04,D
-13.58536,26.74867,338.71,0.45,0.47,2026-10-03,1210,N21,VIIRS,n,2.0NRT,310.63,9.32,D
-13.58346,23.51556,336.61,0.45,0.39,2026-10-03,1210,N21,VIIRS,n,2.0NRT,308.98,3.67,D
-13.58332,24.39686,348.82,0.49,0.4,2026-10-03,1210,N21,VIIRS,n,2.0NRT,317.63,14.19,D
-13.58256,26.73967,334.13,0.45,0.47,2026-10-03,1210,N21,VIIRS,n,2.0NRT,306.26,6.04,D
-13.58232,23.54475,315.86,0.45,0.39,2026-10-03,1210,N21,VIIRS,l,2.0NRT,320.86,98.88,D
-13.58184,26.74375,335.72,0.45,0.47,2026-10-03,1210,N21,VIIRS,n,2.0NRT,305.69,6.04,D
-13.58165,23.54884,350.85,0.45,0.39,2026-10-03,1210,N21,VIIRS,l,2.0NRT,323.96,98.88,D
-13.57876,28.40036,338.47,0.57,0.52,2026-10-03,1210,N21,VIIRS,n,2.0NRT,306.21,7.04,D
-13.57811,23.54823,350.34,0.45,0.39,2026-10-03,1210,N21,VIIRS,n,2.0NRT,314.04,27.99,D
-13.57572,27.83084,334.24,0.53,0.5,2026-10-03,1210,N21,VIIRS,l,2.0NRT,308.14,2.77,D
-13.57308,24.46626,341.24,0.49,0.41,2026-10-03,1210,N21,VIIRS,l,2.0NRT,312.84,8.25,D
-13.56938,23.35891,341.87,0.44,0.38,2026-10-03,1210,N21,VIIRS,n,2.0NRT,309.71,11.7,D
-13.56377,24.91769,340.76,0.52,0.42,2026-10-03,1210,N21,VIIRS,n,2.0NRT,312.19,5.03,D
-13.56338,23.24271,340.42,0.43,0.38,2026-10-03,1210,N21,VIIRS,l,2.0NRT,313.99,18.34,D
-13.5611,24.95645,337.69,0.52,0.42,2026-10-03,1210,N21,VIIRS,l,2.0NRT,308.66,4.77,D
-13.55811,24.95098,341.56,0.52,0.42,2026-10-03,1210,N21,VIIRS,l,2.0NRT,312.07,9.9,D
-13.55724,23.4984,346.17,0.44,0.39,2026-10-03,1210,N21,VIIRS,n,2.0NRT,310.62,4.31,D
-13.55431,24.9503,346.77,0.52,0.42,2026-10-03,1210,N21,VIIRS,n,2.0NRT,311.18,6.89,D
-13.55028,23.60677,344.42,0.45,0.39,2026-10-03,1210,N21,VIIRS,l,2.0NRT,318.72,6.53,D
-13.5496,23.61089,342.34,0.45,0.39,2026-10-03,1210,N21,VIIRS,l,2.0NRT,317.21,6.53,D
-13.54712,23.11424,341.78,0.43,0.38,2026-10-03,1210,N21,VIIRS,l,2.0NRT,313.16,5.9,D
-13.54605,23.61027,340.49,0.45,0.39,2026-10-03,1210,N21,VIIRS,n,2.0NRT,315.33,36.55,D
-13.54582,24.42409,345.79,0.49,0.4,2026-10-03,1210,N21,VIIRS,l,2.0NRT,317.81,15.2,D
-13.54033,28.44771,332.52,0.58,0.52,2026-10-03,1210,N21,VIIRS,n,2.0NRT,302.49,5.35,D
-13.53683,28.98411,341.29,0.63,0.54,2026-10-03,1210,N21,VIIRS,n,2.0NRT,301.99,18.15,D
-13.53568,28.98295,347.85,0.63,0.54,2026-10-03,1210,N21,VIIRS,n,2.0NRT,302.95,24.36,D
-13.53486,23.5239,349.13,0.45,0.39,2026-10-03,1210,N21,VIIRS,n,2.0NRT,315.8,13.74,D
-13.53418,23.52798,345.19,0.45,0.39,2026-10-03,1210,N21,VIIRS,l,2.0NRT,315.42,8.41,D
-13.53346,24.09093,367,0.47,0.4,2026-10-03,1210,N21,VIIRS,h,2.0NRT,328.43,101.58,D
-13.53064,23.52738,343.41,0.45,0.39,2026-10-03,1210,N21,VIIRS,l,2.0NRT,315.32,10.47,D
-13.52598,25.70147,335.79,0.39,0.44,2026-10-03,1210,N21,VIIRS,l,2.0NRT,309.09,2.51,D
-13.51953,27.72331,345.63,0.52,0.5,2026-10-03,1210,N21,VIIRS,n,2.0NRT,307.08,24.36,D
-13.51585,27.71774,334.07,0.52,0.5,2026-10-03,1210,N21,VIIRS,n,2.0NRT,303.73,24.36,D
-13.51499,27.72245,355.63,0.52,0.5,2026-10-03,1210,N21,VIIRS,n,2.0NRT,311.17,24.36,D
-13.51478,24.56357,339.95,0.5,0.41,2026-10-03,1210,N21,VIIRS,l,2.0NRT,313.8,19.58,D
-13.51112,24.24813,316.62,0.48,0.4,2026-10-03,1210,N21,VIIRS,l,2.0NRT,317.29,32.43,D
-13.51037,24.25253,350.76,0.48,0.4,2026-10-03,1210,N21,VIIRS,n,2.0NRT,314.05,32.43,D
-13.51035,24.14059,336.32,0.48,0.4,2026-10-03,1210,N21,VIIRS,l,2.0NRT,311.09,9.21,D
-13.50596,25.0717,337.21,0.53,0.42,2026-10-03,1210,N21,VIIRS,l,2.0NRT,312.07,4.17,D
-13.49654,28.3112,337.35,0.57,0.52,2026-10-03,1210,N21,VIIRS,n,2.0NRT,306.01,4.64,D
-13.49335,24.64507,342.15,0.51,0.41,2026-10-03,1210,N21,VIIRS,n,2.0NRT,312.03,5.12,D
-13.49133,25.94777,341.03,0.4,0.44,2026-10-03,1210,N21,VIIRS,n,2.0NRT,309.98,5.91,D
-13.49039,24.63978,341.38,0.51,0.41,2026-10-03,1210,N21,VIIRS,n,2.0NRT,313.26,6.08,D
-13.48961,24.64439,340.63,0.51,0.41,2026-10-03,1210,N21,VIIRS,n,2.0NRT,313.25,10.42,D
-13.48917,26.08047,336.96,0.41,0.45,2026-10-03,1210,N21,VIIRS,n,2.0NRT,306.92,5.46,D
-13.48841,24.60603,346.77,0.5,0.41,2026-10-03,1210,N21,VIIRS,n,2.0NRT,310.77,6.27,D
-13.48787,23.54588,347.94,0.45,0.39,2026-10-03,1210,N21,VIIRS,l,2.0NRT,320.83,13.15,D
-13.48665,24.6391,340.33,0.51,0.41,2026-10-03,1210,N21,VIIRS,l,2.0NRT,311.29,6.08,D
-13.48035,23.65925,351.77,0.45,0.39,2026-10-03,1210,N21,VIIRS,n,2.0NRT,314.05,23.56,D
-13.46893,28.48633,336.83,0.58,0.52,2026-10-03,1210,N21,VIIRS,l,2.0NRT,307.45,7.21,D
-13.46712,23.51701,343.63,0.45,0.39,2026-10-03,1210,N21,VIIRS,l,2.0NRT,316.28,14.87,D
-13.45789,27.90557,342.76,0.54,0.5,2026-10-03,1210,N21,VIIRS,n,2.0NRT,308.38,9.37,D
-13.4504,25.3693,335.85,0.56,0.43,2026-10-03,1210,N21,VIIRS,l,2.0NRT,310.13,9.04,D
-13.44215,23.80308,347.58,0.46,0.39,2026-10-03,1210,N21,VIIRS,l,2.0NRT,317.62,44.24,D
-13.43797,26.84103,354.63,0.46,0.47,2026-10-03,1210,N21,VIIRS,n,2.0NRT,310.6,18.95,D
-13.42793,24.59208,341.6,0.5,0.41,2026-10-03,1210,N21,VIIRS,n,2.0NRT,315.41,6.14,D
-13.42182,23.90427,338.56,0.47,0.39,2026-10-03,1210,N21,VIIRS,n,2.0NRT,309.33,6.74,D
-13.42101,22.95664,338.1,0.42,0.38,2026-10-03,1210,N21,VIIRS,l,2.0NRT,311.32,7.1,D
-13.41911,23.94328,336.11,0.47,0.4,2026-10-03,1210,N21,VIIRS,l,2.0NRT,311.03,4.73,D
-13.41549,23.94265,341.23,0.47,0.4,2026-10-03,1210,N21,VIIRS,l,2.0NRT,312.04,4.73,D
-13.41373,25.95982,367,0.4,0.44,2026-10-03,1210,N21,VIIRS,h,2.0NRT,312.42,14.26,D
-13.41119,26.696,334.79,0.45,0.47,2026-10-03,1210,N21,VIIRS,n,2.0NRT,306.97,3.87,D
-13.41064,22.95489,341.87,0.42,0.38,2026-10-03,1210,N21,VIIRS,n,2.0NRT,310.34,6.44,D
-13.40927,26.68757,342.27,0.45,0.47,2026-10-03,1210,N21,VIIRS,n,2.0NRT,304.73,7.37,D
-13.40856,26.69163,367,0.45,0.47,2026-10-03,1210,N21,VIIRS,h,2.0NRT,307.89,10.61,D
-13.40843,26.68705,333.82,0.45,0.47,2026-10-03,1210,N21,VIIRS,n,2.0NRT,303.96,1.73,D
-13.40785,26.69569,341.94,0.45,0.47,2026-10-03,1210,N21,VIIRS,n,2.0NRT,305.44,10.61,D
-13.40769,26.6911,367,0.45,0.47,2026-10-03,1210,N21,VIIRS,h,2.0NRT,307.51,9.33,D
-13.40734,28.04931,352.57,0.55,0.51,2026-10-03,1210,N21,VIIRS,n,2.0NRT,312.84,26.32,D
-13.40696,26.69515,341.61,0.45,0.47,2026-10-03,1210,N21,VIIRS,n,2.0NRT,305.39,9.33,D
-13.40655,24.1102,341.27,0.48,0.4,2026-10-03,1210,N21,VIIRS,l,2.0NRT,315.7,12.51,D
-13.40622,23.97632,346.36,0.47,0.4,2026-10-03,1210,N21,VIIRS,n,2.0NRT,315.87,8.54,D
-13.40363,28.06921,343.2,0.55,0.51,2026-10-03,1210,N21,VIIRS,n,2.0NRT,309.46,5.31,D
-13.40184,27.19388,333.1,0.48,0.48,2026-10-03,1210,N21,VIIRS,n,2.0NRT,303.27,2.6,D
-13.39406,23.23142,338.35,0.44,0.38,2026-10-03,1210,N21,VIIRS,l,2.0NRT,310.72,9.69,D
-13.39366,23.67405,353.27,0.45,0.39,2026-10-03,1210,N21,VIIRS,n,2.0NRT,321.44,31.93,D
-13.39171,25.38227,343.12,0.56,0.43,2026-10-03,1210,N21,VIIRS,n,2.0NRT,307.2,8.7,D
-13.38475,25.3758,337.79,0.56,0.43,2026-10-03,1210,N21,VIIRS,l,2.0NRT,310.48,7.85,D
-13.37944,28.3562,341.01,0.58,0.52,2026-10-03,1210,N21,VIIRS,n,2.0NRT,303.69,8.68,D
-13.37388,23.72636,345.27,0.46,0.39,2026-10-03,1210,N21,VIIRS,n,2.0NRT,314.62,17.77,D
-13.37159,24.0502,338.03,0.47,0.4,2026-10-03,1210,N21,VIIRS,l,2.0NRT,309.51,5.43,D
-13.37136,23.72739,345.57,0.46,0.39,2026-10-03,1210,N21,VIIRS,n,2.0NRT,314.27,26.1,D
-13.3691,28.13913,338.88,0.56,0.51,2026-10-03,1210,N21,VIIRS,n,2.0NRT,308.04,4.99,D
-13.36842,26.42658,338.7,0.43,0.46,2026-10-03,1210,N21,VIIRS,n,2.0NRT,308.23,16.89,D
-13.36796,24.04956,349.77,0.47,0.4,2026-10-03,1210,N21,VIIRS,n,2.0NRT,309.98,5.43,D
-13.36771,26.43053,355.34,0.43,0.46,2026-10-03,1210,N21,VIIRS,n,2.0NRT,314.57,16.89,D
-13.3671,23.73096,347.38,0.46,0.39,2026-10-03,1210,N21,VIIRS,n,2.0NRT,316.71,19.92,D
-13.36706,25.26844,336.15,0.55,0.43,2026-10-03,1210,N21,VIIRS,l,2.0NRT,309.54,5.22,D
-13.36621,28.13997,334.46,0.56,0.51,2026-10-03,1210,N21,VIIRS,l,2.0NRT,308.77,6.3,D
-13.3636,25.93563,333.19,0.4,0.44,2026-10-03,1210,N21,VIIRS,l,2.0NRT,307.6,5.06,D
-13.36353,26.42977,346.23,0.43,0.46,2026-10-03,1210,N21,VIIRS,n,2.0NRT,310.35,5.32,D
-13.36336,23.70881,367,0.46,0.39,2026-10-03,1210,N21,VIIRS,h,2.0NRT,318.32,20.24,D
-13.36317,25.26775,334.89,0.55,0.43,2026-10-03,1210,N21,VIIRS,n,2.0NRT,308.43,5.22,D
-13.36282,26.43372,338.43,0.43,0.46,2026-10-03,1210,N21,VIIRS,n,2.0NRT,306.49,2.99,D
-13.36268,23.71299,343.46,0.46,0.39,2026-10-03,1210,N21,VIIRS,n,2.0NRT,314.35,5.46,D
-13.36005,26.42512,342.26,0.43,0.46,2026-10-03,1210,N21,VIIRS,n,2.0NRT,308.46,5.32,D
-13.35834,27.15839,340.92,0.48,0.48,2026-10-03,1210,N21,VIIRS,n,2.0NRT,308.71,5.06,D
-13.35749,24.38448,346.92,0.49,0.4,2026-10-03,1210,N21,VIIRS,n,2.0NRT,313.51,6.18,D
-13.35381,23.25754,343.35,0.44,0.38,2026-10-03,1210,N21,VIIRS,n,2.0NRT,314.61,6.58,D
-13.35245,24.7418,344.62,0.51,0.41,2026-10-03,1210,N21,VIIRS,l,2.0NRT,315.25,7.46,D
-13.34785,25.81276,344.69,0.39,0.44,2026-10-03,1210,N21,VIIRS,l,2.0NRT,315.03,10.79,D
-13.34721,25.81637,349.02,0.39,0.44,2026-10-03,1210,N21,VIIRS,n,2.0NRT,312.69,9.89,D
-13.34695,25.8122,343.66,0.4,0.44,2026-10-03,1210,N21,VIIRS,n,2.0NRT,317.42,20.07,D
-13.34633,25.81583,367,0.4,0.44,2026-10-03,1210,N21,VIIRS,h,2.0NRT,315.92,23.98,D
-13.34562,26.25503,343.58,0.42,0.45,2026-10-03,1210,N21,VIIRS,n,2.0NRT,305.6,4.98,D
-13.34384,25.81198,344.67,0.39,0.44,2026-10-03,1210,N21,VIIRS,n,2.0NRT,312.16,10.79,D
-13.3432,25.81561,350.36,0.39,0.44,2026-10-03,1210,N21,VIIRS,n,2.0NRT,309.42,9.89,D
-13.34148,26.2543,346.46,0.42,0.45,2026-10-03,1210,N21,VIIRS,n,2.0NRT,307.36,4.98,D
-13.33988,28.06081,340.04,0.55,0.51,2026-10-03,1210,N21,VIIRS,n,2.0NRT,307.34,5.09,D
-13.33335,28.04387,340.7,0.55,0.51,2026-10-03,1210,N21,VIIRS,n,2.0NRT,305.93,3.56,D
-13.32595,25.95918,336.75,0.4,0.44,2026-10-03,1210,N21,VIIRS,l,2.0NRT,308.14,5.31,D
-13.32501,24.76583,335.09,0.52,0.41,2026-10-03,1210,N21,VIIRS,l,2.0NRT,308.84,7.12,D
-13.31822,26.63265,341.72,0.44,0.46,2026-10-03,1210,N21,VIIRS,n,2.0NRT,307.57,19.25,D
-13.31338,26.34119,341.94,0.43,0.46,2026-10-03,1210,N21,VIIRS,n,2.0NRT,309.46,9.96,D
-13.30665,27.882,343.89,0.54,0.51,2026-10-03,1210,N21,VIIRS,n,2.0NRT,308.02,10.11,D
-13.30647,23.60903,343.08,0.45,0.39,2026-10-03,1210,N21,VIIRS,n,2.0NRT,307.58,22.3,D
-13.30578,23.61318,339.61,0.45,0.39,2026-10-03,1210,N21,VIIRS,n,2.0NRT,306.17,22.3,D
-13.3054,23.83733,337.41,0.46,0.39,2026-10-03,1210,N21,VIIRS,l,2.0NRT,308.88,8.31,D
-13.3054,27.88463,342.6,0.54,0.51,2026-10-03,1210,N21,VIIRS,n,2.0NRT,308.04,8.98,D
-13.30361,23.60426,343.81,0.45,0.39,2026-10-03,1210,N21,VIIRS,n,2.0NRT,315.9,52.55,D
-13.30292,23.60841,353.24,0.45,0.39,2026-10-03,1210,N21,VIIRS,n,2.0NRT,315.95,22.3,D
-13.30232,26.5517,343.03,0.44,0.46,2026-10-03,1210,N21,VIIRS,l,2.0NRT,314.42,19.96,D
-13.30223,23.61256,354.52,0.45,0.39,2026-10-03,1210,N21,VIIRS,n,2.0NRT,315.43,22.3,D
-13.30126,23.88472,334.84,0.47,0.39,2026-10-03,1210,N21,VIIRS,l,2.0NRT,306.11,5.93,D
-13.30005,23.60365,367,0.45,0.39,2026-10-03,1210,N21,VIIRS,l,2.0NRT,331.78,132.9,D
-13.29936,23.60779,354.52,0.45,0.39,2026-10-03,1210,N21,VIIRS,n,2.0NRT,310.22,9.35,D
-13.29867,23.61194,340.22,0.45,0.39,2026-10-03,1210,N21,VIIRS,n,2.0NRT,308.77,9.35,D
-13.29798,23.6161,342.76,0.45,0.39,2026-10-03,1210,N21,VIIRS,n,2.0NRT,307.48,4.36,D
-13.29766,23.88409,351.27,0.47,0.39,2026-10-03,1210,N21,VIIRS,n,2.0NRT,314.63,9.26,D
-13.29695,23.88836,343.32,0.47,0.39,2026-10-03,1210,N21,VIIRS,n,2.0NRT,310.38,9.26,D
-13.29649,23.60303,367,0.45,0.39,2026-10-03,1210,N21,VIIRS,l,2.0NRT,329,132.9,D
-13.2958,23.60718,350.77,0.45,0.39,2026-10-03,1210,N21,VIIRS,n,2.0NRT,308,9.35,D
-13.29328,28.10392,332.27,0.55,0.51,2026-10-03,1210,N21,VIIRS,l,2.0NRT,302.85,2.98,D
-13.29294,23.60243,348.34,0.45,0.39,2026-10-03,1210,N21,VIIRS,n,2.0NRT,311.93,46.01,D
-13.29225,23.60657,367,0.45,0.39,2026-10-03,1210,N21,VIIRS,h,2.0NRT,310.5,15.4,D
-13.28908,25.44036,334.99,0.56,0.43,2026-10-03,1210,N21,VIIRS,l,2.0NRT,307.36,1.38,D
-13.28278,28.92822,336.39,0.63,0.54,2026-10-03,1210,N21,VIIRS,n,2.0NRT,301.72,6.78,D
-13.28014,26.70308,330.53,0.45,0.47,2026-10-03,1210,N21,VIIRS,l,2.0NRT,305.13,2.32,D
-13.27977,24.26003,340.74,0.49,0.4,2026-10-03,1210,N21,VIIRS,l,2.0NRT,311.74,11.13,D
-13.2787,23.18339,343.04,0.43,0.38,2026-10-03,1210,N21,VIIRS,l,2.0NRT,316.92,7.02,D
-13.2765,24.26147,344.81,0.49,0.4,2026-10-03,1210,N21,VIIRS,n,2.0NRT,313.62,10.49,D
-13.27576,24.26591,346.76,0.49,0.4,2026-10-03,1210,N21,VIIRS,n,2.0NRT,314.06,6.16,D
-13.27301,26.71858,337.98,0.45,0.47,2026-10-03,1210,N21,VIIRS,n,2.0NRT,300.81,6.17,D
-13.27226,23.51044,334.32,0.45,0.39,2026-10-03,1210,N21,VIIRS,n,2.0NRT,307.53,2.19,D
-13.27019,26.70959,340.46,0.45,0.47,2026-10-03,1210,N21,VIIRS,n,2.0NRT,303.97,9.49,D
-13.26947,26.71366,367,0.45,0.47,2026-10-03,1210,N21,VIIRS,h,2.0NRT,304.92,9.49,D
-13.26341,28.06895,341.43,0.55,0.51,2026-10-03,1210,N21,VIIRS,n,2.0NRT,306.01,8.64,D
-13.26168,28.06616,342.64,0.55,0.51,2026-10-03,1210,N21,VIIRS,n,2.0NRT,307.38,13.61,D
-13.2551,24.92761,344.93,0.53,0.42,2026-10-03,1210,N21,VIIRS,n,2.0NRT,310.5,14.75,D
-13.2515,24.67252,347.08,0.51,0.41,2026-10-03,1210,N21,VIIRS,n,2.0NRT,318.68,12.15,D
-13.25133,28.2763,338.14,0.57,0.52,2026-10-03,1210,N21,VIIRS,n,2.0NRT,306.36,5.78,D
-13.25131,23.46054,340.44,0.45,0.39,2026-10-03,1210,N21,VIIRS,n,2.0NRT,307.41,6.14,D
-13.24997,24.59091,340.42,0.51,0.41,2026-10-03,1210,N21,VIIRS,l,2.0NRT,312.56,4.49,D
-13.23905,26.54,340.73,0.44,0.46,2026-10-03,1210,N21,VIIRS,n,2.0NRT,304.72,5.33,D
-13.22997,23.63483,343.37,0.45,0.39,2026-10-03,1210,N21,VIIRS,n,2.0NRT,313.16,11.19,D
-13.22427,25.37012,343.67,0.56,0.43,2026-10-03,1210,N21,VIIRS,n,2.0NRT,308.83,20.53,D
-13.2242,27.99338,335.42,0.55,0.51,2026-10-03,1210,N21,VIIRS,l,2.0NRT,305.86,4.78,D
-13.22169,28.53989,343.49,0.6,0.53,2026-10-03,1210,N21,VIIRS,n,2.0NRT,300.39,12.47,D
-13.21164,27.14256,343.18,0.48,0.48,2026-10-03,1210,N21,VIIRS,n,2.0NRT,307.09,6.39,D
-13.21138,27.83441,330.99,0.54,0.5,2026-10-03,1210,N21,VIIRS,l,2.0NRT,305.11,3.33,D
-13.21118,27.14484,339.28,0.48,0.48,2026-10-03,1210,N21,VIIRS,n,2.0NRT,305.29,3.24,D
-13.21051,27.83932,332.6,0.54,0.5,2026-10-03,1210,N21,VIIRS,l,2.0NRT,305.24,3.33,D
-13.21009,27.83726,344.12,0.53,0.5,2026-10-03,1210,N21,VIIRS,n,2.0NRT,307.04,8.36,D
-13.20445,23.9925,346.46,0.47,0.4,2026-10-03,1210,N21,VIIRS,n,2.0NRT,311.84,11.64,D
-13.20413,24.33156,334.43,0.49,0.4,2026-10-03,1210,N21,VIIRS,n,2.0NRT,306.02,3.84,D
-13.20374,23.9968,342.75,0.47,0.4,2026-10-03,1210,N21,VIIRS,n,2.0NRT,310.48,11.64,D
-13.2012,27.73271,340.75,0.53,0.5,2026-10-03,1210,N21,VIIRS,n,2.0NRT,304.92,8.09,D
-13.20044,24.3309,339.85,0.49,0.4,2026-10-03,1210,N21,VIIRS,n,2.0NRT,308.79,7.58,D
-13.19689,26.16725,332.82,0.42,0.45,2026-10-03,1210,N21,VIIRS,l,2.0NRT,306.08,5.68,D
-13.19637,29.30365,341.35,0.34,0.56,2026-10-03,1210,N21,VIIRS,n,2.0NRT,298.16,5.13,D
-13.19188,25.06706,347.49,0.54,0.42,2026-10-03,1210,N21,VIIRS,n,2.0NRT,311.47,14.02,D
-13.18718,23.6275,338.43,0.45,0.39,2026-10-03,1210,N21,VIIRS,l,2.0NRT,311.62,5.29,D
-13.18062,26.65071,339.85,0.45,0.47,2026-10-03,1210,N21,VIIRS,n,2.0NRT,303.43,1.57,D
-13.18051,27.4607,332.85,0.51,0.49,2026-10-03,1210,N21,VIIRS,l,2.0NRT,306.31,3.63,D
-13.17745,25.33833,347.08,0.56,0.43,2026-10-03,1210,N21,VIIRS,n,2.0NRT,308.4,10.04,D
-13.177,27.78802,339,0.53,0.5,2026-10-03,1210,N21,VIIRS,n,2.0NRT,306.58,33.5,D
-13.1764,24.16295,341.44,0.48,0.4,2026-10-03,1210,N21,VIIRS,n,2.0NRT,310.97,4.2,D
-13.17611,27.79289,341.9,0.53,0.5,2026-10-03,1210,N21,VIIRS,n,2.0NRT,308.23,33.5,D
-13.16599,23.97678,342.21,0.47,0.4,2026-10-03,1210,N21,VIIRS,n,2.0NRT,311.15,11.51,D
-13.15982,25.09168,339.39,0.54,0.42,2026-10-03,1210,N21,VIIRS,l,2.0NRT,312.93,9.83,D
-13.15289,25.68312,343.6,0.39,0.44,2026-10-03,1210,N21,VIIRS,n,2.0NRT,311.25,7.04,D
-13.15077,24.02321,339.76,0.47,0.4,2026-10-03,1210,N21,VIIRS,l,2.0NRT,314.48,37.12,D
-13.14468,26.58123,340.61,0.44,0.46,2026-10-03,1210,N21,VIIRS,n,2.0NRT,305.76,21.99,D
-13.13694,26.5756,341.78,0.44,0.46,2026-10-03,1210,N21,VIIRS,n,2.0NRT,308.7,24.28,D
-13.13621,26.57966,340.86,0.44,0.46,2026-10-03,1210,N21,VIIRS,n,2.0NRT,303.3,24.28,D
-13.12683,22.93198,346.14,0.43,0.38,2026-10-03,1210,N21,VIIRS,n,2.0NRT,312.73,12.12,D
-13.12676,27.56772,335.55,0.52,0.5,2026-10-03,1210,N21,VIIRS,n,2.0NRT,304.15,6.37,D
-13.1261,23.96979,341.72,0.47,0.4,2026-10-03,1210,N21,VIIRS,l,2.0NRT,312.97,23.9,D
-13.12607,27.65372,336.62,0.52,0.5,2026-10-03,1210,N21,VIIRS,l,2.0NRT,308.61,6.98,D
-13.12307,27.56226,335.31,0.51,0.5,2026-10-03,1210,N21,VIIRS,n,2.0NRT,303.95,6.59,D
-13.12273,22.93529,344.59,0.43,0.38,2026-10-03,1210,N21,VIIRS,n,2.0NRT,314.59,8.08,D
-13.12223,27.5669,345.77,0.52,0.5,2026-10-03,1210,N21,VIIRS,n,2.0NRT,305.2,6.59,D
-13.11864,22.93861,341.14,0.43,0.38,2026-10-03,1210,N21,VIIRS,l,2.0NRT,315.55,30.73,D
-13.11454,22.94193,345.31,0.43,0.38,2026-10-03,1210,N21,VIIRS,n,2.0NRT,312.51,7.24,D
-13.1118,27.70379,339.54,0.53,0.5,2026-10-03,1210,N21,VIIRS,n,2.0NRT,304.85,3.91,D
-13.11171,22.93745,349.06,0.43,0.38,2026-10-03,1210,N21,VIIRS,n,2.0NRT,318.97,17.1,D
-13.11168,27.70557,334.94,0.53,0.5,2026-10-03,1210,N21,VIIRS,n,2.0NRT,303.67,2.52,D
-13.11107,22.94135,352.68,0.43,0.38,2026-10-03,1210,N21,VIIRS,l,2.0NRT,325.48,24.89,D
-13.10582,26.77376,338.03,0.46,0.47,2026-10-03,1210,N21,VIIRS,n,2.0NRT,303.93,5.78,D
-13.08819,24.76484,336.56,0.52,0.42,2026-10-03,1210,N21,VIIRS,n,2.0NRT,307.72,4.84,D
-13.08817,27.59992,330.27,0.52,0.5,2026-10-03,1210,N21,VIIRS,l,2.0NRT,302.43,1.86,D
-13.08723,24.7677,333.82,0.52,0.41,2026-10-03,1210,N21,VIIRS,l,2.0NRT,305.19,4.46,D
-13.08589,23.71379,333.87,0.46,0.39,2026-10-03,1210,N21,VIIRS,l,2.0NRT,307.83,3.44,D
-13.08522,23.07835,346.64,0.43,0.38,2026-10-03,1210,N21,VIIRS,n,2.0NRT,314.57,15.39,D
-13.0845,23.7222,343.55,0.46,0.39,2026-10-03,1210,N21,VIIRS,n,2.0NRT,309.54,7.87,D
-13.0838,23.72641,367,0.46,0.39,2026-10-03,1210,N21,VIIRS,h,2.0NRT,314.25,19.95,D
-13.0838,23.92784,348,0.47,0.4,2026-10-03,1210,N21,VIIRS,n,2.0NRT,312.16,12.23,D
-13.08308,23.93217,367,0.47,0.4,2026-10-03,1210,N21,VIIRS,h,2.0NRT,316.16,12.23,D
-13.08174,23.07774,367,0.43,0.38,2026-10-03,1210,N21,VIIRS,h,2.0NRT,335.48,138.21,D
-13.08091,23.72157,342.02,0.46,0.39,2026-10-03,1210,N21,VIIRS,n,2.0NRT,311.53,7.87,D
-13.07865,25.25545,333.09,0.55,0.43,2026-10-03,1210,N21,VIIRS,l,2.0NRT,307.37,6.76,D
-13.07819,23.18751,339.3,0.44,0.38,2026-10-03,1210,N21,VIIRS,l,2.0NRT,309.31,4.09,D
-13.0779,23.4789,343.46,0.45,0.39,2026-10-03,1210,N21,VIIRS,n,2.0NRT,314.51,4.31,D
-13.07679,27.1365,351.51,0.48,0.48,2026-10-03,1210,N21,VIIRS,n,2.0NRT,305.48,7.91,D
-13.07479,23.45315,337.47,0.45,0.39,2026-10-03,1210,N21,VIIRS,l,2.0NRT,312.42,2.81,D
-13.07332,23.61262,355.02,0.45,0.39,2026-10-03,1210,N21,VIIRS,n,2.0NRT,317.06,31.91,D
-13.07303,22.63323,339.81,0.42,0.37,2026-10-03,1210,N21,VIIRS,l,2.0NRT,312.93,4.42,D
-13.07242,22.63704,334.61,0.42,0.37,2026-10-03,1210,N21,VIIRS,l,2.0NRT,309.06,4.42,D
-13.06207,23.92403,355.59,0.47,0.4,2026-10-03,1210,N21,VIIRS,n,2.0NRT,313.08,22.45,D
-13.05868,24.66228,330.91,0.51,0.41,2026-10-03,1210,N21,VIIRS,l,2.0NRT,304.68,4.61,D
-13.05491,24.66161,345.34,0.51,0.41,2026-10-03,1210,N21,VIIRS,n,2.0NRT,305.35,4.61,D
-13.05114,24.66094,346.08,0.51,0.41,2026-10-03,1210,N21,VIIRS,n,2.0NRT,307.73,21.59,D
-13.05053,26.57204,330.23,0.45,0.47,2026-10-03,1210,N21,VIIRS,l,2.0NRT,304.03,3.54,D
-13.05044,25.93044,339.51,0.41,0.45,2026-10-03,1210,N21,VIIRS,n,2.0NRT,305.9,3.51,D
-13.04637,25.92973,331.79,0.41,0.45,2026-10-03,1210,N21,VIIRS,l,2.0NRT,305.69,3.51,D
-13.0411,24.14012,341.13,0.48,0.4,2026-10-03,1210,N21,VIIRS,l,2.0NRT,311.57,8.26,D
-13.04037,24.14453,337.36,0.48,0.4,2026-10-03,1210,N21,VIIRS,n,2.0NRT,308.6,4.52,D
-13.03817,24.13506,338.46,0.48,0.4,2026-10-03,1210,N21,VIIRS,l,2.0NRT,310.65,4.95,D
-13.03744,24.13946,339.51,0.48,0.4,2026-10-03,1210,N21,VIIRS,n,2.0NRT,309.23,4.95,D
-13.03671,24.14387,342.36,0.48,0.4,2026-10-03,1210,N21,VIIRS,n,2.0NRT,310.28,6.49,D
-13.03598,24.12563,346.77,0.48,0.4,2026-10-03,1210,N21,VIIRS,n,2.0NRT,312.57,9.69,D
-13.03529,23.99499,342.92,0.47,0.4,2026-10-03,1210,N21,VIIRS,n,2.0NRT,313.66,30.52,D
-13.03198,24.35479,336.61,0.5,0.41,2026-10-03,1210,N21,VIIRS,n,2.0NRT,307.45,10.35,D
-13.03123,24.35932,346.48,0.5,0.41,2026-10-03,1210,N21,VIIRS,n,2.0NRT,310.78,10.35,D
-13.02562,26.73717,337.16,0.46,0.47,2026-10-03,1210,N21,VIIRS,n,2.0NRT,304.54,3.92,D
-13.01853,23.39685,340.57,0.45,0.39,2026-10-03,1210,N21,VIIRS,n,2.0NRT,308.22,4.24,D
-13.01377,23.42569,347.08,0.45,0.39,2026-10-03,1210,N21,VIIRS,n,2.0NRT,315.42,13.68,D
-13.0129,24.28642,349.66,0.49,0.4,2026-10-03,1210,N21,VIIRS,n,2.0NRT,309.79,5.19,D
-13.01216,24.2909,334.31,0.49,0.4,2026-10-03,1210,N21,VIIRS,l,2.0NRT,306.25,5.19,D
-13.01063,25.08609,338.06,0.54,0.42,2026-10-03,1210,N21,VIIRS,l,2.0NRT,311.81,5.65,D
-13.00974,24.3509,346.37,0.5,0.41,2026-10-03,1210,N21,VIIRS,n,2.0NRT,310.37,16.06,D
-13.00846,24.29024,333.92,0.49,0.4,2026-10-03,1210,N21,VIIRS,l,2.0NRT,307.87,5.19,D
-13.00345,25.88772,334.37,0.4,0.45,2026-10-03,1210,N21,VIIRS,l,2.0NRT,304.53,4.17,D
-13.00337,25.88832,333.98,0.4,0.45,2026-10-03,1210,N21,VIIRS,l,2.0NRT,305.29,3.47,D
-12.99936,23.73508,340.36,0.46,0.39,2026-10-03,1210,N21,VIIRS,n,2.0NRT,311.05,9.05,D
-12.998,27.17279,343.98,0.49,0.48,2026-10-03,1210,N21,VIIRS,n,2.0NRT,309.02,7.15,D
-12.99775,22.51136,345.53,0.41,0.37,2026-10-03,1210,N21,VIIRS,n,2.0NRT,315.07,7.62,D
-12.99749,27.17179,337.42,0.49,0.48,2026-10-03,1210,N21,VIIRS,n,2.0NRT,309.88,13.6,D
-12.99667,27.17627,342.27,0.49,0.48,2026-10-03,1210,N21,VIIRS,n,2.0NRT,307.27,13.6,D
-12.99358,27.17197,342.83,0.49,0.48,2026-10-03,1210,N21,VIIRS,n,2.0NRT,306.19,12.85,D
-12.99187,26.82658,339.65,0.46,0.47,2026-10-03,1210,N21,VIIRS,n,2.0NRT,303.77,5.15,D
-12.98719,24.41702,345.49,0.5,0.41,2026-10-03,1210,N21,VIIRS,n,2.0NRT,310.32,18.85,D
-12.98642,24.42159,332.47,0.5,0.41,2026-10-03,1210,N21,VIIRS,l,2.0NRT,303.32,7.27,D
-12.98639,27.81846,331.29,0.54,0.51,2026-10-03,1210,N21,VIIRS,l,2.0NRT,301.7,2.24,D
-12.9827,24.42093,343.68,0.5,0.41,2026-10-03,1210,N21,VIIRS,n,2.0NRT,313,29.63,D
-12.97781,24.99889,344.15,0.54,0.42,2026-10-03,1210,N21,VIIRS,n,2.0NRT,311.27,16.7,D
-12.97679,28.68681,342.3,0.62,0.54,2026-10-03,1210,N21,VIIRS,n,2.0NRT,304.5,12.08,D
-12.97565,23.17009,335.53,0.44,0.38,2026-10-03,1210,N21,VIIRS,l,2.0NRT,309.99,5.38,D
-12.97397,24.99817,342.96,0.54,0.42,2026-10-03,1210,N21,VIIRS,l,2.0NRT,316.68,16.7,D
-12.97128,24.92193,346.99,0.53,0.42,2026-10-03,1210,N21,VIIRS,n,2.0NRT,309.14,70.13,D
-12.97091,23.61784,350.31,0.46,0.39,2026-10-03,1210,N21,VIIRS,n,2.0NRT,310.8,7.91,D
-12.97027,23.24743,334.25,0.44,0.38,2026-10-03,1210,N21,VIIRS,l,2.0NRT,307.35,5.13,D
-12.96995,24.00364,346.63,0.48,0.4,2026-10-03,1210,N21,VIIRS,n,2.0NRT,309.67,20.2,D
-12.96829,24.9164,335.11,0.53,0.42,2026-10-03,1210,N21,VIIRS,l,2.0NRT,307.01,6.97,D
-12.96745,24.92126,351.68,0.53,0.42,2026-10-03,1210,N21,VIIRS,n,2.0NRT,310.26,17.44,D
-12.96661,24.92612,346.8,0.53,0.42,2026-10-03,1210,N21,VIIRS,n,2.0NRT,307.88,17.44,D
-12.96631,24.003,346.57,0.48,0.4,2026-10-03,1210,N21,VIIRS,n,2.0NRT,307.09,9.44,D
-12.96446,24.91574,345.56,0.53,0.42,2026-10-03,1210,N21,VIIRS,n,2.0NRT,309.88,6.97,D
-12.96194,24.00673,342.49,0.48,0.4,2026-10-03,1210,N21,VIIRS,n,2.0NRT,306.88,9.92,D
-12.96179,24.91734,335.9,0.53,0.42,2026-10-03,1210,N21,VIIRS,n,2.0NRT,307.41,6.06,D
-12.96006,26.90379,341.33,0.47,0.48,2026-10-03,1210,N21,VIIRS,n,2.0NRT,304.4,9.35,D
-12.957,25.84177,341.52,0.4,0.44,2026-10-03,1210,N21,VIIRS,n,2.0NRT,305.07,7.28,D
-12.95454,23.91616,337.85,0.47,0.4,2026-10-03,1210,N21,VIIRS,l,2.0NRT,308.15,6.98,D
-12.9531,23.92478,347.17,0.47,0.4,2026-10-03,1210,N21,VIIRS,n,2.0NRT,309.04,8.31,D
-12.95294,25.84107,332.77,0.4,0.44,2026-10-03,1210,N21,VIIRS,l,2.0NRT,303.87,7.28,D
-12.95238,23.9291,333.26,0.47,0.4,2026-10-03,1210,N21,VIIRS,l,2.0NRT,307.67,8.31,D
-12.95229,22.86228,345.28,0.43,0.38,2026-10-03,1210,N21,VIIRS,n,2.0NRT,309.73,4.98,D
-12.95037,24.07657,333.79,0.48,0.4,2026-10-03,1210,N21,VIIRS,l,2.0NRT,305.8,3.83,D
-12.94729,23.91489,338.11,0.47,0.4,2026-10-03,1210,N21,VIIRS,l,2.0NRT,309.46,16.08,D
-12.9421,27.7274,341.44,0.53,0.5,2026-10-03,1210,N21,VIIRS,n,2.0NRT,306.86,15.45,D
-12.94142,25.83527,334.77,0.4,0.44,2026-10-03,1210,N21,VIIRS,l,2.0NRT,306.64,4.39,D
-12.93712,26.62303,335.38,0.45,0.47,2026-10-03,1210,N21,VIIRS,l,2.0NRT,308.08,6.38,D
-12.92548,24.13558,335.35,0.48,0.4,2026-10-03,1210,N21,VIIRS,l,2.0NRT,309.81,5.93,D
-12.92366,24.67843,341.38,0.52,0.41,2026-10-03,1210,N21,VIIRS,n,2.0NRT,308.24,13.9,D
-12.92019,24.21273,342.36,0.49,0.4,2026-10-03,1210,N21,VIIRS,n,2.0NRT,310.11,8.76,D
-12.91904,27.07986,345.53,0.48,0.48,2026-10-03,1210,N21,VIIRS,n,2.0NRT,304.89,6.28,D
-12.91051,26.8736,340.92,0.47,0.48,2026-10-03,1210,N21,VIIRS,n,2.0NRT,305.77,5.53,D
-12.90177,23.57662,343.45,0.46,0.39,2026-10-03,1210,N21,VIIRS,n,2.0NRT,309.63,9.88,D
-12.90108,23.58082,341.44,0.46,0.39,2026-10-03,1210,N21,VIIRS,n,2.0NRT,310.28,9.88,D
-12.89783,27.76491,336.06,0.54,0.51,2026-10-03,1210,N21,VIIRS,n,2.0NRT,303.88,6.11,D
-12.89163,25.90603,351.3,0.41,0.45,2026-10-03,1210,N21,VIIRS,n,2.0NRT,312.88,28.8,D
-12.89111,25.9063,349.74,0.41,0.45,2026-10-03,1210,N21,VIIRS,n,2.0NRT,312.51,28.17,D
-12.88692,25.90899,351.28,0.41,0.45,2026-10-03,1210,N21,VIIRS,n,2.0NRT,313.49,21.79,D
-12.88629,25.91269,338.82,0.41,0.45,2026-10-03,1210,N21,VIIRS,n,2.0NRT,305.45,11.05,D
-12.88565,25.91641,335.49,0.41,0.45,2026-10-03,1210,N21,VIIRS,n,2.0NRT,304.87,11.05,D
-12.88285,25.90824,344.88,0.41,0.45,2026-10-03,1210,N21,VIIRS,l,2.0NRT,315.96,21.79,D
-12.87581,23.02679,343.17,0.43,0.38,2026-10-03,1210,N21,VIIRS,n,2.0NRT,314.38,7.12,D
-12.87506,23.18597,331.74,0.44,0.38,2026-10-03,1210,N21,VIIRS,l,2.0NRT,306.15,4.1,D
-12.87441,23.18995,334.78,0.44,0.38,2026-10-03,1210,N21,VIIRS,l,2.0NRT,308,4.1,D
-12.86168,24.2669,337.09,0.49,0.4,2026-10-03,1210,N21,VIIRS,l,2.0NRT,310.83,3.98,D
-12.8612,27.47189,341.3,0.51,0.5,2026-10-03,1210,N21,VIIRS,n,2.0NRT,305.13,13.97,D
-12.85799,24.26626,338.57,0.49,0.4,2026-10-03,1210,N21,VIIRS,l,2.0NRT,310.35,3.98,D
-12.84066,23.17592,333.14,0.44,0.38,2026-10-03,1210,N21,VIIRS,l,2.0NRT,306.18,5.57,D
-12.84,23.17992,345.04,0.44,0.38,2026-10-03,1210,N21,VIIRS,n,2.0NRT,306.85,8.68,D
-12.83298,23.17876,331.98,0.44,0.38,2026-10-03,1210,N21,VIIRS,l,2.0NRT,304.17,1.92,D
-12.83275,24.3919,339.07,0.5,0.41,2026-10-03,1210,N21,VIIRS,n,2.0NRT,305.11,6.87,D
-12.83097,23.25696,346.94,0.44,0.38,2026-10-03,1210,N21,VIIRS,n,2.0NRT,311.54,10.78,D
-12.83094,24.39291,330.88,0.5,0.41,2026-10-03,1210,N21,VIIRS,n,2.0NRT,303.36,3.48,D
-12.83041,24.40563,337.98,0.5,0.41,2026-10-03,1210,N21,VIIRS,n,2.0NRT,301.11,4.46,D
-12.82907,27.30551,332.42,0.5,0.49,2026-10-03,1210,N21,VIIRS,l,2.0NRT,307.25,9.96,D
-12.8247,26.81933,334.98,0.47,0.47,2026-10-03,1210,N21,VIIRS,n,2.0NRT,304.53,5.23,D
-12.82389,25.74232,346.6,0.4,0.44,2026-10-03,1210,N21,VIIRS,n,2.0NRT,310.46,10.69,D
-12.8226,27.29009,342.08,0.5,0.49,2026-10-03,1210,N21,VIIRS,n,2.0NRT,304.88,15.23,D
-12.81833,25.89249,337.24,0.41,0.45,2026-10-03,1210,N21,VIIRS,l,2.0NRT,310.04,2.57,D
-12.8079,23.87347,339.65,0.47,0.4,2026-10-03,1210,N21,VIIRS,n,2.0NRT,309.24,5.94,D
-12.80704,23.87448,338.06,0.47,0.4,2026-10-03,1210,N21,VIIRS,n,2.0NRT,308.28,3.88,D
-12.80557,24.04316,334.8,0.48,0.4,2026-10-03,1210,N21,VIIRS,l,2.0NRT,307.24,21.24,D
-12.80449,26.31289,347.09,0.43,0.46,2026-10-03,1210,N21,VIIRS,n,2.0NRT,302.67,8.36,D
-12.80266,24.0381,335.88,0.48,0.4,2026-10-03,1210,N21,VIIRS,l,2.0NRT,308.53,20.8,D
-12.80192,24.0425,338.88,0.48,0.4,2026-10-03,1210,N21,VIIRS,l,2.0NRT,311.35,21.24,D
-12.79901,24.03743,337.12,0.48,0.4,2026-10-03,1210,N21,VIIRS,n,2.0NRT,309.46,8,D
-12.79458,24.06375,331.92,0.48,0.4,2026-10-03,1210,N21,VIIRS,n,2.0NRT,302.62,4.02,D
-12.79387,24.31658,338.11,0.5,0.41,2026-10-03,1210,N21,VIIRS,n,2.0NRT,308.08,15.81,D
-12.79236,24.32564,345.05,0.5,0.41,2026-10-03,1210,N21,VIIRS,n,2.0NRT,306.58,14.05,D
-12.78351,25.82848,342.22,0.4,0.45,2026-10-03,1210,N21,VIIRS,n,2.0NRT,308.44,16.53,D
-12.78306,25.2639,341.98,0.56,0.43,2026-10-03,1210,N21,VIIRS,n,2.0NRT,307.12,7.93,D
-12.78289,25.83215,351.6,0.4,0.45,2026-10-03,1210,N21,VIIRS,n,2.0NRT,312.94,27.91,D
-12.78251,25.26535,343.71,0.56,0.43,2026-10-03,1210,N21,VIIRS,n,2.0NRT,307.51,6.53,D
-12.77946,25.82771,341.86,0.4,0.45,2026-10-03,1210,N21,VIIRS,n,2.0NRT,308.65,16.53,D
-12.77883,25.83137,342.05,0.4,0.45,2026-10-03,1210,N21,VIIRS,n,2.0NRT,307.7,27.91,D
-12.77805,26.51516,341.49,0.45,0.47,2026-10-03,1210,N21,VIIRS,n,2.0NRT,304.75,10.6,D
-12.77216,25.2567,345.62,0.56,0.43,2026-10-03,1210,N21,VIIRS,n,2.0NRT,307.51,9.46,D
-12.75778,23.67774,331.4,0.46,0.39,2026-10-03,1210,N21,VIIRS,n,2.0NRT,303.87,1.61,D
-12.75733,27.73066,342.29,0.54,0.51,2026-10-03,1210,N21,VIIRS,n,2.0NRT,302.6,12.71,D
-12.74977,23.63721,336.59,0.46,0.39,2026-10-03,1210,N21,VIIRS,n,2.0NRT,310.51,25.32,D
-12.74682,25.35828,334.43,0.57,0.43,2026-10-03,1210,N21,VIIRS,n,2.0NRT,304.41,11.86,D
-12.74529,26.16052,333.66,0.42,0.45,2026-10-03,1210,N21,VIIRS,n,2.0NRT,302.42,5.1,D
-12.74467,29.0421,334.74,0.33,0.55,2026-10-03,1210,N21,VIIRS,n,2.0NRT,294.88,2.86,D
-12.7446,26.1644,339.79,0.42,0.46,2026-10-03,1210,N21,VIIRS,n,2.0NRT,302.8,5.1,D
-12.74429,24.12008,341.01,0.49,0.4,2026-10-03,1210,N21,VIIRS,n,2.0NRT,306.39,6.86,D
-12.74358,26.16016,333.1,0.42,0.46,2026-10-03,1210,N21,VIIRS,n,2.0NRT,302.41,2.59,D
-12.74291,26.16405,332.95,0.42,0.46,2026-10-03,1210,N21,VIIRS,n,2.0NRT,301.88,2.59,D
-12.73421,26.89903,338.04,0.47,0.48,2026-10-03,1210,N21,VIIRS,n,2.0NRT,300.94,16.78,D
-12.72985,26.89828,351.2,0.47,0.48,2026-10-03,1210,N21,VIIRS,n,2.0NRT,310.9,16.78,D
-12.7056,23.85653,347.6,0.47,0.4,2026-10-03,1210,N21,VIIRS,n,2.0NRT,310.33,7.28,D
-12.69521,23.62006,339.84,0.46,0.39,2026-10-03,1210,N21,VIIRS,n,2.0NRT,303.66,6.41,D
-12.68839,23.68412,333.37,0.46,0.39,2026-10-03,1210,N21,VIIRS,n,2.0NRT,305.81,2.72,D
-12.68639,27.67663,341.4,0.53,0.5,2026-10-03,1210,N21,VIIRS,n,2.0NRT,304.29,7.78,D
-12.67525,25.87493,349.78,0.41,0.45,2026-10-03,1210,N21,VIIRS,n,2.0NRT,303.34,6.07,D
-12.67462,25.87864,340.44,0.41,0.45,2026-10-03,1210,N21,VIIRS,n,2.0NRT,303.75,6.07,D
-12.6705,26.28372,343.28,0.43,0.46,2026-10-03,1210,N21,VIIRS,n,2.0NRT,300.27,7.84,D
-12.66747,22.81528,340.3,0.43,0.38,2026-10-03,1210,N21,VIIRS,n,2.0NRT,314.75,3.51,D
-12.6663,26.28302,346,0.43,0.46,2026-10-03,1210,N21,VIIRS,n,2.0NRT,304.18,7.84,D
-12.66068,23.25426,344.43,0.44,0.39,2026-10-03,1210,N21,VIIRS,n,2.0NRT,314.39,8.04,D
-12.65964,24.15086,335.16,0.49,0.4,2026-10-03,1210,N21,VIIRS,n,2.0NRT,303.43,6.24,D
-12.65898,24.28981,338.76,0.5,0.41,2026-10-03,1210,N21,VIIRS,l,2.0NRT,310.82,6.94,D
-12.65516,23.26595,343.45,0.44,0.39,2026-10-03,1210,N21,VIIRS,n,2.0NRT,314.65,8.45,D
-12.65156,24.28848,346.96,0.5,0.41,2026-10-03,1210,N21,VIIRS,n,2.0NRT,311.98,16.8,D
-12.65079,24.29301,335.75,0.5,0.41,2026-10-03,1210,N21,VIIRS,l,2.0NRT,308.95,6.34,D
-12.65002,24.29755,331.61,0.5,0.41,2026-10-03,1210,N21,VIIRS,l,2.0NRT,302.8,6.34,D
-12.64906,22.88437,344.93,0.43,0.38,2026-10-03,1210,N21,VIIRS,l,2.0NRT,319.48,6.27,D
-12.64708,24.29234,339.87,0.5,0.41,2026-10-03,1210,N21,VIIRS,n,2.0NRT,304.95,8.23,D
-12.64559,22.88377,367,0.43,0.38,2026-10-03,1210,N21,VIIRS,l,2.0NRT,325.25,6.27,D
-12.64495,22.88769,367,0.43,0.38,2026-10-03,1210,N21,VIIRS,l,2.0NRT,325.22,7.15,D
-12.63156,22.62661,336.46,0.42,0.38,2026-10-03,1210,N21,VIIRS,l,2.0NRT,310.78,3.29,D
-12.63148,26.53038,334.58,0.45,0.47,2026-10-03,1210,N21,VIIRS,n,2.0NRT,304.09,7.07,D
-12.62997,22.61453,348.15,0.42,0.38,2026-10-03,1210,N21,VIIRS,n,2.0NRT,313.51,7.03,D
-12.61975,23.91903,332.69,0.48,0.4,2026-10-03,1210,N21,VIIRS,n,2.0NRT,305.45,3.03,D
-12.61402,22.60396,341.9,0.42,0.38,2026-10-03,1210,N21,VIIRS,l,2.0NRT,313.15,2.7,D
-12.60702,22.80119,344,0.43,0.38,2026-10-03,1210,N21,VIIRS,n,2.0NRT,310.95,7.9,D
-12.60639,22.80508,344.32,0.43,0.38,2026-10-03,1210,N21,VIIRS,n,2.0NRT,310.28,7.9,D
-12.60631,28.45071,336.43,0.6,0.53,2026-10-03,1210,N21,VIIRS,n,2.0NRT,303.42,7.37,D
-12.6004,25.84562,340.53,0.41,0.45,2026-10-03,1210,N21,VIIRS,n,2.0NRT,305.73,7.67,D
-12.60012,26.01581,337.24,0.42,0.45,2026-10-03,1210,N21,VIIRS,n,2.0NRT,303.88,3.81,D
-12.59828,26.22301,342.13,0.43,0.46,2026-10-03,1210,N21,VIIRS,n,2.0NRT,305.67,5.74,D
-12.59601,26.01502,335.06,0.42,0.45,2026-10-03,1210,N21,VIIRS,n,2.0NRT,302.61,3.81,D
-12.5921,26.57844,339.76,0.45,0.47,2026-10-03,1210,N21,VIIRS,n,2.0NRT,301.34,4.3,D
-12.58688,26.73228,350.26,0.46,0.47,2026-10-03,1210,N21,VIIRS,n,2.0NRT,304.42,15.11,D
-12.58408,26.72296,340.48,0.46,0.47,2026-10-03,1210,N21,VIIRS,n,2.0NRT,297.3,8.69,D
-12.58406,27.08101,345.38,0.49,0.49,2026-10-03,1210,N21,VIIRS,n,2.0NRT,299.13,8.28,D
-12.58343,27.07978,339.75,0.49,0.48,2026-10-03,1210,N21,VIIRS,n,2.0NRT,300.18,8.97,D
-12.58332,26.72723,332.56,0.46,0.47,2026-10-03,1210,N21,VIIRS,n,2.0NRT,299.32,8.69,D
-12.57976,26.72216,348.76,0.46,0.47,2026-10-03,1210,N21,VIIRS,n,2.0NRT,304.24,8.69,D
-12.57733,25.12162,335.53,0.55,0.43,2026-10-03,1210,N21,VIIRS,n,2.0NRT,301.32,5.4,D
-12.57342,25.12096,337.31,0.55,0.43,2026-10-03,1210,N21,VIIRS,n,2.0NRT,308.17,5.4,D
-12.5734,23.88077,344.77,0.47,0.4,2026-10-03,1210,N21,VIIRS,n,2.0NRT,302.48,8.42,D
-12.572,26.49417,342.85,0.45,0.47,2026-10-03,1210,N21,VIIRS,n,2.0NRT,305.4,7.94,D
-12.57136,27.53018,349.73,0.52,0.5,2026-10-03,1210,N21,VIIRS,n,2.0NRT,301.94,10.82,D
-12.56976,23.88017,344.09,0.47,0.4,2026-10-03,1210,N21,VIIRS,n,2.0NRT,300.85,8.42,D
-12.56919,26.49118,330.03,0.45,0.47,2026-10-03,1210,N21,VIIRS,l,2.0NRT,305,5.75,D
-12.55903,26.07965,337.26,0.42,0.45,2026-10-03,1210,N21,VIIRS,n,2.0NRT,307.02,18.63,D
-12.55887,27.14626,342.02,0.49,0.49,2026-10-03,1210,N21,VIIRS,n,2.0NRT,303.5,11.12,D
-12.55776,27.14481,338.42,0.49,0.49,2026-10-03,1210,N21,VIIRS,n,2.0NRT,301.16,9.55,D
-12.55484,25.91774,335.29,0.41,0.45,2026-10-03,1210,N21,VIIRS,n,2.0NRT,302.08,3.85,D
-12.55384,26.71746,350.2,0.46,0.47,2026-10-03,1210,N21,VIIRS,n,2.0NRT,304.34,8.4,D
-12.55198,27.10742,332.02,0.49,0.49,2026-10-03,1210,N21,VIIRS,n,2.0NRT,302.91,4.26,D
-12.55003,22.56648,336.94,0.42,0.38,2026-10-03,1210,N21,VIIRS,l,2.0NRT,310.78,4.34,D
-12.54952,26.7167,337.69,0.46,0.47,2026-10-03,1210,N21,VIIRS,n,2.0NRT,307.07,9.52,D
-12.54943,22.57029,346.26,0.42,0.38,2026-10-03,1210,N21,VIIRS,n,2.0NRT,311.54,7.53,D
-12.54768,22.51508,350.21,0.42,0.37,2026-10-03,1210,N21,VIIRS,n,2.0NRT,318.41,14.2,D
-12.54486,22.5107,344.96,0.42,0.37,2026-10-03,1210,N21,VIIRS,l,2.0NRT,319.23,9.24,D
-12.5401,26.71943,339.16,0.46,0.47,2026-10-03,1210,N21,VIIRS,n,2.0NRT,299.97,8.27,D
-12.53889,26.71697,332.99,0.46,0.47,2026-10-03,1210,N21,VIIRS,n,2.0NRT,299.75,6.12,D
-12.53768,26.27292,339.5,0.43,0.46,2026-10-03,1210,N21,VIIRS,n,2.0NRT,302.77,6.79,D
-12.53483,22.59537,340.84,0.42,0.38,2026-10-03,1210,N21,VIIRS,l,2.0NRT,314.48,5.53,D
-12.53417,26.26828,338.9,0.43,0.46,2026-10-03,1210,N21,VIIRS,n,2.0NRT,304.37,6.79,D
-12.53372,26.5181,336.99,0.45,0.47,2026-10-03,1210,N21,VIIRS,n,2.0NRT,303.23,3.56,D
-12.53139,22.5948,346.61,0.42,0.38,2026-10-03,1210,N21,VIIRS,n,2.0NRT,309.71,5.53,D
-12.51984,22.60075,338.86,0.42,0.38,2026-10-03,1210,N21,VIIRS,l,2.0NRT,310.78,9.36,D
-12.51729,27.09655,339.7,0.49,0.49,2026-10-03,1210,N21,VIIRS,n,2.0NRT,299.68,10.22,D
-12.51251,23.11796,332.75,0.44,0.38,2026-10-03,1210,N21,VIIRS,l,2.0NRT,306.09,2.41,D
-12.50917,27.19305,345.29,0.5,0.49,2026-10-03,1210,N21,VIIRS,n,2.0NRT,301.53,11.07,D
-12.50767,26.26751,341.59,0.43,0.46,2026-10-03,1210,N21,VIIRS,n,2.0NRT,296.23,6.46,D
-12.50687,25.63527,331.88,0.4,0.44,2026-10-03,1210,N21,VIIRS,l,2.0NRT,305.99,6.27,D
-12.50441,26.96592,338.16,0.48,0.48,2026-10-03,1210,N21,VIIRS,n,2.0NRT,301.02,5.68,D
-12.5041,26.26689,338.71,0.43,0.46,2026-10-03,1210,N21,VIIRS,n,2.0NRT,301.22,5.09,D
-12.50054,26.60612,341.52,0.46,0.47,2026-10-03,1210,N21,VIIRS,n,2.0NRT,307.55,4.14,D
-12.50008,26.41082,349.49,0.44,0.46,2026-10-03,1210,N21,VIIRS,n,2.0NRT,306.62,16.25,D
-12.4926,28.56016,342.11,0.62,0.54,2026-10-03,1210,N21,VIIRS,n,2.0NRT,292.11,7.28,D
-12.48522,22.79351,333.8,0.43,0.38,2026-10-03,1210,N21,VIIRS,l,2.0NRT,308.43,3.28,D
-12.47848,22.94564,337.12,0.43,0.38,2026-10-03,1210,N21,VIIRS,l,2.0NRT,309.17,6.68,D
-12.47703,22.80014,340.22,0.43,0.38,2026-10-03,1210,N21,VIIRS,l,2.0NRT,310.41,6.08,D
-12.47466,26.5282,336.61,0.45,0.47,2026-10-03,1210,N21,VIIRS,n,2.0NRT,304.12,4.41,D
-12.47411,22.88422,346.61,0.43,0.38,2026-10-03,1210,N21,VIIRS,n,2.0NRT,313.89,9.31,D
-12.47347,22.88814,339.62,0.43,0.38,2026-10-03,1210,N21,VIIRS,l,2.0NRT,309.79,9.31,D
-12.47293,22.80347,346.82,0.43,0.38,2026-10-03,1210,N21,VIIRS,n,2.0NRT,314.74,69.22,D
-12.47207,23.31911,335.41,0.45,0.39,2026-10-03,1210,N21,VIIRS,l,2.0NRT,307.86,2.65,D
-12.4719,22.87577,339.95,0.43,0.38,2026-10-03,1210,N21,VIIRS,n,2.0NRT,309.89,5.3,D
-12.47144,22.35426,338.49,0.41,0.37,2026-10-03,1210,N21,VIIRS,l,2.0NRT,312.42,12.54,D
-12.47127,22.87969,348.39,0.43,0.38,2026-10-03,1210,N21,VIIRS,n,2.0NRT,310.67,5.3,D
-12.47065,26.28116,354.35,0.44,0.46,2026-10-03,1210,N21,VIIRS,n,2.0NRT,305.93,22.25,D
-12.47009,22.79898,333.56,0.43,0.38,2026-10-03,1210,N21,VIIRS,l,2.0NRT,307.88,10.83,D
-12.4694,22.84719,343.61,0.43,0.38,2026-10-03,1210,N21,VIIRS,n,2.0NRT,312.04,5.7,D
-12.46534,25.28434,333.86,0.57,0.43,2026-10-03,1210,N21,VIIRS,l,2.0NRT,306.53,9.6,D
-12.46513,22.6548,348.46,0.42,0.38,2026-10-03,1210,N21,VIIRS,n,2.0NRT,321.26,47.24,D
-12.46425,25.28587,339.76,0.57,0.43,2026-10-03,1210,N21,VIIRS,n,2.0NRT,307.16,6.8,D
-12.4624,22.8903,338.95,0.43,0.38,2026-10-03,1210,N21,VIIRS,n,2.0NRT,307.98,3.59,D
-12.46104,22.70172,345.06,0.42,0.38,2026-10-03,1210,N21,VIIRS,l,2.0NRT,315.81,10.8,D
-12.45736,22.87734,340.54,0.43,0.38,2026-10-03,1210,N21,VIIRS,n,2.0NRT,310.04,4.87,D
-12.45546,23.04347,337,0.44,0.38,2026-10-03,1210,N21,VIIRS,l,2.0NRT,310.47,5.07,D
-12.45066,23.05091,333.23,0.44,0.38,2026-10-03,1210,N21,VIIRS,l,2.0NRT,308.13,2.04,D
-12.44777,22.3271,341.38,0.41,0.37,2026-10-03,1210,N21,VIIRS,l,2.0NRT,313.28,6.71,D
-12.44553,23.08242,337.78,0.44,0.38,2026-10-03,1210,N21,VIIRS,l,2.0NRT,308.79,2.23,D
-12.44143,25.77376,331.47,0.41,0.45,2026-10-03,1210,N21,VIIRS,l,2.0NRT,303.73,9.88,D
-12.43929,27.22192,338.55,0.5,0.49,2026-10-03,1210,N21,VIIRS,n,2.0NRT,301.13,6.44,D
-12.43651,22.37557,345.26,0.41,0.37,2026-10-03,1210,N21,VIIRS,n,2.0NRT,315.48,4.34,D
-12.43597,22.24805,347.59,0.41,0.37,2026-10-03,1210,N21,VIIRS,l,2.0NRT,320.19,20.57,D
-12.43579,25.00688,338.24,0.55,0.43,2026-10-03,1210,N21,VIIRS,l,2.0NRT,310.75,5.81,D
-12.43522,27.34525,354.87,0.51,0.49,2026-10-03,1210,N21,VIIRS,n,2.0NRT,297.6,14.63,D
-12.43167,25.21944,338.48,0.56,0.43,2026-10-03,1210,N21,VIIRS,n,2.0NRT,306.35,5.11,D
-12.43155,27.33984,341.23,0.51,0.49,2026-10-03,1210,N21,VIIRS,n,2.0NRT,302.66,12.33,D
-12.43069,27.34454,342.63,0.51,0.49,2026-10-03,1210,N21,VIIRS,n,2.0NRT,302.54,14.63,D
-12.42408,26.85881,335.01,0.48,0.48,2026-10-03,1210,N21,VIIRS,n,2.0NRT,296.61,7.85,D
-12.42141,24.84853,333.47,0.54,0.42,2026-10-03,1210,N21,VIIRS,n,2.0NRT,305.37,6.96,D
-12.42026,22.9075,337.07,0.43,0.38,2026-10-03,1210,N21,VIIRS,l,2.0NRT,310.69,3.87,D
-12.41973,24.8461,335.29,0.54,0.42,2026-10-03,1210,N21,VIIRS,n,2.0NRT,307.44,12.2,D
-12.41479,24.81708,334.64,0.53,0.42,2026-10-03,1210,N21,VIIRS,l,2.0NRT,304.93,5.05,D
-12.40802,27.57074,340.26,0.53,0.5,2026-10-03,1210,N21,VIIRS,n,2.0NRT,299.1,10.03,D
-12.40598,26.12682,340.71,0.43,0.46,2026-10-03,1210,N21,VIIRS,n,2.0NRT,305.2,2.34,D
-12.40252,23.34616,350.47,0.45,0.39,2026-10-03,1210,N21,VIIRS,n,2.0NRT,309.4,16.56,D
-12.38762,23.75389,335.05,0.47,0.4,2026-10-03,1210,N21,VIIRS,l,2.0NRT,305.69,6.68,D
-12.38607,22.73293,347.91,0.43,0.38,2026-10-03,1210,N21,VIIRS,l,2.0NRT,319.91,36.45,D
-12.38261,22.73235,352.3,0.43,0.38,2026-10-03,1210,N21,VIIRS,n,2.0NRT,317.15,78.58,D
-12.37978,22.72789,349.05,0.43,0.38,2026-10-03,1210,N21,VIIRS,n,2.0NRT,314.53,10.95,D
-12.37915,22.73177,367,0.43,0.38,2026-10-03,1210,N21,VIIRS,l,2.0NRT,325.53,78.58,D
-12.37785,25.22593,338.58,0.57,0.43,2026-10-03,1210,N21,VIIRS,n,2.0NRT,308.46,11.42,D
-12.37681,25.37316,346.18,0.38,0.44,2026-10-03,1210,N21,VIIRS,n,2.0NRT,309.01,7.29,D
-12.37632,22.72731,350.79,0.43,0.38,2026-10-03,1210,N21,VIIRS,n,2.0NRT,313.76,17.32,D
-12.37569,22.73119,367,0.43,0.38,2026-10-03,1210,N21,VIIRS,l,2.0NRT,325.73,64.03,D
-12.3743,25.24639,334.03,0.57,0.43,2026-10-03,1210,N21,VIIRS,n,2.0NRT,305.19,6.91,D
-12.37335,24.99297,335.23,0.55,0.43,2026-10-03,1210,N21,VIIRS,l,2.0NRT,305.87,6.25,D
-12.37223,22.73062,367,0.43,0.38,2026-10-03,1210,N21,VIIRS,l,2.0NRT,333.56,64.03,D
-12.37003,22.72226,346.2,0.43,0.38,2026-10-03,1210,N21,VIIRS,n,2.0NRT,315.83,30.66,D
-12.3694,22.72615,346.21,0.43,0.38,2026-10-03,1210,N21,VIIRS,n,2.0NRT,317.97,30.66,D
-12.36594,22.72557,367,0.43,0.38,2026-10-03,1210,N21,VIIRS,h,2.0NRT,336.8,30.66,D
-12.36194,26.33139,354.55,0.44,0.46,2026-10-03,1210,N21,VIIRS,n,2.0NRT,311.47,19.97,D
-12.36127,22.60168,343.72,0.42,0.38,2026-10-03,1210,N21,VIIRS,l,2.0NRT,314.09,17.16,D
-12.36123,26.33544,333.43,0.44,0.46,2026-10-03,1210,N21,VIIRS,l,2.0NRT,307.07,6.11,D
-12.36103,26.23677,333.23,0.44,0.46,2026-10-03,1210,N21,VIIRS,l,2.0NRT,307.92,4.48,D
-12.35942,23.09748,340.2,0.44,0.38,2026-10-03,1210,N21,VIIRS,l,2.0NRT,310.21,6.89,D
-12.35809,22.7083,345.94,0.42,0.38,2026-10-03,1210,N21,VIIRS,l,2.0NRT,317.27,10.99,D
-12.35516,25.52219,330.19,0.39,0.44,2026-10-03,1210,N21,VIIRS,l,2.0NRT,303.17,2.62,D
-12.34028,25.06987,332.14,0.55,0.43,2026-10-03,1210,N21,VIIRS,l,2.0NRT,303.72,4.15,D
-12.34027,25.68034,340.54,0.4,0.44,2026-10-03,1210,N21,VIIRS,n,2.0NRT,305.17,4.23,D
-12.3393,22.84547,347.27,0.43,0.38,2026-10-03,1210,N21,VIIRS,n,2.0NRT,313.58,12.94,D
-12.33834,27.30596,340.78,0.51,0.49,2026-10-03,1210,N21,VIIRS,n,2.0NRT,301.73,9.62,D
-12.33647,22.84096,333.34,0.43,0.38,2026-10-03,1210,N21,VIIRS,l,2.0NRT,306.16,1.55,D
-12.33377,23.67431,331.36,0.47,0.39,2026-10-03,1210,N21,VIIRS,l,2.0NRT,305.21,5.88,D
-12.33224,22.88873,339.21,0.43,0.38,2026-10-03,1210,N21,VIIRS,n,2.0NRT,308.06,5.06,D
-12.3316,22.89267,346.45,0.43,0.38,2026-10-03,1210,N21,VIIRS,n,2.0NRT,309.42,5.61,D
-12.32986,24.13129,334.09,0.49,0.4,2026-10-03,1210,N21,VIIRS,n,2.0NRT,303.24,4.18,D
-12.32592,26.77403,346.13,0.47,0.48,2026-10-03,1210,N21,VIIRS,n,2.0NRT,300.64,10.63,D
-12.32476,22.84705,336.72,0.43,0.38,2026-10-03,1210,N21,VIIRS,n,2.0NRT,306.24,5.54,D
-12.32411,22.85098,349.26,0.43,0.38,2026-10-03,1210,N21,VIIRS,n,2.0NRT,310.53,66.25,D
-12.32305,25.51654,330.97,0.39,0.44,2026-10-03,1210,N21,VIIRS,l,2.0NRT,305.94,4.23,D
-12.32249,24.96306,345.5,0.55,0.42,2026-10-03,1210,N21,VIIRS,n,2.0NRT,309.77,10.57,D
-12.32243,25.52008,340.02,0.39,0.44,2026-10-03,1210,N21,VIIRS,n,2.0NRT,306.76,4.23,D
-12.32128,22.84647,344.07,0.43,0.38,2026-10-03,1210,N21,VIIRS,n,2.0NRT,308.57,14.02,D
-12.32024,22.84268,340.12,0.43,0.38,2026-10-03,1210,N21,VIIRS,n,2.0NRT,308.14,15.6,D
-12.31955,22.80227,332.88,0.43,0.38,2026-10-03,1210,N21,VIIRS,n,2.0NRT,306.48,3.23,D
-12.31845,22.84196,345.49,0.43,0.38,2026-10-03,1210,N21,VIIRS,n,2.0NRT,309.18,14.02,D
-12.31841,27.14667,339.24,0.5,0.49,2026-10-03,1210,N21,VIIRS,n,2.0NRT,300.05,6.85,D
-12.3178,22.84588,342.88,0.43,0.38,2026-10-03,1210,N21,VIIRS,n,2.0NRT,312.79,14.02,D
-12.31677,22.84209,346.28,0.43,0.38,2026-10-03,1210,N21,VIIRS,n,2.0NRT,310.65,15.6,D
-12.31651,26.95209,334.68,0.48,0.48,2026-10-03,1210,N21,VIIRS,n,2.0NRT,300.64,2.9,D
-12.31614,22.84602,333.45,0.43,0.38,2026-10-03,1210,N21,VIIRS,l,2.0NRT,306.79,15.6,D
-12.31463,26.6284,337.28,0.46,0.47,2026-10-03,1210,N21,VIIRS,n,2.0NRT,300.8,2.84,D
-12.30717,24.34628,335.52,0.51,0.41,2026-10-03,1210,N21,VIIRS,n,2.0NRT,293.75,4.93,D
-12.30343,24.3456,346.38,0.51,0.41,2026-10-03,1210,N21,VIIRS,n,2.0NRT,303.55,19.82,D
-12.29694,26.7041,334.03,0.47,0.48,2026-10-03,1210,N21,VIIRS,l,2.0NRT,304.26,4.98,D
-12.28926,22.94693,342.54,0.43,0.38,2026-10-03,1210,N21,VIIRS,n,2.0NRT,308.08,3.1,D
-12.27901,23.05577,341.75,0.44,0.38,2026-10-03,1210,N21,VIIRS,n,2.0NRT,310.55,9.6,D
-12.27359,23.60319,343.14,0.46,0.39,2026-10-03,1210,N21,VIIRS,n,2.0NRT,314.29,37.47,D
-12.25706,23.36813,331.92,0.45,0.39,2026-10-03,1210,N21,VIIRS,l,2.0NRT,304.71,5.15,D
-12.25279,23.3718,348.47,0.45,0.39,2026-10-03,1210,N21,VIIRS,n,2.0NRT,307.22,5.15,D
-12.24831,26.18439,344.8,0.43,0.46,2026-10-03,1210,N21,VIIRS,n,2.0NRT,305.3,10.57,D
-12.24818,25.11329,337.75,0.56,0.43,2026-10-03,1210,N21,VIIRS,l,2.0NRT,311.49,7.39,D
-12.24651,25.17124,333.87,0.56,0.43,2026-10-03,1210,N21,VIIRS,l,2.0NRT,307.11,6.85,D
-12.24582,25.67019,349.52,0.4,0.44,2026-10-03,1210,N21,VIIRS,n,2.0NRT,302.76,12.55,D
-12.2425,22.53543,350.07,0.42,0.38,2026-10-03,1210,N21,VIIRS,l,2.0NRT,324.94,16.33,D
-12.24197,23.06183,340.86,0.44,0.38,2026-10-03,1210,N21,VIIRS,n,2.0NRT,309.43,3.96,D
-12.23906,22.53485,367,0.42,0.38,2026-10-03,1210,N21,VIIRS,l,2.0NRT,325.87,7.11,D
-12.23859,26.21515,330.05,0.44,0.46,2026-10-03,1210,N21,VIIRS,l,2.0NRT,303.32,2.56,D
-12.23501,22.53811,344.56,0.42,0.38,2026-10-03,1210,N21,VIIRS,l,2.0NRT,319.5,7.11,D
-12.22888,22.57656,347.19,0.42,0.38,2026-10-03,1210,N21,VIIRS,l,2.0NRT,319.11,13.08,D
-12.22544,22.57598,367,0.42,0.38,2026-10-03,1210,N21,VIIRS,l,2.0NRT,325.87,9.38,D
-12.21957,27.19613,341.18,0.51,0.49,2026-10-03,1210,N21,VIIRS,n,2.0NRT,298.9,10.4,D
-12.21944,26.47418,339.04,0.45,0.47,2026-10-03,1210,N21,VIIRS,n,2.0NRT,304.42,3.87,D
-12.21708,22.49575,350.5,0.42,0.38,2026-10-03,1210,N21,VIIRS,l,2.0NRT,320.73,14.68,D
-12.21642,25.13388,331.14,0.56,0.43,2026-10-03,1210,N21,VIIRS,l,2.0NRT,303.96,3.34,D
-12.21364,22.49518,350.02,0.42,0.38,2026-10-03,1210,N21,VIIRS,n,2.0NRT,318.71,14.68,D
-12.2115,25.74746,339.35,0.41,0.45,2026-10-03,1210,N21,VIIRS,n,2.0NRT,300.38,5.49,D
-12.20444,25.64371,345.71,0.4,0.44,2026-10-03,1210,N21,VIIRS,n,2.0NRT,302.56,5.33,D
-12.20194,22.93215,340.02,0.43,0.38,2026-10-03,1210,N21,VIIRS,l,2.0NRT,311.48,7.19,D
-12.20026,23.03005,352.85,0.44,0.38,2026-10-03,1210,N21,VIIRS,n,2.0NRT,316.82,12.3,D
-12.19926,25.6018,337.4,0.4,0.44,2026-10-03,1210,N21,VIIRS,n,2.0NRT,305.56,4.49,D
-12.19796,27.32474,343.1,0.51,0.5,2026-10-03,1210,N21,VIIRS,n,2.0NRT,297.76,13.8,D
-12.19709,27.32942,342.32,0.52,0.5,2026-10-03,1210,N21,VIIRS,n,2.0NRT,288.61,13.8,D
-12.19658,27.32634,354.67,0.52,0.5,2026-10-03,1210,N21,VIIRS,n,2.0NRT,298.99,17.48,D
-12.19487,25.5558,342.48,0.4,0.44,2026-10-03,1210,N21,VIIRS,n,2.0NRT,307.55,16.41,D
-12.19405,25.5552,338.79,0.4,0.44,2026-10-03,1210,N21,VIIRS,n,2.0NRT,307.45,12.72,D
-12.1939,23.02486,344.24,0.44,0.38,2026-10-03,1210,N21,VIIRS,n,2.0NRT,313.65,10.3,D
-12.19206,27.32548,355.9,0.52,0.5,2026-10-03,1210,N21,VIIRS,n,2.0NRT,299.25,17.48,D
-12.19169,22.9508,346.88,0.44,0.38,2026-10-03,1210,N21,VIIRS,n,2.0NRT,312.07,7.65,D
-12.1904,27.33485,343.7,0.52,0.5,2026-10-03,1210,N21,VIIRS,n,2.0NRT,292.23,8.91,D
-12.19038,22.95152,338.86,0.44,0.38,2026-10-03,1210,N21,VIIRS,l,2.0NRT,309.73,6.08,D
-12.18709,23.11029,333.34,0.44,0.39,2026-10-03,1210,N21,VIIRS,l,2.0NRT,304.83,62.26,D
-12.18686,25.40281,348.39,0.39,0.44,2026-10-03,1210,N21,VIIRS,n,2.0NRT,315.54,16.68,D
-12.18423,23.10566,334.16,0.44,0.39,2026-10-03,1210,N21,VIIRS,l,2.0NRT,306.42,8.67,D
-12.18394,25.61778,341.34,0.4,0.44,2026-10-03,1210,N21,VIIRS,n,2.0NRT,304.97,6.46,D
-12.18356,25.61731,341.34,0.4,0.44,2026-10-03,1210,N21,VIIRS,n,2.0NRT,305.57,6.6,D
-12.18146,21.90532,367,0.4,0.37,2026-10-03,1210,N21,VIIRS,h,2.0NRT,324.3,22.94,D
-12.17954,23.01931,348.62,0.44,0.38,2026-10-03,1210,N21,VIIRS,n,2.0NRT,312.02,7.27,D
-12.17793,27.22171,349.03,0.51,0.49,2026-10-03,1210,N21,VIIRS,n,2.0NRT,299.72,124.78,D
-12.17702,26.53929,339.38,0.46,0.47,2026-10-03,1210,N21,VIIRS,n,2.0NRT,304.11,8.09,D
-12.17539,23.02272,341.13,0.44,0.38,2026-10-03,1210,N21,VIIRS,l,2.0NRT,315.37,6.29,D
-12.17134,21.90365,347.93,0.4,0.37,2026-10-03,1210,N21,VIIRS,l,2.0NRT,319.68,21.87,D
-12.16762,27.25324,346.61,0.51,0.49,2026-10-03,1210,N21,VIIRS,n,2.0NRT,299.57,11.88,D
-12.16574,23.0829,336.11,0.44,0.38,2026-10-03,1210,N21,VIIRS,l,2.0NRT,311.09,6.46,D
-12.16114,27.23756,341.71,0.51,0.49,2026-10-03,1210,N21,VIIRS,n,2.0NRT,297.46,23.35,D
-12.15271,23.29668,336.69,0.45,0.39,2026-10-03,1210,N21,VIIRS,n,2.0NRT,305.46,5.72,D
-12.15112,23.03914,345.1,0.44,0.38,2026-10-03,1210,N21,VIIRS,n,2.0NRT,308.6,21.38,D
-12.15047,23.04315,342.51,0.44,0.38,2026-10-03,1210,N21,VIIRS,l,2.0NRT,316.79,19.76,D
-12.14982,23.04716,334.34,0.44,0.38,2026-10-03,1210,N21,VIIRS,l,2.0NRT,306.81,19.76,D
-12.14894,22.78644,346.22,0.43,0.38,2026-10-03,1210,N21,VIIRS,n,2.0NRT,315.63,13.45,D
-12.14696,23.04255,344.17,0.44,0.38,2026-10-03,1210,N21,VIIRS,n,2.0NRT,307.56,19.76,D
-12.14677,22.97684,333.7,0.44,0.38,2026-10-03,1210,N21,VIIRS,l,2.0NRT,307.89,2.79,D
-12.14582,23.11681,336.59,0.44,0.39,2026-10-03,1210,N21,VIIRS,l,2.0NRT,307.99,6.76,D
-12.13285,24.24814,340.73,0.5,0.41,2026-10-03,1210,N21,VIIRS,n,2.0NRT,305.97,11.51,D
-12.13208,24.25274,343.67,0.5,0.41,2026-10-03,1210,N21,VIIRS,n,2.0NRT,307.91,11.51,D
-12.13,23.32788,332.26,0.45,0.39,2026-10-03,1210,N21,VIIRS,l,2.0NRT,303.47,4.99,D
-12.12971,26.70469,335.38,0.47,0.48,2026-10-03,1210,N21,VIIRS,n,2.0NRT,295.75,7.14,D
-12.12949,23.32651,343.59,0.45,0.39,2026-10-03,1210,N21,VIIRS,n,2.0NRT,304.75,6.2,D
-12.12913,24.24743,345.45,0.5,0.41,2026-10-03,1210,N21,VIIRS,n,2.0NRT,306.17,11.51,D
-12.12711,23.3231,332.97,0.45,0.39,2026-10-03,1210,N21,VIIRS,l,2.0NRT,304.1,3.28,D
-12.12506,26.80622,340.61,0.48,0.48,2026-10-03,1210,N21,VIIRS,n,2.0NRT,300.42,3.52,D
-12.12289,23.32659,333.05,0.45,0.39,2026-10-03,1210,N21,VIIRS,n,2.0NRT,305.21,3.28,D
-12.12113,23.29225,343.65,0.45,0.39,2026-10-03,1210,N21,VIIRS,n,2.0NRT,306.05,5.44,D
-12.12111,22.68166,367,0.43,0.38,2026-10-03,1210,N21,VIIRS,h,2.0NRT,314.21,63.98,D
-12.11962,27.1989,337.32,0.51,0.49,2026-10-03,1210,N21,VIIRS,n,2.0NRT,296.27,3.41,D
-12.11592,24.21205,343.04,0.5,0.41,2026-10-03,1210,N21,VIIRS,n,2.0NRT,306.75,7.34,D
-12.11223,26.29067,341.82,0.44,0.46,2026-10-03,1210,N21,VIIRS,n,2.0NRT,305.78,11.57,D
-12.11207,23.51937,342.67,0.46,0.39,2026-10-03,1210,N21,VIIRS,n,2.0NRT,307.79,7.71,D
-12.11034,22.91354,340.56,0.43,0.38,2026-10-03,1210,N21,VIIRS,l,2.0NRT,311.97,7.63,D
-12.1049,22.92484,343.57,0.44,0.38,2026-10-03,1210,N21,VIIRS,l,2.0NRT,314.09,6.36,D
-12.10488,25.68589,336.43,0.41,0.45,2026-10-03,1210,N21,VIIRS,n,2.0NRT,305.49,4.1,D
-12.10425,22.9288,339.69,0.44,0.38,2026-10-03,1210,N21,VIIRS,n,2.0NRT,313.68,11.7,D
-12.10336,22.91235,349.3,0.43,0.38,2026-10-03,1210,N21,VIIRS,n,2.0NRT,313.34,16.6,D
-12.10311,23.13447,347.97,0.44,0.39,2026-10-03,1210,N21,VIIRS,n,2.0NRT,311.56,10.09,D
-12.10271,22.91632,339.65,0.44,0.38,2026-10-03,1210,N21,VIIRS,l,2.0NRT,313.16,16.6,D
-12.10206,22.92028,341.56,0.44,0.38,2026-10-03,1210,N21,VIIRS,l,2.0NRT,315.5,6.36,D
-12.10141,22.92425,345.62,0.44,0.38,2026-10-03,1210,N21,VIIRS,n,2.0NRT,314.64,6.36,D
-12.09986,22.91176,341.83,0.43,0.38,2026-10-03,1210,N21,VIIRS,n,2.0NRT,311.6,7.85,D
-12.09921,22.91573,351.25,0.44,0.38,2026-10-03,1210,N21,VIIRS,n,2.0NRT,313.71,7.85,D
-12.09791,22.92366,348.21,0.44,0.38,2026-10-03,1210,N21,VIIRS,n,2.0NRT,316.49,9.78,D
-12.09726,22.92763,348.41,0.44,0.38,2026-10-03,1210,N21,VIIRS,n,2.0NRT,318.71,15.51,D
-12.09678,27.2231,340.54,0.51,0.49,2026-10-03,1210,N21,VIIRS,n,2.0NRT,299.57,5.93,D
-12.09603,22.74959,349.53,0.43,0.38,2026-10-03,1210,N21,VIIRS,n,2.0NRT,313.28,30.96,D
-12.09572,22.91513,347.26,0.44,0.38,2026-10-03,1210,N21,VIIRS,n,2.0NRT,312.07,7.85,D
-12.09507,22.9191,367,0.44,0.38,2026-10-03,1210,N21,VIIRS,h,2.0NRT,316.96,9.78,D
-12.09442,22.92307,346.15,0.44,0.38,2026-10-03,1210,N21,VIIRS,n,2.0NRT,317.58,9.78,D
-12.09392,22.82981,344.4,0.43,0.38,2026-10-03,1210,N21,VIIRS,l,2.0NRT,316.08,5.03,D
-12.09273,23.02107,336.38,0.44,0.38,2026-10-03,1210,N21,VIIRS,l,2.0NRT,306.87,2.84,D
-12.09157,22.91852,340.39,0.44,0.38,2026-10-03,1210,N21,VIIRS,n,2.0NRT,312.14,40.73,D
-12.08986,22.92255,342.27,0.44,0.38,2026-10-03,1210,N21,VIIRS,l,2.0NRT,316.91,31.66,D
-12.08703,23.07784,345.6,0.44,0.38,2026-10-03,1210,N21,VIIRS,n,2.0NRT,313.45,14.41,D
-12.08637,23.08187,332.58,0.44,0.39,2026-10-03,1210,N21,VIIRS,l,2.0NRT,304.55,7.41,D
-12.07587,26.39706,339.76,0.45,0.47,2026-10-03,1210,N21,VIIRS,n,2.0NRT,303.44,4.72,D
-12.07185,25.80268,351.79,0.41,0.45,2026-10-03,1210,N21,VIIRS,n,2.0NRT,303.07,12.23,D
-12.0693,26.08694,332.54,0.43,0.46,2026-10-03,1210,N21,VIIRS,l,2.0NRT,304.19,2.61,D
-12.06006,26.56079,336.96,0.46,0.47,2026-10-03,1210,N21,VIIRS,n,2.0NRT,304.29,4.82,D
-12.05994,27.04152,338.96,0.5,0.49,2026-10-03,1210,N21,VIIRS,n,2.0NRT,298.08,7.36,D
-12.05936,27.12118,341.23,0.5,0.49,2026-10-03,1210,N21,VIIRS,n,2.0NRT,297.34,15.28,D
-12.05933,25.99596,338.1,0.42,0.46,2026-10-03,1210,N21,VIIRS,n,2.0NRT,301.25,5.74,D
-12.05914,25.68571,331.97,0.41,0.45,2026-10-03,1210,N21,VIIRS,l,2.0NRT,302.15,4.33,D
-12.05888,25.68491,336.68,0.41,0.45,2026-10-03,1210,N21,VIIRS,n,2.0NRT,301.19,6.28,D
-12.05865,25.99987,339.29,0.43,0.46,2026-10-03,1210,N21,VIIRS,n,2.0NRT,298.14,5.74,D
-12.05575,26.55999,339.22,0.46,0.47,2026-10-03,1210,N21,VIIRS,n,2.0NRT,299.17,4.82,D
-12.05485,22.9616,342.06,0.44,0.38,2026-10-03,1210,N21,VIIRS,n,2.0NRT,311.63,7.7,D
-12.05444,25.68871,354.24,0.41,0.45,2026-10-03,1210,N21,VIIRS,n,2.0NRT,307.05,59.24,D
-12.0538,25.69244,338.29,0.41,0.45,2026-10-03,1210,N21,VIIRS,n,2.0NRT,303.71,6.65,D
-12.05272,24.07687,336.31,0.49,0.4,2026-10-03,1210,N21,VIIRS,n,2.0NRT,307.08,4.93,D
-12.04973,25.69171,350.12,0.41,0.45,2026-10-03,1210,N21,VIIRS,n,2.0NRT,303.64,6.65,D
-12.04854,23.98853,332.7,0.49,0.4,2026-10-03,1210,N21,VIIRS,n,2.0NRT,299.61,6.84,D
-12.04719,22.96443,339.93,0.44,0.38,2026-10-03,1210,N21,VIIRS,l,2.0NRT,312.65,9.01,D
-12.04426,23.00492,346.87,0.44,0.38,2026-10-03,1210,N21,VIIRS,n,2.0NRT,310.01,12.6,D
-12.04358,23.16647,336.6,0.45,0.39,2026-10-03,1210,N21,VIIRS,l,2.0NRT,311.06,10.09,D
-12.03574,25.81539,341.74,0.41,0.45,2026-10-03,1210,N21,VIIRS,l,2.0NRT,312.74,10.81,D
-12.0347,25.36806,331.22,0.39,0.44,2026-10-03,1210,N21,VIIRS,l,2.0NRT,304.56,4.45,D
-12.03434,24.23247,337.63,0.5,0.41,2026-10-03,1210,N21,VIIRS,n,2.0NRT,303.46,6.06,D
-12.0329,22.94153,343.8,0.44,0.38,2026-10-03,1210,N21,VIIRS,n,2.0NRT,312.29,8.25,D
-12.03284,25.81573,330.9,0.41,0.45,2026-10-03,1210,N21,VIIRS,l,2.0NRT,304.26,4.37,D
-12.02807,23.28556,340.73,0.45,0.39,2026-10-03,1210,N21,VIIRS,n,2.0NRT,312.36,6.41,D
-12.02737,23.28494,339.78,0.45,0.39,2026-10-03,1210,N21,VIIRS,n,2.0NRT,312.86,5.39,D
-12.02096,23.10433,338.16,0.44,0.39,2026-10-03,1210,N21,VIIRS,l,2.0NRT,309.51,5.51,D
-12.01979,24.00175,331.8,0.49,0.4,2026-10-03,1210,N21,VIIRS,n,2.0NRT,301.11,6.62,D
-12.01508,24.21008,338.39,0.5,0.41,2026-10-03,1210,N21,VIIRS,n,2.0NRT,302.34,9.89,D
-12.00859,25.71099,333.65,0.41,0.45,2026-10-03,1210,N21,VIIRS,n,2.0NRT,293.73,4.79,D
-12.00616,25.60402,349.39,0.4,0.44,2026-10-03,1210,N21,VIIRS,n,2.0NRT,303.82,4.7,D
-12.00465,23.09328,335.2,0.44,0.39,2026-10-03,1210,N21,VIIRS,l,2.0NRT,308.35,2.77,D
-11.98224,26.18834,341.27,0.44,0.46,2026-10-03,1210,N21,VIIRS,n,2.0NRT,299.76,5.78,D
-11.97846,26.30761,340.16,0.45,0.47,2026-10-03,1210,N21,VIIRS,n,2.0NRT,301.04,5.15,D
-11.96704,24.72628,332.91,0.54,0.42,2026-10-03,1210,N21,VIIRS,n,2.0NRT,301.8,4.73,D
-11.96656,27.16189,342.58,0.51,0.49,2026-10-03,1210,N21,VIIRS,n,2.0NRT,294.82,10.16,D
-11.94203,23.1207,332.22,0.45,0.39,2026-10-03,1210,N21,VIIRS,l,2.0NRT,305.97,4.15,D
-11.93877,23.14108,339.41,0.45,0.39,2026-10-03,1210,N21,VIIRS,l,2.0NRT,314.28,4.97,D
-11.93811,25.17921,335.31,0.57,0.43,2026-10-03,1210,N21,VIIRS,n,2.0NRT,305.13,5.05,D
-11.93566,25.17643,331.86,0.57,0.43,2026-10-03,1210,N21,VIIRS,n,2.0NRT,302.14,5.77,D
-11.93558,26.90468,339.13,0.49,0.48,2026-10-03,1210,N21,VIIRS,n,2.0NRT,297.03,7.58,D
-11.93478,26.7547,333.11,0.48,0.48,2026-10-03,1210,N21,VIIRS,n,2.0NRT,301.7,4.39,D
-11.92586,24.22954,335.32,0.5,0.41,2026-10-03,1210,N21,VIIRS,l,2.0NRT,307.2,9.51,D
-11.91493,23.15366,337.81,0.45,0.39,2026-10-03,1210,N21,VIIRS,n,2.0NRT,311.08,7.43,D
-11.91292,22.98733,347.95,0.44,0.38,2026-10-03,1210,N21,VIIRS,n,2.0NRT,317.1,9.89,D
-11.91274,23.67649,338.74,0.47,0.4,2026-10-03,1210,N21,VIIRS,n,2.0NRT,303.4,21.22,D
-11.91071,23.39794,333.55,0.46,0.39,2026-10-03,1210,N21,VIIRS,n,2.0NRT,305.72,5.09,D
-11.91016,25.65054,338.23,0.41,0.45,2026-10-03,1210,N21,VIIRS,l,2.0NRT,311.61,6.38,D
-11.90981,23.67164,331.87,0.47,0.4,2026-10-03,1210,N21,VIIRS,n,2.0NRT,301.94,7.33,D
-11.90713,23.39735,338.18,0.46,0.39,2026-10-03,1210,N21,VIIRS,n,2.0NRT,306.41,5.09,D
-11.90479,23.39778,335.87,0.46,0.39,2026-10-03,1210,N21,VIIRS,n,2.0NRT,303.52,4.62,D
-11.90163,23.10135,350.56,0.44,0.39,2026-10-03,1210,N21,VIIRS,n,2.0NRT,309.3,10.84,D
-11.89866,25.93959,340.59,0.42,0.46,2026-10-03,1210,N21,VIIRS,n,2.0NRT,301.34,12.07,D
-11.89059,31.59834,347.05,0.51,0.66,2026-10-03,1210,N21,VIIRS,n,2.0NRT,286.89,6.46,D
-11.89015,23.14955,336.44,0.45,0.39,2026-10-03,1210,N21,VIIRS,n,2.0NRT,310.59,7.62,D
-11.88927,26.7064,353.59,0.47,0.48,2026-10-03,1210,N21,VIIRS,n,2.0NRT,293.68,12.04,D
-11.88842,26.70839,343.52,0.48,0.48,2026-10-03,1210,N21,VIIRS,n,2.0NRT,295.31,6.51,D
-11.88261,24.21248,337.96,0.5,0.41,2026-10-03,1210,N21,VIIRS,n,2.0NRT,305.18,5.35,D
-11.88122,24.21378,341.6,0.5,0.41,2026-10-03,1210,N21,VIIRS,n,2.0NRT,304,4.86,D
-11.87209,22.32554,348.15,0.42,0.37,2026-10-03,1210,N21,VIIRS,l,2.0NRT,320.76,19.77,D
-11.87148,22.32934,355.1,0.42,0.37,2026-10-03,1210,N21,VIIRS,l,2.0NRT,318.27,19.77,D
-11.86875,25.3547,367,0.39,0.44,2026-10-03,1210,N21,VIIRS,h,2.0NRT,303.85,9.9,D
-11.86867,22.32498,367,0.42,0.37,2026-10-03,1210,N21,VIIRS,l,2.0NRT,330.43,31.75,D
-11.86713,26.77874,339.4,0.48,0.48,2026-10-03,1210,N21,VIIRS,n,2.0NRT,293.96,4.88,D
-11.86681,26.78098,336.14,0.48,0.48,2026-10-03,1210,N21,VIIRS,n,2.0NRT,293.61,6.27,D
-11.86475,25.35395,342.52,0.39,0.44,2026-10-03,1210,N21,VIIRS,n,2.0NRT,304,9.9,D
-11.86254,24.842,338.29,0.55,0.42,2026-10-03,1210,N21,VIIRS,l,2.0NRT,310.34,8.59,D
-11.85785,24.84621,334.3,0.55,0.42,2026-10-03,1210,N21,VIIRS,n,2.0NRT,303.91,8.59,D
-11.85064,30.1645,334.62,0.41,0.6,2026-10-03,1210,N21,VIIRS,n,2.0NRT,285.44,6.53,D
-11.84518,25.87831,338.95,0.42,0.45,2026-10-03,1210,N21,VIIRS,n,2.0NRT,301.08,5.42,D
-11.84433,23.09703,337.68,0.45,0.39,2026-10-03,1210,N21,VIIRS,n,2.0NRT,312.44,36.58,D
-11.83698,24.43436,337.55,0.52,0.41,2026-10-03,1210,N21,VIIRS,l,2.0NRT,310.05,6.99,D
-11.83698,24.43616,332.34,0.52,0.41,2026-10-03,1210,N21,VIIRS,l,2.0NRT,306.66,7.05,D
-11.83363,22.98335,337.21,0.44,0.38,2026-10-03,1210,N21,VIIRS,l,2.0NRT,311.66,3.47,D
-11.8319,25.09739,339.32,0.57,0.43,2026-10-03,1210,N21,VIIRS,n,2.0NRT,305.96,10.47,D
-11.83103,25.09903,339.36,0.57,0.43,2026-10-03,1210,N21,VIIRS,n,2.0NRT,306.28,10.91,D
-11.83012,22.98276,340.03,0.44,0.38,2026-10-03,1210,N21,VIIRS,l,2.0NRT,311.36,3.47,D
-11.81672,29.05437,332.96,0.34,0.56,2026-10-03,1210,N21,VIIRS,n,2.0NRT,295.56,2.86,D
-11.8154,22.98445,338.39,0.44,0.38,2026-10-03,1210,N21,VIIRS,l,2.0NRT,312.81,3.03,D
-11.81178,28.47208,353.93,0.62,0.54,2026-10-03,1210,N21,VIIRS,n,2.0NRT,300.75,26.77,D
-11.81142,25.14679,331.18,0.57,0.43,2026-10-03,1210,N21,VIIRS,l,2.0NRT,304.64,5.67,D
-11.80794,23.12007,342.1,0.45,0.39,2026-10-03,1210,N21,VIIRS,n,2.0NRT,316.2,30.75,D
-11.79345,22.85369,341.38,0.44,0.38,2026-10-03,1210,N21,VIIRS,l,2.0NRT,314.93,11.56,D
-11.79276,22.96826,338.45,0.44,0.38,2026-10-03,1210,N21,VIIRS,l,2.0NRT,313.42,3.9,D
-11.77952,23.31805,340.42,0.46,0.39,2026-10-03,1210,N21,VIIRS,n,2.0NRT,303.28,4.44,D
-11.77824,22.92465,338.39,0.44,0.38,2026-10-03,1210,N21,VIIRS,l,2.0NRT,313.14,6.29,D
-11.77595,23.31745,336.77,0.46,0.39,2026-10-03,1210,N21,VIIRS,n,2.0NRT,305.51,4.44,D
-11.77017,25.14995,337.84,0.57,0.43,2026-10-03,1210,N21,VIIRS,l,2.0NRT,312.77,31.96,D
-11.76977,27.07247,335.23,0.5,0.49,2026-10-03,1210,N21,VIIRS,l,2.0NRT,306.92,7.03,D
-11.75359,23.05274,350,0.44,0.39,2026-10-03,1210,N21,VIIRS,n,2.0NRT,313.84,30.34,D
-11.75168,30.35707,333.35,0.42,0.61,2026-10-03,1210,N21,VIIRS,n,2.0NRT,287.32,5.68,D
-11.74939,23.05619,346.79,0.44,0.39,2026-10-03,1210,N21,VIIRS,n,2.0NRT,313.72,19.39,D
-11.74916,24.0293,335.35,0.49,0.41,2026-10-03,1210,N21,VIIRS,l,2.0NRT,307.97,13.9,D
-11.7465,24.25392,333.81,0.51,0.41,2026-10-03,1210,N21,VIIRS,n,2.0NRT,303.37,2.95,D
-11.74587,23.05559,350.1,0.44,0.39,2026-10-03,1210,N21,VIIRS,n,2.0NRT,311.76,19.39,D
-11.74368,23.04688,338.44,0.44,0.39,2026-10-03,1210,N21,VIIRS,l,2.0NRT,310.65,6.09,D
-11.74343,23.04716,337.2,0.44,0.39,2026-10-03,1210,N21,VIIRS,l,2.0NRT,309.39,7.05,D
-11.74094,27.86457,337.09,0.57,0.52,2026-10-03,1210,N21,VIIRS,n,2.0NRT,297.71,5.28,D
-11.73787,24.70033,335.36,0.54,0.42,2026-10-03,1210,N21,VIIRS,n,2.0NRT,305.24,9.59,D
-11.73197,24.31853,335.34,0.51,0.41,2026-10-03,1210,N21,VIIRS,n,2.0NRT,304.66,2.61,D
-11.73151,27.86264,345.83,0.57,0.52,2026-10-03,1210,N21,VIIRS,n,2.0NRT,300.01,14.05,D
-11.72995,24.51506,336.56,0.53,0.42,2026-10-03,1210,N21,VIIRS,n,2.0NRT,305.27,6.64,D
-11.7193,24.57734,335.04,0.53,0.42,2026-10-03,1210,N21,VIIRS,l,2.0NRT,307.44,25.75,D
-11.71276,26.62803,331.72,0.47,0.48,2026-10-03,1210,N21,VIIRS,n,2.0NRT,300.31,4.54,D
-11.70094,24.80066,331.79,0.55,0.42,2026-10-03,1210,N21,VIIRS,l,2.0NRT,305.74,5.97,D
-11.69604,26.6965,351.26,0.48,0.48,2026-10-03,1210,N21,VIIRS,n,2.0NRT,300.24,17.27,D
-11.693,26.5134,335.61,0.46,0.47,2026-10-03,1210,N21,VIIRS,n,2.0NRT,303.31,8.65,D
-11.68384,25.65208,340.71,0.41,0.45,2026-10-03,1210,N21,VIIRS,n,2.0NRT,304.65,12.58,D
-11.68199,23.8235,333.12,0.48,0.4,2026-10-03,1210,N21,VIIRS,n,2.0NRT,303.84,3.8,D
-11.67937,28.14898,339.33,0.6,0.53,2026-10-03,1210,N21,VIIRS,n,2.0NRT,295.03,12.05,D
-11.66858,24.3266,331.75,0.51,0.41,2026-10-03,1210,N21,VIIRS,l,2.0NRT,306.3,4.58,D
-11.66599,24.03578,336.68,0.5,0.41,2026-10-03,1210,N21,VIIRS,l,2.0NRT,308.53,5.28,D
-11.6659,28.14081,354.13,0.6,0.53,2026-10-03,1210,N21,VIIRS,n,2.0NRT,295.08,10.2,D
-11.66485,26.4359,330.77,0.46,0.47,2026-10-03,1210,N21,VIIRS,l,2.0NRT,304.35,2.92,D
-11.66206,28.13453,341.04,0.6,0.53,2026-10-03,1210,N21,VIIRS,n,2.0NRT,295.86,10.47,D
-11.66107,28.13996,332.07,0.6,0.53,2026-10-03,1210,N21,VIIRS,n,2.0NRT,293.34,10.2,D
-11.65826,24.88591,334.55,0.55,0.43,2026-10-03,1210,N21,VIIRS,l,2.0NRT,306.25,10.01,D
-11.65814,24.88323,336.54,0.55,0.43,2026-10-03,1210,N21,VIIRS,n,2.0NRT,304.26,16.13,D
-11.64871,27.8831,343.29,0.57,0.52,2026-10-03,1210,N21,VIIRS,n,2.0NRT,298.8,23.69,D
-11.64778,27.88829,340.23,0.57,0.52,2026-10-03,1210,N21,VIIRS,n,2.0NRT,298.02,14.56,D
-11.63253,24.0764,341.38,0.5,0.41,2026-10-03,1210,N21,VIIRS,n,2.0NRT,306.18,9.48,D
-11.63055,28.41556,332.06,0.62,0.54,2026-10-03,1210,N21,VIIRS,n,2.0NRT,299.04,8.07,D
-11.60178,23.51309,335.79,0.47,0.4,2026-10-03,1210,N21,VIIRS,l,2.0NRT,306.74,40.39,D
-11.59883,26.86256,342.03,0.49,0.49,2026-10-03,1210,N21,VIIRS,n,2.0NRT,305.33,8.17,D
-11.57812,26.20938,332.88,0.45,0.47,2026-10-03,1210,N21,VIIRS,l,2.0NRT,305.48,6.35,D
-11.55988,26.56734,342.1,0.47,0.48,2026-10-03,1210,N21,VIIRS,n,2.0NRT,300.73,5.25,D
-11.5546,27.85704,343.68,0.57,0.52,2026-10-03,1210,N21,VIIRS,n,2.0NRT,297.06,13.8,D
-11.55278,25.65916,332.44,0.41,0.45,2026-10-03,1210,N21,VIIRS,n,2.0NRT,301.32,4.41,D
-11.54291,25.52322,348.68,0.4,0.45,2026-10-03,1210,N21,VIIRS,n,2.0NRT,303.8,22.21,D
-11.5429,25.52344,351.43,0.4,0.45,2026-10-03,1210,N21,VIIRS,n,2.0NRT,300.61,21.12,D
-11.53947,25.5188,346.63,0.4,0.45,2026-10-03,1210,N21,VIIRS,n,2.0NRT,303.5,15.28,D
-11.53869,32.62254,367,0.6,0.71,2026-10-03,1210,N21,VIIRS,h,2.0NRT,291.78,22.31,D
-11.5374,32.62472,354.84,0.6,0.71,2026-10-03,1210,N21,VIIRS,n,2.0NRT,291.81,15.81,D
-11.53541,25.5181,367,0.4,0.45,2026-10-03,1210,N21,VIIRS,h,2.0NRT,304.74,15.28,D
-11.52996,28.96017,334.63,0.34,0.56,2026-10-03,1210,N21,VIIRS,n,2.0NRT,299.08,3.55,D
-11.52925,25.72109,351.97,0.42,0.45,2026-10-03,1210,N21,VIIRS,n,2.0NRT,302.69,14.83,D
-11.52453,26.43784,336.93,0.46,0.47,2026-10-03,1210,N21,VIIRS,l,2.0NRT,308.4,60.37,D
-11.51019,24.52608,334.04,0.53,0.42,2026-10-03,1210,N21,VIIRS,l,2.0NRT,306.24,6,D
-11.49337,24.81114,336.47,0.55,0.43,2026-10-03,1210,N21,VIIRS,n,2.0NRT,307.91,14.44,D
-11.49137,28.52708,367,0.32,0.55,2026-10-03,1210,N21,VIIRS,h,2.0NRT,296.47,12.2,D
-11.48554,26.3699,335.9,0.46,0.47,2026-10-03,1210,N21,VIIRS,n,2.0NRT,299.27,7.48,D
-11.46932,24.49561,333.11,0.53,0.42,2026-10-03,1210,N21,VIIRS,n,2.0NRT,302.93,6.66,D
-11.4682,29.09145,340.65,0.35,0.57,2026-10-03,1210,N21,VIIRS,n,2.0NRT,290.55,4.26,D
-11.454,25.01831,336.52,0.57,0.43,2026-10-03,1210,N21,VIIRS,l,2.0NRT,307.72,14.11,D
-11.45311,30.82797,367,0.46,0.63,2026-10-03,1210,N21,VIIRS,h,2.0NRT,291.28,19.52,D
-11.45221,30.82998,367,0.46,0.63,2026-10-03,1210,N21,VIIRS,h,2.0NRT,291.94,26.1,D
-11.4515,30.83615,367,0.46,0.63,2026-10-03,1210,N21,VIIRS,h,2.0NRT,290.38,32.36,D
-11.44572,30.83512,355.76,0.46,0.63,2026-10-03,1210,N21,VIIRS,l,2.0NRT,287.22,14.02,D
-11.44192,28.15089,344.07,0.6,0.53,2026-10-03,1210,N21,VIIRS,n,2.0NRT,298.88,21.92,D
-11.4286,28.36129,339.08,0.62,0.54,2026-10-03,1210,N21,VIIRS,n,2.0NRT,293.76,8.39,D
-11.41792,26.75914,351.61,0.49,0.48,2026-10-03,1210,N21,VIIRS,n,2.0NRT,294.12,13.77,D
-11.41681,25.98693,331.03,0.43,0.46,2026-10-03,1210,N21,VIIRS,n,2.0NRT,304.67,3.74,D
-11.41386,28.35851,341.78,0.62,0.54,2026-10-03,1210,N21,VIIRS,n,2.0NRT,293.84,48.29,D
-11.41352,26.75826,338.04,0.49,0.48,2026-10-03,1210,N21,VIIRS,n,2.0NRT,291.03,13.77,D
-11.40787,28.64411,367,0.33,0.55,2026-10-03,1210,N21,VIIRS,h,2.0NRT,296.75,9.54,D
-11.39054,28.85492,330.03,0.34,0.56,2026-10-03,1210,N21,VIIRS,n,2.0NRT,298.18,2.27,D
-11.39003,25.39061,341.25,0.4,0.44,2026-10-03,1210,N21,VIIRS,n,2.0NRT,304.49,3.89,D
-11.36562,25.87835,340.29,0.43,0.46,2026-10-03,1210,N21,VIIRS,n,2.0NRT,303.41,7.72,D
-11.36257,27.91086,338.6,0.58,0.52,2026-10-03,1210,N21,VIIRS,n,2.0NRT,305.74,8.93,D
-11.35811,25.18206,332.66,0.39,0.44,2026-10-03,1210,N21,VIIRS,l,2.0NRT,306.72,4.44,D
-11.35727,25.87693,350.13,0.43,0.46,2026-10-03,1210,N21,VIIRS,n,2.0NRT,302.68,8.74,D
-11.3378,28.68614,332.67,0.33,0.55,2026-10-03,1210,N21,VIIRS,n,2.0NRT,297.26,6.06,D
-11.3204,31.62539,338.09,0.52,0.67,2026-10-03,1210,N21,VIIRS,n,2.0NRT,290.94,9.5,D
-11.31025,27.44498,336.99,0.54,0.51,2026-10-03,1210,N21,VIIRS,n,2.0NRT,296.87,25.24,D
-11.30934,27.44993,343.46,0.54,0.51,2026-10-03,1210,N21,VIIRS,n,2.0NRT,304.54,25.24,D
-11.30431,27.68851,335.21,0.56,0.52,2026-10-03,1210,N21,VIIRS,n,2.0NRT,303.31,15.9,D
-11.30338,27.69364,342.48,0.57,0.52,2026-10-03,1210,N21,VIIRS,n,2.0NRT,303.43,21.55,D
-11.28056,27.40539,341.13,0.54,0.51,2026-10-03,1210,N21,VIIRS,n,2.0NRT,301.13,7.99,D
-11.2721,27.05968,337.06,0.51,0.5,2026-10-03,1210,N21,VIIRS,n,2.0NRT,297.2,4.55,D
-11.27037,27.06107,335.79,0.51,0.5,2026-10-03,1210,N21,VIIRS,n,2.0NRT,298.07,5.65,D
-11.24262,29.31024,343.66,0.36,0.58,2026-10-03,1210,N21,VIIRS,n,2.0NRT,291.95,4.84,D
-11.22979,27.60805,334.93,0.56,0.51,2026-10-03,1210,N21,VIIRS,n,2.0NRT,296.81,5.68,D
-11.21474,25.79851,340.4,0.43,0.46,2026-10-03,1210,N21,VIIRS,n,2.0NRT,303.57,7.62,D
-11.21408,25.80231,339.97,0.43,0.46,2026-10-03,1210,N21,VIIRS,n,2.0NRT,303.93,7.62,D
-11.20958,26.37388,339.92,0.46,0.47,2026-10-03,1210,N21,VIIRS,n,2.0NRT,299.91,3.52,D
-11.20524,26.3732,339.67,0.46,0.47,2026-10-03,1210,N21,VIIRS,n,2.0NRT,299.96,5.63,D
-11.20317,26.56279,330.21,0.48,0.48,2026-10-03,1210,N21,VIIRS,n,2.0NRT,299.17,6.36,D
-11.19877,26.56211,336.59,0.48,0.48,2026-10-03,1210,N21,VIIRS,n,2.0NRT,299.08,3.65,D
-11.198,26.5665,330.65,0.48,0.48,2026-10-03,1210,N21,VIIRS,n,2.0NRT,296.37,3.65,D
-11.19438,26.56144,332.11,0.48,0.48,2026-10-03,1210,N21,VIIRS,n,2.0NRT,300.24,3.65,D
-11.19398,30.80007,354.89,0.46,0.64,2026-10-03,1210,N21,VIIRS,n,2.0NRT,292.99,10.79,D
-11.14019,31.41266,337.94,0.51,0.66,2026-10-03,1210,N21,VIIRS,n,2.0NRT,295.39,7.04,D
-11.13083,31.39686,334.2,0.51,0.66,2026-10-03,1210,N21,VIIRS,n,2.0NRT,294.36,5.17,D
-11.12908,30.18024,336.18,0.42,0.61,2026-10-03,1210,N21,VIIRS,n,2.0NRT,285.47,4.49,D
-11.11585,31.98152,367,0.56,0.68,2026-10-03,1210,N21,VIIRS,h,2.0NRT,293.41,15.99,D
-11.11233,31.97766,336.64,0.56,0.68,2026-10-03,1210,N21,VIIRS,n,2.0NRT,290.09,10.55,D
-11.11135,31.98274,343.75,0.56,0.69,2026-10-03,1210,N21,VIIRS,n,2.0NRT,293.71,15.72,D
-11.08905,32.03092,340.02,0.56,0.69,2026-10-03,1210,N21,VIIRS,n,2.0NRT,291.27,6.19,D
-11.05161,30.79176,367,0.46,0.64,2026-10-03,1210,N21,VIIRS,h,2.0NRT,297.6,42.99,D
-10.9715,29.66049,337.33,0.39,0.59,2026-10-03,1210,N21,VIIRS,n,2.0NRT,295.15,2.94,D
-10.94838,27.88126,336.48,0.59,0.53,2026-10-03,1210,N21,VIIRS,n,2.0NRT,297.66,10.96,D
-10.93299,27.88401,352.44,0.59,0.53,2026-10-03,1210,N21,VIIRS,n,2.0NRT,297.78,12.33,D
-10.92818,27.88313,337.44,0.59,0.53,2026-10-03,1210,N21,VIIRS,n,2.0NRT,295.68,12.33,D
-10.89203,31.54443,355.19,0.52,0.67,2026-10-03,1210,N21,VIIRS,n,2.0NRT,295.67,15.69,D
-10.89141,31.54497,346.84,0.52,0.67,2026-10-03,1210,N21,VIIRS,n,2.0NRT,294.97,15.07,D
-10.8498,31.36941,337.79,0.51,0.66,2026-10-03,1210,N21,VIIRS,n,2.0NRT,293.97,8.58,D
-10.79163,31.2093,332.58,0.5,0.66,2026-10-03,1210,N21,VIIRS,n,2.0NRT,293.81,5.62,D
-10.77537,30.29863,337.9,0.43,0.62,2026-10-03,1210,N21,VIIRS,n,2.0NRT,291.97,3.95,D
-10.77279,30.29767,338.3,0.43,0.62,2026-10-03,1210,N21,VIIRS,n,2.0NRT,292.27,3.27,D
-10.75594,31.98239,349.74,0.56,0.69,2026-10-03,1210,N21,VIIRS,n,2.0NRT,293.35,9.65,D
-10.70185,31.76561,346.97,0.55,0.68,2026-10-03,1210,N21,VIIRS,n,2.0NRT,295.58,10.14,D
-10.68084,31.74906,367,0.55,0.68,2026-10-03,1210,N21,VIIRS,h,2.0NRT,294.86,14.68,D
-10.67281,29.40241,333.83,0.38,0.59,2026-10-03,1210,N21,VIIRS,n,2.0NRT,292.53,3.64,D
-10.62094,29.76913,352.95,0.4,0.6,2026-10-03,1210,N21,VIIRS,n,2.0NRT,294.01,11.28,D
-10.62026,29.77277,343.9,0.4,0.6,2026-10-03,1210,N21,VIIRS,n,2.0NRT,294.02,15.65,D
-10.61958,29.77642,367,0.4,0.6,2026-10-03,1210,N21,VIIRS,h,2.0NRT,295.5,15.65,D
-10.61889,29.78008,367,0.4,0.6,2026-10-03,1210,N21,VIIRS,h,2.0NRT,297.25,16.69,D
-10.6182,29.78375,336.03,0.4,0.6,2026-10-03,1210,N21,VIIRS,n,2.0NRT,292.23,16.69,D
-10.6169,32.25347,331.3,0.59,0.7,2026-10-03,1210,N21,VIIRS,n,2.0NRT,292.84,7.94,D
-10.6148,29.7717,367,0.4,0.6,2026-10-03,1210,N21,VIIRS,h,2.0NRT,296.89,32.07,D
-10.61411,29.77536,345.27,0.4,0.6,2026-10-03,1210,N21,VIIRS,n,2.0NRT,293.94,32.07,D
-10.61342,29.77902,367,0.4,0.6,2026-10-03,1210,N21,VIIRS,h,2.0NRT,297.53,46.49,D
-10.60695,30.12137,342.52,0.43,0.62,2026-10-03,1210,N21,VIIRS,n,2.0NRT,295.16,8.45,D
-10.60521,30.11953,348.68,0.42,0.61,2026-10-03,1210,N21,VIIRS,n,2.0NRT,295.29,9.71,D
-10.59531,29.47517,367,0.38,0.59,2026-10-03,1210,N21,VIIRS,h,2.0NRT,294.39,6.6,D
-10.58886,30.25062,342.53,0.43,0.62,2026-10-03,1210,N21,VIIRS,n,2.0NRT,295.43,8.66,D
-10.57401,29.62117,333.43,0.39,0.6,2026-10-03,1210,N21,VIIRS,n,2.0NRT,297.46,7.23,D
-10.56123,29.62958,342.44,0.39,0.6,2026-10-03,1210,N21,VIIRS,n,2.0NRT,294.52,6.99,D
-10.56057,29.63315,341.95,0.39,0.6,2026-10-03,1210,N21,VIIRS,n,2.0NRT,293.2,7.02,D
-10.54772,31.45615,333.3,0.52,0.67,2026-10-03,1210,N21,VIIRS,n,2.0NRT,293.69,7.47,D
-10.53246,30.39576,331.38,0.45,0.63,2026-10-03,1210,N21,VIIRS,n,2.0NRT,292.26,4.18,D
-10.49512,30.09945,341.46,0.43,0.62,2026-10-03,1210,N21,VIIRS,n,2.0NRT,294.22,7.1,D
-10.49162,30.09781,333.75,0.43,0.62,2026-10-03,1210,N21,VIIRS,n,2.0NRT,292.74,3.09,D
-10.48817,33.38,340.93,0.71,0.75,2026-10-03,1210,N21,VIIRS,n,2.0NRT,290.3,8.35,D
-10.4568,33.24981,333.72,0.7,0.75,2026-10-03,1210,N21,VIIRS,n,2.0NRT,289.88,10.4,D
-10.45342,31.4494,336.96,0.53,0.67,2026-10-03,1210,N21,VIIRS,n,2.0NRT,292.9,6,D
-10.43375,30.54001,367,0.46,0.63,2026-10-03,1210,N21,VIIRS,h,2.0NRT,295.71,20.01,D
-10.43325,30.53968,367,0.46,0.63,2026-10-03,1210,N21,VIIRS,h,2.0NRT,295.47,18.92,D
-10.43298,30.54402,343.32,0.46,0.63,2026-10-03,1210,N21,VIIRS,n,2.0NRT,291.6,17.67,D
-10.43251,30.5437,347.16,0.46,0.63,2026-10-03,1210,N21,VIIRS,n,2.0NRT,292.71,17.29,D
-10.4212,30.44456,355.45,0.45,0.63,2026-10-03,1210,N21,VIIRS,n,2.0NRT,290.93,6.86,D
-10.41186,31.72638,346.81,0.55,0.68,2026-10-03,1210,N21,VIIRS,n,2.0NRT,293.41,7.2,D
-10.28706,30.89825,354.22,0.49,0.65,2026-10-03,1210,N21,VIIRS,n,2.0NRT,295.82,26.1,D
-10.2862,30.90274,331.74,0.49,0.65,2026-10-03,1210,N21,VIIRS,n,2.0NRT,293.93,21.36,D
-10.2645,32.67082,345.98,0.64,0.72,2026-10-03,1210,N21,VIIRS,n,2.0NRT,292.97,11.94,D
-10.24751,31.59599,336.94,0.54,0.68,2026-10-03,1210,N21,VIIRS,n,2.0NRT,292.71,6.79,D
-10.22977,31.6539,336.28,0.55,0.68,2026-10-03,1210,N21,VIIRS,n,2.0NRT,293.25,4.86,D
-10.0697,32.74255,367,0.65,0.73,2026-10-03,1210,N21,VIIRS,h,2.0NRT,295.71,18.76,D
-11.73964,22.18713,351.14,0.41,0.37,2026-10-03,1212,N21,VIIRS,l,2.0NRT,324.8,19.19,D
-11.73623,22.18657,345.95,0.41,0.37,2026-10-03,1212,N21,VIIRS,l,2.0NRT,320.94,14.15,D
-11.73504,22.1941,343.81,0.41,0.37,2026-10-03,1212,N21,VIIRS,l,2.0NRT,316.47,8.41,D
-11.73162,22.19353,349.71,0.41,0.37,2026-10-03,1212,N21,VIIRS,n,2.0NRT,316.62,8.41,D
-11.72719,22.17735,352.02,0.41,0.37,2026-10-03,1212,N21,VIIRS,n,2.0NRT,320.73,24.33,D
-11.72318,22.18054,367,0.41,0.37,2026-10-03,1212,N21,VIIRS,l,2.0NRT,326.92,104.01,D
-11.69007,22.43235,346.43,0.42,0.38,2026-10-03,1212,N21,VIIRS,l,2.0NRT,321.43,11.04,D
-11.64301,22.92739,347.06,0.44,0.38,2026-10-03,1212,N21,VIIRS,n,2.0NRT,315.19,23.7,D
-11.63949,22.9268,367,0.44,0.38,2026-10-03,1212,N21,VIIRS,l,2.0NRT,325.99,33.73,D
-11.63884,23.08771,355.52,0.45,0.39,2026-10-03,1212,N21,VIIRS,n,2.0NRT,308.91,32.13,D
-11.63598,22.92621,349.59,0.44,0.38,2026-10-03,1212,N21,VIIRS,n,2.0NRT,317.43,33.73,D
-11.63246,22.92562,345.11,0.44,0.38,2026-10-03,1212,N21,VIIRS,n,2.0NRT,313.22,4.89,D
-11.6084,23.18857,333.38,0.45,0.39,2026-10-03,1212,N21,VIIRS,l,2.0NRT,304.37,1.46,D
-11.60773,23.18766,335.27,0.45,0.39,2026-10-03,1212,N21,VIIRS,n,2.0NRT,305.14,2.71,D
-11.5927,22.14005,346.03,0.41,0.37,2026-10-03,1212,N21,VIIRS,n,2.0NRT,315.23,9.42,D
-11.59253,23.38993,338.6,0.46,0.39,2026-10-03,1212,N21,VIIRS,n,2.0NRT,304.61,5.35,D
-11.59234,23.50276,333.57,0.47,0.4,2026-10-03,1212,N21,VIIRS,l,2.0NRT,308.34,7.96,D
-11.59209,22.14381,346.73,0.41,0.37,2026-10-03,1212,N21,VIIRS,n,2.0NRT,313.58,9.42,D
-11.59169,22.75537,345.08,0.43,0.38,2026-10-03,1212,N21,VIIRS,n,2.0NRT,316.15,8.9,D
-11.59164,23.50701,335.67,0.47,0.4,2026-10-03,1212,N21,VIIRS,l,2.0NRT,308.4,7.96,D
-11.58873,23.50215,340.62,0.47,0.4,2026-10-03,1212,N21,VIIRS,n,2.0NRT,307.47,8.25,D
-11.58537,22.49447,342.1,0.42,0.38,2026-10-03,1212,N21,VIIRS,l,2.0NRT,313.16,7.15,D
-11.58512,23.50153,337.01,0.47,0.4,2026-10-03,1212,N21,VIIRS,n,2.0NRT,305.99,8.25,D
-11.58476,22.49834,346.48,0.42,0.38,2026-10-03,1212,N21,VIIRS,l,2.0NRT,319.11,35.08,D
-11.58441,23.50579,343.24,0.47,0.4,2026-10-03,1212,N21,VIIRS,n,2.0NRT,307.11,8.25,D
-11.58371,23.51006,333.2,0.47,0.4,2026-10-03,1212,N21,VIIRS,l,2.0NRT,305.2,5.82,D
-11.58151,23.50092,331.44,0.47,0.4,2026-10-03,1212,N21,VIIRS,l,2.0NRT,305.12,4.92,D
-11.5808,23.50518,332,0.47,0.4,2026-10-03,1212,N21,VIIRS,n,2.0NRT,303.71,4.92,D
-11.57169,23.28,334.78,0.46,0.39,2026-10-03,1212,N21,VIIRS,n,2.0NRT,308.44,16.32,D
-11.57063,23.17361,340.17,0.45,0.39,2026-10-03,1212,N21,VIIRS,n,2.0NRT,306.37,20.4,D
-11.56749,22.49547,341.66,0.42,0.38,2026-10-03,1212,N21,VIIRS,n,2.0NRT,307.53,6.84,D
-11.56309,22.93038,334.6,0.44,0.38,2026-10-03,1212,N21,VIIRS,n,2.0NRT,308.28,5.1,D
-11.54565,23.50915,345.03,0.47,0.4,2026-10-03,1212,N21,VIIRS,n,2.0NRT,313.8,25.75,D
-11.54246,22.56285,341.11,0.43,0.38,2026-10-03,1212,N21,VIIRS,n,2.0NRT,307.99,12.54,D
-11.53877,22.85316,332.44,0.44,0.38,2026-10-03,1212,N21,VIIRS,l,2.0NRT,304.27,4.09,D
-11.53593,22.80352,344.93,0.44,0.38,2026-10-03,1212,N21,VIIRS,n,2.0NRT,311.42,55.66,D
-11.53434,22.79105,332.14,0.44,0.38,2026-10-03,1212,N21,VIIRS,l,2.0NRT,307.08,3.53,D
-11.53072,22.99518,336.1,0.44,0.39,2026-10-03,1212,N21,VIIRS,l,2.0NRT,310.91,4.03,D
-11.5295,22.88847,333.95,0.44,0.38,2026-10-03,1212,N21,VIIRS,l,2.0NRT,306.92,63.61,D
-11.52886,22.89247,335.63,0.44,0.38,2026-10-03,1212,N21,VIIRS,n,2.0NRT,305.59,5.39,D
-11.52716,23.55427,342.94,0.47,0.4,2026-10-03,1212,N21,VIIRS,n,2.0NRT,305.64,13.37,D
-11.5253,22.93717,344.7,0.44,0.38,2026-10-03,1212,N21,VIIRS,n,2.0NRT,308.67,3.38,D
-11.52377,22.87926,345.01,0.44,0.38,2026-10-03,1212,N21,VIIRS,n,2.0NRT,304.58,6.36,D
-11.52114,22.94059,339.83,0.44,0.39,2026-10-03,1212,N21,VIIRS,n,2.0NRT,308.75,7.49,D
-11.5202,22.92394,348.27,0.44,0.38,2026-10-03,1212,N21,VIIRS,n,2.0NRT,307.26,4.79,D
-11.51475,22.93536,334.32,0.44,0.38,2026-10-03,1212,N21,VIIRS,l,2.0NRT,308.56,14.42,D
-11.51253,23.66702,333.58,0.48,0.4,2026-10-03,1212,N21,VIIRS,n,2.0NRT,306.42,6.93,D
-11.51123,22.93476,335.33,0.44,0.38,2026-10-03,1212,N21,VIIRS,l,2.0NRT,308.88,14.42,D
-11.50614,23.7062,330.8,0.48,0.4,2026-10-03,1212,N21,VIIRS,n,2.0NRT,303.85,3.33,D
-11.49545,23.07768,343.08,0.45,0.39,2026-10-03,1212,N21,VIIRS,n,2.0NRT,307.28,5.53,D
-11.49533,23.01085,333.78,0.45,0.39,2026-10-03,1212,N21,VIIRS,n,2.0NRT,306.85,6.16,D
-11.49454,23.06077,344.92,0.45,0.39,2026-10-03,1212,N21,VIIRS,n,2.0NRT,309.38,16.11,D
-11.49309,22.89062,340.24,0.44,0.38,2026-10-03,1212,N21,VIIRS,n,2.0NRT,309.01,22.66,D
-11.49191,23.07707,338.94,0.45,0.39,2026-10-03,1212,N21,VIIRS,l,2.0NRT,310.76,29.53,D
-11.49152,22.87806,334.45,0.44,0.38,2026-10-03,1212,N21,VIIRS,l,2.0NRT,307.09,7.73,D
-11.49065,23.15273,344.19,0.45,0.39,2026-10-03,1212,N21,VIIRS,n,2.0NRT,309.96,6.34,D
-11.48837,23.07646,347.09,0.45,0.39,2026-10-03,1212,N21,VIIRS,l,2.0NRT,319.03,29.53,D
-11.48801,22.9889,331.26,0.44,0.39,2026-10-03,1212,N21,VIIRS,n,2.0NRT,305.58,1.8,D
-11.48659,23.75674,333.07,0.48,0.4,2026-10-03,1212,N21,VIIRS,l,2.0NRT,303.71,4.33,D
-11.48357,22.97158,336.61,0.44,0.39,2026-10-03,1212,N21,VIIRS,l,2.0NRT,308.01,9.49,D
-11.47964,22.99583,334.81,0.44,0.39,2026-10-03,1212,N21,VIIRS,n,2.0NRT,304.87,1.96,D
-11.47864,22.91289,344.94,0.44,0.38,2026-10-03,1212,N21,VIIRS,n,2.0NRT,308.16,5.67,D
-11.46827,22.08475,353.22,0.41,0.37,2026-10-03,1212,N21,VIIRS,n,2.0NRT,313.57,11.42,D
-11.46739,23.4434,333.6,0.47,0.39,2026-10-03,1212,N21,VIIRS,n,2.0NRT,300.93,14.56,D
-11.464,23.04732,331.4,0.45,0.39,2026-10-03,1212,N21,VIIRS,l,2.0NRT,306.09,2.68,D
-11.46331,22.98478,331.67,0.44,0.39,2026-10-03,1212,N21,VIIRS,l,2.0NRT,305.29,1.56,D
-11.46283,22.94329,340.78,0.44,0.39,2026-10-03,1212,N21,VIIRS,n,2.0NRT,311.17,14.89,D
-11.46224,22.51781,347.39,0.43,0.38,2026-10-03,1212,N21,VIIRS,n,2.0NRT,314.14,10.74,D
-11.45932,22.94268,342.12,0.44,0.39,2026-10-03,1212,N21,VIIRS,n,2.0NRT,307.99,14.89,D
-11.44618,22.50717,336.86,0.43,0.38,2026-10-03,1212,N21,VIIRS,n,2.0NRT,306.22,7.05,D
-11.43862,22.98057,334,0.44,0.39,2026-10-03,1212,N21,VIIRS,l,2.0NRT,306.75,5.17,D
-11.43509,22.97997,344.65,0.44,0.39,2026-10-03,1212,N21,VIIRS,n,2.0NRT,311.01,12.74,D
-11.43472,22.82376,339.7,0.44,0.38,2026-10-03,1212,N21,VIIRS,l,2.0NRT,314.31,34.69,D
-11.43408,22.82778,334.04,0.44,0.38,2026-10-03,1212,N21,VIIRS,l,2.0NRT,307.28,11.26,D
-11.4039,24.30533,334.57,0.52,0.41,2026-10-03,1212,N21,VIIRS,l,2.0NRT,306.32,6.71,D
-11.40312,24.31004,335.51,0.52,0.41,2026-10-03,1212,N21,VIIRS,l,2.0NRT,306.82,6.71,D
-11.39751,22.26286,349.12,0.42,0.38,2026-10-03,1212,N21,VIIRS,n,2.0NRT,316.39,20.3,D
-11.36273,23.46179,339.88,0.47,0.4,2026-10-03,1212,N21,VIIRS,n,2.0NRT,303.76,9.62,D
-11.35211,24.24343,333.55,0.51,0.41,2026-10-03,1212,N21,VIIRS,l,2.0NRT,305.51,14.05,D
-11.34991,24.23354,337.72,0.51,0.41,2026-10-03,1212,N21,VIIRS,n,2.0NRT,303.66,9.83,D
-11.34338,24.38753,333.21,0.52,0.42,2026-10-03,1212,N21,VIIRS,n,2.0NRT,303.09,6.96,D
-11.33906,22.71858,336.27,0.43,0.38,2026-10-03,1212,N21,VIIRS,n,2.0NRT,308.97,4.54,D
-11.33843,22.72251,338.72,0.43,0.38,2026-10-03,1212,N21,VIIRS,l,2.0NRT,309.95,5.54,D
-11.3378,22.72645,338.28,0.44,0.38,2026-10-03,1212,N21,VIIRS,l,2.0NRT,310.86,5.54,D
-11.33274,22.75806,336.27,0.44,0.38,2026-10-03,1212,N21,VIIRS,l,2.0NRT,307.55,8.36,D
-11.3044,24.29566,331.41,0.52,0.41,2026-10-03,1212,N21,VIIRS,l,2.0NRT,305.8,4.24,D
-11.30076,25.20482,342.9,0.39,0.44,2026-10-03,1212,N21,VIIRS,n,2.0NRT,311.65,6.07,D
-11.29826,24.30926,338.56,0.52,0.41,2026-10-03,1212,N21,VIIRS,l,2.0NRT,308.74,22.94,D
-11.29239,25.13448,348.66,0.39,0.44,2026-10-03,1212,N21,VIIRS,n,2.0NRT,305.51,7.74,D
-11.29178,25.13798,339.38,0.39,0.44,2026-10-03,1212,N21,VIIRS,n,2.0NRT,304.94,4.65,D
-11.28971,24.19683,333.19,0.51,0.41,2026-10-03,1212,N21,VIIRS,n,2.0NRT,302.78,4.57,D
-11.26617,23.45506,333.37,0.47,0.4,2026-10-03,1212,N21,VIIRS,l,2.0NRT,305.62,11.76,D
-11.25486,24.08251,339.45,0.5,0.41,2026-10-03,1212,N21,VIIRS,n,2.0NRT,309.89,17.92,D
-11.24909,25.25735,335.08,0.39,0.44,2026-10-03,1212,N21,VIIRS,n,2.0NRT,306.34,3.58,D
-11.24426,24.09963,333.25,0.51,0.41,2026-10-03,1212,N21,VIIRS,n,2.0NRT,306.66,17.11,D
-11.24051,24.09901,332.29,0.51,0.41,2026-10-03,1212,N21,VIIRS,n,2.0NRT,303.67,2.42,D
-11.23711,24.53558,336.87,0.54,0.42,2026-10-03,1212,N21,VIIRS,n,2.0NRT,304.94,5.67,D
-11.22956,24.43968,342.38,0.53,0.42,2026-10-03,1212,N21,VIIRS,n,2.0NRT,308.21,21.39,D
-11.22586,24.11227,333.09,0.51,0.41,2026-10-03,1212,N21,VIIRS,n,2.0NRT,304.66,5.09,D
-11.20644,24.06659,333.25,0.5,0.41,2026-10-03,1212,N21,VIIRS,n,2.0NRT,306.57,3.01,D
-11.19295,22.20225,342.09,0.42,0.37,2026-10-03,1212,N21,VIIRS,n,2.0NRT,311.23,13.39,D
-11.1792,24.55049,344.37,0.54,0.42,2026-10-03,1212,N21,VIIRS,n,2.0NRT,307.63,20.89,D
-11.17854,25.76063,330.75,0.42,0.45,2026-10-03,1212,N21,VIIRS,l,2.0NRT,300.77,5.44,D
-11.1768,25.76059,332.4,0.42,0.46,2026-10-03,1212,N21,VIIRS,l,2.0NRT,303.37,5.72,D
-11.17549,23.17403,335.95,0.46,0.39,2026-10-03,1212,N21,VIIRS,n,2.0NRT,303.35,3.12,D
-11.16372,24.58529,334.66,0.54,0.42,2026-10-03,1212,N21,VIIRS,n,2.0NRT,303.55,6.35,D
-11.16235,25.49742,344.8,0.41,0.45,2026-10-03,1212,N21,VIIRS,n,2.0NRT,312.37,18.91,D
-11.15237,24.2286,337.33,0.52,0.41,2026-10-03,1212,N21,VIIRS,n,2.0NRT,305.22,3.91,D
-11.14773,22.48638,347.12,0.43,0.38,2026-10-03,1212,N21,VIIRS,n,2.0NRT,312.15,18.18,D
-11.14042,23.7151,334.44,0.48,0.4,2026-10-03,1212,N21,VIIRS,n,2.0NRT,302.73,25.75,D
-11.13739,22.2634,343.03,0.42,0.38,2026-10-03,1212,N21,VIIRS,n,2.0NRT,307.35,15.01,D
-11.13602,23.71889,345.9,0.49,0.4,2026-10-03,1212,N21,VIIRS,n,2.0NRT,302.23,25.75,D
-11.13499,22.58847,333.19,0.43,0.38,2026-10-03,1212,N21,VIIRS,l,2.0NRT,306.94,3.34,D
-11.13097,23.98033,340.2,0.5,0.41,2026-10-03,1212,N21,VIIRS,n,2.0NRT,307.56,7.37,D
-11.13017,23.7314,335.52,0.49,0.4,2026-10-03,1212,N21,VIIRS,l,2.0NRT,306.5,5.6,D
-11.12867,23.71764,330.15,0.49,0.4,2026-10-03,1212,N21,VIIRS,l,2.0NRT,303.68,14.59,D
-11.12749,24.21481,333.62,0.52,0.41,2026-10-03,1212,N21,VIIRS,l,2.0NRT,306.3,3.67,D
-11.12405,24.18741,343.36,0.51,0.41,2026-10-03,1212,N21,VIIRS,n,2.0NRT,307.26,6.79,D
-11.12387,24.19036,334.18,0.51,0.41,2026-10-03,1212,N21,VIIRS,l,2.0NRT,304.93,5.12,D
-11.12178,25.39191,331.74,0.4,0.44,2026-10-03,1212,N21,VIIRS,n,2.0NRT,300.98,2.77,D
-11.1205,23.56341,345.16,0.48,0.4,2026-10-03,1212,N21,VIIRS,n,2.0NRT,303.57,15.46,D
-11.11812,24.15582,339.93,0.51,0.41,2026-10-03,1212,N21,VIIRS,n,2.0NRT,312.14,9.53,D
-11.11774,25.39112,353.93,0.4,0.44,2026-10-03,1212,N21,VIIRS,n,2.0NRT,305.55,19.82,D
-11.11733,24.15744,336.47,0.51,0.41,2026-10-03,1212,N21,VIIRS,l,2.0NRT,310.49,6.85,D
-11.10345,24.28964,337.5,0.52,0.42,2026-10-03,1212,N21,VIIRS,n,2.0NRT,311.57,5.98,D
-11.10342,24.28771,340.98,0.52,0.42,2026-10-03,1212,N21,VIIRS,n,2.0NRT,310.58,12.17,D
-11.09308,24.21062,330.99,0.52,0.41,2026-10-03,1212,N21,VIIRS,l,2.0NRT,305.27,3.58,D
-11.07309,25.43211,341.59,0.41,0.45,2026-10-03,1212,N21,VIIRS,n,2.0NRT,305.3,10.73,D
-11.07275,24.35742,334.66,0.53,0.42,2026-10-03,1212,N21,VIIRS,l,2.0NRT,305.77,6.2,D
-11.07196,24.36221,335.3,0.53,0.42,2026-10-03,1212,N21,VIIRS,l,2.0NRT,307.35,8.42,D
-11.06658,22.15815,346.87,0.42,0.37,2026-10-03,1212,N21,VIIRS,n,2.0NRT,306.51,10.58,D
-11.06046,24.08091,334.68,0.51,0.41,2026-10-03,1212,N21,VIIRS,n,2.0NRT,304.89,4.98,D
-11.05217,23.14954,332.79,0.46,0.39,2026-10-03,1212,N21,VIIRS,n,2.0NRT,303.82,2.25,D
-11.05009,24.05084,337.08,0.51,0.41,2026-10-03,1212,N21,VIIRS,n,2.0NRT,305.76,4.58,D
-11.04481,22.56173,341.64,0.43,0.38,2026-10-03,1212,N21,VIIRS,n,2.0NRT,311.36,5.88,D
-11.01826,24.10205,335.36,0.51,0.41,2026-10-03,1212,N21,VIIRS,n,2.0NRT,306.33,5.15,D
-11.01806,24.09964,330.72,0.51,0.41,2026-10-03,1212,N21,VIIRS,l,2.0NRT,304.29,5.39,D
-11.00758,24.06945,332.29,0.51,0.41,2026-10-03,1212,N21,VIIRS,n,2.0NRT,303.93,3.29,D
-11.00383,24.06875,341.69,0.51,0.41,2026-10-03,1212,N21,VIIRS,n,2.0NRT,304.34,6.11,D
-10.9973,25.55326,334.41,0.41,0.45,2026-10-03,1212,N21,VIIRS,l,2.0NRT,304.73,4,D
-10.99652,23.44766,337.45,0.47,0.4,2026-10-03,1212,N21,VIIRS,n,2.0NRT,303.57,6.35,D
-10.99054,23.41575,334.54,0.47,0.4,2026-10-03,1212,N21,VIIRS,n,2.0NRT,304.88,5.19,D
-10.98885,25.4862,342.49,0.41,0.45,2026-10-03,1212,N21,VIIRS,n,2.0NRT,309.09,7.12,D
-10.98592,26.06433,341.1,0.45,0.47,2026-10-03,1212,N21,VIIRS,n,2.0NRT,305.68,7.37,D
-10.98425,23.45431,333.2,0.47,0.4,2026-10-03,1212,N21,VIIRS,n,2.0NRT,305.28,3.67,D
-10.97985,23.73574,333.81,0.49,0.4,2026-10-03,1212,N21,VIIRS,n,2.0NRT,308.71,20.87,D
-10.97919,23.73447,343.84,0.49,0.4,2026-10-03,1212,N21,VIIRS,n,2.0NRT,312.52,51.42,D
-10.97889,26.5248,334.49,0.48,0.48,2026-10-03,1212,N21,VIIRS,n,2.0NRT,303,2.65,D
-10.97616,23.73513,337.5,0.49,0.4,2026-10-03,1212,N21,VIIRS,n,2.0NRT,302.9,20.87,D
-10.96783,21.91867,337.23,0.41,0.37,2026-10-03,1212,N21,VIIRS,l,2.0NRT,309.71,4.66,D
-10.95717,24.09392,333.57,0.51,0.41,2026-10-03,1212,N21,VIIRS,l,2.0NRT,307.26,7.46,D
-10.95641,24.0985,333.71,0.51,0.41,2026-10-03,1212,N21,VIIRS,l,2.0NRT,305.13,7.46,D
-10.95539,23.00735,334.7,0.45,0.39,2026-10-03,1212,N21,VIIRS,n,2.0NRT,306.01,10.65,D
-10.94944,26.41189,339.15,0.47,0.48,2026-10-03,1212,N21,VIIRS,n,2.0NRT,302.51,20.29,D
-10.94879,26.40908,334.6,0.47,0.48,2026-10-03,1212,N21,VIIRS,n,2.0NRT,301.69,14.62,D
-10.92776,22.36733,342.5,0.43,0.38,2026-10-03,1212,N21,VIIRS,n,2.0NRT,310.6,11.12,D
-10.92434,24.90879,336.06,0.57,0.43,2026-10-03,1212,N21,VIIRS,l,2.0NRT,307.55,17.86,D
-10.92412,22.10407,337.49,0.42,0.37,2026-10-03,1212,N21,VIIRS,n,2.0NRT,309.85,3.94,D
-10.91841,22.27107,335.1,0.42,0.38,2026-10-03,1212,N21,VIIRS,l,2.0NRT,308.34,4.64,D
-10.90869,24.76418,335.3,0.56,0.43,2026-10-03,1212,N21,VIIRS,n,2.0NRT,306.64,5.04,D
-10.90815,24.76748,335.72,0.56,0.43,2026-10-03,1212,N21,VIIRS,n,2.0NRT,306.82,8.31,D
-10.90633,25.28115,341.1,0.4,0.44,2026-10-03,1212,N21,VIIRS,n,2.0NRT,306.71,4.83,D
-10.89971,22.10397,341.69,0.42,0.37,2026-10-03,1212,N21,VIIRS,n,2.0NRT,308.69,12.13,D
-10.89652,23.80409,331.15,0.49,0.41,2026-10-03,1212,N21,VIIRS,n,2.0NRT,300.26,4.62,D
-10.89577,22.17362,333.85,0.42,0.38,2026-10-03,1212,N21,VIIRS,l,2.0NRT,308.82,3.82,D
-10.89106,22.1142,334.4,0.42,0.37,2026-10-03,1212,N21,VIIRS,l,2.0NRT,308.1,5.94,D
-10.88738,25.27021,338.08,0.4,0.44,2026-10-03,1212,N21,VIIRS,l,2.0NRT,311.51,8.33,D
-10.88704,22.11744,338.92,0.42,0.37,2026-10-03,1212,N21,VIIRS,l,2.0NRT,312.84,8.4,D
-10.87936,24.27813,334.01,0.52,0.42,2026-10-03,1212,N21,VIIRS,n,2.0NRT,304.59,6.63,D
-10.873,22.22838,346.05,0.42,0.38,2026-10-03,1212,N21,VIIRS,n,2.0NRT,308.35,16.82,D
-10.86155,27.23858,341.42,0.54,0.51,2026-10-03,1212,N21,VIIRS,n,2.0NRT,296.98,18.08,D
-10.86045,22.21847,348.09,0.42,0.38,2026-10-03,1212,N21,VIIRS,n,2.0NRT,318.31,28.74,D
-10.8586,25.10053,340.36,0.39,0.44,2026-10-03,1212,N21,VIIRS,n,2.0NRT,306.22,5.52,D
-10.85777,26.15225,340.56,0.45,0.47,2026-10-03,1212,N21,VIIRS,n,2.0NRT,301.21,9.69,D
-10.85694,25.10047,338.78,0.39,0.44,2026-10-03,1212,N21,VIIRS,n,2.0NRT,307.27,7.79,D
-10.85208,26.28825,340.71,0.46,0.47,2026-10-03,1212,N21,VIIRS,n,2.0NRT,300.02,5.38,D
-10.85067,27.57934,341.63,0.57,0.52,2026-10-03,1212,N21,VIIRS,n,2.0NRT,297.92,9.52,D
-10.84972,27.57677,343.11,0.57,0.52,2026-10-03,1212,N21,VIIRS,n,2.0NRT,298.05,7.16,D
-10.84748,24.93675,337.23,0.57,0.43,2026-10-03,1212,N21,VIIRS,l,2.0NRT,308.57,20.99,D
-10.84689,27.57342,331.62,0.56,0.52,2026-10-03,1212,N21,VIIRS,n,2.0NRT,296.95,13.38,D
-10.84592,24.77788,339.47,0.56,0.43,2026-10-03,1212,N21,VIIRS,n,2.0NRT,307.92,7.36,D
-10.8459,27.57085,332.4,0.57,0.52,2026-10-03,1212,N21,VIIRS,n,2.0NRT,297.58,7.16,D
-10.84414,25.30356,338.13,0.4,0.44,2026-10-03,1212,N21,VIIRS,n,2.0NRT,307.94,6.38,D
-10.82867,21.93031,333.55,0.41,0.37,2026-10-03,1212,N21,VIIRS,l,2.0NRT,307.89,9.02,D
-10.82738,22.07275,348.65,0.42,0.37,2026-10-03,1212,N21,VIIRS,n,2.0NRT,309.59,13.83,D
-10.82396,22.0722,352.28,0.42,0.37,2026-10-03,1212,N21,VIIRS,n,2.0NRT,314.61,13.83,D
-10.82336,22.07597,342.99,0.42,0.37,2026-10-03,1212,N21,VIIRS,n,2.0NRT,309.53,6.62,D
-10.82175,22.06411,335.24,0.42,0.37,2026-10-03,1212,N21,VIIRS,l,2.0NRT,309.13,4.72,D
-10.81993,22.07541,346.37,0.42,0.37,2026-10-03,1212,N21,VIIRS,n,2.0NRT,314.7,22.69,D
-10.81209,22.3883,336.81,0.43,0.38,2026-10-03,1212,N21,VIIRS,l,2.0NRT,309.17,4.02,D
-10.80092,22.50238,332.26,0.43,0.38,2026-10-03,1212,N21,VIIRS,l,2.0NRT,303.46,14.4,D
-10.79178,22.09791,335.96,0.42,0.37,2026-10-03,1212,N21,VIIRS,l,2.0NRT,309.01,32.48,D
-10.78621,23.49483,332.35,0.48,0.4,2026-10-03,1212,N21,VIIRS,n,2.0NRT,303.27,4.5,D
-10.78362,22.03843,337.27,0.42,0.37,2026-10-03,1212,N21,VIIRS,l,2.0NRT,310.41,5.62,D
-10.78257,23.49421,335.58,0.48,0.4,2026-10-03,1212,N21,VIIRS,n,2.0NRT,305.25,4.5,D
-10.78062,22.40697,344.22,0.43,0.38,2026-10-03,1212,N21,VIIRS,n,2.0NRT,304.25,7.77,D
-10.77149,22.52973,347.42,0.43,0.38,2026-10-03,1212,N21,VIIRS,n,2.0NRT,311.6,12.21,D
-10.76991,22.32613,330.22,0.43,0.38,2026-10-03,1212,N21,VIIRS,l,2.0NRT,302.54,2.41,D
-10.76888,22.32586,332.91,0.42,0.38,2026-10-03,1212,N21,VIIRS,l,2.0NRT,304.47,2.13,D
-10.768,22.52914,332.68,0.43,0.38,2026-10-03,1212,N21,VIIRS,n,2.0NRT,307.32,3.05,D
-10.76488,23.21516,331.57,0.46,0.39,2026-10-03,1212,N21,VIIRS,n,2.0NRT,303.52,3.41,D
-10.76106,25.10673,336.39,0.39,0.44,2026-10-03,1212,N21,VIIRS,n,2.0NRT,303.8,1.98,D
-10.74764,28.06829,338.89,0.61,0.54,2026-10-03,1212,N21,VIIRS,n,2.0NRT,295.14,7.9,D
-10.7464,23.55489,338.68,0.48,0.4,2026-10-03,1212,N21,VIIRS,n,2.0NRT,305.08,12.35,D
-10.74595,21.96666,340.06,0.41,0.37,2026-10-03,1212,N21,VIIRS,n,2.0NRT,311,8.95,D
-10.7413,23.56307,333.04,0.48,0.4,2026-10-03,1212,N21,VIIRS,l,2.0NRT,303.69,6.89,D
-10.74096,22.01983,336.83,0.41,0.37,2026-10-03,1212,N21,VIIRS,l,2.0NRT,310.69,9.99,D
-10.70874,26.33343,341.65,0.47,0.48,2026-10-03,1212,N21,VIIRS,n,2.0NRT,303.59,5.72,D
-10.70484,26.22777,340.58,0.46,0.47,2026-10-03,1212,N21,VIIRS,n,2.0NRT,302.13,4.95,D
-10.70441,26.33253,341.56,0.47,0.48,2026-10-03,1212,N21,VIIRS,n,2.0NRT,303.54,4.66,D
-10.69965,27.05999,340.27,0.53,0.5,2026-10-03,1212,N21,VIIRS,n,2.0NRT,299.88,6.81,D
-10.6914,22.08975,338.3,0.42,0.37,2026-10-03,1212,N21,VIIRS,l,2.0NRT,310.44,4.32,D
-10.69095,26.38401,344.47,0.47,0.48,2026-10-03,1212,N21,VIIRS,n,2.0NRT,303.11,9.25,D
-10.69005,21.94252,337.32,0.41,0.37,2026-10-03,1212,N21,VIIRS,n,2.0NRT,303.06,3.92,D
-10.68975,24.5797,334.98,0.55,0.43,2026-10-03,1212,N21,VIIRS,n,2.0NRT,304.28,5.27,D
-10.68664,21.94197,367,0.41,0.37,2026-10-03,1212,N21,VIIRS,h,2.0NRT,314.56,13.8,D
-10.68323,21.94142,341.72,0.41,0.37,2026-10-03,1212,N21,VIIRS,n,2.0NRT,307.09,13.8,D
-10.68241,22.1468,350.65,0.42,0.38,2026-10-03,1212,N21,VIIRS,n,2.0NRT,310.42,10.21,D
-10.68041,21.93711,333.8,0.41,0.37,2026-10-03,1212,N21,VIIRS,l,2.0NRT,305.95,2.37,D
-10.67248,26.62023,342.45,0.49,0.49,2026-10-03,1212,N21,VIIRS,n,2.0NRT,303.86,5.61,D
-10.6666,22.46034,333.86,0.43,0.38,2026-10-03,1212,N21,VIIRS,n,2.0NRT,306.85,2.08,D
-10.6601,21.91076,340.44,0.41,0.37,2026-10-03,1212,N21,VIIRS,n,2.0NRT,306.67,7.06,D
-10.65888,26.86834,343.63,0.51,0.49,2026-10-03,1212,N21,VIIRS,n,2.0NRT,305.91,7.2,D
-10.65737,21.97193,332.57,0.41,0.37,2026-10-03,1212,N21,VIIRS,n,2.0NRT,301,3.9,D
-10.6493,27.21077,332.2,0.54,0.51,2026-10-03,1212,N21,VIIRS,n,2.0NRT,298.02,4,D
-10.64559,26.64318,330.37,0.49,0.49,2026-10-03,1212,N21,VIIRS,l,2.0NRT,304.51,4.7,D
-10.64191,24.4274,331,0.54,0.42,2026-10-03,1212,N21,VIIRS,l,2.0NRT,305.63,7.14,D
-10.63797,22.74828,337.27,0.44,0.39,2026-10-03,1212,N21,VIIRS,n,2.0NRT,305.18,8.11,D
-10.63429,22.13892,336.73,0.42,0.38,2026-10-03,1212,N21,VIIRS,n,2.0NRT,304.51,4.76,D
-10.63393,26.47702,342.23,0.48,0.48,2026-10-03,1212,N21,VIIRS,n,2.0NRT,303.32,8.01,D
-10.63362,22.53133,334.24,0.43,0.38,2026-10-03,1212,N21,VIIRS,l,2.0NRT,305.35,4.25,D
-10.63013,22.53076,334.74,0.43,0.38,2026-10-03,1212,N21,VIIRS,l,2.0NRT,307.28,6.63,D
-10.6299,22.29971,334.05,0.43,0.38,2026-10-03,1212,N21,VIIRS,l,2.0NRT,308.75,1.52,D
-10.62925,22.06021,339.08,0.42,0.37,2026-10-03,1212,N21,VIIRS,l,2.0NRT,311.9,4.88,D
-10.62161,25.85729,335.6,0.44,0.46,2026-10-03,1212,N21,VIIRS,n,2.0NRT,300.92,2.67,D
-10.6214,25.85736,335.91,0.44,0.46,2026-10-03,1212,N21,VIIRS,n,2.0NRT,300.63,2.77,D
-10.61718,26.96417,341.3,0.52,0.5,2026-10-03,1212,N21,VIIRS,n,2.0NRT,301.94,14.09,D
-10.61391,22.04624,339.89,0.42,0.37,2026-10-03,1212,N21,VIIRS,l,2.0NRT,311.76,6.67,D
-10.61145,22.12738,347.29,0.42,0.38,2026-10-03,1212,N21,VIIRS,n,2.0NRT,309.94,6.13,D
-10.60819,25.18903,341.51,0.4,0.44,2026-10-03,1212,N21,VIIRS,n,2.0NRT,305.93,3.79,D
-10.60655,22.15794,351.41,0.42,0.38,2026-10-03,1212,N21,VIIRS,n,2.0NRT,316.04,8.95,D
-10.60594,22.16178,337.76,0.42,0.38,2026-10-03,1212,N21,VIIRS,l,2.0NRT,311.62,8.95,D
-10.60311,22.15741,340.62,0.42,0.38,2026-10-03,1212,N21,VIIRS,l,2.0NRT,314.91,8.8,D
-10.60249,22.16124,338.38,0.42,0.38,2026-10-03,1212,N21,VIIRS,l,2.0NRT,311.67,8.8,D
-10.58622,26.64188,344.49,0.49,0.49,2026-10-03,1212,N21,VIIRS,n,2.0NRT,303.14,12.52,D
-10.58389,26.75758,335.85,0.5,0.49,2026-10-03,1212,N21,VIIRS,n,2.0NRT,301.4,3.05,D
-10.58279,26.64355,341.33,0.5,0.49,2026-10-03,1212,N21,VIIRS,n,2.0NRT,301.7,7.2,D
-10.57906,23.15569,343.2,0.46,0.39,2026-10-03,1212,N21,VIIRS,n,2.0NRT,308.64,15.1,D
-10.57697,26.77037,342.11,0.5,0.49,2026-10-03,1212,N21,VIIRS,n,2.0NRT,302.61,9.91,D
-10.5701,25.24191,341.18,0.4,0.44,2026-10-03,1212,N21,VIIRS,n,2.0NRT,305.39,17.23,D
-10.5701,29.20176,346.66,0.37,0.58,2026-10-03,1212,N21,VIIRS,n,2.0NRT,296.74,5,D
-10.56902,29.20238,344.58,0.37,0.58,2026-10-03,1212,N21,VIIRS,n,2.0NRT,296.21,6.1,D
-10.56687,26.93091,343.18,0.52,0.5,2026-10-03,1212,N21,VIIRS,n,2.0NRT,301.84,5.84,D
-10.56661,22.03451,331.87,0.42,0.37,2026-10-03,1212,N21,VIIRS,l,2.0NRT,306.25,1.93,D
-10.56611,26.08009,340.15,0.46,0.47,2026-10-03,1212,N21,VIIRS,n,2.0NRT,301.96,5.53,D
-10.56234,26.93008,350.24,0.52,0.5,2026-10-03,1212,N21,VIIRS,n,2.0NRT,302.42,25.17,D
-10.55623,26.5333,348.21,0.49,0.48,2026-10-03,1212,N21,VIIRS,n,2.0NRT,299.95,6.54,D
-10.55347,25.89828,333.67,0.44,0.46,2026-10-03,1212,N21,VIIRS,n,2.0NRT,300.98,4.86,D
-10.55287,26.844,342.99,0.51,0.49,2026-10-03,1212,N21,VIIRS,n,2.0NRT,300.51,2.72,D
-10.54475,23.77247,340.43,0.5,0.41,2026-10-03,1212,N21,VIIRS,n,2.0NRT,303.38,4.16,D
-10.54146,24.23388,335.69,0.53,0.42,2026-10-03,1212,N21,VIIRS,l,2.0NRT,307.51,5.55,D
-10.53765,24.23324,338.49,0.53,0.42,2026-10-03,1212,N21,VIIRS,n,2.0NRT,307.41,5.55,D
-10.53709,26.77439,331.17,0.51,0.49,2026-10-03,1212,N21,VIIRS,l,2.0NRT,301.71,6,D
-10.53343,26.76884,341.67,0.51,0.49,2026-10-03,1212,N21,VIIRS,n,2.0NRT,301.35,11.03,D
-10.53266,26.77326,334.66,0.51,0.49,2026-10-03,1212,N21,VIIRS,n,2.0NRT,302.44,6,D
-10.53007,27.21649,340.76,0.54,0.51,2026-10-03,1212,N21,VIIRS,n,2.0NRT,300.7,10.79,D
-10.52825,26.53698,342.66,0.49,0.48,2026-10-03,1212,N21,VIIRS,n,2.0NRT,304.98,9.07,D
-10.51307,24.93566,346.85,0.39,0.44,2026-10-03,1212,N21,VIIRS,n,2.0NRT,304.18,12.5,D
-10.51044,26.6375,338.26,0.5,0.49,2026-10-03,1212,N21,VIIRS,n,2.0NRT,298.96,6.41,D
-10.50969,24.93145,337.59,0.39,0.44,2026-10-03,1212,N21,VIIRS,n,2.0NRT,300.43,4.74,D
-10.50706,27.5083,340.85,0.57,0.52,2026-10-03,1212,N21,VIIRS,n,2.0NRT,301.59,10.62,D
-10.50553,22.53153,333.33,0.44,0.38,2026-10-03,1212,N21,VIIRS,l,2.0NRT,304.66,9.21,D
-10.49862,26.50096,343.99,0.49,0.48,2026-10-03,1212,N21,VIIRS,n,2.0NRT,301.16,16.15,D
-10.49839,26.50005,341.67,0.49,0.48,2026-10-03,1212,N21,VIIRS,n,2.0NRT,301.17,13.66,D
-10.49241,26.76512,343.63,0.51,0.49,2026-10-03,1212,N21,VIIRS,n,2.0NRT,298.13,8.24,D
-10.47971,26.88921,331.51,0.52,0.5,2026-10-03,1212,N21,VIIRS,n,2.0NRT,300.56,5.36,D
-10.47678,22.39804,345.48,0.43,0.38,2026-10-03,1212,N21,VIIRS,n,2.0NRT,309.51,13.36,D
-10.46858,22.40464,336,0.43,0.38,2026-10-03,1212,N21,VIIRS,l,2.0NRT,310.15,12.72,D
-10.46597,28.03531,339.45,0.62,0.54,2026-10-03,1212,N21,VIIRS,n,2.0NRT,292.81,10.53,D
-10.46511,26.61592,332.96,0.5,0.49,2026-10-03,1212,N21,VIIRS,n,2.0NRT,295.75,4.16,D
-10.4649,28.04112,331.41,0.62,0.54,2026-10-03,1212,N21,VIIRS,n,2.0NRT,289.67,10.53,D
-10.46305,28.03848,335.56,0.62,0.54,2026-10-03,1212,N21,VIIRS,n,2.0NRT,288.33,7.67,D
-10.4537,23.37184,333.5,0.48,0.4,2026-10-03,1212,N21,VIIRS,l,2.0NRT,303.52,28.5,D
-10.45251,24.30447,338.76,0.53,0.42,2026-10-03,1212,N21,VIIRS,n,2.0NRT,303.57,3.82,D
-10.4457,26.20197,337.36,0.47,0.47,2026-10-03,1212,N21,VIIRS,n,2.0NRT,297.68,4.82,D
-10.44516,29.31407,367,0.38,0.59,2026-10-03,1212,N21,VIIRS,h,2.0NRT,298.16,12.46,D
-10.44167,29.31358,367,0.38,0.59,2026-10-03,1212,N21,VIIRS,h,2.0NRT,300.32,18.65,D
-10.43985,29.31296,349.4,0.38,0.59,2026-10-03,1212,N21,VIIRS,n,2.0NRT,297.96,6.14,D
-10.43577,25.12292,340.9,0.4,0.44,2026-10-03,1212,N21,VIIRS,n,2.0NRT,304.95,3.31,D
-10.43527,29.45504,347.41,0.39,0.59,2026-10-03,1212,N21,VIIRS,n,2.0NRT,291.94,6.82,D
-10.42927,22.51493,335.62,0.44,0.38,2026-10-03,1212,N21,VIIRS,n,2.0NRT,306.55,4.01,D
-10.42241,29.37598,351.06,0.38,0.59,2026-10-03,1212,N21,VIIRS,n,2.0NRT,296.42,7.18,D
-10.42034,23.57632,333.61,0.49,0.4,2026-10-03,1212,N21,VIIRS,n,2.0NRT,304.26,4.45,D
-10.41936,29.37566,351.52,0.38,0.59,2026-10-03,1212,N21,VIIRS,n,2.0NRT,296.58,8.43,D
-10.41736,26.67888,337.89,0.5,0.49,2026-10-03,1212,N21,VIIRS,n,2.0NRT,297.87,7.04,D
-10.41588,29.36439,352.16,0.38,0.59,2026-10-03,1212,N21,VIIRS,n,2.0NRT,295.75,6,D
-10.41366,29.36371,349.74,0.38,0.59,2026-10-03,1212,N21,VIIRS,n,2.0NRT,295.47,5.68,D
-10.39663,29.19953,343.8,0.37,0.58,2026-10-03,1212,N21,VIIRS,n,2.0NRT,295.69,10.27,D
-10.39553,27.99223,341.26,0.61,0.54,2026-10-03,1212,N21,VIIRS,n,2.0NRT,294.33,79.82,D
-10.39049,25.29115,343.18,0.41,0.45,2026-10-03,1212,N21,VIIRS,n,2.0NRT,307.69,11,D
-10.38991,25.29121,344.06,0.41,0.45,2026-10-03,1212,N21,VIIRS,n,2.0NRT,308.48,13.77,D
-10.3878,27.43221,341.32,0.56,0.52,2026-10-03,1212,N21,VIIRS,n,2.0NRT,301.98,13.58,D
-10.38328,22.50362,331.04,0.44,0.38,2026-10-03,1212,N21,VIIRS,l,2.0NRT,305,2.6,D
-10.38037,24.90802,340.41,0.39,0.44,2026-10-03,1212,N21,VIIRS,n,2.0NRT,302.11,4.05,D
-10.37978,22.50302,332.11,0.44,0.38,2026-10-03,1212,N21,VIIRS,l,2.0NRT,305.73,2.89,D
-10.37852,25.38081,344.31,0.41,0.45,2026-10-03,1212,N21,VIIRS,n,2.0NRT,303.54,4.84,D
-10.37628,27.38825,339.02,0.56,0.51,2026-10-03,1212,N21,VIIRS,n,2.0NRT,298,9.52,D
-10.37537,27.3933,343.87,0.56,0.51,2026-10-03,1212,N21,VIIRS,n,2.0NRT,303.15,13.36,D
-10.36582,29.3063,337.36,0.38,0.59,2026-10-03,1212,N21,VIIRS,n,2.0NRT,294.86,6.72,D
-10.36519,29.30968,352.86,0.38,0.59,2026-10-03,1212,N21,VIIRS,n,2.0NRT,294.53,6.72,D
-10.36023,23.29982,331.01,0.47,0.4,2026-10-03,1212,N21,VIIRS,l,2.0NRT,305.01,2.54,D
-10.34518,26.87628,333.73,0.52,0.5,2026-10-03,1212,N21,VIIRS,l,2.0NRT,304.45,8.92,D
-10.33484,29.41285,367,0.38,0.59,2026-10-03,1212,N21,VIIRS,h,2.0NRT,298.93,41.98,D
-10.33204,26.54646,341.16,0.49,0.49,2026-10-03,1212,N21,VIIRS,n,2.0NRT,297.7,9.01,D
-10.32687,23.29854,336.35,0.47,0.4,2026-10-03,1212,N21,VIIRS,n,2.0NRT,306.01,4.73,D
-10.31629,27.4423,338.79,0.57,0.52,2026-10-03,1212,N21,VIIRS,n,2.0NRT,304.66,7.96,D
-10.31485,25.09721,337.06,0.4,0.44,2026-10-03,1212,N21,VIIRS,n,2.0NRT,304.13,2.17,D
-10.3141,25.09661,334.24,0.4,0.44,2026-10-03,1212,N21,VIIRS,l,2.0NRT,304.51,3.82,D
-10.30727,28.89344,367,0.35,0.57,2026-10-03,1212,N21,VIIRS,h,2.0NRT,295.13,12,D
-10.30093,25.80009,340.72,0.44,0.46,2026-10-03,1212,N21,VIIRS,n,2.0NRT,297.52,4.32,D
-10.288,23.8603,331.52,0.51,0.41,2026-10-03,1212,N21,VIIRS,l,2.0NRT,302.93,3.35,D
-10.28666,30.33408,367,0.45,0.63,2026-10-03,1212,N21,VIIRS,h,2.0NRT,292.37,17.83,D
-10.27151,25.37087,332.83,0.41,0.45,2026-10-03,1212,N21,VIIRS,l,2.0NRT,304.1,3.73,D
-10.26115,23.44863,336.03,0.48,0.4,2026-10-03,1212,N21,VIIRS,l,2.0NRT,307.9,16.86,D
-10.26101,23.44738,343.98,0.48,0.4,2026-10-03,1212,N21,VIIRS,n,2.0NRT,308.37,21.21,D
-10.24046,22.46882,335.32,0.44,0.38,2026-10-03,1212,N21,VIIRS,n,2.0NRT,304.1,7.11,D
-10.23983,22.47276,346.09,0.44,0.38,2026-10-03,1212,N21,VIIRS,n,2.0NRT,304.24,16.15,D
-10.23953,25.09532,335.7,0.4,0.44,2026-10-03,1212,N21,VIIRS,n,2.0NRT,304.75,7.97,D
-10.23891,25.09896,342.62,0.4,0.44,2026-10-03,1212,N21,VIIRS,n,2.0NRT,306.38,10.52,D
-10.23346,30.42639,353.14,0.45,0.63,2026-10-03,1212,N21,VIIRS,n,2.0NRT,294.76,20.74,D
-10.23294,30.42385,341.69,0.45,0.63,2026-10-03,1212,N21,VIIRS,n,2.0NRT,293.43,15.57,D
-10.23265,30.43061,367,0.45,0.63,2026-10-03,1212,N21,VIIRS,h,2.0NRT,294.74,20.74,D
-10.23217,30.42805,367,0.45,0.63,2026-10-03,1212,N21,VIIRS,h,2.0NRT,296.7,39.46,D
-10.22823,29.28626,338.03,0.38,0.59,2026-10-03,1212,N21,VIIRS,n,2.0NRT,297.86,5.05,D
-10.22758,29.2897,336.72,0.38,0.59,2026-10-03,1212,N21,VIIRS,n,2.0NRT,300.35,5.05,D
-10.22506,22.60888,334.09,0.44,0.38,2026-10-03,1212,N21,VIIRS,l,2.0NRT,304.25,4.51,D
-10.22449,29.28824,345.46,0.38,0.59,2026-10-03,1212,N21,VIIRS,n,2.0NRT,298.91,9.42,D
-10.21588,28.70494,336.29,0.35,0.56,2026-10-03,1212,N21,VIIRS,n,2.0NRT,297.78,2.45,D
-10.20444,30.54601,354.6,0.46,0.64,2026-10-03,1212,N21,VIIRS,n,2.0NRT,291.23,8.38,D
-10.2005,25.20099,340.06,0.4,0.45,2026-10-03,1212,N21,VIIRS,n,2.0NRT,303.41,11.24,D
-10.19937,22.49478,334,0.44,0.38,2026-10-03,1212,N21,VIIRS,n,2.0NRT,304.69,5.33,D
-10.17602,30.78742,353.96,0.48,0.65,2026-10-03,1212,N21,VIIRS,n,2.0NRT,294.94,12.38,D
-10.17336,22.09936,340.99,0.42,0.38,2026-10-03,1212,N21,VIIRS,n,2.0NRT,307.68,5.33,D
-10.16409,27.33342,348.43,0.56,0.51,2026-10-03,1212,N21,VIIRS,n,2.0NRT,301.79,13.65,D
-10.16276,22.90299,330.58,0.45,0.39,2026-10-03,1212,N21,VIIRS,l,2.0NRT,304.37,3.49,D
-10.15031,23.11486,335.83,0.47,0.39,2026-10-03,1212,N21,VIIRS,n,2.0NRT,302.66,7.69,D
-10.14548,22.96375,336.84,0.46,0.39,2026-10-03,1212,N21,VIIRS,n,2.0NRT,300.74,5.78,D
-10.14429,22.15376,344.4,0.42,0.38,2026-10-03,1212,N21,VIIRS,n,2.0NRT,308.86,6.34,D
-10.14411,22.9721,341.66,0.46,0.39,2026-10-03,1212,N21,VIIRS,n,2.0NRT,304.06,8.49,D
-10.14337,22.15361,344.75,0.42,0.38,2026-10-03,1212,N21,VIIRS,n,2.0NRT,309.42,7.01,D
-10.14205,22.14547,331.87,0.42,0.38,2026-10-03,1212,N21,VIIRS,l,2.0NRT,306.23,5.83,D
-10.14122,22.96734,335.28,0.46,0.39,2026-10-03,1212,N21,VIIRS,n,2.0NRT,301.63,5.78,D
-10.12621,22.96914,333.33,0.46,0.39,2026-10-03,1212,N21,VIIRS,l,2.0NRT,307.18,5.76,D
-10.12403,22.9695,338.3,0.46,0.39,2026-10-03,1212,N21,VIIRS,n,2.0NRT,304.49,4.53,D
-10.11343,25.32056,335.16,0.41,0.45,2026-10-03,1212,N21,VIIRS,n,2.0NRT,302.32,5.09,D
-10.08959,29.13337,367,0.37,0.58,2026-10-03,1212,N21,VIIRS,h,2.0NRT,303.71,39.31,D
-10.08626,22.07333,338.82,0.42,0.38,2026-10-03,1212,N21,VIIRS,n,2.0NRT,305.63,8.74,D
-10.06568,24.60058,333.21,0.56,0.43,2026-10-03,1212,N21,VIIRS,n,2.0NRT,301.63,6.5,D
-10.06313,29.12828,367,0.37,0.58,2026-10-03,1212,N21,VIIRS,h,2.0NRT,295.12,10.3,D
-10.0614,25.40123,341.4,0.42,0.45,2026-10-03,1212,N21,VIIRS,n,2.0NRT,304.47,4.37,D
-10.06049,24.13148,335.58,0.53,0.42,2026-10-03,1212,N21,VIIRS,n,2.0NRT,305.09,11.54,D
-10.05178,30.18495,367,0.44,0.62,2026-10-03,1212,N21,VIIRS,h,2.0NRT,294.72,11.57,D
-10.04948,30.18452,367,0.44,0.62,2026-10-03,1212,N21,VIIRS,h,2.0NRT,295.07,12.25,D
-10.02927,28.50808,333.69,0.34,0.56,2026-10-03,1212,N21,VIIRS,n,2.0NRT,294.78,3.37,D
-10.01569,23.02425,332.78,0.46,0.39,2026-10-03,1212,N21,VIIRS,n,2.0NRT,302.56,2.8,D
-10.01347,23.0153,331.46,0.46,0.39,2026-10-03,1212,N21,VIIRS,l,2.0NRT,304.58,4.35,D
-10.00365,23.01866,333.83,0.46,0.39,2026-10-03,1212,N21,VIIRS,n,2.0NRT,303.33,5.28,D
-10.002,23.01769,331.07,0.46,0.39,2026-10-03,1212,N21,VIIRS,l,2.0NRT,303.6,6.45,D
-9.99564,28.9956,367,0.37,0.58,2026-10-03,1212,N21,VIIRS,h,2.0NRT,293.64,14.06,D
-9.99201,27.52046,330.25,0.58,0.52,2026-10-03,1212,N21,VIIRS,n,2.0NRT,296.91,5.64,D
-9.99098,26.32277,340.89,0.48,0.48,2026-10-03,1212,N21,VIIRS,n,2.0NRT,299.76,3.23,D
-9.9903,26.32515,343.1,0.48,0.48,2026-10-03,1212,N21,VIIRS,n,2.0NRT,300.25,5.26,D
-9.98446,30.18649,333.37,0.44,0.62,2026-10-03,1212,N21,VIIRS,n,2.0NRT,292.4,2.57,D
-9.97004,23.59836,334.33,0.49,0.41,2026-10-03,1212,N21,VIIRS,l,2.0NRT,305.93,4.22,D
-9.96633,23.59773,331.95,0.49,0.41,2026-10-03,1212,N21,VIIRS,l,2.0NRT,304.78,4.22,D
-9.96584,26.12845,336.55,0.47,0.48,2026-10-03,1212,N21,VIIRS,n,2.0NRT,298.22,2.48,D
-9.96568,23.02523,341.9,0.46,0.39,2026-10-03,1212,N21,VIIRS,n,2.0NRT,304.97,4.9,D
-9.96432,23.03362,330.27,0.46,0.39,2026-10-03,1212,N21,VIIRS,l,2.0NRT,301.85,2.42,D
-9.96074,26.13204,333.77,0.47,0.48,2026-10-03,1212,N21,VIIRS,n,2.0NRT,300.73,4.05,D
-9.95056,23.18771,334.37,0.47,0.4,2026-10-03,1212,N21,VIIRS,n,2.0NRT,304.73,5.9,D
-9.94673,31.64592,343.83,0.55,0.68,2026-10-03,1212,N21,VIIRS,n,2.0NRT,293.99,8.15,D
-9.94496,23.03901,332.86,0.46,0.39,2026-10-03,1212,N21,VIIRS,l,2.0NRT,303.84,4.59,D
-9.94408,24.81782,333.51,0.39,0.44,2026-10-03,1212,N21,VIIRS,l,2.0NRT,304.99,6.35,D
-9.90832,28.76489,367,0.35,0.57,2026-10-03,1212,N21,VIIRS,h,2.0NRT,299.8,9.29,D
-9.90196,28.77029,367,0.35,0.57,2026-10-03,1212,N21,VIIRS,h,2.0NRT,299.19,7.15,D
-9.90151,22.39012,346.73,0.44,0.38,2026-10-03,1212,N21,VIIRS,n,2.0NRT,307.18,5.51,D
-9.90087,22.39405,331.9,0.44,0.38,2026-10-03,1212,N21,VIIRS,n,2.0NRT,303.67,3.57,D
-9.90044,30.56652,367,0.47,0.64,2026-10-03,1212,N21,VIIRS,h,2.0NRT,290.94,35.94,D
-9.89998,23.74405,330.09,0.5,0.41,2026-10-03,1212,N21,VIIRS,l,2.0NRT,301.54,2.47,D
-9.89737,22.39348,332.57,0.44,0.38,2026-10-03,1212,N21,VIIRS,n,2.0NRT,303.29,2.69,D
-9.89388,22.39291,334.12,0.44,0.38,2026-10-03,1212,N21,VIIRS,n,2.0NRT,304.19,2.69,D
-9.89105,26.03512,330.69,0.46,0.47,2026-10-03,1212,N21,VIIRS,n,2.0NRT,299.87,2.96,D
-9.88776,23.4126,335.42,0.48,0.4,2026-10-03,1212,N21,VIIRS,n,2.0NRT,303.38,4.6,D
-9.88277,30.05993,343.69,0.43,0.62,2026-10-03,1212,N21,VIIRS,n,2.0NRT,292.79,9.1,D
-9.88128,30.06776,367,0.43,0.62,2026-10-03,1212,N21,VIIRS,h,2.0NRT,299.79,38.61,D
-9.87956,23.06859,335.87,0.47,0.39,2026-10-03,1212,N21,VIIRS,n,2.0NRT,302.94,3.47,D
-9.87789,22.17033,335.51,0.43,0.38,2026-10-03,1212,N21,VIIRS,n,2.0NRT,304.21,3.2,D
-9.87512,30.05362,332.99,0.43,0.62,2026-10-03,1212,N21,VIIRS,n,2.0NRT,297.01,10.67,D
-9.87343,30.07834,367,0.44,0.62,2026-10-03,1212,N21,VIIRS,h,2.0NRT,298.06,29.36,D
-9.87268,30.08227,367,0.44,0.62,2026-10-03,1212,N21,VIIRS,h,2.0NRT,296.05,29.36,D
-9.87226,30.06929,353.64,0.44,0.62,2026-10-03,1212,N21,VIIRS,n,2.0NRT,295.47,18.53,D
-9.87154,30.07327,367,0.44,0.62,2026-10-03,1212,N21,VIIRS,h,2.0NRT,296.8,18.53,D
-9.87086,27.31452,336.19,0.56,0.52,2026-10-03,1212,N21,VIIRS,n,2.0NRT,304.15,10.9,D
-9.87009,30.08119,367,0.44,0.62,2026-10-03,1212,N21,VIIRS,h,2.0NRT,293.05,31.93,D
-9.86858,30.07307,367,0.44,0.62,2026-10-03,1212,N21,VIIRS,h,2.0NRT,299.49,81.32,D
-9.86738,30.06402,331,0.44,0.62,2026-10-03,1212,N21,VIIRS,n,2.0NRT,295.24,15.91,D
-9.86666,30.06797,345.73,0.44,0.62,2026-10-03,1212,N21,VIIRS,n,2.0NRT,295.56,18.53,D
-9.86594,30.07192,367,0.44,0.62,2026-10-03,1212,N21,VIIRS,h,2.0NRT,297.71,18.53,D
-9.86072,31.88804,330.02,0.58,0.7,2026-10-03,1212,N21,VIIRS,n,2.0NRT,294.1,12.36,D
-9.85007,29.05019,349.03,0.37,0.58,2026-10-03,1212,N21,VIIRS,n,2.0NRT,295.29,7.73,D
-9.84799,22.31296,332.42,0.43,0.38,2026-10-03,1212,N21,VIIRS,n,2.0NRT,302.02,5.92,D
-9.83593,23.10907,332.07,0.47,0.4,2026-10-03,1212,N21,VIIRS,l,2.0NRT,306.17,5.83,D
-9.82603,30.00347,330.8,0.43,0.62,2026-10-03,1212,N21,VIIRS,n,2.0NRT,295.55,3.42,D
-9.82236,25.03884,344.6,0.4,0.44,2026-10-03,1212,N21,VIIRS,n,2.0NRT,302.41,4.91,D
-9.81899,24.11655,332.73,0.53,0.42,2026-10-03,1212,N21,VIIRS,n,2.0NRT,303.37,3.34,D
-9.81809,24.11447,335.01,0.53,0.42,2026-10-03,1212,N21,VIIRS,n,2.0NRT,303.7,8.49,D
-9.81768,23.0843,330.58,0.47,0.4,2026-10-03,1212,N21,VIIRS,l,2.0NRT,302.84,1.16,D
-9.80969,30.28193,339.48,0.45,0.63,2026-10-03,1212,N21,VIIRS,n,2.0NRT,291.52,6.3,D
-9.80111,22.90147,333.37,0.46,0.39,2026-10-03,1212,N21,VIIRS,l,2.0NRT,304.75,2.76,D
-9.79675,23.73276,334.23,0.51,0.41,2026-10-03,1212,N21,VIIRS,n,2.0NRT,305.58,3.13,D
-9.79529,23.08494,339.36,0.47,0.4,2026-10-03,1212,N21,VIIRS,n,2.0NRT,305.65,3.52,D
-9.79517,23.06314,343.58,0.47,0.39,2026-10-03,1212,N21,VIIRS,n,2.0NRT,305.3,5.96,D
-9.79421,22.92167,343.4,0.46,0.39,2026-10-03,1212,N21,VIIRS,n,2.0NRT,305.89,4.16,D
-9.79194,25.54556,340.55,0.43,0.46,2026-10-03,1212,N21,VIIRS,n,2.0NRT,301.04,5.61,D
-9.78525,29.24927,332.35,0.38,0.59,2026-10-03,1212,N21,VIIRS,n,2.0NRT,295.5,4.21,D
-9.78248,29.24891,330.66,0.38,0.59,2026-10-03,1212,N21,VIIRS,n,2.0NRT,296.55,4.22,D
-9.78223,23.07407,335.29,0.47,0.4,2026-10-03,1212,N21,VIIRS,l,2.0NRT,305.82,4.18,D
-9.77821,26.71453,350.86,0.52,0.5,2026-10-03,1212,N21,VIIRS,n,2.0NRT,301.74,38.78,D
-9.77799,24.05546,333.55,0.53,0.42,2026-10-03,1212,N21,VIIRS,n,2.0NRT,300.4,5.31,D
-9.77458,28.96096,343.9,0.37,0.58,2026-10-03,1212,N21,VIIRS,n,2.0NRT,296.53,3.92,D
-9.77398,28.96424,330.03,0.37,0.58,2026-10-03,1212,N21,VIIRS,n,2.0NRT,295.7,3.92,D
-9.77338,28.9675,330.58,0.37,0.58,2026-10-03,1212,N21,VIIRS,n,2.0NRT,296.78,3.92,D
-9.77184,23.10802,332.01,0.47,0.4,2026-10-03,1212,N21,VIIRS,n,2.0NRT,303.63,3.54,D
-9.77116,23.11228,332.54,0.47,0.4,2026-10-03,1212,N21,VIIRS,n,2.0NRT,303.92,2.91,D
-9.766,32.73862,339.91,0.66,0.73,2026-10-03,1212,N21,VIIRS,n,2.0NRT,292.55,14.06,D
-9.76557,30.23253,367,0.45,0.63,2026-10-03,1212,N21,VIIRS,h,2.0NRT,298.58,18.44,D
-9.76238,32.73779,341.09,0.66,0.73,2026-10-03,1212,N21,VIIRS,n,2.0NRT,292.37,8.73,D
-9.762,33.03799,331.28,0.69,0.74,2026-10-03,1212,N21,VIIRS,n,2.0NRT,291.37,6.01,D
-9.76038,32.85537,330.7,0.67,0.74,2026-10-03,1212,N21,VIIRS,n,2.0NRT,288.36,6.42,D
-9.74738,23.12139,342.57,0.47,0.4,2026-10-03,1212,N21,VIIRS,n,2.0NRT,304.39,4.22,D
-9.74669,23.12566,334.46,0.47,0.4,2026-10-03,1212,N21,VIIRS,n,2.0NRT,301.32,5.38,D
-9.73845,22.85698,334.68,0.46,0.39,2026-10-03,1212,N21,VIIRS,n,2.0NRT,306.51,1.69,D
-9.73535,26.33497,340.44,0.49,0.48,2026-10-03,1212,N21,VIIRS,n,2.0NRT,298.21,6.92,D
-9.72632,29.3431,334.95,0.39,0.59,2026-10-03,1212,N21,VIIRS,n,2.0NRT,294.52,4.41,D
-9.72384,27.08146,340.21,0.55,0.51,2026-10-03,1212,N21,VIIRS,n,2.0NRT,288.98,8.64,D
-9.72222,29.01443,367,0.37,0.58,2026-10-03,1212,N21,VIIRS,h,2.0NRT,293.82,11.46,D
-9.72163,29.01776,345.85,0.37,0.58,2026-10-03,1212,N21,VIIRS,n,2.0NRT,293.73,10.26,D
-9.72083,29.01522,354.75,0.37,0.58,2026-10-03,1212,N21,VIIRS,n,2.0NRT,297.3,20.25,D
-9.71646,30.68665,367,0.48,0.65,2026-10-03,1212,N21,VIIRS,h,2.0NRT,292.42,15.41,D
-9.71439,29.46915,367,0.4,0.6,2026-10-03,1212,N21,VIIRS,h,2.0NRT,297.59,11.51,D
-9.70838,22.75511,334.73,0.45,0.39,2026-10-03,1212,N21,VIIRS,n,2.0NRT,302.15,3.89,D
-9.70803,29.03251,341.21,0.37,0.58,2026-10-03,1212,N21,VIIRS,n,2.0NRT,297.79,6.89,D
-9.70773,22.75923,336.76,0.45,0.39,2026-10-03,1212,N21,VIIRS,n,2.0NRT,301.75,3.67,D
-9.70625,22.85166,346.6,0.46,0.39,2026-10-03,1212,N21,VIIRS,n,2.0NRT,307.03,14.93,D
-9.70395,22.852,340.44,0.46,0.39,2026-10-03,1212,N21,VIIRS,n,2.0NRT,307.51,13.86,D
-9.69864,23.76114,330.33,0.51,0.41,2026-10-03,1212,N21,VIIRS,l,2.0NRT,305.22,4.01,D
-9.69195,30.49529,343.52,0.47,0.64,2026-10-03,1212,N21,VIIRS,n,2.0NRT,293.99,8.22,D
-9.68381,28.53499,335.41,0.34,0.56,2026-10-03,1212,N21,VIIRS,n,2.0NRT,298.54,2.34,D
-9.6711,29.23685,350.52,0.38,0.59,2026-10-03,1212,N21,VIIRS,n,2.0NRT,298.01,23.96,D
-9.67048,29.2403,344.34,0.39,0.59,2026-10-03,1212,N21,VIIRS,n,2.0NRT,296.78,20.03,D
-9.66224,23.69508,335.95,0.51,0.41,2026-10-03,1212,N21,VIIRS,n,2.0NRT,305.57,7.24,D
-9.6547,30.3437,338.06,0.46,0.63,2026-10-03,1212,N21,VIIRS,n,2.0NRT,296.32,9.81,D
-9.65183,29.25117,354.65,0.39,0.59,2026-10-03,1212,N21,VIIRS,n,2.0NRT,297.94,26.81,D
-9.64439,23.31651,333.32,0.48,0.4,2026-10-03,1212,N21,VIIRS,l,2.0NRT,306.28,4.83,D
-9.64305,29.14767,337.42,0.38,0.59,2026-10-03,1212,N21,VIIRS,n,2.0NRT,297.68,4.1,D
-9.64251,24.16876,345.85,0.54,0.42,2026-10-03,1212,N21,VIIRS,n,2.0NRT,302.25,7.56,D
-9.64095,29.80543,354.41,0.42,0.61,2026-10-03,1212,N21,VIIRS,n,2.0NRT,296.9,25.21,D
-9.63869,31.26984,336.09,0.53,0.67,2026-10-03,1212,N21,VIIRS,n,2.0NRT,291.31,6.4,D
-9.63751,23.84743,333.95,0.52,0.41,2026-10-03,1212,N21,VIIRS,n,2.0NRT,303.18,3.93,D
-9.61006,29.03654,345.84,0.37,0.58,2026-10-03,1212,N21,VIIRS,n,2.0NRT,293.48,11.01,D
-9.60888,28.77237,349.46,0.36,0.57,2026-10-03,1212,N21,VIIRS,n,2.0NRT,297.83,5.85,D
-9.60887,29.04315,350.01,0.37,0.58,2026-10-03,1212,N21,VIIRS,n,2.0NRT,294.37,8.57,D
-9.60845,29.03735,367,0.37,0.58,2026-10-03,1212,N21,VIIRS,h,2.0NRT,294.73,6.34,D
-9.60783,29.04065,336.17,0.37,0.58,2026-10-03,1212,N21,VIIRS,n,2.0NRT,293.81,6.34,D
-9.60763,28.80892,354.71,0.36,0.57,2026-10-03,1212,N21,VIIRS,n,2.0NRT,298.59,7.89,D
-9.60721,29.04397,342.54,0.37,0.58,2026-10-03,1212,N21,VIIRS,n,2.0NRT,293.79,7.13,D
-9.60433,26.76617,349.04,0.52,0.5,2026-10-03,1212,N21,VIIRS,n,2.0NRT,288.56,25.64,D
-9.6024,28.80793,344.2,0.36,0.57,2026-10-03,1212,N21,VIIRS,n,2.0NRT,296.84,3.04,D
-9.58643,22.79132,346.58,0.46,0.39,2026-10-03,1212,N21,VIIRS,n,2.0NRT,302.4,7.04,D
-9.57662,24.9069,343.98,0.4,0.44,2026-10-03,1212,N21,VIIRS,n,2.0NRT,302.67,10.44,D
-9.57402,30.32533,347.68,0.46,0.63,2026-10-03,1212,N21,VIIRS,n,2.0NRT,294.44,10.27,D
-9.57196,28.85591,367,0.36,0.58,2026-10-03,1212,N21,VIIRS,h,2.0NRT,298.5,9.36,D
-9.57135,28.85925,341.62,0.36,0.58,2026-10-03,1212,N21,VIIRS,n,2.0NRT,297,9.36,D
-9.56671,28.85496,340.11,0.36,0.58,2026-10-03,1212,N21,VIIRS,n,2.0NRT,297.73,9.36,D
-9.55956,25.48152,330.39,0.43,0.46,2026-10-03,1212,N21,VIIRS,l,2.0NRT,300.95,1.43,D
-9.55943,25.61074,343.13,0.44,0.46,2026-10-03,1212,N21,VIIRS,n,2.0NRT,303.62,6.7,D
-9.55294,22.79432,334.49,0.46,0.39,2026-10-03,1212,N21,VIIRS,l,2.0NRT,305.77,6.54,D
-9.55025,23.69173,334.16,0.51,0.41,2026-10-03,1212,N21,VIIRS,n,2.0NRT,303.79,7.31,D
-9.53779,25.45745,339.6,0.43,0.46,2026-10-03,1212,N21,VIIRS,n,2.0NRT,304.4,60.43,D
-9.5367,23.58648,337.87,0.5,0.41,2026-10-03,1212,N21,VIIRS,n,2.0NRT,305.77,55.16,D
-9.53621,25.86852,332.71,0.46,0.47,2026-10-03,1212,N21,VIIRS,n,2.0NRT,297.54,2.75,D
-9.53362,25.45663,350.54,0.43,0.46,2026-10-03,1212,N21,VIIRS,n,2.0NRT,303.02,28.16,D
-9.52859,28.82812,335.07,0.36,0.58,2026-10-03,1212,N21,VIIRS,n,2.0NRT,294.05,1.71,D
-9.49302,26.00474,344.43,0.47,0.48,2026-10-03,1212,N21,VIIRS,n,2.0NRT,303.4,10.46,D
-9.49187,22.92067,338.77,0.46,0.39,2026-10-03,1212,N21,VIIRS,n,2.0NRT,305.56,3.96,D
-9.4829,29.85667,367,0.43,0.62,2026-10-03,1212,N21,VIIRS,h,2.0NRT,298.59,18.43,D
-9.48031,25.74172,337.2,0.45,0.47,2026-10-03,1212,N21,VIIRS,n,2.0NRT,299.63,4.15,D
-9.47685,22.77377,338.72,0.46,0.39,2026-10-03,1212,N21,VIIRS,n,2.0NRT,306.64,10.6,D
-9.47403,22.72275,340.12,0.45,0.39,2026-10-03,1212,N21,VIIRS,n,2.0NRT,305.82,8.45,D
-9.47328,22.77316,342.58,0.46,0.39,2026-10-03,1212,N21,VIIRS,n,2.0NRT,310.55,32.32,D
-9.45913,24.4455,337.84,0.56,0.43,2026-10-03,1212,N21,VIIRS,n,2.0NRT,303.14,5.35,D
-9.44831,23.5784,333.09,0.5,0.41,2026-10-03,1212,N21,VIIRS,n,2.0NRT,301.85,5.2,D
-9.44477,24.3625,333.73,0.56,0.43,2026-10-03,1212,N21,VIIRS,n,2.0NRT,299.82,5.51,D
-9.44086,24.36183,334.72,0.56,0.43,2026-10-03,1212,N21,VIIRS,n,2.0NRT,298.52,4.5,D
-9.43416,23.06325,336.22,0.47,0.4,2026-10-03,1212,N21,VIIRS,l,2.0NRT,306.73,4.6,D
-9.43236,25.94192,347.77,0.46,0.47,2026-10-03,1212,N21,VIIRS,n,2.0NRT,303.59,8.96,D
-9.43027,25.92832,341.03,0.46,0.47,2026-10-03,1212,N21,VIIRS,n,2.0NRT,300.64,11.9,D
-9.42793,25.96734,341.33,0.47,0.47,2026-10-03,1212,N21,VIIRS,n,2.0NRT,304.39,8.91,D
-9.42789,25.72148,330.33,0.45,0.47,2026-10-03,1212,N21,VIIRS,n,2.0NRT,298.03,3.13,D
-9.4273,24.63291,341.78,0.38,0.43,2026-10-03,1212,N21,VIIRS,n,2.0NRT,302.5,5.91,D
-9.41983,25.21319,342.48,0.42,0.45,2026-10-03,1212,N21,VIIRS,n,2.0NRT,304.93,9.96,D
-9.41728,25.21255,340.21,0.42,0.45,2026-10-03,1212,N21,VIIRS,n,2.0NRT,309.16,13.3,D
-9.40966,24.64042,338.11,0.38,0.44,2026-10-03,1212,N21,VIIRS,n,2.0NRT,301.8,3.6,D
-9.40747,24.63931,340.43,0.38,0.44,2026-10-03,1212,N21,VIIRS,n,2.0NRT,302.26,5.35,D
-9.4015,26.87232,339.25,0.54,0.51,2026-10-03,1212,N21,VIIRS,n,2.0NRT,295.56,29.67,D
-9.39227,25.69865,331.46,0.45,0.47,2026-10-03,1212,N21,VIIRS,l,2.0NRT,301.54,6.76,D
-9.38961,31.17946,337.37,0.53,0.67,2026-10-03,1212,N21,VIIRS,n,2.0NRT,291.09,7.36,D
-9.3885,24.70485,331.42,0.39,0.44,2026-10-03,1212,N21,VIIRS,l,2.0NRT,302.73,5.18,D
-9.3873,25.70205,331.38,0.45,0.47,2026-10-03,1212,N21,VIIRS,l,2.0NRT,302.41,6.74,D
-9.38659,25.70614,341.25,0.45,0.47,2026-10-03,1212,N21,VIIRS,n,2.0NRT,301.38,6.74,D
-9.37691,26.93082,335.11,0.54,0.51,2026-10-03,1212,N21,VIIRS,n,2.0NRT,297.37,3.58,D
-9.37623,23.73597,336.36,0.51,0.41,2026-10-03,1212,N21,VIIRS,n,2.0NRT,302.48,4.9,D
-9.37212,25.9987,350.93,0.47,0.48,2026-10-03,1212,N21,VIIRS,n,2.0NRT,303.56,10.56,D
-9.372,24.48519,333.08,0.57,0.43,2026-10-03,1212,N21,VIIRS,n,2.0NRT,301.36,5.58,D
-9.3596,25.70989,330.56,0.45,0.47,2026-10-03,1212,N21,VIIRS,l,2.0NRT,300.6,3.56,D
-9.35587,24.72808,343.61,0.39,0.44,2026-10-03,1212,N21,VIIRS,n,2.0NRT,303.29,11.23,D
-9.35529,24.73157,342.56,0.39,0.44,2026-10-03,1212,N21,VIIRS,n,2.0NRT,301.61,7.16,D
-9.34679,25.91186,340.07,0.46,0.47,2026-10-03,1212,N21,VIIRS,n,2.0NRT,301.34,2.46,D
-9.34538,30.13856,336.43,0.45,0.63,2026-10-03,1212,N21,VIIRS,n,2.0NRT,291.35,6.93,D
-9.34062,25.16429,338.71,0.42,0.45,2026-10-03,1212,N21,VIIRS,n,2.0NRT,302.62,23.37,D
-9.33998,25.16803,346.05,0.42,0.45,2026-10-03,1212,N21,VIIRS,n,2.0NRT,303.95,23.37,D
-9.3365,25.16361,339.2,0.42,0.45,2026-10-03,1212,N21,VIIRS,n,2.0NRT,300.84,23.37,D
-9.33586,25.16733,343.08,0.42,0.45,2026-10-03,1212,N21,VIIRS,n,2.0NRT,301.16,23.37,D
-9.33581,26.02743,330.71,0.47,0.48,2026-10-03,1212,N21,VIIRS,l,2.0NRT,305.41,7.87,D
-9.33005,25.42611,337.09,0.43,0.46,2026-10-03,1212,N21,VIIRS,n,2.0NRT,301.8,11.62,D
-9.32937,25.43006,340.93,0.43,0.46,2026-10-03,1212,N21,VIIRS,n,2.0NRT,303.02,12.47,D
-9.32882,22.6531,335.06,0.45,0.39,2026-10-03,1212,N21,VIIRS,n,2.0NRT,296.67,5.64,D
-9.32816,22.65718,341.5,0.45,0.39,2026-10-03,1212,N21,VIIRS,n,2.0NRT,297.91,8.08,D
-9.32253,25.75424,342.94,0.45,0.47,2026-10-03,1212,N21,VIIRS,n,2.0NRT,303.24,6.92,D
-9.322,30.06574,367,0.45,0.63,2026-10-03,1212,N21,VIIRS,h,2.0NRT,296.81,31.27,D
-9.31818,30.06323,354.22,0.44,0.63,2026-10-03,1212,N21,VIIRS,n,2.0NRT,288.53,17.82,D
-9.31744,30.06711,342.97,0.44,0.63,2026-10-03,1212,N21,VIIRS,n,2.0NRT,288.68,17.82,D
-9.31679,26.08545,342.34,0.48,0.48,2026-10-03,1212,N21,VIIRS,n,2.0NRT,303.13,21.09,D
-9.30973,25.99667,331.78,0.47,0.48,2026-10-03,1212,N21,VIIRS,l,2.0NRT,303.66,3.71,D
-9.30241,26.01287,341.86,0.47,0.48,2026-10-03,1212,N21,VIIRS,n,2.0NRT,305.02,6.18,D
-9.29418,25.35926,341.71,0.43,0.46,2026-10-03,1212,N21,VIIRS,n,2.0NRT,301.43,5.33,D
-9.29353,25.36303,334.2,0.43,0.46,2026-10-03,1212,N21,VIIRS,n,2.0NRT,300.16,5.33,D
-9.29296,25.35912,341.99,0.43,0.46,2026-10-03,1212,N21,VIIRS,n,2.0NRT,301.85,8.96,D
-9.28461,25.20418,333.04,0.42,0.45,2026-10-03,1212,N21,VIIRS,n,2.0NRT,300.86,10.11,D
-9.28397,25.20801,343.67,0.42,0.45,2026-10-03,1212,N21,VIIRS,n,2.0NRT,306.86,18.32,D
-9.27838,23.49687,336.27,0.5,0.41,2026-10-03,1212,N21,VIIRS,n,2.0NRT,305.09,9.24,D
-9.27748,23.49078,333.07,0.5,0.41,2026-10-03,1212,N21,VIIRS,l,2.0NRT,304.06,4.22,D
-9.27745,24.57021,343.39,0.38,0.43,2026-10-03,1212,N21,VIIRS,n,2.0NRT,304.63,10.61,D
-9.27673,23.49526,336.01,0.5,0.41,2026-10-03,1212,N21,VIIRS,n,2.0NRT,305.39,4.22,D
-9.27513,25.46906,333.5,0.44,0.46,2026-10-03,1212,N21,VIIRS,n,2.0NRT,302.53,4.25,D
-9.2747,25.46921,332.97,0.44,0.46,2026-10-03,1212,N21,VIIRS,n,2.0NRT,302.69,5.75,D
-9.25537,28.96158,338.42,0.37,0.58,2026-10-03,1212,N21,VIIRS,n,2.0NRT,297.44,1.33,D
-9.25197,26.17318,330.44,0.48,0.48,2026-10-03,1212,N21,VIIRS,n,2.0NRT,299.42,2.38,D
-9.24373,24.02101,342.5,0.53,0.42,2026-10-03,1212,N21,VIIRS,n,2.0NRT,301.78,60.9,D
-9.24343,25.7017,341.99,0.45,0.47,2026-10-03,1212,N21,VIIRS,n,2.0NRT,299.89,5.41,D
-9.23861,24.63147,332.87,0.39,0.44,2026-10-03,1212,N21,VIIRS,n,2.0NRT,299.34,3.89,D
-9.23462,24.63077,337.78,0.39,0.44,2026-10-03,1212,N21,VIIRS,n,2.0NRT,300.37,3.89,D
-9.23286,24.64125,367,0.39,0.44,2026-10-03,1212,N21,VIIRS,h,2.0NRT,302.7,20.65,D
-9.23227,24.64473,339.21,0.39,0.44,2026-10-03,1212,N21,VIIRS,n,2.0NRT,297.5,6.59,D
-9.22888,24.64056,341.62,0.39,0.44,2026-10-03,1212,N21,VIIRS,n,2.0NRT,304.26,13.93,D
-9.22829,24.64405,339.3,0.39,0.44,2026-10-03,1212,N21,VIIRS,n,2.0NRT,299.32,11.81,D
-9.22608,24.63285,333.78,0.39,0.44,2026-10-03,1212,N21,VIIRS,n,2.0NRT,296.32,4.6,D
-9.22389,25.78851,333.9,0.46,0.47,2026-10-03,1212,N21,VIIRS,n,2.0NRT,299.83,2.31,D
-9.21424,25.94619,335.79,0.47,0.48,2026-10-03,1212,N21,VIIRS,l,2.0NRT,306.48,6.92,D
-9.20174,32.30578,340.95,0.63,0.72,2026-10-03,1212,N21,VIIRS,n,2.0NRT,294.46,19.97,D
-9.20044,32.30634,347.82,0.63,0.72,2026-10-03,1212,N21,VIIRS,n,2.0NRT,294.95,23.78,D
-9.19339,29.95329,335.31,0.44,0.62,2026-10-03,1212,N21,VIIRS,n,2.0NRT,297.17,6.57,D
-9.18634,30.28437,342.34,0.46,0.64,2026-10-03,1212,N21,VIIRS,n,2.0NRT,292.95,10.03,D
-9.18621,30.28467,338.25,0.46,0.64,2026-10-03,1212,N21,VIIRS,n,2.0NRT,292.69,9.38,D
-9.18366,30.07031,355.44,0.45,0.63,2026-10-03,1212,N21,VIIRS,n,2.0NRT,294.39,12.38,D
-9.17873,24.76599,346.73,0.39,0.44,2026-10-03,1212,N21,VIIRS,n,2.0NRT,303.84,33.64,D
-9.17354,24.61576,347.29,0.39,0.44,2026-10-03,1212,N21,VIIRS,n,2.0NRT,299.78,45.6,D
-9.17014,24.61158,339.55,0.39,0.44,2026-10-03,1212,N21,VIIRS,n,2.0NRT,298.64,45.6,D
-9.16956,24.61507,350.93,0.39,0.44,2026-10-03,1212,N21,VIIRS,n,2.0NRT,301.44,45.6,D
-9.16735,25.7948,340.1,0.46,0.47,2026-10-03,1212,N21,VIIRS,n,2.0NRT,299.8,7.55,D
-9.16719,26.06099,336.05,0.48,0.48,2026-10-03,1212,N21,VIIRS,n,2.0NRT,299.7,7.13,D
-9.16683,26.06188,334.52,0.48,0.48,2026-10-03,1212,N21,VIIRS,n,2.0NRT,300.14,7,D
-9.15806,26.06032,332.06,0.48,0.48,2026-10-03,1212,N21,VIIRS,l,2.0NRT,302.18,5.71,D
-9.14355,24.82211,347.83,0.4,0.44,2026-10-03,1212,N21,VIIRS,n,2.0NRT,304.65,20.43,D
-9.14208,25.20257,343.6,0.42,0.45,2026-10-03,1212,N21,VIIRS,n,2.0NRT,304.8,11.45,D
-9.13232,26.18565,348.88,0.49,0.48,2026-10-03,1212,N21,VIIRS,n,2.0NRT,298.73,12.43,D
-9.13019,26.14462,342.98,0.48,0.48,2026-10-03,1212,N21,VIIRS,n,2.0NRT,299.97,11.59,D
-9.12578,26.14384,348.31,0.48,0.48,2026-10-03,1212,N21,VIIRS,n,2.0NRT,301.19,7.76,D
-9.11261,29.12095,330.79,0.39,0.59,2026-10-03,1212,N21,VIIRS,n,2.0NRT,296.99,2.63,D
-9.11182,29.37314,338.71,0.4,0.6,2026-10-03,1212,N21,VIIRS,n,2.0NRT,296.75,4.34,D
-9.11134,29.12793,336.94,0.39,0.59,2026-10-03,1212,N21,VIIRS,n,2.0NRT,294.53,2.86,D
-9.11088,22.56467,334.28,0.45,0.39,2026-10-03,1212,N21,VIIRS,l,2.0NRT,307.96,5.37,D
-9.10507,29.37924,330.25,0.4,0.6,2026-10-03,1212,N21,VIIRS,n,2.0NRT,296.94,2.39,D
-9.10375,29.10854,367,0.39,0.59,2026-10-03,1212,N21,VIIRS,h,2.0NRT,294.44,6.52,D
-9.10283,23.88896,343.19,0.53,0.42,2026-10-03,1212,N21,VIIRS,n,2.0NRT,304.95,15.45,D
-9.10148,23.89079,337.29,0.53,0.42,2026-10-03,1212,N21,VIIRS,n,2.0NRT,303.71,11.6,D
-9.09479,25.03987,339.13,0.41,0.45,2026-10-03,1212,N21,VIIRS,n,2.0NRT,302.33,6.02,D
-9.08771,25.92048,330.84,0.47,0.48,2026-10-03,1212,N21,VIIRS,n,2.0NRT,299.08,2.47,D
-9.08622,25.922,346.04,0.47,0.48,2026-10-03,1212,N21,VIIRS,n,2.0NRT,299.56,7.27,D
-9.08336,25.91972,337.81,0.47,0.48,2026-10-03,1212,N21,VIIRS,n,2.0NRT,299.8,1.77,D
-9.08262,25.92395,330.79,0.47,0.48,2026-10-03,1212,N21,VIIRS,n,2.0NRT,298.93,1.87,D
-9.08187,25.92124,331.72,0.47,0.48,2026-10-03,1212,N21,VIIRS,n,2.0NRT,299.31,3.88,D
-9.07527,26.09469,330.2,0.48,0.48,2026-10-03,1212,N21,VIIRS,n,2.0NRT,299.53,3.31,D
-9.06641,25.80152,333.05,0.46,0.47,2026-10-03,1212,N21,VIIRS,n,2.0NRT,299.9,3.83,D
-9.06326,24.08464,338.74,0.54,0.42,2026-10-03,1212,N21,VIIRS,n,2.0NRT,300.43,4.46,D
-9.06209,25.80077,331.75,0.46,0.47,2026-10-03,1212,N21,VIIRS,n,2.0NRT,299.94,3.83,D
-9.06142,24.08128,334.33,0.54,0.42,2026-10-03,1212,N21,VIIRS,n,2.0NRT,301.11,9.52,D
-9.05366,25.95564,332.32,0.47,0.48,2026-10-03,1212,N21,VIIRS,n,2.0NRT,299.79,5.77,D
-9.047,25.81106,344.82,0.46,0.47,2026-10-03,1212,N21,VIIRS,n,2.0NRT,300.14,8.05,D
-9.01382,25.70617,341.12,0.46,0.47,2026-10-03,1212,N21,VIIRS,n,2.0NRT,298.19,11.5,D
-9.01212,26.01445,334.47,0.48,0.48,2026-10-03,1212,N21,VIIRS,n,2.0NRT,300.32,3.01,D
-9.01211,25.70527,345.92,0.46,0.47,2026-10-03,1212,N21,VIIRS,n,2.0NRT,295.28,10.41,D
-8.99762,30.01368,333.11,0.45,0.63,2026-10-03,1212,N21,VIIRS,n,2.0NRT,295.59,7.76,D
-8.99698,26.4622,331.79,0.51,0.49,2026-10-03,1212,N21,VIIRS,n,2.0NRT,299.44,4.21,D
-8.99686,30.01769,338.59,0.45,0.63,2026-10-03,1212,N21,VIIRS,n,2.0NRT,297.41,10.36,D
-8.99577,26.4599,330.85,0.51,0.49,2026-10-03,1212,N21,VIIRS,n,2.0NRT,299.42,2.8,D
-8.99575,30.01499,337.36,0.45,0.63,2026-10-03,1212,N21,VIIRS,n,2.0NRT,296.83,6.26,D
-8.9951,24.81057,341.61,0.4,0.44,2026-10-03,1212,N21,VIIRS,n,2.0NRT,300.28,11.32,D
-8.98267,29.67269,351.85,0.42,0.61,2026-10-03,1212,N21,VIIRS,n,2.0NRT,299.62,13.95,D
-8.98196,29.67652,367,0.42,0.61,2026-10-03,1212,N21,VIIRS,h,2.0NRT,298.04,12.74,D
-8.97894,25.75587,339.71,0.46,0.47,2026-10-03,1212,N21,VIIRS,n,2.0NRT,296.99,5.29,D
-8.97742,25.42992,330.3,0.44,0.46,2026-10-03,1212,N21,VIIRS,n,2.0NRT,299.41,4.44,D
-8.96768,29.44799,336.94,0.41,0.61,2026-10-03,1212,N21,VIIRS,n,2.0NRT,299.73,5.76,D
-8.96453,32.31751,335.44,0.64,0.72,2026-10-03,1212,N21,VIIRS,n,2.0NRT,297.63,6.62,D
-8.95223,26.12465,333.7,0.49,0.48,2026-10-03,1212,N21,VIIRS,n,2.0NRT,299.57,6.84,D
-8.93107,26.27154,342.66,0.5,0.49,2026-10-03,1212,N21,VIIRS,n,2.0NRT,304.04,11.05,D
-8.92867,30.40892,332.18,0.48,0.64,2026-10-03,1212,N21,VIIRS,n,2.0NRT,292.25,5.49,D
-8.92294,22.3366,333.64,0.44,0.39,2026-10-03,1212,N21,VIIRS,n,2.0NRT,303.24,3.12,D
-8.91407,25.87514,334.38,0.47,0.48,2026-10-03,1212,N21,VIIRS,n,2.0NRT,300.67,6.6,D
-8.90972,25.8744,340.48,0.47,0.48,2026-10-03,1212,N21,VIIRS,n,2.0NRT,300.05,7.71,D
-8.90899,25.87861,339.23,0.47,0.48,2026-10-03,1212,N21,VIIRS,n,2.0NRT,298.5,6.72,D
-8.89727,26.18424,341.21,0.49,0.49,2026-10-03,1212,N21,VIIRS,n,2.0NRT,302.46,12.94,D
-8.89668,25.87215,332.92,0.47,0.48,2026-10-03,1212,N21,VIIRS,n,2.0NRT,298.81,7.17,D
-8.89544,23.19158,334.36,0.49,0.4,2026-10-03,1212,N21,VIIRS,n,2.0NRT,301.54,8.98,D
-8.89278,23.18846,335.93,0.49,0.4,2026-10-03,1212,N21,VIIRS,n,2.0NRT,302.12,11.16,D
-8.89177,23.19094,335.29,0.49,0.4,2026-10-03,1212,N21,VIIRS,n,2.0NRT,301.2,8.98,D
-8.8914,31.17092,343.41,0.54,0.68,2026-10-03,1212,N21,VIIRS,n,2.0NRT,295.15,9.98,D
-8.89102,31.16919,352.6,0.54,0.68,2026-10-03,1212,N21,VIIRS,n,2.0NRT,296.59,11.89,D
-8.88868,29.91406,352.17,0.44,0.62,2026-10-03,1212,N21,VIIRS,n,2.0NRT,294.16,7.06,D
-8.88291,25.87405,367,0.47,0.48,2026-10-03,1212,N21,VIIRS,h,2.0NRT,298.17,11.89,D
-8.88158,25.8745,346.04,0.47,0.48,2026-10-03,1212,N21,VIIRS,n,2.0NRT,296.59,4.46,D
-8.87227,22.6328,333.38,0.46,0.39,2026-10-03,1212,N21,VIIRS,n,2.0NRT,300.63,3.2,D
-8.87114,22.63196,334.03,0.46,0.39,2026-10-03,1212,N21,VIIRS,n,2.0NRT,300.56,3.05,D
-8.86143,31.32259,331.19,0.55,0.68,2026-10-03,1212,N21,VIIRS,n,2.0NRT,292.54,4.33,D
-8.85833,24.11265,340.12,0.55,0.42,2026-10-03,1212,N21,VIIRS,n,2.0NRT,304.39,11.1,D
-8.85128,24.72375,332.76,0.4,0.44,2026-10-03,1212,N21,VIIRS,n,2.0NRT,301.18,3.15,D
-8.84906,25.72375,338.16,0.46,0.47,2026-10-03,1212,N21,VIIRS,n,2.0NRT,295.69,10.05,D
-8.84836,25.72787,336.18,0.46,0.47,2026-10-03,1212,N21,VIIRS,n,2.0NRT,296.25,11.83,D
-8.8463,26.26723,340.95,0.5,0.49,2026-10-03,1212,N21,VIIRS,n,2.0NRT,300,10.07,D
-8.81847,24.42122,332.01,0.57,0.43,2026-10-03,1212,N21,VIIRS,n,2.0NRT,300.5,4.89,D
-8.81757,25.09307,344.34,0.42,0.45,2026-10-03,1212,N21,VIIRS,n,2.0NRT,300.19,10.61,D
-8.79791,26.02323,345.82,0.48,0.48,2026-10-03,1212,N21,VIIRS,n,2.0NRT,297.51,10.96,D
-8.79717,26.02757,336.99,0.48,0.48,2026-10-03,1212,N21,VIIRS,n,2.0NRT,296.66,8.14,D
-8.79643,26.03191,330.62,0.48,0.48,2026-10-03,1212,N21,VIIRS,n,2.0NRT,296.53,8.14,D
-8.79334,26.33245,348.02,0.5,0.49,2026-10-03,1212,N21,VIIRS,n,2.0NRT,294.02,7.28,D
-8.79095,26.33332,353.18,0.51,0.49,2026-10-03,1212,N21,VIIRS,n,2.0NRT,293.49,17.74,D
-8.79018,26.33787,344.35,0.51,0.49,2026-10-03,1212,N21,VIIRS,n,2.0NRT,294.43,11.95,D
-8.78724,26.34075,335.96,0.51,0.49,2026-10-03,1212,N21,VIIRS,n,2.0NRT,296.02,9.28,D
-8.75648,24.28736,338.75,0.56,0.43,2026-10-03,1212,N21,VIIRS,n,2.0NRT,301.64,7.28,D
-8.75174,29.8474,337.75,0.44,0.62,2026-10-03,1212,N21,VIIRS,n,2.0NRT,298.16,6.12,D
-8.73549,29.19504,332.81,0.4,0.6,2026-10-03,1212,N21,VIIRS,n,2.0NRT,295.3,4.18,D
-8.73379,29.19763,338.41,0.4,0.6,2026-10-03,1212,N21,VIIRS,n,2.0NRT,295.61,4.62,D
-8.66911,29.27538,334.93,0.4,0.6,2026-10-03,1212,N21,VIIRS,n,2.0NRT,292.04,4.89,D
-8.6687,24.71345,332.05,0.4,0.44,2026-10-03,1212,N21,VIIRS,n,2.0NRT,298.5,3.76,D
-8.61348,30.79187,344.73,0.51,0.66,2026-10-03,1212,N21,VIIRS,n,2.0NRT,268.16,13.14,D
-8.61275,30.79579,330.36,0.51,0.66,2026-10-03,1212,N21,VIIRS,n,2.0NRT,269.62,13.36,D
-8.58494,29.14356,334.65,0.4,0.6,2026-10-03,1212,N21,VIIRS,n,2.0NRT,294.73,3.36,D
-8.57586,23.49792,332.7,0.51,0.41,2026-10-03,1212,N21,VIIRS,n,2.0NRT,302.5,15.22,D
-8.57511,23.5025,351.12,0.51,0.41,2026-10-03,1212,N21,VIIRS,n,2.0NRT,307.47,15.22,D
-8.57437,23.50705,332.3,0.51,0.41,2026-10-03,1212,N21,VIIRS,n,2.0NRT,299.6,10.51,D
-8.57136,23.50187,347.35,0.51,0.41,2026-10-03,1212,N21,VIIRS,n,2.0NRT,303.26,15.83,D
-8.5672,25.78841,337.34,0.47,0.48,2026-10-03,1212,N21,VIIRS,n,2.0NRT,285.37,6.56,D
-8.56592,25.78902,330.37,0.47,0.48,2026-10-03,1212,N21,VIIRS,n,2.0NRT,285.91,7.43,D
-8.55535,26.74629,341.09,0.54,0.51,2026-10-03,1212,N21,VIIRS,n,2.0NRT,296.66,10.95,D
-8.53103,24.53269,340.72,0.39,0.44,2026-10-03,1212,N21,VIIRS,n,2.0NRT,302.15,38.09,D
-8.52921,25.98016,334.3,0.48,0.48,2026-10-03,1212,N21,VIIRS,n,2.0NRT,296.83,5.22,D
-8.52915,31.33753,367,0.56,0.69,2026-10-03,1212,N21,VIIRS,h,2.0NRT,294.77,13.27,D
-8.52703,24.53202,330.77,0.39,0.44,2026-10-03,1212,N21,VIIRS,n,2.0NRT,298.61,160.88,D
-8.52491,31.33815,367,0.56,0.69,2026-10-03,1212,N21,VIIRS,h,2.0NRT,294.86,17.18,D
-8.51502,24.53,340.21,0.39,0.44,2026-10-03,1212,N21,VIIRS,n,2.0NRT,300.81,7.08,D
-8.51065,26.68046,340.58,0.54,0.51,2026-10-03,1212,N21,VIIRS,n,2.0NRT,296.94,6,D
-8.50914,26.68341,333.05,0.54,0.51,2026-10-03,1212,N21,VIIRS,n,2.0NRT,297.18,7.88,D
-8.50664,23.51947,347.83,0.51,0.41,2026-10-03,1212,N21,VIIRS,n,2.0NRT,304.24,12.04,D
-8.50653,23.51731,332.63,0.51,0.41,2026-10-03,1212,N21,VIIRS,n,2.0NRT,301.45,16.47,D
-8.50588,23.52405,346.61,0.51,0.41,2026-10-03,1212,N21,VIIRS,n,2.0NRT,306.06,33,D
-8.5058,23.52189,347.52,0.51,0.41,2026-10-03,1212,N21,VIIRS,n,2.0NRT,306.86,16.47,D
-8.50506,23.52648,336.08,0.51,0.41,2026-10-03,1212,N21,VIIRS,n,2.0NRT,297.57,14.37,D
-8.50288,23.51883,338.51,0.51,0.41,2026-10-03,1212,N21,VIIRS,n,2.0NRT,303.44,12.04,D
-8.50277,23.51667,331.12,0.51,0.41,2026-10-03,1212,N21,VIIRS,n,2.0NRT,298.5,16.47,D
-8.50212,23.5234,343.2,0.51,0.41,2026-10-03,1212,N21,VIIRS,n,2.0NRT,309.07,33,D
-8.50204,23.52124,338.62,0.51,0.41,2026-10-03,1212,N21,VIIRS,n,2.0NRT,305.82,16.47,D
-8.5013,23.52583,337.12,0.51,0.41,2026-10-03,1212,N21,VIIRS,n,2.0NRT,302.3,14.37,D
-8.48041,22.85899,331.72,0.47,0.4,2026-10-03,1212,N21,VIIRS,n,2.0NRT,296.92,3.59,D
-8.47536,26.66423,330.01,0.54,0.51,2026-10-03,1212,N21,VIIRS,n,2.0NRT,293.93,5.02,D
-8.47201,26.68362,339.1,0.54,0.51,2026-10-03,1212,N21,VIIRS,n,2.0NRT,293.14,9.81,D
-8.43172,26.23332,339.04,0.5,0.49,2026-10-03,1212,N21,VIIRS,n,2.0NRT,298.87,10.48,D
-8.43014,26.24248,336.15,0.51,0.49,2026-10-03,1212,N21,VIIRS,n,2.0NRT,299.67,6.27,D
-8.42939,26.7365,330.77,0.55,0.51,2026-10-03,1212,N21,VIIRS,n,2.0NRT,293,6.63,D
-8.40145,22.46621,336.28,0.45,0.39,2026-10-03,1212,N21,VIIRS,n,2.0NRT,301.11,4.42,D
-8.40066,26.7185,340.77,0.54,0.51,2026-10-03,1212,N21,VIIRS,n,2.0NRT,292.49,10.09,D
-8.4005,26.66316,340.17,0.54,0.51,2026-10-03,1212,N21,VIIRS,n,2.0NRT,291.31,10.4,D
-8.40008,26.25567,341.99,0.51,0.49,2026-10-03,1212,N21,VIIRS,n,2.0NRT,302.75,8.98,D
-8.39948,26.71611,349.16,0.54,0.51,2026-10-03,1212,N21,VIIRS,n,2.0NRT,294.93,13.41,D
-8.39601,26.71767,367,0.54,0.51,2026-10-03,1212,N21,VIIRS,h,2.0NRT,294.71,33.98,D
-8.39587,26.66235,336.23,0.54,0.51,2026-10-03,1212,N21,VIIRS,n,2.0NRT,292.76,9.88,D
-8.39484,26.7153,336.17,0.54,0.51,2026-10-03,1212,N21,VIIRS,n,2.0NRT,291.47,13.41,D
-8.39397,26.72019,340.65,0.54,0.51,2026-10-03,1212,N21,VIIRS,n,2.0NRT,293.22,17.75,D
-8.37912,26.70459,332.18,0.54,0.51,2026-10-03,1212,N21,VIIRS,n,2.0NRT,292.05,10.31,D
-8.37616,26.69399,340.85,0.54,0.51,2026-10-03,1212,N21,VIIRS,n,2.0NRT,293.08,7.56,D
-8.37571,26.6688,333.63,0.54,0.51,2026-10-03,1212,N21,VIIRS,n,2.0NRT,295.73,16.87,D
-8.37449,26.70377,349.97,0.54,0.51,2026-10-03,1212,N21,VIIRS,n,2.0NRT,292.49,10.31,D
-8.37192,26.66312,343.21,0.54,0.51,2026-10-03,1212,N21,VIIRS,n,2.0NRT,300.19,16.79,D
-8.37155,32.08698,340.54,0.64,0.72,2026-10-03,1212,N21,VIIRS,n,2.0NRT,290.74,27.28,D
-8.37152,26.69317,335.22,0.54,0.51,2026-10-03,1212,N21,VIIRS,n,2.0NRT,296.68,6.38,D
-8.36985,26.70294,338.99,0.54,0.51,2026-10-03,1212,N21,VIIRS,n,2.0NRT,292.62,8.86,D
-8.36895,32.10086,367,0.64,0.72,2026-10-03,1212,N21,VIIRS,h,2.0NRT,292.81,40.68,D
-8.36813,26.65746,331.97,0.54,0.51,2026-10-03,1212,N21,VIIRS,n,2.0NRT,300.57,6.97,D
-8.36773,26.68748,334.29,0.54,0.51,2026-10-03,1212,N21,VIIRS,n,2.0NRT,300.06,6.38,D
-8.36098,26.67123,335.97,0.54,0.51,2026-10-03,1212,N21,VIIRS,n,2.0NRT,302.78,15.17,D
-8.36014,26.6761,333.4,0.54,0.51,2026-10-03,1212,N21,VIIRS,n,2.0NRT,295.8,3.83,D
-8.35962,24.1548,341.48,0.56,0.43,2026-10-03,1212,N21,VIIRS,n,2.0NRT,301.29,10.12,D
-8.35845,26.6308,343.51,0.54,0.51,2026-10-03,1212,N21,VIIRS,n,2.0NRT,299.85,13.22,D
-8.35509,26.65017,342.81,0.54,0.51,2026-10-03,1212,N21,VIIRS,n,2.0NRT,301.3,11.78,D
-8.34284,32.02393,333.62,0.63,0.72,2026-10-03,1212,N21,VIIRS,n,2.0NRT,294.93,5.43,D
-8.31533,26.66644,333.77,0.54,0.51,2026-10-03,1212,N21,VIIRS,n,2.0NRT,299.27,8.55,D
-8.31383,26.66797,334.46,0.54,0.51,2026-10-03,1212,N21,VIIRS,n,2.0NRT,299.27,5.37,D
-8.30143,26.66399,340.69,0.54,0.51,2026-10-03,1212,N21,VIIRS,n,2.0NRT,298.23,7.82,D
-8.30001,31.14953,367,0.55,0.68,2026-10-03,1212,N21,VIIRS,h,2.0NRT,294.62,29.02,D
-8.29993,26.66554,336.39,0.54,0.51,2026-10-03,1212,N21,VIIRS,n,2.0NRT,297.01,5.47,D
-8.29895,26.67863,335.15,0.54,0.51,2026-10-03,1212,N21,VIIRS,n,2.0NRT,297.57,5.57,D
-8.29821,26.67527,336.87,0.54,0.51,2026-10-03,1212,N21,VIIRS,n,2.0NRT,298.06,10.63,D
-8.29034,23.69867,333.89,0.53,0.42,2026-10-03,1212,N21,VIIRS,n,2.0NRT,300.73,5.12,D
-8.28956,23.70341,336.22,0.53,0.42,2026-10-03,1212,N21,VIIRS,n,2.0NRT,302.56,8.85,D
-8.26113,22.8701,336.86,0.48,0.4,2026-10-03,1212,N21,VIIRS,n,2.0NRT,301.76,4.69,D
-8.25416,22.61322,332.45,0.46,0.39,2026-10-03,1212,N21,VIIRS,n,2.0NRT,299.78,4.65,D
-8.22017,24.54111,337.36,0.4,0.44,2026-10-03,1212,N21,VIIRS,n,2.0NRT,298.45,2.93,D
-8.21811,26.40463,340.52,0.52,0.5,2026-10-03,1212,N21,VIIRS,n,2.0NRT,298.13,9.65,D
-8.20547,22.53758,333.93,0.46,0.39,2026-10-03,1212,N21,VIIRS,n,2.0NRT,300.38,3.61,D
-10.46747,33.75163,308.88,0.48,0.4,2026-10-03,2316,N21,VIIRS,n,2.0NRT,277.24,2.08,N
-10.46685,33.7474,338.4,0.48,0.4,2026-10-03,2316,N21,VIIRS,n,2.0NRT,277.86,6.63,N
-9.99634,28.99259,304.73,0.4,0.37,2026-10-03,2316,N21,VIIRS,n,2.0NRT,287.23,1.06,N
-9.99414,28.99274,305.44,0.4,0.37,2026-10-03,2316,N21,VIIRS,n,2.0NRT,287.31,1.05,N
-9.85744,32.14113,312.51,0.41,0.37,2026-10-03,2316,N21,VIIRS,n,2.0NRT,287.46,1.02,N
-9.19673,33.10999,297.07,0.43,0.38,2026-10-03,2316,N21,VIIRS,n,2.0NRT,281.71,0.29,N
-9.1897,33.08691,306.28,0.43,0.38,2026-10-03,2316,N21,VIIRS,n,2.0NRT,284.07,0.93,N
-9.18622,33.08743,295.42,0.43,0.38,2026-10-03,2316,N21,VIIRS,n,2.0NRT,283.4,0.3,N
-9.03101,33.69743,302.81,0.46,0.39,2026-10-03,2316,N21,VIIRS,n,2.0NRT,280.59,1.42,N
-8.97887,29.67329,301.74,0.39,0.36,2026-10-03,2316,N21,VIIRS,n,2.0NRT,286.65,0.67,N
-8.94196,33.24107,305.99,0.44,0.38,2026-10-03,2316,N21,VIIRS,n,2.0NRT,286.95,1.23,N
-8.8667,31.47875,299.67,0.39,0.36,2026-10-03,2316,N21,VIIRS,n,2.0NRT,277.57,0.39,N
-8.68525,32.90402,313.72,0.42,0.38,2026-10-03,2316,N21,VIIRS,n,2.0NRT,287.11,1.65,N
-8.61651,32.35541,308.41,0.4,0.37,2026-10-03,2316,N21,VIIRS,n,2.0NRT,289.03,1.26,N
-8.54669,21.95475,309.3,0.35,0.57,2026-10-03,2316,N21,VIIRS,n,2.0NRT,265.08,1.74,N
-8.54612,21.95154,302.33,0.35,0.57,2026-10-03,2316,N21,VIIRS,n,2.0NRT,263.71,1.3,N
-8.54212,21.95891,304.27,0.35,0.57,2026-10-03,2316,N21,VIIRS,n,2.0NRT,266.79,2.01,N
-8.54155,21.95575,323.03,0.35,0.57,2026-10-03,2316,N21,VIIRS,n,2.0NRT,266.76,2.01,N
-8.50513,31.22861,323.14,0.39,0.36,2026-10-03,2316,N21,VIIRS,n,2.0NRT,288.68,1.81,N
-8.47903,31.47886,303.69,0.39,0.36,2026-10-03,2316,N21,VIIRS,n,2.0NRT,281.55,0.87,N
-8.44299,33.48967,303.64,0.44,0.39,2026-10-03,2316,N21,VIIRS,n,2.0NRT,287.02,1.34,N
-8.43829,33.48227,312.87,0.44,0.38,2026-10-03,2316,N21,VIIRS,n,2.0NRT,286.59,1.68,N
-8.40523,29.48944,305.28,0.4,0.37,2026-10-03,2316,N21,VIIRS,n,2.0NRT,283.3,1.54,N
-15.98165,26.52068,312.27,0.43,0.38,2026-10-03,2318,N21,VIIRS,n,2.0NRT,287.93,1.77,N
-15.97751,26.51732,302.04,0.43,0.38,2026-10-03,2318,N21,VIIRS,n,2.0NRT,286.83,0.9,N
-15.89261,33.02916,295.17,0.5,0.41,2026-10-03,2318,N21,VIIRS,n,2.0NRT,282.81,0.82,N
-15.63051,27.97328,334.47,0.39,0.36,2026-10-03,2318,N21,VIIRS,n,2.0NRT,286.27,3.56,N
-15.61745,27.10153,298.67,0.41,0.37,2026-10-03,2318,N21,VIIRS,n,2.0NRT,284.57,0.2,N
-15.5453,28.2679,305.1,0.39,0.36,2026-10-03,2318,N21,VIIRS,n,2.0NRT,288.48,0.73,N
-15.51856,24.12398,308.24,0.38,0.43,2026-10-03,2318,N21,VIIRS,n,2.0NRT,285.29,1.06,N
-15.38685,27.51835,300.27,0.4,0.37,2026-10-03,2318,N21,VIIRS,n,2.0NRT,286.34,0.59,N
-15.2887,24.35015,300.1,0.56,0.43,2026-10-03,2318,N21,VIIRS,n,2.0NRT,286.07,0.81,N
-15.21566,26.18261,299.74,0.45,0.39,2026-10-03,2318,N21,VIIRS,n,2.0NRT,288.02,0.6,N
-15.19735,25.5307,303.37,0.49,0.4,2026-10-03,2318,N21,VIIRS,n,2.0NRT,288.77,1.25,N
-15.19672,25.53179,304.52,0.49,0.4,2026-10-03,2318,N21,VIIRS,n,2.0NRT,288.83,1.33,N
-15.18251,25.5103,302.56,0.49,0.4,2026-10-03,2318,N21,VIIRS,n,2.0NRT,288.25,0.84,N
-15.14082,29.74353,321.3,0.39,0.36,2026-10-03,2318,N21,VIIRS,n,2.0NRT,290.78,2.32,N
-15.094,24.66408,299.77,0.54,0.42,2026-10-03,2318,N21,VIIRS,n,2.0NRT,286.83,1.89,N
-15.07955,23.01159,300.87,0.46,0.47,2026-10-03,2318,N21,VIIRS,n,2.0NRT,281.71,1.38,N
-15.0779,23.01208,301.36,0.46,0.47,2026-10-03,2318,N21,VIIRS,n,2.0NRT,282.15,0.99,N
-15.07711,23.00789,295.12,0.46,0.47,2026-10-03,2318,N21,VIIRS,n,2.0NRT,280.96,0.99,N
-15.07526,23.01242,295.42,0.46,0.47,2026-10-03,2318,N21,VIIRS,n,2.0NRT,281.97,1.38,N
-15.0737,28.9418,317.12,0.38,0.36,2026-10-03,2318,N21,VIIRS,n,2.0NRT,285.58,1.34,N
-15.04783,25.17527,297.75,0.51,0.41,2026-10-03,2318,N21,VIIRS,n,2.0NRT,287.68,0.55,N
-15.04247,26.38169,299.33,0.45,0.39,2026-10-03,2318,N21,VIIRS,n,2.0NRT,287.5,0.56,N
-15.02635,28.94233,300.9,0.38,0.36,2026-10-03,2318,N21,VIIRS,n,2.0NRT,289.08,0.59,N
-14.91706,25.20661,304.06,0.51,0.41,2026-10-03,2318,N21,VIIRS,n,2.0NRT,289.27,1.24,N
-14.91609,25.20449,302.27,0.51,0.41,2026-10-03,2318,N21,VIIRS,n,2.0NRT,289.69,1.24,N
-14.86942,26.82896,305.73,0.43,0.38,2026-10-03,2318,N21,VIIRS,n,2.0NRT,286.42,0.7,N
-14.84623,27.20222,314.03,0.42,0.37,2026-10-03,2318,N21,VIIRS,n,2.0NRT,287.14,1.87,N
-14.84148,27.79129,301.52,0.4,0.37,2026-10-03,2318,N21,VIIRS,n,2.0NRT,287.78,1.1,N
-14.8343,25.31871,306.91,0.5,0.41,2026-10-03,2318,N21,VIIRS,n,2.0NRT,289.26,1.52,N
-14.8321,25.32073,299.25,0.5,0.41,2026-10-03,2318,N21,VIIRS,n,2.0NRT,288.14,0.27,N
-14.68933,29.97003,320.68,0.39,0.36,2026-10-03,2318,N21,VIIRS,n,2.0NRT,290.69,1.89,N
-14.68878,29.96645,299.77,0.39,0.36,2026-10-03,2318,N21,VIIRS,n,2.0NRT,289.52,0.51,N
-14.64645,25.37479,318.52,0.5,0.41,2026-10-03,2318,N21,VIIRS,n,2.0NRT,289.56,2.86,N
-14.64564,25.37017,324.07,0.5,0.41,2026-10-03,2318,N21,VIIRS,n,2.0NRT,290.27,2.86,N
-14.64482,25.36554,351.75,0.5,0.41,2026-10-03,2318,N21,VIIRS,n,2.0NRT,293.23,12.18,N
-14.63852,27.3278,306.63,0.41,0.37,2026-10-03,2318,N21,VIIRS,n,2.0NRT,287.57,0.99,N
-14.63155,24.16041,298.38,0.39,0.44,2026-10-03,2318,N21,VIIRS,n,2.0NRT,288.27,1.05,N
-14.63031,24.16122,300.35,0.39,0.44,2026-10-03,2318,N21,VIIRS,n,2.0NRT,288.36,0.97,N
-14.61478,29.07263,299.14,0.38,0.36,2026-10-03,2318,N21,VIIRS,n,2.0NRT,286.98,0.8,N
-14.60301,22.63767,298.78,0.49,0.49,2026-10-03,2318,N21,VIIRS,n,2.0NRT,285.15,1,N
-14.58669,27.95925,299.19,0.4,0.37,2026-10-03,2318,N21,VIIRS,n,2.0NRT,282.08,0.61,N
-14.52416,25.36619,301.57,0.51,0.41,2026-10-03,2318,N21,VIIRS,n,2.0NRT,285.69,0.94,N
-14.49073,28.46397,308.19,0.39,0.36,2026-10-03,2318,N21,VIIRS,n,2.0NRT,289.6,1.77,N
-14.47687,28.44017,300.05,0.39,0.36,2026-10-03,2318,N21,VIIRS,n,2.0NRT,289.12,0.93,N
-14.47354,28.44073,301.24,0.39,0.36,2026-10-03,2318,N21,VIIRS,n,2.0NRT,288.35,0.81,N
-14.46965,28.43769,304.39,0.39,0.36,2026-10-03,2318,N21,VIIRS,n,2.0NRT,288.42,0.81,N
-14.46242,28.4352,307.29,0.39,0.36,2026-10-03,2318,N21,VIIRS,n,2.0NRT,288.99,0.9,N
-14.44586,23.48471,297.5,0.44,0.46,2026-10-03,2318,N21,VIIRS,n,2.0NRT,285.12,0.61,N
-14.43313,27.42525,312.77,0.41,0.37,2026-10-03,2318,N21,VIIRS,n,2.0NRT,285,0.95,N
-14.43036,27.42963,296.28,0.41,0.37,2026-10-03,2318,N21,VIIRS,n,2.0NRT,284.33,0.36,N
-14.42846,27.41823,319.47,0.41,0.37,2026-10-03,2318,N21,VIIRS,n,2.0NRT,285.65,1.39,N
-14.42505,27.41882,300.93,0.41,0.37,2026-10-03,2318,N21,VIIRS,n,2.0NRT,284.79,1.39,N
-14.36095,25.61426,300.1,0.49,0.41,2026-10-03,2318,N21,VIIRS,n,2.0NRT,288.07,1.03,N
-14.30489,28.36583,298.25,0.39,0.36,2026-10-03,2318,N21,VIIRS,n,2.0NRT,286.57,0.65,N
-14.30204,24.72999,298.2,0.55,0.43,2026-10-03,2318,N21,VIIRS,n,2.0NRT,287.29,0.68,N
-14.30095,24.72701,344.66,0.55,0.43,2026-10-03,2318,N21,VIIRS,n,2.0NRT,289.74,9.78,N
-14.29815,24.73069,327.35,0.55,0.43,2026-10-03,2318,N21,VIIRS,n,2.0NRT,289.17,4.63,N
-14.29724,24.72559,316.03,0.55,0.43,2026-10-03,2318,N21,VIIRS,n,2.0NRT,288.98,3.51,N
-14.24494,29.23188,297.68,0.38,0.36,2026-10-03,2318,N21,VIIRS,n,2.0NRT,286.73,0.75,N
-14.15521,26.03471,303.76,0.47,0.4,2026-10-03,2318,N21,VIIRS,n,2.0NRT,288.15,1.01,N
-14.14494,23.67594,313.62,0.43,0.46,2026-10-03,2318,N21,VIIRS,n,2.0NRT,287.38,1.89,N
-13.83038,29.86853,306.33,0.38,0.36,2026-10-03,2318,N21,VIIRS,n,2.0NRT,284.96,0.64,N
-13.79597,25.64366,296.76,0.5,0.41,2026-10-03,2318,N21,VIIRS,n,2.0NRT,286.35,0.53,N
-13.79563,27.93356,299.1,0.4,0.37,2026-10-03,2318,N21,VIIRS,n,2.0NRT,287.91,0.53,N
-13.74709,28.30667,310.64,0.4,0.37,2026-10-03,2318,N21,VIIRS,n,2.0NRT,287.95,1.36,N
-13.72692,29.27053,297.83,0.38,0.36,2026-10-03,2318,N21,VIIRS,n,2.0NRT,287.28,0.61,N
-13.72674,25.87865,301.76,0.49,0.4,2026-10-03,2318,N21,VIIRS,n,2.0NRT,288.49,0.85,N
-13.64795,28.40945,304.04,0.39,0.37,2026-10-03,2318,N21,VIIRS,n,2.0NRT,287.76,0.69,N
-13.59248,23.58685,300.71,0.44,0.46,2026-10-03,2318,N21,VIIRS,n,2.0NRT,284.72,1.14,N
-13.59175,23.58279,319.87,0.44,0.46,2026-10-03,2318,N21,VIIRS,n,2.0NRT,286.59,2.97,N
-13.58584,23.55025,295.54,0.45,0.47,2026-10-03,2318,N21,VIIRS,n,2.0NRT,285.43,1.18,N
-13.58414,23.51664,297.95,0.45,0.47,2026-10-03,2318,N21,VIIRS,n,2.0NRT,285.36,0.84,N
-13.5816,23.55104,300.4,0.45,0.47,2026-10-03,2318,N21,VIIRS,n,2.0NRT,285.18,1.32,N
-13.58086,23.54696,307.93,0.45,0.47,2026-10-03,2318,N21,VIIRS,n,2.0NRT,286.21,1.32,N
-13.57979,23.58922,296.83,0.44,0.46,2026-10-03,2318,N21,VIIRS,n,2.0NRT,283.77,1.02,N
-13.57661,23.54775,301.93,0.45,0.47,2026-10-03,2318,N21,VIIRS,n,2.0NRT,285.73,1.32,N
-13.57587,23.54366,298.36,0.45,0.47,2026-10-03,2318,N21,VIIRS,n,2.0NRT,285.87,0.83,N
-13.57512,23.53957,299.24,0.45,0.47,2026-10-03,2318,N21,VIIRS,n,2.0NRT,285.21,0.83,N
-13.56687,26.24694,299.05,0.47,0.4,2026-10-03,2318,N21,VIIRS,n,2.0NRT,286.73,0.6,N
-13.5634,27.88865,298.73,0.41,0.37,2026-10-03,2318,N21,VIIRS,n,2.0NRT,287.7,0.5,N
-13.56002,27.88922,310.94,0.41,0.37,2026-10-03,2318,N21,VIIRS,n,2.0NRT,288.75,1.48,N
-13.53795,23.57601,297.35,0.44,0.46,2026-10-03,2318,N21,VIIRS,n,2.0NRT,284.61,0.75,N
-13.53774,23.52131,297.32,0.45,0.47,2026-10-03,2318,N21,VIIRS,n,2.0NRT,284.95,1.31,N
-13.53665,23.52144,299.86,0.45,0.47,2026-10-03,2318,N21,VIIRS,n,2.0NRT,284.89,1.03,N
-13.53441,23.57678,297.28,0.45,0.47,2026-10-03,2318,N21,VIIRS,n,2.0NRT,283.76,0.96,N
-13.53421,23.52619,308.44,0.45,0.47,2026-10-03,2318,N21,VIIRS,n,2.0NRT,286.12,1.31,N
-13.53315,23.52631,308.78,0.45,0.47,2026-10-03,2318,N21,VIIRS,n,2.0NRT,286.09,2.12,N
-13.53068,23.53109,297.42,0.45,0.47,2026-10-03,2318,N21,VIIRS,n,2.0NRT,286.1,0.82,N
-13.52995,23.52697,296.67,0.45,0.47,2026-10-03,2318,N21,VIIRS,n,2.0NRT,285.63,0.78,N
-13.52965,23.53119,297.74,0.45,0.47,2026-10-03,2318,N21,VIIRS,n,2.0NRT,285.95,1.04,N
-13.48444,28.30617,299.59,0.4,0.37,2026-10-03,2318,N21,VIIRS,n,2.0NRT,288.12,0.48,N
-13.46991,28.48693,297.69,0.39,0.36,2026-10-03,2318,N21,VIIRS,n,2.0NRT,287.46,0.18,N
-13.4667,23.51768,303.55,0.45,0.47,2026-10-03,2318,N21,VIIRS,n,2.0NRT,285.22,1,N
-13.42943,24.59306,299.32,0.39,0.44,2026-10-03,2318,N21,VIIRS,n,2.0NRT,288.24,0.37,N
-13.39128,27.56886,305.7,0.42,0.37,2026-10-03,2318,N21,VIIRS,n,2.0NRT,287.25,1.17,N
-13.38077,23.42525,308.77,0.46,0.47,2026-10-03,2318,N21,VIIRS,n,2.0NRT,287.44,4.31,N
-13.38002,23.42108,339.48,0.46,0.47,2026-10-03,2318,N21,VIIRS,n,2.0NRT,288.49,4.31,N
-13.37648,23.42605,319.32,0.46,0.47,2026-10-03,2318,N21,VIIRS,n,2.0NRT,288.57,9.09,N
-13.37573,23.42189,343.58,0.46,0.47,2026-10-03,2318,N21,VIIRS,n,2.0NRT,290.97,9.09,N
-13.29498,23.60289,297.93,0.45,0.47,2026-10-03,2318,N21,VIIRS,n,2.0NRT,283.85,0.91,N
-13.27786,24.6909,310.09,0.38,0.43,2026-10-03,2318,N21,VIIRS,n,2.0NRT,289.73,1.09,N
-13.20045,27.7335,298.09,0.41,0.37,2026-10-03,2318,N21,VIIRS,n,2.0NRT,286.79,0.27,N
-13.19674,23.99921,304.75,0.42,0.45,2026-10-03,2318,N21,VIIRS,n,2.0NRT,287.8,1.22,N
-13.19631,26.16556,304,0.48,0.4,2026-10-03,2318,N21,VIIRS,n,2.0NRT,287.46,0.94,N
-13.17415,28.95859,333.07,0.39,0.36,2026-10-03,2318,N21,VIIRS,n,2.0NRT,288.69,3,N
-13.15571,26.57144,298.6,0.46,0.39,2026-10-03,2318,N21,VIIRS,n,2.0NRT,285.72,0.45,N
-13.12509,23.96798,298.38,0.43,0.46,2026-10-03,2318,N21,VIIRS,n,2.0NRT,285.89,0.66,N
-13.09867,23.94061,308.25,0.43,0.46,2026-10-03,2318,N21,VIIRS,n,2.0NRT,285.65,1.37,N
-13.08236,23.07808,303.52,0.49,0.48,2026-10-03,2318,N21,VIIRS,n,2.0NRT,286.91,1.13,N
-13.07986,23.93197,295.56,0.43,0.46,2026-10-03,2318,N21,VIIRS,n,2.0NRT,284.87,0.85,N
-13.07702,23.91632,307.76,0.43,0.46,2026-10-03,2318,N21,VIIRS,n,2.0NRT,286.76,1.2,N
-13.07686,23.62565,295.39,0.45,0.47,2026-10-03,2318,N21,VIIRS,n,2.0NRT,284.24,1.66,N
-13.07569,23.93274,302.71,0.43,0.46,2026-10-03,2318,N21,VIIRS,n,2.0NRT,286.3,0.85,N
-13.07467,23.61344,303.3,0.45,0.47,2026-10-03,2318,N21,VIIRS,n,2.0NRT,285.64,1.24,N
-13.07261,23.62649,319.02,0.45,0.47,2026-10-03,2318,N21,VIIRS,n,2.0NRT,286.48,1.66,N
-13.07152,23.93351,296.24,0.43,0.46,2026-10-03,2318,N21,VIIRS,n,2.0NRT,286.17,0.84,N
-13.06532,23.92973,296.72,0.43,0.46,2026-10-03,2318,N21,VIIRS,n,2.0NRT,285.35,0.92,N
-13.06246,23.93116,295,0.43,0.46,2026-10-03,2318,N21,VIIRS,n,2.0NRT,284.79,0.3,N
-13.06175,23.92724,297.97,0.43,0.46,2026-10-03,2318,N21,VIIRS,n,2.0NRT,284.99,0.94,N
-13.06103,23.92332,309.49,0.43,0.46,2026-10-03,2318,N21,VIIRS,n,2.0NRT,286.2,0.94,N
-13.06045,23.92658,296.57,0.43,0.46,2026-10-03,2318,N21,VIIRS,n,2.0NRT,284.8,1.21,N
-13.05976,23.92265,300.53,0.43,0.46,2026-10-03,2318,N21,VIIRS,n,2.0NRT,285.17,1.21,N
-13.01787,23.07027,298.38,0.49,0.49,2026-10-03,2318,N21,VIIRS,n,2.0NRT,285.53,1.06,N
-12.98675,27.58888,301.09,0.42,0.38,2026-10-03,2318,N21,VIIRS,n,2.0NRT,286.52,0.82,N
-12.95024,23.91418,300.25,0.43,0.46,2026-10-03,2318,N21,VIIRS,n,2.0NRT,286.29,1.32,N
-12.94965,23.91463,313.02,0.43,0.46,2026-10-03,2318,N21,VIIRS,n,2.0NRT,287.22,1.82,N
-12.94606,23.91496,314.08,0.43,0.46,2026-10-03,2318,N21,VIIRS,n,2.0NRT,286.4,1.32,N
-12.94547,23.91542,302.2,0.43,0.46,2026-10-03,2318,N21,VIIRS,n,2.0NRT,285.9,0.84,N
-12.93425,25.79259,307.91,0.5,0.41,2026-10-03,2318,N21,VIIRS,n,2.0NRT,287.22,1.51,N
-12.89186,25.90359,299.3,0.5,0.41,2026-10-03,2318,N21,VIIRS,n,2.0NRT,284.51,0.35,N
-12.88814,25.90424,296.32,0.5,0.41,2026-10-03,2318,N21,VIIRS,n,2.0NRT,284.13,0.35,N
-12.88522,25.90945,296.88,0.5,0.41,2026-10-03,2318,N21,VIIRS,n,2.0NRT,284.74,0.44,N
-12.8336,27.25557,296.94,0.43,0.38,2026-10-03,2318,N21,VIIRS,n,2.0NRT,285.94,0.69,N
-12.76585,27.31098,300.29,0.43,0.38,2026-10-03,2318,N21,VIIRS,n,2.0NRT,288.26,0.73,N
-12.74985,27.68789,308.67,0.42,0.37,2026-10-03,2318,N21,VIIRS,n,2.0NRT,288.37,1.32,N
-12.73061,26.89775,322.37,0.45,0.39,2026-10-03,2318,N21,VIIRS,n,2.0NRT,289.79,2.95,N
-12.63935,26.18337,300.71,0.49,0.4,2026-10-03,2318,N21,VIIRS,n,2.0NRT,286.46,0.8,N
-12.6151,23.91842,309.47,0.44,0.46,2026-10-03,2318,N21,VIIRS,n,2.0NRT,287.17,1.98,N
-12.61443,29.96445,301.2,0.38,0.36,2026-10-03,2318,N21,VIIRS,n,2.0NRT,286.75,1.25,N
-12.61388,29.96094,327.5,0.38,0.36,2026-10-03,2318,N21,VIIRS,n,2.0NRT,287.86,2.48,N
-12.58168,26.21924,296.93,0.48,0.4,2026-10-03,2318,N21,VIIRS,n,2.0NRT,286.66,0.5,N
-12.55208,26.71759,296.95,0.46,0.39,2026-10-03,2318,N21,VIIRS,n,2.0NRT,286.21,0.41,N
-12.41904,26.85965,297.55,0.45,0.39,2026-10-03,2318,N21,VIIRS,n,2.0NRT,286.44,0.66,N
-12.37683,27.61911,297.39,0.42,0.38,2026-10-03,2318,N21,VIIRS,n,2.0NRT,285.93,0.61,N
-12.25406,22.96778,298.52,0.51,0.5,2026-10-03,2318,N21,VIIRS,n,2.0NRT,285.18,1.06,N
-12.1775,27.22002,299.07,0.44,0.38,2026-10-03,2318,N21,VIIRS,n,2.0NRT,286.83,1.03,N
-12.174,27.22064,305.5,0.44,0.38,2026-10-03,2318,N21,VIIRS,n,2.0NRT,287.98,1.03,N
-12.10708,26.57226,295.03,0.47,0.4,2026-10-03,2318,N21,VIIRS,n,2.0NRT,284.87,0.46,N
-12.09581,22.82872,303.3,0.53,0.5,2026-10-03,2318,N21,VIIRS,n,2.0NRT,285.42,1.8,N
-12.09554,22.82781,305.66,0.53,0.5,2026-10-03,2318,N21,VIIRS,n,2.0NRT,285.11,2.35,N
-12.07839,26.39895,304.38,0.48,0.4,2026-10-03,2318,N21,VIIRS,n,2.0NRT,288.78,20.98,N
-12.07775,26.39606,335.2,0.48,0.4,2026-10-03,2318,N21,VIIRS,n,2.0NRT,297.4,42.6,N
-12.07766,26.39453,330.87,0.48,0.4,2026-10-03,2318,N21,VIIRS,n,2.0NRT,297.71,20.98,N
-12.02695,23.28465,312.28,0.49,0.49,2026-10-03,2318,N21,VIIRS,n,2.0NRT,291.8,2.31,N
-11.82808,22.30027,314.89,0.58,0.52,2026-10-03,2318,N21,VIIRS,n,2.0NRT,281.58,2.98,N
-11.69097,30.06017,332.99,0.38,0.36,2026-10-03,2318,N21,VIIRS,n,2.0NRT,282.28,3.25,N
-11.69042,30.05668,323.16,0.38,0.36,2026-10-03,2318,N21,VIIRS,n,2.0NRT,284.6,3.25,N
-11.68588,30.05375,297.67,0.38,0.36,2026-10-03,2318,N21,VIIRS,n,2.0NRT,280.31,1.82,N
-11.58256,28.3539,300.67,0.41,0.37,2026-10-03,2318,N21,VIIRS,n,2.0NRT,281.45,0.91,N
-11.57917,28.35445,299.33,0.41,0.37,2026-10-03,2318,N21,VIIRS,n,2.0NRT,282.7,0.66,N
-11.47993,29.09194,300.9,0.39,0.36,2026-10-03,2318,N21,VIIRS,n,2.0NRT,285.08,0.53,N
-11.42447,26.75599,297.04,0.47,0.4,2026-10-03,2318,N21,VIIRS,n,2.0NRT,286.54,1.13,N
-11.42376,26.75175,299.07,0.47,0.4,2026-10-03,2318,N21,VIIRS,n,2.0NRT,288.43,0.95,N
-11.41665,27.53638,329.03,0.43,0.38,2026-10-03,2318,N21,VIIRS,n,2.0NRT,289.26,4.17,N
-11.40839,28.64602,299.42,0.4,0.37,2026-10-03,2318,N21,VIIRS,n,2.0NRT,287.22,1.07,N
-11.40495,26.75056,301.42,0.47,0.4,2026-10-03,2318,N21,VIIRS,n,2.0NRT,288.44,0.98,N
-11.29084,27.74899,301.55,0.43,0.38,2026-10-03,2318,N21,VIIRS,n,2.0NRT,288.26,0.63,N
-11.24903,28.07496,297.64,0.42,0.37,2026-10-03,2318,N21,VIIRS,n,2.0NRT,281.37,1.52,N
-11.24842,28.07118,297.51,0.42,0.37,2026-10-03,2318,N21,VIIRS,n,2.0NRT,275.35,0.77,N
-11.2478,28.0674,298.55,0.42,0.37,2026-10-03,2318,N21,VIIRS,n,2.0NRT,272.87,0.77,N
-11.24499,28.07176,304.33,0.42,0.37,2026-10-03,2318,N21,VIIRS,n,2.0NRT,276.1,0.77,N
-11.16226,25.49656,298.58,0.55,0.43,2026-10-03,2318,N21,VIIRS,n,2.0NRT,285.14,1.81,N
-11.16222,25.49947,316.76,0.55,0.43,2026-10-03,2318,N21,VIIRS,n,2.0NRT,285.87,2.75,N
-11.15924,25.50225,309.85,0.55,0.43,2026-10-03,2318,N21,VIIRS,n,2.0NRT,285.61,2.03,N
-11.15832,25.50019,298.51,0.55,0.43,2026-10-03,2318,N21,VIIRS,n,2.0NRT,285.4,1.13,N
-11.15156,27.67235,296.17,0.43,0.38,2026-10-03,2318,N21,VIIRS,n,2.0NRT,279.51,0.57,N
-11.05482,26.86293,300.34,0.47,0.4,2026-10-03,2318,N21,VIIRS,n,2.0NRT,288.54,0.52,N
-11.04908,26.53557,300.43,0.49,0.4,2026-10-03,2318,N21,VIIRS,n,2.0NRT,284.92,0.77,N
-10.88444,25.1796,295.06,0.39,0.44,2026-10-03,2318,N21,VIIRS,n,2.0NRT,279.2,0.66,N
-10.86186,27.23662,304.25,0.45,0.39,2026-10-03,2318,N21,VIIRS,n,2.0NRT,281.7,1.08,N
-10.78169,25.58385,296.26,0.56,0.43,2026-10-03,2318,N21,VIIRS,n,2.0NRT,282.62,0.84,N
-10.68539,21.9398,305.38,0.32,0.55,2026-10-03,2318,N21,VIIRS,n,2.0NRT,286.96,0.66,N
-10.65124,21.92209,305.59,0.32,0.55,2026-10-03,2318,N21,VIIRS,n,2.0NRT,289.27,1.03,N
-10.6507,21.91918,305.54,0.32,0.55,2026-10-03,2318,N21,VIIRS,n,2.0NRT,289.04,1.03,N
-17.99916,23.73521,296.7,0.55,0.43,2026-10-03,2320,N21,VIIRS,n,2.0NRT,286.03,0.82,N
-17.99527,23.73598,308.27,0.55,0.43,2026-10-03,2320,N21,VIIRS,n,2.0NRT,286.82,2.43,N
-17.99433,23.73079,318.21,0.55,0.43,2026-10-03,2320,N21,VIIRS,n,2.0NRT,287.06,3.11,N
-17.96415,24.45177,302.34,0.51,0.41,2026-10-03,2320,N21,VIIRS,n,2.0NRT,287.21,2.1,N
-17.96329,24.44703,322.53,0.51,0.41,2026-10-03,2320,N21,VIIRS,n,2.0NRT,288.27,2.1,N
-17.91911,31.16445,299.09,0.43,0.38,2026-10-03,2320,N21,VIIRS,n,2.0NRT,284.44,0.75,N
-17.90049,26.19425,300.82,0.43,0.38,2026-10-03,2320,N21,VIIRS,n,2.0NRT,289.07,0.79,N
-17.77818,30.8906,297.65,0.42,0.38,2026-10-03,2320,N21,VIIRS,n,2.0NRT,284.64,0.56,N
-17.61278,28.25547,309.76,0.39,0.36,2026-10-03,2320,N21,VIIRS,n,2.0NRT,290.33,1.12,N
-17.61221,28.25186,305.19,0.39,0.36,2026-10-03,2320,N21,VIIRS,n,2.0NRT,290.03,1.12,N
-17.60876,28.25288,302,0.39,0.36,2026-10-03,2320,N21,VIIRS,n,2.0NRT,288.46,0.67,N
-17.60311,22.16001,297.5,0.47,0.47,2026-10-03,2320,N21,VIIRS,n,2.0NRT,285.11,1.02,N
-17.58836,28.25266,299.04,0.39,0.36,2026-10-03,2320,N21,VIIRS,n,2.0NRT,288.97,0.64,N
-17.48005,27.09456,312.28,0.4,0.37,2026-10-03,2320,N21,VIIRS,n,2.0NRT,291.45,2.08,N
-17.47669,27.0952,320.4,0.4,0.37,2026-10-03,2320,N21,VIIRS,n,2.0NRT,293.17,2.04,N
-17.47608,27.09147,316.81,0.4,0.37,2026-10-03,2320,N21,VIIRS,n,2.0NRT,291.03,2.04,N
-17.43751,24.21047,311.6,0.53,0.42,2026-10-03,2320,N21,VIIRS,n,2.0NRT,286.64,1.01,N
-17.43369,24.21117,303.38,0.53,0.42,2026-10-03,2320,N21,VIIRS,n,2.0NRT,287.71,0.58,N
-17.37381,24.37751,307.18,0.52,0.42,2026-10-03,2320,N21,VIIRS,n,2.0NRT,288.17,1.51,N
-17.32037,25.45429,300.18,0.46,0.39,2026-10-03,2320,N21,VIIRS,n,2.0NRT,288.07,0.76,N
-17.26693,22.13734,297.18,0.47,0.48,2026-10-03,2320,N21,VIIRS,n,2.0NRT,285.41,1.13,N
-17.26258,22.13823,303.29,0.47,0.48,2026-10-03,2320,N21,VIIRS,n,2.0NRT,287.11,1.48,N
-17.2568,26.61681,301.07,0.42,0.37,2026-10-03,2320,N21,VIIRS,n,2.0NRT,285.34,0.61,N
-16.89977,22.64698,295.7,0.45,0.47,2026-10-03,2320,N21,VIIRS,n,2.0NRT,285.63,0.73,N
-16.63144,26.27289,297.57,0.43,0.38,2026-10-03,2320,N21,VIIRS,n,2.0NRT,286.38,0.44,N
-16.63021,26.27285,297.53,0.43,0.38,2026-10-03,2320,N21,VIIRS,n,2.0NRT,286.51,0.43,N
-16.38873,26.34761,299.01,0.43,0.38,2026-10-03,2320,N21,VIIRS,n,2.0NRT,287.9,0.59,N
-16.35059,26.48222,303,0.43,0.38,2026-10-03,2320,N21,VIIRS,n,2.0NRT,287.53,0.77,N
-16.25204,27.8374,296.34,0.39,0.36,2026-10-03,2320,N21,VIIRS,n,2.0NRT,285.97,0.23,N
-16.04467,26.26862,297.98,0.44,0.38,2026-10-03,2320,N21,VIIRS,n,2.0NRT,287.41,0.45,N
-15.69593,24.73837,297.35,0.53,0.42,2026-10-03,2320,N21,VIIRS,n,2.0NRT,287.3,0.91,N
-18.05235,29.94249,336.65,0.47,0.4,2026-10-04,1149,N21,VIIRS,l,2.0NRT,311,9.46,D
-18.00104,23.71911,342.27,0.44,0.38,2026-10-04,1149,N21,VIIRS,l,2.0NRT,316.66,5.28,D
-18.00046,23.72325,347.41,0.44,0.38,2026-10-04,1149,N21,VIIRS,l,2.0NRT,318.71,8.97,D
-17.99989,23.72737,345.22,0.44,0.38,2026-10-04,1149,N21,VIIRS,l,2.0NRT,319.17,8.97,D
-17.99751,23.71858,343.94,0.44,0.38,2026-10-04,1149,N21,VIIRS,l,2.0NRT,316.99,5.28,D
-17.99399,23.71806,346.89,0.44,0.38,2026-10-04,1149,N21,VIIRS,l,2.0NRT,318.15,11.31,D
-17.98989,23.72166,347.33,0.44,0.38,2026-10-04,1149,N21,VIIRS,l,2.0NRT,317.53,9.87,D
-17.98932,23.72579,355,0.44,0.38,2026-10-04,1149,N21,VIIRS,n,2.0NRT,318.97,9.87,D
-17.98875,23.72992,352.74,0.44,0.38,2026-10-04,1149,N21,VIIRS,n,2.0NRT,318.85,9.61,D
-17.98818,23.73404,350.04,0.44,0.38,2026-10-04,1149,N21,VIIRS,n,2.0NRT,318.4,9.61,D
-17.97571,23.356,335.52,0.45,0.39,2026-10-04,1149,N21,VIIRS,l,2.0NRT,310.35,3.38,D
-17.97277,24.46651,348.3,0.41,0.37,2026-10-04,1149,N21,VIIRS,l,2.0NRT,320.39,9.43,D
-17.96858,23.38106,337.69,0.45,0.39,2026-10-04,1149,N21,VIIRS,l,2.0NRT,310.65,7.59,D
-17.96559,23.37628,348.67,0.45,0.39,2026-10-04,1149,N21,VIIRS,n,2.0NRT,315.79,7.59,D
-17.96138,23.9013,344.67,0.43,0.38,2026-10-04,1149,N21,VIIRS,l,2.0NRT,317.79,7.5,D
-17.90705,26.19259,351.83,0.38,0.36,2026-10-04,1149,N21,VIIRS,n,2.0NRT,315.7,10.15,D
-17.9032,26.19566,342.43,0.38,0.36,2026-10-04,1149,N21,VIIRS,l,2.0NRT,315.73,10.15,D
-17.9021,25.90988,349.06,0.39,0.36,2026-10-04,1149,N21,VIIRS,n,2.0NRT,315.18,12.7,D
-17.89878,25.90935,367,0.39,0.36,2026-10-04,1149,N21,VIIRS,h,2.0NRT,319.64,12.7,D
-17.89824,25.91297,347.93,0.39,0.36,2026-10-04,1149,N21,VIIRS,n,2.0NRT,313.41,12.7,D
-17.83397,26.49504,334.14,0.38,0.36,2026-10-04,1149,N21,VIIRS,l,2.0NRT,308.95,7.12,D
-17.83342,26.49865,355.07,0.38,0.36,2026-10-04,1149,N21,VIIRS,n,2.0NRT,315.8,29.09,D
-17.82367,29.93946,336.85,0.47,0.4,2026-10-04,1149,N21,VIIRS,l,2.0NRT,310.03,14.38,D
-17.82292,29.94386,335.72,0.47,0.4,2026-10-04,1149,N21,VIIRS,l,2.0NRT,308,21.68,D
-17.82004,29.93878,337.24,0.47,0.4,2026-10-04,1149,N21,VIIRS,l,2.0NRT,307.77,14.38,D
-17.81304,24.89892,342.45,0.4,0.37,2026-10-04,1149,N21,VIIRS,n,2.0NRT,312.57,4.82,D
-17.80985,24.82504,343.92,0.4,0.37,2026-10-04,1149,N21,VIIRS,n,2.0NRT,310.65,1.62,D
-17.80967,24.89839,347.72,0.4,0.37,2026-10-04,1149,N21,VIIRS,n,2.0NRT,313.92,4.82,D
-17.78937,24.25473,345.58,0.42,0.38,2026-10-04,1149,N21,VIIRS,n,2.0NRT,317.69,14.1,D
-17.78593,24.2542,355.34,0.42,0.38,2026-10-04,1149,N21,VIIRS,n,2.0NRT,318.05,14.1,D
-17.78537,24.25813,353.13,0.42,0.38,2026-10-04,1149,N21,VIIRS,n,2.0NRT,319.44,13.25,D
-17.78083,30.57689,334.82,0.51,0.41,2026-10-04,1149,N21,VIIRS,n,2.0NRT,303.19,45.41,D
-17.7668,24.80271,349.89,0.4,0.37,2026-10-04,1149,N21,VIIRS,n,2.0NRT,308.24,7.2,D
-17.73995,23.80734,343.9,0.43,0.38,2026-10-04,1149,N21,VIIRS,l,2.0NRT,315.88,5.97,D
-17.73933,26.31307,335.31,0.38,0.36,2026-10-04,1149,N21,VIIRS,n,2.0NRT,308.7,2.26,D
-17.73879,26.31668,336.55,0.38,0.36,2026-10-04,1149,N21,VIIRS,l,2.0NRT,310.01,2.26,D
-17.7239,26.30313,335.04,0.38,0.36,2026-10-04,1149,N21,VIIRS,l,2.0NRT,308.33,1.86,D
-17.72335,26.30674,332.79,0.38,0.36,2026-10-04,1149,N21,VIIRS,l,2.0NRT,307.52,1.86,D
-17.71457,26.34224,347.93,0.38,0.36,2026-10-04,1149,N21,VIIRS,n,2.0NRT,311.23,4.2,D
-17.71401,26.32367,338.07,0.38,0.36,2026-10-04,1149,N21,VIIRS,l,2.0NRT,309.01,3.54,D
-17.71346,26.32727,337.6,0.38,0.36,2026-10-04,1149,N21,VIIRS,l,2.0NRT,308.91,3.54,D
-17.70844,24.84765,351.78,0.4,0.37,2026-10-04,1149,N21,VIIRS,n,2.0NRT,309.29,8.53,D
-17.7079,24.85143,348.08,0.4,0.37,2026-10-04,1149,N21,VIIRS,n,2.0NRT,312.15,12.55,D
-17.70762,26.09707,347.8,0.38,0.36,2026-10-04,1149,N21,VIIRS,n,2.0NRT,315.6,5.7,D
-17.70506,24.84713,335.62,0.4,0.37,2026-10-04,1149,N21,VIIRS,l,2.0NRT,309.98,1.91,D
-17.68503,23.003,338.04,0.47,0.4,2026-10-04,1149,N21,VIIRS,l,2.0NRT,312.48,7.2,D
-17.68503,24.15113,342.24,0.42,0.38,2026-10-04,1149,N21,VIIRS,l,2.0NRT,314.73,4.25,D
-17.68064,22.87139,352.42,0.47,0.4,2026-10-04,1149,N21,VIIRS,n,2.0NRT,315.65,56.35,D
-17.67699,22.87085,349.43,0.47,0.4,2026-10-04,1149,N21,VIIRS,n,2.0NRT,312.01,28.76,D
-17.67333,22.87032,336.85,0.47,0.4,2026-10-04,1149,N21,VIIRS,n,2.0NRT,311.02,28.76,D
-17.67273,22.87478,339.47,0.47,0.4,2026-10-04,1149,N21,VIIRS,l,2.0NRT,311.16,5.19,D
-17.67027,22.86533,367,0.48,0.4,2026-10-04,1149,N21,VIIRS,h,2.0NRT,320.62,12.63,D
-17.66967,22.86979,349,0.47,0.4,2026-10-04,1149,N21,VIIRS,n,2.0NRT,317.3,12.63,D
-17.66931,23.00967,348.7,0.47,0.4,2026-10-04,1149,N21,VIIRS,n,2.0NRT,313.45,7.08,D
-17.63615,26.25477,338.87,0.38,0.36,2026-10-04,1149,N21,VIIRS,l,2.0NRT,313.08,5.58,D
-17.63585,25.11195,340.52,0.4,0.37,2026-10-04,1149,N21,VIIRS,l,2.0NRT,314.66,8.08,D
-17.63375,25.68328,342.49,0.39,0.36,2026-10-04,1149,N21,VIIRS,l,2.0NRT,313.18,3.69,D
-17.61844,25.30233,349.36,0.39,0.36,2026-10-04,1149,N21,VIIRS,l,2.0NRT,320.37,11.16,D
-17.61744,22.16116,367,0.52,0.41,2026-10-04,1149,N21,VIIRS,h,2.0NRT,316.24,16.25,D
-17.61727,22.15938,354.27,0.52,0.41,2026-10-04,1149,N21,VIIRS,n,2.0NRT,316.35,12.6,D
-17.61664,22.16422,344.86,0.52,0.41,2026-10-04,1149,N21,VIIRS,n,2.0NRT,313.48,12.6,D
-17.61299,22.16547,347.82,0.51,0.41,2026-10-04,1149,N21,VIIRS,n,2.0NRT,314.77,16.25,D
-17.61284,22.16369,349.86,0.52,0.41,2026-10-04,1149,N21,VIIRS,n,2.0NRT,317.6,12.6,D
-17.60919,22.16494,348.22,0.51,0.41,2026-10-04,1149,N21,VIIRS,n,2.0NRT,318.03,15.95,D
-17.60842,22.168,345.22,0.52,0.41,2026-10-04,1149,N21,VIIRS,n,2.0NRT,314.79,6.13,D
-17.60462,22.16746,343.01,0.52,0.41,2026-10-04,1149,N21,VIIRS,n,2.0NRT,317.04,6.13,D
-17.58819,26.0321,341.54,0.38,0.36,2026-10-04,1149,N21,VIIRS,l,2.0NRT,313.96,4.01,D
-17.58622,24.87141,338.01,0.4,0.37,2026-10-04,1149,N21,VIIRS,l,2.0NRT,312.45,10.26,D
-17.57746,26.21509,341.46,0.38,0.36,2026-10-04,1149,N21,VIIRS,n,2.0NRT,316.05,4.26,D
-17.57637,23.88686,343.6,0.43,0.38,2026-10-04,1149,N21,VIIRS,l,2.0NRT,317.25,16.04,D
-17.57512,25.25427,355.44,0.39,0.36,2026-10-04,1149,N21,VIIRS,n,2.0NRT,322.17,17.49,D
-17.57288,23.88633,345.64,0.43,0.38,2026-10-04,1149,N21,VIIRS,n,2.0NRT,314.38,4.2,D
-17.57069,29.1321,337.03,0.44,0.38,2026-10-04,1149,N21,VIIRS,l,2.0NRT,311.68,3.5,D
-17.55781,23.89229,342.1,0.43,0.38,2026-10-04,1149,N21,VIIRS,n,2.0NRT,313.44,3.18,D
-17.54968,26.95092,348.27,0.39,0.36,2026-10-04,1149,N21,VIIRS,n,2.0NRT,308.68,4.45,D
-17.5352,23.27802,342.18,0.45,0.39,2026-10-04,1149,N21,VIIRS,l,2.0NRT,315.13,9.29,D
-17.52639,26.41707,342.46,0.38,0.36,2026-10-04,1149,N21,VIIRS,n,2.0NRT,312.37,3.04,D
-17.51923,26.41957,341.48,0.38,0.36,2026-10-04,1149,N21,VIIRS,l,2.0NRT,312.87,3.68,D
-17.51649,25.62736,344.08,0.39,0.36,2026-10-04,1149,N21,VIIRS,l,2.0NRT,317.78,6.48,D
-17.50665,23.29989,347.15,0.45,0.39,2026-10-04,1149,N21,VIIRS,n,2.0NRT,318.51,11.55,D
-17.50308,23.29937,367,0.45,0.39,2026-10-04,1149,N21,VIIRS,h,2.0NRT,316.9,13.27,D
-17.49892,23.30309,340.34,0.45,0.39,2026-10-04,1149,N21,VIIRS,n,2.0NRT,314.36,15.91,D
-17.49658,23.7601,341.5,0.43,0.38,2026-10-04,1149,N21,VIIRS,l,2.0NRT,316.3,6.96,D
-17.49015,23.75499,344.26,0.43,0.38,2026-10-04,1149,N21,VIIRS,l,2.0NRT,316.77,6.73,D
-17.4882,26.99624,331.48,0.39,0.36,2026-10-04,1149,N21,VIIRS,l,2.0NRT,306.06,1.42,D
-17.48034,29.14983,340.43,0.44,0.38,2026-10-04,1149,N21,VIIRS,l,2.0NRT,311.33,3.93,D
-17.46721,25.61565,352.47,0.39,0.36,2026-10-04,1149,N21,VIIRS,n,2.0NRT,321.21,9.11,D
-17.46667,25.61929,348.7,0.39,0.36,2026-10-04,1149,N21,VIIRS,n,2.0NRT,317.63,9.11,D
-17.45762,23.16269,352.32,0.46,0.39,2026-10-04,1149,N21,VIIRS,n,2.0NRT,318.24,15.51,D
-17.45703,23.16699,354.35,0.46,0.39,2026-10-04,1149,N21,VIIRS,n,2.0NRT,319.54,29.08,D
-17.45142,25.28682,367,0.39,0.36,2026-10-04,1149,N21,VIIRS,h,2.0NRT,317.24,39.91,D
-17.45088,25.29049,350.45,0.39,0.36,2026-10-04,1149,N21,VIIRS,n,2.0NRT,320.48,14.52,D
-17.45034,25.29417,352.78,0.39,0.36,2026-10-04,1149,N21,VIIRS,n,2.0NRT,320.24,14.52,D
-17.44754,25.28996,367,0.39,0.36,2026-10-04,1149,N21,VIIRS,h,2.0NRT,328.15,14.52,D
-17.447,25.29364,351.3,0.39,0.36,2026-10-04,1149,N21,VIIRS,n,2.0NRT,320.1,14.52,D
-17.44487,22.59646,336.73,0.49,0.4,2026-10-04,1149,N21,VIIRS,l,2.0NRT,310.66,8.36,D
-17.4111,22.11443,337.91,0.52,0.41,2026-10-04,1149,N21,VIIRS,l,2.0NRT,312.87,6.75,D
-17.40161,25.98698,345.68,0.38,0.36,2026-10-04,1149,N21,VIIRS,n,2.0NRT,317.31,8.15,D
-17.40107,25.99058,347.17,0.38,0.36,2026-10-04,1149,N21,VIIRS,n,2.0NRT,315.04,5.93,D
-17.39831,25.98643,342.91,0.38,0.36,2026-10-04,1149,N21,VIIRS,n,2.0NRT,316.56,8.15,D
-17.39799,25.53304,348.73,0.39,0.36,2026-10-04,1149,N21,VIIRS,n,2.0NRT,317.51,7.32,D
-17.39776,25.99004,350.38,0.38,0.36,2026-10-04,1149,N21,VIIRS,n,2.0NRT,318.76,5.93,D
-17.39722,25.99365,347.51,0.38,0.36,2026-10-04,1149,N21,VIIRS,n,2.0NRT,316.22,5.93,D
-17.39473,23.32722,349.51,0.45,0.39,2026-10-04,1149,N21,VIIRS,n,2.0NRT,317,8.14,D
-17.39467,25.53251,342.89,0.39,0.36,2026-10-04,1149,N21,VIIRS,n,2.0NRT,317.22,3.76,D
-17.39415,23.33143,348.34,0.45,0.39,2026-10-04,1149,N21,VIIRS,l,2.0NRT,317.67,11.89,D
-17.39116,23.32669,344.78,0.45,0.39,2026-10-04,1149,N21,VIIRS,l,2.0NRT,316.79,5.14,D
-17.38877,25.75471,353.95,0.39,0.36,2026-10-04,1149,N21,VIIRS,n,2.0NRT,320,19.86,D
-17.38711,23.35619,342.74,0.45,0.39,2026-10-04,1149,N21,VIIRS,l,2.0NRT,316.06,6.47,D
-17.3862,22.81455,353.12,0.47,0.4,2026-10-04,1149,N21,VIIRS,n,2.0NRT,313.7,13.61,D
-17.38559,22.819,347.05,0.47,0.4,2026-10-04,1149,N21,VIIRS,n,2.0NRT,313.04,8.33,D
-17.38254,22.81402,348.29,0.47,0.4,2026-10-04,1149,N21,VIIRS,n,2.0NRT,312.78,5.69,D
-17.37538,22.03703,367,0.52,0.42,2026-10-04,1149,N21,VIIRS,l,2.0NRT,325.58,183.96,D
-17.37222,22.03161,339.74,0.52,0.42,2026-10-04,1149,N21,VIIRS,n,2.0NRT,311.3,19.29,D
-17.37157,22.03649,347.37,0.52,0.42,2026-10-04,1149,N21,VIIRS,n,2.0NRT,314.35,19.29,D
-17.37092,22.04137,348.13,0.52,0.41,2026-10-04,1149,N21,VIIRS,n,2.0NRT,310.89,10.83,D
-17.37042,26.8791,333.87,0.39,0.36,2026-10-04,1149,N21,VIIRS,n,2.0NRT,307.42,6.46,D
-17.36985,26.88271,335.13,0.39,0.36,2026-10-04,1149,N21,VIIRS,l,2.0NRT,307.22,6.46,D
-17.3665,26.88241,335.72,0.39,0.36,2026-10-04,1149,N21,VIIRS,l,2.0NRT,309.06,4.03,D
-17.36265,22.04517,339.1,0.52,0.41,2026-10-04,1149,N21,VIIRS,l,2.0NRT,313.6,3.74,D
-17.35948,22.03977,337.75,0.52,0.41,2026-10-04,1149,N21,VIIRS,l,2.0NRT,308.91,3.74,D
-17.35884,22.04464,339.2,0.52,0.41,2026-10-04,1149,N21,VIIRS,n,2.0NRT,310.82,3.74,D
-17.35762,24.90409,349.26,0.4,0.37,2026-10-04,1149,N21,VIIRS,l,2.0NRT,321.4,15.1,D
-17.35567,22.03924,341.93,0.52,0.41,2026-10-04,1149,N21,VIIRS,n,2.0NRT,311.88,5.7,D
-17.35503,22.04411,337.22,0.52,0.41,2026-10-04,1149,N21,VIIRS,l,2.0NRT,311.43,5.7,D
-17.34613,22.05277,346.22,0.52,0.41,2026-10-04,1149,N21,VIIRS,n,2.0NRT,311.15,12.05,D
-17.34232,22.05224,348.74,0.52,0.41,2026-10-04,1149,N21,VIIRS,n,2.0NRT,315.3,12.05,D
-17.34168,22.0571,337.93,0.52,0.41,2026-10-04,1149,N21,VIIRS,l,2.0NRT,312.3,3.95,D
-17.34038,24.2398,348.27,0.42,0.37,2026-10-04,1149,N21,VIIRS,n,2.0NRT,316.73,10.67,D
-17.33851,22.0517,348.64,0.52,0.41,2026-10-04,1149,N21,VIIRS,n,2.0NRT,314.41,20.65,D
-17.33296,24.24264,348.16,0.42,0.37,2026-10-04,1149,N21,VIIRS,n,2.0NRT,317.45,11.54,D
-17.32253,25.53938,345.01,0.39,0.36,2026-10-04,1149,N21,VIIRS,l,2.0NRT,318.44,5.51,D
-17.28916,24.20805,344.57,0.42,0.37,2026-10-04,1149,N21,VIIRS,l,2.0NRT,314.64,5.82,D
-17.28791,25.79369,344.22,0.39,0.36,2026-10-04,1149,N21,VIIRS,l,2.0NRT,317.09,8.56,D
-17.2846,25.79315,349.54,0.39,0.36,2026-10-04,1149,N21,VIIRS,l,2.0NRT,320.94,8.56,D
-17.28406,25.79676,349.35,0.39,0.36,2026-10-04,1149,N21,VIIRS,l,2.0NRT,320.58,8.56,D
-17.28074,25.79623,348.87,0.39,0.36,2026-10-04,1149,N21,VIIRS,l,2.0NRT,320.74,12.06,D
-17.28063,22.13949,340.36,0.51,0.41,2026-10-04,1149,N21,VIIRS,n,2.0NRT,310.07,5.8,D
-17.27943,22.11975,338.59,0.51,0.41,2026-10-04,1149,N21,VIIRS,l,2.0NRT,311.7,11.91,D
-17.27749,24.63418,342.22,0.4,0.37,2026-10-04,1149,N21,VIIRS,l,2.0NRT,315.21,8.95,D
-17.27619,22.14375,338.59,0.51,0.41,2026-10-04,1149,N21,VIIRS,l,2.0NRT,311.25,5.8,D
-17.27564,22.11922,345.8,0.51,0.41,2026-10-04,1149,N21,VIIRS,n,2.0NRT,313.85,10.68,D
-17.27382,23.75216,344.87,0.43,0.38,2026-10-04,1149,N21,VIIRS,l,2.0NRT,315.32,8.49,D
-17.27241,22.14323,348.86,0.51,0.41,2026-10-04,1149,N21,VIIRS,n,2.0NRT,315.44,9.72,D
-17.27185,22.11869,342.03,0.51,0.41,2026-10-04,1149,N21,VIIRS,l,2.0NRT,312.98,10.68,D
-17.26862,22.1427,345.62,0.51,0.41,2026-10-04,1149,N21,VIIRS,l,2.0NRT,317.11,9.72,D
-17.26798,22.14749,335.3,0.51,0.41,2026-10-04,1149,N21,VIIRS,l,2.0NRT,309.87,4.66,D
-17.26419,22.14696,347.39,0.51,0.41,2026-10-04,1149,N21,VIIRS,n,2.0NRT,313.5,8.45,D
-17.26295,22.42307,341.1,0.49,0.41,2026-10-04,1149,N21,VIIRS,l,2.0NRT,314.28,6.01,D
-17.26041,22.14643,340.67,0.51,0.41,2026-10-04,1149,N21,VIIRS,l,2.0NRT,313.13,8.45,D
-17.25983,22.41791,343.06,0.5,0.41,2026-10-04,1149,N21,VIIRS,l,2.0NRT,313.79,7.16,D
-17.25842,22.41505,337.25,0.49,0.41,2026-10-04,1149,N21,VIIRS,l,2.0NRT,311.48,7.89,D
-17.25715,22.42433,339.66,0.49,0.41,2026-10-04,1149,N21,VIIRS,l,2.0NRT,314.31,3.78,D
-17.25549,22.42204,345.25,0.49,0.41,2026-10-04,1149,N21,VIIRS,n,2.0NRT,314.54,9.15,D
-17.2548,23.47783,344.67,0.44,0.39,2026-10-04,1149,N21,VIIRS,l,2.0NRT,317.05,7.48,D
-17.2541,22.9892,342.23,0.46,0.39,2026-10-04,1149,N21,VIIRS,l,2.0NRT,315.56,13.1,D
-17.25241,23.46901,341.65,0.44,0.39,2026-10-04,1149,N21,VIIRS,l,2.0NRT,315.34,9.15,D
-17.24988,22.99303,344.61,0.46,0.39,2026-10-04,1149,N21,VIIRS,l,2.0NRT,315.98,13.5,D
-17.24476,24.24906,346.44,0.41,0.37,2026-10-04,1149,N21,VIIRS,n,2.0NRT,314.24,4.39,D
-17.24421,24.25294,345.73,0.41,0.37,2026-10-04,1149,N21,VIIRS,n,2.0NRT,313.56,4.39,D
-17.24115,23.9071,339.93,0.43,0.38,2026-10-04,1149,N21,VIIRS,l,2.0NRT,311.87,5.22,D
-17.23429,25.96976,345.42,0.38,0.36,2026-10-04,1149,N21,VIIRS,l,2.0NRT,320.32,18.6,D
-17.18348,22.05914,345.41,0.52,0.41,2026-10-04,1149,N21,VIIRS,l,2.0NRT,317.29,12.99,D
-17.16401,22.41111,343.96,0.49,0.41,2026-10-04,1149,N21,VIIRS,l,2.0NRT,316.03,14.82,D
-17.15671,22.88299,340.44,0.47,0.4,2026-10-04,1149,N21,VIIRS,l,2.0NRT,314.17,7.92,D
-17.1306,23.25639,340.57,0.45,0.39,2026-10-04,1149,N21,VIIRS,l,2.0NRT,315.24,14.08,D
-17.13001,23.2606,345.57,0.45,0.39,2026-10-04,1149,N21,VIIRS,l,2.0NRT,317.31,9.1,D
-17.12943,23.26481,342.99,0.45,0.39,2026-10-04,1149,N21,VIIRS,l,2.0NRT,313.49,9.1,D
-17.12896,22.12015,340.48,0.51,0.41,2026-10-04,1149,N21,VIIRS,l,2.0NRT,315.33,4.22,D
-17.12645,23.26008,345.57,0.45,0.39,2026-10-04,1149,N21,VIIRS,l,2.0NRT,318.29,7.13,D
-17.12586,23.26428,344.19,0.45,0.39,2026-10-04,1149,N21,VIIRS,l,2.0NRT,317.05,7.13,D
-17.12347,23.25534,339.75,0.45,0.39,2026-10-04,1149,N21,VIIRS,l,2.0NRT,314.32,6.66,D
-17.1173,23.11579,347.76,0.46,0.39,2026-10-04,1149,N21,VIIRS,l,2.0NRT,316.98,18.19,D
-17.10462,24.08014,345.26,0.42,0.38,2026-10-04,1149,N21,VIIRS,n,2.0NRT,316.97,6.34,D
-17.10306,22.05287,355.05,0.52,0.41,2026-10-04,1149,N21,VIIRS,n,2.0NRT,315.15,14.55,D
-17.10294,24.09194,367,0.42,0.38,2026-10-04,1149,N21,VIIRS,h,2.0NRT,318.64,9.35,D
-17.10238,24.09586,348.8,0.42,0.38,2026-10-04,1149,N21,VIIRS,n,2.0NRT,318.34,9.35,D
-17.10182,24.09978,343.84,0.42,0.38,2026-10-04,1149,N21,VIIRS,l,2.0NRT,317.71,6.26,D
-17.09194,26.94277,336.54,0.39,0.36,2026-10-04,1149,N21,VIIRS,l,2.0NRT,309.87,4.44,D
-17.08322,24.90651,346.54,0.4,0.37,2026-10-04,1149,N21,VIIRS,n,2.0NRT,317.98,8.25,D
-17.07975,24.88315,344.29,0.4,0.37,2026-10-04,1149,N21,VIIRS,l,2.0NRT,317.15,22.56,D
-17.07316,29.51544,344.11,0.46,0.39,2026-10-04,1149,N21,VIIRS,n,2.0NRT,294.62,20.37,D
-17.06975,24.78619,344.12,0.4,0.37,2026-10-04,1149,N21,VIIRS,l,2.0NRT,316.75,6.76,D
-17.04675,23.36375,345.17,0.44,0.39,2026-10-04,1149,N21,VIIRS,l,2.0NRT,315.6,13.37,D
-17.04657,29.20186,338.93,0.45,0.39,2026-10-04,1149,N21,VIIRS,n,2.0NRT,307.72,4.36,D
-17.04378,23.35906,353.34,0.45,0.39,2026-10-04,1149,N21,VIIRS,n,2.0NRT,320.17,13.37,D
-17.04149,23.3757,341.11,0.44,0.39,2026-10-04,1149,N21,VIIRS,l,2.0NRT,313.49,4.58,D
-17.03561,23.25957,343.32,0.45,0.39,2026-10-04,1149,N21,VIIRS,l,2.0NRT,315.34,6.97,D
-17.0344,23.37466,346.44,0.44,0.39,2026-10-04,1149,N21,VIIRS,l,2.0NRT,318.02,15.25,D
-17.03163,25.96193,343.25,0.38,0.36,2026-10-04,1149,N21,VIIRS,l,2.0NRT,317.97,4.04,D
-17.02377,23.37308,354.48,0.44,0.39,2026-10-04,1149,N21,VIIRS,l,2.0NRT,316.28,10.37,D
-17.018,26.02969,347.82,0.38,0.36,2026-10-04,1149,N21,VIIRS,n,2.0NRT,317.14,7.21,D
-17.01572,23.94275,340.67,0.42,0.38,2026-10-04,1149,N21,VIIRS,l,2.0NRT,314.8,7.65,D
-17.01503,23.33426,339.99,0.45,0.39,2026-10-04,1149,N21,VIIRS,l,2.0NRT,311.52,4.56,D
-17.01319,22.12006,343.85,0.51,0.41,2026-10-04,1149,N21,VIIRS,l,2.0NRT,314.97,6.86,D
-17.00763,29.28104,347.19,0.45,0.39,2026-10-04,1149,N21,VIIRS,n,2.0NRT,309.99,6.15,D
-17.00743,23.04823,346.05,0.46,0.39,2026-10-04,1149,N21,VIIRS,l,2.0NRT,318.62,6.46,D
-17.00685,23.05252,343.89,0.46,0.39,2026-10-04,1149,N21,VIIRS,l,2.0NRT,318.45,5.65,D
-17.00562,25.72894,353.59,0.39,0.36,2026-10-04,1149,N21,VIIRS,n,2.0NRT,319.85,9.33,D
-17.00408,29.28037,344.92,0.45,0.39,2026-10-04,1149,N21,VIIRS,n,2.0NRT,311.73,5.45,D
-16.99836,31.41196,338.93,0.39,0.44,2026-10-04,1149,N21,VIIRS,n,2.0NRT,297.4,4.77,D
-16.98523,23.23578,344.18,0.45,0.39,2026-10-04,1149,N21,VIIRS,l,2.0NRT,317.82,12.05,D
-16.98465,23.23999,344.85,0.45,0.39,2026-10-04,1149,N21,VIIRS,l,2.0NRT,315.77,12.4,D
-16.96152,27.61772,334.39,0.4,0.37,2026-10-04,1149,N21,VIIRS,l,2.0NRT,309.23,4.13,D
-16.95733,23.90546,342.89,0.42,0.38,2026-10-04,1149,N21,VIIRS,l,2.0NRT,315.81,9.73,D
-16.95647,23.7225,346.75,0.43,0.38,2026-10-04,1149,N21,VIIRS,n,2.0NRT,315.13,8.47,D
-16.95644,22.34676,342.01,0.5,0.41,2026-10-04,1149,N21,VIIRS,l,2.0NRT,316.45,6.82,D
-16.95471,24.6646,352.82,0.4,0.37,2026-10-04,1149,N21,VIIRS,n,2.0NRT,318.49,11.11,D
-16.95298,23.72198,339.43,0.43,0.38,2026-10-04,1149,N21,VIIRS,l,2.0NRT,313.91,3.55,D
-16.95133,24.66408,345.74,0.4,0.37,2026-10-04,1149,N21,VIIRS,l,2.0NRT,319.1,6.87,D
-16.94304,29.03949,355.52,0.44,0.38,2026-10-04,1149,N21,VIIRS,n,2.0NRT,312.21,12.17,D
-16.94234,29.04366,351.25,0.44,0.39,2026-10-04,1149,N21,VIIRS,n,2.0NRT,309.38,68.1,D
-16.93951,29.03885,349.13,0.44,0.38,2026-10-04,1149,N21,VIIRS,n,2.0NRT,312.72,12.17,D
-16.93813,29.04712,345.29,0.44,0.39,2026-10-04,1149,N21,VIIRS,l,2.0NRT,316.46,68.1,D
-16.93761,22.16514,348.49,0.51,0.41,2026-10-04,1149,N21,VIIRS,n,2.0NRT,317.24,12.78,D
-16.93692,29.11922,344.89,0.45,0.39,2026-10-04,1149,N21,VIIRS,l,2.0NRT,316.42,17.4,D
-16.93622,29.12338,337.28,0.45,0.39,2026-10-04,1149,N21,VIIRS,l,2.0NRT,312.06,17.4,D
-16.93599,29.03821,341.43,0.44,0.38,2026-10-04,1149,N21,VIIRS,l,2.0NRT,312.13,6,D
-16.93507,26.01568,343.57,0.38,0.36,2026-10-04,1149,N21,VIIRS,l,2.0NRT,318,4.56,D
-16.93461,29.04646,339.85,0.44,0.39,2026-10-04,1149,N21,VIIRS,l,2.0NRT,313.17,6.24,D
-16.93199,29.1269,337.6,0.45,0.39,2026-10-04,1149,N21,VIIRS,l,2.0NRT,312,5.42,D
-16.92909,21.99838,347.82,0.52,0.41,2026-10-04,1149,N21,VIIRS,n,2.0NRT,316.9,7.93,D
-16.92844,25.60874,342.12,0.39,0.36,2026-10-04,1149,N21,VIIRS,l,2.0NRT,317.04,6.77,D
-16.92815,26.1727,344.78,0.38,0.36,2026-10-04,1149,N21,VIIRS,n,2.0NRT,319.4,5.84,D
-16.92632,29.11731,346.63,0.45,0.39,2026-10-04,1149,N21,VIIRS,n,2.0NRT,314.19,6.27,D
-16.92562,29.12146,344.35,0.45,0.39,2026-10-04,1149,N21,VIIRS,n,2.0NRT,313.59,6.27,D
-16.92529,21.99785,343.35,0.52,0.41,2026-10-04,1149,N21,VIIRS,l,2.0NRT,316.4,7.93,D
-16.92266,29.05273,337.68,0.44,0.39,2026-10-04,1149,N21,VIIRS,l,2.0NRT,310.64,7.56,D
-16.92251,29.01063,346.32,0.44,0.38,2026-10-04,1149,N21,VIIRS,n,2.0NRT,311.39,4.45,D
-16.9205,24.65192,350.61,0.4,0.37,2026-10-04,1149,N21,VIIRS,n,2.0NRT,318.22,9.14,D
-16.91996,24.65568,342.16,0.4,0.37,2026-10-04,1149,N21,VIIRS,l,2.0NRT,314.58,9.14,D
-16.91983,29.048,353.82,0.44,0.39,2026-10-04,1149,N21,VIIRS,n,2.0NRT,314.93,9.93,D
-16.91959,22.65227,342.45,0.48,0.4,2026-10-04,1149,N21,VIIRS,l,2.0NRT,316.69,16.98,D
-16.91914,29.0521,336.05,0.44,0.39,2026-10-04,1149,N21,VIIRS,l,2.0NRT,310.71,9.93,D
-16.91899,29.01001,341.17,0.44,0.38,2026-10-04,1149,N21,VIIRS,n,2.0NRT,311.98,3.58,D
-16.91858,29.0103,340.37,0.44,0.38,2026-10-04,1149,N21,VIIRS,n,2.0NRT,311.26,2.87,D
-16.91712,24.6514,350.51,0.4,0.37,2026-10-04,1149,N21,VIIRS,n,2.0NRT,317.97,9.14,D
-16.91603,24.65891,343.01,0.4,0.37,2026-10-04,1149,N21,VIIRS,l,2.0NRT,315.48,6.71,D
-16.91565,23.0878,343.51,0.46,0.39,2026-10-04,1149,N21,VIIRS,l,2.0NRT,317.26,5.58,D
-16.91266,27.3695,332.16,0.39,0.36,2026-10-04,1149,N21,VIIRS,l,2.0NRT,306.99,1.66,D
-16.90486,26.05855,345.78,0.38,0.36,2026-10-04,1149,N21,VIIRS,n,2.0NRT,318.41,4.57,D
-16.89841,27.41615,338.67,0.39,0.37,2026-10-04,1149,N21,VIIRS,n,2.0NRT,308.24,4.07,D
-16.89568,23.90066,341.14,0.42,0.38,2026-10-04,1149,N21,VIIRS,n,2.0NRT,313.93,3.2,D
-16.89495,25.62873,342.03,0.39,0.36,2026-10-04,1149,N21,VIIRS,l,2.0NRT,316.48,5.6,D
-16.8938,24.59776,345.01,0.4,0.37,2026-10-04,1149,N21,VIIRS,l,2.0NRT,318.19,25.4,D
-16.89221,23.90014,348.01,0.42,0.38,2026-10-04,1149,N21,VIIRS,n,2.0NRT,315.07,4.48,D
-16.88839,23.69996,350.03,0.43,0.38,2026-10-04,1149,N21,VIIRS,n,2.0NRT,314.93,7.76,D
-16.88646,26.33498,343.25,0.38,0.36,2026-10-04,1149,N21,VIIRS,l,2.0NRT,313.38,12.82,D
-16.88591,26.33857,344.79,0.38,0.36,2026-10-04,1149,N21,VIIRS,n,2.0NRT,310.74,5.07,D
-16.88419,27.11971,340.09,0.39,0.36,2026-10-04,1149,N21,VIIRS,n,2.0NRT,313.03,15.42,D
-16.87748,22.63447,340.45,0.48,0.4,2026-10-04,1149,N21,VIIRS,l,2.0NRT,314.9,9.72,D
-16.87395,26.87955,346.61,0.39,0.36,2026-10-04,1149,N21,VIIRS,n,2.0NRT,311.47,5,D
-16.87282,26.88678,345.94,0.39,0.36,2026-10-04,1149,N21,VIIRS,n,2.0NRT,311.13,6.08,D
-16.86951,26.88622,339.19,0.39,0.36,2026-10-04,1149,N21,VIIRS,l,2.0NRT,309.51,4.83,D
-16.8687,25.8944,343.23,0.38,0.36,2026-10-04,1149,N21,VIIRS,l,2.0NRT,317.5,4.92,D
-16.86835,23.96899,353.72,0.42,0.38,2026-10-04,1149,N21,VIIRS,n,2.0NRT,317.2,14.51,D
-16.86699,26.12955,351.64,0.38,0.36,2026-10-04,1149,N21,VIIRS,n,2.0NRT,318.36,20.87,D
-16.85642,23.06608,343.32,0.46,0.39,2026-10-04,1149,N21,VIIRS,l,2.0NRT,318.04,6.35,D
-16.8519,29.04067,341.51,0.44,0.39,2026-10-04,1149,N21,VIIRS,n,2.0NRT,311.11,4.4,D
-16.85134,29.45075,335.93,0.46,0.39,2026-10-04,1149,N21,VIIRS,l,2.0NRT,308.47,5.91,D
-16.85052,29.24563,343.15,0.45,0.39,2026-10-04,1149,N21,VIIRS,n,2.0NRT,309.96,4.66,D
-16.8504,23.05648,347.37,0.46,0.39,2026-10-04,1149,N21,VIIRS,n,2.0NRT,321.72,8.24,D
-16.84906,29.03592,340.06,0.44,0.39,2026-10-04,1149,N21,VIIRS,l,2.0NRT,311.99,41.04,D
-16.84155,29.10252,340.79,0.45,0.39,2026-10-04,1149,N21,VIIRS,l,2.0NRT,315.35,17.42,D
-16.83871,29.09774,337.69,0.45,0.39,2026-10-04,1149,N21,VIIRS,l,2.0NRT,312.03,2.91,D
-16.83802,29.1019,339.95,0.45,0.39,2026-10-04,1149,N21,VIIRS,l,2.0NRT,314.11,5.71,D
-16.8237,26.32459,342.28,0.38,0.36,2026-10-04,1149,N21,VIIRS,n,2.0NRT,312.05,4.18,D
-16.81545,26.35632,345.43,0.38,0.36,2026-10-04,1149,N21,VIIRS,l,2.0NRT,318.83,16.75,D
-16.81502,25.8446,344.53,0.38,0.36,2026-10-04,1149,N21,VIIRS,l,2.0NRT,316.5,10.29,D
-16.8127,26.35219,347.41,0.38,0.36,2026-10-04,1149,N21,VIIRS,n,2.0NRT,313.94,28.81,D
-16.81215,26.35577,337.81,0.38,0.36,2026-10-04,1149,N21,VIIRS,l,2.0NRT,311.37,16.75,D
-16.81165,22.2684,342.09,0.5,0.41,2026-10-04,1149,N21,VIIRS,l,2.0NRT,315.25,8.84,D
-16.80884,26.35523,335.5,0.38,0.36,2026-10-04,1149,N21,VIIRS,l,2.0NRT,308.92,2.25,D
-16.80678,25.85431,347.77,0.38,0.36,2026-10-04,1149,N21,VIIRS,n,2.0NRT,317.76,11.36,D
-16.80628,29.13886,342.56,0.45,0.39,2026-10-04,1149,N21,VIIRS,n,2.0NRT,311.05,7.52,D
-16.80558,29.14299,348.59,0.45,0.39,2026-10-04,1149,N21,VIIRS,n,2.0NRT,315.99,7.52,D
-16.80273,29.13829,337.41,0.45,0.39,2026-10-04,1149,N21,VIIRS,l,2.0NRT,311.16,6.16,D
-16.78985,22.23206,352.24,0.5,0.41,2026-10-04,1149,N21,VIIRS,n,2.0NRT,314.42,13.77,D
-16.78575,29.2169,341.93,0.45,0.39,2026-10-04,1149,N21,VIIRS,n,2.0NRT,310.92,6.17,D
-16.76587,23.53834,339.76,0.44,0.38,2026-10-04,1149,N21,VIIRS,l,2.0NRT,314.63,5.24,D
-16.76499,29.60051,345.78,0.47,0.4,2026-10-04,1149,N21,VIIRS,n,2.0NRT,305.16,11,D
-16.76308,27.13241,342.74,0.39,0.36,2026-10-04,1149,N21,VIIRS,n,2.0NRT,312.73,5.67,D
-16.76143,29.29506,342.45,0.45,0.39,2026-10-04,1149,N21,VIIRS,n,2.0NRT,309.92,10.18,D
-16.76129,26.61979,337.17,0.39,0.36,2026-10-04,1149,N21,VIIRS,l,2.0NRT,309.3,2.43,D
-16.75904,29.29574,347.23,0.46,0.39,2026-10-04,1149,N21,VIIRS,n,2.0NRT,307.75,7.8,D
-16.75798,26.61924,337.35,0.39,0.36,2026-10-04,1149,N21,VIIRS,l,2.0NRT,309.73,2.43,D
-16.75468,26.50762,348.25,0.38,0.36,2026-10-04,1149,N21,VIIRS,n,2.0NRT,313.94,5.35,D
-16.75412,26.51121,347.45,0.38,0.36,2026-10-04,1149,N21,VIIRS,n,2.0NRT,314.12,5.35,D
-16.71552,27.68575,342.39,0.4,0.37,2026-10-04,1149,N21,VIIRS,n,2.0NRT,307.66,5.36,D
-16.70759,26.72477,344.3,0.39,0.36,2026-10-04,1149,N21,VIIRS,n,2.0NRT,313.1,4.88,D
-16.68594,25.02144,349.43,0.39,0.36,2026-10-04,1149,N21,VIIRS,l,2.0NRT,322.52,10.16,D
-16.68577,29.71305,333.84,0.48,0.4,2026-10-04,1149,N21,VIIRS,l,2.0NRT,305.18,27.66,D
-16.68554,29.71449,334.28,0.48,0.4,2026-10-04,1149,N21,VIIRS,n,2.0NRT,302.04,16.76,D
-16.6819,29.71383,332.65,0.48,0.4,2026-10-04,1149,N21,VIIRS,n,2.0NRT,299.88,16.76,D
-16.67856,26.07233,345.69,0.38,0.36,2026-10-04,1149,N21,VIIRS,n,2.0NRT,315.99,4.98,D
-16.66861,22.90967,348.77,0.46,0.39,2026-10-04,1149,N21,VIIRS,n,2.0NRT,320.9,11.49,D
-16.66122,27.25772,332.42,0.39,0.36,2026-10-04,1149,N21,VIIRS,l,2.0NRT,307.21,6.02,D
-16.66064,27.26138,348.18,0.39,0.36,2026-10-04,1149,N21,VIIRS,n,2.0NRT,313.73,6.02,D
-16.66048,30.76805,339.29,0.54,0.42,2026-10-04,1149,N21,VIIRS,n,2.0NRT,293.93,4.73,D
-16.65828,22.54587,345.31,0.48,0.4,2026-10-04,1149,N21,VIIRS,l,2.0NRT,316.62,7.67,D
-16.65731,27.26081,336.54,0.39,0.36,2026-10-04,1149,N21,VIIRS,n,2.0NRT,309.19,6.02,D
-16.65199,29.71293,334.17,0.48,0.4,2026-10-04,1149,N21,VIIRS,n,2.0NRT,301.71,4.77,D
-16.65132,26.44997,348.29,0.38,0.36,2026-10-04,1149,N21,VIIRS,n,2.0NRT,315.27,5.08,D
-16.65123,29.71741,342.36,0.48,0.4,2026-10-04,1149,N21,VIIRS,n,2.0NRT,303.8,4.77,D
-16.65047,29.7219,338.73,0.48,0.4,2026-10-04,1149,N21,VIIRS,n,2.0NRT,303.12,5.14,D
-16.64925,24.3744,342.46,0.41,0.37,2026-10-04,1149,N21,VIIRS,l,2.0NRT,315.94,6.31,D
-16.64887,24.64754,348.22,0.4,0.37,2026-10-04,1149,N21,VIIRS,n,2.0NRT,317.78,11.13,D
-16.64856,26.44583,339.86,0.38,0.36,2026-10-04,1149,N21,VIIRS,l,2.0NRT,314.49,5.08,D
-16.6455,24.64704,344.61,0.4,0.37,2026-10-04,1149,N21,VIIRS,n,2.0NRT,315.04,11.13,D
-16.64408,25.30639,348.21,0.39,0.36,2026-10-04,1149,N21,VIIRS,n,2.0NRT,316.27,5.26,D
-16.63925,27.89309,355.51,0.41,0.37,2026-10-04,1149,N21,VIIRS,n,2.0NRT,313.96,5.96,D
-16.63584,27.89261,340.55,0.41,0.37,2026-10-04,1149,N21,VIIRS,l,2.0NRT,314.97,4.97,D
-16.63261,27.60959,347.54,0.4,0.37,2026-10-04,1149,N21,VIIRS,n,2.0NRT,314.88,4.38,D
-16.62794,27.19163,336.08,0.39,0.36,2026-10-04,1149,N21,VIIRS,l,2.0NRT,310.47,3.38,D
-16.61703,29.58841,347.63,0.47,0.4,2026-10-04,1149,N21,VIIRS,n,2.0NRT,309.81,11.76,D
-16.61629,29.59271,353.32,0.47,0.4,2026-10-04,1149,N21,VIIRS,n,2.0NRT,308.24,11.76,D
-16.61341,29.58774,344.09,0.47,0.4,2026-10-04,1149,N21,VIIRS,n,2.0NRT,307.82,11.76,D
-16.61267,29.59205,337.15,0.47,0.4,2026-10-04,1149,N21,VIIRS,l,2.0NRT,307.68,11.76,D
-16.60978,29.58707,338.78,0.47,0.4,2026-10-04,1149,N21,VIIRS,n,2.0NRT,306.92,6.04,D
-16.60904,29.59139,332.64,0.47,0.4,2026-10-04,1149,N21,VIIRS,l,2.0NRT,304.11,6.04,D
-16.60694,24.08563,344.69,0.42,0.37,2026-10-04,1149,N21,VIIRS,l,2.0NRT,316.28,6.63,D
-16.60671,26.40946,345.88,0.38,0.36,2026-10-04,1149,N21,VIIRS,l,2.0NRT,316.19,8.45,D
-16.60558,26.28435,342.86,0.38,0.36,2026-10-04,1149,N21,VIIRS,l,2.0NRT,317.86,8.1,D
-16.60351,24.08511,345.6,0.42,0.37,2026-10-04,1149,N21,VIIRS,n,2.0NRT,315.11,6.63,D
-16.60244,29.69502,331.49,0.48,0.4,2026-10-04,1149,N21,VIIRS,l,2.0NRT,303.62,3.25,D
-16.59723,27.47331,336.13,0.4,0.37,2026-10-04,1149,N21,VIIRS,l,2.0NRT,308.37,8.11,D
-16.58717,27.12472,342.97,0.39,0.36,2026-10-04,1149,N21,VIIRS,n,2.0NRT,307.71,7.86,D
-16.5866,27.12836,335.53,0.39,0.36,2026-10-04,1149,N21,VIIRS,l,2.0NRT,306.98,7.86,D
-16.58453,24.94871,345.19,0.39,0.37,2026-10-04,1149,N21,VIIRS,n,2.0NRT,314.51,4.82,D
-16.58384,27.12416,353.8,0.39,0.36,2026-10-04,1149,N21,VIIRS,n,2.0NRT,315.79,7.86,D
-16.58327,27.12781,334.51,0.39,0.36,2026-10-04,1149,N21,VIIRS,l,2.0NRT,308.09,7.86,D
-16.58064,24.95186,342.15,0.39,0.36,2026-10-04,1149,N21,VIIRS,l,2.0NRT,316.23,4.82,D
-16.56686,27.9742,349.36,0.41,0.37,2026-10-04,1149,N21,VIIRS,n,2.0NRT,313.77,5.54,D
-16.56472,27.67826,336.27,0.4,0.37,2026-10-04,1149,N21,VIIRS,l,2.0NRT,310.14,2.82,D
-16.56135,27.67768,350.61,0.4,0.37,2026-10-04,1149,N21,VIIRS,n,2.0NRT,311.76,5.03,D
-16.54564,26.73841,338.98,0.39,0.36,2026-10-04,1149,N21,VIIRS,l,2.0NRT,313.78,3.69,D
-16.54393,22.75236,339.95,0.47,0.4,2026-10-04,1149,N21,VIIRS,l,2.0NRT,314.63,9.25,D
-16.54235,24.31507,342.62,0.41,0.37,2026-10-04,1149,N21,VIIRS,l,2.0NRT,315.63,6.61,D
-16.53946,27.42536,342.19,0.4,0.37,2026-10-04,1149,N21,VIIRS,n,2.0NRT,312.88,8.29,D
-16.5294,22.75026,344.41,0.47,0.4,2026-10-04,1149,N21,VIIRS,l,2.0NRT,318.35,26.32,D
-16.52113,23.60965,341.1,0.43,0.38,2026-10-04,1149,N21,VIIRS,l,2.0NRT,314.49,6.77,D
-16.51877,23.60108,340.93,0.43,0.38,2026-10-04,1149,N21,VIIRS,l,2.0NRT,313.7,6.01,D
-16.48393,24.11424,341.17,0.41,0.37,2026-10-04,1149,N21,VIIRS,l,2.0NRT,313.82,4.08,D
-16.47419,25.46794,345.58,0.39,0.36,2026-10-04,1149,N21,VIIRS,l,2.0NRT,319.04,3.94,D
-16.47188,26.6445,347.02,0.39,0.36,2026-10-04,1149,N21,VIIRS,l,2.0NRT,317.45,9.67,D
-16.46595,27.83922,349.59,0.41,0.37,2026-10-04,1149,N21,VIIRS,n,2.0NRT,312.68,8.34,D
-16.46256,27.83862,350.51,0.41,0.37,2026-10-04,1149,N21,VIIRS,n,2.0NRT,312.53,8.34,D
-16.4607,23.21815,344.65,0.45,0.39,2026-10-04,1149,N21,VIIRS,l,2.0NRT,316.22,7.15,D
-16.45715,23.21762,345.08,0.45,0.39,2026-10-04,1149,N21,VIIRS,l,2.0NRT,317.42,7.15,D
-16.45495,23.62433,345.95,0.43,0.38,2026-10-04,1149,N21,VIIRS,l,2.0NRT,316.84,9.17,D
-16.43597,27.73717,334.27,0.4,0.37,2026-10-04,1149,N21,VIIRS,l,2.0NRT,308.82,2.04,D
-16.43536,27.74095,335.7,0.4,0.37,2026-10-04,1149,N21,VIIRS,l,2.0NRT,307.78,2.04,D
-16.42433,24.28518,339.96,0.41,0.37,2026-10-04,1149,N21,VIIRS,l,2.0NRT,314.91,3.1,D
-16.42093,24.28465,340.07,0.41,0.37,2026-10-04,1149,N21,VIIRS,l,2.0NRT,314.77,3.1,D
-16.41934,26.67582,350.79,0.39,0.36,2026-10-04,1149,N21,VIIRS,n,2.0NRT,318.76,11.24,D
-16.41905,24.90003,341.6,0.39,0.37,2026-10-04,1149,N21,VIIRS,l,2.0NRT,315.35,7.04,D
-16.41665,27.7494,337.16,0.4,0.37,2026-10-04,1149,N21,VIIRS,l,2.0NRT,311.1,2,D
-16.41429,24.83898,346.25,0.4,0.37,2026-10-04,1149,N21,VIIRS,n,2.0NRT,309.37,9.8,D
-16.41375,24.84267,367,0.4,0.37,2026-10-04,1149,N21,VIIRS,h,2.0NRT,312.46,9.8,D
-16.41321,24.84636,347.76,0.4,0.37,2026-10-04,1149,N21,VIIRS,n,2.0NRT,311.52,7.45,D
-16.41289,25.01168,346.17,0.39,0.36,2026-10-04,1149,N21,VIIRS,l,2.0NRT,317.33,7.34,D
-16.41111,24.76667,347.53,0.4,0.37,2026-10-04,1149,N21,VIIRS,n,2.0NRT,314.55,5.88,D
-16.40932,24.84952,337.01,0.4,0.37,2026-10-04,1149,N21,VIIRS,l,2.0NRT,309.83,3.21,D
-16.40878,24.85321,341.37,0.4,0.37,2026-10-04,1149,N21,VIIRS,n,2.0NRT,310.56,3.55,D
-16.40208,26.76536,347.91,0.39,0.36,2026-10-04,1149,N21,VIIRS,n,2.0NRT,314.21,3.84,D
-16.39929,24.75345,347.54,0.4,0.37,2026-10-04,1149,N21,VIIRS,n,2.0NRT,315.37,6.46,D
-16.38422,27.86442,339.93,0.41,0.37,2026-10-04,1149,N21,VIIRS,l,2.0NRT,311.4,8.62,D
-16.37008,24.77498,349.96,0.4,0.37,2026-10-04,1149,N21,VIIRS,n,2.0NRT,318.36,10.59,D
-16.36954,24.77868,343.59,0.4,0.37,2026-10-04,1149,N21,VIIRS,l,2.0NRT,318.16,8.92,D
-16.3683,24.89581,338.99,0.39,0.37,2026-10-04,1149,N21,VIIRS,l,2.0NRT,313.42,4.25,D
-16.36285,26.07111,352.53,0.38,0.36,2026-10-04,1149,N21,VIIRS,n,2.0NRT,320.86,10.44,D
-16.36191,26.25432,348.05,0.38,0.36,2026-10-04,1149,N21,VIIRS,n,2.0NRT,317.78,5.37,D
-16.33334,28.0272,335.47,0.41,0.37,2026-10-04,1149,N21,VIIRS,l,2.0NRT,309.06,3.22,D
-16.33118,29.45569,336.49,0.47,0.4,2026-10-04,1149,N21,VIIRS,l,2.0NRT,307.57,6.17,D
-16.32756,29.45505,335.59,0.47,0.4,2026-10-04,1149,N21,VIIRS,l,2.0NRT,308.15,4.12,D
-16.3275,24.08292,347.72,0.41,0.37,2026-10-04,1149,N21,VIIRS,n,2.0NRT,313.9,10.74,D
-16.32551,28.05368,341.25,0.41,0.37,2026-10-04,1149,N21,VIIRS,n,2.0NRT,310.02,3.45,D
-16.32488,28.05752,336.67,0.41,0.37,2026-10-04,1149,N21,VIIRS,n,2.0NRT,310.34,3.45,D
-16.32335,23.93999,343.36,0.42,0.37,2026-10-04,1149,N21,VIIRS,l,2.0NRT,315.72,6.02,D
-16.30067,26.97859,345.86,0.39,0.36,2026-10-04,1149,N21,VIIRS,n,2.0NRT,315.26,4.88,D
-16.29998,28.03739,343.62,0.41,0.37,2026-10-04,1149,N21,VIIRS,n,2.0NRT,312.21,6.86,D
-16.28119,24.8667,342.15,0.39,0.37,2026-10-04,1149,N21,VIIRS,n,2.0NRT,316.1,14.75,D
-16.26452,24.01049,343.09,0.41,0.37,2026-10-04,1149,N21,VIIRS,l,2.0NRT,316.12,4.38,D
-16.26109,24.00997,340.8,0.41,0.37,2026-10-04,1149,N21,VIIRS,l,2.0NRT,315.47,5.56,D
-16.25439,24.95638,349.71,0.39,0.36,2026-10-04,1149,N21,VIIRS,n,2.0NRT,313.04,6.72,D
-16.25386,24.96004,343.56,0.39,0.36,2026-10-04,1149,N21,VIIRS,n,2.0NRT,312.53,6.72,D
-16.2514,24.2979,337.64,0.41,0.37,2026-10-04,1149,N21,VIIRS,l,2.0NRT,311.83,2.47,D
-16.25105,24.95585,352.81,0.39,0.36,2026-10-04,1149,N21,VIIRS,n,2.0NRT,318.27,7.76,D
-16.25086,24.30169,345.52,0.41,0.37,2026-10-04,1149,N21,VIIRS,n,2.0NRT,312.52,6.61,D
-16.24771,24.95532,345.53,0.39,0.36,2026-10-04,1149,N21,VIIRS,n,2.0NRT,314.88,7.76,D
-16.23609,24.18276,342.75,0.41,0.37,2026-10-04,1149,N21,VIIRS,l,2.0NRT,315.64,4.64,D
-16.2357,27.47595,337.53,0.4,0.37,2026-10-04,1149,N21,VIIRS,l,2.0NRT,311.59,2.25,D
-16.22285,26.25289,367,0.38,0.36,2026-10-04,1149,N21,VIIRS,h,2.0NRT,314.17,9.71,D
-16.21906,24.6419,349.87,0.4,0.37,2026-10-04,1149,N21,VIIRS,n,2.0NRT,313.33,7.18,D
-16.2157,24.64138,347.45,0.4,0.37,2026-10-04,1149,N21,VIIRS,n,2.0NRT,313.04,3.86,D
-16.21233,24.64085,344.43,0.4,0.37,2026-10-04,1149,N21,VIIRS,n,2.0NRT,313.18,3.86,D
-16.20951,24.6366,338.76,0.4,0.37,2026-10-04,1149,N21,VIIRS,l,2.0NRT,312.27,2.98,D
-16.20438,24.47164,341.95,0.4,0.37,2026-10-04,1149,N21,VIIRS,n,2.0NRT,312.25,4.12,D
-16.2017,24.64297,347.14,0.4,0.37,2026-10-04,1149,N21,VIIRS,n,2.0NRT,314.89,8.08,D
-16.19482,27.04693,345.04,0.39,0.36,2026-10-04,1149,N21,VIIRS,l,2.0NRT,319.84,11.87,D
-16.19206,27.04273,345.85,0.39,0.36,2026-10-04,1149,N21,VIIRS,l,2.0NRT,318.22,5.14,D
-16.15759,26.65397,344.35,0.39,0.36,2026-10-04,1149,N21,VIIRS,l,2.0NRT,317.48,4.48,D
-16.15483,26.64982,340.79,0.39,0.36,2026-10-04,1149,N21,VIIRS,l,2.0NRT,315.67,4.48,D
-16.15428,26.65342,343.21,0.39,0.36,2026-10-04,1149,N21,VIIRS,l,2.0NRT,316.45,4.48,D
-16.13957,25.20657,349.23,0.39,0.36,2026-10-04,1149,N21,VIIRS,n,2.0NRT,313.03,8.13,D
-16.12906,25.20861,347.64,0.39,0.36,2026-10-04,1149,N21,VIIRS,n,2.0NRT,317.31,5.91,D
-16.12607,28.50566,336.37,0.43,0.38,2026-10-04,1149,N21,VIIRS,n,2.0NRT,309.32,2.29,D
-16.1242,28.4074,345.23,0.43,0.38,2026-10-04,1149,N21,VIIRS,n,2.0NRT,310.99,4.99,D
-16.12074,28.40683,340.59,0.43,0.38,2026-10-04,1149,N21,VIIRS,n,2.0NRT,309.69,4.99,D
-16.06182,26.08309,352.39,0.38,0.36,2026-10-04,1149,N21,VIIRS,n,2.0NRT,316.83,9.54,D
-16.05852,26.08254,355.06,0.38,0.36,2026-10-04,1149,N21,VIIRS,n,2.0NRT,317.34,9.54,D
-16.04606,26.27467,340.37,0.38,0.36,2026-10-04,1149,N21,VIIRS,l,2.0NRT,314.43,4.52,D
-16.0422,26.2777,347.27,0.38,0.36,2026-10-04,1149,N21,VIIRS,n,2.0NRT,315.77,12.15,D
-16.0389,26.27715,350.32,0.38,0.36,2026-10-04,1149,N21,VIIRS,n,2.0NRT,316.22,9.87,D
-16.00998,26.02339,345.8,0.38,0.36,2026-10-04,1149,N21,VIIRS,l,2.0NRT,319.18,4.81,D
-15.99903,28.22438,341.33,0.42,0.38,2026-10-04,1149,N21,VIIRS,l,2.0NRT,312.62,4.53,D
-15.97004,26.30614,348.88,0.38,0.36,2026-10-04,1149,N21,VIIRS,n,2.0NRT,317.57,7.81,D
-15.94721,27.76522,344.88,0.41,0.37,2026-10-04,1149,N21,VIIRS,n,2.0NRT,314.37,24.44,D
-15.94444,27.76084,341.68,0.41,0.37,2026-10-04,1149,N21,VIIRS,l,2.0NRT,315.53,24.44,D
-15.94382,27.76465,367,0.41,0.37,2026-10-04,1149,N21,VIIRS,l,2.0NRT,329.57,24.44,D
-15.93968,28.34769,367,0.43,0.38,2026-10-04,1149,N21,VIIRS,h,2.0NRT,315.81,10.04,D
-15.9375,28.34757,349.21,0.43,0.38,2026-10-04,1149,N21,VIIRS,n,2.0NRT,313.16,6.42,D
-15.92694,30.50805,342.4,0.54,0.42,2026-10-04,1149,N21,VIIRS,n,2.0NRT,305.83,19.42,D
-15.82405,27.81034,344.86,0.41,0.37,2026-10-04,1149,N21,VIIRS,n,2.0NRT,316.23,14.09,D
-15.7811,28.37712,338.02,0.43,0.38,2026-10-04,1149,N21,VIIRS,n,2.0NRT,303.45,7.5,D
-15.77895,27.97937,345.08,0.41,0.37,2026-10-04,1149,N21,VIIRS,n,2.0NRT,310.14,9.88,D
-15.77886,27.97999,340.22,0.41,0.37,2026-10-04,1149,N21,VIIRS,n,2.0NRT,309.58,12.25,D
-15.77764,28.37645,349.53,0.43,0.38,2026-10-04,1149,N21,VIIRS,n,2.0NRT,311.27,7.5,D
-15.77544,27.9794,341.57,0.41,0.37,2026-10-04,1149,N21,VIIRS,n,2.0NRT,309.39,12.25,D
-15.77222,28.93655,339.09,0.45,0.39,2026-10-04,1149,N21,VIIRS,n,2.0NRT,305.92,7.28,D
-15.7306,28.55368,348.52,0.43,0.38,2026-10-04,1149,N21,VIIRS,n,2.0NRT,312.5,24.29,D
-15.72711,28.55305,348.8,0.43,0.38,2026-10-04,1149,N21,VIIRS,l,2.0NRT,320.11,24.29,D
-15.72414,28.52753,340.99,0.43,0.38,2026-10-04,1149,N21,VIIRS,l,2.0NRT,311.06,5.46,D
-15.69603,28.49395,337.12,0.43,0.38,2026-10-04,1149,N21,VIIRS,l,2.0NRT,309.12,5.73,D
-15.69406,28.83962,332.69,0.45,0.39,2026-10-04,1149,N21,VIIRS,n,2.0NRT,301.88,3.21,D
-15.69338,28.49658,342.16,0.43,0.38,2026-10-04,1149,N21,VIIRS,n,2.0NRT,308.83,5.69,D
-15.67034,28.49753,336.71,0.43,0.38,2026-10-04,1149,N21,VIIRS,l,2.0NRT,309.58,1.98,D
-15.65467,28.39637,343.39,0.43,0.38,2026-10-04,1149,N21,VIIRS,n,2.0NRT,312.14,7.14,D
-15.65141,28.56931,337.04,0.44,0.38,2026-10-04,1149,N21,VIIRS,l,2.0NRT,308.27,6.07,D
-15.63947,28.73029,335.41,0.44,0.39,2026-10-04,1149,N21,VIIRS,l,2.0NRT,306.37,12.94,D
-15.59696,28.57188,344.22,0.44,0.38,2026-10-04,1149,N21,VIIRS,l,2.0NRT,315.5,27.81,D
-15.59593,28.75224,342.06,0.44,0.39,2026-10-04,1149,N21,VIIRS,l,2.0NRT,312.25,9.91,D
-15.58017,28.56451,333.52,0.44,0.38,2026-10-04,1149,N21,VIIRS,l,2.0NRT,308.04,5.2,D
-15.57948,28.56864,338.6,0.44,0.38,2026-10-04,1149,N21,VIIRS,l,2.0NRT,311.69,5.2,D
-16.43164,22.62078,351.87,0.47,0.4,2026-10-04,1151,N21,VIIRS,n,2.0NRT,319.92,14.07,D
-16.42799,22.62026,352.55,0.47,0.4,2026-10-04,1151,N21,VIIRS,n,2.0NRT,318.29,22.45,D
-16.42735,22.57046,349.15,0.48,0.4,2026-10-04,1151,N21,VIIRS,n,2.0NRT,320.36,11.56,D
-16.41896,22.29783,349.94,0.49,0.4,2026-10-04,1151,N21,VIIRS,n,2.0NRT,318.44,15.49,D
-16.34045,22.18929,351.55,0.5,0.41,2026-10-04,1151,N21,VIIRS,n,2.0NRT,317.94,18.63,D
-16.33672,22.18877,347.3,0.5,0.41,2026-10-04,1151,N21,VIIRS,l,2.0NRT,320.15,18.63,D
-16.31031,22.33011,344.09,0.49,0.4,2026-10-04,1151,N21,VIIRS,l,2.0NRT,317.54,8.86,D
-16.28497,23.46881,341.23,0.43,0.38,2026-10-04,1151,N21,VIIRS,n,2.0NRT,314.24,3.3,D
-16.27332,22.19622,350.62,0.5,0.41,2026-10-04,1151,N21,VIIRS,n,2.0NRT,319.59,23.03,D
-16.25528,23.13801,342.63,0.45,0.39,2026-10-04,1151,N21,VIIRS,l,2.0NRT,316.89,10.17,D
-16.24817,23.13697,339.89,0.45,0.39,2026-10-04,1151,N21,VIIRS,l,2.0NRT,314.24,3.76,D
-16.24148,22.89511,344.75,0.46,0.39,2026-10-04,1151,N21,VIIRS,l,2.0NRT,316.53,9.24,D
-16.23556,23.27858,341.63,0.44,0.38,2026-10-04,1151,N21,VIIRS,l,2.0NRT,314.9,5.24,D
-16.19501,22.76731,343.73,0.46,0.39,2026-10-04,1151,N21,VIIRS,l,2.0NRT,314.59,9.34,D
-16.18483,23.51164,340.32,0.43,0.38,2026-10-04,1151,N21,VIIRS,l,2.0NRT,313.24,2.86,D
-16.17308,22.6578,345.22,0.47,0.4,2026-10-04,1151,N21,VIIRS,l,2.0NRT,318.42,10.33,D
-16.17151,22.53197,341.24,0.48,0.4,2026-10-04,1151,N21,VIIRS,l,2.0NRT,315.12,7.26,D
-16.1653,24.31165,350.68,0.41,0.37,2026-10-04,1151,N21,VIIRS,n,2.0NRT,318.64,9.73,D
-16.14712,22.21714,342.7,0.49,0.4,2026-10-04,1151,N21,VIIRS,l,2.0NRT,317.48,5.84,D
-16.14544,23.09762,341.76,0.45,0.39,2026-10-04,1151,N21,VIIRS,l,2.0NRT,316.61,9.6,D
-16.09247,24.85965,347.38,0.39,0.36,2026-10-04,1151,N21,VIIRS,n,2.0NRT,317,13.48,D
-16.08985,21.98323,341.49,0.51,0.41,2026-10-04,1151,N21,VIIRS,l,2.0NRT,314.79,7.26,D
-16.07969,23.20634,345.81,0.44,0.39,2026-10-04,1151,N21,VIIRS,l,2.0NRT,314.92,9.97,D
-16.07699,23.68355,351.07,0.42,0.38,2026-10-04,1151,N21,VIIRS,l,2.0NRT,314.76,12.13,D
-16.07538,22.31052,339.52,0.49,0.4,2026-10-04,1151,N21,VIIRS,l,2.0NRT,314.51,9.49,D
-16.07459,23.50019,343.96,0.43,0.38,2026-10-04,1151,N21,VIIRS,n,2.0NRT,314.25,2.68,D
-16.07436,22.30905,338.24,0.49,0.4,2026-10-04,1151,N21,VIIRS,l,2.0NRT,312.89,7.28,D
-16.07409,23.67908,342.9,0.42,0.38,2026-10-04,1151,N21,VIIRS,l,2.0NRT,315.15,3.77,D
-16.07169,22.31,349.4,0.49,0.4,2026-10-04,1151,N21,VIIRS,n,2.0NRT,318.59,9.49,D
-16.06799,22.30947,343.63,0.49,0.4,2026-10-04,1151,N21,VIIRS,l,2.0NRT,314.99,6.58,D
-16.06495,22.6297,345.11,0.47,0.4,2026-10-04,1151,N21,VIIRS,l,2.0NRT,315.36,7.67,D
-16.06436,22.63408,344.98,0.47,0.4,2026-10-04,1151,N21,VIIRS,l,2.0NRT,313.19,8.21,D
-16.06384,25.03081,338.39,0.39,0.36,2026-10-04,1151,N21,VIIRS,l,2.0NRT,313.05,17.28,D
-16.06051,25.03028,350.38,0.39,0.36,2026-10-04,1151,N21,VIIRS,n,2.0NRT,325.1,17.28,D
-16.05337,24.73649,341.02,0.4,0.37,2026-10-04,1151,N21,VIIRS,n,2.0NRT,315.31,4.56,D
-16.04344,22.04359,345.96,0.5,0.41,2026-10-04,1151,N21,VIIRS,l,2.0NRT,319.06,11.51,D
-16.03998,24.61726,342.17,0.4,0.37,2026-10-04,1151,N21,VIIRS,l,2.0NRT,312.64,3.41,D
-16.02382,22.76953,351.73,0.46,0.39,2026-10-04,1151,N21,VIIRS,l,2.0NRT,317.26,8.23,D
-16.02324,22.77384,343.84,0.46,0.39,2026-10-04,1151,N21,VIIRS,l,2.0NRT,315.8,8.23,D
-16.01824,22.72913,344.13,0.46,0.39,2026-10-04,1151,N21,VIIRS,l,2.0NRT,315.63,3.87,D
-16.00103,22.0756,343.69,0.5,0.41,2026-10-04,1151,N21,VIIRS,l,2.0NRT,318.06,7.96,D
-15.99998,22.07277,343.79,0.5,0.41,2026-10-04,1151,N21,VIIRS,n,2.0NRT,316.37,6.55,D
-15.94983,24.78804,343.75,0.39,0.37,2026-10-04,1151,N21,VIIRS,n,2.0NRT,313.34,4.93,D
-15.94956,22.76408,339.18,0.46,0.39,2026-10-04,1151,N21,VIIRS,l,2.0NRT,313.78,3.05,D
-15.9495,23.00191,344.83,0.45,0.39,2026-10-04,1151,N21,VIIRS,n,2.0NRT,315.64,8.92,D
-15.94595,24.79119,340.95,0.39,0.37,2026-10-04,1151,N21,VIIRS,l,2.0NRT,315.65,4.93,D
-15.94593,23.00138,342.08,0.45,0.39,2026-10-04,1151,N21,VIIRS,l,2.0NRT,316.73,8.92,D
-15.94533,24.42789,345.01,0.4,0.37,2026-10-04,1151,N21,VIIRS,n,2.0NRT,315.39,4.43,D
-15.94361,24.7911,351.68,0.39,0.37,2026-10-04,1151,N21,VIIRS,n,2.0NRT,314.85,6.38,D
-15.92856,23.43776,349.74,0.43,0.38,2026-10-04,1151,N21,VIIRS,l,2.0NRT,318.01,12.85,D
-15.91975,24.8136,341.05,0.39,0.36,2026-10-04,1151,N21,VIIRS,l,2.0NRT,313.84,2.85,D
-15.91589,22.90256,352.44,0.45,0.39,2026-10-04,1151,N21,VIIRS,n,2.0NRT,316.94,14.14,D
-15.91559,22.98414,341.55,0.45,0.39,2026-10-04,1151,N21,VIIRS,l,2.0NRT,313.97,5.77,D
-15.91479,24.96231,336.4,0.39,0.36,2026-10-04,1151,N21,VIIRS,l,2.0NRT,310.11,7.78,D
-15.91368,24.3118,367,0.4,0.37,2026-10-04,1151,N21,VIIRS,h,2.0NRT,321.38,10.03,D
-15.91314,24.31556,342.83,0.4,0.37,2026-10-04,1151,N21,VIIRS,n,2.0NRT,315.18,10.03,D
-15.91231,22.90204,352.4,0.45,0.39,2026-10-04,1151,N21,VIIRS,n,2.0NRT,317.81,7.76,D
-15.9121,24.41892,339.33,0.4,0.37,2026-10-04,1151,N21,VIIRS,l,2.0NRT,313.92,6.92,D
-15.91173,22.90627,341.23,0.45,0.39,2026-10-04,1151,N21,VIIRS,l,2.0NRT,315.86,7.76,D
-15.91096,25.19159,346.99,0.39,0.36,2026-10-04,1151,N21,VIIRS,n,2.0NRT,314.45,5.83,D
-15.9071,24.42962,346.54,0.4,0.37,2026-10-04,1151,N21,VIIRS,n,2.0NRT,314.43,6.19,D
-15.88703,23.9339,343.58,0.41,0.37,2026-10-04,1151,N21,VIIRS,n,2.0NRT,315.47,3.75,D
-15.88129,22.47147,347.33,0.48,0.4,2026-10-04,1151,N21,VIIRS,n,2.0NRT,315.69,9.03,D
-15.88068,22.47589,344.31,0.48,0.4,2026-10-04,1151,N21,VIIRS,n,2.0NRT,314.23,7.99,D
-15.87183,24.81363,354.57,0.39,0.36,2026-10-04,1151,N21,VIIRS,n,2.0NRT,320.5,15.64,D
-15.87129,24.81729,353.65,0.39,0.36,2026-10-04,1151,N21,VIIRS,n,2.0NRT,322.43,15.64,D
-15.86895,24.9029,342.3,0.39,0.36,2026-10-04,1151,N21,VIIRS,l,2.0NRT,315.6,5.48,D
-15.86795,24.81676,344.57,0.39,0.36,2026-10-04,1151,N21,VIIRS,l,2.0NRT,316.35,15.64,D
-15.86741,24.82042,341.45,0.39,0.36,2026-10-04,1151,N21,VIIRS,l,2.0NRT,312.83,3.98,D
-15.86179,24.81205,351.88,0.39,0.36,2026-10-04,1151,N21,VIIRS,n,2.0NRT,313.61,6.8,D
-15.86126,24.81571,337.98,0.39,0.36,2026-10-04,1151,N21,VIIRS,l,2.0NRT,312.72,6.8,D
-15.86072,24.81937,344.85,0.39,0.36,2026-10-04,1151,N21,VIIRS,n,2.0NRT,313.61,4.89,D
-15.85618,24.80367,351.35,0.39,0.36,2026-10-04,1151,N21,VIIRS,n,2.0NRT,316.16,12.11,D
-15.85511,24.811,344.67,0.39,0.36,2026-10-04,1151,N21,VIIRS,n,2.0NRT,312.66,4.58,D
-15.85176,24.81047,341.42,0.39,0.36,2026-10-04,1151,N21,VIIRS,l,2.0NRT,313,2.72,D
-15.84913,23.17745,336.77,0.44,0.38,2026-10-04,1151,N21,VIIRS,l,2.0NRT,311.2,7.66,D
-15.84875,23.17836,347.57,0.44,0.38,2026-10-04,1151,N21,VIIRS,n,2.0NRT,312.78,9.18,D
-15.84694,22.12332,338.97,0.49,0.41,2026-10-04,1151,N21,VIIRS,l,2.0NRT,313.52,7.55,D
-15.84293,24.82407,339.63,0.39,0.36,2026-10-04,1151,N21,VIIRS,l,2.0NRT,313.78,7.36,D
-15.83639,22.11714,340.87,0.49,0.41,2026-10-04,1151,N21,VIIRS,l,2.0NRT,313.07,5.96,D
-15.83266,22.11661,338.94,0.49,0.41,2026-10-04,1151,N21,VIIRS,l,2.0NRT,312.68,3.65,D
-15.832,25.06074,340.02,0.39,0.36,2026-10-04,1151,N21,VIIRS,n,2.0NRT,312.95,2.05,D
-15.82891,22.22781,347.33,0.49,0.4,2026-10-04,1151,N21,VIIRS,l,2.0NRT,318.3,11.62,D
-15.82088,23.37365,348.03,0.43,0.38,2026-10-04,1151,N21,VIIRS,l,2.0NRT,316.7,7.91,D
-15.82004,24.13096,347.65,0.41,0.37,2026-10-04,1151,N21,VIIRS,n,2.0NRT,316.04,8.23,D
-15.81949,24.13476,347.85,0.41,0.37,2026-10-04,1151,N21,VIIRS,n,2.0NRT,316.83,8.5,D
-15.81738,23.37313,346.03,0.43,0.38,2026-10-04,1151,N21,VIIRS,l,2.0NRT,318.86,13.9,D
-15.81553,24.13803,350.68,0.41,0.37,2026-10-04,1151,N21,VIIRS,n,2.0NRT,317.4,12.01,D
-15.81443,24.14561,343.76,0.41,0.37,2026-10-04,1151,N21,VIIRS,l,2.0NRT,317.36,7.94,D
-15.81114,24.74368,341.64,0.39,0.37,2026-10-04,1151,N21,VIIRS,n,2.0NRT,315.15,7.18,D
-15.79441,22.25979,340.84,0.49,0.4,2026-10-04,1151,N21,VIIRS,l,2.0NRT,315.76,6.44,D
-15.78695,25.3637,345.51,0.39,0.36,2026-10-04,1151,N21,VIIRS,l,2.0NRT,317.26,13.08,D
-15.78311,22.50778,347.09,0.47,0.4,2026-10-04,1151,N21,VIIRS,l,2.0NRT,313.69,7.87,D
-15.75832,26.924,354.65,0.39,0.36,2026-10-04,1151,N21,VIIRS,n,2.0NRT,320.06,12.17,D
-15.74939,25.09168,346.43,0.39,0.36,2026-10-04,1151,N21,VIIRS,l,2.0NRT,317.92,6.7,D
-15.74623,24.20871,350.81,0.41,0.37,2026-10-04,1151,N21,VIIRS,n,2.0NRT,317.81,11.47,D
-15.74606,25.09116,349.17,0.39,0.36,2026-10-04,1151,N21,VIIRS,n,2.0NRT,318.8,6.7,D
-15.72532,27.06796,336.94,0.39,0.36,2026-10-04,1151,N21,VIIRS,n,2.0NRT,308.75,5.01,D
-15.71666,25.19735,354.73,0.39,0.36,2026-10-04,1151,N21,VIIRS,n,2.0NRT,323.84,14.6,D
-15.71612,25.20095,347.43,0.39,0.36,2026-10-04,1151,N21,VIIRS,n,2.0NRT,315.17,14.6,D
-15.71429,24.54748,340.92,0.4,0.37,2026-10-04,1151,N21,VIIRS,l,2.0NRT,312.52,5.15,D
-15.70614,23.68088,341.75,0.42,0.38,2026-10-04,1151,N21,VIIRS,l,2.0NRT,314.37,5.8,D
-15.70059,22.92033,340.07,0.45,0.39,2026-10-04,1151,N21,VIIRS,l,2.0NRT,312.7,3.83,D
-15.69992,24.48084,343.28,0.4,0.37,2026-10-04,1151,N21,VIIRS,n,2.0NRT,314.07,4.34,D
-15.69978,23.67594,344.56,0.42,0.38,2026-10-04,1151,N21,VIIRS,l,2.0NRT,313.31,7.58,D
-15.69923,23.67986,344.86,0.42,0.38,2026-10-04,1151,N21,VIIRS,l,2.0NRT,315.1,7.58,D
-15.69812,23.68768,342.87,0.42,0.38,2026-10-04,1151,N21,VIIRS,l,2.0NRT,315.14,7.14,D
-15.69571,24.99756,339.18,0.39,0.36,2026-10-04,1151,N21,VIIRS,l,2.0NRT,312.87,3.28,D
-15.68955,23.7978,348.44,0.42,0.37,2026-10-04,1151,N21,VIIRS,l,2.0NRT,313.64,6.32,D
-15.67652,24.80471,345.57,0.39,0.36,2026-10-04,1151,N21,VIIRS,l,2.0NRT,317.61,5.04,D
-15.67317,24.80418,349.65,0.39,0.36,2026-10-04,1151,N21,VIIRS,n,2.0NRT,317.57,5.04,D
-15.65851,24.67076,343.24,0.4,0.37,2026-10-04,1151,N21,VIIRS,l,2.0NRT,314.9,3.38,D
-15.65438,24.49672,348.58,0.4,0.37,2026-10-04,1151,N21,VIIRS,n,2.0NRT,313.18,8.13,D
-15.65366,23.38605,344.36,0.43,0.38,2026-10-04,1151,N21,VIIRS,n,2.0NRT,315.49,4.77,D
-15.65039,24.24047,347.53,0.4,0.37,2026-10-04,1151,N21,VIIRS,n,2.0NRT,317.18,10.71,D
-15.64282,24.6608,343.88,0.4,0.37,2026-10-04,1151,N21,VIIRS,l,2.0NRT,315.3,41.38,D
-15.63947,24.66027,367,0.4,0.37,2026-10-04,1151,N21,VIIRS,l,2.0NRT,333.73,41.38,D
-15.63501,23.15988,339.11,0.44,0.38,2026-10-04,1151,N21,VIIRS,l,2.0NRT,312.66,7.02,D
-15.63458,23.16012,346.4,0.44,0.38,2026-10-04,1151,N21,VIIRS,n,2.0NRT,312.93,9.05,D
-15.62984,27.15662,336.43,0.4,0.37,2026-10-04,1151,N21,VIIRS,l,2.0NRT,310.57,6.79,D
-15.62715,26.45787,338.19,0.39,0.36,2026-10-04,1151,N21,VIIRS,l,2.0NRT,311.11,6.53,D
-15.62707,27.15238,338.63,0.4,0.37,2026-10-04,1151,N21,VIIRS,n,2.0NRT,306.69,3.45,D
-15.62649,27.15605,346.08,0.4,0.37,2026-10-04,1151,N21,VIIRS,n,2.0NRT,312.51,6.79,D
-15.62373,27.15182,354.29,0.4,0.37,2026-10-04,1151,N21,VIIRS,n,2.0NRT,312.39,11.51,D
-15.62338,26.2628,367,0.38,0.36,2026-10-04,1151,N21,VIIRS,h,2.0NRT,319.36,18.23,D
-15.62062,26.25869,347.36,0.38,0.36,2026-10-04,1151,N21,VIIRS,n,2.0NRT,316.06,8.43,D
-15.61998,23.21208,342.27,0.44,0.38,2026-10-04,1151,N21,VIIRS,n,2.0NRT,313.18,5.7,D
-15.61753,23.71563,346.84,0.42,0.38,2026-10-04,1151,N21,VIIRS,l,2.0NRT,315.14,31.12,D
-15.59364,23.75973,347.74,0.42,0.38,2026-10-04,1151,N21,VIIRS,l,2.0NRT,316.26,7.16,D
-15.58616,24.98031,352.41,0.39,0.36,2026-10-04,1151,N21,VIIRS,n,2.0NRT,314.31,4.16,D
-15.58562,24.98393,351.55,0.39,0.36,2026-10-04,1151,N21,VIIRS,n,2.0NRT,317.28,9.53,D
-15.58283,24.9798,343.26,0.39,0.36,2026-10-04,1151,N21,VIIRS,l,2.0NRT,316.34,6,D
-15.58229,24.98342,342.39,0.39,0.36,2026-10-04,1151,N21,VIIRS,n,2.0NRT,314.18,2.97,D
-15.56624,24.33462,351.28,0.4,0.37,2026-10-04,1151,N21,VIIRS,n,2.0NRT,316.83,7.59,D
-15.56304,26.19012,341.44,0.38,0.36,2026-10-04,1151,N21,VIIRS,l,2.0NRT,314.13,5.5,D
-15.56287,24.3341,347.13,0.4,0.37,2026-10-04,1151,N21,VIIRS,n,2.0NRT,316.7,20.96,D
-15.55698,26.18546,343.56,0.38,0.36,2026-10-04,1151,N21,VIIRS,l,2.0NRT,317.47,11.82,D
-15.55253,22.31065,343.58,0.48,0.4,2026-10-04,1151,N21,VIIRS,l,2.0NRT,316.11,7.62,D
-15.55198,26.1298,345.25,0.38,0.36,2026-10-04,1151,N21,VIIRS,l,2.0NRT,318.77,12.18,D
-15.53551,26.34675,353.39,0.39,0.36,2026-10-04,1151,N21,VIIRS,n,2.0NRT,312.55,12.53,D
-15.50389,26.15428,350.7,0.38,0.36,2026-10-04,1151,N21,VIIRS,n,2.0NRT,311.02,7.41,D
-15.49758,24.63804,367,0.4,0.37,2026-10-04,1151,N21,VIIRS,h,2.0NRT,316.71,13.26,D
-15.49704,24.6417,348.04,0.4,0.37,2026-10-04,1151,N21,VIIRS,n,2.0NRT,315.79,8.39,D
-15.49648,25.73694,341.67,0.38,0.36,2026-10-04,1151,N21,VIIRS,n,2.0NRT,311.3,21.47,D
-15.49613,25.8062,344.86,0.38,0.36,2026-10-04,1151,N21,VIIRS,n,2.0NRT,311.8,9.19,D
-15.49595,25.7405,351.56,0.38,0.36,2026-10-04,1151,N21,VIIRS,l,2.0NRT,321.73,24.15,D
-15.49541,25.74406,355.28,0.38,0.36,2026-10-04,1151,N21,VIIRS,n,2.0NRT,314.69,24.15,D
-15.49486,25.74762,342.18,0.38,0.36,2026-10-04,1151,N21,VIIRS,n,2.0NRT,310.42,6.32,D
-15.4948,25.72572,354.18,0.38,0.36,2026-10-04,1151,N21,VIIRS,n,2.0NRT,309.73,31.43,D
-15.49426,25.72928,367,0.38,0.36,2026-10-04,1151,N21,VIIRS,l,2.0NRT,327.91,31.43,D
-15.49372,25.73284,351.54,0.38,0.36,2026-10-04,1151,N21,VIIRS,n,2.0NRT,326.06,21.47,D
-15.49369,24.64118,346.5,0.4,0.37,2026-10-04,1151,N21,VIIRS,n,2.0NRT,315.43,8.39,D
-15.49318,25.7364,350.53,0.38,0.36,2026-10-04,1151,N21,VIIRS,n,2.0NRT,313.21,21.47,D
-15.49304,24.62231,340.37,0.4,0.37,2026-10-04,1151,N21,VIIRS,l,2.0NRT,312.83,3.05,D
-15.49204,25.72162,355.79,0.38,0.36,2026-10-04,1151,N21,VIIRS,n,2.0NRT,313.91,17.82,D
-15.49156,25.74708,351.27,0.38,0.36,2026-10-04,1151,N21,VIIRS,n,2.0NRT,314.56,6.32,D
-15.4915,25.72518,352.1,0.38,0.36,2026-10-04,1151,N21,VIIRS,n,2.0NRT,317.43,9.7,D
-15.49102,25.75064,344.64,0.38,0.36,2026-10-04,1151,N21,VIIRS,n,2.0NRT,308.81,6.32,D
-15.49096,25.72875,340.35,0.38,0.36,2026-10-04,1151,N21,VIIRS,l,2.0NRT,314.09,9.7,D
-15.48969,24.62178,346.27,0.4,0.37,2026-10-04,1151,N21,VIIRS,n,2.0NRT,314.7,3.05,D
-15.48927,25.71753,349.87,0.38,0.36,2026-10-04,1151,N21,VIIRS,n,2.0NRT,315.07,17.82,D
-15.48772,25.75011,339.93,0.38,0.36,2026-10-04,1151,N21,VIIRS,l,2.0NRT,310.84,6.97,D
-15.48718,25.75367,347.22,0.38,0.36,2026-10-04,1151,N21,VIIRS,n,2.0NRT,310.6,18.72,D
-15.4863,24.1148,344.8,0.41,0.37,2026-10-04,1151,N21,VIIRS,l,2.0NRT,315.68,7.05,D
-15.48616,25.78269,353.71,0.38,0.36,2026-10-04,1151,N21,VIIRS,n,2.0NRT,313.24,8.58,D
-15.48597,25.71699,349.43,0.38,0.36,2026-10-04,1151,N21,VIIRS,n,2.0NRT,310.59,7.55,D
-15.48562,25.78625,348.92,0.38,0.36,2026-10-04,1151,N21,VIIRS,n,2.0NRT,310.26,8.58,D
-15.48508,25.78981,344.58,0.38,0.36,2026-10-04,1151,N21,VIIRS,n,2.0NRT,311.59,7.86,D
-15.48454,25.79338,352.25,0.38,0.36,2026-10-04,1151,N21,VIIRS,n,2.0NRT,314.13,7.86,D
-15.48399,25.79694,340.61,0.38,0.36,2026-10-04,1151,N21,VIIRS,n,2.0NRT,310.36,5.65,D
-15.48346,24.11049,341.34,0.41,0.37,2026-10-04,1151,N21,VIIRS,l,2.0NRT,315.42,5.1,D
-15.48345,25.8005,344.04,0.38,0.36,2026-10-04,1151,N21,VIIRS,n,2.0NRT,313.41,5.65,D
-15.48231,25.78572,346.78,0.38,0.36,2026-10-04,1151,N21,VIIRS,n,2.0NRT,313.33,9.69,D
-15.4816,24.67676,341.78,0.39,0.37,2026-10-04,1151,N21,VIIRS,l,2.0NRT,316.27,3.46,D
-15.48106,24.68042,340.64,0.39,0.37,2026-10-04,1151,N21,VIIRS,l,2.0NRT,314.3,3.46,D
-15.48069,25.7964,346.41,0.38,0.36,2026-10-04,1151,N21,VIIRS,n,2.0NRT,315.89,5.06,D
-15.48015,25.79996,342.83,0.38,0.36,2026-10-04,1151,N21,VIIRS,n,2.0NRT,312,5.06,D
-15.4767,25.70811,343.33,0.38,0.36,2026-10-04,1151,N21,VIIRS,n,2.0NRT,312.96,6.33,D
-15.47522,25.81012,343.06,0.38,0.36,2026-10-04,1151,N21,VIIRS,l,2.0NRT,316.55,23.74,D
-15.47468,25.81368,367,0.38,0.36,2026-10-04,1151,N21,VIIRS,l,2.0NRT,325.4,23.74,D
-15.47352,25.75139,367,0.38,0.36,2026-10-04,1151,N21,VIIRS,l,2.0NRT,327.1,106.65,D
-15.47348,25.77699,348.71,0.38,0.36,2026-10-04,1151,N21,VIIRS,n,2.0NRT,315.56,17.23,D
-15.47246,25.80602,344.31,0.38,0.36,2026-10-04,1151,N21,VIIRS,n,2.0NRT,315.42,6.04,D
-15.47192,25.80958,355.7,0.38,0.36,2026-10-04,1151,N21,VIIRS,n,2.0NRT,317.21,23.23,D
-15.47075,25.74729,367,0.38,0.36,2026-10-04,1151,N21,VIIRS,h,2.0NRT,333.12,64.2,D
-15.46973,25.77631,352.96,0.38,0.36,2026-10-04,1151,N21,VIIRS,n,2.0NRT,325.08,44.54,D
-15.4697,25.80192,354.86,0.38,0.36,2026-10-04,1151,N21,VIIRS,n,2.0NRT,315.87,6.04,D
-15.46955,25.71061,341.64,0.38,0.36,2026-10-04,1151,N21,VIIRS,l,2.0NRT,311.74,5.75,D
-15.46919,25.77988,343.62,0.38,0.36,2026-10-04,1151,N21,VIIRS,n,2.0NRT,312.74,6,D
-15.46916,25.80549,339.46,0.38,0.36,2026-10-04,1151,N21,VIIRS,l,2.0NRT,311.02,6.04,D
-15.46877,24.11596,348.36,0.41,0.37,2026-10-04,1151,N21,VIIRS,n,2.0NRT,317.79,8.32,D
-15.46822,24.11975,343.35,0.41,0.37,2026-10-04,1151,N21,VIIRS,l,2.0NRT,316.83,5.07,D
-15.46756,25.79056,343.57,0.38,0.36,2026-10-04,1151,N21,VIIRS,l,2.0NRT,316.89,5.59,D
-15.46745,25.74676,343.66,0.38,0.36,2026-10-04,1151,N21,VIIRS,n,2.0NRT,316.73,16.37,D
-15.46738,26.01684,346.77,0.38,0.36,2026-10-04,1151,N21,VIIRS,n,2.0NRT,313.86,11.11,D
-15.46702,25.79412,352.12,0.38,0.36,2026-10-04,1151,N21,VIIRS,n,2.0NRT,317.44,11.89,D
-15.4657,25.71364,338.96,0.38,0.36,2026-10-04,1151,N21,VIIRS,l,2.0NRT,311.53,8.34,D
-15.46534,25.7829,340.67,0.38,0.36,2026-10-04,1151,N21,VIIRS,l,2.0NRT,312.11,6,D
-15.4648,25.78646,349.08,0.38,0.36,2026-10-04,1151,N21,VIIRS,n,2.0NRT,315.88,5.59,D
-15.4648,26.16613,347.9,0.38,0.36,2026-10-04,1151,N21,VIIRS,n,2.0NRT,315.83,6.28,D
-15.46439,22.83257,345.31,0.45,0.39,2026-10-04,1151,N21,VIIRS,n,2.0NRT,311.58,3.77,D
-15.4636,25.74979,338.31,0.38,0.36,2026-10-04,1151,N21,VIIRS,l,2.0NRT,310.12,6.2,D
-15.46346,22.83183,338.66,0.45,0.39,2026-10-04,1151,N21,VIIRS,n,2.0NRT,311.2,3.97,D
-15.46337,22.30805,352.3,0.48,0.4,2026-10-04,1151,N21,VIIRS,n,2.0NRT,315.96,11.58,D
-15.46186,25.71667,352.03,0.38,0.36,2026-10-04,1151,N21,VIIRS,n,2.0NRT,315.01,8.34,D
-15.4603,25.74925,339.8,0.38,0.36,2026-10-04,1151,N21,VIIRS,l,2.0NRT,312.57,10.17,D
-15.45801,25.7197,338.76,0.38,0.36,2026-10-04,1151,N21,VIIRS,l,2.0NRT,308.97,2.43,D
-15.45747,25.72326,342.82,0.38,0.36,2026-10-04,1151,N21,VIIRS,n,2.0NRT,307.63,2.43,D
-15.45693,24.12574,348.45,0.41,0.37,2026-10-04,1151,N21,VIIRS,n,2.0NRT,315.06,5.19,D
-15.45299,24.12899,345.79,0.41,0.37,2026-10-04,1151,N21,VIIRS,n,2.0NRT,315.42,5.19,D
-15.44997,26.24051,341.71,0.39,0.36,2026-10-04,1151,N21,VIIRS,n,2.0NRT,312.24,2.55,D
-15.44461,24.04266,347.89,0.41,0.37,2026-10-04,1151,N21,VIIRS,n,2.0NRT,315.36,6.24,D
-15.44407,24.04645,337.39,0.41,0.37,2026-10-04,1151,N21,VIIRS,l,2.0NRT,312.31,2.57,D
-15.44066,24.04593,347.02,0.41,0.37,2026-10-04,1151,N21,VIIRS,l,2.0NRT,318.47,10.53,D
-15.43403,28.17495,347.97,0.42,0.38,2026-10-04,1151,N21,VIIRS,n,2.0NRT,316.1,9.77,D
-15.4314,24.11027,347.07,0.41,0.37,2026-10-04,1151,N21,VIIRS,n,2.0NRT,313.33,7.41,D
-15.43085,24.11404,367,0.41,0.37,2026-10-04,1151,N21,VIIRS,h,2.0NRT,314.13,6.42,D
-15.42746,24.11352,344.92,0.41,0.37,2026-10-04,1151,N21,VIIRS,n,2.0NRT,314.83,6.42,D
-15.42564,26.78942,343.35,0.39,0.36,2026-10-04,1151,N21,VIIRS,n,2.0NRT,313.64,6,D
-15.42242,26.24332,348.27,0.39,0.36,2026-10-04,1151,N21,VIIRS,n,2.0NRT,317.87,9.06,D
-15.41481,28.39954,336.66,0.43,0.38,2026-10-04,1151,N21,VIIRS,l,2.0NRT,311.21,4.95,D
-15.41237,29.35477,347.11,0.48,0.4,2026-10-04,1151,N21,VIIRS,n,2.0NRT,308.62,9.45,D
-15.41034,24.97446,350.85,0.39,0.36,2026-10-04,1151,N21,VIIRS,n,2.0NRT,317.11,38.27,D
-15.4098,24.97808,355.12,0.39,0.36,2026-10-04,1151,N21,VIIRS,n,2.0NRT,313.82,16.93,D
-15.40755,24.97031,367,0.39,0.36,2026-10-04,1151,N21,VIIRS,h,2.0NRT,332.67,39.53,D
-15.40701,24.97394,350.96,0.39,0.36,2026-10-04,1151,N21,VIIRS,l,2.0NRT,329.27,39.53,D
-15.40647,24.97756,351.07,0.39,0.36,2026-10-04,1151,N21,VIIRS,l,2.0NRT,326.39,13.63,D
-15.40594,24.98117,347.06,0.39,0.36,2026-10-04,1151,N21,VIIRS,n,2.0NRT,315.83,13.63,D
-15.40421,24.9698,346.3,0.39,0.36,2026-10-04,1151,N21,VIIRS,n,2.0NRT,314.71,39.53,D
-15.40261,24.98065,345.66,0.39,0.36,2026-10-04,1151,N21,VIIRS,n,2.0NRT,317.87,13.63,D
-15.40107,29.22198,337.55,0.47,0.4,2026-10-04,1151,N21,VIIRS,l,2.0NRT,309.47,3.37,D
-15.39687,28.1051,340.76,0.42,0.38,2026-10-04,1151,N21,VIIRS,l,2.0NRT,314.95,29.95,D
-15.38171,24.68687,348.63,0.39,0.36,2026-10-04,1151,N21,VIIRS,n,2.0NRT,314.23,7.41,D
-15.38008,23.0447,343.13,0.44,0.39,2026-10-04,1151,N21,VIIRS,l,2.0NRT,312.46,11.53,D
-15.37891,24.6827,348.2,0.39,0.36,2026-10-04,1151,N21,VIIRS,n,2.0NRT,318.51,7.41,D
-15.37837,24.68635,351.87,0.39,0.36,2026-10-04,1151,N21,VIIRS,n,2.0NRT,320.07,7.41,D
-15.37655,23.04418,341.24,0.44,0.39,2026-10-04,1151,N21,VIIRS,l,2.0NRT,312.27,11.53,D
-15.37545,24.98007,337.09,0.39,0.36,2026-10-04,1151,N21,VIIRS,n,2.0NRT,310.44,1.62,D
-15.37301,24.97539,367,0.39,0.36,2026-10-04,1151,N21,VIIRS,h,2.0NRT,318.69,14.65,D
-15.37247,24.97901,347.75,0.39,0.36,2026-10-04,1151,N21,VIIRS,n,2.0NRT,316.38,3.69,D
-15.36914,24.97848,338.7,0.39,0.36,2026-10-04,1151,N21,VIIRS,n,2.0NRT,312.67,3.69,D
-15.36839,22.66812,339.71,0.46,0.39,2026-10-04,1151,N21,VIIRS,l,2.0NRT,314.09,6.66,D
-15.36635,24.97434,347.21,0.39,0.36,2026-10-04,1151,N21,VIIRS,l,2.0NRT,319.09,17.26,D
-15.35616,27.59467,346.33,0.41,0.37,2026-10-04,1151,N21,VIIRS,l,2.0NRT,318.16,5.53,D
-15.35477,27.32199,346.57,0.4,0.37,2026-10-04,1151,N21,VIIRS,l,2.0NRT,317.57,7.42,D
-15.35171,24.31684,339.74,0.4,0.37,2026-10-04,1151,N21,VIIRS,l,2.0NRT,313.28,2.03,D
-15.34337,29.45141,338.43,0.48,0.4,2026-10-04,1151,N21,VIIRS,n,2.0NRT,307.82,10.27,D
-15.33972,29.45073,344.44,0.48,0.4,2026-10-04,1151,N21,VIIRS,n,2.0NRT,308.24,13.59,D
-15.33176,24.53661,349.13,0.4,0.37,2026-10-04,1151,N21,VIIRS,n,2.0NRT,315.38,10.13,D
-15.3313,29.25492,343.42,0.47,0.4,2026-10-04,1151,N21,VIIRS,n,2.0NRT,308.58,5.93,D
-15.33004,26.3563,346.74,0.39,0.36,2026-10-04,1151,N21,VIIRS,n,2.0NRT,316.03,6.33,D
-15.32965,24.53659,349.46,0.4,0.37,2026-10-04,1151,N21,VIIRS,l,2.0NRT,324.02,26.14,D
-15.3236,24.8491,349.8,0.39,0.36,2026-10-04,1151,N21,VIIRS,n,2.0NRT,313.52,13.88,D
-15.32306,24.85273,350.48,0.39,0.36,2026-10-04,1151,N21,VIIRS,n,2.0NRT,315.85,10.48,D
-15.32113,24.38429,341.05,0.4,0.37,2026-10-04,1151,N21,VIIRS,l,2.0NRT,314.61,5.85,D
-15.31462,26.28042,345.55,0.39,0.36,2026-10-04,1151,N21,VIIRS,l,2.0NRT,319.16,7.82,D
-15.31457,22.17108,343.59,0.48,0.4,2026-10-04,1151,N21,VIIRS,l,2.0NRT,316.34,11.19,D
-15.30641,24.75715,348.56,0.39,0.36,2026-10-04,1151,N21,VIIRS,n,2.0NRT,319.79,10.77,D
-15.30307,24.75663,350.16,0.39,0.36,2026-10-04,1151,N21,VIIRS,n,2.0NRT,316.14,11.63,D
-15.30253,24.76027,343.62,0.39,0.36,2026-10-04,1151,N21,VIIRS,l,2.0NRT,317.31,5.11,D
-15.29503,27.95222,354.1,0.42,0.37,2026-10-04,1151,N21,VIIRS,n,2.0NRT,321.2,14.62,D
-15.29123,24.35312,351.11,0.4,0.37,2026-10-04,1151,N21,VIIRS,n,2.0NRT,315.18,13.38,D
-15.29069,24.35683,346.78,0.4,0.37,2026-10-04,1151,N21,VIIRS,l,2.0NRT,319.59,13.38,D
-15.29016,24.26544,345.74,0.4,0.37,2026-10-04,1151,N21,VIIRS,l,2.0NRT,315.81,4.59,D
-15.28911,25.15014,343.26,0.39,0.36,2026-10-04,1151,N21,VIIRS,l,2.0NRT,315.07,3.94,D
-15.28732,24.35631,349.07,0.4,0.37,2026-10-04,1151,N21,VIIRS,n,2.0NRT,317.48,18.7,D
-15.28263,23.99896,348.15,0.41,0.37,2026-10-04,1151,N21,VIIRS,n,2.0NRT,313.31,7.37,D
-15.27923,23.99844,341.17,0.41,0.37,2026-10-04,1151,N21,VIIRS,l,2.0NRT,311.36,4.03,D
-15.27249,29.27141,337.23,0.47,0.4,2026-10-04,1151,N21,VIIRS,l,2.0NRT,310.52,7.54,D
-15.27074,24.4936,343.04,0.4,0.37,2026-10-04,1151,N21,VIIRS,l,2.0NRT,317.57,8.11,D
-15.26684,24.49676,346.38,0.4,0.37,2026-10-04,1151,N21,VIIRS,n,2.0NRT,315.12,6.85,D
-15.26517,23.90303,340.44,0.41,0.37,2026-10-04,1151,N21,VIIRS,l,2.0NRT,314.09,11.77,D
-15.26505,24.29587,349.01,0.4,0.37,2026-10-04,1151,N21,VIIRS,l,2.0NRT,319.58,14.47,D
-15.26462,23.90684,344.15,0.41,0.37,2026-10-04,1151,N21,VIIRS,n,2.0NRT,312.87,11.77,D
-15.25446,29.24558,342.67,0.47,0.4,2026-10-04,1151,N21,VIIRS,n,2.0NRT,311.95,4.92,D
-15.25374,27.10789,347.39,0.4,0.37,2026-10-04,1151,N21,VIIRS,n,2.0NRT,314.88,5.27,D
-15.24812,23.53724,347.36,0.42,0.38,2026-10-04,1151,N21,VIIRS,n,2.0NRT,319.5,8.37,D
-15.24499,26.46666,347.29,0.39,0.36,2026-10-04,1151,N21,VIIRS,n,2.0NRT,313.54,5.79,D
-15.24311,26.87011,341.41,0.39,0.36,2026-10-04,1151,N21,VIIRS,l,2.0NRT,314.97,2.59,D
-15.23733,26.34054,346.71,0.39,0.36,2026-10-04,1151,N21,VIIRS,n,2.0NRT,315.08,5.32,D
-15.23717,26.56114,336.3,0.39,0.36,2026-10-04,1151,N21,VIIRS,l,2.0NRT,310.78,2.03,D
-15.23353,24.26414,341.92,0.4,0.37,2026-10-04,1151,N21,VIIRS,l,2.0NRT,313.14,8.6,D
-15.23299,24.26787,342.61,0.4,0.37,2026-10-04,1151,N21,VIIRS,l,2.0NRT,313.16,9.85,D
-15.23276,26.54568,352.73,0.39,0.36,2026-10-04,1151,N21,VIIRS,n,2.0NRT,315.83,6.9,D
-15.2322,26.54927,341.77,0.39,0.36,2026-10-04,1151,N21,VIIRS,l,2.0NRT,315.14,6.9,D
-15.23206,28.88711,341.15,0.45,0.39,2026-10-04,1151,N21,VIIRS,n,2.0NRT,308.99,11.82,D
-15.22733,24.25937,340.46,0.4,0.37,2026-10-04,1151,N21,VIIRS,l,2.0NRT,311.81,2.89,D
-15.22381,24.67369,367,0.39,0.36,2026-10-04,1151,N21,VIIRS,l,2.0NRT,325.11,7.07,D
-15.22169,22.91348,339.02,0.45,0.39,2026-10-04,1151,N21,VIIRS,n,2.0NRT,307.96,2.2,D
-15.22148,25.2166,346.52,0.39,0.36,2026-10-04,1151,N21,VIIRS,n,2.0NRT,315.09,7.05,D
-15.22094,25.22018,342.31,0.39,0.36,2026-10-04,1151,N21,VIIRS,l,2.0NRT,317.19,5.2,D
-15.2208,24.30403,344.38,0.4,0.37,2026-10-04,1151,N21,VIIRS,n,2.0NRT,311.39,8.04,D
-15.21993,24.67682,345.37,0.39,0.36,2026-10-04,1151,N21,VIIRS,l,2.0NRT,320.09,6.5,D
-15.21948,23.05586,338.4,0.44,0.38,2026-10-04,1151,N21,VIIRS,l,2.0NRT,312.88,6.57,D
-15.21797,24.29979,338.6,0.4,0.37,2026-10-04,1151,N21,VIIRS,l,2.0NRT,312.88,9.6,D
-15.21562,26.54651,343.03,0.39,0.36,2026-10-04,1151,N21,VIIRS,n,2.0NRT,312.49,7.88,D
-15.21016,29.15012,341.19,0.47,0.4,2026-10-04,1151,N21,VIIRS,l,2.0NRT,314.16,6.65,D
-15.20944,29.15438,338.81,0.47,0.4,2026-10-04,1151,N21,VIIRS,l,2.0NRT,310.41,5.48,D
-15.2087,29.15876,340.63,0.47,0.4,2026-10-04,1151,N21,VIIRS,l,2.0NRT,312.1,5.48,D
-15.20721,27.95318,346.74,0.42,0.38,2026-10-04,1151,N21,VIIRS,n,2.0NRT,315.95,8.03,D
-15.20177,29.91092,337.72,0.51,0.41,2026-10-04,1151,N21,VIIRS,n,2.0NRT,299.01,6.91,D
-15.20056,24.30091,339.54,0.4,0.37,2026-10-04,1151,N21,VIIRS,l,2.0NRT,312.2,2.43,D
-15.20032,25.53846,342.41,0.38,0.36,2026-10-04,1151,N21,VIIRS,l,2.0NRT,316.34,5.97,D
-15.19854,25.02925,343.61,0.39,0.36,2026-10-04,1151,N21,VIIRS,l,2.0NRT,316.84,11.61,D
-15.19801,25.03285,367,0.39,0.36,2026-10-04,1151,N21,VIIRS,l,2.0NRT,329.25,74.49,D
-15.19488,26.2201,347.74,0.39,0.36,2026-10-04,1151,N21,VIIRS,l,2.0NRT,317.91,11.45,D
-15.19446,29.37781,339.8,0.48,0.4,2026-10-04,1151,N21,VIIRS,n,2.0NRT,310.17,3.57,D
-15.19251,24.93239,367,0.39,0.36,2026-10-04,1151,N21,VIIRS,h,2.0NRT,323.29,28.87,D
-15.1899,26.31808,348.2,0.39,0.36,2026-10-04,1151,N21,VIIRS,n,2.0NRT,317.78,6.7,D
-15.18714,26.31397,345.4,0.39,0.36,2026-10-04,1151,N21,VIIRS,l,2.0NRT,319.23,7.04,D
-15.18599,26.69308,335.41,0.39,0.36,2026-10-04,1151,N21,VIIRS,l,2.0NRT,309.8,0.43,D
-15.18289,25.51749,348.53,0.38,0.36,2026-10-04,1151,N21,VIIRS,n,2.0NRT,314.29,8.54,D
-15.18012,25.5134,347.79,0.38,0.36,2026-10-04,1151,N21,VIIRS,n,2.0NRT,313.14,8.54,D
-15.16948,29.41433,336.88,0.48,0.4,2026-10-04,1151,N21,VIIRS,n,2.0NRT,306.75,5.06,D
-15.16823,24.16623,349.87,0.4,0.37,2026-10-04,1151,N21,VIIRS,n,2.0NRT,305.71,6.16,D
-15.16711,24.16587,335.7,0.4,0.37,2026-10-04,1151,N21,VIIRS,n,2.0NRT,303.66,1,D
-15.1616,26.34581,348.51,0.39,0.36,2026-10-04,1151,N21,VIIRS,l,2.0NRT,318.57,9.74,D
-15.15663,26.37797,350.64,0.39,0.36,2026-10-04,1151,N21,VIIRS,n,2.0NRT,320.9,17.73,D
-15.15605,24.76693,341.21,0.39,0.36,2026-10-04,1151,N21,VIIRS,l,2.0NRT,314.57,4.78,D
-15.15003,23.19072,343.41,0.43,0.38,2026-10-04,1151,N21,VIIRS,l,2.0NRT,317.67,6.99,D
-15.1431,25.21882,342.79,0.39,0.36,2026-10-04,1151,N21,VIIRS,l,2.0NRT,315.68,7.37,D
-15.14086,24.96068,349.35,0.39,0.36,2026-10-04,1151,N21,VIIRS,l,2.0NRT,319.85,12.08,D
-15.14011,29.32123,352.89,0.48,0.4,2026-10-04,1151,N21,VIIRS,n,2.0NRT,311.44,10.08,D
-15.13933,29.32577,344.74,0.48,0.4,2026-10-04,1151,N21,VIIRS,n,2.0NRT,310.07,10.08,D
-15.13833,26.51836,340.17,0.39,0.36,2026-10-04,1151,N21,VIIRS,n,2.0NRT,313.37,9.54,D
-15.13538,26.55902,338.21,0.39,0.36,2026-10-04,1151,N21,VIIRS,l,2.0NRT,308.96,9.95,D
-15.13532,22.90927,346.87,0.45,0.39,2026-10-04,1151,N21,VIIRS,n,2.0NRT,317.34,9.31,D
-15.13475,22.91341,345.27,0.45,0.39,2026-10-04,1151,N21,VIIRS,n,2.0NRT,313.5,7.79,D
-15.13209,22.90944,342.82,0.45,0.39,2026-10-04,1151,N21,VIIRS,l,2.0NRT,311.71,6,D
-15.12946,28.80493,351.09,0.45,0.39,2026-10-04,1151,N21,VIIRS,n,2.0NRT,309.19,25.49,D
-15.12521,28.80849,349.07,0.45,0.39,2026-10-04,1151,N21,VIIRS,n,2.0NRT,312.21,10.28,D
-15.1245,28.81268,343.09,0.45,0.39,2026-10-04,1151,N21,VIIRS,n,2.0NRT,310.88,10.28,D
-15.11717,26.84871,344.48,0.39,0.36,2026-10-04,1151,N21,VIIRS,n,2.0NRT,313.69,8.75,D
-15.10654,23.24574,355,0.43,0.38,2026-10-04,1151,N21,VIIRS,n,2.0NRT,316.37,9.3,D
-15.10562,22.99375,351.89,0.44,0.39,2026-10-04,1151,N21,VIIRS,l,2.0NRT,315.74,8.11,D
-15.10503,22.99784,344.17,0.44,0.39,2026-10-04,1151,N21,VIIRS,l,2.0NRT,317.52,8.11,D
-15.1015,22.99733,349.54,0.44,0.39,2026-10-04,1151,N21,VIIRS,n,2.0NRT,316.99,8.11,D
-15.1015,25.40598,344.77,0.39,0.36,2026-10-04,1151,N21,VIIRS,l,2.0NRT,319.77,7.89,D
-15.09941,23.57134,350.79,0.42,0.38,2026-10-04,1151,N21,VIIRS,n,2.0NRT,318.78,10.33,D
-15.09622,23.00908,353.93,0.44,0.38,2026-10-04,1151,N21,VIIRS,l,2.0NRT,318.73,21.09,D
-15.09463,24.30709,345.58,0.4,0.37,2026-10-04,1151,N21,VIIRS,n,2.0NRT,314.68,4.49,D
-15.09433,24.35626,344.13,0.4,0.37,2026-10-04,1151,N21,VIIRS,l,2.0NRT,314.25,5.95,D
-15.09126,24.30657,339.59,0.4,0.37,2026-10-04,1151,N21,VIIRS,l,2.0NRT,313.83,3.04,D
-15.08823,28.08104,347.01,0.42,0.38,2026-10-04,1151,N21,VIIRS,n,2.0NRT,312.25,6.43,D
-15.08545,29.52939,337.54,0.49,0.4,2026-10-04,1151,N21,VIIRS,l,2.0NRT,307.85,4.75,D
-15.08477,28.08045,343.17,0.42,0.38,2026-10-04,1151,N21,VIIRS,n,2.0NRT,310.99,6.43,D
-15.08439,24.28276,343.26,0.4,0.37,2026-10-04,1151,N21,VIIRS,l,2.0NRT,316.18,5.67,D
-15.0827,29.53035,344.8,0.49,0.4,2026-10-04,1151,N21,VIIRS,n,2.0NRT,309.4,4.44,D
-15.07987,26.41301,347.69,0.39,0.36,2026-10-04,1151,N21,VIIRS,n,2.0NRT,315.6,7.05,D
-15.07956,27.61327,342.15,0.41,0.37,2026-10-04,1151,N21,VIIRS,n,2.0NRT,315.04,5.3,D
-15.07619,23.75747,346.24,0.41,0.37,2026-10-04,1151,N21,VIIRS,l,2.0NRT,315.16,9.67,D
-15.07302,25.11917,346.95,0.39,0.36,2026-10-04,1151,N21,VIIRS,n,2.0NRT,321.42,10.23,D
-15.06781,22.95471,352.6,0.44,0.39,2026-10-04,1151,N21,VIIRS,n,2.0NRT,315.02,15.33,D
-15.06427,22.95419,351.57,0.44,0.39,2026-10-04,1151,N21,VIIRS,n,2.0NRT,320.15,15.33,D
-15.06249,24.13861,345.3,0.4,0.37,2026-10-04,1151,N21,VIIRS,l,2.0NRT,319.4,8.48,D
-15.0527,28.76575,336.41,0.45,0.39,2026-10-04,1151,N21,VIIRS,l,2.0NRT,310.33,1.72,D
-15.0384,29.16444,339.63,0.47,0.4,2026-10-04,1151,N21,VIIRS,l,2.0NRT,311.11,4.94,D
-15.03765,25.35509,346.08,0.39,0.36,2026-10-04,1151,N21,VIIRS,l,2.0NRT,319.12,9.72,D
-15.03381,25.35812,348.08,0.39,0.36,2026-10-04,1151,N21,VIIRS,n,2.0NRT,320.38,8.88,D
-15.03327,25.36169,367,0.39,0.36,2026-10-04,1151,N21,VIIRS,h,2.0NRT,322.51,8.88,D
-15.02735,26.46697,344.62,0.39,0.36,2026-10-04,1151,N21,VIIRS,l,2.0NRT,315.92,7.36,D
-15.02247,28.94743,340.44,0.46,0.39,2026-10-04,1151,N21,VIIRS,n,2.0NRT,310.57,6.46,D
-15.01731,26.55377,341.2,0.39,0.36,2026-10-04,1151,N21,VIIRS,l,2.0NRT,314.1,5,D
-15.01612,24.74837,347.95,0.39,0.36,2026-10-04,1151,N21,VIIRS,n,2.0NRT,314.31,16.12,D
-15.01399,26.55322,348.15,0.39,0.36,2026-10-04,1151,N21,VIIRS,n,2.0NRT,313.45,5,D
-15.0117,23.14995,347.14,0.44,0.38,2026-10-04,1151,N21,VIIRS,n,2.0NRT,320.41,8.81,D
-15.00813,24.61692,352.88,0.39,0.36,2026-10-04,1151,N21,VIIRS,n,2.0NRT,322,10.01,D
-15.00565,24.86515,342.96,0.39,0.36,2026-10-04,1151,N21,VIIRS,l,2.0NRT,316.16,3.9,D
-15.00423,27.60029,349.94,0.41,0.37,2026-10-04,1151,N21,VIIRS,n,2.0NRT,318.44,7.45,D
-15.00354,23.04984,347.17,0.44,0.38,2026-10-04,1151,N21,VIIRS,l,2.0NRT,319.82,12.03,D
-14.99221,24.8409,339.01,0.39,0.36,2026-10-04,1151,N21,VIIRS,l,2.0NRT,313.5,5.78,D
-14.9858,24.88418,343.07,0.39,0.36,2026-10-04,1151,N21,VIIRS,l,2.0NRT,317.41,4.48,D
-14.97087,28.84561,339.67,0.46,0.39,2026-10-04,1151,N21,VIIRS,n,2.0NRT,311.36,7.05,D
-14.95109,24.86763,348.29,0.39,0.36,2026-10-04,1151,N21,VIIRS,n,2.0NRT,318.1,8.79,D
-14.94692,22.9666,345.81,0.44,0.39,2026-10-04,1151,N21,VIIRS,l,2.0NRT,319.57,23.41,D
-14.93248,28.89977,302.75,0.46,0.39,2026-10-04,1151,N21,VIIRS,l,2.0NRT,324.13,49.19,D
-14.93177,28.90401,348.02,0.46,0.39,2026-10-04,1151,N21,VIIRS,n,2.0NRT,316.58,49.19,D
-14.92889,28.89915,335.86,0.46,0.39,2026-10-04,1151,N21,VIIRS,l,2.0NRT,310.41,49.19,D
-14.92819,28.90339,355.47,0.46,0.39,2026-10-04,1151,N21,VIIRS,n,2.0NRT,313.55,49.19,D
-14.9209,27.6364,346.08,0.41,0.37,2026-10-04,1151,N21,VIIRS,l,2.0NRT,316.78,11.16,D
-14.89894,25.41994,349.35,0.38,0.36,2026-10-04,1151,N21,VIIRS,l,2.0NRT,321.35,12.47,D
-14.89302,28.7839,342.32,0.45,0.39,2026-10-04,1151,N21,VIIRS,l,2.0NRT,315.12,6.68,D
-14.89204,27.85952,340.77,0.42,0.37,2026-10-04,1151,N21,VIIRS,l,2.0NRT,314.47,17.87,D
-14.8858,27.85448,346.88,0.42,0.37,2026-10-04,1151,N21,VIIRS,l,2.0NRT,317.59,11.61,D
-14.88013,27.27524,347.86,0.4,0.37,2026-10-04,1151,N21,VIIRS,n,2.0NRT,318.7,10.58,D
-14.87954,27.27896,344.83,0.4,0.37,2026-10-04,1151,N21,VIIRS,l,2.0NRT,319.01,6.1,D
-14.87617,27.27839,349.14,0.4,0.37,2026-10-04,1151,N21,VIIRS,n,2.0NRT,318.19,7.27,D
-14.87148,24.55814,347.76,0.39,0.36,2026-10-04,1151,N21,VIIRS,n,2.0NRT,314.46,9.55,D
-14.86895,22.95617,341.63,0.44,0.38,2026-10-04,1151,N21,VIIRS,l,2.0NRT,315.73,6,D
-14.8586,27.43261,350.65,0.41,0.37,2026-10-04,1151,N21,VIIRS,n,2.0NRT,319.98,25.89,D
-14.85757,22.72681,345.96,0.45,0.39,2026-10-04,1151,N21,VIIRS,l,2.0NRT,317.76,6.4,D
-14.85752,26.77094,337.3,0.39,0.36,2026-10-04,1151,N21,VIIRS,l,2.0NRT,309.37,2.5,D
-14.85655,27.73108,342.94,0.41,0.37,2026-10-04,1151,N21,VIIRS,l,2.0NRT,317.27,7.3,D
-14.85458,22.72211,344.04,0.45,0.39,2026-10-04,1151,N21,VIIRS,l,2.0NRT,318.72,13.28,D
-14.85129,22.95358,345,0.44,0.38,2026-10-04,1151,N21,VIIRS,l,2.0NRT,318.22,8.9,D
-14.84383,27.98257,349.97,0.42,0.38,2026-10-04,1151,N21,VIIRS,n,2.0NRT,319.73,25.31,D
-14.83721,26.85688,338.98,0.39,0.36,2026-10-04,1151,N21,VIIRS,n,2.0NRT,310.33,3.33,D
-14.83439,23.9769,341.79,0.41,0.37,2026-10-04,1151,N21,VIIRS,l,2.0NRT,315.64,5.35,D
-14.83335,25.35833,344.86,0.38,0.36,2026-10-04,1151,N21,VIIRS,l,2.0NRT,318.39,15.19,D
-14.81877,27.10527,342.78,0.4,0.37,2026-10-04,1151,N21,VIIRS,n,2.0NRT,317.54,6.96,D
-14.81542,27.1047,367,0.4,0.37,2026-10-04,1151,N21,VIIRS,h,2.0NRT,328.37,41,D
-14.81438,24.04292,346.04,0.4,0.37,2026-10-04,1151,N21,VIIRS,n,2.0NRT,319.72,16.2,D
-14.8143,23.92376,350.25,0.41,0.37,2026-10-04,1151,N21,VIIRS,n,2.0NRT,319.44,9.22,D
-14.81192,24.66046,341.72,0.39,0.36,2026-10-04,1151,N21,VIIRS,n,2.0NRT,314.17,5.12,D
-14.81069,27.36297,367,0.4,0.37,2026-10-04,1151,N21,VIIRS,h,2.0NRT,333.24,52.24,D
-14.80731,27.3624,367,0.4,0.37,2026-10-04,1151,N21,VIIRS,l,2.0NRT,326.95,14.15,D
-14.79795,27.21546,347.64,0.4,0.37,2026-10-04,1151,N21,VIIRS,n,2.0NRT,315.06,6.02,D
-14.79119,28.348,338.17,0.44,0.38,2026-10-04,1151,N21,VIIRS,n,2.0NRT,306.56,3.71,D
-14.78856,24.38391,347.57,0.4,0.37,2026-10-04,1151,N21,VIIRS,n,2.0NRT,317.43,8.12,D
-14.78576,23.97718,344.01,0.41,0.37,2026-10-04,1151,N21,VIIRS,l,2.0NRT,316.12,9.95,D
-14.78574,27.0093,343.51,0.4,0.37,2026-10-04,1151,N21,VIIRS,n,2.0NRT,312.34,7.3,D
-14.78409,26.78104,337.88,0.39,0.36,2026-10-04,1151,N21,VIIRS,l,2.0NRT,312.59,6.14,D
-14.78172,27.58597,344.42,0.41,0.37,2026-10-04,1151,N21,VIIRS,n,2.0NRT,317.88,4.72,D
-14.78111,27.58976,340.78,0.41,0.37,2026-10-04,1151,N21,VIIRS,l,2.0NRT,313.93,4.72,D
-14.77921,22.69464,350.41,0.45,0.39,2026-10-04,1151,N21,VIIRS,n,2.0NRT,321.84,15.11,D
-14.7784,24.72572,354.84,0.39,0.36,2026-10-04,1151,N21,VIIRS,n,2.0NRT,318.92,25.3,D
-14.77787,24.72933,345.52,0.39,0.36,2026-10-04,1151,N21,VIIRS,l,2.0NRT,317.36,8.34,D
-14.77557,23.16121,351.88,0.43,0.38,2026-10-04,1151,N21,VIIRS,n,2.0NRT,311.96,16.79,D
-14.77486,23.14065,354.02,0.43,0.38,2026-10-04,1151,N21,VIIRS,n,2.0NRT,311.43,18.39,D
-14.75501,23.87266,338.22,0.41,0.37,2026-10-04,1151,N21,VIIRS,l,2.0NRT,311.02,7.02,D
-14.74957,29.09781,337.86,0.47,0.4,2026-10-04,1151,N21,VIIRS,n,2.0NRT,307.72,4.3,D
-14.74667,23.36747,352.15,0.42,0.38,2026-10-04,1151,N21,VIIRS,l,2.0NRT,322.86,32.78,D
-14.7437,23.87865,342.38,0.41,0.37,2026-10-04,1151,N21,VIIRS,l,2.0NRT,316.46,5.69,D
-14.74239,27.34738,348.74,0.4,0.37,2026-10-04,1151,N21,VIIRS,l,2.0NRT,318.82,12.01,D
-14.73139,22.90717,348.46,0.44,0.39,2026-10-04,1151,N21,VIIRS,l,2.0NRT,319.03,12.2,D
-14.72867,26.78997,344.45,0.39,0.36,2026-10-04,1151,N21,VIIRS,n,2.0NRT,312.72,6.81,D
-14.70214,25.3734,342.03,0.38,0.36,2026-10-04,1151,N21,VIIRS,n,2.0NRT,313.55,2.78,D
-14.70162,27.09291,342.65,0.4,0.37,2026-10-04,1151,N21,VIIRS,l,2.0NRT,313.69,5.57,D
-14.69814,27.11503,342.22,0.4,0.37,2026-10-04,1151,N21,VIIRS,l,2.0NRT,314.37,11.62,D
-14.69266,23.55447,348.14,0.42,0.38,2026-10-04,1151,N21,VIIRS,l,2.0NRT,314.16,17.7,D
-14.68016,28.55962,341.31,0.45,0.39,2026-10-04,1151,N21,VIIRS,l,2.0NRT,314.43,13.11,D
-14.67808,23.89961,340.75,0.41,0.37,2026-10-04,1151,N21,VIIRS,n,2.0NRT,314.17,5.67,D
-14.66041,23.77676,349.86,0.41,0.37,2026-10-04,1151,N21,VIIRS,n,2.0NRT,318.63,7.78,D
-14.64708,24.16242,350.87,0.4,0.37,2026-10-04,1151,N21,VIIRS,l,2.0NRT,322.73,11.65,D
-14.637,23.28719,350.36,0.43,0.38,2026-10-04,1151,N21,VIIRS,l,2.0NRT,315.92,12.35,D
-14.63352,23.28667,349,0.43,0.38,2026-10-04,1151,N21,VIIRS,l,2.0NRT,319.19,12.35,D
-14.62891,23.29404,348.98,0.43,0.38,2026-10-04,1151,N21,VIIRS,l,2.0NRT,316.68,7.29,D
-14.61399,24.24809,339.73,0.4,0.37,2026-10-04,1151,N21,VIIRS,l,2.0NRT,314.49,5.44,D
-14.60174,25.40766,342.8,0.38,0.36,2026-10-04,1151,N21,VIIRS,l,2.0NRT,316.57,9.61,D
-14.58702,25.19054,343.77,0.39,0.36,2026-10-04,1151,N21,VIIRS,l,2.0NRT,318.55,13.95,D
-14.58357,28.61479,338.91,0.45,0.39,2026-10-04,1151,N21,VIIRS,l,2.0NRT,313.17,5.17,D
-14.58254,24.26167,350.66,0.4,0.37,2026-10-04,1151,N21,VIIRS,n,2.0NRT,318.59,5.81,D
-14.57918,24.26114,341.97,0.4,0.37,2026-10-04,1151,N21,VIIRS,l,2.0NRT,316.68,5.81,D
-14.57005,24.22958,347.35,0.4,0.37,2026-10-04,1151,N21,VIIRS,n,2.0NRT,319.16,10.84,D
-14.56406,24.91271,355.5,0.39,0.36,2026-10-04,1151,N21,VIIRS,n,2.0NRT,315.67,12.19,D
-14.56311,27.06235,346.41,0.4,0.37,2026-10-04,1151,N21,VIIRS,n,2.0NRT,314.1,5.63,D
-14.56289,24.2549,348.7,0.4,0.37,2026-10-04,1151,N21,VIIRS,n,2.0NRT,317.14,10.34,D
-14.56275,29.40635,332.37,0.49,0.4,2026-10-04,1151,N21,VIIRS,n,2.0NRT,301.27,1.42,D
-14.55585,24.01882,341.62,0.4,0.37,2026-10-04,1151,N21,VIIRS,l,2.0NRT,315.31,6.37,D
-14.55078,24.91062,344.87,0.39,0.36,2026-10-04,1151,N21,VIIRS,l,2.0NRT,316.17,13.95,D
-14.55035,23.76382,350.8,0.41,0.37,2026-10-04,1151,N21,VIIRS,n,2.0NRT,325.4,24.2,D
-14.55024,24.91421,350.12,0.39,0.36,2026-10-04,1151,N21,VIIRS,n,2.0NRT,318.64,42.59,D
-14.54639,24.91727,342.3,0.39,0.36,2026-10-04,1151,N21,VIIRS,l,2.0NRT,317.06,6.12,D
-14.5436,24.91316,342.08,0.39,0.36,2026-10-04,1151,N21,VIIRS,l,2.0NRT,316.85,6.12,D
-14.54307,24.91674,341.66,0.39,0.36,2026-10-04,1151,N21,VIIRS,l,2.0NRT,314.9,6.12,D
-14.53791,24.49451,338.43,0.39,0.36,2026-10-04,1151,N21,VIIRS,l,2.0NRT,310.91,5.75,D
-14.53692,24.22071,351.23,0.4,0.37,2026-10-04,1151,N21,VIIRS,n,2.0NRT,318.46,8.36,D
-14.53567,23.91212,343.87,0.41,0.37,2026-10-04,1151,N21,VIIRS,l,2.0NRT,314.44,9.02,D
-14.53355,24.22019,349.99,0.4,0.37,2026-10-04,1151,N21,VIIRS,n,2.0NRT,318.98,8.96,D
-14.52644,29.78742,331.93,0.51,0.41,2026-10-04,1151,N21,VIIRS,n,2.0NRT,295.6,2.08,D
-14.52579,24.73706,338.21,0.39,0.36,2026-10-04,1151,N21,VIIRS,l,2.0NRT,311.62,4.07,D
-14.52309,25.366,346.99,0.38,0.36,2026-10-04,1151,N21,VIIRS,n,2.0NRT,316.6,14.18,D
-14.52008,24.95708,343.97,0.39,0.36,2026-10-04,1151,N21,VIIRS,l,2.0NRT,315.04,6.81,D
-14.51549,24.20233,346.59,0.4,0.37,2026-10-04,1151,N21,VIIRS,l,2.0NRT,319.43,12.75,D
-14.5031,28.81672,338.26,0.46,0.39,2026-10-04,1151,N21,VIIRS,n,2.0NRT,305.88,6.76,D
-14.49863,27.445,345.32,0.41,0.37,2026-10-04,1151,N21,VIIRS,n,2.0NRT,315.96,7.42,D
-14.49387,22.77386,348.24,0.45,0.39,2026-10-04,1151,N21,VIIRS,n,2.0NRT,312.44,4.31,D
-14.48415,25.55591,351.39,0.38,0.36,2026-10-04,1151,N21,VIIRS,n,2.0NRT,314.12,6.8,D
-14.48158,24.04535,367,0.4,0.37,2026-10-04,1151,N21,VIIRS,l,2.0NRT,326.98,49.3,D
-14.48084,25.55539,343.45,0.38,0.36,2026-10-04,1151,N21,VIIRS,l,2.0NRT,315.68,6.8,D
-14.47874,24.04112,349.57,0.4,0.37,2026-10-04,1151,N21,VIIRS,n,2.0NRT,318.59,11.48,D
-14.4782,24.04483,345.56,0.4,0.37,2026-10-04,1151,N21,VIIRS,l,2.0NRT,320.07,17.32,D
-14.46508,24.11115,367,0.4,0.37,2026-10-04,1151,N21,VIIRS,h,2.0NRT,345.55,116.35,D
-14.46454,24.11485,346.89,0.4,0.37,2026-10-04,1151,N21,VIIRS,n,2.0NRT,317.9,116.35,D
-14.46241,25.4762,339.57,0.38,0.36,2026-10-04,1151,N21,VIIRS,l,2.0NRT,314.17,4.09,D
-14.4617,24.11063,367,0.4,0.37,2026-10-04,1151,N21,VIIRS,h,2.0NRT,350.16,104.39,D
-14.46117,24.11433,346.74,0.4,0.37,2026-10-04,1151,N21,VIIRS,n,2.0NRT,319.82,104.39,D
-14.45969,24.47452,339.21,0.39,0.36,2026-10-04,1151,N21,VIIRS,n,2.0NRT,309.73,4.45,D
-14.45764,24.1857,346.48,0.4,0.37,2026-10-04,1151,N21,VIIRS,l,2.0NRT,320.74,13.48,D
-14.45634,24.47401,346.48,0.39,0.36,2026-10-04,1151,N21,VIIRS,n,2.0NRT,309.87,7.63,D
-14.45341,25.42393,339.01,0.38,0.36,2026-10-04,1151,N21,VIIRS,l,2.0NRT,313.47,6.6,D
-14.45063,24.44331,350.19,0.39,0.37,2026-10-04,1151,N21,VIIRS,n,2.0NRT,309.5,6.97,D
-14.44884,28.68666,342.79,0.45,0.39,2026-10-04,1151,N21,VIIRS,n,2.0NRT,311.05,12.82,D
-14.44872,24.29348,346.19,0.4,0.37,2026-10-04,1151,N21,VIIRS,n,2.0NRT,313.37,7.24,D
-14.44818,24.29715,348.27,0.4,0.37,2026-10-04,1151,N21,VIIRS,n,2.0NRT,315.04,7.6,D
-14.44797,28.94708,334.24,0.47,0.39,2026-10-04,1151,N21,VIIRS,n,2.0NRT,288.75,4.79,D
-14.44728,24.44279,345.35,0.39,0.37,2026-10-04,1151,N21,VIIRS,n,2.0NRT,308.08,5.26,D
-14.44721,25.53185,347.46,0.38,0.36,2026-10-04,1151,N21,VIIRS,l,2.0NRT,321.22,15.61,D
-14.44667,25.53539,349.24,0.38,0.36,2026-10-04,1151,N21,VIIRS,n,2.0NRT,312.35,15.61,D
-14.44445,23.09342,348.13,0.43,0.38,2026-10-04,1151,N21,VIIRS,n,2.0NRT,319.49,11.82,D
-14.44391,23.48219,348.16,0.42,0.38,2026-10-04,1151,N21,VIIRS,l,2.0NRT,318.87,7.54,D
-14.4439,25.53131,348.79,0.38,0.36,2026-10-04,1151,N21,VIIRS,n,2.0NRT,316.37,15.61,D
-14.44337,25.53486,347.13,0.38,0.36,2026-10-04,1151,N21,VIIRS,n,2.0NRT,312.11,15.61,D
-14.44254,24.28878,367,0.4,0.37,2026-10-04,1151,N21,VIIRS,h,2.0NRT,317.16,22.82,D
-14.43511,23.08388,367,0.43,0.38,2026-10-04,1151,N21,VIIRS,l,2.0NRT,325.17,6.21,D
-14.43161,23.08336,349.91,0.43,0.38,2026-10-04,1151,N21,VIIRS,n,2.0NRT,323.43,6.21,D
-14.43003,23.91543,349.11,0.41,0.37,2026-10-04,1151,N21,VIIRS,l,2.0NRT,320.43,16.63,D
-14.38733,26.94962,337.25,0.4,0.37,2026-10-04,1151,N21,VIIRS,l,2.0NRT,312.09,3.68,D
-14.38398,26.94906,341.65,0.4,0.37,2026-10-04,1151,N21,VIIRS,l,2.0NRT,314.81,5.04,D
-14.38164,25.60419,342.47,0.38,0.36,2026-10-04,1151,N21,VIIRS,l,2.0NRT,314.97,8.61,D
-14.3811,25.60774,350.34,0.38,0.36,2026-10-04,1151,N21,VIIRS,l,2.0NRT,323.06,60.6,D
-14.38018,27.4831,352.64,0.41,0.37,2026-10-04,1151,N21,VIIRS,l,2.0NRT,323.14,40.96,D
-14.37933,27.86084,300,0.42,0.38,2026-10-04,1151,N21,VIIRS,l,2.0NRT,305.85,33.83,D
-14.37821,29.53783,338.7,0.5,0.41,2026-10-04,1151,N21,VIIRS,l,2.0NRT,310.05,9.06,D
-14.37567,30.12038,337.25,0.54,0.42,2026-10-04,1151,N21,VIIRS,n,2.0NRT,304.47,32.71,D
-14.37557,25.59959,350.24,0.38,0.36,2026-10-04,1151,N21,VIIRS,l,2.0NRT,322.06,17.54,D
-14.37527,27.86413,332.24,0.42,0.38,2026-10-04,1151,N21,VIIRS,n,2.0NRT,298.92,3.72,D
-14.37506,23.98352,351.43,0.4,0.37,2026-10-04,1151,N21,VIIRS,n,2.0NRT,320.66,11.47,D
-14.37451,23.98725,343.15,0.4,0.37,2026-10-04,1151,N21,VIIRS,l,2.0NRT,317.49,11.47,D
-14.37226,25.59905,352.05,0.38,0.36,2026-10-04,1151,N21,VIIRS,n,2.0NRT,321.18,17.54,D
-14.37167,23.98302,349.29,0.4,0.37,2026-10-04,1151,N21,VIIRS,n,2.0NRT,318.12,8.79,D
-14.37113,23.98675,353.14,0.4,0.37,2026-10-04,1151,N21,VIIRS,n,2.0NRT,320.46,8.79,D
-14.3602,24.77697,337.4,0.39,0.36,2026-10-04,1151,N21,VIIRS,l,2.0NRT,312.04,6.5,D
-14.35527,24.78722,341.01,0.39,0.36,2026-10-04,1151,N21,VIIRS,n,2.0NRT,309.94,3.78,D
-14.35035,23.71844,346.89,0.41,0.37,2026-10-04,1151,N21,VIIRS,n,2.0NRT,314.86,4.3,D
-14.34665,26.92398,341.23,0.4,0.37,2026-10-04,1151,N21,VIIRS,n,2.0NRT,309.94,5.47,D
-14.34405,24.47523,332.8,0.39,0.36,2026-10-04,1151,N21,VIIRS,l,2.0NRT,306.05,5.5,D
-14.34297,24.48249,341.62,0.39,0.36,2026-10-04,1151,N21,VIIRS,n,2.0NRT,308.23,5.28,D
-14.3273,26.98083,338.63,0.4,0.37,2026-10-04,1151,N21,VIIRS,l,2.0NRT,313.35,4.11,D
-14.32447,23.65631,343.43,0.41,0.37,2026-10-04,1151,N21,VIIRS,l,2.0NRT,316.18,8.66,D
-14.3159,27.00913,344.76,0.4,0.37,2026-10-04,1151,N21,VIIRS,n,2.0NRT,312.74,5.93,D
-14.31345,23.17547,346.53,0.43,0.38,2026-10-04,1151,N21,VIIRS,l,2.0NRT,317.47,7.95,D
-14.31112,28.10735,348.22,0.43,0.38,2026-10-04,1151,N21,VIIRS,n,2.0NRT,315.05,13.43,D
-14.30855,24.71371,344.85,0.39,0.36,2026-10-04,1151,N21,VIIRS,n,2.0NRT,308.72,5.83,D
-14.30801,24.7173,352.53,0.39,0.36,2026-10-04,1151,N21,VIIRS,n,2.0NRT,313.37,5.83,D
-14.30469,24.71678,347.47,0.39,0.36,2026-10-04,1151,N21,VIIRS,n,2.0NRT,314.71,6.48,D
-14.30361,24.72397,346.82,0.39,0.36,2026-10-04,1151,N21,VIIRS,n,2.0NRT,314.9,9.89,D
-14.30326,24.45035,340.11,0.39,0.36,2026-10-04,1151,N21,VIIRS,l,2.0NRT,311.16,7.68,D
-14.30308,24.72757,338.5,0.39,0.36,2026-10-04,1151,N21,VIIRS,l,2.0NRT,312.08,9.86,D
-14.30273,24.45398,344.34,0.39,0.36,2026-10-04,1151,N21,VIIRS,n,2.0NRT,309.35,8.03,D
-14.30258,23.05221,348.28,0.43,0.38,2026-10-04,1151,N21,VIIRS,n,2.0NRT,316.79,12.27,D
-14.30254,24.73116,346.18,0.39,0.36,2026-10-04,1151,N21,VIIRS,n,2.0NRT,312.32,9.86,D
-14.30252,28.98188,333.81,0.47,0.4,2026-10-04,1151,N21,VIIRS,n,2.0NRT,294.55,7.57,D
-14.30202,23.05621,355.38,0.43,0.38,2026-10-04,1151,N21,VIIRS,n,2.0NRT,319.63,12.27,D
-14.30136,24.71625,339.3,0.39,0.36,2026-10-04,1151,N21,VIIRS,l,2.0NRT,314.1,6.48,D
-14.30018,24.81525,338.89,0.39,0.36,2026-10-04,1151,N21,VIIRS,l,2.0NRT,313.44,4.46,D
-14.29397,24.78857,345.98,0.39,0.36,2026-10-04,1151,N21,VIIRS,n,2.0NRT,313.28,4.92,D
-14.29118,24.78446,339.74,0.39,0.36,2026-10-04,1151,N21,VIIRS,l,2.0NRT,310.18,4.92,D
-14.29042,28.58723,336.32,0.45,0.39,2026-10-04,1151,N21,VIIRS,l,2.0NRT,308.65,4.36,D
-14.2899,28.19371,341.68,0.43,0.38,2026-10-04,1151,N21,VIIRS,n,2.0NRT,314.43,10.92,D
-14.28687,28.5866,335.1,0.45,0.39,2026-10-04,1151,N21,VIIRS,l,2.0NRT,307.05,5.18,D
-14.2827,29.52702,340.24,0.5,0.41,2026-10-04,1151,N21,VIIRS,n,2.0NRT,302.66,6.82,D
-14.27195,24.70798,344.67,0.39,0.36,2026-10-04,1151,N21,VIIRS,n,2.0NRT,310.5,6.23,D
-14.23887,28.11124,342.36,0.43,0.38,2026-10-04,1151,N21,VIIRS,l,2.0NRT,313.78,10.67,D
-14.21762,25.36327,342.09,0.38,0.36,2026-10-04,1151,N21,VIIRS,n,2.0NRT,310.53,4.49,D
-14.21669,24.91924,354.9,0.39,0.36,2026-10-04,1151,N21,VIIRS,n,2.0NRT,320.2,12.85,D
-14.21337,24.91872,346.72,0.39,0.36,2026-10-04,1151,N21,VIIRS,n,2.0NRT,316.49,12.78,D
-14.21262,25.35159,343.07,0.38,0.36,2026-10-04,1151,N21,VIIRS,l,2.0NRT,316.24,20.1,D
-14.21208,25.35513,342.27,0.38,0.36,2026-10-04,1151,N21,VIIRS,l,2.0NRT,312.75,13.07,D
-14.20995,23.47865,367,0.42,0.37,2026-10-04,1151,N21,VIIRS,h,2.0NRT,325.8,28.55,D
-14.2094,23.4825,347.7,0.42,0.37,2026-10-04,1151,N21,VIIRS,n,2.0NRT,321.35,28.55,D
-14.20883,24.74541,333.8,0.39,0.36,2026-10-04,1151,N21,VIIRS,l,2.0NRT,307.94,2.39,D
-14.20878,25.3546,367,0.38,0.36,2026-10-04,1151,N21,VIIRS,l,2.0NRT,330.11,71.26,D
-14.20494,25.35762,347.49,0.38,0.36,2026-10-04,1151,N21,VIIRS,l,2.0NRT,317.69,71.26,D
-14.20432,25.33938,353.8,0.38,0.36,2026-10-04,1151,N21,VIIRS,n,2.0NRT,320.61,20.23,D
-14.20155,25.33531,340.74,0.38,0.36,2026-10-04,1151,N21,VIIRS,l,2.0NRT,312.81,29.76,D
-14.20003,29.69437,338.75,0.51,0.41,2026-10-04,1151,N21,VIIRS,n,2.0NRT,293.87,11.46,D
-14.19824,25.33479,344.04,0.38,0.36,2026-10-04,1151,N21,VIIRS,l,2.0NRT,314.38,5.38,D
-14.19771,25.33833,341.87,0.38,0.36,2026-10-04,1151,N21,VIIRS,l,2.0NRT,313.69,4.14,D
-14.18349,27.61412,338.42,0.42,0.37,2026-10-04,1151,N21,VIIRS,l,2.0NRT,309.79,5.85,D
-14.17798,27.86231,346.27,0.42,0.38,2026-10-04,1151,N21,VIIRS,n,2.0NRT,311.67,9.38,D
-14.17452,27.86172,347.22,0.42,0.38,2026-10-04,1151,N21,VIIRS,n,2.0NRT,314.49,9.15,D
-14.17078,26.02725,342.44,0.39,0.36,2026-10-04,1151,N21,VIIRS,n,2.0NRT,311.76,2.98,D
-14.17023,26.0308,350.9,0.39,0.36,2026-10-04,1151,N21,VIIRS,n,2.0NRT,314.9,9.34,D
-14.16856,26.01961,342.41,0.39,0.36,2026-10-04,1151,N21,VIIRS,n,2.0NRT,313.36,5.92,D
-14.16802,26.02316,349.14,0.39,0.36,2026-10-04,1151,N21,VIIRS,n,2.0NRT,315.29,6.45,D
-14.16747,26.02671,342.38,0.39,0.36,2026-10-04,1151,N21,VIIRS,n,2.0NRT,313.69,6.45,D
-14.16692,26.03026,354.31,0.39,0.36,2026-10-04,1151,N21,VIIRS,n,2.0NRT,313.89,9.09,D
-14.16471,26.02262,355.51,0.39,0.36,2026-10-04,1151,N21,VIIRS,n,2.0NRT,315.72,6.45,D
-14.16416,26.02617,367,0.39,0.36,2026-10-04,1151,N21,VIIRS,h,2.0NRT,316.96,6.45,D
-14.15903,27.39556,334.11,0.41,0.37,2026-10-04,1151,N21,VIIRS,l,2.0NRT,306.33,1.51,D
-14.14929,26.96965,337.42,0.4,0.37,2026-10-04,1151,N21,VIIRS,l,2.0NRT,309.01,5.09,D
-14.14871,26.97333,346.67,0.4,0.37,2026-10-04,1151,N21,VIIRS,n,2.0NRT,310.67,10.14,D
-14.14553,24.71354,335.8,0.39,0.36,2026-10-04,1151,N21,VIIRS,l,2.0NRT,308.82,4.14,D
-14.145,24.71713,353.33,0.39,0.36,2026-10-04,1151,N21,VIIRS,n,2.0NRT,315.22,8.54,D
-14.14446,24.72071,347.39,0.39,0.36,2026-10-04,1151,N21,VIIRS,n,2.0NRT,309.73,8.54,D
-14.14285,24.54738,332.48,0.39,0.36,2026-10-04,1151,N21,VIIRS,l,2.0NRT,306.5,6.56,D
-14.14114,24.72019,367,0.39,0.36,2026-10-04,1151,N21,VIIRS,h,2.0NRT,313.96,9.29,D
-14.14114,24.92519,339.21,0.39,0.36,2026-10-04,1151,N21,VIIRS,l,2.0NRT,312.86,1.89,D
-14.13952,24.54686,355.19,0.39,0.36,2026-10-04,1151,N21,VIIRS,n,2.0NRT,310,7.45,D
-14.13899,24.55047,339.75,0.39,0.36,2026-10-04,1151,N21,VIIRS,n,2.0NRT,305.85,7.45,D
-14.13196,24.66735,347.1,0.39,0.36,2026-10-04,1151,N21,VIIRS,n,2.0NRT,306.72,6.37,D
-14.12863,24.66684,343.87,0.39,0.36,2026-10-04,1151,N21,VIIRS,n,2.0NRT,305.97,3.88,D
-14.12623,25.93989,342.01,0.39,0.36,2026-10-04,1151,N21,VIIRS,n,2.0NRT,311.46,6.12,D
-14.12419,29.79614,338.45,0.52,0.42,2026-10-04,1151,N21,VIIRS,n,2.0NRT,305.54,5.77,D
-14.12155,23.70343,346.22,0.41,0.37,2026-10-04,1151,N21,VIIRS,n,2.0NRT,318.58,21.12,D
-14.11929,27.0935,336.54,0.4,0.37,2026-10-04,1151,N21,VIIRS,l,2.0NRT,308.83,2.68,D
-14.10544,28.67629,339.32,0.46,0.39,2026-10-04,1151,N21,VIIRS,l,2.0NRT,310.65,7.85,D
-14.10006,25.35494,352.64,0.38,0.36,2026-10-04,1151,N21,VIIRS,n,2.0NRT,324.84,30.81,D
-14.09644,25.91325,342.62,0.39,0.36,2026-10-04,1151,N21,VIIRS,n,2.0NRT,311.61,3.89,D
-14.09589,25.91679,354.17,0.39,0.36,2026-10-04,1151,N21,VIIRS,n,2.0NRT,317.64,10.13,D
-14.09458,27.98979,340.44,0.43,0.38,2026-10-04,1151,N21,VIIRS,l,2.0NRT,315.25,10.81,D
-14.09313,25.91271,342.03,0.39,0.36,2026-10-04,1151,N21,VIIRS,l,2.0NRT,314.38,3.89,D
-14.09261,29.82066,335.68,0.52,0.42,2026-10-04,1151,N21,VIIRS,l,2.0NRT,306.51,1.87,D
-14.07993,24.51491,338.98,0.39,0.36,2026-10-04,1151,N21,VIIRS,n,2.0NRT,305.22,3.72,D
-14.07605,24.51801,341.95,0.39,0.36,2026-10-04,1151,N21,VIIRS,n,2.0NRT,308.34,9.89,D
-14.07272,24.51749,343.4,0.39,0.36,2026-10-04,1151,N21,VIIRS,n,2.0NRT,310.59,9.89,D
-14.07225,30.9691,341.24,0.41,0.45,2026-10-04,1151,N21,VIIRS,n,2.0NRT,305.2,5.19,D
-14.07161,30.9692,340.96,0.41,0.45,2026-10-04,1151,N21,VIIRS,n,2.0NRT,305.1,4.67,D
-14.0705,24.94264,340.1,0.39,0.36,2026-10-04,1151,N21,VIIRS,l,2.0NRT,315.07,2.94,D
-14.06938,24.51697,336.18,0.39,0.36,2026-10-04,1151,N21,VIIRS,l,2.0NRT,308.76,5.09,D
-14.06934,25.37904,343.85,0.38,0.36,2026-10-04,1151,N21,VIIRS,l,2.0NRT,315.27,4.84,D
-14.06627,28.38503,340.71,0.44,0.39,2026-10-04,1151,N21,VIIRS,l,2.0NRT,311.46,13.4,D
-14.05138,26.02962,348.83,0.39,0.36,2026-10-04,1151,N21,VIIRS,l,2.0NRT,322.1,11.1,D
-14.05083,26.03317,352.82,0.39,0.36,2026-10-04,1151,N21,VIIRS,n,2.0NRT,318.21,12.24,D
-14.05046,29.65798,338.76,0.51,0.41,2026-10-04,1151,N21,VIIRS,n,2.0NRT,306.29,7.5,D
-14.0494,28.57184,330.54,0.45,0.39,2026-10-04,1151,N21,VIIRS,n,2.0NRT,292.93,3.86,D
-14.04439,22.96629,339.1,0.43,0.38,2026-10-04,1151,N21,VIIRS,l,2.0NRT,310.75,1.58,D
-14.03737,25.69999,304.87,0.38,0.36,2026-10-04,1151,N21,VIIRS,l,2.0NRT,310.23,29.35,D
-14.03683,25.70353,367,0.38,0.36,2026-10-04,1151,N21,VIIRS,l,2.0NRT,336.7,87.85,D
-14.03446,30.2725,339.89,0.56,0.43,2026-10-04,1151,N21,VIIRS,n,2.0NRT,307.64,6.62,D
-14.03353,25.703,351.34,0.38,0.36,2026-10-04,1151,N21,VIIRS,n,2.0NRT,320.91,22.36,D
-14.03299,25.70654,348.29,0.38,0.36,2026-10-04,1151,N21,VIIRS,n,2.0NRT,313.54,22.36,D
-14.02929,31.82336,332.67,0.46,0.47,2026-10-04,1151,N21,VIIRS,n,2.0NRT,297.88,2.39,D
-14.02002,28.42328,337.08,0.45,0.39,2026-10-04,1151,N21,VIIRS,l,2.0NRT,307.83,8.18,D
-14.01935,28.4274,340.13,0.45,0.39,2026-10-04,1151,N21,VIIRS,n,2.0NRT,309.74,13.11,D
-14.01891,23.17291,350.41,0.43,0.38,2026-10-04,1151,N21,VIIRS,n,2.0NRT,312.02,5.16,D
-14.01885,30.26955,336.96,0.56,0.43,2026-10-04,1151,N21,VIIRS,n,2.0NRT,306.62,11.33,D
-14.01124,30.02897,337.89,0.54,0.42,2026-10-04,1151,N21,VIIRS,n,2.0NRT,303.35,6.46,D
-14.00993,29.8277,337.13,0.52,0.42,2026-10-04,1151,N21,VIIRS,n,2.0NRT,303,5.1,D
-14.00842,26.88948,338.49,0.4,0.37,2026-10-04,1151,N21,VIIRS,n,2.0NRT,306.74,6.87,D
-14.00627,25.00899,340.45,0.39,0.36,2026-10-04,1151,N21,VIIRS,l,2.0NRT,310.98,2.79,D
-14.00296,25.00846,344.53,0.39,0.36,2026-10-04,1151,N21,VIIRS,n,2.0NRT,312.86,5.22,D
-14.002,24.46956,345.61,0.39,0.36,2026-10-04,1151,N21,VIIRS,n,2.0NRT,314.68,7.9,D
-14.00146,24.47318,341.99,0.39,0.36,2026-10-04,1151,N21,VIIRS,l,2.0NRT,315.7,8.13,D
-13.99747,26.93663,337.63,0.4,0.37,2026-10-04,1151,N21,VIIRS,n,2.0NRT,310.3,4.08,D
-13.99681,29.72164,335.16,0.52,0.41,2026-10-04,1151,N21,VIIRS,n,2.0NRT,304.06,6.77,D
-13.99573,24.44275,345.79,0.39,0.36,2026-10-04,1151,N21,VIIRS,n,2.0NRT,308.99,3.24,D
-13.98857,28.19265,339.39,0.44,0.38,2026-10-04,1151,N21,VIIRS,n,2.0NRT,307.49,9.09,D
-13.98695,29.8931,346.55,0.53,0.42,2026-10-04,1151,N21,VIIRS,n,2.0NRT,303.35,11.85,D
-13.98611,28.16342,341.25,0.44,0.38,2026-10-04,1151,N21,VIIRS,l,2.0NRT,312.12,12.26,D
-13.98139,30.23053,341.43,0.55,0.43,2026-10-04,1151,N21,VIIRS,n,2.0NRT,305.75,6.99,D
-13.98066,30.23319,342.81,0.55,0.43,2026-10-04,1151,N21,VIIRS,n,2.0NRT,304.97,6.54,D
-13.98018,30.30741,341.76,0.56,0.43,2026-10-04,1151,N21,VIIRS,n,2.0NRT,306.6,5.01,D
-13.97951,30.30971,338.26,0.56,0.43,2026-10-04,1151,N21,VIIRS,n,2.0NRT,307.06,5.73,D
-13.97853,29.6224,337.99,0.51,0.41,2026-10-04,1151,N21,VIIRS,l,2.0NRT,308.16,4.55,D
-13.97657,30.23504,335.49,0.55,0.43,2026-10-04,1151,N21,VIIRS,l,2.0NRT,306.52,6.99,D
-13.97626,30.30666,336.2,0.56,0.43,2026-10-04,1151,N21,VIIRS,l,2.0NRT,306.72,5.01,D
-13.97548,29.62008,339.36,0.51,0.41,2026-10-04,1151,N21,VIIRS,n,2.0NRT,307.9,6.35,D
-13.97488,30.40505,334.88,0.57,0.43,2026-10-04,1151,N21,VIIRS,n,2.0NRT,303.64,18.57,D
-13.97478,29.62166,335.27,0.51,0.41,2026-10-04,1151,N21,VIIRS,l,2.0NRT,306.18,4.55,D
-13.97396,30.41027,340.39,0.57,0.43,2026-10-04,1151,N21,VIIRS,n,2.0NRT,307.63,18.72,D
-13.96364,30.30959,338.57,0.56,0.43,2026-10-04,1151,N21,VIIRS,n,2.0NRT,307.8,6.15,D
-13.96294,30.31191,338.74,0.56,0.43,2026-10-04,1151,N21,VIIRS,n,2.0NRT,307.96,4.62,D
-13.96201,23.59791,342.68,0.41,0.37,2026-10-04,1151,N21,VIIRS,l,2.0NRT,315.54,7.05,D
-13.92206,30.58761,344.51,0.39,0.44,2026-10-04,1151,N21,VIIRS,n,2.0NRT,304.97,8,D
-13.92035,30.5869,344.87,0.39,0.44,2026-10-04,1151,N21,VIIRS,n,2.0NRT,306.56,7.01,D
-13.91908,24.91151,349.21,0.39,0.36,2026-10-04,1151,N21,VIIRS,n,2.0NRT,310.9,9.44,D
-13.9189,25.5861,345.37,0.38,0.36,2026-10-04,1151,N21,VIIRS,n,2.0NRT,302.01,4.97,D
-13.91836,25.58963,331.7,0.38,0.36,2026-10-04,1151,N21,VIIRS,l,2.0NRT,302.91,2.04,D
-13.91782,23.56404,337.18,0.41,0.37,2026-10-04,1151,N21,VIIRS,l,2.0NRT,310.76,2.93,D
-13.91779,27.75884,338.96,0.42,0.38,2026-10-04,1151,N21,VIIRS,l,2.0NRT,313.67,7.77,D
-13.91614,25.58204,334.09,0.38,0.36,2026-10-04,1151,N21,VIIRS,n,2.0NRT,304.99,52.55,D
-13.9156,25.58557,348.77,0.38,0.36,2026-10-04,1151,N21,VIIRS,n,2.0NRT,304.55,52.55,D
-13.91283,25.5815,343.25,0.38,0.36,2026-10-04,1151,N21,VIIRS,n,2.0NRT,302.83,52.55,D
-13.91245,24.91047,349.99,0.39,0.36,2026-10-04,1151,N21,VIIRS,n,2.0NRT,314.07,7.7,D
-13.91229,25.58504,367,0.38,0.36,2026-10-04,1151,N21,VIIRS,h,2.0NRT,341.71,52.55,D
-13.91175,25.58857,342.15,0.38,0.36,2026-10-04,1151,N21,VIIRS,n,2.0NRT,309.59,7.51,D
-13.90899,25.58451,350.62,0.38,0.36,2026-10-04,1151,N21,VIIRS,n,2.0NRT,308.06,8.53,D
-13.90781,26.9671,337.27,0.4,0.37,2026-10-04,1151,N21,VIIRS,l,2.0NRT,310.96,4.7,D
-13.90768,23.58577,346.84,0.41,0.37,2026-10-04,1151,N21,VIIRS,n,2.0NRT,313.01,4.69,D
-13.9051,27.3994,344.44,0.41,0.37,2026-10-04,1151,N21,VIIRS,n,2.0NRT,313.19,5.09,D
-13.89362,29.07065,347.14,0.48,0.4,2026-10-04,1151,N21,VIIRS,n,2.0NRT,296.42,13.72,D
-13.89005,26.01685,341.13,0.39,0.36,2026-10-04,1151,N21,VIIRS,l,2.0NRT,315.57,3.46,D
-13.88997,29.07002,338.76,0.48,0.4,2026-10-04,1151,N21,VIIRS,n,2.0NRT,284.24,13.72,D
-13.88411,24.78194,339.5,0.39,0.36,2026-10-04,1151,N21,VIIRS,l,2.0NRT,312.31,3.5,D
-13.88087,24.7809,335.85,0.39,0.36,2026-10-04,1151,N21,VIIRS,l,2.0NRT,310.6,2.32,D
-13.88033,24.78447,349.09,0.39,0.36,2026-10-04,1151,N21,VIIRS,n,2.0NRT,313.34,6.77,D
-13.88019,31.47177,330.14,0.44,0.46,2026-10-04,1151,N21,VIIRS,l,2.0NRT,301.63,3.93,D
-13.8799,22.56563,338.98,0.45,0.39,2026-10-04,1151,N21,VIIRS,l,2.0NRT,310.41,4.19,D
-13.87813,22.55758,348.92,0.45,0.39,2026-10-04,1151,N21,VIIRS,l,2.0NRT,312.84,21.26,D
-13.87749,22.55684,346.13,0.45,0.39,2026-10-04,1151,N21,VIIRS,l,2.0NRT,311.58,21.28,D
-13.87679,26.98839,337.96,0.4,0.37,2026-10-04,1151,N21,VIIRS,l,2.0NRT,310.3,3.91,D
-13.87634,22.56511,339.6,0.45,0.39,2026-10-04,1151,N21,VIIRS,l,2.0NRT,313.1,4.19,D
-13.87397,22.5612,350.66,0.45,0.39,2026-10-04,1151,N21,VIIRS,l,2.0NRT,310.56,6.75,D
-13.87387,29.52838,335.71,0.51,0.41,2026-10-04,1151,N21,VIIRS,n,2.0NRT,302.97,6.85,D
-13.87059,29.57108,337.55,0.51,0.41,2026-10-04,1151,N21,VIIRS,n,2.0NRT,307.26,10.39,D
-13.83992,24.57672,346.63,0.39,0.36,2026-10-04,1151,N21,VIIRS,n,2.0NRT,315.63,41.43,D
-13.83659,24.57621,339.62,0.39,0.36,2026-10-04,1151,N21,VIIRS,l,2.0NRT,310.83,3.72,D
-13.83372,25.92045,341.64,0.39,0.36,2026-10-04,1151,N21,VIIRS,l,2.0NRT,313.37,6.41,D
-13.83236,28.41729,335.3,0.45,0.39,2026-10-04,1151,N21,VIIRS,n,2.0NRT,296.56,4.28,D
-13.83169,28.42139,340.42,0.45,0.39,2026-10-04,1151,N21,VIIRS,n,2.0NRT,298.07,8.9,D
-13.83101,28.42551,336.91,0.45,0.39,2026-10-04,1151,N21,VIIRS,n,2.0NRT,299.43,8.9,D
-13.83041,25.91991,353.37,0.39,0.36,2026-10-04,1151,N21,VIIRS,n,2.0NRT,319.71,14.5,D
-13.82971,27.99331,343.22,0.43,0.38,2026-10-04,1151,N21,VIIRS,n,2.0NRT,305.91,8.48,D
-13.82814,28.42077,337.5,0.45,0.39,2026-10-04,1151,N21,VIIRS,n,2.0NRT,297.33,6.79,D
-13.82711,25.91937,352.16,0.39,0.36,2026-10-04,1151,N21,VIIRS,n,2.0NRT,313.92,14.5,D
-13.82437,24.86329,339.7,0.39,0.36,2026-10-04,1151,N21,VIIRS,l,2.0NRT,314.18,5.17,D
-13.81753,25.67119,344.15,0.38,0.36,2026-10-04,1151,N21,VIIRS,n,2.0NRT,314.78,5.76,D
-13.80888,23.59057,343.41,0.41,0.37,2026-10-04,1151,N21,VIIRS,l,2.0NRT,315.8,13.01,D
-13.80224,25.52765,342.13,0.38,0.36,2026-10-04,1151,N21,VIIRS,n,2.0NRT,316.8,12.57,D
-13.80114,29.91385,336.62,0.53,0.42,2026-10-04,1151,N21,VIIRS,n,2.0NRT,301.54,4.44,D
-13.78426,28.42147,338.77,0.45,0.39,2026-10-04,1151,N21,VIIRS,n,2.0NRT,296.57,9.7,D
-13.78382,28.75845,333.89,0.47,0.39,2026-10-04,1151,N21,VIIRS,n,2.0NRT,272.73,5.21,D
-13.78133,22.37367,341.97,0.46,0.39,2026-10-04,1151,N21,VIIRS,l,2.0NRT,314.83,7.82,D
-13.78022,28.7578,332.41,0.47,0.39,2026-10-04,1151,N21,VIIRS,n,2.0NRT,273.6,8.58,D
-13.77624,23.64737,343.39,0.41,0.37,2026-10-04,1151,N21,VIIRS,l,2.0NRT,312.69,6.27,D
-13.76833,23.65387,343.54,0.41,0.37,2026-10-04,1151,N21,VIIRS,l,2.0NRT,312.56,4.9,D
-13.76817,22.36318,341.23,0.46,0.39,2026-10-04,1151,N21,VIIRS,l,2.0NRT,314.19,6.7,D
-13.75977,22.34476,344.34,0.46,0.39,2026-10-04,1151,N21,VIIRS,n,2.0NRT,314.18,40.62,D
-13.75822,23.31377,342.83,0.42,0.38,2026-10-04,1151,N21,VIIRS,n,2.0NRT,308.19,2.79,D
-13.75766,23.31763,341.8,0.42,0.38,2026-10-04,1151,N21,VIIRS,l,2.0NRT,307.63,5.87,D
-13.75618,22.34424,367,0.46,0.39,2026-10-04,1151,N21,VIIRS,l,2.0NRT,329.45,40.62,D
-13.75542,25.70103,344.01,0.38,0.36,2026-10-04,1151,N21,VIIRS,l,2.0NRT,317.55,9.89,D
-13.7551,26.55598,342.26,0.39,0.36,2026-10-04,1151,N21,VIIRS,l,2.0NRT,312.26,4.79,D
-13.75492,23.19045,346.64,0.42,0.38,2026-10-04,1151,N21,VIIRS,l,2.0NRT,314.57,6.66,D
-13.74176,26.5538,345.01,0.39,0.36,2026-10-04,1151,N21,VIIRS,n,2.0NRT,314.41,4.57,D
-13.74119,26.55741,340.8,0.39,0.36,2026-10-04,1151,N21,VIIRS,l,2.0NRT,314.07,4.57,D
-13.73984,24.63404,344.6,0.39,0.36,2026-10-04,1151,N21,VIIRS,n,2.0NRT,314.66,55.09,D
-13.73874,25.94139,353.21,0.39,0.36,2026-10-04,1151,N21,VIIRS,n,2.0NRT,318.49,12.93,D
-13.73798,22.52485,341.64,0.45,0.39,2026-10-04,1151,N21,VIIRS,n,2.0NRT,312.89,2.16,D
-13.73651,24.63352,367,0.39,0.36,2026-10-04,1151,N21,VIIRS,l,2.0NRT,334.58,55.09,D
-13.73598,24.63709,344.22,0.39,0.36,2026-10-04,1151,N21,VIIRS,l,2.0NRT,315.68,6.69,D
-13.73466,28.17085,340.04,0.44,0.38,2026-10-04,1151,N21,VIIRS,n,2.0NRT,306.47,17.27,D
-13.73423,25.39313,353.52,0.38,0.36,2026-10-04,1151,N21,VIIRS,n,2.0NRT,320.86,13.21,D
-13.73319,24.633,342.53,0.39,0.36,2026-10-04,1151,N21,VIIRS,l,2.0NRT,316.32,22.23,D
-13.7282,25.87788,341.85,0.39,0.36,2026-10-04,1151,N21,VIIRS,l,2.0NRT,316.81,9.99,D
-13.72337,25.59757,337.65,0.38,0.36,2026-10-04,1151,N21,VIIRS,l,2.0NRT,312.56,2.52,D
-13.72295,30.27822,332.56,0.56,0.43,2026-10-04,1151,N21,VIIRS,n,2.0NRT,299.33,4.58,D
-13.72279,25.80028,351.11,0.38,0.36,2026-10-04,1151,N21,VIIRS,n,2.0NRT,315.95,8.01,D
-13.72256,30.0478,336.79,0.54,0.42,2026-10-04,1151,N21,VIIRS,n,2.0NRT,304.09,5.9,D
-13.72207,30.28333,346.01,0.56,0.43,2026-10-04,1151,N21,VIIRS,n,2.0NRT,301.63,7.53,D
-13.72179,30.21461,335.78,0.56,0.43,2026-10-04,1151,N21,VIIRS,n,2.0NRT,305.47,5.49,D
-13.72057,21.98564,343.5,0.48,0.4,2026-10-04,1151,N21,VIIRS,n,2.0NRT,314.8,18.67,D
-13.71613,26.28441,336.59,0.39,0.36,2026-10-04,1151,N21,VIIRS,l,2.0NRT,310.09,2.19,D
-13.71524,23.44061,336.25,0.41,0.37,2026-10-04,1151,N21,VIIRS,l,2.0NRT,309.91,2.15,D
-13.71181,23.4401,348.11,0.41,0.37,2026-10-04,1151,N21,VIIRS,n,2.0NRT,312.29,10,D
-13.71134,24.0216,344.25,0.4,0.37,2026-10-04,1151,N21,VIIRS,n,2.0NRT,317.26,14.86,D
-13.71126,23.44391,353.6,0.41,0.37,2026-10-04,1151,N21,VIIRS,n,2.0NRT,317.99,11.27,D
-13.70838,23.4396,346.15,0.41,0.37,2026-10-04,1151,N21,VIIRS,n,2.0NRT,309.77,10,D
-13.70798,24.02108,345.64,0.4,0.37,2026-10-04,1151,N21,VIIRS,l,2.0NRT,316.2,11.69,D
-13.70783,23.44341,367,0.41,0.37,2026-10-04,1151,N21,VIIRS,h,2.0NRT,312.71,11.27,D
-13.70622,24.00953,339.77,0.4,0.37,2026-10-04,1151,N21,VIIRS,l,2.0NRT,312.06,7.59,D
-13.70178,24.01638,341.34,0.4,0.37,2026-10-04,1151,N21,VIIRS,l,2.0NRT,313.86,3.95,D
-13.70124,24.02005,348.37,0.4,0.37,2026-10-04,1151,N21,VIIRS,n,2.0NRT,314.07,3.95,D
-13.69869,25.86893,345.82,0.39,0.36,2026-10-04,1151,N21,VIIRS,n,2.0NRT,314.64,6.93,D
-13.69802,24.86844,338.8,0.39,0.36,2026-10-04,1151,N21,VIIRS,n,2.0NRT,306.75,7.97,D
-13.69753,28.44131,331.65,0.45,0.39,2026-10-04,1151,N21,VIIRS,n,2.0NRT,285.05,4.86,D
-13.69749,24.872,337.19,0.39,0.36,2026-10-04,1151,N21,VIIRS,n,2.0NRT,306.45,5.64,D
-13.69524,24.86436,347.34,0.39,0.36,2026-10-04,1151,N21,VIIRS,n,2.0NRT,309.97,7.97,D
-13.69364,24.87504,340.4,0.39,0.36,2026-10-04,1151,N21,VIIRS,l,2.0NRT,311.8,5.64,D
-13.69311,24.8786,347.22,0.39,0.36,2026-10-04,1151,N21,VIIRS,n,2.0NRT,312.22,10.62,D
-13.69257,24.88216,343.34,0.39,0.36,2026-10-04,1151,N21,VIIRS,n,2.0NRT,310.56,10.62,D
-13.69193,24.86385,348.71,0.39,0.36,2026-10-04,1151,N21,VIIRS,n,2.0NRT,312.35,8.2,D
-13.68873,24.8852,367,0.39,0.36,2026-10-04,1151,N21,VIIRS,h,2.0NRT,335.35,95.71,D
-13.68861,24.86333,349.68,0.39,0.36,2026-10-04,1151,N21,VIIRS,n,2.0NRT,314.07,8.2,D
-13.68846,25.516,341.24,0.38,0.36,2026-10-04,1151,N21,VIIRS,l,2.0NRT,316.07,6.12,D
-13.68703,23.08051,343.98,0.43,0.38,2026-10-04,1151,N21,VIIRS,l,2.0NRT,313.92,7.35,D
-13.68542,24.88467,367,0.39,0.36,2026-10-04,1151,N21,VIIRS,h,2.0NRT,340.98,95.71,D
-13.68488,24.88823,336.94,0.39,0.36,2026-10-04,1151,N21,VIIRS,n,2.0NRT,306.12,95.71,D
-13.68413,23.07607,338.99,0.43,0.38,2026-10-04,1151,N21,VIIRS,l,2.0NRT,313.51,14.11,D
-13.68237,28.40038,330.82,0.45,0.39,2026-10-04,1151,N21,VIIRS,n,2.0NRT,287.64,3.92,D
-13.6821,24.88415,367,0.39,0.36,2026-10-04,1151,N21,VIIRS,h,2.0NRT,344.21,121.42,D
-13.68141,28.36214,355.13,0.45,0.39,2026-10-04,1151,N21,VIIRS,n,2.0NRT,277.38,10.32,D
-13.68137,28.4728,346.22,0.45,0.39,2026-10-04,1151,N21,VIIRS,n,2.0NRT,284.01,19.4,D
-13.68073,28.36625,334.48,0.45,0.39,2026-10-04,1151,N21,VIIRS,n,2.0NRT,276.12,10.32,D
-13.68066,23.07556,352.55,0.43,0.38,2026-10-04,1151,N21,VIIRS,n,2.0NRT,318.13,14.11,D
-13.68009,23.07948,341.7,0.43,0.38,2026-10-04,1151,N21,VIIRS,l,2.0NRT,312.13,14.11,D
-13.67879,24.88363,367,0.39,0.36,2026-10-04,1151,N21,VIIRS,l,2.0NRT,327.97,121.42,D
-13.67846,23.1152,338.82,0.43,0.38,2026-10-04,1151,N21,VIIRS,l,2.0NRT,312.26,4.06,D
-13.67499,23.11469,342.92,0.43,0.38,2026-10-04,1151,N21,VIIRS,l,2.0NRT,312.58,4.06,D
-13.67492,23.09071,343.03,0.43,0.38,2026-10-04,1151,N21,VIIRS,l,2.0NRT,314.09,4.16,D
-13.67472,28.42459,347.25,0.45,0.39,2026-10-04,1151,N21,VIIRS,n,2.0NRT,283.61,21.56,D
-13.67435,23.09462,340.96,0.43,0.38,2026-10-04,1151,N21,VIIRS,l,2.0NRT,315.26,4.16,D
-13.67326,24.37346,335.89,0.39,0.36,2026-10-04,1151,N21,VIIRS,l,2.0NRT,307.66,1.62,D
-13.67322,23.10245,343,0.43,0.38,2026-10-04,1151,N21,VIIRS,l,2.0NRT,312.99,4.98,D
-13.6676,27.4799,339.51,0.42,0.37,2026-10-04,1151,N21,VIIRS,n,2.0NRT,306.94,7.41,D
-13.66547,22.37537,353.06,0.46,0.39,2026-10-04,1151,N21,VIIRS,n,2.0NRT,313.06,9.55,D
-13.66335,23.26785,346.97,0.42,0.38,2026-10-04,1151,N21,VIIRS,n,2.0NRT,315.06,6.43,D
-13.66253,24.53758,342.49,0.39,0.36,2026-10-04,1151,N21,VIIRS,n,2.0NRT,312.03,7.46,D
-13.65696,25.02907,338.82,0.39,0.36,2026-10-04,1151,N21,VIIRS,l,2.0NRT,310.7,1.89,D
-13.65367,23.93349,337.81,0.4,0.37,2026-10-04,1151,N21,VIIRS,l,2.0NRT,312.31,22.17,D
-13.6503,23.93297,342.91,0.4,0.37,2026-10-04,1151,N21,VIIRS,n,2.0NRT,311.99,22.17,D
-13.64301,23.93564,352.26,0.4,0.37,2026-10-04,1151,N21,VIIRS,n,2.0NRT,314.28,16.88,D
-13.63994,25.67829,338.03,0.38,0.36,2026-10-04,1151,N21,VIIRS,l,2.0NRT,309.32,3.08,D
-13.63797,25.66653,339.55,0.38,0.36,2026-10-04,1151,N21,VIIRS,n,2.0NRT,307.93,4.35,D
-13.63743,25.67006,339.1,0.38,0.36,2026-10-04,1151,N21,VIIRS,l,2.0NRT,313.44,4.35,D
-13.63694,26.65926,336.88,0.4,0.37,2026-10-04,1151,N21,VIIRS,l,2.0NRT,311.79,86.32,D
-13.63637,26.66289,367,0.4,0.37,2026-10-04,1151,N21,VIIRS,l,2.0NRT,326.05,127.58,D
-13.63302,26.66234,341.42,0.4,0.37,2026-10-04,1151,N21,VIIRS,l,2.0NRT,312.73,8.71,D
-13.63088,25.69073,334.6,0.38,0.36,2026-10-04,1151,N21,VIIRS,l,2.0NRT,309.35,2.24,D
-13.63025,26.65817,346.49,0.4,0.37,2026-10-04,1151,N21,VIIRS,n,2.0NRT,315.4,15.56,D
-13.62943,25.03199,342.2,0.39,0.36,2026-10-04,1151,N21,VIIRS,n,2.0NRT,316.22,5.36,D
-13.62053,25.93619,341.42,0.39,0.36,2026-10-04,1151,N21,VIIRS,l,2.0NRT,316.01,8.68,D
-13.61592,25.32306,337.59,0.38,0.36,2026-10-04,1151,N21,VIIRS,l,2.0NRT,311.1,5.16,D
-13.6137,22.43181,344.99,0.45,0.39,2026-10-04,1151,N21,VIIRS,n,2.0NRT,314.58,5.41,D
-13.61293,24.07009,347.44,0.4,0.37,2026-10-04,1151,N21,VIIRS,n,2.0NRT,314.54,4.99,D
-13.61013,22.4313,338.47,0.45,0.39,2026-10-04,1151,N21,VIIRS,n,2.0NRT,312.3,1.89,D
-13.60702,24.31855,341.13,0.39,0.36,2026-10-04,1151,N21,VIIRS,n,2.0NRT,312.57,3.8,D
-13.60633,23.99783,344.48,0.4,0.37,2026-10-04,1151,N21,VIIRS,n,2.0NRT,308.65,74.78,D
-13.60579,24.0015,350.8,0.4,0.37,2026-10-04,1151,N21,VIIRS,n,2.0NRT,318.32,32.77,D
-13.60544,25.1912,341.19,0.38,0.36,2026-10-04,1151,N21,VIIRS,n,2.0NRT,308.86,13.04,D
-13.60491,25.19474,343.33,0.38,0.36,2026-10-04,1151,N21,VIIRS,n,2.0NRT,304.56,13.04,D
-13.6035,23.99364,348.53,0.4,0.37,2026-10-04,1151,N21,VIIRS,n,2.0NRT,313.68,9.72,D
-13.60296,23.99731,355.29,0.4,0.37,2026-10-04,1151,N21,VIIRS,n,2.0NRT,315.12,9.72,D
-13.60252,28.46865,332.31,0.45,0.39,2026-10-04,1151,N21,VIIRS,n,2.0NRT,274.41,5.67,D
-13.60242,24.00099,351.62,0.4,0.37,2026-10-04,1151,N21,VIIRS,n,2.0NRT,313.76,20.05,D
-13.60114,25.19399,338.37,0.38,0.36,2026-10-04,1151,N21,VIIRS,n,2.0NRT,306.42,5.89,D
-13.60013,23.99312,345.25,0.4,0.37,2026-10-04,1151,N21,VIIRS,n,2.0NRT,312.79,9.72,D
-13.59882,23.56632,339.46,0.41,0.37,2026-10-04,1151,N21,VIIRS,l,2.0NRT,311.77,10.46,D
-13.59798,24.00782,343.58,0.4,0.37,2026-10-04,1151,N21,VIIRS,n,2.0NRT,313.27,41.87,D
-13.59779,25.33103,334.31,0.38,0.36,2026-10-04,1151,N21,VIIRS,l,2.0NRT,308.65,2.69,D
-13.59654,27.68106,342.43,0.42,0.38,2026-10-04,1151,N21,VIIRS,n,2.0NRT,308.68,3.94,D
-13.59607,23.58518,346.59,0.41,0.37,2026-10-04,1151,N21,VIIRS,n,2.0NRT,314.43,8.12,D
-13.59462,24.00731,344.33,0.4,0.37,2026-10-04,1151,N21,VIIRS,n,2.0NRT,311.33,3.69,D
-13.59321,23.58089,346.26,0.41,0.37,2026-10-04,1151,N21,VIIRS,l,2.0NRT,316.35,8.12,D
-13.5929,24.95724,333.72,0.39,0.36,2026-10-04,1151,N21,VIIRS,l,2.0NRT,308.21,2.02,D
-13.59266,23.58467,353.22,0.41,0.37,2026-10-04,1151,N21,VIIRS,n,2.0NRT,321.85,8.12,D
-13.59179,24.00312,337.71,0.4,0.37,2026-10-04,1151,N21,VIIRS,l,2.0NRT,311.72,5.79,D
-13.5898,23.58038,367,0.41,0.37,2026-10-04,1151,N21,VIIRS,l,2.0NRT,328.89,37.28,D
-13.5876,24.54023,342.9,0.39,0.36,2026-10-04,1151,N21,VIIRS,l,2.0NRT,314.08,5.12,D
-13.58749,23.57233,353.86,0.41,0.37,2026-10-04,1151,N21,VIIRS,n,2.0NRT,324.97,28.81,D
-13.58738,23.54917,336.99,0.41,0.37,2026-10-04,1151,N21,VIIRS,l,2.0NRT,309.74,29.95,D
-13.58712,27.5646,336.7,0.42,0.38,2026-10-04,1151,N21,VIIRS,l,2.0NRT,310.45,3.76,D
-13.58694,23.5761,351.61,0.41,0.37,2026-10-04,1151,N21,VIIRS,l,2.0NRT,320.76,28.81,D
-13.58639,23.57987,346.07,0.41,0.37,2026-10-04,1151,N21,VIIRS,l,2.0NRT,311.02,37.28,D
-13.5851,24.94149,339.48,0.39,0.36,2026-10-04,1151,N21,VIIRS,l,2.0NRT,310.19,6.23,D
-13.58458,24.09937,342.3,0.4,0.37,2026-10-04,1151,N21,VIIRS,n,2.0NRT,311.91,5.55,D
-13.58122,24.09884,338.09,0.4,0.37,2026-10-04,1151,N21,VIIRS,n,2.0NRT,309.61,4.04,D
-13.58084,23.96009,344.67,0.4,0.37,2026-10-04,1151,N21,VIIRS,n,2.0NRT,311.86,9.39,D
-13.58055,23.54815,343.86,0.41,0.37,2026-10-04,1151,N21,VIIRS,l,2.0NRT,316.93,28,D
-13.5805,22.76949,350.07,0.44,0.38,2026-10-04,1151,N21,VIIRS,n,2.0NRT,313.04,6.79,D
-13.57646,22.39295,338.41,0.45,0.39,2026-10-04,1151,N21,VIIRS,l,2.0NRT,311.36,4.12,D
-13.57545,22.39223,348.3,0.45,0.39,2026-10-04,1151,N21,VIIRS,n,2.0NRT,311.87,7.05,D
-13.57428,23.54334,346.14,0.41,0.37,2026-10-04,1151,N21,VIIRS,l,2.0NRT,314.72,11.99,D
-13.57288,22.39242,346.92,0.45,0.39,2026-10-04,1151,N21,VIIRS,l,2.0NRT,312.84,8.12,D
-13.57254,26.13601,339.05,0.39,0.36,2026-10-04,1151,N21,VIIRS,l,2.0NRT,313.12,3.5,D
-13.57128,26.27493,340,0.39,0.36,2026-10-04,1151,N21,VIIRS,n,2.0NRT,311.18,3.5,D
-13.57072,26.2785,334.72,0.39,0.36,2026-10-04,1151,N21,VIIRS,l,2.0NRT,309.05,3.5,D
-13.56796,26.27439,338.39,0.39,0.36,2026-10-04,1151,N21,VIIRS,n,2.0NRT,312.54,3.5,D
-13.56373,30.38062,331.31,0.57,0.43,2026-10-04,1151,N21,VIIRS,n,2.0NRT,300.16,2.62,D
-13.56211,25.33966,348.57,0.38,0.36,2026-10-04,1151,N21,VIIRS,n,2.0NRT,315.99,5.75,D
-13.56036,23.49483,367,0.41,0.37,2026-10-04,1151,N21,VIIRS,h,2.0NRT,348.05,222.61,D
-13.55991,23.7139,342.77,0.41,0.37,2026-10-04,1151,N21,VIIRS,l,2.0NRT,315.3,20.86,D
-13.55981,23.49862,367,0.41,0.37,2026-10-04,1151,N21,VIIRS,l,2.0NRT,333.81,121.65,D
-13.5587,25.96194,338.85,0.39,0.36,2026-10-04,1151,N21,VIIRS,l,2.0NRT,312.38,3.45,D
-13.55706,23.70965,347.14,0.41,0.37,2026-10-04,1151,N21,VIIRS,l,2.0NRT,314.36,8.53,D
-13.55681,30.42027,335.84,0.38,0.43,2026-10-04,1151,N21,VIIRS,n,2.0NRT,300.31,6.09,D
-13.55651,23.71338,347.22,0.41,0.37,2026-10-04,1151,N21,VIIRS,l,2.0NRT,316.94,14.5,D
-13.55635,24.49864,348.18,0.39,0.36,2026-10-04,1151,N21,VIIRS,n,2.0NRT,313.56,12.07,D
-13.55431,23.94047,340.17,0.4,0.37,2026-10-04,1151,N21,VIIRS,n,2.0NRT,309.22,3.68,D
-13.55425,24.94389,335.76,0.39,0.36,2026-10-04,1151,N21,VIIRS,l,2.0NRT,307.72,6.37,D
-13.55094,23.93995,335.06,0.4,0.37,2026-10-04,1151,N21,VIIRS,l,2.0NRT,307.58,10.85,D
-13.54972,23.71236,348.44,0.41,0.37,2026-10-04,1151,N21,VIIRS,n,2.0NRT,314.14,12.02,D
-13.54862,25.58704,344.15,0.38,0.36,2026-10-04,1151,N21,VIIRS,n,2.0NRT,310.3,5.29,D
-13.5485,23.6011,353.41,0.41,0.37,2026-10-04,1151,N21,VIIRS,n,2.0NRT,311.95,11.13,D
-13.54797,28.71051,332.67,0.47,0.39,2026-10-04,1151,N21,VIIRS,n,2.0NRT,294.39,6.36,D
-13.54726,28.71478,332.22,0.47,0.39,2026-10-04,1151,N21,VIIRS,n,2.0NRT,294.9,6.36,D
-13.5451,23.60058,347.94,0.41,0.37,2026-10-04,1151,N21,VIIRS,n,2.0NRT,315.5,16.28,D
-13.54313,27.24955,337.72,0.41,0.37,2026-10-04,1151,N21,VIIRS,n,2.0NRT,307.24,3.7,D
-13.54183,24.4817,342.44,0.39,0.36,2026-10-04,1151,N21,VIIRS,l,2.0NRT,317.17,7.02,D
-13.539,24.97777,336.05,0.39,0.36,2026-10-04,1151,N21,VIIRS,l,2.0NRT,308.32,2.55,D
-13.53838,23.52636,346.93,0.41,0.37,2026-10-04,1151,N21,VIIRS,l,2.0NRT,316.72,8.11,D
-13.53706,23.58398,349.56,0.41,0.37,2026-10-04,1151,N21,VIIRS,l,2.0NRT,318.94,76.3,D
-13.53474,23.57592,367,0.41,0.37,2026-10-04,1151,N21,VIIRS,l,2.0NRT,327.17,42.91,D
-13.53419,23.57969,367,0.41,0.37,2026-10-04,1151,N21,VIIRS,l,2.0NRT,328.73,45.57,D
-13.53367,23.96367,337.19,0.4,0.37,2026-10-04,1151,N21,VIIRS,l,2.0NRT,309.75,10.55,D
-13.53365,23.58347,351.92,0.41,0.37,2026-10-04,1151,N21,VIIRS,l,2.0NRT,330.63,45.57,D
-13.53311,23.58723,350.39,0.41,0.37,2026-10-04,1151,N21,VIIRS,n,2.0NRT,319.23,15.14,D
-13.53133,23.57541,347.06,0.41,0.37,2026-10-04,1151,N21,VIIRS,l,2.0NRT,314.09,42.91,D
-13.5303,23.96316,347.19,0.4,0.37,2026-10-04,1151,N21,VIIRS,n,2.0NRT,313.48,10.55,D
-13.53024,23.58295,353.87,0.41,0.37,2026-10-04,1151,N21,VIIRS,l,2.0NRT,324.04,45.57,D
-13.5297,23.58672,344.08,0.41,0.37,2026-10-04,1151,N21,VIIRS,l,2.0NRT,318.31,15.14,D
-13.52693,23.96265,337.14,0.4,0.37,2026-10-04,1151,N21,VIIRS,l,2.0NRT,310.31,4.9,D
-13.52389,24.1231,347.47,0.4,0.37,2026-10-04,1151,N21,VIIRS,n,2.0NRT,312.92,5.66,D
-13.52356,23.96213,343.91,0.4,0.37,2026-10-04,1151,N21,VIIRS,n,2.0NRT,309.89,4.9,D
-13.52073,23.95794,340.75,0.4,0.37,2026-10-04,1151,N21,VIIRS,n,2.0NRT,307.79,5.09,D
-13.51981,23.38827,349.99,0.42,0.37,2026-10-04,1151,N21,VIIRS,n,2.0NRT,317.89,15.56,D
-13.51643,25.48415,339.74,0.38,0.36,2026-10-04,1151,N21,VIIRS,l,2.0NRT,314.25,5.36,D
-13.51532,23.63833,340.96,0.41,0.37,2026-10-04,1151,N21,VIIRS,l,2.0NRT,310.6,5.86,D
-13.51328,26.70926,347.62,0.4,0.37,2026-10-04,1151,N21,VIIRS,n,2.0NRT,312.75,11.73,D
-13.5105,26.70509,342.76,0.4,0.37,2026-10-04,1151,N21,VIIRS,l,2.0NRT,316.54,24.31,D
-13.50993,26.70872,345.33,0.4,0.37,2026-10-04,1151,N21,VIIRS,n,2.0NRT,310.88,8.97,D
-13.50984,22.99084,348.16,0.43,0.38,2026-10-04,1151,N21,VIIRS,n,2.0NRT,315.87,8.09,D
-13.5078,23.95221,345.72,0.4,0.37,2026-10-04,1151,N21,VIIRS,n,2.0NRT,310.97,18.41,D
-13.50668,25.23689,347.49,0.38,0.36,2026-10-04,1151,N21,VIIRS,n,2.0NRT,308.67,7.79,D
-13.50535,24.58976,340.47,0.39,0.36,2026-10-04,1151,N21,VIIRS,l,2.0NRT,313.88,5.49,D
-13.50443,23.95169,367,0.4,0.37,2026-10-04,1151,N21,VIIRS,h,2.0NRT,314.3,18.41,D
-13.50394,30.69804,337.32,0.4,0.44,2026-10-04,1151,N21,VIIRS,n,2.0NRT,300.26,2.59,D
-13.50389,23.95537,336.37,0.4,0.37,2026-10-04,1151,N21,VIIRS,n,2.0NRT,309.05,3.5,D
-13.50338,25.23637,340.69,0.38,0.36,2026-10-04,1151,N21,VIIRS,n,2.0NRT,310.38,7.79,D
-13.50285,25.23989,351.59,0.38,0.36,2026-10-04,1151,N21,VIIRS,n,2.0NRT,309.87,11.62,D
-13.49794,25.24996,349.2,0.38,0.36,2026-10-04,1151,N21,VIIRS,n,2.0NRT,309.52,15.18,D
-13.49731,25.05042,345.97,0.38,0.36,2026-10-04,1151,N21,VIIRS,n,2.0NRT,315.56,6.73,D
-13.49715,23.95434,333.92,0.4,0.37,2026-10-04,1151,N21,VIIRS,l,2.0NRT,308.31,3.27,D
-13.49644,24.58105,341.07,0.39,0.36,2026-10-04,1151,N21,VIIRS,l,2.0NRT,313.93,8.14,D
-13.4953,26.06452,339.25,0.39,0.36,2026-10-04,1151,N21,VIIRS,l,2.0NRT,311.1,4.69,D
-13.48943,23.25838,341.58,0.42,0.38,2026-10-04,1151,N21,VIIRS,l,2.0NRT,313,18.26,D
-13.48759,23.94912,348.46,0.4,0.37,2026-10-04,1151,N21,VIIRS,n,2.0NRT,309.8,8.16,D
-13.48422,23.9486,347.2,0.4,0.37,2026-10-04,1151,N21,VIIRS,n,2.0NRT,312.35,8.16,D
-13.48345,24.91775,341.98,0.39,0.36,2026-10-04,1151,N21,VIIRS,n,2.0NRT,314.07,18.04,D
-13.47987,24.14246,337.18,0.4,0.37,2026-10-04,1151,N21,VIIRS,l,2.0NRT,310.95,3.9,D
-13.47748,23.94758,354.33,0.4,0.37,2026-10-04,1151,N21,VIIRS,n,2.0NRT,312.67,10.88,D
-13.47411,23.94707,343.81,0.4,0.37,2026-10-04,1151,N21,VIIRS,n,2.0NRT,309.93,5.03,D
-13.47263,23.42402,345.93,0.41,0.37,2026-10-04,1151,N21,VIIRS,n,2.0NRT,308.5,5.4,D
-13.47196,26.73948,337.94,0.4,0.37,2026-10-04,1151,N21,VIIRS,l,2.0NRT,312.31,13.73,D
-13.47127,23.94287,339.2,0.4,0.37,2026-10-04,1151,N21,VIIRS,n,2.0NRT,308.88,5.03,D
-13.46874,24.1482,340.78,0.4,0.37,2026-10-04,1151,N21,VIIRS,n,2.0NRT,305.75,3.36,D
-13.46863,23.52408,367,0.41,0.37,2026-10-04,1151,N21,VIIRS,h,2.0NRT,319.37,14.84,D
-13.46808,23.52786,345.18,0.41,0.37,2026-10-04,1151,N21,VIIRS,n,2.0NRT,315.85,14.84,D
-13.46781,23.28659,344.77,0.42,0.38,2026-10-04,1151,N21,VIIRS,n,2.0NRT,312.16,16,D
-13.46631,23.51602,342.14,0.41,0.37,2026-10-04,1151,N21,VIIRS,n,2.0NRT,315.83,9.97,D
-13.46576,23.5198,351.69,0.41,0.37,2026-10-04,1151,N21,VIIRS,n,2.0NRT,319.65,9.97,D
-13.46539,24.14768,352.57,0.4,0.37,2026-10-04,1151,N21,VIIRS,n,2.0NRT,310.01,10.94,D
-13.46522,23.52357,355.27,0.41,0.37,2026-10-04,1151,N21,VIIRS,n,2.0NRT,321.9,14.84,D
-13.4637,24.9364,334.08,0.39,0.36,2026-10-04,1151,N21,VIIRS,l,2.0NRT,305.67,1.52,D
-13.46311,29.35746,336.35,0.5,0.41,2026-10-04,1151,N21,VIIRS,n,2.0NRT,305.45,4.89,D
-13.4629,23.5155,367,0.41,0.37,2026-10-04,1151,N21,VIIRS,h,2.0NRT,324.17,13.27,D
-13.46235,23.51928,344.49,0.41,0.37,2026-10-04,1151,N21,VIIRS,n,2.0NRT,315.9,13.27,D
-13.45967,28.36353,346.54,0.45,0.39,2026-10-04,1151,N21,VIIRS,n,2.0NRT,293.69,9.77,D
-13.45577,23.37085,337.78,0.42,0.37,2026-10-04,1151,N21,VIIRS,n,2.0NRT,310.35,3.81,D
-13.45515,23.27684,339.8,0.42,0.38,2026-10-04,1151,N21,VIIRS,l,2.0NRT,312.68,5.52,D
-13.45042,23.93245,343.1,0.4,0.37,2026-10-04,1151,N21,VIIRS,n,2.0NRT,311,6.39,D
-13.44651,23.93561,338.48,0.4,0.37,2026-10-04,1151,N21,VIIRS,l,2.0NRT,312.22,6.39,D
-13.4339,26.15306,341.48,0.39,0.36,2026-10-04,1151,N21,VIIRS,n,2.0NRT,314.22,3.79,D
-13.43278,23.88838,346.97,0.4,0.37,2026-10-04,1151,N21,VIIRS,n,2.0NRT,311.38,9.57,D
-13.43271,26.61749,343.28,0.4,0.37,2026-10-04,1151,N21,VIIRS,n,2.0NRT,308.78,9.13,D
-13.43044,30.2923,336.26,0.57,0.43,2026-10-04,1151,N21,VIIRS,n,2.0NRT,302,5.53,D
-13.42937,26.61693,344.53,0.4,0.37,2026-10-04,1151,N21,VIIRS,n,2.0NRT,309.22,4.02,D
-13.42604,23.88735,336.42,0.4,0.37,2026-10-04,1151,N21,VIIRS,l,2.0NRT,308.25,7.13,D
-13.42344,29.13918,339.02,0.49,0.4,2026-10-04,1151,N21,VIIRS,n,2.0NRT,307.49,11.44,D
-13.42341,28.29917,330.38,0.45,0.39,2026-10-04,1151,N21,VIIRS,n,2.0NRT,282.69,11.83,D
-13.42268,29.14366,349.44,0.49,0.4,2026-10-04,1151,N21,VIIRS,n,2.0NRT,308.23,11.44,D
-13.42159,23.8942,343,0.4,0.37,2026-10-04,1151,N21,VIIRS,n,2.0NRT,311.51,4.99,D
-13.41862,30.97409,338.88,0.42,0.45,2026-10-04,1151,N21,VIIRS,n,2.0NRT,301.3,6.82,D
-13.4173,30.98168,352.3,0.42,0.45,2026-10-04,1151,N21,VIIRS,n,2.0NRT,302.83,14.05,D
-13.41699,25.06672,342.46,0.38,0.36,2026-10-04,1151,N21,VIIRS,n,2.0NRT,311.11,6.69,D
-13.41687,30.97382,342.81,0.42,0.45,2026-10-04,1151,N21,VIIRS,n,2.0NRT,302.4,8.78,D
-13.41551,30.98138,349.14,0.42,0.45,2026-10-04,1151,N21,VIIRS,n,2.0NRT,302.82,16.08,D
-13.41422,25.06267,334.76,0.38,0.36,2026-10-04,1151,N21,VIIRS,l,2.0NRT,309.44,2.76,D
-13.41382,30.97725,334.76,0.42,0.45,2026-10-04,1151,N21,VIIRS,n,2.0NRT,301.03,5.32,D
-13.41334,28.88786,334.94,0.48,0.4,2026-10-04,1151,N21,VIIRS,n,2.0NRT,304.07,4.96,D
-13.41316,30.98104,338.93,0.42,0.45,2026-10-04,1151,N21,VIIRS,n,2.0NRT,300.73,4.12,D
-13.41236,25.25394,333.63,0.38,0.36,2026-10-04,1151,N21,VIIRS,l,2.0NRT,308.21,60.95,D
-13.41119,28.92344,346.69,0.48,0.4,2026-10-04,1151,N21,VIIRS,n,2.0NRT,303.76,5.9,D
-13.40894,26.31392,344.63,0.39,0.36,2026-10-04,1151,N21,VIIRS,n,2.0NRT,312.66,6.23,D
-13.40826,28.91844,330.41,0.48,0.4,2026-10-04,1151,N21,VIIRS,l,2.0NRT,305.24,5.9,D
-13.40662,23.22635,353.46,0.42,0.38,2026-10-04,1151,N21,VIIRS,n,2.0NRT,318.61,12.45,D
-13.40636,29.6264,332.14,0.52,0.42,2026-10-04,1151,N21,VIIRS,n,2.0NRT,300,7.41,D
-13.40561,26.31338,337.71,0.39,0.36,2026-10-04,1151,N21,VIIRS,l,2.0NRT,311.01,6.23,D
-13.40163,26.40481,341.45,0.39,0.36,2026-10-04,1151,N21,VIIRS,n,2.0NRT,308.18,3.42,D
-13.40136,25.76902,343.51,0.39,0.36,2026-10-04,1151,N21,VIIRS,n,2.0NRT,313.45,5.29,D
-13.39876,28.90782,337.3,0.48,0.4,2026-10-04,1151,N21,VIIRS,l,2.0NRT,307.82,6.87,D
-13.39852,26.00861,336.8,0.39,0.36,2026-10-04,1151,N21,VIIRS,l,2.0NRT,310.54,4.33,D
-13.39804,28.91217,340.08,0.48,0.4,2026-10-04,1151,N21,VIIRS,n,2.0NRT,307.01,6.87,D
-13.39149,25.78916,338.47,0.39,0.36,2026-10-04,1151,N21,VIIRS,l,2.0NRT,309.63,7.77,D
-13.39036,23.41153,367,0.41,0.37,2026-10-04,1151,N21,VIIRS,h,2.0NRT,338.27,204.4,D
-13.38992,27.2391,338.23,0.41,0.37,2026-10-04,1151,N21,VIIRS,n,2.0NRT,310.94,2.45,D
-13.38693,23.41103,367,0.41,0.37,2026-10-04,1151,N21,VIIRS,h,2.0NRT,337.67,204.4,D
-13.38638,23.41483,367,0.41,0.37,2026-10-04,1151,N21,VIIRS,h,2.0NRT,332.99,204.4,D
-13.38583,23.41862,367,0.41,0.37,2026-10-04,1151,N21,VIIRS,h,2.0NRT,335.92,195.21,D
-13.38362,26.01711,340.54,0.39,0.36,2026-10-04,1151,N21,VIIRS,n,2.0NRT,312.59,2.45,D
-13.38351,23.41052,367,0.41,0.37,2026-10-04,1151,N21,VIIRS,h,2.0NRT,348.95,226.74,D
-13.38241,23.41811,367,0.41,0.37,2026-10-04,1151,N21,VIIRS,h,2.0NRT,347.55,62.71,D
-13.38186,23.42191,353.33,0.41,0.37,2026-10-04,1151,N21,VIIRS,n,2.0NRT,321.03,62.71,D
-13.3803,26.08217,335.92,0.39,0.36,2026-10-04,1151,N21,VIIRS,l,2.0NRT,306.18,4.23,D
-13.38022,26.21382,336.61,0.39,0.36,2026-10-04,1151,N21,VIIRS,l,2.0NRT,310.9,6,D
-13.37954,23.41381,367,0.41,0.37,2026-10-04,1151,N21,VIIRS,h,2.0NRT,345.48,226.74,D
-13.37899,23.4176,367,0.41,0.37,2026-10-04,1151,N21,VIIRS,l,2.0NRT,326.93,62.71,D
-13.37844,23.4214,351.85,0.41,0.37,2026-10-04,1151,N21,VIIRS,n,2.0NRT,326.76,62.71,D
-13.37789,23.42519,345.15,0.41,0.37,2026-10-04,1151,N21,VIIRS,l,2.0NRT,313.17,9.16,D
-13.37557,31.22629,338.81,0.43,0.46,2026-10-04,1151,N21,VIIRS,n,2.0NRT,301.66,2.09,D
-13.37465,25.92071,342.52,0.39,0.36,2026-10-04,1151,N21,VIIRS,n,2.0NRT,313.78,4.79,D
-13.36611,26.39163,333.84,0.39,0.36,2026-10-04,1151,N21,VIIRS,l,2.0NRT,308.27,5.04,D
-13.3595,23.5997,344.4,0.41,0.37,2026-10-04,1151,N21,VIIRS,l,2.0NRT,314.87,11.36,D
-13.35699,24.21664,338.75,0.39,0.36,2026-10-04,1151,N21,VIIRS,l,2.0NRT,310.63,3.42,D
-13.3561,23.59918,351.5,0.41,0.37,2026-10-04,1151,N21,VIIRS,n,2.0NRT,318.02,11.02,D
-13.35258,23.47945,305.82,0.41,0.37,2026-10-04,1151,N21,VIIRS,l,2.0NRT,313.86,74.68,D
-13.35204,23.48323,367,0.41,0.37,2026-10-04,1151,N21,VIIRS,h,2.0NRT,335.28,106.68,D
-13.35017,27.48967,339.52,0.42,0.38,2026-10-04,1151,N21,VIIRS,l,2.0NRT,312.17,8.53,D
-13.34863,23.48272,367,0.41,0.37,2026-10-04,1151,N21,VIIRS,h,2.0NRT,332.7,106.68,D
-13.3462,23.28008,344.9,0.42,0.37,2026-10-04,1151,N21,VIIRS,l,2.0NRT,317.89,6.91,D
-13.34531,27.21228,335.64,0.41,0.37,2026-10-04,1151,N21,VIIRS,l,2.0NRT,310.05,4.03,D
-13.33713,23.17639,351.36,0.42,0.38,2026-10-04,1151,N21,VIIRS,n,2.0NRT,314.31,8.44,D
-13.33254,23.83129,348.14,0.4,0.37,2026-10-04,1151,N21,VIIRS,n,2.0NRT,314.17,17.91,D
-13.32991,25.54704,338.09,0.38,0.36,2026-10-04,1151,N21,VIIRS,l,2.0NRT,310.09,8.42,D
-13.32808,23.83816,335.39,0.4,0.37,2026-10-04,1151,N21,VIIRS,l,2.0NRT,309.08,3.24,D
-13.32525,23.83396,344.39,0.4,0.37,2026-10-04,1151,N21,VIIRS,n,2.0NRT,312.81,12.38,D
-13.31653,23.60853,352.86,0.41,0.37,2026-10-04,1151,N21,VIIRS,l,2.0NRT,317.79,14.47,D
-13.31555,25.5303,336.18,0.38,0.36,2026-10-04,1151,N21,VIIRS,l,2.0NRT,309.12,3.14,D
-13.31511,24.3615,342.72,0.39,0.36,2026-10-04,1151,N21,VIIRS,n,2.0NRT,311.85,5.2,D
-13.31457,24.36509,346.37,0.39,0.36,2026-10-04,1151,N21,VIIRS,n,2.0NRT,310.28,8.09,D
-13.31367,23.60428,367,0.41,0.37,2026-10-04,1151,N21,VIIRS,l,2.0NRT,336.49,55.5,D
-13.31314,23.60802,353.01,0.41,0.37,2026-10-04,1151,N21,VIIRS,l,2.0NRT,325.15,10.42,D
-13.31124,24.36458,336.76,0.39,0.36,2026-10-04,1151,N21,VIIRS,l,2.0NRT,311.49,7.91,D
-13.30974,23.60751,367,0.41,0.37,2026-10-04,1151,N21,VIIRS,l,2.0NRT,327.79,10.42,D
-13.30722,27.10214,337.51,0.41,0.37,2026-10-04,1151,N21,VIIRS,l,2.0NRT,311.14,5.63,D
-13.30586,26.47046,348.92,0.39,0.36,2026-10-04,1151,N21,VIIRS,n,2.0NRT,310.6,9.78,D
-13.30482,27.11705,333.18,0.41,0.37,2026-10-04,1151,N21,VIIRS,l,2.0NRT,305.57,2.61,D
-13.30384,25.74244,339.05,0.39,0.36,2026-10-04,1151,N21,VIIRS,n,2.0NRT,307.26,3.38,D
-13.30377,27.11721,339.85,0.41,0.37,2026-10-04,1151,N21,VIIRS,n,2.0NRT,307.55,4.45,D
-13.3023,24.35584,346.99,0.39,0.36,2026-10-04,1151,N21,VIIRS,n,2.0NRT,310.71,8.93,D
-13.30177,24.35943,347.19,0.39,0.36,2026-10-04,1151,N21,VIIRS,n,2.0NRT,311.8,8.93,D
-13.29432,29.23449,337.92,0.5,0.41,2026-10-04,1151,N21,VIIRS,n,2.0NRT,297.25,6.17,D
-13.2907,25.33856,338.15,0.38,0.36,2026-10-04,1151,N21,VIIRS,l,2.0NRT,311.86,4.62,D
-13.28968,26.25001,332.86,0.39,0.36,2026-10-04,1151,N21,VIIRS,l,2.0NRT,304.2,4.5,D
-13.28505,26.41127,335.99,0.39,0.36,2026-10-04,1151,N21,VIIRS,n,2.0NRT,310.1,2.34,D
-13.28481,25.08489,344.54,0.38,0.36,2026-10-04,1151,N21,VIIRS,n,2.0NRT,307,3.77,D
-13.28464,30.84975,338.93,0.41,0.45,2026-10-04,1151,N21,VIIRS,n,2.0NRT,300.02,8.02,D
-13.28428,25.08842,336.89,0.38,0.36,2026-10-04,1151,N21,VIIRS,l,2.0NRT,310.3,2.58,D
-13.28398,30.85352,340.11,0.41,0.45,2026-10-04,1151,N21,VIIRS,n,2.0NRT,300.76,8.18,D
-13.28074,27.17477,348.16,0.41,0.37,2026-10-04,1151,N21,VIIRS,n,2.0NRT,312.18,7.7,D
-13.27132,23.21781,348,0.42,0.38,2026-10-04,1151,N21,VIIRS,l,2.0NRT,316.24,12.08,D
-13.2649,23.50457,337.68,0.41,0.37,2026-10-04,1151,N21,VIIRS,l,2.0NRT,311.14,44.9,D
-13.26449,26.41156,353.16,0.39,0.36,2026-10-04,1151,N21,VIIRS,n,2.0NRT,311,15.22,D
-13.26373,26.50399,341.26,0.39,0.36,2026-10-04,1151,N21,VIIRS,l,2.0NRT,313.63,10.5,D
-13.26207,24.83156,339.71,0.39,0.36,2026-10-04,1151,N21,VIIRS,l,2.0NRT,311.14,5.28,D
-13.26204,23.50028,347.76,0.41,0.37,2026-10-04,1151,N21,VIIRS,l,2.0NRT,313.47,24.86,D
-13.26149,23.50405,353.57,0.41,0.37,2026-10-04,1151,N21,VIIRS,l,2.0NRT,317.11,24.86,D
-13.26103,28.13785,333.96,0.44,0.39,2026-10-04,1151,N21,VIIRS,n,2.0NRT,298.5,4.3,D
-13.26094,23.50783,339.67,0.41,0.37,2026-10-04,1151,N21,VIIRS,l,2.0NRT,313.91,21.19,D
-13.26039,26.50343,345.63,0.39,0.36,2026-10-04,1151,N21,VIIRS,n,2.0NRT,312.27,10.5,D
-13.25661,25.31512,337.8,0.38,0.36,2026-10-04,1151,N21,VIIRS,n,2.0NRT,307.4,3.67,D
-13.25658,27.21706,344.47,0.41,0.37,2026-10-04,1151,N21,VIIRS,n,2.0NRT,312.01,4.38,D
-13.25527,26.29574,334.77,0.39,0.36,2026-10-04,1151,N21,VIIRS,n,2.0NRT,305.26,8.72,D
-13.25318,27.2165,338.82,0.41,0.37,2026-10-04,1151,N21,VIIRS,l,2.0NRT,311.85,2,D
-13.25195,26.29518,367,0.39,0.36,2026-10-04,1151,N21,VIIRS,h,2.0NRT,311.73,8.72,D
-13.25139,26.29877,349.54,0.39,0.36,2026-10-04,1151,N21,VIIRS,n,2.0NRT,311.32,8.72,D
-13.25083,24.79353,338.58,0.39,0.36,2026-10-04,1151,N21,VIIRS,n,2.0NRT,310.91,3.88,D
-13.24806,26.29822,340.26,0.39,0.36,2026-10-04,1151,N21,VIIRS,n,2.0NRT,305.86,4.58,D
-13.24145,25.23693,338.87,0.38,0.36,2026-10-04,1151,N21,VIIRS,l,2.0NRT,311.57,3.37,D
-13.24029,26.52238,347.9,0.39,0.37,2026-10-04,1151,N21,VIIRS,n,2.0NRT,315.32,8.1,D
-13.23972,26.52599,335.54,0.39,0.37,2026-10-04,1151,N21,VIIRS,l,2.0NRT,306.88,8.1,D
-13.23695,26.52183,350.52,0.39,0.37,2026-10-04,1151,N21,VIIRS,n,2.0NRT,310.42,8.1,D
-13.23345,27.38422,341.38,0.42,0.37,2026-10-04,1151,N21,VIIRS,n,2.0NRT,305.92,7.77,D
-13.23342,29.10944,337.03,0.49,0.4,2026-10-04,1151,N21,VIIRS,n,2.0NRT,290.87,5.68,D
-13.23038,27.09723,342.5,0.41,0.37,2026-10-04,1151,N21,VIIRS,n,2.0NRT,314.17,7.85,D
-13.22848,23.9878,346.28,0.4,0.37,2026-10-04,1151,N21,VIIRS,n,2.0NRT,308.64,6.19,D
-13.22639,27.1004,343.07,0.41,0.37,2026-10-04,1151,N21,VIIRS,n,2.0NRT,311.59,21.23,D
-13.22615,24.43535,346.1,0.39,0.36,2026-10-04,1151,N21,VIIRS,n,2.0NRT,309.06,8.6,D
-13.2189,25.89483,341.91,0.39,0.36,2026-10-04,1151,N21,VIIRS,n,2.0NRT,308.84,4.44,D
-13.21575,24.55079,338.44,0.39,0.36,2026-10-04,1151,N21,VIIRS,l,2.0NRT,312.39,4.68,D
-13.20939,27.60096,342.72,0.42,0.38,2026-10-04,1151,N21,VIIRS,n,2.0NRT,309.53,7.74,D
-13.20666,29.56581,336.84,0.52,0.42,2026-10-04,1151,N21,VIIRS,n,2.0NRT,302.71,8.2,D
-13.20564,25.87089,335.51,0.39,0.36,2026-10-04,1151,N21,VIIRS,l,2.0NRT,308.43,4.03,D
-13.20509,25.87443,346.36,0.39,0.36,2026-10-04,1151,N21,VIIRS,n,2.0NRT,308.31,4.03,D
-13.20305,29.97117,332.2,0.55,0.43,2026-10-04,1151,N21,VIIRS,n,2.0NRT,297.28,4.92,D
-13.20292,24.02123,333.49,0.4,0.37,2026-10-04,1151,N21,VIIRS,n,2.0NRT,301.16,42.91,D
-13.2007,30.65968,341.12,0.4,0.44,2026-10-04,1151,N21,VIIRS,n,2.0NRT,300.53,5.97,D
-13.1994,23.20764,346.81,0.42,0.38,2026-10-04,1151,N21,VIIRS,n,2.0NRT,312.77,10.6,D
-13.19924,27.26945,338.41,0.41,0.37,2026-10-04,1151,N21,VIIRS,l,2.0NRT,311,7.87,D
-13.19748,26.16464,336.89,0.39,0.36,2026-10-04,1151,N21,VIIRS,l,2.0NRT,311.5,2.92,D
-13.19003,24.01553,367,0.4,0.37,2026-10-04,1151,N21,VIIRS,h,2.0NRT,333.43,202.06,D
-13.18949,24.01918,367,0.4,0.37,2026-10-04,1151,N21,VIIRS,l,2.0NRT,330.68,101.89,D
-13.18896,24.02283,337.41,0.4,0.37,2026-10-04,1151,N21,VIIRS,n,2.0NRT,307,101.89,D
-13.18614,24.01867,344.77,0.4,0.37,2026-10-04,1151,N21,VIIRS,n,2.0NRT,300.91,42.24,D
-13.18332,24.01451,353.65,0.4,0.37,2026-10-04,1151,N21,VIIRS,n,2.0NRT,305.65,42.21,D
-13.18318,23.99211,345.29,0.4,0.37,2026-10-04,1151,N21,VIIRS,n,2.0NRT,311.9,15.69,D
-13.18278,24.01816,341.66,0.4,0.37,2026-10-04,1151,N21,VIIRS,n,2.0NRT,313.36,42.24,D
-13.17996,24.014,367,0.4,0.37,2026-10-04,1151,N21,VIIRS,h,2.0NRT,337.33,215.94,D
-13.17942,24.01764,343.46,0.4,0.37,2026-10-04,1151,N21,VIIRS,n,2.0NRT,312.74,100.25,D
-13.17721,28.81794,333.52,0.48,0.4,2026-10-04,1151,N21,VIIRS,l,2.0NRT,304.88,6.92,D
-13.17677,29.79056,337.7,0.54,0.42,2026-10-04,1151,N21,VIIRS,n,2.0NRT,299.77,49.98,D
-13.17425,26.117,336.07,0.39,0.36,2026-10-04,1151,N21,VIIRS,l,2.0NRT,310.23,2.34,D
-13.17113,22.84922,345.81,0.43,0.38,2026-10-04,1151,N21,VIIRS,l,2.0NRT,311.67,9.26,D
-13.16853,23.97493,352.43,0.4,0.37,2026-10-04,1151,N21,VIIRS,n,2.0NRT,312.71,14.83,D
-13.16799,23.97859,338.06,0.4,0.37,2026-10-04,1151,N21,VIIRS,l,2.0NRT,312.16,8.46,D
-13.16463,23.97808,342.44,0.4,0.37,2026-10-04,1151,N21,VIIRS,l,2.0NRT,316.99,9.05,D
-13.15985,29.10264,330.87,0.49,0.4,2026-10-04,1151,N21,VIIRS,n,2.0NRT,298.52,3.56,D
-13.15417,26.26762,339.09,0.39,0.36,2026-10-04,1151,N21,VIIRS,n,2.0NRT,311.58,5.58,D
-13.1522,23.26719,335.96,0.42,0.37,2026-10-04,1151,N21,VIIRS,l,2.0NRT,310.15,3.95,D
-13.15166,23.271,337.85,0.42,0.37,2026-10-04,1151,N21,VIIRS,l,2.0NRT,310.61,3.95,D
-13.1505,23.95724,339.33,0.4,0.37,2026-10-04,1151,N21,VIIRS,n,2.0NRT,310.42,2.69,D
-13.14954,30.32763,340.29,0.38,0.44,2026-10-04,1151,N21,VIIRS,n,2.0NRT,290.03,7.8,D
-13.14932,23.26285,341.32,0.42,0.37,2026-10-04,1151,N21,VIIRS,l,2.0NRT,314.31,21.02,D
-13.14917,28.64563,334.92,0.47,0.4,2026-10-04,1151,N21,VIIRS,n,2.0NRT,304.21,4.56,D
-13.14661,23.96039,351.95,0.4,0.37,2026-10-04,1151,N21,VIIRS,n,2.0NRT,312.45,28.25,D
-13.14598,22.19236,338.58,0.46,0.39,2026-10-04,1151,N21,VIIRS,l,2.0NRT,311.25,18.54,D
-13.14588,23.26234,345.31,0.42,0.37,2026-10-04,1151,N21,VIIRS,n,2.0NRT,310.71,10.44,D
-13.14534,23.26616,343.97,0.42,0.37,2026-10-04,1151,N21,VIIRS,n,2.0NRT,310.09,7.65,D
-13.14169,26.41295,343.14,0.39,0.36,2026-10-04,1151,N21,VIIRS,n,2.0NRT,305.45,9.37,D
-13.13914,24.01147,334.39,0.4,0.37,2026-10-04,1151,N21,VIIRS,l,2.0NRT,306.58,2.75,D
-13.13674,23.63858,346.88,0.41,0.37,2026-10-04,1151,N21,VIIRS,n,2.0NRT,315.72,11.58,D
-13.1335,26.55256,354.79,0.4,0.37,2026-10-04,1151,N21,VIIRS,n,2.0NRT,307.95,10.4,D
-13.13243,24.01046,342.2,0.4,0.37,2026-10-04,1151,N21,VIIRS,l,2.0NRT,315.33,27.19,D
-13.1298,24.87546,343.18,0.39,0.36,2026-10-04,1151,N21,VIIRS,n,2.0NRT,312.23,8.41,D
-13.11865,22.94205,343.01,0.43,0.38,2026-10-04,1151,N21,VIIRS,n,2.0NRT,311.19,11.83,D
-13.11654,28.04366,342.59,0.44,0.38,2026-10-04,1151,N21,VIIRS,n,2.0NRT,304.63,8.12,D
-13.11588,28.0477,333.88,0.44,0.38,2026-10-04,1151,N21,VIIRS,l,2.0NRT,304.33,8.12,D
-13.11405,25.62811,337.96,0.38,0.36,2026-10-04,1151,N21,VIIRS,n,2.0NRT,312.86,4.43,D
-13.11393,26.56793,334.08,0.4,0.37,2026-10-04,1151,N21,VIIRS,n,2.0NRT,308.4,3.73,D
-13.11336,26.57157,339.78,0.4,0.37,2026-10-04,1151,N21,VIIRS,l,2.0NRT,310.36,3.73,D
-13.10668,27.27725,344.51,0.41,0.37,2026-10-04,1151,N21,VIIRS,n,2.0NRT,309.78,10.51,D
-13.10192,26.0579,336.87,0.39,0.36,2026-10-04,1151,N21,VIIRS,l,2.0NRT,310.67,5.73,D
-13.10192,26.21145,348.28,0.39,0.36,2026-10-04,1151,N21,VIIRS,n,2.0NRT,306.72,6.8,D
-13.1014,23.76206,337.75,0.4,0.37,2026-10-04,1151,N21,VIIRS,n,2.0NRT,309.52,24.69,D
-13.10137,26.21503,337.87,0.39,0.36,2026-10-04,1151,N21,VIIRS,n,2.0NRT,304.81,6.8,D
-13.09802,23.76156,351.51,0.4,0.37,2026-10-04,1151,N21,VIIRS,n,2.0NRT,323.94,24.69,D
-13.09748,23.76525,367,0.4,0.37,2026-10-04,1151,N21,VIIRS,h,2.0NRT,312.65,14.35,D
-13.09641,30.60906,332.53,0.4,0.44,2026-10-04,1151,N21,VIIRS,n,2.0NRT,293.22,3.61,D
-13.09464,23.76105,338.2,0.4,0.37,2026-10-04,1151,N21,VIIRS,n,2.0NRT,310.98,3.65,D
-13.09428,26.45325,336,0.39,0.36,2026-10-04,1151,N21,VIIRS,n,2.0NRT,308.05,3.64,D
-13.09288,26.52726,331.69,0.4,0.37,2026-10-04,1151,N21,VIIRS,l,2.0NRT,304.97,9.34,D
-13.09231,26.53089,346.83,0.4,0.37,2026-10-04,1151,N21,VIIRS,n,2.0NRT,309.78,9.34,D
-13.09091,27.57302,343.35,0.42,0.38,2026-10-04,1151,N21,VIIRS,n,2.0NRT,307.12,4.94,D
-13.0867,24.48278,333.19,0.39,0.36,2026-10-04,1151,N21,VIIRS,l,2.0NRT,305.38,2.85,D
-13.08505,23.7558,346.2,0.4,0.37,2026-10-04,1151,N21,VIIRS,n,2.0NRT,311.07,7.34,D
-13.08113,23.75898,338.89,0.4,0.37,2026-10-04,1151,N21,VIIRS,l,2.0NRT,309.43,3.84,D
-13.08027,26.26303,350.84,0.39,0.36,2026-10-04,1151,N21,VIIRS,n,2.0NRT,313.49,9.44,D
-13.07695,26.26248,346.89,0.39,0.36,2026-10-04,1151,N21,VIIRS,n,2.0NRT,310.78,4.62,D
-13.07469,23.62903,346.91,0.41,0.37,2026-10-04,1151,N21,VIIRS,n,2.0NRT,312.33,8.26,D
-13.07349,23.61367,350.34,0.41,0.37,2026-10-04,1151,N21,VIIRS,n,2.0NRT,316.99,15.83,D
-13.0713,23.62854,351.7,0.41,0.37,2026-10-04,1151,N21,VIIRS,n,2.0NRT,315.05,8.26,D
-13.07012,27.48248,340.7,0.42,0.38,2026-10-04,1151,N21,VIIRS,l,2.0NRT,315.49,21.57,D
-13.06706,24.6146,346.11,0.39,0.36,2026-10-04,1151,N21,VIIRS,n,2.0NRT,304.64,7.66,D
-13.06549,26.48956,342.47,0.39,0.37,2026-10-04,1151,N21,VIIRS,n,2.0NRT,311.03,7.88,D
-13.06353,23.20309,353.29,0.42,0.38,2026-10-04,1151,N21,VIIRS,n,2.0NRT,316.85,21.89,D
-13.0635,25.84382,338.72,0.39,0.36,2026-10-04,1151,N21,VIIRS,l,2.0NRT,313.54,5.42,D
-13.04134,23.13703,346.46,0.42,0.38,2026-10-04,1151,N21,VIIRS,n,2.0NRT,310.1,8.98,D
-13.03905,24.00001,336.63,0.4,0.37,2026-10-04,1151,N21,VIIRS,l,2.0NRT,310.17,7.35,D
-13.03904,23.13251,367,0.42,0.38,2026-10-04,1151,N21,VIIRS,h,2.0NRT,313,13.42,D
-13.03847,23.13636,343.49,0.42,0.38,2026-10-04,1151,N21,VIIRS,n,2.0NRT,309.43,13.42,D
-13.03844,23.13266,355.76,0.42,0.38,2026-10-04,1151,N21,VIIRS,n,2.0NRT,313.17,8.98,D
-13.03789,23.13652,343.77,0.42,0.38,2026-10-04,1151,N21,VIIRS,n,2.0NRT,310.37,8.98,D
-13.03128,24.35341,347.74,0.39,0.36,2026-10-04,1151,N21,VIIRS,n,2.0NRT,308.13,10.14,D
-13.02981,27.49145,337.95,0.42,0.38,2026-10-04,1151,N21,VIIRS,l,2.0NRT,312.04,7.73,D
-13.02807,23.47303,342.53,0.41,0.37,2026-10-04,1151,N21,VIIRS,l,2.0NRT,308.97,4.38,D
-13.02721,25.92514,344.95,0.39,0.36,2026-10-04,1151,N21,VIIRS,n,2.0NRT,307.99,3.53,D
-13.02709,31.20012,335.08,0.44,0.46,2026-10-04,1151,N21,VIIRS,n,2.0NRT,299.47,4.84,D
-13.0239,25.92461,336.38,0.39,0.36,2026-10-04,1151,N21,VIIRS,l,2.0NRT,306.51,3.53,D
-13.02315,25.17583,334.59,0.38,0.36,2026-10-04,1151,N21,VIIRS,n,2.0NRT,308.8,2.87,D
-13.01987,23.07052,344.09,0.42,0.38,2026-10-04,1151,N21,VIIRS,n,2.0NRT,309.57,4.39,D
-13.0126,25.26786,340.02,0.38,0.36,2026-10-04,1151,N21,VIIRS,l,2.0NRT,311.76,7.39,D
-13.01228,23.48601,345.89,0.41,0.37,2026-10-04,1151,N21,VIIRS,l,2.0NRT,312.49,10.34,D
-13.01174,23.48975,344.96,0.41,0.37,2026-10-04,1151,N21,VIIRS,l,2.0NRT,310.57,10.34,D
-13.01151,26.76835,347.75,0.4,0.37,2026-10-04,1151,N21,VIIRS,n,2.0NRT,308.27,8.94,D
-13.01136,23.70672,338.31,0.4,0.37,2026-10-04,1151,N21,VIIRS,n,2.0NRT,308.41,3.91,D
-13.01045,24.21777,351.49,0.39,0.36,2026-10-04,1151,N21,VIIRS,n,2.0NRT,316.06,27.21,D
-13.00905,22.59397,348.44,0.44,0.38,2026-10-04,1151,N21,VIIRS,n,2.0NRT,315.71,8.34,D
-13.00887,23.48551,352.49,0.41,0.37,2026-10-04,1151,N21,VIIRS,n,2.0NRT,312.18,10.34,D
-13.00717,23.75891,367,0.4,0.37,2026-10-04,1151,N21,VIIRS,l,2.0NRT,325.79,29.66,D
-13.00379,23.75841,347.04,0.4,0.37,2026-10-04,1151,N21,VIIRS,n,2.0NRT,310.81,29.66,D
-13.00267,31.06874,339.48,0.43,0.46,2026-10-04,1151,N21,VIIRS,n,2.0NRT,301.93,3.85,D
-13.0026,23.48076,335.89,0.41,0.37,2026-10-04,1151,N21,VIIRS,l,2.0NRT,310.72,3.98,D
-13.00198,31.07265,341.14,0.43,0.46,2026-10-04,1151,N21,VIIRS,n,2.0NRT,303.31,3.85,D
-12.99636,26.31927,337.65,0.39,0.36,2026-10-04,1151,N21,VIIRS,n,2.0NRT,312.39,4.16,D
-12.99222,23.18834,338.49,0.42,0.37,2026-10-04,1151,N21,VIIRS,n,2.0NRT,305.76,3.44,D
-12.99166,23.19217,336.41,0.42,0.37,2026-10-04,1151,N21,VIIRS,l,2.0NRT,308.19,3.44,D
-12.99053,25.25714,339.58,0.38,0.36,2026-10-04,1151,N21,VIIRS,l,2.0NRT,313.17,5.74,D
-12.98974,23.4209,336.29,0.41,0.37,2026-10-04,1151,N21,VIIRS,n,2.0NRT,311.1,9.3,D
-12.98877,26.82497,334.9,0.4,0.37,2026-10-04,1151,N21,VIIRS,l,2.0NRT,308.9,4.59,D
-12.98822,23.19165,336.22,0.42,0.37,2026-10-04,1151,N21,VIIRS,l,2.0NRT,308,7.22,D
-12.98633,23.42039,340.64,0.41,0.37,2026-10-04,1151,N21,VIIRS,n,2.0NRT,310.02,9.3,D
-12.98347,23.41609,335.39,0.41,0.37,2026-10-04,1151,N21,VIIRS,n,2.0NRT,306.96,3.93,D
-12.98266,24.18,337.62,0.39,0.36,2026-10-04,1151,N21,VIIRS,l,2.0NRT,312.61,5.28,D
-12.98228,23.40049,353.65,0.41,0.37,2026-10-04,1151,N21,VIIRS,n,2.0NRT,309.05,8.67,D
-12.98173,23.40424,349.18,0.41,0.37,2026-10-04,1151,N21,VIIRS,n,2.0NRT,308.18,6.31,D
-12.98135,23.19062,343.15,0.42,0.37,2026-10-04,1151,N21,VIIRS,l,2.0NRT,312.74,10.57,D
-12.9802,24.24225,340.35,0.39,0.36,2026-10-04,1151,N21,VIIRS,l,2.0NRT,313.23,6.43,D
-12.97941,23.39624,349.24,0.41,0.37,2026-10-04,1151,N21,VIIRS,l,2.0NRT,316.89,54.49,D
-12.9789,26.53857,336.79,0.4,0.37,2026-10-04,1151,N21,VIIRS,l,2.0NRT,311.29,7.45,D
-12.97886,23.39999,345.52,0.41,0.37,2026-10-04,1151,N21,VIIRS,l,2.0NRT,313.91,54.49,D
-12.97878,24.18309,339.69,0.39,0.36,2026-10-04,1151,N21,VIIRS,n,2.0NRT,309.38,3.06,D
-12.97831,23.40374,340.96,0.41,0.37,2026-10-04,1151,N21,VIIRS,l,2.0NRT,309.49,3.72,D
-12.97805,23.47675,332.21,0.41,0.37,2026-10-04,1151,N21,VIIRS,l,2.0NRT,306.51,2.45,D
-12.97796,28.59524,336.5,0.47,0.4,2026-10-04,1151,N21,VIIRS,n,2.0NRT,306.07,7.02,D
-12.97776,23.4075,343.34,0.41,0.37,2026-10-04,1151,N21,VIIRS,n,2.0NRT,308.4,3.72,D
-12.97721,23.41126,349.8,0.41,0.37,2026-10-04,1151,N21,VIIRS,n,2.0NRT,313.86,11.15,D
-12.97705,24.17177,341.4,0.39,0.36,2026-10-04,1151,N21,VIIRS,n,2.0NRT,309.72,4.89,D
-12.97666,23.41503,346.75,0.41,0.37,2026-10-04,1151,N21,VIIRS,n,2.0NRT,313.08,11.15,D
-12.97613,26.53439,342.64,0.4,0.37,2026-10-04,1151,N21,VIIRS,n,2.0NRT,309.43,8.7,D
-12.97555,26.53802,354.63,0.4,0.37,2026-10-04,1151,N21,VIIRS,n,2.0NRT,313.6,7.45,D
-12.97498,26.54164,337.01,0.4,0.37,2026-10-04,1151,N21,VIIRS,l,2.0NRT,310.37,7.45,D
-12.9749,23.40325,336.68,0.41,0.37,2026-10-04,1151,N21,VIIRS,l,2.0NRT,308.83,3.72,D
-12.97465,23.47623,336.69,0.41,0.37,2026-10-04,1151,N21,VIIRS,l,2.0NRT,308.22,4.93,D
-12.97393,27.05076,337.55,0.41,0.37,2026-10-04,1151,N21,VIIRS,l,2.0NRT,310.94,6.18,D
-12.97278,26.53384,346.87,0.4,0.37,2026-10-04,1151,N21,VIIRS,n,2.0NRT,308.74,4.33,D
-12.97203,23.399,337.46,0.41,0.37,2026-10-04,1151,N21,VIIRS,l,2.0NRT,311.22,7.59,D
-12.9718,23.47195,341.28,0.41,0.37,2026-10-04,1151,N21,VIIRS,l,2.0NRT,310.83,4.93,D
-12.97136,26.28528,330.4,0.39,0.36,2026-10-04,1151,N21,VIIRS,n,2.0NRT,305.16,1.98,D
-12.96975,26.70509,338.7,0.4,0.37,2026-10-04,1151,N21,VIIRS,l,2.0NRT,313.45,5.86,D
-12.96969,26.29606,345.33,0.39,0.36,2026-10-04,1151,N21,VIIRS,n,2.0NRT,310.41,4.93,D
-12.96917,23.39473,340.97,0.41,0.37,2026-10-04,1151,N21,VIIRS,l,2.0NRT,312.23,7.59,D
-12.96886,26.53691,343.8,0.4,0.37,2026-10-04,1151,N21,VIIRS,n,2.0NRT,311.86,26.79,D
-12.96867,23.974,340.13,0.4,0.37,2026-10-04,1151,N21,VIIRS,n,2.0NRT,308.25,28.53,D
-12.96862,24.15944,343.74,0.39,0.36,2026-10-04,1151,N21,VIIRS,n,2.0NRT,312.04,12.71,D
-12.96814,25.91197,345.79,0.39,0.36,2026-10-04,1151,N21,VIIRS,n,2.0NRT,316.13,10.62,D
-12.96651,26.11939,335.76,0.39,0.36,2026-10-04,1151,N21,VIIRS,n,2.0NRT,303.65,6.42,D
-12.96637,25.14882,336.65,0.38,0.36,2026-10-04,1151,N21,VIIRS,l,2.0NRT,309.46,3.3,D
-12.96531,23.97349,367,0.4,0.37,2026-10-04,1151,N21,VIIRS,l,2.0NRT,325.19,28.53,D
-12.96528,24.15892,334.91,0.39,0.36,2026-10-04,1151,N21,VIIRS,l,2.0NRT,309.04,12.71,D
-12.96483,25.91144,341.12,0.39,0.36,2026-10-04,1151,N21,VIIRS,n,2.0NRT,308.62,10.62,D
-12.96478,23.30497,336.44,0.41,0.37,2026-10-04,1151,N21,VIIRS,l,2.0NRT,310.31,3.45,D
-12.96234,23.39371,345.49,0.41,0.37,2026-10-04,1151,N21,VIIRS,n,2.0NRT,308.65,5.6,D
-12.96214,24.54362,343.18,0.39,0.36,2026-10-04,1151,N21,VIIRS,n,2.0NRT,303.64,4.71,D
-12.96136,23.30444,342.3,0.41,0.37,2026-10-04,1151,N21,VIIRS,l,2.0NRT,311.4,3.45,D
-12.96102,23.35486,344.86,0.41,0.37,2026-10-04,1151,N21,VIIRS,n,2.0NRT,310.48,7.76,D
-12.95761,23.35432,342.14,0.41,0.37,2026-10-04,1151,N21,VIIRS,n,2.0NRT,312.24,4.99,D
-12.95758,31.04964,332.83,0.43,0.46,2026-10-04,1151,N21,VIIRS,n,2.0NRT,300.77,4.66,D
-12.95755,25.84794,335.83,0.39,0.36,2026-10-04,1151,N21,VIIRS,n,2.0NRT,310.15,2.37,D
-12.95686,24.14657,337.42,0.39,0.36,2026-10-04,1151,N21,VIIRS,l,2.0NRT,312,35.03,D
-12.95632,24.15018,345.74,0.39,0.36,2026-10-04,1151,N21,VIIRS,l,2.0NRT,320.63,35.03,D
-12.9532,23.38464,333.54,0.41,0.37,2026-10-04,1151,N21,VIIRS,l,2.0NRT,306.26,4.94,D
-12.95227,24.47283,333.47,0.39,0.36,2026-10-04,1151,N21,VIIRS,n,2.0NRT,306.03,3.46,D
-12.95164,24.54564,341.06,0.39,0.36,2026-10-04,1151,N21,VIIRS,n,2.0NRT,304.64,5.28,D
-12.95144,23.37277,333.96,0.41,0.37,2026-10-04,1151,N21,VIIRS,l,2.0NRT,307.18,2,D
-12.94913,23.36465,335.95,0.41,0.37,2026-10-04,1151,N21,VIIRS,l,2.0NRT,308.77,5.43,D
-12.94843,24.04156,338.38,0.4,0.37,2026-10-04,1151,N21,VIIRS,l,2.0NRT,308.88,7.05,D
-12.94797,23.46836,341.98,0.41,0.37,2026-10-04,1151,N21,VIIRS,l,2.0NRT,312.03,13.83,D
-12.94789,24.0452,355.4,0.4,0.37,2026-10-04,1151,N21,VIIRS,n,2.0NRT,309.64,7.05,D
-12.947,23.91105,349.11,0.4,0.37,2026-10-04,1151,N21,VIIRS,n,2.0NRT,312.38,9.11,D
-12.94647,23.91472,338.3,0.4,0.37,2026-10-04,1151,N21,VIIRS,l,2.0NRT,311.49,5.95,D
-12.94511,23.46414,340.39,0.41,0.37,2026-10-04,1151,N21,VIIRS,l,2.0NRT,309.31,7.45,D
-12.94454,24.04469,333.98,0.4,0.37,2026-10-04,1151,N21,VIIRS,l,2.0NRT,304.17,10.9,D
-12.94397,26.39515,346.32,0.39,0.36,2026-10-04,1151,N21,VIIRS,n,2.0NRT,308.13,5.41,D
-12.93725,23.3744,336.77,0.41,0.37,2026-10-04,1151,N21,VIIRS,l,2.0NRT,310.54,5.36,D
-12.93376,24.68821,349.32,0.39,0.36,2026-10-04,1151,N21,VIIRS,n,2.0NRT,311.83,4.71,D
-12.93213,25.81484,336.57,0.39,0.36,2026-10-04,1151,N21,VIIRS,l,2.0NRT,311.53,4.58,D
-12.92912,26.31521,332.09,0.39,0.36,2026-10-04,1151,N21,VIIRS,l,2.0NRT,304.87,1.54,D
-12.92713,26.17525,334.8,0.39,0.36,2026-10-04,1151,N21,VIIRS,l,2.0NRT,306.41,1.54,D
-12.92554,25.83554,335.02,0.39,0.36,2026-10-04,1151,N21,VIIRS,l,2.0NRT,309.34,4.32,D
-12.92488,26.64862,341.32,0.4,0.37,2026-10-04,1151,N21,VIIRS,n,2.0NRT,309.42,6.63,D
-12.92152,26.64806,354.8,0.4,0.37,2026-10-04,1151,N21,VIIRS,n,2.0NRT,319.68,28.06,D
-12.91982,26.24376,332.44,0.39,0.36,2026-10-04,1151,N21,VIIRS,n,2.0NRT,300.07,2.36,D
-12.91963,23.47189,333.82,0.41,0.37,2026-10-04,1151,N21,VIIRS,l,2.0NRT,307.32,4.22,D
-12.91949,31.19385,330.87,0.44,0.46,2026-10-04,1151,N21,VIIRS,n,2.0NRT,298.89,4.57,D
-12.91909,23.47564,339.6,0.41,0.37,2026-10-04,1151,N21,VIIRS,n,2.0NRT,308.69,4.22,D
-12.91824,25.08339,345.47,0.38,0.36,2026-10-04,1151,N21,VIIRS,n,2.0NRT,312.68,8.91,D
-12.91787,24.22527,335.67,0.39,0.36,2026-10-04,1151,N21,VIIRS,l,2.0NRT,309.5,4.26,D
-12.91659,31.1361,337.65,0.44,0.46,2026-10-04,1151,N21,VIIRS,n,2.0NRT,298.48,3.44,D
-12.91623,23.47139,336.2,0.41,0.37,2026-10-04,1151,N21,VIIRS,l,2.0NRT,311.01,4.22,D
-12.91569,23.47514,351.44,0.41,0.37,2026-10-04,1151,N21,VIIRS,n,2.0NRT,310.83,4.22,D
-12.9154,27.80858,332.59,0.43,0.38,2026-10-04,1151,N21,VIIRS,n,2.0NRT,296.45,5.15,D
-12.91357,23.58518,349.92,0.41,0.37,2026-10-04,1151,N21,VIIRS,n,2.0NRT,314.47,25.15,D
-12.91131,28.47527,335.88,0.46,0.39,2026-10-04,1151,N21,VIIRS,n,2.0NRT,305.29,3.86,D
-12.90885,23.37784,335.97,0.41,0.37,2026-10-04,1151,N21,VIIRS,n,2.0NRT,307.73,2.2,D
-12.90768,24.03905,337.98,0.4,0.37,2026-10-04,1151,N21,VIIRS,n,2.0NRT,307.78,4.94,D
-12.90624,23.58787,335.67,0.41,0.37,2026-10-04,1151,N21,VIIRS,l,2.0NRT,309.35,7.8,D
-12.89517,30.5625,335.42,0.4,0.44,2026-10-04,1151,N21,VIIRS,n,2.0NRT,299.35,5.23,D
-12.89054,22.02366,347.45,0.46,0.39,2026-10-04,1151,N21,VIIRS,n,2.0NRT,313.46,11.9,D
-12.88682,24.68402,340.98,0.39,0.36,2026-10-04,1151,N21,VIIRS,n,2.0NRT,306.28,4.12,D
-12.88522,24.69463,347.63,0.39,0.36,2026-10-04,1151,N21,VIIRS,n,2.0NRT,311.13,7.83,D
-12.88244,24.69058,339.15,0.39,0.36,2026-10-04,1151,N21,VIIRS,l,2.0NRT,309.28,4.93,D
-12.88157,23.08221,344.24,0.42,0.38,2026-10-04,1151,N21,VIIRS,n,2.0NRT,311.26,10.86,D
-12.88101,23.08608,334.97,0.42,0.38,2026-10-04,1151,N21,VIIRS,l,2.0NRT,307.87,6.13,D
-12.87689,23.06577,340.11,0.42,0.38,2026-10-04,1151,N21,VIIRS,n,2.0NRT,307.41,6.55,D
-12.87344,23.06527,352.58,0.42,0.38,2026-10-04,1151,N21,VIIRS,n,2.0NRT,312.39,6.55,D
-12.8729,22.63608,354.66,0.44,0.38,2026-10-04,1151,N21,VIIRS,n,2.0NRT,317.12,10.06,D
-12.87288,23.06913,333.84,0.42,0.38,2026-10-04,1151,N21,VIIRS,n,2.0NRT,308.04,4.42,D
-12.87268,23.38435,343.94,0.41,0.37,2026-10-04,1151,N21,VIIRS,l,2.0NRT,308.94,14.87,D
-12.86999,23.06477,337.24,0.42,0.38,2026-10-04,1151,N21,VIIRS,n,2.0NRT,310.91,4.65,D
-12.86943,23.06863,334.19,0.42,0.38,2026-10-04,1151,N21,VIIRS,n,2.0NRT,308.89,3.97,D
-12.86938,22.63556,345.63,0.44,0.38,2026-10-04,1151,N21,VIIRS,l,2.0NRT,314.36,10.06,D
-12.86748,23.25236,349.53,0.41,0.37,2026-10-04,1151,N21,VIIRS,n,2.0NRT,315.25,68.26,D
-12.86681,26.73279,342.15,0.4,0.37,2026-10-04,1151,N21,VIIRS,n,2.0NRT,309.03,2.86,D
-12.86601,23.18993,336.02,0.42,0.37,2026-10-04,1151,N21,VIIRS,n,2.0NRT,304.98,4.12,D
-12.86531,22.84925,344.81,0.43,0.38,2026-10-04,1151,N21,VIIRS,n,2.0NRT,308.33,4.81,D
-12.86341,22.84915,344.67,0.43,0.38,2026-10-04,1151,N21,VIIRS,n,2.0NRT,310.89,7.88,D
-12.86251,23.28654,340.98,0.41,0.37,2026-10-04,1151,N21,VIIRS,n,2.0NRT,307.67,5.17,D
-12.86183,22.84874,338.11,0.43,0.38,2026-10-04,1151,N21,VIIRS,n,2.0NRT,307.68,4.81,D
-12.86176,24.46573,333.01,0.39,0.36,2026-10-04,1151,N21,VIIRS,n,2.0NRT,305.16,4.17,D
-12.86062,23.25135,340.46,0.41,0.37,2026-10-04,1151,N21,VIIRS,n,2.0NRT,308.85,6.32,D
-12.85926,23.64925,339.23,0.4,0.37,2026-10-04,1151,N21,VIIRS,l,2.0NRT,309.84,8.32,D
-12.85909,23.28604,346.1,0.41,0.37,2026-10-04,1151,N21,VIIRS,n,2.0NRT,309.3,6.35,D
-12.85843,24.46522,336.08,0.39,0.36,2026-10-04,1151,N21,VIIRS,n,2.0NRT,305.49,4.17,D
-12.85197,22.92752,340.93,0.43,0.38,2026-10-04,1151,N21,VIIRS,n,2.0NRT,307.66,3.8,D
-12.85074,22.92722,342.17,0.43,0.38,2026-10-04,1151,N21,VIIRS,n,2.0NRT,307.76,6.34,D
-12.85008,23.00665,335.1,0.42,0.38,2026-10-04,1151,N21,VIIRS,l,2.0NRT,307.1,2.71,D
-12.84956,24.22892,336.98,0.39,0.36,2026-10-04,1151,N21,VIIRS,l,2.0NRT,310.08,4.12,D
-12.84906,22.92314,333.15,0.43,0.38,2026-10-04,1151,N21,VIIRS,n,2.0NRT,305.92,3.8,D
-12.8485,22.92703,340.4,0.43,0.38,2026-10-04,1151,N21,VIIRS,n,2.0NRT,307.43,3.8,D
-12.84211,26.24166,333.96,0.39,0.36,2026-10-04,1151,N21,VIIRS,l,2.0NRT,303.98,3.91,D
-12.83926,25.26911,338.84,0.38,0.36,2026-10-04,1151,N21,VIIRS,n,2.0NRT,311.19,1.96,D
-12.83294,23.97135,343.6,0.4,0.37,2026-10-04,1151,N21,VIIRS,n,2.0NRT,307.69,20.49,D
-12.83261,27.67033,335.29,0.43,0.38,2026-10-04,1151,N21,VIIRS,l,2.0NRT,308.08,6.12,D
-12.81025,22.74877,334.15,0.43,0.38,2026-10-04,1151,N21,VIIRS,l,2.0NRT,308.25,13.89,D
-12.80311,24.1739,334.38,0.39,0.36,2026-10-04,1151,N21,VIIRS,l,2.0NRT,307.43,3.04,D
-12.80149,25.69237,333.88,0.39,0.36,2026-10-04,1151,N21,VIIRS,l,2.0NRT,305.62,2.46,D
-12.79566,27.80965,331.65,0.43,0.38,2026-10-04,1151,N21,VIIRS,n,2.0NRT,293.96,2.59,D
-12.78211,25.64225,336.82,0.39,0.36,2026-10-04,1151,N21,VIIRS,l,2.0NRT,308.46,4.72,D
-12.78124,27.53363,342.69,0.42,0.38,2026-10-04,1151,N21,VIIRS,n,2.0NRT,306.49,5.19,D
-12.77809,28.50958,350.34,0.47,0.39,2026-10-04,1151,N21,VIIRS,n,2.0NRT,310.12,13.47,D
-12.77779,26.91447,338.78,0.41,0.37,2026-10-04,1151,N21,VIIRS,l,2.0NRT,312.94,4.9,D
-12.77646,27.49709,343.81,0.42,0.38,2026-10-04,1151,N21,VIIRS,l,2.0NRT,317.53,20.36,D
-12.77584,27.50095,346.03,0.42,0.38,2026-10-04,1151,N21,VIIRS,n,2.0NRT,313.27,18.95,D
-12.77495,25.5323,341.79,0.38,0.36,2026-10-04,1151,N21,VIIRS,n,2.0NRT,305.64,4.9,D
-12.77441,25.53582,344.48,0.38,0.36,2026-10-04,1151,N21,VIIRS,n,2.0NRT,305.07,4.9,D
-12.77399,24.30167,338.59,0.39,0.36,2026-10-04,1151,N21,VIIRS,n,2.0NRT,308.17,5.24,D
-12.77305,30.56705,342.27,0.4,0.44,2026-10-04,1151,N21,VIIRS,n,2.0NRT,293.36,28.34,D
-12.77301,32.87827,336.45,0.57,0.52,2026-10-04,1151,N21,VIIRS,n,2.0NRT,297.32,3.05,D
-12.77224,30.0846,337.97,0.57,0.43,2026-10-04,1151,N21,VIIRS,n,2.0NRT,300.05,8.36,D
-12.76899,30.56634,344.3,0.4,0.44,2026-10-04,1151,N21,VIIRS,n,2.0NRT,297.91,28.34,D
-12.76889,27.74451,347.59,0.43,0.38,2026-10-04,1151,N21,VIIRS,n,2.0NRT,311.88,16.77,D
-12.76796,31.23803,352.52,0.44,0.46,2026-10-04,1151,N21,VIIRS,n,2.0NRT,300.87,8.29,D
-12.76726,31.24199,331.31,0.44,0.46,2026-10-04,1151,N21,VIIRS,n,2.0NRT,299,3.23,D
-12.76703,27.74391,342.7,0.43,0.38,2026-10-04,1151,N21,VIIRS,n,2.0NRT,312.43,17.84,D
-12.76561,22.37687,347.11,0.45,0.39,2026-10-04,1151,N21,VIIRS,l,2.0NRT,316.32,59.91,D
-12.76043,27.44271,347.4,0.42,0.38,2026-10-04,1151,N21,VIIRS,n,2.0NRT,308.83,7.31,D
-12.7599,23.56254,340.94,0.41,0.37,2026-10-04,1151,N21,VIIRS,l,2.0NRT,309.62,11.67,D
-12.75869,29.83609,342.8,0.55,0.42,2026-10-04,1151,N21,VIIRS,n,2.0NRT,301.91,9.13,D
-12.75596,23.63755,350.53,0.4,0.37,2026-10-04,1151,N21,VIIRS,n,2.0NRT,324.54,30.22,D
-12.75542,23.64124,336.56,0.4,0.37,2026-10-04,1151,N21,VIIRS,l,2.0NRT,305.22,30.22,D
-12.7551,25.35249,332.8,0.38,0.36,2026-10-04,1151,N21,VIIRS,l,2.0NRT,306.14,3.54,D
-12.75257,23.63705,355.47,0.4,0.37,2026-10-04,1151,N21,VIIRS,n,2.0NRT,319.83,21.54,D
-12.75204,23.64074,348.32,0.4,0.37,2026-10-04,1151,N21,VIIRS,l,2.0NRT,312.64,21.54,D
-12.7518,25.35196,345.34,0.38,0.36,2026-10-04,1151,N21,VIIRS,n,2.0NRT,311.5,3.54,D
-12.75072,32.25808,340.89,0.52,0.5,2026-10-04,1151,N21,VIIRS,n,2.0NRT,300.8,6.58,D
-12.75043,23.65181,337.48,0.4,0.37,2026-10-04,1151,N21,VIIRS,l,2.0NRT,305.15,3.88,D
-12.75031,32.25605,337.89,0.52,0.5,2026-10-04,1151,N21,VIIRS,n,2.0NRT,300.3,4.51,D
-12.74973,26.28915,332.13,0.39,0.36,2026-10-04,1151,N21,VIIRS,n,2.0NRT,307.04,2.23,D
-12.74582,27.68787,337.1,0.43,0.38,2026-10-04,1151,N21,VIIRS,n,2.0NRT,302.87,8.47,D
-12.74463,31.34461,367,0.45,0.47,2026-10-04,1151,N21,VIIRS,h,2.0NRT,299.19,13.62,D
-12.74206,26.55094,338.65,0.4,0.37,2026-10-04,1151,N21,VIIRS,n,2.0NRT,305.58,4.04,D
-12.74116,26.43182,332.51,0.39,0.37,2026-10-04,1151,N21,VIIRS,l,2.0NRT,305.63,1.9,D
-12.73978,26.55069,347.99,0.4,0.37,2026-10-04,1151,N21,VIIRS,n,2.0NRT,309.25,11.16,D
-12.73643,26.55015,347.46,0.4,0.37,2026-10-04,1151,N21,VIIRS,n,2.0NRT,314.19,11.16,D
-12.73188,26.57922,337.77,0.4,0.37,2026-10-04,1151,N21,VIIRS,l,2.0NRT,310.68,5.54,D
-12.73031,27.32358,346,0.42,0.37,2026-10-04,1151,N21,VIIRS,n,2.0NRT,309.32,15.8,D
-12.7299,25.56119,336.01,0.38,0.36,2026-10-04,1151,N21,VIIRS,l,2.0NRT,310.32,4.9,D
-12.72853,26.57867,347.98,0.4,0.37,2026-10-04,1151,N21,VIIRS,n,2.0NRT,312.44,7.52,D
-12.72649,27.06266,334.32,0.41,0.37,2026-10-04,1151,N21,VIIRS,l,2.0NRT,306.55,5.07,D
-12.72378,27.84676,340.87,0.44,0.38,2026-10-04,1151,N21,VIIRS,n,2.0NRT,297.66,7.09,D
-12.71928,26.22165,333.33,0.39,0.36,2026-10-04,1151,N21,VIIRS,l,2.0NRT,305.99,3.19,D
-12.71768,28.55365,339.09,0.47,0.4,2026-10-04,1151,N21,VIIRS,n,2.0NRT,309.06,8.85,D
-12.71596,26.22111,339.4,0.39,0.36,2026-10-04,1151,N21,VIIRS,l,2.0NRT,310.53,13.73,D
-12.71521,31.28782,340.98,0.45,0.47,2026-10-04,1151,N21,VIIRS,n,2.0NRT,297.15,4.69,D
-12.7134,27.55813,336.13,0.43,0.38,2026-10-04,1151,N21,VIIRS,l,2.0NRT,308.38,3.4,D
-12.71286,22.5964,343.89,0.44,0.38,2026-10-04,1151,N21,VIIRS,l,2.0NRT,313.56,8.91,D
-12.7123,22.6004,349.52,0.44,0.38,2026-10-04,1151,N21,VIIRS,l,2.0NRT,315.71,8.91,D
-12.70878,22.59988,343.45,0.44,0.38,2026-10-04,1151,N21,VIIRS,l,2.0NRT,316.14,8.91,D
-12.70542,24.35319,343.77,0.39,0.36,2026-10-04,1151,N21,VIIRS,n,2.0NRT,311.68,17.43,D
-12.70501,26.91366,338.37,0.41,0.37,2026-10-04,1151,N21,VIIRS,l,2.0NRT,308.84,4.99,D
-12.70471,22.60336,346.13,0.44,0.38,2026-10-04,1151,N21,VIIRS,l,2.0NRT,314.25,25.28,D
-12.70471,28.5647,339.01,0.47,0.4,2026-10-04,1151,N21,VIIRS,n,2.0NRT,306.46,5.56,D
-12.70319,26.45532,347.1,0.4,0.37,2026-10-04,1151,N21,VIIRS,n,2.0NRT,309.07,16.37,D
-12.70263,24.3491,347.13,0.39,0.36,2026-10-04,1151,N21,VIIRS,n,2.0NRT,316.04,19.1,D
-12.6983,28.18432,335.53,0.45,0.39,2026-10-04,1151,N21,VIIRS,l,2.0NRT,306.8,4.38,D
-12.69783,28.1836,344.44,0.45,0.39,2026-10-04,1151,N21,VIIRS,n,2.0NRT,306.85,5.76,D
-12.69476,28.18369,335.82,0.45,0.39,2026-10-04,1151,N21,VIIRS,l,2.0NRT,307.41,4.38,D
-12.69428,28.18297,343.39,0.45,0.39,2026-10-04,1151,N21,VIIRS,n,2.0NRT,307.59,5.76,D
-12.6912,28.18308,338.09,0.45,0.39,2026-10-04,1151,N21,VIIRS,n,2.0NRT,307.73,3.6,D
-12.69054,28.1872,335.05,0.45,0.39,2026-10-04,1151,N21,VIIRS,l,2.0NRT,306.21,3.6,D
-12.68893,23.68392,330.23,0.4,0.37,2026-10-04,1151,N21,VIIRS,n,2.0NRT,303.21,1.72,D
-12.68765,28.18247,339.3,0.45,0.39,2026-10-04,1151,N21,VIIRS,n,2.0NRT,307.87,3.6,D
-12.68524,26.63514,332.07,0.4,0.37,2026-10-04,1151,N21,VIIRS,l,2.0NRT,305.48,4.11,D
-12.67544,26.69728,338.58,0.4,0.37,2026-10-04,1151,N21,VIIRS,l,2.0NRT,313.08,4.23,D
-12.67423,26.44313,330.18,0.4,0.37,2026-10-04,1151,N21,VIIRS,l,2.0NRT,304.64,15.32,D
-12.66982,22.33873,350.98,0.45,0.39,2026-10-04,1151,N21,VIIRS,n,2.0NRT,314.75,20.18,D
-12.66822,28.07788,339.39,0.45,0.39,2026-10-04,1151,N21,VIIRS,l,2.0NRT,310.03,6.88,D
-12.66627,22.33822,351.07,0.45,0.39,2026-10-04,1151,N21,VIIRS,n,2.0NRT,311.77,20.18,D
-12.66001,27.1288,332.25,0.41,0.37,2026-10-04,1151,N21,VIIRS,l,2.0NRT,306.23,3.59,D
-12.65919,26.99805,335.61,0.41,0.37,2026-10-04,1151,N21,VIIRS,l,2.0NRT,308.81,6.76,D
-12.65912,22.56469,334.95,0.44,0.38,2026-10-04,1151,N21,VIIRS,l,2.0NRT,309.43,6.2,D
-12.65756,26.98627,334.21,0.41,0.37,2026-10-04,1151,N21,VIIRS,l,2.0NRT,304.46,5.35,D
-12.6558,26.99747,332.78,0.41,0.37,2026-10-04,1151,N21,VIIRS,l,2.0NRT,303.42,3.91,D
-12.64084,26.54566,367,0.4,0.37,2026-10-04,1151,N21,VIIRS,h,2.0NRT,306.94,13.55,D
-12.63749,26.5451,346.82,0.4,0.37,2026-10-04,1151,N21,VIIRS,n,2.0NRT,311.09,8.7,D
-12.63718,26.1822,342.47,0.39,0.36,2026-10-04,1151,N21,VIIRS,n,2.0NRT,310.53,11.22,D
-12.63521,24.1405,335.01,0.39,0.36,2026-10-04,1151,N21,VIIRS,l,2.0NRT,307.12,1.94,D
-12.63388,26.13771,339.44,0.39,0.36,2026-10-04,1151,N21,VIIRS,n,2.0NRT,308.96,2.42,D
-12.6338,26.53303,334.9,0.4,0.37,2026-10-04,1151,N21,VIIRS,n,2.0NRT,305.67,3.45,D
-12.62994,23.53502,335.01,0.41,0.37,2026-10-04,1151,N21,VIIRS,l,2.0NRT,305.96,6.49,D
-12.62519,26.3903,341.14,0.39,0.37,2026-10-04,1151,N21,VIIRS,n,2.0NRT,315.31,8.85,D
-12.62428,23.91347,336.67,0.4,0.37,2026-10-04,1151,N21,VIIRS,n,2.0NRT,303.94,6.25,D
-12.62326,26.78667,340.01,0.4,0.37,2026-10-04,1151,N21,VIIRS,n,2.0NRT,309.47,21.31,D
-12.62146,23.90935,342.19,0.4,0.37,2026-10-04,1151,N21,VIIRS,n,2.0NRT,306.08,6.25,D
-12.62092,23.91298,353.85,0.4,0.37,2026-10-04,1151,N21,VIIRS,n,2.0NRT,308.78,6.25,D
-12.61912,22.51791,346.9,0.44,0.38,2026-10-04,1151,N21,VIIRS,n,2.0NRT,307.38,4.21,D
-12.61884,22.59559,332.94,0.44,0.38,2026-10-04,1151,N21,VIIRS,l,2.0NRT,307.19,3.95,D
-12.61863,23.90523,352.86,0.4,0.37,2026-10-04,1151,N21,VIIRS,n,2.0NRT,312.05,14.71,D
-12.61855,22.52193,337.16,0.44,0.38,2026-10-04,1151,N21,VIIRS,l,2.0NRT,309.33,4.21,D
-12.6181,23.90886,344.46,0.4,0.37,2026-10-04,1151,N21,VIIRS,n,2.0NRT,310.02,4.67,D
-12.61757,23.91248,341.7,0.4,0.37,2026-10-04,1151,N21,VIIRS,n,2.0NRT,308.56,4.67,D
-12.61704,23.91609,348.36,0.4,0.37,2026-10-04,1151,N21,VIIRS,n,2.0NRT,310.06,11.79,D
-12.61532,22.59509,343.12,0.44,0.38,2026-10-04,1151,N21,VIIRS,l,2.0NRT,308.11,3.95,D
-12.61528,24.06749,341.42,0.39,0.36,2026-10-04,1151,N21,VIIRS,n,2.0NRT,305.5,7.68,D
-12.61474,23.90836,340.23,0.4,0.37,2026-10-04,1151,N21,VIIRS,n,2.0NRT,307.66,4.67,D
-12.6144,28.16154,330.45,0.45,0.39,2026-10-04,1151,N21,VIIRS,n,2.0NRT,298.98,1.09,D
-12.61421,23.91198,336.59,0.4,0.37,2026-10-04,1151,N21,VIIRS,l,2.0NRT,309.28,4.67,D
-12.61406,24.05262,351.37,0.39,0.36,2026-10-04,1151,N21,VIIRS,n,2.0NRT,305.37,14.14,D
-12.61353,24.05621,347.47,0.39,0.36,2026-10-04,1151,N21,VIIRS,n,2.0NRT,305.35,7.06,D
-12.613,24.0598,349.43,0.39,0.36,2026-10-04,1151,N21,VIIRS,n,2.0NRT,307.47,7.06,D
-12.61181,22.59458,344.1,0.44,0.38,2026-10-04,1151,N21,VIIRS,n,2.0NRT,309.68,8.9,D
-12.61073,28.49634,341.44,0.47,0.39,2026-10-04,1151,N21,VIIRS,n,2.0NRT,302.48,5.35,D
-12.61019,24.0557,349.6,0.39,0.36,2026-10-04,1151,N21,VIIRS,n,2.0NRT,307.05,9.48,D
-12.60814,31.30246,342.63,0.45,0.47,2026-10-04,1151,N21,VIIRS,n,2.0NRT,297.2,23.2,D
-12.60387,22.65038,335.91,0.43,0.38,2026-10-04,1151,N21,VIIRS,l,2.0NRT,306.26,9.56,D
-12.60037,22.64986,347.56,0.43,0.38,2026-10-04,1151,N21,VIIRS,n,2.0NRT,309.49,9.56,D
-12.58785,26.56286,337.88,0.4,0.37,2026-10-04,1151,N21,VIIRS,l,2.0NRT,311.48,12.65,D
-12.585,23.00364,332.69,0.42,0.38,2026-10-04,1151,N21,VIIRS,l,2.0NRT,306.4,7.93,D
-12.58473,26.64837,334.56,0.4,0.37,2026-10-04,1151,N21,VIIRS,l,2.0NRT,308.05,18.3,D
-12.58335,22.86835,335.03,0.43,0.38,2026-10-04,1151,N21,VIIRS,l,2.0NRT,306.93,5.4,D
-12.58279,22.87225,346.82,0.43,0.38,2026-10-04,1151,N21,VIIRS,n,2.0NRT,307.75,5.4,D
-12.58262,26.26887,335.82,0.39,0.36,2026-10-04,1151,N21,VIIRS,l,2.0NRT,309.86,3.48,D
-12.58155,26.25395,336.88,0.39,0.36,2026-10-04,1151,N21,VIIRS,l,2.0NRT,311,5.39,D
-12.58131,28.055,333.16,0.45,0.39,2026-10-04,1151,N21,VIIRS,n,2.0NRT,298.52,3.98,D
-12.58065,28.05909,333.53,0.45,0.39,2026-10-04,1151,N21,VIIRS,n,2.0NRT,297.19,3.98,D
-12.57932,22.87173,350.93,0.43,0.38,2026-10-04,1151,N21,VIIRS,n,2.0NRT,309.69,8.25,D
-12.57878,26.24982,337.02,0.39,0.36,2026-10-04,1151,N21,VIIRS,n,2.0NRT,307.93,5.39,D
-12.57876,22.87563,346.92,0.43,0.38,2026-10-04,1151,N21,VIIRS,n,2.0NRT,310.85,6.86,D
-12.57821,22.87952,335.71,0.43,0.38,2026-10-04,1151,N21,VIIRS,n,2.0NRT,307.39,6.86,D
-12.57697,22.86343,332.72,0.43,0.38,2026-10-04,1151,N21,VIIRS,l,2.0NRT,306.85,3.01,D
-12.5753,22.87511,342.49,0.43,0.38,2026-10-04,1151,N21,VIIRS,n,2.0NRT,310.08,6.86,D
-12.57513,24.13125,335.58,0.39,0.36,2026-10-04,1151,N21,VIIRS,l,2.0NRT,307.97,3.44,D
-12.57474,22.879,337.57,0.43,0.38,2026-10-04,1151,N21,VIIRS,l,2.0NRT,308.99,6.86,D
-12.5719,26.48937,339.79,0.4,0.37,2026-10-04,1151,N21,VIIRS,l,2.0NRT,310.02,8.44,D
-12.57183,22.8746,332.86,0.43,0.38,2026-10-04,1151,N21,VIIRS,l,2.0NRT,307.55,3.3,D
-12.56855,26.48881,340.29,0.4,0.37,2026-10-04,1151,N21,VIIRS,n,2.0NRT,305.17,8.44,D
-12.56824,26.05685,335.57,0.39,0.36,2026-10-04,1151,N21,VIIRS,n,2.0NRT,303.94,2.51,D
-12.56751,26.7358,332.76,0.4,0.37,2026-10-04,1151,N21,VIIRS,n,2.0NRT,300.86,4.71,D
-12.56592,22.63294,345.36,0.43,0.38,2026-10-04,1151,N21,VIIRS,n,2.0NRT,307.9,4.24,D
-12.56534,22.63692,336.02,0.43,0.38,2026-10-04,1151,N21,VIIRS,l,2.0NRT,308.37,4.24,D
-12.56503,33.76557,334.9,0.33,0.55,2026-10-04,1151,N21,VIIRS,n,2.0NRT,299.27,3.38,D
-12.56252,24.39997,337.83,0.39,0.36,2026-10-04,1151,N21,VIIRS,l,2.0NRT,310.68,11.35,D
-12.56213,24.42535,335.19,0.39,0.36,2026-10-04,1151,N21,VIIRS,l,2.0NRT,305.63,4.28,D
-12.56093,24.41063,335.79,0.39,0.36,2026-10-04,1151,N21,VIIRS,l,2.0NRT,306.68,13.81,D
-12.5592,24.39945,339.84,0.39,0.36,2026-10-04,1151,N21,VIIRS,n,2.0NRT,308.74,4.67,D
-12.55882,24.42484,333.76,0.39,0.36,2026-10-04,1151,N21,VIIRS,l,2.0NRT,308.38,4.28,D
-12.55867,24.40301,335.57,0.39,0.36,2026-10-04,1151,N21,VIIRS,l,2.0NRT,306.02,4.67,D
-12.55814,24.40656,336,0.39,0.36,2026-10-04,1151,N21,VIIRS,l,2.0NRT,307.18,5,D
-12.55761,24.41012,349.01,0.39,0.36,2026-10-04,1151,N21,VIIRS,n,2.0NRT,309.46,5,D
-12.55588,24.39893,338.28,0.39,0.36,2026-10-04,1151,N21,VIIRS,n,2.0NRT,307.21,4.67,D
-12.55496,24.42787,334.62,0.39,0.36,2026-10-04,1151,N21,VIIRS,l,2.0NRT,305.68,5.66,D
-12.55482,24.40604,334.15,0.39,0.36,2026-10-04,1151,N21,VIIRS,l,2.0NRT,307.79,5,D
-12.55429,24.4096,343.73,0.39,0.36,2026-10-04,1151,N21,VIIRS,n,2.0NRT,309.24,5,D
-12.55256,24.39841,339.23,0.39,0.36,2026-10-04,1151,N21,VIIRS,n,2.0NRT,305.95,4.87,D
-12.55109,22.51243,367,0.44,0.38,2026-10-04,1151,N21,VIIRS,h,2.0NRT,318.91,21.28,D
-12.55097,24.40908,341.95,0.39,0.36,2026-10-04,1151,N21,VIIRS,n,2.0NRT,310.47,3.62,D
-12.55032,26.34794,345.58,0.39,0.36,2026-10-04,1151,N21,VIIRS,n,2.0NRT,311.26,18.35,D
-12.55009,27.55108,336.9,0.43,0.38,2026-10-04,1151,N21,VIIRS,l,2.0NRT,308.36,5.41,D
-12.54955,24.10117,344.7,0.39,0.36,2026-10-04,1151,N21,VIIRS,n,2.0NRT,305.8,7.02,D
-12.54946,27.55497,335.7,0.43,0.38,2026-10-04,1151,N21,VIIRS,l,2.0NRT,306.88,5.41,D
-12.54924,24.39789,337.6,0.39,0.36,2026-10-04,1151,N21,VIIRS,l,2.0NRT,307.91,4.87,D
-12.54878,26.22593,339.06,0.39,0.36,2026-10-04,1151,N21,VIIRS,l,2.0NRT,311.44,4.69,D
-12.54818,24.405,332.87,0.39,0.36,2026-10-04,1151,N21,VIIRS,l,2.0NRT,307.57,3.62,D
-12.54787,26.72882,331.42,0.4,0.37,2026-10-04,1151,N21,VIIRS,l,2.0NRT,301.51,14.44,D
-12.54765,24.40856,336.58,0.39,0.36,2026-10-04,1151,N21,VIIRS,l,2.0NRT,307.05,3.62,D
-12.54613,27.02534,336.18,0.41,0.37,2026-10-04,1151,N21,VIIRS,l,2.0NRT,306.67,7.32,D
-12.54509,28.27774,337.3,0.46,0.39,2026-10-04,1151,N21,VIIRS,n,2.0NRT,301.2,5.29,D
-12.54451,23.99711,348.81,0.39,0.37,2026-10-04,1151,N21,VIIRS,n,2.0NRT,316.24,32.55,D
-12.5445,26.72827,337.3,0.4,0.37,2026-10-04,1151,N21,VIIRS,l,2.0NRT,307.32,14.44,D
-12.54409,24.02297,334.22,0.39,0.37,2026-10-04,1151,N21,VIIRS,l,2.0NRT,306.25,5.38,D
-12.54075,24.02245,334.18,0.39,0.37,2026-10-04,1151,N21,VIIRS,l,2.0NRT,306.31,2.88,D
-12.54048,24.41108,338.5,0.39,0.36,2026-10-04,1151,N21,VIIRS,n,2.0NRT,308.43,4.03,D
-12.54021,24.02606,331.49,0.39,0.36,2026-10-04,1151,N21,VIIRS,l,2.0NRT,303.44,2.88,D
-12.53816,22.50234,342.09,0.44,0.38,2026-10-04,1151,N21,VIIRS,l,2.0NRT,315.98,18.08,D
-12.53591,23.86973,336.79,0.4,0.37,2026-10-04,1151,N21,VIIRS,n,2.0NRT,310.78,6.42,D
-12.53402,27.67329,339.08,0.43,0.38,2026-10-04,1151,N21,VIIRS,n,2.0NRT,303.8,18.94,D
-12.53309,23.86557,338.35,0.4,0.37,2026-10-04,1151,N21,VIIRS,n,2.0NRT,311.31,6.42,D
-12.53256,23.8692,351.96,0.4,0.37,2026-10-04,1151,N21,VIIRS,n,2.0NRT,311.85,6.42,D
-12.53209,26.52373,335.68,0.4,0.37,2026-10-04,1151,N21,VIIRS,l,2.0NRT,308.63,5.39,D
-12.53148,27.68909,338.25,0.43,0.38,2026-10-04,1151,N21,VIIRS,n,2.0NRT,306.54,9.54,D
-12.53027,22.6074,348.51,0.43,0.38,2026-10-04,1151,N21,VIIRS,n,2.0NRT,309.31,7.09,D
-12.528,27.68849,336.59,0.43,0.38,2026-10-04,1151,N21,VIIRS,n,2.0NRT,306.05,9.54,D
-12.52612,27.1962,330.28,0.41,0.37,2026-10-04,1151,N21,VIIRS,l,2.0NRT,301.56,2.66,D
-12.52463,25.45905,332.45,0.38,0.36,2026-10-04,1151,N21,VIIRS,n,2.0NRT,301.18,4.03,D
-12.51605,26.68972,336.32,0.4,0.37,2026-10-04,1151,N21,VIIRS,l,2.0NRT,310.49,5.35,D
-12.51503,22.58887,336.78,0.44,0.38,2026-10-04,1151,N21,VIIRS,n,2.0NRT,307.72,7.07,D
-12.50887,26.66975,336.13,0.4,0.37,2026-10-04,1151,N21,VIIRS,n,2.0NRT,304.99,8.37,D
-12.50677,30.33908,341.42,0.39,0.44,2026-10-04,1151,N21,VIIRS,n,2.0NRT,297.32,7.36,D
-12.50386,22.56678,332.51,0.44,0.38,2026-10-04,1151,N21,VIIRS,l,2.0NRT,307.18,3.38,D
-12.50084,26.69847,333.3,0.4,0.37,2026-10-04,1151,N21,VIIRS,l,2.0NRT,307.88,2.65,D
-12.49857,22.85194,336.46,0.43,0.38,2026-10-04,1151,N21,VIIRS,l,2.0NRT,310.4,11.81,D
-12.49531,24.78065,343.27,0.39,0.36,2026-10-04,1151,N21,VIIRS,n,2.0NRT,310.83,6.76,D
-12.492,24.78013,344.87,0.39,0.36,2026-10-04,1151,N21,VIIRS,n,2.0NRT,307.44,6.76,D
-12.48405,30.23205,339.99,0.39,0.44,2026-10-04,1151,N21,VIIRS,n,2.0NRT,299.85,6.19,D
-12.47771,22.97158,347.96,0.42,0.38,2026-10-04,1151,N21,VIIRS,n,2.0NRT,312.85,6.74,D
-12.47715,22.97543,345.33,0.42,0.38,2026-10-04,1151,N21,VIIRS,n,2.0NRT,314.27,6.74,D
-12.47642,26.46947,337.62,0.4,0.37,2026-10-04,1151,N21,VIIRS,n,2.0NRT,307.12,9.13,D
-12.47573,28.43036,331.33,0.47,0.39,2026-10-04,1151,N21,VIIRS,l,2.0NRT,301.84,3.15,D
-12.47426,22.97108,337.42,0.42,0.38,2026-10-04,1151,N21,VIIRS,l,2.0NRT,309.48,6.74,D
-12.4737,22.97493,342.17,0.42,0.38,2026-10-04,1151,N21,VIIRS,n,2.0NRT,312.09,6.74,D
-12.47306,27.74013,337.1,0.43,0.38,2026-10-04,1151,N21,VIIRS,n,2.0NRT,298.44,3.49,D
-12.47124,23.61695,337.95,0.4,0.37,2026-10-04,1151,N21,VIIRS,n,2.0NRT,306.66,15.36,D
-12.46957,27.73952,334.09,0.43,0.38,2026-10-04,1151,N21,VIIRS,n,2.0NRT,299.5,3.49,D
-12.46678,23.62382,344.39,0.4,0.37,2026-10-04,1151,N21,VIIRS,n,2.0NRT,305.4,7.19,D
-12.46502,23.61229,344.08,0.4,0.37,2026-10-04,1151,N21,VIIRS,n,2.0NRT,307.08,8.78,D
-12.46225,22.40066,352.22,0.44,0.39,2026-10-04,1151,N21,VIIRS,n,2.0NRT,310.34,8.92,D
-12.45942,28.55093,333.97,0.47,0.4,2026-10-04,1151,N21,VIIRS,n,2.0NRT,300.1,6.05,D
-12.45362,28.54098,332.58,0.47,0.4,2026-10-04,1151,N21,VIIRS,n,2.0NRT,300.24,2.9,D
-12.44142,22.31875,336.07,0.45,0.39,2026-10-04,1151,N21,VIIRS,l,2.0NRT,311,7.3,D
-12.44008,27.33833,337.03,0.42,0.38,2026-10-04,1151,N21,VIIRS,n,2.0NRT,302.46,6.27,D
-12.43946,27.34217,337.88,0.42,0.38,2026-10-04,1151,N21,VIIRS,n,2.0NRT,299.23,8.16,D
-12.43887,26.72921,334.33,0.4,0.37,2026-10-04,1151,N21,VIIRS,l,2.0NRT,306.37,3.68,D
-12.43602,27.34161,343.32,0.42,0.38,2026-10-04,1151,N21,VIIRS,n,2.0NRT,302.41,12.8,D
-12.43409,22.98086,337.06,0.42,0.38,2026-10-04,1151,N21,VIIRS,l,2.0NRT,308.53,4.79,D
-12.43334,26.80792,334.7,0.4,0.37,2026-10-04,1151,N21,VIIRS,n,2.0NRT,303.73,3.73,D
-12.42854,26.6635,335.44,0.4,0.37,2026-10-04,1151,N21,VIIRS,l,2.0NRT,309.11,4.48,D
-12.42567,28.41009,333.62,0.46,0.39,2026-10-04,1151,N21,VIIRS,n,2.0NRT,300.25,3.96,D
-12.42307,26.33472,336.2,0.39,0.37,2026-10-04,1151,N21,VIIRS,l,2.0NRT,307.43,5.21,D
-12.41694,25.00537,342.4,0.38,0.36,2026-10-04,1151,N21,VIIRS,n,2.0NRT,311.64,4.8,D
-12.41523,32.83323,337.84,0.57,0.52,2026-10-04,1151,N21,VIIRS,n,2.0NRT,303.14,8.26,D
-12.40493,24.364,339.19,0.39,0.36,2026-10-04,1151,N21,VIIRS,n,2.0NRT,306.95,4.68,D
-12.40131,22.94425,367,0.42,0.38,2026-10-04,1151,N21,VIIRS,l,2.0NRT,325.22,87.89,D
-12.39843,22.93987,351.01,0.42,0.38,2026-10-04,1151,N21,VIIRS,n,2.0NRT,315.43,29.18,D
-12.39787,22.94373,367,0.42,0.38,2026-10-04,1151,N21,VIIRS,l,2.0NRT,332.66,87.89,D
-12.39562,29.48364,342.2,0.53,0.42,2026-10-04,1151,N21,VIIRS,n,2.0NRT,302.38,4.68,D
-12.39441,22.94322,367,0.42,0.38,2026-10-04,1151,N21,VIIRS,h,2.0NRT,315.46,19.03,D
-12.38771,28.46073,332.64,0.47,0.4,2026-10-04,1151,N21,VIIRS,n,2.0NRT,301.27,5.3,D
-12.38542,26.95613,339.22,0.41,0.37,2026-10-04,1151,N21,VIIRS,l,2.0NRT,309.87,6.7,D
-12.37659,22.94452,344.49,0.42,0.38,2026-10-04,1151,N21,VIIRS,l,2.0NRT,306.93,10.25,D
-12.37258,22.94786,338.76,0.42,0.38,2026-10-04,1151,N21,VIIRS,l,2.0NRT,306.29,13.76,D
-12.36928,22.84855,333.51,0.42,0.38,2026-10-04,1151,N21,VIIRS,l,2.0NRT,306.88,7.4,D
-12.36913,22.94735,339.69,0.42,0.38,2026-10-04,1151,N21,VIIRS,l,2.0NRT,307.32,13.76,D
-12.36879,24.33293,333.67,0.39,0.36,2026-10-04,1151,N21,VIIRS,n,2.0NRT,306.49,2.13,D
-12.36816,22.85631,343.31,0.42,0.38,2026-10-04,1151,N21,VIIRS,l,2.0NRT,313.19,10.55,D
-12.36738,22.81251,335.73,0.43,0.38,2026-10-04,1151,N21,VIIRS,l,2.0NRT,308.87,7.88,D
-12.36548,26.13705,336.69,0.39,0.36,2026-10-04,1151,N21,VIIRS,n,2.0NRT,306.14,6.12,D
-12.36391,22.81199,343.46,0.43,0.38,2026-10-04,1151,N21,VIIRS,n,2.0NRT,308.87,4.98,D
-12.36294,28.38631,335.81,0.46,0.39,2026-10-04,1151,N21,VIIRS,n,2.0NRT,303.27,6.18,D
-12.36223,22.94632,342.99,0.42,0.38,2026-10-04,1151,N21,VIIRS,l,2.0NRT,306.64,13.18,D
-12.36074,30.13697,367,0.39,0.44,2026-10-04,1151,N21,VIIRS,h,2.0NRT,303.37,21.16,D
-12.35864,28.38988,336.99,0.46,0.39,2026-10-04,1151,N21,VIIRS,n,2.0NRT,306.66,7.99,D
-12.35817,22.01203,336.72,0.46,0.39,2026-10-04,1151,N21,VIIRS,l,2.0NRT,309.86,9.96,D
-12.35637,23.47114,345.8,0.41,0.37,2026-10-04,1151,N21,VIIRS,n,2.0NRT,306.36,11.33,D
-12.35408,25.52797,337.09,0.39,0.36,2026-10-04,1151,N21,VIIRS,n,2.0NRT,300.37,4.43,D
-12.3497,27.13536,339.32,0.41,0.37,2026-10-04,1151,N21,VIIRS,l,2.0NRT,312.22,14.87,D
-12.34969,27.35467,338.54,0.42,0.38,2026-10-04,1151,N21,VIIRS,n,2.0NRT,300.33,4.66,D
-12.34571,25.18479,333.84,0.38,0.36,2026-10-04,1151,N21,VIIRS,n,2.0NRT,306.01,1.93,D
-12.34457,22.56476,340.89,0.43,0.38,2026-10-04,1151,N21,VIIRS,l,2.0NRT,311.64,10.49,D
-12.34138,24.65133,346.38,0.39,0.36,2026-10-04,1151,N21,VIIRS,n,2.0NRT,307.05,10.47,D
-12.33807,24.65081,333.13,0.39,0.36,2026-10-04,1151,N21,VIIRS,l,2.0NRT,304.49,2.9,D
-12.3363,29.21604,336.46,0.51,0.41,2026-10-04,1151,N21,VIIRS,n,2.0NRT,302.56,7.3,D
-12.33509,30.55737,335.46,0.41,0.45,2026-10-04,1151,N21,VIIRS,n,2.0NRT,302.63,4.65,D
-12.33485,25.54293,334.95,0.39,0.36,2026-10-04,1151,N21,VIIRS,n,2.0NRT,303.87,3.27,D
-12.33381,22.8987,333.35,0.42,0.38,2026-10-04,1151,N21,VIIRS,l,2.0NRT,306.48,4.18,D
-12.33232,26.5841,335.34,0.4,0.37,2026-10-04,1151,N21,VIIRS,n,2.0NRT,300.61,13.41,D
-12.32616,26.01713,335.18,0.39,0.36,2026-10-04,1151,N21,VIIRS,l,2.0NRT,306.21,4.99,D
-12.3255,22.85792,335.21,0.42,0.38,2026-10-04,1151,N21,VIIRS,l,2.0NRT,307.17,3.21,D
-12.31716,27.38093,342.33,0.42,0.38,2026-10-04,1151,N21,VIIRS,n,2.0NRT,304.51,6.15,D
-12.31654,27.38479,352.14,0.42,0.38,2026-10-04,1151,N21,VIIRS,n,2.0NRT,306.26,9.1,D
-12.31591,27.38864,344.28,0.42,0.38,2026-10-04,1151,N21,VIIRS,n,2.0NRT,303.63,9.1,D
-12.31574,22.95115,342.21,0.42,0.38,2026-10-04,1151,N21,VIIRS,n,2.0NRT,306.09,3.99,D
-12.31197,22.78913,347.99,0.43,0.38,2026-10-04,1151,N21,VIIRS,n,2.0NRT,309.71,6.09,D
-12.31075,33.54911,344.75,0.32,0.55,2026-10-04,1151,N21,VIIRS,n,2.0NRT,302.73,3.35,D
-12.31067,23.76095,346.59,0.4,0.37,2026-10-04,1151,N21,VIIRS,n,2.0NRT,305.76,8.64,D
-12.30731,23.76043,346.21,0.4,0.37,2026-10-04,1151,N21,VIIRS,n,2.0NRT,310.8,11.91,D
-12.30553,25.49137,332.26,0.38,0.36,2026-10-04,1151,N21,VIIRS,l,2.0NRT,306.06,4.51,D
-12.30085,27.81394,339.98,0.44,0.38,2026-10-04,1151,N21,VIIRS,n,2.0NRT,304.8,7.23,D
-12.29978,23.65774,333.55,0.4,0.37,2026-10-04,1151,N21,VIIRS,l,2.0NRT,304.72,2.93,D
-12.29452,22.93293,344.28,0.42,0.38,2026-10-04,1151,N21,VIIRS,n,2.0NRT,310.36,8.14,D
-12.29339,22.94062,332.76,0.42,0.38,2026-10-04,1151,N21,VIIRS,n,2.0NRT,305.88,2.09,D
-12.28747,25.20771,345.95,0.38,0.36,2026-10-04,1151,N21,VIIRS,n,2.0NRT,308.61,6.22,D
-12.27933,29.13695,332.67,0.51,0.41,2026-10-04,1151,N21,VIIRS,n,2.0NRT,301.87,2.86,D
-12.27661,25.96482,340.43,0.39,0.36,2026-10-04,1151,N21,VIIRS,n,2.0NRT,303.85,8.52,D
-12.276,28.16574,336.46,0.45,0.39,2026-10-04,1151,N21,VIIRS,l,2.0NRT,306.6,11.27,D
-12.27314,24.49563,342.31,0.39,0.36,2026-10-04,1151,N21,VIIRS,n,2.0NRT,309.67,16.81,D
-12.27079,27.93299,338.83,0.44,0.39,2026-10-04,1151,N21,VIIRS,n,2.0NRT,304.01,9.32,D
-12.26603,25.54998,333.92,0.39,0.36,2026-10-04,1151,N21,VIIRS,n,2.0NRT,301.34,9.72,D
-12.26042,28.08706,367,0.45,0.39,2026-10-04,1151,N21,VIIRS,h,2.0NRT,305.37,15.91,D
-12.25923,22.53597,352.85,0.44,0.38,2026-10-04,1151,N21,VIIRS,l,2.0NRT,314.72,11.93,D
-12.2581,22.53596,351.45,0.44,0.38,2026-10-04,1151,N21,VIIRS,l,2.0NRT,315.42,10.74,D
-12.258,28.4971,337.12,0.47,0.4,2026-10-04,1151,N21,VIIRS,n,2.0NRT,301.72,21.43,D
-12.25645,27.14761,334.8,0.42,0.37,2026-10-04,1151,N21,VIIRS,l,2.0NRT,306.67,8,D
-12.25588,29.96972,346.33,0.57,0.43,2026-10-04,1151,N21,VIIRS,n,2.0NRT,306.79,21.9,D
-12.25314,25.14482,340.06,0.38,0.36,2026-10-04,1151,N21,VIIRS,l,2.0NRT,312.81,4.04,D
-12.25194,29.96903,340.61,0.57,0.43,2026-10-04,1151,N21,VIIRS,n,2.0NRT,301.38,21.9,D
-12.25156,22.96193,344.44,0.42,0.38,2026-10-04,1151,N21,VIIRS,l,2.0NRT,314,16.33,D
-12.24983,25.1443,338.84,0.38,0.36,2026-10-04,1151,N21,VIIRS,l,2.0NRT,309.43,2.39,D
-12.24872,32.61673,341.83,0.56,0.51,2026-10-04,1151,N21,VIIRS,n,2.0NRT,299.02,8.03,D
-12.24641,32.61886,351.08,0.56,0.51,2026-10-04,1151,N21,VIIRS,n,2.0NRT,300.1,11.42,D
-12.24308,32.62093,336.32,0.56,0.51,2026-10-04,1151,N21,VIIRS,n,2.0NRT,299.4,5.57,D
-12.23621,26.02769,331.55,0.39,0.36,2026-10-04,1151,N21,VIIRS,l,2.0NRT,304.37,3.67,D
-12.2338,22.65365,347.1,0.43,0.38,2026-10-04,1151,N21,VIIRS,n,2.0NRT,314.22,18.42,D
-12.2205,27.1963,341.88,0.42,0.37,2026-10-04,1151,N21,VIIRS,n,2.0NRT,308.66,5.25,D
-12.21988,27.20009,345.6,0.42,0.37,2026-10-04,1151,N21,VIIRS,n,2.0NRT,306.61,5.25,D
-12.21985,24.53439,347.54,0.39,0.36,2026-10-04,1151,N21,VIIRS,n,2.0NRT,309.4,6.56,D
-12.21717,28.94898,336.36,0.5,0.41,2026-10-04,1151,N21,VIIRS,n,2.0NRT,301.9,3.02,D
-12.21272,27.50766,350.22,0.43,0.38,2026-10-04,1151,N21,VIIRS,n,2.0NRT,306.43,36.33,D
-12.21218,22.60616,345.32,0.43,0.38,2026-10-04,1151,N21,VIIRS,l,2.0NRT,314.53,10.8,D
-12.21138,33.52791,340.22,0.32,0.55,2026-10-04,1151,N21,VIIRS,n,2.0NRT,302.22,2.06,D
-12.20869,22.60565,341.57,0.43,0.38,2026-10-04,1151,N21,VIIRS,l,2.0NRT,315.56,10.8,D
-12.19913,32.50654,342.62,0.55,0.51,2026-10-04,1151,N21,VIIRS,n,2.0NRT,301.38,8.68,D
-12.19886,25.1901,335.34,0.38,0.36,2026-10-04,1151,N21,VIIRS,l,2.0NRT,307.29,3.31,D
-12.19659,22.97728,345.09,0.42,0.38,2026-10-04,1151,N21,VIIRS,n,2.0NRT,307.04,7.72,D
-12.19392,28.74633,330.58,0.49,0.4,2026-10-04,1151,N21,VIIRS,n,2.0NRT,300.02,2.96,D
-12.19378,22.51029,367,0.44,0.38,2026-10-04,1151,N21,VIIRS,h,2.0NRT,340.06,182.46,D
-12.1917,31.36989,350.58,0.46,0.47,2026-10-04,1151,N21,VIIRS,n,2.0NRT,301.97,8.75,D
-12.19097,31.374,338.93,0.46,0.47,2026-10-04,1151,N21,VIIRS,n,2.0NRT,299.33,8.75,D
-12.19024,28.74571,335.76,0.49,0.4,2026-10-04,1151,N21,VIIRS,n,2.0NRT,300.04,4.27,D
-12.18508,23.0106,344.61,0.42,0.37,2026-10-04,1151,N21,VIIRS,l,2.0NRT,308.98,13.56,D
-12.18374,22.94784,338.71,0.42,0.38,2026-10-04,1151,N21,VIIRS,l,2.0NRT,308.14,7.06,D
-12.18318,22.95167,338.9,0.42,0.38,2026-10-04,1151,N21,VIIRS,n,2.0NRT,308.98,4.27,D
-12.18165,23.01009,335.92,0.42,0.37,2026-10-04,1151,N21,VIIRS,l,2.0NRT,309.1,8.13,D
-12.18045,22.0217,350.19,0.46,0.39,2026-10-04,1151,N21,VIIRS,l,2.0NRT,318.71,15.31,D
-12.17025,23.3058,336.79,0.41,0.37,2026-10-04,1151,N21,VIIRS,n,2.0NRT,305.03,3.51,D
-12.16968,26.06074,336.62,0.39,0.36,2026-10-04,1151,N21,VIIRS,n,2.0NRT,285.42,3.67,D
-12.16416,23.08142,345.81,0.42,0.37,2026-10-04,1151,N21,VIIRS,n,2.0NRT,310.85,12.27,D
-12.16144,28.00372,343.56,0.45,0.39,2026-10-04,1151,N21,VIIRS,n,2.0NRT,300.63,12.16,D
-12.16072,27.24124,344.06,0.42,0.38,2026-10-04,1151,N21,VIIRS,n,2.0NRT,306.33,9.15,D
-12.15692,25.10751,337.45,0.38,0.36,2026-10-04,1151,N21,VIIRS,n,2.0NRT,305.1,2.93,D
-12.15675,27.17793,342.26,0.42,0.37,2026-10-04,1151,N21,VIIRS,n,2.0NRT,312.59,12.53,D
-12.15461,22.97877,331.07,0.42,0.38,2026-10-04,1151,N21,VIIRS,l,2.0NRT,305.91,1.71,D
-12.15332,27.17734,344.24,0.42,0.37,2026-10-04,1151,N21,VIIRS,n,2.0NRT,306.39,12.53,D
-12.15271,27.18113,342.84,0.42,0.37,2026-10-04,1151,N21,VIIRS,n,2.0NRT,306.53,12.53,D
-12.14868,27.18436,336.94,0.42,0.37,2026-10-04,1151,N21,VIIRS,n,2.0NRT,303.83,4.71,D
-12.14188,22.72417,341.44,0.43,0.38,2026-10-04,1151,N21,VIIRS,l,2.0NRT,313.59,6.03,D
-12.14017,23.07786,367,0.42,0.37,2026-10-04,1151,N21,VIIRS,l,2.0NRT,336.6,185.38,D
-12.13674,23.07734,367,0.42,0.37,2026-10-04,1151,N21,VIIRS,h,2.0NRT,312.04,9.56,D
-12.13619,23.08114,344.29,0.42,0.37,2026-10-04,1151,N21,VIIRS,n,2.0NRT,310.88,9.56,D
-12.13387,23.07303,342.62,0.42,0.37,2026-10-04,1151,N21,VIIRS,n,2.0NRT,304.87,6.01,D
-12.13354,22.68298,348.39,0.43,0.38,2026-10-04,1151,N21,VIIRS,l,2.0NRT,317.33,13.22,D
-12.13044,23.07251,351.42,0.42,0.37,2026-10-04,1151,N21,VIIRS,n,2.0NRT,306.36,5.73,D
-12.13006,22.68247,347.74,0.43,0.38,2026-10-04,1151,N21,VIIRS,l,2.0NRT,315.12,7.75,D
-12.12858,27.24375,339.34,0.42,0.38,2026-10-04,1151,N21,VIIRS,n,2.0NRT,304.81,9.04,D
-12.12745,23.0449,341.25,0.42,0.37,2026-10-04,1151,N21,VIIRS,n,2.0NRT,309.61,15.42,D
-12.12675,28.72228,331.26,0.49,0.4,2026-10-04,1151,N21,VIIRS,l,2.0NRT,302.89,3.41,D
-12.12506,27.09085,332.04,0.41,0.37,2026-10-04,1151,N21,VIIRS,l,2.0NRT,306.88,6.02,D
-12.12453,27.247,331.86,0.42,0.38,2026-10-04,1151,N21,VIIRS,n,2.0NRT,300.8,38.78,D
-12.1178,24.08189,346.55,0.39,0.36,2026-10-04,1151,N21,VIIRS,n,2.0NRT,309.75,11.44,D
-12.11775,28.43858,335.83,0.47,0.4,2026-10-04,1151,N21,VIIRS,n,2.0NRT,297.92,4.01,D
-12.11625,27.16723,341.69,0.42,0.37,2026-10-04,1151,N21,VIIRS,n,2.0NRT,306.52,6.76,D
-12.11562,33.70829,344.78,0.33,0.55,2026-10-04,1151,N21,VIIRS,n,2.0NRT,296.33,7.02,D
-12.11553,28.9744,331.35,0.5,0.41,2026-10-04,1151,N21,VIIRS,n,2.0NRT,297.86,2.26,D
-12.11504,33.71138,367,0.33,0.55,2026-10-04,1151,N21,VIIRS,h,2.0NRT,299.2,13.9,D
-12.11379,27.18244,337,0.42,0.37,2026-10-04,1151,N21,VIIRS,n,2.0NRT,306.4,4.08,D
-12.10891,22.90536,339.61,0.42,0.38,2026-10-04,1151,N21,VIIRS,l,2.0NRT,309.48,7.02,D
-12.10878,28.14776,330.2,0.46,0.39,2026-10-04,1151,N21,VIIRS,l,2.0NRT,301.66,3.2,D
-12.10876,22.74316,335.52,0.43,0.38,2026-10-04,1151,N21,VIIRS,l,2.0NRT,309.94,5.58,D
-12.1084,33.69093,345.54,0.33,0.55,2026-10-04,1151,N21,VIIRS,n,2.0NRT,297.19,3.08,D
-12.10087,22.82131,347.73,0.42,0.38,2026-10-04,1151,N21,VIIRS,n,2.0NRT,310.72,6.05,D
-12.09866,27.69531,347.58,0.44,0.38,2026-10-04,1151,N21,VIIRS,n,2.0NRT,304.74,4.31,D
-12.09807,28.14593,343.05,0.46,0.39,2026-10-04,1151,N21,VIIRS,n,2.0NRT,297.62,5.45,D
-12.09741,22.8208,353.45,0.42,0.38,2026-10-04,1151,N21,VIIRS,n,2.0NRT,314.04,6.05,D
-12.09684,22.82467,337.75,0.42,0.38,2026-10-04,1151,N21,VIIRS,l,2.0NRT,308.86,6.05,D
-12.09397,23.08259,367,0.41,0.37,2026-10-04,1151,N21,VIIRS,h,2.0NRT,330.27,115.49,D
-12.09395,22.82028,349.98,0.42,0.38,2026-10-04,1151,N21,VIIRS,n,2.0NRT,309.88,4.77,D
-12.0939,22.29898,342.89,0.44,0.39,2026-10-04,1151,N21,VIIRS,l,2.0NRT,317.52,14.99,D
-12.09343,23.08638,334.33,0.41,0.37,2026-10-04,1151,N21,VIIRS,n,2.0NRT,304.72,40.95,D
-12.09338,22.82415,343.38,0.42,0.38,2026-10-04,1151,N21,VIIRS,l,2.0NRT,309.17,4.77,D
-12.09187,27.1007,339.55,0.42,0.37,2026-10-04,1151,N21,VIIRS,n,2.0NRT,301.32,4.45,D
-12.089,22.9023,351.14,0.42,0.38,2026-10-04,1151,N21,VIIRS,n,2.0NRT,311.43,23.77,D
-12.08788,27.17023,338.21,0.42,0.37,2026-10-04,1151,N21,VIIRS,l,2.0NRT,310.96,8.43,D
-12.08554,27.46643,341.87,0.43,0.38,2026-10-04,1151,N21,VIIRS,n,2.0NRT,309.95,15.05,D
-12.08105,24.14552,334.09,0.39,0.36,2026-10-04,1151,N21,VIIRS,n,2.0NRT,305.02,2.98,D
-12.08019,32.69485,341.42,0.57,0.52,2026-10-04,1151,N21,VIIRS,n,2.0NRT,301.46,7.21,D
-12.07396,27.05892,346.28,0.41,0.37,2026-10-04,1151,N21,VIIRS,n,2.0NRT,298.59,9.23,D
-12.07349,31.10673,337.5,0.45,0.47,2026-10-04,1151,N21,VIIRS,n,2.0NRT,305.27,5.07,D
-12.07075,28.53862,341.01,0.48,0.4,2026-10-04,1151,N21,VIIRS,n,2.0NRT,304.19,12.95,D
-12.07054,27.05836,348.5,0.41,0.37,2026-10-04,1151,N21,VIIRS,n,2.0NRT,299.93,9.23,D
-12.06104,22.94904,347.83,0.42,0.38,2026-10-04,1151,N21,VIIRS,l,2.0NRT,309.94,17.38,D
-12.0576,22.94854,354.33,0.42,0.38,2026-10-04,1151,N21,VIIRS,n,2.0NRT,313.05,17.38,D
-12.05378,22.99875,337.34,0.42,0.37,2026-10-04,1151,N21,VIIRS,l,2.0NRT,311.82,10.19,D
-12.05278,23.39073,337.22,0.41,0.37,2026-10-04,1151,N21,VIIRS,n,2.0NRT,301.18,5.96,D
-12.05034,22.99825,342.03,0.42,0.37,2026-10-04,1151,N21,VIIRS,n,2.0NRT,310.22,10.19,D
-12.04868,23.00967,342.85,0.42,0.37,2026-10-04,1151,N21,VIIRS,l,2.0NRT,311.56,8.67,D
-12.048,27.60937,337.83,0.43,0.38,2026-10-04,1151,N21,VIIRS,n,2.0NRT,307.16,6.27,D
-12.04524,23.00916,337.57,0.42,0.37,2026-10-04,1151,N21,VIIRS,l,2.0NRT,311.43,6.36,D
-12.04504,27.04248,338.02,0.41,0.37,2026-10-04,1151,N21,VIIRS,n,2.0NRT,292.71,5.44,D
-12.04163,27.0419,347.7,0.41,0.37,2026-10-04,1151,N21,VIIRS,n,2.0NRT,295.32,13.99,D
-12.03884,27.77564,336.27,0.44,0.38,2026-10-04,1151,N21,VIIRS,n,2.0NRT,301.15,2.94,D
-12.03698,27.6768,337.19,0.44,0.38,2026-10-04,1151,N21,VIIRS,n,2.0NRT,305.9,9.61,D
-12.0327,24.28732,341.91,0.39,0.36,2026-10-04,1151,N21,VIIRS,n,2.0NRT,309.57,6.69,D
-12.02838,23.19597,343.55,0.41,0.37,2026-10-04,1151,N21,VIIRS,n,2.0NRT,311.31,15.97,D
-12.02794,24.31922,339.45,0.39,0.36,2026-10-04,1151,N21,VIIRS,n,2.0NRT,307.59,5.12,D
-12.02741,22.76691,345.41,0.42,0.38,2026-10-04,1151,N21,VIIRS,n,2.0NRT,311.09,38.38,D
-12.02738,27.26226,334.02,0.42,0.38,2026-10-04,1151,N21,VIIRS,n,2.0NRT,307.09,3.9,D
-12.02724,33.35227,335.8,0.63,0.54,2026-10-04,1151,N21,VIIRS,l,2.0NRT,306.01,6.06,D
-12.02644,33.3498,338.23,0.63,0.54,2026-10-04,1151,N21,VIIRS,n,2.0NRT,305.73,6.04,D
-12.02587,31.15297,333.46,0.45,0.47,2026-10-04,1151,N21,VIIRS,l,2.0NRT,305.12,2.93,D
-12.01907,33.27773,342.67,0.62,0.54,2026-10-04,1151,N21,VIIRS,n,2.0NRT,305,10.2,D
-12.01805,33.28334,342.95,0.63,0.54,2026-10-04,1151,N21,VIIRS,n,2.0NRT,305.87,10.2,D
-12.01563,24.2193,345.43,0.39,0.36,2026-10-04,1151,N21,VIIRS,n,2.0NRT,311.27,7.45,D
-12.01545,33.27948,350.53,0.62,0.54,2026-10-04,1151,N21,VIIRS,n,2.0NRT,306.54,14.06,D
-12.0148,22.7809,353.2,0.42,0.38,2026-10-04,1151,N21,VIIRS,l,2.0NRT,318.3,102.48,D
-12.01231,24.21879,346.8,0.39,0.36,2026-10-04,1151,N21,VIIRS,n,2.0NRT,310.11,7.45,D
-12.01134,22.78039,349.31,0.42,0.38,2026-10-04,1151,N21,VIIRS,l,2.0NRT,321.6,102.48,D
-12.00843,22.77601,367,0.42,0.38,2026-10-04,1151,N21,VIIRS,l,2.0NRT,329.43,32.27,D
-12.00788,22.77988,349.14,0.42,0.38,2026-10-04,1151,N21,VIIRS,l,2.0NRT,318.17,32.27,D
-12.00781,23.16983,337.87,0.41,0.37,2026-10-04,1151,N21,VIIRS,l,2.0NRT,307,12.72,D
-12.007,31.23485,341.63,0.46,0.47,2026-10-04,1151,N21,VIIRS,n,2.0NRT,303.3,11.69,D
-12.00651,22.77235,305.65,0.42,0.38,2026-10-04,1151,N21,VIIRS,l,2.0NRT,308.47,18.51,D
-12.00648,27.12941,332.47,0.42,0.37,2026-10-04,1151,N21,VIIRS,n,2.0NRT,300.32,4.1,D
-12.00594,22.77621,353.16,0.42,0.38,2026-10-04,1151,N21,VIIRS,l,2.0NRT,316.98,44.77,D
-12.00442,22.77936,346.62,0.42,0.38,2026-10-04,1151,N21,VIIRS,l,2.0NRT,310.87,32.27,D
-12.00367,27.12506,333.39,0.42,0.37,2026-10-04,1151,N21,VIIRS,n,2.0NRT,301.32,6.36,D
-12.00306,27.12884,334.59,0.42,0.37,2026-10-04,1151,N21,VIIRS,n,2.0NRT,301.06,4.1,D
-12.00135,22.78343,340.02,0.42,0.38,2026-10-04,1151,N21,VIIRS,l,2.0NRT,315,9,D
-11.99606,30.1692,334.55,0.39,0.44,2026-10-04,1151,N21,VIIRS,n,2.0NRT,296.82,3.21,D
-11.99294,29.6646,339.19,0.55,0.43,2026-10-04,1151,N21,VIIRS,n,2.0NRT,300.58,21.66,D
-11.99205,30.16847,333.63,0.39,0.44,2026-10-04,1151,N21,VIIRS,n,2.0NRT,295.63,3.21,D
-11.98732,23.07037,337.67,0.41,0.37,2026-10-04,1151,N21,VIIRS,n,2.0NRT,305.37,8.34,D
-11.98388,27.2472,345.61,0.42,0.38,2026-10-04,1151,N21,VIIRS,n,2.0NRT,301.54,11.93,D
-11.98259,28.55026,340.88,0.48,0.4,2026-10-04,1151,N21,VIIRS,n,2.0NRT,305.26,16.91,D
-11.98229,28.55139,333.59,0.48,0.4,2026-10-04,1151,N21,VIIRS,n,2.0NRT,302.65,15.84,D
-11.97824,22.77215,355.5,0.42,0.38,2026-10-04,1151,N21,VIIRS,n,2.0NRT,313.46,27.9,D
-11.97518,31.49059,337.84,0.48,0.48,2026-10-04,1151,N21,VIIRS,n,2.0NRT,300.09,8.17,D
-11.97486,22.79535,338.81,0.42,0.38,2026-10-04,1151,N21,VIIRS,l,2.0NRT,312.12,6,D
-11.97275,26.98838,336.5,0.41,0.37,2026-10-04,1151,N21,VIIRS,n,2.0NRT,298.52,20.88,D
-11.96967,23.9339,331.05,0.39,0.36,2026-10-04,1151,N21,VIIRS,n,2.0NRT,300.57,2.25,D
-11.96922,22.83404,337.97,0.42,0.38,2026-10-04,1151,N21,VIIRS,n,2.0NRT,309.13,3.25,D
-11.96922,23.2674,337.86,0.41,0.37,2026-10-04,1151,N21,VIIRS,n,2.0NRT,305.41,13.09,D
-11.96344,23.16319,330.52,0.41,0.37,2026-10-04,1151,N21,VIIRS,l,2.0NRT,299.91,4.69,D
-11.9617,23.98776,346.09,0.39,0.36,2026-10-04,1151,N21,VIIRS,n,2.0NRT,309.45,5.8,D
-11.95904,24.25723,346.34,0.39,0.36,2026-10-04,1151,N21,VIIRS,n,2.0NRT,308.14,8.64,D
-11.95819,31.51006,331.67,0.48,0.48,2026-10-04,1151,N21,VIIRS,n,2.0NRT,299.57,8.02,D
-11.95572,24.25672,338.28,0.39,0.36,2026-10-04,1151,N21,VIIRS,n,2.0NRT,306.46,3.39,D
-11.95512,27.29825,335.09,0.42,0.38,2026-10-04,1151,N21,VIIRS,l,2.0NRT,305.23,5.55,D
-11.93037,27.29809,340.22,0.42,0.38,2026-10-04,1151,N21,VIIRS,n,2.0NRT,301.42,7.16,D
-11.92631,27.30136,337.63,0.42,0.38,2026-10-04,1151,N21,VIIRS,n,2.0NRT,305.32,3.64,D
-11.91077,24.39829,338.49,0.39,0.36,2026-10-04,1151,N21,VIIRS,l,2.0NRT,309.67,9.21,D
-11.91024,24.40183,338.6,0.39,0.36,2026-10-04,1151,N21,VIIRS,l,2.0NRT,310.92,9.21,D
-11.90094,24.21503,339.2,0.39,0.36,2026-10-04,1151,N21,VIIRS,n,2.0NRT,306.7,8.5,D
-11.90038,27.04613,331.47,0.41,0.37,2026-10-04,1151,N21,VIIRS,n,2.0NRT,296.18,2.77,D
-11.89981,27.04985,342.9,0.41,0.37,2026-10-04,1151,N21,VIIRS,n,2.0NRT,296.42,8.6,D
-11.89978,27.04991,345.23,0.42,0.37,2026-10-04,1151,N21,VIIRS,n,2.0NRT,296.59,9.14,D
-11.89762,24.21453,334.82,0.39,0.36,2026-10-04,1151,N21,VIIRS,n,2.0NRT,306.71,8.5,D
-11.89696,27.04556,331.02,0.41,0.37,2026-10-04,1151,N21,VIIRS,n,2.0NRT,296.45,2.77,D
-11.89636,27.04935,355.6,0.42,0.37,2026-10-04,1151,N21,VIIRS,n,2.0NRT,301.85,9.14,D
-11.89627,31.67793,338.65,0.49,0.49,2026-10-04,1151,N21,VIIRS,n,2.0NRT,298.01,8.19,D
-11.89576,27.05314,331.28,0.42,0.37,2026-10-04,1151,N21,VIIRS,n,2.0NRT,297.88,9.14,D
-11.89294,27.04879,343.37,0.42,0.37,2026-10-04,1151,N21,VIIRS,n,2.0NRT,295.36,5.98,D
-11.89234,27.05258,340.18,0.42,0.37,2026-10-04,1151,N21,VIIRS,n,2.0NRT,299.74,5.98,D
-11.8825,23.11681,344.19,0.41,0.37,2026-10-04,1151,N21,VIIRS,n,2.0NRT,300.12,5.16,D
-11.87943,30.57621,342.13,0.42,0.45,2026-10-04,1151,N21,VIIRS,n,2.0NRT,300.37,20.02,D
-11.87596,29.08396,331.54,0.51,0.41,2026-10-04,1151,N21,VIIRS,n,2.0NRT,299.1,3.7,D
-11.87531,30.57549,341.46,0.42,0.45,2026-10-04,1151,N21,VIIRS,n,2.0NRT,306.52,33.7,D
-11.87185,30.57099,341.57,0.42,0.45,2026-10-04,1151,N21,VIIRS,n,2.0NRT,301.93,6.73,D
-11.86522,27.90578,335.11,0.45,0.39,2026-10-04,1151,N21,VIIRS,n,2.0NRT,304.55,4.35,D
-11.86413,26.94337,330.57,0.41,0.37,2026-10-04,1151,N21,VIIRS,n,2.0NRT,293.56,3.72,D
-11.86363,28.97236,335.01,0.5,0.41,2026-10-04,1151,N21,VIIRS,n,2.0NRT,302.94,4.22,D
-11.846,22.8629,344.24,0.42,0.38,2026-10-04,1151,N21,VIIRS,l,2.0NRT,311.41,5.93,D
-11.83645,30.19902,332.53,0.4,0.44,2026-10-04,1151,N21,VIIRS,n,2.0NRT,297.15,4.68,D
-11.83489,23.08266,335.75,0.41,0.37,2026-10-04,1151,N21,VIIRS,l,2.0NRT,309.06,9.16,D
-11.83369,23.06702,332.5,0.41,0.37,2026-10-04,1151,N21,VIIRS,l,2.0NRT,307.37,15.25,D
-11.82927,31.69988,340.21,0.49,0.49,2026-10-04,1151,N21,VIIRS,n,2.0NRT,299.77,8.57,D
-11.82849,31.70428,340.02,0.49,0.49,2026-10-04,1151,N21,VIIRS,n,2.0NRT,300.14,8.23,D
-11.82787,31.83797,336.64,0.5,0.49,2026-10-04,1151,N21,VIIRS,n,2.0NRT,298.9,7.2,D
-11.82772,31.70863,335.63,0.49,0.49,2026-10-04,1151,N21,VIIRS,n,2.0NRT,300.27,8.23,D
-11.82709,31.8424,343.99,0.5,0.49,2026-10-04,1151,N21,VIIRS,n,2.0NRT,299.63,7.2,D
-11.82631,31.8468,367,0.5,0.49,2026-10-04,1151,N21,VIIRS,h,2.0NRT,300.91,21.46,D
-11.82323,26.87142,337.23,0.41,0.37,2026-10-04,1151,N21,VIIRS,n,2.0NRT,295.54,11.88,D
-11.8218,31.84615,334.02,0.5,0.49,2026-10-04,1151,N21,VIIRS,n,2.0NRT,297.43,4.32,D
-11.81541,24.60283,341.41,0.39,0.36,2026-10-04,1151,N21,VIIRS,n,2.0NRT,309.13,2.95,D
-11.81129,22.81065,344.1,0.42,0.38,2026-10-04,1151,N21,VIIRS,n,2.0NRT,308.3,7.51,D
-11.80871,24.4901,334.47,0.39,0.36,2026-10-04,1151,N21,VIIRS,l,2.0NRT,308.52,4.01,D
-11.80723,30.93587,341.77,0.44,0.46,2026-10-04,1151,N21,VIIRS,n,2.0NRT,301.15,7.6,D
-11.7968,22.8869,337,0.42,0.38,2026-10-04,1151,N21,VIIRS,l,2.0NRT,311.31,6.3,D
-11.78539,33.76331,335.04,0.34,0.56,2026-10-04,1151,N21,VIIRS,n,2.0NRT,299.99,2.28,D
-11.7621,23.00613,341.58,0.41,0.37,2026-10-04,1151,N21,VIIRS,n,2.0NRT,313.2,14.21,D
-11.75939,23.02502,336.38,0.41,0.37,2026-10-04,1151,N21,VIIRS,n,2.0NRT,305.35,6.45,D
-11.75822,24.39564,336.55,0.39,0.36,2026-10-04,1151,N21,VIIRS,n,2.0NRT,310.28,1.67,D
-11.74834,30.72638,343.6,0.43,0.46,2026-10-04,1151,N21,VIIRS,n,2.0NRT,303.71,14.39,D
-11.73799,22.97893,350.78,0.42,0.37,2026-10-04,1151,N21,VIIRS,l,2.0NRT,313,19.31,D
-11.73456,22.97842,332.85,0.42,0.37,2026-10-04,1151,N21,VIIRS,l,2.0NRT,303.28,19.31,D
-11.73404,31.65027,348.4,0.49,0.49,2026-10-04,1151,N21,VIIRS,n,2.0NRT,299.39,10.81,D
-11.72234,31.69044,348.31,0.49,0.49,2026-10-04,1151,N21,VIIRS,n,2.0NRT,297.75,12.18,D
-11.70566,32.61379,343.35,0.57,0.52,2026-10-04,1151,N21,VIIRS,n,2.0NRT,303.57,7.4,D
-11.70424,31.81836,332.28,0.5,0.49,2026-10-04,1151,N21,VIIRS,l,2.0NRT,302.33,4.26,D
-11.70395,32.61716,343.49,0.57,0.52,2026-10-04,1151,N21,VIIRS,n,2.0NRT,303.77,10.8,D
-11.70206,30.76335,341.78,0.43,0.46,2026-10-04,1151,N21,VIIRS,n,2.0NRT,300.29,19.41,D
-11.694,23.87221,332.86,0.39,0.36,2026-10-04,1151,N21,VIIRS,n,2.0NRT,303.22,3.52,D
-11.6917,22.43075,354.8,0.43,0.38,2026-10-04,1151,N21,VIIRS,l,2.0NRT,325.92,27.28,D
-11.68778,33.73303,342.56,0.34,0.56,2026-10-04,1151,N21,VIIRS,n,2.0NRT,300.57,3.54,D
-11.68406,26.94892,330.77,0.41,0.37,2026-10-04,1151,N21,VIIRS,n,2.0NRT,298.66,3.85,D
-11.68269,31.8612,349.22,0.51,0.49,2026-10-04,1151,N21,VIIRS,n,2.0NRT,299.25,13.75,D
-11.68188,31.86575,336.43,0.51,0.49,2026-10-04,1151,N21,VIIRS,n,2.0NRT,300.5,8.67,D
-11.68018,27.12643,353.67,0.42,0.38,2026-10-04,1151,N21,VIIRS,n,2.0NRT,302.23,11.88,D
-11.67506,24.90023,337.8,0.38,0.36,2026-10-04,1151,N21,VIIRS,l,2.0NRT,311.33,6.47,D
-11.6669,27.36177,340.29,0.43,0.38,2026-10-04,1151,N21,VIIRS,l,2.0NRT,310.3,7.92,D
-11.66213,33.33968,339.25,0.32,0.55,2026-10-04,1151,N21,VIIRS,n,2.0NRT,303.72,2.78,D
-11.65843,23.30754,333.57,0.41,0.37,2026-10-04,1151,N21,VIIRS,l,2.0NRT,292.9,3.56,D
-11.65504,23.30704,333.19,0.41,0.37,2026-10-04,1151,N21,VIIRS,l,2.0NRT,293.51,17.32,D
-11.65437,23.28801,340.65,0.41,0.37,2026-10-04,1151,N21,VIIRS,n,2.0NRT,294.15,6.17,D
-11.65382,24.72839,332.02,0.38,0.36,2026-10-04,1151,N21,VIIRS,l,2.0NRT,303.87,8.2,D
-11.65324,27.71283,342.83,0.44,0.38,2026-10-04,1151,N21,VIIRS,n,2.0NRT,300.75,18.67,D
-11.65274,23.29912,332.17,0.41,0.37,2026-10-04,1151,N21,VIIRS,l,2.0NRT,292.98,4.01,D
-11.65202,31.78645,342.55,0.5,0.49,2026-10-04,1151,N21,VIIRS,n,2.0NRT,302.66,27.84,D
-11.65011,31.78474,349.21,0.5,0.49,2026-10-04,1151,N21,VIIRS,n,2.0NRT,302.19,29.45,D
-11.64325,23.31662,338.7,0.41,0.37,2026-10-04,1151,N21,VIIRS,n,2.0NRT,295.29,8.27,D
-11.64172,24.8305,336.9,0.38,0.36,2026-10-04,1151,N21,VIIRS,n,2.0NRT,307.04,3.62,D
-11.63901,33.71175,336.19,0.34,0.56,2026-10-04,1151,N21,VIIRS,n,2.0NRT,302.35,3.09,D
-11.63864,23.3008,345.94,0.41,0.37,2026-10-04,1151,N21,VIIRS,n,2.0NRT,302.32,21.73,D
-11.6349,31.91961,352.74,0.51,0.5,2026-10-04,1151,N21,VIIRS,n,2.0NRT,301.81,16.82,D
-11.63041,31.91863,342.36,0.51,0.5,2026-10-04,1151,N21,VIIRS,n,2.0NRT,300.37,16.82,D
-11.63004,23.54731,338.75,0.4,0.37,2026-10-04,1151,N21,VIIRS,n,2.0NRT,304.17,4.26,D
-11.6295,23.55096,333.33,0.4,0.37,2026-10-04,1151,N21,VIIRS,n,2.0NRT,302.67,4.26,D
-11.62707,24.25206,333.71,0.39,0.36,2026-10-04,1151,N21,VIIRS,l,2.0NRT,305.06,4.02,D
-11.62477,22.16742,335.63,0.44,0.39,2026-10-04,1151,N21,VIIRS,l,2.0NRT,310.07,7.27,D
-11.6227,27.29129,339.13,0.43,0.38,2026-10-04,1151,N21,VIIRS,l,2.0NRT,309.69,8.29,D
-11.61637,24.81936,337.65,0.38,0.36,2026-10-04,1151,N21,VIIRS,l,2.0NRT,309.11,12.67,D
-11.61592,24.2359,336.29,0.39,0.36,2026-10-04,1151,N21,VIIRS,n,2.0NRT,306.85,5.19,D
-11.61411,22.14098,347.25,0.45,0.39,2026-10-04,1151,N21,VIIRS,l,2.0NRT,311.86,6.28,D
-11.61352,22.14506,349.92,0.45,0.39,2026-10-04,1151,N21,VIIRS,l,2.0NRT,310.88,17.03,D
-11.61294,22.14913,346.69,0.45,0.39,2026-10-04,1151,N21,VIIRS,l,2.0NRT,313.49,17.03,D
-11.61245,23.11855,333.61,0.41,0.37,2026-10-04,1151,N21,VIIRS,l,2.0NRT,296.48,3.87,D
-11.6119,23.1223,344.25,0.41,0.37,2026-10-04,1151,N21,VIIRS,n,2.0NRT,303.24,8.49,D
-11.61178,22.15725,341.1,0.45,0.39,2026-10-04,1151,N21,VIIRS,n,2.0NRT,312.31,7.49,D
-11.61056,22.14047,339.94,0.45,0.39,2026-10-04,1151,N21,VIIRS,l,2.0NRT,311.83,6.28,D
-11.6094,22.14861,345.09,0.45,0.39,2026-10-04,1151,N21,VIIRS,l,2.0NRT,314.76,17.03,D
-11.60842,27.99011,338.6,0.45,0.39,2026-10-04,1151,N21,VIIRS,n,2.0NRT,295.41,6.03,D
-11.60766,22.16076,348.15,0.45,0.39,2026-10-04,1151,N21,VIIRS,n,2.0NRT,312.7,10.23,D
-11.60701,22.13997,347.19,0.45,0.39,2026-10-04,1151,N21,VIIRS,l,2.0NRT,313.07,7.98,D
-11.60408,24.04145,337.49,0.39,0.36,2026-10-04,1151,N21,VIIRS,l,2.0NRT,308.92,6.93,D
-11.59996,31.97782,333.66,0.52,0.5,2026-10-04,1151,N21,VIIRS,n,2.0NRT,296.3,5.63,D
-11.58795,27.04529,339.41,0.42,0.37,2026-10-04,1151,N21,VIIRS,n,2.0NRT,302.86,5.14,D
-11.58162,22.3173,338.79,0.44,0.38,2026-10-04,1151,N21,VIIRS,n,2.0NRT,311.03,6.64,D
-11.57835,23.44261,338.35,0.4,0.37,2026-10-04,1151,N21,VIIRS,l,2.0NRT,304.82,4.16,D
-11.5734,22.14745,342.64,0.45,0.39,2026-10-04,1151,N21,VIIRS,l,2.0NRT,309.72,23.1,D
-11.57234,33.3793,339.93,0.32,0.55,2026-10-04,1151,N21,VIIRS,n,2.0NRT,305.72,4.16,D
-11.57178,33.38134,340.09,0.32,0.55,2026-10-04,1151,N21,VIIRS,n,2.0NRT,305.55,2.46,D
-11.56928,22.151,335.56,0.45,0.39,2026-10-04,1151,N21,VIIRS,l,2.0NRT,306.82,5.62,D
-11.5663,26.63084,336.65,0.41,0.37,2026-10-04,1151,N21,VIIRS,n,2.0NRT,300.58,3.59,D
-11.56292,24.3181,332.84,0.39,0.36,2026-10-04,1151,N21,VIIRS,n,2.0NRT,305.21,4.23,D
-11.56239,24.32163,336.69,0.39,0.36,2026-10-04,1151,N21,VIIRS,n,2.0NRT,307.69,6.11,D
-11.56179,27.73988,340.98,0.44,0.39,2026-10-04,1151,N21,VIIRS,n,2.0NRT,298.09,6.01,D
-11.56146,23.13387,338.78,0.41,0.37,2026-10-04,1151,N21,VIIRS,n,2.0NRT,302.15,6,D
-11.5607,22.21172,339.31,0.44,0.39,2026-10-04,1151,N21,VIIRS,l,2.0NRT,314.28,11.29,D
-11.55921,30.51522,346.35,0.42,0.45,2026-10-04,1151,N21,VIIRS,n,2.0NRT,293.31,16.59,D
-11.55857,26.03324,342.95,0.39,0.36,2026-10-04,1151,N21,VIIRS,n,2.0NRT,306.88,10.85,D
-11.55806,23.13336,331.12,0.41,0.37,2026-10-04,1151,N21,VIIRS,l,2.0NRT,296.87,4.37,D
-11.55784,23.60351,338.08,0.4,0.37,2026-10-04,1151,N21,VIIRS,n,2.0NRT,308.02,8.21,D
-11.55751,23.1371,350.8,0.41,0.37,2026-10-04,1151,N21,VIIRS,n,2.0NRT,304.36,17.51,D
-11.55524,26.03271,339.37,0.39,0.36,2026-10-04,1151,N21,VIIRS,n,2.0NRT,302.93,4.2,D
-11.55508,30.51448,344.29,0.42,0.45,2026-10-04,1151,N21,VIIRS,n,2.0NRT,297.3,16.59,D
-11.55222,22.04485,348.23,0.45,0.39,2026-10-04,1151,N21,VIIRS,n,2.0NRT,315.09,7.96,D
-11.55098,31.88504,339.4,0.51,0.5,2026-10-04,1151,N21,VIIRS,n,2.0NRT,299.75,7.37,D
-11.5509,31.96362,331.48,0.52,0.5,2026-10-04,1151,N21,VIIRS,n,2.0NRT,300.43,3.2,D
-11.55029,30.51753,342.73,0.42,0.45,2026-10-04,1151,N21,VIIRS,n,2.0NRT,298,9.47,D
-11.54752,23.55735,344.93,0.4,0.37,2026-10-04,1151,N21,VIIRS,n,2.0NRT,307.56,4.93,D
-11.54698,23.561,342.25,0.4,0.37,2026-10-04,1151,N21,VIIRS,n,2.0NRT,306.75,4.93,D
-11.5455,30.52059,344.21,0.42,0.45,2026-10-04,1151,N21,VIIRS,n,2.0NRT,296.75,9.47,D
-11.54491,24.27833,334.04,0.39,0.36,2026-10-04,1151,N21,VIIRS,l,2.0NRT,306.12,5.38,D
-11.54323,30.52012,340.89,0.42,0.45,2026-10-04,1151,N21,VIIRS,n,2.0NRT,293.22,5.47,D
-11.54159,24.27783,346.08,0.39,0.36,2026-10-04,1151,N21,VIIRS,n,2.0NRT,309.6,5.38,D
-11.53838,23.24444,344.97,0.41,0.37,2026-10-04,1151,N21,VIIRS,n,2.0NRT,308.79,8.11,D
-11.53151,24.25461,338.79,0.39,0.36,2026-10-04,1151,N21,VIIRS,n,2.0NRT,309.03,13.7,D
-11.53106,24.7768,335.59,0.38,0.36,2026-10-04,1151,N21,VIIRS,l,2.0NRT,308.08,4.55,D
-11.52637,23.67653,333.2,0.4,0.37,2026-10-04,1151,N21,VIIRS,n,2.0NRT,302.68,2.28,D
-11.51574,24.38204,337.7,0.39,0.36,2026-10-04,1151,N21,VIIRS,n,2.0NRT,310.5,11.59,D
-11.51199,23.13381,334.28,0.41,0.37,2026-10-04,1151,N21,VIIRS,l,2.0NRT,301.94,44.74,D
-11.51146,27.21708,332.43,0.42,0.38,2026-10-04,1151,N21,VIIRS,l,2.0NRT,303.86,3.14,D
-11.51123,31.97534,335.03,0.52,0.5,2026-10-04,1151,N21,VIIRS,n,2.0NRT,297.48,3.52,D
-11.51016,31.97787,344.82,0.52,0.5,2026-10-04,1151,N21,VIIRS,n,2.0NRT,300.69,8.28,D
-11.50863,27.21266,338.12,0.42,0.38,2026-10-04,1151,N21,VIIRS,n,2.0NRT,303.6,3.14,D
-11.50801,27.21651,330.91,0.42,0.38,2026-10-04,1151,N21,VIIRS,l,2.0NRT,303.08,3.14,D
-11.50779,23.3117,342.45,0.4,0.37,2026-10-04,1151,N21,VIIRS,l,2.0NRT,309.82,25.47,D
-11.49977,28.07997,333.29,0.46,0.39,2026-10-04,1151,N21,VIIRS,n,2.0NRT,294.68,7.29,D
-11.49909,28.08417,334.12,0.46,0.39,2026-10-04,1151,N21,VIIRS,n,2.0NRT,294.53,7.4,D
-11.49654,27.15557,333.32,0.42,0.38,2026-10-04,1151,N21,VIIRS,l,2.0NRT,306.17,3.83,D
-11.49056,23.66368,345.55,0.4,0.37,2026-10-04,1151,N21,VIIRS,n,2.0NRT,307.59,7.3,D
-11.48668,25.70834,333.79,0.39,0.36,2026-10-04,1151,N21,VIIRS,n,2.0NRT,298.57,5.59,D
-11.48351,30.84644,343.28,0.44,0.46,2026-10-04,1151,N21,VIIRS,n,2.0NRT,298.47,54.04,D
-11.48111,30.16892,332.61,0.4,0.44,2026-10-04,1151,N21,VIIRS,n,2.0NRT,297.67,2.15,D
-11.48104,33.28409,335.64,0.32,0.55,2026-10-04,1151,N21,VIIRS,n,2.0NRT,302.54,2.46,D
-11.47983,23.1633,340.05,0.41,0.37,2026-10-04,1151,N21,VIIRS,l,2.0NRT,309.82,8.75,D
-11.47748,22.74596,334.06,0.42,0.38,2026-10-04,1151,N21,VIIRS,n,2.0NRT,302.62,19.98,D
-11.47548,30.15299,338.82,0.4,0.44,2026-10-04,1151,N21,VIIRS,n,2.0NRT,299.08,5.38,D
-11.47405,24.16259,331.04,0.39,0.36,2026-10-04,1151,N21,VIIRS,l,2.0NRT,304.98,2.36,D
-11.47404,22.74541,331.06,0.42,0.38,2026-10-04,1151,N21,VIIRS,n,2.0NRT,304.51,19.98,D
-11.47367,24.72753,333.35,0.38,0.36,2026-10-04,1151,N21,VIIRS,n,2.0NRT,303.01,4.64,D
-11.47,22.08719,342.31,0.45,0.39,2026-10-04,1151,N21,VIIRS,l,2.0NRT,313.63,10.88,D
-11.46969,31.9942,330.72,0.52,0.5,2026-10-04,1151,N21,VIIRS,l,2.0NRT,301.64,22.6,D
-11.46548,26.60256,333.96,0.41,0.37,2026-10-04,1151,N21,VIIRS,n,2.0NRT,297.26,3.39,D
-11.46539,22.83019,342.23,0.42,0.38,2026-10-04,1151,N21,VIIRS,n,2.0NRT,306.9,22.18,D
-11.46376,23.22539,342.65,0.41,0.37,2026-10-04,1151,N21,VIIRS,n,2.0NRT,305.7,6.39,D
-11.46051,24.36634,336.44,0.39,0.36,2026-10-04,1151,N21,VIIRS,n,2.0NRT,306.63,3.61,D
-11.4584,32.03129,336.32,0.53,0.5,2026-10-04,1151,N21,VIIRS,n,2.0NRT,301.52,3.73,D
-11.45491,32.05098,341.04,0.53,0.5,2026-10-04,1151,N21,VIIRS,n,2.0NRT,300.71,10.01,D
-11.45179,25.23008,335.53,0.38,0.36,2026-10-04,1151,N21,VIIRS,n,2.0NRT,302.3,3.26,D
-11.44756,25.27965,331.4,0.38,0.36,2026-10-04,1151,N21,VIIRS,n,2.0NRT,299.17,3.02,D
-11.44289,30.17331,367,0.4,0.44,2026-10-04,1151,N21,VIIRS,h,2.0NRT,297.54,16.13,D
-11.44227,30.17694,336.33,0.4,0.44,2026-10-04,1151,N21,VIIRS,n,2.0NRT,293.12,3.19,D
-11.44087,28.16951,332.71,0.46,0.39,2026-10-04,1151,N21,VIIRS,n,2.0NRT,299.62,5.51,D
-11.44026,33.5099,335.87,0.33,0.55,2026-10-04,1151,N21,VIIRS,n,2.0NRT,302.32,1.4,D
-11.44006,22.374,339.99,0.43,0.38,2026-10-04,1151,N21,VIIRS,n,2.0NRT,302,5.87,D
-11.43625,33.74869,367,0.34,0.56,2026-10-04,1151,N21,VIIRS,h,2.0NRT,301.86,4.83,D
-11.43036,31.89928,345,0.52,0.5,2026-10-04,1151,N21,VIIRS,n,2.0NRT,308.63,27.92,D
-11.43006,31.95289,330.25,0.52,0.5,2026-10-04,1151,N21,VIIRS,l,2.0NRT,300.71,8.53,D
-11.42583,31.89845,337.81,0.52,0.5,2026-10-04,1151,N21,VIIRS,n,2.0NRT,301.84,27.92,D
-11.42552,31.95208,350.72,0.52,0.5,2026-10-04,1151,N21,VIIRS,n,2.0NRT,303.57,8.53,D
-11.42497,31.90321,340.68,0.52,0.5,2026-10-04,1151,N21,VIIRS,n,2.0NRT,302.66,27.92,D
-11.42355,22.99792,337.47,0.41,0.37,2026-10-04,1151,N21,VIIRS,n,2.0NRT,296.77,6.32,D
-11.42258,32.86567,331.47,0.6,0.53,2026-10-04,1151,N21,VIIRS,l,2.0NRT,302.87,3.34,D
-11.41448,24.76128,341.15,0.38,0.36,2026-10-04,1151,N21,VIIRS,n,2.0NRT,302.48,14.14,D
-11.41346,28.15614,334.5,0.46,0.39,2026-10-04,1151,N21,VIIRS,n,2.0NRT,297.69,6.44,D
-11.41326,24.43102,334.36,0.39,0.36,2026-10-04,1151,N21,VIIRS,n,2.0NRT,302.35,4.05,D
-11.40613,30.96539,341.9,0.45,0.47,2026-10-04,1151,N21,VIIRS,n,2.0NRT,301.95,33.98,D
-11.40296,33.57111,367,0.34,0.56,2026-10-04,1151,N21,VIIRS,h,2.0NRT,303.95,6.72,D
-11.39504,28.2447,335.71,0.47,0.4,2026-10-04,1151,N21,VIIRS,n,2.0NRT,300.45,8.13,D
-11.39433,28.24896,347.78,0.47,0.4,2026-10-04,1151,N21,VIIRS,n,2.0NRT,304.16,26.12,D
-11.39143,28.24408,342.31,0.47,0.4,2026-10-04,1151,N21,VIIRS,n,2.0NRT,300.84,8.13,D
-11.39072,28.24834,339.54,0.47,0.4,2026-10-04,1151,N21,VIIRS,n,2.0NRT,300.31,26.12,D
-11.38841,27.95916,345.79,0.46,0.39,2026-10-04,1151,N21,VIIRS,n,2.0NRT,297.91,8.47,D
-11.38629,30.16323,352.5,0.4,0.44,2026-10-04,1151,N21,VIIRS,n,2.0NRT,300.5,10.19,D
-11.38597,30.1629,349.76,0.4,0.44,2026-10-04,1151,N21,VIIRS,n,2.0NRT,300.89,10.6,D
-11.38567,23.68428,336.48,0.4,0.37,2026-10-04,1151,N21,VIIRS,n,2.0NRT,303.36,1.17,D
-11.38479,24.75304,332.67,0.38,0.36,2026-10-04,1151,N21,VIIRS,n,2.0NRT,304.36,3.61,D
-11.38288,30.15889,341.34,0.4,0.44,2026-10-04,1151,N21,VIIRS,n,2.0NRT,300.05,10.19,D
-11.38253,30.15855,340.52,0.4,0.44,2026-10-04,1151,N21,VIIRS,n,2.0NRT,300.06,10.6,D
-11.37788,30.16146,331.14,0.4,0.44,2026-10-04,1151,N21,VIIRS,n,2.0NRT,299.09,4.22,D
-11.35958,29.3349,335.72,0.54,0.42,2026-10-04,1151,N21,VIIRS,n,2.0NRT,303.61,2.45,D
-11.35887,22.84146,343.93,0.42,0.37,2026-10-04,1151,N21,VIIRS,n,2.0NRT,310.33,27.38,D
-11.35833,22.84525,330.94,0.42,0.37,2026-10-04,1151,N21,VIIRS,l,2.0NRT,304.39,4.91,D
-11.35574,29.33422,338.35,0.54,0.42,2026-10-04,1151,N21,VIIRS,n,2.0NRT,304.62,2.45,D
-11.34445,24.61779,336.85,0.38,0.36,2026-10-04,1151,N21,VIIRS,n,2.0NRT,309.75,8.11,D
-11.34315,33.44295,336.32,0.33,0.55,2026-10-04,1151,N21,VIIRS,n,2.0NRT,305.14,1.78,D
-11.34265,25.29811,336.25,0.39,0.36,2026-10-04,1151,N21,VIIRS,n,2.0NRT,305.73,4.05,D
-11.33725,23.11124,339.25,0.41,0.37,2026-10-04,1151,N21,VIIRS,n,2.0NRT,307.2,12.74,D
-11.33675,22.53612,353.69,0.43,0.38,2026-10-04,1151,N21,VIIRS,n,2.0NRT,309.49,17.19,D
-11.33385,23.11075,345.35,0.41,0.37,2026-10-04,1151,N21,VIIRS,l,2.0NRT,305.56,12.74,D
-11.33331,23.11447,341.49,0.41,0.37,2026-10-04,1151,N21,VIIRS,l,2.0NRT,308.75,12.74,D
-11.33276,23.11819,338.52,0.41,0.37,2026-10-04,1151,N21,VIIRS,l,2.0NRT,306.38,10.21,D
-11.33143,28.33166,346.11,0.47,0.4,2026-10-04,1151,N21,VIIRS,n,2.0NRT,307.66,28.98,D
-11.33044,23.11026,336.33,0.41,0.37,2026-10-04,1151,N21,VIIRS,l,2.0NRT,307.04,7.89,D
-11.32936,23.1177,347.29,0.41,0.37,2026-10-04,1151,N21,VIIRS,n,2.0NRT,311.11,9.05,D
-11.3265,23.11349,339.22,0.41,0.37,2026-10-04,1151,N21,VIIRS,l,2.0NRT,311.47,7.89,D
-11.32596,23.11721,337.77,0.41,0.37,2026-10-04,1151,N21,VIIRS,l,2.0NRT,311.05,9.05,D
-11.32576,22.53846,336.68,0.43,0.38,2026-10-04,1151,N21,VIIRS,l,2.0NRT,308.32,5.58,D
-11.32463,27.17919,339.55,0.42,0.38,2026-10-04,1151,N21,VIIRS,n,2.0NRT,298.59,4.08,D
-11.32255,23.11671,337.26,0.41,0.37,2026-10-04,1151,N21,VIIRS,l,2.0NRT,310.21,9.35,D
-11.31104,27.33214,334.7,0.43,0.38,2026-10-04,1151,N21,VIIRS,n,2.0NRT,299.16,4.14,D
-11.30963,27.33112,331.39,0.43,0.38,2026-10-04,1151,N21,VIIRS,n,2.0NRT,299.22,2.63,D
-11.30409,27.33098,339.75,0.43,0.38,2026-10-04,1151,N21,VIIRS,n,2.0NRT,299.08,4.22,D
-11.30383,29.27768,341.95,0.53,0.42,2026-10-04,1151,N21,VIIRS,n,2.0NRT,303.49,14.24,D
-11.30245,24.28722,332.86,0.39,0.36,2026-10-04,1151,N21,VIIRS,l,2.0NRT,306.33,4.21,D
-11.30173,24.08815,333.06,0.39,0.36,2026-10-04,1151,N21,VIIRS,l,2.0NRT,306.3,6.44,D
-11.29992,22.41091,335.17,0.43,0.38,2026-10-04,1151,N21,VIIRS,n,2.0NRT,300.01,3.42,D
-11.29668,24.0765,332.74,0.39,0.36,2026-10-04,1151,N21,VIIRS,l,2.0NRT,306.17,3.97,D
-11.2813,26.11256,332.1,0.4,0.37,2026-10-04,1151,N21,VIIRS,n,2.0NRT,292.52,3.71,D
-11.2774,26.1156,333.45,0.4,0.37,2026-10-04,1151,N21,VIIRS,n,2.0NRT,295.56,5.4,D
-11.27489,23.62999,341.78,0.4,0.37,2026-10-04,1151,N21,VIIRS,n,2.0NRT,305.05,5.48,D
-11.26477,24.06375,344.14,0.39,0.36,2026-10-04,1151,N21,VIIRS,n,2.0NRT,302.43,8.75,D
-11.26324,22.99353,335.52,0.41,0.37,2026-10-04,1151,N21,VIIRS,l,2.0NRT,296.14,2.58,D
-11.26144,24.06325,367,0.39,0.36,2026-10-04,1151,N21,VIIRS,h,2.0NRT,306.3,8.75,D
-11.25758,32.20002,331.68,0.54,0.51,2026-10-04,1151,N21,VIIRS,n,2.0NRT,300.8,7.51,D
-11.25384,32.19423,335.51,0.54,0.51,2026-10-04,1151,N21,VIIRS,n,2.0NRT,301.04,7.48,D
-11.25293,32.19923,345.33,0.54,0.51,2026-10-04,1151,N21,VIIRS,n,2.0NRT,302.26,7.51,D
-11.25146,29.21395,336.65,0.53,0.42,2026-10-04,1151,N21,VIIRS,n,2.0NRT,303.88,5.48,D
-11.25035,32.19591,350.49,0.54,0.51,2026-10-04,1151,N21,VIIRS,n,2.0NRT,308.75,78.59,D
-11.24973,24.14115,334.94,0.39,0.36,2026-10-04,1151,N21,VIIRS,n,2.0NRT,308.35,3.29,D
-11.24948,32.20093,340.99,0.55,0.51,2026-10-04,1151,N21,VIIRS,n,2.0NRT,300.13,19.14,D
-11.24827,32.19851,346.14,0.54,0.51,2026-10-04,1151,N21,VIIRS,n,2.0NRT,303.02,38.29,D
-11.24763,29.21329,337.37,0.53,0.42,2026-10-04,1151,N21,VIIRS,n,2.0NRT,305.99,8.34,D
-11.24418,25.12119,344.79,0.38,0.36,2026-10-04,1151,N21,VIIRS,n,2.0NRT,304.19,12.64,D
-11.24364,25.12469,336.85,0.38,0.36,2026-10-04,1151,N21,VIIRS,n,2.0NRT,299.55,17.81,D
-11.24295,27.07091,331.19,0.42,0.38,2026-10-04,1151,N21,VIIRS,n,2.0NRT,296.34,2,D
-11.24201,33.43061,338.28,0.33,0.55,2026-10-04,1151,N21,VIIRS,n,2.0NRT,306.84,3.54,D
-11.24158,24.80155,340.79,0.38,0.36,2026-10-04,1151,N21,VIIRS,n,2.0NRT,303.77,5.07,D
-11.23881,24.79754,332.11,0.38,0.36,2026-10-04,1151,N21,VIIRS,n,2.0NRT,301.33,6.36,D
-11.23828,24.80103,331.88,0.38,0.36,2026-10-04,1151,N21,VIIRS,n,2.0NRT,300.89,5.07,D
-11.23744,27.32409,331.35,0.43,0.38,2026-10-04,1151,N21,VIIRS,n,2.0NRT,295.92,2.46,D
-11.23735,32.08004,340.11,0.54,0.5,2026-10-04,1151,N21,VIIRS,n,2.0NRT,303.71,6.67,D
-11.23648,32.085,336.23,0.54,0.51,2026-10-04,1151,N21,VIIRS,n,2.0NRT,300.62,4.63,D
-11.23604,24.79353,345.31,0.38,0.36,2026-10-04,1151,N21,VIIRS,n,2.0NRT,305.36,11.95,D
-11.2276,25.2512,338.42,0.39,0.36,2026-10-04,1151,N21,VIIRS,n,2.0NRT,304.04,12.07,D
-11.2254,27.75621,334.3,0.45,0.39,2026-10-04,1151,N21,VIIRS,n,2.0NRT,291.43,5.47,D
-11.21327,25.71784,344.23,0.39,0.36,2026-10-04,1151,N21,VIIRS,n,2.0NRT,298.82,7.23,D
-11.21206,24.72894,333.87,0.38,0.36,2026-10-04,1151,N21,VIIRS,n,2.0NRT,300.87,3.12,D
-11.19548,29.25097,336.07,0.53,0.42,2026-10-04,1151,N21,VIIRS,n,2.0NRT,303.48,10.94,D
-11.19529,24.09654,336.59,0.39,0.36,2026-10-04,1151,N21,VIIRS,n,2.0NRT,308.23,7.06,D
-11.19391,22.70051,338.4,0.42,0.38,2026-10-04,1151,N21,VIIRS,n,2.0NRT,304.37,6.77,D
-11.19165,29.25027,338.56,0.53,0.42,2026-10-04,1151,N21,VIIRS,n,2.0NRT,306.79,10.94,D
-11.19121,22.33854,336.79,0.43,0.38,2026-10-04,1151,N21,VIIRS,l,2.0NRT,302.83,6.6,D
-11.18804,27.2203,343.28,0.43,0.38,2026-10-04,1151,N21,VIIRS,n,2.0NRT,304.69,6.85,D
-11.18458,27.21972,334.65,0.43,0.38,2026-10-04,1151,N21,VIIRS,n,2.0NRT,301.9,19.93,D
-11.18263,24.27158,336.24,0.39,0.36,2026-10-04,1151,N21,VIIRS,n,2.0NRT,308.13,8.12,D
-11.182,32.04444,341.76,0.53,0.5,2026-10-04,1151,N21,VIIRS,n,2.0NRT,301.1,4.37,D
-11.17888,25.14606,342.91,0.38,0.36,2026-10-04,1151,N21,VIIRS,n,2.0NRT,298.42,9.37,D
-11.17575,33.68573,348.22,0.34,0.56,2026-10-04,1151,N21,VIIRS,n,2.0NRT,305.07,2.96,D
-11.16994,24.4458,332.73,0.39,0.36,2026-10-04,1151,N21,VIIRS,l,2.0NRT,305.75,3.28,D
-11.16706,29.16181,340.6,0.53,0.42,2026-10-04,1151,N21,VIIRS,n,2.0NRT,302.71,9.45,D
-11.167,27.48668,336.05,0.44,0.38,2026-10-04,1151,N21,VIIRS,n,2.0NRT,304.17,8.81,D
-11.15681,25.44424,342.04,0.39,0.36,2026-10-04,1151,N21,VIIRS,n,2.0NRT,304.35,5.27,D
-11.15508,31.13139,334.33,0.46,0.47,2026-10-04,1151,N21,VIIRS,n,2.0NRT,296.88,3.95,D
-11.15302,25.46888,339.93,0.39,0.36,2026-10-04,1151,N21,VIIRS,n,2.0NRT,305.73,6.93,D
-11.15147,24.23072,344.46,0.39,0.36,2026-10-04,1151,N21,VIIRS,n,2.0NRT,307.91,9.97,D
-11.15075,31.13061,338.87,0.46,0.47,2026-10-04,1151,N21,VIIRS,n,2.0NRT,310.18,131.37,D
-11.14742,29.96837,342.03,0.39,0.44,2026-10-04,1151,N21,VIIRS,n,2.0NRT,301.96,4.56,D
-11.14707,24.07818,343.74,0.39,0.36,2026-10-04,1151,N21,VIIRS,n,2.0NRT,305.11,6.08,D
-11.14704,24.3956,338.45,0.39,0.36,2026-10-04,1151,N21,VIIRS,n,2.0NRT,304.46,4.59,D
-11.14435,22.26698,333.11,0.44,0.38,2026-10-04,1151,N21,VIIRS,l,2.0NRT,299.2,5.37,D
-11.14428,24.07414,335.54,0.39,0.36,2026-10-04,1151,N21,VIIRS,n,2.0NRT,307.4,6.08,D
-11.14391,26.14226,338.92,0.4,0.37,2026-10-04,1151,N21,VIIRS,n,2.0NRT,294.99,4.74,D
-11.14377,22.27096,336.46,0.44,0.38,2026-10-04,1151,N21,VIIRS,l,2.0NRT,296.96,5.37,D
-11.14026,22.27045,348.79,0.44,0.38,2026-10-04,1151,N21,VIIRS,n,2.0NRT,306.42,12.94,D
-11.1397,22.27442,336.46,0.44,0.38,2026-10-04,1151,N21,VIIRS,l,2.0NRT,298.8,6,D
-11.13789,30.95291,341.46,0.45,0.47,2026-10-04,1151,N21,VIIRS,n,2.0NRT,299.18,10.81,D
-11.13778,26.69694,337.64,0.41,0.37,2026-10-04,1151,N21,VIIRS,n,2.0NRT,306.68,5.65,D
-11.13728,28.62041,342.31,0.49,0.41,2026-10-04,1151,N21,VIIRS,n,2.0NRT,294.14,19.87,D
-11.13653,28.62488,354.07,0.49,0.41,2026-10-04,1151,N21,VIIRS,n,2.0NRT,299.1,19.87,D
-11.13579,28.62936,334.25,0.49,0.41,2026-10-04,1151,N21,VIIRS,n,2.0NRT,282.65,6.05,D
-11.13562,30.94867,339.64,0.45,0.47,2026-10-04,1151,N21,VIIRS,n,2.0NRT,302.87,8.45,D
-11.13525,26.64705,332.78,0.41,0.37,2026-10-04,1151,N21,VIIRS,n,2.0NRT,300.69,2.21,D
-11.13492,30.95278,340.97,0.45,0.47,2026-10-04,1151,N21,VIIRS,n,2.0NRT,301.58,8.45,D
-11.13421,26.63168,343.24,0.41,0.37,2026-10-04,1151,N21,VIIRS,n,2.0NRT,302.29,10.47,D
-11.13362,26.6354,335.75,0.41,0.37,2026-10-04,1151,N21,VIIRS,n,2.0NRT,299.5,10.47,D
-11.1336,30.95222,341.14,0.45,0.47,2026-10-04,1151,N21,VIIRS,n,2.0NRT,301.66,10.81,D
-11.13357,28.61979,347.07,0.49,0.41,2026-10-04,1151,N21,VIIRS,n,2.0NRT,296.54,19.87,D
-11.13289,32.16425,346.07,0.54,0.51,2026-10-04,1151,N21,VIIRS,n,2.0NRT,298.99,10.94,D
-11.13283,28.62427,330.03,0.49,0.41,2026-10-04,1151,N21,VIIRS,n,2.0NRT,294.25,19.87,D
-11.13186,26.64651,341.88,0.41,0.37,2026-10-04,1151,N21,VIIRS,n,2.0NRT,300.79,6.06,D
-11.13126,30.18543,348.01,0.4,0.45,2026-10-04,1151,N21,VIIRS,n,2.0NRT,298.64,12.12,D
-11.13121,32.16588,351.19,0.54,0.51,2026-10-04,1151,N21,VIIRS,n,2.0NRT,300,12.93,D
-11.12987,28.61916,342.13,0.49,0.41,2026-10-04,1151,N21,VIIRS,n,2.0NRT,298.52,23.55,D
-11.12727,31.39241,336.2,0.48,0.48,2026-10-04,1151,N21,VIIRS,n,2.0NRT,302.88,5.83,D
-11.12688,24.1221,335.28,0.39,0.36,2026-10-04,1151,N21,VIIRS,n,2.0NRT,303.22,5.29,D
-11.12657,30.18839,352.92,0.41,0.45,2026-10-04,1151,N21,VIIRS,n,2.0NRT,304.96,7.73,D
-11.12594,30.19207,345.46,0.41,0.45,2026-10-04,1151,N21,VIIRS,n,2.0NRT,299.23,7.73,D
-11.12557,32.17863,335.81,0.55,0.51,2026-10-04,1151,N21,VIIRS,n,2.0NRT,298.29,8.25,D
-11.12468,32.18364,347.84,0.55,0.51,2026-10-04,1151,N21,VIIRS,n,2.0NRT,301,8.25,D
-11.12443,22.93825,330.16,0.41,0.37,2026-10-04,1151,N21,VIIRS,l,2.0NRT,299.73,5.71,D
-11.12125,30.19502,349.06,0.41,0.45,2026-10-04,1151,N21,VIIRS,n,2.0NRT,299.97,13.95,D
-11.12008,32.18254,349.73,0.55,0.51,2026-10-04,1151,N21,VIIRS,n,2.0NRT,300.45,11.5,D
-11.11881,27.14952,334.48,0.42,0.38,2026-10-04,1151,N21,VIIRS,n,2.0NRT,301.92,2.56,D
-11.11813,22.9335,332.17,0.41,0.37,2026-10-04,1151,N21,VIIRS,l,2.0NRT,299.47,6.33,D
-11.11311,30.19357,341.67,0.41,0.45,2026-10-04,1151,N21,VIIRS,n,2.0NRT,302.26,8.37,D
-11.11248,30.19725,341.6,0.41,0.45,2026-10-04,1151,N21,VIIRS,n,2.0NRT,299.75,8.37,D
-11.11126,30.86038,350.81,0.45,0.47,2026-10-04,1151,N21,VIIRS,n,2.0NRT,306.83,21.16,D
-11.11117,23.33772,335.2,0.4,0.37,2026-10-04,1151,N21,VIIRS,n,2.0NRT,302.77,9.75,D
-11.11058,28.62064,331.78,0.49,0.41,2026-10-04,1151,N21,VIIRS,n,2.0NRT,298.21,3.56,D
-11.10939,23.5124,331.97,0.4,0.37,2026-10-04,1151,N21,VIIRS,n,2.0NRT,303.16,3.93,D
-11.10834,26.68475,333.2,0.41,0.37,2026-10-04,1151,N21,VIIRS,n,2.0NRT,301.57,1.5,D
-11.10608,28.64741,335.57,0.5,0.41,2026-10-04,1151,N21,VIIRS,n,2.0NRT,300.55,14.69,D
-11.10537,24.30998,343.89,0.39,0.36,2026-10-04,1151,N21,VIIRS,n,2.0NRT,310.26,22.19,D
-11.10456,24.08978,334.87,0.39,0.36,2026-10-04,1151,N21,VIIRS,l,2.0NRT,305.88,3.44,D
-11.10373,28.09781,347.47,0.47,0.39,2026-10-04,1151,N21,VIIRS,n,2.0NRT,296.42,11.14,D
-11.10303,28.10206,331.88,0.47,0.39,2026-10-04,1151,N21,VIIRS,n,2.0NRT,293.57,11.14,D
-11.10154,32.04529,333.02,0.54,0.5,2026-10-04,1151,N21,VIIRS,l,2.0NRT,303.55,3.28,D
-11.09942,28.10147,333,0.47,0.39,2026-10-04,1151,N21,VIIRS,n,2.0NRT,293.49,6.39,D
-11.09677,27.22139,332.9,0.43,0.38,2026-10-04,1151,N21,VIIRS,n,2.0NRT,300.33,4.12,D
-11.09387,25.41266,330.99,0.39,0.36,2026-10-04,1151,N21,VIIRS,l,2.0NRT,301.09,5.98,D
-11.09316,24.12057,343.79,0.39,0.36,2026-10-04,1151,N21,VIIRS,n,2.0NRT,308.81,10.91,D
-11.08657,24.29987,332.3,0.39,0.36,2026-10-04,1151,N21,VIIRS,l,2.0NRT,306.76,7.02,D
-11.08604,24.30338,336.79,0.39,0.36,2026-10-04,1151,N21,VIIRS,l,2.0NRT,310.22,9.35,D
-11.08511,24.24205,343.8,0.39,0.36,2026-10-04,1151,N21,VIIRS,n,2.0NRT,315.25,9.63,D
-11.08437,33.68021,336.09,0.35,0.56,2026-10-04,1151,N21,VIIRS,n,2.0NRT,304.95,1.73,D
-11.08273,24.30286,342.21,0.39,0.36,2026-10-04,1151,N21,VIIRS,n,2.0NRT,310.92,9.35,D
-11.07696,32.23586,336.79,0.55,0.51,2026-10-04,1151,N21,VIIRS,n,2.0NRT,296.68,5.14,D
-11.0766,32.70339,341.28,0.59,0.53,2026-10-04,1151,N21,VIIRS,n,2.0NRT,301.18,8.5,D
-11.07556,33.46815,352.1,0.33,0.56,2026-10-04,1151,N21,VIIRS,n,2.0NRT,304.38,6.5,D
-11.07501,33.47112,342.61,0.33,0.56,2026-10-04,1151,N21,VIIRS,n,2.0NRT,302.8,5.01,D
-11.07353,24.16096,341.77,0.39,0.36,2026-10-04,1151,N21,VIIRS,n,2.0NRT,306.17,2.55,D
-11.06727,32.18279,333.29,0.55,0.51,2026-10-04,1151,N21,VIIRS,n,2.0NRT,298.84,4.8,D
-11.06598,25.06316,351.77,0.38,0.36,2026-10-04,1151,N21,VIIRS,n,2.0NRT,306.54,8.74,D
-11.06545,25.06665,348.22,0.38,0.36,2026-10-04,1151,N21,VIIRS,n,2.0NRT,305.09,14.3,D
-11.06411,23.86173,332.12,0.39,0.36,2026-10-04,1151,N21,VIIRS,l,2.0NRT,302.56,20.03,D
-11.06268,25.06264,343.45,0.38,0.36,2026-10-04,1151,N21,VIIRS,n,2.0NRT,304.8,8.74,D
-11.06078,23.86123,332.68,0.39,0.36,2026-10-04,1151,N21,VIIRS,l,2.0NRT,303.68,20.03,D
-11.05951,21.95051,334.86,0.45,0.39,2026-10-04,1151,N21,VIIRS,l,2.0NRT,307.73,3.61,D
-11.05596,21.94999,333.72,0.45,0.39,2026-10-04,1151,N21,VIIRS,n,2.0NRT,306.38,2.1,D
-11.05582,24.07506,335.1,0.39,0.36,2026-10-04,1151,N21,VIIRS,l,2.0NRT,306.86,4.23,D
-11.05552,24.19067,336.24,0.39,0.36,2026-10-04,1151,N21,VIIRS,l,2.0NRT,310.42,16.71,D
-11.0549,25.51103,335.87,0.39,0.36,2026-10-04,1151,N21,VIIRS,n,2.0NRT,304.84,9.7,D
-11.05371,24.60683,352.67,0.38,0.36,2026-10-04,1151,N21,VIIRS,n,2.0NRT,316,9.89,D
-11.05221,24.19016,346.2,0.39,0.36,2026-10-04,1151,N21,VIIRS,n,2.0NRT,309.92,16.71,D
-11.0508,24.04118,338.97,0.39,0.36,2026-10-04,1151,N21,VIIRS,n,2.0NRT,306.06,3.92,D
-11.05041,24.60632,340.39,0.38,0.36,2026-10-04,1151,N21,VIIRS,l,2.0NRT,313.82,9.89,D
-11.05031,33.63428,347.56,0.34,0.56,2026-10-04,1151,N21,VIIRS,n,2.0NRT,304.32,3.48,D
-11.04146,24.48672,337.61,0.38,0.36,2026-10-04,1151,N21,VIIRS,n,2.0NRT,306.76,4.46,D
-11.0414,26.46528,345.72,0.4,0.37,2026-10-04,1151,N21,VIIRS,n,2.0NRT,302.04,5.06,D
-11.04029,32.38595,341.43,0.57,0.52,2026-10-04,1151,N21,VIIRS,n,2.0NRT,295.33,12.38,D
-11.03801,26.90553,337.32,0.42,0.37,2026-10-04,1151,N21,VIIRS,n,2.0NRT,305.54,2.82,D
-11.03765,24.06088,331.65,0.39,0.36,2026-10-04,1151,N21,VIIRS,l,2.0NRT,302.59,1.67,D
-11.03761,32.21384,337.96,0.55,0.51,2026-10-04,1151,N21,VIIRS,n,2.0NRT,299.18,5.87,D
-11.03724,32.32224,335.14,0.56,0.51,2026-10-04,1151,N21,VIIRS,n,2.0NRT,300.72,3.53,D
-11.03458,26.90496,334.08,0.42,0.37,2026-10-04,1151,N21,VIIRS,l,2.0NRT,306.77,2.82,D
-11.03116,26.9044,338.5,0.42,0.37,2026-10-04,1151,N21,VIIRS,n,2.0NRT,306.69,5.19,D
-11.02994,24.06696,335.55,0.39,0.36,2026-10-04,1151,N21,VIIRS,l,2.0NRT,306.2,20.88,D
-11.02846,33.16135,342.58,0.32,0.54,2026-10-04,1151,N21,VIIRS,n,2.0NRT,300.57,2.54,D
-11.02709,23.72088,352.52,0.39,0.36,2026-10-04,1151,N21,VIIRS,n,2.0NRT,307.06,8.34,D
-11.02685,27.34622,335.4,0.43,0.38,2026-10-04,1151,N21,VIIRS,l,2.0NRT,308.05,31.27,D
-11.02474,24.9528,333.34,0.38,0.36,2026-10-04,1151,N21,VIIRS,l,2.0NRT,307.35,15.6,D
-11.02209,31.52918,346.37,0.5,0.49,2026-10-04,1151,N21,VIIRS,n,2.0NRT,303.33,30.2,D
-11.0217,24.07655,335.42,0.39,0.36,2026-10-04,1151,N21,VIIRS,n,2.0NRT,304.78,3.63,D
-11.02156,24.14523,337.85,0.39,0.36,2026-10-04,1151,N21,VIIRS,n,2.0NRT,306.46,3.43,D
-11.01992,31.33277,340.38,0.48,0.48,2026-10-04,1151,N21,VIIRS,n,2.0NRT,297.9,8.24,D
-11.01869,31.18629,351.19,0.47,0.48,2026-10-04,1151,N21,VIIRS,n,2.0NRT,309.44,45.11,D
-11.0181,33.60794,342.19,0.34,0.56,2026-10-04,1151,N21,VIIRS,n,2.0NRT,304.92,4.14,D
-11.01553,31.33192,341.24,0.48,0.48,2026-10-04,1151,N21,VIIRS,n,2.0NRT,298.79,6.79,D
-11.01478,31.33621,333.76,0.48,0.48,2026-10-04,1151,N21,VIIRS,l,2.0NRT,304.39,14.23,D
-11.01267,24.13664,330.83,0.39,0.36,2026-10-04,1151,N21,VIIRS,l,2.0NRT,305.1,3.43,D
-11.01128,31.9961,351.93,0.53,0.5,2026-10-04,1151,N21,VIIRS,n,2.0NRT,304.37,28.04,D
-11.00231,29.49377,330.53,0.55,0.43,2026-10-04,1151,N21,VIIRS,n,2.0NRT,298.36,3.02,D
-11.00153,32.30534,341.63,0.56,0.51,2026-10-04,1151,N21,VIIRS,n,2.0NRT,300.46,9.37,D
-11.00013,32.30251,340.34,0.56,0.51,2026-10-04,1151,N21,VIIRS,n,2.0NRT,299.73,8.42,D
-10.99983,32.42072,344.44,0.57,0.52,2026-10-04,1151,N21,VIIRS,n,2.0NRT,300.97,7.59,D
-10.99836,32.42328,340.19,0.57,0.52,2026-10-04,1151,N21,VIIRS,n,2.0NRT,299.89,8.87,D
-10.99699,26.14403,335.51,0.4,0.37,2026-10-04,1151,N21,VIIRS,n,2.0NRT,305.13,4.71,D
-10.9945,24.14468,335.25,0.39,0.36,2026-10-04,1151,N21,VIIRS,n,2.0NRT,303.4,3.49,D
-10.99337,23.44596,332.77,0.4,0.37,2026-10-04,1151,N21,VIIRS,n,2.0NRT,303.48,2.3,D
-10.99288,24.06492,334.05,0.39,0.36,2026-10-04,1151,N21,VIIRS,l,2.0NRT,306.85,10.75,D
-10.98926,25.29834,338.03,0.39,0.36,2026-10-04,1151,N21,VIIRS,n,2.0NRT,307.14,5.26,D
-10.98744,24.07856,346.78,0.39,0.36,2026-10-04,1151,N21,VIIRS,n,2.0NRT,310.71,16.11,D
-10.9751,25.16693,330.76,0.38,0.36,2026-10-04,1151,N21,VIIRS,l,2.0NRT,305.42,5.18,D
-10.97456,25.17043,337.1,0.38,0.36,2026-10-04,1151,N21,VIIRS,n,2.0NRT,306.77,5.18,D
-10.97016,26.57848,347.61,0.41,0.37,2026-10-04,1151,N21,VIIRS,n,2.0NRT,305.12,10.2,D
-10.96677,26.57788,340.45,0.41,0.37,2026-10-04,1151,N21,VIIRS,n,2.0NRT,306.05,3.76,D
-10.96489,24.09315,339.72,0.39,0.36,2026-10-04,1151,N21,VIIRS,n,2.0NRT,304.13,14.34,D
-10.96297,24.80364,337.98,0.38,0.36,2026-10-04,1151,N21,VIIRS,n,2.0NRT,310.67,7.68,D
-10.95967,24.80313,334.22,0.38,0.36,2026-10-04,1151,N21,VIIRS,n,2.0NRT,301.98,7.68,D
-10.95065,30.98101,344.98,0.46,0.47,2026-10-04,1151,N21,VIIRS,n,2.0NRT,307.13,132.31,D
-10.94991,22.47987,345.63,0.43,0.38,2026-10-04,1151,N21,VIIRS,n,2.0NRT,299.49,7.99,D
-10.94903,25.42502,336.24,0.39,0.36,2026-10-04,1151,N21,VIIRS,n,2.0NRT,300.91,6.07,D
-10.94646,24.05695,332.06,0.39,0.36,2026-10-04,1151,N21,VIIRS,n,2.0NRT,302.44,7.33,D
-10.94416,31.48476,341.53,0.49,0.49,2026-10-04,1151,N21,VIIRS,n,2.0NRT,304.83,15.81,D
-10.9434,31.48918,342.6,0.5,0.49,2026-10-04,1151,N21,VIIRS,n,2.0NRT,300.85,23.09,D
-10.94313,24.05644,337.17,0.39,0.36,2026-10-04,1151,N21,VIIRS,n,2.0NRT,302.92,7.33,D
-10.94303,24.12594,343.47,0.39,0.36,2026-10-04,1151,N21,VIIRS,n,2.0NRT,303.82,5.36,D
-10.94242,31.48661,349.71,0.49,0.49,2026-10-04,1151,N21,VIIRS,n,2.0NRT,311.54,44.67,D
-10.93981,24.05593,332.02,0.39,0.36,2026-10-04,1151,N21,VIIRS,n,2.0NRT,300.6,6.14,D
-10.93971,31.484,342.34,0.49,0.49,2026-10-04,1151,N21,VIIRS,n,2.0NRT,304.55,15.81,D
-10.93958,22.3067,367,0.43,0.38,2026-10-04,1151,N21,VIIRS,l,2.0NRT,328.04,54.54,D
-10.93928,24.05947,331.54,0.39,0.36,2026-10-04,1151,N21,VIIRS,n,2.0NRT,302.32,6.14,D
-10.93721,27.36055,334.19,0.43,0.38,2026-10-04,1151,N21,VIIRS,n,2.0NRT,299.73,9.54,D
-10.93609,22.30619,340.78,0.43,0.38,2026-10-04,1151,N21,VIIRS,l,2.0NRT,305.72,54.54,D
-10.93567,26.84175,352.59,0.42,0.37,2026-10-04,1151,N21,VIIRS,n,2.0NRT,306.7,10.46,D
-10.93552,22.31013,339.89,0.43,0.38,2026-10-04,1151,N21,VIIRS,l,2.0NRT,303.78,10.37,D
-10.93202,22.30962,334.99,0.43,0.38,2026-10-04,1151,N21,VIIRS,n,2.0NRT,301.16,5.06,D
-10.93146,22.31355,333.66,0.43,0.38,2026-10-04,1151,N21,VIIRS,l,2.0NRT,298.83,5.06,D
-10.92404,26.04695,350.6,0.4,0.37,2026-10-04,1151,N21,VIIRS,n,2.0NRT,307.6,30.78,D
-10.91511,24.08472,335.3,0.39,0.36,2026-10-04,1151,N21,VIIRS,l,2.0NRT,306.02,6.22,D
-10.9119,25.94935,340.65,0.39,0.36,2026-10-04,1151,N21,VIIRS,n,2.0NRT,304.4,6.28,D
-10.91086,24.11295,336.35,0.39,0.36,2026-10-04,1151,N21,VIIRS,l,2.0NRT,308.62,9.37,D
-10.90969,22.53712,343.27,0.42,0.38,2026-10-04,1151,N21,VIIRS,n,2.0NRT,299.11,6.22,D
-10.90856,25.94882,346.65,0.39,0.36,2026-10-04,1151,N21,VIIRS,n,2.0NRT,308.6,16.03,D
-10.90847,24.0837,330.14,0.39,0.36,2026-10-04,1151,N21,VIIRS,l,2.0NRT,303,2.86,D
-10.90623,22.5366,332.4,0.42,0.38,2026-10-04,1151,N21,VIIRS,l,2.0NRT,299.05,4.19,D
-10.90208,24.91151,336.66,0.38,0.36,2026-10-04,1151,N21,VIIRS,l,2.0NRT,308.68,1.75,D
-10.90185,30.66323,340.91,0.44,0.46,2026-10-04,1151,N21,VIIRS,n,2.0NRT,300.27,9.96,D
-10.89985,23.57557,345.9,0.4,0.37,2026-10-04,1151,N21,VIIRS,n,2.0NRT,305.66,7.23,D
-10.89682,32.77322,344.21,0.6,0.53,2026-10-04,1151,N21,VIIRS,n,2.0NRT,300.74,15.08,D
-10.89583,32.77872,336.88,0.6,0.53,2026-10-04,1151,N21,VIIRS,n,2.0NRT,299.5,5.82,D
-10.8921,32.28342,341.55,0.56,0.51,2026-10-04,1151,N21,VIIRS,n,2.0NRT,300.65,9.63,D
-10.89116,32.28854,347.18,0.56,0.51,2026-10-04,1151,N21,VIIRS,n,2.0NRT,303.59,9.63,D
-10.89098,32.77782,331.21,0.6,0.53,2026-10-04,1151,N21,VIIRS,n,2.0NRT,300.73,5.82,D
-10.88999,32.78336,340.56,0.6,0.53,2026-10-04,1151,N21,VIIRS,n,2.0NRT,300.86,5.82,D
-10.88984,25.61063,338.84,0.39,0.36,2026-10-04,1151,N21,VIIRS,n,2.0NRT,305.52,2.36,D
-10.88977,32.28521,367,0.56,0.52,2026-10-04,1151,N21,VIIRS,h,2.0NRT,304.41,14.13,D
-10.88886,32.29039,336.25,0.56,0.52,2026-10-04,1151,N21,VIIRS,n,2.0NRT,303.64,14.13,D
-10.88811,32.76593,342.43,0.6,0.53,2026-10-04,1151,N21,VIIRS,n,2.0NRT,299.32,10.98,D
-10.88597,25.61364,335.28,0.39,0.36,2026-10-04,1151,N21,VIIRS,n,2.0NRT,304.68,4.97,D
-10.88564,23.62483,330.96,0.39,0.37,2026-10-04,1151,N21,VIIRS,n,2.0NRT,305.88,29.55,D
-10.88506,32.28447,339.79,0.56,0.52,2026-10-04,1151,N21,VIIRS,n,2.0NRT,301.46,5.68,D
-10.88415,32.28963,338.22,0.56,0.52,2026-10-04,1151,N21,VIIRS,n,2.0NRT,302.78,5.68,D
-10.88325,32.76504,351.15,0.6,0.53,2026-10-04,1151,N21,VIIRS,n,2.0NRT,299.22,10.98,D
-10.88233,32.29992,333.7,0.56,0.52,2026-10-04,1151,N21,VIIRS,n,2.0NRT,303.43,7.46,D
-10.8823,23.62432,332.94,0.39,0.37,2026-10-04,1151,N21,VIIRS,n,2.0NRT,301.16,4.72,D
-10.88227,32.77053,351.67,0.6,0.53,2026-10-04,1151,N21,VIIRS,n,2.0NRT,298.79,10.98,D
-10.88127,32.77603,345,0.6,0.53,2026-10-04,1151,N21,VIIRS,n,2.0NRT,298.97,10.36,D
-10.87877,23.78479,334.6,0.39,0.36,2026-10-04,1151,N21,VIIRS,n,2.0NRT,304.6,11.58,D
-10.87682,24.406,339.96,0.39,0.36,2026-10-04,1151,N21,VIIRS,n,2.0NRT,305.4,9.99,D
-10.87543,23.78428,337.74,0.39,0.36,2026-10-04,1151,N21,VIIRS,n,2.0NRT,307.75,11.58,D
-10.874,23.54212,335.25,0.4,0.37,2026-10-04,1151,N21,VIIRS,n,2.0NRT,301.75,3.72,D
-10.8732,24.74616,332.01,0.38,0.36,2026-10-04,1151,N21,VIIRS,l,2.0NRT,306.12,2.27,D
-10.86981,24.43001,347.91,0.39,0.36,2026-10-04,1151,N21,VIIRS,n,2.0NRT,313.75,15.71,D
-10.86482,31.4666,339.49,0.49,0.49,2026-10-04,1151,N21,VIIRS,n,2.0NRT,301.98,11.87,D
-10.86392,31.94966,342.83,0.53,0.5,2026-10-04,1151,N21,VIIRS,n,2.0NRT,302.14,6.36,D
-10.86347,25.8028,334.19,0.39,0.36,2026-10-04,1151,N21,VIIRS,l,2.0NRT,305.76,3.32,D
-10.86318,31.95129,339.74,0.53,0.5,2026-10-04,1151,N21,VIIRS,n,2.0NRT,301.84,4.74,D
-10.86169,25.66059,335.45,0.39,0.36,2026-10-04,1151,N21,VIIRS,n,2.0NRT,303.21,3.1,D
-10.8597,32.29074,340.15,0.56,0.52,2026-10-04,1151,N21,VIIRS,n,2.0NRT,302.24,6.79,D
-10.85942,23.80008,343.13,0.39,0.36,2026-10-04,1151,N21,VIIRS,n,2.0NRT,304.74,4.21,D
-10.85891,22.83697,330.48,0.41,0.37,2026-10-04,1151,N21,VIIRS,n,2.0NRT,301.49,2.71,D
-10.8553,25.15104,335.64,0.38,0.36,2026-10-04,1151,N21,VIIRS,n,2.0NRT,306.18,9.3,D
-10.85524,30.20783,337.29,0.41,0.45,2026-10-04,1151,N21,VIIRS,n,2.0NRT,296.28,3.51,D
-10.8552,24.99715,347.1,0.38,0.36,2026-10-04,1151,N21,VIIRS,n,2.0NRT,306.49,4.02,D
-10.85466,25.00064,332,0.38,0.36,2026-10-04,1151,N21,VIIRS,l,2.0NRT,303.15,4.02,D
-10.85193,33.02314,335.85,0.63,0.54,2026-10-04,1151,N21,VIIRS,n,2.0NRT,300.8,6.34,D
-10.83711,30.7883,337.09,0.45,0.47,2026-10-04,1151,N21,VIIRS,n,2.0NRT,300.14,9.42,D
-10.83706,26.55642,345.45,0.41,0.37,2026-10-04,1151,N21,VIIRS,n,2.0NRT,303.51,5.42,D
-10.83698,26.66722,343.69,0.41,0.37,2026-10-04,1151,N21,VIIRS,n,2.0NRT,306.91,4.24,D
-10.83643,30.79231,342.87,0.45,0.47,2026-10-04,1151,N21,VIIRS,n,2.0NRT,301.2,9.42,D
-10.83559,30.7918,343.21,0.45,0.47,2026-10-04,1151,N21,VIIRS,n,2.0NRT,302.55,17.96,D
-10.83357,26.66669,331.58,0.41,0.37,2026-10-04,1151,N21,VIIRS,l,2.0NRT,306.37,4.24,D
-10.83284,26.04369,333.51,0.4,0.37,2026-10-04,1151,N21,VIIRS,n,2.0NRT,298.41,3.73,D
-10.83259,29.35162,334.13,0.55,0.42,2026-10-04,1151,N21,VIIRS,n,2.0NRT,300.83,5.02,D
-10.8302,30.42543,335.17,0.42,0.45,2026-10-04,1151,N21,VIIRS,n,2.0NRT,297.19,6.62,D
-10.8287,31.98836,334.96,0.54,0.51,2026-10-04,1151,N21,VIIRS,n,2.0NRT,300.34,4.29,D
-10.8255,32.56488,345.49,0.59,0.53,2026-10-04,1151,N21,VIIRS,n,2.0NRT,300.9,17.37,D
-10.82341,30.92071,341.19,0.46,0.47,2026-10-04,1151,N21,VIIRS,n,2.0NRT,300.43,4.97,D
-10.81497,33.31419,339.51,0.33,0.55,2026-10-04,1151,N21,VIIRS,n,2.0NRT,295.03,5.88,D
-10.81204,30.19333,346.21,0.41,0.45,2026-10-04,1151,N21,VIIRS,n,2.0NRT,294.65,8.66,D
-10.81169,27.17537,337.18,0.43,0.38,2026-10-04,1151,N21,VIIRS,n,2.0NRT,304.49,8.11,D
-10.81119,31.12967,337.17,0.47,0.48,2026-10-04,1151,N21,VIIRS,n,2.0NRT,301.04,4,D
-10.81106,27.17925,343.52,0.43,0.38,2026-10-04,1151,N21,VIIRS,n,2.0NRT,307.28,22.09,D
-10.80937,22.10939,345.71,0.44,0.38,2026-10-04,1151,N21,VIIRS,n,2.0NRT,302.98,13.22,D
-10.80759,27.17868,341.21,0.43,0.38,2026-10-04,1151,N21,VIIRS,n,2.0NRT,304.92,8.91,D
-10.80654,22.25479,332.1,0.43,0.38,2026-10-04,1151,N21,VIIRS,n,2.0NRT,297.26,3.05,D
-10.80597,22.25875,334.59,0.43,0.38,2026-10-04,1151,N21,VIIRS,n,2.0NRT,300.73,4.55,D
-10.79895,24.0446,331.44,0.39,0.36,2026-10-04,1151,N21,VIIRS,n,2.0NRT,300.61,1.28,D
-10.79785,26.80376,335.12,0.42,0.37,2026-10-04,1151,N21,VIIRS,n,2.0NRT,304.1,2.38,D
-10.79765,32.23186,340.17,0.56,0.51,2026-10-04,1151,N21,VIIRS,n,2.0NRT,303.65,5.35,D
-10.7966,25.2027,339.78,0.39,0.36,2026-10-04,1151,N21,VIIRS,n,2.0NRT,307.67,7.44,D
-10.79588,32.23,342.11,0.56,0.51,2026-10-04,1151,N21,VIIRS,n,2.0NRT,303.68,5.95,D
-10.79483,25.17019,350.62,0.39,0.36,2026-10-04,1151,N21,VIIRS,n,2.0NRT,303.66,18.79,D
-10.79207,25.16617,367,0.39,0.36,2026-10-04,1151,N21,VIIRS,h,2.0NRT,326.54,79.98,D
-10.79153,25.16967,352.89,0.39,0.36,2026-10-04,1151,N21,VIIRS,n,2.0NRT,315.65,79.98,D
-10.78725,32.19668,346.06,0.55,0.51,2026-10-04,1151,N21,VIIRS,n,2.0NRT,300.91,7.52,D
-10.78492,25.16862,336.09,0.39,0.36,2026-10-04,1151,N21,VIIRS,n,2.0NRT,303.72,6.5,D
-10.78438,25.17212,353.46,0.39,0.36,2026-10-04,1151,N21,VIIRS,n,2.0NRT,305.12,12.28,D
-10.78349,32.19065,330.4,0.55,0.51,2026-10-04,1151,N21,VIIRS,l,2.0NRT,300.45,4.62,D
-10.78108,25.1716,337.48,0.39,0.36,2026-10-04,1151,N21,VIIRS,n,2.0NRT,303.59,12.28,D
-10.78049,22.05609,338.35,0.44,0.38,2026-10-04,1151,N21,VIIRS,n,2.0NRT,303.89,15.67,D
-10.77884,24.26834,332.65,0.39,0.36,2026-10-04,1151,N21,VIIRS,n,2.0NRT,301.75,14.75,D
-10.77872,31.18592,349.56,0.48,0.48,2026-10-04,1151,N21,VIIRS,n,2.0NRT,301.96,10,D
-10.77831,24.27185,339.34,0.39,0.36,2026-10-04,1151,N21,VIIRS,n,2.0NRT,309.08,14.75,D
-10.77813,31.1867,341.82,0.48,0.48,2026-10-04,1151,N21,VIIRS,n,2.0NRT,301.83,12.09,D
-10.77548,25.9939,341.87,0.4,0.37,2026-10-04,1151,N21,VIIRS,n,2.0NRT,297.94,4.39,D
-10.77539,23.83813,344.73,0.39,0.36,2026-10-04,1151,N21,VIIRS,n,2.0NRT,312.81,34.31,D
-10.77366,24.9513,343,0.38,0.36,2026-10-04,1151,N21,VIIRS,n,2.0NRT,304.75,15.07,D
-10.77083,23.82293,343.75,0.39,0.36,2026-10-04,1151,N21,VIIRS,n,2.0NRT,304.95,7.89,D
-10.76462,22.06616,336.37,0.44,0.38,2026-10-04,1151,N21,VIIRS,n,2.0NRT,303.36,5.56,D
-10.76081,29.42109,336.42,0.55,0.43,2026-10-04,1151,N21,VIIRS,n,2.0NRT,303.48,3.01,D
-10.75851,21.95826,333.22,0.45,0.39,2026-10-04,1151,N21,VIIRS,n,2.0NRT,304.37,7.29,D
-10.75793,21.96231,344.18,0.45,0.39,2026-10-04,1151,N21,VIIRS,n,2.0NRT,305.11,7.29,D
-10.75764,32.58403,340.25,0.59,0.53,2026-10-04,1151,N21,VIIRS,n,2.0NRT,297.7,19.01,D
-10.75667,32.5893,355.63,0.59,0.53,2026-10-04,1151,N21,VIIRS,n,2.0NRT,301.43,19.01,D
-10.75665,31.54131,353.65,0.5,0.49,2026-10-04,1151,N21,VIIRS,n,2.0NRT,304.57,10.6,D
-10.75653,23.20488,346.57,0.4,0.37,2026-10-04,1151,N21,VIIRS,n,2.0NRT,305.68,11.88,D
-10.75282,32.58326,343.06,0.59,0.53,2026-10-04,1151,N21,VIIRS,n,2.0NRT,304.13,27.78,D
-10.75269,32.58767,353.48,0.59,0.53,2026-10-04,1151,N21,VIIRS,n,2.0NRT,303.81,20.8,D
-10.75183,32.58863,344.57,0.59,0.53,2026-10-04,1151,N21,VIIRS,n,2.0NRT,302.72,27.78,D
-10.75178,32.59288,336.58,0.59,0.53,2026-10-04,1151,N21,VIIRS,n,2.0NRT,302.1,20.8,D
-10.75135,30.32566,340.75,0.42,0.45,2026-10-04,1151,N21,VIIRS,n,2.0NRT,298.66,2.37,D
-10.75089,30.06073,335.93,0.4,0.44,2026-10-04,1151,N21,VIIRS,n,2.0NRT,303.14,4.59,D
-10.75087,32.59388,331.5,0.59,0.53,2026-10-04,1151,N21,VIIRS,l,2.0NRT,302.23,9.16,D
-10.75083,30.06097,335.01,0.4,0.44,2026-10-04,1151,N21,VIIRS,n,2.0NRT,303.27,4.7,D
-10.75018,21.94056,334.57,0.45,0.39,2026-10-04,1151,N21,VIIRS,l,2.0NRT,304.86,10.45,D
-10.7496,21.94461,342.33,0.45,0.39,2026-10-04,1151,N21,VIIRS,n,2.0NRT,307.49,10.45,D
-10.74903,21.94866,333.62,0.45,0.39,2026-10-04,1151,N21,VIIRS,l,2.0NRT,303.64,4.72,D
-10.74727,31.38739,342.23,0.49,0.49,2026-10-04,1151,N21,VIIRS,n,2.0NRT,304.83,10.15,D
-10.7445,31.38339,332.98,0.49,0.49,2026-10-04,1151,N21,VIIRS,l,2.0NRT,303.59,5.12,D
-10.74373,31.38789,333.93,0.49,0.49,2026-10-04,1151,N21,VIIRS,n,2.0NRT,303.72,5.12,D
-10.73977,24.99605,340.46,0.38,0.36,2026-10-04,1151,N21,VIIRS,n,2.0NRT,302.86,15.77,D
-10.73755,30.23385,336.53,0.41,0.45,2026-10-04,1151,N21,VIIRS,n,2.0NRT,300.31,4.25,D
-10.73644,24.63762,341.47,0.38,0.36,2026-10-04,1151,N21,VIIRS,n,2.0NRT,309.69,24.33,D
-10.73076,32.98028,342.97,0.63,0.54,2026-10-04,1151,N21,VIIRS,n,2.0NRT,304.23,7.57,D
-10.72977,25.10544,331.86,0.38,0.36,2026-10-04,1151,N21,VIIRS,n,2.0NRT,298.4,4.88,D
-10.72639,26.30492,333.69,0.4,0.37,2026-10-04,1151,N21,VIIRS,n,2.0NRT,301.5,12.58,D
-10.72601,24.63957,337.71,0.38,0.36,2026-10-04,1151,N21,VIIRS,n,2.0NRT,304.9,15.03,D
-10.7227,24.63905,345.95,0.38,0.36,2026-10-04,1151,N21,VIIRS,n,2.0NRT,304.54,5.37,D
-10.70821,32.28638,348.9,0.56,0.52,2026-10-04,1151,N21,VIIRS,n,2.0NRT,303.01,14.54,D
-10.7044,32.28057,343.48,0.56,0.52,2026-10-04,1151,N21,VIIRS,n,2.0NRT,302.68,14.78,D
-10.69567,23.04471,335.68,0.41,0.37,2026-10-04,1151,N21,VIIRS,l,2.0NRT,304.27,18.94,D
-10.69058,21.95376,340.58,0.45,0.39,2026-10-04,1151,N21,VIIRS,l,2.0NRT,306.42,265.02,D
-10.68165,32.83297,341.28,0.61,0.54,2026-10-04,1151,N21,VIIRS,n,2.0NRT,299.75,7.2,D
-10.67954,32.83163,337.27,0.61,0.54,2026-10-04,1151,N21,VIIRS,n,2.0NRT,300.52,4.61,D
-10.67854,32.83724,330.89,0.62,0.54,2026-10-04,1151,N21,VIIRS,n,2.0NRT,300.1,2.84,D
-10.67721,22.14414,336.1,0.44,0.38,2026-10-04,1151,N21,VIIRS,l,2.0NRT,297.96,3.52,D
-10.67617,26.57677,334.32,0.41,0.37,2026-10-04,1151,N21,VIIRS,n,2.0NRT,301.44,3.53,D
-10.67359,23.28911,336.6,0.4,0.37,2026-10-04,1151,N21,VIIRS,n,2.0NRT,308.05,16,D
-10.67294,24.49912,337.33,0.38,0.36,2026-10-04,1151,N21,VIIRS,n,2.0NRT,304.32,10.79,D
-10.67201,24.34493,338.9,0.39,0.36,2026-10-04,1151,N21,VIIRS,n,2.0NRT,303.16,6.22,D
-10.66964,24.49861,338.57,0.38,0.36,2026-10-04,1151,N21,VIIRS,n,2.0NRT,306.97,5.83,D
-10.66222,33.38582,338,0.34,0.56,2026-10-04,1151,N21,VIIRS,n,2.0NRT,299.32,2.81,D
-10.65982,24.2463,337.04,0.39,0.36,2026-10-04,1151,N21,VIIRS,n,2.0NRT,304.95,4.45,D
-10.65814,21.9531,333.61,0.45,0.39,2026-10-04,1151,N21,VIIRS,l,2.0NRT,299.89,4.3,D
-10.65651,24.24579,337.97,0.39,0.36,2026-10-04,1151,N21,VIIRS,n,2.0NRT,301.43,4.45,D
-10.6561,28.87037,335.72,0.52,0.41,2026-10-04,1151,N21,VIIRS,n,2.0NRT,301.42,4.89,D
-10.6546,21.95257,336.43,0.45,0.39,2026-10-04,1151,N21,VIIRS,l,2.0NRT,301.07,4.3,D
-10.6513,24.12284,335.81,0.39,0.36,2026-10-04,1151,N21,VIIRS,n,2.0NRT,301.55,4.49,D
-10.64973,23.16964,333.99,0.4,0.37,2026-10-04,1151,N21,VIIRS,n,2.0NRT,304.26,3.19,D
-10.64948,29.43498,338.64,0.56,0.43,2026-10-04,1151,N21,VIIRS,n,2.0NRT,303.24,7.49,D
-10.64856,33.48967,350.66,0.34,0.56,2026-10-04,1151,N21,VIIRS,n,2.0NRT,301.54,6.06,D
-10.64596,33.41736,337.88,0.34,0.56,2026-10-04,1151,N21,VIIRS,n,2.0NRT,299.83,3.96,D
-10.64025,24.2863,332,0.39,0.36,2026-10-04,1151,N21,VIIRS,n,2.0NRT,300.98,9.23,D
-10.63694,24.28579,332.29,0.39,0.36,2026-10-04,1151,N21,VIIRS,n,2.0NRT,302.01,9.23,D
-10.63382,29.28655,332.44,0.55,0.42,2026-10-04,1151,N21,VIIRS,l,2.0NRT,302.89,5.97,D
-10.63229,28.82728,339.27,0.51,0.41,2026-10-04,1151,N21,VIIRS,n,2.0NRT,301.14,6.73,D
-10.63211,29.89723,344.58,0.4,0.44,2026-10-04,1151,N21,VIIRS,n,2.0NRT,300.07,7.88,D
-10.63174,28.82882,347.37,0.51,0.41,2026-10-04,1151,N21,VIIRS,n,2.0NRT,301.54,11.14,D
-10.6315,29.90087,351.21,0.4,0.44,2026-10-04,1151,N21,VIIRS,n,2.0NRT,300.96,7.88,D
-10.63142,33.46786,340.34,0.34,0.56,2026-10-04,1151,N21,VIIRS,n,2.0NRT,299.97,1.62,D
-10.62948,30.22999,339.31,0.41,0.45,2026-10-04,1151,N21,VIIRS,n,2.0NRT,299.99,5.05,D
-10.62884,24.22717,334.67,0.39,0.36,2026-10-04,1151,N21,VIIRS,n,2.0NRT,302.83,4.78,D
-10.62862,23.06828,331.08,0.41,0.37,2026-10-04,1151,N21,VIIRS,n,2.0NRT,303.62,2.53,D
-10.62778,29.46749,337.71,0.56,0.43,2026-10-04,1151,N21,VIIRS,n,2.0NRT,301.02,7.63,D
-10.62731,29.47094,330.21,0.56,0.43,2026-10-04,1151,N21,VIIRS,l,2.0NRT,300.26,2.51,D
-10.62452,24.32326,344.2,0.39,0.36,2026-10-04,1151,N21,VIIRS,n,2.0NRT,300.72,8.97,D
-10.62134,31.4582,331.51,0.5,0.49,2026-10-04,1151,N21,VIIRS,n,2.0NRT,300.68,5.46,D
-10.62053,31.46271,330.44,0.5,0.49,2026-10-04,1151,N21,VIIRS,n,2.0NRT,300.09,4.67,D
-10.61889,31.45549,333.18,0.5,0.49,2026-10-04,1151,N21,VIIRS,n,2.0NRT,299.1,5.81,D
-10.61885,32.99963,336.14,0.63,0.54,2026-10-04,1151,N21,VIIRS,n,2.0NRT,304.28,5.04,D
-10.6142,31.27086,340.77,0.48,0.48,2026-10-04,1151,N21,VIIRS,n,2.0NRT,299.92,8.86,D
-10.61384,33.36373,367,0.34,0.56,2026-10-04,1151,N21,VIIRS,h,2.0NRT,298.46,7.91,D
-10.61356,22.16309,336.03,0.44,0.38,2026-10-04,1151,N21,VIIRS,n,2.0NRT,305.29,6.73,D
-10.60651,33.37494,367,0.34,0.56,2026-10-04,1151,N21,VIIRS,h,2.0NRT,304.07,17.9,D
-10.60435,33.36796,367,0.34,0.56,2026-10-04,1151,N21,VIIRS,h,2.0NRT,299.57,6.51,D
-10.60405,23.21093,335.14,0.4,0.37,2026-10-04,1151,N21,VIIRS,n,2.0NRT,306.89,4.15,D
-10.60381,33.371,338.26,0.34,0.56,2026-10-04,1151,N21,VIIRS,n,2.0NRT,301.68,6.51,D
-10.60331,30.1171,338.56,0.41,0.45,2026-10-04,1151,N21,VIIRS,n,2.0NRT,296.73,4.48,D
-10.60326,33.37405,353.67,0.34,0.56,2026-10-04,1151,N21,VIIRS,n,2.0NRT,305.07,8.69,D
-10.60272,33.3771,339.97,0.34,0.56,2026-10-04,1151,N21,VIIRS,n,2.0NRT,298.51,8.69,D
-10.60268,30.12083,341.59,0.41,0.45,2026-10-04,1151,N21,VIIRS,n,2.0NRT,302.08,4.48,D
-10.60257,33.36787,367,0.34,0.56,2026-10-04,1151,N21,VIIRS,h,2.0NRT,301.7,9.28,D
-10.60201,33.37091,339.19,0.34,0.56,2026-10-04,1151,N21,VIIRS,n,2.0NRT,302.79,9.28,D
-10.60144,33.37395,367,0.34,0.56,2026-10-04,1151,N21,VIIRS,h,2.0NRT,303.28,17.9,D
-10.60144,33.51574,330.23,0.34,0.56,2026-10-04,1151,N21,VIIRS,l,2.0NRT,303.01,2.99,D
-10.60067,23.21044,334.74,0.4,0.37,2026-10-04,1151,N21,VIIRS,n,2.0NRT,306.41,4.15,D
-10.60028,33.522,339.91,0.34,0.56,2026-10-04,1151,N21,VIIRS,n,2.0NRT,302.84,4.03,D
-10.59984,33.36391,347.3,0.34,0.56,2026-10-04,1151,N21,VIIRS,n,2.0NRT,300.53,5.43,D
-10.59929,33.36695,330.08,0.34,0.56,2026-10-04,1151,N21,VIIRS,n,2.0NRT,301.55,6.51,D
-10.59861,30.12004,345.36,0.41,0.45,2026-10-04,1151,N21,VIIRS,n,2.0NRT,306.01,13.11,D
-10.5982,33.37305,334.76,0.34,0.56,2026-10-04,1151,N21,VIIRS,n,2.0NRT,301.76,8.69,D
-10.59808,33.36384,345.42,0.34,0.56,2026-10-04,1151,N21,VIIRS,n,2.0NRT,300.36,6.04,D
-10.59798,30.12375,342.1,0.41,0.45,2026-10-04,1151,N21,VIIRS,n,2.0NRT,302.95,6.33,D
-10.5969,23.14247,333.85,0.4,0.37,2026-10-04,1151,N21,VIIRS,n,2.0NRT,305.55,5.15,D
-10.59585,33.54589,334.01,0.35,0.56,2026-10-04,1151,N21,VIIRS,n,2.0NRT,299.06,6.19,D
-10.59571,33.5753,367,0.35,0.56,2026-10-04,1151,N21,VIIRS,h,2.0NRT,297.3,8.58,D
-10.59537,33.54847,335.25,0.35,0.56,2026-10-04,1151,N21,VIIRS,n,2.0NRT,299.77,15.52,D
-10.59489,33.55104,350.95,0.35,0.56,2026-10-04,1151,N21,VIIRS,n,2.0NRT,305.04,15.52,D
-10.59441,33.55362,354.84,0.35,0.56,2026-10-04,1151,N21,VIIRS,n,2.0NRT,299.1,19.17,D
-10.59434,33.58274,367,0.35,0.57,2026-10-04,1151,N21,VIIRS,h,2.0NRT,305.73,31.06,D
-10.59391,30.12297,344.12,0.41,0.45,2026-10-04,1151,N21,VIIRS,n,2.0NRT,304.5,6.33,D
-10.59369,33.58625,367,0.35,0.57,2026-10-04,1151,N21,VIIRS,h,2.0NRT,302.46,11.91,D
-10.59308,33.58955,339,0.35,0.57,2026-10-04,1151,N21,VIIRS,n,2.0NRT,298.95,11.91,D
-10.59204,33.29084,343.36,0.33,0.55,2026-10-04,1151,N21,VIIRS,n,2.0NRT,303.03,2.98,D
-10.59169,33.32178,338.15,0.33,0.56,2026-10-04,1151,N21,VIIRS,n,2.0NRT,304.13,2.92,D
-10.59078,24.65768,332.17,0.38,0.36,2026-10-04,1151,N21,VIIRS,n,2.0NRT,300.38,3.34,D
-10.59065,33.57392,367,0.35,0.56,2026-10-04,1151,N21,VIIRS,h,2.0NRT,299.69,11.36,D
-10.59046,30.11849,354.85,0.41,0.45,2026-10-04,1151,N21,VIIRS,n,2.0NRT,304.43,13.11,D
-10.58996,33.5776,334.72,0.35,0.56,2026-10-04,1151,N21,VIIRS,n,2.0NRT,300.52,11.07,D
-10.58952,33.52282,333.08,0.34,0.56,2026-10-04,1151,N21,VIIRS,n,2.0NRT,302.54,8.38,D
-10.58893,33.52599,355.6,0.34,0.56,2026-10-04,1151,N21,VIIRS,n,2.0NRT,301.92,8.38,D
-10.58834,33.52917,351.81,0.34,0.56,2026-10-04,1151,N21,VIIRS,n,2.0NRT,303.19,13.93,D
-10.58812,33.2837,341.66,0.33,0.55,2026-10-04,1151,N21,VIIRS,n,2.0NRT,302.4,2.41,D
-10.58796,33.5884,353.02,0.35,0.57,2026-10-04,1151,N21,VIIRS,n,2.0NRT,300.87,5.17,D
-10.58758,33.28666,336.78,0.33,0.55,2026-10-04,1151,N21,VIIRS,n,2.0NRT,301.77,2.41,D
-10.58737,33.59157,334.91,0.35,0.57,2026-10-04,1151,N21,VIIRS,n,2.0NRT,300.81,6.6,D
-10.58703,33.28974,338.12,0.33,0.55,2026-10-04,1151,N21,VIIRS,n,2.0NRT,301.86,1.39,D
-10.58671,30.04198,335.4,0.4,0.45,2026-10-04,1151,N21,VIIRS,n,2.0NRT,299.22,4.57,D
-10.58646,33.29289,330,0.33,0.55,2026-10-04,1151,N21,VIIRS,l,2.0NRT,301.6,1.39,D
-10.58481,33.57669,367,0.35,0.56,2026-10-04,1151,N21,VIIRS,h,2.0NRT,302.81,11.07,D
-10.58352,33.58362,330.87,0.35,0.57,2026-10-04,1151,N21,VIIRS,n,2.0NRT,300.24,5.17,D
-10.5829,33.587,334.83,0.35,0.57,2026-10-04,1151,N21,VIIRS,n,2.0NRT,302.39,5.17,D
-10.5823,33.59022,341.28,0.35,0.57,2026-10-04,1151,N21,VIIRS,n,2.0NRT,303.22,6.6,D
-10.58171,33.59336,348.84,0.35,0.57,2026-10-04,1151,N21,VIIRS,n,2.0NRT,301.77,6.6,D
-10.58112,33.59654,347.03,0.35,0.57,2026-10-04,1151,N21,VIIRS,n,2.0NRT,300.28,9.15,D
-10.58002,33.51693,343.4,0.34,0.56,2026-10-04,1151,N21,VIIRS,n,2.0NRT,301.89,5.2,D
-10.57898,33.57943,346.31,0.35,0.57,2026-10-04,1151,N21,VIIRS,n,2.0NRT,298.78,4.54,D
-10.5784,33.58257,332.21,0.35,0.57,2026-10-04,1151,N21,VIIRS,n,2.0NRT,300.55,3.83,D
-10.57784,33.51611,339.9,0.34,0.56,2026-10-04,1151,N21,VIIRS,n,2.0NRT,300.33,5.12,D
-10.57781,33.58573,332.65,0.35,0.57,2026-10-04,1151,N21,VIIRS,n,2.0NRT,301.72,3.83,D
-10.57722,33.5889,336.45,0.35,0.57,2026-10-04,1151,N21,VIIRS,n,2.0NRT,302.91,7.98,D
-10.57662,33.59209,367,0.35,0.57,2026-10-04,1151,N21,VIIRS,h,2.0NRT,301.68,7.98,D
-10.5758,31.51795,333.51,0.5,0.49,2026-10-04,1151,N21,VIIRS,n,2.0NRT,302.04,2.92,D
-10.57275,32.46109,332.51,0.58,0.52,2026-10-04,1151,N21,VIIRS,n,2.0NRT,300.85,8.51,D
-10.57016,21.98575,344.19,0.44,0.39,2026-10-04,1151,N21,VIIRS,n,2.0NRT,297.15,7.62,D
-10.56889,32.48233,343.73,0.59,0.52,2026-10-04,1151,N21,VIIRS,n,2.0NRT,300.9,11.49,D
-10.56606,33.34775,332.01,0.34,0.56,2026-10-04,1151,N21,VIIRS,n,2.0NRT,300.68,1.58,D
-10.56514,33.26666,353,0.33,0.55,2026-10-04,1151,N21,VIIRS,n,2.0NRT,303.79,25.3,D
-10.5646,33.2696,350.12,0.33,0.55,2026-10-04,1151,N21,VIIRS,n,2.0NRT,310.45,25.3,D
-10.56412,32.48138,333.58,0.59,0.52,2026-10-04,1151,N21,VIIRS,n,2.0NRT,299.99,5.78,D
-10.56405,33.27261,367,0.33,0.55,2026-10-04,1151,N21,VIIRS,h,2.0NRT,301.73,22.67,D
-10.56327,29.05565,332.95,0.53,0.42,2026-10-04,1151,N21,VIIRS,l,2.0NRT,303.93,5.64,D
-10.55958,33.26857,341.18,0.33,0.55,2026-10-04,1151,N21,VIIRS,n,2.0NRT,304.29,7.1,D
-10.55943,29.05505,345.97,0.53,0.42,2026-10-04,1151,N21,VIIRS,n,2.0NRT,310.17,39.32,D
-10.55902,33.27161,367,0.33,0.55,2026-10-04,1151,N21,VIIRS,h,2.0NRT,305.22,6.74,D
-10.55846,33.27467,340.21,0.33,0.55,2026-10-04,1151,N21,VIIRS,n,2.0NRT,302.5,6.74,D
-10.5528,26.15678,343.07,0.4,0.37,2026-10-04,1151,N21,VIIRS,n,2.0NRT,303.7,8.83,D
-10.55245,31.46681,339.25,0.5,0.49,2026-10-04,1151,N21,VIIRS,n,2.0NRT,302.8,4.31,D
-10.55122,29.12848,335.57,0.54,0.42,2026-10-04,1151,N21,VIIRS,n,2.0NRT,300.46,4.8,D
-10.54923,28.85809,336.11,0.52,0.41,2026-10-04,1151,N21,VIIRS,n,2.0NRT,295.47,6.14,D
-10.54907,33.29744,354.09,0.33,0.55,2026-10-04,1151,N21,VIIRS,n,2.0NRT,307.52,21.08,D
-10.54878,31.46149,339.27,0.5,0.49,2026-10-04,1151,N21,VIIRS,n,2.0NRT,303.06,19.33,D
-10.54852,33.3005,367,0.33,0.55,2026-10-04,1151,N21,VIIRS,h,2.0NRT,305.11,16.45,D
-10.54799,31.46597,351.18,0.5,0.49,2026-10-04,1151,N21,VIIRS,n,2.0NRT,305.61,19.33,D
-10.54778,31.23746,330.11,0.48,0.48,2026-10-04,1151,N21,VIIRS,n,2.0NRT,299.4,3.12,D
-10.54764,31.23621,330.82,0.48,0.48,2026-10-04,1151,N21,VIIRS,n,2.0NRT,299.4,1.92,D
-10.54404,33.29638,343.59,0.33,0.55,2026-10-04,1151,N21,VIIRS,n,2.0NRT,305.49,15.65,D
-10.54348,33.29943,294.02,0.33,0.55,2026-10-04,1151,N21,VIIRS,l,2.0NRT,313.44,43.77,D
-10.54292,33.30249,367,0.33,0.55,2026-10-04,1151,N21,VIIRS,h,2.0NRT,308.33,43.77,D
-10.53789,33.30144,367,0.33,0.55,2026-10-04,1151,N21,VIIRS,h,2.0NRT,305.35,43.77,D
-10.53635,33.42429,331.81,0.34,0.56,2026-10-04,1151,N21,VIIRS,n,2.0NRT,299.23,1.38,D
-10.53466,33.37606,331.74,0.34,0.56,2026-10-04,1151,N21,VIIRS,l,2.0NRT,303.6,3.47,D
-10.52713,33.59099,344.73,0.35,0.57,2026-10-04,1151,N21,VIIRS,n,2.0NRT,299.97,5.2,D
-10.52321,33.23967,341.69,0.33,0.55,2026-10-04,1151,N21,VIIRS,n,2.0NRT,302.92,11.06,D
-10.5218,30.19869,339.04,0.41,0.45,2026-10-04,1151,N21,VIIRS,n,2.0NRT,297.83,8.89,D
-10.52099,33.22783,335.03,0.33,0.55,2026-10-04,1151,N21,VIIRS,n,2.0NRT,298.86,17.59,D
-10.52046,33.23083,367,0.33,0.55,2026-10-04,1151,N21,VIIRS,h,2.0NRT,306.21,27.37,D
-10.51988,33.22959,340.11,0.33,0.55,2026-10-04,1151,N21,VIIRS,n,2.0NRT,310.94,47.16,D
-10.51939,33.23684,367,0.33,0.55,2026-10-04,1151,N21,VIIRS,h,2.0NRT,308.03,15.12,D
-10.51885,33.23988,337.82,0.33,0.55,2026-10-04,1151,N21,VIIRS,n,2.0NRT,303.81,15.12,D
-10.51876,33.2356,351.27,0.33,0.55,2026-10-04,1151,N21,VIIRS,n,2.0NRT,304.28,44.36,D
-10.5182,33.23863,367,0.33,0.55,2026-10-04,1151,N21,VIIRS,h,2.0NRT,304.94,11.06,D
-10.51769,33.4111,352.94,0.34,0.56,2026-10-04,1151,N21,VIIRS,n,2.0NRT,302.08,4.21,D
-10.51736,29.93297,337.76,0.4,0.44,2026-10-04,1151,N21,VIIRS,n,2.0NRT,298.92,5.61,D
-10.51604,33.22643,339.19,0.33,0.55,2026-10-04,1151,N21,VIIRS,n,2.0NRT,299.94,17.59,D
-10.51551,33.33759,331.68,0.34,0.56,2026-10-04,1151,N21,VIIRS,l,2.0NRT,303.91,2.57,D
-10.51548,33.22955,367,0.33,0.55,2026-10-04,1151,N21,VIIRS,h,2.0NRT,305.63,27.37,D
-10.51493,33.23263,367,0.33,0.55,2026-10-04,1151,N21,VIIRS,h,2.0NRT,304.36,27.37,D
-10.51492,33.22827,367,0.33,0.55,2026-10-04,1151,N21,VIIRS,h,2.0NRT,303.21,13.13,D
-10.51434,33.23137,367,0.33,0.55,2026-10-04,1151,N21,VIIRS,h,2.0NRT,304,7.67,D
-10.51377,33.23443,330.83,0.33,0.55,2026-10-04,1151,N21,VIIRS,n,2.0NRT,302.1,7.67,D
-10.51091,22.82332,333.47,0.41,0.37,2026-10-04,1151,N21,VIIRS,n,2.0NRT,297.84,5.87,D
-10.5088,31.25285,334.57,0.49,0.48,2026-10-04,1151,N21,VIIRS,n,2.0NRT,299.3,5.21,D
-10.50804,31.25724,334.7,0.49,0.48,2026-10-04,1151,N21,VIIRS,n,2.0NRT,300.03,5.21,D
-10.50696,33.41214,367,0.34,0.56,2026-10-04,1151,N21,VIIRS,h,2.0NRT,300.96,8.34,D
-10.50301,29.0163,331.75,0.53,0.42,2026-10-04,1151,N21,VIIRS,n,2.0NRT,300.26,6.62,D
-10.5022,29.02109,335.64,0.53,0.42,2026-10-04,1151,N21,VIIRS,n,2.0NRT,301.06,6.62,D
-10.50152,22.95901,336.27,0.41,0.37,2026-10-04,1151,N21,VIIRS,n,2.0NRT,301.58,4.16,D
-10.49812,22.95849,334.97,0.41,0.37,2026-10-04,1151,N21,VIIRS,n,2.0NRT,303.38,5.37,D
-10.49789,32.41144,347.84,0.58,0.52,2026-10-04,1151,N21,VIIRS,n,2.0NRT,303.12,12.51,D
-10.49644,33.30694,333.15,0.33,0.56,2026-10-04,1151,N21,VIIRS,n,2.0NRT,301.29,1.61,D
-10.49499,32.4002,339.69,0.58,0.52,2026-10-04,1151,N21,VIIRS,n,2.0NRT,303.66,10.59,D
-10.49406,32.40535,341.51,0.58,0.52,2026-10-04,1151,N21,VIIRS,n,2.0NRT,301.9,10.59,D
-10.494,23.97118,343.69,0.39,0.36,2026-10-04,1151,N21,VIIRS,n,2.0NRT,302.53,8.81,D
-10.49306,31.47618,332.65,0.5,0.49,2026-10-04,1151,N21,VIIRS,n,2.0NRT,302.4,6.64,D
-10.49272,31.69862,342.81,0.52,0.5,2026-10-04,1151,N21,VIIRS,n,2.0NRT,300.24,6.48,D
-10.48653,28.40676,336.4,0.49,0.4,2026-10-04,1151,N21,VIIRS,n,2.0NRT,298.41,5.47,D
-10.48572,28.40462,333.2,0.49,0.4,2026-10-04,1151,N21,VIIRS,n,2.0NRT,294.22,5.41,D
-10.48498,28.40906,334.81,0.49,0.4,2026-10-04,1151,N21,VIIRS,n,2.0NRT,298.52,7.4,D
-10.48332,31.47912,353.2,0.5,0.49,2026-10-04,1151,N21,VIIRS,n,2.0NRT,304.09,13.76,D
-10.48298,30.52026,335.83,0.44,0.46,2026-10-04,1151,N21,VIIRS,n,2.0NRT,296,13.65,D
-10.48284,28.40612,339.01,0.49,0.4,2026-10-04,1151,N21,VIIRS,n,2.0NRT,297.41,5.47,D
-10.48231,30.52414,348.63,0.44,0.46,2026-10-04,1151,N21,VIIRS,n,2.0NRT,299.8,13.65,D
-10.47953,23.95453,335.98,0.39,0.36,2026-10-04,1151,N21,VIIRS,n,2.0NRT,303.1,7.97,D
-10.47884,31.47828,330.48,0.5,0.49,2026-10-04,1151,N21,VIIRS,n,2.0NRT,300.45,13.76,D
-10.47722,24.40001,335.39,0.38,0.36,2026-10-04,1151,N21,VIIRS,n,2.0NRT,302.48,2.59,D
-10.47407,29.44702,337.73,0.56,0.43,2026-10-04,1151,N21,VIIRS,n,2.0NRT,304.24,5.29,D
-10.46898,31.83146,367,0.53,0.5,2026-10-04,1151,N21,VIIRS,h,2.0NRT,302.31,20.26,D
-10.46621,32.23525,355.08,0.57,0.52,2026-10-04,1151,N21,VIIRS,n,2.0NRT,303.72,12.94,D
-10.46517,23.64403,332.16,0.39,0.36,2026-10-04,1151,N21,VIIRS,n,2.0NRT,301.71,5.45,D
-10.4649,32.23342,342.46,0.57,0.52,2026-10-04,1151,N21,VIIRS,n,2.0NRT,303.97,9.01,D
-10.46421,31.29945,341.54,0.49,0.49,2026-10-04,1151,N21,VIIRS,n,2.0NRT,303.57,7.64,D
-10.46195,30.18524,336.51,0.41,0.45,2026-10-04,1151,N21,VIIRS,n,2.0NRT,296.07,9.75,D
-10.46131,30.18896,338.58,0.42,0.45,2026-10-04,1151,N21,VIIRS,n,2.0NRT,296.11,9.75,D
-10.46069,23.02471,332.51,0.41,0.37,2026-10-04,1151,N21,VIIRS,n,2.0NRT,301.73,1.88,D
-10.45975,29.29426,334.56,0.55,0.43,2026-10-04,1151,N21,VIIRS,n,2.0NRT,304.37,7.8,D
-10.45785,30.18446,348.88,0.41,0.45,2026-10-04,1151,N21,VIIRS,n,2.0NRT,299.24,9.75,D
-10.45721,30.18817,352.3,0.42,0.45,2026-10-04,1151,N21,VIIRS,n,2.0NRT,296.78,9.75,D
-10.4519,31.3433,339.59,0.49,0.49,2026-10-04,1151,N21,VIIRS,n,2.0NRT,299.65,4.58,D
-10.45126,23.37024,338.62,0.4,0.37,2026-10-04,1151,N21,VIIRS,n,2.0NRT,304.69,5.28,D
-10.4505,32.56439,335.7,0.6,0.53,2026-10-04,1151,N21,VIIRS,n,2.0NRT,300,5.03,D
-10.44951,32.56985,343.66,0.6,0.53,2026-10-04,1151,N21,VIIRS,n,2.0NRT,301.42,10.91,D
-10.44851,33.28274,367,0.33,0.56,2026-10-04,1151,N21,VIIRS,h,2.0NRT,304.7,10.74,D
-10.4479,23.36973,346.58,0.4,0.37,2026-10-04,1151,N21,VIIRS,n,2.0NRT,306.33,5.28,D
-10.44621,23.54243,333.71,0.39,0.37,2026-10-04,1151,N21,VIIRS,n,2.0NRT,303.72,4.87,D
-10.44453,31.20516,335.95,0.48,0.48,2026-10-04,1151,N21,VIIRS,n,2.0NRT,302.4,1.72,D
-10.44327,33.22589,334.76,0.33,0.55,2026-10-04,1151,N21,VIIRS,n,2.0NRT,302.72,5.69,D
-10.44192,29.25241,339.29,0.55,0.42,2026-10-04,1151,N21,VIIRS,n,2.0NRT,308.1,35.46,D
-10.44154,32.14603,331.64,0.56,0.51,2026-10-04,1151,N21,VIIRS,l,2.0NRT,305.38,3.19,D
-10.43559,33.29621,335.27,0.33,0.56,2026-10-04,1151,N21,VIIRS,n,2.0NRT,293.32,2.58,D
-10.43507,31.18187,346.58,0.48,0.48,2026-10-04,1151,N21,VIIRS,n,2.0NRT,301.36,10.12,D
-10.43333,24.91089,333.97,0.38,0.36,2026-10-04,1151,N21,VIIRS,n,2.0NRT,295.12,4.09,D
-10.42983,31.39013,338.92,0.5,0.49,2026-10-04,1151,N21,VIIRS,n,2.0NRT,298.59,4.66,D
-10.42904,31.3946,350.41,0.5,0.49,2026-10-04,1151,N21,VIIRS,n,2.0NRT,301.88,12.42,D
-10.42898,23.38165,338.64,0.4,0.37,2026-10-04,1151,N21,VIIRS,n,2.0NRT,304.99,4.24,D
-10.42643,32.8363,339.58,0.62,0.54,2026-10-04,1151,N21,VIIRS,n,2.0NRT,303.59,9.52,D
-10.42634,23.74377,337.9,0.39,0.36,2026-10-04,1151,N21,VIIRS,n,2.0NRT,306.1,3.12,D
-10.42493,29.23466,344.6,0.55,0.42,2026-10-04,1151,N21,VIIRS,n,2.0NRT,305.74,18.47,D
-10.42421,32.38095,335.83,0.58,0.52,2026-10-04,1151,N21,VIIRS,n,2.0NRT,302.48,3.73,D
-10.42085,33.29097,367,0.33,0.56,2026-10-04,1151,N21,VIIRS,h,2.0NRT,300.26,8.26,D
-10.42047,32.07497,335.96,0.55,0.51,2026-10-04,1151,N21,VIIRS,n,2.0NRT,301.27,2.88,D
-10.41865,24.83005,330.22,0.38,0.36,2026-10-04,1151,N21,VIIRS,n,2.0NRT,295.23,3.22,D
-10.41718,23.12265,341.3,0.4,0.37,2026-10-04,1151,N21,VIIRS,n,2.0NRT,307.39,6.75,D
-10.41416,33.32721,335.64,0.34,0.56,2026-10-04,1151,N21,VIIRS,n,2.0NRT,303.58,4.02,D
-10.4126,32.71756,330.93,0.61,0.53,2026-10-04,1151,N21,VIIRS,l,2.0NRT,303.1,4.63,D
-10.41059,33.40363,367,0.34,0.56,2026-10-04,1151,N21,VIIRS,h,2.0NRT,301.58,7.82,D
-10.4056,31.47427,343.85,0.5,0.49,2026-10-04,1151,N21,VIIRS,n,2.0NRT,303.06,19.85,D
-10.40384,33.41165,346.58,0.34,0.56,2026-10-04,1151,N21,VIIRS,n,2.0NRT,302.25,2.53,D
-10.40314,31.47498,341.04,0.5,0.49,2026-10-04,1151,N21,VIIRS,n,2.0NRT,302.04,13.04,D
-10.39709,31.48331,343.69,0.51,0.49,2026-10-04,1151,N21,VIIRS,n,2.0NRT,301.33,11.36,D
-10.39695,30.38954,336.22,0.43,0.46,2026-10-04,1151,N21,VIIRS,n,2.0NRT,302.45,17.42,D
-10.395,31.48177,347.94,0.5,0.49,2026-10-04,1151,N21,VIIRS,n,2.0NRT,302.59,14.27,D
-10.39443,32.30048,338.78,0.57,0.52,2026-10-04,1151,N21,VIIRS,n,2.0NRT,304.13,3.88,D
-10.38247,23.58037,344.18,0.39,0.36,2026-10-04,1151,N21,VIIRS,n,2.0NRT,305.55,6.88,D
-10.37985,32.7159,330.24,0.61,0.54,2026-10-04,1151,N21,VIIRS,l,2.0NRT,301.44,2.97,D
-10.37941,23.69291,335.42,0.39,0.36,2026-10-04,1151,N21,VIIRS,n,2.0NRT,303.66,3.62,D
-10.37608,23.69241,335.07,0.39,0.36,2026-10-04,1151,N21,VIIRS,n,2.0NRT,305.95,4.26,D
-10.37386,33.40253,367,0.34,0.56,2026-10-04,1151,N21,VIIRS,h,2.0NRT,308.47,15.95,D
-10.37329,33.40556,337.11,0.34,0.56,2026-10-04,1151,N21,VIIRS,n,2.0NRT,303.01,15.95,D
-10.37179,24.9112,331.74,0.38,0.36,2026-10-04,1151,N21,VIIRS,n,2.0NRT,299.03,2.91,D
-10.37156,33.4002,350.2,0.34,0.56,2026-10-04,1151,N21,VIIRS,n,2.0NRT,305.72,16.51,D
-10.37101,33.40322,367,0.34,0.56,2026-10-04,1151,N21,VIIRS,h,2.0NRT,308.2,16.51,D
-10.36701,32.39795,341.59,0.58,0.52,2026-10-04,1151,N21,VIIRS,n,2.0NRT,302.23,7.64,D
-10.367,33.75647,332.45,0.36,0.57,2026-10-04,1151,N21,VIIRS,n,2.0NRT,300.3,2.08,D
-10.36668,24.38926,334.4,0.38,0.36,2026-10-04,1151,N21,VIIRS,n,2.0NRT,302.48,7.49,D
-10.36622,31.5012,331.89,0.51,0.49,2026-10-04,1151,N21,VIIRS,n,2.0NRT,300.71,5.31,D
-10.36592,32.2957,332.49,0.57,0.52,2026-10-04,1151,N21,VIIRS,n,2.0NRT,301.76,2.38,D
-10.36565,32.29314,332.49,0.57,0.52,2026-10-04,1151,N21,VIIRS,l,2.0NRT,303.07,3.02,D
-10.36564,23.07372,332.64,0.4,0.37,2026-10-04,1151,N21,VIIRS,n,2.0NRT,304.17,5.16,D
-10.36437,29.16872,345.8,0.54,0.42,2026-10-04,1151,N21,VIIRS,n,2.0NRT,303.51,14.48,D
-10.36119,33.75866,352.62,0.36,0.57,2026-10-04,1151,N21,VIIRS,n,2.0NRT,305.33,5.3,D
-10.36069,33.76136,332.38,0.36,0.57,2026-10-04,1151,N21,VIIRS,l,2.0NRT,305.53,5.3,D
-10.35777,33.74795,350.85,0.36,0.57,2026-10-04,1151,N21,VIIRS,n,2.0NRT,303.72,5.54,D
-10.35489,33.67618,336.55,0.36,0.57,2026-10-04,1151,N21,VIIRS,n,2.0NRT,303.13,1.71,D
-10.35273,24.07555,333.23,0.39,0.36,2026-10-04,1151,N21,VIIRS,n,2.0NRT,301.99,18.35,D
-10.35174,33.75135,335.33,0.36,0.57,2026-10-04,1151,N21,VIIRS,n,2.0NRT,300.84,4.75,D
-10.34975,29.1612,340.16,0.54,0.42,2026-10-04,1151,N21,VIIRS,n,2.0NRT,306.25,11.8,D
-10.34773,29.16381,335.11,0.54,0.42,2026-10-04,1151,N21,VIIRS,l,2.0NRT,306.28,8.33,D
-10.34529,32.35352,355.62,0.58,0.52,2026-10-04,1151,N21,VIIRS,n,2.0NRT,302.43,19.05,D
-10.34511,32.35595,343.49,0.58,0.52,2026-10-04,1151,N21,VIIRS,n,2.0NRT,302.07,8.56,D
-10.34132,32.34979,337.42,0.58,0.52,2026-10-04,1151,N21,VIIRS,n,2.0NRT,303.34,27.4,D
-10.34055,32.35256,367,0.58,0.52,2026-10-04,1151,N21,VIIRS,h,2.0NRT,306.61,40.36,D
-10.34039,31.46352,340.21,0.5,0.49,2026-10-04,1151,N21,VIIRS,n,2.0NRT,298.83,2.93,D
-10.34036,32.35501,349.89,0.58,0.52,2026-10-04,1151,N21,VIIRS,n,2.0NRT,304.26,24.38,D
-10.33935,25.16737,337,0.39,0.36,2026-10-04,1151,N21,VIIRS,n,2.0NRT,297.84,9.24,D
-10.33685,31.51004,330.52,0.51,0.49,2026-10-04,1151,N21,VIIRS,l,2.0NRT,302.41,5.65,D
-10.33558,31.78598,338.56,0.53,0.5,2026-10-04,1151,N21,VIIRS,n,2.0NRT,304.42,3.38,D
-10.33471,29.7264,339.69,0.39,0.44,2026-10-04,1151,N21,VIIRS,n,2.0NRT,303.04,2.63,D
-10.33103,25.15528,336.19,0.39,0.36,2026-10-04,1151,N21,VIIRS,n,2.0NRT,299.48,4,D
-10.3305,25.15878,346,0.39,0.36,2026-10-04,1151,N21,VIIRS,n,2.0NRT,298.66,4,D
-10.32942,25.16579,337.62,0.39,0.36,2026-10-04,1151,N21,VIIRS,n,2.0NRT,299.8,4.4,D
-10.32781,25.1763,343.77,0.39,0.36,2026-10-04,1151,N21,VIIRS,n,2.0NRT,297.19,5.06,D
-10.32773,25.15476,334.73,0.39,0.36,2026-10-04,1151,N21,VIIRS,n,2.0NRT,300.43,4,D
-10.32719,25.15826,342,0.39,0.36,2026-10-04,1151,N21,VIIRS,n,2.0NRT,300.32,4,D
-10.32002,32.41327,349.36,0.59,0.52,2026-10-04,1151,N21,VIIRS,n,2.0NRT,304.9,20.71,D
-10.31907,32.41864,340.49,0.59,0.53,2026-10-04,1151,N21,VIIRS,n,2.0NRT,303.19,9.39,D
-10.31036,31.93148,340.75,0.54,0.51,2026-10-04,1151,N21,VIIRS,n,2.0NRT,299.15,3.1,D
-10.30856,31.9344,337.03,0.54,0.51,2026-10-04,1151,N21,VIIRS,n,2.0NRT,299.78,4.75,D
-10.30264,25.07554,337.89,0.39,0.36,2026-10-04,1151,N21,VIIRS,n,2.0NRT,295.35,7.38,D
-10.30258,32.34491,334.77,0.58,0.52,2026-10-04,1151,N21,VIIRS,n,2.0NRT,299.72,2.93,D
-10.30214,31.32386,341.64,0.49,0.49,2026-10-04,1151,N21,VIIRS,n,2.0NRT,302.86,5.19,D
-10.29935,32.28063,344.34,0.57,0.52,2026-10-04,1151,N21,VIIRS,n,2.0NRT,310.95,62.55,D
-10.29842,32.2858,339.5,0.57,0.52,2026-10-04,1151,N21,VIIRS,n,2.0NRT,303.18,25.28,D
-10.29139,25.01652,330.55,0.38,0.36,2026-10-04,1151,N21,VIIRS,n,2.0NRT,297.36,8.36,D
-10.29081,28.63564,354.06,0.51,0.41,2026-10-04,1151,N21,VIIRS,n,2.0NRT,306.54,25.73,D
-10.28994,24.60227,336.3,0.38,0.36,2026-10-04,1151,N21,VIIRS,n,2.0NRT,297.95,3.51,D
-10.28931,32.67246,340.78,0.61,0.53,2026-10-04,1151,N21,VIIRS,n,2.0NRT,303.84,8.64,D
-10.28928,31.13516,342.58,0.48,0.48,2026-10-04,1151,N21,VIIRS,n,2.0NRT,301.74,9.44,D
-10.28377,31.94686,336.72,0.54,0.51,2026-10-04,1151,N21,VIIRS,n,2.0NRT,299.91,3.99,D
-10.27696,25.13243,345.35,0.39,0.36,2026-10-04,1151,N21,VIIRS,n,2.0NRT,299.78,14.71,D
-10.27658,32.68758,341.88,0.61,0.54,2026-10-04,1151,N21,VIIRS,n,2.0NRT,303.73,8.28,D
-10.2723,32.40391,341.77,0.59,0.52,2026-10-04,1151,N21,VIIRS,n,2.0NRT,303.69,11.64,D
-10.27211,32.97579,336.36,0.32,0.55,2026-10-04,1151,N21,VIIRS,l,2.0NRT,308.02,3.52,D
-10.2718,23.41574,337.07,0.4,0.37,2026-10-04,1151,N21,VIIRS,n,2.0NRT,305.61,5.48,D
-10.27132,32.40937,341.49,0.59,0.53,2026-10-04,1151,N21,VIIRS,n,2.0NRT,303.61,13.48,D
-10.27126,23.41933,336.67,0.4,0.37,2026-10-04,1151,N21,VIIRS,l,2.0NRT,308.75,7.55,D
-10.27124,22.78705,331.88,0.41,0.37,2026-10-04,1151,N21,VIIRS,l,2.0NRT,305.21,39.07,D
-10.27123,32.24038,339.24,0.57,0.52,2026-10-04,1151,N21,VIIRS,n,2.0NRT,304.12,12.19,D
-10.27086,23.44495,346.74,0.4,0.37,2026-10-04,1151,N21,VIIRS,n,2.0NRT,303.65,7.29,D
-10.2707,22.79079,335.11,0.41,0.37,2026-10-04,1151,N21,VIIRS,l,2.0NRT,300.25,18.51,D
-10.26707,32.24263,332.54,0.57,0.52,2026-10-04,1151,N21,VIIRS,l,2.0NRT,303.81,12.03,D
-10.26582,31.32181,342.79,0.5,0.49,2026-10-04,1151,N21,VIIRS,n,2.0NRT,303.86,11.43,D
-10.25582,25.0718,337.85,0.39,0.36,2026-10-04,1151,N21,VIIRS,n,2.0NRT,304.81,9.87,D
-10.23305,24.75392,332.34,0.38,0.36,2026-10-04,1151,N21,VIIRS,n,2.0NRT,300.61,4.39,D
-10.22582,29.77618,342.92,0.39,0.44,2026-10-04,1151,N21,VIIRS,n,2.0NRT,304.84,15.52,D
-10.22058,28.10297,333.72,0.48,0.4,2026-10-04,1151,N21,VIIRS,n,2.0NRT,297.45,5.58,D
-10.20465,28.73452,333.45,0.51,0.41,2026-10-04,1151,N21,VIIRS,l,2.0NRT,305.8,3.5,D
-10.20297,32.63237,336.59,0.61,0.53,2026-10-04,1151,N21,VIIRS,n,2.0NRT,305.91,6.54,D
-10.20222,32.08093,354.83,0.56,0.51,2026-10-04,1151,N21,VIIRS,n,2.0NRT,305.1,12.45,D
-10.20162,32.62897,335.97,0.61,0.53,2026-10-04,1151,N21,VIIRS,l,2.0NRT,306.08,6.95,D
-10.19895,28.579,348.15,0.5,0.41,2026-10-04,1151,N21,VIIRS,n,2.0NRT,304.11,23.79,D
-10.1982,31.44393,341.74,0.51,0.49,2026-10-04,1151,N21,VIIRS,n,2.0NRT,306.34,8.57,D
-10.19753,32.08008,340.35,0.56,0.51,2026-10-04,1151,N21,VIIRS,n,2.0NRT,307.49,12.45,D
-10.18508,31.97318,337.05,0.55,0.51,2026-10-04,1151,N21,VIIRS,n,2.0NRT,306.24,5.27,D
-10.18323,31.90152,335.14,0.54,0.51,2026-10-04,1151,N21,VIIRS,n,2.0NRT,302.06,8.56,D
-10.18237,33.04399,336.68,0.32,0.55,2026-10-04,1151,N21,VIIRS,n,2.0NRT,303.72,3.93,D
-10.1822,29.55822,352.29,0.38,0.43,2026-10-04,1151,N21,VIIRS,n,2.0NRT,297.51,14.04,D
-10.18062,29.55855,347.15,0.38,0.43,2026-10-04,1151,N21,VIIRS,n,2.0NRT,299.22,25.31,D
-10.17915,23.14646,330.24,0.4,0.37,2026-10-04,1151,N21,VIIRS,l,2.0NRT,300.59,3.58,D
-10.17863,22.58149,333.57,0.42,0.37,2026-10-04,1151,N21,VIIRS,n,2.0NRT,304.42,3.81,D
-10.17824,29.55751,349.14,0.38,0.43,2026-10-04,1151,N21,VIIRS,n,2.0NRT,300.45,14.04,D
-10.17406,23.34215,344.7,0.4,0.37,2026-10-04,1151,N21,VIIRS,n,2.0NRT,300.71,5.66,D
-10.16884,29.0849,332.29,0.54,0.42,2026-10-04,1151,N21,VIIRS,n,2.0NRT,301.53,8.38,D
-10.15915,22.57087,338.73,0.42,0.37,2026-10-04,1151,N21,VIIRS,n,2.0NRT,305.47,4.61,D
-10.15661,32.17189,340.78,0.57,0.52,2026-10-04,1151,N21,VIIRS,n,2.0NRT,305.24,12.99,D
-10.15568,32.17699,336.14,0.57,0.52,2026-10-04,1151,N21,VIIRS,n,2.0NRT,304.24,8.88,D
-10.15464,32.17547,335.68,0.57,0.52,2026-10-04,1151,N21,VIIRS,n,2.0NRT,304.64,8.5,D
-10.15139,33.78079,341.96,0.36,0.58,2026-10-04,1151,N21,VIIRS,n,2.0NRT,300.92,7.9,D
-10.15073,33.78441,367,0.36,0.58,2026-10-04,1151,N21,VIIRS,h,2.0NRT,303.06,10.1,D
-10.15024,31.28247,342.33,0.49,0.49,2026-10-04,1151,N21,VIIRS,n,2.0NRT,306.12,10.06,D
-10.15008,33.78799,335.78,0.36,0.58,2026-10-04,1151,N21,VIIRS,n,2.0NRT,302.33,10.1,D
-10.14579,31.28171,340.7,0.49,0.49,2026-10-04,1151,N21,VIIRS,n,2.0NRT,306.96,4.8,D
-10.14406,30.26187,340.59,0.42,0.46,2026-10-04,1151,N21,VIIRS,n,2.0NRT,302.28,8.06,D
-10.14342,30.26564,340.78,0.42,0.46,2026-10-04,1151,N21,VIIRS,n,2.0NRT,302.95,8.06,D
-10.14305,31.1677,340.76,0.49,0.48,2026-10-04,1151,N21,VIIRS,n,2.0NRT,302.92,3.84,D
-10.14143,33.12681,367,0.33,0.55,2026-10-04,1151,N21,VIIRS,h,2.0NRT,302.47,6.41,D
-10.13886,24.61358,336.96,0.38,0.36,2026-10-04,1151,N21,VIIRS,n,2.0NRT,301.53,72.67,D
-10.13567,24.63451,344.77,0.38,0.36,2026-10-04,1151,N21,VIIRS,n,2.0NRT,302.06,6.6,D
-10.12217,29.94469,340.99,0.41,0.45,2026-10-04,1151,N21,VIIRS,n,2.0NRT,298.8,7.66,D
-10.11834,31.20427,335.4,0.49,0.48,2026-10-04,1151,N21,VIIRS,n,2.0NRT,302.82,4.55,D
-10.11779,29.9475,331.87,0.41,0.45,2026-10-04,1151,N21,VIIRS,n,2.0NRT,296.89,9.84,D
-10.11755,31.20872,339.62,0.49,0.49,2026-10-04,1151,N21,VIIRS,n,2.0NRT,306.76,4.55,D
-10.11746,29.94769,335.57,0.41,0.45,2026-10-04,1151,N21,VIIRS,n,2.0NRT,297.4,10.69,D
-10.11717,29.9512,340.86,0.41,0.45,2026-10-04,1151,N21,VIIRS,n,2.0NRT,302.93,9.84,D
-10.11681,29.95138,341.07,0.41,0.45,2026-10-04,1151,N21,VIIRS,n,2.0NRT,302.85,10.69,D
-10.1146,31.20485,336.01,0.49,0.49,2026-10-04,1151,N21,VIIRS,n,2.0NRT,301.4,7.29,D
-10.11425,23.67303,335.21,0.39,0.36,2026-10-04,1151,N21,VIIRS,n,2.0NRT,304.58,5.75,D
-10.10493,31.23475,336.59,0.49,0.49,2026-10-04,1151,N21,VIIRS,n,2.0NRT,304.91,4.28,D
-10.104,31.23341,337.69,0.49,0.49,2026-10-04,1151,N21,VIIRS,n,2.0NRT,304.86,3.34,D
-10.10056,31.27824,341.95,0.49,0.49,2026-10-04,1151,N21,VIIRS,n,2.0NRT,306.65,6.66,D
-10.09782,31.16992,335.54,0.49,0.48,2026-10-04,1151,N21,VIIRS,n,2.0NRT,302.88,6.42,D
-10.09737,31.27891,346.55,0.5,0.49,2026-10-04,1151,N21,VIIRS,n,2.0NRT,306.23,6.46,D
-10.09663,22.54231,333.61,0.42,0.38,2026-10-04,1151,N21,VIIRS,l,2.0NRT,303.22,3.03,D
-10.09276,28.14938,335,0.48,0.4,2026-10-04,1151,N21,VIIRS,l,2.0NRT,305.93,4.5,D
-10.08758,29.20483,354.14,0.55,0.43,2026-10-04,1151,N21,VIIRS,n,2.0NRT,309.62,43.37,D
-10.084,33.61659,351.53,0.36,0.57,2026-10-04,1151,N21,VIIRS,n,2.0NRT,302.04,6.75,D
-10.08369,29.20416,344.58,0.55,0.43,2026-10-04,1151,N21,VIIRS,n,2.0NRT,305.95,19.58,D
-10.08286,29.20912,340.78,0.55,0.43,2026-10-04,1151,N21,VIIRS,n,2.0NRT,308.9,19.58,D
-10.0784,29.18801,334.22,0.55,0.43,2026-10-04,1151,N21,VIIRS,l,2.0NRT,305.74,2.57,D
-10.07592,29.20284,337.84,0.55,0.43,2026-10-04,1151,N21,VIIRS,n,2.0NRT,305.7,8.57,D
-10.06996,28.29233,348.5,0.49,0.4,2026-10-04,1151,N21,VIIRS,n,2.0NRT,302.86,15.4,D
-10.06926,28.29021,347.1,0.49,0.4,2026-10-04,1151,N21,VIIRS,n,2.0NRT,301.95,17.49,D
-10.06312,32.49888,330.6,0.6,0.53,2026-10-04,1151,N21,VIIRS,n,2.0NRT,299.22,4.6,D
-10.05851,23.95344,345.25,0.39,0.36,2026-10-04,1151,N21,VIIRS,n,2.0NRT,305.14,34.01,D
-10.05645,33.79815,341.19,0.37,0.58,2026-10-04,1151,N21,VIIRS,n,2.0NRT,302.96,5.5,D
-10.05113,31.12471,332.18,0.48,0.48,2026-10-04,1151,N21,VIIRS,n,2.0NRT,300.32,2.38,D
-10.04917,32.07467,341.33,0.56,0.52,2026-10-04,1151,N21,VIIRS,n,2.0NRT,303.72,6.06,D
-10.04801,28.33434,338.27,0.49,0.4,2026-10-04,1151,N21,VIIRS,n,2.0NRT,302.87,9.54,D
-10.04673,31.12387,342.89,0.48,0.48,2026-10-04,1151,N21,VIIRS,n,2.0NRT,301.18,7.49,D
-10.04596,31.12826,341.66,0.48,0.48,2026-10-04,1151,N21,VIIRS,n,2.0NRT,302.04,7.79,D
-10.04091,23.11413,307.56,0.4,0.37,2026-10-04,1151,N21,VIIRS,l,2.0NRT,310.14,48.34,D
-10.04037,23.11777,333.35,0.4,0.37,2026-10-04,1151,N21,VIIRS,n,2.0NRT,303.56,25.11,D
-10.03649,32.67653,343.09,0.62,0.54,2026-10-04,1151,N21,VIIRS,n,2.0NRT,304.13,10.33,D
-10.03551,32.682,335.35,0.62,0.54,2026-10-04,1151,N21,VIIRS,n,2.0NRT,303.81,10.33,D
-10.02799,23.93077,342.69,0.39,0.36,2026-10-04,1151,N21,VIIRS,n,2.0NRT,299.57,5.5,D
-10.02704,28.54208,346.13,0.5,0.41,2026-10-04,1151,N21,VIIRS,n,2.0NRT,303.61,14.1,D
-10.02629,28.53957,341.95,0.51,0.41,2026-10-04,1151,N21,VIIRS,n,2.0NRT,302.26,6.93,D
-10.02555,28.54414,338.77,0.51,0.41,2026-10-04,1151,N21,VIIRS,n,2.0NRT,306.22,8.79,D
-10.02134,31.79839,334.33,0.54,0.51,2026-10-04,1151,N21,VIIRS,n,2.0NRT,290.68,4.57,D
-10.00863,31.05675,340.62,0.48,0.48,2026-10-04,1151,N21,VIIRS,n,2.0NRT,300.49,12.34,D
-9.98887,28.46301,344.25,0.5,0.41,2026-10-04,1151,N21,VIIRS,n,2.0NRT,302.41,27.83,D
-9.98235,32.48317,341.65,0.6,0.53,2026-10-04,1151,N21,VIIRS,n,2.0NRT,303.31,8.73,D
-9.98197,31.13255,335.41,0.49,0.48,2026-10-04,1151,N21,VIIRS,n,2.0NRT,301.11,4.3,D
-9.98069,28.37354,336.09,0.5,0.41,2026-10-04,1151,N21,VIIRS,n,2.0NRT,301.26,5.93,D
-9.97498,33.65039,343.25,0.36,0.57,2026-10-04,1151,N21,VIIRS,n,2.0NRT,302.06,5.98,D
-9.97433,33.654,367,0.36,0.57,2026-10-04,1151,N21,VIIRS,h,2.0NRT,306.81,12,D
-9.96795,22.24981,330.66,0.43,0.38,2026-10-04,1151,N21,VIIRS,n,2.0NRT,302.65,1.99,D
-9.96527,28.95437,330.92,0.53,0.42,2026-10-04,1151,N21,VIIRS,l,2.0NRT,302.2,3.5,D
-9.95759,23.96964,345.75,0.39,0.36,2026-10-04,1151,N21,VIIRS,n,2.0NRT,301.6,15.22,D
-9.9553,33.13019,339.05,0.33,0.55,2026-10-04,1151,N21,VIIRS,n,2.0NRT,305.19,6.04,D
-9.95261,23.27809,330.59,0.4,0.37,2026-10-04,1151,N21,VIIRS,n,2.0NRT,302.72,2.75,D
-9.9475,28.83243,340.76,0.53,0.42,2026-10-04,1151,N21,VIIRS,n,2.0NRT,304.57,27.74,D
-9.94408,33.13452,340.07,0.33,0.55,2026-10-04,1151,N21,VIIRS,n,2.0NRT,304.51,2.1,D
-9.94083,23.00902,345.48,0.4,0.37,2026-10-04,1151,N21,VIIRS,n,2.0NRT,302.01,23.34,D
-9.94073,31.13419,348.92,0.49,0.48,2026-10-04,1151,N21,VIIRS,n,2.0NRT,300.91,9.39,D
-9.93906,33.69902,352.91,0.36,0.58,2026-10-04,1151,N21,VIIRS,n,2.0NRT,306.25,12.42,D
-9.93842,33.70248,367,0.36,0.58,2026-10-04,1151,N21,VIIRS,h,2.0NRT,306.63,16.62,D
-9.93803,29.23303,338,0.55,0.43,2026-10-04,1151,N21,VIIRS,n,2.0NRT,305.54,7.76,D
-9.93714,33.17292,340.12,0.33,0.56,2026-10-04,1151,N21,VIIRS,n,2.0NRT,307.86,3.54,D
-9.93692,23.01216,340.58,0.4,0.37,2026-10-04,1151,N21,VIIRS,n,2.0NRT,298.99,4.09,D
-9.93295,31.17846,338.83,0.49,0.49,2026-10-04,1151,N21,VIIRS,n,2.0NRT,300.91,12.48,D
-9.93215,23.80022,332.59,0.39,0.36,2026-10-04,1151,N21,VIIRS,n,2.0NRT,297.88,11.93,D
-9.92351,33.16152,332.99,0.33,0.56,2026-10-04,1151,N21,VIIRS,l,2.0NRT,305.94,2.47,D
-9.92298,33.16443,336.5,0.33,0.56,2026-10-04,1151,N21,VIIRS,n,2.0NRT,306.12,3.05,D
-9.9179,33.16358,340.81,0.33,0.56,2026-10-04,1151,N21,VIIRS,n,2.0NRT,307.13,2.95,D
-9.9085,33.62993,336.4,0.36,0.57,2026-10-04,1151,N21,VIIRS,n,2.0NRT,305.04,3.01,D
-9.90666,32.79636,344.37,0.63,0.54,2026-10-04,1151,N21,VIIRS,n,2.0NRT,307.88,16.84,D
-9.90562,32.80217,342.2,0.63,0.54,2026-10-04,1151,N21,VIIRS,n,2.0NRT,306.52,16.84,D
-9.90191,29.06089,335.44,0.54,0.42,2026-10-04,1151,N21,VIIRS,n,2.0NRT,304.03,8.12,D
-9.89723,29.06516,347.85,0.54,0.42,2026-10-04,1151,N21,VIIRS,n,2.0NRT,307.62,14.83,D
-9.88393,23.05674,341.24,0.4,0.37,2026-10-04,1151,N21,VIIRS,n,2.0NRT,300.21,3.79,D
-9.8835,23.08273,333.22,0.4,0.37,2026-10-04,1151,N21,VIIRS,n,2.0NRT,299.64,4.43,D
-9.87849,31.78253,330.42,0.54,0.51,2026-10-04,1151,N21,VIIRS,n,2.0NRT,300.3,2.97,D
-9.87699,33.59394,352.24,0.36,0.57,2026-10-04,1151,N21,VIIRS,n,2.0NRT,305.41,7.24,D
-9.87639,33.59725,367,0.36,0.57,2026-10-04,1151,N21,VIIRS,h,2.0NRT,304.48,7.24,D
-9.87422,22.93585,334.96,0.4,0.37,2026-10-04,1151,N21,VIIRS,l,2.0NRT,303.84,5.66,D
-9.87014,29.06073,345.1,0.54,0.42,2026-10-04,1151,N21,VIIRS,n,2.0NRT,302.97,9.85,D
-9.86627,29.0601,333.67,0.54,0.42,2026-10-04,1151,N21,VIIRS,n,2.0NRT,303.12,4.73,D
-9.86526,30.0323,342,0.41,0.45,2026-10-04,1151,N21,VIIRS,n,2.0NRT,301.65,8.66,D
-9.86282,22.58475,335.15,0.41,0.37,2026-10-04,1151,N21,VIIRS,l,2.0NRT,308.39,4.42,D
-9.86274,31.52318,335.76,0.52,0.5,2026-10-04,1151,N21,VIIRS,n,2.0NRT,304.43,5.72,D
-9.86132,28.25388,331.73,0.49,0.4,2026-10-04,1151,N21,VIIRS,l,2.0NRT,304.95,5.84,D
-9.86092,32.85153,354.43,0.32,0.54,2026-10-04,1151,N21,VIIRS,n,2.0NRT,306.75,6.46,D
-9.84793,33.2417,341.11,0.34,0.56,2026-10-04,1151,N21,VIIRS,n,2.0NRT,307.71,2.59,D
-9.84758,31.74173,337.04,0.54,0.51,2026-10-04,1151,N21,VIIRS,n,2.0NRT,303.46,17.19,D
-9.84672,31.7466,342.77,0.54,0.51,2026-10-04,1151,N21,VIIRS,n,2.0NRT,305.96,17.19,D
-9.83583,22.84347,350.45,0.41,0.37,2026-10-04,1151,N21,VIIRS,n,2.0NRT,302.08,28.36,D
-9.83238,28.18199,346.08,0.49,0.4,2026-10-04,1151,N21,VIIRS,n,2.0NRT,305.05,13.31,D
-9.83139,28.85359,332.14,0.53,0.42,2026-10-04,1151,N21,VIIRS,n,2.0NRT,299.77,4.49,D
-9.81411,22.65414,334.07,0.41,0.37,2026-10-04,1151,N21,VIIRS,l,2.0NRT,301.92,5.82,D
-9.81069,22.65364,334.98,0.41,0.37,2026-10-04,1151,N21,VIIRS,l,2.0NRT,300.69,10.13,D
-9.81014,22.65737,344.43,0.41,0.37,2026-10-04,1151,N21,VIIRS,l,2.0NRT,300.01,10.13,D
-9.80223,31.48976,346.78,0.52,0.5,2026-10-04,1151,N21,VIIRS,n,2.0NRT,308.58,45.93,D
-9.80011,22.91282,334.81,0.4,0.37,2026-10-04,1151,N21,VIIRS,n,2.0NRT,295.95,6.67,D
-9.79881,23.32857,340.73,0.4,0.37,2026-10-04,1151,N21,VIIRS,n,2.0NRT,300.64,4.99,D
-9.78662,30.24491,333.95,0.43,0.46,2026-10-04,1151,N21,VIIRS,n,2.0NRT,301.43,10.28,D
-9.78595,30.24884,351.22,0.43,0.46,2026-10-04,1151,N21,VIIRS,n,2.0NRT,303.75,10.28,D
-9.7831,33.10737,338.9,0.33,0.55,2026-10-04,1151,N21,VIIRS,n,2.0NRT,305.6,1.47,D
-9.78042,30.25601,331.09,0.43,0.46,2026-10-04,1151,N21,VIIRS,n,2.0NRT,299.47,7.89,D
-9.76843,28.27141,330.52,0.49,0.4,2026-10-04,1151,N21,VIIRS,l,2.0NRT,301.7,3.73,D
-9.76568,33.7617,346.01,0.37,0.58,2026-10-04,1151,N21,VIIRS,n,2.0NRT,303.37,7.86,D
-9.76514,33.75948,336.15,0.37,0.58,2026-10-04,1151,N21,VIIRS,n,2.0NRT,303.89,4.18,D
-9.76452,33.7628,344.97,0.37,0.58,2026-10-04,1151,N21,VIIRS,n,2.0NRT,303.45,4.18,D
-9.76363,23.04189,332.35,0.4,0.37,2026-10-04,1151,N21,VIIRS,l,2.0NRT,300.31,8.18,D
-9.76251,28.26125,332.3,0.49,0.4,2026-10-04,1151,N21,VIIRS,n,2.0NRT,300.18,1.78,D
-9.75803,22.46504,336.01,0.42,0.38,2026-10-04,1151,N21,VIIRS,l,2.0NRT,295.96,3.14,D
-9.75251,22.78903,332.47,0.41,0.37,2026-10-04,1151,N21,VIIRS,l,2.0NRT,294.08,6.8,D
-9.7471,32.96771,348.22,0.33,0.55,2026-10-04,1151,N21,VIIRS,n,2.0NRT,304.58,3.24,D
-9.74682,23.33844,334.34,0.4,0.37,2026-10-04,1151,N21,VIIRS,n,2.0NRT,298.87,2.81,D
-9.73517,29.31316,341.96,0.56,0.43,2026-10-04,1151,N21,VIIRS,n,2.0NRT,300.57,24.64,D
-9.73339,33.04372,352.56,0.33,0.55,2026-10-04,1151,N21,VIIRS,n,2.0NRT,305.23,4.81,D
-9.73285,33.04671,344.24,0.33,0.55,2026-10-04,1151,N21,VIIRS,n,2.0NRT,306.39,4.81,D
-9.72563,24.71461,339.24,0.38,0.36,2026-10-04,1151,N21,VIIRS,n,2.0NRT,296.82,8.96,D
-9.72233,24.7141,333.27,0.38,0.36,2026-10-04,1151,N21,VIIRS,n,2.0NRT,293.62,8.96,D
-9.71791,33.12939,344.71,0.34,0.56,2026-10-04,1151,N21,VIIRS,n,2.0NRT,304.71,3.13,D
-9.71495,23.50518,335.73,0.39,0.36,2026-10-04,1151,N21,VIIRS,n,2.0NRT,295.97,5.88,D
-9.71401,28.0333,331.69,0.48,0.4,2026-10-04,1151,N21,VIIRS,n,2.0NRT,296.96,1.96,D
-9.71166,33.04862,332.29,0.33,0.55,2026-10-04,1151,N21,VIIRS,l,2.0NRT,304.96,5.31,D
-9.71162,23.50469,336.91,0.39,0.36,2026-10-04,1151,N21,VIIRS,n,2.0NRT,295.37,5.81,D
-9.70719,33.04459,335.21,0.33,0.55,2026-10-04,1151,N21,VIIRS,l,2.0NRT,305.38,5.31,D
-9.70506,29.03184,336.82,0.54,0.42,2026-10-04,1151,N21,VIIRS,n,2.0NRT,300.49,6.23,D
-9.7034,31.35353,339.91,0.51,0.49,2026-10-04,1151,N21,VIIRS,n,2.0NRT,305.38,7.02,D
-9.69119,29.01951,333.94,0.54,0.42,2026-10-04,1151,N21,VIIRS,n,2.0NRT,302.03,8.3,D
-9.69038,29.0244,333.44,0.54,0.42,2026-10-04,1151,N21,VIIRS,n,2.0NRT,298.98,4.3,D
-9.67845,22.74377,351.74,0.41,0.37,2026-10-04,1151,N21,VIIRS,l,2.0NRT,285.53,19.06,D
-9.67762,31.36811,344.75,0.51,0.49,2026-10-04,1151,N21,VIIRS,n,2.0NRT,302.51,7.11,D
-9.67477,31.35796,336.99,0.51,0.49,2026-10-04,1151,N21,VIIRS,n,2.0NRT,298.91,6.26,D
-9.67314,31.36717,339.28,0.51,0.49,2026-10-04,1151,N21,VIIRS,n,2.0NRT,298.32,7.11,D
-9.66583,31.15676,342.07,0.49,0.49,2026-10-04,1151,N21,VIIRS,n,2.0NRT,297.52,6.03,D
-9.66321,32.83137,338.4,0.32,0.55,2026-10-04,1151,N21,VIIRS,n,2.0NRT,304.44,6.07,D
-9.6603,32.81898,350.95,0.32,0.55,2026-10-04,1151,N21,VIIRS,n,2.0NRT,303.01,7.68,D
-9.65979,32.82186,367,0.32,0.55,2026-10-04,1151,N21,VIIRS,h,2.0NRT,306.03,8.14,D
-9.65927,32.82473,341.53,0.32,0.55,2026-10-04,1151,N21,VIIRS,n,2.0NRT,304.27,8.14,D
-9.65689,23.61972,334.99,0.39,0.36,2026-10-04,1151,N21,VIIRS,n,2.0NRT,301.8,16.12,D
-9.65185,28.34154,345.1,0.5,0.41,2026-10-04,1151,N21,VIIRS,n,2.0NRT,308.02,15.74,D
-9.61892,31.1893,341.47,0.5,0.49,2026-10-04,1151,N21,VIIRS,n,2.0NRT,302.57,6.3,D
-9.61683,22.83256,333.06,0.41,0.37,2026-10-04,1151,N21,VIIRS,l,2.0NRT,293.83,3.63,D
-9.60988,31.96773,345.16,0.56,0.52,2026-10-04,1151,N21,VIIRS,n,2.0NRT,300.43,10.15,D
-9.60797,22.76745,336.54,0.41,0.37,2026-10-04,1151,N21,VIIRS,l,2.0NRT,291.94,5.26,D
-9.60701,32.82783,336.08,0.32,0.55,2026-10-04,1151,N21,VIIRS,n,2.0NRT,303.19,2.96,D
-9.60695,32.82976,336.39,0.32,0.55,2026-10-04,1151,N21,VIIRS,n,2.0NRT,302.96,1.43,D
-9.60427,31.97206,341.85,0.56,0.52,2026-10-04,1151,N21,VIIRS,n,2.0NRT,299.24,10.15,D
-9.60082,31.21389,341.97,0.5,0.49,2026-10-04,1151,N21,VIIRS,n,2.0NRT,301.47,8.9,D
-9.59257,31.28713,339.96,0.51,0.49,2026-10-04,1151,N21,VIIRS,n,2.0NRT,303.22,4.47,D
-9.58853,32.84511,351.11,0.32,0.55,2026-10-04,1151,N21,VIIRS,n,2.0NRT,306.32,4.22,D
-9.57974,31.94641,339.78,0.56,0.51,2026-10-04,1151,N21,VIIRS,n,2.0NRT,299.4,7.53,D
-9.57883,31.95153,339.02,0.56,0.52,2026-10-04,1151,N21,VIIRS,n,2.0NRT,301.31,11.58,D
-9.57812,28.85513,338.84,0.53,0.42,2026-10-04,1151,N21,VIIRS,n,2.0NRT,299.78,9.89,D
-9.57688,32.62407,339.79,0.62,0.54,2026-10-04,1151,N21,VIIRS,n,2.0NRT,304,5.65,D
-9.57415,31.95058,345.34,0.56,0.52,2026-10-04,1151,N21,VIIRS,n,2.0NRT,303.24,11.72,D
-9.57011,33.17263,341.4,0.34,0.56,2026-10-04,1151,N21,VIIRS,n,2.0NRT,299.3,3.01,D
-9.56779,23.58031,339.62,0.39,0.36,2026-10-04,1151,N21,VIIRS,n,2.0NRT,299.24,3.05,D
-9.56325,23.56516,331.5,0.39,0.36,2026-10-04,1151,N21,VIIRS,n,2.0NRT,295.81,2.92,D
-9.55659,23.56416,331.7,0.39,0.36,2026-10-04,1151,N21,VIIRS,n,2.0NRT,295.18,12.32,D
-9.55242,23.68269,339.43,0.39,0.36,2026-10-04,1151,N21,VIIRS,n,2.0NRT,293.51,10.16,D
-9.54675,23.58438,336.49,0.39,0.36,2026-10-04,1151,N21,VIIRS,n,2.0NRT,300.18,23.4,D
-9.54015,32.91378,335.58,0.33,0.55,2026-10-04,1151,N21,VIIRS,n,2.0NRT,304.75,4.1,D
-9.53882,30.08555,344.2,0.42,0.45,2026-10-04,1151,N21,VIIRS,n,2.0NRT,305.26,17.44,D
-9.53733,27.91976,345.03,0.48,0.4,2026-10-04,1151,N21,VIIRS,n,2.0NRT,296.64,7.5,D
-9.53709,23.62624,338.46,0.39,0.36,2026-10-04,1151,N21,VIIRS,n,2.0NRT,299.36,16.07,D
-9.53607,28.68843,331.02,0.52,0.42,2026-10-04,1151,N21,VIIRS,n,2.0NRT,290.8,4.21,D
-9.53604,32.08165,333.05,0.57,0.52,2026-10-04,1151,N21,VIIRS,n,2.0NRT,299.02,9.54,D
-9.53569,32.07898,330.34,0.57,0.52,2026-10-04,1151,N21,VIIRS,n,2.0NRT,296.22,11.1,D
-9.53463,31.86104,342.27,0.55,0.51,2026-10-04,1151,N21,VIIRS,n,2.0NRT,302.6,12.82,D
-9.53298,27.92349,332.4,0.48,0.4,2026-10-04,1151,N21,VIIRS,n,2.0NRT,297.76,4.84,D
-9.53208,32.92979,347.5,0.33,0.55,2026-10-04,1151,N21,VIIRS,n,2.0NRT,303.3,2.71,D
-9.52434,25.66589,337.1,0.39,0.37,2026-10-04,1151,N21,VIIRS,n,2.0NRT,296.26,8.78,D
-9.52191,23.52267,341.34,0.39,0.36,2026-10-04,1151,N21,VIIRS,n,2.0NRT,296.13,27.08,D
-9.52099,25.66536,344.98,0.39,0.37,2026-10-04,1151,N21,VIIRS,n,2.0NRT,297.42,8.78,D
-9.5207,31.56116,330.44,0.53,0.5,2026-10-04,1151,N21,VIIRS,l,2.0NRT,300.74,4.03,D
-9.52041,31.56298,333.5,0.53,0.5,2026-10-04,1151,N21,VIIRS,n,2.0NRT,300.66,4.52,D
-9.51376,25.64595,342.61,0.39,0.36,2026-10-04,1151,N21,VIIRS,n,2.0NRT,288.04,43.79,D
-9.49868,30.19715,340.56,0.43,0.46,2026-10-04,1151,N21,VIIRS,n,2.0NRT,301.04,8.2,D
-9.49516,30.19251,347.63,0.43,0.46,2026-10-04,1151,N21,VIIRS,n,2.0NRT,301.23,10.94,D
-9.46338,28.28024,335.96,0.5,0.41,2026-10-04,1151,N21,VIIRS,l,2.0NRT,306.76,8.35,D
-9.46264,28.28473,346.9,0.5,0.41,2026-10-04,1151,N21,VIIRS,n,2.0NRT,306.7,8.35,D
-9.4579,27.99295,334.89,0.48,0.4,2026-10-04,1151,N21,VIIRS,n,2.0NRT,298.88,4.95,D
-9.45741,27.99554,337.79,0.48,0.4,2026-10-04,1151,N21,VIIRS,n,2.0NRT,299.08,4.63,D
-9.43561,28.03801,345.96,0.48,0.4,2026-10-04,1151,N21,VIIRS,n,2.0NRT,300.83,10.97,D
-9.42295,27.99994,338.84,0.48,0.4,2026-10-04,1151,N21,VIIRS,n,2.0NRT,300.9,6.99,D
-9.36852,32.89356,335.02,0.33,0.55,2026-10-04,1151,N21,VIIRS,n,2.0NRT,298.49,6.15,D
-9.36103,29.67257,338.01,0.4,0.44,2026-10-04,1151,N21,VIIRS,n,2.0NRT,304.78,7.72,D
-9.36075,28.99703,334.2,0.55,0.42,2026-10-04,1151,N21,VIIRS,n,2.0NRT,297.12,6.21,D
-9.353,32.22282,341,0.59,0.53,2026-10-04,1151,N21,VIIRS,n,2.0NRT,304.55,11.03,D
-9.33768,29.76188,341.13,0.41,0.45,2026-10-04,1151,N21,VIIRS,n,2.0NRT,306.82,46.2,D
-9.33039,30.60281,342.33,0.46,0.47,2026-10-04,1151,N21,VIIRS,n,2.0NRT,285.87,13.12,D
-9.32887,28.22728,338.39,0.5,0.41,2026-10-04,1151,N21,VIIRS,n,2.0NRT,306.28,19.65,D
-9.32777,26.08282,340.71,0.4,0.37,2026-10-04,1151,N21,VIIRS,n,2.0NRT,304.33,13.34,D
-9.32722,28.17783,339.8,0.49,0.41,2026-10-04,1151,N21,VIIRS,n,2.0NRT,305.37,9.22,D
-9.32593,28.17627,343.23,0.49,0.4,2026-10-04,1151,N21,VIIRS,n,2.0NRT,304.87,12.73,D
-9.32477,25.76987,338.9,0.4,0.37,2026-10-04,1151,N21,VIIRS,n,2.0NRT,303.11,5.38,D
-9.32352,28.17721,350.36,0.49,0.41,2026-10-04,1151,N21,VIIRS,n,2.0NRT,305.43,9.22,D
-9.32222,28.17566,332.9,0.49,0.4,2026-10-04,1151,N21,VIIRS,n,2.0NRT,302.17,3.19,D
-9.32214,26.07446,335.31,0.4,0.37,2026-10-04,1151,N21,VIIRS,n,2.0NRT,301.05,4.67,D
-9.32148,28.18012,337.65,0.49,0.41,2026-10-04,1151,N21,VIIRS,n,2.0NRT,304.51,3.19,D
-9.31254,28.21083,335.2,0.5,0.41,2026-10-04,1151,N21,VIIRS,n,2.0NRT,303.41,2.34,D
-9.29637,25.99557,338.4,0.4,0.37,2026-10-04,1151,N21,VIIRS,n,2.0NRT,305.58,3,D
-9.28939,28.05995,338.35,0.49,0.4,2026-10-04,1151,N21,VIIRS,n,2.0NRT,300.18,11.44,D
-9.28124,30.14709,342.62,0.43,0.46,2026-10-04,1151,N21,VIIRS,n,2.0NRT,290.77,8.75,D
-9.27122,32.3741,341.16,0.61,0.53,2026-10-04,1151,N21,VIIRS,n,2.0NRT,300.17,14.77,D
-9.25827,30.15559,342.16,0.43,0.46,2026-10-04,1151,N21,VIIRS,n,2.0NRT,295.35,17,D
-9.25699,30.08759,342.11,0.43,0.46,2026-10-04,1151,N21,VIIRS,n,2.0NRT,291.44,15.47,D
-9.22846,31.14853,344.51,0.5,0.49,2026-10-04,1151,N21,VIIRS,n,2.0NRT,299.62,18.31,D
-9.22444,28.0692,334.48,0.49,0.4,2026-10-04,1151,N21,VIIRS,n,2.0NRT,299.14,16.2,D
-9.22373,28.07366,340.76,0.49,0.4,2026-10-04,1151,N21,VIIRS,n,2.0NRT,300.38,16.2,D
-9.22355,25.94263,340.63,0.4,0.37,2026-10-04,1151,N21,VIIRS,n,2.0NRT,302.66,4.41,D
-9.22077,28.06855,340.52,0.49,0.4,2026-10-04,1151,N21,VIIRS,n,2.0NRT,299.86,10.44,D
-9.22005,28.07302,336.78,0.49,0.4,2026-10-04,1151,N21,VIIRS,n,2.0NRT,300.47,10.44,D
-9.21737,25.93792,339.4,0.4,0.37,2026-10-04,1151,N21,VIIRS,n,2.0NRT,304.28,7.47,D
-9.214,25.93738,349.53,0.4,0.37,2026-10-04,1151,N21,VIIRS,n,2.0NRT,305.29,7.47,D
-9.20383,29.96193,334.03,0.42,0.45,2026-10-04,1151,N21,VIIRS,n,2.0NRT,288.58,4.88,D
-9.19572,26.07663,331.81,0.41,0.37,2026-10-04,1151,N21,VIIRS,n,2.0NRT,300.86,3.79,D
-9.1894,30.27957,351.77,0.44,0.46,2026-10-04,1151,N21,VIIRS,n,2.0NRT,298.97,11.38,D
-9.18936,30.27927,344.12,0.44,0.46,2026-10-04,1151,N21,VIIRS,n,2.0NRT,299.93,10.23,D
-9.18869,25.94453,345.41,0.4,0.37,2026-10-04,1151,N21,VIIRS,n,2.0NRT,303.97,10,D
-9.18661,29.05043,337.63,0.55,0.43,2026-10-04,1151,N21,VIIRS,n,2.0NRT,306.67,11.44,D
-9.18647,29.05308,342.75,0.55,0.43,2026-10-04,1151,N21,VIIRS,n,2.0NRT,306.08,13.43,D
-9.18057,25.79835,339.5,0.4,0.37,2026-10-04,1151,N21,VIIRS,n,2.0NRT,302.73,3.9,D
-9.17853,30.59577,340.62,0.46,0.47,2026-10-04,1151,N21,VIIRS,n,2.0NRT,288.14,6.71,D
-9.17722,25.79777,335.22,0.4,0.37,2026-10-04,1151,N21,VIIRS,n,2.0NRT,305.48,2.99,D
-9.17665,25.8014,335.96,0.4,0.37,2026-10-04,1151,N21,VIIRS,n,2.0NRT,303.73,2.99,D
-9.17351,30.59916,333.44,0.46,0.47,2026-10-04,1151,N21,VIIRS,n,2.0NRT,287.77,6.98,D
-9.16202,30.58847,331.79,0.46,0.47,2026-10-04,1151,N21,VIIRS,n,2.0NRT,288.7,14.16,D
-9.15891,25.76891,347.43,0.4,0.37,2026-10-04,1151,N21,VIIRS,n,2.0NRT,308.9,17.4,D
-9.15549,23.65683,348.98,0.39,0.36,2026-10-04,1151,N21,VIIRS,n,2.0NRT,288.71,23.84,D
-9.15496,23.66033,329.39,0.39,0.36,2026-10-04,1151,N21,VIIRS,n,2.0NRT,282.59,2.91,D
-9.15217,23.65633,341.93,0.39,0.36,2026-10-04,1151,N21,VIIRS,n,2.0NRT,282.53,5.83,D
-9.15164,23.65984,346.06,0.39,0.36,2026-10-04,1151,N21,VIIRS,n,2.0NRT,280.99,6.95,D
-9.14715,28.28785,333.34,0.5,0.41,2026-10-04,1151,N21,VIIRS,n,2.0NRT,298.53,2.69,D
-9.14325,31.69942,333.22,0.55,0.51,2026-10-04,1151,N21,VIIRS,n,2.0NRT,303.08,5.69,D
-9.14167,32.07895,335.04,0.58,0.52,2026-10-04,1151,N21,VIIRS,l,2.0NRT,306.17,9.04,D
-9.14078,32.08403,339.47,0.58,0.52,2026-10-04,1151,N21,VIIRS,n,2.0NRT,308.03,11.23,D
-9.13469,27.99413,331.34,0.49,0.4,2026-10-04,1151,N21,VIIRS,n,2.0NRT,290.59,5.18,D
-9.13107,30.81869,335.86,0.48,0.48,2026-10-04,1151,N21,VIIRS,n,2.0NRT,302.43,8.47,D
-9.09988,25.92682,338.62,0.4,0.37,2026-10-04,1151,N21,VIIRS,n,2.0NRT,302.03,3.69,D
-9.09122,28.05699,333.08,0.49,0.4,2026-10-04,1151,N21,VIIRS,n,2.0NRT,294.59,11.07,D
-9.09051,28.06143,338.4,0.49,0.4,2026-10-04,1151,N21,VIIRS,n,2.0NRT,298.02,11.07,D
-9.08897,25.73214,330.22,0.4,0.37,2026-10-04,1151,N21,VIIRS,l,2.0NRT,301.76,2.97,D
-9.08632,29.61662,353.87,0.4,0.44,2026-10-04,1151,N21,VIIRS,n,2.0NRT,306.64,11.55,D
-9.08613,29.61617,352.42,0.4,0.44,2026-10-04,1151,N21,VIIRS,n,2.0NRT,306.49,9.35,D
-9.07662,29.8453,345.25,0.41,0.45,2026-10-04,1151,N21,VIIRS,n,2.0NRT,281.16,9.43,D
-9.07268,29.5214,339.95,0.4,0.44,2026-10-04,1151,N21,VIIRS,n,2.0NRT,304.44,3.75,D
-9.06951,28.30948,331.2,0.51,0.41,2026-10-04,1151,N21,VIIRS,n,2.0NRT,299.94,2.27,D
-9.06842,29.30048,342.32,0.38,0.43,2026-10-04,1151,N21,VIIRS,n,2.0NRT,306.13,4.72,D
-9.0659,25.79135,337.32,0.4,0.37,2026-10-04,1151,N21,VIIRS,n,2.0NRT,301.56,5.95,D
-9.06274,24.22446,337.89,0.38,0.36,2026-10-04,1151,N21,VIIRS,n,2.0NRT,284.93,3.6,D
-9.0614,25.79804,347.46,0.4,0.37,2026-10-04,1151,N21,VIIRS,n,2.0NRT,302.79,9.4,D
-9.06102,24.21354,333.36,0.38,0.36,2026-10-04,1151,N21,VIIRS,n,2.0NRT,286.51,5.33,D
-9.06083,25.80165,346.85,0.4,0.37,2026-10-04,1151,N21,VIIRS,n,2.0NRT,303.68,9.99,D
-9.05944,24.22395,340.18,0.38,0.36,2026-10-04,1151,N21,VIIRS,n,2.0NRT,286.49,4.98,D
-9.05409,29.09785,337.87,0.56,0.43,2026-10-04,1151,N21,VIIRS,n,2.0NRT,303.71,11.86,D
-9.05353,29.1005,355.06,0.56,0.43,2026-10-04,1151,N21,VIIRS,n,2.0NRT,306.92,18.39,D
-9.05327,29.10288,339.14,0.56,0.43,2026-10-04,1151,N21,VIIRS,n,2.0NRT,306.61,11.86,D
-9.03891,31.70317,343.37,0.55,0.51,2026-10-04,1151,N21,VIIRS,n,2.0NRT,305.19,5.41,D
-9.03549,29.64473,341.13,0.4,0.44,2026-10-04,1151,N21,VIIRS,n,2.0NRT,304.08,3.52,D
-9.02519,31.4527,332.02,0.53,0.5,2026-10-04,1151,N21,VIIRS,l,2.0NRT,303.65,3.85,D
-9.02146,27.34246,335.03,0.45,0.39,2026-10-04,1151,N21,VIIRS,n,2.0NRT,293.4,10.61,D
-9.02078,27.34173,337.72,0.45,0.39,2026-10-04,1151,N21,VIIRS,n,2.0NRT,296.28,14.48,D
-9.01435,27.34118,334.92,0.45,0.39,2026-10-04,1151,N21,VIIRS,n,2.0NRT,291.42,4.89,D
-8.9998,25.54111,338.29,0.39,0.37,2026-10-04,1151,N21,VIIRS,n,2.0NRT,304.76,6.3,D
-8.9981,31.85578,342.78,0.57,0.52,2026-10-04,1151,N21,VIIRS,n,2.0NRT,309.5,6.12,D
-8.99105,26.46343,333.66,0.42,0.38,2026-10-04,1151,N21,VIIRS,n,2.0NRT,295.77,1.63,D
-8.98145,30.94983,345.05,0.49,0.49,2026-10-04,1151,N21,VIIRS,n,2.0NRT,300.69,9.99,D
-8.98009,33.55698,367,0.37,0.58,2026-10-04,1151,N21,VIIRS,h,2.0NRT,297.17,9.27,D
-8.9772,26.39569,330.59,0.42,0.37,2026-10-04,1151,N21,VIIRS,l,2.0NRT,302.32,2.27,D
-8.96097,31.81829,336.39,0.56,0.52,2026-10-04,1151,N21,VIIRS,l,2.0NRT,308.24,4.46,D
-8.95835,26.46979,336.81,0.42,0.38,2026-10-04,1151,N21,VIIRS,n,2.0NRT,299.61,6.2,D
-8.95781,30.87959,333.59,0.49,0.48,2026-10-04,1151,N21,VIIRS,n,2.0NRT,303.07,6.8,D
-8.95335,26.39184,341.63,0.42,0.37,2026-10-04,1151,N21,VIIRS,n,2.0NRT,299.3,7,D
-8.94256,29.25612,330.49,0.38,0.43,2026-10-04,1151,N21,VIIRS,l,2.0NRT,301.9,2.77,D
-8.93454,32.89944,338.63,0.33,0.56,2026-10-04,1151,N21,VIIRS,n,2.0NRT,301.24,1.84,D
-8.91989,32.89366,341.09,0.33,0.56,2026-10-04,1151,N21,VIIRS,n,2.0NRT,306.89,3.85,D
-8.91482,32.89278,367,0.33,0.56,2026-10-04,1151,N21,VIIRS,h,2.0NRT,305.41,6.96,D
-8.8768,32.9886,333.75,0.34,0.56,2026-10-04,1151,N21,VIIRS,n,2.0NRT,302.99,1.86,D
-8.8756,30.95968,334.55,0.49,0.49,2026-10-04,1151,N21,VIIRS,n,2.0NRT,295.18,2.53,D
-8.87237,33.6751,331.45,0.38,0.59,2026-10-04,1151,N21,VIIRS,l,2.0NRT,304.55,3.35,D
-8.86136,28.37163,343.01,0.51,0.41,2026-10-04,1151,N21,VIIRS,n,2.0NRT,304,20.09,D
-8.86124,28.37469,338.35,0.51,0.41,2026-10-04,1151,N21,VIIRS,n,2.0NRT,305.24,13.02,D
-8.86123,31.714,338.21,0.56,0.51,2026-10-04,1151,N21,VIIRS,n,2.0NRT,308.02,4.31,D
-8.83103,24.2512,331.96,0.38,0.36,2026-10-04,1151,N21,VIIRS,n,2.0NRT,291.83,1.67,D
-8.82434,33.55453,337.72,0.37,0.58,2026-10-04,1151,N21,VIIRS,n,2.0NRT,303.02,5.46,D
-8.8234,30.79224,345.64,0.48,0.48,2026-10-04,1151,N21,VIIRS,n,2.0NRT,301.44,30.6,D
-8.82233,33.70751,336.45,0.38,0.59,2026-10-04,1151,N21,VIIRS,l,2.0NRT,308.83,2.89,D
-8.81664,30.8579,353.57,0.49,0.48,2026-10-04,1151,N21,VIIRS,n,2.0NRT,307.63,29.99,D
-8.81587,30.86239,347.58,0.49,0.48,2026-10-04,1151,N21,VIIRS,n,2.0NRT,304.38,10.37,D
-8.81316,31.95809,340.48,0.58,0.52,2026-10-04,1151,N21,VIIRS,n,2.0NRT,303.84,7.25,D
-8.81146,30.86158,336.99,0.49,0.48,2026-10-04,1151,N21,VIIRS,l,2.0NRT,307.02,10.37,D
-8.8081,31.47984,342.07,0.54,0.51,2026-10-04,1151,N21,VIIRS,n,2.0NRT,308.28,7.89,D
-8.78695,30.76746,340.81,0.48,0.48,2026-10-04,1151,N21,VIIRS,n,2.0NRT,301,4.44,D
-8.78683,31.46578,340.74,0.54,0.51,2026-10-04,1151,N21,VIIRS,n,2.0NRT,303.63,13.12,D
-8.78674,30.76831,334.22,0.48,0.48,2026-10-04,1151,N21,VIIRS,n,2.0NRT,299.71,3.7,D
-8.78157,32.76957,336.14,0.33,0.55,2026-10-04,1151,N21,VIIRS,l,2.0NRT,306.99,3.36,D
-8.78047,33.67777,338.41,0.38,0.59,2026-10-04,1151,N21,VIIRS,l,2.0NRT,310.09,6.53,D
-8.77353,30.82023,338.25,0.49,0.48,2026-10-04,1151,N21,VIIRS,n,2.0NRT,299.93,6.54,D
-8.7728,30.82459,331.7,0.49,0.48,2026-10-04,1151,N21,VIIRS,l,2.0NRT,302.95,6.54,D
-8.77259,30.82361,343.82,0.49,0.48,2026-10-04,1151,N21,VIIRS,n,2.0NRT,304.58,12.63,D
-8.76913,30.8194,335.93,0.49,0.48,2026-10-04,1151,N21,VIIRS,n,2.0NRT,298.75,5.58,D
-8.76766,30.82813,341.7,0.49,0.48,2026-10-04,1151,N21,VIIRS,n,2.0NRT,303.06,6.04,D
-8.76742,30.82715,339.37,0.49,0.48,2026-10-04,1151,N21,VIIRS,n,2.0NRT,303.38,6.57,D
-8.76094,32.71169,335.8,0.33,0.55,2026-10-04,1151,N21,VIIRS,l,2.0NRT,307.21,1.41,D
-8.75998,30.84361,331.18,0.49,0.48,2026-10-04,1151,N21,VIIRS,l,2.0NRT,301.34,2.39,D
-8.75666,30.8395,335.83,0.49,0.48,2026-10-04,1151,N21,VIIRS,n,2.0NRT,304.45,5.53,D
-8.75594,30.84382,343.01,0.49,0.48,2026-10-04,1151,N21,VIIRS,n,2.0NRT,304.41,9.72,D
-8.74933,30.856,335.32,0.49,0.49,2026-10-04,1151,N21,VIIRS,n,2.0NRT,305.2,4.95,D
-8.74492,30.85518,346.97,0.49,0.49,2026-10-04,1151,N21,VIIRS,n,2.0NRT,309.72,14.29,D
-8.74157,27.8519,330.38,0.48,0.4,2026-10-04,1151,N21,VIIRS,n,2.0NRT,297.01,8.87,D
-8.7402,33.59586,367,0.38,0.58,2026-10-04,1151,N21,VIIRS,h,2.0NRT,310.87,15.45,D
-8.72972,33.59304,367,0.38,0.58,2026-10-04,1151,N21,VIIRS,h,2.0NRT,308.75,7.6,D
-8.72896,33.59721,335.79,0.38,0.58,2026-10-04,1151,N21,VIIRS,n,2.0NRT,307.42,7.6,D
-8.70872,30.88032,337.87,0.49,0.49,2026-10-04,1151,N21,VIIRS,n,2.0NRT,305.21,3.8,D
-8.70819,30.83036,335.23,0.49,0.48,2026-10-04,1151,N21,VIIRS,n,2.0NRT,301.29,6.37,D
-8.67386,32.67995,340.98,0.33,0.55,2026-10-04,1151,N21,VIIRS,n,2.0NRT,304.01,2.67,D
-8.66657,24.7266,330.1,0.39,0.36,2026-10-04,1151,N21,VIIRS,n,2.0NRT,298.96,15.47,D
-8.65163,28.01462,337.2,0.49,0.41,2026-10-04,1151,N21,VIIRS,n,2.0NRT,301.3,10.86,D
-8.65143,24.78129,330.48,0.39,0.36,2026-10-04,1151,N21,VIIRS,n,2.0NRT,294,0.74,D
-8.63376,31.88446,355.55,0.58,0.52,2026-10-04,1151,N21,VIIRS,n,2.0NRT,310.36,25.77,D
-8.61833,30.77497,354.64,0.48,0.48,2026-10-04,1151,N21,VIIRS,n,2.0NRT,308.01,43.51,D
-8.59311,32.25894,339.23,0.61,0.54,2026-10-04,1151,N21,VIIRS,n,2.0NRT,308.02,9.03,D
-8.5848,24.66405,333.76,0.39,0.36,2026-10-04,1151,N21,VIIRS,n,2.0NRT,297.52,6.61,D
-8.57699,26.62051,339.67,0.43,0.38,2026-10-04,1151,N21,VIIRS,n,2.0NRT,305.24,25.24,D
-8.56968,32.71394,342.06,0.33,0.55,2026-10-04,1151,N21,VIIRS,n,2.0NRT,308.76,3.75,D
-8.55488,33.09188,337.49,0.35,0.57,2026-10-04,1151,N21,VIIRS,l,2.0NRT,311.01,3.9,D
-8.54821,32.6931,349.32,0.33,0.55,2026-10-04,1151,N21,VIIRS,n,2.0NRT,308.94,12.28,D
-8.54716,32.69491,340.02,0.33,0.55,2026-10-04,1151,N21,VIIRS,n,2.0NRT,309.15,6.7,D
-8.54424,32.36457,346.86,0.62,0.54,2026-10-04,1151,N21,VIIRS,n,2.0NRT,307.03,18.86,D
-8.53368,24.53101,330.93,0.38,0.36,2026-10-04,1151,N21,VIIRS,n,2.0NRT,297.02,1.61,D
-8.5276,24.52651,333.98,0.38,0.36,2026-10-04,1151,N21,VIIRS,n,2.0NRT,298.13,5.73,D
-8.52707,24.52998,331.28,0.38,0.36,2026-10-04,1151,N21,VIIRS,n,2.0NRT,300.12,4.34,D
-8.52066,33.13413,337.59,0.35,0.57,2026-10-04,1151,N21,VIIRS,l,2.0NRT,308.78,3.22,D
-8.51411,26.65801,338.09,0.43,0.38,2026-10-04,1151,N21,VIIRS,n,2.0NRT,297.71,4.3,D
-8.493,32.65341,339.6,0.33,0.55,2026-10-04,1151,N21,VIIRS,l,2.0NRT,310.34,8.88,D
-8.48798,32.65256,340.32,0.33,0.55,2026-10-04,1151,N21,VIIRS,l,2.0NRT,310.61,8.88,D
-8.48555,26.57833,339.62,0.43,0.38,2026-10-04,1151,N21,VIIRS,n,2.0NRT,296.78,5,D
-8.45499,28.17,343.33,0.51,0.41,2026-10-04,1151,N21,VIIRS,n,2.0NRT,304.59,29.99,D
-8.45266,28.16721,337.31,0.51,0.41,2026-10-04,1151,N21,VIIRS,n,2.0NRT,304.61,5.16,D
-8.44833,26.67933,346.1,0.43,0.38,2026-10-04,1151,N21,VIIRS,n,2.0NRT,298.88,6.88,D
-8.44424,26.68264,345.73,0.43,0.38,2026-10-04,1151,N21,VIIRS,n,2.0NRT,298.94,12.96,D
-8.44283,26.78232,345.35,0.43,0.38,2026-10-04,1151,N21,VIIRS,n,2.0NRT,299.37,8.67,D
-8.44076,26.68208,334.74,0.43,0.38,2026-10-04,1151,N21,VIIRS,n,2.0NRT,298.66,4.77,D
-8.43973,26.666,332.05,0.43,0.38,2026-10-04,1151,N21,VIIRS,n,2.0NRT,297.47,7.74,D
-8.43912,26.66988,342.14,0.43,0.38,2026-10-04,1151,N21,VIIRS,n,2.0NRT,299.5,7.74,D
-8.41996,31.16203,339.53,0.52,0.5,2026-10-04,1151,N21,VIIRS,n,2.0NRT,304.42,5.56,D
-8.40407,28.17571,336.08,0.51,0.41,2026-10-04,1151,N21,VIIRS,n,2.0NRT,300.47,14.49,D
-8.40199,26.72372,333,0.43,0.38,2026-10-04,1151,N21,VIIRS,n,2.0NRT,287.46,2.94,D
-8.40189,26.79182,333.4,0.44,0.38,2026-10-04,1151,N21,VIIRS,n,2.0NRT,302.1,3.36,D
-8.40052,26.86818,331.76,0.44,0.38,2026-10-04,1151,N21,VIIRS,n,2.0NRT,298.96,3.03,D
-8.39652,26.69088,345.61,0.43,0.38,2026-10-04,1151,N21,VIIRS,n,2.0NRT,298.01,7.14,D
-8.39415,26.75047,331.99,0.43,0.38,2026-10-04,1151,N21,VIIRS,n,2.0NRT,298.8,2.7,D
-8.38706,26.70532,336.66,0.43,0.38,2026-10-04,1151,N21,VIIRS,n,2.0NRT,296.44,4.84,D
-8.38669,26.68531,347.33,0.43,0.38,2026-10-04,1151,N21,VIIRS,n,2.0NRT,302.94,13.6,D
-8.38643,26.70922,332.12,0.43,0.38,2026-10-04,1151,N21,VIIRS,n,2.0NRT,291.91,4.84,D
-8.38347,26.66091,335.23,0.43,0.38,2026-10-04,1151,N21,VIIRS,n,2.0NRT,299.62,3.79,D
-8.3808,26.9015,332.98,0.44,0.38,2026-10-04,1151,N21,VIIRS,n,2.0NRT,298.26,2.68,D
-8.37911,26.68807,337.73,0.43,0.38,2026-10-04,1151,N21,VIIRS,n,2.0NRT,300.55,4.44,D
-8.37729,26.90094,333.57,0.44,0.38,2026-10-04,1151,N21,VIIRS,n,2.0NRT,298.75,2.09,D
-8.37634,26.72758,337.48,0.43,0.38,2026-10-04,1151,N21,VIIRS,n,2.0NRT,295.55,3.98,D
-8.37625,26.68363,354.1,0.43,0.38,2026-10-04,1151,N21,VIIRS,n,2.0NRT,304.59,19.67,D
-8.3734,28.15156,340.71,0.51,0.41,2026-10-04,1151,N21,VIIRS,n,2.0NRT,293.19,19.76,D
-8.37285,26.72701,341.85,0.43,0.38,2026-10-04,1151,N21,VIIRS,n,2.0NRT,298.87,3.98,D
-8.37277,26.68307,337.2,0.43,0.38,2026-10-04,1151,N21,VIIRS,n,2.0NRT,306.2,19.67,D
-8.36962,26.6237,335.86,0.43,0.38,2026-10-04,1151,N21,VIIRS,n,2.0NRT,302.11,5.99,D
-8.36928,26.68251,333.95,0.43,0.38,2026-10-04,1151,N21,VIIRS,l,2.0NRT,304.07,3.75,D
-8.36659,26.64306,332.06,0.43,0.38,2026-10-04,1151,N21,VIIRS,n,2.0NRT,297.5,5.04,D
-8.36581,26.67079,334.76,0.43,0.38,2026-10-04,1151,N21,VIIRS,l,2.0NRT,305.27,6.16,D
-8.36233,26.67023,342.31,0.43,0.38,2026-10-04,1151,N21,VIIRS,n,2.0NRT,305.85,8.98,D
-8.35928,26.68968,352.91,0.43,0.38,2026-10-04,1151,N21,VIIRS,n,2.0NRT,307.01,11.4,D
-8.3558,26.68911,335.46,0.43,0.38,2026-10-04,1151,N21,VIIRS,n,2.0NRT,304.06,11.4,D
-8.35451,26.6292,333.69,0.43,0.38,2026-10-04,1151,N21,VIIRS,n,2.0NRT,299.87,8.98,D
-8.35385,26.75601,336.32,0.43,0.38,2026-10-04,1151,N21,VIIRS,n,2.0NRT,300.51,2.57,D
-8.35298,26.75272,338.04,0.43,0.38,2026-10-04,1151,N21,VIIRS,n,2.0NRT,302.18,5.89,D
-8.35237,26.75664,347.5,0.43,0.38,2026-10-04,1151,N21,VIIRS,n,2.0NRT,301.19,8.3,D
-8.34949,26.75216,330.68,0.43,0.38,2026-10-04,1151,N21,VIIRS,n,2.0NRT,298.44,3.4,D
-8.34845,26.73594,334.43,0.43,0.38,2026-10-04,1151,N21,VIIRS,n,2.0NRT,297.64,3.84,D
-8.34661,26.74767,335.13,0.43,0.38,2026-10-04,1151,N21,VIIRS,n,2.0NRT,300.34,3.4,D
-8.34538,26.75551,331.09,0.43,0.38,2026-10-04,1151,N21,VIIRS,l,2.0NRT,303.82,2.51,D
-8.34476,26.75942,331.98,0.43,0.38,2026-10-04,1151,N21,VIIRS,n,2.0NRT,300.21,2.51,D
-8.34127,26.75886,338.5,0.43,0.38,2026-10-04,1151,N21,VIIRS,n,2.0NRT,303.8,13.33,D
-8.33716,26.83073,339.98,0.44,0.38,2026-10-04,1151,N21,VIIRS,n,2.0NRT,300.64,4.27,D
-8.33675,26.74207,349.73,0.43,0.38,2026-10-04,1151,N21,VIIRS,n,2.0NRT,300.32,10.73,D
-8.33264,26.74542,338.78,0.43,0.38,2026-10-04,1151,N21,VIIRS,n,2.0NRT,298.87,4.48,D
-8.32584,31.7851,367,0.57,0.52,2026-10-04,1151,N21,VIIRS,h,2.0NRT,310.75,27.43,D
-8.32568,26.67627,332.71,0.43,0.38,2026-10-04,1151,N21,VIIRS,n,2.0NRT,300.68,4.37,D
-8.3137,26.77451,331.91,0.44,0.38,2026-10-04,1151,N21,VIIRS,n,2.0NRT,301.29,2.29,D
-8.31308,26.77843,332.77,0.44,0.38,2026-10-04,1151,N21,VIIRS,n,2.0NRT,296.27,2.29,D
-8.30958,26.77787,337.24,0.44,0.38,2026-10-04,1151,N21,VIIRS,n,2.0NRT,298.42,7.93,D
-8.30896,26.78179,343.36,0.44,0.38,2026-10-04,1151,N21,VIIRS,n,2.0NRT,300.29,10.71,D
-8.30725,26.65736,336.44,0.43,0.38,2026-10-04,1151,N21,VIIRS,n,2.0NRT,300.22,5.76,D
-8.29684,26.76776,335.74,0.44,0.38,2026-10-04,1151,N21,VIIRS,n,2.0NRT,302.97,4.19,D
-8.29334,26.76719,333.34,0.44,0.38,2026-10-04,1151,N21,VIIRS,n,2.0NRT,302.77,4.19,D
-8.29121,26.80312,341.96,0.44,0.38,2026-10-04,1151,N21,VIIRS,n,2.0NRT,302.17,18.16,D
-8.29079,33.78035,335.92,0.39,0.6,2026-10-04,1151,N21,VIIRS,n,2.0NRT,304.58,4.22,D
-8.28771,26.80255,345.55,0.44,0.38,2026-10-04,1151,N21,VIIRS,n,2.0NRT,299.83,18.16,D
-8.27939,33.7814,337.09,0.39,0.6,2026-10-04,1151,N21,VIIRS,n,2.0NRT,305.2,7.73,D
-8.27875,33.78491,336.35,0.39,0.6,2026-10-04,1151,N21,VIIRS,n,2.0NRT,305.39,7.6,D
-8.27738,26.73248,349.87,0.43,0.38,2026-10-04,1151,N21,VIIRS,n,2.0NRT,300.04,9.81,D
-8.274,33.78018,354.18,0.39,0.6,2026-10-04,1151,N21,VIIRS,n,2.0NRT,304.7,7.73,D
-8.27043,31.09557,342.08,0.52,0.5,2026-10-04,1151,N21,VIIRS,n,2.0NRT,302.63,10.97,D
-8.27031,26.6873,330.77,0.43,0.38,2026-10-04,1151,N21,VIIRS,n,2.0NRT,294.97,3.87,D
-8.26682,26.68674,336.73,0.43,0.38,2026-10-04,1151,N21,VIIRS,n,2.0NRT,295.1,95.1,D
-8.26606,26.8031,339.19,0.44,0.38,2026-10-04,1151,N21,VIIRS,n,2.0NRT,296.29,8.25,D
-8.2586,26.69341,348.74,0.43,0.38,2026-10-04,1151,N21,VIIRS,n,2.0NRT,304.81,31.72,D
-8.25714,26.69343,347.39,0.43,0.38,2026-10-04,1151,N21,VIIRS,n,2.0NRT,301.87,8.87,D
-8.25079,31.07399,345.74,0.51,0.5,2026-10-04,1151,N21,VIIRS,n,2.0NRT,304.3,5.34,D
-8.24998,30.57357,338.88,0.48,0.48,2026-10-04,1151,N21,VIIRS,n,2.0NRT,297.01,6.1,D
-8.24852,30.55543,341.64,0.48,0.48,2026-10-04,1151,N21,VIIRS,n,2.0NRT,295.2,18.2,D
-8.24781,30.55969,354.94,0.48,0.48,2026-10-04,1151,N21,VIIRS,n,2.0NRT,299.82,18.2,D
-8.23811,32.75154,340.76,0.34,0.56,2026-10-04,1151,N21,VIIRS,n,2.0NRT,304.9,3.41,D
-8.23686,26.823,330.69,0.44,0.38,2026-10-04,1151,N21,VIIRS,n,2.0NRT,295.94,2.64,D
-8.20624,27.51899,335.84,0.47,0.4,2026-10-04,1151,N21,VIIRS,n,2.0NRT,293.58,19.55,D
-18.05811,30.37884,298.3,0.45,0.39,2026-10-04,2259,N21,VIIRS,n,2.0NRT,288.1,0.54,N
-17.98212,23.72492,302.54,0.37,0.58,2026-10-04,2259,N21,VIIRS,n,2.0NRT,290.13,0.9,N
-17.91353,26.19507,304.78,0.51,0.49,2026-10-04,2259,N21,VIIRS,n,2.0NRT,289.39,1.48,N
-17.85696,22.7613,301.03,0.43,0.62,2026-10-04,2259,N21,VIIRS,n,2.0NRT,290.03,0.84,N
-17.85396,22.77448,301.36,0.43,0.62,2026-10-04,2259,N21,VIIRS,n,2.0NRT,289.36,0.81,N
-17.85354,22.76101,302.6,0.43,0.62,2026-10-04,2259,N21,VIIRS,n,2.0NRT,289.76,1.33,N
-17.8168,24.21931,312.63,0.35,0.56,2026-10-04,2259,N21,VIIRS,n,2.0NRT,289.96,1.03,N
-17.73396,30.9115,296.62,0.43,0.38,2026-10-04,2259,N21,VIIRS,n,2.0NRT,283.34,0.58,N
-17.70425,26.37227,309.86,0.5,0.49,2026-10-04,2259,N21,VIIRS,n,2.0NRT,286.05,1.24,N
-17.67526,24.65065,301.64,0.33,0.55,2026-10-04,2259,N21,VIIRS,n,2.0NRT,286.93,0.42,N
-17.66438,22.85132,302.37,0.43,0.62,2026-10-04,2259,N21,VIIRS,n,2.0NRT,289.66,1.17,N
-17.66267,22.84342,301.78,0.43,0.62,2026-10-04,2259,N21,VIIRS,n,2.0NRT,289.99,0.74,N
-17.63613,24.58618,300.86,0.33,0.55,2026-10-04,2259,N21,VIIRS,n,2.0NRT,286.35,0.4,N
-17.61212,28.2521,312.31,0.39,0.44,2026-10-04,2259,N21,VIIRS,n,2.0NRT,292.43,1.76,N
-17.59309,24.62849,301.44,0.33,0.55,2026-10-04,2259,N21,VIIRS,n,2.0NRT,287.97,0.81,N
-17.57859,25.15808,298.21,0.61,0.53,2026-10-04,2259,N21,VIIRS,n,2.0NRT,288.18,1.3,N
-17.48145,27.09182,301.93,0.46,0.47,2026-10-04,2259,N21,VIIRS,n,2.0NRT,290.98,2.9,N
-17.47897,25.21463,301.61,0.6,0.53,2026-10-04,2259,N21,VIIRS,n,2.0NRT,289.78,1.24,N
-17.47721,27.09292,328.07,0.46,0.47,2026-10-04,2259,N21,VIIRS,n,2.0NRT,293.91,2.9,N
-17.44,25.28855,316.83,0.6,0.53,2026-10-04,2259,N21,VIIRS,n,2.0NRT,289.48,2.21,N
-17.43518,25.28959,301.75,0.6,0.53,2026-10-04,2259,N21,VIIRS,n,2.0NRT,288.38,2.21,N
-17.43478,24.21307,316.41,0.35,0.57,2026-10-04,2259,N21,VIIRS,n,2.0NRT,291,1.21,N
-17.38864,23.33187,306.28,0.4,0.6,2026-10-04,2259,N21,VIIRS,n,2.0NRT,290.48,1.47,N
-17.31123,24.32443,315.54,0.35,0.57,2026-10-04,2259,N21,VIIRS,n,2.0NRT,290.32,2.09,N
-17.30957,24.32554,304.81,0.35,0.57,2026-10-04,2259,N21,VIIRS,n,2.0NRT,290.24,1.85,N
-17.30893,24.32232,318.78,0.35,0.57,2026-10-04,2259,N21,VIIRS,n,2.0NRT,290.58,2.3,N
-17.28687,24.20747,309.39,0.35,0.57,2026-10-04,2259,N21,VIIRS,n,2.0NRT,290.93,1.26,N
-17.28618,24.20418,310.34,0.35,0.57,2026-10-04,2259,N21,VIIRS,n,2.0NRT,291.04,1.02,N
-17.28604,24.20827,304.85,0.35,0.57,2026-10-04,2259,N21,VIIRS,n,2.0NRT,290.87,0.94,N
-17.2855,24.20088,303.1,0.35,0.57,2026-10-04,2259,N21,VIIRS,n,2.0NRT,290.88,1.02,N
-17.28538,24.20498,311.15,0.35,0.57,2026-10-04,2259,N21,VIIRS,n,2.0NRT,291.12,1.11,N
-17.28471,24.20168,305.92,0.35,0.57,2026-10-04,2259,N21,VIIRS,n,2.0NRT,290.78,1.11,N
-17.11821,23.96934,304.24,0.37,0.58,2026-10-04,2259,N21,VIIRS,n,2.0NRT,290.17,0.99,N
-17.1182,26.03176,305.63,0.54,0.51,2026-10-04,2259,N21,VIIRS,n,2.0NRT,287.55,1.58,N
-17.09922,23.67298,317.63,0.39,0.59,2026-10-04,2259,N21,VIIRS,n,2.0NRT,289.76,2.29,N
-17.09847,23.6694,315.54,0.39,0.59,2026-10-04,2259,N21,VIIRS,n,2.0NRT,290.37,2.29,N
-17.07593,23.23261,307.91,0.41,0.61,2026-10-04,2259,N21,VIIRS,n,2.0NRT,290.44,1.28,N
-17.07528,23.2333,303.67,0.41,0.61,2026-10-04,2259,N21,VIIRS,n,2.0NRT,290.46,1.32,N
-17.07446,23.22948,301.25,0.41,0.61,2026-10-04,2259,N21,VIIRS,n,2.0NRT,290.48,1.34,N
-17.04212,23.26418,308.85,0.41,0.61,2026-10-04,2259,N21,VIIRS,n,2.0NRT,290.65,1.16,N
-17.03414,24.84405,305.43,0.33,0.55,2026-10-04,2259,N21,VIIRS,n,2.0NRT,288.77,0.82,N
-17.03379,26.01771,303.81,0.55,0.51,2026-10-04,2259,N21,VIIRS,n,2.0NRT,288.54,1.32,N
-17.01186,25.73109,299.36,0.57,0.52,2026-10-04,2259,N21,VIIRS,n,2.0NRT,288.41,1.07,N
-17.00877,23.9466,300.59,0.37,0.58,2026-10-04,2259,N21,VIIRS,n,2.0NRT,290.04,0.39,N
-16.93999,29.02994,301.24,0.54,0.42,2026-10-04,2259,N21,VIIRS,n,2.0NRT,289.09,0.49,N
-16.92837,24.91207,297.12,0.32,0.55,2026-10-04,2259,N21,VIIRS,n,2.0NRT,287.07,0.34,N
-16.85803,25.86034,307.53,0.56,0.52,2026-10-04,2259,N21,VIIRS,n,2.0NRT,290.04,1.49,N
-16.85441,25.85888,304.62,0.56,0.52,2026-10-04,2259,N21,VIIRS,n,2.0NRT,290.2,1.64,N
-16.83661,26.78509,307.54,0.49,0.49,2026-10-04,2259,N21,VIIRS,n,2.0NRT,287.61,1.7,N
-16.78159,26.1568,299.48,0.54,0.51,2026-10-04,2259,N21,VIIRS,n,2.0NRT,288.49,1.45,N
-16.71801,26.26988,299.25,0.53,0.5,2026-10-04,2259,N21,VIIRS,n,2.0NRT,289.14,0.78,N
-16.69425,26.49199,300.64,0.52,0.5,2026-10-04,2259,N21,VIIRS,n,2.0NRT,288.4,1.01,N
-16.3445,29.25129,303.56,0.53,0.42,2026-10-04,2259,N21,VIIRS,n,2.0NRT,287.66,1.49,N
-16.13778,23.09909,300.49,0.44,0.62,2026-10-04,2259,N21,VIIRS,n,2.0NRT,286.9,1.02,N
-16.0848,27.67433,323.84,0.44,0.46,2026-10-04,2259,N21,VIIRS,n,2.0NRT,289.49,2.97,N
-16.07966,25.20802,324.34,0.32,0.55,2026-10-04,2259,N21,VIIRS,n,2.0NRT,289.52,1.68,N
-16.07959,25.20943,308.09,0.32,0.55,2026-10-04,2259,N21,VIIRS,n,2.0NRT,289.07,1.3,N
-16.07902,25.20647,306.67,0.32,0.55,2026-10-04,2259,N21,VIIRS,n,2.0NRT,288.68,1.24,N
-16.0596,25.03083,299.99,0.33,0.55,2026-10-04,2259,N21,VIIRS,n,2.0NRT,285.34,0.33,N
-16.05216,26.28062,300.94,0.55,0.51,2026-10-04,2259,N21,VIIRS,n,2.0NRT,289.48,0.78,N
-16.04525,24.80168,301.78,0.34,0.56,2026-10-04,2259,N21,VIIRS,n,2.0NRT,282.57,0.53,N
-16.04038,24.96151,303.49,0.33,0.56,2026-10-04,2259,N21,VIIRS,n,2.0NRT,288.58,0.66,N
-16.02352,24.8781,300.31,0.34,0.56,2026-10-04,2259,N21,VIIRS,n,2.0NRT,289.03,0.52,N
-15.99091,24.78117,297.96,0.34,0.56,2026-10-04,2259,N21,VIIRS,n,2.0NRT,284.42,0.71,N
-15.98783,24.78081,304.97,0.34,0.56,2026-10-04,2259,N21,VIIRS,n,2.0NRT,284,0.52,N
-15.85095,28.83957,312.17,0.57,0.43,2026-10-04,2259,N21,VIIRS,n,2.0NRT,291.05,2.11,N
-15.80707,24.83253,301.57,0.34,0.56,2026-10-04,2259,N21,VIIRS,n,2.0NRT,286.39,1.07,N
-15.78816,27.03242,304.18,0.49,0.49,2026-10-04,2259,N21,VIIRS,n,2.0NRT,286.47,1.18,N
-15.78729,27.02787,316.06,0.49,0.49,2026-10-04,2259,N21,VIIRS,n,2.0NRT,286.71,2.75,N
-15.7846,27.03783,297.23,0.49,0.49,2026-10-04,2259,N21,VIIRS,n,2.0NRT,286.98,1.18,N
-15.78109,27.03649,300.18,0.49,0.49,2026-10-04,2259,N21,VIIRS,n,2.0NRT,287.16,1.87,N
-15.77929,27.03416,303.62,0.49,0.49,2026-10-04,2259,N21,VIIRS,n,2.0NRT,287.11,2.22,N
-15.77665,27.03737,309.53,0.49,0.49,2026-10-04,2259,N21,VIIRS,n,2.0NRT,287.27,1.87,N
-15.77581,27.03281,319.9,0.49,0.49,2026-10-04,2259,N21,VIIRS,n,2.0NRT,287.59,1.87,N
-15.77486,27.03504,315.09,0.49,0.49,2026-10-04,2259,N21,VIIRS,n,2.0NRT,287.48,2.22,N
-15.77399,27.03049,307.45,0.49,0.49,2026-10-04,2259,N21,VIIRS,n,2.0NRT,286.82,1.92,N
-15.74464,26.93908,301.75,0.5,0.49,2026-10-04,2259,N21,VIIRS,n,2.0NRT,285.82,1.54,N
-15.74275,26.95382,311.76,0.5,0.49,2026-10-04,2259,N21,VIIRS,n,2.0NRT,286.16,2.19,N
-15.74189,26.9492,304.27,0.5,0.49,2026-10-04,2259,N21,VIIRS,n,2.0NRT,285.75,2.24,N
-15.74103,26.94459,304.16,0.5,0.49,2026-10-04,2259,N21,VIIRS,n,2.0NRT,285.61,2.24,N
-15.73657,26.94548,298.6,0.5,0.49,2026-10-04,2259,N21,VIIRS,n,2.0NRT,285.7,1.17,N
-15.72989,25.35542,298.96,0.32,0.54,2026-10-04,2259,N21,VIIRS,n,2.0NRT,288.31,0.71,N
-15.58177,27.07038,302.17,0.49,0.49,2026-10-04,2259,N21,VIIRS,n,2.0NRT,280.07,0.87,N
-15.45066,25.75291,305.75,0.61,0.53,2026-10-04,2259,N21,VIIRS,n,2.0NRT,288.71,1.72,N
-15.44691,25.75953,302.3,0.61,0.53,2026-10-04,2259,N21,VIIRS,n,2.0NRT,289.55,1.72,N
-15.44473,25.7484,302.7,0.61,0.53,2026-10-04,2259,N21,VIIRS,n,2.0NRT,289.23,2.23,N
-15.4411,24.79691,302.76,0.35,0.57,2026-10-04,2259,N21,VIIRS,n,2.0NRT,283.63,1.09,N
-15.4399,24.79793,301.58,0.35,0.57,2026-10-04,2259,N21,VIIRS,n,2.0NRT,283.34,0.74,N
-15.43926,24.7947,296.28,0.35,0.57,2026-10-04,2259,N21,VIIRS,n,2.0NRT,283.27,0.69,N
-15.22672,25.35181,307.79,0.33,0.55,2026-10-04,2259,N21,VIIRS,n,2.0NRT,286.83,1.62,N
-15.22658,25.35337,306.35,0.33,0.55,2026-10-04,2259,N21,VIIRS,n,2.0NRT,286.53,0.82,N
-15.22614,25.34881,307.65,0.33,0.55,2026-10-04,2259,N21,VIIRS,n,2.0NRT,286.99,1.1,N
-15.22598,25.35037,304.19,0.33,0.55,2026-10-04,2259,N21,VIIRS,n,2.0NRT,287.27,0.82,N
-15.22556,25.34581,309.44,0.33,0.55,2026-10-04,2259,N21,VIIRS,n,2.0NRT,286.97,1.1,N
-15.22538,25.34738,310.02,0.33,0.55,2026-10-04,2259,N21,VIIRS,n,2.0NRT,287.15,0.91,N
-15.22478,25.34439,303.53,0.33,0.55,2026-10-04,2259,N21,VIIRS,n,2.0NRT,287.03,0.91,N
-15.22114,25.34981,306.31,0.33,0.55,2026-10-04,2259,N21,VIIRS,n,2.0NRT,287.8,1.1,N
-15.10626,22.98395,299.64,0.47,0.64,2026-10-04,2259,N21,VIIRS,n,2.0NRT,280.8,1.17,N
-15.09595,22.98903,305.75,0.47,0.64,2026-10-04,2259,N21,VIIRS,n,2.0NRT,281.95,2.04,N
-15.09555,22.99075,301.17,0.47,0.64,2026-10-04,2259,N21,VIIRS,n,2.0NRT,281.62,1.1,N
-15.09464,22.98646,297.94,0.47,0.64,2026-10-04,2259,N21,VIIRS,n,2.0NRT,281.67,1.1,N
-14.92682,24.89794,296.65,0.35,0.57,2026-10-04,2259,N21,VIIRS,n,2.0NRT,283.74,0.52,N
-14.68366,23.12337,312.66,0.47,0.64,2026-10-04,2259,N21,VIIRS,n,2.0NRT,282.84,3.27,N
-14.68353,23.12539,296.93,0.47,0.64,2026-10-04,2259,N21,VIIRS,n,2.0NRT,282.62,1.58,N
-14.68279,23.11907,323.34,0.47,0.64,2026-10-04,2259,N21,VIIRS,n,2.0NRT,284.71,4.7,N
-14.68263,23.1211,326.72,0.47,0.64,2026-10-04,2259,N21,VIIRS,n,2.0NRT,284.04,2.64,N
-14.68174,23.11681,300.33,0.47,0.64,2026-10-04,2259,N21,VIIRS,n,2.0NRT,283.93,2.64,N
-12.35258,33.21259,308.81,0.4,0.37,2026-10-04,2259,N21,VIIRS,n,2.0NRT,286.08,0.86,N
-11.08854,33.50305,303.13,0.4,0.37,2026-10-04,2259,N21,VIIRS,n,2.0NRT,270.35,0.76,N
-10.56267,33.64142,331.3,0.4,0.37,2026-10-04,2259,N21,VIIRS,n,2.0NRT,284.18,5.32,N
-10.48916,32.66596,307.37,0.43,0.38,2026-10-04,2259,N21,VIIRS,n,2.0NRT,287.11,1.05,N
-10.42497,33.28913,312.55,0.41,0.37,2026-10-04,2259,N21,VIIRS,n,2.0NRT,288.9,1.03,N
-10.42438,33.28546,303.26,0.41,0.37,2026-10-04,2259,N21,VIIRS,n,2.0NRT,288.2,1.03,N
-9.92247,33.2858,329.24,0.41,0.37,2026-10-04,2259,N21,VIIRS,n,2.0NRT,279.67,2.26,N
-9.91906,33.28636,295.57,0.41,0.37,2026-10-04,2259,N21,VIIRS,n,2.0NRT,279,2.26,N
-9.22079,33.74736,308.55,0.4,0.37,2026-10-04,2259,N21,VIIRS,n,2.0NRT,278.97,1.51,N
-9.20571,29.95897,299.21,0.41,0.45,2026-10-04,2259,N21,VIIRS,n,2.0NRT,284.77,1.97,N
-8.98336,33.56211,318.23,0.41,0.37,2026-10-04,2259,N21,VIIRS,n,2.0NRT,284.33,7.04,N
-8.98277,33.55846,327.3,0.41,0.37,2026-10-04,2259,N21,VIIRS,n,2.0NRT,286.82,7.04,N
-8.97995,33.56257,296.59,0.41,0.37,2026-10-04,2259,N21,VIIRS,n,2.0NRT,281.95,1.4,N
-8.97935,33.55888,312.64,0.41,0.37,2026-10-04,2259,N21,VIIRS,n,2.0NRT,284.98,1.4,N
-8.97875,33.55517,326.88,0.41,0.37,2026-10-04,2259,N21,VIIRS,n,2.0NRT,284.08,3.43,N
-8.97439,33.77455,320.84,0.41,0.37,2026-10-04,2259,N21,VIIRS,n,2.0NRT,281.07,2.56,N
-8.94144,33.23913,298.88,0.42,0.38,2026-10-04,2259,N21,VIIRS,n,2.0NRT,283.3,1.03,N
-8.6866,32.90213,329.71,0.44,0.38,2026-10-04,2259,N21,VIIRS,n,2.0NRT,286.44,3.51,N
-15.02032,27.53815,307.88,0.47,0.48,2026-10-04,2301,N21,VIIRS,n,2.0NRT,286.79,2.15,N
-14.98465,26.44497,300.93,0.56,0.51,2026-10-04,2301,N21,VIIRS,n,2.0NRT,287.25,1,N
-14.9425,27.81457,310.85,0.46,0.47,2026-10-04,2301,N21,VIIRS,n,2.0NRT,288.31,2.33,N
-14.94115,27.81603,303.87,0.45,0.47,2026-10-04,2301,N21,VIIRS,n,2.0NRT,288.29,2.08,N
-14.8732,27.38336,301.48,0.49,0.48,2026-10-04,2301,N21,VIIRS,n,2.0NRT,286.59,0.71,N
-14.69794,25.37483,296.83,0.33,0.55,2026-10-04,2301,N21,VIIRS,n,2.0NRT,273.66,0.73,N
-14.69634,25.37263,296.69,0.33,0.55,2026-10-04,2301,N21,VIIRS,n,2.0NRT,274.86,0.87,N
-14.68527,28.03433,305.05,0.44,0.46,2026-10-04,2301,N21,VIIRS,n,2.0NRT,289.08,0.86,N
-14.68081,27.49598,297.8,0.48,0.48,2026-10-04,2301,N21,VIIRS,n,2.0NRT,278.69,0.75,N
-14.61832,25.47592,307.36,0.33,0.55,2026-10-04,2301,N21,VIIRS,n,2.0NRT,285.94,1.24,N
-14.61152,25.46792,305.14,0.33,0.55,2026-10-04,2301,N21,VIIRS,n,2.0NRT,284.3,0.67,N
-14.6076,25.47003,307.67,0.33,0.55,2026-10-04,2301,N21,VIIRS,n,2.0NRT,284.55,1.01,N
-14.6065,25.46892,301.41,0.33,0.55,2026-10-04,2301,N21,VIIRS,n,2.0NRT,284.82,0.67,N
-14.57782,28.87428,295.9,0.4,0.44,2026-10-04,2301,N21,VIIRS,n,2.0NRT,271.63,0.59,N
-14.52407,25.10896,297.28,0.35,0.57,2026-10-04,2301,N21,VIIRS,n,2.0NRT,268.76,0.45,N
-14.20845,23.47965,304.05,0.45,0.63,2026-10-04,2301,N21,VIIRS,n,2.0NRT,284.51,0.57,N
-14.20761,23.47874,302.3,0.45,0.63,2026-10-04,2301,N21,VIIRS,n,2.0NRT,283.91,0.61,N
-14.19079,23.60233,296.89,0.45,0.63,2026-10-04,2301,N21,VIIRS,n,2.0NRT,283.47,0.41,N
-13.72792,25.87688,302.98,0.32,0.55,2026-10-04,2301,N21,VIIRS,n,2.0NRT,264.78,0.48,N
-18.07966,22.31944,331.92,0.34,0.56,2026-10-05,1132,N21,VIIRS,n,2.0NRT,305.87,5.01,D
-18.07486,22.31569,367,0.34,0.56,2026-10-05,1132,N21,VIIRS,h,2.0NRT,310.17,5.01,D
-18.0745,22.31888,332.67,0.34,0.56,2026-10-05,1132,N21,VIIRS,n,2.0NRT,306.82,5.01,D
-18.07006,22.31193,341.96,0.34,0.56,2026-10-05,1132,N21,VIIRS,n,2.0NRT,306.86,5.32,D
-18.06971,22.31513,341.84,0.34,0.56,2026-10-05,1132,N21,VIIRS,n,2.0NRT,307.58,4.98,D
-18.02742,22.36836,350.36,0.34,0.56,2026-10-05,1132,N21,VIIRS,n,2.0NRT,307.54,6.94,D
-18.00893,22.34708,367,0.34,0.56,2026-10-05,1132,N21,VIIRS,h,2.0NRT,309.36,14.03,D
-18.00859,22.35025,367,0.34,0.56,2026-10-05,1132,N21,VIIRS,h,2.0NRT,309.74,14.03,D
-18.00345,22.34968,333.73,0.34,0.56,2026-10-05,1132,N21,VIIRS,n,2.0NRT,307.07,3.5,D
-18.00311,22.35284,335.8,0.34,0.56,2026-10-05,1132,N21,VIIRS,n,2.0NRT,307.46,5.32,D
-18.00277,22.35601,353.91,0.34,0.56,2026-10-05,1132,N21,VIIRS,n,2.0NRT,308.02,5.32,D
-17.94803,23.81595,348.55,0.54,0.51,2026-10-05,1132,N21,VIIRS,n,2.0NRT,304.58,9.41,D
-17.94337,23.81539,342.01,0.54,0.51,2026-10-05,1132,N21,VIIRS,n,2.0NRT,303.95,9.41,D
-17.87472,29.43086,338.46,0.41,0.37,2026-10-05,1132,N21,VIIRS,n,2.0NRT,303.67,5.82,D
-17.84877,22.79236,336.9,0.63,0.54,2026-10-05,1132,N21,VIIRS,l,2.0NRT,307.58,7.71,D
-17.84748,22.80416,339.49,0.63,0.54,2026-10-05,1132,N21,VIIRS,n,2.0NRT,305.4,8.24,D
-17.84315,22.79768,331.42,0.63,0.54,2026-10-05,1132,N21,VIIRS,l,2.0NRT,306.26,8.24,D
-17.76223,29.18894,342.64,0.41,0.37,2026-10-05,1132,N21,VIIRS,n,2.0NRT,301.06,6.56,D
-17.74611,23.41126,335.1,0.57,0.52,2026-10-05,1132,N21,VIIRS,l,2.0NRT,305.15,8.17,D
-17.74571,23.41001,338.58,0.57,0.52,2026-10-05,1132,N21,VIIRS,n,2.0NRT,304.79,11.51,D
-17.70617,24.7674,336.99,0.46,0.47,2026-10-05,1132,N21,VIIRS,n,2.0NRT,296.15,13.13,D
-17.6846,22.88822,341.15,0.61,0.54,2026-10-05,1132,N21,VIIRS,n,2.0NRT,304.05,8.1,D
-17.67966,22.88765,334.43,0.61,0.54,2026-10-05,1132,N21,VIIRS,n,2.0NRT,304.32,8.1,D
-17.67868,22.85239,342.57,0.62,0.54,2026-10-05,1132,N21,VIIRS,n,2.0NRT,305.57,6.97,D
-17.67826,24.67058,335.6,0.47,0.48,2026-10-05,1132,N21,VIIRS,n,2.0NRT,303.2,5.54,D
-17.67802,22.85818,367,0.62,0.54,2026-10-05,1132,N21,VIIRS,h,2.0NRT,307.67,17.65,D
-17.67772,24.67498,335.56,0.47,0.48,2026-10-05,1132,N21,VIIRS,n,2.0NRT,304.94,5.54,D
-17.67439,22.84603,331.88,0.62,0.54,2026-10-05,1132,N21,VIIRS,l,2.0NRT,302.13,6.97,D
-17.67407,22.89284,331.77,0.61,0.54,2026-10-05,1132,N21,VIIRS,l,2.0NRT,306,2.98,D
-17.67373,22.85182,332.57,0.62,0.54,2026-10-05,1132,N21,VIIRS,n,2.0NRT,304.18,6.97,D
-17.67308,22.85761,334.73,0.62,0.54,2026-10-05,1132,N21,VIIRS,n,2.0NRT,306.04,17.65,D
-17.67208,22.82215,367,0.62,0.54,2026-10-05,1132,N21,VIIRS,h,2.0NRT,306.82,13.62,D
-17.67142,22.828,339.34,0.62,0.54,2026-10-05,1132,N21,VIIRS,n,2.0NRT,304.36,13.62,D
-17.67076,22.83382,338.31,0.62,0.54,2026-10-05,1132,N21,VIIRS,n,2.0NRT,303.97,8.38,D
-17.66913,22.89228,332.17,0.61,0.54,2026-10-05,1132,N21,VIIRS,l,2.0NRT,304.78,2.98,D
-17.66713,22.82158,349.52,0.62,0.54,2026-10-05,1132,N21,VIIRS,n,2.0NRT,309.08,13.62,D
-17.66283,22.81518,331.87,0.62,0.54,2026-10-05,1132,N21,VIIRS,l,2.0NRT,305.66,5.65,D
-17.66188,22.86806,330.71,0.62,0.54,2026-10-05,1132,N21,VIIRS,l,2.0NRT,305.37,9.12,D
-17.65852,22.80877,339.22,0.62,0.54,2026-10-05,1132,N21,VIIRS,n,2.0NRT,303.88,5.65,D
-17.65787,22.8146,336.3,0.62,0.54,2026-10-05,1132,N21,VIIRS,l,2.0NRT,308.2,5.65,D
-17.65776,25.69852,336.9,0.4,0.45,2026-10-05,1132,N21,VIIRS,n,2.0NRT,300.26,3.57,D
-17.65721,22.82045,336.53,0.62,0.54,2026-10-05,1132,N21,VIIRS,l,2.0NRT,308.31,7.4,D
-17.65656,22.82628,332.56,0.62,0.54,2026-10-05,1132,N21,VIIRS,l,2.0NRT,307.12,7.4,D
-17.6494,22.16428,367,0.34,0.56,2026-10-05,1132,N21,VIIRS,h,2.0NRT,310.38,11.09,D
-17.64904,22.1675,367,0.34,0.56,2026-10-05,1132,N21,VIIRS,h,2.0NRT,309.01,11.09,D
-17.64869,22.17072,344.76,0.34,0.56,2026-10-05,1132,N21,VIIRS,n,2.0NRT,304.95,11.87,D
-17.64833,22.17394,351.86,0.34,0.56,2026-10-05,1132,N21,VIIRS,n,2.0NRT,308.59,11.87,D
-17.64797,22.17715,367,0.34,0.56,2026-10-05,1132,N21,VIIRS,h,2.0NRT,305.03,13.51,D
-17.64316,22.17337,338.22,0.34,0.56,2026-10-05,1132,N21,VIIRS,n,2.0NRT,308.06,11.87,D
-17.6428,22.17658,355.51,0.34,0.56,2026-10-05,1132,N21,VIIRS,n,2.0NRT,310.39,13.51,D
-17.64244,22.1798,367,0.34,0.56,2026-10-05,1132,N21,VIIRS,h,2.0NRT,304.34,13.51,D
-17.63763,22.17602,336.41,0.34,0.56,2026-10-05,1132,N21,VIIRS,n,2.0NRT,307.2,20.83,D
-17.63727,22.17923,352.44,0.34,0.56,2026-10-05,1132,N21,VIIRS,n,2.0NRT,310.83,20.83,D
-17.63692,22.18245,367,0.34,0.56,2026-10-05,1132,N21,VIIRS,h,2.0NRT,328.01,39.13,D
-17.63657,22.18565,353.44,0.34,0.56,2026-10-05,1132,N21,VIIRS,n,2.0NRT,304.57,39.13,D
-17.63175,22.18186,352.39,0.34,0.56,2026-10-05,1132,N21,VIIRS,n,2.0NRT,310.14,39.13,D
-17.6314,22.18508,343.57,0.34,0.56,2026-10-05,1132,N21,VIIRS,n,2.0NRT,318.35,39.13,D
-17.63104,22.18829,348.6,0.34,0.56,2026-10-05,1132,N21,VIIRS,n,2.0NRT,302.78,23.71,D
-17.63017,26.28824,333.31,0.56,0.43,2026-10-05,1132,N21,VIIRS,n,2.0NRT,301.32,3.53,D
-17.62989,26.2855,334.88,0.56,0.43,2026-10-05,1132,N21,VIIRS,n,2.0NRT,299.04,6.37,D
-17.62623,22.18451,353.23,0.34,0.56,2026-10-05,1132,N21,VIIRS,n,2.0NRT,312.27,12.76,D
-17.62588,22.18772,367,0.34,0.56,2026-10-05,1132,N21,VIIRS,h,2.0NRT,310.06,13.41,D
-17.62106,22.18394,338.56,0.34,0.56,2026-10-05,1132,N21,VIIRS,n,2.0NRT,309.16,12.76,D
-17.62071,22.18716,367,0.34,0.56,2026-10-05,1132,N21,VIIRS,h,2.0NRT,308.42,13.41,D
-17.61659,22.17693,367,0.34,0.56,2026-10-05,1132,N21,VIIRS,h,2.0NRT,309.82,8.86,D
-17.61624,22.18015,343.41,0.34,0.56,2026-10-05,1132,N21,VIIRS,n,2.0NRT,308.88,3.94,D
-17.61589,22.18336,336.53,0.34,0.56,2026-10-05,1132,N21,VIIRS,n,2.0NRT,307.4,3.94,D
-17.60108,22.17522,335.37,0.34,0.56,2026-10-05,1132,N21,VIIRS,l,2.0NRT,306.49,5.24,D
-17.58694,22.16063,367,0.34,0.56,2026-10-05,1132,N21,VIIRS,h,2.0NRT,309.91,16.15,D
-17.5866,22.16385,367,0.34,0.56,2026-10-05,1132,N21,VIIRS,h,2.0NRT,308.83,11.08,D
-17.58496,22.16027,347.35,0.34,0.56,2026-10-05,1132,N21,VIIRS,n,2.0NRT,310.15,10.43,D
-17.58459,22.16348,367,0.34,0.56,2026-10-05,1132,N21,VIIRS,h,2.0NRT,310.96,6.28,D
-17.58423,22.16668,348.11,0.34,0.56,2026-10-05,1132,N21,VIIRS,n,2.0NRT,307.93,6.28,D
-17.58108,22.16647,347.65,0.34,0.56,2026-10-05,1132,N21,VIIRS,n,2.0NRT,307.68,11.08,D
-17.57906,22.16611,338.15,0.34,0.56,2026-10-05,1132,N21,VIIRS,n,2.0NRT,306.7,6.28,D
-17.56364,26.08498,350.72,0.57,0.43,2026-10-05,1132,N21,VIIRS,n,2.0NRT,305.38,21.43,D
-17.55897,26.08987,337.12,0.57,0.43,2026-10-05,1132,N21,VIIRS,n,2.0NRT,302.3,24.46,D
-17.53253,24.69436,331.51,0.47,0.47,2026-10-05,1132,N21,VIIRS,l,2.0NRT,302.43,6.85,D
-17.52817,24.6938,351.27,0.47,0.47,2026-10-05,1132,N21,VIIRS,n,2.0NRT,302.56,6.85,D
-17.51199,23.24535,338.81,0.58,0.52,2026-10-05,1132,N21,VIIRS,n,2.0NRT,305.88,6.57,D
-17.50743,24.15729,343.01,0.5,0.49,2026-10-05,1132,N21,VIIRS,n,2.0NRT,303.19,11.38,D
-17.50718,23.24479,347.14,0.58,0.52,2026-10-05,1132,N21,VIIRS,n,2.0NRT,307.08,11.61,D
-17.47546,23.18012,342.37,0.58,0.52,2026-10-05,1132,N21,VIIRS,n,2.0NRT,305.28,19.34,D
-17.47546,23.18441,341.42,0.58,0.52,2026-10-05,1132,N21,VIIRS,n,2.0NRT,304.9,9.74,D
-17.47449,24.61616,339.63,0.47,0.48,2026-10-05,1132,N21,VIIRS,n,2.0NRT,297.81,5.27,D
-17.47395,24.62056,343.91,0.47,0.48,2026-10-05,1132,N21,VIIRS,n,2.0NRT,302.22,11.1,D
-17.45903,23.1992,340.12,0.58,0.52,2026-10-05,1132,N21,VIIRS,n,2.0NRT,307.89,8.64,D
-17.45854,23.20039,338.73,0.58,0.52,2026-10-05,1132,N21,VIIRS,n,2.0NRT,307.22,8.72,D
-17.44421,22.58765,334.4,0.32,0.55,2026-10-05,1132,N21,VIIRS,n,2.0NRT,304.46,4.17,D
-17.44388,22.59065,343.85,0.32,0.55,2026-10-05,1132,N21,VIIRS,n,2.0NRT,305.68,4.17,D
-17.44355,22.59365,346.25,0.32,0.55,2026-10-05,1132,N21,VIIRS,n,2.0NRT,305.81,7.99,D
-17.4392,22.58704,367,0.32,0.55,2026-10-05,1132,N21,VIIRS,h,2.0NRT,309.08,4.17,D
-17.43887,22.59005,331.97,0.32,0.55,2026-10-05,1132,N21,VIIRS,n,2.0NRT,306.78,4.17,D
-17.41443,22.12309,367,0.34,0.56,2026-10-05,1132,N21,VIIRS,h,2.0NRT,309.37,7.23,D
-17.4089,22.12575,341.13,0.34,0.56,2026-10-05,1132,N21,VIIRS,n,2.0NRT,307.14,6.09,D
-17.40373,22.12518,367,0.34,0.56,2026-10-05,1132,N21,VIIRS,h,2.0NRT,308.08,6.09,D
-17.3989,22.12138,335.97,0.34,0.56,2026-10-05,1132,N21,VIIRS,n,2.0NRT,304.55,2.25,D
-17.39627,23.36118,341.87,0.57,0.52,2026-10-05,1132,N21,VIIRS,n,2.0NRT,301.5,7.08,D
-17.39332,22.82176,338.31,0.62,0.54,2026-10-05,1132,N21,VIIRS,n,2.0NRT,305.36,7.47,D
-17.39125,22.82483,335.86,0.61,0.54,2026-10-05,1132,N21,VIIRS,n,2.0NRT,305.44,3.6,D
-17.38838,22.82117,337.21,0.62,0.54,2026-10-05,1132,N21,VIIRS,n,2.0NRT,305.37,6.81,D
-17.38631,22.82424,333.96,0.61,0.54,2026-10-05,1132,N21,VIIRS,l,2.0NRT,303.97,3.6,D
-17.29954,29.51581,330.97,0.4,0.37,2026-10-05,1132,N21,VIIRS,l,2.0NRT,302.98,2.13,D
-17.29736,22.49248,367,0.32,0.55,2026-10-05,1132,N21,VIIRS,h,2.0NRT,312.05,11.94,D
-17.29702,22.4955,338.18,0.32,0.55,2026-10-05,1132,N21,VIIRS,n,2.0NRT,308,11.94,D
-17.29232,22.49191,342.52,0.32,0.55,2026-10-05,1132,N21,VIIRS,n,2.0NRT,307.12,3.09,D
-17.29198,22.49493,334.88,0.32,0.55,2026-10-05,1132,N21,VIIRS,n,2.0NRT,308.71,3.09,D
-17.29129,22.50096,338.33,0.32,0.55,2026-10-05,1132,N21,VIIRS,l,2.0NRT,308.41,4.61,D
-17.29002,22.4671,334.45,0.32,0.55,2026-10-05,1132,N21,VIIRS,l,2.0NRT,306.34,2.2,D
-17.28967,22.47014,334.68,0.32,0.55,2026-10-05,1132,N21,VIIRS,l,2.0NRT,308.39,2.2,D
-17.28933,22.47318,333.61,0.32,0.55,2026-10-05,1132,N21,VIIRS,l,2.0NRT,306.49,3.16,D
-17.27821,22.15399,331.48,0.34,0.56,2026-10-05,1132,N21,VIIRS,n,2.0NRT,304.14,8.96,D
-17.27786,22.15718,367,0.34,0.56,2026-10-05,1132,N21,VIIRS,h,2.0NRT,308.12,28,D
-17.27752,22.16037,340.2,0.34,0.56,2026-10-05,1132,N21,VIIRS,n,2.0NRT,302.69,28,D
-17.27342,22.05259,337.94,0.35,0.56,2026-10-05,1132,N21,VIIRS,l,2.0NRT,309.18,4.56,D
-17.27307,22.05582,352.92,0.35,0.56,2026-10-05,1132,N21,VIIRS,n,2.0NRT,309.62,4.56,D
-17.27271,22.15661,336.08,0.34,0.56,2026-10-05,1132,N21,VIIRS,n,2.0NRT,305.15,28,D
-17.27196,22.05258,343.86,0.35,0.56,2026-10-05,1132,N21,VIIRS,n,2.0NRT,310.75,4.57,D
-17.27159,22.05581,347.6,0.34,0.56,2026-10-05,1132,N21,VIIRS,n,2.0NRT,308.52,4.57,D
-17.26721,22.15922,367,0.34,0.56,2026-10-05,1132,N21,VIIRS,h,2.0NRT,308.14,6.01,D
-17.26719,22.06172,344.47,0.34,0.56,2026-10-05,1132,N21,VIIRS,n,2.0NRT,307.69,7.27,D
-17.26566,22.06172,339.84,0.34,0.56,2026-10-05,1132,N21,VIIRS,n,2.0NRT,307.45,4.73,D
-17.26538,22.54991,333.94,0.32,0.55,2026-10-05,1132,N21,VIIRS,l,2.0NRT,306.04,2.78,D
-17.26536,22.1558,334.57,0.34,0.56,2026-10-05,1132,N21,VIIRS,n,2.0NRT,305.28,5.01,D
-17.26504,22.55291,348.68,0.32,0.55,2026-10-05,1132,N21,VIIRS,n,2.0NRT,307.33,2.78,D
-17.26499,22.15897,339.85,0.34,0.56,2026-10-05,1132,N21,VIIRS,n,2.0NRT,305.89,5.01,D
-17.26369,22.56488,367,0.32,0.54,2026-10-05,1132,N21,VIIRS,h,2.0NRT,308.93,5.29,D
-17.26274,22.15226,332.37,0.34,0.56,2026-10-05,1132,N21,VIIRS,l,2.0NRT,306.93,5.79,D
-17.2624,22.15545,349.81,0.34,0.56,2026-10-05,1132,N21,VIIRS,n,2.0NRT,306.55,6.01,D
-17.26205,22.15863,344.17,0.34,0.56,2026-10-05,1132,N21,VIIRS,n,2.0NRT,305.89,6.01,D
-17.26057,22.15205,338.2,0.34,0.56,2026-10-05,1132,N21,VIIRS,n,2.0NRT,306.51,6.21,D
-17.2602,22.15523,350.55,0.34,0.56,2026-10-05,1132,N21,VIIRS,n,2.0NRT,307.93,5.01,D
-17.26002,22.55234,336.22,0.32,0.55,2026-10-05,1132,N21,VIIRS,l,2.0NRT,308.59,2.78,D
-17.25984,22.1584,367,0.34,0.56,2026-10-05,1132,N21,VIIRS,h,2.0NRT,308.09,5.01,D
-17.25868,22.56431,349.65,0.32,0.54,2026-10-05,1132,N21,VIIRS,n,2.0NRT,310.48,5.29,D
-17.25724,22.15486,335.94,0.34,0.56,2026-10-05,1132,N21,VIIRS,n,2.0NRT,308.51,5.77,D
-17.2569,22.15805,367,0.34,0.56,2026-10-05,1132,N21,VIIRS,h,2.0NRT,309.06,5.77,D
-17.25505,22.15465,333.67,0.34,0.56,2026-10-05,1132,N21,VIIRS,n,2.0NRT,307.55,3.06,D
-17.25469,22.15783,338.84,0.34,0.56,2026-10-05,1132,N21,VIIRS,n,2.0NRT,305.17,3.06,D
-17.25175,22.15746,338.38,0.34,0.56,2026-10-05,1132,N21,VIIRS,n,2.0NRT,305.44,5.77,D
-17.24953,22.15725,335.8,0.34,0.56,2026-10-05,1132,N21,VIIRS,n,2.0NRT,305.59,3.06,D
-17.20093,22.21898,351.12,0.34,0.56,2026-10-05,1132,N21,VIIRS,n,2.0NRT,311.21,8.34,D
-17.17974,22.40811,344.21,0.33,0.55,2026-10-05,1132,N21,VIIRS,n,2.0NRT,307.32,4.14,D
-17.17468,22.40754,367,0.33,0.55,2026-10-05,1132,N21,VIIRS,h,2.0NRT,309.83,7.8,D
-17.16943,23.54995,367,0.55,0.51,2026-10-05,1132,N21,VIIRS,h,2.0NRT,305.53,16.92,D
-17.15241,22.1183,340.67,0.34,0.56,2026-10-05,1132,N21,VIIRS,n,2.0NRT,308.6,3.27,D
-17.14957,22.11705,367,0.34,0.56,2026-10-05,1132,N21,VIIRS,h,2.0NRT,308.37,8.87,D
-17.14761,22.11454,336.44,0.34,0.56,2026-10-05,1132,N21,VIIRS,l,2.0NRT,307.09,3.27,D
-17.14725,22.11772,342.31,0.34,0.56,2026-10-05,1132,N21,VIIRS,n,2.0NRT,309.29,3.27,D
-17.13745,28.93508,338.16,0.42,0.37,2026-10-05,1132,N21,VIIRS,n,2.0NRT,305.53,5.48,D
-17.13402,28.93454,337.45,0.42,0.37,2026-10-05,1132,N21,VIIRS,n,2.0NRT,305.33,7.22,D
-17.11523,22.5293,353.57,0.32,0.55,2026-10-05,1132,N21,VIIRS,n,2.0NRT,309.42,14.32,D
-17.11504,22.52965,367,0.32,0.54,2026-10-05,1132,N21,VIIRS,h,2.0NRT,310.78,18.99,D
-17.1149,22.53229,336.32,0.32,0.55,2026-10-05,1132,N21,VIIRS,l,2.0NRT,309.85,11.16,D
-17.10989,22.07796,340.31,0.34,0.56,2026-10-05,1132,N21,VIIRS,n,2.0NRT,308.37,3.01,D
-17.109,22.03883,344.28,0.34,0.56,2026-10-05,1132,N21,VIIRS,n,2.0NRT,310.15,18.97,D
-17.10864,22.04205,367,0.34,0.56,2026-10-05,1132,N21,VIIRS,h,2.0NRT,310.2,18.97,D
-17.09854,28.39782,337.57,0.43,0.38,2026-10-05,1132,N21,VIIRS,n,2.0NRT,307.02,7.94,D
-17.04777,23.00454,337.28,0.59,0.53,2026-10-05,1132,N21,VIIRS,n,2.0NRT,305.94,3.13,D
-17.04518,22.38104,343,0.33,0.55,2026-10-05,1132,N21,VIIRS,n,2.0NRT,310.51,3.69,D
-17.04145,22.32162,355.43,0.33,0.55,2026-10-05,1132,N21,VIIRS,n,2.0NRT,310.33,5.12,D
-17.03603,22.32413,345.48,0.33,0.55,2026-10-05,1132,N21,VIIRS,n,2.0NRT,310.36,1.95,D
-17.02145,22.31623,335.11,0.33,0.55,2026-10-05,1132,N21,VIIRS,l,2.0NRT,309.25,0.6,D
-17.00665,26.82128,346.07,0.51,0.41,2026-10-05,1132,N21,VIIRS,n,2.0NRT,305.89,6.48,D
-17.00627,26.82391,341.12,0.51,0.41,2026-10-05,1132,N21,VIIRS,n,2.0NRT,307.78,10.05,D
-17.00248,26.8234,344.51,0.51,0.41,2026-10-05,1132,N21,VIIRS,n,2.0NRT,308.23,21.47,D
-17.00014,29.01447,336.29,0.41,0.37,2026-10-05,1132,N21,VIIRS,l,2.0NRT,308.34,12.35,D
-16.99909,23.17868,335.11,0.58,0.52,2026-10-05,1132,N21,VIIRS,n,2.0NRT,304.32,4.73,D
-16.99672,29.01394,333.98,0.41,0.37,2026-10-05,1132,N21,VIIRS,l,2.0NRT,305.75,12.35,D
-16.99397,24.705,343.67,0.46,0.47,2026-10-05,1132,N21,VIIRS,n,2.0NRT,304.1,14.68,D
-16.99386,29.00954,338.79,0.41,0.37,2026-10-05,1132,N21,VIIRS,n,2.0NRT,306.71,4.16,D
-16.9933,29.01342,332.1,0.41,0.37,2026-10-05,1132,N21,VIIRS,l,2.0NRT,305.58,4.16,D
-16.98745,23.11143,343.28,0.58,0.52,2026-10-05,1132,N21,VIIRS,n,2.0NRT,304.87,15.57,D
-16.96982,22.37638,333.13,0.33,0.55,2026-10-05,1132,N21,VIIRS,l,2.0NRT,307.98,1.14,D
-16.90076,21.99372,333.43,0.34,0.56,2026-10-05,1132,N21,VIIRS,l,2.0NRT,306.31,4.33,D
-16.9004,21.99694,346.08,0.34,0.56,2026-10-05,1132,N21,VIIRS,n,2.0NRT,307.19,4.33,D
-16.87375,28.3024,332.72,0.44,0.38,2026-10-05,1132,N21,VIIRS,l,2.0NRT,306.67,4.06,D
-16.86959,22.31789,336.74,0.33,0.55,2026-10-05,1132,N21,VIIRS,l,2.0NRT,309.39,2.11,D
-16.86909,28.31006,331.43,0.44,0.38,2026-10-05,1132,N21,VIIRS,l,2.0NRT,306.15,3.43,D
-16.865,26.95577,335.94,0.5,0.41,2026-10-05,1132,N21,VIIRS,n,2.0NRT,303.27,5.22,D
-16.86437,26.96045,341.75,0.5,0.41,2026-10-05,1132,N21,VIIRS,n,2.0NRT,304.08,5.22,D
-16.86269,22.37884,348.85,0.32,0.55,2026-10-05,1132,N21,VIIRS,n,2.0NRT,309.05,4.78,D
-16.86061,26.95994,337.59,0.5,0.41,2026-10-05,1132,N21,VIIRS,n,2.0NRT,305.45,23.37,D
-16.85506,22.31003,336.45,0.33,0.55,2026-10-05,1132,N21,VIIRS,l,2.0NRT,307.94,1.99,D
-16.85221,22.90117,345.87,0.6,0.53,2026-10-05,1132,N21,VIIRS,n,2.0NRT,309.3,26.81,D
-16.85155,22.90675,343.21,0.6,0.53,2026-10-05,1132,N21,VIIRS,n,2.0NRT,306.71,19.48,D
-16.85038,22.90223,367,0.6,0.53,2026-10-05,1132,N21,VIIRS,h,2.0NRT,311.68,40.74,D
-16.8114,29.0875,342.88,0.41,0.37,2026-10-05,1132,N21,VIIRS,n,2.0NRT,306.18,5.78,D
-16.81057,29.14233,349.46,0.41,0.37,2026-10-05,1132,N21,VIIRS,n,2.0NRT,304.54,5.28,D
-16.81003,29.14616,335.32,0.41,0.37,2026-10-05,1132,N21,VIIRS,n,2.0NRT,303.98,3.15,D
-16.80995,22.83936,336.28,0.6,0.53,2026-10-05,1132,N21,VIIRS,n,2.0NRT,305.11,18.06,D
-16.8093,22.84499,341.91,0.6,0.53,2026-10-05,1132,N21,VIIRS,n,2.0NRT,308.75,30.16,D
-16.78749,22.68638,340.75,0.62,0.54,2026-10-05,1132,N21,VIIRS,n,2.0NRT,307.85,6.72,D
-16.78617,22.68359,337.98,0.62,0.54,2026-10-05,1132,N21,VIIRS,n,2.0NRT,307.25,4.07,D
-16.74789,27.04944,342.26,0.5,0.41,2026-10-05,1132,N21,VIIRS,n,2.0NRT,305.3,9.43,D
-16.74353,27.05353,332.47,0.5,0.41,2026-10-05,1132,N21,VIIRS,l,2.0NRT,303.89,5.68,D
-16.73008,23.5997,339.69,0.54,0.5,2026-10-05,1132,N21,VIIRS,n,2.0NRT,304.33,7.57,D
-16.72543,23.59912,333.62,0.54,0.5,2026-10-05,1132,N21,VIIRS,l,2.0NRT,304.89,6.66,D
-16.66678,27.58549,338.52,0.47,0.39,2026-10-05,1132,N21,VIIRS,l,2.0NRT,306.44,9.58,D
-16.60511,22.10083,344.85,0.34,0.56,2026-10-05,1132,N21,VIIRS,n,2.0NRT,308.5,4.39,D
-16.598,22.02658,351.44,0.34,0.56,2026-10-05,1132,N21,VIIRS,n,2.0NRT,308.63,6.43,D
-16.59764,22.02975,367,0.34,0.56,2026-10-05,1132,N21,VIIRS,h,2.0NRT,309.43,6.43,D
-16.57006,27.55614,333.66,0.47,0.39,2026-10-05,1132,N21,VIIRS,l,2.0NRT,304.57,8.99,D
-16.56359,22.23753,337.31,0.33,0.55,2026-10-05,1132,N21,VIIRS,n,2.0NRT,308.03,1.38,D
-16.56333,23.54558,330.12,0.54,0.51,2026-10-05,1132,N21,VIIRS,l,2.0NRT,304.78,5.98,D
-16.49254,22.85218,338.72,0.6,0.53,2026-10-05,1132,N21,VIIRS,n,2.0NRT,308.62,3.93,D
-16.47339,22.40204,345.89,0.32,0.55,2026-10-05,1132,N21,VIIRS,n,2.0NRT,305.83,1.5,D
-16.46947,23.21143,341.48,0.56,0.52,2026-10-05,1132,N21,VIIRS,n,2.0NRT,305.31,7.25,D
-16.46883,23.21668,337.73,0.56,0.52,2026-10-05,1132,N21,VIIRS,n,2.0NRT,305.9,7.25,D
-16.46781,24.85929,347.8,0.44,0.46,2026-10-05,1132,N21,VIIRS,n,2.0NRT,305.76,9.01,D
-16.46471,23.21087,340,0.56,0.52,2026-10-05,1132,N21,VIIRS,n,2.0NRT,307.38,7.25,D
-16.46195,22.6423,347.59,0.62,0.54,2026-10-05,1132,N21,VIIRS,n,2.0NRT,306.28,30.43,D
-16.46039,22.63911,335.25,0.62,0.54,2026-10-05,1132,N21,VIIRS,n,2.0NRT,306.68,4.43,D
-16.4597,22.64484,367,0.61,0.54,2026-10-05,1132,N21,VIIRS,h,2.0NRT,301.85,16.23,D
-16.43269,22.90128,333.09,0.59,0.53,2026-10-05,1132,N21,VIIRS,l,2.0NRT,306.67,3.31,D
-16.42927,22.89772,331.64,0.59,0.53,2026-10-05,1132,N21,VIIRS,l,2.0NRT,306.49,3.44,D
-16.40917,28.16646,334.68,0.44,0.38,2026-10-05,1132,N21,VIIRS,l,2.0NRT,304.3,5.33,D
-16.39647,23.62118,331.09,0.53,0.5,2026-10-05,1132,N21,VIIRS,l,2.0NRT,302.8,7.24,D
-16.39186,23.62062,332.92,0.53,0.5,2026-10-05,1132,N21,VIIRS,l,2.0NRT,303.85,8.65,D
-16.39145,27.71912,337.42,0.46,0.39,2026-10-05,1132,N21,VIIRS,n,2.0NRT,306.6,8.55,D
-16.3892,23.90919,335.21,0.51,0.49,2026-10-05,1132,N21,VIIRS,l,2.0NRT,305.86,5.57,D
-16.38148,22.36208,332.18,0.32,0.55,2026-10-05,1132,N21,VIIRS,l,2.0NRT,304.73,3.72,D
-16.35513,26.78641,336.18,0.51,0.41,2026-10-05,1132,N21,VIIRS,l,2.0NRT,306.82,3.19,D
-16.3203,28.12948,340.43,0.44,0.38,2026-10-05,1132,N21,VIIRS,n,2.0NRT,305.95,5.99,D
-16.30632,27.73761,335.09,0.45,0.39,2026-10-05,1132,N21,VIIRS,l,2.0NRT,307.7,6.84,D
-16.30189,22.653,335.56,0.61,0.54,2026-10-05,1132,N21,VIIRS,n,2.0NRT,305.21,2.53,D
-16.28274,22.29203,341.06,0.32,0.55,2026-10-05,1132,N21,VIIRS,n,2.0NRT,306.84,3.13,D
-16.28264,22.28996,331,0.32,0.55,2026-10-05,1132,N21,VIIRS,l,2.0NRT,305.93,1.7,D
-16.28231,22.29296,332.73,0.32,0.55,2026-10-05,1132,N21,VIIRS,l,2.0NRT,306.6,2.19,D
-16.2746,26.32199,336.84,0.54,0.42,2026-10-05,1132,N21,VIIRS,l,2.0NRT,307.81,15.94,D
-16.27178,22.21104,339.46,0.33,0.55,2026-10-05,1132,N21,VIIRS,n,2.0NRT,306.89,2.29,D
-16.27074,26.32145,337.64,0.54,0.42,2026-10-05,1132,N21,VIIRS,l,2.0NRT,308.26,15.94,D
-16.2696,26.70719,334.31,0.51,0.41,2026-10-05,1132,N21,VIIRS,l,2.0NRT,308.17,2.86,D
-16.26309,23.10547,342.14,0.57,0.52,2026-10-05,1132,N21,VIIRS,n,2.0NRT,304.55,9.65,D
-16.25316,23.44831,337.1,0.54,0.51,2026-10-05,1132,N21,VIIRS,n,2.0NRT,302.27,7.41,D
-16.24074,26.09487,334.06,0.55,0.43,2026-10-05,1132,N21,VIIRS,n,2.0NRT,303.26,2.18,D
-16.20141,27.99715,331.8,0.44,0.39,2026-10-05,1132,N21,VIIRS,l,2.0NRT,301.76,2.6,D
-16.17828,26.05175,338.49,0.55,0.43,2026-10-05,1132,N21,VIIRS,l,2.0NRT,309.33,9.92,D
-16.17761,26.05691,345.65,0.55,0.43,2026-10-05,1132,N21,VIIRS,n,2.0NRT,309.56,9.92,D
-16.17436,26.05121,349.98,0.55,0.43,2026-10-05,1132,N21,VIIRS,n,2.0NRT,309.39,9.92,D
-16.17369,26.05637,344.69,0.55,0.43,2026-10-05,1132,N21,VIIRS,n,2.0NRT,312.62,9.92,D
-16.17339,22.75103,339,0.6,0.53,2026-10-05,1132,N21,VIIRS,n,2.0NRT,304.41,8.3,D
-16.16909,26.06099,337.45,0.55,0.43,2026-10-05,1132,N21,VIIRS,l,2.0NRT,308.19,4.9,D
-16.16517,26.06045,337.05,0.55,0.43,2026-10-05,1132,N21,VIIRS,l,2.0NRT,307.77,4.9,D
-16.16458,27.08553,347.15,0.49,0.4,2026-10-05,1132,N21,VIIRS,l,2.0NRT,309.15,11.1,D
-16.14606,28.42449,331.99,0.43,0.38,2026-10-05,1132,N21,VIIRS,n,2.0NRT,304.47,2.45,D
-16.10852,23.25995,336.11,0.55,0.51,2026-10-05,1132,N21,VIIRS,n,2.0NRT,303.13,4.81,D
-16.10852,26.89688,342.46,0.5,0.41,2026-10-05,1132,N21,VIIRS,n,2.0NRT,309.27,5.1,D
-16.10586,22.05265,340.04,0.33,0.56,2026-10-05,1132,N21,VIIRS,n,2.0NRT,308.88,2.23,D
-16.10442,23.25422,332.87,0.55,0.51,2026-10-05,1132,N21,VIIRS,l,2.0NRT,304.66,4.69,D
-16.10381,23.25938,341.34,0.55,0.51,2026-10-05,1132,N21,VIIRS,n,2.0NRT,304.27,6.57,D
-16.10144,24.86273,342.98,0.44,0.46,2026-10-05,1132,N21,VIIRS,n,2.0NRT,303.72,6.28,D
-16.09984,24.94446,367,0.43,0.46,2026-10-05,1132,N21,VIIRS,h,2.0NRT,307.9,21.44,D
-16.0997,23.25366,330.76,0.55,0.51,2026-10-05,1132,N21,VIIRS,l,2.0NRT,302.84,4.69,D
-16.09934,24.94842,338.22,0.43,0.46,2026-10-05,1132,N21,VIIRS,n,2.0NRT,303.38,9.43,D
-16.09721,24.86219,334.9,0.44,0.46,2026-10-05,1132,N21,VIIRS,l,2.0NRT,305.59,7.68,D
-16.08888,25.19915,341.67,0.41,0.45,2026-10-05,1132,N21,VIIRS,n,2.0NRT,303.48,2.92,D
-16.08593,22.3217,332.33,0.32,0.55,2026-10-05,1132,N21,VIIRS,l,2.0NRT,303.22,4.95,D
-16.08474,25.19861,336.5,0.41,0.45,2026-10-05,1132,N21,VIIRS,n,2.0NRT,302.02,2.92,D
-16.08425,25.20246,342.11,0.41,0.45,2026-10-05,1132,N21,VIIRS,n,2.0NRT,306.51,7.08,D
-16.08419,22.0321,339.65,0.33,0.56,2026-10-05,1132,N21,VIIRS,n,2.0NRT,306.69,1.19,D
-16.08376,25.2063,345.52,0.41,0.45,2026-10-05,1132,N21,VIIRS,n,2.0NRT,308.59,7.08,D
-16.08012,25.2019,341.81,0.41,0.45,2026-10-05,1132,N21,VIIRS,n,2.0NRT,306.15,5.98,D
-16.07963,25.20574,336.76,0.41,0.45,2026-10-05,1132,N21,VIIRS,l,2.0NRT,308.88,5.98,D
-16.07723,22.30861,334.26,0.32,0.55,2026-10-05,1132,N21,VIIRS,l,2.0NRT,306.75,5.83,D
-16.05926,24.29544,330.79,0.47,0.48,2026-10-05,1132,N21,VIIRS,l,2.0NRT,303.08,3.67,D
-16.0579,24.16149,330.79,0.48,0.48,2026-10-05,1132,N21,VIIRS,l,2.0NRT,301.9,8.87,D
-16.0577,24.15953,335.11,0.48,0.48,2026-10-05,1132,N21,VIIRS,n,2.0NRT,302.19,7.14,D
-16.02564,22.18119,338.42,0.33,0.55,2026-10-05,1132,N21,VIIRS,l,2.0NRT,310.82,2.63,D
-16.02301,22.15932,335.62,0.33,0.55,2026-10-05,1132,N21,VIIRS,n,2.0NRT,305.44,2.58,D
-16.02258,26.70628,352.51,0.51,0.41,2026-10-05,1132,N21,VIIRS,n,2.0NRT,310.41,31.85,D
-16.01583,21.9482,335.67,0.34,0.56,2026-10-05,1132,N21,VIIRS,l,2.0NRT,307.93,2.3,D
-16.0148,28.42105,334.09,0.42,0.38,2026-10-05,1132,N21,VIIRS,n,2.0NRT,302.73,2.45,D
-16.00692,26.67997,331.81,0.51,0.41,2026-10-05,1132,N21,VIIRS,l,2.0NRT,304.96,3.04,D
-16.00224,22.06989,336.33,0.33,0.55,2026-10-05,1132,N21,VIIRS,l,2.0NRT,307.62,1.8,D
-15.99816,24.52583,343.84,0.46,0.47,2026-10-05,1132,N21,VIIRS,n,2.0NRT,302.93,16.62,D
-15.99384,24.52528,354.58,0.46,0.47,2026-10-05,1132,N21,VIIRS,n,2.0NRT,305.15,21.87,D
-15.98741,26.10431,338.52,0.55,0.42,2026-10-05,1132,N21,VIIRS,l,2.0NRT,310.49,6.04,D
-15.98351,26.10378,337.29,0.55,0.42,2026-10-05,1132,N21,VIIRS,l,2.0NRT,309.88,6.04,D
-15.97617,27.45641,334.64,0.46,0.39,2026-10-05,1132,N21,VIIRS,l,2.0NRT,308.88,7.47,D
-15.96766,27.43749,353.74,0.47,0.39,2026-10-05,1132,N21,VIIRS,n,2.0NRT,311.8,16.4,D
-15.95761,26.0587,355.65,0.55,0.43,2026-10-05,1132,N21,VIIRS,n,2.0NRT,310.11,13.86,D
-15.95694,26.06382,337.48,0.55,0.43,2026-10-05,1132,N21,VIIRS,l,2.0NRT,309.68,13.86,D
-15.9344,22.13635,338.42,0.33,0.55,2026-10-05,1132,N21,VIIRS,n,2.0NRT,304.23,1.8,D
-15.92714,22.62403,331.07,0.61,0.53,2026-10-05,1132,N21,VIIRS,l,2.0NRT,302.84,8.57,D
-15.92662,28.69328,333.19,0.41,0.37,2026-10-05,1132,N21,VIIRS,l,2.0NRT,301.91,1.93,D
-15.92444,22.62476,330.11,0.61,0.53,2026-10-05,1132,N21,VIIRS,l,2.0NRT,302.03,5.06,D
-15.91013,23.63346,332.06,0.52,0.5,2026-10-05,1132,N21,VIIRS,n,2.0NRT,298.92,9.25,D
-15.9095,23.63475,330.33,0.52,0.5,2026-10-05,1132,N21,VIIRS,n,2.0NRT,299.38,4.24,D
-15.86886,23.13903,332.55,0.56,0.51,2026-10-05,1132,N21,VIIRS,l,2.0NRT,304.88,8.5,D
-15.85885,24.02713,333.12,0.49,0.49,2026-10-05,1132,N21,VIIRS,l,2.0NRT,305.74,6.26,D
-15.84956,28.397,331.27,0.42,0.38,2026-10-05,1132,N21,VIIRS,l,2.0NRT,304.8,2.71,D
-15.84601,28.37187,342.79,0.42,0.38,2026-10-05,1132,N21,VIIRS,l,2.0NRT,306.5,5.22,D
-15.84309,28.36744,336.7,0.42,0.38,2026-10-05,1132,N21,VIIRS,l,2.0NRT,304.46,4.54,D
-15.83744,28.77807,333.05,0.41,0.37,2026-10-05,1132,N21,VIIRS,n,2.0NRT,300.8,3.94,D
-15.83359,28.17155,350.29,0.43,0.38,2026-10-05,1132,N21,VIIRS,n,2.0NRT,309.6,13.06,D
-15.82169,24.15152,330.45,0.48,0.48,2026-10-05,1132,N21,VIIRS,l,2.0NRT,301.16,5.05,D
-15.80489,22.5839,331.74,0.61,0.53,2026-10-05,1132,N21,VIIRS,l,2.0NRT,305.58,9.71,D
-15.80436,22.62965,330.08,0.6,0.53,2026-10-05,1132,N21,VIIRS,l,2.0NRT,302.52,5.53,D
-15.7998,27.02962,351.01,0.48,0.4,2026-10-05,1132,N21,VIIRS,n,2.0NRT,313.69,56.14,D
-15.79832,27.03276,346.15,0.49,0.4,2026-10-05,1132,N21,VIIRS,l,2.0NRT,304.38,24.77,D
-15.79548,27.0336,346.89,0.48,0.4,2026-10-05,1132,N21,VIIRS,n,2.0NRT,304.89,14.84,D
-15.79463,27.03223,346.47,0.49,0.4,2026-10-05,1132,N21,VIIRS,l,2.0NRT,308.58,13.3,D
-15.79179,27.03308,348.22,0.48,0.4,2026-10-05,1132,N21,VIIRS,n,2.0NRT,310.51,10.05,D
-15.79117,27.03758,333.94,0.48,0.4,2026-10-05,1132,N21,VIIRS,l,2.0NRT,301.81,10.05,D
-15.79034,27.03621,354.35,0.48,0.4,2026-10-05,1132,N21,VIIRS,n,2.0NRT,306.62,13.3,D
-15.78873,27.02805,338.07,0.48,0.4,2026-10-05,1132,N21,VIIRS,l,2.0NRT,308.93,10.5,D
-15.78748,27.03705,349.71,0.48,0.4,2026-10-05,1132,N21,VIIRS,n,2.0NRT,307.46,10.05,D
-15.78316,27.04103,340.4,0.48,0.4,2026-10-05,1132,N21,VIIRS,l,2.0NRT,303.49,6.04,D
-15.77947,27.0405,336.1,0.48,0.4,2026-10-05,1132,N21,VIIRS,l,2.0NRT,305.89,6.04,D
-15.77646,23.77809,355.72,0.51,0.49,2026-10-05,1132,N21,VIIRS,n,2.0NRT,303.95,12.26,D
-15.77579,27.03998,346.39,0.48,0.4,2026-10-05,1132,N21,VIIRS,n,2.0NRT,306.66,12.04,D
-15.77528,23.77583,339.96,0.51,0.49,2026-10-05,1132,N21,VIIRS,n,2.0NRT,304.86,17.58,D
-15.77272,27.03495,331.57,0.48,0.4,2026-10-05,1132,N21,VIIRS,l,2.0NRT,301.61,6.96,D
-15.7721,27.03945,346.48,0.48,0.4,2026-10-05,1132,N21,VIIRS,n,2.0NRT,302.55,12.04,D
-15.77086,27.04845,345.33,0.48,0.4,2026-10-05,1132,N21,VIIRS,l,2.0NRT,305.95,16.83,D
-15.75223,24.42166,332.03,0.46,0.47,2026-10-05,1132,N21,VIIRS,l,2.0NRT,302.7,7.41,D
-15.74904,28.56553,334.72,0.42,0.37,2026-10-05,1132,N21,VIIRS,n,2.0NRT,304.31,2.23,D
-15.73321,22.64398,330.57,0.6,0.53,2026-10-05,1132,N21,VIIRS,l,2.0NRT,303.91,7.7,D
-15.73269,25.35987,347.63,0.4,0.44,2026-10-05,1132,N21,VIIRS,n,2.0NRT,308.09,7.53,D
-15.73145,28.73682,340.34,0.41,0.37,2026-10-05,1132,N21,VIIRS,n,2.0NRT,303.06,4.4,D
-15.72862,25.35933,344.56,0.4,0.44,2026-10-05,1132,N21,VIIRS,n,2.0NRT,307.77,5.87,D
-15.71068,28.48873,336.4,0.42,0.38,2026-10-05,1132,N21,VIIRS,n,2.0NRT,299.78,3.79,D
-15.7026,22.15988,344.39,0.32,0.55,2026-10-05,1132,N21,VIIRS,n,2.0NRT,306.21,3.09,D
-15.70033,26.93901,349.66,0.49,0.4,2026-10-05,1132,N21,VIIRS,n,2.0NRT,309.59,14.26,D
-15.69931,26.93685,333.99,0.49,0.4,2026-10-05,1132,N21,VIIRS,l,2.0NRT,307.03,4.89,D
-15.69871,26.9414,339.04,0.49,0.4,2026-10-05,1132,N21,VIIRS,l,2.0NRT,309.93,4.89,D
-15.68853,28.6948,330.53,0.41,0.37,2026-10-05,1132,N21,VIIRS,l,2.0NRT,305.26,4.19,D
-15.66882,26.94842,336.81,0.49,0.4,2026-10-05,1132,N21,VIIRS,l,2.0NRT,301.42,7.4,D
-15.66508,22.97848,336.82,0.57,0.52,2026-10-05,1132,N21,VIIRS,n,2.0NRT,304.69,10,D
-15.66494,22.97563,339.27,0.57,0.52,2026-10-05,1132,N21,VIIRS,n,2.0NRT,303.69,9.43,D
-15.66365,23.07385,331.92,0.56,0.52,2026-10-05,1132,N21,VIIRS,n,2.0NRT,300.69,5.08,D
-15.66216,23.07607,352.85,0.56,0.52,2026-10-05,1132,N21,VIIRS,n,2.0NRT,302.61,13.97,D
-15.65941,22.26989,348.76,0.32,0.54,2026-10-05,1132,N21,VIIRS,n,2.0NRT,307.4,4.74,D
-15.65907,22.27285,340.01,0.32,0.54,2026-10-05,1132,N21,VIIRS,n,2.0NRT,307.39,4.74,D
-15.65891,23.07328,340.51,0.56,0.52,2026-10-05,1132,N21,VIIRS,n,2.0NRT,302.1,11.78,D
-15.6583,23.0785,338.23,0.56,0.52,2026-10-05,1132,N21,VIIRS,n,2.0NRT,305.11,13.59,D
-15.65742,23.07551,343.75,0.56,0.52,2026-10-05,1132,N21,VIIRS,n,2.0NRT,303.58,10.14,D
-15.65473,22.26635,342.33,0.32,0.54,2026-10-05,1132,N21,VIIRS,n,2.0NRT,308.3,4.1,D
-15.6544,22.26931,337.31,0.32,0.54,2026-10-05,1132,N21,VIIRS,l,2.0NRT,308.11,7.55,D
-15.64879,28.50756,337.7,0.42,0.38,2026-10-05,1132,N21,VIIRS,n,2.0NRT,302.15,3.75,D
-15.64824,28.51143,337.59,0.42,0.38,2026-10-05,1132,N21,VIIRS,n,2.0NRT,301.7,3.75,D
-15.63893,27.76,335.17,0.45,0.39,2026-10-05,1132,N21,VIIRS,l,2.0NRT,306.56,5.1,D
-15.63835,27.76416,335.14,0.45,0.39,2026-10-05,1132,N21,VIIRS,l,2.0NRT,303.15,5.1,D
-15.63712,24.68916,345.29,0.44,0.46,2026-10-05,1132,N21,VIIRS,n,2.0NRT,301.54,8.46,D
-15.62587,27.74961,345.11,0.45,0.39,2026-10-05,1132,N21,VIIRS,l,2.0NRT,302.74,30.52,D
-15.61555,24.22219,337.44,0.47,0.48,2026-10-05,1132,N21,VIIRS,n,2.0NRT,302.44,3.13,D
-15.60161,28.56748,352.04,0.42,0.37,2026-10-05,1132,N21,VIIRS,n,2.0NRT,305.19,21.19,D
-15.59542,23.0309,343.56,0.56,0.52,2026-10-05,1132,N21,VIIRS,n,2.0NRT,303.33,8.12,D
-15.55061,24.82971,345.77,0.43,0.46,2026-10-05,1132,N21,VIIRS,n,2.0NRT,303.72,11.3,D
-15.53827,24.85211,330.68,0.43,0.46,2026-10-05,1132,N21,VIIRS,l,2.0NRT,303.64,4.65,D
-15.53407,24.85159,337.29,0.43,0.46,2026-10-05,1132,N21,VIIRS,l,2.0NRT,307.55,4.65,D
-15.5242,27.72744,333.06,0.45,0.39,2026-10-05,1132,N21,VIIRS,l,2.0NRT,300.44,1.88,D
-15.5174,25.70141,339.73,0.57,0.43,2026-10-05,1132,N21,VIIRS,n,2.0NRT,306.35,12.91,D
-15.51248,25.73834,330.1,0.57,0.43,2026-10-05,1132,N21,VIIRS,l,2.0NRT,304.3,3.2,D
-15.50893,24.28441,335.39,0.47,0.47,2026-10-05,1132,N21,VIIRS,n,2.0NRT,303.72,2.31,D
-15.50734,25.71622,338.06,0.57,0.43,2026-10-05,1132,N21,VIIRS,n,2.0NRT,305.89,7.59,D
-15.50579,27.39811,336.15,0.46,0.39,2026-10-05,1132,N21,VIIRS,l,2.0NRT,306.6,6.66,D
-15.49891,25.6882,334.8,0.57,0.43,2026-10-05,1132,N21,VIIRS,n,2.0NRT,304.32,3.82,D
-15.49423,25.69299,339.41,0.57,0.43,2026-10-05,1132,N21,VIIRS,n,2.0NRT,306.1,9.42,D
-15.49017,22.97362,334.68,0.57,0.52,2026-10-05,1132,N21,VIIRS,n,2.0NRT,297.43,5.63,D
-15.44958,25.75663,340.2,0.56,0.43,2026-10-05,1132,N21,VIIRS,n,2.0NRT,307.56,9.51,D
-15.44293,24.79513,334.03,0.43,0.46,2026-10-05,1132,N21,VIIRS,l,2.0NRT,307.55,9.38,D
-15.44236,24.79516,337.89,0.43,0.46,2026-10-05,1132,N21,VIIRS,l,2.0NRT,308,5.31,D
-15.43205,25.77259,330.05,0.56,0.43,2026-10-05,1132,N21,VIIRS,l,2.0NRT,302.33,6.44,D
-15.43171,25.77026,335.72,0.56,0.43,2026-10-05,1132,N21,VIIRS,n,2.0NRT,298.51,6.73,D
-15.4288,25.76687,349.59,0.56,0.43,2026-10-05,1132,N21,VIIRS,n,2.0NRT,303.9,17.47,D
-15.42843,25.76452,347.89,0.56,0.43,2026-10-05,1132,N21,VIIRS,n,2.0NRT,303.78,11.14,D
-15.42776,25.76974,333.89,0.56,0.43,2026-10-05,1132,N21,VIIRS,n,2.0NRT,301.35,6.65,D
-15.42427,28.46253,331.21,0.42,0.38,2026-10-05,1132,N21,VIIRS,n,2.0NRT,288.97,4.48,D
-15.42371,28.46644,337.59,0.42,0.38,2026-10-05,1132,N21,VIIRS,l,2.0NRT,287.54,10.54,D
-15.39933,26.74265,340.69,0.5,0.41,2026-10-05,1132,N21,VIIRS,n,2.0NRT,308.26,15.75,D
-15.39737,26.7401,337.22,0.5,0.41,2026-10-05,1132,N21,VIIRS,l,2.0NRT,306.48,30.22,D
-15.3956,26.74213,342.64,0.5,0.41,2026-10-05,1132,N21,VIIRS,n,2.0NRT,307.25,15.75,D
-15.39475,24.86563,330.69,0.43,0.46,2026-10-05,1132,N21,VIIRS,l,2.0NRT,302.21,4.17,D
-15.38558,22.08385,367,0.32,0.55,2026-10-05,1132,N21,VIIRS,h,2.0NRT,310.15,12.11,D
-15.38523,22.08686,349.67,0.32,0.55,2026-10-05,1132,N21,VIIRS,n,2.0NRT,310.12,5.36,D
-15.38489,22.08986,339.67,0.32,0.55,2026-10-05,1132,N21,VIIRS,n,2.0NRT,309.59,5.36,D
-15.38135,24.56423,341.91,0.44,0.46,2026-10-05,1132,N21,VIIRS,n,2.0NRT,306.8,5.66,D
-15.38019,22.08626,344.6,0.32,0.55,2026-10-05,1132,N21,VIIRS,n,2.0NRT,309.36,5.36,D
-15.32451,26.35987,332.46,0.52,0.41,2026-10-05,1132,N21,VIIRS,l,2.0NRT,303.74,4.41,D
-15.31052,25.22616,340.36,0.4,0.44,2026-10-05,1132,N21,VIIRS,n,2.0NRT,305.97,6.65,D
-15.30691,25.22187,336.07,0.4,0.44,2026-10-05,1132,N21,VIIRS,l,2.0NRT,307.78,3.64,D
-15.30643,25.22562,343.91,0.4,0.44,2026-10-05,1132,N21,VIIRS,n,2.0NRT,307.59,3.64,D
-15.30402,25.95362,337.41,0.55,0.43,2026-10-05,1132,N21,VIIRS,n,2.0NRT,307.01,17.87,D
-15.30234,25.22508,337.08,0.4,0.44,2026-10-05,1132,N21,VIIRS,n,2.0NRT,306.65,3.64,D
-15.30077,25.94804,336.34,0.55,0.43,2026-10-05,1132,N21,VIIRS,l,2.0NRT,307.5,85.54,D
-15.30012,25.9531,338.32,0.55,0.43,2026-10-05,1132,N21,VIIRS,n,2.0NRT,306.85,17.87,D
-15.29992,25.95031,343.43,0.55,0.42,2026-10-05,1132,N21,VIIRS,n,2.0NRT,306.7,8.72,D
-15.29773,22.91222,331.82,0.57,0.52,2026-10-05,1132,N21,VIIRS,n,2.0NRT,298.5,5.42,D
-15.29651,24.22853,335.23,0.47,0.47,2026-10-05,1132,N21,VIIRS,n,2.0NRT,301.14,5.27,D
-15.29496,26.78412,335.63,0.49,0.41,2026-10-05,1132,N21,VIIRS,l,2.0NRT,306.83,5.93,D
-15.27136,24.6176,331.3,0.44,0.46,2026-10-05,1132,N21,VIIRS,l,2.0NRT,304.93,1.81,D
-15.25457,26.47691,333.45,0.51,0.41,2026-10-05,1132,N21,VIIRS,l,2.0NRT,306.61,5.6,D
-15.24227,26.98492,343.85,0.48,0.4,2026-10-05,1132,N21,VIIRS,l,2.0NRT,307.49,11.76,D
-15.23949,26.56094,331.74,0.51,0.41,2026-10-05,1132,N21,VIIRS,l,2.0NRT,305.47,2.97,D
-15.23946,26.50359,333.69,0.51,0.41,2026-10-05,1132,N21,VIIRS,l,2.0NRT,306.63,5.18,D
-15.23942,25.35632,342.14,0.4,0.44,2026-10-05,1132,N21,VIIRS,n,2.0NRT,306.64,6.72,D
-15.23878,25.33005,332.97,0.4,0.44,2026-10-05,1132,N21,VIIRS,l,2.0NRT,303.78,17.59,D
-15.23829,25.33373,342.63,0.4,0.44,2026-10-05,1132,N21,VIIRS,n,2.0NRT,308.25,8.26,D
-15.23781,25.33741,340.45,0.4,0.44,2026-10-05,1132,N21,VIIRS,n,2.0NRT,300.62,8.26,D
-15.23538,25.35577,348.95,0.4,0.44,2026-10-05,1132,N21,VIIRS,n,2.0NRT,299.74,6.72,D
-15.23376,25.33685,333.52,0.4,0.44,2026-10-05,1132,N21,VIIRS,n,2.0NRT,302.83,7.27,D
-15.2326,26.55513,336.51,0.51,0.41,2026-10-05,1132,N21,VIIRS,l,2.0NRT,308.15,7.06,D
-15.23197,26.55983,336.84,0.51,0.41,2026-10-05,1132,N21,VIIRS,l,2.0NRT,307.08,6.67,D
-15.21143,24.44661,336.86,0.45,0.47,2026-10-05,1132,N21,VIIRS,n,2.0NRT,310.89,16.29,D
-15.2109,24.45078,343.89,0.45,0.47,2026-10-05,1132,N21,VIIRS,n,2.0NRT,310.67,16.29,D
-15.20744,26.5103,337.23,0.51,0.41,2026-10-05,1132,N21,VIIRS,n,2.0NRT,307.14,6.77,D
-15.20123,23.77692,334.02,0.5,0.49,2026-10-05,1132,N21,VIIRS,l,2.0NRT,305.58,8.42,D
-15.19945,22.92031,330.74,0.57,0.52,2026-10-05,1132,N21,VIIRS,n,2.0NRT,299.72,8.12,D
-15.18867,23.00907,367,0.56,0.51,2026-10-05,1132,N21,VIIRS,h,2.0NRT,304.88,12.57,D
-15.18804,23.01425,342.85,0.56,0.51,2026-10-05,1132,N21,VIIRS,n,2.0NRT,301.71,16.62,D
-15.18476,23.422,335.27,0.52,0.5,2026-10-05,1132,N21,VIIRS,l,2.0NRT,305.32,9.33,D
-15.18425,23.42381,340.72,0.53,0.5,2026-10-05,1132,N21,VIIRS,n,2.0NRT,306.86,9.01,D
-15.18393,23.0085,338.48,0.56,0.51,2026-10-05,1132,N21,VIIRS,n,2.0NRT,301.97,12.57,D
-15.16373,26.92824,339.41,0.48,0.4,2026-10-05,1132,N21,VIIRS,n,2.0NRT,306.14,6.16,D
-15.15105,24.41772,341.57,0.45,0.47,2026-10-05,1132,N21,VIIRS,n,2.0NRT,311.05,11.54,D
-15.14531,24.76516,344.77,0.43,0.46,2026-10-05,1132,N21,VIIRS,n,2.0NRT,309.12,15.16,D
-15.12691,23.94556,335.69,0.48,0.48,2026-10-05,1132,N21,VIIRS,l,2.0NRT,308.14,4.23,D
-15.12632,23.94328,334.66,0.48,0.48,2026-10-05,1132,N21,VIIRS,l,2.0NRT,308.7,4.52,D
-15.11199,24.51814,340.88,0.44,0.46,2026-10-05,1132,N21,VIIRS,n,2.0NRT,311.16,7.55,D
-15.09782,26.69856,334.41,0.5,0.41,2026-10-05,1132,N21,VIIRS,l,2.0NRT,305.9,5.09,D
-15.09018,24.51906,332.39,0.44,0.46,2026-10-05,1132,N21,VIIRS,l,2.0NRT,306.15,3.78,D
-15.05322,33.36751,331.47,0.44,0.39,2026-10-05,1132,N21,VIIRS,n,2.0NRT,295.57,1.6,D
-15.04809,22.56295,331.98,0.6,0.53,2026-10-05,1132,N21,VIIRS,n,2.0NRT,293.93,5.93,D
-15.03659,24.19766,342.54,0.46,0.47,2026-10-05,1132,N21,VIIRS,n,2.0NRT,308.34,6.05,D
-15.02434,23.93722,333.49,0.48,0.48,2026-10-05,1132,N21,VIIRS,l,2.0NRT,303.77,4.18,D
-15.02245,26.59591,336.45,0.5,0.41,2026-10-05,1132,N21,VIIRS,n,2.0NRT,305.55,4.97,D
-15.01753,24.85633,339.61,0.42,0.45,2026-10-05,1132,N21,VIIRS,l,2.0NRT,310.89,7.93,D
-15.01363,24.75179,334.91,0.43,0.46,2026-10-05,1132,N21,VIIRS,n,2.0NRT,304.77,5.48,D
-15.01254,23.92727,334.86,0.48,0.48,2026-10-05,1132,N21,VIIRS,l,2.0NRT,308.3,6.5,D
-15.01157,23.93111,335.18,0.48,0.48,2026-10-05,1132,N21,VIIRS,l,2.0NRT,308.01,5.75,D
-15.00256,26.71524,331.88,0.49,0.41,2026-10-05,1132,N21,VIIRS,l,2.0NRT,304.95,2.81,D
-15.00211,23.90314,333.55,0.49,0.48,2026-10-05,1132,N21,VIIRS,n,2.0NRT,306.43,3.75,D
-15.00031,24.06041,339.93,0.47,0.48,2026-10-05,1132,N21,VIIRS,n,2.0NRT,302.28,5.98,D
-14.99777,26.17796,347.16,0.53,0.42,2026-10-05,1132,N21,VIIRS,n,2.0NRT,308.13,18.13,D
-14.99711,26.18287,338.91,0.53,0.42,2026-10-05,1132,N21,VIIRS,n,2.0NRT,307.04,5.49,D
-14.99562,26.3937,335.59,0.51,0.41,2026-10-05,1132,N21,VIIRS,l,2.0NRT,306.07,5.66,D
-14.99393,26.17743,346.29,0.53,0.42,2026-10-05,1132,N21,VIIRS,n,2.0NRT,307.67,18.13,D
-14.99327,26.18234,331.43,0.53,0.42,2026-10-05,1132,N21,VIIRS,l,2.0NRT,303.95,5.49,D
-14.98381,24.54456,337.71,0.44,0.46,2026-10-05,1132,N21,VIIRS,l,2.0NRT,309.48,5.18,D
-14.98329,24.54864,345.51,0.44,0.46,2026-10-05,1132,N21,VIIRS,n,2.0NRT,309.71,5.18,D
-14.93759,24.2677,332.9,0.46,0.47,2026-10-05,1132,N21,VIIRS,l,2.0NRT,306.63,6.09,D
-14.9344,24.11891,345.45,0.47,0.48,2026-10-05,1132,N21,VIIRS,n,2.0NRT,309.81,10.2,D
-14.90844,24.28941,336.91,0.46,0.47,2026-10-05,1132,N21,VIIRS,n,2.0NRT,307.46,3.87,D
-14.90688,23.7724,340.59,0.49,0.49,2026-10-05,1132,N21,VIIRS,n,2.0NRT,303.64,5.97,D
-14.90631,23.77693,346.99,0.49,0.49,2026-10-05,1132,N21,VIIRS,n,2.0NRT,304.79,5.97,D
-14.89821,26.909,335.27,0.48,0.4,2026-10-05,1132,N21,VIIRS,n,2.0NRT,304.92,2.86,D
-14.88034,24.71096,336.04,0.43,0.46,2026-10-05,1132,N21,VIIRS,l,2.0NRT,307.26,6.47,D
-14.87362,22.83542,335.52,0.57,0.52,2026-10-05,1132,N21,VIIRS,n,2.0NRT,298.01,7.02,D
-14.8654,23.51625,349.79,0.51,0.5,2026-10-05,1132,N21,VIIRS,n,2.0NRT,305.59,26.38,D
-14.86218,26.98088,337.03,0.48,0.4,2026-10-05,1132,N21,VIIRS,l,2.0NRT,307.79,5.82,D
-14.84484,26.78376,334.81,0.49,0.4,2026-10-05,1132,N21,VIIRS,n,2.0NRT,302.98,2.78,D
-14.84421,26.78828,330.31,0.49,0.4,2026-10-05,1132,N21,VIIRS,l,2.0NRT,302.59,2.78,D
-14.82858,24.24523,330.8,0.46,0.47,2026-10-05,1132,N21,VIIRS,l,2.0NRT,305.72,2.64,D
-14.82694,24.15422,334.75,0.46,0.47,2026-10-05,1132,N21,VIIRS,l,2.0NRT,306.49,7.76,D
-14.8264,24.15852,344.5,0.46,0.47,2026-10-05,1132,N21,VIIRS,n,2.0NRT,308.38,8.92,D
-14.81935,23.65114,341.44,0.5,0.49,2026-10-05,1132,N21,VIIRS,n,2.0NRT,305.09,5.06,D
-14.8143,23.32192,331.43,0.53,0.5,2026-10-05,1132,N21,VIIRS,n,2.0NRT,300.14,5.12,D
-14.784,23.00583,346.04,0.55,0.51,2026-10-05,1132,N21,VIIRS,n,2.0NRT,301.14,12.8,D
-14.78191,23.28485,334.22,0.53,0.5,2026-10-05,1132,N21,VIIRS,l,2.0NRT,305.39,11.45,D
-14.78155,23.28312,335.82,0.53,0.5,2026-10-05,1132,N21,VIIRS,n,2.0NRT,304.83,12.15,D
-14.77702,24.19993,334.87,0.46,0.47,2026-10-05,1132,N21,VIIRS,l,2.0NRT,307.35,4.51,D
-14.77605,23.29405,338.19,0.53,0.5,2026-10-05,1132,N21,VIIRS,n,2.0NRT,299.58,12.2,D
-14.77588,26.81979,334.41,0.48,0.4,2026-10-05,1132,N21,VIIRS,l,2.0NRT,305.36,4.81,D
-14.77576,23.29234,337.35,0.53,0.5,2026-10-05,1132,N21,VIIRS,n,2.0NRT,300.15,5.9,D
-14.77556,24.45524,343.84,0.44,0.46,2026-10-05,1132,N21,VIIRS,n,2.0NRT,307.34,5.7,D
-14.77268,24.19941,341.3,0.46,0.47,2026-10-05,1132,N21,VIIRS,n,2.0NRT,309.46,8.13,D
-14.77215,24.20365,340.54,0.46,0.47,2026-10-05,1132,N21,VIIRS,l,2.0NRT,312.06,11.02,D
-14.76596,26.754,332.68,0.49,0.4,2026-10-05,1132,N21,VIIRS,l,2.0NRT,300.91,3.7,D
-14.76536,26.75852,337.26,0.49,0.4,2026-10-05,1132,N21,VIIRS,l,2.0NRT,305.66,3.7,D
-14.74914,23.88295,333.38,0.48,0.48,2026-10-05,1132,N21,VIIRS,n,2.0NRT,302.93,3.68,D
-14.7333,24.2173,337.52,0.46,0.47,2026-10-05,1132,N21,VIIRS,l,2.0NRT,309.16,8.31,D
-14.72162,24.54038,334.96,0.44,0.46,2026-10-05,1132,N21,VIIRS,l,2.0NRT,307.98,4.5,D
-14.72122,24.54348,346.51,0.44,0.46,2026-10-05,1132,N21,VIIRS,n,2.0NRT,306.77,11.56,D
-14.72108,24.54442,334.25,0.44,0.46,2026-10-05,1132,N21,VIIRS,l,2.0NRT,306.22,3.26,D
-14.71698,24.54292,355.3,0.44,0.46,2026-10-05,1132,N21,VIIRS,n,2.0NRT,313.76,11.56,D
-14.71684,24.54387,348.3,0.44,0.46,2026-10-05,1132,N21,VIIRS,n,2.0NRT,314.06,19.61,D
-14.70023,25.35492,367,0.39,0.44,2026-10-05,1132,N21,VIIRS,h,2.0NRT,312.87,15.37,D
-14.68596,24.10262,340.82,0.47,0.47,2026-10-05,1132,N21,VIIRS,n,2.0NRT,303.8,47.74,D
-14.67883,24.08852,349.97,0.47,0.48,2026-10-05,1132,N21,VIIRS,n,2.0NRT,308.29,15.92,D
-14.67776,24.08895,343.89,0.47,0.48,2026-10-05,1132,N21,VIIRS,n,2.0NRT,308.96,11.53,D
-14.65337,24.39838,340.79,0.45,0.47,2026-10-05,1132,N21,VIIRS,n,2.0NRT,306.03,6.12,D
-14.64861,24.86781,334.52,0.42,0.45,2026-10-05,1132,N21,VIIRS,l,2.0NRT,305.92,6.72,D
-14.63693,24.79551,335.21,0.42,0.45,2026-10-05,1132,N21,VIIRS,l,2.0NRT,307.84,8.66,D
-14.62859,25.14482,340.96,0.4,0.44,2026-10-05,1132,N21,VIIRS,n,2.0NRT,304.21,7.5,D
-14.61849,24.47309,345.07,0.44,0.46,2026-10-05,1132,N21,VIIRS,n,2.0NRT,310.71,7.06,D
-14.61805,24.47287,346.7,0.44,0.46,2026-10-05,1132,N21,VIIRS,n,2.0NRT,310.9,9.2,D
-14.60437,26.87502,334.37,0.48,0.4,2026-10-05,1132,N21,VIIRS,l,2.0NRT,305.05,4.72,D
-14.60193,26.86564,330.38,0.48,0.4,2026-10-05,1132,N21,VIIRS,l,2.0NRT,304.54,4.57,D
-14.58144,23.89903,334.44,0.48,0.48,2026-10-05,1132,N21,VIIRS,l,2.0NRT,304.66,7.36,D
-14.58138,23.89847,335.18,0.48,0.48,2026-10-05,1132,N21,VIIRS,n,2.0NRT,304.84,6.73,D
-14.58093,24.6925,337.58,0.43,0.46,2026-10-05,1132,N21,VIIRS,n,2.0NRT,308.02,6.29,D
-14.58033,24.01044,340.66,0.47,0.48,2026-10-05,1132,N21,VIIRS,n,2.0NRT,303.74,11.27,D
-14.57759,23.89402,332.1,0.48,0.48,2026-10-05,1132,N21,VIIRS,n,2.0NRT,298.79,9.21,D
-14.57702,23.89847,346.24,0.48,0.48,2026-10-05,1132,N21,VIIRS,n,2.0NRT,305.09,9.38,D
-14.57616,24.01397,340.59,0.47,0.48,2026-10-05,1132,N21,VIIRS,n,2.0NRT,305.1,22.41,D
-14.57594,24.00991,332.39,0.47,0.48,2026-10-05,1132,N21,VIIRS,l,2.0NRT,304.94,11.27,D
-14.57537,24.01428,339.97,0.47,0.48,2026-10-05,1132,N21,VIIRS,n,2.0NRT,302.69,18.61,D
-14.57261,23.89789,349.68,0.48,0.48,2026-10-05,1132,N21,VIIRS,n,2.0NRT,301.3,9.38,D
-14.57203,23.90233,335.83,0.48,0.48,2026-10-05,1132,N21,VIIRS,n,2.0NRT,304.16,9.38,D
-14.56651,24.09217,342.94,0.47,0.47,2026-10-05,1132,N21,VIIRS,n,2.0NRT,308.79,7.48,D
-14.56516,24.09229,343.14,0.47,0.47,2026-10-05,1132,N21,VIIRS,n,2.0NRT,309.26,6.75,D
-14.55359,23.582,342.62,0.5,0.49,2026-10-05,1132,N21,VIIRS,n,2.0NRT,307.39,10.56,D
-14.55301,23.58663,349.51,0.5,0.49,2026-10-05,1132,N21,VIIRS,n,2.0NRT,308.58,10.56,D
-14.52312,25.53906,343.54,0.57,0.43,2026-10-05,1132,N21,VIIRS,n,2.0NRT,307.82,8.46,D
-14.51617,25.4065,344.51,0.38,0.44,2026-10-05,1132,N21,VIIRS,n,2.0NRT,310.22,9.52,D
-14.47414,24.04101,338.46,0.47,0.48,2026-10-05,1132,N21,VIIRS,l,2.0NRT,309.75,13.78,D
-14.47361,24.04531,341.24,0.47,0.48,2026-10-05,1132,N21,VIIRS,n,2.0NRT,305.83,8.97,D
-14.47329,24.83668,343.53,0.42,0.45,2026-10-05,1132,N21,VIIRS,n,2.0NRT,302.07,7.42,D
-14.46523,24.18324,334.46,0.46,0.47,2026-10-05,1132,N21,VIIRS,l,2.0NRT,306.5,5.38,D
-14.46089,24.18274,343.87,0.46,0.47,2026-10-05,1132,N21,VIIRS,n,2.0NRT,309.64,11.25,D
-14.44719,24.29207,340.43,0.45,0.47,2026-10-05,1132,N21,VIIRS,n,2.0NRT,307.94,6.44,D
-14.44289,24.29153,341.76,0.45,0.47,2026-10-05,1132,N21,VIIRS,n,2.0NRT,308.24,6.44,D
-14.43291,24.14608,333.17,0.46,0.47,2026-10-05,1132,N21,VIIRS,l,2.0NRT,304.24,3.46,D
-14.42945,25.1479,335.54,0.4,0.44,2026-10-05,1132,N21,VIIRS,l,2.0NRT,309.24,4.74,D
-14.40995,27.53823,339.64,0.44,0.39,2026-10-05,1132,N21,VIIRS,n,2.0NRT,303.26,5.48,D
-14.4064,27.53771,330.77,0.44,0.39,2026-10-05,1132,N21,VIIRS,l,2.0NRT,303.18,5.11,D
-14.40206,23.68207,342.96,0.49,0.49,2026-10-05,1132,N21,VIIRS,n,2.0NRT,304.72,23.57,D
-14.40146,23.07319,337.47,0.54,0.51,2026-10-05,1132,N21,VIIRS,n,2.0NRT,302.63,5.62,D
-14.40085,23.07821,334.28,0.54,0.51,2026-10-05,1132,N21,VIIRS,n,2.0NRT,302.95,9.36,D
-14.39889,23.6824,347.42,0.49,0.49,2026-10-05,1132,N21,VIIRS,n,2.0NRT,302.93,27.75,D
-14.39759,23.68151,341.59,0.49,0.49,2026-10-05,1132,N21,VIIRS,n,2.0NRT,300.56,4.6,D
-14.39629,23.73727,336.78,0.49,0.48,2026-10-05,1132,N21,VIIRS,n,2.0NRT,299.67,32.61,D
-14.3957,23.74178,346.79,0.49,0.48,2026-10-05,1132,N21,VIIRS,n,2.0NRT,316.5,89.07,D
-14.39184,23.73673,342.2,0.49,0.48,2026-10-05,1132,N21,VIIRS,n,2.0NRT,296.72,17.3,D
-14.39171,23.66763,332.53,0.49,0.49,2026-10-05,1132,N21,VIIRS,l,2.0NRT,304.88,7.92,D
-14.39125,23.74124,353.92,0.49,0.48,2026-10-05,1132,N21,VIIRS,n,2.0NRT,310.77,30.35,D
-14.39083,23.53195,352.88,0.5,0.49,2026-10-05,1132,N21,VIIRS,n,2.0NRT,302.41,17.61,D
-14.39039,23.74046,367,0.49,0.48,2026-10-05,1132,N21,VIIRS,h,2.0NRT,309.96,22.19,D
-14.37417,25.12444,336.52,0.4,0.44,2026-10-05,1132,N21,VIIRS,l,2.0NRT,307.78,6.09,D
-14.37212,25.04513,331.37,0.4,0.44,2026-10-05,1132,N21,VIIRS,l,2.0NRT,304.45,5.74,D
-14.36996,25.02978,336.06,0.4,0.44,2026-10-05,1132,N21,VIIRS,l,2.0NRT,308.59,4.85,D
-14.36852,25.04088,344.32,0.4,0.44,2026-10-05,1132,N21,VIIRS,n,2.0NRT,310.48,7.22,D
-14.36801,23.71079,340.23,0.49,0.49,2026-10-05,1132,N21,VIIRS,n,2.0NRT,304.31,8.61,D
-14.36444,25.04033,341.85,0.4,0.44,2026-10-05,1132,N21,VIIRS,n,2.0NRT,309.04,7.22,D
-14.35938,23.63573,331.68,0.5,0.49,2026-10-05,1132,N21,VIIRS,l,2.0NRT,304.45,5.77,D
-14.35076,23.52222,330.82,0.5,0.49,2026-10-05,1132,N21,VIIRS,l,2.0NRT,301.03,2.61,D
-14.34947,23.74969,332.65,0.49,0.48,2026-10-05,1132,N21,VIIRS,n,2.0NRT,301.28,4.76,D
-14.34068,23.71193,343.01,0.49,0.49,2026-10-05,1132,N21,VIIRS,n,2.0NRT,306.51,15.7,D
-14.33954,23.72097,345.34,0.49,0.48,2026-10-05,1132,N21,VIIRS,n,2.0NRT,304.06,13.09,D
-14.33734,23.91485,338.52,0.47,0.48,2026-10-05,1132,N21,VIIRS,n,2.0NRT,300.08,7.23,D
-14.33678,23.91926,338.83,0.47,0.48,2026-10-05,1132,N21,VIIRS,n,2.0NRT,299.41,7.23,D
-14.33388,24.99121,337.57,0.4,0.45,2026-10-05,1132,N21,VIIRS,n,2.0NRT,306.92,4.05,D
-14.332,23.85161,340.61,0.48,0.48,2026-10-05,1132,N21,VIIRS,n,2.0NRT,301.72,6.71,D
-14.33139,22.96453,336.89,0.55,0.51,2026-10-05,1132,N21,VIIRS,n,2.0NRT,302.25,9.22,D
-14.32674,23.71476,347.13,0.49,0.49,2026-10-05,1132,N21,VIIRS,n,2.0NRT,303.02,13.63,D
-14.3267,22.96395,352.03,0.55,0.51,2026-10-05,1132,N21,VIIRS,n,2.0NRT,303.42,18.77,D
-14.32228,23.7142,337.97,0.49,0.49,2026-10-05,1132,N21,VIIRS,n,2.0NRT,302.4,28.34,D
-14.31505,23.69948,340.2,0.49,0.49,2026-10-05,1132,N21,VIIRS,n,2.0NRT,300.95,8.47,D
-14.31449,23.70402,330.14,0.49,0.49,2026-10-05,1132,N21,VIIRS,l,2.0NRT,301.15,8.03,D
-14.31208,23.5233,335.83,0.5,0.49,2026-10-05,1132,N21,VIIRS,n,2.0NRT,303.26,5.37,D
-14.29442,25.42162,330.93,0.57,0.43,2026-10-05,1132,N21,VIIRS,l,2.0NRT,303.82,4.2,D
-14.27049,23.8087,340.3,0.48,0.48,2026-10-05,1132,N21,VIIRS,n,2.0NRT,302.01,5.62,D
-14.27011,23.80778,341.54,0.48,0.48,2026-10-05,1132,N21,VIIRS,n,2.0NRT,301.85,7.86,D
-14.26606,23.80816,341.11,0.48,0.48,2026-10-05,1132,N21,VIIRS,n,2.0NRT,297.72,2.57,D
-14.26331,24.41987,341.54,0.44,0.46,2026-10-05,1132,N21,VIIRS,n,2.0NRT,304.1,28.44,D
-14.26011,24.41125,332.03,0.44,0.46,2026-10-05,1132,N21,VIIRS,l,2.0NRT,302.76,7.05,D
-14.23364,25.09081,335.03,0.4,0.44,2026-10-05,1132,N21,VIIRS,l,2.0NRT,307.39,3.24,D
-14.22381,23.0801,333.84,0.54,0.51,2026-10-05,1132,N21,VIIRS,n,2.0NRT,301.13,6.54,D
-14.22062,21.90583,336.8,0.32,0.55,2026-10-05,1132,N21,VIIRS,n,2.0NRT,303.84,5.23,D
-14.19502,23.63096,342.6,0.49,0.49,2026-10-05,1132,N21,VIIRS,n,2.0NRT,305,14.39,D
-14.17513,24.70641,343.72,0.42,0.45,2026-10-05,1132,N21,VIIRS,n,2.0NRT,304.63,5.43,D
-14.17372,24.97673,332.28,0.4,0.45,2026-10-05,1132,N21,VIIRS,l,2.0NRT,305.89,3.13,D
-14.17205,26.03549,338.13,0.52,0.42,2026-10-05,1132,N21,VIIRS,n,2.0NRT,300.11,7.79,D
-14.17088,26.01551,340.12,0.53,0.42,2026-10-05,1132,N21,VIIRS,n,2.0NRT,298.09,7.94,D
-14.16823,26.03497,338.95,0.52,0.42,2026-10-05,1132,N21,VIIRS,n,2.0NRT,302.07,10.27,D
-14.15947,27.09021,333.53,0.46,0.39,2026-10-05,1132,N21,VIIRS,n,2.0NRT,299.44,11,D
-14.15489,26.0183,334.79,0.53,0.42,2026-10-05,1132,N21,VIIRS,n,2.0NRT,301.08,5.63,D
-14.15358,26.02801,333.6,0.53,0.42,2026-10-05,1132,N21,VIIRS,n,2.0NRT,299.49,5.14,D
-14.15356,24.93974,344.9,0.41,0.45,2026-10-05,1132,N21,VIIRS,n,2.0NRT,307.08,5.35,D
-14.14946,24.93922,347.97,0.41,0.45,2026-10-05,1132,N21,VIIRS,n,2.0NRT,302.35,4.25,D
-14.12602,23.70947,342.46,0.49,0.48,2026-10-05,1132,N21,VIIRS,n,2.0NRT,307.96,10.14,D
-14.10083,24.41091,331.12,0.44,0.46,2026-10-05,1132,N21,VIIRS,l,2.0NRT,305.09,5.38,D
-14.10032,24.41494,335.98,0.44,0.46,2026-10-05,1132,N21,VIIRS,n,2.0NRT,304.61,4.53,D
-14.09981,24.41896,340.5,0.44,0.46,2026-10-05,1132,N21,VIIRS,n,2.0NRT,304.18,4.53,D
-14.09609,24.41437,332.59,0.44,0.46,2026-10-05,1132,N21,VIIRS,l,2.0NRT,304.85,4.53,D
-14.09602,24.41434,332.1,0.44,0.46,2026-10-05,1132,N21,VIIRS,l,2.0NRT,304.72,2.88,D
-14.09558,24.4184,333.22,0.44,0.46,2026-10-05,1132,N21,VIIRS,n,2.0NRT,303.1,4.53,D
-14.09548,24.41838,332.22,0.44,0.46,2026-10-05,1132,N21,VIIRS,l,2.0NRT,302.83,2.88,D
-14.07591,24.40349,355.64,0.44,0.46,2026-10-05,1132,N21,VIIRS,n,2.0NRT,306.39,9.84,D
-14.07538,24.40751,336.38,0.44,0.46,2026-10-05,1132,N21,VIIRS,n,2.0NRT,305.05,9.84,D
-14.07167,24.40295,341.79,0.44,0.46,2026-10-05,1132,N21,VIIRS,n,2.0NRT,304.86,8.28,D
-14.02313,27.15866,342.76,0.46,0.39,2026-10-05,1132,N21,VIIRS,n,2.0NRT,301.83,5.6,D
-14.01509,24.27127,343.47,0.45,0.47,2026-10-05,1132,N21,VIIRS,n,2.0NRT,303.11,8.79,D
-14.01081,24.27076,367,0.45,0.47,2026-10-05,1132,N21,VIIRS,h,2.0NRT,306.18,8.47,D
-14.00564,27.61367,332.04,0.44,0.38,2026-10-05,1132,N21,VIIRS,n,2.0NRT,299.29,7.71,D
-14.00508,27.61769,345.6,0.44,0.38,2026-10-05,1132,N21,VIIRS,n,2.0NRT,302.7,7.71,D
-14.00087,24.32055,342.85,0.44,0.46,2026-10-05,1132,N21,VIIRS,n,2.0NRT,302.76,4.33,D
-14.00036,24.31931,343.83,0.44,0.46,2026-10-05,1132,N21,VIIRS,n,2.0NRT,305.34,4.75,D
-13.99007,25.21167,332.91,0.39,0.44,2026-10-05,1132,N21,VIIRS,n,2.0NRT,301.48,4.37,D
-13.96814,24.67373,330.58,0.42,0.45,2026-10-05,1132,N21,VIIRS,l,2.0NRT,302.07,2.26,D
-13.95684,23.59874,344.7,0.49,0.49,2026-10-05,1132,N21,VIIRS,n,2.0NRT,301.02,9.53,D
-13.92335,24.89666,334.8,0.41,0.45,2026-10-05,1132,N21,VIIRS,n,2.0NRT,303.98,3.28,D
-13.9199,24.24266,341.04,0.45,0.47,2026-10-05,1132,N21,VIIRS,n,2.0NRT,303.76,4.96,D
-13.90369,24.33608,336,0.44,0.46,2026-10-05,1132,N21,VIIRS,n,2.0NRT,302,3.74,D
-13.85638,33.66302,347.16,0.47,0.4,2026-10-05,1132,N21,VIIRS,n,2.0NRT,304.04,6.28,D
-13.85204,23.17881,330.33,0.52,0.5,2026-10-05,1132,N21,VIIRS,l,2.0NRT,300.65,6.75,D
-13.84745,23.17823,331.5,0.52,0.5,2026-10-05,1132,N21,VIIRS,l,2.0NRT,303.63,6.75,D
-13.84155,24.75571,349.02,0.41,0.45,2026-10-05,1132,N21,VIIRS,n,2.0NRT,304.95,70.41,D
-13.84021,25.41729,333.72,0.56,0.43,2026-10-05,1132,N21,VIIRS,l,2.0NRT,304.32,5.66,D
-13.83693,24.75898,354.98,0.41,0.45,2026-10-05,1132,N21,VIIRS,n,2.0NRT,305.02,70.41,D
-13.83465,24.75418,344.08,0.41,0.45,2026-10-05,1132,N21,VIIRS,n,2.0NRT,300.46,13.14,D
-13.83415,24.75795,348.94,0.41,0.45,2026-10-05,1132,N21,VIIRS,n,2.0NRT,301.81,13.14,D
-13.83364,24.76171,339.04,0.41,0.45,2026-10-05,1132,N21,VIIRS,n,2.0NRT,298.63,4.71,D
-13.83329,24.75465,342.55,0.41,0.45,2026-10-05,1132,N21,VIIRS,n,2.0NRT,298.99,6.66,D
-13.83281,24.75842,352.87,0.41,0.45,2026-10-05,1132,N21,VIIRS,n,2.0NRT,300.56,6.66,D
-13.82951,24.76116,342.52,0.41,0.45,2026-10-05,1132,N21,VIIRS,n,2.0NRT,300.86,4.71,D
-13.8282,24.76163,330.65,0.41,0.45,2026-10-05,1132,N21,VIIRS,n,2.0NRT,299.44,6.06,D
-13.82655,24.87235,335.48,0.41,0.45,2026-10-05,1132,N21,VIIRS,n,2.0NRT,304.55,1.94,D
-13.80267,25.74838,332.69,0.54,0.42,2026-10-05,1132,N21,VIIRS,n,2.0NRT,296.43,4.66,D
-13.77806,22.63265,333.38,0.57,0.52,2026-10-05,1132,N21,VIIRS,n,2.0NRT,291.21,9.43,D
-13.77701,22.63475,332.35,0.57,0.52,2026-10-05,1132,N21,VIIRS,n,2.0NRT,292.31,8.67,D
-13.76018,24.9984,333.1,0.4,0.44,2026-10-05,1132,N21,VIIRS,l,2.0NRT,304.39,5.15,D
-13.75788,23.07133,340.56,0.53,0.5,2026-10-05,1132,N21,VIIRS,n,2.0NRT,298.66,7.9,D
-13.74366,23.9003,337.09,0.47,0.48,2026-10-05,1132,N21,VIIRS,n,2.0NRT,301.15,8.93,D
-13.73751,24.58121,338.87,0.42,0.45,2026-10-05,1132,N21,VIIRS,n,2.0NRT,302.06,7.22,D
-13.73419,24.97617,338.87,0.4,0.44,2026-10-05,1132,N21,VIIRS,n,2.0NRT,301.79,2.14,D
-13.71792,25.55256,330.51,0.55,0.43,2026-10-05,1132,N21,VIIRS,l,2.0NRT,303.86,1.28,D
-13.70484,25.55798,335.61,0.55,0.43,2026-10-05,1132,N21,VIIRS,n,2.0NRT,304.31,4.5,D
-13.70388,23.43093,353.09,0.5,0.49,2026-10-05,1132,N21,VIIRS,n,2.0NRT,299.07,20.54,D
-13.70092,25.55745,339.27,0.55,0.43,2026-10-05,1132,N21,VIIRS,n,2.0NRT,304.55,6.73,D
-13.69881,24.32206,338.38,0.44,0.46,2026-10-05,1132,N21,VIIRS,n,2.0NRT,306.99,3.59,D
-13.69863,25.5157,334.06,0.55,0.43,2026-10-05,1132,N21,VIIRS,l,2.0NRT,304.97,3.11,D
-13.69662,24.85407,330.29,0.41,0.45,2026-10-05,1132,N21,VIIRS,l,2.0NRT,303.46,2.87,D
-13.69253,24.85351,342.43,0.41,0.45,2026-10-05,1132,N21,VIIRS,n,2.0NRT,305.59,2.87,D
-13.69251,23.48544,281.95,0.5,0.49,2026-10-05,1132,N21,VIIRS,l,2.0NRT,319.13,111.51,D
-13.69194,23.49,342.91,0.5,0.49,2026-10-05,1132,N21,VIIRS,n,2.0NRT,300.72,111.51,D
-13.68745,23.48943,341.33,0.5,0.49,2026-10-05,1132,N21,VIIRS,n,2.0NRT,297.24,13.57,D
-13.68297,23.48886,343.74,0.5,0.49,2026-10-05,1132,N21,VIIRS,n,2.0NRT,297.41,13.57,D
-13.67962,32.71218,346.98,0.43,0.38,2026-10-05,1132,N21,VIIRS,n,2.0NRT,306.36,9.33,D
-13.66113,24.21502,333.43,0.44,0.46,2026-10-05,1132,N21,VIIRS,l,2.0NRT,305.02,4.87,D
-13.65471,24.2308,350.49,0.44,0.46,2026-10-05,1132,N21,VIIRS,n,2.0NRT,309.27,10.12,D
-13.64572,24.03157,341.09,0.46,0.47,2026-10-05,1132,N21,VIIRS,n,2.0NRT,307.16,12.62,D
-13.63706,23.99622,348.6,0.46,0.47,2026-10-05,1132,N21,VIIRS,n,2.0NRT,303.1,8.71,D
-13.63393,22.29406,339.25,0.6,0.53,2026-10-05,1132,N21,VIIRS,n,2.0NRT,293.64,14.53,D
-13.63141,25.80693,333.73,0.53,0.42,2026-10-05,1132,N21,VIIRS,n,2.0NRT,298.88,4.49,D
-13.63113,25.24744,330.7,0.38,0.43,2026-10-05,1132,N21,VIIRS,l,2.0NRT,303.46,5.64,D
-13.6307,32.563,340.9,0.43,0.38,2026-10-05,1132,N21,VIIRS,n,2.0NRT,306.73,11.5,D
-13.62866,24.2975,330.2,0.44,0.46,2026-10-05,1132,N21,VIIRS,l,2.0NRT,304.16,4.04,D
-13.62841,22.29893,336.94,0.6,0.53,2026-10-05,1132,N21,VIIRS,n,2.0NRT,292.65,11.43,D
-13.6217,22.2855,340.76,0.6,0.53,2026-10-05,1132,N21,VIIRS,n,2.0NRT,298.56,8.44,D
-13.62,22.28678,348.6,0.6,0.53,2026-10-05,1132,N21,VIIRS,n,2.0NRT,298.98,14.91,D
-13.61965,24.30046,347.83,0.44,0.46,2026-10-05,1132,N21,VIIRS,n,2.0NRT,305.42,11.15,D
-13.61683,22.28493,331.98,0.6,0.53,2026-10-05,1132,N21,VIIRS,n,2.0NRT,295.98,8.44,D
-13.60416,24.48448,342.22,0.43,0.46,2026-10-05,1132,N21,VIIRS,n,2.0NRT,297.29,9.78,D
-13.60388,23.37245,344.48,0.5,0.49,2026-10-05,1132,N21,VIIRS,n,2.0NRT,301.84,11.07,D
-13.60327,23.55809,333.9,0.49,0.49,2026-10-05,1132,N21,VIIRS,n,2.0NRT,297.93,8.46,D
-13.60049,24.47995,336.43,0.43,0.46,2026-10-05,1132,N21,VIIRS,n,2.0NRT,297.63,9.78,D
-13.59997,24.48391,351.2,0.43,0.46,2026-10-05,1132,N21,VIIRS,n,2.0NRT,300.14,9.78,D
-13.59899,24.29349,338.29,0.44,0.46,2026-10-05,1132,N21,VIIRS,n,2.0NRT,303.14,1.58,D
-13.58928,23.34219,338.63,0.51,0.49,2026-10-05,1132,N21,VIIRS,n,2.0NRT,300.22,8.88,D
-13.57853,24.35223,336.72,0.43,0.46,2026-10-05,1132,N21,VIIRS,l,2.0NRT,307.81,15.3,D
-13.57802,24.35623,343.82,0.43,0.46,2026-10-05,1132,N21,VIIRS,n,2.0NRT,308.46,13.19,D
-13.5757,23.70396,332.74,0.48,0.48,2026-10-05,1132,N21,VIIRS,n,2.0NRT,294.36,4.6,D
-13.57537,24.11559,348.93,0.45,0.47,2026-10-05,1132,N21,VIIRS,n,2.0NRT,307.52,13.86,D
-13.57458,25.05801,336.36,0.39,0.44,2026-10-05,1132,N21,VIIRS,n,2.0NRT,305.51,5.34,D
-13.57331,25.05785,333.9,0.39,0.44,2026-10-05,1132,N21,VIIRS,l,2.0NRT,304.04,5.45,D
-13.57129,23.70338,352.49,0.48,0.48,2026-10-05,1132,N21,VIIRS,n,2.0NRT,302.28,25.11,D
-13.57073,23.70779,333.01,0.48,0.48,2026-10-05,1132,N21,VIIRS,n,2.0NRT,299.17,6.25,D
-13.56632,23.70721,333.63,0.48,0.48,2026-10-05,1132,N21,VIIRS,n,2.0NRT,300,6.25,D
-13.56576,23.71163,330.73,0.48,0.48,2026-10-05,1132,N21,VIIRS,l,2.0NRT,300.81,6.25,D
-13.56338,24.9794,331.16,0.4,0.44,2026-10-05,1132,N21,VIIRS,n,2.0NRT,301,2.02,D
-13.56318,24.91945,339.39,0.4,0.44,2026-10-05,1132,N21,VIIRS,n,2.0NRT,303.63,5.35,D
-13.55932,24.97888,335.63,0.4,0.44,2026-10-05,1132,N21,VIIRS,n,2.0NRT,302.34,2.02,D
-13.55883,24.98253,333.39,0.4,0.44,2026-10-05,1132,N21,VIIRS,n,2.0NRT,303,4.98,D
-13.54529,23.27607,334.14,0.51,0.49,2026-10-05,1132,N21,VIIRS,n,2.0NRT,303.11,8,D
-13.5354,25.1259,343.48,0.39,0.44,2026-10-05,1132,N21,VIIRS,n,2.0NRT,303.95,8.3,D
-13.51628,23.6432,332.48,0.48,0.48,2026-10-05,1132,N21,VIIRS,n,2.0NRT,297.86,3.53,D
-13.51613,25.02479,330.45,0.39,0.44,2026-10-05,1132,N21,VIIRS,n,2.0NRT,304.59,3.11,D
-13.51437,24.91292,333,0.4,0.44,2026-10-05,1132,N21,VIIRS,l,2.0NRT,303.7,2.28,D
-13.50373,25.63052,332.3,0.54,0.42,2026-10-05,1132,N21,VIIRS,l,2.0NRT,304.26,4.46,D
-13.50222,23.25156,334.05,0.51,0.49,2026-10-05,1132,N21,VIIRS,n,2.0NRT,297.1,11.49,D
-13.50092,25.01545,331.39,0.39,0.44,2026-10-05,1132,N21,VIIRS,l,2.0NRT,303.63,0.87,D
-13.49709,23.2557,340.49,0.51,0.49,2026-10-05,1132,N21,VIIRS,n,2.0NRT,298.04,9.99,D
-13.49622,23.25326,343.53,0.51,0.49,2026-10-05,1132,N21,VIIRS,n,2.0NRT,298.14,11.81,D
-13.48713,24.99507,331.89,0.4,0.44,2026-10-05,1132,N21,VIIRS,n,2.0NRT,302.95,1.68,D
-13.48652,23.25681,336.94,0.51,0.49,2026-10-05,1132,N21,VIIRS,n,2.0NRT,295.21,2.29,D
-13.48305,24.93111,336.79,0.4,0.44,2026-10-05,1132,N21,VIIRS,n,2.0NRT,302.96,4.9,D
-13.48284,24.93045,342.76,0.4,0.44,2026-10-05,1132,N21,VIIRS,n,2.0NRT,302.91,8.45,D
-13.47831,23.28435,330.23,0.51,0.49,2026-10-05,1132,N21,VIIRS,n,2.0NRT,298.04,2.68,D
-13.4759,24.31379,338.53,0.44,0.46,2026-10-05,1132,N21,VIIRS,n,2.0NRT,305.86,3.19,D
-13.47524,23.68279,338.07,0.48,0.48,2026-10-05,1132,N21,VIIRS,n,2.0NRT,297.7,3.74,D
-13.46474,23.69488,333.13,0.48,0.48,2026-10-05,1132,N21,VIIRS,n,2.0NRT,298.41,8.77,D
-13.46411,23.2873,340.42,0.51,0.49,2026-10-05,1132,N21,VIIRS,n,2.0NRT,301.45,11.4,D
-13.46089,23.68989,345.97,0.48,0.48,2026-10-05,1132,N21,VIIRS,n,2.0NRT,300.86,9.58,D
-13.4443,25.15266,331.86,0.39,0.44,2026-10-05,1132,N21,VIIRS,n,2.0NRT,302.59,2.06,D
-13.43503,23.92771,339.48,0.46,0.47,2026-10-05,1132,N21,VIIRS,n,2.0NRT,301.15,5.07,D
-13.42634,24.51984,338.26,0.42,0.45,2026-10-05,1132,N21,VIIRS,n,2.0NRT,299.42,3.99,D
-13.42452,23.66007,351.66,0.48,0.48,2026-10-05,1132,N21,VIIRS,n,2.0NRT,305.15,11,D
-13.4201,23.65951,336.44,0.48,0.48,2026-10-05,1132,N21,VIIRS,n,2.0NRT,300.14,11,D
-13.40806,24.0013,332.25,0.46,0.47,2026-10-05,1132,N21,VIIRS,n,2.0NRT,301.68,8.1,D
-13.40699,24.00968,345.97,0.45,0.47,2026-10-05,1132,N21,VIIRS,n,2.0NRT,305.17,20.2,D
-13.40461,31.76049,339.31,0.4,0.37,2026-10-05,1132,N21,VIIRS,n,2.0NRT,302.09,8.9,D
-13.40208,23.48496,348.53,0.49,0.49,2026-10-05,1132,N21,VIIRS,n,2.0NRT,302.89,203.59,D
-13.40161,24.0175,341.15,0.45,0.47,2026-10-05,1132,N21,VIIRS,n,2.0NRT,298.29,11.55,D
-13.40108,24.02169,353.13,0.45,0.47,2026-10-05,1132,N21,VIIRS,n,2.0NRT,300.4,11.55,D
-13.39762,23.48441,367,0.49,0.49,2026-10-05,1132,N21,VIIRS,l,2.0NRT,327.78,203.59,D
-13.3973,24.01694,353.91,0.45,0.47,2026-10-05,1132,N21,VIIRS,n,2.0NRT,303.63,10.08,D
-13.39704,23.48892,342.96,0.49,0.49,2026-10-05,1132,N21,VIIRS,n,2.0NRT,298.83,118.45,D
-13.39677,24.02113,330.93,0.45,0.47,2026-10-05,1132,N21,VIIRS,l,2.0NRT,302.59,10.08,D
-13.39617,23.42415,340.59,0.5,0.49,2026-10-05,1132,N21,VIIRS,n,2.0NRT,306.42,12.77,D
-13.39529,24.01373,333.19,0.45,0.47,2026-10-05,1132,N21,VIIRS,n,2.0NRT,302.27,5.34,D
-13.39473,24.01792,343.7,0.45,0.47,2026-10-05,1132,N21,VIIRS,n,2.0NRT,302.03,8.82,D
-13.39342,23.40984,331.12,0.5,0.49,2026-10-05,1132,N21,VIIRS,l,2.0NRT,302.12,4.67,D
-13.38893,23.4093,338.88,0.5,0.49,2026-10-05,1132,N21,VIIRS,n,2.0NRT,306.79,4.67,D
-13.38778,23.41844,345.11,0.5,0.49,2026-10-05,1132,N21,VIIRS,n,2.0NRT,308.94,15.13,D
-13.38707,23.77528,343.06,0.47,0.48,2026-10-05,1132,N21,VIIRS,n,2.0NRT,297.04,17.85,D
-13.3865,23.77961,352.4,0.47,0.48,2026-10-05,1132,N21,VIIRS,n,2.0NRT,296.61,17.85,D
-13.38329,23.41789,334.2,0.5,0.49,2026-10-05,1132,N21,VIIRS,l,2.0NRT,306.08,9.85,D
-13.38,23.58705,346.4,0.48,0.48,2026-10-05,1132,N21,VIIRS,n,2.0NRT,298.18,11.59,D
-13.37974,23.48215,339.89,0.49,0.49,2026-10-05,1132,N21,VIIRS,n,2.0NRT,291.61,11.63,D
-13.3788,23.41733,346.51,0.5,0.49,2026-10-05,1132,N21,VIIRS,n,2.0NRT,306.29,9.85,D
-13.37823,23.42188,342.98,0.5,0.49,2026-10-05,1132,N21,VIIRS,n,2.0NRT,310.45,17.31,D
-13.37663,23.78708,340.02,0.47,0.48,2026-10-05,1132,N21,VIIRS,n,2.0NRT,298.33,11.89,D
-13.37544,24.22305,342.8,0.44,0.46,2026-10-05,1132,N21,VIIRS,n,2.0NRT,301.84,4.97,D
-13.37179,23.54511,339.12,0.49,0.48,2026-10-05,1132,N21,VIIRS,n,2.0NRT,296.35,13.68,D
-13.37119,24.22248,334.71,0.44,0.46,2026-10-05,1132,N21,VIIRS,n,2.0NRT,302.99,3.82,D
-13.36677,23.54903,344.26,0.49,0.48,2026-10-05,1132,N21,VIIRS,n,2.0NRT,294.12,49.37,D
-13.36232,23.54849,352.39,0.49,0.48,2026-10-05,1132,N21,VIIRS,n,2.0NRT,300.9,49.37,D
-13.35827,33.36171,335.93,0.46,0.39,2026-10-05,1132,N21,VIIRS,n,2.0NRT,303.95,7.18,D
-13.35677,25.13711,331.09,0.39,0.44,2026-10-05,1132,N21,VIIRS,n,2.0NRT,293.66,4.34,D
-13.32738,23.68356,336.51,0.48,0.48,2026-10-05,1132,N21,VIIRS,n,2.0NRT,299.14,18.68,D
-13.32707,23.68394,333.77,0.48,0.48,2026-10-05,1132,N21,VIIRS,n,2.0NRT,298.93,17.03,D
-13.32432,23.60298,345.31,0.48,0.48,2026-10-05,1132,N21,VIIRS,n,2.0NRT,307.39,93.02,D
-13.32207,24.27007,335.38,0.44,0.46,2026-10-05,1132,N21,VIIRS,n,2.0NRT,303.28,4.34,D
-13.31372,23.61514,347.7,0.48,0.48,2026-10-05,1132,N21,VIIRS,n,2.0NRT,307.32,19.31,D
-13.31314,23.61956,340.99,0.48,0.48,2026-10-05,1132,N21,VIIRS,n,2.0NRT,303.88,19.31,D
-13.31123,23.56527,339.05,0.48,0.48,2026-10-05,1132,N21,VIIRS,n,2.0NRT,297.63,23.99,D
-13.30737,23.56026,339.53,0.49,0.48,2026-10-05,1132,N21,VIIRS,n,2.0NRT,298.11,23.99,D
-13.3073,23.01875,336.24,0.53,0.5,2026-10-05,1132,N21,VIIRS,n,2.0NRT,297.81,2.6,D
-13.30721,23.01691,334.25,0.53,0.5,2026-10-05,1132,N21,VIIRS,n,2.0NRT,297.33,2.84,D
-13.29723,24.2954,343.55,0.43,0.46,2026-10-05,1132,N21,VIIRS,n,2.0NRT,307.08,10.81,D
-13.29671,24.29938,339.94,0.43,0.46,2026-10-05,1132,N21,VIIRS,n,2.0NRT,300.86,10.81,D
-13.29065,32.62358,338.54,0.43,0.38,2026-10-05,1132,N21,VIIRS,l,2.0NRT,308.93,6.78,D
-13.27784,24.34534,344.11,0.43,0.46,2026-10-05,1132,N21,VIIRS,n,2.0NRT,299.74,8.13,D
-13.27364,24.34479,351.5,0.43,0.46,2026-10-05,1132,N21,VIIRS,n,2.0NRT,300.07,24.37,D
-13.21814,23.62521,336.26,0.48,0.48,2026-10-05,1132,N21,VIIRS,n,2.0NRT,297.46,6.37,D
-13.21374,23.66048,336.29,0.48,0.48,2026-10-05,1132,N21,VIIRS,n,2.0NRT,299.59,3.43,D
-13.21355,23.66139,336.94,0.48,0.48,2026-10-05,1132,N21,VIIRS,n,2.0NRT,299.11,4.94,D
-13.20704,33.37109,337.07,0.47,0.39,2026-10-05,1132,N21,VIIRS,n,2.0NRT,300.92,6.35,D
-13.20643,24.03153,338.21,0.45,0.47,2026-10-05,1132,N21,VIIRS,n,2.0NRT,307.35,78.39,D
-13.18172,23.99932,338.16,0.45,0.47,2026-10-05,1132,N21,VIIRS,n,2.0NRT,297.69,133.27,D
-13.17575,23.99804,355.02,0.45,0.47,2026-10-05,1132,N21,VIIRS,n,2.0NRT,300.28,33.64,D
-13.12691,32.93929,342.66,0.45,0.39,2026-10-05,1132,N21,VIIRS,n,2.0NRT,308.27,3.88,D
-13.12483,31.95215,338.75,0.41,0.37,2026-10-05,1132,N21,VIIRS,n,2.0NRT,306.85,7.86,D
-13.12142,31.95158,338.86,0.41,0.37,2026-10-05,1132,N21,VIIRS,n,2.0NRT,307.67,8.36,D
-13.08685,32.87378,344.23,0.44,0.39,2026-10-05,1132,N21,VIIRS,n,2.0NRT,309.71,14.4,D
-13.07992,31.29988,348.62,0.4,0.37,2026-10-05,1132,N21,VIIRS,n,2.0NRT,300.64,13.84,D
-13.07802,31.37791,335.24,0.4,0.37,2026-10-05,1132,N21,VIIRS,n,2.0NRT,292.96,4.06,D
-13.03472,31.43444,344.23,0.4,0.37,2026-10-05,1132,N21,VIIRS,n,2.0NRT,296.23,5.38,D
-12.93835,26.01982,341.88,0.51,0.41,2026-10-05,1132,N21,VIIRS,n,2.0NRT,296.69,9.51,D
-12.92226,32.92596,338.62,0.45,0.39,2026-10-05,1132,N21,VIIRS,l,2.0NRT,308.95,6.21,D
-12.91872,32.92533,346.64,0.45,0.39,2026-10-05,1132,N21,VIIRS,n,2.0NRT,310.18,8.93,D
-12.91451,32.92883,350.51,0.45,0.39,2026-10-05,1132,N21,VIIRS,n,2.0NRT,310.98,7.67,D
-12.91097,32.92822,346.52,0.45,0.39,2026-10-05,1132,N21,VIIRS,n,2.0NRT,308.88,6.73,D
-12.91029,32.93234,340.34,0.45,0.39,2026-10-05,1132,N21,VIIRS,n,2.0NRT,309.19,6.73,D
-12.86691,32.72952,334.53,0.44,0.38,2026-10-05,1132,N21,VIIRS,n,2.0NRT,303.2,11.22,D
-12.86102,31.46195,330.34,0.4,0.37,2026-10-05,1132,N21,VIIRS,l,2.0NRT,302.48,6.13,D
-12.85881,31.45405,335.25,0.4,0.37,2026-10-05,1132,N21,VIIRS,n,2.0NRT,303.99,4.97,D
-12.85823,31.45772,340,0.4,0.37,2026-10-05,1132,N21,VIIRS,n,2.0NRT,305.98,6.13,D
-12.85766,31.46138,347.32,0.4,0.37,2026-10-05,1132,N21,VIIRS,n,2.0NRT,305.98,6.13,D
-12.85487,31.45716,352.78,0.4,0.37,2026-10-05,1132,N21,VIIRS,n,2.0NRT,306.45,6.39,D
-12.8543,31.46082,338.89,0.4,0.37,2026-10-05,1132,N21,VIIRS,n,2.0NRT,303.21,6.39,D
-12.85352,32.72303,341.6,0.44,0.38,2026-10-05,1132,N21,VIIRS,n,2.0NRT,307.11,8.96,D
-12.8501,32.92185,335.83,0.45,0.39,2026-10-05,1132,N21,VIIRS,l,2.0NRT,307.66,2.77,D
-12.84762,33.26934,347.65,0.46,0.39,2026-10-05,1132,N21,VIIRS,n,2.0NRT,304.24,10.31,D
-12.84472,33.26445,339.47,0.46,0.39,2026-10-05,1132,N21,VIIRS,n,2.0NRT,306.4,9.56,D
-12.84402,33.2687,354.6,0.46,0.39,2026-10-05,1132,N21,VIIRS,n,2.0NRT,312.48,10.31,D
-12.84332,33.27296,335.1,0.46,0.39,2026-10-05,1132,N21,VIIRS,n,2.0NRT,304.58,10.31,D
-12.84042,33.26806,347.4,0.46,0.39,2026-10-05,1132,N21,VIIRS,n,2.0NRT,307.07,12.96,D
-12.8376,33.28512,343.99,0.47,0.39,2026-10-05,1132,N21,VIIRS,n,2.0NRT,303.32,9.61,D
-12.8363,32.80701,338.74,0.44,0.39,2026-10-05,1132,N21,VIIRS,n,2.0NRT,305.67,11.83,D
-12.83399,33.28448,351.32,0.47,0.39,2026-10-05,1132,N21,VIIRS,n,2.0NRT,307.56,9.61,D
-12.83072,32.75225,341.2,0.44,0.38,2026-10-05,1132,N21,VIIRS,n,2.0NRT,305.79,8.69,D
-12.82891,33.27042,339.62,0.46,0.39,2026-10-05,1132,N21,VIIRS,n,2.0NRT,308.05,9.96,D
-12.825,32.74293,342.26,0.44,0.38,2026-10-05,1132,N21,VIIRS,n,2.0NRT,308.04,4.38,D
-12.82149,32.74231,340.4,0.44,0.38,2026-10-05,1132,N21,VIIRS,n,2.0NRT,308.44,4.38,D
-12.77692,31.44798,335.8,0.4,0.37,2026-10-05,1132,N21,VIIRS,n,2.0NRT,303.41,4.22,D
-12.77661,32.75137,347.56,0.44,0.38,2026-10-05,1132,N21,VIIRS,n,2.0NRT,309.05,6.04,D
-12.77356,31.44742,345.18,0.4,0.37,2026-10-05,1132,N21,VIIRS,n,2.0NRT,304.83,9.64,D
-12.75882,32.77017,331.62,0.44,0.39,2026-10-05,1132,N21,VIIRS,l,2.0NRT,304.38,2.45,D
-12.69283,33.38853,338.06,0.47,0.4,2026-10-05,1132,N21,VIIRS,l,2.0NRT,309.98,4.93,D
-12.68194,32.41458,341.37,0.43,0.38,2026-10-05,1132,N21,VIIRS,n,2.0NRT,307.8,6.94,D
-12.67011,32.84693,339,0.45,0.39,2026-10-05,1132,N21,VIIRS,n,2.0NRT,306.59,8.11,D
-12.62899,33.05136,343.82,0.46,0.39,2026-10-05,1132,N21,VIIRS,n,2.0NRT,308.21,14.74,D
-12.62725,32.2099,340.25,0.42,0.38,2026-10-05,1132,N21,VIIRS,n,2.0NRT,309.03,9.65,D
-12.62612,33.04649,335.32,0.46,0.39,2026-10-05,1132,N21,VIIRS,l,2.0NRT,305.96,14.71,D
-12.6255,33.07234,330.24,0.46,0.39,2026-10-05,1132,N21,VIIRS,l,2.0NRT,302.02,5.45,D
-12.61458,33.02757,339.21,0.46,0.39,2026-10-05,1132,N21,VIIRS,l,2.0NRT,310.23,7.4,D
-12.5941,32.80104,341.71,0.45,0.39,2026-10-05,1132,N21,VIIRS,n,2.0NRT,310.58,10.71,D
-12.55083,32.95361,336.13,0.45,0.39,2026-10-05,1132,N21,VIIRS,l,2.0NRT,308.64,4.71,D
-12.50505,31.58443,332.95,0.4,0.37,2026-10-05,1132,N21,VIIRS,n,2.0NRT,298.11,2.6,D
-12.48363,33.35895,339.16,0.47,0.4,2026-10-05,1132,N21,VIIRS,l,2.0NRT,311.51,7.27,D
-12.4691,32.94476,341.33,0.45,0.39,2026-10-05,1132,N21,VIIRS,n,2.0NRT,310.44,11.26,D
-12.46156,33.28546,338.92,0.47,0.4,2026-10-05,1132,N21,VIIRS,l,2.0NRT,311.57,7,D
-12.45886,33.28397,342.51,0.47,0.4,2026-10-05,1132,N21,VIIRS,l,2.0NRT,313.02,16.47,D
-12.45794,33.28485,343.56,0.47,0.4,2026-10-05,1132,N21,VIIRS,n,2.0NRT,312.32,7,D
-12.44729,32.05795,344.94,0.42,0.38,2026-10-05,1132,N21,VIIRS,n,2.0NRT,313.05,15,D
-12.4396,33.23762,338.61,0.47,0.4,2026-10-05,1132,N21,VIIRS,l,2.0NRT,310.98,8.89,D
-12.38888,33.4777,337.32,0.48,0.4,2026-10-05,1132,N21,VIIRS,l,2.0NRT,309.67,3.06,D
-12.34574,32.83222,347.88,0.45,0.39,2026-10-05,1132,N21,VIIRS,n,2.0NRT,312.11,16.38,D
-12.33375,32.7505,337.03,0.45,0.39,2026-10-05,1132,N21,VIIRS,l,2.0NRT,308.64,6.64,D
-12.3327,33.22546,339.85,0.47,0.4,2026-10-05,1132,N21,VIIRS,n,2.0NRT,309.67,7.69,D
-12.25739,32.88543,339.94,0.45,0.39,2026-10-05,1132,N21,VIIRS,l,2.0NRT,312.85,12.15,D
-12.21881,31.30509,334.01,0.4,0.37,2026-10-05,1132,N21,VIIRS,n,2.0NRT,302.15,4.73,D
-12.20942,32.4666,339.07,0.44,0.38,2026-10-05,1132,N21,VIIRS,l,2.0NRT,309.21,10.07,D
-12.2044,33.23074,338.62,0.47,0.4,2026-10-05,1132,N21,VIIRS,l,2.0NRT,309.18,9.67,D
-12.20324,31.7414,346.47,0.41,0.37,2026-10-05,1132,N21,VIIRS,n,2.0NRT,311.89,14,D
-12.19157,31.39071,338.26,0.4,0.37,2026-10-05,1132,N21,VIIRS,n,2.0NRT,304.8,3.98,D
-12.17583,31.51271,337.6,0.4,0.37,2026-10-05,1132,N21,VIIRS,n,2.0NRT,303.17,6.06,D
-12.17551,31.33924,333.61,0.4,0.37,2026-10-05,1132,N21,VIIRS,n,2.0NRT,302.74,3.84,D
-12.17435,31.34658,338.89,0.4,0.37,2026-10-05,1132,N21,VIIRS,l,2.0NRT,309.75,8.49,D
-12.17214,31.3387,338.17,0.4,0.37,2026-10-05,1132,N21,VIIRS,n,2.0NRT,307.05,7.91,D
-12.17099,31.34604,339.33,0.4,0.37,2026-10-05,1132,N21,VIIRS,n,2.0NRT,308.71,8.98,D
-12.16906,31.51166,331.54,0.4,0.37,2026-10-05,1132,N21,VIIRS,l,2.0NRT,301.54,3.85,D
-12.16567,31.40158,345.14,0.4,0.37,2026-10-05,1132,N21,VIIRS,n,2.0NRT,305.48,11.81,D
-12.16451,31.40893,347.49,0.4,0.37,2026-10-05,1132,N21,VIIRS,n,2.0NRT,307.21,6.96,D
-12.16427,31.45423,338.43,0.4,0.37,2026-10-05,1132,N21,VIIRS,n,2.0NRT,304.04,5.7,D
-12.16104,31.60672,337.52,0.41,0.37,2026-10-05,1132,N21,VIIRS,n,2.0NRT,302.52,6.45,D
-12.13107,32.34476,339.96,0.43,0.38,2026-10-05,1132,N21,VIIRS,l,2.0NRT,312.99,10,D
-12.08343,32.77359,338.09,0.45,0.39,2026-10-05,1132,N21,VIIRS,n,2.0NRT,307.88,14.51,D
-12.07256,32.95402,344.65,0.46,0.39,2026-10-05,1132,N21,VIIRS,n,2.0NRT,312.54,7.67,D
-11.95204,33.00297,339.65,0.46,0.39,2026-10-05,1132,N21,VIIRS,l,2.0NRT,310.52,10.95,D
-11.94462,33.43945,341.1,0.49,0.4,2026-10-05,1132,N21,VIIRS,n,2.0NRT,309.12,8.33,D
-11.9343,33.32038,339.57,0.48,0.4,2026-10-05,1132,N21,VIIRS,l,2.0NRT,309.91,7.29,D
-11.92403,33.22514,339.9,0.47,0.4,2026-10-05,1132,N21,VIIRS,l,2.0NRT,313.07,7.57,D
-11.92334,33.22594,338.85,0.47,0.4,2026-10-05,1132,N21,VIIRS,l,2.0NRT,312.24,8.65,D
-11.87232,33.50901,336.35,0.49,0.4,2026-10-05,1132,N21,VIIRS,l,2.0NRT,309.75,3.28,D
-11.87029,33.50531,336.73,0.49,0.4,2026-10-05,1132,N21,VIIRS,l,2.0NRT,310.06,2.29,D
-11.86665,32.83575,341,0.46,0.39,2026-10-05,1132,N21,VIIRS,l,2.0NRT,311.88,14.14,D
-13.19139,23.19825,339.79,0.51,0.49,2026-10-05,1134,N21,VIIRS,n,2.0NRT,300.45,8.2,D
-13.18685,23.19765,333.29,0.51,0.49,2026-10-05,1134,N21,VIIRS,n,2.0NRT,301.22,10.12,D
-13.17729,23.34719,342.03,0.5,0.49,2026-10-05,1134,N21,VIIRS,n,2.0NRT,303.23,12.25,D
-13.17672,23.35169,348.13,0.5,0.49,2026-10-05,1134,N21,VIIRS,n,2.0NRT,300.81,11.39,D
-13.17616,23.3562,341.37,0.5,0.49,2026-10-05,1134,N21,VIIRS,n,2.0NRT,301.53,11.39,D
-13.17279,23.34665,343.18,0.5,0.49,2026-10-05,1134,N21,VIIRS,n,2.0NRT,300.85,12.25,D
-13.1571,23.34202,340.54,0.5,0.49,2026-10-05,1134,N21,VIIRS,n,2.0NRT,300.13,11.02,D
-13.15482,24.00425,346.6,0.45,0.47,2026-10-05,1134,N21,VIIRS,n,2.0NRT,300.42,22.79,D
-13.1548,23.34445,342.94,0.5,0.49,2026-10-05,1134,N21,VIIRS,n,2.0NRT,302.46,17.26,D
-13.1526,23.34149,354.37,0.5,0.49,2026-10-05,1134,N21,VIIRS,n,2.0NRT,301.12,8.67,D
-13.15086,23.33939,343.57,0.5,0.49,2026-10-05,1134,N21,VIIRS,n,2.0NRT,298.88,15.56,D
-13.1481,23.34093,334.19,0.5,0.49,2026-10-05,1134,N21,VIIRS,n,2.0NRT,300.92,8.67,D
-13.13447,23.9594,337.58,0.45,0.47,2026-10-05,1134,N21,VIIRS,n,2.0NRT,292.38,4.64,D
-13.12687,24.01744,341.12,0.45,0.47,2026-10-05,1134,N21,VIIRS,n,2.0NRT,305.03,35.18,D
-13.11774,24.0205,346.09,0.45,0.47,2026-10-05,1134,N21,VIIRS,n,2.0NRT,309.02,44.26,D
-13.1172,24.02463,350.8,0.45,0.47,2026-10-05,1134,N21,VIIRS,n,2.0NRT,310.15,21.63,D
-13.11667,24.02875,330.43,0.45,0.47,2026-10-05,1134,N21,VIIRS,n,2.0NRT,299.72,21.63,D
-13.11537,23.0947,352.97,0.52,0.5,2026-10-05,1134,N21,VIIRS,n,2.0NRT,301.36,51.88,D
-13.11399,24.01581,334.37,0.45,0.47,2026-10-05,1134,N21,VIIRS,n,2.0NRT,298.62,44.26,D
-13.11345,24.01995,345.72,0.45,0.47,2026-10-05,1134,N21,VIIRS,n,2.0NRT,312.11,44.26,D
-13.11291,24.02409,346.38,0.45,0.47,2026-10-05,1134,N21,VIIRS,n,2.0NRT,305.55,21.63,D
-13.10543,23.13671,342.54,0.51,0.5,2026-10-05,1134,N21,VIIRS,n,2.0NRT,290.38,15.24,D
-13.10087,23.13618,339.09,0.51,0.5,2026-10-05,1134,N21,VIIRS,n,2.0NRT,297.07,15.24,D
-13.10033,22.95765,339.37,0.53,0.5,2026-10-05,1134,N21,VIIRS,n,2.0NRT,298.07,8.73,D
-13.09943,22.96089,340.52,0.53,0.5,2026-10-05,1134,N21,VIIRS,n,2.0NRT,299.47,8.89,D
-13.09929,23.22182,331.9,0.51,0.49,2026-10-05,1134,N21,VIIRS,n,2.0NRT,302.31,5.9,D
-13.0987,23.2265,342.26,0.51,0.49,2026-10-05,1134,N21,VIIRS,n,2.0NRT,299.82,5.9,D
-13.09794,24.07232,344.78,0.45,0.47,2026-10-05,1134,N21,VIIRS,n,2.0NRT,299.31,6.7,D
-13.09417,23.22594,343.49,0.51,0.49,2026-10-05,1134,N21,VIIRS,n,2.0NRT,301.15,11.47,D
-13.09032,23.07216,341.09,0.52,0.5,2026-10-05,1134,N21,VIIRS,n,2.0NRT,296.48,8.12,D
-13.08976,23.07348,342.52,0.52,0.5,2026-10-05,1134,N21,VIIRS,n,2.0NRT,298.67,27.91,D
-13.08017,24.00728,352.31,0.45,0.47,2026-10-05,1134,N21,VIIRS,n,2.0NRT,303.3,128.66,D
-13.07641,24.00259,367,0.45,0.47,2026-10-05,1134,N21,VIIRS,h,2.0NRT,302.89,20.21,D
-13.07616,23.61411,333.54,0.48,0.48,2026-10-05,1134,N21,VIIRS,n,2.0NRT,301.13,17.29,D
-13.07588,24.00673,343.54,0.45,0.47,2026-10-05,1134,N21,VIIRS,n,2.0NRT,301.68,20.21,D
-13.07329,24.00318,345.41,0.45,0.47,2026-10-05,1134,N21,VIIRS,n,2.0NRT,303.73,15.19,D
-13.07273,24.00731,330.91,0.45,0.47,2026-10-05,1134,N21,VIIRS,n,2.0NRT,300.31,15.19,D
-13.07211,24.00204,352.34,0.45,0.47,2026-10-05,1134,N21,VIIRS,n,2.0NRT,313.04,20.21,D
-13.07159,24.00617,331.93,0.45,0.47,2026-10-05,1134,N21,VIIRS,n,2.0NRT,300.32,20.21,D
-13.069,24.00263,351.02,0.45,0.47,2026-10-05,1134,N21,VIIRS,n,2.0NRT,302.55,15.19,D
-13.06767,22.99285,347.55,0.53,0.5,2026-10-05,1134,N21,VIIRS,n,2.0NRT,314.56,225.29,D
-13.06705,22.99765,343.3,0.52,0.5,2026-10-05,1134,N21,VIIRS,n,2.0NRT,300.09,40.81,D
-13.06539,23.19848,348.28,0.51,0.49,2026-10-05,1134,N21,VIIRS,n,2.0NRT,302.91,23.72,D
-13.06451,23.19481,338.92,0.51,0.49,2026-10-05,1134,N21,VIIRS,n,2.0NRT,300.67,17.79,D
-13.06388,23.19954,340.55,0.51,0.49,2026-10-05,1134,N21,VIIRS,n,2.0NRT,302.2,15.42,D
-13.0637,22.98739,345.19,0.53,0.5,2026-10-05,1134,N21,VIIRS,n,2.0NRT,296.08,15.46,D
-13.05228,23.03973,338.24,0.52,0.5,2026-10-05,1134,N21,VIIRS,n,2.0NRT,294.68,12.69,D
-13.05166,23.04454,336.5,0.52,0.5,2026-10-05,1134,N21,VIIRS,n,2.0NRT,294.19,8.79,D
-13.0507,23.08796,341.44,0.52,0.5,2026-10-05,1134,N21,VIIRS,n,2.0NRT,304.24,97.27,D
-13.04076,23.68049,347.58,0.47,0.48,2026-10-05,1134,N21,VIIRS,n,2.0NRT,296.45,51.57,D
-13.02409,24.97661,330.42,0.39,0.44,2026-10-05,1134,N21,VIIRS,n,2.0NRT,293.92,1.65,D
-13.00925,25.02555,344.54,0.39,0.44,2026-10-05,1134,N21,VIIRS,n,2.0NRT,306.81,36.16,D
-13.00572,25.02146,342.14,0.39,0.44,2026-10-05,1134,N21,VIIRS,n,2.0NRT,302.24,36.16,D
-13.00525,25.025,342.62,0.39,0.44,2026-10-05,1134,N21,VIIRS,n,2.0NRT,303.1,36.16,D
-12.92375,22.09146,342.21,0.6,0.53,2026-10-05,1134,N21,VIIRS,n,2.0NRT,303.41,12.92,D
-12.88764,25.96649,336.44,0.51,0.41,2026-10-05,1134,N21,VIIRS,n,2.0NRT,297.99,8.64,D
-12.73613,23.64396,331.03,0.47,0.48,2026-10-05,1134,N21,VIIRS,n,2.0NRT,299.01,2.55,D
-12.71132,22.6819,333.99,0.54,0.51,2026-10-05,1134,N21,VIIRS,n,2.0NRT,299.44,13.15,D
-12.70965,22.6797,346.03,0.55,0.51,2026-10-05,1134,N21,VIIRS,n,2.0NRT,302.83,31.13,D
-12.70664,22.68134,347.91,0.54,0.51,2026-10-05,1134,N21,VIIRS,n,2.0NRT,301.06,13.15,D
-12.70236,22.10867,339.34,0.6,0.53,2026-10-05,1134,N21,VIIRS,n,2.0NRT,298.74,38.49,D
-12.63758,22.62689,335.51,0.55,0.51,2026-10-05,1134,N21,VIIRS,n,2.0NRT,301.25,5.9,D
-12.61127,22.45293,332.01,0.56,0.52,2026-10-05,1134,N21,VIIRS,n,2.0NRT,297.07,8.95,D
-12.60941,22.45582,333.7,0.56,0.52,2026-10-05,1134,N21,VIIRS,n,2.0NRT,297.76,7.17,D
-12.59935,22.89221,330.7,0.53,0.5,2026-10-05,1134,N21,VIIRS,n,2.0NRT,300.55,10.04,D
-12.59155,22.59333,331.49,0.55,0.51,2026-10-05,1134,N21,VIIRS,n,2.0NRT,295.64,3.91,D
-12.59016,22.89101,335.12,0.53,0.5,2026-10-05,1134,N21,VIIRS,n,2.0NRT,300.45,5.48,D
-12.58686,22.59274,330.18,0.55,0.51,2026-10-05,1134,N21,VIIRS,n,2.0NRT,297.26,4.83,D
-12.57569,23.25698,331.46,0.5,0.49,2026-10-05,1134,N21,VIIRS,n,2.0NRT,298.23,4.49,D
-12.56098,22.64568,337.75,0.55,0.51,2026-10-05,1134,N21,VIIRS,n,2.0NRT,297.66,5.42,D
-12.51927,22.59966,340.66,0.55,0.51,2026-10-05,1134,N21,VIIRS,n,2.0NRT,297.1,7.98,D
-12.48784,22.60268,354.44,0.55,0.51,2026-10-05,1134,N21,VIIRS,n,2.0NRT,295.77,15.7,D
-12.48586,22.60042,340.54,0.55,0.51,2026-10-05,1134,N21,VIIRS,n,2.0NRT,296.9,11.16,D
-12.45247,22.61872,338.01,0.55,0.51,2026-10-05,1134,N21,VIIRS,n,2.0NRT,296.28,8.36,D
-12.42057,22.29391,350.22,0.57,0.52,2026-10-05,1134,N21,VIIRS,n,2.0NRT,299.18,14.63,D
-12.40623,25.0718,330.15,0.57,0.43,2026-10-05,1134,N21,VIIRS,n,2.0NRT,295.12,4.1,D
-12.38303,22.05051,336,0.6,0.53,2026-10-05,1134,N21,VIIRS,n,2.0NRT,296.7,13.66,D
-12.37817,22.0499,351.46,0.6,0.53,2026-10-05,1134,N21,VIIRS,n,2.0NRT,294.19,13.66,D
-12.36728,25.62239,339.83,0.53,0.42,2026-10-05,1134,N21,VIIRS,n,2.0NRT,297.42,8.77,D
-12.36165,22.56284,341.96,0.55,0.51,2026-10-05,1134,N21,VIIRS,n,2.0NRT,305.04,17.12,D
-12.3578,25.60617,332.9,0.53,0.42,2026-10-05,1134,N21,VIIRS,n,2.0NRT,297.78,5.26,D
-12.35697,22.56225,336.26,0.55,0.51,2026-10-05,1134,N21,VIIRS,n,2.0NRT,303.7,5.78,D
-12.35507,25.04073,333.08,0.57,0.43,2026-10-05,1134,N21,VIIRS,n,2.0NRT,294.74,5.03,D
-12.3349,25.57336,332.69,0.53,0.42,2026-10-05,1134,N21,VIIRS,n,2.0NRT,295.26,3.69,D
-12.31745,24.92879,338.16,0.39,0.44,2026-10-05,1134,N21,VIIRS,n,2.0NRT,295.84,4.52,D
-12.31699,24.93227,335.56,0.39,0.44,2026-10-05,1134,N21,VIIRS,n,2.0NRT,297.04,6.38,D
-12.30839,25.08723,332.42,0.57,0.43,2026-10-05,1134,N21,VIIRS,n,2.0NRT,298.33,6.54,D
-12.25958,22.52256,339.37,0.55,0.51,2026-10-05,1134,N21,VIIRS,n,2.0NRT,304.86,16.23,D
-12.25893,22.52756,341.71,0.55,0.51,2026-10-05,1134,N21,VIIRS,n,2.0NRT,305.3,16.23,D
-12.25488,22.52197,332.35,0.55,0.51,2026-10-05,1134,N21,VIIRS,l,2.0NRT,303.32,6.13,D
-12.25424,22.52698,337,0.55,0.51,2026-10-05,1134,N21,VIIRS,n,2.0NRT,306.08,6.13,D
-12.2497,22.56207,345.36,0.55,0.51,2026-10-05,1134,N21,VIIRS,n,2.0NRT,305.93,26.65,D
-12.2476,22.54145,337.65,0.55,0.51,2026-10-05,1134,N21,VIIRS,n,2.0NRT,302.58,5.16,D
-12.24696,22.54646,334.33,0.55,0.51,2026-10-05,1134,N21,VIIRS,n,2.0NRT,302.5,5.16,D
-12.22821,25.67838,336.97,0.52,0.42,2026-10-05,1134,N21,VIIRS,l,2.0NRT,297.65,8.21,D
-12.19604,22.53497,339.84,0.55,0.51,2026-10-05,1134,N21,VIIRS,n,2.0NRT,300.8,7.54,D
-12.19379,22.53123,342.18,0.55,0.51,2026-10-05,1134,N21,VIIRS,n,2.0NRT,304.42,8.59,D
-12.17491,26.25589,332.37,0.48,0.4,2026-10-05,1134,N21,VIIRS,n,2.0NRT,294.9,3.56,D
-12.15436,25.36854,332.94,0.54,0.42,2026-10-05,1134,N21,VIIRS,n,2.0NRT,297.94,4.44,D
-12.14314,22.73537,331.71,0.53,0.5,2026-10-05,1134,N21,VIIRS,l,2.0NRT,303.48,3.46,D
-12.07668,26.39574,342.81,0.48,0.4,2026-10-05,1134,N21,VIIRS,n,2.0NRT,300.21,18.89,D
-12.06041,26.27302,339.13,0.48,0.4,2026-10-05,1134,N21,VIIRS,n,2.0NRT,291.58,11.6,D
-12.01454,31.40664,336.17,0.4,0.37,2026-10-05,1134,N21,VIIRS,l,2.0NRT,309.09,5.19,D
-12.01116,31.40611,341.02,0.4,0.37,2026-10-05,1134,N21,VIIRS,n,2.0NRT,308.23,8.55,D
-12.00757,31.71245,350.99,0.41,0.37,2026-10-05,1134,N21,VIIRS,n,2.0NRT,305.71,8.42,D
-12.00357,31.71563,338.87,0.41,0.37,2026-10-05,1134,N21,VIIRS,n,2.0NRT,308.45,6.25,D
-11.99521,31.44096,340.83,0.4,0.37,2026-10-05,1134,N21,VIIRS,n,2.0NRT,311.23,55.35,D
-11.97649,31.22092,353.28,0.4,0.37,2026-10-05,1134,N21,VIIRS,n,2.0NRT,306.93,9.96,D
-11.97483,31.58986,332.75,0.41,0.37,2026-10-05,1134,N21,VIIRS,n,2.0NRT,300.91,8.85,D
-11.94516,31.07076,349.19,0.4,0.37,2026-10-05,1134,N21,VIIRS,n,2.0NRT,303.6,12.96,D
-11.91142,31.5228,333.04,0.41,0.37,2026-10-05,1134,N21,VIIRS,l,2.0NRT,304.14,6.12,D
-11.91083,31.5265,338.35,0.41,0.37,2026-10-05,1134,N21,VIIRS,l,2.0NRT,308.39,9.52,D
-11.90597,30.80253,339.5,0.39,0.36,2026-10-05,1134,N21,VIIRS,n,2.0NRT,299.38,5.52,D
-11.8948,31.38763,346.59,0.4,0.37,2026-10-05,1134,N21,VIIRS,n,2.0NRT,311.25,6.46,D
-11.89345,31.38715,344.08,0.4,0.37,2026-10-05,1134,N21,VIIRS,n,2.0NRT,311.04,6.55,D
-11.8895,31.39028,342.52,0.4,0.37,2026-10-05,1134,N21,VIIRS,n,2.0NRT,311.53,6.55,D
-11.88891,31.64215,343.87,0.41,0.37,2026-10-05,1134,N21,VIIRS,n,2.0NRT,304.42,5.5,D
-11.88872,31.53429,340.66,0.41,0.37,2026-10-05,1134,N21,VIIRS,n,2.0NRT,307.25,8.11,D
-11.88627,22.9809,340.66,0.51,0.49,2026-10-05,1134,N21,VIIRS,n,2.0NRT,299.09,7.82,D
-11.88551,31.64158,346.94,0.41,0.37,2026-10-05,1134,N21,VIIRS,n,2.0NRT,309.55,13.53,D
-11.88386,31.76142,341.7,0.41,0.37,2026-10-05,1134,N21,VIIRS,n,2.0NRT,306.11,7.11,D
-11.88044,31.76086,339.19,0.41,0.37,2026-10-05,1134,N21,VIIRS,n,2.0NRT,303.14,6.19,D
-11.87786,27.18051,344.27,0.44,0.38,2026-10-05,1134,N21,VIIRS,n,2.0NRT,295.37,9.21,D
-11.87763,31.75654,337.17,0.41,0.37,2026-10-05,1134,N21,VIIRS,n,2.0NRT,301.34,5.78,D
-11.87697,27.18065,334.8,0.44,0.38,2026-10-05,1134,N21,VIIRS,n,2.0NRT,296.87,9.6,D
-11.87422,31.75594,332.24,0.41,0.37,2026-10-05,1134,N21,VIIRS,n,2.0NRT,301.59,4.4,D
-11.87416,31.51665,350.23,0.41,0.37,2026-10-05,1134,N21,VIIRS,n,2.0NRT,308.24,12.51,D
-11.87362,31.75966,340.07,0.41,0.37,2026-10-05,1134,N21,VIIRS,n,2.0NRT,299.53,7.41,D
-11.87357,31.52034,347.48,0.41,0.37,2026-10-05,1134,N21,VIIRS,n,2.0NRT,314.12,20.81,D
-11.8732,31.5163,347.57,0.41,0.37,2026-10-05,1134,N21,VIIRS,n,2.0NRT,311.36,16.83,D
-11.87293,31.45164,341.77,0.41,0.37,2026-10-05,1134,N21,VIIRS,n,2.0NRT,307.88,5.11,D
-11.87262,31.51999,344.9,0.41,0.37,2026-10-05,1134,N21,VIIRS,n,2.0NRT,314.62,23.14,D
-11.83326,22.74586,341.58,0.52,0.5,2026-10-05,1134,N21,VIIRS,n,2.0NRT,303.76,11.18,D
-11.83281,22.74903,341.91,0.53,0.5,2026-10-05,1134,N21,VIIRS,n,2.0NRT,303.98,9.24,D
-11.82348,32.56399,345.45,0.44,0.39,2026-10-05,1134,N21,VIIRS,n,2.0NRT,310.07,11.44,D
-11.82088,26.38325,335.97,0.47,0.4,2026-10-05,1134,N21,VIIRS,l,2.0NRT,295.1,6.34,D
-11.81724,26.3827,344.23,0.47,0.4,2026-10-05,1134,N21,VIIRS,n,2.0NRT,297.3,27,D
-11.81077,31.62512,342.98,0.41,0.37,2026-10-05,1134,N21,VIIRS,n,2.0NRT,310.19,8.24,D
-11.81017,31.62889,341.58,0.41,0.37,2026-10-05,1134,N21,VIIRS,n,2.0NRT,308.79,8.24,D
-11.80737,31.62455,341.03,0.41,0.37,2026-10-05,1134,N21,VIIRS,n,2.0NRT,305.17,5.24,D
-11.80587,26.89865,339.3,0.45,0.39,2026-10-05,1134,N21,VIIRS,n,2.0NRT,296.01,6.57,D
-11.80567,26.89832,346,0.45,0.39,2026-10-05,1134,N21,VIIRS,n,2.0NRT,295.86,7.7,D
-11.79253,31.33625,335.85,0.4,0.37,2026-10-05,1134,N21,VIIRS,l,2.0NRT,307.48,2.63,D
-11.78609,27.11442,333.07,0.44,0.38,2026-10-05,1134,N21,VIIRS,l,2.0NRT,300.62,6.54,D
-11.78575,26.88734,340.1,0.45,0.39,2026-10-05,1134,N21,VIIRS,n,2.0NRT,297.79,6.87,D
-11.78398,26.89961,344.45,0.45,0.39,2026-10-05,1134,N21,VIIRS,n,2.0NRT,295.39,10.24,D
-11.77984,26.87804,337.42,0.45,0.39,2026-10-05,1134,N21,VIIRS,n,2.0NRT,297,7.22,D
-11.77675,26.11485,330.34,0.49,0.4,2026-10-05,1134,N21,VIIRS,l,2.0NRT,291.59,7.66,D
-11.77369,26.10986,334.61,0.49,0.4,2026-10-05,1134,N21,VIIRS,l,2.0NRT,290.65,10.3,D
-11.77213,26.88117,338.12,0.45,0.39,2026-10-05,1134,N21,VIIRS,l,2.0NRT,297.11,8.98,D
-11.77021,31.66045,350.53,0.41,0.37,2026-10-05,1134,N21,VIIRS,n,2.0NRT,305.4,11.55,D
-11.7697,26.82209,348.88,0.45,0.39,2026-10-05,1134,N21,VIIRS,n,2.0NRT,295.15,15.41,D
-11.76883,31.93274,335.1,0.42,0.38,2026-10-05,1134,N21,VIIRS,n,2.0NRT,302.75,5.51,D
-11.76822,31.93654,349.95,0.42,0.38,2026-10-05,1134,N21,VIIRS,n,2.0NRT,304.7,8.6,D
-11.7674,31.65617,343.98,0.41,0.37,2026-10-05,1134,N21,VIIRS,n,2.0NRT,313.85,27.9,D
-11.76539,31.93217,337.04,0.42,0.38,2026-10-05,1134,N21,VIIRS,n,2.0NRT,301.09,6.46,D
-11.76478,31.93599,343.96,0.42,0.38,2026-10-05,1134,N21,VIIRS,n,2.0NRT,302.95,13.2,D
-11.76417,31.93981,354.83,0.42,0.38,2026-10-05,1134,N21,VIIRS,n,2.0NRT,307.57,13.2,D
-11.7636,27.1397,332.65,0.44,0.38,2026-10-05,1134,N21,VIIRS,n,2.0NRT,299.37,6.15,D
-11.76356,31.94363,345.42,0.42,0.38,2026-10-05,1134,N21,VIIRS,n,2.0NRT,304.56,10.83,D
-11.76302,27.14368,338.05,0.44,0.38,2026-10-05,1134,N21,VIIRS,n,2.0NRT,300.97,6.15,D
-11.76134,31.93544,352.38,0.42,0.38,2026-10-05,1134,N21,VIIRS,n,2.0NRT,306.51,13.2,D
-11.76093,31.36119,336.78,0.4,0.37,2026-10-05,1134,N21,VIIRS,l,2.0NRT,307.92,3.22,D
-11.76073,31.93926,346.88,0.42,0.38,2026-10-05,1134,N21,VIIRS,n,2.0NRT,303.18,13.2,D
-11.75738,22.45767,340.68,0.55,0.51,2026-10-05,1134,N21,VIIRS,n,2.0NRT,300.48,8.38,D
-11.75439,22.45896,343.67,0.55,0.51,2026-10-05,1134,N21,VIIRS,n,2.0NRT,300.09,6.05,D
-11.7527,22.45707,336.79,0.55,0.51,2026-10-05,1134,N21,VIIRS,n,2.0NRT,302.66,8.38,D
-11.74971,22.45838,332.11,0.55,0.51,2026-10-05,1134,N21,VIIRS,n,2.0NRT,301.42,6.05,D
-11.74917,31.66084,350.38,0.41,0.37,2026-10-05,1134,N21,VIIRS,n,2.0NRT,311.11,37.32,D
-11.74885,32.73259,340.87,0.45,0.39,2026-10-05,1134,N21,VIIRS,n,2.0NRT,309.89,13.94,D
-11.74521,31.77259,344.37,0.41,0.37,2026-10-05,1134,N21,VIIRS,n,2.0NRT,305.69,7.25,D
-11.73508,31.81367,337.07,0.42,0.37,2026-10-05,1134,N21,VIIRS,n,2.0NRT,306.3,8.32,D
-11.73486,27.11525,331.12,0.44,0.38,2026-10-05,1134,N21,VIIRS,l,2.0NRT,299.21,2.9,D
-11.72671,31.71117,333.16,0.41,0.37,2026-10-05,1134,N21,VIIRS,l,2.0NRT,305.25,4.71,D
-11.7233,31.7106,339.41,0.41,0.37,2026-10-05,1134,N21,VIIRS,n,2.0NRT,304.7,4.71,D
-11.72186,27.08079,333.28,0.44,0.38,2026-10-05,1134,N21,VIIRS,n,2.0NRT,300.46,5.03,D
-11.72178,31.76473,344.61,0.42,0.37,2026-10-05,1134,N21,VIIRS,n,2.0NRT,307.14,7.27,D
-11.71929,31.71384,342.35,0.41,0.37,2026-10-05,1134,N21,VIIRS,n,2.0NRT,305.84,9.47,D
-11.71896,31.76035,336,0.41,0.37,2026-10-05,1134,N21,VIIRS,n,2.0NRT,305.17,7.48,D
-11.71766,31.70193,343.4,0.41,0.37,2026-10-05,1134,N21,VIIRS,n,2.0NRT,303.77,4.61,D
-11.71707,31.70571,334.28,0.41,0.37,2026-10-05,1134,N21,VIIRS,n,2.0NRT,304.24,4.61,D
-11.71212,31.75919,348.13,0.41,0.37,2026-10-05,1134,N21,VIIRS,n,2.0NRT,304.06,16.83,D
-11.70617,22.57355,339.63,0.54,0.51,2026-10-05,1134,N21,VIIRS,n,2.0NRT,300.26,10.33,D
-11.70185,31.2538,336.5,0.4,0.37,2026-10-05,1134,N21,VIIRS,l,2.0NRT,310.48,7.71,D
-11.6912,31.73627,346.64,0.41,0.37,2026-10-05,1134,N21,VIIRS,n,2.0NRT,305.62,13.31,D
-11.68907,22.70441,349.83,0.53,0.5,2026-10-05,1134,N21,VIIRS,n,2.0NRT,301.36,11.6,D
-11.68432,32.85782,348.65,0.46,0.39,2026-10-05,1134,N21,VIIRS,n,2.0NRT,312.76,18.96,D
-11.67532,31.79195,333.18,0.42,0.37,2026-10-05,1134,N21,VIIRS,l,2.0NRT,306.02,6.26,D
-11.66849,31.85684,335.79,0.42,0.38,2026-10-05,1134,N21,VIIRS,n,2.0NRT,307,9.95,D
-11.66788,31.86064,367,0.42,0.38,2026-10-05,1134,N21,VIIRS,h,2.0NRT,312.69,9.95,D
-11.66424,31.88344,335.07,0.42,0.38,2026-10-05,1134,N21,VIIRS,n,2.0NRT,295.32,4.56,D
-11.66161,33.01749,340.38,0.47,0.39,2026-10-05,1134,N21,VIIRS,n,2.0NRT,309.21,10.45,D
-11.64787,32.98851,339.94,0.47,0.39,2026-10-05,1134,N21,VIIRS,l,2.0NRT,312.8,8.57,D
-11.64538,33.38799,340.11,0.49,0.4,2026-10-05,1134,N21,VIIRS,n,2.0NRT,309.73,4.33,D
-11.63888,31.37945,336.58,0.4,0.37,2026-10-05,1134,N21,VIIRS,n,2.0NRT,305.32,11.8,D
-11.63652,31.90236,334.95,0.42,0.38,2026-10-05,1134,N21,VIIRS,n,2.0NRT,302.17,3.8,D
-11.6359,31.90625,350.52,0.42,0.38,2026-10-05,1134,N21,VIIRS,n,2.0NRT,307.8,13.48,D
-11.62841,31.90891,342.49,0.42,0.38,2026-10-05,1134,N21,VIIRS,n,2.0NRT,305.84,10.85,D
-11.62497,31.90831,340.85,0.42,0.38,2026-10-05,1134,N21,VIIRS,n,2.0NRT,308.65,24.52,D
-11.61853,33.09741,338.3,0.47,0.4,2026-10-05,1134,N21,VIIRS,l,2.0NRT,310.45,5.74,D
-11.60547,31.67908,334.13,0.41,0.37,2026-10-05,1134,N21,VIIRS,n,2.0NRT,298.19,3.46,D
-11.59458,33.39747,347.47,0.49,0.4,2026-10-05,1134,N21,VIIRS,n,2.0NRT,311.23,15.37,D
-11.59089,33.39685,343.49,0.49,0.4,2026-10-05,1134,N21,VIIRS,n,2.0NRT,311.89,11.86,D
-11.58588,22.15085,332.87,0.57,0.52,2026-10-05,1134,N21,VIIRS,n,2.0NRT,298.23,2.48,D
-11.58552,22.14764,341.36,0.57,0.52,2026-10-05,1134,N21,VIIRS,n,2.0NRT,298.83,12.07,D
-11.58176,22.14503,339.92,0.57,0.52,2026-10-05,1134,N21,VIIRS,n,2.0NRT,299.56,6.45,D
-11.58111,22.15023,334.32,0.57,0.52,2026-10-05,1134,N21,VIIRS,n,2.0NRT,298.22,4.86,D
-11.58075,22.14702,341.93,0.57,0.52,2026-10-05,1134,N21,VIIRS,n,2.0NRT,298.76,7.51,D
-11.58062,33.36786,339.77,0.49,0.4,2026-10-05,1134,N21,VIIRS,l,2.0NRT,312.56,11.35,D
-11.57973,31.95294,336.57,0.42,0.38,2026-10-05,1134,N21,VIIRS,l,2.0NRT,308.91,4.08,D
-11.57764,33.36866,340.13,0.49,0.4,2026-10-05,1134,N21,VIIRS,n,2.0NRT,311.34,8.59,D
-11.57553,31.84584,340.88,0.42,0.38,2026-10-05,1134,N21,VIIRS,n,2.0NRT,309.66,8.99,D
-11.56829,31.20198,336.92,0.4,0.37,2026-10-05,1134,N21,VIIRS,n,2.0NRT,301.55,3.57,D
-11.54678,22.22163,341.8,0.56,0.52,2026-10-05,1134,N21,VIIRS,n,2.0NRT,305.05,10.29,D
-11.54362,33.72353,337.12,0.51,0.41,2026-10-05,1134,N21,VIIRS,n,2.0NRT,305.85,5.25,D
-11.54271,31.91891,352.1,0.42,0.38,2026-10-05,1134,N21,VIIRS,n,2.0NRT,310.12,6.75,D
-11.53927,31.91834,345.54,0.42,0.38,2026-10-05,1134,N21,VIIRS,n,2.0NRT,310.37,6.75,D
-11.53504,31.98895,333.58,0.42,0.38,2026-10-05,1134,N21,VIIRS,l,2.0NRT,305.12,13.48,D
-11.53424,31.90562,332,0.42,0.38,2026-10-05,1134,N21,VIIRS,l,2.0NRT,304.42,13.13,D
-11.53362,31.90948,349.04,0.42,0.38,2026-10-05,1134,N21,VIIRS,n,2.0NRT,307.51,13.13,D
-11.52876,31.98396,339.48,0.42,0.38,2026-10-05,1134,N21,VIIRS,n,2.0NRT,304.43,10.23,D
-11.51366,22.25426,347.59,0.56,0.52,2026-10-05,1134,N21,VIIRS,n,2.0NRT,298.86,10.96,D
-11.50894,22.2536,351.15,0.56,0.52,2026-10-05,1134,N21,VIIRS,n,2.0NRT,300.01,11.64,D
-11.50831,25.71506,347.27,0.51,0.41,2026-10-05,1134,N21,VIIRS,l,2.0NRT,295.87,41.94,D
-11.50519,25.70992,344.83,0.51,0.41,2026-10-05,1134,N21,VIIRS,l,2.0NRT,301.92,41.94,D
-11.49892,31.10447,346.14,0.4,0.37,2026-10-05,1134,N21,VIIRS,n,2.0NRT,310.19,16.35,D
-11.49649,31.74624,351.89,0.42,0.37,2026-10-05,1134,N21,VIIRS,n,2.0NRT,302.41,16.91,D
-11.48837,31.68668,340.95,0.41,0.37,2026-10-05,1134,N21,VIIRS,n,2.0NRT,302.53,5.11,D
-11.48714,31.11377,347.85,0.4,0.37,2026-10-05,1134,N21,VIIRS,n,2.0NRT,309.37,7.46,D
-11.48701,31.95721,338.76,0.42,0.38,2026-10-05,1134,N21,VIIRS,n,2.0NRT,308.2,6.71,D
-11.47558,31.78948,334.25,0.42,0.37,2026-10-05,1134,N21,VIIRS,n,2.0NRT,303.98,3.67,D
-11.47427,32.16741,346.62,0.43,0.38,2026-10-05,1134,N21,VIIRS,n,2.0NRT,311.1,10.88,D
-11.47214,31.78895,338.88,0.42,0.37,2026-10-05,1134,N21,VIIRS,l,2.0NRT,310.28,3.67,D
-11.47095,31.79647,340.59,0.42,0.38,2026-10-05,1134,N21,VIIRS,l,2.0NRT,312.03,12.71,D
-11.46871,31.78842,350.03,0.42,0.37,2026-10-05,1134,N21,VIIRS,n,2.0NRT,314.43,62.87,D
-11.46812,31.79216,341.24,0.42,0.38,2026-10-05,1134,N21,VIIRS,n,2.0NRT,307.99,25.43,D
-11.4634,31.86619,343.85,0.42,0.38,2026-10-05,1134,N21,VIIRS,n,2.0NRT,308.13,17.4,D
-11.45787,33.22728,338.82,0.48,0.4,2026-10-05,1134,N21,VIIRS,l,2.0NRT,311.31,7.87,D
-11.45253,32.14734,335.98,0.43,0.38,2026-10-05,1134,N21,VIIRS,n,2.0NRT,305.32,7.43,D
-11.42687,22.78119,330.59,0.52,0.5,2026-10-05,1134,N21,VIIRS,l,2.0NRT,301.04,5.36,D
-11.41521,22.4429,344.5,0.54,0.51,2026-10-05,1134,N21,VIIRS,n,2.0NRT,296.8,40.54,D
-11.41252,30.89417,345.46,0.4,0.37,2026-10-05,1134,N21,VIIRS,n,2.0NRT,304.82,20.32,D
-11.41046,32.64824,342.38,0.45,0.39,2026-10-05,1134,N21,VIIRS,l,2.0NRT,312.7,14.52,D
-11.40335,32.64702,350.64,0.45,0.39,2026-10-05,1134,N21,VIIRS,n,2.0NRT,313.43,17.85,D
-11.39645,33.32507,338.05,0.49,0.4,2026-10-05,1134,N21,VIIRS,l,2.0NRT,311.97,6.37,D
-11.36746,32.0006,349.06,0.43,0.38,2026-10-05,1134,N21,VIIRS,n,2.0NRT,310.2,8.77,D
-11.364,32.00002,345.82,0.43,0.38,2026-10-05,1134,N21,VIIRS,n,2.0NRT,313.37,8.84,D
-11.35031,22.15546,330.37,0.57,0.52,2026-10-05,1134,N21,VIIRS,n,2.0NRT,296.16,22.51,D
-11.34965,22.16053,340.17,0.57,0.52,2026-10-05,1134,N21,VIIRS,n,2.0NRT,301.84,37.5,D
-11.34942,22.72933,353.5,0.52,0.5,2026-10-05,1134,N21,VIIRS,n,2.0NRT,301.85,19.32,D
-11.33825,22.39083,339.93,0.55,0.51,2026-10-05,1134,N21,VIIRS,n,2.0NRT,300.34,7.73,D
-11.33686,22.38795,330.15,0.55,0.51,2026-10-05,1134,N21,VIIRS,l,2.0NRT,302.38,9.23,D
-11.33673,33.32579,336.73,0.49,0.4,2026-10-05,1134,N21,VIIRS,l,2.0NRT,308.85,3.58,D
-11.31894,22.74967,342.37,0.52,0.5,2026-10-05,1134,N21,VIIRS,n,2.0NRT,301.82,14.99,D
-11.31654,30.85615,336.22,0.39,0.37,2026-10-05,1134,N21,VIIRS,l,2.0NRT,307.06,3.94,D
-11.31499,22.74433,344.54,0.52,0.5,2026-10-05,1134,N21,VIIRS,n,2.0NRT,300.62,14.99,D
-11.31389,31.94407,338.77,0.42,0.38,2026-10-05,1134,N21,VIIRS,l,2.0NRT,310.69,7.18,D
-11.29473,33.35065,345.94,0.49,0.4,2026-10-05,1134,N21,VIIRS,n,2.0NRT,311.28,11.12,D
-11.29104,33.35,341.56,0.49,0.4,2026-10-05,1134,N21,VIIRS,l,2.0NRT,312.72,11.12,D
-11.28852,24.30656,337.16,0.41,0.45,2026-10-05,1134,N21,VIIRS,n,2.0NRT,297.71,5.21,D
-11.28802,24.31022,333.57,0.41,0.45,2026-10-05,1134,N21,VIIRS,n,2.0NRT,296.82,4.53,D
-11.27651,22.71248,332.76,0.52,0.5,2026-10-05,1134,N21,VIIRS,l,2.0NRT,304.85,7.02,D
-11.24514,25.1936,334.38,0.54,0.42,2026-10-05,1134,N21,VIIRS,n,2.0NRT,302.35,8.27,D
-11.24375,32.01268,335.19,0.43,0.38,2026-10-05,1134,N21,VIIRS,l,2.0NRT,307.85,22.63,D
-11.24149,25.24809,334.14,0.54,0.42,2026-10-05,1134,N21,VIIRS,n,2.0NRT,302.73,3.92,D
-11.24029,32.01211,346.42,0.43,0.38,2026-10-05,1134,N21,VIIRS,n,2.0NRT,317.55,22.63,D
-11.23491,25.26708,336.36,0.53,0.42,2026-10-05,1134,N21,VIIRS,n,2.0NRT,301.05,11.74,D
-11.23124,25.15136,332.21,0.54,0.42,2026-10-05,1134,N21,VIIRS,n,2.0NRT,300.46,6.92,D
-11.22888,31.26279,342.73,0.4,0.37,2026-10-05,1134,N21,VIIRS,n,2.0NRT,307.98,17.14,D
-11.22668,25.15575,337.07,0.54,0.42,2026-10-05,1134,N21,VIIRS,n,2.0NRT,300.97,6.92,D
-11.21734,31.88894,335.07,0.42,0.38,2026-10-05,1134,N21,VIIRS,l,2.0NRT,307.03,4.84,D
-11.21468,32.95105,343.57,0.47,0.4,2026-10-05,1134,N21,VIIRS,l,2.0NRT,313.75,15.7,D
-11.21389,31.88836,348.81,0.42,0.38,2026-10-05,1134,N21,VIIRS,n,2.0NRT,305.15,69.34,D
-11.21045,31.88777,367,0.42,0.38,2026-10-05,1134,N21,VIIRS,l,2.0NRT,325.87,69.34,D
-11.20066,32.08197,341.7,0.43,0.38,2026-10-05,1134,N21,VIIRS,n,2.0NRT,311.67,26.11,D
-11.19939,32.08987,336.23,0.43,0.38,2026-10-05,1134,N21,VIIRS,l,2.0NRT,309.85,4,D
-11.19723,25.22671,343.84,0.54,0.42,2026-10-05,1134,N21,VIIRS,n,2.0NRT,297.67,10.1,D
-11.19145,32.1172,343.56,0.43,0.38,2026-10-05,1134,N21,VIIRS,n,2.0NRT,310.46,8.3,D
-11.17734,32.43012,352.7,0.44,0.39,2026-10-05,1134,N21,VIIRS,n,2.0NRT,309.99,5.9,D
-11.17092,32.17804,341.31,0.43,0.38,2026-10-05,1134,N21,VIIRS,n,2.0NRT,310.64,7.26,D
-11.16497,32.05988,341.29,0.43,0.38,2026-10-05,1134,N21,VIIRS,l,2.0NRT,312.97,14.79,D
-11.15137,24.09039,338.97,0.42,0.45,2026-10-05,1134,N21,VIIRS,n,2.0NRT,298.46,7.44,D
-11.14509,24.07413,339.78,0.42,0.45,2026-10-05,1134,N21,VIIRS,n,2.0NRT,300.55,2.6,D
-11.14298,32.21769,338.3,0.44,0.38,2026-10-05,1134,N21,VIIRS,n,2.0NRT,306.54,9.42,D
-11.14205,23.67747,339.68,0.45,0.47,2026-10-05,1134,N21,VIIRS,n,2.0NRT,299.49,7.09,D
-11.13917,32.19689,347.69,0.44,0.38,2026-10-05,1134,N21,VIIRS,n,2.0NRT,317.61,39.06,D
-11.13891,32.17643,367,0.43,0.38,2026-10-05,1134,N21,VIIRS,l,2.0NRT,326.34,68.49,D
-11.13873,31.41505,342.2,0.41,0.37,2026-10-05,1134,N21,VIIRS,n,2.0NRT,309.12,6.08,D
-11.138,32.15998,338.52,0.43,0.38,2026-10-05,1134,N21,VIIRS,l,2.0NRT,312.42,14.93,D
-11.13761,32.18443,335.46,0.43,0.38,2026-10-05,1134,N21,VIIRS,l,2.0NRT,307.01,4.82,D
-11.13657,23.71774,333.77,0.44,0.46,2026-10-05,1134,N21,VIIRS,n,2.0NRT,299.86,4.14,D
-11.13569,32.19624,346.5,0.44,0.38,2026-10-05,1134,N21,VIIRS,n,2.0NRT,308.56,6.75,D
-11.13547,23.72582,345.77,0.44,0.46,2026-10-05,1134,N21,VIIRS,n,2.0NRT,299.15,9.86,D
-11.13542,32.17585,337.81,0.43,0.38,2026-10-05,1134,N21,VIIRS,n,2.0NRT,304.01,68.49,D
-11.13487,32.46853,342.7,0.45,0.39,2026-10-05,1134,N21,VIIRS,n,2.0NRT,305.12,9.69,D
-11.13426,24.09192,343.62,0.42,0.45,2026-10-05,1134,N21,VIIRS,n,2.0NRT,301.44,7.7,D
-11.13421,32.47261,342.33,0.45,0.39,2026-10-05,1134,N21,VIIRS,n,2.0NRT,305.5,5.8,D
-11.13382,32.56528,352.82,0.45,0.39,2026-10-05,1134,N21,VIIRS,n,2.0NRT,314.07,9.76,D
-11.13375,24.09576,340.43,0.42,0.45,2026-10-05,1134,N21,VIIRS,n,2.0NRT,298.86,3.61,D
-11.13358,32.14313,340.91,0.43,0.38,2026-10-05,1134,N21,VIIRS,n,2.0NRT,306.59,25.27,D
-11.13316,32.56938,339.46,0.45,0.39,2026-10-05,1134,N21,VIIRS,l,2.0NRT,310.47,9.76,D
-11.13295,32.147,353.49,0.43,0.38,2026-10-05,1134,N21,VIIRS,n,2.0NRT,310.57,25.27,D
-11.13133,32.46793,353.18,0.45,0.39,2026-10-05,1134,N21,VIIRS,n,2.0NRT,307.76,9.69,D
-11.13067,32.47202,334.6,0.45,0.39,2026-10-05,1134,N21,VIIRS,l,2.0NRT,306.01,5.8,D
-11.12955,23.73748,339.13,0.44,0.46,2026-10-05,1134,N21,VIIRS,n,2.0NRT,297.88,7.76,D
-11.12739,32.5599,342.97,0.45,0.39,2026-10-05,1134,N21,VIIRS,n,2.0NRT,311.92,10.1,D
-11.12694,24.27203,331.18,0.41,0.45,2026-10-05,1134,N21,VIIRS,l,2.0NRT,302.2,4.29,D
-11.12672,32.564,336.71,0.45,0.39,2026-10-05,1134,N21,VIIRS,l,2.0NRT,309.54,3.34,D
-11.1253,23.73691,339.43,0.44,0.46,2026-10-05,1134,N21,VIIRS,n,2.0NRT,298.51,15.2,D
-11.12475,23.74095,341.65,0.44,0.46,2026-10-05,1134,N21,VIIRS,n,2.0NRT,300.72,15.2,D
-11.12302,24.14475,339.77,0.42,0.45,2026-10-05,1134,N21,VIIRS,n,2.0NRT,298.45,10.6,D
-11.12224,22.14614,330.21,0.56,0.52,2026-10-05,1134,N21,VIIRS,n,2.0NRT,295.74,3.35,D
-11.12105,23.73634,352.76,0.44,0.46,2026-10-05,1134,N21,VIIRS,n,2.0NRT,300.45,15.2,D
-11.11715,24.09354,341.9,0.42,0.45,2026-10-05,1134,N21,VIIRS,n,2.0NRT,299.92,10.55,D
-11.11639,32.27054,336.39,0.44,0.38,2026-10-05,1134,N21,VIIRS,n,2.0NRT,296.49,5.75,D
-11.11619,32.24976,348.93,0.44,0.38,2026-10-05,1134,N21,VIIRS,n,2.0NRT,311.13,14.88,D
-11.11477,24.09358,341.3,0.42,0.45,2026-10-05,1134,N21,VIIRS,n,2.0NRT,303.83,21.48,D
-11.11436,30.73496,330.7,0.39,0.36,2026-10-05,1134,N21,VIIRS,l,2.0NRT,302.67,2.14,D
-11.11427,30.53754,336.58,0.39,0.36,2026-10-05,1134,N21,VIIRS,n,2.0NRT,305.01,5.28,D
-11.11379,24.07019,341.11,0.42,0.45,2026-10-05,1134,N21,VIIRS,n,2.0NRT,301.92,6.92,D
-11.11299,24.09305,343.25,0.42,0.45,2026-10-05,1134,N21,VIIRS,n,2.0NRT,300.24,10.55,D
-11.11289,32.26992,337.69,0.44,0.38,2026-10-05,1134,N21,VIIRS,n,2.0NRT,302.65,5.75,D
-11.11262,23.70254,333.45,0.44,0.46,2026-10-05,1134,N21,VIIRS,n,2.0NRT,304.27,23.24,D
-11.1124,32.04272,346.3,0.43,0.38,2026-10-05,1134,N21,VIIRS,n,2.0NRT,308.94,13.75,D
-11.11208,23.70657,336.34,0.44,0.46,2026-10-05,1134,N21,VIIRS,n,2.0NRT,300.29,23.24,D
-11.11135,32.65905,347.32,0.46,0.39,2026-10-05,1134,N21,VIIRS,n,2.0NRT,313.99,8.51,D
-11.11113,24.08931,340.48,0.42,0.45,2026-10-05,1134,N21,VIIRS,n,2.0NRT,298.76,10.33,D
-11.11102,30.73442,331.23,0.39,0.36,2026-10-05,1134,N21,VIIRS,l,2.0NRT,303.77,3.31,D
-11.11039,30.54056,343.52,0.39,0.36,2026-10-05,1134,N21,VIIRS,n,2.0NRT,308.81,6.32,D
-11.10778,32.65843,348.67,0.46,0.39,2026-10-05,1134,N21,VIIRS,n,2.0NRT,311.65,8.51,D
-11.10688,31.96585,336.75,0.43,0.38,2026-10-05,1134,N21,VIIRS,l,2.0NRT,310.34,8.85,D
-11.10663,26.98465,367,0.44,0.38,2026-10-05,1134,N21,VIIRS,h,2.0NRT,293.16,16.94,D
-11.10563,31.2879,346.9,0.41,0.37,2026-10-05,1134,N21,VIIRS,n,2.0NRT,306.91,10.54,D
-11.10342,31.96524,354.09,0.43,0.38,2026-10-05,1134,N21,VIIRS,n,2.0NRT,312.47,8.85,D
-11.10183,22.11773,350.85,0.57,0.52,2026-10-05,1134,N21,VIIRS,n,2.0NRT,292.26,16.52,D
-11.09929,32.66552,339.35,0.46,0.39,2026-10-05,1134,N21,VIIRS,l,2.0NRT,309.81,5.88,D
-11.09888,24.29467,332.07,0.41,0.45,2026-10-05,1134,N21,VIIRS,n,2.0NRT,302.42,4.18,D
-11.09804,30.35707,342.6,0.39,0.36,2026-10-05,1134,N21,VIIRS,n,2.0NRT,302.71,9.07,D
-11.09798,30.31367,340.18,0.39,0.36,2026-10-05,1134,N21,VIIRS,n,2.0NRT,293.76,3.46,D
-11.09795,30.29199,351.24,0.39,0.36,2026-10-05,1134,N21,VIIRS,n,2.0NRT,294.89,6.56,D
-11.09756,32.0687,347.81,0.43,0.38,2026-10-05,1134,N21,VIIRS,n,2.0NRT,310.31,41.29,D
-11.09572,32.66491,347.12,0.46,0.39,2026-10-05,1134,N21,VIIRS,n,2.0NRT,310.15,11.14,D
-11.09521,30.30962,353.26,0.39,0.36,2026-10-05,1134,N21,VIIRS,n,2.0NRT,305.97,11.06,D
-11.09505,32.66906,349.49,0.46,0.39,2026-10-05,1134,N21,VIIRS,n,2.0NRT,312.42,12.37,D
-11.0948,24.29408,336.01,0.41,0.45,2026-10-05,1134,N21,VIIRS,n,2.0NRT,303.07,4.18,D
-11.09425,32.24646,350.01,0.44,0.38,2026-10-05,1134,N21,VIIRS,n,2.0NRT,318.78,56.33,D
-11.08662,32.29431,338.03,0.44,0.38,2026-10-05,1134,N21,VIIRS,l,2.0NRT,310.2,7,D
-11.0856,26.67679,342.67,0.45,0.39,2026-10-05,1134,N21,VIIRS,n,2.0NRT,299.58,7.7,D
-11.08387,26.46693,331.86,0.46,0.39,2026-10-05,1134,N21,VIIRS,l,2.0NRT,299.05,5.06,D
-11.08297,32.67556,337.04,0.46,0.39,2026-10-05,1134,N21,VIIRS,l,2.0NRT,310.45,4.95,D
-11.08187,24.26956,340.09,0.41,0.45,2026-10-05,1134,N21,VIIRS,n,2.0NRT,299.56,13.45,D
-11.07987,24.22373,332.11,0.41,0.45,2026-10-05,1134,N21,VIIRS,n,2.0NRT,295.38,3.49,D
-11.07968,26.47057,333.83,0.46,0.39,2026-10-05,1134,N21,VIIRS,l,2.0NRT,301.77,10.11,D
-11.07775,24.29913,331.17,0.41,0.45,2026-10-05,1134,N21,VIIRS,n,2.0NRT,297.1,3,D
-11.0745,32.23505,341.96,0.44,0.38,2026-10-05,1134,N21,VIIRS,n,2.0NRT,305.85,3.91,D
-11.07428,24.0807,330.88,0.42,0.45,2026-10-05,1134,N21,VIIRS,n,2.0NRT,298.6,2.1,D
-11.07386,32.239,341.21,0.44,0.38,2026-10-05,1134,N21,VIIRS,n,2.0NRT,307.04,7.63,D
-11.0673,32.68153,350.12,0.46,0.39,2026-10-05,1134,N21,VIIRS,n,2.0NRT,318.2,23.77,D
-11.06712,26.50693,333.22,0.46,0.39,2026-10-05,1134,N21,VIIRS,l,2.0NRT,300.26,5.61,D
-11.06702,24.10303,334.11,0.42,0.45,2026-10-05,1134,N21,VIIRS,n,2.0NRT,299.28,5.47,D
-11.06661,32.6857,345.3,0.46,0.39,2026-10-05,1134,N21,VIIRS,n,2.0NRT,314.6,23.77,D
-11.06636,23.85515,338.16,0.43,0.46,2026-10-05,1134,N21,VIIRS,n,2.0NRT,295.51,5.9,D
-11.06535,22.13914,334.77,0.56,0.52,2026-10-05,1134,N21,VIIRS,n,2.0NRT,301.1,20.11,D
-11.06469,22.14429,339.59,0.56,0.52,2026-10-05,1134,N21,VIIRS,n,2.0NRT,299.86,20.11,D
-11.0639,24.33889,336.61,0.4,0.44,2026-10-05,1134,N21,VIIRS,n,2.0NRT,302.88,6.89,D
-11.06354,22.14225,351.77,0.56,0.52,2026-10-05,1134,N21,VIIRS,n,2.0NRT,299.47,27.95,D
-11.06161,30.54732,346.67,0.39,0.36,2026-10-05,1134,N21,VIIRS,n,2.0NRT,308.56,10.2,D
-11.06155,23.60542,339.73,0.45,0.47,2026-10-05,1134,N21,VIIRS,n,2.0NRT,295.94,32.54,D
-11.05875,24.10183,340.08,0.42,0.45,2026-10-05,1134,N21,VIIRS,n,2.0NRT,300.78,15.82,D
-11.05872,33.14433,342.4,0.48,0.4,2026-10-05,1134,N21,VIIRS,l,2.0NRT,315.63,16.87,D
-11.05732,23.69938,339.6,0.44,0.46,2026-10-05,1134,N21,VIIRS,n,2.0NRT,297.59,10.79,D
-11.05674,23.69914,337.23,0.44,0.46,2026-10-05,1134,N21,VIIRS,n,2.0NRT,297.62,10.14,D
-11.05616,23.61298,346.34,0.45,0.47,2026-10-05,1134,N21,VIIRS,n,2.0NRT,299.13,25.24,D
-11.05573,24.27753,297.16,0.41,0.45,2026-10-05,1134,N21,VIIRS,l,2.0NRT,302.5,34.72,D
-11.05521,24.28125,341.17,0.41,0.45,2026-10-05,1134,N21,VIIRS,n,2.0NRT,305.69,34.72,D
-11.05287,23.73153,336.95,0.44,0.46,2026-10-05,1134,N21,VIIRS,n,2.0NRT,295.75,7.54,D
-11.05254,23.73135,345.67,0.44,0.46,2026-10-05,1134,N21,VIIRS,n,2.0NRT,296.37,9.44,D
-11.04863,23.73096,343.24,0.44,0.46,2026-10-05,1134,N21,VIIRS,n,2.0NRT,299.6,7.54,D
-11.04631,24.13143,339.73,0.42,0.45,2026-10-05,1134,N21,VIIRS,n,2.0NRT,299.34,5.54,D
-11.04351,23.57779,344.89,0.45,0.47,2026-10-05,1134,N21,VIIRS,n,2.0NRT,301.3,16.5,D
-11.04255,32.29927,335.92,0.44,0.38,2026-10-05,1134,N21,VIIRS,l,2.0NRT,307.96,3.82,D
-11.04236,32.39006,342.74,0.44,0.39,2026-10-05,1134,N21,VIIRS,n,2.0NRT,309.22,10.74,D
-11.04227,24.19233,339.39,0.41,0.45,2026-10-05,1134,N21,VIIRS,n,2.0NRT,299.36,5.38,D
-11.04123,23.72189,342.32,0.44,0.46,2026-10-05,1134,N21,VIIRS,n,2.0NRT,297.05,10.56,D
-11.03909,24.15377,347.93,0.41,0.45,2026-10-05,1134,N21,VIIRS,n,2.0NRT,305.04,12.26,D
-11.03865,32.32337,338.93,0.44,0.38,2026-10-05,1134,N21,VIIRS,n,2.0NRT,307.58,5.02,D
-11.03858,24.15754,331.7,0.41,0.45,2026-10-05,1134,N21,VIIRS,n,2.0NRT,300.96,12.26,D
-11.03801,32.32737,337.24,0.44,0.38,2026-10-05,1134,N21,VIIRS,l,2.0NRT,307.51,5.02,D
-11.03431,32.06232,349.58,0.43,0.38,2026-10-05,1134,N21,VIIRS,n,2.0NRT,316.6,54.9,D
-11.02683,31.63053,343.27,0.42,0.37,2026-10-05,1134,N21,VIIRS,l,2.0NRT,316.48,9.66,D
-11.02385,24.73395,299.45,0.57,0.43,2026-10-05,1134,N21,VIIRS,l,2.0NRT,321.55,119,D
-11.02343,32.28373,339.09,0.44,0.38,2026-10-05,1134,N21,VIIRS,l,2.0NRT,313.54,12.55,D
-11.02316,24.73915,334.9,0.57,0.43,2026-10-05,1134,N21,VIIRS,n,2.0NRT,295.32,119,D
-11.02303,32.30839,336.45,0.44,0.38,2026-10-05,1134,N21,VIIRS,l,2.0NRT,307.97,5.25,D
-11.02061,24.73667,351.71,0.57,0.43,2026-10-05,1134,N21,VIIRS,n,2.0NRT,299.95,42.8,D
-11.02056,32.27918,340.56,0.44,0.38,2026-10-05,1134,N21,VIIRS,l,2.0NRT,311.88,8.14,D
-11.02054,32.39055,349.84,0.44,0.39,2026-10-05,1134,N21,VIIRS,n,2.0NRT,312,6.79,D
-11.01919,24.73861,343.05,0.57,0.43,2026-10-05,1134,N21,VIIRS,n,2.0NRT,296.28,119,D
-11.01493,32.33599,347.13,0.44,0.39,2026-10-05,1134,N21,VIIRS,n,2.0NRT,305.15,8.04,D
-11.01469,32.31525,347.01,0.44,0.38,2026-10-05,1134,N21,VIIRS,n,2.0NRT,305.04,9.25,D
-11.01403,32.31928,339.69,0.44,0.38,2026-10-05,1134,N21,VIIRS,n,2.0NRT,309.58,6.07,D
-11.01338,32.32332,351.64,0.44,0.38,2026-10-05,1134,N21,VIIRS,n,2.0NRT,314.59,6.07,D
-11.01174,31.32594,339.71,0.41,0.37,2026-10-05,1134,N21,VIIRS,n,2.0NRT,307.89,12.73,D
-11.01164,31.34865,348.45,0.41,0.37,2026-10-05,1134,N21,VIIRS,n,2.0NRT,318.94,14.27,D
-11.01052,32.31868,340.03,0.44,0.38,2026-10-05,1134,N21,VIIRS,l,2.0NRT,310.36,6.07,D
-11.00986,32.32271,335.76,0.44,0.38,2026-10-05,1134,N21,VIIRS,l,2.0NRT,307.91,6.07,D
-11.00657,24.1455,348.68,0.41,0.45,2026-10-05,1134,N21,VIIRS,n,2.0NRT,298.06,14.33,D
-11.00445,30.84613,339.88,0.4,0.37,2026-10-05,1134,N21,VIIRS,n,2.0NRT,308.72,7.71,D
-10.99815,23.42411,339.93,0.46,0.47,2026-10-05,1134,N21,VIIRS,n,2.0NRT,299.44,15.12,D
-10.99761,23.42829,340.17,0.46,0.47,2026-10-05,1134,N21,VIIRS,n,2.0NRT,301.59,21.6,D
-10.99699,32.17352,340.21,0.44,0.38,2026-10-05,1134,N21,VIIRS,l,2.0NRT,312.42,8.78,D
-10.99614,23.42392,336.81,0.46,0.47,2026-10-05,1134,N21,VIIRS,n,2.0NRT,299.74,12.8,D
-10.99556,23.4281,340.06,0.46,0.47,2026-10-05,1134,N21,VIIRS,n,2.0NRT,301.96,18.48,D
-10.98067,23.68959,337.08,0.44,0.46,2026-10-05,1134,N21,VIIRS,n,2.0NRT,296.56,5.34,D
-10.9785,23.73841,345.56,0.44,0.46,2026-10-05,1134,N21,VIIRS,n,2.0NRT,292.54,7.47,D
-10.97695,32.23161,344.53,0.44,0.38,2026-10-05,1134,N21,VIIRS,n,2.0NRT,308.15,13.93,D
-10.97643,23.68897,332.88,0.44,0.46,2026-10-05,1134,N21,VIIRS,n,2.0NRT,297.08,5.34,D
-10.97641,23.72169,339.27,0.44,0.46,2026-10-05,1134,N21,VIIRS,n,2.0NRT,303.1,71.08,D
-10.97408,32.22703,341.12,0.44,0.38,2026-10-05,1134,N21,VIIRS,n,2.0NRT,309.33,8.47,D
-10.97283,32.18994,341.87,0.44,0.38,2026-10-05,1134,N21,VIIRS,n,2.0NRT,306.76,6.97,D
-10.97218,23.68834,333.26,0.44,0.46,2026-10-05,1134,N21,VIIRS,n,2.0NRT,300.9,19.86,D
-10.96318,25.05928,351.76,0.55,0.42,2026-10-05,1134,N21,VIIRS,n,2.0NRT,299.42,15.08,D
-10.95931,25.05867,338.84,0.55,0.42,2026-10-05,1134,N21,VIIRS,n,2.0NRT,297.32,6.75,D
-10.95914,23.53324,339.49,0.45,0.47,2026-10-05,1134,N21,VIIRS,n,2.0NRT,299.16,14.43,D
-10.95856,24.10775,333.26,0.42,0.45,2026-10-05,1134,N21,VIIRS,n,2.0NRT,297.87,6.05,D
-10.95445,32.08127,336.46,0.43,0.38,2026-10-05,1134,N21,VIIRS,l,2.0NRT,310.24,15.78,D
-10.95442,24.10718,339.58,0.42,0.45,2026-10-05,1134,N21,VIIRS,n,2.0NRT,298.69,6.05,D
-10.95283,30.9409,342.55,0.4,0.37,2026-10-05,1134,N21,VIIRS,n,2.0NRT,306.75,3.63,D
-10.95272,22.5459,333.26,0.53,0.5,2026-10-05,1134,N21,VIIRS,n,2.0NRT,300.33,7.17,D
-10.95242,32.22747,344.47,0.44,0.38,2026-10-05,1134,N21,VIIRS,n,2.0NRT,312.28,12.93,D
-10.95226,30.94452,338.95,0.4,0.37,2026-10-05,1134,N21,VIIRS,n,2.0NRT,307.81,3.63,D
-10.95177,32.23147,352.39,0.44,0.38,2026-10-05,1134,N21,VIIRS,n,2.0NRT,315.78,12.93,D
-10.95113,32.23548,348.84,0.44,0.38,2026-10-05,1134,N21,VIIRS,n,2.0NRT,315.25,18.65,D
-10.95082,24.10273,333.27,0.42,0.45,2026-10-05,1134,N21,VIIRS,n,2.0NRT,299.36,5.68,D
-10.95031,31.38426,341.33,0.41,0.37,2026-10-05,1134,N21,VIIRS,l,2.0NRT,311.83,12.88,D
-10.94947,30.94036,332.45,0.4,0.37,2026-10-05,1134,N21,VIIRS,l,2.0NRT,306.17,3.74,D
-10.94891,30.94398,344.04,0.4,0.37,2026-10-05,1134,N21,VIIRS,n,2.0NRT,309.41,3.74,D
-10.94891,32.22687,355.18,0.44,0.38,2026-10-05,1134,N21,VIIRS,n,2.0NRT,310.62,15.73,D
-10.94834,30.9476,335.29,0.4,0.37,2026-10-05,1134,N21,VIIRS,n,2.0NRT,307.24,3.94,D
-10.94782,31.96783,339.34,0.43,0.38,2026-10-05,1134,N21,VIIRS,n,2.0NRT,310.28,5.55,D
-10.94654,31.00318,339.27,0.4,0.37,2026-10-05,1134,N21,VIIRS,l,2.0NRT,310.87,5.59,D
-10.94486,30.64119,334.51,0.39,0.36,2026-10-05,1134,N21,VIIRS,l,2.0NRT,306.81,3.23,D
-10.94422,30.73273,335.2,0.39,0.36,2026-10-05,1134,N21,VIIRS,n,2.0NRT,305.97,1.95,D
-10.93934,31.78463,352.02,0.42,0.38,2026-10-05,1134,N21,VIIRS,n,2.0NRT,316.17,18.62,D
-10.93843,23.58895,346.31,0.45,0.47,2026-10-05,1134,N21,VIIRS,n,2.0NRT,301.68,27.06,D
-10.93775,32.22912,350.14,0.44,0.38,2026-10-05,1134,N21,VIIRS,n,2.0NRT,313.63,14.9,D
-10.93651,31.7802,345.89,0.42,0.38,2026-10-05,1134,N21,VIIRS,n,2.0NRT,311.45,13.05,D
-10.93452,32.24909,344.9,0.44,0.38,2026-10-05,1134,N21,VIIRS,n,2.0NRT,314.43,14.91,D
-10.92944,32.23595,353.29,0.44,0.38,2026-10-05,1134,N21,VIIRS,n,2.0NRT,316.48,38.18,D
-10.92653,32.38796,343.49,0.45,0.39,2026-10-05,1134,N21,VIIRS,n,2.0NRT,307.42,26.11,D
-10.92275,24.2477,343.33,0.41,0.45,2026-10-05,1134,N21,VIIRS,n,2.0NRT,299.73,4.75,D
-10.91675,23.68442,334.17,0.44,0.46,2026-10-05,1134,N21,VIIRS,n,2.0NRT,296.03,4.33,D
-10.91487,32.41516,341.88,0.45,0.39,2026-10-05,1134,N21,VIIRS,n,2.0NRT,312.65,9.88,D
-10.91133,32.41459,367,0.45,0.39,2026-10-05,1134,N21,VIIRS,h,2.0NRT,340,84.88,D
-10.91068,32.41864,338.85,0.45,0.39,2026-10-05,1134,N21,VIIRS,n,2.0NRT,312.12,49.08,D
-10.90779,32.41403,339.99,0.45,0.39,2026-10-05,1134,N21,VIIRS,n,2.0NRT,310.49,84.88,D
-10.8968,32.25925,342.7,0.44,0.38,2026-10-05,1134,N21,VIIRS,n,2.0NRT,312.14,9.8,D
-10.89375,32.30003,339.66,0.44,0.38,2026-10-05,1134,N21,VIIRS,l,2.0NRT,310.39,18.42,D
-10.89045,32.25399,335.23,0.44,0.38,2026-10-05,1134,N21,VIIRS,l,2.0NRT,309.94,3.19,D
-10.88912,32.26208,337.97,0.44,0.38,2026-10-05,1134,N21,VIIRS,l,2.0NRT,312.61,7.11,D
-10.8876,23.20299,331.79,0.47,0.48,2026-10-05,1134,N21,VIIRS,n,2.0NRT,296.53,14.01,D
-10.88701,23.20731,339.57,0.47,0.48,2026-10-05,1134,N21,VIIRS,n,2.0NRT,295.2,18.25,D
-10.88628,32.25742,349.63,0.44,0.38,2026-10-05,1134,N21,VIIRS,n,2.0NRT,311.59,8.38,D
-10.88557,32.2584,345.91,0.44,0.38,2026-10-05,1134,N21,VIIRS,n,2.0NRT,309.9,5.24,D
-10.87718,24.72967,334.69,0.57,0.43,2026-10-05,1134,N21,VIIRS,n,2.0NRT,298.19,7.09,D
-10.87674,23.789,339.5,0.43,0.46,2026-10-05,1134,N21,VIIRS,n,2.0NRT,299.42,8.02,D
-10.8762,23.79301,336.34,0.43,0.46,2026-10-05,1134,N21,VIIRS,n,2.0NRT,298.98,6.61,D
-10.87564,32.29821,339.23,0.44,0.39,2026-10-05,1134,N21,VIIRS,l,2.0NRT,311.88,7.79,D
-10.87419,23.30169,339.89,0.47,0.48,2026-10-05,1134,N21,VIIRS,n,2.0NRT,301.5,25.56,D
-10.87406,23.80893,340.7,0.43,0.46,2026-10-05,1134,N21,VIIRS,n,2.0NRT,299.5,11.08,D
-10.87347,23.0404,336.78,0.49,0.48,2026-10-05,1134,N21,VIIRS,n,2.0NRT,296.21,6.02,D
-10.87148,32.30162,348.08,0.44,0.39,2026-10-05,1134,N21,VIIRS,n,2.0NRT,316.16,18.5,D
-10.86866,23.30971,337.24,0.47,0.48,2026-10-05,1134,N21,VIIRS,n,2.0NRT,298.5,23.67,D
-10.86282,32.44444,336.39,0.45,0.39,2026-10-05,1134,N21,VIIRS,l,2.0NRT,310.28,4.5,D
-10.86259,25.06238,351.1,0.54,0.42,2026-10-05,1134,N21,VIIRS,n,2.0NRT,295.91,15.66,D
-10.8614,22.42248,341.18,0.54,0.5,2026-10-05,1134,N21,VIIRS,n,2.0NRT,297.63,31.2,D
-10.8594,22.25678,332.48,0.55,0.51,2026-10-05,1134,N21,VIIRS,n,2.0NRT,297.66,5.8,D
-10.85847,24.41726,341.21,0.4,0.44,2026-10-05,1134,N21,VIIRS,n,2.0NRT,299.29,2.53,D
-10.85391,22.22548,342.46,0.55,0.51,2026-10-05,1134,N21,VIIRS,n,2.0NRT,302.91,43.12,D
-10.84016,30.90016,341.43,0.4,0.37,2026-10-05,1134,N21,VIIRS,n,2.0NRT,310.26,9.19,D
-10.8397,33.03719,341.34,0.48,0.4,2026-10-05,1134,N21,VIIRS,l,2.0NRT,314.78,6.68,D
-10.839,33.04148,336.96,0.48,0.4,2026-10-05,1134,N21,VIIRS,l,2.0NRT,310.72,6.68,D
-10.83466,23.12983,335.2,0.48,0.48,2026-10-05,1134,N21,VIIRS,n,2.0NRT,297.51,4.22,D
-10.82512,23.16853,343.35,0.48,0.48,2026-10-05,1134,N21,VIIRS,n,2.0NRT,297.12,6.95,D
-10.82452,24.26737,337.86,0.4,0.45,2026-10-05,1134,N21,VIIRS,n,2.0NRT,298.89,6.63,D
-10.82401,24.27107,338.33,0.4,0.45,2026-10-05,1134,N21,VIIRS,n,2.0NRT,296.61,6.63,D
-10.82073,23.16785,334.08,0.48,0.48,2026-10-05,1134,N21,VIIRS,n,2.0NRT,296.7,6.95,D
-10.82036,24.23683,353.43,0.41,0.45,2026-10-05,1134,N21,VIIRS,n,2.0NRT,298.56,7.52,D
-10.82015,23.17227,338.65,0.48,0.48,2026-10-05,1134,N21,VIIRS,n,2.0NRT,296.91,7.52,D
-10.81919,22.52967,339.37,0.53,0.5,2026-10-05,1134,N21,VIIRS,n,2.0NRT,297.41,31.88,D
-10.81867,25.97082,335.55,0.48,0.4,2026-10-05,1134,N21,VIIRS,l,2.0NRT,301.88,6.45,D
-10.81727,33.08253,344.18,0.48,0.4,2026-10-05,1134,N21,VIIRS,n,2.0NRT,309.88,9.67,D
-10.8146,22.52902,344.88,0.53,0.5,2026-10-05,1134,N21,VIIRS,n,2.0NRT,303.02,31.88,D
-10.81399,22.53372,340.56,0.53,0.5,2026-10-05,1134,N21,VIIRS,n,2.0NRT,299.73,16.05,D
-10.80774,22.08784,338.43,0.56,0.52,2026-10-05,1134,N21,VIIRS,n,2.0NRT,300.24,5.03,D
-10.79297,22.16342,341.44,0.56,0.51,2026-10-05,1134,N21,VIIRS,n,2.0NRT,302.02,7.14,D
-10.78544,24.31052,338.81,0.4,0.44,2026-10-05,1134,N21,VIIRS,n,2.0NRT,302.16,5.84,D
-10.78222,31.68853,346,0.42,0.38,2026-10-05,1134,N21,VIIRS,n,2.0NRT,305.35,9.93,D
-10.78137,24.31001,353.44,0.4,0.44,2026-10-05,1134,N21,VIIRS,n,2.0NRT,306.2,12.57,D
-10.77842,23.11366,338.43,0.48,0.48,2026-10-05,1134,N21,VIIRS,n,2.0NRT,295.99,4.09,D
-10.77828,23.75188,332.12,0.44,0.46,2026-10-05,1134,N21,VIIRS,n,2.0NRT,296.64,2.06,D
-10.77738,31.65283,335.67,0.42,0.38,2026-10-05,1134,N21,VIIRS,n,2.0NRT,303.39,25.57,D
-10.76945,32.57327,342.02,0.46,0.39,2026-10-05,1134,N21,VIIRS,n,2.0NRT,311.17,6.3,D
-10.76873,32.4212,342.56,0.45,0.39,2026-10-05,1134,N21,VIIRS,n,2.0NRT,310.85,7.18,D
-10.76033,33.52236,345.02,0.51,0.41,2026-10-05,1134,N21,VIIRS,n,2.0NRT,298.44,16.92,D
-10.76021,26.22444,337.37,0.47,0.4,2026-10-05,1134,N21,VIIRS,n,2.0NRT,300.29,5.38,D
-10.75689,23.03899,331.35,0.49,0.48,2026-10-05,1134,N21,VIIRS,n,2.0NRT,296.29,2.48,D
-10.75126,23.53973,332.68,0.45,0.47,2026-10-05,1134,N21,VIIRS,l,2.0NRT,305.02,120.13,D
-10.7481,23.37072,337.88,0.46,0.47,2026-10-05,1134,N21,VIIRS,n,2.0NRT,298.22,8.09,D
-10.74752,23.37493,330.06,0.46,0.47,2026-10-05,1134,N21,VIIRS,n,2.0NRT,296.43,8.09,D
-10.74698,23.53914,367,0.45,0.47,2026-10-05,1134,N21,VIIRS,l,2.0NRT,327.64,383.35,D
-10.74255,25.97834,335.55,0.48,0.4,2026-10-05,1134,N21,VIIRS,n,2.0NRT,295.58,3.05,D
-10.74031,23.13035,333.34,0.48,0.48,2026-10-05,1134,N21,VIIRS,n,2.0NRT,296.86,4.72,D
-10.73821,25.93409,332.54,0.49,0.4,2026-10-05,1134,N21,VIIRS,n,2.0NRT,292.67,4.05,D
-10.73608,32.1967,347.24,0.44,0.38,2026-10-05,1134,N21,VIIRS,n,2.0NRT,313.72,14.17,D
-10.72509,22.49963,339.23,0.53,0.5,2026-10-05,1134,N21,VIIRS,n,2.0NRT,299.22,25.79,D
-10.71908,22.6858,330.51,0.51,0.49,2026-10-05,1134,N21,VIIRS,n,2.0NRT,294.29,1.73,D
-10.71857,23.09262,349.28,0.48,0.48,2026-10-05,1134,N21,VIIRS,n,2.0NRT,297.17,13.12,D
-10.71845,23.09186,340.6,0.48,0.48,2026-10-05,1134,N21,VIIRS,n,2.0NRT,296.45,10.74,D
-10.7171,33.41203,337.1,0.5,0.41,2026-10-05,1134,N21,VIIRS,n,2.0NRT,298.16,13.79,D
-10.71434,32.354,337.66,0.45,0.39,2026-10-05,1134,N21,VIIRS,l,2.0NRT,311.57,3.35,D
-10.71336,33.41141,342.81,0.5,0.41,2026-10-05,1134,N21,VIIRS,n,2.0NRT,301.77,13.79,D
-10.71311,32.42926,351.77,0.45,0.39,2026-10-05,1134,N21,VIIRS,n,2.0NRT,314,5.39,D
-10.71261,33.41591,336.53,0.5,0.41,2026-10-05,1134,N21,VIIRS,n,2.0NRT,299.16,18.33,D
-10.71194,32.27917,340.53,0.44,0.39,2026-10-05,1134,N21,VIIRS,l,2.0NRT,314.95,5.86,D
-10.71162,32.72353,338.8,0.46,0.39,2026-10-05,1134,N21,VIIRS,l,2.0NRT,313.19,7.67,D
-10.70956,32.42869,342.73,0.45,0.39,2026-10-05,1134,N21,VIIRS,n,2.0NRT,311.71,5.39,D
-10.70565,22.00974,342.59,0.57,0.52,2026-10-05,1134,N21,VIIRS,n,2.0NRT,293.09,26.96,D
-10.70527,31.68812,340.96,0.42,0.38,2026-10-05,1134,N21,VIIRS,n,2.0NRT,307.42,4.38,D
-10.70475,26.25059,331.73,0.47,0.4,2026-10-05,1134,N21,VIIRS,n,2.0NRT,301.57,4.8,D
-10.70357,26.25123,331.75,0.47,0.4,2026-10-05,1134,N21,VIIRS,n,2.0NRT,300.89,4.41,D
-10.70298,22.5259,330.14,0.52,0.5,2026-10-05,1134,N21,VIIRS,n,2.0NRT,297.3,3.81,D
-10.70115,31.82496,340.85,0.43,0.38,2026-10-05,1134,N21,VIIRS,l,2.0NRT,311.33,5.36,D
-10.69802,24.34273,348.08,0.4,0.44,2026-10-05,1134,N21,VIIRS,n,2.0NRT,298.67,9.05,D
-10.69754,24.34627,332.94,0.4,0.44,2026-10-05,1134,N21,VIIRS,n,2.0NRT,296.09,4.16,D
-10.69437,23.13814,339.17,0.48,0.48,2026-10-05,1134,N21,VIIRS,n,2.0NRT,297.63,8.86,D
-10.69336,21.95564,340.1,0.57,0.52,2026-10-05,1134,N21,VIIRS,n,2.0NRT,303.97,101.2,D
-10.69272,23.22078,334.34,0.47,0.48,2026-10-05,1134,N21,VIIRS,n,2.0NRT,298.88,4.7,D
-10.69206,32.09132,348.32,0.44,0.38,2026-10-05,1134,N21,VIIRS,n,2.0NRT,312.35,7.06,D
-10.69188,23.22126,340.87,0.47,0.48,2026-10-05,1134,N21,VIIRS,n,2.0NRT,299.8,5.79,D
-10.6909,32.09148,336.02,0.44,0.38,2026-10-05,1134,N21,VIIRS,l,2.0NRT,309.88,7.07,D
-10.68428,26.2312,332.69,0.47,0.4,2026-10-05,1134,N21,VIIRS,n,2.0NRT,298.24,4.11,D
-10.68112,32.71888,339.98,0.46,0.39,2026-10-05,1134,N21,VIIRS,l,2.0NRT,312.01,12.24,D
-10.68044,32.72308,341.51,0.46,0.39,2026-10-05,1134,N21,VIIRS,l,2.0NRT,311.85,6.39,D
-10.67872,31.52428,346.36,0.42,0.37,2026-10-05,1134,N21,VIIRS,n,2.0NRT,310.25,10.36,D
-10.67723,32.31448,338.96,0.44,0.39,2026-10-05,1134,N21,VIIRS,l,2.0NRT,313.38,7.5,D
-10.67684,32.72246,337.24,0.46,0.39,2026-10-05,1134,N21,VIIRS,l,2.0NRT,310.04,6.39,D
-10.67534,22.97947,336.18,0.49,0.48,2026-10-05,1134,N21,VIIRS,n,2.0NRT,295.65,5.54,D
-10.67361,30.28771,333.24,0.39,0.36,2026-10-05,1134,N21,VIIRS,n,2.0NRT,301.33,3.26,D
-10.67131,31.96739,341.43,0.43,0.38,2026-10-05,1134,N21,VIIRS,l,2.0NRT,313.81,10.79,D
-10.67081,29.9302,338.18,0.39,0.36,2026-10-05,1134,N21,VIIRS,n,2.0NRT,303.5,4.97,D
-10.6687,32.14076,342.29,0.44,0.38,2026-10-05,1134,N21,VIIRS,n,2.0NRT,311.61,8.44,D
-10.66805,29.92618,333.48,0.39,0.36,2026-10-05,1134,N21,VIIRS,n,2.0NRT,301.83,4.97,D
-10.66751,29.92968,339.2,0.39,0.36,2026-10-05,1134,N21,VIIRS,n,2.0NRT,302.67,4.97,D
-10.66283,22.43982,340.56,0.53,0.5,2026-10-05,1134,N21,VIIRS,n,2.0NRT,299.36,4.31,D
-10.66263,32.33716,337.71,0.45,0.39,2026-10-05,1134,N21,VIIRS,l,2.0NRT,310.34,5.63,D
-10.66131,32.34523,338.65,0.45,0.39,2026-10-05,1134,N21,VIIRS,l,2.0NRT,310.46,5.55,D
-10.66082,31.92161,339.16,0.43,0.38,2026-10-05,1134,N21,VIIRS,l,2.0NRT,313.58,10.45,D
-10.6591,32.33654,341.02,0.45,0.39,2026-10-05,1134,N21,VIIRS,n,2.0NRT,309.07,5.63,D
-10.65864,24.20611,341.91,0.41,0.45,2026-10-05,1134,N21,VIIRS,n,2.0NRT,292.36,18.46,D
-10.65844,32.34058,341.47,0.45,0.39,2026-10-05,1134,N21,VIIRS,n,2.0NRT,310.9,5.63,D
-10.65697,31.50572,337.84,0.41,0.37,2026-10-05,1134,N21,VIIRS,l,2.0NRT,310.15,14.41,D
-10.65242,32.22025,341.73,0.44,0.38,2026-10-05,1134,N21,VIIRS,n,2.0NRT,314.42,5.32,D
-10.6456,21.90936,344.2,0.58,0.52,2026-10-05,1134,N21,VIIRS,n,2.0NRT,297.78,19.95,D
-10.64551,21.91221,342.3,0.58,0.52,2026-10-05,1134,N21,VIIRS,n,2.0NRT,296.38,20.94,D
-10.64491,23.03859,335.67,0.48,0.48,2026-10-05,1134,N21,VIIRS,n,2.0NRT,296.28,2.29,D
-10.64404,31.87104,341.91,0.43,0.38,2026-10-05,1134,N21,VIIRS,l,2.0NRT,313.44,5.8,D
-10.64342,31.87488,338.76,0.43,0.38,2026-10-05,1134,N21,VIIRS,l,2.0NRT,312.8,5.8,D
-10.64288,22.55387,338.26,0.52,0.5,2026-10-05,1134,N21,VIIRS,n,2.0NRT,301.28,38.79,D
-10.64085,21.90856,338.95,0.58,0.52,2026-10-05,1134,N21,VIIRS,n,2.0NRT,297.11,19.95,D
-10.64075,21.91138,343.15,0.58,0.52,2026-10-05,1134,N21,VIIRS,n,2.0NRT,297.31,20.94,D
-10.63918,24.28585,330.38,0.4,0.44,2026-10-05,1134,N21,VIIRS,n,2.0NRT,297.99,2.73,D
-10.62909,31.32848,347.64,0.41,0.37,2026-10-05,1134,N21,VIIRS,l,2.0NRT,321.37,36.59,D
-10.62828,32.01271,347.91,0.43,0.38,2026-10-05,1134,N21,VIIRS,n,2.0NRT,311.8,16.75,D
-10.62646,22.5373,341.81,0.52,0.5,2026-10-05,1134,N21,VIIRS,n,2.0NRT,297.21,8.65,D
-10.62514,31.94383,345.58,0.43,0.38,2026-10-05,1134,N21,VIIRS,n,2.0NRT,312.22,15.98,D
-10.62499,23.25567,338.91,0.47,0.48,2026-10-05,1134,N21,VIIRS,n,2.0NRT,296.89,8.41,D
-10.6245,31.94776,338.71,0.43,0.38,2026-10-05,1134,N21,VIIRS,l,2.0NRT,310.78,13.9,D
-10.62407,30.36605,335.04,0.39,0.36,2026-10-05,1134,N21,VIIRS,n,2.0NRT,301.55,5.07,D
-10.62249,22.53209,349.49,0.52,0.5,2026-10-05,1134,N21,VIIRS,n,2.0NRT,302.08,35.58,D
-10.6221,30.63986,337.85,0.39,0.36,2026-10-05,1134,N21,VIIRS,l,2.0NRT,309.33,18.99,D
-10.62188,22.53675,341.64,0.52,0.5,2026-10-05,1134,N21,VIIRS,n,2.0NRT,301.12,35.58,D
-10.62127,22.54138,340.64,0.52,0.5,2026-10-05,1134,N21,VIIRS,n,2.0NRT,300.27,16.69,D
-10.61838,22.16409,331.57,0.55,0.51,2026-10-05,1134,N21,VIIRS,n,2.0NRT,301.4,6.63,D
-10.61661,31.13672,335.36,0.4,0.37,2026-10-05,1134,N21,VIIRS,l,2.0NRT,307.4,3.39,D
-10.61553,31.12145,337.52,0.4,0.37,2026-10-05,1134,N21,VIIRS,l,2.0NRT,311,22.7,D
-10.61496,31.12512,345.62,0.4,0.37,2026-10-05,1134,N21,VIIRS,l,2.0NRT,319.99,70.46,D
-10.61379,30.93394,334.7,0.4,0.37,2026-10-05,1134,N21,VIIRS,n,2.0NRT,303.25,2.58,D
-10.60829,32.38232,335.06,0.45,0.39,2026-10-05,1134,N21,VIIRS,l,2.0NRT,305.58,3.4,D
-10.60375,32.4785,341.27,0.45,0.39,2026-10-05,1134,N21,VIIRS,n,2.0NRT,308.13,4.04,D
-10.60019,32.47789,344.64,0.45,0.39,2026-10-05,1134,N21,VIIRS,n,2.0NRT,308.85,4.04,D
-10.59953,32.48203,336.06,0.45,0.39,2026-10-05,1134,N21,VIIRS,l,2.0NRT,309.3,4.04,D
-10.59788,31.6786,336.23,0.42,0.38,2026-10-05,1134,N21,VIIRS,l,2.0NRT,310.3,7.18,D
-10.59673,22.58646,342.16,0.52,0.5,2026-10-05,1134,N21,VIIRS,n,2.0NRT,305.39,45.54,D
-10.59276,31.73289,340.44,0.42,0.38,2026-10-05,1134,N21,VIIRS,l,2.0NRT,314.77,14.34,D
-10.59256,22.96154,332.44,0.49,0.48,2026-10-05,1134,N21,VIIRS,n,2.0NRT,298.99,3.21,D
-10.59017,22.49399,341.77,0.53,0.5,2026-10-05,1134,N21,VIIRS,n,2.0NRT,299.36,15.51,D
-10.58991,22.7085,350.27,0.51,0.49,2026-10-05,1134,N21,VIIRS,n,2.0NRT,299.45,8.9,D
-10.58978,31.68513,343.49,0.42,0.38,2026-10-05,1134,N21,VIIRS,n,2.0NRT,312.41,9.82,D
-10.58634,31.68457,342.24,0.42,0.38,2026-10-05,1134,N21,VIIRS,l,2.0NRT,314.04,7.18,D
-10.58472,32.19252,345.74,0.44,0.38,2026-10-05,1134,N21,VIIRS,n,2.0NRT,313.67,8.38,D
-10.5835,31.6802,344.43,0.42,0.38,2026-10-05,1134,N21,VIIRS,l,2.0NRT,315.59,7.18,D
-10.5824,30.93631,336.72,0.4,0.37,2026-10-05,1134,N21,VIIRS,n,2.0NRT,307.9,5.25,D
-10.57662,22.3865,338.42,0.53,0.5,2026-10-05,1134,N21,VIIRS,n,2.0NRT,299.24,6.5,D
-10.57087,32.00404,346.75,0.43,0.38,2026-10-05,1134,N21,VIIRS,n,2.0NRT,314.89,9.51,D
-10.56755,31.14005,339.48,0.4,0.37,2026-10-05,1134,N21,VIIRS,n,2.0NRT,307.51,1.78,D
-10.56744,22.91245,338.87,0.49,0.49,2026-10-05,1134,N21,VIIRS,n,2.0NRT,296.86,5.89,D
-10.56706,23.0167,338.46,0.48,0.48,2026-10-05,1134,N21,VIIRS,n,2.0NRT,297.03,4.61,D
-10.56062,31.66877,343.06,0.42,0.38,2026-10-05,1134,N21,VIIRS,l,2.0NRT,314.74,9.55,D
-10.55812,22.62566,338.92,0.51,0.5,2026-10-05,1134,N21,VIIRS,n,2.0NRT,295.87,13.3,D
-10.55749,22.63031,338.91,0.51,0.5,2026-10-05,1134,N21,VIIRS,n,2.0NRT,296.73,9.59,D
-10.55614,31.27831,336.6,0.41,0.37,2026-10-05,1134,N21,VIIRS,n,2.0NRT,308.6,6.1,D
-10.55422,22.62846,352.54,0.51,0.5,2026-10-05,1134,N21,VIIRS,n,2.0NRT,299.81,18.32,D
-10.54397,26.0109,333.27,0.48,0.4,2026-10-05,1134,N21,VIIRS,l,2.0NRT,298.87,9.1,D
-10.54378,31.35647,334.92,0.41,0.37,2026-10-05,1134,N21,VIIRS,l,2.0NRT,307.41,2.87,D
-10.54336,26.01526,334.21,0.48,0.4,2026-10-05,1134,N21,VIIRS,n,2.0NRT,300.3,7.84,D
-10.54287,26.09826,332.9,0.47,0.4,2026-10-05,1134,N21,VIIRS,l,2.0NRT,297.33,7.04,D
-10.53979,23.54022,332.26,0.45,0.47,2026-10-05,1134,N21,VIIRS,n,2.0NRT,301.55,5.91,D
-10.53914,23.53934,338.2,0.45,0.47,2026-10-05,1134,N21,VIIRS,n,2.0NRT,300.65,5.23,D
-10.53684,25.28372,330.98,0.52,0.42,2026-10-05,1134,N21,VIIRS,l,2.0NRT,299.85,11.38,D
-10.52742,22.03622,332.54,0.56,0.52,2026-10-05,1134,N21,VIIRS,n,2.0NRT,295.28,6.71,D
-10.52578,32.5971,341.96,0.46,0.39,2026-10-05,1134,N21,VIIRS,n,2.0NRT,308.25,11.56,D
-10.52202,31.952,333.29,0.43,0.38,2026-10-05,1134,N21,VIIRS,l,2.0NRT,306.87,4.54,D
-10.51885,31.97157,337.61,0.43,0.38,2026-10-05,1134,N21,VIIRS,l,2.0NRT,310.86,8.09,D
-10.51879,31.2722,340.5,0.41,0.37,2026-10-05,1134,N21,VIIRS,n,2.0NRT,312.76,6.78,D
-10.51841,23.44199,338.17,0.45,0.47,2026-10-05,1134,N21,VIIRS,n,2.0NRT,297.19,5.61,D
-10.51625,26.02188,336.26,0.48,0.4,2026-10-05,1134,N21,VIIRS,n,2.0NRT,301.41,8.08,D
-10.51592,32.50706,338.96,0.46,0.39,2026-10-05,1134,N21,VIIRS,l,2.0NRT,310.8,6.25,D
-10.51513,32.50571,344.66,0.45,0.39,2026-10-05,1134,N21,VIIRS,n,2.0NRT,311.56,9.6,D
-10.51412,23.44136,341.59,0.45,0.47,2026-10-05,1134,N21,VIIRS,n,2.0NRT,300.47,5.61,D
-10.513,32.5024,335.01,0.46,0.39,2026-10-05,1134,N21,VIIRS,l,2.0NRT,307.85,3.83,D
-10.51064,31.67652,348.16,0.42,0.38,2026-10-05,1134,N21,VIIRS,n,2.0NRT,313.86,16.61,D
-10.50925,22.36238,340.56,0.53,0.5,2026-10-05,1134,N21,VIIRS,n,2.0NRT,298.65,13.97,D
-10.50706,31.14121,344.07,0.41,0.37,2026-10-05,1134,N21,VIIRS,n,2.0NRT,305.08,5.91,D
-10.50694,22.41614,340.84,0.53,0.5,2026-10-05,1134,N21,VIIRS,n,2.0NRT,298.35,8.09,D
-10.50233,22.41551,340.23,0.53,0.5,2026-10-05,1134,N21,VIIRS,n,2.0NRT,298.2,4.78,D
-10.49582,30.94799,337.93,0.4,0.37,2026-10-05,1134,N21,VIIRS,n,2.0NRT,307.23,2.59,D
-10.49545,31.28744,345.29,0.41,0.37,2026-10-05,1134,N21,VIIRS,n,2.0NRT,312.28,21.65,D
-10.49521,22.29723,345.64,0.54,0.51,2026-10-05,1134,N21,VIIRS,n,2.0NRT,297.15,7.97,D
-10.49468,31.28701,341.55,0.41,0.37,2026-10-05,1134,N21,VIIRS,n,2.0NRT,311.12,22.28,D
-10.49426,22.2958,340.58,0.54,0.51,2026-10-05,1134,N21,VIIRS,n,2.0NRT,297.43,4.66,D
-10.49311,31.83162,349.18,0.43,0.38,2026-10-05,1134,N21,VIIRS,n,2.0NRT,313.77,47.39,D
-10.49196,32.40586,343.21,0.45,0.39,2026-10-05,1134,N21,VIIRS,n,2.0NRT,312.79,6.97,D
-10.49172,31.79566,342.88,0.43,0.38,2026-10-05,1134,N21,VIIRS,l,2.0NRT,314.38,8.34,D
-10.49111,31.79953,348,0.43,0.38,2026-10-05,1134,N21,VIIRS,n,2.0NRT,307.9,9.5,D
-10.48979,23.97738,341.63,0.42,0.45,2026-10-05,1134,N21,VIIRS,n,2.0NRT,300.06,10.74,D
-10.48965,31.83105,346.29,0.43,0.38,2026-10-05,1134,N21,VIIRS,n,2.0NRT,315.15,24.64,D
-10.48907,32.4012,341.51,0.45,0.39,2026-10-05,1134,N21,VIIRS,n,2.0NRT,310.78,6.97,D
-10.48887,31.79123,346.27,0.43,0.38,2026-10-05,1134,N21,VIIRS,n,2.0NRT,307.49,7.69,D
-10.48826,31.7951,340.72,0.43,0.38,2026-10-05,1134,N21,VIIRS,n,2.0NRT,306.36,7.69,D
-10.48727,23.97725,338.17,0.42,0.45,2026-10-05,1134,N21,VIIRS,n,2.0NRT,297.97,5.94,D
-10.48695,32.34674,340.57,0.45,0.39,2026-10-05,1134,N21,VIIRS,n,2.0NRT,309.25,8.22,D
-10.48693,29.60009,345.04,0.38,0.36,2026-10-05,1134,N21,VIIRS,n,2.0NRT,305.89,6.37,D
-10.48642,23.18598,340.65,0.47,0.48,2026-10-05,1134,N21,VIIRS,n,2.0NRT,294.63,11.64,D
-10.48608,23.18223,339.55,0.47,0.48,2026-10-05,1134,N21,VIIRS,n,2.0NRT,296.53,12.19,D
-10.48191,29.69931,338.48,0.38,0.36,2026-10-05,1134,N21,VIIRS,n,2.0NRT,299.37,5.54,D
-10.48149,23.18966,344.56,0.47,0.48,2026-10-05,1134,N21,VIIRS,n,2.0NRT,293.06,9.01,D
-10.47861,32.62525,338.31,0.46,0.39,2026-10-05,1134,N21,VIIRS,l,2.0NRT,309.18,3.78,D
-10.47826,30.12245,342.59,0.39,0.36,2026-10-05,1134,N21,VIIRS,n,2.0NRT,304.44,9.1,D
-10.47465,26.15564,333.84,0.47,0.4,2026-10-05,1134,N21,VIIRS,n,2.0NRT,299.94,5.91,D
-10.47118,22.54755,352.92,0.52,0.5,2026-10-05,1134,N21,VIIRS,n,2.0NRT,296.56,23.26,D
-10.47023,22.54836,339.61,0.52,0.5,2026-10-05,1134,N21,VIIRS,n,2.0NRT,296.77,28.25,D
-10.46969,31.68943,340.79,0.42,0.38,2026-10-05,1134,N21,VIIRS,l,2.0NRT,311.51,10.28,D
-10.46875,22.56628,340.71,0.52,0.5,2026-10-05,1134,N21,VIIRS,n,2.0NRT,297.63,42,D
-10.46766,22.56704,339.56,0.52,0.5,2026-10-05,1134,N21,VIIRS,n,2.0NRT,296.68,44.12,D
-10.46765,33.2242,336.19,0.49,0.41,2026-10-05,1134,N21,VIIRS,n,2.0NRT,302.79,12.66,D
-10.46624,32.06823,339.45,0.44,0.38,2026-10-05,1134,N21,VIIRS,l,2.0NRT,314.38,8.56,D
-10.46321,33.22804,348.31,0.49,0.41,2026-10-05,1134,N21,VIIRS,n,2.0NRT,309.7,45.16,D
-10.46146,32.28015,315.59,0.45,0.39,2026-10-05,1134,N21,VIIRS,l,2.0NRT,318.35,31.54,D
-10.46083,22.55577,339.13,0.52,0.5,2026-10-05,1134,N21,VIIRS,n,2.0NRT,292.62,5.47,D
-10.4608,32.28418,339.35,0.45,0.39,2026-10-05,1134,N21,VIIRS,l,2.0NRT,313.85,31.54,D
-10.4595,33.22746,367,0.49,0.41,2026-10-05,1134,N21,VIIRS,h,2.0NRT,304.61,29.23,D
-10.45922,22.24798,330.51,0.54,0.51,2026-10-05,1134,N21,VIIRS,n,2.0NRT,297.51,3.66,D
-10.45627,22.55511,337.49,0.52,0.5,2026-10-05,1134,N21,VIIRS,n,2.0NRT,296.83,6.31,D
-10.44979,32.17159,367,0.44,0.38,2026-10-05,1134,N21,VIIRS,h,2.0NRT,318.51,12.64,D
-10.44763,33.2302,343.16,0.49,0.41,2026-10-05,1134,N21,VIIRS,n,2.0NRT,303.59,12.87,D
-10.44627,32.17101,343.25,0.44,0.38,2026-10-05,1134,N21,VIIRS,n,2.0NRT,315.24,12.64,D
-10.44393,33.22954,346.66,0.49,0.41,2026-10-05,1134,N21,VIIRS,n,2.0NRT,305.64,12.7,D
-10.44231,22.5829,335.59,0.51,0.5,2026-10-05,1134,N21,VIIRS,n,2.0NRT,296.15,4.48,D
-10.44195,31.75187,341.08,0.42,0.38,2026-10-05,1134,N21,VIIRS,l,2.0NRT,314.89,6.65,D
-10.44133,31.75572,339.29,0.42,0.38,2026-10-05,1134,N21,VIIRS,l,2.0NRT,310.15,6.65,D
-10.44082,22.7459,340.08,0.5,0.49,2026-10-05,1134,N21,VIIRS,n,2.0NRT,296.91,12.8,D
-10.4384,22.7463,345.12,0.5,0.49,2026-10-05,1134,N21,VIIRS,n,2.0NRT,295.95,14.52,D
-10.43702,22.55353,344.8,0.52,0.5,2026-10-05,1134,N21,VIIRS,n,2.0NRT,296.5,17.06,D
-10.43384,22.57706,339.85,0.52,0.5,2026-10-05,1134,N21,VIIRS,n,2.0NRT,298.54,24.59,D
-10.43345,31.73862,339.54,0.42,0.38,2026-10-05,1134,N21,VIIRS,l,2.0NRT,311.2,9.88,D
-10.4314,23.76556,338.01,0.43,0.46,2026-10-05,1134,N21,VIIRS,n,2.0NRT,297.62,8.74,D
-10.43088,23.76949,339.89,0.43,0.46,2026-10-05,1134,N21,VIIRS,n,2.0NRT,300.22,8.74,D
-10.43002,23.46013,346.49,0.45,0.47,2026-10-05,1134,N21,VIIRS,n,2.0NRT,302.4,22.2,D
-10.4298,22.53818,338.25,0.52,0.5,2026-10-05,1134,N21,VIIRS,n,2.0NRT,296.47,7.6,D
-10.41452,32.58876,333.99,0.46,0.39,2026-10-05,1134,N21,VIIRS,l,2.0NRT,307.14,1.92,D
-10.4103,31.18216,338.8,0.41,0.37,2026-10-05,1134,N21,VIIRS,n,2.0NRT,307.44,5.95,D
-10.39482,30.44168,336.41,0.39,0.36,2026-10-05,1134,N21,VIIRS,n,2.0NRT,303.12,13.94,D
-10.39149,30.44114,338.9,0.39,0.36,2026-10-05,1134,N21,VIIRS,n,2.0NRT,300.98,13.94,D
-10.38988,30.47363,330.13,0.39,0.36,2026-10-05,1134,N21,VIIRS,l,2.0NRT,303.02,3.25,D
-10.38931,22.52825,339.68,0.52,0.5,2026-10-05,1134,N21,VIIRS,n,2.0NRT,297.64,10.06,D
-10.38118,22.72897,339.16,0.5,0.49,2026-10-05,1134,N21,VIIRS,n,2.0NRT,297.19,5.05,D
-10.37477,31.82411,344.54,0.43,0.38,2026-10-05,1134,N21,VIIRS,l,2.0NRT,316.59,15.51,D
-10.36344,31.62874,339.93,0.42,0.38,2026-10-05,1134,N21,VIIRS,l,2.0NRT,310.98,9.76,D
-10.3605,24.19874,343.07,0.4,0.44,2026-10-05,1134,N21,VIIRS,n,2.0NRT,298.8,13.29,D
-10.3481,22.70169,336.09,0.5,0.49,2026-10-05,1134,N21,VIIRS,n,2.0NRT,299.51,7.23,D
-10.34454,31.83507,347.36,0.43,0.38,2026-10-05,1134,N21,VIIRS,n,2.0NRT,310.72,11.33,D
-10.3394,22.71693,332.11,0.5,0.49,2026-10-05,1134,N21,VIIRS,n,2.0NRT,294.2,7.18,D
-10.33881,23.33886,339.53,0.46,0.47,2026-10-05,1134,N21,VIIRS,n,2.0NRT,301.43,5.07,D
-10.33725,22.71456,344.72,0.5,0.49,2026-10-05,1134,N21,VIIRS,n,2.0NRT,298.48,25.89,D
-10.33489,22.7164,338.98,0.5,0.49,2026-10-05,1134,N21,VIIRS,n,2.0NRT,297.3,7.18,D
-10.33114,24.17155,340.52,0.4,0.45,2026-10-05,1134,N21,VIIRS,n,2.0NRT,288.12,14.57,D
-10.32538,22.58387,331.8,0.51,0.5,2026-10-05,1134,N21,VIIRS,n,2.0NRT,292.65,4.94,D
-10.32197,31.65005,340.51,0.42,0.38,2026-10-05,1134,N21,VIIRS,n,2.0NRT,310.51,6.63,D
-10.32179,23.6177,337.89,0.44,0.46,2026-10-05,1134,N21,VIIRS,n,2.0NRT,299.21,3.67,D
-10.32165,23.39972,340.53,0.45,0.47,2026-10-05,1134,N21,VIIRS,n,2.0NRT,298.76,9.17,D
-10.31853,31.64948,347.57,0.42,0.38,2026-10-05,1134,N21,VIIRS,n,2.0NRT,310.8,6.63,D
-10.31792,31.65332,347.83,0.42,0.38,2026-10-05,1134,N21,VIIRS,n,2.0NRT,309.47,9.61,D
-10.31585,31.85829,348.17,0.43,0.38,2026-10-05,1134,N21,VIIRS,n,2.0NRT,311.44,12.22,D
-10.31448,31.65274,335.6,0.42,0.38,2026-10-05,1134,N21,VIIRS,n,2.0NRT,305.62,3.42,D
-10.31301,31.85383,345.12,0.43,0.38,2026-10-05,1134,N21,VIIRS,n,2.0NRT,312.16,7.58,D
-10.29356,32.08476,341.86,0.44,0.38,2026-10-05,1134,N21,VIIRS,l,2.0NRT,315.06,11.87,D
-10.29021,31.95037,350.55,0.43,0.38,2026-10-05,1134,N21,VIIRS,n,2.0NRT,311.19,20.19,D
-10.28654,32.39801,346.44,0.45,0.39,2026-10-05,1134,N21,VIIRS,n,2.0NRT,312.81,16.71,D
-10.28054,31.95775,334.04,0.43,0.38,2026-10-05,1134,N21,VIIRS,l,2.0NRT,308.52,4.72,D
-10.26283,30.52566,342.62,0.39,0.36,2026-10-05,1134,N21,VIIRS,n,2.0NRT,308.46,12.34,D
-10.25837,32.64175,338.98,0.46,0.39,2026-10-05,1134,N21,VIIRS,n,2.0NRT,302.69,4.74,D
-10.2568,32.77226,340.85,0.47,0.4,2026-10-05,1134,N21,VIIRS,l,2.0NRT,311.51,8.64,D
-10.25588,32.77294,342.06,0.47,0.4,2026-10-05,1134,N21,VIIRS,n,2.0NRT,311.03,11.51,D
-10.25519,32.77723,340.5,0.47,0.4,2026-10-05,1134,N21,VIIRS,l,2.0NRT,313.27,8.3,D
-10.24894,30.61515,336.58,0.4,0.37,2026-10-05,1134,N21,VIIRS,l,2.0NRT,311.15,16.78,D
-10.24808,32.70567,340.34,0.47,0.4,2026-10-05,1134,N21,VIIRS,n,2.0NRT,310.07,12.54,D
-10.24773,31.53998,339.04,0.42,0.38,2026-10-05,1134,N21,VIIRS,n,2.0NRT,308.77,4.56,D
-10.24462,32.61229,346.6,0.46,0.39,2026-10-05,1134,N21,VIIRS,n,2.0NRT,311.1,43.48,D
-10.23968,31.81064,346.54,0.43,0.38,2026-10-05,1134,N21,VIIRS,n,2.0NRT,311.4,6.28,D
-10.23956,32.46213,353.35,0.46,0.39,2026-10-05,1134,N21,VIIRS,n,2.0NRT,312.69,32.25,D
-10.23888,32.46629,353.81,0.46,0.39,2026-10-05,1134,N21,VIIRS,n,2.0NRT,311.09,32.25,D
-10.23599,32.46151,350.36,0.46,0.39,2026-10-05,1134,N21,VIIRS,n,2.0NRT,307.77,17.59,D
-10.23244,33.0317,338.31,0.49,0.4,2026-10-05,1134,N21,VIIRS,n,2.0NRT,299.94,8.7,D
-10.22873,30.81133,338.03,0.4,0.37,2026-10-05,1134,N21,VIIRS,n,2.0NRT,306.94,10.24,D
-10.22704,30.8222,345.82,0.4,0.37,2026-10-05,1134,N21,VIIRS,n,2.0NRT,306.84,7.49,D
-10.22538,30.81079,346.48,0.4,0.37,2026-10-05,1134,N21,VIIRS,n,2.0NRT,307.7,10.24,D
-10.22514,29.95505,342.08,0.39,0.36,2026-10-05,1134,N21,VIIRS,n,2.0NRT,298.3,4.79,D
-10.22481,30.81441,354.44,0.4,0.37,2026-10-05,1134,N21,VIIRS,n,2.0NRT,307.62,9.6,D
-10.22446,30.46482,335.26,0.39,0.36,2026-10-05,1134,N21,VIIRS,n,2.0NRT,306.92,10.02,D
-10.22425,30.81804,343.19,0.4,0.37,2026-10-05,1134,N21,VIIRS,n,2.0NRT,305.05,9.6,D
-10.21792,31.66442,345.75,0.42,0.38,2026-10-05,1134,N21,VIIRS,n,2.0NRT,309.73,12.11,D
-10.2171,31.66422,349.73,0.42,0.38,2026-10-05,1134,N21,VIIRS,n,2.0NRT,311.72,18.5,D
-10.21635,32.3626,338.04,0.45,0.39,2026-10-05,1134,N21,VIIRS,n,2.0NRT,304.63,3.78,D
-10.21582,32.36125,340.92,0.45,0.39,2026-10-05,1134,N21,VIIRS,n,2.0NRT,306.8,4.95,D
-10.21447,31.66383,349.94,0.42,0.38,2026-10-05,1134,N21,VIIRS,n,2.0NRT,312.4,12.11,D
-10.1942,22.48234,336.56,0.52,0.5,2026-10-05,1134,N21,VIIRS,n,2.0NRT,295.43,6.9,D
-10.1875,32.69007,341.14,0.47,0.4,2026-10-05,1134,N21,VIIRS,n,2.0NRT,300.77,4.62,D
-10.18676,32.69457,336.42,0.47,0.4,2026-10-05,1134,N21,VIIRS,n,2.0NRT,305,6.16,D
-10.18602,32.69902,344.04,0.47,0.4,2026-10-05,1134,N21,VIIRS,n,2.0NRT,306.19,6.16,D
-10.18523,22.16914,333.51,0.54,0.51,2026-10-05,1134,N21,VIIRS,n,2.0NRT,296.17,5.94,D
-10.1837,22.16711,330.57,0.55,0.51,2026-10-05,1134,N21,VIIRS,n,2.0NRT,295.1,8.25,D
-10.1837,32.00251,353.61,0.44,0.38,2026-10-05,1134,N21,VIIRS,n,2.0NRT,317.74,16.73,D
-10.18306,32.00647,342.5,0.44,0.38,2026-10-05,1134,N21,VIIRS,l,2.0NRT,315.09,10.16,D
-10.17953,32.69336,338.1,0.47,0.4,2026-10-05,1134,N21,VIIRS,n,2.0NRT,303.26,5.27,D
-10.17086,31.07118,339.54,0.41,0.37,2026-10-05,1134,N21,VIIRS,n,2.0NRT,307.22,5.73,D
-10.17028,31.07487,336.99,0.41,0.37,2026-10-05,1134,N21,VIIRS,l,2.0NRT,309.43,7.11,D
-10.16788,30.93579,336.04,0.4,0.37,2026-10-05,1134,N21,VIIRS,n,2.0NRT,304.64,1.98,D
-10.16689,31.07433,342.6,0.41,0.37,2026-10-05,1134,N21,VIIRS,n,2.0NRT,310.61,9.89,D
-10.15952,32.76934,352.34,0.47,0.4,2026-10-05,1134,N21,VIIRS,n,2.0NRT,297.83,16.85,D
-10.15432,31.11017,336.71,0.41,0.37,2026-10-05,1134,N21,VIIRS,n,2.0NRT,305.38,4.6,D
-10.15423,31.13283,335.89,0.41,0.37,2026-10-05,1134,N21,VIIRS,l,2.0NRT,306.72,3.5,D
-10.15094,31.10962,344.37,0.41,0.37,2026-10-05,1134,N21,VIIRS,n,2.0NRT,307.95,4.6,D
-10.14997,30.68408,335.35,0.4,0.37,2026-10-05,1134,N21,VIIRS,n,2.0NRT,304.09,2.32,D
-10.14223,27.87506,332.85,0.4,0.37,2026-10-05,1134,N21,VIIRS,n,2.0NRT,296.37,2.47,D
-10.14169,27.87868,330.4,0.4,0.37,2026-10-05,1134,N21,VIIRS,l,2.0NRT,296.63,2.75,D
-10.13267,32.74703,346.44,0.47,0.4,2026-10-05,1134,N21,VIIRS,n,2.0NRT,292.57,15.81,D
-10.12917,30.91832,339.59,0.4,0.37,2026-10-05,1134,N21,VIIRS,n,2.0NRT,307.48,5.89,D
-10.1286,31.05319,341.89,0.41,0.37,2026-10-05,1134,N21,VIIRS,n,2.0NRT,301.09,4.51,D
-10.1258,30.91777,342.78,0.4,0.37,2026-10-05,1134,N21,VIIRS,n,2.0NRT,308.39,5.89,D
-10.12312,30.89114,332.68,0.4,0.37,2026-10-05,1134,N21,VIIRS,l,2.0NRT,305.37,3.72,D
-10.10628,31.39248,343.42,0.42,0.37,2026-10-05,1134,N21,VIIRS,n,2.0NRT,309.92,11.78,D
-10.10497,30.00745,338.63,0.39,0.36,2026-10-05,1134,N21,VIIRS,n,2.0NRT,303.99,20.68,D
-10.09045,32.73181,335.47,0.47,0.4,2026-10-05,1134,N21,VIIRS,n,2.0NRT,298.78,6.31,D
-10.08575,22.99142,337.54,0.48,0.48,2026-10-05,1134,N21,VIIRS,n,2.0NRT,296.58,8.28,D
-10.08532,22.99515,343.52,0.48,0.48,2026-10-05,1134,N21,VIIRS,n,2.0NRT,301.5,12.45,D
-10.08515,22.99575,342.54,0.48,0.48,2026-10-05,1134,N21,VIIRS,n,2.0NRT,301.26,8.28,D
-10.08092,22.99456,340.57,0.48,0.48,2026-10-05,1134,N21,VIIRS,n,2.0NRT,299.41,12.45,D
-10.08075,22.99517,337.27,0.48,0.48,2026-10-05,1134,N21,VIIRS,n,2.0NRT,298.53,8.28,D
-10.08051,30.79878,330.02,0.4,0.37,2026-10-05,1134,N21,VIIRS,l,2.0NRT,301.95,2.86,D
-10.07927,32.47067,346.56,0.46,0.39,2026-10-05,1134,N21,VIIRS,n,2.0NRT,296.75,19.04,D
-10.07562,33.05325,336.32,0.49,0.4,2026-10-05,1134,N21,VIIRS,n,2.0NRT,294.87,4.72,D
-10.07502,32.47427,338.24,0.46,0.39,2026-10-05,1134,N21,VIIRS,n,2.0NRT,295.94,56.06,D
-10.06701,30.31918,334.51,0.39,0.36,2026-10-05,1134,N21,VIIRS,n,2.0NRT,306.43,17.76,D
-10.06692,30.60081,335.31,0.4,0.37,2026-10-05,1134,N21,VIIRS,l,2.0NRT,305.6,2.96,D
-10.06526,30.58951,348.35,0.4,0.37,2026-10-05,1134,N21,VIIRS,n,2.0NRT,307.38,8.96,D
-10.06357,30.60027,345.95,0.4,0.37,2026-10-05,1134,N21,VIIRS,n,2.0NRT,310.53,6.88,D
-10.06192,30.58896,347.02,0.4,0.37,2026-10-05,1134,N21,VIIRS,n,2.0NRT,305.57,8.96,D
-10.06136,30.59254,347.36,0.4,0.37,2026-10-05,1134,N21,VIIRS,n,2.0NRT,309.96,8.96,D
-10.0608,30.59613,341.56,0.4,0.37,2026-10-05,1134,N21,VIIRS,n,2.0NRT,309.82,6.88,D
-10.06023,30.59972,342.9,0.4,0.37,2026-10-05,1134,N21,VIIRS,n,2.0NRT,307.28,6.88,D
-10.05568,22.54179,335.82,0.51,0.5,2026-10-05,1134,N21,VIIRS,n,2.0NRT,295.3,6.32,D
-10.05538,30.32823,333.65,0.39,0.36,2026-10-05,1134,N21,VIIRS,n,2.0NRT,303.13,3.44,D
-10.05205,30.3277,341.36,0.39,0.36,2026-10-05,1134,N21,VIIRS,n,2.0NRT,302.71,4.1,D
-10.0515,30.33124,342.72,0.39,0.36,2026-10-05,1134,N21,VIIRS,n,2.0NRT,305.2,19.19,D
-10.04967,22.12928,337.57,0.55,0.51,2026-10-05,1134,N21,VIIRS,n,2.0NRT,295.51,9.4,D
-10.0481,31.44903,347.23,0.42,0.37,2026-10-05,1134,N21,VIIRS,n,2.0NRT,305.29,7.35,D
-10.04299,32.83856,334.61,0.48,0.4,2026-10-05,1134,N21,VIIRS,n,2.0NRT,295.21,3.73,D
-10.04284,30.10198,339.12,0.39,0.36,2026-10-05,1134,N21,VIIRS,n,2.0NRT,304.69,4.71,D
-10.03752,33.66278,345.41,0.53,0.42,2026-10-05,1134,N21,VIIRS,n,2.0NRT,289.44,57.59,D
-10.03163,23.25278,343.82,0.46,0.47,2026-10-05,1134,N21,VIIRS,n,2.0NRT,296.39,9.79,D
-10.01747,29.56007,336.89,0.38,0.36,2026-10-05,1134,N21,VIIRS,n,2.0NRT,299.35,10.32,D
-10.0119,22.58047,332.93,0.51,0.49,2026-10-05,1134,N21,VIIRS,n,2.0NRT,299.14,3.28,D
-10.00283,33.79878,338.4,0.54,0.42,2026-10-05,1134,N21,VIIRS,n,2.0NRT,304.71,4.63,D
-9.99802,22.51288,337.47,0.51,0.5,2026-10-05,1134,N21,VIIRS,n,2.0NRT,299.22,5.49,D
-9.98615,31.15502,349.43,0.41,0.37,2026-10-05,1134,N21,VIIRS,n,2.0NRT,308.99,8.8,D
-9.98577,32.32974,335.84,0.45,0.39,2026-10-05,1134,N21,VIIRS,n,2.0NRT,294.11,5.06,D
-9.98557,31.15871,367,0.41,0.37,2026-10-05,1134,N21,VIIRS,h,2.0NRT,313.56,9.02,D
-9.98498,31.16241,344.5,0.41,0.37,2026-10-05,1134,N21,VIIRS,n,2.0NRT,309.78,9.02,D
-9.98112,31.77645,337.65,0.43,0.38,2026-10-05,1134,N21,VIIRS,n,2.0NRT,301.9,2.76,D
-9.98049,31.78033,341.07,0.43,0.38,2026-10-05,1134,N21,VIIRS,n,2.0NRT,305.39,5.3,D
-9.98032,23.04325,342.33,0.47,0.48,2026-10-05,1134,N21,VIIRS,n,2.0NRT,298.28,10.55,D
-9.97911,31.77681,347.64,0.43,0.38,2026-10-05,1134,N21,VIIRS,n,2.0NRT,304.36,7.14,D
-9.9785,31.7807,335.53,0.43,0.38,2026-10-05,1134,N21,VIIRS,n,2.0NRT,304.52,6.07,D
-9.96445,32.67709,338.84,0.47,0.4,2026-10-05,1134,N21,VIIRS,n,2.0NRT,298.73,4.76,D
-9.9579,32.67171,338.62,0.47,0.4,2026-10-05,1134,N21,VIIRS,n,2.0NRT,305.45,7.01,D
-9.95373,31.13455,335.49,0.41,0.37,2026-10-05,1134,N21,VIIRS,l,2.0NRT,308.77,24.05,D
-9.928,31.1874,346.89,0.41,0.37,2026-10-05,1134,N21,VIIRS,n,2.0NRT,307.14,6.1,D
-9.92741,31.19112,348.95,0.41,0.37,2026-10-05,1134,N21,VIIRS,n,2.0NRT,310.2,6.1,D
-9.9246,31.18683,341.15,0.41,0.37,2026-10-05,1134,N21,VIIRS,n,2.0NRT,309.16,4.81,D
-9.92402,31.19055,344.64,0.41,0.37,2026-10-05,1134,N21,VIIRS,n,2.0NRT,311.05,4.81,D
-9.91607,30.45821,338.38,0.39,0.36,2026-10-05,1134,N21,VIIRS,n,2.0NRT,303.99,5.89,D
-9.91085,30.14168,330.15,0.39,0.36,2026-10-05,1134,N21,VIIRS,l,2.0NRT,302.01,1.34,D
-9.90597,31.17232,338.43,0.41,0.37,2026-10-05,1134,N21,VIIRS,l,2.0NRT,312.01,6.45,D
-9.90538,31.17603,338.55,0.41,0.37,2026-10-05,1134,N21,VIIRS,l,2.0NRT,312.58,5.95,D
-9.90353,23.14248,338.7,0.46,0.47,2026-10-05,1134,N21,VIIRS,n,2.0NRT,295.16,7.65,D
-9.8829,31.47308,336.76,0.42,0.38,2026-10-05,1134,N21,VIIRS,l,2.0NRT,309.42,2.64,D
-9.87698,31.09171,343.63,0.41,0.37,2026-10-05,1134,N21,VIIRS,n,2.0NRT,312.82,29.1,D
-9.86144,28.97484,334.67,0.38,0.36,2026-10-05,1134,N21,VIIRS,n,2.0NRT,302.26,3.59,D
-9.85931,31.26806,343.72,0.41,0.37,2026-10-05,1134,N21,VIIRS,n,2.0NRT,306.54,7.82,D
-9.8559,31.2675,347.3,0.41,0.37,2026-10-05,1134,N21,VIIRS,n,2.0NRT,315.05,10.43,D
-9.8553,31.27125,342.19,0.41,0.37,2026-10-05,1134,N21,VIIRS,n,2.0NRT,310.38,10.43,D
-9.84863,29.24089,335.07,0.38,0.36,2026-10-05,1134,N21,VIIRS,n,2.0NRT,304.33,2.86,D
-9.84189,31.37702,342.45,0.42,0.37,2026-10-05,1134,N21,VIIRS,l,2.0NRT,314.91,17.77,D
-9.8395,28.98574,341.96,0.38,0.36,2026-10-05,1134,N21,VIIRS,n,2.0NRT,306.84,6.94,D
-9.83665,30.46745,334.76,0.39,0.36,2026-10-05,1134,N21,VIIRS,l,2.0NRT,306.27,5.12,D
-9.83555,31.28316,333.99,0.41,0.37,2026-10-05,1134,N21,VIIRS,n,2.0NRT,303.37,3.46,D
-9.83276,30.47049,336.53,0.39,0.36,2026-10-05,1134,N21,VIIRS,l,2.0NRT,307.34,5.9,D
-9.83085,28.18412,337.57,0.39,0.36,2026-10-05,1134,N21,VIIRS,n,2.0NRT,289.91,6.15,D
-9.82724,28.48125,340.71,0.39,0.36,2026-10-05,1134,N21,VIIRS,n,2.0NRT,304.61,5.36,D
-9.81205,32.71112,348.82,0.47,0.4,2026-10-05,1134,N21,VIIRS,n,2.0NRT,314.96,13.06,D
-9.81137,32.71538,339.6,0.47,0.4,2026-10-05,1134,N21,VIIRS,l,2.0NRT,312.8,8.06,D
-9.81018,29.13453,336.9,0.38,0.36,2026-10-05,1134,N21,VIIRS,n,2.0NRT,300.95,13.5,D
-9.80535,31.076,340.17,0.41,0.37,2026-10-05,1134,N21,VIIRS,n,2.0NRT,310.25,12.17,D
-9.80196,31.07546,335.99,0.41,0.37,2026-10-05,1134,N21,VIIRS,l,2.0NRT,306.92,12.17,D
-9.80162,31.71604,337.22,0.43,0.38,2026-10-05,1134,N21,VIIRS,l,2.0NRT,309.68,4.97,D
-9.79973,31.06754,336.83,0.41,0.37,2026-10-05,1134,N21,VIIRS,n,2.0NRT,305.12,5.11,D
-9.79681,31.08597,342.87,0.41,0.37,2026-10-05,1134,N21,VIIRS,n,2.0NRT,305.24,7.07,D
-9.794,31.08173,335.3,0.41,0.37,2026-10-05,1134,N21,VIIRS,l,2.0NRT,305.33,7.07,D
-9.79319,23.91522,346.36,0.41,0.45,2026-10-05,1134,N21,VIIRS,n,2.0NRT,294.83,11.42,D
-9.79178,31.07382,350.86,0.41,0.37,2026-10-05,1134,N21,VIIRS,n,2.0NRT,308.32,10.34,D
-9.7914,28.26561,337.02,0.39,0.36,2026-10-05,1134,N21,VIIRS,n,2.0NRT,305.41,3.28,D
-9.79119,31.0775,346.74,0.41,0.37,2026-10-05,1134,N21,VIIRS,n,2.0NRT,309.25,10.34,D
-9.78839,31.07328,335.46,0.41,0.37,2026-10-05,1134,N21,VIIRS,n,2.0NRT,301.52,10.34,D
-9.78377,29.13045,337.53,0.38,0.36,2026-10-05,1134,N21,VIIRS,n,2.0NRT,307.33,3.39,D
-9.77941,29.1369,336.29,0.38,0.36,2026-10-05,1134,N21,VIIRS,l,2.0NRT,306.84,4.91,D
-9.77631,24.06723,339.43,0.4,0.44,2026-10-05,1134,N21,VIIRS,n,2.0NRT,291.31,8.04,D
-9.76662,22.46135,337.42,0.51,0.5,2026-10-05,1134,N21,VIIRS,n,2.0NRT,293.07,5.52,D
-9.76437,29.2805,332.51,0.38,0.36,2026-10-05,1134,N21,VIIRS,n,2.0NRT,302.32,2.07,D
-9.75868,31.282,339.21,0.41,0.37,2026-10-05,1134,N21,VIIRS,l,2.0NRT,311.8,3.48,D
-9.74518,28.46154,342.68,0.39,0.36,2026-10-05,1134,N21,VIIRS,n,2.0NRT,299.12,5.41,D
-9.74407,27.92202,332.78,0.4,0.37,2026-10-05,1134,N21,VIIRS,n,2.0NRT,300.27,4.75,D
-9.74125,27.91792,330.3,0.4,0.37,2026-10-05,1134,N21,VIIRS,n,2.0NRT,298.66,2.8,D
-9.7296,29.92895,335.62,0.39,0.36,2026-10-05,1134,N21,VIIRS,n,2.0NRT,304.53,3.02,D
-9.72924,31.31238,338.37,0.42,0.37,2026-10-05,1134,N21,VIIRS,l,2.0NRT,312.95,2.25,D
-9.72876,31.31562,339.22,0.42,0.37,2026-10-05,1134,N21,VIIRS,l,2.0NRT,313.27,5.06,D
-9.72621,29.92779,339.15,0.39,0.36,2026-10-05,1134,N21,VIIRS,n,2.0NRT,306.3,7.94,D
-9.72567,29.9313,346.61,0.39,0.36,2026-10-05,1134,N21,VIIRS,n,2.0NRT,310.19,17.14,D
-9.72227,28.2983,337.08,0.39,0.36,2026-10-05,1134,N21,VIIRS,n,2.0NRT,303.05,4.86,D
-9.72029,31.27996,341.63,0.41,0.37,2026-10-05,1134,N21,VIIRS,l,2.0NRT,313.09,4.69,D
-9.72021,23.31244,332.5,0.45,0.47,2026-10-05,1134,N21,VIIRS,n,2.0NRT,294.09,5.11,D
-9.71974,30.25554,334.3,0.39,0.36,2026-10-05,1134,N21,VIIRS,n,2.0NRT,302.1,13.56,D
-9.71884,31.33401,336.67,0.42,0.37,2026-10-05,1134,N21,VIIRS,l,2.0NRT,309.94,5.41,D
-9.71797,24.01039,367,0.41,0.45,2026-10-05,1134,N21,VIIRS,h,2.0NRT,292,9.7,D
-9.7171,23.31192,348.43,0.45,0.47,2026-10-05,1134,N21,VIIRS,n,2.0NRT,296.87,9.92,D
-9.71593,23.31184,339.45,0.45,0.47,2026-10-05,1134,N21,VIIRS,n,2.0NRT,296.75,5.11,D
-9.70705,29.27497,330.57,0.38,0.36,2026-10-05,1134,N21,VIIRS,l,2.0NRT,305.35,2.37,D
-9.7067,24.03115,338.6,0.4,0.45,2026-10-05,1134,N21,VIIRS,n,2.0NRT,287.45,2.08,D
-9.70322,29.27794,344.09,0.38,0.36,2026-10-05,1134,N21,VIIRS,n,2.0NRT,312.39,32.05,D
-9.70155,31.26547,336.95,0.41,0.37,2026-10-05,1134,N21,VIIRS,l,2.0NRT,309.91,5.71,D
-9.70063,32.65837,343.11,0.47,0.4,2026-10-05,1134,N21,VIIRS,n,2.0NRT,309.43,8.46,D
-9.69734,32.79485,338.13,0.48,0.4,2026-10-05,1134,N21,VIIRS,n,2.0NRT,292.78,7.33,D
-9.6802,28.16833,335.88,0.39,0.36,2026-10-05,1134,N21,VIIRS,n,2.0NRT,294.68,6.06,D
-9.67898,30.19061,333.8,0.39,0.36,2026-10-05,1134,N21,VIIRS,n,2.0NRT,302.05,5.38,D
-9.67595,31.33877,338.3,0.42,0.37,2026-10-05,1134,N21,VIIRS,l,2.0NRT,309.73,4.76,D
-9.6722,29.23754,334.63,0.38,0.36,2026-10-05,1134,N21,VIIRS,l,2.0NRT,305.57,3.67,D
-9.66768,32.60907,339.65,0.47,0.4,2026-10-05,1134,N21,VIIRS,n,2.0NRT,308.03,5.3,D
-9.66406,32.60843,337.75,0.47,0.4,2026-10-05,1134,N21,VIIRS,n,2.0NRT,305.14,5.3,D
-9.66336,32.61269,339.17,0.47,0.4,2026-10-05,1134,N21,VIIRS,n,2.0NRT,310.9,10.8,D
-9.66332,29.62801,337.94,0.38,0.36,2026-10-05,1134,N21,VIIRS,n,2.0NRT,306.12,2.86,D
-9.66311,29.58515,339.29,0.38,0.36,2026-10-05,1134,N21,VIIRS,n,2.0NRT,306.85,3.57,D
-9.66258,29.58864,331.15,0.38,0.36,2026-10-05,1134,N21,VIIRS,l,2.0NRT,305.08,3.57,D
-9.66002,29.62749,333.36,0.38,0.36,2026-10-05,1134,N21,VIIRS,l,2.0NRT,305.99,2.86,D
-9.65761,30.41309,355.96,0.39,0.36,2026-10-05,1134,N21,VIIRS,n,2.0NRT,302.78,13.72,D
-9.64494,27.64642,331.89,0.4,0.37,2026-10-05,1134,N21,VIIRS,l,2.0NRT,303.08,4.15,D
-9.63976,29.42828,343.34,0.38,0.36,2026-10-05,1134,N21,VIIRS,n,2.0NRT,300.68,17.34,D
-9.63768,28.40861,335.99,0.39,0.36,2026-10-05,1134,N21,VIIRS,n,2.0NRT,304.18,7.64,D
-9.63716,28.41214,350.87,0.39,0.36,2026-10-05,1134,N21,VIIRS,n,2.0NRT,307.68,7.64,D
-9.63615,29.27465,349.49,0.38,0.36,2026-10-05,1134,N21,VIIRS,n,2.0NRT,309.4,6.48,D
-9.63284,28.39623,346.74,0.39,0.36,2026-10-05,1134,N21,VIIRS,n,2.0NRT,304.64,4.9,D
-9.63284,29.27414,346.97,0.38,0.36,2026-10-05,1134,N21,VIIRS,n,2.0NRT,304.49,6.48,D
-9.62952,28.39573,336.04,0.39,0.36,2026-10-05,1134,N21,VIIRS,n,2.0NRT,303.96,4.9,D
-9.60295,31.22257,338.17,0.41,0.37,2026-10-05,1134,N21,VIIRS,l,2.0NRT,311.69,4.02,D
-9.60087,28.65491,331.39,0.39,0.36,2026-10-05,1134,N21,VIIRS,n,2.0NRT,296.81,2.39,D
-9.60015,31.10733,344.26,0.41,0.37,2026-10-05,1134,N21,VIIRS,n,2.0NRT,313.35,43.49,D
-9.59623,31.39938,346,0.42,0.38,2026-10-05,1134,N21,VIIRS,n,2.0NRT,297.49,8.78,D
-9.59557,31.11421,346.7,0.41,0.37,2026-10-05,1134,N21,VIIRS,n,2.0NRT,305.74,8.1,D
-9.59498,31.11795,342.74,0.41,0.37,2026-10-05,1134,N21,VIIRS,n,2.0NRT,308.13,5.28,D
-9.59439,31.12168,336,0.41,0.37,2026-10-05,1134,N21,VIIRS,l,2.0NRT,306.91,5.28,D
-9.59327,30.61161,338.98,0.4,0.37,2026-10-05,1134,N21,VIIRS,n,2.0NRT,310.29,12.78,D
-9.59153,31.22839,335.05,0.41,0.37,2026-10-05,1134,N21,VIIRS,l,2.0NRT,307.58,2.29,D
-9.58992,30.61107,338.33,0.4,0.37,2026-10-05,1134,N21,VIIRS,n,2.0NRT,306.36,12.78,D
-9.58633,31.04047,336.4,0.41,0.37,2026-10-05,1134,N21,VIIRS,n,2.0NRT,305.45,4.45,D
-9.56698,30.62588,340.28,0.4,0.37,2026-10-05,1134,N21,VIIRS,l,2.0NRT,311.06,8.59,D
-9.56363,30.62535,340.88,0.4,0.37,2026-10-05,1134,N21,VIIRS,n,2.0NRT,310.45,5.7,D
-9.56269,30.41208,347.65,0.39,0.36,2026-10-05,1134,N21,VIIRS,n,2.0NRT,313.15,12.01,D
-9.55471,30.04807,346.84,0.39,0.36,2026-10-05,1134,N21,VIIRS,n,2.0NRT,313.96,6.8,D
-9.54129,28.93455,332.7,0.38,0.36,2026-10-05,1134,N21,VIIRS,n,2.0NRT,296.51,7.55,D
-9.53446,27.6032,331.74,0.41,0.37,2026-10-05,1134,N21,VIIRS,l,2.0NRT,299.82,10.25,D
-9.53233,31.62489,345.51,0.43,0.38,2026-10-05,1134,N21,VIIRS,n,2.0NRT,314.88,13.26,D
-9.52886,31.62432,344.68,0.43,0.38,2026-10-05,1134,N21,VIIRS,l,2.0NRT,316.07,10.94,D
-9.52774,31.29884,339.44,0.42,0.37,2026-10-05,1134,N21,VIIRS,n,2.0NRT,307.71,3.06,D
-9.52714,31.3026,346.84,0.42,0.37,2026-10-05,1134,N21,VIIRS,n,2.0NRT,311.59,3.06,D
-9.5236,29.98562,347.31,0.39,0.36,2026-10-05,1134,N21,VIIRS,n,2.0NRT,315.59,10.57,D
-9.52334,29.65552,335.94,0.39,0.36,2026-10-05,1134,N21,VIIRS,n,2.0NRT,302.06,2.96,D
-9.51761,31.65028,341.74,0.43,0.38,2026-10-05,1134,N21,VIIRS,l,2.0NRT,314.35,6.06,D
-9.51662,30.07454,340.93,0.39,0.36,2026-10-05,1134,N21,VIIRS,l,2.0NRT,312.11,2.52,D
-9.51628,31.30463,340.88,0.42,0.37,2026-10-05,1134,N21,VIIRS,l,2.0NRT,312.88,7.49,D
-9.51275,30.07755,342.55,0.39,0.36,2026-10-05,1134,N21,VIIRS,l,2.0NRT,313.31,3.97,D
-9.5073,31.18381,331.98,0.41,0.37,2026-10-05,1134,N21,VIIRS,l,2.0NRT,306.92,3.49,D
-9.49243,30.18641,348.38,0.39,0.36,2026-10-05,1134,N21,VIIRS,n,2.0NRT,308.11,8.16,D
-9.49133,30.19348,335.23,0.39,0.36,2026-10-05,1134,N21,VIIRS,l,2.0NRT,309.36,6.5,D
-9.48954,30.0301,337.36,0.39,0.36,2026-10-05,1134,N21,VIIRS,l,2.0NRT,311.2,5.53,D
-9.46342,29.97916,347.73,0.39,0.36,2026-10-05,1134,N21,VIIRS,n,2.0NRT,315.38,18.84,D
-9.46029,30.48007,340.33,0.4,0.37,2026-10-05,1134,N21,VIIRS,n,2.0NRT,304.88,5.4,D
-9.4601,29.97863,342.39,0.39,0.36,2026-10-05,1134,N21,VIIRS,l,2.0NRT,315.16,8.52,D
-9.45495,30.75635,339.82,0.4,0.37,2026-10-05,1134,N21,VIIRS,l,2.0NRT,312.18,8.08,D
-9.45482,29.88086,342.11,0.39,0.36,2026-10-05,1134,N21,VIIRS,n,2.0NRT,308.03,7.93,D
-9.44417,31.18476,347.85,0.41,0.37,2026-10-05,1134,N21,VIIRS,n,2.0NRT,314.87,8.82,D
-9.44017,30.52096,342.75,0.4,0.37,2026-10-05,1134,N21,VIIRS,n,2.0NRT,305.39,22.75,D
-9.43961,30.52455,335.72,0.4,0.37,2026-10-05,1134,N21,VIIRS,l,2.0NRT,307.08,5.46,D
-9.43814,26.09286,332.67,0.46,0.39,2026-10-05,1134,N21,VIIRS,n,2.0NRT,296.86,5.78,D
-9.43682,30.52041,343.32,0.4,0.37,2026-10-05,1134,N21,VIIRS,n,2.0NRT,309.76,8.7,D
-9.4346,30.5127,340.05,0.4,0.37,2026-10-05,1134,N21,VIIRS,n,2.0NRT,304.41,4.34,D
-9.43439,30.64545,344.71,0.4,0.37,2026-10-05,1134,N21,VIIRS,n,2.0NRT,316.31,67.02,D
-9.43103,30.6449,367,0.4,0.37,2026-10-05,1134,N21,VIIRS,h,2.0NRT,320.36,67.53,D
-9.43047,30.64851,348.77,0.4,0.37,2026-10-05,1134,N21,VIIRS,n,2.0NRT,312.13,9.61,D
-9.42375,30.64741,341.96,0.4,0.37,2026-10-05,1134,N21,VIIRS,l,2.0NRT,312.55,8.34,D
-9.41533,30.65715,337.36,0.4,0.37,2026-10-05,1134,N21,VIIRS,l,2.0NRT,309.96,8.42,D
-9.41473,30.228,336.54,0.39,0.36,2026-10-05,1134,N21,VIIRS,l,2.0NRT,310.83,2.75,D
-9.41127,28.08326,331,0.39,0.36,2026-10-05,1134,N21,VIIRS,n,2.0NRT,296.24,2.82,D
-9.40485,30.31364,342.98,0.39,0.36,2026-10-05,1134,N21,VIIRS,n,2.0NRT,308.71,7.05,D
-9.37792,33.1176,343.5,0.5,0.41,2026-10-05,1134,N21,VIIRS,n,2.0NRT,298.94,11.33,D
-9.37371,30.60205,339.66,0.4,0.37,2026-10-05,1134,N21,VIIRS,l,2.0NRT,314.14,12.74,D
-9.37205,30.54658,335.67,0.4,0.37,2026-10-05,1134,N21,VIIRS,n,2.0NRT,306.28,3.77,D
-9.36703,30.5347,346.07,0.4,0.37,2026-10-05,1134,N21,VIIRS,n,2.0NRT,304.99,8.24,D
-9.36421,30.57475,345.56,0.4,0.37,2026-10-05,1134,N21,VIIRS,n,2.0NRT,314.35,33.07,D
-9.36365,30.57834,347.06,0.4,0.37,2026-10-05,1134,N21,VIIRS,n,2.0NRT,309.71,5.61,D
-9.36309,30.58194,345.74,0.4,0.37,2026-10-05,1134,N21,VIIRS,n,2.0NRT,310.22,5.61,D
-9.36295,27.27339,339.85,0.41,0.37,2026-10-05,1134,N21,VIIRS,n,2.0NRT,302.67,5.84,D
-9.35751,30.57366,348.35,0.4,0.37,2026-10-05,1134,N21,VIIRS,n,2.0NRT,314.39,19.68,D
-9.35303,30.5803,340.28,0.4,0.37,2026-10-05,1134,N21,VIIRS,n,2.0NRT,309.36,6.9,D
-9.35024,30.57616,338.69,0.4,0.37,2026-10-05,1134,N21,VIIRS,l,2.0NRT,311.05,6.9,D
-9.34968,30.57975,355.52,0.4,0.37,2026-10-05,1134,N21,VIIRS,n,2.0NRT,315.79,6.9,D
-9.33989,29.72237,334.25,0.39,0.36,2026-10-05,1134,N21,VIIRS,l,2.0NRT,305.01,21.46,D
-9.33488,28.88414,339.8,0.38,0.36,2026-10-05,1134,N21,VIIRS,n,2.0NRT,306.59,4.33,D
-9.32614,32.86209,341.9,0.49,0.4,2026-10-05,1134,N21,VIIRS,n,2.0NRT,306.84,9.52,D
-9.32495,30.08272,334.66,0.39,0.36,2026-10-05,1134,N21,VIIRS,l,2.0NRT,308.07,1.45,D
-9.32078,25.96534,337.15,0.47,0.39,2026-10-05,1134,N21,VIIRS,n,2.0NRT,300.95,5.32,D
-9.319,30.75359,336.25,0.4,0.37,2026-10-05,1134,N21,VIIRS,l,2.0NRT,310.07,5.92,D
-9.31563,30.75307,336.39,0.4,0.37,2026-10-05,1134,N21,VIIRS,l,2.0NRT,310.36,5.92,D
-9.3038,26.00593,330.6,0.46,0.39,2026-10-05,1134,N21,VIIRS,l,2.0NRT,302.06,5.57,D
-9.30318,26.01017,343.69,0.46,0.39,2026-10-05,1134,N21,VIIRS,n,2.0NRT,302.92,9.97,D
-9.29492,30.54136,312.19,0.4,0.37,2026-10-05,1134,N21,VIIRS,l,2.0NRT,314.41,28.49,D
-9.29436,30.54496,367,0.4,0.37,2026-10-05,1134,N21,VIIRS,l,2.0NRT,326.57,63.48,D
-9.291,30.54444,342.82,0.4,0.37,2026-10-05,1134,N21,VIIRS,n,2.0NRT,314.06,13.87,D
-9.29068,30.10619,334.18,0.39,0.36,2026-10-05,1134,N21,VIIRS,l,2.0NRT,308.91,3.61,D
-9.29045,30.54803,339.92,0.4,0.37,2026-10-05,1134,N21,VIIRS,n,2.0NRT,309.35,13.87,D
-9.28027,29.90996,332.97,0.39,0.36,2026-10-05,1134,N21,VIIRS,n,2.0NRT,302.79,2.54,D
-9.27577,30.13633,335.28,0.39,0.36,2026-10-05,1134,N21,VIIRS,l,2.0NRT,306.89,12.45,D
-9.273,30.13228,333.43,0.39,0.36,2026-10-05,1134,N21,VIIRS,l,2.0NRT,307.69,8.52,D
-9.27138,30.64867,340.96,0.4,0.37,2026-10-05,1134,N21,VIIRS,n,2.0NRT,308.79,4.8,D
-9.26968,30.6817,342.99,0.4,0.37,2026-10-05,1134,N21,VIIRS,n,2.0NRT,309.84,4.84,D
-9.26912,30.68532,335.02,0.4,0.37,2026-10-05,1134,N21,VIIRS,l,2.0NRT,309.56,4.84,D
-9.26799,30.69258,338.85,0.4,0.37,2026-10-05,1134,N21,VIIRS,l,2.0NRT,311.34,4.37,D
-9.26778,32.36895,337.15,0.46,0.39,2026-10-05,1134,N21,VIIRS,n,2.0NRT,282.43,6.59,D
-9.2665,25.98324,330.73,0.47,0.39,2026-10-05,1134,N21,VIIRS,l,2.0NRT,299.06,4.66,D
-9.26463,30.69203,337.59,0.4,0.37,2026-10-05,1134,N21,VIIRS,l,2.0NRT,312.26,4.37,D
-9.25959,30.68009,338.96,0.4,0.37,2026-10-05,1134,N21,VIIRS,l,2.0NRT,311.19,60.94,D
-9.25283,30.7013,335.08,0.4,0.37,2026-10-05,1134,N21,VIIRS,l,2.0NRT,307.07,3.65,D
-9.25226,30.70494,338.84,0.4,0.37,2026-10-05,1134,N21,VIIRS,l,2.0NRT,310.02,3.65,D
-9.23853,30.81523,348.4,0.4,0.37,2026-10-05,1134,N21,VIIRS,n,2.0NRT,311.13,28.78,D
-9.23515,30.81469,337.55,0.4,0.37,2026-10-05,1134,N21,VIIRS,n,2.0NRT,306.23,3.29,D
-9.23256,30.96481,336.36,0.41,0.37,2026-10-05,1134,N21,VIIRS,n,2.0NRT,305.77,2.15,D
-9.23036,30.30041,338.97,0.39,0.36,2026-10-05,1134,N21,VIIRS,l,2.0NRT,313.01,5.28,D
-9.22096,22.61748,335.98,0.49,0.49,2026-10-05,1134,N21,VIIRS,n,2.0NRT,293.36,5.21,D
-9.19972,28.96946,333.99,0.38,0.36,2026-10-05,1134,N21,VIIRS,l,2.0NRT,304.98,0.96,D
-9.17771,25.92444,346.17,0.47,0.4,2026-10-05,1134,N21,VIIRS,n,2.0NRT,299.14,8.97,D
-9.17421,30.3756,337.41,0.4,0.37,2026-10-05,1134,N21,VIIRS,l,2.0NRT,311.4,5.36,D
-9.17409,25.92393,339.62,0.47,0.4,2026-10-05,1134,N21,VIIRS,l,2.0NRT,298.62,5.86,D
-9.16751,29.09249,340.9,0.38,0.36,2026-10-05,1134,N21,VIIRS,n,2.0NRT,308.11,7.73,D
-9.16698,29.09596,346.24,0.38,0.36,2026-10-05,1134,N21,VIIRS,n,2.0NRT,303.69,7.73,D
-9.16504,28.13971,345.2,0.39,0.36,2026-10-05,1134,N21,VIIRS,n,2.0NRT,304.67,9.29,D
-9.16243,30.62807,338.75,0.4,0.37,2026-10-05,1134,N21,VIIRS,l,2.0NRT,311.95,7.3,D
-9.15906,30.62753,348.41,0.4,0.37,2026-10-05,1134,N21,VIIRS,n,2.0NRT,317.11,7.3,D
-9.15378,28.26076,332.73,0.39,0.36,2026-10-05,1134,N21,VIIRS,l,2.0NRT,302.75,1.96,D
-9.14856,30.38623,314.44,0.4,0.37,2026-10-05,1134,N21,VIIRS,l,2.0NRT,318.3,46.53,D
-9.14801,30.38981,338.28,0.4,0.37,2026-10-05,1134,N21,VIIRS,n,2.0NRT,311.56,32.42,D
-9.14359,29.22741,345.7,0.38,0.36,2026-10-05,1134,N21,VIIRS,n,2.0NRT,305.47,12.48,D
-9.14253,29.23435,348.92,0.38,0.36,2026-10-05,1134,N21,VIIRS,n,2.0NRT,308.18,12.43,D
-9.14064,30.56892,348.94,0.4,0.37,2026-10-05,1134,N21,VIIRS,n,2.0NRT,315.16,26.8,D
-9.13965,30.37749,346.95,0.4,0.37,2026-10-05,1134,N21,VIIRS,n,2.0NRT,312.81,8.53,D
-9.13518,29.39323,340.85,0.38,0.36,2026-10-05,1134,N21,VIIRS,n,2.0NRT,306.14,7.54,D
-9.13188,29.39272,333.9,0.38,0.36,2026-10-05,1134,N21,VIIRS,n,2.0NRT,302.82,7.54,D
-9.12587,28.94386,340.02,0.38,0.36,2026-10-05,1134,N21,VIIRS,n,2.0NRT,306.09,2.56,D
-9.12309,28.93987,338.89,0.38,0.36,2026-10-05,1134,N21,VIIRS,n,2.0NRT,307.4,3.64,D
-9.12256,28.94335,331.9,0.38,0.36,2026-10-05,1134,N21,VIIRS,l,2.0NRT,305.4,1.92,D
-9.12123,30.40753,347.47,0.4,0.37,2026-10-05,1134,N21,VIIRS,n,2.0NRT,314.47,6.45,D
-9.12099,25.87378,337.9,0.47,0.4,2026-10-05,1134,N21,VIIRS,n,2.0NRT,293.66,18.97,D
-9.12067,30.41112,342.06,0.4,0.37,2026-10-05,1134,N21,VIIRS,l,2.0NRT,312.34,6.45,D
-9.11845,30.40342,339.34,0.4,0.37,2026-10-05,1134,N21,VIIRS,l,2.0NRT,310.87,9.28,D
-9.11788,30.407,354.11,0.4,0.37,2026-10-05,1134,N21,VIIRS,n,2.0NRT,313.55,6.45,D
-9.11454,30.40646,341.59,0.4,0.37,2026-10-05,1134,N21,VIIRS,n,2.0NRT,313.46,6.07,D
-9.11269,29.20848,339.22,0.38,0.36,2026-10-05,1134,N21,VIIRS,l,2.0NRT,311.43,14.75,D
-9.11228,30.44271,337.89,0.4,0.37,2026-10-05,1134,N21,VIIRS,l,2.0NRT,312.24,6.34,D
-9.11223,30.75044,339.04,0.4,0.37,2026-10-05,1134,N21,VIIRS,l,2.0NRT,312.43,8.35,D
-9.11172,30.44628,343.78,0.4,0.37,2026-10-05,1134,N21,VIIRS,n,2.0NRT,313.59,6.34,D
-9.11166,30.75409,340.24,0.4,0.37,2026-10-05,1134,N21,VIIRS,l,2.0NRT,314.73,6.68,D
-9.11116,30.44984,344.22,0.4,0.37,2026-10-05,1134,N21,VIIRS,n,2.0NRT,311.11,7.78,D
-9.10781,30.44931,346.55,0.4,0.37,2026-10-05,1134,N21,VIIRS,n,2.0NRT,312.27,8.05,D
-9.09721,28.04954,341.45,0.39,0.36,2026-10-05,1134,N21,VIIRS,n,2.0NRT,298.84,5.65,D
-9.08908,28.9593,338.59,0.38,0.36,2026-10-05,1134,N21,VIIRS,l,2.0NRT,308.78,8.33,D
-9.0834,30.12755,343.7,0.39,0.36,2026-10-05,1134,N21,VIIRS,l,2.0NRT,316.33,8.65,D
-9.08321,26.0568,334.65,0.46,0.39,2026-10-05,1134,N21,VIIRS,n,2.0NRT,298.58,8.13,D
-9.08258,30.69707,353.74,0.4,0.37,2026-10-05,1134,N21,VIIRS,n,2.0NRT,315.47,11.68,D
-9.07979,30.69287,342.79,0.4,0.37,2026-10-05,1134,N21,VIIRS,l,2.0NRT,314.96,44.27,D
-9.07782,30.92531,337.97,0.41,0.37,2026-10-05,1134,N21,VIIRS,l,2.0NRT,310.07,12.62,D
-9.075,30.92107,346.39,0.41,0.37,2026-10-05,1134,N21,VIIRS,l,2.0NRT,317.27,10.56,D
-9.07497,29.34478,336.4,0.38,0.36,2026-10-05,1134,N21,VIIRS,l,2.0NRT,307.58,3.42,D
-9.07442,30.92477,344.33,0.41,0.37,2026-10-05,1134,N21,VIIRS,n,2.0NRT,312.56,10.56,D
-9.07301,26.07652,330.93,0.46,0.39,2026-10-05,1134,N21,VIIRS,l,2.0NRT,298.06,4.74,D
-9.06836,29.07341,333.99,0.38,0.36,2026-10-05,1134,N21,VIIRS,l,2.0NRT,304.55,1.58,D
-9.06826,26.0334,341.64,0.46,0.39,2026-10-05,1134,N21,VIIRS,n,2.0NRT,299.96,6.24,D
-9.06466,26.03288,336.28,0.46,0.39,2026-10-05,1134,N21,VIIRS,l,2.0NRT,298.56,3.87,D
-9.06358,29.37503,336.8,0.38,0.36,2026-10-05,1134,N21,VIIRS,l,2.0NRT,309.14,5.06,D
-9.05775,29.65567,344.99,0.39,0.36,2026-10-05,1134,N21,VIIRS,n,2.0NRT,310.9,9.65,D
-9.05387,26.00577,336.22,0.46,0.39,2026-10-05,1134,N21,VIIRS,l,2.0NRT,298.45,6.25,D
-9.0538,26.23326,339.16,0.45,0.39,2026-10-05,1134,N21,VIIRS,n,2.0NRT,306.07,25.89,D
-9.04677,29.32598,334.24,0.38,0.36,2026-10-05,1134,N21,VIIRS,l,2.0NRT,307.33,3.94,D
-9.04488,26.04277,335.51,0.46,0.39,2026-10-05,1134,N21,VIIRS,l,2.0NRT,302.37,5.62,D
-9.04428,26.04693,336.7,0.46,0.39,2026-10-05,1134,N21,VIIRS,l,2.0NRT,301.92,5.62,D
-9.04425,25.97022,339.12,0.46,0.39,2026-10-05,1134,N21,VIIRS,n,2.0NRT,297.26,6.4,D
-9.04249,26.0848,335.02,0.46,0.39,2026-10-05,1134,N21,VIIRS,l,2.0NRT,299.74,7.54,D
-9.04112,29.63164,338.36,0.39,0.36,2026-10-05,1134,N21,VIIRS,l,2.0NRT,310.28,5.85,D
-9.0384,29.40296,336.07,0.38,0.36,2026-10-05,1134,N21,VIIRS,n,2.0NRT,303.71,1.61,D
-9.03564,27.50047,331.67,0.41,0.37,2026-10-05,1134,N21,VIIRS,n,2.0NRT,298.32,3.54,D
-9.02796,29.4049,350.25,0.38,0.36,2026-10-05,1134,N21,VIIRS,n,2.0NRT,313.2,5.79,D
-9.02194,30.698,347.33,0.4,0.37,2026-10-05,1134,N21,VIIRS,n,2.0NRT,314.22,16.74,D
-9.01148,30.61041,338.74,0.4,0.37,2026-10-05,1134,N21,VIIRS,l,2.0NRT,310.65,5.86,D
-9.00769,26.0204,333.01,0.46,0.39,2026-10-05,1134,N21,VIIRS,l,2.0NRT,299.45,6.44,D
-9.00694,30.63941,340.01,0.4,0.37,2026-10-05,1134,N21,VIIRS,n,2.0NRT,306.63,3.01,D
-9.00581,26.02068,338.09,0.46,0.39,2026-10-05,1134,N21,VIIRS,n,2.0NRT,301.06,9.44,D
-9.00409,26.01987,334,0.46,0.39,2026-10-05,1134,N21,VIIRS,l,2.0NRT,300.01,6.44,D
-9.00357,30.63887,349.1,0.4,0.37,2026-10-05,1134,N21,VIIRS,n,2.0NRT,310.24,10.18,D
-9.00221,26.02016,333.3,0.46,0.39,2026-10-05,1134,N21,VIIRS,l,2.0NRT,299.65,4.82,D
-9.00031,30.59374,338.57,0.4,0.37,2026-10-05,1134,N21,VIIRS,l,2.0NRT,313.08,8.31,D
-8.99974,30.59736,352.42,0.4,0.37,2026-10-05,1134,N21,VIIRS,n,2.0NRT,313.79,8.31,D
-8.99621,28.22502,339.01,0.39,0.36,2026-10-05,1134,N21,VIIRS,n,2.0NRT,304.5,7.14,D
-8.98108,29.37976,336.35,0.38,0.36,2026-10-05,1134,N21,VIIRS,l,2.0NRT,308.48,5.95,D
-8.981,30.67261,336.12,0.4,0.37,2026-10-05,1134,N21,VIIRS,n,2.0NRT,291.72,4.66,D
-8.98055,29.38323,341.38,0.38,0.36,2026-10-05,1134,N21,VIIRS,n,2.0NRT,314.73,15.06,D
-8.97763,30.67206,346.71,0.4,0.37,2026-10-05,1134,N21,VIIRS,n,2.0NRT,306.01,7.96,D
-8.97001,30.89639,344.44,0.41,0.37,2026-10-05,1134,N21,VIIRS,n,2.0NRT,308.79,5.83,D
-8.96769,30.62567,346.85,0.4,0.37,2026-10-05,1134,N21,VIIRS,n,2.0NRT,302.01,4.78,D
-8.96598,30.62503,343.41,0.4,0.37,2026-10-05,1134,N21,VIIRS,n,2.0NRT,301.31,28.96,D
-8.96381,31.0243,342.42,0.41,0.37,2026-10-05,1134,N21,VIIRS,n,2.0NRT,311.97,5.99,D
-8.96262,30.6245,339.77,0.4,0.37,2026-10-05,1134,N21,VIIRS,n,2.0NRT,312.54,28.96,D
-8.96205,30.62812,352.39,0.4,0.37,2026-10-05,1134,N21,VIIRS,n,2.0NRT,325.98,28.96,D
-8.96149,30.63175,337.08,0.4,0.37,2026-10-05,1134,N21,VIIRS,l,2.0NRT,310.72,3.37,D
-8.95981,30.62036,349.62,0.4,0.37,2026-10-05,1134,N21,VIIRS,n,2.0NRT,315.65,35.56,D
-8.95925,30.62398,367,0.4,0.37,2026-10-05,1134,N21,VIIRS,h,2.0NRT,352.92,48.65,D
-8.95869,30.6276,355.26,0.4,0.37,2026-10-05,1134,N21,VIIRS,n,2.0NRT,322.62,48.65,D
-8.95812,30.63123,335.62,0.4,0.37,2026-10-05,1134,N21,VIIRS,l,2.0NRT,309.33,3.95,D
-8.95644,30.61985,350.96,0.4,0.37,2026-10-05,1134,N21,VIIRS,n,2.0NRT,320.49,35.56,D
-8.95588,30.62346,348.81,0.4,0.37,2026-10-05,1134,N21,VIIRS,n,2.0NRT,318.5,48.65,D
-8.95532,30.62708,348.87,0.4,0.37,2026-10-05,1134,N21,VIIRS,n,2.0NRT,314.23,48.65,D
-8.95375,30.86719,344.58,0.41,0.37,2026-10-05,1134,N21,VIIRS,n,2.0NRT,312.04,14.29,D
-8.95356,29.06929,336.59,0.38,0.36,2026-10-05,1134,N21,VIIRS,n,2.0NRT,305.75,4.38,D
-8.95307,30.61933,367,0.4,0.37,2026-10-05,1134,N21,VIIRS,l,2.0NRT,326.49,85.33,D
-8.95251,30.62295,342.49,0.4,0.37,2026-10-05,1134,N21,VIIRS,l,2.0NRT,314.04,11.4,D
-8.94924,26.40388,334.02,0.44,0.38,2026-10-05,1134,N21,VIIRS,n,2.0NRT,299.73,3.88,D
-8.94897,26.40771,335.13,0.44,0.39,2026-10-05,1134,N21,VIIRS,l,2.0NRT,299.01,7.84,D
-8.94864,26.4079,330.47,0.44,0.38,2026-10-05,1134,N21,VIIRS,l,2.0NRT,299.12,3.88,D
-8.9436,30.52515,336.8,0.4,0.37,2026-10-05,1134,N21,VIIRS,l,2.0NRT,308.91,3.8,D
-8.94353,30.61416,343.63,0.4,0.37,2026-10-05,1134,N21,VIIRS,n,2.0NRT,307.44,6.16,D
-8.94325,26.44772,333.87,0.44,0.38,2026-10-05,1134,N21,VIIRS,l,2.0NRT,299.52,5.22,D
-8.94319,31.06632,342,0.41,0.37,2026-10-05,1134,N21,VIIRS,l,2.0NRT,313.82,8.97,D
-8.92455,30.53695,339.51,0.4,0.37,2026-10-05,1134,N21,VIIRS,l,2.0NRT,314.11,6.71,D
-8.92347,29.99712,339.01,0.39,0.36,2026-10-05,1134,N21,VIIRS,l,2.0NRT,311.24,6.09,D
-8.92155,28.31457,335.17,0.39,0.36,2026-10-05,1134,N21,VIIRS,n,2.0NRT,302.81,2.94,D
-8.90919,30.90135,338.12,0.41,0.37,2026-10-05,1134,N21,VIIRS,l,2.0NRT,310.88,13.47,D
-8.90443,23.97342,339.73,0.4,0.44,2026-10-05,1134,N21,VIIRS,n,2.0NRT,294.36,5.72,D
-8.89866,31.01361,336.75,0.41,0.37,2026-10-05,1134,N21,VIIRS,l,2.0NRT,307.05,6.3,D
-8.89711,30.53626,338.99,0.4,0.37,2026-10-05,1134,N21,VIIRS,l,2.0NRT,312.12,5.29,D
-8.89615,28.21337,349.4,0.39,0.36,2026-10-05,1134,N21,VIIRS,n,2.0NRT,304.26,14.88,D
-8.89122,30.66166,342.71,0.4,0.37,2026-10-05,1134,N21,VIIRS,l,2.0NRT,315.73,13.77,D
-8.87716,28.36167,332.67,0.39,0.36,2026-10-05,1134,N21,VIIRS,n,2.0NRT,302.18,1.96,D
-8.87624,28.45831,332.19,0.39,0.36,2026-10-05,1134,N21,VIIRS,l,2.0NRT,303.46,2.11,D
-8.87512,23.97639,334.72,0.4,0.44,2026-10-05,1134,N21,VIIRS,n,2.0NRT,291.88,3.37,D
-8.86092,28.24407,346.92,0.39,0.36,2026-10-05,1134,N21,VIIRS,n,2.0NRT,303.85,6.17,D
-8.84804,30.78182,341.87,0.41,0.37,2026-10-05,1134,N21,VIIRS,l,2.0NRT,315.4,9.16,D
-8.84461,33.71146,336.96,0.55,0.43,2026-10-05,1134,N21,VIIRS,l,2.0NRT,311.25,5.4,D
-8.8388,25.91689,334.08,0.46,0.39,2026-10-05,1134,N21,VIIRS,l,2.0NRT,302.95,5.14,D
-8.83849,28.28024,337.11,0.39,0.36,2026-10-05,1134,N21,VIIRS,n,2.0NRT,300.15,10.55,D
-8.83768,29.91465,345.94,0.39,0.36,2026-10-05,1134,N21,VIIRS,n,2.0NRT,313.45,14.37,D
-8.82697,28.53666,335.76,0.39,0.36,2026-10-05,1134,N21,VIIRS,n,2.0NRT,303.45,6.95,D
-8.82603,30.58112,341.23,0.4,0.37,2026-10-05,1134,N21,VIIRS,n,2.0NRT,308.23,3.94,D
-8.82266,30.5806,335.51,0.4,0.37,2026-10-05,1134,N21,VIIRS,l,2.0NRT,307.09,2.99,D
-8.81143,30.58625,347.14,0.4,0.37,2026-10-05,1134,N21,VIIRS,n,2.0NRT,310.24,6.24,D
-8.81,33.33399,335.48,0.53,0.42,2026-10-05,1134,N21,VIIRS,n,2.0NRT,301.74,13.07,D
-8.80928,30.86626,341.7,0.41,0.37,2026-10-05,1134,N21,VIIRS,n,2.0NRT,308.62,6.96,D
-8.80408,25.9171,331.93,0.46,0.39,2026-10-05,1134,N21,VIIRS,l,2.0NRT,302.4,4.32,D
-8.80207,25.91614,336.05,0.46,0.39,2026-10-05,1134,N21,VIIRS,n,2.0NRT,303.69,4.81,D
-8.7976,26.05091,331.78,0.46,0.39,2026-10-05,1134,N21,VIIRS,l,2.0NRT,299.06,10.77,D
-8.79318,33.48441,336.61,0.54,0.42,2026-10-05,1134,N21,VIIRS,n,2.0NRT,301.29,6.11,D
-8.78679,23.89389,335.19,0.4,0.44,2026-10-05,1134,N21,VIIRS,n,2.0NRT,290.27,13.12,D
-8.7863,23.89747,339.59,0.4,0.44,2026-10-05,1134,N21,VIIRS,n,2.0NRT,293.07,48.62,D
-8.78482,23.90824,344.67,0.4,0.44,2026-10-05,1134,N21,VIIRS,n,2.0NRT,295.69,15.61,D
-8.78432,23.91183,367,0.4,0.44,2026-10-05,1134,N21,VIIRS,h,2.0NRT,298.7,12.4,D
-8.78222,23.89696,333.51,0.4,0.44,2026-10-05,1134,N21,VIIRS,n,2.0NRT,292.27,48.62,D
-8.78124,23.90416,355.43,0.4,0.44,2026-10-05,1134,N21,VIIRS,n,2.0NRT,296.53,15.61,D
-8.78074,23.90775,341.06,0.4,0.44,2026-10-05,1134,N21,VIIRS,n,2.0NRT,295.11,15.61,D
-8.7804,30.873,339.03,0.41,0.37,2026-10-05,1134,N21,VIIRS,l,2.0NRT,313.04,12.07,D
-8.78025,23.91133,352.53,0.4,0.44,2026-10-05,1134,N21,VIIRS,n,2.0NRT,297.48,12.4,D
-8.77815,23.89644,349.37,0.4,0.44,2026-10-05,1134,N21,VIIRS,n,2.0NRT,298.42,87.14,D
-8.77766,23.90005,332.65,0.4,0.44,2026-10-05,1134,N21,VIIRS,l,2.0NRT,304,87.14,D
-8.77673,28.60035,331.08,0.39,0.36,2026-10-05,1134,N21,VIIRS,l,2.0NRT,305.01,1.59,D
-8.77485,28.56798,335.69,0.39,0.36,2026-10-05,1134,N21,VIIRS,n,2.0NRT,303.52,3.26,D
-8.77153,28.56748,334.25,0.39,0.36,2026-10-05,1134,N21,VIIRS,n,2.0NRT,302.44,3.23,D
-8.75127,33.34057,337.32,0.53,0.42,2026-10-05,1134,N21,VIIRS,l,2.0NRT,307.61,5.48,D
-8.74977,33.34254,338.06,0.53,0.42,2026-10-05,1134,N21,VIIRS,l,2.0NRT,308.09,6.05,D
-8.7496,28.05686,331.69,0.39,0.36,2026-10-05,1134,N21,VIIRS,l,2.0NRT,303.94,2.04,D
-8.74234,24.36072,331.07,0.56,0.43,2026-10-05,1134,N21,VIIRS,n,2.0NRT,294.27,10.24,D
-8.74188,28.06292,331.25,0.39,0.36,2026-10-05,1134,N21,VIIRS,l,2.0NRT,302.71,1.29,D
-8.74081,25.819,333.87,0.47,0.4,2026-10-05,1134,N21,VIIRS,n,2.0NRT,300.6,2.98,D
-8.73619,26.00464,298.82,0.46,0.39,2026-10-05,1134,N21,VIIRS,l,2.0NRT,300.61,27.33,D
-8.73559,26.00878,332.73,0.46,0.39,2026-10-05,1134,N21,VIIRS,l,2.0NRT,298.57,24.17,D
-8.72517,24.36856,332.13,0.56,0.43,2026-10-05,1134,N21,VIIRS,n,2.0NRT,295.16,9.27,D
-8.70632,33.64414,341.94,0.55,0.43,2026-10-05,1134,N21,VIIRS,n,2.0NRT,307.26,12.63,D
-8.70456,28.64915,335.07,0.39,0.36,2026-10-05,1134,N21,VIIRS,l,2.0NRT,305.84,1.96,D
-8.70274,33.64547,338.78,0.55,0.43,2026-10-05,1134,N21,VIIRS,n,2.0NRT,307.11,10.32,D
-8.70226,33.62459,336.73,0.55,0.43,2026-10-05,1134,N21,VIIRS,n,2.0NRT,305.23,2.61,D
-8.6994,33.58792,336,0.55,0.42,2026-10-05,1134,N21,VIIRS,l,2.0NRT,307.24,4.74,D
-8.68837,29.91211,339.31,0.39,0.36,2026-10-05,1134,N21,VIIRS,l,2.0NRT,312.36,6.74,D
-8.68781,33.58567,335.77,0.55,0.42,2026-10-05,1134,N21,VIIRS,l,2.0NRT,309.37,3.34,D
-8.68154,33.33497,339.06,0.53,0.42,2026-10-05,1134,N21,VIIRS,n,2.0NRT,308.29,18.88,D
-8.6785,33.59385,344.51,0.55,0.43,2026-10-05,1134,N21,VIIRS,n,2.0NRT,311.61,6.43,D
-8.67685,28.13559,331.56,0.39,0.36,2026-10-05,1134,N21,VIIRS,n,2.0NRT,296.6,3.13,D
-8.66158,24.50503,347.59,0.55,0.43,2026-10-05,1134,N21,VIIRS,n,2.0NRT,297.83,27.65,D
-8.65839,24.49952,338.65,0.55,0.43,2026-10-05,1134,N21,VIIRS,n,2.0NRT,298.41,31.06,D
-8.65768,24.50448,353.91,0.55,0.43,2026-10-05,1134,N21,VIIRS,n,2.0NRT,298.97,32.41,D
-8.65697,24.50945,345.01,0.55,0.43,2026-10-05,1134,N21,VIIRS,n,2.0NRT,299.98,32.41,D
-8.65306,23.69219,330.77,0.41,0.45,2026-10-05,1134,N21,VIIRS,n,2.0NRT,292.98,2.96,D
-8.64791,23.69898,338.68,0.41,0.45,2026-10-05,1134,N21,VIIRS,n,2.0NRT,294.4,13.5,D
-8.64738,23.70268,367,0.41,0.45,2026-10-05,1134,N21,VIIRS,h,2.0NRT,293.07,13.5,D
-8.64667,28.17789,335.37,0.39,0.36,2026-10-05,1134,N21,VIIRS,n,2.0NRT,300.63,9.15,D
-8.63032,33.57185,344.91,0.55,0.42,2026-10-05,1134,N21,VIIRS,n,2.0NRT,314.18,20.87,D
-8.62893,28.76909,335.43,0.38,0.36,2026-10-05,1134,N21,VIIRS,l,2.0NRT,306.15,9.37,D
-8.62634,31.51128,336.49,0.43,0.38,2026-10-05,1134,N21,VIIRS,n,2.0NRT,304.89,3.98,D
-8.61671,29.27117,341.6,0.38,0.36,2026-10-05,1134,N21,VIIRS,n,2.0NRT,291.9,3.42,D
-8.6134,30.74953,337.85,0.41,0.37,2026-10-05,1134,N21,VIIRS,n,2.0NRT,295.78,4.25,D
-8.61283,30.75321,333.8,0.41,0.37,2026-10-05,1134,N21,VIIRS,n,2.0NRT,297.97,4.25,D
-8.60563,25.95417,331.52,0.46,0.39,2026-10-05,1134,N21,VIIRS,n,2.0NRT,300.41,3.14,D
-8.60471,31.45651,338.21,0.43,0.38,2026-10-05,1134,N21,VIIRS,l,2.0NRT,311.74,5.16,D
-8.59599,28.7598,336.95,0.38,0.36,2026-10-05,1134,N21,VIIRS,n,2.0NRT,304.46,2.48,D
-8.5714,33.41445,346.07,0.54,0.42,2026-10-05,1134,N21,VIIRS,n,2.0NRT,312.73,4.61,D
-8.53648,25.86047,342.6,0.46,0.39,2026-10-05,1134,N21,VIIRS,n,2.0NRT,300.42,9.68,D
-8.50272,33.43614,338.37,0.54,0.42,2026-10-05,1134,N21,VIIRS,l,2.0NRT,311.22,2.63,D
-8.49746,26.67914,330.85,0.43,0.38,2026-10-05,1134,N21,VIIRS,l,2.0NRT,292.86,2.94,D
-8.47435,29.07106,337.47,0.38,0.36,2026-10-05,1134,N21,VIIRS,n,2.0NRT,306.66,3.58,D
-8.46592,26.73405,337.69,0.42,0.38,2026-10-05,1134,N21,VIIRS,n,2.0NRT,302.02,6.11,D
-8.45879,28.96908,344.81,0.38,0.36,2026-10-05,1134,N21,VIIRS,n,2.0NRT,305.93,13.42,D
-8.43595,33.74793,338.25,0.56,0.43,2026-10-05,1134,N21,VIIRS,l,2.0NRT,308.95,10.96,D
-8.43362,26.73713,348.74,0.42,0.38,2026-10-05,1134,N21,VIIRS,n,2.0NRT,300.08,10.71,D
-8.42782,26.72845,332.05,0.42,0.38,2026-10-05,1134,N21,VIIRS,l,2.0NRT,301.17,3.13,D
-8.41969,26.71158,337.57,0.43,0.38,2026-10-05,1134,N21,VIIRS,n,2.0NRT,299.69,4.32,D
-8.41813,29.05858,337.14,0.38,0.36,2026-10-05,1134,N21,VIIRS,n,2.0NRT,307.09,19.66,D
-8.41735,26.70339,339.08,0.43,0.38,2026-10-05,1134,N21,VIIRS,n,2.0NRT,300.05,5.79,D
-8.41483,29.05807,336.06,0.38,0.36,2026-10-05,1134,N21,VIIRS,n,2.0NRT,305.29,19.66,D
-8.40998,29.75586,341.83,0.39,0.36,2026-10-05,1134,N21,VIIRS,l,2.0NRT,314.9,12.19,D
-8.40988,24.58492,331.26,0.54,0.42,2026-10-05,1134,N21,VIIRS,n,2.0NRT,290.56,6.1,D
-8.40635,24.21949,352.16,0.57,0.43,2026-10-05,1134,N21,VIIRS,n,2.0NRT,298.23,19.12,D
-8.40575,24.21697,343.79,0.57,0.43,2026-10-05,1134,N21,VIIRS,n,2.0NRT,295.59,10.49,D
-8.40503,24.22215,332.82,0.57,0.43,2026-10-05,1134,N21,VIIRS,n,2.0NRT,297.38,10.49,D
-8.40239,24.21895,349.45,0.57,0.43,2026-10-05,1134,N21,VIIRS,n,2.0NRT,297.37,19.12,D
-8.40179,24.21641,345.77,0.57,0.43,2026-10-05,1134,N21,VIIRS,n,2.0NRT,294.97,24.81,D
-8.40163,24.22415,342.32,0.57,0.43,2026-10-05,1134,N21,VIIRS,n,2.0NRT,299.78,19.12,D
-8.40107,24.22161,347.22,0.57,0.43,2026-10-05,1134,N21,VIIRS,n,2.0NRT,301.18,24.81,D
-8.39918,24.21321,335.6,0.57,0.43,2026-10-05,1134,N21,VIIRS,n,2.0NRT,293.75,8.43,D
-8.39843,24.2184,336.03,0.57,0.43,2026-10-05,1134,N21,VIIRS,n,2.0NRT,294.96,14.45,D
-8.39783,24.21585,343.99,0.57,0.43,2026-10-05,1134,N21,VIIRS,n,2.0NRT,293.99,24.81,D
-8.39767,24.22361,336.38,0.57,0.43,2026-10-05,1134,N21,VIIRS,n,2.0NRT,294.53,14.45,D
-8.39721,26.72003,333.38,0.42,0.38,2026-10-05,1134,N21,VIIRS,l,2.0NRT,300.45,11.83,D
-8.39665,26.72387,336.09,0.42,0.38,2026-10-05,1134,N21,VIIRS,l,2.0NRT,301.39,14.74,D
-8.39654,26.70033,341.62,0.43,0.38,2026-10-05,1134,N21,VIIRS,n,2.0NRT,302.39,12.65,D
-8.39638,24.22631,340.95,0.57,0.43,2026-10-05,1134,N21,VIIRS,n,2.0NRT,294.92,15.56,D
-8.39447,24.21784,336.6,0.57,0.43,2026-10-05,1134,N21,VIIRS,n,2.0NRT,294.32,14.45,D
-8.39387,24.21529,331.58,0.57,0.43,2026-10-05,1134,N21,VIIRS,n,2.0NRT,293.73,11.37,D
-8.39374,26.71952,337.66,0.42,0.38,2026-10-05,1134,N21,VIIRS,l,2.0NRT,303.01,5.64,D
-8.39371,24.22304,340.6,0.57,0.43,2026-10-05,1134,N21,VIIRS,n,2.0NRT,298.44,14.45,D
-8.39295,24.22828,331.06,0.57,0.43,2026-10-05,1134,N21,VIIRS,n,2.0NRT,294.62,19.76,D
-8.39243,24.22571,344.49,0.57,0.43,2026-10-05,1134,N21,VIIRS,n,2.0NRT,298.78,28.49,D
-8.39051,24.21727,330.27,0.57,0.43,2026-10-05,1134,N21,VIIRS,n,2.0NRT,293.14,3.52,D
-8.38626,26.72234,342.06,0.42,0.38,2026-10-05,1134,N21,VIIRS,l,2.0NRT,301.2,37.01,D
-8.38223,26.72567,333.29,0.42,0.38,2026-10-05,1134,N21,VIIRS,l,2.0NRT,299.63,37.01,D
-8.38052,26.61527,342.24,0.43,0.38,2026-10-05,1134,N21,VIIRS,n,2.0NRT,295.71,9.21,D
-8.37103,26.68088,348.42,0.43,0.38,2026-10-05,1134,N21,VIIRS,n,2.0NRT,305.53,20.04,D
-8.36878,26.65682,340.06,0.43,0.38,2026-10-05,1134,N21,VIIRS,l,2.0NRT,303.03,12.05,D
-8.36556,28.91575,337.86,0.38,0.36,2026-10-05,1134,N21,VIIRS,l,2.0NRT,307.95,8.28,D
-8.36527,26.63267,339.79,0.43,0.38,2026-10-05,1134,N21,VIIRS,n,2.0NRT,298.68,4.41,D
-8.36381,26.73079,334.63,0.42,0.38,2026-10-05,1134,N21,VIIRS,l,2.0NRT,299.22,15.18,D
-8.36294,26.62444,330.81,0.43,0.38,2026-10-05,1134,N21,VIIRS,n,2.0NRT,295.64,6.96,D
-8.36237,26.62831,335.19,0.43,0.38,2026-10-05,1134,N21,VIIRS,n,2.0NRT,298.32,6.96,D
-8.36118,29.60822,338.9,0.39,0.36,2026-10-05,1134,N21,VIIRS,n,2.0NRT,307.69,4.98,D
-8.35956,25.55838,332.1,0.48,0.4,2026-10-05,1134,N21,VIIRS,l,2.0NRT,299.49,6.85,D
-8.35947,26.62393,334.57,0.43,0.38,2026-10-05,1134,N21,VIIRS,n,2.0NRT,297.38,6.96,D
-8.35889,26.6278,335.9,0.43,0.38,2026-10-05,1134,N21,VIIRS,n,2.0NRT,298.81,6.96,D
-8.35599,26.62342,342.95,0.43,0.38,2026-10-05,1134,N21,VIIRS,n,2.0NRT,297.66,10.46,D
-8.35251,26.62292,344.21,0.43,0.38,2026-10-05,1134,N21,VIIRS,n,2.0NRT,296.18,10.46,D
-8.34711,32.21135,345.91,0.47,0.39,2026-10-05,1134,N21,VIIRS,n,2.0NRT,315.65,18.48,D
-8.33412,26.67533,336.48,0.43,0.38,2026-10-05,1134,N21,VIIRS,l,2.0NRT,302.99,5.62,D
-8.33279,26.82734,340.49,0.42,0.38,2026-10-05,1134,N21,VIIRS,l,2.0NRT,300,18.64,D
-8.33065,26.67482,332.05,0.43,0.38,2026-10-05,1134,N21,VIIRS,l,2.0NRT,300.43,5.62,D
-8.32725,30.22453,337.33,0.4,0.37,2026-10-05,1134,N21,VIIRS,l,2.0NRT,309.79,5.9,D
-8.32605,26.682,336.14,0.43,0.38,2026-10-05,1134,N21,VIIRS,l,2.0NRT,303.28,4.29,D
-8.32549,26.68584,330.93,0.43,0.38,2026-10-05,1134,N21,VIIRS,l,2.0NRT,298.91,4.29,D
-8.31731,26.83668,331.5,0.42,0.38,2026-10-05,1134,N21,VIIRS,n,2.0NRT,297.31,2.54,D
-8.31386,26.83617,335,0.42,0.38,2026-10-05,1134,N21,VIIRS,n,2.0NRT,296.97,2.54,D
-8.31122,26.73464,333.95,0.42,0.38,2026-10-05,1134,N21,VIIRS,n,2.0NRT,300.39,7.13,D
-8.30669,25.72001,331.1,0.47,0.4,2026-10-05,1134,N21,VIIRS,l,2.0NRT,300.02,5.26,D
-8.2971,26.80655,346.45,0.42,0.38,2026-10-05,1134,N21,VIIRS,n,2.0NRT,300.17,10.32,D
-8.2911,24.17735,332.47,0.57,0.43,2026-10-05,1134,N21,VIIRS,n,2.0NRT,293.89,10.19,D
-8.28379,24.1786,346.13,0.57,0.43,2026-10-05,1134,N21,VIIRS,n,2.0NRT,294.26,30.81,D
-8.27564,23.59322,331.55,0.41,0.45,2026-10-05,1134,N21,VIIRS,n,2.0NRT,296.74,4.74,D
-8.26335,26.72369,332.62,0.42,0.38,2026-10-05,1134,N21,VIIRS,l,2.0NRT,297.93,4.2,D
-8.25933,26.727,331.11,0.42,0.38,2026-10-05,1134,N21,VIIRS,l,2.0NRT,301.65,7,D
-8.25347,26.72612,340.8,0.42,0.38,2026-10-05,1134,N21,VIIRS,n,2.0NRT,302.42,5.98,D
-8.25241,26.72598,340.26,0.42,0.38,2026-10-05,1134,N21,VIIRS,n,2.0NRT,302.55,11.15,D
-8.25087,26.85782,332.1,0.42,0.38,2026-10-05,1134,N21,VIIRS,l,2.0NRT,297.56,6.19,D
-8.25058,26.72179,336.9,0.42,0.38,2026-10-05,1134,N21,VIIRS,l,2.0NRT,302.83,6.85,D
-8.25001,26.72561,332.25,0.42,0.38,2026-10-05,1134,N21,VIIRS,l,2.0NRT,302.39,5.98,D
-8.24908,26.84596,333.45,0.42,0.38,2026-10-05,1134,N21,VIIRS,l,2.0NRT,299.39,3.88,D
-8.24853,26.84974,330.98,0.42,0.38,2026-10-05,1134,N21,VIIRS,l,2.0NRT,297.66,3.64,D
-8.24712,26.72128,336.57,0.42,0.38,2026-10-05,1134,N21,VIIRS,l,2.0NRT,300.86,8.97,D
-8.23681,31.35831,336.68,0.43,0.38,2026-10-05,1134,N21,VIIRS,n,2.0NRT,300.94,5.37,D
-8.22671,32.81593,345.46,0.5,0.41,2026-10-05,1134,N21,VIIRS,l,2.0NRT,316.64,11.34,D
-8.22298,32.81527,345.48,0.5,0.41,2026-10-05,1134,N21,VIIRS,l,2.0NRT,315.64,11.34,D
-8.97232,33.55618,300.74,0.5,0.49,2026-10-05,2237,N21,VIIRS,n,2.0NRT,282.4,1.57,N
-8.68418,32.90462,325.88,0.55,0.51,2026-10-05,2237,N21,VIIRS,n,2.0NRT,289.3,4.81,N
-8.63244,32.23271,302.15,0.62,0.54,2026-10-05,2237,N21,VIIRS,n,2.0NRT,290.36,1.39,N
-8.35377,30.03756,300.44,0.44,0.62,2026-10-05,2237,N21,VIIRS,n,2.0NRT,284.03,0.5,N
-8.20081,31.0258,302.99,0.38,0.59,2026-10-05,2237,N21,VIIRS,n,2.0NRT,290.34,1.08,N
-14.79509,27.07493,296.56,0.53,0.67,2026-10-05,2240,N21,VIIRS,n,2.0NRT,286.17,0.59,N
-14.76983,25.34616,302.53,0.69,0.74,2026-10-05,2240,N21,VIIRS,n,2.0NRT,285.32,2.8,N
-14.76784,25.34754,299.58,0.69,0.74,2026-10-05,2240,N21,VIIRS,n,2.0NRT,285.72,3.15,N
-14.69803,25.35061,296.98,0.69,0.74,2026-10-05,2240,N21,VIIRS,n,2.0NRT,281.39,2.99,N
-14.58311,26.97643,299.2,0.54,0.68,2026-10-05,2240,N21,VIIRS,n,2.0NRT,286.64,1.01,N
-14.48956,28.46453,306.13,0.43,0.62,2026-10-05,2240,N21,VIIRS,n,2.0NRT,288.38,1.6,N
-14.47269,28.43927,306.93,0.44,0.62,2026-10-05,2240,N21,VIIRS,n,2.0NRT,287.67,1.58,N
-13.77431,28.43923,308.27,0.45,0.63,2026-10-05,2240,N21,VIIRS,n,2.0NRT,281.67,2.86,N
-13.77274,28.43877,304.27,0.45,0.63,2026-10-05,2240,N21,VIIRS,n,2.0NRT,282.37,2.81,N
-12.86377,32.78668,302.85,0.48,0.48,2026-10-05,2240,N21,VIIRS,n,2.0NRT,286.93,0.92,N
-12.86333,32.78632,303.47,0.48,0.48,2026-10-05,2240,N21,VIIRS,n,2.0NRT,286.63,1.08,N
-12.37764,30.55754,297.82,0.34,0.56,2026-10-05,2240,N21,VIIRS,n,2.0NRT,286.42,0.36,N
-11.11754,31.24892,317.88,0.33,0.55,2026-10-05,2240,N21,VIIRS,n,2.0NRT,286.99,1.75,N
-10.58449,31.44015,297.66,0.32,0.55,2026-10-05,2240,N21,VIIRS,n,2.0NRT,286.87,0.39,N
-10.53598,31.45824,297.03,0.32,0.55,2026-10-05,2240,N21,VIIRS,n,2.0NRT,286.42,0.24,N
-10.41158,32.9206,315.55,0.52,0.5,2026-10-05,2240,N21,VIIRS,n,2.0NRT,291.92,2.06,N
-10.14034,33.63409,298.49,0.47,0.48,2026-10-05,2240,N21,VIIRS,n,2.0NRT,281.8,0.35,N
-10.12071,33.64938,298.64,0.47,0.48,2026-10-05,2240,N21,VIIRS,n,2.0NRT,281.73,1.02,N
-9.80254,31.03002,299.18,0.36,0.57,2026-10-05,2240,N21,VIIRS,n,2.0NRT,286.42,0.61,N
-9.80195,31.02676,300.1,0.36,0.57,2026-10-05,2240,N21,VIIRS,n,2.0NRT,286.38,0.61,N
-9.67741,30.52848,304.61,0.39,0.59,2026-10-05,2240,N21,VIIRS,n,2.0NRT,283.75,0.89,N
-9.52857,30.40125,303.1,0.4,0.6,2026-10-05,2240,N21,VIIRS,n,2.0NRT,285.75,1.34,N
-9.52448,30.4094,298.39,0.4,0.6,2026-10-05,2240,N21,VIIRS,n,2.0NRT,285.38,1,N
-9.52313,30.40223,305.84,0.4,0.6,2026-10-05,2240,N21,VIIRS,n,2.0NRT,285.38,1.34,N
-9.51814,31.5703,307.04,0.33,0.55,2026-10-05,2240,N21,VIIRS,n,2.0NRT,287.81,1.15,N
-9.48564,29.72437,354.35,0.44,0.62,2026-10-05,2240,N21,VIIRS,n,2.0NRT,287.44,22.49,N
-9.48484,29.72023,321.06,0.44,0.63,2026-10-05,2240,N21,VIIRS,n,2.0NRT,284.63,17.05,N
-9.48327,29.72362,367,0.44,0.63,2026-10-05,2240,N21,VIIRS,h,2.0NRT,289.22,28.04,N
-9.3482,31.00291,304.11,0.36,0.58,2026-10-05,2240,N21,VIIRS,n,2.0NRT,284.72,0.82,N
-9.19843,33.45738,295.56,0.5,0.49,2026-10-05,2240,N21,VIIRS,n,2.0NRT,284.3,0.43,N
-9.17621,31.47959,309.16,0.34,0.56,2026-10-05,2240,N21,VIIRS,n,2.0NRT,285.1,1.72,N
-9.17567,31.47664,314.43,0.34,0.56,2026-10-05,2240,N21,VIIRS,n,2.0NRT,285.53,1.72,N
-9.17524,30.03163,300.56,0.43,0.62,2026-10-05,2240,N21,VIIRS,n,2.0NRT,287.91,1.52,N
-9.15623,30.05395,298.04,0.43,0.62,2026-10-05,2240,N21,VIIRS,n,2.0NRT,280.95,0.31,N
-9.14989,30.051,300.3,0.43,0.62,2026-10-05,2240,N21,VIIRS,n,2.0NRT,284.21,0.82,N
-9.09896,31.4774,308.02,0.34,0.56,2026-10-05,2240,N21,VIIRS,n,2.0NRT,286.52,1.09,N
-9.0984,31.47432,298.96,0.34,0.56,2026-10-05,2240,N21,VIIRS,n,2.0NRT,286.64,0.85,N
-9.0622,31.06688,300.68,0.36,0.58,2026-10-05,2240,N21,VIIRS,n,2.0NRT,287.95,0.58,N
-9.01941,30.51167,299.33,0.4,0.6,2026-10-05,2240,N21,VIIRS,n,2.0NRT,286.77,0.4,N
-8.89831,30.65364,304.2,0.39,0.59,2026-10-05,2240,N21,VIIRS,n,2.0NRT,285.62,0.77,N
-8.89658,30.65455,302.55,0.39,0.59,2026-10-05,2240,N21,VIIRS,n,2.0NRT,286.04,0.48,N
-8.83892,31.11894,303.2,0.36,0.58,2026-10-05,2240,N21,VIIRS,n,2.0NRT,289.89,0.48,N
-8.6584,31.22795,314.59,0.36,0.57,2026-10-05,2240,N21,VIIRS,n,2.0NRT,292.03,1.37,N
-8.35566,30.03575,299.19,0.44,0.62,2026-10-05,2240,N21,VIIRS,n,2.0NRT,285.05,0.36,N
-17.94045,24.5,313.37,0.67,0.73,2026-10-05,2242,N21,VIIRS,n,2.0NRT,287.68,2.83,N
-17.93736,24.50131,311.66,0.67,0.74,2026-10-05,2242,N21,VIIRS,n,2.0NRT,287.86,2.44,N
-17.64344,24.59225,301.52,0.67,0.74,2026-10-05,2242,N21,VIIRS,n,2.0NRT,287.14,1.2,N
-17.3112,30.6064,318.92,0.55,0.51,2026-10-05,2242,N21,VIIRS,n,2.0NRT,280.32,3.88,N