latitude,longitude,bright_ti4,scan,track,acq_date,acq_time,satellite,instrument,confidence,version,bright_ti5,frp,daynight,type
-13.31234,27.33046,337.69,0.58,0.52,2025-07-11,1115,N,VIIRS,n,2,297.43,4,D,0
-13.30671,26.7262,339.5,0.63,0.54,2025-07-11,1115,N,VIIRS,n,2,297.48,15.97,D,0
-13.306,26.73211,348.17,0.63,0.54,2025-07-11,1115,N,VIIRS,n,2,303.69,15.97,D,0
-13.30378,25.85604,328.22,0.36,0.58,2025-07-11,1115,N,VIIRS,n,2,296.89,2.66,D,0
-13.30165,26.72557,340.83,0.63,0.54,2025-07-11,1115,N,VIIRS,n,2,302.99,15.97,D,0
-13.30095,26.73151,335.67,0.63,0.54,2025-07-11,1115,N,VIIRS,n,2,304.22,15.97,D,0
-13.28536,27.34899,343.01,0.58,0.52,2025-07-11,1115,N,VIIRS,n,2,300.5,9.24,D,0
-13.28052,27.34837,351.76,0.58,0.52,2025-07-11,1115,N,VIIRS,n,2,301.71,20.58,D,0
-13.27985,27.35374,334.74,0.58,0.52,2025-07-11,1115,N,VIIRS,n,2,300.06,5.7,D,0
-13.27702,27.33702,336.4,0.58,0.52,2025-07-11,1115,N,VIIRS,n,2,298.25,4.93,D,0
-13.27352,27.32567,328.73,0.58,0.52,2025-07-11,1115,N,VIIRS,n,2,297.18,1.38,D,0
-13.27323,26.42566,344.39,0.33,0.55,2025-07-11,1115,N,VIIRS,n,2,297.15,3.12,D,0
-13.26807,26.42508,301.98,0.33,0.55,2025-07-11,1115,N,VIIRS,l,2,307.88,32.46,D,0
-13.26769,26.42821,367,0.33,0.55,2025-07-11,1115,N,VIIRS,h,2,302.77,39.91,D,0
-13.26665,27.34128,339.42,0.58,0.52,2025-07-11,1115,N,VIIRS,n,2,298.93,8.38,D,0
-13.26367,27.28588,350.72,0.58,0.52,2025-07-11,1115,N,VIIRS,n,2,303.04,16.99,D,0
-13.2629,26.42454,331.46,0.33,0.55,2025-07-11,1115,N,VIIRS,n,2,294.83,32.46,D,0
-13.26252,26.42767,367,0.33,0.55,2025-07-11,1115,N,VIIRS,h,2,297.81,39.91,D,0
-13.25948,27.27983,339.66,0.58,0.52,2025-07-11,1115,N,VIIRS,n,2,298,7.28,D,0
-13.25881,27.28527,342.7,0.58,0.52,2025-07-11,1115,N,VIIRS,n,2,299.62,12.33,D,0
-13.20789,25.43389,367,0.39,0.59,2025-07-11,1115,N,VIIRS,h,2,299.42,9.42,D,0
-13.20727,25.43475,367,0.39,0.59,2025-07-11,1115,N,VIIRS,h,2,299.63,8.2,D,0
-13.12064,25.88588,367,0.36,0.57,2025-07-11,1115,N,VIIRS,h,2,302.64,12.24,D,0
-13.11984,25.89255,328.51,0.36,0.57,2025-07-11,1115,N,VIIRS,n,2,296.06,2.56,D,0
-13.1153,25.88521,347.17,0.36,0.57,2025-07-11,1115,N,VIIRS,n,2,295.24,12.24,D,0
-13.11451,25.89187,326.65,0.36,0.57,2025-07-11,1115,N,VIIRS,n,2,295.96,2.56,D,0
-13.0936,25.65187,367,0.37,0.58,2025-07-11,1115,N,VIIRS,h,2,298.35,6.9,D,0
-13.09319,25.65536,335.51,0.37,0.58,2025-07-11,1115,N,VIIRS,n,2,296.46,6.9,D,0
-13.09164,25.65101,352.38,0.37,0.58,2025-07-11,1115,N,VIIRS,n,2,296.84,6.31,D,0
-13.09121,25.6545,352.05,0.37,0.58,2025-07-11,1115,N,VIIRS,n,2,297.69,6.31,D,0
-13.08664,25.64697,367,0.37,0.58,2025-07-11,1115,N,VIIRS,h,2,301.64,11.79,D,0
-13.08622,25.65042,335.63,0.37,0.58,2025-07-11,1115,N,VIIRS,n,2,295.19,8.37,D,0
-13.08354,25.64373,326.42,0.37,0.58,2025-07-11,1115,N,VIIRS,n,2,293.68,12.92,D,0
-13.08315,25.64717,367,0.37,0.58,2025-07-11,1115,N,VIIRS,h,2,304.82,12.92,D,0
-13.08275,25.65062,327.67,0.37,0.58,2025-07-11,1115,N,VIIRS,n,2,294.2,10.93,D,0
-13.08122,25.64634,367,0.37,0.58,2025-07-11,1115,N,VIIRS,h,2,295.94,11.79,D,0
-13.0808,25.64979,336.92,0.37,0.58,2025-07-11,1115,N,VIIRS,n,2,293.47,8.37,D,0
-13.08038,25.65325,347.88,0.37,0.58,2025-07-11,1115,N,VIIRS,n,2,296.47,8.37,D,0
-13.07693,25.65349,338.22,0.37,0.58,2025-07-11,1115,N,VIIRS,n,2,295.4,10.93,D,0
-13.07653,25.65701,342.97,0.37,0.58,2025-07-11,1115,N,VIIRS,n,2,295.9,5.43,D,0
-13.07452,25.65619,337.14,0.37,0.58,2025-07-11,1115,N,VIIRS,n,2,294.71,3.69,D,0
-13.07427,25.95814,329.09,0.35,0.57,2025-07-11,1115,N,VIIRS,n,2,295.31,4.06,D,0
-13.07388,25.96142,367,0.35,0.57,2025-07-11,1115,N,VIIRS,h,2,301.38,10.51,D,0
-13.05925,26.60507,337.82,0.32,0.55,2025-07-11,1115,N,VIIRS,n,2,297.15,3.06,D,0
-13.05888,26.60812,342.07,0.32,0.55,2025-07-11,1115,N,VIIRS,n,2,297.29,3.06,D,0
-13.05234,26.66065,337.3,0.64,0.54,2025-07-11,1115,N,VIIRS,n,2,299.42,12.11,D,0
-13.01929,25.51752,341.21,0.38,0.59,2025-07-11,1115,N,VIIRS,n,2,297.76,4.73,D,0
-13.01381,25.51702,327.92,0.38,0.59,2025-07-11,1115,N,VIIRS,n,2,295.3,2.89,D,0
-13.00899,26.92667,351.33,0.61,0.53,2025-07-11,1115,N,VIIRS,n,2,300.1,18.69,D,0
-13.00702,25.98915,332.98,0.35,0.57,2025-07-11,1115,N,VIIRS,n,2,299.18,3.77,D,0
-13.0019,26.33339,328.74,0.33,0.56,2025-07-11,1115,N,VIIRS,n,2,297.05,4.9,D,0
-13.00113,26.33955,348.97,0.33,0.56,2025-07-11,1115,N,VIIRS,n,2,298.07,6.77,D,0
-12.99866,26.33116,347.92,0.33,0.56,2025-07-11,1115,N,VIIRS,n,2,296.22,5.08,D,0
-12.9983,26.33424,345.06,0.33,0.56,2025-07-11,1115,N,VIIRS,n,2,299.96,5.08,D,0
-12.99794,26.33732,339.39,0.33,0.56,2025-07-11,1115,N,VIIRS,n,2,299.1,7.21,D,0
-12.99758,26.34043,367,0.33,0.56,2025-07-11,1115,N,VIIRS,h,2,302.07,7.21,D,0
-12.99721,26.34352,338.27,0.33,0.56,2025-07-11,1115,N,VIIRS,n,2,297.2,6.69,D,0
-12.99674,26.33269,367,0.33,0.56,2025-07-11,1115,N,VIIRS,h,2,298.52,4.9,D,0
-12.99636,26.33578,355.35,0.33,0.56,2025-07-11,1115,N,VIIRS,n,2,299.84,6.77,D,0
-12.99597,26.33888,356.28,0.33,0.56,2025-07-11,1115,N,VIIRS,n,2,299.04,6.77,D,0
-12.99558,26.34198,343.75,0.33,0.56,2025-07-11,1115,N,VIIRS,n,2,297.32,12.2,D,0
-12.96065,25.495,337.26,0.38,0.59,2025-07-11,1115,N,VIIRS,n,2,298.37,5.3,D,0
-12.95603,25.48723,327.82,0.38,0.59,2025-07-11,1115,N,VIIRS,n,2,294.41,4.83,D,0
-12.9556,25.49083,367,0.38,0.59,2025-07-11,1115,N,VIIRS,h,2,296.68,12.98,D,0
-12.95475,25.49802,351.05,0.38,0.59,2025-07-11,1115,N,VIIRS,n,2,298.77,6.54,D,0
-12.9527,25.46857,326.16,0.38,0.59,2025-07-11,1115,N,VIIRS,l,2,296.51,2.12,D,0
-12.95228,25.47215,332.26,0.38,0.59,2025-07-11,1115,N,VIIRS,n,2,298.32,2.12,D,0
-12.95101,27.19174,328.76,0.58,0.52,2025-07-11,1115,N,VIIRS,n,2,297.81,4.87,D,0
-12.9485,25.45712,354.81,0.38,0.59,2025-07-11,1115,N,VIIRS,n,2,303,17.31,D,0
-12.94808,25.46069,367,0.38,0.59,2025-07-11,1115,N,VIIRS,h,2,299.67,20.81,D,0
-12.94613,27.19118,341.42,0.58,0.52,2025-07-11,1115,N,VIIRS,n,2,296.85,4.87,D,0
-12.94303,25.45638,356.06,0.38,0.59,2025-07-11,1115,N,VIIRS,n,2,298.02,17.31,D,0
-12.94261,25.45995,355.77,0.38,0.59,2025-07-11,1115,N,VIIRS,n,2,296.18,20.81,D,0
-12.89044,26.89871,328.67,0.61,0.53,2025-07-11,1115,N,VIIRS,n,2,297.18,6.94,D,0
-12.88867,25.44608,367,0.38,0.59,2025-07-11,1115,N,VIIRS,h,2,301.55,42.4,D,0
-12.88858,25.44024,343.78,0.38,0.59,2025-07-11,1115,N,VIIRS,n,2,305.01,44.27,D,0
-12.88814,25.44383,367,0.38,0.59,2025-07-11,1115,N,VIIRS,h,2,317.49,44.27,D,0
-12.87551,26.32862,336.58,0.33,0.55,2025-07-11,1115,N,VIIRS,n,2,295.26,2.27,D,0
-12.78571,26.01829,355.68,0.35,0.57,2025-07-11,1115,N,VIIRS,n,2,301.77,7,D,0
-12.78532,26.02151,343.28,0.35,0.57,2025-07-11,1115,N,VIIRS,n,2,297.12,7,D,0
-12.78046,26.0176,344.73,0.35,0.57,2025-07-11,1115,N,VIIRS,n,2,297.84,7,D,0
-12.78006,26.02083,331.2,0.35,0.57,2025-07-11,1115,N,VIIRS,n,2,298.03,7,D,0
-12.77967,26.02406,367,0.35,0.57,2025-07-11,1115,N,VIIRS,h,2,300.54,6.65,D,0
-12.77928,26.02729,338.52,0.35,0.57,2025-07-11,1115,N,VIIRS,n,2,298.35,6.65,D,0
-12.77442,26.02337,348.94,0.35,0.57,2025-07-11,1115,N,VIIRS,n,2,297.5,3.84,D,0
-12.77403,26.02659,328.32,0.35,0.57,2025-07-11,1115,N,VIIRS,n,2,297.38,3.84,D,0
-12.77248,26.46598,326.69,0.32,0.55,2025-07-11,1115,N,VIIRS,l,2,296.8,2.13,D,0
-12.77034,26.46564,335.88,0.32,0.55,2025-07-11,1115,N,VIIRS,n,2,298.7,1.83,D,0
-12.7161,25.76462,338.58,0.36,0.57,2025-07-11,1115,N,VIIRS,n,2,296.25,4.04,D,0
-12.71569,25.76803,346.27,0.36,0.57,2025-07-11,1115,N,VIIRS,n,2,297.24,4.04,D,0
-12.71075,25.76398,367,0.36,0.57,2025-07-11,1115,N,VIIRS,h,2,299.64,10.45,D,0
-12.71034,25.76738,333.49,0.36,0.57,2025-07-11,1115,N,VIIRS,n,2,295.71,10.45,D,0
-12.69818,26.17312,338.39,0.34,0.56,2025-07-11,1115,N,VIIRS,n,2,296.23,2.74,D,0
-12.6978,26.17472,331.18,0.34,0.56,2025-07-11,1115,N,VIIRS,n,2,296.43,3.03,D,0
-12.68223,26.17249,327.54,0.34,0.56,2025-07-11,1115,N,VIIRS,l,2,301.19,2.44,D,0
-12.67102,26.09127,367,0.34,0.56,2025-07-11,1115,N,VIIRS,h,2,298.86,9.75,D,0
-12.67024,26.09763,336.5,0.34,0.56,2025-07-11,1115,N,VIIRS,n,2,293.56,10.53,D,0
-12.64881,25.71065,335.01,0.36,0.58,2025-07-11,1115,N,VIIRS,n,2,299.3,2.19,D,0
-12.64632,25.71137,327.81,0.36,0.58,2025-07-11,1115,N,VIIRS,n,2,297.6,3.17,D,0
-12.62944,25.64608,343.98,0.37,0.58,2025-07-11,1115,N,VIIRS,n,2,296.33,3.14,D,0
-12.62406,25.64536,331.32,0.37,0.58,2025-07-11,1115,N,VIIRS,n,2,293.85,3.14,D,0
-12.62365,25.64877,330.4,0.37,0.58,2025-07-11,1115,N,VIIRS,n,2,295.36,7.18,D,0
-12.61085,25.66434,328.42,0.37,0.58,2025-07-11,1115,N,VIIRS,n,2,297.1,2.88,D,0
-12.56945,25.40636,367,0.38,0.59,2025-07-11,1115,N,VIIRS,h,2,301.76,10.62,D,0
-12.56901,25.4099,325.18,0.38,0.59,2025-07-11,1115,N,VIIRS,n,2,294.38,10.62,D,0
-12.52501,25.83956,332.94,0.36,0.57,2025-07-11,1115,N,VIIRS,n,2,300.4,3.64,D,0
-12.52183,25.83789,329.21,0.36,0.57,2025-07-11,1115,N,VIIRS,n,2,298.43,1.91,D,0
-12.51768,26.96776,347.25,0.6,0.53,2025-07-11,1115,N,VIIRS,n,2,296.99,7.08,D,0
-12.51604,25.92777,343.68,0.35,0.57,2025-07-11,1115,N,VIIRS,n,2,296.68,4.81,D,0
-12.51604,26.9653,326.68,0.6,0.53,2025-07-11,1115,N,VIIRS,n,2,294.85,4.65,D,0
-12.51496,25.92564,333.45,0.35,0.57,2025-07-11,1115,N,VIIRS,n,2,295.68,3.77,D,0
-12.51457,25.929,367,0.35,0.57,2025-07-11,1115,N,VIIRS,h,2,298.53,8.25,D,0
-12.51117,25.92379,350.49,0.35,0.57,2025-07-11,1115,N,VIIRS,n,2,297.98,18.22,D,0
-12.51076,25.92713,367,0.35,0.57,2025-07-11,1115,N,VIIRS,h,2,306.01,11.54,D,0
-12.51034,25.93048,327.06,0.35,0.57,2025-07-11,1115,N,VIIRS,n,2,299.23,11.54,D,0
-12.50548,25.92644,327.55,0.35,0.57,2025-07-11,1115,N,VIIRS,n,2,295.16,11.54,D,0
-12.50137,27.49156,351.09,0.55,0.51,2025-07-11,1115,N,VIIRS,n,2,303.54,30.11,D,0
-12.47579,25.90642,339.62,0.35,0.57,2025-07-11,1115,N,VIIRS,n,2,299.3,4.34,D,0
-12.47539,25.90966,367,0.35,0.57,2025-07-11,1115,N,VIIRS,h,2,302.64,5.92,D,0
-12.475,25.91289,340.03,0.35,0.57,2025-07-11,1115,N,VIIRS,n,2,299.76,5.92,D,0
-12.47418,27.47781,344.96,0.55,0.51,2025-07-11,1115,N,VIIRS,n,2,303.09,12.94,D,0
-12.47163,27.49809,334.22,0.55,0.51,2025-07-11,1115,N,VIIRS,n,2,300.22,5.25,D,0
-12.44516,25.46122,333.16,0.38,0.58,2025-07-11,1115,N,VIIRS,n,2,297.24,4.14,D,0
-12.44472,25.4648,340.51,0.38,0.58,2025-07-11,1115,N,VIIRS,n,2,295.62,4.88,D,0
-12.44408,25.90267,352.48,0.35,0.57,2025-07-11,1115,N,VIIRS,n,2,298.42,4.23,D,0
-12.44368,25.90598,344.75,0.35,0.57,2025-07-11,1115,N,VIIRS,n,2,304.05,8.12,D,0
-12.4384,25.90535,357.06,0.35,0.57,2025-07-11,1115,N,VIIRS,n,2,300.05,6.57,D,0
-12.43801,25.90864,367,0.35,0.57,2025-07-11,1115,N,VIIRS,h,2,305.58,6.57,D,0
-12.43761,25.91193,338.55,0.35,0.57,2025-07-11,1115,N,VIIRS,n,2,302.27,12.51,D,0
-12.43556,27.39914,340.26,0.56,0.51,2025-07-11,1115,N,VIIRS,n,2,300.59,10.74,D,0
-12.43555,27.39652,354.33,0.56,0.51,2025-07-11,1115,N,VIIRS,n,2,300.99,12.54,D,0
-12.43445,26.93849,339.51,0.6,0.53,2025-07-11,1115,N,VIIRS,n,2,296.63,5.79,D,0
-12.43311,25.90473,351.96,0.35,0.57,2025-07-11,1115,N,VIIRS,n,2,298.68,6.57,D,0
-12.43272,25.90805,367,0.35,0.57,2025-07-11,1115,N,VIIRS,h,2,300.29,6.57,D,0
-12.42324,25.80601,333.01,0.36,0.57,2025-07-11,1115,N,VIIRS,n,2,295.51,4.51,D,0
-12.41765,25.89954,333.01,0.35,0.57,2025-07-11,1115,N,VIIRS,l,2,304.5,4.95,D,0
-12.41675,25.78158,351.3,0.36,0.57,2025-07-11,1115,N,VIIRS,n,2,300.62,3.76,D,0
-12.41633,25.78499,332.22,0.36,0.57,2025-07-11,1115,N,VIIRS,n,2,296.96,3.76,D,0
-12.41267,25.77086,341.73,0.36,0.57,2025-07-11,1115,N,VIIRS,n,2,297.54,3.9,D,0
-12.41142,25.78103,328.69,0.36,0.57,2025-07-11,1115,N,VIIRS,l,2,302.03,3.15,D,0
-12.41099,25.78444,340.13,0.36,0.57,2025-07-11,1115,N,VIIRS,n,2,296.48,3.15,D,0
-12.40733,25.77033,350.16,0.36,0.57,2025-07-11,1115,N,VIIRS,n,2,298.55,3.9,D,0
-12.40691,25.77372,328.24,0.36,0.57,2025-07-11,1115,N,VIIRS,n,2,296.81,5.47,D,0
-12.4068,27.35572,367,0.56,0.51,2025-07-11,1115,N,VIIRS,h,2,302.69,11.38,D,0
-12.40649,25.77713,327.06,0.36,0.57,2025-07-11,1115,N,VIIRS,l,2,297.99,5.47,D,0
-12.40616,26.13089,352.46,0.34,0.56,2025-07-11,1115,N,VIIRS,n,2,298.91,5.44,D,0
-12.40614,27.36094,341.68,0.56,0.51,2025-07-11,1115,N,VIIRS,n,2,299.54,11.38,D,0
-12.40607,25.78053,339.89,0.36,0.57,2025-07-11,1115,N,VIIRS,n,2,296.29,3.15,D,0
-12.40201,27.35515,345.81,0.56,0.51,2025-07-11,1115,N,VIIRS,n,2,299.44,11.38,D,0
-12.40135,27.36038,347.92,0.56,0.51,2025-07-11,1115,N,VIIRS,n,2,304.31,11.38,D,0
-12.39419,25.87706,327.08,0.35,0.57,2025-07-11,1115,N,VIIRS,n,2,295.5,1.89,D,0
-12.3893,25.87315,355.98,0.35,0.57,2025-07-11,1115,N,VIIRS,n,2,296.64,8.36,D,0
-12.38715,26.58599,346.94,0.63,0.54,2025-07-11,1115,N,VIIRS,n,2,302.53,18.45,D,0
-12.38642,26.59186,327.39,0.63,0.54,2025-07-11,1115,N,VIIRS,n,2,296.82,19.46,D,0
-12.38288,25.96859,326.06,0.35,0.56,2025-07-11,1115,N,VIIRS,l,2,296.16,2.4,D,0
-12.3821,26.5854,355.81,0.63,0.54,2025-07-11,1115,N,VIIRS,n,2,299.18,18.45,D,0
-12.38019,26.21635,356.5,0.33,0.56,2025-07-11,1115,N,VIIRS,n,2,300.74,5.33,D,0
-12.37983,26.21939,354.02,0.33,0.56,2025-07-11,1115,N,VIIRS,n,2,300.38,5.33,D,0
-12.37876,26.22844,325.52,0.33,0.56,2025-07-11,1115,N,VIIRS,n,2,297.45,1.19,D,0
-12.37839,26.2161,352.67,0.33,0.56,2025-07-11,1115,N,VIIRS,n,2,299.62,4.61,D,0
-12.37801,26.21913,350.15,0.33,0.56,2025-07-11,1115,N,VIIRS,n,2,297.97,4.61,D,0
-12.37573,27.11274,338.83,0.58,0.52,2025-07-11,1115,N,VIIRS,n,2,297.3,6.28,D,0
-12.37504,27.11808,348.44,0.58,0.52,2025-07-11,1115,N,VIIRS,n,2,301.77,8.82,D,0
-12.37434,27.12342,334.72,0.58,0.52,2025-07-11,1115,N,VIIRS,n,2,300.05,8.82,D,0
-12.37307,27.11489,356.16,0.58,0.52,2025-07-11,1115,N,VIIRS,n,2,302.39,19.25,D,0
-12.37295,27.13419,331.52,0.58,0.52,2025-07-11,1115,N,VIIRS,n,2,298.68,3.67,D,0
-12.3725,26.4538,332.89,0.32,0.55,2025-07-11,1115,N,VIIRS,n,2,294.38,4.24,D,0
-12.37242,27.12025,352.23,0.58,0.52,2025-07-11,1115,N,VIIRS,n,2,305.1,19.25,D,0
-12.3724,27.31979,349.14,0.56,0.52,2025-07-11,1115,N,VIIRS,n,2,307.72,26.82,D,0
-12.37213,26.45689,344.24,0.32,0.55,2025-07-11,1115,N,VIIRS,n,2,297.41,6.27,D,0
-12.37177,27.12561,330.63,0.58,0.52,2025-07-11,1115,N,VIIRS,n,2,300.71,7.71,D,0
-12.37086,27.11216,340.42,0.58,0.52,2025-07-11,1115,N,VIIRS,n,2,298.47,6.26,D,0
-12.37045,27.13641,337.61,0.58,0.52,2025-07-11,1115,N,VIIRS,n,2,301.79,9.29,D,0
-12.37017,27.11752,367,0.58,0.52,2025-07-11,1115,N,VIIRS,h,2,304.61,17.53,D,0
-12.36948,27.12286,343.15,0.58,0.52,2025-07-11,1115,N,VIIRS,n,2,303.93,17.53,D,0
-12.36757,27.11961,351.58,0.58,0.52,2025-07-11,1115,N,VIIRS,n,2,302.09,19.24,D,0
-12.3674,27.13896,336.29,0.58,0.52,2025-07-11,1115,N,VIIRS,n,2,299.68,7.21,D,0
-12.36691,27.12496,367,0.58,0.52,2025-07-11,1115,N,VIIRS,h,2,305.79,22.48,D,0
-12.36626,27.13034,346.75,0.58,0.52,2025-07-11,1115,N,VIIRS,n,2,301.27,22.48,D,0
-12.36561,27.13573,342.13,0.58,0.52,2025-07-11,1115,N,VIIRS,n,2,300.4,10.45,D,0
-12.36463,27.12219,344.16,0.58,0.52,2025-07-11,1115,N,VIIRS,n,2,300.23,17.53,D,0
-12.36394,27.12756,353.01,0.58,0.52,2025-07-11,1115,N,VIIRS,n,2,299.38,17.08,D,0
-12.36325,27.13293,341.23,0.58,0.52,2025-07-11,1115,N,VIIRS,n,2,297.71,17.08,D,0
-12.35952,25.85318,332.3,0.35,0.57,2025-07-11,1115,N,VIIRS,n,2,299.44,2.38,D,0
-12.35246,26.29741,367,0.33,0.55,2025-07-11,1115,N,VIIRS,h,2,299.1,7.28,D,0
-12.35198,25.5977,334.76,0.37,0.58,2025-07-11,1115,N,VIIRS,n,2,296.5,3.56,D,0
-12.35018,25.5966,349.79,0.37,0.58,2025-07-11,1115,N,VIIRS,n,2,297.72,8.07,D,0
-12.35006,27.08171,332.58,0.58,0.52,2025-07-11,1115,N,VIIRS,n,2,297.85,3.28,D,0
-12.34844,25.94485,325.29,0.35,0.57,2025-07-11,1115,N,VIIRS,n,2,298.45,3.95,D,0
-12.3466,25.59691,340.69,0.37,0.58,2025-07-11,1115,N,VIIRS,n,2,300,6.71,D,0
-12.34657,27.07019,327.93,0.58,0.52,2025-07-11,1115,N,VIIRS,n,2,295.93,8.53,D,0
-12.34619,25.60045,350.41,0.37,0.58,2025-07-11,1115,N,VIIRS,n,2,298.31,7.22,D,0
-12.34588,27.07568,355.4,0.58,0.52,2025-07-11,1115,N,VIIRS,n,2,301.48,8.53,D,0
-12.34518,27.08118,330.38,0.58,0.52,2025-07-11,1115,N,VIIRS,l,2,301.09,8.31,D,0
-12.34437,25.59941,356.53,0.37,0.58,2025-07-11,1115,N,VIIRS,n,2,297.17,9.6,D,0
-12.34357,25.94094,338.75,0.35,0.57,2025-07-11,1115,N,VIIRS,n,2,298.82,3.95,D,0
-12.34318,25.94421,367,0.35,0.57,2025-07-11,1115,N,VIIRS,h,2,302.28,3.95,D,0
-12.34298,26.94088,332.65,0.6,0.53,2025-07-11,1115,N,VIIRS,n,2,298.97,6.23,D,0
-12.34278,25.9475,329.67,0.35,0.57,2025-07-11,1115,N,VIIRS,n,2,302.12,6.94,D,0
-12.34099,27.07518,346.7,0.58,0.52,2025-07-11,1115,N,VIIRS,n,2,301.44,8.53,D,0
-12.3403,27.08067,338.51,0.58,0.52,2025-07-11,1115,N,VIIRS,n,2,303.33,8.31,D,0
-12.33256,25.71695,327.28,0.36,0.57,2025-07-11,1115,N,VIIRS,n,2,296.41,1.47,D,0
-12.32469,27.20372,339.06,0.57,0.52,2025-07-11,1115,N,VIIRS,n,2,298.07,10.69,D,0
-12.32409,25.58658,328.77,0.37,0.58,2025-07-11,1115,N,VIIRS,n,2,295.79,2.46,D,0
-12.32366,25.59008,328.92,0.37,0.58,2025-07-11,1115,N,VIIRS,n,2,295.82,4.15,D,0
-12.32066,27.23538,329.27,0.57,0.52,2025-07-11,1115,N,VIIRS,n,2,297.83,6.79,D,0
-12.30166,27.30815,327.47,0.56,0.52,2025-07-11,1115,N,VIIRS,l,2,300.61,4.39,D,0
-12.2956,25.98993,355.25,0.34,0.56,2025-07-11,1115,N,VIIRS,n,2,297.81,4.91,D,0
-12.29496,25.99109,367,0.34,0.56,2025-07-11,1115,N,VIIRS,h,2,298.41,6.68,D,0
-12.29041,25.77269,349.2,0.36,0.57,2025-07-11,1115,N,VIIRS,n,2,295.94,5.79,D,0
-12.28302,26.39669,355.83,0.32,0.55,2025-07-11,1115,N,VIIRS,n,2,298.16,3.07,D,0
-12.28264,26.39979,325.09,0.32,0.55,2025-07-11,1115,N,VIIRS,n,2,299.26,3.07,D,0
-12.27692,25.6608,346.17,0.36,0.58,2025-07-11,1115,N,VIIRS,n,2,300.61,4.41,D,0
-12.27074,25.43641,335.2,0.38,0.58,2025-07-11,1115,N,VIIRS,n,2,298.77,3.94,D,0
-12.26925,25.43517,331.95,0.38,0.58,2025-07-11,1115,N,VIIRS,n,2,296.19,3.59,D,0
-12.26882,25.43861,332.11,0.37,0.58,2025-07-11,1115,N,VIIRS,n,2,296.38,3.59,D,0
-12.26839,25.44209,336.09,0.37,0.58,2025-07-11,1115,N,VIIRS,n,2,296.1,5.17,D,0
-12.26834,26.43246,348.4,0.32,0.55,2025-07-11,1115,N,VIIRS,n,2,296.77,20.82,D,0
-12.26796,26.43555,367,0.32,0.55,2025-07-11,1115,N,VIIRS,h,2,313.39,20.82,D,0
-12.26759,26.43862,331.21,0.32,0.55,2025-07-11,1115,N,VIIRS,n,2,298.52,25.66,D,0
-12.26487,25.43941,328.16,0.38,0.58,2025-07-11,1115,N,VIIRS,n,2,293.74,3.94,D,0
-12.26476,26.41938,367,0.32,0.55,2025-07-11,1115,N,VIIRS,h,2,305.33,11.68,D,0
-12.26447,25.44288,332.03,0.38,0.58,2025-07-11,1115,N,VIIRS,n,2,294.48,5.17,D,0
-12.26438,26.42247,335.29,0.32,0.55,2025-07-11,1115,N,VIIRS,n,2,299.42,11.68,D,0
-12.26437,26.31995,339.1,0.33,0.55,2025-07-11,1115,N,VIIRS,n,2,302.56,3.15,D,0
-12.26397,26.32308,336.23,0.33,0.55,2025-07-11,1115,N,VIIRS,n,2,300.14,3.15,D,0
-12.26358,26.32619,336.1,0.33,0.55,2025-07-11,1115,N,VIIRS,n,2,299.15,3.06,D,0
-12.26357,27.22711,347.72,0.57,0.52,2025-07-11,1115,N,VIIRS,n,2,301.99,13.08,D,0
-12.26351,27.2229,339.32,0.57,0.52,2025-07-11,1115,N,VIIRS,n,2,298.61,12.28,D,0
-12.26326,26.43175,355.23,0.32,0.55,2025-07-11,1115,N,VIIRS,n,2,300.54,20.82,D,0
-12.26289,26.43482,367,0.32,0.55,2025-07-11,1115,N,VIIRS,h,2,297.8,20.82,D,0
-12.26286,27.22815,356.69,0.57,0.52,2025-07-11,1115,N,VIIRS,n,2,302.11,12.28,D,0
-12.2614,26.31805,354.5,0.33,0.55,2025-07-11,1115,N,VIIRS,n,2,300.54,14.41,D,0
-12.26102,26.32121,367,0.33,0.55,2025-07-11,1115,N,VIIRS,h,2,303.32,11.2,D,0
-12.26065,26.32433,328.6,0.33,0.55,2025-07-11,1115,N,VIIRS,n,2,294.98,11.2,D,0
-12.25976,26.14929,327.55,0.34,0.56,2025-07-11,1115,N,VIIRS,n,2,295.86,2.25,D,0
-12.25967,26.41875,348.57,0.32,0.55,2025-07-11,1115,N,VIIRS,n,2,299.34,3.9,D,0
-12.25925,26.31935,367,0.33,0.55,2025-07-11,1115,N,VIIRS,h,2,305.86,21.36,D,0
-12.25911,27.37628,344.38,0.56,0.51,2025-07-11,1115,N,VIIRS,n,2,302.63,16.95,D,0
-12.25876,27.22651,367,0.57,0.52,2025-07-11,1115,N,VIIRS,h,2,303.63,25.58,D,0
-12.25807,27.23175,333.16,0.57,0.52,2025-07-11,1115,N,VIIRS,n,2,301.97,25.58,D,0
-12.25804,27.22754,355.1,0.57,0.52,2025-07-11,1115,N,VIIRS,n,2,300.27,31.42,D,0
-12.25745,26.43711,328.31,0.32,0.55,2025-07-11,1115,N,VIIRS,n,2,298.64,2.61,D,0
-12.25457,26.14869,327.44,0.34,0.56,2025-07-11,1115,N,VIIRS,l,2,297.67,2.25,D,0
-12.25198,26.37648,326.97,0.32,0.55,2025-07-11,1115,N,VIIRS,l,2,299.81,2.84,D,0
-12.25094,26.42523,341.45,0.32,0.55,2025-07-11,1115,N,VIIRS,n,2,297.93,2.45,D,0
-12.24942,26.37485,350.08,0.32,0.55,2025-07-11,1115,N,VIIRS,n,2,300.58,3.53,D,0
-12.24907,26.37781,326.97,0.32,0.55,2025-07-11,1115,N,VIIRS,n,2,300.76,3.53,D,0
-12.24875,26.42362,345.54,0.32,0.55,2025-07-11,1115,N,VIIRS,n,2,297.85,4.24,D,0
-12.24686,26.37601,344.9,0.32,0.55,2025-07-11,1115,N,VIIRS,n,2,302.31,2.84,D,0
-12.24623,26.42164,337.99,0.32,0.55,2025-07-11,1115,N,VIIRS,n,2,299.23,2.46,D,0
-12.24525,26.22343,327.08,0.33,0.55,2025-07-11,1115,N,VIIRS,l,2,299.16,2.93,D,0
-12.24462,26.14415,327.05,0.34,0.56,2025-07-11,1115,N,VIIRS,n,2,295.97,2.51,D,0
-12.23972,26.22583,333.65,0.33,0.55,2025-07-11,1115,N,VIIRS,n,2,298.4,2.72,D,0
-12.23933,26.22894,334.51,0.33,0.55,2025-07-11,1115,N,VIIRS,n,2,299.18,3.85,D,0
-12.22616,26.12303,340.69,0.34,0.56,2025-07-11,1115,N,VIIRS,n,2,296.55,3.37,D,0
-12.2253,25.61231,328.04,0.36,0.58,2025-07-11,1115,N,VIIRS,n,2,297.5,2.05,D,0
-12.22521,26.66556,346.75,0.62,0.54,2025-07-11,1115,N,VIIRS,n,2,300.4,14.69,D,0
-12.22517,26.66168,339.06,0.62,0.54,2025-07-11,1115,N,VIIRS,n,2,296.35,8.72,D,0
-12.22448,26.66738,335.12,0.62,0.54,2025-07-11,1115,N,VIIRS,n,2,299.13,8.72,D,0
-12.2217,27.4444,328.54,0.55,0.51,2025-07-11,1115,N,VIIRS,l,2,300.37,2.5,D,0
-12.21831,26.22975,331.62,0.33,0.55,2025-07-11,1115,N,VIIRS,n,2,300.53,2.16,D,0
-12.20549,26.5807,328.41,0.63,0.54,2025-07-11,1115,N,VIIRS,n,2,300.46,4.47,D,0
-12.20185,25.44536,327.4,0.37,0.58,2025-07-11,1115,N,VIIRS,n,2,294.45,1.57,D,0
-12.20046,27.06673,325.73,0.58,0.52,2025-07-11,1115,N,VIIRS,l,2,295.92,6.34,D,0
-12.19907,27.42463,352.43,0.55,0.51,2025-07-11,1115,N,VIIRS,n,2,301.46,141.83,D,0
-12.1984,27.42982,333.68,0.55,0.51,2025-07-11,1115,N,VIIRS,n,2,298.89,12.99,D,0
-12.19773,27.43497,356.3,0.55,0.51,2025-07-11,1115,N,VIIRS,n,2,301.32,12.99,D,0
-13.30003,27.3289,355.17,0.6,0.71,2025-07-12,1056,N,VIIRS,n,2,294.92,24.71,D,0
-13.29941,27.33455,367,0.6,0.7,2025-07-12,1056,N,VIIRS,h,2,299.67,38.52,D,0
-13.29878,27.34021,367,0.6,0.7,2025-07-12,1056,N,VIIRS,h,2,299.94,38.52,D,0
-13.29729,27.3313,343.25,0.6,0.71,2025-07-12,1056,N,VIIRS,n,2,306.29,52.07,D,0
-13.2967,27.33694,367,0.6,0.71,2025-07-12,1056,N,VIIRS,h,2,305.13,52.07,D,0
-13.29611,27.34264,367,0.6,0.7,2025-07-12,1056,N,VIIRS,h,2,299.69,33.79,D,0
-13.29343,27.32824,354.4,0.6,0.71,2025-07-12,1056,N,VIIRS,n,2,296.13,24.71,D,0
-13.2928,27.33388,356.83,0.6,0.7,2025-07-12,1056,N,VIIRS,n,2,302.91,38.52,D,0
-13.29218,27.33951,333.41,0.6,0.7,2025-07-12,1056,N,VIIRS,n,2,296.37,38.52,D,0
-13.2901,27.33623,332.62,0.6,0.71,2025-07-12,1056,N,VIIRS,n,2,295.3,52.07,D,0
-13.2594,26.88937,356.83,0.64,0.72,2025-07-12,1056,N,VIIRS,n,2,303.62,50.81,D,0
-13.25727,26.887,350.09,0.64,0.72,2025-07-12,1056,N,VIIRS,n,2,300.44,41.45,D,0
-13.2566,26.89309,356.08,0.64,0.72,2025-07-12,1056,N,VIIRS,n,2,297.91,41.33,D,0
-13.21192,25.97804,343.24,0.73,0.76,2025-07-12,1056,N,VIIRS,n,2,295.57,13.29,D,0
-13.20943,25.97606,333.26,0.73,0.76,2025-07-12,1056,N,VIIRS,n,2,295.93,7.29,D,0
-13.20866,25.98335,331.15,0.73,0.76,2025-07-12,1056,N,VIIRS,n,2,294.69,8.93,D,0
-13.09288,26.95553,367,0.63,0.72,2025-07-12,1056,N,VIIRS,h,2,299.25,12.26,D,0
-13.09123,26.95277,367,0.63,0.72,2025-07-12,1056,N,VIIRS,h,2,299.96,10.08,D,0
-13.09057,26.95879,338.3,0.63,0.72,2025-07-12,1056,N,VIIRS,n,2,298.2,10.08,D,0
-13.08449,26.952,325.73,0.63,0.72,2025-07-12,1056,N,VIIRS,n,2,295.02,10.08,D,0
-13.08384,26.95807,326.26,0.63,0.72,2025-07-12,1056,N,VIIRS,n,2,296.54,10.08,D,0
-13.02805,27.22571,354.27,0.6,0.71,2025-07-12,1056,N,VIIRS,n,2,296.79,10.22,D,0
-12.97505,26.34981,367,0.69,0.74,2025-07-12,1056,N,VIIRS,h,2,296.5,22.49,D,0
-12.97435,26.35625,353.15,0.69,0.74,2025-07-12,1056,N,VIIRS,n,2,295.88,25.37,D,0
-12.97315,26.352,367,0.69,0.74,2025-07-12,1056,N,VIIRS,h,2,297.72,32.08,D,0
-12.94166,27.29872,347.1,0.6,0.7,2025-07-12,1056,N,VIIRS,n,2,296.91,8.36,D,0
-12.93506,27.29811,367,0.6,0.7,2025-07-12,1056,N,VIIRS,h,2,299.36,28.09,D,0
-12.87643,25.3922,367,0.79,0.78,2025-07-12,1056,N,VIIRS,h,2,299.26,33.22,D,0
-12.87584,25.39374,367,0.79,0.78,2025-07-12,1056,N,VIIRS,h,2,301.06,26.26,D,0
-12.87561,25.39988,332.96,0.79,0.78,2025-07-12,1056,N,VIIRS,n,2,297.28,28.46,D,0
-12.87507,25.40144,326.04,0.79,0.78,2025-07-12,1056,N,VIIRS,n,2,297.49,26.26,D,0
-12.86907,25.39159,367,0.79,0.78,2025-07-12,1056,N,VIIRS,h,2,295.96,25.37,D,0
-12.86848,25.3931,367,0.79,0.78,2025-07-12,1056,N,VIIRS,h,2,295.78,24.06,D,0
-12.86826,25.39922,331.17,0.79,0.78,2025-07-12,1056,N,VIIRS,n,2,297.97,21.22,D,0
-12.70314,27.49849,353.73,0.57,0.69,2025-07-12,1056,N,VIIRS,n,2,297.61,30.93,D,0
-12.70254,27.50387,367,0.57,0.69,2025-07-12,1056,N,VIIRS,h,2,311.51,68.7,D,0
-12.69666,27.49766,327.32,0.57,0.69,2025-07-12,1056,N,VIIRS,n,2,296.82,30.93,D,0
-12.69606,27.50309,352.21,0.57,0.69,2025-07-12,1056,N,VIIRS,n,2,309.32,68.7,D,0
-12.69546,27.50852,325.8,0.57,0.69,2025-07-12,1056,N,VIIRS,n,2,297.67,68.7,D,0
-12.62851,27.46575,349.38,0.58,0.69,2025-07-12,1056,N,VIIRS,n,2,295.12,7.87,D,0
-12.62748,27.46883,356.06,0.58,0.69,2025-07-12,1056,N,VIIRS,n,2,297.24,14.51,D,0
-12.62202,27.46496,330.32,0.58,0.69,2025-07-12,1056,N,VIIRS,n,2,295.69,7.87,D,0
-12.61541,25.74813,367,0.75,0.77,2025-07-12,1056,N,VIIRS,h,2,297.63,27.41,D,0
-12.61075,25.74212,328.73,0.75,0.77,2025-07-12,1056,N,VIIRS,n,2,292.41,25.6,D,0
-12.61003,25.74924,367,0.75,0.77,2025-07-12,1056,N,VIIRS,h,2,300,25.6,D,0
-12.60821,25.74755,367,0.75,0.77,2025-07-12,1056,N,VIIRS,h,2,294.72,33.69,D,0
-12.60787,25.77066,326.67,0.75,0.77,2025-07-12,1056,N,VIIRS,n,2,293.48,7.32,D,0
-12.60592,25.7689,328.48,0.74,0.76,2025-07-12,1056,N,VIIRS,n,2,293.57,7.7,D,0
-12.59692,26.86701,349.29,0.63,0.72,2025-07-12,1056,N,VIIRS,n,2,297.5,16.67,D,0
-12.59326,26.86558,353.27,0.63,0.72,2025-07-12,1056,N,VIIRS,n,2,295.23,18.89,D,0
-12.59261,26.87173,367,0.63,0.72,2025-07-12,1056,N,VIIRS,h,2,296.73,29.59,D,0
-12.59018,26.86631,367,0.63,0.72,2025-07-12,1056,N,VIIRS,h,2,293.69,9.72,D,0
-12.5895,26.8725,325.46,0.63,0.72,2025-07-12,1056,N,VIIRS,n,2,292.8,9.72,D,0
-12.49928,27.50194,331.51,0.57,0.69,2025-07-12,1056,N,VIIRS,n,2,296.68,2.91,D,0
-12.47618,26.19399,342.77,0.7,0.75,2025-07-12,1056,N,VIIRS,n,2,298.09,10.68,D,0
-12.4756,26.18892,325.75,0.7,0.75,2025-07-12,1056,N,VIIRS,n,2,296.5,10.49,D,0
-12.4749,26.19558,343.73,0.7,0.75,2025-07-12,1056,N,VIIRS,n,2,297.41,14.28,D,0
-12.47061,25.91826,325.9,0.73,0.76,2025-07-12,1056,N,VIIRS,l,2,299.22,7.51,D,0
-12.46919,26.19322,332.93,0.7,0.75,2025-07-12,1056,N,VIIRS,n,2,293.24,7.38,D,0
-12.46824,27.26105,339.62,0.59,0.7,2025-07-12,1056,N,VIIRS,n,2,296.83,7.27,D,0
-12.46758,25.91928,325.5,0.73,0.76,2025-07-12,1056,N,VIIRS,l,2,297.46,6.8,D,0
-12.46664,27.25817,327.52,0.59,0.7,2025-07-12,1056,N,VIIRS,n,2,294.49,3.02,D,0
-12.44397,27.40739,332.7,0.58,0.7,2025-07-12,1056,N,VIIRS,n,2,300.02,3.99,D,0
-12.43413,25.9914,332.18,0.72,0.75,2025-07-12,1056,N,VIIRS,n,2,294.57,9.23,D,0
-12.42708,25.99047,330.87,0.72,0.75,2025-07-12,1056,N,VIIRS,n,2,295.57,9.23,D,0
-12.41179,27.46695,334.2,0.57,0.69,2025-07-12,1056,N,VIIRS,n,2,294.28,5.48,D,0
-12.39891,25.84748,331.98,0.73,0.76,2025-07-12,1056,N,VIIRS,n,2,297.37,6.29,D,0
-12.39619,25.8456,335.49,0.73,0.76,2025-07-12,1056,N,VIIRS,n,2,297.24,8.87,D,0
-12.39585,27.31491,330.1,0.59,0.7,2025-07-12,1056,N,VIIRS,n,2,296.81,18.62,D,0
-12.38929,27.31433,357.14,0.59,0.7,2025-07-12,1056,N,VIIRS,n,2,298.53,18.62,D,0
-12.38868,27.31991,367,0.59,0.7,2025-07-12,1056,N,VIIRS,h,2,301.25,18.62,D,0
-12.38233,26.60295,327.08,0.65,0.73,2025-07-12,1056,N,VIIRS,n,2,295.23,3.31,D,0
-12.38085,27.08568,339.28,0.61,0.71,2025-07-12,1056,N,VIIRS,n,2,296.04,14.97,D,0
-12.37646,27.08274,367,0.61,0.71,2025-07-12,1056,N,VIIRS,h,2,297.23,14.1,D,0
-12.37604,26.53354,333.54,0.66,0.73,2025-07-12,1056,N,VIIRS,n,2,298.27,7.01,D,0
-12.37579,27.08863,336.85,0.61,0.71,2025-07-12,1056,N,VIIRS,n,2,298.64,16.27,D,0
-12.37538,26.53964,333.13,0.66,0.73,2025-07-12,1056,N,VIIRS,n,2,302.14,12.61,D,0
-12.37485,27.07907,329.69,0.61,0.71,2025-07-12,1056,N,VIIRS,n,2,293.9,16.05,D,0
-12.37421,27.08502,367,0.61,0.71,2025-07-12,1056,N,VIIRS,h,2,302.47,14.97,D,0
-12.37358,27.09091,338.49,0.61,0.71,2025-07-12,1056,N,VIIRS,n,2,298.64,14.97,D,0
-12.37009,26.71476,327.48,0.64,0.72,2025-07-12,1056,N,VIIRS,n,2,297.83,14.51,D,0
-12.36984,27.08198,355.79,0.61,0.71,2025-07-12,1056,N,VIIRS,n,2,304.35,46.53,D,0
-12.36917,27.08788,344.41,0.61,0.71,2025-07-12,1056,N,VIIRS,n,2,296.96,35.15,D,0
-12.36903,25.96324,327.11,0.72,0.75,2025-07-12,1056,N,VIIRS,n,2,295.09,4.19,D,0
-12.36823,27.07823,336.58,0.61,0.71,2025-07-12,1056,N,VIIRS,n,2,294.31,15.21,D,0
-12.36759,27.08414,367,0.61,0.71,2025-07-12,1056,N,VIIRS,h,2,296.71,31.9,D,0
-12.36401,26.70766,367,0.64,0.72,2025-07-12,1056,N,VIIRS,h,2,299.94,20.92,D,0
-12.36335,26.71373,343.49,0.64,0.72,2025-07-12,1056,N,VIIRS,n,2,301.21,14.51,D,0
-12.36127,27.32863,325.7,0.58,0.7,2025-07-12,1056,N,VIIRS,l,2,296.73,3.84,D,0
-12.35235,27.41058,350.06,0.58,0.7,2025-07-12,1056,N,VIIRS,n,2,297.29,10.38,D,0
-12.3518,27.41325,367,0.58,0.69,2025-07-12,1056,N,VIIRS,h,2,300.15,20.34,D,0
-12.35174,27.41613,351.36,0.58,0.69,2025-07-12,1056,N,VIIRS,n,2,297.46,10.38,D,0
-12.33882,27.11932,336.95,0.6,0.71,2025-07-12,1056,N,VIIRS,n,2,298.57,36.13,D,0
-12.33348,27.10725,346.37,0.6,0.71,2025-07-12,1056,N,VIIRS,n,2,297.62,202.1,D,0
-12.33301,26.9902,351.9,0.61,0.71,2025-07-12,1056,N,VIIRS,n,2,295.82,8.17,D,0
-12.33285,25.62262,326.41,0.76,0.77,2025-07-12,1056,N,VIIRS,n,2,293.53,7.36,D,0
-12.33235,26.99617,345.55,0.61,0.71,2025-07-12,1056,N,VIIRS,n,2,296.39,8.17,D,0
-12.33221,27.11858,367,0.6,0.71,2025-07-12,1056,N,VIIRS,h,2,305.73,36.13,D,0
-12.33158,27.12424,344.31,0.6,0.71,2025-07-12,1056,N,VIIRS,n,2,303.52,36.13,D,0
-12.33095,27.12987,348.94,0.6,0.71,2025-07-12,1056,N,VIIRS,n,2,301.72,9.33,D,0
-12.33033,27.13542,328.19,0.6,0.71,2025-07-12,1056,N,VIIRS,l,2,299.69,9.33,D,0
-12.32623,27.11214,329.83,0.6,0.71,2025-07-12,1056,N,VIIRS,n,2,295.81,6.21,D,0
-12.3256,27.11781,343.05,0.6,0.71,2025-07-12,1056,N,VIIRS,n,2,297.63,12.94,D,0
-12.32016,25.95164,342.45,0.72,0.76,2025-07-12,1056,N,VIIRS,n,2,294.19,10.71,D,0
-12.31536,25.9533,367,0.72,0.75,2025-07-12,1056,N,VIIRS,h,2,298.75,33.1,D,0
-12.31309,25.9509,355.57,0.72,0.76,2025-07-12,1056,N,VIIRS,n,2,296.29,10.71,D,0
-12.31236,25.95783,330.92,0.72,0.75,2025-07-12,1056,N,VIIRS,n,2,295.24,21.59,D,0
-12.31016,27.07563,342.71,0.61,0.71,2025-07-12,1056,N,VIIRS,n,2,296.45,4.84,D,0
-12.30578,26.60928,343.45,0.65,0.73,2025-07-12,1056,N,VIIRS,n,2,297.22,7.65,D,0
-12.30528,26.60679,343.42,0.65,0.73,2025-07-12,1056,N,VIIRS,n,2,297.1,6.84,D,0
-12.29879,26.10104,337.89,0.7,0.75,2025-07-12,1056,N,VIIRS,n,2,294.1,9.29,D,0
-12.29798,25.37646,356.25,0.78,0.78,2025-07-12,1056,N,VIIRS,n,2,293.71,22.44,D,0
-12.29718,25.38409,367,0.78,0.78,2025-07-12,1056,N,VIIRS,h,2,294.53,33.79,D,0
-12.29675,26.10561,332.45,0.7,0.75,2025-07-12,1056,N,VIIRS,n,2,295.62,7.94,D,0
-12.29177,26.1004,345.95,0.7,0.75,2025-07-12,1056,N,VIIRS,n,2,294.49,9.29,D,0
-12.29041,26.0985,333.23,0.7,0.75,2025-07-12,1056,N,VIIRS,n,2,293.32,6.27,D,0
-12.26957,26.29796,325.6,0.68,0.74,2025-07-12,1056,N,VIIRS,l,2,297.2,5.04,D,0
-12.26949,26.29635,336.31,0.68,0.74,2025-07-12,1056,N,VIIRS,n,2,298.48,8.8,D,0
-12.26042,26.70165,355.07,0.64,0.72,2025-07-12,1056,N,VIIRS,n,2,298.69,7.4,D,0
-12.24904,26.23009,367,0.69,0.74,2025-07-12,1056,N,VIIRS,h,2,298.22,23.4,D,0
-12.24855,26.22813,367,0.69,0.74,2025-07-12,1056,N,VIIRS,h,2,296.41,18.34,D,0
-12.24785,26.23487,330.8,0.69,0.74,2025-07-12,1056,N,VIIRS,n,2,295.12,19.91,D,0
-12.20815,26.47274,326.26,0.66,0.73,2025-07-12,1056,N,VIIRS,n,2,296.65,2.85,D,0
-12.19674,26.25805,330.38,0.68,0.74,2025-07-12,1056,N,VIIRS,n,2,297.74,2.88,D,0
-13.31454,26.7302,367,0.56,0.69,2025-07-12,1236,N,VIIRS,h,2,297.87,6.51,D,0
-13.31271,25.65447,337.26,0.48,0.64,2025-07-12,1236,N,VIIRS,n,2,296.11,8.51,D,0
-13.30911,26.73249,334.54,0.56,0.69,2025-07-12,1236,N,VIIRS,n,2,296.57,8.05,D,0
-13.30173,27.33517,335.09,0.61,0.71,2025-07-12,1236,N,VIIRS,n,2,297.35,4.9,D,0
-13.3005,27.34095,331.37,0.61,0.71,2025-07-12,1236,N,VIIRS,n,2,297.87,4.9,D,0
-13.29993,27.35794,352.13,0.61,0.71,2025-07-12,1236,N,VIIRS,n,2,296.52,8.8,D,0
-13.29935,27.32753,325.31,0.61,0.71,2025-07-12,1236,N,VIIRS,l,2,297.52,4.32,D,0
-13.29873,27.36376,336.05,0.61,0.71,2025-07-12,1236,N,VIIRS,n,2,297.41,19.71,D,0
-13.29815,27.33332,327.9,0.61,0.71,2025-07-12,1236,N,VIIRS,n,2,298.85,4.32,D,0
-13.29695,27.33915,330.74,0.61,0.71,2025-07-12,1236,N,VIIRS,n,2,298.01,9.86,D,0
-13.29679,27.3583,367,0.61,0.71,2025-07-12,1236,N,VIIRS,h,2,298.2,12.78,D,0
-13.29555,27.36411,332.67,0.61,0.71,2025-07-12,1236,N,VIIRS,n,2,297.07,12.78,D,0
-13.29392,27.33957,330.87,0.61,0.71,2025-07-12,1236,N,VIIRS,n,2,297.36,4.9,D,0
-13.29335,27.35654,339.94,0.61,0.71,2025-07-12,1236,N,VIIRS,n,2,295.78,8.8,D,0
-13.29269,27.34535,331.6,0.61,0.71,2025-07-12,1236,N,VIIRS,n,2,295.34,12.54,D,0
-13.29038,27.33775,367,0.61,0.71,2025-07-12,1236,N,VIIRS,h,2,298.28,24.39,D,0
-13.28918,27.34356,339.38,0.61,0.71,2025-07-12,1236,N,VIIRS,n,2,295.58,24.39,D,0
-13.28859,27.33239,350.36,0.61,0.71,2025-07-12,1236,N,VIIRS,n,2,303.35,27.35,D,0
-13.28735,27.3382,367,0.61,0.71,2025-07-12,1236,N,VIIRS,h,2,297.58,27.35,D,0
-13.28502,27.33052,349.31,0.61,0.71,2025-07-12,1236,N,VIIRS,n,2,301.33,51.08,D,0
-13.2838,27.33636,367,0.61,0.71,2025-07-12,1236,N,VIIRS,h,2,297.77,24.39,D,0
-13.28202,27.33101,367,0.61,0.71,2025-07-12,1236,N,VIIRS,h,2,296.16,27.35,D,0
-13.25014,26.84967,330.91,0.57,0.69,2025-07-12,1236,N,VIIRS,n,2,296.27,5.26,D,0
-13.24188,27.04975,325.02,0.59,0.7,2025-07-12,1236,N,VIIRS,n,2,297.22,3.17,D,0
-13.21306,25.98248,367,0.5,0.66,2025-07-12,1236,N,VIIRS,h,2,299.22,12.44,D,0
-13.21212,25.98712,347.07,0.5,0.66,2025-07-12,1236,N,VIIRS,n,2,296.65,14.1,D,0
-13.20699,25.98116,342.33,0.5,0.66,2025-07-12,1236,N,VIIRS,n,2,300.62,32.03,D,0
-13.20607,25.98572,367,0.5,0.66,2025-07-12,1236,N,VIIRS,h,2,298.06,42.21,D,0
-13.20153,25.94576,328.2,0.5,0.66,2025-07-12,1236,N,VIIRS,n,2,298.15,5.15,D,0
-13.19739,25.93509,325.66,0.5,0.66,2025-07-12,1236,N,VIIRS,l,2,297.86,10.22,D,0
-13.09636,25.52556,340,0.47,0.64,2025-07-12,1236,N,VIIRS,n,2,298.17,4.09,D,0
-13.08287,26.91419,367,0.58,0.7,2025-07-12,1236,N,VIIRS,h,2,299.74,16.17,D,0
-13.08223,26.91729,349.26,0.58,0.7,2025-07-12,1236,N,VIIRS,n,2,299.42,13.1,D,0
-13.03555,26.65775,325.84,0.56,0.69,2025-07-12,1236,N,VIIRS,n,2,295.29,4.81,D,0
-13.03032,27.42624,343.05,0.63,0.72,2025-07-12,1236,N,VIIRS,n,2,298.19,5.33,D,0
-12.99085,25.64154,333.88,0.48,0.65,2025-07-12,1236,N,VIIRS,n,2,296.89,6.77,D,0
-12.98614,25.64108,335.67,0.48,0.65,2025-07-12,1236,N,VIIRS,n,2,296.39,5.47,D,0
-12.97182,26.35502,327.21,0.54,0.68,2025-07-12,1236,N,VIIRS,n,2,298.46,3.2,D,0
-12.94333,27.29546,341.32,0.62,0.71,2025-07-12,1236,N,VIIRS,n,2,296.24,4.21,D,0
-12.94209,27.30139,327.86,0.62,0.71,2025-07-12,1236,N,VIIRS,n,2,295.59,4.21,D,0
-12.93628,27.2633,333.67,0.61,0.71,2025-07-12,1236,N,VIIRS,n,2,296.2,4.42,D,0
-12.92118,27.46836,336.13,0.63,0.72,2025-07-12,1236,N,VIIRS,n,2,298.29,4.88,D,0
-12.89976,26.43533,334.51,0.54,0.68,2025-07-12,1236,N,VIIRS,n,2,295.61,4.06,D,0
-12.70983,27.5016,326.21,0.64,0.72,2025-07-12,1236,N,VIIRS,l,2,296.67,3.47,D,0
-12.70724,27.50194,342.54,0.64,0.72,2025-07-12,1236,N,VIIRS,n,2,298.16,8.97,D,0
-12.70308,27.50044,333.1,0.64,0.72,2025-07-12,1236,N,VIIRS,n,2,297.03,11.72,D,0
-12.70179,27.49451,330.52,0.64,0.72,2025-07-12,1236,N,VIIRS,n,2,297.04,7.21,D,0
-12.7005,27.5007,338.27,0.64,0.72,2025-07-12,1236,N,VIIRS,n,2,297.36,8.97,D,0
-12.69635,27.49917,367,0.64,0.72,2025-07-12,1236,N,VIIRS,h,2,297.03,11.72,D,0
-12.69505,27.50523,327.85,0.64,0.72,2025-07-12,1236,N,VIIRS,n,2,295.68,17.81,D,0
-12.6938,27.49932,367,0.64,0.72,2025-07-12,1236,N,VIIRS,h,2,296.46,16.19,D,0
-12.48173,27.50002,325.63,0.65,0.73,2025-07-12,1236,N,VIIRS,l,2,296.46,9.04,D,0
-12.89914,25.4674,325.69,0.47,0.64,2025-07-12,1237,N,VIIRS,n,2,295.11,4.47,D,0
-12.89828,25.47176,328.3,0.47,0.64,2025-07-12,1237,N,VIIRS,n,2,295.4,4.52,D,0
-12.89741,25.47613,325.78,0.47,0.64,2025-07-12,1237,N,VIIRS,l,2,296.03,4.52,D,0
-12.89198,25.37991,367,0.47,0.64,2025-07-12,1237,N,VIIRS,h,2,298,12.73,D,0
-12.85728,25.39979,325.21,0.47,0.64,2025-07-12,1237,N,VIIRS,l,2,295.45,3.96,D,0
-12.84543,25.39757,347.91,0.47,0.64,2025-07-12,1237,N,VIIRS,n,2,298.44,9.03,D,0
-12.8428,25.39652,356.48,0.47,0.64,2025-07-12,1237,N,VIIRS,n,2,298.43,9.99,D,0
-12.75699,25.86506,330.24,0.5,0.66,2025-07-12,1237,N,VIIRS,n,2,296.62,4.26,D,0
-12.75649,25.86497,326.43,0.5,0.66,2025-07-12,1237,N,VIIRS,n,2,296.14,4.76,D,0
-12.75605,25.86984,351.73,0.5,0.66,2025-07-12,1237,N,VIIRS,n,2,298.24,7.4,D,0
-12.75551,25.86974,353.35,0.5,0.66,2025-07-12,1237,N,VIIRS,n,2,297.59,8.73,D,0
-12.75512,25.87454,326.79,0.5,0.66,2025-07-12,1237,N,VIIRS,n,2,296.72,7.4,D,0
-12.75455,25.87443,331.14,0.5,0.66,2025-07-12,1237,N,VIIRS,n,2,296.71,8.73,D,0
-12.6996,26.15522,352.6,0.53,0.67,2025-07-12,1237,N,VIIRS,n,2,298.47,9.58,D,0
-12.69713,26.15438,367,0.53,0.67,2025-07-12,1237,N,VIIRS,h,2,298.22,8.85,D,0
-12.69444,26.26219,339.93,0.54,0.67,2025-07-12,1237,N,VIIRS,n,2,295.93,5.47,D,0
-12.69323,26.23639,349.07,0.53,0.67,2025-07-12,1237,N,VIIRS,n,2,298.2,6.71,D,0
-12.6106,25.74205,345.66,0.5,0.66,2025-07-12,1237,N,VIIRS,n,2,297.33,10.21,D,0
-12.59986,25.76411,343.47,0.5,0.66,2025-07-12,1237,N,VIIRS,n,2,296.53,8,D,0
-12.58918,26.87094,346.06,0.59,0.7,2025-07-12,1237,N,VIIRS,n,2,294.5,10.6,D,0
-12.58717,25.79571,328.04,0.5,0.66,2025-07-12,1237,N,VIIRS,n,2,297.09,8,D,0
-12.56915,25.885,334.94,0.51,0.66,2025-07-12,1237,N,VIIRS,n,2,296.71,5.39,D,0
-12.49321,25.98439,326.64,0.52,0.67,2025-07-12,1237,N,VIIRS,n,2,296.8,3.11,D,0
-12.48709,27.49825,331.08,0.65,0.73,2025-07-12,1237,N,VIIRS,n,2,296.44,3.73,D,0
-12.48037,27.49682,334.2,0.65,0.73,2025-07-12,1237,N,VIIRS,n,2,296.14,5.85,D,0
-12.47815,25.83635,326.62,0.51,0.66,2025-07-12,1237,N,VIIRS,l,2,297.14,2.18,D,0
-12.47718,25.84114,328.25,0.51,0.66,2025-07-12,1237,N,VIIRS,n,2,296.74,2.18,D,0
-12.47201,25.83524,356.99,0.51,0.66,2025-07-12,1237,N,VIIRS,n,2,297.5,10.94,D,0
-12.47173,26.18991,348.03,0.54,0.67,2025-07-12,1237,N,VIIRS,n,2,299.01,10.33,D,0
-12.46995,27.26541,336.53,0.63,0.72,2025-07-12,1237,N,VIIRS,n,2,294.82,7.25,D,0
-12.46863,26.18876,340,0.53,0.67,2025-07-12,1237,N,VIIRS,n,2,297.63,6.3,D,0
-12.46657,27.26258,344,0.63,0.72,2025-07-12,1237,N,VIIRS,n,2,295.32,8.32,D,0
-12.46609,27.43083,329.45,0.64,0.72,2025-07-12,1237,N,VIIRS,n,2,297.53,4.81,D,0
-12.44662,25.92939,330.58,0.51,0.66,2025-07-12,1237,N,VIIRS,n,2,298.31,6.69,D,0
-12.42668,25.99614,334.01,0.52,0.67,2025-07-12,1237,N,VIIRS,n,2,299.6,5.46,D,0
-12.42627,25.9351,341.59,0.52,0.66,2025-07-12,1237,N,VIIRS,n,2,298.12,6.3,D,0
-12.42496,25.53291,333.13,0.49,0.65,2025-07-12,1237,N,VIIRS,n,2,295.15,3.03,D,0
-12.40025,25.78257,326.34,0.5,0.66,2025-07-12,1237,N,VIIRS,n,2,297.54,3.34,D,0
-12.40012,25.84699,345.17,0.51,0.66,2025-07-12,1237,N,VIIRS,n,2,300.81,9.48,D,0
-12.39991,25.84558,340.51,0.51,0.66,2025-07-12,1237,N,VIIRS,n,2,301.11,6.51,D,0
-12.39917,27.41643,331.88,0.64,0.72,2025-07-12,1237,N,VIIRS,n,2,295.07,5.51,D,0
-12.39893,25.85032,328.04,0.51,0.66,2025-07-12,1237,N,VIIRS,n,2,297.75,6.49,D,0
-12.39689,27.41827,337.73,0.64,0.72,2025-07-12,1237,N,VIIRS,n,2,295.23,5.28,D,0
-12.39405,25.84554,367,0.51,0.66,2025-07-12,1237,N,VIIRS,h,2,300.67,9.48,D,0
-12.3896,25.9577,335.34,0.52,0.67,2025-07-12,1237,N,VIIRS,n,2,296.71,4.54,D,0
-12.38871,27.32308,349.34,0.63,0.72,2025-07-12,1237,N,VIIRS,n,2,298.51,18.26,D,0
-12.38442,25.95806,349.42,0.52,0.67,2025-07-12,1237,N,VIIRS,n,2,297.79,10.22,D,0
-12.3835,25.9562,349.5,0.52,0.67,2025-07-12,1237,N,VIIRS,n,2,297.7,7.49,D,0
-12.3833,27.31562,328.31,0.63,0.72,2025-07-12,1237,N,VIIRS,l,2,298.44,7.45,D,0
-12.37928,27.08197,342.53,0.61,0.71,2025-07-12,1237,N,VIIRS,n,2,295.4,8.79,D,0
-12.37831,25.95653,332.96,0.52,0.67,2025-07-12,1237,N,VIIRS,n,2,297.16,5.49,D,0
-12.37713,27.08111,343.89,0.61,0.71,2025-07-12,1237,N,VIIRS,n,2,294.89,8.16,D,0
-12.37705,26.53215,331.69,0.56,0.69,2025-07-12,1237,N,VIIRS,n,2,298.41,5.14,D,0
-12.37636,25.95967,344.02,0.52,0.67,2025-07-12,1237,N,VIIRS,n,2,297.82,7.49,D,0
-12.3718,26.52526,335.22,0.56,0.69,2025-07-12,1237,N,VIIRS,n,2,294.62,11.18,D,0
-12.37159,26.53004,367,0.56,0.69,2025-07-12,1237,N,VIIRS,h,2,300.2,20.5,D,0
-12.37119,25.96007,342.12,0.52,0.67,2025-07-12,1237,N,VIIRS,n,2,297.39,5.49,D,0
-12.37067,26.53084,367,0.56,0.69,2025-07-12,1237,N,VIIRS,h,2,299.53,11.18,D,0
-12.37044,26.53553,326.58,0.56,0.69,2025-07-12,1237,N,VIIRS,n,2,299.13,16.32,D,0
-12.36935,27.08544,334.05,0.61,0.71,2025-07-12,1237,N,VIIRS,n,2,296.49,8.16,D,0
-12.36608,27.07944,346.39,0.61,0.71,2025-07-12,1237,N,VIIRS,n,2,296.04,14.89,D,0
-12.36596,26.72016,338.13,0.58,0.7,2025-07-12,1237,N,VIIRS,n,2,295.24,7.56,D,0
-12.36568,26.71886,344.04,0.58,0.7,2025-07-12,1237,N,VIIRS,n,2,296.67,6.63,D,0
-12.36492,27.08511,344.22,0.61,0.71,2025-07-12,1237,N,VIIRS,n,2,295.38,10.79,D,0
-12.36391,27.0787,348.29,0.61,0.71,2025-07-12,1237,N,VIIRS,n,2,295.64,7.16,D,0
-12.36275,26.70267,325.37,0.58,0.7,2025-07-12,1237,N,VIIRS,n,2,294.48,11.09,D,0
-12.36271,27.08439,331.96,0.61,0.71,2025-07-12,1237,N,VIIRS,n,2,293.41,7.16,D,0
-12.36055,26.71365,325.09,0.58,0.7,2025-07-12,1237,N,VIIRS,l,2,295.98,7.31,D,0
-12.3592,26.71771,337.44,0.58,0.7,2025-07-12,1237,N,VIIRS,n,2,295.79,9.03,D,0
-12.35738,26.69606,367,0.58,0.7,2025-07-12,1237,N,VIIRS,h,2,297.5,18.15,D,0
-12.35724,26.69485,352.01,0.58,0.7,2025-07-12,1237,N,VIIRS,n,2,294.58,13.7,D,0
-12.3563,26.70145,337.8,0.58,0.7,2025-07-12,1237,N,VIIRS,n,2,295.59,11.09,D,0
-12.35613,26.70019,367,0.58,0.7,2025-07-12,1237,N,VIIRS,h,2,297.97,18.51,D,0
-12.3552,26.70689,356.03,0.58,0.7,2025-07-12,1237,N,VIIRS,n,2,297.55,11.09,D,0
-12.355,26.70559,367,0.58,0.7,2025-07-12,1237,N,VIIRS,h,2,298.01,18.51,D,0
-12.3541,26.71236,325.03,0.58,0.7,2025-07-12,1237,N,VIIRS,n,2,294.32,7.31,D,0
-12.35386,26.71107,331.28,0.58,0.7,2025-07-12,1237,N,VIIRS,n,2,295.1,9.03,D,0
-12.352,26.68948,325.93,0.58,0.7,2025-07-12,1237,N,VIIRS,n,2,294.67,26.14,D,0
-12.3519,26.6883,326.4,0.58,0.7,2025-07-12,1237,N,VIIRS,n,2,295.06,19.62,D,0
-12.35093,26.69479,367,0.58,0.7,2025-07-12,1237,N,VIIRS,h,2,305.62,26.14,D,0
-12.35079,26.69358,355.44,0.58,0.7,2025-07-12,1237,N,VIIRS,n,2,301.21,19.62,D,0
-12.34986,26.70011,367,0.58,0.7,2025-07-12,1237,N,VIIRS,h,2,298.12,47.38,D,0
-12.34969,26.69888,367,0.58,0.7,2025-07-12,1237,N,VIIRS,h,2,299.14,27.88,D,0
-12.34858,26.70419,350.44,0.58,0.7,2025-07-12,1237,N,VIIRS,n,2,294.83,27.88,D,0
-12.3415,25.7948,337.47,0.51,0.66,2025-07-12,1237,N,VIIRS,n,2,299.28,5.54,D,0
-12.34104,27.13456,327.36,0.62,0.71,2025-07-12,1237,N,VIIRS,n,2,296.42,3.86,D,0
-12.34069,25.79462,336.84,0.51,0.66,2025-07-12,1237,N,VIIRS,n,2,299.13,4.6,D,0
-12.33565,27.12733,327.62,0.62,0.71,2025-07-12,1237,N,VIIRS,n,2,294.8,3.86,D,0
-12.3351,27.09657,342.16,0.61,0.71,2025-07-12,1237,N,VIIRS,n,2,297.83,12.75,D,0
-12.33454,25.98272,367,0.52,0.67,2025-07-12,1237,N,VIIRS,h,2,302.17,8.92,D,0
-12.33443,27.13323,334.53,0.62,0.71,2025-07-12,1237,N,VIIRS,n,2,297.96,3.86,D,0
-12.33389,27.10245,325.17,0.62,0.71,2025-07-12,1237,N,VIIRS,n,2,298.44,54.2,D,0
-12.32894,26.99387,349.22,0.61,0.71,2025-07-12,1237,N,VIIRS,n,2,298.63,15.6,D,0
-12.32851,27.09524,367,0.61,0.71,2025-07-12,1237,N,VIIRS,h,2,297.47,12.75,D,0
-12.32837,25.98147,367,0.52,0.67,2025-07-12,1237,N,VIIRS,h,2,295.88,8.92,D,0
-12.32728,27.10117,367,0.62,0.71,2025-07-12,1237,N,VIIRS,h,2,296.58,54.2,D,0
-12.32706,26.97002,356.65,0.6,0.71,2025-07-12,1237,N,VIIRS,n,2,296.55,8.86,D,0
-12.32647,27.35404,325.24,0.64,0.72,2025-07-12,1237,N,VIIRS,n,2,295.61,2.74,D,0
-12.32611,25.58508,331.75,0.49,0.65,2025-07-12,1237,N,VIIRS,n,2,297.52,3.68,D,0
-12.32607,27.10706,339.03,0.62,0.71,2025-07-12,1237,N,VIIRS,n,2,308.11,54.2,D,0
-12.3259,26.97563,329.13,0.6,0.71,2025-07-12,1237,N,VIIRS,n,2,295.49,8.86,D,0
-12.32486,27.11288,367,0.62,0.71,2025-07-12,1237,N,VIIRS,h,2,312.65,85.64,D,0
-12.32472,26.98129,327.42,0.6,0.71,2025-07-12,1237,N,VIIRS,n,2,293.74,15.97,D,0
-12.32365,27.11875,338.85,0.62,0.71,2025-07-12,1237,N,VIIRS,n,2,295.08,85.64,D,0
-12.32353,26.96508,342.88,0.6,0.71,2025-07-12,1237,N,VIIRS,n,2,294.31,7.13,D,0
-12.32353,26.987,367,0.61,0.71,2025-07-12,1237,N,VIIRS,h,2,298.53,15.97,D,0
-12.32258,26.23532,344.85,0.54,0.68,2025-07-12,1237,N,VIIRS,n,2,298.4,11.39,D,0
-12.32243,26.97054,339.07,0.6,0.71,2025-07-12,1237,N,VIIRS,n,2,295.46,10.69,D,0
-12.3224,25.6989,330.86,0.5,0.66,2025-07-12,1237,N,VIIRS,n,2,297.46,3.65,D,0
-12.32236,26.99266,339.44,0.61,0.71,2025-07-12,1237,N,VIIRS,n,2,294.76,15.6,D,0
-12.32219,25.699,330.43,0.5,0.66,2025-07-12,1237,N,VIIRS,n,2,297.52,3.37,D,0
-12.32099,25.57927,367,0.49,0.65,2025-07-12,1237,N,VIIRS,h,2,301.79,23.89,D,0
-12.32095,25.95466,328.22,0.52,0.67,2025-07-12,1237,N,VIIRS,n,2,296.74,2.47,D,0
-12.3202,25.74198,367,0.5,0.66,2025-07-12,1237,N,VIIRS,h,2,299.01,12.17,D,0
-12.31997,25.95951,329.9,0.52,0.67,2025-07-12,1237,N,VIIRS,n,2,297.21,2.47,D,0
-12.31971,25.74193,367,0.5,0.66,2025-07-12,1237,N,VIIRS,h,2,298.92,9.35,D,0
-12.31946,27.10578,349.65,0.62,0.71,2025-07-12,1237,N,VIIRS,n,2,293.91,17.99,D,0
-12.31872,26.23782,345.54,0.54,0.68,2025-07-12,1237,N,VIIRS,n,2,300.19,10.01,D,0
-12.31825,27.11158,367,0.62,0.71,2025-07-12,1237,N,VIIRS,h,2,294.62,29.89,D,0
-12.3138,25.95827,352.74,0.52,0.67,2025-07-12,1237,N,VIIRS,n,2,299.83,6.65,D,0
-12.31049,25.95281,332.63,0.52,0.67,2025-07-12,1237,N,VIIRS,n,2,298.14,5.19,D,0
-12.30953,25.95769,348.81,0.52,0.67,2025-07-12,1237,N,VIIRS,n,2,297.09,5.19,D,0
-12.30877,26.60596,333.91,0.57,0.69,2025-07-12,1237,N,VIIRS,n,2,296.7,3.78,D,0
-12.30862,25.9522,329.16,0.52,0.67,2025-07-12,1237,N,VIIRS,n,2,297.07,6.65,D,0
-12.30667,26.18482,331.04,0.54,0.68,2025-07-12,1237,N,VIIRS,n,2,296.14,2.81,D,0
-12.29711,26.59771,342.76,0.57,0.69,2025-07-12,1237,N,VIIRS,n,2,296.53,7.04,D,0
-12.29698,26.10441,339.02,0.53,0.67,2025-07-12,1237,N,VIIRS,n,2,296.82,6.11,D,0
-12.29611,25.381,326.83,0.48,0.65,2025-07-12,1237,N,VIIRS,l,2,297.51,3.7,D,0
-12.296,26.60311,338.16,0.57,0.69,2025-07-12,1237,N,VIIRS,n,2,296.85,7.04,D,0
-12.2918,26.59109,367,0.57,0.69,2025-07-12,1237,N,VIIRS,h,2,298.37,11.03,D,0
-12.29161,26.58825,345.01,0.57,0.69,2025-07-12,1237,N,VIIRS,n,2,295.37,6.76,D,0
-12.29057,26.59348,342.2,0.57,0.69,2025-07-12,1237,N,VIIRS,n,2,297.63,6.76,D,0
-12.29037,26.26548,338.85,0.55,0.68,2025-07-12,1237,N,VIIRS,n,2,301.98,4.64,D,0
-12.28677,26.96684,327.77,0.6,0.71,2025-07-12,1237,N,VIIRS,n,2,294.21,2.64,D,0
-12.28631,25.65835,338.62,0.5,0.66,2025-07-12,1237,N,VIIRS,n,2,298.3,4.42,D,0
-12.28538,26.58984,352.98,0.57,0.69,2025-07-12,1237,N,VIIRS,n,2,297.52,11.03,D,0
-12.28519,26.58702,342.17,0.57,0.69,2025-07-12,1237,N,VIIRS,n,2,296.55,6.76,D,0
-12.28415,26.59222,331.98,0.57,0.69,2025-07-12,1237,N,VIIRS,n,2,295.98,6.76,D,0
-12.28201,26.98946,332.13,0.61,0.71,2025-07-12,1237,N,VIIRS,n,2,294.77,4.62,D,0
-12.28101,26.97298,367,0.61,0.71,2025-07-12,1237,N,VIIRS,h,2,300.89,19.92,D,0
-12.27908,26.97092,356.75,0.6,0.71,2025-07-12,1237,N,VIIRS,n,2,295.23,19.66,D,0
-12.27788,26.97661,367,0.61,0.71,2025-07-12,1237,N,VIIRS,h,2,297.86,19.66,D,0
-12.27448,26.97155,332.63,0.61,0.71,2025-07-12,1237,N,VIIRS,n,2,295.21,19.92,D,0
-12.27051,26.29881,325.62,0.55,0.68,2025-07-12,1237,N,VIIRS,l,2,298.91,2.92,D,0
-12.26571,26.52412,357.1,0.57,0.69,2025-07-12,1237,N,VIIRS,n,2,298.82,10.33,D,0
-12.26409,26.5263,367,0.57,0.69,2025-07-12,1237,N,VIIRS,h,2,298.81,16.1,D,0
-12.26352,25.74026,337.68,0.5,0.66,2025-07-12,1237,N,VIIRS,n,2,298.43,7.93,D,0
-12.2614,26.706,325.48,0.58,0.7,2025-07-12,1237,N,VIIRS,l,2,297.84,3.06,D,0
-12.25986,25.50974,335.81,0.49,0.65,2025-07-12,1237,N,VIIRS,n,2,296.73,3.31,D,0
-12.25935,26.52269,336.8,0.57,0.69,2025-07-12,1237,N,VIIRS,n,2,294.71,10.33,D,0
-12.2574,25.73914,367,0.5,0.66,2025-07-12,1237,N,VIIRS,h,2,297.91,7.93,D,0
-12.25582,27.08115,354.83,0.61,0.71,2025-07-12,1237,N,VIIRS,n,2,296.04,79.33,D,0
-12.25559,25.74811,331.83,0.51,0.66,2025-07-12,1237,N,VIIRS,n,2,296.05,16.72,D,0
-12.25459,27.08701,326.88,0.62,0.71,2025-07-12,1237,N,VIIRS,n,2,296.16,56.02,D,0
-12.25309,27.07625,345,0.62,0.71,2025-07-12,1237,N,VIIRS,n,2,298.1,83.37,D,0
-12.25188,27.08214,367,0.62,0.71,2025-07-12,1237,N,VIIRS,h,2,314.52,83.37,D,0
-12.25069,27.088,326.58,0.62,0.71,2025-07-12,1237,N,VIIRS,n,2,297.57,49.98,D,0
-12.25049,27.07384,327.22,0.61,0.71,2025-07-12,1237,N,VIIRS,n,2,294.83,79.33,D,0
-12.24802,27.08553,367,0.62,0.71,2025-07-12,1237,N,VIIRS,h,2,299.37,56.02,D,0
-12.2467,25.66543,336.54,0.5,0.66,2025-07-12,1237,N,VIIRS,n,2,296.88,3.76,D,0
-12.24652,27.07477,326.53,0.62,0.71,2025-07-12,1237,N,VIIRS,n,2,295.3,16.91,D,0
-12.24623,25.66932,347,0.5,0.66,2025-07-12,1237,N,VIIRS,n,2,298.04,7.95,D,0
-12.24578,25.67013,327.87,0.5,0.66,2025-07-12,1237,N,VIIRS,n,2,296.49,3.76,D,0
-12.24532,27.08064,367,0.62,0.71,2025-07-12,1237,N,VIIRS,h,2,294.84,16.91,D,0
-12.24413,25.58683,325.42,0.49,0.65,2025-07-12,1237,N,VIIRS,n,2,297.96,2.55,D,0
-12.23065,27.39851,331.31,0.65,0.73,2025-07-12,1237,N,VIIRS,n,2,297.47,3.03,D,0
-12.22166,25.56909,328.11,0.49,0.65,2025-07-12,1237,N,VIIRS,n,2,297.7,2.79,D,0
-12.21976,25.57867,329.15,0.49,0.65,2025-07-12,1237,N,VIIRS,n,2,295.83,3.61,D,0
-12.21412,27.03211,331.48,0.61,0.71,2025-07-12,1237,N,VIIRS,n,2,294.86,3,D,0
-12.197,26.26277,333.61,0.55,0.68,2025-07-12,1237,N,VIIRS,n,2,300.28,2.77,D,0
-12.25703,25.59552,295.47,0.41,0.37,2025-07-12,2344,N,VIIRS,n,2,283.83,0.15,N,0
-13.30913,25.85974,338.14,0.48,0.48,2025-07-13,1218,N,VIIRS,n,2,302.29,4.65,D,0
-13.29552,25.83405,332.57,0.48,0.48,2025-07-13,1218,N,VIIRS,n,2,300.46,4.22,D,0
-13.29304,25.67697,354.63,0.47,0.48,2025-07-13,1218,N,VIIRS,n,2,303.09,9.4,D,0
-13.29237,25.92606,339.78,0.49,0.48,2025-07-13,1218,N,VIIRS,n,2,299.94,4.43,D,0
-13.29154,25.93055,327.57,0.49,0.48,2025-07-13,1218,N,VIIRS,n,2,299.94,4.43,D,0
-13.28791,25.92523,336.72,0.49,0.48,2025-07-13,1218,N,VIIRS,n,2,298.12,4.21,D,0
-13.28708,25.92976,326.68,0.49,0.48,2025-07-13,1218,N,VIIRS,n,2,298.6,4.21,D,0
-13.28293,25.95227,341.26,0.49,0.48,2025-07-13,1218,N,VIIRS,n,2,302.29,6.23,D,0
-13.24388,26.26554,327.31,0.51,0.49,2025-07-13,1218,N,VIIRS,n,2,296.19,2.49,D,0
-13.11995,25.93858,340.42,0.49,0.49,2025-07-13,1218,N,VIIRS,n,2,300.25,11.41,D,0
-13.11913,25.94312,333.35,0.49,0.49,2025-07-13,1218,N,VIIRS,n,2,298.66,10.51,D,0
-13.11149,25.90875,367,0.49,0.48,2025-07-13,1218,N,VIIRS,h,2,304.82,21.69,D,0
-13.03399,26.00265,327.42,0.5,0.49,2025-07-13,1218,N,VIIRS,l,2,301.23,5.35,D,0
-13.02198,26.50466,331.19,0.54,0.5,2025-07-13,1218,N,VIIRS,n,2,299.72,5.28,D,0
-12.99318,25.48975,367,0.46,0.47,2025-07-13,1218,N,VIIRS,h,2,302.09,9.93,D,0
-12.99243,25.49398,353.02,0.46,0.47,2025-07-13,1218,N,VIIRS,n,2,300.51,9.92,D,0
-12.98882,25.48899,349.77,0.46,0.47,2025-07-13,1218,N,VIIRS,n,2,301.2,7.9,D,0
-12.98806,25.49323,344.7,0.46,0.47,2025-07-13,1218,N,VIIRS,n,2,305.44,11.87,D,0
-12.95245,27.43777,330.62,0.62,0.54,2025-07-13,1218,N,VIIRS,l,2,301.13,6.92,D,0
-12.95094,27.17525,337.06,0.59,0.53,2025-07-13,1218,N,VIIRS,n,2,300.57,5.55,D,0
-12.94997,27.47861,345.72,0.62,0.54,2025-07-13,1218,N,VIIRS,n,2,300.46,22.04,D,0
-12.94973,27.17191,341.26,0.59,0.53,2025-07-13,1218,N,VIIRS,n,2,300.37,9.66,D,0
-12.94888,27.4844,330.09,0.62,0.54,2025-07-13,1218,N,VIIRS,l,2,300.41,6.73,D,0
-12.94748,27.4369,338.14,0.62,0.54,2025-07-13,1218,N,VIIRS,n,2,297.77,4.24,D,0
-12.94641,27.4426,328.11,0.62,0.54,2025-07-13,1218,N,VIIRS,l,2,298.63,4.24,D,0
-12.94608,27.47185,367,0.62,0.54,2025-07-13,1218,N,VIIRS,h,2,303.54,22.04,D,0
-12.94469,27.4244,337.65,0.62,0.54,2025-07-13,1218,N,VIIRS,n,2,300.06,8.34,D,0
-12.94111,27.47091,367,0.62,0.54,2025-07-13,1218,N,VIIRS,h,2,303.45,35,D,0
-12.91514,27.33701,327.88,0.61,0.53,2025-07-13,1218,N,VIIRS,l,2,298.03,8.05,D,0
-12.91409,27.33975,337.58,0.61,0.53,2025-07-13,1218,N,VIIRS,n,2,299.76,6.39,D,0
-12.91078,27.27442,352.1,0.6,0.53,2025-07-13,1218,N,VIIRS,n,2,303.03,8.8,D,0
-12.90737,27.27101,349.02,0.6,0.53,2025-07-13,1218,N,VIIRS,n,2,302.27,9.17,D,0
-12.90587,27.2735,334.18,0.6,0.53,2025-07-13,1218,N,VIIRS,n,2,302.97,8.8,D,0
-12.90036,27.3342,330.83,0.61,0.53,2025-07-13,1218,N,VIIRS,n,2,298.07,6.3,D,0
-12.89929,27.33695,337.78,0.61,0.53,2025-07-13,1218,N,VIIRS,n,2,298.89,6.4,D,0
-12.84243,26.44731,329.92,0.53,0.5,2025-07-13,1218,N,VIIRS,n,2,298.05,4.73,D,0
-12.83823,26.43267,337.58,0.53,0.5,2025-07-13,1218,N,VIIRS,n,2,299.1,5.88,D,0
-12.82579,25.41755,330.57,0.46,0.47,2025-07-13,1218,N,VIIRS,n,2,299.97,1.67,D,0
-12.82557,25.41762,333.46,0.46,0.47,2025-07-13,1218,N,VIIRS,n,2,300.87,2.21,D,0
-12.81624,25.39413,337.61,0.46,0.47,2025-07-13,1218,N,VIIRS,n,2,301.3,4.74,D,0
-12.81488,26.01686,340.49,0.5,0.49,2025-07-13,1218,N,VIIRS,n,2,299.28,4.56,D,0
-12.81435,26.01451,338.89,0.5,0.49,2025-07-13,1218,N,VIIRS,n,2,298.83,7.98,D,0
-12.79216,26.31786,339.32,0.52,0.5,2025-07-13,1218,N,VIIRS,n,2,298.43,6.94,D,0
-12.79126,26.32271,336.71,0.53,0.5,2025-07-13,1218,N,VIIRS,n,2,298.53,9.13,D,0
-12.77909,26.23862,336.33,0.52,0.5,2025-07-13,1218,N,VIIRS,n,2,301.47,5.73,D,0
-12.77885,26.23567,343.65,0.52,0.5,2025-07-13,1218,N,VIIRS,n,2,301.92,7.53,D,0
-12.77796,26.24046,336.89,0.52,0.5,2025-07-13,1218,N,VIIRS,n,2,301.69,6.07,D,0
-12.77737,26.24823,332.26,0.52,0.5,2025-07-13,1218,N,VIIRS,n,2,300.43,10.5,D,0
-12.77706,26.24524,340.3,0.52,0.5,2025-07-13,1218,N,VIIRS,n,2,302.43,6.07,D,0
-12.77452,26.2376,342.98,0.52,0.5,2025-07-13,1218,N,VIIRS,n,2,299.1,8.09,D,0
-12.75367,26.52559,328.97,0.54,0.51,2025-07-13,1218,N,VIIRS,l,2,300.46,6.63,D,0
-12.74993,26.51962,340.3,0.54,0.51,2025-07-13,1218,N,VIIRS,n,2,300.98,6.63,D,0
-12.72023,27.38779,339.51,0.62,0.54,2025-07-13,1218,N,VIIRS,n,2,297.91,7.68,D,0
-12.71637,27.38103,335.66,0.62,0.54,2025-07-13,1218,N,VIIRS,n,2,299.07,8.53,D,0
-12.71528,27.38682,339.93,0.62,0.54,2025-07-13,1218,N,VIIRS,n,2,298.51,7.68,D,0
-12.70701,27.40335,338.12,0.62,0.54,2025-07-13,1218,N,VIIRS,n,2,300.93,7.77,D,0
-12.68749,25.56203,327.11,0.47,0.48,2025-07-13,1218,N,VIIRS,l,2,300.41,5.91,D,0
-12.6867,27.48338,332.05,0.63,0.54,2025-07-13,1218,N,VIIRS,n,2,298.28,4.65,D,0
-12.68387,25.5568,341.2,0.47,0.48,2025-07-13,1218,N,VIIRS,n,2,299.91,5.91,D,0
-12.68344,25.55597,339.48,0.47,0.48,2025-07-13,1218,N,VIIRS,n,2,297.92,8.56,D,0
-12.6831,25.56116,335.09,0.47,0.48,2025-07-13,1218,N,VIIRS,n,2,298.38,5.91,D,0
-12.68264,25.56031,343.03,0.47,0.48,2025-07-13,1218,N,VIIRS,n,2,299.66,8.56,D,0
-12.67947,25.55596,327.98,0.47,0.48,2025-07-13,1218,N,VIIRS,n,2,299.76,3.22,D,0
-12.6764,25.57344,341.37,0.47,0.48,2025-07-13,1218,N,VIIRS,n,2,302.55,10.81,D,0
-12.67534,27.466,335.14,0.63,0.54,2025-07-13,1218,N,VIIRS,n,2,297.88,6.83,D,0
-12.674,27.46852,340.5,0.63,0.54,2025-07-13,1218,N,VIIRS,n,2,300.27,10.3,D,0
-12.672,25.57261,367,0.47,0.48,2025-07-13,1218,N,VIIRS,h,2,301.32,10.81,D,0
-12.67122,25.57699,347.12,0.47,0.48,2025-07-13,1218,N,VIIRS,n,2,302.21,10.81,D,0
-12.67035,27.465,346.8,0.63,0.54,2025-07-13,1218,N,VIIRS,n,2,298.5,12.82,D,0
-12.66901,27.46756,346.44,0.63,0.54,2025-07-13,1218,N,VIIRS,n,2,299.34,10.3,D,0
-12.6655,26.13911,327.7,0.51,0.5,2025-07-13,1218,N,VIIRS,l,2,299.21,2.32,D,0
-12.66353,25.69835,329.23,0.48,0.48,2025-07-13,1218,N,VIIRS,l,2,302.12,8.2,D,0
-12.66321,25.57092,327.77,0.47,0.48,2025-07-13,1218,N,VIIRS,l,2,300.94,7.27,D,0
-12.66243,25.57529,353.03,0.47,0.48,2025-07-13,1218,N,VIIRS,n,2,304.42,7.27,D,0
-12.66207,25.69713,329.44,0.48,0.48,2025-07-13,1218,N,VIIRS,l,2,301.51,11.31,D,0
-12.66166,25.57966,338.5,0.47,0.48,2025-07-13,1218,N,VIIRS,n,2,299.5,3.75,D,0
-12.66092,26.13829,329.14,0.51,0.5,2025-07-13,1218,N,VIIRS,n,2,298.29,2.32,D,0
-12.65988,25.69303,354.06,0.48,0.48,2025-07-13,1218,N,VIIRS,n,2,300.73,9.05,D,0
-12.65847,25.69181,342.51,0.48,0.48,2025-07-13,1218,N,VIIRS,n,2,301.95,10.62,D,0
-12.65545,25.69221,334.89,0.48,0.48,2025-07-13,1218,N,VIIRS,n,2,299.41,4.65,D,0
-12.63366,25.58358,330.64,0.47,0.48,2025-07-13,1218,N,VIIRS,n,2,299.03,5.21,D,0
-12.63287,25.58796,347.08,0.47,0.48,2025-07-13,1218,N,VIIRS,n,2,300.91,5.21,D,0
-12.6321,25.59229,326.9,0.47,0.48,2025-07-13,1218,N,VIIRS,l,2,298.79,4.31,D,0
-12.62924,25.58282,346.71,0.47,0.48,2025-07-13,1218,N,VIIRS,n,2,299.74,13.98,D,0
-12.60635,25.91689,341.58,0.5,0.49,2025-07-13,1218,N,VIIRS,n,2,300.35,5.65,D,0
-12.60268,25.91138,329.22,0.5,0.49,2025-07-13,1218,N,VIIRS,n,2,297.63,5.65,D,0
-12.60184,25.91607,346.51,0.5,0.49,2025-07-13,1218,N,VIIRS,n,2,299.81,5.65,D,0
-12.55984,26.58874,339.49,0.55,0.51,2025-07-13,1218,N,VIIRS,n,2,299.66,5.51,D,0
-12.53026,27.49766,330.09,0.63,0.54,2025-07-13,1218,N,VIIRS,n,2,298.2,4.96,D,0
-12.5263,27.491,336.01,0.63,0.54,2025-07-13,1218,N,VIIRS,n,2,298.79,14.97,D,0
-12.52523,27.49676,343.08,0.63,0.54,2025-07-13,1218,N,VIIRS,n,2,299.64,14.97,D,0
-12.51408,26.78391,340.99,0.57,0.52,2025-07-13,1218,N,VIIRS,n,2,301.94,25.39,D,0
-12.4653,25.44179,326.58,0.47,0.48,2025-07-13,1218,N,VIIRS,l,2,298.07,2.18,D,0
-12.45708,26.04371,367,0.51,0.49,2025-07-13,1218,N,VIIRS,h,2,303.48,14.77,D,0
-12.45291,25.43516,342.79,0.47,0.47,2025-07-13,1218,N,VIIRS,n,2,304.01,24.84,D,0
-12.44116,26.30432,346.13,0.53,0.5,2025-07-13,1218,N,VIIRS,n,2,301.01,23.18,D,0
-12.43868,26.30526,345.3,0.53,0.5,2025-07-13,1218,N,VIIRS,n,2,299.25,18,D,0
-12.41087,27.05639,341.79,0.6,0.53,2025-07-13,1218,N,VIIRS,n,2,298.72,5.73,D,0
-12.40848,27.35142,328.16,0.62,0.54,2025-07-13,1218,N,VIIRS,n,2,299.01,4.82,D,0
-12.40761,27.05841,342.5,0.6,0.53,2025-07-13,1218,N,VIIRS,n,2,299.4,10.46,D,0
-12.407,27.04989,338.54,0.6,0.53,2025-07-13,1218,N,VIIRS,n,2,297.99,5.73,D,0
-12.40599,27.05546,331.82,0.6,0.53,2025-07-13,1218,N,VIIRS,n,2,298.48,5.73,D,0
-12.40378,27.05195,340.12,0.6,0.53,2025-07-13,1218,N,VIIRS,n,2,298.07,10.22,D,0
-12.40305,26.53111,337.05,0.55,0.51,2025-07-13,1218,N,VIIRS,n,2,299.86,4.22,D,0
-12.40213,27.04896,329.69,0.6,0.53,2025-07-13,1218,N,VIIRS,n,2,297.53,7.52,D,0
-12.39962,27.3437,333.16,0.62,0.54,2025-07-13,1218,N,VIIRS,n,2,301.9,4.66,D,0
-12.3992,26.52872,342.21,0.55,0.51,2025-07-13,1218,N,VIIRS,n,2,300.23,17.32,D,0
-12.39831,26.53032,331.44,0.55,0.51,2025-07-13,1218,N,VIIRS,n,2,300.91,22.47,D,0
-12.39746,27.3552,328.07,0.62,0.54,2025-07-13,1218,N,VIIRS,l,2,301.77,5.59,D,0
-12.39736,25.66962,346.61,0.48,0.48,2025-07-13,1218,N,VIIRS,n,2,301.48,6.95,D,0
-12.39475,26.60458,331.46,0.56,0.51,2025-07-13,1218,N,VIIRS,n,2,301.73,2.95,D,0
-12.39466,27.34269,341.5,0.62,0.54,2025-07-13,1218,N,VIIRS,n,2,301.97,11.86,D,0
-12.39453,26.52427,341.39,0.55,0.51,2025-07-13,1218,N,VIIRS,n,2,300.22,22.47,D,0
-12.39447,26.52794,355.24,0.55,0.51,2025-07-13,1218,N,VIIRS,n,2,305.95,17.32,D,0
-12.39358,26.52954,355.81,0.55,0.51,2025-07-13,1218,N,VIIRS,n,2,312.28,22.47,D,0
-12.39348,26.53316,341.4,0.55,0.51,2025-07-13,1218,N,VIIRS,n,2,305.61,26.95,D,0
-12.3934,27.29479,333.11,0.62,0.54,2025-07-13,1218,N,VIIRS,n,2,299.58,5.49,D,0
-12.39289,25.66891,343.05,0.48,0.48,2025-07-13,1218,N,VIIRS,n,2,300.61,6.95,D,0
-12.38984,25.84067,343.36,0.5,0.49,2025-07-13,1218,N,VIIRS,n,2,302.97,9.37,D,0
-12.38536,25.83974,331.58,0.5,0.49,2025-07-13,1218,N,VIIRS,l,2,302.95,4.29,D,0
-12.38459,27.28709,342.26,0.62,0.54,2025-07-13,1218,N,VIIRS,n,2,298.38,16.18,D,0
-12.38356,27.29048,341.6,0.62,0.54,2025-07-13,1218,N,VIIRS,n,2,299.83,11.99,D,0
-12.38349,27.29288,337.97,0.62,0.54,2025-07-13,1218,N,VIIRS,n,2,300.19,16.18,D,0
-12.38251,27.29629,349.71,0.62,0.54,2025-07-13,1218,N,VIIRS,n,2,301.1,11.99,D,0
-12.38239,27.29868,352.46,0.62,0.54,2025-07-13,1218,N,VIIRS,n,2,300.52,24.8,D,0
-12.38146,27.30208,333.9,0.62,0.54,2025-07-13,1218,N,VIIRS,n,2,299.39,7.08,D,0
-12.37965,27.28381,338.14,0.62,0.54,2025-07-13,1218,N,VIIRS,n,2,299.81,38.1,D,0
-12.37962,27.2862,356.36,0.62,0.54,2025-07-13,1218,N,VIIRS,n,2,302.76,16.18,D,0
-12.37912,25.54253,329.89,0.48,0.48,2025-07-13,1218,N,VIIRS,n,2,300.3,4.03,D,0
-12.3786,27.28957,367,0.62,0.54,2025-07-13,1218,N,VIIRS,h,2,302.12,31.74,D,0
-12.37852,27.29198,367,0.62,0.54,2025-07-13,1218,N,VIIRS,h,2,302.54,16.18,D,0
-12.37831,25.54696,332.4,0.48,0.48,2025-07-13,1218,N,VIIRS,n,2,303.01,4.13,D,0
-12.37754,27.29535,340.85,0.62,0.54,2025-07-13,1218,N,VIIRS,n,2,298.12,31.74,D,0
-12.37569,26.025,331.44,0.51,0.49,2025-07-13,1218,N,VIIRS,n,2,299.11,5.59,D,0
-12.37468,27.28291,354.13,0.62,0.54,2025-07-13,1218,N,VIIRS,n,2,304.44,38.1,D,0
-12.37465,27.28533,352.7,0.62,0.54,2025-07-13,1218,N,VIIRS,n,2,308.19,41.11,D,0
-12.37363,27.28868,343.45,0.62,0.54,2025-07-13,1218,N,VIIRS,n,2,299.25,31.74,D,0
-12.37356,27.29107,327.85,0.62,0.54,2025-07-13,1218,N,VIIRS,n,2,297.1,41.11,D,0
-12.37113,26.02416,341.1,0.51,0.49,2025-07-13,1218,N,VIIRS,n,2,299.3,7.44,D,0
-12.37103,25.68798,367,0.49,0.48,2025-07-13,1218,N,VIIRS,h,2,300.9,8.53,D,0
-12.37028,26.02891,338.8,0.51,0.49,2025-07-13,1218,N,VIIRS,n,2,300.11,7.44,D,0
-12.36997,26.2613,346.28,0.53,0.5,2025-07-13,1218,N,VIIRS,n,2,303.84,12.1,D,0
-12.36815,26.27121,328.99,0.53,0.5,2025-07-13,1218,N,VIIRS,l,2,302.74,5.06,D,0
-12.36753,25.9654,341.43,0.51,0.49,2025-07-13,1218,N,VIIRS,n,2,301.55,10.41,D,0
-12.36723,26.27619,340.87,0.53,0.5,2025-07-13,1218,N,VIIRS,n,2,300.72,5.06,D,0
-12.36669,25.9701,345.18,0.51,0.49,2025-07-13,1218,N,VIIRS,n,2,302.53,10.41,D,0
-12.36586,25.97473,340.1,0.51,0.49,2025-07-13,1218,N,VIIRS,n,2,302.43,17.08,D,0
-12.36151,26.2115,348.98,0.53,0.5,2025-07-13,1218,N,VIIRS,n,2,302.65,7.95,D,0
-12.35951,26.21435,332.26,0.53,0.5,2025-07-13,1218,N,VIIRS,n,2,298.78,6.06,D,0
-12.35775,26.2058,327.3,0.53,0.5,2025-07-13,1218,N,VIIRS,n,2,301.03,4.1,D,0
-12.35688,26.21071,331.66,0.53,0.5,2025-07-13,1218,N,VIIRS,n,2,300.08,3.47,D,0
-12.35579,26.20868,333.33,0.53,0.5,2025-07-13,1218,N,VIIRS,n,2,299.91,6.06,D,0
-12.35535,25.87705,332.69,0.5,0.49,2025-07-13,1218,N,VIIRS,n,2,301.43,4.07,D,0
-12.35366,25.88641,348.03,0.5,0.49,2025-07-13,1218,N,VIIRS,n,2,300.77,7.37,D,0
-12.34944,26.71939,342.16,0.57,0.52,2025-07-13,1218,N,VIIRS,n,2,301.62,8.78,D,0
-12.34915,25.88552,329.34,0.5,0.49,2025-07-13,1218,N,VIIRS,l,2,303.64,5.22,D,0
-12.34903,25.41269,334.51,0.47,0.48,2025-07-13,1218,N,VIIRS,n,2,303.72,3.91,D,0
-12.34656,26.70804,329,0.57,0.52,2025-07-13,1218,N,VIIRS,l,2,303.5,40.17,D,0
-12.34601,25.98059,328.07,0.51,0.49,2025-07-13,1218,N,VIIRS,l,2,299.01,2.41,D,0
-12.34562,26.71324,333.5,0.57,0.52,2025-07-13,1218,N,VIIRS,l,2,308.3,40.17,D,0
-12.34467,26.71842,341.28,0.57,0.52,2025-07-13,1218,N,VIIRS,n,2,301.34,72.42,D,0
-12.34464,25.41195,341.48,0.47,0.48,2025-07-13,1218,N,VIIRS,n,2,301.84,5.2,D,0
-12.34045,27.05461,329.44,0.6,0.53,2025-07-13,1218,N,VIIRS,n,2,299.81,3.67,D,0
-12.33765,25.76982,354.59,0.49,0.49,2025-07-13,1218,N,VIIRS,n,2,301.42,11.78,D,0
-12.33693,25.76668,332.36,0.49,0.49,2025-07-13,1218,N,VIIRS,n,2,298.99,3.28,D,0
-12.33613,25.77122,334.48,0.49,0.49,2025-07-13,1218,N,VIIRS,n,2,300.29,4.44,D,0
-12.32747,26.30932,328.42,0.53,0.5,2025-07-13,1218,N,VIIRS,l,2,302.67,2.47,D,0
-12.32673,26.36496,327.03,0.54,0.51,2025-07-13,1218,N,VIIRS,n,2,296.66,3,D,0
-12.32429,26.36663,346.55,0.54,0.51,2025-07-13,1218,N,VIIRS,n,2,299.56,10.65,D,0
-12.32205,26.36415,340.48,0.54,0.51,2025-07-13,1218,N,VIIRS,n,2,297.29,11.29,D,0
-12.31735,26.36343,353.56,0.54,0.51,2025-07-13,1218,N,VIIRS,n,2,301.28,11.29,D,0
-12.31582,26.36007,336.13,0.54,0.51,2025-07-13,1218,N,VIIRS,n,2,302.28,19.06,D,0
-12.31491,26.36515,344.65,0.54,0.51,2025-07-13,1218,N,VIIRS,n,2,301.62,24.49,D,0
-12.31205,26.14208,340.13,0.52,0.5,2025-07-13,1218,N,VIIRS,n,2,299.88,15.76,D,0
-12.30989,26.4472,329.61,0.55,0.51,2025-07-13,1218,N,VIIRS,l,2,300.33,2.93,D,0
-12.30795,26.43959,346.85,0.54,0.51,2025-07-13,1218,N,VIIRS,n,2,301.08,14.94,D,0
-12.30738,26.35339,327.47,0.54,0.51,2025-07-13,1218,N,VIIRS,l,2,297.68,6.85,D,0
-12.30697,26.43642,342.41,0.55,0.51,2025-07-13,1218,N,VIIRS,n,2,298.47,11.65,D,0
-12.30648,26.35839,333.78,0.54,0.51,2025-07-13,1218,N,VIIRS,n,2,298.27,6.85,D,0
-12.30557,26.36344,353.3,0.54,0.51,2025-07-13,1218,N,VIIRS,n,2,303.39,12.81,D,0
-12.30148,25.60275,342.2,0.48,0.48,2025-07-13,1218,N,VIIRS,n,2,301.35,6.61,D,0
-12.30089,26.3626,334.84,0.54,0.51,2025-07-13,1218,N,VIIRS,n,2,298.52,5.6,D,0
-12.30079,26.98657,334.35,0.59,0.53,2025-07-13,1218,N,VIIRS,n,2,301.26,9.24,D,0
-12.29553,26.25937,343.34,0.53,0.5,2025-07-13,1218,N,VIIRS,n,2,303.28,6.46,D,0
-12.29179,26.25357,353.14,0.53,0.5,2025-07-13,1218,N,VIIRS,n,2,303.28,11.59,D,0
-12.29046,26.07842,340.59,0.52,0.5,2025-07-13,1218,N,VIIRS,n,2,304.13,6.69,D,0
-12.28926,25.74826,338.72,0.49,0.49,2025-07-13,1218,N,VIIRS,n,2,301.21,3.2,D,0
-12.28673,25.7107,342.89,0.49,0.49,2025-07-13,1218,N,VIIRS,n,2,302.84,9.46,D,0
-12.28514,25.71959,340.36,0.49,0.49,2025-07-13,1218,N,VIIRS,n,2,305.86,10.64,D,0
-12.28475,26.18732,333.79,0.53,0.5,2025-07-13,1218,N,VIIRS,n,2,298.98,7.53,D,0
-12.28106,25.95122,333.14,0.51,0.49,2025-07-13,1218,N,VIIRS,n,2,299.38,4.05,D,0
-12.28017,26.61405,334.44,0.56,0.51,2025-07-13,1218,N,VIIRS,n,2,298.95,3.46,D,0
-12.27955,26.61642,341.41,0.56,0.52,2025-07-13,1218,N,VIIRS,n,2,300.63,7.47,D,0
-12.27921,26.61918,329.67,0.56,0.52,2025-07-13,1218,N,VIIRS,l,2,300.25,9.54,D,0
-12.27862,26.62158,331.39,0.56,0.52,2025-07-13,1218,N,VIIRS,n,2,299.58,6.66,D,0
-12.27197,25.94955,331.12,0.51,0.49,2025-07-13,1218,N,VIIRS,n,2,298.51,8.5,D,0
-12.26918,25.57859,343.99,0.48,0.48,2025-07-13,1218,N,VIIRS,n,2,302.63,4.91,D,0
-12.26238,25.5908,336.56,0.48,0.48,2025-07-13,1218,N,VIIRS,n,2,303.1,5.36,D,0
-12.24849,25.66698,336.55,0.49,0.48,2025-07-13,1218,N,VIIRS,n,2,301.62,3.48,D,0
-12.24804,27.19106,349.55,0.61,0.54,2025-07-13,1218,N,VIIRS,n,2,300.17,9.76,D,0
-12.24603,25.66763,338.01,0.49,0.48,2025-07-13,1218,N,VIIRS,n,2,302.66,5.42,D,0
-12.24402,26.38296,340.51,0.54,0.51,2025-07-13,1218,N,VIIRS,n,2,302.98,6.74,D,0
-12.24357,26.16179,333.87,0.52,0.5,2025-07-13,1218,N,VIIRS,n,2,302.22,3.63,D,0
-12.23755,25.53317,367,0.48,0.48,2025-07-13,1218,N,VIIRS,h,2,302.83,10.07,D,0
-12.23573,26.28637,347.77,0.53,0.5,2025-07-13,1218,N,VIIRS,n,2,302.82,12.9,D,0
-12.23475,26.10481,343.84,0.52,0.5,2025-07-13,1218,N,VIIRS,n,2,302.17,7.75,D,0
-12.23185,26.3964,356.45,0.54,0.51,2025-07-13,1218,N,VIIRS,n,2,303.41,11.22,D,0
-12.2304,26.12901,328.02,0.52,0.5,2025-07-13,1218,N,VIIRS,n,2,298.4,2.03,D,0
-12.22717,26.39551,329.61,0.54,0.51,2025-07-13,1218,N,VIIRS,n,2,302.2,4.43,D,0
-12.22194,26.20264,346.57,0.53,0.5,2025-07-13,1218,N,VIIRS,n,2,301.56,7.23,D,0
-12.21879,26.44069,337.67,0.55,0.51,2025-07-13,1218,N,VIIRS,n,2,302.06,4.71,D,0
-12.21802,27.21492,327.36,0.62,0.54,2025-07-13,1218,N,VIIRS,n,2,300.47,4.7,D,0
-12.2175,26.44322,333.84,0.55,0.51,2025-07-13,1218,N,VIIRS,n,2,303.61,3.43,D,0
-12.21334,26.17085,345.79,0.53,0.5,2025-07-13,1218,N,VIIRS,n,2,302.19,11.33,D,0
-12.2096,26.16516,334.37,0.53,0.5,2025-07-13,1218,N,VIIRS,n,2,300.46,4.61,D,0
-12.20873,26.16996,335.22,0.53,0.5,2025-07-13,1218,N,VIIRS,n,2,302.59,4.61,D,0
-12.20791,26.79326,328.19,0.58,0.52,2025-07-13,1218,N,VIIRS,n,2,297.68,3.33,D,0
-12.20479,26.24471,344.61,0.53,0.5,2025-07-13,1218,N,VIIRS,n,2,304.71,9.29,D,0
-12.99387,25.48053,300.02,0.45,0.39,2025-07-13,2325,N,VIIRS,n,2,285.6,0.54,N,0
-12.9524,27.17533,300.29,0.39,0.37,2025-07-13,2325,N,VIIRS,n,2,280.5,0.45,N,0
-12.46737,25.87019,295.78,0.44,0.38,2025-07-13,2325,N,VIIRS,n,2,284.19,0.35,N,0
-13.2875,25.8459,331.11,0.41,0.37,2025-07-14,1159,N,VIIRS,n,2,302.34,4.26,D,0
-13.2869,25.84965,339.99,0.41,0.37,2025-07-14,1159,N,VIIRS,n,2,304.42,4.26,D,0
-13.28631,25.85341,340.89,0.41,0.37,2025-07-14,1159,N,VIIRS,n,2,301.38,6.57,D,0
-13.28348,25.84907,343.86,0.41,0.37,2025-07-14,1159,N,VIIRS,n,2,298.39,3.39,D,0
-13.25771,25.98916,339.78,0.41,0.37,2025-07-14,1159,N,VIIRS,n,2,302.48,3.27,D,0
-13.22355,25.5204,329.86,0.4,0.37,2025-07-14,1159,N,VIIRS,l,2,303.91,5.71,D,0
-13.20844,25.92221,344.83,0.41,0.37,2025-07-14,1159,N,VIIRS,n,2,303.43,10.82,D,0
-13.20783,25.92603,334.9,0.41,0.37,2025-07-14,1159,N,VIIRS,l,2,305.73,6.35,D,0
-13.19267,25.3639,337.08,0.4,0.37,2025-07-14,1159,N,VIIRS,n,2,302.02,4.55,D,0
-13.18929,25.36335,337.02,0.4,0.37,2025-07-14,1159,N,VIIRS,n,2,303.37,7.37,D,0
-13.18591,25.3628,342.05,0.4,0.37,2025-07-14,1159,N,VIIRS,n,2,299.24,7.37,D,0
-13.18337,25.86346,347.72,0.41,0.37,2025-07-14,1159,N,VIIRS,n,2,303.79,14.82,D,0
-13.18277,25.86724,335.03,0.41,0.37,2025-07-14,1159,N,VIIRS,n,2,289.71,1.55,D,0
-13.18104,26.75339,334.28,0.44,0.38,2025-07-14,1159,N,VIIRS,n,2,298.3,8.05,D,0
-13.02662,25.5102,334.3,0.4,0.37,2025-07-14,1159,N,VIIRS,n,2,298.96,2.26,D,0
-13.02617,25.51054,340.03,0.4,0.37,2025-07-14,1159,N,VIIRS,n,2,298.39,4.33,D,0
-13.02602,25.51392,329.49,0.4,0.37,2025-07-14,1159,N,VIIRS,n,2,297.24,2.26,D,0
-13.01522,25.42524,332.28,0.4,0.37,2025-07-14,1159,N,VIIRS,n,2,299.83,1.94,D,0
-13.01301,27.24969,335.51,0.47,0.39,2025-07-14,1159,N,VIIRS,n,2,303.78,5.23,D,0
-13.0123,27.25397,339.16,0.47,0.39,2025-07-14,1159,N,VIIRS,n,2,301.35,5.23,D,0
-13.01183,25.42469,332.38,0.4,0.37,2025-07-14,1159,N,VIIRS,n,2,296.61,8.66,D,0
-13.00937,27.24907,341.01,0.47,0.39,2025-07-14,1159,N,VIIRS,n,2,300.8,5.23,D,0
-13.00224,25.41933,329.9,0.4,0.37,2025-07-14,1159,N,VIIRS,l,2,300.2,3.29,D,0
-12.99911,25.48327,348.62,0.4,0.37,2025-07-14,1159,N,VIIRS,n,2,303.64,4.61,D,0
-12.99852,25.48697,330.37,0.4,0.37,2025-07-14,1159,N,VIIRS,n,2,299.32,4.61,D,0
-12.99513,25.48642,331.08,0.4,0.37,2025-07-14,1159,N,VIIRS,n,2,299.08,5.3,D,0
-12.97383,25.44499,340.36,0.4,0.37,2025-07-14,1159,N,VIIRS,n,2,298.29,5.09,D,0
-12.97102,25.44074,342.44,0.4,0.37,2025-07-14,1159,N,VIIRS,n,2,300.57,5.09,D,0
-12.97044,25.44444,353.54,0.4,0.37,2025-07-14,1159,N,VIIRS,n,2,304.11,5.09,D,0
-12.96985,25.44813,341.7,0.4,0.37,2025-07-14,1159,N,VIIRS,n,2,297.59,4.58,D,0
-12.96881,25.4328,337.1,0.4,0.37,2025-07-14,1159,N,VIIRS,n,2,296.08,4.64,D,0
-12.94962,27.42632,333.48,0.48,0.4,2025-07-14,1159,N,VIIRS,n,2,302.41,3.23,D,0
-12.94819,27.36772,330.4,0.47,0.4,2025-07-14,1159,N,VIIRS,n,2,299.1,6.39,D,0
-12.94746,27.37206,336.67,0.47,0.4,2025-07-14,1159,N,VIIRS,n,2,303.38,11,D,0
-12.94652,27.5121,330.32,0.48,0.4,2025-07-14,1159,N,VIIRS,l,2,301.25,4.7,D,0
-12.94518,27.45263,341.11,0.48,0.4,2025-07-14,1159,N,VIIRS,n,2,299.43,6.42,D,0
-12.9451,27.36831,344.8,0.47,0.4,2025-07-14,1159,N,VIIRS,n,2,300.26,8.16,D,0
-12.94444,27.457,353.96,0.48,0.4,2025-07-14,1159,N,VIIRS,n,2,302.52,6.42,D,0
-12.9415,27.45203,346.09,0.48,0.4,2025-07-14,1159,N,VIIRS,n,2,301.54,11.32,D,0
-12.94076,27.45639,340.74,0.48,0.4,2025-07-14,1159,N,VIIRS,n,2,303.02,11.32,D,0
-12.93708,27.45579,350.19,0.48,0.4,2025-07-14,1159,N,VIIRS,n,2,304.99,11.32,D,0
-12.93378,27.27687,341.79,0.47,0.4,2025-07-14,1159,N,VIIRS,n,2,302.1,8.18,D,0
-12.93307,27.28119,343.97,0.47,0.4,2025-07-14,1159,N,VIIRS,n,2,304.61,8.22,D,0
-12.93236,27.28551,352.23,0.47,0.4,2025-07-14,1159,N,VIIRS,n,2,304.84,8.22,D,0
-12.92943,27.28054,335.94,0.47,0.4,2025-07-14,1159,N,VIIRS,n,2,303.03,6.22,D,0
-12.9177,27.26077,353.22,0.47,0.4,2025-07-14,1159,N,VIIRS,n,2,302.7,8.33,D,0
-12.91698,27.26509,331.05,0.47,0.4,2025-07-14,1159,N,VIIRS,n,2,300.49,8.33,D,0
-12.91627,27.26943,331.96,0.47,0.4,2025-07-14,1159,N,VIIRS,n,2,299.44,3.54,D,0
-12.91406,27.26015,350.08,0.47,0.4,2025-07-14,1159,N,VIIRS,n,2,300.46,8.33,D,0
-12.90807,25.46415,338.82,0.4,0.37,2025-07-14,1159,N,VIIRS,n,2,302.45,3.95,D,0
-12.90384,27.25396,336.1,0.47,0.4,2025-07-14,1159,N,VIIRS,n,2,299.59,3.17,D,0
-12.90024,27.27561,341.54,0.47,0.4,2025-07-14,1159,N,VIIRS,n,2,299.06,10.76,D,0
-12.90021,26.73177,333.92,0.44,0.39,2025-07-14,1159,N,VIIRS,n,2,300.4,3.23,D,0
-12.89283,27.20772,330.62,0.47,0.39,2025-07-14,1159,N,VIIRS,n,2,295.21,4.61,D,0
-12.89219,27.25645,346.79,0.47,0.4,2025-07-14,1159,N,VIIRS,n,2,301.46,11.1,D,0
-12.88991,27.20282,340.11,0.47,0.39,2025-07-14,1159,N,VIIRS,n,2,302.94,21.2,D,0
-12.8892,27.20708,332.9,0.47,0.39,2025-07-14,1159,N,VIIRS,n,2,300.55,21.2,D,0
-12.88854,27.25583,339.45,0.47,0.4,2025-07-14,1159,N,VIIRS,n,2,297.76,5.26,D,0
-12.88628,27.20218,351.11,0.47,0.39,2025-07-14,1159,N,VIIRS,n,2,302.94,21.2,D,0
-12.88561,27.22855,343.32,0.47,0.39,2025-07-14,1159,N,VIIRS,n,2,309.78,76.97,D,0
-12.88485,27.21072,334.92,0.47,0.39,2025-07-14,1159,N,VIIRS,n,2,296.76,5.03,D,0
-12.88193,27.20582,347.72,0.47,0.39,2025-07-14,1159,N,VIIRS,n,2,298.3,6.42,D,0
-12.87907,27.22294,331.16,0.47,0.39,2025-07-14,1159,N,VIIRS,n,2,295.61,21.61,D,0
-12.87615,27.21802,334.47,0.47,0.39,2025-07-14,1159,N,VIIRS,l,2,307.45,21.61,D,0
-12.87543,27.22233,329.97,0.47,0.39,2025-07-14,1159,N,VIIRS,n,2,294.47,21.61,D,0
-12.87395,27.20881,350.51,0.47,0.39,2025-07-14,1159,N,VIIRS,n,2,306.81,92.49,D,0
-12.87324,27.21309,367,0.47,0.39,2025-07-14,1159,N,VIIRS,l,2,339.06,92.49,D,0
-12.8696,27.21247,346.81,0.47,0.39,2025-07-14,1159,N,VIIRS,n,2,298.92,92.49,D,0
-12.83354,27.07112,331.76,0.46,0.39,2025-07-14,1159,N,VIIRS,l,2,304,28.84,D,0
-12.82993,27.07049,343.55,0.46,0.39,2025-07-14,1159,N,VIIRS,n,2,314.04,28.84,D,0
-12.79148,26.2659,332.52,0.43,0.38,2025-07-14,1159,N,VIIRS,n,2,302.59,4.15,D,0
-12.79086,26.26983,338.45,0.43,0.38,2025-07-14,1159,N,VIIRS,n,2,302.4,7.75,D,0
-12.74235,26.52729,341.58,0.44,0.38,2025-07-14,1159,N,VIIRS,n,2,307.56,21.91,D,0
-12.7417,26.53131,332.14,0.44,0.38,2025-07-14,1159,N,VIIRS,n,2,301.4,9.34,D,0
-12.73215,25.53802,328.24,0.4,0.37,2025-07-14,1159,N,VIIRS,l,2,300.33,3.18,D,0
-12.73008,26.83941,342.07,0.45,0.39,2025-07-14,1159,N,VIIRS,n,2,301.9,8.58,D,0
-12.7265,26.8388,341.02,0.45,0.39,2025-07-14,1159,N,VIIRS,n,2,301.01,16.99,D,0
-12.72534,25.53693,343.35,0.4,0.37,2025-07-14,1159,N,VIIRS,n,2,304.09,7.34,D,0
-12.70473,27.48149,344.82,0.48,0.4,2025-07-14,1159,N,VIIRS,n,2,306.9,10,D,0
-12.7024,27.48309,339.11,0.48,0.4,2025-07-14,1159,N,VIIRS,n,2,306.95,19.2,D,0
-12.70103,27.48086,342.24,0.48,0.4,2025-07-14,1159,N,VIIRS,n,2,303.14,10,D,0
-12.68575,26.15983,332.58,0.42,0.38,2025-07-14,1159,N,VIIRS,n,2,301.35,3.53,D,0
-12.68169,25.48354,330.57,0.4,0.37,2025-07-14,1159,N,VIIRS,n,2,302.31,2.25,D,0
-12.67385,26.86001,333.81,0.45,0.39,2025-07-14,1159,N,VIIRS,n,2,299.68,8.71,D,0
-12.66146,25.84718,331.51,0.41,0.37,2025-07-14,1159,N,VIIRS,n,2,300.4,2.08,D,0
-12.6576,26.13503,335.6,0.42,0.38,2025-07-14,1159,N,VIIRS,n,2,302.45,5.21,D,0
-12.65071,27.40581,330.44,0.48,0.4,2025-07-14,1159,N,VIIRS,l,2,301.99,4.28,D,0
-12.64363,26.93196,331.05,0.46,0.39,2025-07-14,1159,N,VIIRS,n,2,300.54,3.73,D,0
-12.63635,25.79217,349.16,0.41,0.37,2025-07-14,1159,N,VIIRS,n,2,304.2,8.98,D,0
-12.63434,25.51783,332.49,0.4,0.37,2025-07-14,1159,N,VIIRS,n,2,301.29,2.82,D,0
-12.60707,25.73278,351.24,0.41,0.37,2025-07-14,1159,N,VIIRS,n,2,305.89,6.28,D,0
-12.60441,25.63955,344.83,0.41,0.37,2025-07-14,1159,N,VIIRS,n,2,305.66,9.22,D,0
-12.60381,25.6433,331.29,0.41,0.37,2025-07-14,1159,N,VIIRS,n,2,299.18,9.22,D,0
-12.60364,25.73221,343.48,0.41,0.37,2025-07-14,1159,N,VIIRS,n,2,304.25,7.2,D,0
-12.60099,25.63899,332.52,0.41,0.37,2025-07-14,1159,N,VIIRS,l,2,306.16,9.22,D,0
-12.60039,25.64275,331.92,0.41,0.37,2025-07-14,1159,N,VIIRS,n,2,301.73,9.22,D,0
-12.59678,25.73107,333.92,0.41,0.37,2025-07-14,1159,N,VIIRS,n,2,302.59,5.55,D,0
-12.58455,25.87335,335.21,0.41,0.37,2025-07-14,1159,N,VIIRS,n,2,305.21,2.35,D,0
-12.58028,27.47655,339.51,0.48,0.4,2025-07-14,1159,N,VIIRS,n,2,306.44,3.89,D,0
-12.57658,27.47592,335.88,0.48,0.4,2025-07-14,1159,N,VIIRS,n,2,304.18,3.89,D,0
-12.56437,25.82304,337.45,0.41,0.37,2025-07-14,1159,N,VIIRS,n,2,309.02,3.17,D,0
-12.53438,27.50067,337.45,0.49,0.4,2025-07-14,1159,N,VIIRS,l,2,307.66,6.23,D,0
-12.53067,27.50004,338.52,0.49,0.4,2025-07-14,1159,N,VIIRS,n,2,305.56,5.73,D,0
-12.50266,25.84008,336.64,0.41,0.37,2025-07-14,1159,N,VIIRS,n,2,303.58,2.27,D,0
-12.50205,25.84391,331.53,0.41,0.37,2025-07-14,1159,N,VIIRS,n,2,301.78,2.27,D,0
-12.49953,26.57832,353.25,0.44,0.38,2025-07-14,1159,N,VIIRS,n,2,305.14,12.41,D,0
-12.4931,26.57305,332.57,0.44,0.38,2025-07-14,1159,N,VIIRS,n,2,302.06,9.67,D,0
-12.48831,27.05848,342.56,0.46,0.39,2025-07-14,1159,N,VIIRS,n,2,303.98,7.79,D,0
-12.48131,25.90718,348.45,0.42,0.37,2025-07-14,1159,N,VIIRS,n,2,307.81,4.24,D,0
-12.47454,27.05167,333.96,0.46,0.39,2025-07-14,1159,N,VIIRS,n,2,300.8,4.18,D,0
-12.47382,27.05596,345.95,0.46,0.39,2025-07-14,1159,N,VIIRS,n,2,301.71,6.85,D,0
-12.45038,25.44551,329.66,0.4,0.37,2025-07-14,1159,N,VIIRS,n,2,297.92,3.84,D,0
-12.44201,25.86531,334.62,0.42,0.37,2025-07-14,1159,N,VIIRS,n,2,302.77,3.17,D,0
-12.42835,25.94963,332.41,0.42,0.38,2025-07-14,1159,N,VIIRS,n,2,301.39,1.93,D,0
-12.42784,26.21728,335.92,0.43,0.38,2025-07-14,1159,N,VIIRS,n,2,306.79,7.99,D,0
-12.42367,26.00038,338.2,0.42,0.38,2025-07-14,1159,N,VIIRS,n,2,306.47,3.95,D,0
-12.41871,25.42506,348.9,0.4,0.37,2025-07-14,1159,N,VIIRS,n,2,302.9,6.37,D,0
-12.40944,27.48519,342.28,0.49,0.4,2025-07-14,1159,N,VIIRS,n,2,299.59,4.45,D,0
-12.40887,25.98202,337.69,0.42,0.38,2025-07-14,1159,N,VIIRS,n,2,303.37,6.33,D,0
-12.4075,25.98228,330.7,0.42,0.38,2025-07-14,1159,N,VIIRS,n,2,300.27,4.97,D,0
-12.40573,27.48452,333.15,0.49,0.4,2025-07-14,1159,N,VIIRS,n,2,297.54,4.45,D,0
-12.40346,27.05338,329.63,0.46,0.39,2025-07-14,1159,N,VIIRS,n,2,303.91,2.72,D,0
-12.40064,25.84711,338.42,0.42,0.37,2025-07-14,1159,N,VIIRS,l,2,308.84,9.4,D,0
-12.39942,25.85474,352.03,0.42,0.37,2025-07-14,1159,N,VIIRS,n,2,308.93,15.65,D,0
-12.39597,25.85417,342.1,0.42,0.37,2025-07-14,1159,N,VIIRS,n,2,306.8,6.12,D,0
-12.39252,25.85359,335.76,0.42,0.37,2025-07-14,1159,N,VIIRS,l,2,306.95,6.12,D,0
-12.38908,25.853,334.98,0.42,0.37,2025-07-14,1159,N,VIIRS,n,2,306.52,4.4,D,0
-12.38706,26.58076,336.38,0.44,0.39,2025-07-14,1159,N,VIIRS,l,2,308.26,6.34,D,0
-12.38563,25.85241,344.86,0.42,0.37,2025-07-14,1159,N,VIIRS,n,2,304.26,4.4,D,0
-12.38065,26.28648,329.04,0.43,0.38,2025-07-14,1159,N,VIIRS,n,2,300.15,2.89,D,0
-12.37605,27.4795,337.28,0.49,0.4,2025-07-14,1159,N,VIIRS,n,2,300.3,6.97,D,0
-12.37528,27.48398,339.51,0.49,0.4,2025-07-14,1159,N,VIIRS,n,2,300.11,6.97,D,0
-12.3747,27.48035,348.03,0.49,0.4,2025-07-14,1159,N,VIIRS,n,2,301.1,14.02,D,0
-12.37467,26.25706,339.15,0.43,0.38,2025-07-14,1159,N,VIIRS,n,2,304.28,3.73,D,0
-12.37235,25.73689,338.29,0.41,0.37,2025-07-14,1159,N,VIIRS,n,2,303.71,9.27,D,0
-12.37142,26.27687,331.83,0.43,0.38,2025-07-14,1159,N,VIIRS,n,2,304.72,4.06,D,0
-12.371,25.87746,332.43,0.42,0.37,2025-07-14,1159,N,VIIRS,n,2,300.89,3.02,D,0
-12.37038,25.8813,367,0.42,0.37,2025-07-14,1159,N,VIIRS,h,2,306.42,14.45,D,0
-12.36891,25.73633,343.55,0.41,0.37,2025-07-14,1159,N,VIIRS,n,2,306.07,9.27,D,0
-12.36548,25.73576,331.88,0.41,0.37,2025-07-14,1159,N,VIIRS,n,2,300.6,3.88,D,0
-12.36438,26.11863,328.45,0.42,0.38,2025-07-14,1159,N,VIIRS,n,2,299.89,1.94,D,0
-12.36356,27.45533,343.4,0.49,0.4,2025-07-14,1159,N,VIIRS,n,2,300.17,6.06,D,0
-12.35894,27.27707,340.85,0.48,0.4,2025-07-14,1159,N,VIIRS,n,2,304.41,9.08,D,0
-12.35615,27.45406,331.62,0.49,0.4,2025-07-14,1159,N,VIIRS,n,2,298.96,5.25,D,0
-12.35527,27.27641,349.69,0.48,0.4,2025-07-14,1159,N,VIIRS,n,2,304.81,9.08,D,0
-12.35463,26.66768,339.97,0.45,0.39,2025-07-14,1159,N,VIIRS,n,2,300.84,2.74,D,0
-12.35396,26.67179,337.88,0.45,0.39,2025-07-14,1159,N,VIIRS,n,2,301.3,2.74,D,0
-12.35379,25.69891,333.42,0.41,0.37,2025-07-14,1159,N,VIIRS,n,2,300.67,3.13,D,0
-12.3536,25.94158,334.35,0.42,0.38,2025-07-14,1159,N,VIIRS,n,2,306.62,2.2,D,0
-12.35174,26.66295,332.92,0.45,0.39,2025-07-14,1159,N,VIIRS,n,2,300.74,39.85,D,0
-12.3516,27.27578,349.98,0.48,0.4,2025-07-14,1159,N,VIIRS,n,2,304.14,19.54,D,0
-12.35107,26.66706,341.34,0.45,0.39,2025-07-14,1159,N,VIIRS,n,2,302.82,22.4,D,0
-12.34751,26.66646,354.67,0.45,0.39,2025-07-14,1159,N,VIIRS,n,2,307.71,22.4,D,0
-12.34394,26.66585,331.33,0.45,0.39,2025-07-14,1159,N,VIIRS,n,2,296.14,2.35,D,0
-12.34144,25.6039,334.1,0.41,0.37,2025-07-14,1159,N,VIIRS,n,2,301.4,2.32,D,0
-12.33578,25.59529,354.38,0.41,0.37,2025-07-14,1159,N,VIIRS,n,2,311.23,35.22,D,0
-12.33236,25.59472,347.58,0.41,0.37,2025-07-14,1159,N,VIIRS,n,2,320.21,35.22,D,0
-12.33218,25.70687,332.53,0.41,0.37,2025-07-14,1159,N,VIIRS,n,2,301.55,2.86,D,0
-12.33158,25.71065,332.43,0.41,0.37,2025-07-14,1159,N,VIIRS,n,2,302.25,1.98,D,0
-12.32548,25.8384,335.71,0.42,0.37,2025-07-14,1159,N,VIIRS,n,2,308.31,3.17,D,0
-12.31928,25.58868,341.7,0.41,0.37,2025-07-14,1159,N,VIIRS,n,2,303.45,5.48,D,0
-12.31688,26.48194,341.79,0.44,0.38,2025-07-14,1159,N,VIIRS,n,2,303.34,7.46,D,0
-12.31623,26.48601,336.55,0.44,0.38,2025-07-14,1159,N,VIIRS,n,2,302.62,28.19,D,0
-12.31621,26.19535,329.86,0.43,0.38,2025-07-14,1159,N,VIIRS,n,2,298.61,2.12,D,0
-12.31269,26.4854,344.77,0.44,0.38,2025-07-14,1159,N,VIIRS,n,2,308.25,28.19,D,0
-12.31098,26.36126,343.78,0.43,0.38,2025-07-14,1159,N,VIIRS,n,2,307.93,13.99,D,0
-12.31047,26.47668,356.58,0.44,0.38,2025-07-14,1159,N,VIIRS,n,2,303.68,8.18,D,0
-12.30981,26.48074,330.48,0.44,0.38,2025-07-14,1159,N,VIIRS,n,2,299.44,8.18,D,0
-12.30673,27.31785,350.06,0.48,0.4,2025-07-14,1159,N,VIIRS,n,2,308.2,15.36,D,0
-12.30663,25.60196,339.89,0.41,0.37,2025-07-14,1159,N,VIIRS,n,2,306.25,3.82,D,0
-12.3046,26.35606,335.33,0.43,0.38,2025-07-14,1159,N,VIIRS,l,2,306.34,4.03,D,0
-12.3042,27.31848,330.22,0.48,0.4,2025-07-14,1159,N,VIIRS,l,2,304.65,8.99,D,0
-12.30348,27.3229,332.96,0.48,0.4,2025-07-14,1159,N,VIIRS,n,2,301.86,4.28,D,0
-12.30321,25.60139,332.41,0.41,0.37,2025-07-14,1159,N,VIIRS,n,2,305.81,3.82,D,0
-12.30237,26.3475,350.38,0.43,0.38,2025-07-14,1159,N,VIIRS,n,2,303.82,7.34,D,0
-12.3023,27.32162,342.9,0.48,0.4,2025-07-14,1159,N,VIIRS,n,2,305.02,9.88,D,0
-12.30188,26.21726,347.23,0.43,0.38,2025-07-14,1159,N,VIIRS,n,2,305.98,8.52,D,0
-12.30172,26.35149,334.18,0.43,0.38,2025-07-14,1159,N,VIIRS,l,2,306.39,9.42,D,0
-12.30147,27.03684,332.46,0.46,0.39,2025-07-14,1159,N,VIIRS,n,2,302.66,3.34,D,0
-12.29979,27.32228,333.3,0.48,0.4,2025-07-14,1159,N,VIIRS,n,2,298.8,4.28,D,0
-12.29873,26.19247,344.25,0.43,0.38,2025-07-14,1159,N,VIIRS,n,2,302.66,4.1,D,0
-12.29784,27.03623,353.93,0.46,0.39,2025-07-14,1159,N,VIIRS,n,2,305.42,12.18,D,0
-12.29774,26.22062,328.38,0.43,0.38,2025-07-14,1159,N,VIIRS,l,2,301.15,2.1,D,0
-12.29523,26.19188,333.22,0.43,0.38,2025-07-14,1159,N,VIIRS,n,2,299.55,4.1,D,0
-12.29471,26.10712,367,0.42,0.38,2025-07-14,1159,N,VIIRS,h,2,310.56,10.65,D,0
-12.29407,26.11102,335.13,0.42,0.38,2025-07-14,1159,N,VIIRS,n,2,305.57,10.65,D,0
-12.29303,26.18341,355.71,0.43,0.38,2025-07-14,1159,N,VIIRS,n,2,311.29,16.5,D,0
-12.29238,26.18736,332.29,0.43,0.38,2025-07-14,1159,N,VIIRS,n,2,300.65,7.8,D,0
-12.29174,26.19131,333.96,0.43,0.38,2025-07-14,1159,N,VIIRS,n,2,303.14,7.8,D,0
-12.29059,26.11045,329.61,0.42,0.38,2025-07-14,1159,N,VIIRS,n,2,304.3,2.72,D,0
-12.28953,26.18286,335.8,0.43,0.38,2025-07-14,1159,N,VIIRS,n,2,300.28,16.5,D,0
-12.2878,26.41498,340.08,0.44,0.38,2025-07-14,1159,N,VIIRS,n,2,304.3,3.91,D,0
-12.28774,26.10596,330.94,0.42,0.38,2025-07-14,1159,N,VIIRS,n,2,300.18,2.72,D,0
-12.28715,26.41898,340.57,0.44,0.38,2025-07-14,1159,N,VIIRS,n,2,303.74,3.91,D,0
-12.2871,26.10987,335.97,0.42,0.38,2025-07-14,1159,N,VIIRS,n,2,303.64,2.72,D,0
-12.28534,26.74587,329.36,0.45,0.39,2025-07-14,1159,N,VIIRS,l,2,301.64,5.17,D,0
-12.28492,26.41042,346.27,0.44,0.38,2025-07-14,1159,N,VIIRS,n,2,304.09,53.35,D,0
-12.28253,26.74859,336.83,0.45,0.39,2025-07-14,1159,N,VIIRS,n,2,302.93,9.01,D,0
-12.28091,25.985,338.78,0.42,0.38,2025-07-14,1159,N,VIIRS,n,2,302.22,9.49,D,0
-12.28074,26.41383,339.28,0.44,0.38,2025-07-14,1159,N,VIIRS,n,2,300.95,14.48,D,0
-12.27813,26.60908,346.69,0.44,0.39,2025-07-14,1159,N,VIIRS,n,2,311.71,19.51,D,0
-12.27805,25.98058,331.95,0.42,0.38,2025-07-14,1159,N,VIIRS,n,2,300.03,2.13,D,0
-12.27721,26.41326,352.02,0.44,0.38,2025-07-14,1159,N,VIIRS,n,2,301.98,8.22,D,0
-12.27484,25.95614,334.92,0.42,0.38,2025-07-14,1159,N,VIIRS,n,2,304.68,4.79,D,0
-12.27118,25.66971,339.19,0.41,0.37,2025-07-14,1159,N,VIIRS,n,2,303.22,2.02,D,0
-12.26775,25.66914,343.69,0.41,0.37,2025-07-14,1159,N,VIIRS,n,2,306.99,29.66,D,0
-12.26454,25.6453,342.3,0.41,0.37,2025-07-14,1159,N,VIIRS,n,2,308.5,6.25,D,0
-12.26292,26.27962,347.24,0.43,0.38,2025-07-14,1159,N,VIIRS,n,2,306.6,18.08,D,0
-12.26232,26.46008,341.67,0.44,0.38,2025-07-14,1159,N,VIIRS,n,2,303.72,7.48,D,0
-12.26227,26.2836,336.22,0.43,0.38,2025-07-14,1159,N,VIIRS,n,2,304.86,18.08,D,0
-12.25942,26.27903,350.47,0.43,0.38,2025-07-14,1159,N,VIIRS,n,2,306.01,18.08,D,0
-12.25677,26.53851,335.31,0.44,0.38,2025-07-14,1159,N,VIIRS,n,2,301.42,3.12,D,0
-12.2563,26.69833,332.78,0.45,0.39,2025-07-14,1159,N,VIIRS,l,2,306.84,3.3,D,0
-12.25611,26.54258,342.31,0.44,0.39,2025-07-14,1159,N,VIIRS,n,2,304.29,8.1,D,0
-12.25563,26.70246,335.26,0.45,0.39,2025-07-14,1159,N,VIIRS,l,2,308.31,5.37,D,0
-12.25323,26.5379,342.19,0.44,0.38,2025-07-14,1159,N,VIIRS,n,2,305.78,3.12,D,0
-12.25206,26.70184,335.58,0.45,0.39,2025-07-14,1159,N,VIIRS,l,2,310.27,8.54,D,0
-12.24993,25.7361,333.58,0.41,0.37,2025-07-14,1159,N,VIIRS,n,2,302.97,4.98,D,0
-12.24923,26.42917,347.31,0.44,0.38,2025-07-14,1159,N,VIIRS,n,2,306.67,8.64,D,0
-12.24768,26.54952,336.75,0.44,0.39,2025-07-14,1159,N,VIIRS,n,2,303.3,6.45,D,0
-12.24701,26.5536,345.13,0.44,0.39,2025-07-14,1159,N,VIIRS,n,2,308.1,6.45,D,0
-12.24636,26.42456,330.1,0.44,0.38,2025-07-14,1159,N,VIIRS,n,2,303.11,6.9,D,0
-12.24586,27.19151,335.45,0.47,0.4,2025-07-14,1159,N,VIIRS,n,2,304.34,7.1,D,0
-12.2457,26.42861,347.5,0.44,0.38,2025-07-14,1159,N,VIIRS,n,2,308.14,6.9,D,0
-12.24194,25.59487,336.01,0.41,0.37,2025-07-14,1159,N,VIIRS,n,2,307.45,3.28,D,0
-12.2401,26.1061,339.98,0.43,0.38,2025-07-14,1159,N,VIIRS,n,2,304.57,4.99,D,0
-12.23739,25.72633,347.82,0.41,0.37,2025-07-14,1159,N,VIIRS,n,2,306.65,8.11,D,0
-12.23677,25.73013,334.15,0.41,0.37,2025-07-14,1159,N,VIIRS,n,2,303.4,8.11,D,0
-12.23664,26.14994,337.46,0.43,0.38,2025-07-14,1159,N,VIIRS,n,2,304.36,1.98,D,0
-12.23643,26.30797,343.65,0.43,0.38,2025-07-14,1159,N,VIIRS,n,2,305.21,3.55,D,0
-12.23536,25.72576,355.3,0.41,0.37,2025-07-14,1159,N,VIIRS,n,2,306.42,12.3,D,0
-12.23476,25.72956,346.44,0.41,0.37,2025-07-14,1159,N,VIIRS,n,2,303.86,12.3,D,0
-12.23395,25.72575,352.72,0.41,0.37,2025-07-14,1159,N,VIIRS,n,2,303.66,8.11,D,0
-12.23334,25.72956,346.85,0.41,0.37,2025-07-14,1159,N,VIIRS,n,2,302.51,8.11,D,0
-12.23292,26.30738,336.53,0.43,0.38,2025-07-14,1159,N,VIIRS,n,2,303.83,3.55,D,0
-12.23252,25.72136,332.6,0.41,0.37,2025-07-14,1159,N,VIIRS,n,2,300.86,2.74,D,0
-12.23132,25.72898,337.18,0.41,0.37,2025-07-14,1159,N,VIIRS,n,2,299.24,12.3,D,0
-12.23004,26.30286,336.49,0.43,0.38,2025-07-14,1159,N,VIIRS,n,2,306.92,4.69,D,0
-12.22941,26.3068,337.38,0.43,0.38,2025-07-14,1159,N,VIIRS,n,2,303.33,3.86,D,0
-12.22928,26.70635,336.16,0.45,0.39,2025-07-14,1159,N,VIIRS,n,2,302.01,3.72,D,0
-12.22705,26.69754,332.56,0.45,0.39,2025-07-14,1159,N,VIIRS,n,2,300.48,3.35,D,0
-12.22348,26.69694,347.75,0.45,0.39,2025-07-14,1159,N,VIIRS,n,2,303.5,5.54,D,0
-12.2228,26.70105,332.96,0.45,0.39,2025-07-14,1159,N,VIIRS,l,2,304.18,5.54,D,0
-12.22212,26.70517,330.5,0.45,0.39,2025-07-14,1159,N,VIIRS,l,2,303.03,2.85,D,0
-12.2199,26.69633,336.24,0.45,0.39,2025-07-14,1159,N,VIIRS,n,2,301.28,5.54,D,0
-12.21951,27.03756,335.35,0.47,0.39,2025-07-14,1159,N,VIIRS,n,2,306.12,4.61,D,0
-12.21922,26.70046,330.44,0.45,0.39,2025-07-14,1159,N,VIIRS,l,2,301.89,5.54,D,0
-12.21854,26.70459,333.02,0.45,0.39,2025-07-14,1159,N,VIIRS,n,2,300.51,2.85,D,0
-12.21565,26.69988,333.38,0.45,0.39,2025-07-14,1159,N,VIIRS,n,2,303.09,14.54,D,0
-12.21379,25.6173,333.47,0.41,0.37,2025-07-14,1159,N,VIIRS,l,2,304.01,3.15,D,0
-12.21071,26.70753,345.26,0.45,0.39,2025-07-14,1159,N,VIIRS,n,2,309.4,34.31,D,0
-12.21003,26.71165,334.31,0.45,0.39,2025-07-14,1159,N,VIIRS,n,2,301.81,10,D,0
-12.20958,27.49961,331.65,0.49,0.4,2025-07-14,1159,N,VIIRS,n,2,300.2,1.92,D,0
-12.20586,27.49895,339.46,0.49,0.4,2025-07-14,1159,N,VIIRS,n,2,303.05,10.03,D,0
-12.20078,26.17207,350.92,0.43,0.38,2025-07-14,1159,N,VIIRS,n,2,304.63,6.01,D,0
-12.19728,26.1715,344.08,0.43,0.38,2025-07-14,1159,N,VIIRS,n,2,301,6.01,D,0
-12.19649,25.48355,347.83,0.41,0.37,2025-07-14,1159,N,VIIRS,n,2,301.75,7.86,D,0
-13.01278,25.6031,304.91,0.55,0.51,2025-07-14,2306,N,VIIRS,n,2,283.18,1.62,N,0
-12.85612,27.22076,307.26,0.44,0.46,2025-07-14,2306,N,VIIRS,n,2,282.79,2.36,N,0
-12.85539,27.21677,313.91,0.44,0.46,2025-07-14,2306,N,VIIRS,n,2,281.46,2.36,N,0
-12.85261,27.22554,303.32,0.44,0.46,2025-07-14,2306,N,VIIRS,n,2,281.82,1.18,N,0
-12.85188,27.22154,318.83,0.44,0.46,2025-07-14,2306,N,VIIRS,n,2,284.12,2.36,N,0
-12.85114,27.21753,322.53,0.44,0.46,2025-07-14,2306,N,VIIRS,n,2,284.41,2.36,N,0
-12.54045,26.2759,301.61,0.51,0.49,2025-07-14,2306,N,VIIRS,n,2,283.68,1.16,N,0
-12.54008,26.27418,302.49,0.51,0.49,2025-07-14,2306,N,VIIRS,n,2,283.65,0.85,N,0
-12.31513,26.77804,295.26,0.48,0.48,2025-07-14,2306,N,VIIRS,n,2,284.44,0.72,N,0
-12.31443,26.77884,311.56,0.48,0.48,2025-07-14,2306,N,VIIRS,n,2,284.84,1.7,N,0
-12.31071,26.77883,310.12,0.48,0.48,2025-07-14,2306,N,VIIRS,n,2,285.14,0.72,N,0
-13.29136,25.92686,356.83,0.44,0.39,2025-07-15,1140,N,VIIRS,n,2,303.78,15.01,D,0
-13.28715,25.90526,331.09,0.45,0.39,2025-07-15,1140,N,VIIRS,n,2,299.91,4.89,D,0
-13.28358,25.90476,330.96,0.45,0.39,2025-07-15,1140,N,VIIRS,n,2,298.8,4.89,D,0
-13.28244,27.44715,335.73,0.4,0.37,2025-07-15,1140,N,VIIRS,n,2,304.13,2.43,D,0
-13.27906,27.44663,338.75,0.4,0.37,2025-07-15,1140,N,VIIRS,n,2,301.27,4.38,D,0
-13.27612,26.77731,327.88,0.41,0.37,2025-07-15,1140,N,VIIRS,l,2,301.93,3.53,D,0
-13.25176,25.81978,330.89,0.45,0.39,2025-07-15,1140,N,VIIRS,l,2,301.98,10.37,D,0
-13.25118,25.82393,331.31,0.45,0.39,2025-07-15,1140,N,VIIRS,n,2,299.08,10.27,D,0
-13.24701,25.82755,338.02,0.45,0.39,2025-07-15,1140,N,VIIRS,n,2,299.86,4.22,D,0
-13.24343,25.82704,334.77,0.45,0.39,2025-07-15,1140,N,VIIRS,n,2,297.84,4.22,D,0
-13.24314,26.08661,340.06,0.44,0.38,2025-07-15,1140,N,VIIRS,n,2,297.63,4.06,D,0
-13.2393,26.76398,328.5,0.41,0.37,2025-07-15,1140,N,VIIRS,l,2,300.1,4.39,D,0
-13.2382,26.77161,345.12,0.41,0.37,2025-07-15,1140,N,VIIRS,n,2,300.05,4.62,D,0
-13.23585,26.76347,328.56,0.41,0.37,2025-07-15,1140,N,VIIRS,l,2,299.75,3.82,D,0
-13.2322,25.72315,334.71,0.45,0.39,2025-07-15,1140,N,VIIRS,n,2,300.85,5.99,D,0
-13.23072,25.72383,337.12,0.45,0.39,2025-07-15,1140,N,VIIRS,n,2,300.31,6.68,D,0
-13.22802,25.72682,335.39,0.45,0.39,2025-07-15,1140,N,VIIRS,n,2,302.88,10.91,D,0
-13.22712,25.7233,327.47,0.45,0.39,2025-07-15,1140,N,VIIRS,n,2,301.14,7.22,D,0
-13.22652,25.7275,331.46,0.45,0.39,2025-07-15,1140,N,VIIRS,n,2,298.67,7.38,D,0
-13.22466,25.40055,332.04,0.47,0.4,2025-07-15,1140,N,VIIRS,n,2,299.46,3.05,D,0
-13.15387,26.10702,345.34,0.44,0.38,2025-07-15,1140,N,VIIRS,n,2,300.67,5.51,D,0
-13.03442,25.5379,329.79,0.46,0.39,2025-07-15,1140,N,VIIRS,n,2,300.42,2.87,D,0
-13.03079,25.53739,346.3,0.46,0.39,2025-07-15,1140,N,VIIRS,n,2,298.5,14.64,D,0
-13.02595,25.54539,334.71,0.46,0.39,2025-07-15,1140,N,VIIRS,n,2,302.2,10.16,D,0
-13.02293,25.51458,329.13,0.46,0.39,2025-07-15,1140,N,VIIRS,l,2,301.19,4.71,D,0
-13.02233,25.54486,347.86,0.46,0.39,2025-07-15,1140,N,VIIRS,n,2,300.99,9.51,D,0
-13.02111,25.55338,330.83,0.46,0.39,2025-07-15,1140,N,VIIRS,n,2,298.12,3.8,D,0
-13.00528,27.24662,330.89,0.4,0.37,2025-07-15,1140,N,VIIRS,l,2,303.52,3.21,D,0
-13.00309,27.2614,335.25,0.4,0.37,2025-07-15,1140,N,VIIRS,n,2,304.16,7.2,D,0
-13.00232,26.03552,345.27,0.44,0.38,2025-07-15,1140,N,VIIRS,n,2,299.03,8.67,D,0
-12.99685,27.25668,342.64,0.4,0.37,2025-07-15,1140,N,VIIRS,n,2,303.14,6.96,D,0
-12.98513,25.70283,341.5,0.45,0.39,2025-07-15,1140,N,VIIRS,n,2,300.29,7.03,D,0
-12.98454,25.70701,332.44,0.45,0.39,2025-07-15,1140,N,VIIRS,n,2,299.81,7.03,D,0
-12.98095,25.70647,345.95,0.45,0.39,2025-07-15,1140,N,VIIRS,n,2,300.94,7.03,D,0
-12.97854,25.69757,329.55,0.45,0.39,2025-07-15,1140,N,VIIRS,n,2,300.28,7.27,D,0
-12.97851,26.10198,330.63,0.43,0.38,2025-07-15,1140,N,VIIRS,n,2,299.25,2.99,D,0
-12.97795,25.70175,330.66,0.45,0.39,2025-07-15,1140,N,VIIRS,n,2,304.04,6.53,D,0
-12.97498,26.10144,336.14,0.43,0.38,2025-07-15,1140,N,VIIRS,n,2,302.14,2.99,D,0
-12.97199,25.71795,342.6,0.45,0.39,2025-07-15,1140,N,VIIRS,n,2,300.29,4.69,D,0
-12.97145,26.10091,328.32,0.43,0.38,2025-07-15,1140,N,VIIRS,l,2,301.03,20.56,D,0
-12.9699,26.7313,332.8,0.41,0.37,2025-07-15,1140,N,VIIRS,n,2,298.7,2.79,D,0
-12.96849,26.09636,329.65,0.43,0.38,2025-07-15,1140,N,VIIRS,n,2,302.01,3.25,D,0
-12.9684,25.71741,346.06,0.45,0.39,2025-07-15,1140,N,VIIRS,n,2,300.29,7.64,D,0
-12.96792,26.10038,353.01,0.43,0.38,2025-07-15,1140,N,VIIRS,n,2,305.8,20.56,D,0
-12.94368,26.88618,346.61,0.41,0.37,2025-07-15,1140,N,VIIRS,n,2,304.53,13.37,D,0
-12.94299,27.22203,341.02,0.4,0.37,2025-07-15,1140,N,VIIRS,n,2,301.33,2.89,D,0
-12.94026,26.88565,333.2,0.41,0.37,2025-07-15,1140,N,VIIRS,n,2,300.57,13.37,D,0
-12.94002,26.95867,328.7,0.41,0.37,2025-07-15,1140,N,VIIRS,l,2,302.06,4.15,D,0
-12.93606,26.84253,333.6,0.41,0.37,2025-07-15,1140,N,VIIRS,n,2,301.61,6.55,D,0
-12.93551,26.84631,327.91,0.41,0.37,2025-07-15,1140,N,VIIRS,n,2,299.65,6.55,D,0
-12.93263,26.84202,332.52,0.41,0.37,2025-07-15,1140,N,VIIRS,n,2,297.26,6.55,D,0
-12.93208,26.84579,333.19,0.41,0.37,2025-07-15,1140,N,VIIRS,n,2,300.01,6.55,D,0
-12.92897,27.3178,332.67,0.4,0.37,2025-07-15,1140,N,VIIRS,n,2,302.05,2.75,D,0
-12.92797,26.82587,330.91,0.41,0.37,2025-07-15,1140,N,VIIRS,n,2,298.72,4.41,D,0
-12.92606,27.4784,344.81,0.39,0.37,2025-07-15,1140,N,VIIRS,n,2,305.49,3.32,D,0
-12.92269,27.47788,333.56,0.39,0.37,2025-07-15,1140,N,VIIRS,n,2,301.08,1.74,D,0
-12.91859,26.49959,332.59,0.42,0.38,2025-07-15,1140,N,VIIRS,n,2,298.84,2.16,D,0
-12.86262,27.22456,334.78,0.4,0.37,2025-07-15,1140,N,VIIRS,n,2,302.74,2.38,D,0
-12.86208,27.22824,350.18,0.4,0.37,2025-07-15,1140,N,VIIRS,n,2,303.06,16.22,D,0
-12.85815,27.23141,344.88,0.4,0.37,2025-07-15,1140,N,VIIRS,n,2,303.87,15.21,D,0
-12.85476,27.23089,328.77,0.4,0.37,2025-07-15,1140,N,VIIRS,l,2,300.98,15.21,D,0
-12.77719,26.17918,334.93,0.43,0.38,2025-07-15,1140,N,VIIRS,n,2,299.99,3.53,D,0
-12.76336,25.48674,335.23,0.46,0.39,2025-07-15,1140,N,VIIRS,n,2,300.49,5.2,D,0
-12.74622,25.86697,345.1,0.44,0.39,2025-07-15,1140,N,VIIRS,n,2,305.38,21.43,D,0
-12.72742,27.47746,344.96,0.39,0.36,2025-07-15,1140,N,VIIRS,n,2,317.33,33.39,D,0
-12.72716,26.40473,330.89,0.42,0.38,2025-07-15,1140,N,VIIRS,n,2,297.49,6.05,D,0
-12.72406,27.47695,367,0.39,0.36,2025-07-15,1140,N,VIIRS,h,2,303.96,33.39,D,0
-12.72176,27.46918,338.05,0.39,0.36,2025-07-15,1140,N,VIIRS,n,2,298.76,6.33,D,0
-12.72135,25.52016,328.4,0.46,0.39,2025-07-15,1140,N,VIIRS,n,2,297.48,6.21,D,0
-12.72127,25.52386,341.84,0.46,0.39,2025-07-15,1140,N,VIIRS,n,2,301.89,8.69,D,0
-12.72075,25.52438,342.59,0.46,0.39,2025-07-15,1140,N,VIIRS,n,2,300.19,6.21,D,0
-12.72015,27.48007,332.15,0.39,0.36,2025-07-15,1140,N,VIIRS,n,2,302.39,4.22,D,0
-12.71765,25.52334,349.24,0.46,0.39,2025-07-15,1140,N,VIIRS,n,2,299.04,8.69,D,0
-12.71713,25.52386,343.96,0.46,0.39,2025-07-15,1140,N,VIIRS,n,2,296.76,5.3,D,0
-12.71556,27.46452,337.97,0.39,0.36,2025-07-15,1140,N,VIIRS,n,2,300.72,2.98,D,0
-12.71004,27.47853,344.11,0.39,0.36,2025-07-15,1140,N,VIIRS,n,2,304.78,5.55,D,0
-12.70951,27.48215,328.81,0.39,0.36,2025-07-15,1140,N,VIIRS,l,2,302.13,2.28,D,0
-12.70882,27.4635,347.86,0.39,0.36,2025-07-15,1140,N,VIIRS,n,2,303.92,10.26,D,0
-12.70829,27.46713,337.09,0.39,0.36,2025-07-15,1140,N,VIIRS,n,2,300.53,3.78,D,0
-12.70775,27.47076,349,0.39,0.36,2025-07-15,1140,N,VIIRS,n,2,302.34,3.78,D,0
-12.70668,27.47802,335.03,0.39,0.36,2025-07-15,1140,N,VIIRS,n,2,302.74,6.34,D,0
-12.70492,27.46662,329.45,0.39,0.36,2025-07-15,1140,N,VIIRS,n,2,298.75,3.78,D,0
-12.70438,27.47025,337.28,0.39,0.36,2025-07-15,1140,N,VIIRS,n,2,302.04,3.78,D,0
-12.70384,27.47388,343.25,0.39,0.36,2025-07-15,1140,N,VIIRS,n,2,303.87,6.34,D,0
-12.70155,27.4661,343.84,0.39,0.36,2025-07-15,1140,N,VIIRS,n,2,302.89,12.29,D,0
-12.70101,27.46973,335.93,0.39,0.36,2025-07-15,1140,N,VIIRS,n,2,303.19,12.29,D,0
-12.70048,27.47336,341.06,0.39,0.36,2025-07-15,1140,N,VIIRS,n,2,303.76,12.4,D,0
-12.69994,27.47698,331.7,0.39,0.36,2025-07-15,1140,N,VIIRS,n,2,298.17,12.4,D,0
-12.69765,27.46921,350.83,0.39,0.36,2025-07-15,1140,N,VIIRS,n,2,306.23,12.29,D,0
-12.69711,27.47284,351.72,0.39,0.36,2025-07-15,1140,N,VIIRS,n,2,309.36,12.4,D,0
-12.69657,27.47647,332.35,0.39,0.36,2025-07-15,1140,N,VIIRS,n,2,298.42,12.4,D,0
-12.69428,27.46869,350.43,0.39,0.36,2025-07-15,1140,N,VIIRS,n,2,299.2,10.38,D,0
-12.69374,27.47232,336.35,0.39,0.36,2025-07-15,1140,N,VIIRS,n,2,296.42,5.3,D,0
-12.68696,25.47639,333.82,0.46,0.39,2025-07-15,1140,N,VIIRS,n,2,299.35,3.06,D,0
-12.68636,25.48063,339.03,0.46,0.39,2025-07-15,1140,N,VIIRS,n,2,302.42,6.22,D,0
-12.68108,25.67273,345.32,0.45,0.39,2025-07-15,1140,N,VIIRS,n,2,301.35,8.71,D,0
-12.68048,25.6769,332.44,0.45,0.39,2025-07-15,1140,N,VIIRS,n,2,300.9,46.35,D,0
-12.67749,25.67222,329.71,0.45,0.39,2025-07-15,1140,N,VIIRS,n,2,299.02,8.71,D,0
-12.67449,25.66757,337.05,0.45,0.39,2025-07-15,1140,N,VIIRS,n,2,298.73,5.73,D,0
-12.67359,26.14806,327.12,0.43,0.38,2025-07-15,1140,N,VIIRS,l,2,299.26,1.55,D,0
-12.65891,25.64832,327.27,0.45,0.39,2025-07-15,1140,N,VIIRS,l,2,301.02,2.72,D,0
-12.62201,26.1081,332.76,0.43,0.38,2025-07-15,1140,N,VIIRS,n,2,300.54,4.93,D,0
-12.61849,26.10757,330.65,0.43,0.38,2025-07-15,1140,N,VIIRS,n,2,297.83,2.91,D,0
-12.61388,25.75995,334.5,0.45,0.39,2025-07-15,1140,N,VIIRS,n,2,301.05,5.33,D,0
-12.59868,27.47956,330,0.39,0.36,2025-07-15,1140,N,VIIRS,l,2,304.15,3.05,D,0
-12.59759,26.9647,331.49,0.4,0.37,2025-07-15,1140,N,VIIRS,n,2,298.4,2.58,D,0
-12.5952,25.84091,336.79,0.44,0.38,2025-07-15,1140,N,VIIRS,n,2,298.84,6.82,D,0
-12.59462,25.84499,345.23,0.44,0.38,2025-07-15,1140,N,VIIRS,n,2,301.17,6.82,D,0
-12.59164,25.84038,331.55,0.44,0.38,2025-07-15,1140,N,VIIRS,n,2,299.9,17.44,D,0
-12.59106,25.84447,339.04,0.44,0.38,2025-07-15,1140,N,VIIRS,n,2,301.36,17.44,D,0
-12.58966,27.47074,336.72,0.39,0.36,2025-07-15,1140,N,VIIRS,n,2,304.2,4.33,D,0
-12.58693,25.84803,345.51,0.44,0.38,2025-07-15,1140,N,VIIRS,n,2,300.11,5.8,D,0
-12.58629,27.47022,339.92,0.39,0.36,2025-07-15,1140,N,VIIRS,n,2,302.5,4.04,D,0
-12.5828,25.8516,334.31,0.44,0.38,2025-07-15,1140,N,VIIRS,n,2,299.51,5.93,D,0
-12.57982,25.84702,335.05,0.44,0.38,2025-07-15,1140,N,VIIRS,n,2,298.63,5.93,D,0
-12.57925,25.85109,350.37,0.44,0.38,2025-07-15,1140,N,VIIRS,n,2,301.53,5.93,D,0
-12.57569,25.85059,342.05,0.44,0.38,2025-07-15,1140,N,VIIRS,n,2,306.44,19.46,D,0
-12.57122,27.47905,334.01,0.39,0.36,2025-07-15,1140,N,VIIRS,l,2,305.18,40.89,D,0
-12.56839,27.47491,338.4,0.39,0.36,2025-07-15,1140,N,VIIRS,n,2,305.56,40.89,D,0
-12.55862,26.32415,336.37,0.42,0.38,2025-07-15,1140,N,VIIRS,n,2,302.03,7.52,D,0
-12.55043,25.5222,349.94,0.46,0.39,2025-07-15,1140,N,VIIRS,n,2,299.77,5.78,D,0
-12.54709,25.64973,333.1,0.45,0.39,2025-07-15,1140,N,VIIRS,n,2,300.12,11.56,D,0
-12.54681,25.52168,334.25,0.46,0.39,2025-07-15,1140,N,VIIRS,n,2,299.79,5.78,D,0
-12.53546,26.43548,336.76,0.42,0.38,2025-07-15,1140,N,VIIRS,l,2,309.03,28.11,D,0
-12.52063,27.3222,348.55,0.4,0.37,2025-07-15,1140,N,VIIRS,n,2,305.99,8.94,D,0
-12.52009,27.32585,334.26,0.4,0.37,2025-07-15,1140,N,VIIRS,n,2,301.32,4.34,D,0
-12.51955,27.32951,335.09,0.4,0.37,2025-07-15,1140,N,VIIRS,n,2,303.91,4.34,D,0
-12.51863,26.52747,334.6,0.42,0.37,2025-07-15,1140,N,VIIRS,n,2,302.01,5.55,D,0
-12.51517,26.52694,336.15,0.42,0.37,2025-07-15,1140,N,VIIRS,n,2,299.43,6.81,D,0
-12.48964,26.58168,340.69,0.41,0.37,2025-07-15,1140,N,VIIRS,n,2,304.33,4.3,D,0
-12.48886,25.38069,331.65,0.46,0.39,2025-07-15,1140,N,VIIRS,n,2,300.24,11.86,D,0
-12.48826,25.38496,339.39,0.46,0.39,2025-07-15,1140,N,VIIRS,n,2,308.69,35.07,D,0
-12.48462,25.38445,335.22,0.46,0.39,2025-07-15,1140,N,VIIRS,n,2,295.59,3.76,D,0
-12.48188,27.49102,336.84,0.39,0.36,2025-07-15,1140,N,VIIRS,n,2,302.1,3.48,D,0
-12.48021,27.40912,331.94,0.39,0.37,2025-07-15,1140,N,VIIRS,n,2,299.57,4.59,D,0
-12.47852,27.4905,335.28,0.39,0.36,2025-07-15,1140,N,VIIRS,n,2,300.17,3.48,D,0
-12.47738,27.40497,336.45,0.39,0.37,2025-07-15,1140,N,VIIRS,n,2,299.74,4.35,D,0
-12.47401,27.40446,346.51,0.39,0.37,2025-07-15,1140,N,VIIRS,n,2,301.83,5.9,D,0
-12.47285,26.24383,351.56,0.43,0.38,2025-07-15,1140,N,VIIRS,n,2,303.95,9.76,D,0
-12.47266,26.98708,337.01,0.4,0.37,2025-07-15,1140,N,VIIRS,n,2,306.59,16.45,D,0
-12.46935,26.24331,339.32,0.43,0.38,2025-07-15,1140,N,VIIRS,n,2,303.05,10.79,D,0
-12.46774,27.47034,331.82,0.39,0.36,2025-07-15,1140,N,VIIRS,l,2,304.31,2.67,D,0
-12.4672,27.47396,345.52,0.39,0.36,2025-07-15,1140,N,VIIRS,n,2,301.8,6.11,D,0
-12.46586,26.24281,344.87,0.43,0.38,2025-07-15,1140,N,VIIRS,n,2,299.62,10.79,D,0
-12.46291,25.43335,331.03,0.46,0.39,2025-07-15,1140,N,VIIRS,n,2,298.74,5.55,D,0
-12.44822,26.31574,332.19,0.42,0.38,2025-07-15,1140,N,VIIRS,n,2,296.8,2.46,D,0
-12.44474,26.31524,345.56,0.42,0.38,2025-07-15,1140,N,VIIRS,n,2,298.11,7.71,D,0
-12.4423,27.40272,340.86,0.39,0.36,2025-07-15,1140,N,VIIRS,n,2,304.13,6.34,D,0
-12.42168,26.0026,341.98,0.43,0.38,2025-07-15,1140,N,VIIRS,n,2,302.07,4.43,D,0
-12.41851,27.02446,330.28,0.4,0.37,2025-07-15,1140,N,VIIRS,n,2,297.95,2.66,D,0
-12.41511,27.02395,338.6,0.4,0.37,2025-07-15,1140,N,VIIRS,n,2,303.14,5.99,D,0
-12.41096,26.20253,351.64,0.43,0.38,2025-07-15,1140,N,VIIRS,n,2,303.25,7.87,D,0
-12.41043,26.20317,350.86,0.43,0.38,2025-07-15,1140,N,VIIRS,n,2,304.58,17.45,D,0
-12.41006,27.27117,352.05,0.4,0.37,2025-07-15,1140,N,VIIRS,n,2,301.87,7.03,D,0
-12.40952,27.27482,340.12,0.4,0.37,2025-07-15,1140,N,VIIRS,n,2,302.83,7.03,D,0
-12.40885,27.01921,342.96,0.4,0.37,2025-07-15,1140,N,VIIRS,n,2,308.28,20.6,D,0
-12.40831,27.02291,347.94,0.4,0.37,2025-07-15,1140,N,VIIRS,n,2,304.4,11.6,D,0
-12.40746,26.20203,339.62,0.43,0.38,2025-07-15,1140,N,VIIRS,n,2,298.64,7.87,D,0
-12.40561,27.27795,346.99,0.4,0.37,2025-07-15,1140,N,VIIRS,n,2,303.18,9.84,D,0
-12.40476,26.32137,344.89,0.42,0.38,2025-07-15,1140,N,VIIRS,n,2,299.44,6.35,D,0
-12.40277,27.27378,347.36,0.4,0.37,2025-07-15,1140,N,VIIRS,n,2,304.84,20.28,D,0
-12.39865,25.43791,330.7,0.46,0.39,2025-07-15,1140,N,VIIRS,n,2,298.42,3.89,D,0
-12.39832,25.86356,349.88,0.44,0.38,2025-07-15,1140,N,VIIRS,n,2,312.31,37.56,D,0
-12.3909,26.28814,330.7,0.42,0.38,2025-07-15,1140,N,VIIRS,n,2,296.47,1.2,D,0
-12.39065,25.86659,337.43,0.44,0.38,2025-07-15,1140,N,VIIRS,n,2,302.03,7.82,D,0
-12.38768,25.86201,350.91,0.44,0.38,2025-07-15,1140,N,VIIRS,n,2,303.94,8.45,D,0
-12.3713,26.325,351.75,0.42,0.38,2025-07-15,1140,N,VIIRS,n,2,301.88,5.87,D,0
-12.36838,26.32064,349.25,0.42,0.38,2025-07-15,1140,N,VIIRS,n,2,300.17,5.87,D,0
-12.36788,27.15223,331.63,0.4,0.37,2025-07-15,1140,N,VIIRS,l,2,302.34,2.92,D,0
-12.36782,26.32451,334.87,0.42,0.38,2025-07-15,1140,N,VIIRS,n,2,297.89,5.87,D,0
-12.36683,25.83015,346.51,0.44,0.38,2025-07-15,1140,N,VIIRS,n,2,303.29,3.71,D,0
-12.36504,27.14806,336.65,0.4,0.37,2025-07-15,1140,N,VIIRS,n,2,301.51,2.75,D,0
-12.36396,27.15537,338.43,0.4,0.37,2025-07-15,1140,N,VIIRS,n,2,303.8,4.33,D,0
-12.36299,27.18523,345.17,0.4,0.37,2025-07-15,1140,N,VIIRS,n,2,302.78,6.53,D,0
-12.36244,27.1889,348.96,0.4,0.37,2025-07-15,1140,N,VIIRS,n,2,305.74,8.55,D,0
-12.3561,26.15899,330.76,0.43,0.38,2025-07-15,1140,N,VIIRS,n,2,298.99,4.33,D,0
-12.34849,27.213,332.91,0.4,0.37,2025-07-15,1140,N,VIIRS,l,2,304.19,6.04,D,0
-12.3482,27.26153,343.78,0.4,0.37,2025-07-15,1140,N,VIIRS,n,2,305.18,18.61,D,0
-12.34645,27.25007,342.79,0.4,0.37,2025-07-15,1140,N,VIIRS,n,2,303.2,3.8,D,0
-12.34483,27.26102,348.01,0.4,0.37,2025-07-15,1140,N,VIIRS,n,2,308.27,18.61,D,0
-12.34253,27.2532,340.69,0.4,0.37,2025-07-15,1140,N,VIIRS,n,2,299.86,5.68,D,0
-12.34228,27.20829,340.38,0.4,0.37,2025-07-15,1140,N,VIIRS,l,2,310.48,9.91,D,0
-12.34199,27.25685,330.75,0.4,0.37,2025-07-15,1140,N,VIIRS,l,2,301.58,5.68,D,0
-12.34174,27.21195,330.98,0.4,0.37,2025-07-15,1140,N,VIIRS,l,2,302.11,9.91,D,0
-12.34037,27.26778,331.57,0.4,0.37,2025-07-15,1140,N,VIIRS,n,2,300.91,1.82,D,0
-12.34024,27.24538,335.64,0.4,0.37,2025-07-15,1140,N,VIIRS,n,2,300.02,8.19,D,0
-12.3397,27.24903,353.58,0.4,0.37,2025-07-15,1140,N,VIIRS,n,2,301.65,8.19,D,0
-12.33944,27.20411,336.53,0.4,0.37,2025-07-15,1140,N,VIIRS,n,2,301.22,21.25,D,0
-12.33916,27.25268,355.72,0.4,0.37,2025-07-15,1140,N,VIIRS,n,2,302.82,5.68,D,0
-12.3389,27.20777,333.18,0.4,0.37,2025-07-15,1140,N,VIIRS,n,2,297.27,9.91,D,0
-12.337,27.26726,330.41,0.4,0.37,2025-07-15,1140,N,VIIRS,n,2,298.46,1.82,D,0
-12.33578,27.25215,367,0.4,0.37,2025-07-15,1140,N,VIIRS,h,2,302.78,7.32,D,0
-12.33416,27.26309,350.74,0.4,0.37,2025-07-15,1140,N,VIIRS,n,2,301.63,7.56,D,0
-12.33295,27.24797,345.78,0.4,0.37,2025-07-15,1140,N,VIIRS,n,2,299.96,11.65,D,0
-12.33241,27.25162,328.83,0.4,0.37,2025-07-15,1140,N,VIIRS,n,2,297.56,7.32,D,0
-12.32903,27.25109,333.43,0.4,0.37,2025-07-15,1140,N,VIIRS,n,2,298.25,4.13,D,0
-12.32811,25.97715,327.33,0.43,0.38,2025-07-15,1140,N,VIIRS,n,2,301.41,2.52,D,0
-12.32629,25.63627,327.51,0.45,0.39,2025-07-15,1140,N,VIIRS,n,2,298.79,2.38,D,0
-12.3231,27.03254,346.63,0.4,0.37,2025-07-15,1140,N,VIIRS,n,2,307.18,6.67,D,0
-12.32256,27.03623,336.5,0.4,0.37,2025-07-15,1140,N,VIIRS,n,2,305.33,6.67,D,0
-12.32202,27.03993,343.61,0.4,0.37,2025-07-15,1140,N,VIIRS,l,2,314.6,48.61,D,0
-12.31971,27.03203,350.67,0.4,0.37,2025-07-15,1140,N,VIIRS,n,2,306.77,18.4,D,0
-12.31917,27.03572,353.51,0.4,0.37,2025-07-15,1140,N,VIIRS,n,2,306.27,18.4,D,0
-12.31863,27.03941,341.58,0.4,0.37,2025-07-15,1140,N,VIIRS,n,2,299.21,7.8,D,0
-12.31745,26.32896,339.33,0.42,0.38,2025-07-15,1140,N,VIIRS,n,2,297.96,4.67,D,0
-12.31631,27.03151,332.45,0.4,0.37,2025-07-15,1140,N,VIIRS,n,2,299.11,18.4,D,0
-12.31577,27.0352,346.74,0.4,0.37,2025-07-15,1140,N,VIIRS,n,2,305.61,18.4,D,0
-12.31552,26.29293,334.41,0.42,0.38,2025-07-15,1140,N,VIIRS,n,2,304.12,16.09,D,0
-12.31454,26.32457,332.72,0.42,0.38,2025-07-15,1140,N,VIIRS,n,2,298.2,2.65,D,0
-12.31398,26.32847,352.29,0.42,0.38,2025-07-15,1140,N,VIIRS,n,2,302.82,4.91,D,0
-12.31342,26.33237,328.36,0.42,0.38,2025-07-15,1140,N,VIIRS,l,2,301.31,4.91,D,0
-12.31291,27.03099,331.9,0.4,0.37,2025-07-15,1140,N,VIIRS,n,2,298.59,3.07,D,0
-12.31286,26.33627,335.78,0.42,0.38,2025-07-15,1140,N,VIIRS,n,2,299.65,5.87,D,0
-12.31259,26.28851,344.12,0.42,0.38,2025-07-15,1140,N,VIIRS,n,2,302.11,7.73,D,0
-12.3105,26.32798,349.29,0.42,0.38,2025-07-15,1140,N,VIIRS,n,2,302.01,4.91,D,0
-12.30994,26.33187,341.95,0.42,0.38,2025-07-15,1140,N,VIIRS,n,2,301.46,4.91,D,0
-12.30867,25.73467,345.59,0.44,0.39,2025-07-15,1140,N,VIIRS,n,2,300.46,4,D,0
-12.30696,25.97404,336.65,0.43,0.38,2025-07-15,1140,N,VIIRS,n,2,300.41,6.48,D,0
-12.30646,26.33136,348.42,0.42,0.38,2025-07-15,1140,N,VIIRS,n,2,302.9,50.9,D,0
-12.30569,25.73005,331.22,0.44,0.39,2025-07-15,1140,N,VIIRS,n,2,297.89,2.71,D,0
-12.30511,25.73416,356.96,0.44,0.39,2025-07-15,1140,N,VIIRS,n,2,302.88,13.42,D,0
-12.30354,26.32698,339.65,0.42,0.38,2025-07-15,1140,N,VIIRS,n,2,300.33,50.9,D,0
-12.30215,26.28695,346.62,0.42,0.38,2025-07-15,1140,N,VIIRS,n,2,305.37,16.51,D,0
-12.29926,25.9525,329.29,0.43,0.38,2025-07-15,1140,N,VIIRS,l,2,302.36,3.97,D,0
-12.29748,26.13854,329.9,0.43,0.38,2025-07-15,1140,N,VIIRS,n,2,298.08,2.34,D,0
-12.2969,26.66604,327.5,0.41,0.37,2025-07-15,1140,N,VIIRS,n,2,302.26,1.65,D,0
-12.29635,26.66981,333.99,0.41,0.37,2025-07-15,1140,N,VIIRS,n,2,303.32,2.33,D,0
-12.28797,26.60667,333.12,0.41,0.37,2025-07-15,1140,N,VIIRS,n,2,304.59,2.46,D,0
-12.27914,25.63376,332.33,0.45,0.39,2025-07-15,1140,N,VIIRS,n,2,300.67,4.19,D,0
-12.27757,25.63405,345.33,0.45,0.39,2025-07-15,1140,N,VIIRS,n,2,300.2,5.47,D,0
-12.26578,26.23398,339.17,0.42,0.38,2025-07-15,1140,N,VIIRS,n,2,299.85,2.68,D,0
-12.26031,25.65243,329.52,0.45,0.39,2025-07-15,1140,N,VIIRS,n,2,300.38,1.68,D,0
-12.25787,25.61861,344.22,0.45,0.39,2025-07-15,1140,N,VIIRS,n,2,301.08,9.91,D,0
-12.25624,26.32412,335.21,0.42,0.38,2025-07-15,1140,N,VIIRS,n,2,302.43,9.88,D,0
-12.25536,26.10819,333.67,0.43,0.38,2025-07-15,1140,N,VIIRS,n,2,296.84,2.97,D,0
-12.2548,26.11214,346.57,0.43,0.38,2025-07-15,1140,N,VIIRS,n,2,302.23,17.97,D,0
-12.25307,26.53146,335.38,0.41,0.37,2025-07-15,1140,N,VIIRS,n,2,302.2,2.38,D,0
-12.25277,26.3236,345.81,0.42,0.38,2025-07-15,1140,N,VIIRS,n,2,306.19,9.88,D,0
-12.25156,26.45329,337.03,0.42,0.37,2025-07-15,1140,N,VIIRS,n,2,302.08,4.09,D,0
-12.24768,26.08684,326.72,0.43,0.38,2025-07-15,1140,N,VIIRS,l,2,301.12,2.43,D,0
-12.2453,26.07842,335.99,0.43,0.38,2025-07-15,1140,N,VIIRS,n,2,301.57,5.46,D,0
-12.24179,26.07793,344.45,0.43,0.38,2025-07-15,1140,N,VIIRS,n,2,298.54,8.33,D,0
-12.2407,25.68734,332.53,0.44,0.39,2025-07-15,1140,N,VIIRS,n,2,300.44,2.37,D,0
-12.24016,26.9824,330.89,0.4,0.37,2025-07-15,1140,N,VIIRS,n,2,297.04,1.22,D,0
-12.24015,25.7165,336.57,0.44,0.39,2025-07-15,1140,N,VIIRS,n,2,299.6,6.26,D,0
-12.23447,25.52588,339.11,0.45,0.39,2025-07-15,1140,N,VIIRS,n,2,299.53,4.04,D,0
-12.23259,26.2171,335.88,0.42,0.38,2025-07-15,1140,N,VIIRS,n,2,299.53,2.25,D,0
-12.23025,26.33208,337.72,0.42,0.38,2025-07-15,1140,N,VIIRS,n,2,305.07,6.51,D,0
-12.22664,27.45453,343.52,0.39,0.36,2025-07-15,1140,N,VIIRS,n,2,302.51,4.37,D,0
-12.22094,26.32284,333.87,0.42,0.38,2025-07-15,1140,N,VIIRS,l,2,306.09,3.57,D,0
-12.21402,26.66141,346.89,0.41,0.37,2025-07-15,1140,N,VIIRS,n,2,301.77,4.65,D,0
-12.21254,26.47872,333.57,0.42,0.37,2025-07-15,1140,N,VIIRS,l,2,303.68,2.94,D,0
-12.21025,26.37245,334.97,0.42,0.38,2025-07-15,1140,N,VIIRS,n,2,306.93,3.26,D,0
-12.20451,26.7023,340.04,0.41,0.37,2025-07-15,1140,N,VIIRS,n,2,298.74,5.36,D,0
-12.85084,27.23956,305.35,0.45,0.63,2025-07-15,2247,N,VIIRS,n,2,280.65,1.69,N,0
-12.85004,27.23688,303.42,0.45,0.63,2025-07-15,2247,N,VIIRS,n,2,280.86,2.36,N,0
-12.84511,27.24225,299.46,0.45,0.63,2025-07-15,2247,N,VIIRS,n,2,280.62,2.42,N,0
-12.84509,27.2409,329.48,0.45,0.63,2025-07-15,2247,N,VIIRS,n,2,281.75,1.69,N,0
-12.84428,27.23817,322.36,0.45,0.63,2025-07-15,2247,N,VIIRS,n,2,282.34,2.36,N,0
-12.65319,26.05815,295.55,0.54,0.68,2025-07-15,2247,N,VIIRS,n,2,283.68,1.38,N,0
-12.65213,26.05299,302.48,0.54,0.68,2025-07-15,2247,N,VIIRS,n,2,283.1,1.26,N,0
-12.64595,26.05449,296.71,0.54,0.68,2025-07-15,2247,N,VIIRS,n,2,283.58,1.01,N,0