latitude,longitude,bright_ti4,scan,track,acq_date,acq_time,satellite,instrument,confidence,version,bright_ti5,frp,daynight
-14.68608,24.83959,344.04,0.39,0.36,2026-10-01,1204,N20,VIIRS,n,2.0NRT,311.18,4.11,D
-14.64527,24.90623,341.62,0.39,0.36,2026-10-01,1204,N20,VIIRS,n,2.0NRT,308.43,9.55,D
-14.52854,24.3884,332.99,0.38,0.36,2026-10-01,1204,N20,VIIRS,n,2.0NRT,301.7,3.08,D
-14.36969,25.63759,351.93,0.4,0.37,2026-10-01,1204,N20,VIIRS,n,2.0NRT,309.26,51.45,D
-14.29321,24.68151,344.54,0.39,0.36,2026-10-01,1204,N20,VIIRS,n,2.0NRT,305.58,5.78,D
-14.26126,24.71275,331.74,0.39,0.36,2026-10-01,1204,N20,VIIRS,l,2.0NRT,303.94,2.38,D
-14.24683,24.80573,335.69,0.39,0.36,2026-10-01,1204,N20,VIIRS,l,2.0NRT,309.9,4.56,D
-14.24627,24.80931,336.26,0.39,0.36,2026-10-01,1204,N20,VIIRS,l,2.0NRT,306.33,4.56,D
-14.22586,24.41495,333.77,0.39,0.36,2026-10-01,1204,N20,VIIRS,l,2.0NRT,305.22,4.79,D
-14.22255,24.41442,342.41,0.39,0.36,2026-10-01,1204,N20,VIIRS,n,2.0NRT,304.67,4.79,D
-14.14891,25.38772,344.88,0.4,0.37,2026-10-01,1204,N20,VIIRS,n,2.0NRT,308.1,15.95,D
-14.14555,25.38717,345.86,0.4,0.37,2026-10-01,1204,N20,VIIRS,n,2.0NRT,314.69,15.95,D
-14.14219,25.38661,344.3,0.4,0.37,2026-10-01,1204,N20,VIIRS,n,2.0NRT,306.33,5.98,D
-14.1268,25.52778,338.75,0.4,0.37,2026-10-01,1204,N20,VIIRS,l,2.0NRT,309.13,27.76,D
-14.12343,25.52722,341.29,0.4,0.37,2026-10-01,1204,N20,VIIRS,n,2.0NRT,306.68,27.76,D
-14.09234,25.54861,343.1,0.4,0.37,2026-10-01,1204,N20,VIIRS,n,2.0NRT,303.64,3.12,D
-14.03281,24.80675,343.54,0.39,0.36,2026-10-01,1204,N20,VIIRS,n,2.0NRT,310.81,16.58,D
-14.02949,24.8062,348.02,0.39,0.36,2026-10-01,1204,N20,VIIRS,n,2.0NRT,308.41,6.66,D
-13.99127,26.0258,337.43,0.42,0.37,2026-10-01,1204,N20,VIIRS,n,2.0NRT,306.44,14.06,D
-13.99065,26.02964,336.28,0.42,0.37,2026-10-01,1204,N20,VIIRS,l,2.0NRT,308.1,14.06,D
-13.99034,24.59834,333.27,0.39,0.36,2026-10-01,1204,N20,VIIRS,l,2.0NRT,307.66,3.03,D
-13.98847,26.02139,333.3,0.41,0.37,2026-10-01,1204,N20,VIIRS,l,2.0NRT,307.76,11.63,D
-13.98785,26.02522,346.04,0.42,0.37,2026-10-01,1204,N20,VIIRS,n,2.0NRT,316.44,14.06,D
-13.92971,24.24511,337.23,0.38,0.36,2026-10-01,1204,N20,VIIRS,l,2.0NRT,308.66,4.42,D
-13.92694,24.24104,337.49,0.38,0.36,2026-10-01,1204,N20,VIIRS,l,2.0NRT,308.59,4.67,D
-13.9264,24.24458,338.2,0.38,0.36,2026-10-01,1204,N20,VIIRS,l,2.0NRT,308.27,4.67,D
-13.88196,24.94671,339.86,0.39,0.36,2026-10-01,1204,N20,VIIRS,n,2.0NRT,307.82,3.96,D
-13.80863,24.93472,343.01,0.39,0.36,2026-10-01,1204,N20,VIIRS,n,2.0NRT,308.97,3.65,D
-13.76833,25.92939,340.01,0.41,0.37,2026-10-01,1204,N20,VIIRS,n,2.0NRT,309.79,2.55,D
-13.76772,25.56171,339.23,0.4,0.37,2026-10-01,1204,N20,VIIRS,n,2.0NRT,309.14,2.03,D
-13.72449,25.72323,344.42,0.41,0.37,2026-10-01,1204,N20,VIIRS,n,2.0NRT,307.43,4.08,D
-13.72048,25.72644,341.99,0.41,0.37,2026-10-01,1204,N20,VIIRS,n,2.0NRT,309.64,4.27,D
-13.71451,25.87249,340.17,0.41,0.37,2026-10-01,1204,N20,VIIRS,n,2.0NRT,309.98,6.57,D
-13.71017,27.78469,336.76,0.5,0.41,2026-10-01,1204,N20,VIIRS,n,2.0NRT,303.59,11.02,D
-13.70739,25.6129,335.09,0.41,0.37,2026-10-01,1204,N20,VIIRS,n,2.0NRT,304.1,5.34,D
-13.70372,24.34585,349.07,0.39,0.36,2026-10-01,1204,N20,VIIRS,n,2.0NRT,311.08,6.74,D
-13.70266,27.25099,333.39,0.47,0.4,2026-10-01,1204,N20,VIIRS,n,2.0NRT,285.72,4.35,D
-13.70046,25.74237,339.55,0.41,0.37,2026-10-01,1204,N20,VIIRS,l,2.0NRT,309.94,3.37,D
-13.70041,24.34531,347.79,0.39,0.36,2026-10-01,1204,N20,VIIRS,n,2.0NRT,310.74,16.44,D
-13.69926,25.85832,338.44,0.41,0.37,2026-10-01,1204,N20,VIIRS,l,2.0NRT,313.01,4.2,D
-13.68423,25.38082,338.24,0.4,0.37,2026-10-01,1204,N20,VIIRS,l,2.0NRT,309.4,4.86,D
-13.6686,28.07414,337.16,0.52,0.41,2026-10-01,1204,N20,VIIRS,n,2.0NRT,304.2,5.71,D
-13.66828,24.31078,339.01,0.39,0.36,2026-10-01,1204,N20,VIIRS,l,2.0NRT,309.61,4.49,D
-13.65741,25.44074,336.2,0.4,0.37,2026-10-01,1204,N20,VIIRS,l,2.0NRT,309.42,6.62,D
-13.6524,24.9158,335.08,0.39,0.36,2026-10-01,1204,N20,VIIRS,l,2.0NRT,307.1,6.68,D
-13.65183,24.91941,345.83,0.39,0.36,2026-10-01,1204,N20,VIIRS,l,2.0NRT,317.3,29.62,D
-13.64681,24.34002,339.41,0.39,0.36,2026-10-01,1204,N20,VIIRS,l,2.0NRT,311.94,4.14,D
-13.6435,24.33948,340.75,0.39,0.36,2026-10-01,1204,N20,VIIRS,n,2.0NRT,309.46,4.14,D
-13.61524,24.23692,348.51,0.38,0.36,2026-10-01,1204,N20,VIIRS,n,2.0NRT,317.73,20.26,D
-13.59659,24.31374,339.66,0.39,0.36,2026-10-01,1204,N20,VIIRS,n,2.0NRT,311.29,5.64,D
-13.59471,25.81012,334.25,0.41,0.37,2026-10-01,1204,N20,VIIRS,n,2.0NRT,304.41,2.65,D
-13.58502,25.19106,335.01,0.4,0.37,2026-10-01,1204,N20,VIIRS,l,2.0NRT,307.81,2.76,D
-13.58341,24.39884,344.19,0.39,0.36,2026-10-01,1204,N20,VIIRS,n,2.0NRT,308.45,35.33,D
-13.58065,24.39476,351.26,0.39,0.36,2026-10-01,1204,N20,VIIRS,n,2.0NRT,310.17,35.33,D
-13.5801,24.39831,342,0.39,0.36,2026-10-01,1204,N20,VIIRS,l,2.0NRT,313.09,35.33,D
-13.55796,25.31804,342.8,0.4,0.37,2026-10-01,1204,N20,VIIRS,n,2.0NRT,311.96,4.49,D
-13.55368,24.30627,341.43,0.39,0.36,2026-10-01,1204,N20,VIIRS,l,2.0NRT,315.84,6.31,D
-13.5343,24.25596,343.04,0.39,0.36,2026-10-01,1204,N20,VIIRS,n,2.0NRT,311.81,5.95,D
-13.52996,24.3061,354.73,0.39,0.36,2026-10-01,1204,N20,VIIRS,n,2.0NRT,316.28,8.57,D
-13.52665,24.30557,346.17,0.39,0.36,2026-10-01,1204,N20,VIIRS,n,2.0NRT,313.97,8.57,D
-13.5074,24.36423,340.4,0.39,0.36,2026-10-01,1204,N20,VIIRS,l,2.0NRT,315.07,8.87,D
-13.5064,24.58997,311.08,0.39,0.36,2026-10-01,1204,N20,VIIRS,l,2.0NRT,314.45,63.33,D
-13.50584,24.59354,345.44,0.39,0.36,2026-10-01,1204,N20,VIIRS,n,2.0NRT,306.1,36.76,D
-13.49466,24.90101,334.01,0.39,0.36,2026-10-01,1204,N20,VIIRS,l,2.0NRT,306.19,1.98,D
-13.49419,25.16475,334.73,0.4,0.37,2026-10-01,1204,N20,VIIRS,n,2.0NRT,302.35,2.24,D
-13.49107,25.5842,339.37,0.41,0.37,2026-10-01,1204,N20,VIIRS,n,2.0NRT,311.9,4.76,D
-13.48247,26.34682,345.94,0.43,0.38,2026-10-01,1204,N20,VIIRS,n,2.0NRT,299.27,8.27,D
-13.48182,26.35079,340.88,0.43,0.38,2026-10-01,1204,N20,VIIRS,n,2.0NRT,298.19,8.27,D
-13.4708,26.07946,331.42,0.42,0.38,2026-10-01,1204,N20,VIIRS,l,2.0NRT,303.47,3.08,D
-13.45659,24.0325,340.9,0.38,0.36,2026-10-01,1204,N20,VIIRS,n,2.0NRT,307.33,4.5,D
-13.45531,25.21453,335.89,0.4,0.37,2026-10-01,1204,N20,VIIRS,n,2.0NRT,304.4,2.14,D
-13.44259,23.94705,346.65,0.38,0.36,2026-10-01,1204,N20,VIIRS,n,2.0NRT,310.04,4.96,D
-13.44151,23.95411,339.72,0.38,0.36,2026-10-01,1204,N20,VIIRS,n,2.0NRT,308.14,2.94,D
-13.44097,23.95764,344.66,0.38,0.36,2026-10-01,1204,N20,VIIRS,n,2.0NRT,307.97,4.08,D
-13.43858,24.10563,333.48,0.38,0.36,2026-10-01,1204,N20,VIIRS,l,2.0NRT,307.53,4,D
-13.43804,24.10916,333.92,0.38,0.36,2026-10-01,1204,N20,VIIRS,n,2.0NRT,305.56,3.87,D
-13.43528,24.1051,332.96,0.38,0.36,2026-10-01,1204,N20,VIIRS,l,2.0NRT,307.57,4,D
-13.43473,24.10863,339.8,0.38,0.36,2026-10-01,1204,N20,VIIRS,l,2.0NRT,309.99,3.87,D
-13.43251,24.10103,351.34,0.38,0.36,2026-10-01,1204,N20,VIIRS,n,2.0NRT,311.6,15.78,D
-13.43143,24.1081,345.85,0.38,0.36,2026-10-01,1204,N20,VIIRS,n,2.0NRT,312.96,6.64,D
-13.42219,25.08531,331.5,0.4,0.37,2026-10-01,1204,N20,VIIRS,l,2.0NRT,304.53,2.39,D
-13.41531,24.97636,331,0.39,0.36,2026-10-01,1204,N20,VIIRS,l,2.0NRT,304.74,1.21,D
-13.41063,25.3121,330.55,0.4,0.37,2026-10-01,1204,N20,VIIRS,l,2.0NRT,305.01,1.14,D
-13.40613,24.88229,332.65,0.39,0.36,2026-10-01,1204,N20,VIIRS,l,2.0NRT,307.26,3.11,D
-13.4044,25.06744,344.59,0.4,0.37,2026-10-01,1204,N20,VIIRS,n,2.0NRT,309.1,6.01,D
-13.404,24.85238,332.01,0.39,0.36,2026-10-01,1204,N20,VIIRS,l,2.0NRT,306.32,2.47,D
-13.3562,24.33168,344.76,0.39,0.36,2026-10-01,1204,N20,VIIRS,n,2.0NRT,310.13,4.61,D
-13.34724,25.10285,343.13,0.4,0.37,2026-10-01,1204,N20,VIIRS,n,2.0NRT,307.55,1.85,D
-13.34576,25.74487,339.38,0.41,0.37,2026-10-01,1204,N20,VIIRS,n,2.0NRT,300.09,4.31,D
-13.34572,25.74466,339.69,0.41,0.37,2026-10-01,1204,N20,VIIRS,n,2.0NRT,300.17,3.69,D
-13.34208,25.03415,338.09,0.39,0.37,2026-10-01,1204,N20,VIIRS,n,2.0NRT,306.56,2.72,D
-13.32621,24.65509,332.62,0.39,0.36,2026-10-01,1204,N20,VIIRS,l,2.0NRT,307.08,4.72,D
-13.32565,24.65866,355.35,0.39,0.36,2026-10-01,1204,N20,VIIRS,n,2.0NRT,310.66,33.87,D
-13.32177,24.66169,343.69,0.39,0.36,2026-10-01,1204,N20,VIIRS,n,2.0NRT,305.17,33.87,D
-13.32121,24.66526,332.48,0.39,0.36,2026-10-01,1204,N20,VIIRS,l,2.0NRT,306.58,0.85,D
-13.31997,23.84013,336.18,0.38,0.36,2026-10-01,1204,N20,VIIRS,n,2.0NRT,307.38,50.09,D
-13.319,24.65757,339.76,0.39,0.36,2026-10-01,1204,N20,VIIRS,n,2.0NRT,304.37,2.01,D
-13.31844,24.66114,335.38,0.39,0.36,2026-10-01,1204,N20,VIIRS,n,2.0NRT,293.73,2.01,D
-13.30895,24.37438,342.96,0.39,0.36,2026-10-01,1204,N20,VIIRS,n,2.0NRT,309.41,4.2,D
-13.30458,24.66255,341.1,0.39,0.36,2026-10-01,1204,N20,VIIRS,l,2.0NRT,313.28,6.58,D
-13.30343,25.63729,336.62,0.41,0.37,2026-10-01,1204,N20,VIIRS,n,2.0NRT,305.49,4.46,D
-13.30288,24.36976,343.39,0.39,0.36,2026-10-01,1204,N20,VIIRS,n,2.0NRT,309.97,20.97,D
-13.30233,24.37331,348.03,0.39,0.36,2026-10-01,1204,N20,VIIRS,n,2.0NRT,311.4,20.97,D
-13.29901,24.37277,350.15,0.39,0.36,2026-10-01,1204,N20,VIIRS,n,2.0NRT,313.41,20.97,D
-13.2957,24.37224,333.95,0.39,0.36,2026-10-01,1204,N20,VIIRS,l,2.0NRT,308.34,3.12,D
-13.29509,24.31035,336.71,0.39,0.36,2026-10-01,1204,N20,VIIRS,l,2.0NRT,308.7,8.47,D
-13.28756,26.44963,335.85,0.44,0.38,2026-10-01,1204,N20,VIIRS,n,2.0NRT,304.55,4.4,D
-13.28406,26.44902,342.37,0.44,0.38,2026-10-01,1204,N20,VIIRS,n,2.0NRT,307.23,16.24,D
-13.28347,23.87737,348.58,0.38,0.36,2026-10-01,1204,N20,VIIRS,n,2.0NRT,308.93,6.01,D
-13.28017,23.87684,341.15,0.38,0.36,2026-10-01,1204,N20,VIIRS,l,2.0NRT,312.6,6.01,D
-13.27622,24.88614,339.96,0.39,0.36,2026-10-01,1204,N20,VIIRS,n,2.0NRT,306.87,2.66,D
-13.27409,24.27066,342.38,0.39,0.36,2026-10-01,1204,N20,VIIRS,n,2.0NRT,309.4,4.13,D
-13.27289,24.8856,339.62,0.39,0.36,2026-10-01,1204,N20,VIIRS,n,2.0NRT,308.5,2.66,D
-13.26955,24.88505,343.85,0.39,0.36,2026-10-01,1204,N20,VIIRS,n,2.0NRT,309.16,4.2,D
-13.2692,24.58672,346.31,0.39,0.36,2026-10-01,1204,N20,VIIRS,n,2.0NRT,310.75,5.95,D
-13.26678,24.88091,344.12,0.39,0.36,2026-10-01,1204,N20,VIIRS,n,2.0NRT,311.03,5.11,D
-13.26621,24.88451,342.35,0.39,0.36,2026-10-01,1204,N20,VIIRS,n,2.0NRT,307.15,4.2,D
-13.26588,24.58618,348.32,0.39,0.36,2026-10-01,1204,N20,VIIRS,n,2.0NRT,312.81,5.95,D
-13.26311,24.58208,338.19,0.39,0.36,2026-10-01,1204,N20,VIIRS,l,2.0NRT,310.1,2.22,D
-13.26237,25.23426,332.36,0.4,0.37,2026-10-01,1204,N20,VIIRS,l,2.0NRT,305.86,2.42,D
-13.26117,27.40256,335.32,0.48,0.4,2026-10-01,1204,N20,VIIRS,n,2.0NRT,301.67,3.44,D
-13.25703,24.072,338.28,0.38,0.36,2026-10-01,1204,N20,VIIRS,n,2.0NRT,307.52,2.88,D
-13.25427,24.06794,330.54,0.38,0.36,2026-10-01,1204,N20,VIIRS,l,2.0NRT,305.25,2.37,D
-13.25425,24.59526,337.65,0.39,0.36,2026-10-01,1204,N20,VIIRS,l,2.0NRT,312.5,4.96,D
-13.2471,27.88072,334.55,0.51,0.41,2026-10-01,1204,N20,VIIRS,l,2.0NRT,306.89,3.8,D
-13.23147,24.23814,339.09,0.39,0.36,2026-10-01,1204,N20,VIIRS,n,2.0NRT,307.58,5.26,D
-13.22707,24.24468,351.49,0.39,0.36,2026-10-01,1204,N20,VIIRS,n,2.0NRT,311.21,15.84,D
-13.21653,25.37015,331.93,0.4,0.37,2026-10-01,1204,N20,VIIRS,l,2.0NRT,304.9,2.1,D
-13.19791,23.99382,338.1,0.38,0.36,2026-10-01,1204,N20,VIIRS,n,2.0NRT,298.25,91.58,D
-13.19737,23.99734,344.27,0.38,0.36,2026-10-01,1204,N20,VIIRS,n,2.0NRT,303.45,63.67,D
-13.19406,23.99681,367,0.38,0.36,2026-10-01,1204,N20,VIIRS,l,2.0NRT,332.32,63.67,D
-13.19184,23.98923,339.38,0.38,0.36,2026-10-01,1204,N20,VIIRS,n,2.0NRT,297.97,80.29,D
-13.1913,23.99276,367,0.38,0.36,2026-10-01,1204,N20,VIIRS,h,2.0NRT,332.92,80.29,D
-13.19075,23.99628,342.02,0.38,0.36,2026-10-01,1204,N20,VIIRS,n,2.0NRT,316,36.17,D
-13.18853,23.9887,345.31,0.38,0.36,2026-10-01,1204,N20,VIIRS,n,2.0NRT,305.23,80.29,D
-13.18745,23.99576,342.77,0.38,0.36,2026-10-01,1204,N20,VIIRS,n,2.0NRT,303.23,36.17,D
-13.18466,23.99107,339.99,0.38,0.36,2026-10-01,1204,N20,VIIRS,n,2.0NRT,302.96,8.3,D
-13.17594,24.02583,352.52,0.38,0.36,2026-10-01,1204,N20,VIIRS,n,2.0NRT,317.67,10.48,D
-13.1754,24.02936,348.8,0.38,0.36,2026-10-01,1204,N20,VIIRS,n,2.0NRT,316.68,6.67,D
-13.17474,23.98948,347.52,0.38,0.36,2026-10-01,1204,N20,VIIRS,n,2.0NRT,312.97,25.46,D
-13.17426,24.01471,344.58,0.38,0.36,2026-10-01,1204,N20,VIIRS,l,2.0NRT,314.96,9.3,D
-13.17289,26.73088,338.5,0.45,0.39,2026-10-01,1204,N20,VIIRS,n,2.0NRT,298.46,4.97,D
-13.17252,23.9819,367,0.38,0.36,2026-10-01,1204,N20,VIIRS,h,2.0NRT,341.15,85.03,D
-13.17198,23.98542,332.45,0.38,0.36,2026-10-01,1204,N20,VIIRS,n,2.0NRT,301.81,16.53,D
-13.16975,23.97784,333.18,0.38,0.36,2026-10-01,1204,N20,VIIRS,n,2.0NRT,303.9,85.03,D
-13.16934,26.73025,339.55,0.45,0.39,2026-10-01,1204,N20,VIIRS,n,2.0NRT,300.29,4.97,D
-13.16867,23.9849,354.24,0.38,0.36,2026-10-01,1204,N20,VIIRS,n,2.0NRT,312.34,16.53,D
-13.16569,24.13698,346.02,0.38,0.36,2026-10-01,1204,N20,VIIRS,n,2.0NRT,313.33,19.53,D
-13.16536,23.98437,338.33,0.38,0.36,2026-10-01,1204,N20,VIIRS,n,2.0NRT,302.92,4.15,D
-13.16368,23.97326,331.32,0.38,0.36,2026-10-01,1204,N20,VIIRS,l,2.0NRT,304.03,4.35,D
-13.16314,23.97678,346.3,0.38,0.36,2026-10-01,1204,N20,VIIRS,n,2.0NRT,309.55,9.33,D
-13.16126,24.84448,337.09,0.39,0.36,2026-10-01,1204,N20,VIIRS,n,2.0NRT,305.64,4.4,D
-13.16038,23.97273,330.48,0.38,0.36,2026-10-01,1204,N20,VIIRS,l,2.0NRT,303.35,5.02,D
-13.15854,24.11709,331.43,0.38,0.36,2026-10-01,1204,N20,VIIRS,l,2.0NRT,305.3,1.5,D
-13.14699,24.12611,335.16,0.38,0.36,2026-10-01,1204,N20,VIIRS,l,2.0NRT,308.59,4.58,D
-13.1461,24.91975,336.5,0.39,0.36,2026-10-01,1204,N20,VIIRS,l,2.0NRT,310.56,2.33,D
-13.13738,25.14195,337.95,0.4,0.37,2026-10-01,1204,N20,VIIRS,n,2.0NRT,306.31,3.82,D
-13.12906,24.80974,343.47,0.39,0.36,2026-10-01,1204,N20,VIIRS,n,2.0NRT,309.09,4.35,D
-13.12462,27.80297,332.79,0.51,0.41,2026-10-01,1204,N20,VIIRS,l,2.0NRT,304.88,3.19,D
-13.11416,27.0223,331.4,0.46,0.39,2026-10-01,1204,N20,VIIRS,l,2.0NRT,302.16,3.12,D
-13.0995,24.08229,340.84,0.38,0.36,2026-10-01,1204,N20,VIIRS,n,2.0NRT,307.21,4.02,D
-13.08397,27.36494,347.27,0.48,0.4,2026-10-01,1204,N20,VIIRS,n,2.0NRT,305.06,7.52,D
-13.08334,27.36382,335.54,0.48,0.4,2026-10-01,1204,N20,VIIRS,n,2.0NRT,303.81,4,D
-13.0825,24.12661,338.22,0.38,0.36,2026-10-01,1204,N20,VIIRS,l,2.0NRT,309.92,4.25,D
-13.0808,26.77909,335.87,0.45,0.39,2026-10-01,1204,N20,VIIRS,n,2.0NRT,297.82,3.75,D
-13.07675,25.12072,331.27,0.4,0.37,2026-10-01,1204,N20,VIIRS,l,2.0NRT,305.01,1.24,D
-13.07106,24.85211,333.3,0.39,0.36,2026-10-01,1204,N20,VIIRS,n,2.0NRT,303.55,1.07,D
-13.06772,27.41101,335.34,0.48,0.4,2026-10-01,1204,N20,VIIRS,l,2.0NRT,307.34,8.93,D
-13.0675,23.93594,367,0.38,0.36,2026-10-01,1204,N20,VIIRS,h,2.0NRT,308.83,20.97,D
-13.06734,24.37811,335.39,0.39,0.36,2026-10-01,1204,N20,VIIRS,n,2.0NRT,304.71,2.48,D
-13.06696,23.93946,344.1,0.38,0.36,2026-10-01,1204,N20,VIIRS,n,2.0NRT,310.87,13.39,D
-13.06527,23.92837,350.75,0.38,0.36,2026-10-01,1204,N20,VIIRS,l,2.0NRT,323.82,48.8,D
-13.06473,23.93189,350.01,0.38,0.36,2026-10-01,1204,N20,VIIRS,n,2.0NRT,319.08,27.06,D
-13.06419,23.93541,351.53,0.38,0.36,2026-10-01,1204,N20,VIIRS,n,2.0NRT,316.44,27.06,D
-13.06402,24.37757,334.42,0.39,0.36,2026-10-01,1204,N20,VIIRS,n,2.0NRT,304.1,2.82,D
-13.06365,23.93894,345.14,0.38,0.36,2026-10-01,1204,N20,VIIRS,n,2.0NRT,315.61,21.24,D
-13.06143,23.93136,347.61,0.38,0.36,2026-10-01,1204,N20,VIIRS,n,2.0NRT,309.99,27.06,D
-13.06126,25.19694,345.87,0.4,0.37,2026-10-01,1204,N20,VIIRS,n,2.0NRT,302.07,5.05,D
-13.05658,27.83599,338.7,0.51,0.41,2026-10-01,1204,N20,VIIRS,n,2.0NRT,301.84,8.51,D
-13.05296,25.46826,333.44,0.41,0.37,2026-10-01,1204,N20,VIIRS,n,2.0NRT,298.05,1.49,D
-13.04275,24.96608,345.98,0.39,0.37,2026-10-01,1204,N20,VIIRS,n,2.0NRT,306.83,5.54,D
-13.04158,26.824,330.64,0.45,0.39,2026-10-01,1204,N20,VIIRS,n,2.0NRT,298.24,2.53,D
-13.04156,27.56348,347.7,0.49,0.41,2026-10-01,1204,N20,VIIRS,n,2.0NRT,300.96,10.54,D
-13.03966,27.56438,346.93,0.49,0.41,2026-10-01,1204,N20,VIIRS,n,2.0NRT,302.75,9.53,D
-13.01178,23.90179,350.27,0.38,0.36,2026-10-01,1204,N20,VIIRS,n,2.0NRT,305.92,6.54,D
-13.01006,27.53593,343.37,0.49,0.4,2026-10-01,1204,N20,VIIRS,n,2.0NRT,302.63,7,D
-13.00848,23.90127,350.56,0.38,0.36,2026-10-01,1204,N20,VIIRS,n,2.0NRT,306.96,13.35,D
-13.0005,27.68448,341.53,0.5,0.41,2026-10-01,1204,N20,VIIRS,n,2.0NRT,307.71,7.87,D
-12.99573,26.79031,332.78,0.45,0.39,2026-10-01,1204,N20,VIIRS,n,2.0NRT,297.53,2.23,D
-12.99291,25.25727,340.51,0.4,0.37,2026-10-01,1204,N20,VIIRS,n,2.0NRT,305.49,3.38,D
-12.98228,25.07489,337.78,0.4,0.37,2026-10-01,1204,N20,VIIRS,l,2.0NRT,309.08,5.33,D
-12.98216,24.22618,338.12,0.39,0.36,2026-10-01,1204,N20,VIIRS,n,2.0NRT,310,3.66,D
-12.97444,23.92352,333.64,0.38,0.36,2026-10-01,1204,N20,VIIRS,n,2.0NRT,301.53,2.9,D
-12.97186,26.2979,338.74,0.43,0.38,2026-10-01,1204,N20,VIIRS,n,2.0NRT,298.28,3.59,D
-12.96261,27.25857,333.19,0.48,0.4,2026-10-01,1204,N20,VIIRS,l,2.0NRT,304.85,6.25,D
-12.96095,27.55542,341.93,0.49,0.41,2026-10-01,1204,N20,VIIRS,n,2.0NRT,302.12,4.95,D
-12.94576,24.2421,346.05,0.39,0.36,2026-10-01,1204,N20,VIIRS,n,2.0NRT,311.96,6.97,D
-12.94276,24.01962,332.79,0.38,0.36,2026-10-01,1204,N20,VIIRS,n,2.0NRT,301.79,1.21,D
-12.94245,24.24157,343.2,0.39,0.36,2026-10-01,1204,N20,VIIRS,n,2.0NRT,312.82,5.69,D
-12.94151,26.54903,333.5,0.44,0.39,2026-10-01,1204,N20,VIIRS,n,2.0NRT,297.39,4.61,D
-12.93851,27.20042,348.13,0.47,0.4,2026-10-01,1204,N20,VIIRS,n,2.0NRT,305.51,7.27,D
-12.9364,27.90388,340.64,0.52,0.41,2026-10-01,1204,N20,VIIRS,n,2.0NRT,307.03,6.05,D
-12.93424,24.38187,342.8,0.39,0.36,2026-10-01,1204,N20,VIIRS,n,2.0NRT,302.43,16.27,D
-12.93363,24.25465,334.77,0.39,0.36,2026-10-01,1204,N20,VIIRS,l,2.0NRT,306.99,6.38,D
-12.93308,24.25818,343.62,0.39,0.36,2026-10-01,1204,N20,VIIRS,n,2.0NRT,305.7,11.82,D
-12.93264,26.17794,336.32,0.43,0.38,2026-10-01,1204,N20,VIIRS,n,2.0NRT,300.16,2.86,D
-12.9325,25.87098,339.74,0.42,0.38,2026-10-01,1204,N20,VIIRS,l,2.0NRT,310,7.43,D
-12.93108,27.33489,343.73,0.48,0.4,2026-10-01,1204,N20,VIIRS,n,2.0NRT,307.54,6.11,D
-12.93046,27.22604,338.07,0.48,0.4,2026-10-01,1204,N20,VIIRS,n,2.0NRT,304.73,13.45,D
-12.93032,24.25412,337.12,0.39,0.36,2026-10-01,1204,N20,VIIRS,n,2.0NRT,305.75,6.38,D
-12.92887,26.1128,330.3,0.43,0.38,2026-10-01,1204,N20,VIIRS,l,2.0NRT,301.48,4.51,D
-12.89843,27.0346,334.2,0.47,0.39,2026-10-01,1204,N20,VIIRS,l,2.0NRT,304.97,4.8,D
-12.87702,24.22618,346.38,0.39,0.36,2026-10-01,1204,N20,VIIRS,n,2.0NRT,311.03,14.29,D
-12.87223,26.17594,335.35,0.43,0.38,2026-10-01,1204,N20,VIIRS,n,2.0NRT,296.74,2.75,D
-12.87158,26.17989,332.69,0.43,0.38,2026-10-01,1204,N20,VIIRS,n,2.0NRT,296.99,2.73,D
-12.83639,27.22864,340.1,0.48,0.4,2026-10-01,1204,N20,VIIRS,n,2.0NRT,304.4,6.09,D
-12.83273,27.22806,338.27,0.48,0.4,2026-10-01,1204,N20,VIIRS,n,2.0NRT,302.36,6.09,D
-12.82546,24.14161,342,0.39,0.36,2026-10-01,1204,N20,VIIRS,n,2.0NRT,301.34,4.99,D
-12.81312,27.01097,332.14,0.47,0.39,2026-10-01,1204,N20,VIIRS,l,2.0NRT,302.42,3.56,D
-12.81001,27.25136,344.04,0.48,0.4,2026-10-01,1204,N20,VIIRS,n,2.0NRT,301.3,9.65,D
-12.80795,26.94561,347.63,0.46,0.39,2026-10-01,1204,N20,VIIRS,n,2.0NRT,306.51,10.95,D
-12.80635,27.25073,345.36,0.48,0.4,2026-10-01,1204,N20,VIIRS,n,2.0NRT,301.51,9.65,D
-12.80347,27.53952,345.6,0.5,0.41,2026-10-01,1204,N20,VIIRS,n,2.0NRT,303.4,10.9,D
-12.79477,26.05025,336.13,0.43,0.38,2026-10-01,1204,N20,VIIRS,n,2.0NRT,301.72,5.68,D
-12.78968,24.17568,333.2,0.39,0.36,2026-10-01,1204,N20,VIIRS,n,2.0NRT,301.9,2.7,D
-12.78423,27.3147,340.67,0.48,0.4,2026-10-01,1204,N20,VIIRS,n,2.0NRT,300.85,8.88,D
-12.78182,27.71509,333.38,0.51,0.41,2026-10-01,1204,N20,VIIRS,n,2.0NRT,299.29,7.98,D
-12.78151,24.25049,330.92,0.39,0.36,2026-10-01,1204,N20,VIIRS,l,2.0NRT,303.54,2.11,D
-12.77875,24.24643,338.53,0.39,0.36,2026-10-01,1204,N20,VIIRS,n,2.0NRT,305.03,5.6,D
-12.7782,24.24997,346.72,0.39,0.36,2026-10-01,1204,N20,VIIRS,n,2.0NRT,307.14,5.6,D
-12.77543,24.24591,337.96,0.39,0.36,2026-10-01,1204,N20,VIIRS,n,2.0NRT,304.51,5.6,D
-12.77489,24.24944,336.32,0.39,0.36,2026-10-01,1204,N20,VIIRS,n,2.0NRT,303.95,5.6,D
-12.77012,25.94675,346.3,0.42,0.38,2026-10-01,1204,N20,VIIRS,n,2.0NRT,297.48,6.45,D
-12.76913,25.94626,343.95,0.42,0.38,2026-10-01,1204,N20,VIIRS,n,2.0NRT,299.4,11.37,D
-12.76667,25.94618,343.14,0.42,0.38,2026-10-01,1204,N20,VIIRS,n,2.0NRT,298.28,6.45,D
-12.75928,27.82651,339.31,0.51,0.41,2026-10-01,1204,N20,VIIRS,n,2.0NRT,303.34,7.69,D
-12.75886,27.19867,332.45,0.48,0.4,2026-10-01,1204,N20,VIIRS,n,2.0NRT,302.25,6.85,D
-12.72393,25.53199,334.07,0.41,0.37,2026-10-01,1204,N20,VIIRS,n,2.0NRT,293.29,3.13,D
-12.71774,26.07392,330.99,0.43,0.38,2026-10-01,1204,N20,VIIRS,n,2.0NRT,300.77,2.99,D
-12.7142,27.35402,333.81,0.49,0.4,2026-10-01,1204,N20,VIIRS,n,2.0NRT,301.4,5.66,D
-12.70798,25.98027,331.51,0.42,0.38,2026-10-01,1204,N20,VIIRS,n,2.0NRT,297.6,1.23,D
-12.70698,24.11832,344.74,0.39,0.36,2026-10-01,1204,N20,VIIRS,n,2.0NRT,301.79,6.14,D
-12.70351,27.48651,336.97,0.49,0.41,2026-10-01,1204,N20,VIIRS,l,2.0NRT,307.67,9.14,D
-12.67404,25.23381,346.83,0.4,0.37,2026-10-01,1204,N20,VIIRS,n,2.0NRT,298.11,13.09,D
-12.67066,25.23325,333.07,0.4,0.37,2026-10-01,1204,N20,VIIRS,n,2.0NRT,297.03,6.78,D
-12.67008,25.23693,336.18,0.4,0.37,2026-10-01,1204,N20,VIIRS,n,2.0NRT,296.87,6.78,D
-12.66282,27.45606,343.15,0.49,0.4,2026-10-01,1204,N20,VIIRS,n,2.0NRT,305.99,10.3,D
-12.65521,25.23446,337.06,0.4,0.37,2026-10-01,1204,N20,VIIRS,n,2.0NRT,295.23,6.88,D
-12.65463,25.23816,342.04,0.4,0.37,2026-10-01,1204,N20,VIIRS,n,2.0NRT,294.73,4.07,D
-12.65405,25.24186,330.69,0.4,0.37,2026-10-01,1204,N20,VIIRS,n,2.0NRT,292.99,4.07,D
-12.64969,24.15983,340.33,0.39,0.36,2026-10-01,1204,N20,VIIRS,n,2.0NRT,304.2,3.09,D
-12.64719,27.12637,335.69,0.47,0.4,2026-10-01,1204,N20,VIIRS,n,2.0NRT,301.6,4.59,D
-12.63606,26.13701,346.98,0.43,0.38,2026-10-01,1204,N20,VIIRS,n,2.0NRT,291.83,6.1,D
-12.62534,26.15081,333.97,0.43,0.38,2026-10-01,1204,N20,VIIRS,n,2.0NRT,296.73,3.99,D
-12.62391,27.1536,333.55,0.48,0.4,2026-10-01,1204,N20,VIIRS,l,2.0NRT,304.3,4.82,D
-12.62124,26.19872,331.66,0.43,0.38,2026-10-01,1204,N20,VIIRS,n,2.0NRT,287.61,8.54,D
-12.6206,26.2027,334.26,0.43,0.38,2026-10-01,1204,N20,VIIRS,n,2.0NRT,281.58,6.22,D
-12.6187,26.19884,333.19,0.43,0.38,2026-10-01,1204,N20,VIIRS,n,2.0NRT,287.22,8.04,D
-12.61804,26.20282,347.03,0.43,0.38,2026-10-01,1204,N20,VIIRS,n,2.0NRT,282.27,9.23,D
-12.61711,26.20212,336.94,0.43,0.38,2026-10-01,1204,N20,VIIRS,n,2.0NRT,282.17,6.22,D
-12.60817,23.89999,333.46,0.38,0.36,2026-10-01,1204,N20,VIIRS,l,2.0NRT,303.8,3.68,D
-12.5986,26.27255,330.44,0.44,0.38,2026-10-01,1204,N20,VIIRS,n,2.0NRT,288.95,3.23,D
-12.59743,25.66607,331.98,0.41,0.37,2026-10-01,1204,N20,VIIRS,n,2.0NRT,300.25,4.2,D
-12.59735,25.66586,335.27,0.41,0.37,2026-10-01,1204,N20,VIIRS,n,2.0NRT,299.64,2.27,D
-12.594,25.6655,342.68,0.41,0.37,2026-10-01,1204,N20,VIIRS,n,2.0NRT,300.81,4.2,D
-12.57996,24.08323,334.23,0.39,0.36,2026-10-01,1204,N20,VIIRS,n,2.0NRT,302.73,1.6,D
-12.55788,27.07646,346.48,0.47,0.4,2026-10-01,1204,N20,VIIRS,n,2.0NRT,301.23,8.36,D
-12.55659,27.15251,333.79,0.48,0.4,2026-10-01,1204,N20,VIIRS,n,2.0NRT,300.86,9.42,D
-12.53177,26.50622,346.15,0.45,0.39,2026-10-01,1204,N20,VIIRS,n,2.0NRT,298.57,9.49,D
-12.5171,27.39186,335.46,0.49,0.4,2026-10-01,1204,N20,VIIRS,n,2.0NRT,305.18,3.87,D
-12.51633,27.41952,332.93,0.49,0.41,2026-10-01,1204,N20,VIIRS,l,2.0NRT,306.16,4.73,D
-12.51272,25.62486,332.99,0.41,0.37,2026-10-01,1204,N20,VIIRS,n,2.0NRT,300.63,2.23,D
-12.50651,27.94347,335.34,0.53,0.42,2026-10-01,1204,N20,VIIRS,n,2.0NRT,298.85,4.18,D
-12.50104,27.21508,331.48,0.48,0.4,2026-10-01,1204,N20,VIIRS,l,2.0NRT,304.1,3.93,D
-12.49737,27.21444,346.08,0.48,0.4,2026-10-01,1204,N20,VIIRS,n,2.0NRT,303.41,10.99,D
-12.49052,23.95942,340.12,0.38,0.36,2026-10-01,1204,N20,VIIRS,n,2.0NRT,305.94,3.82,D
-12.48997,23.96294,342.13,0.38,0.36,2026-10-01,1204,N20,VIIRS,n,2.0NRT,304.58,3.82,D
-12.47555,26.55989,332.11,0.45,0.39,2026-10-01,1204,N20,VIIRS,n,2.0NRT,298.49,2.45,D
-14.51104,23.90955,299.3,0.33,0.55,2026-10-01,2312,N20,VIIRS,n,2.0NRT,289.28,0.5,N
-13.87475,24.82832,298.8,0.58,0.52,2026-10-01,2312,N20,VIIRS,n,2.0NRT,288.58,0.62,N
-13.87364,24.82622,299.39,0.58,0.52,2026-10-01,2312,N20,VIIRS,n,2.0NRT,288.94,0.85,N
-13.80002,25.74872,298.78,0.51,0.49,2026-10-01,2312,N20,VIIRS,n,2.0NRT,286.79,0.7,N
-13.57629,24.39447,300.34,0.63,0.54,2026-10-01,2312,N20,VIIRS,n,2.0NRT,289.23,0.5,N
-13.51081,24.58674,319.8,0.61,0.54,2026-10-01,2312,N20,VIIRS,n,2.0NRT,288.91,3.16,N
-13.50917,24.58663,323.23,0.61,0.54,2026-10-01,2312,N20,VIIRS,n,2.0NRT,289.73,2.97,N
-13.50594,24.58783,317.86,0.61,0.54,2026-10-01,2312,N20,VIIRS,n,2.0NRT,288.84,3.16,N
-13.50429,24.58772,315.17,0.61,0.54,2026-10-01,2312,N20,VIIRS,n,2.0NRT,289.15,2.59,N
-13.41723,24.31791,308.14,0.32,0.55,2026-10-01,2312,N20,VIIRS,n,2.0NRT,289.21,0.77,N
-13.41667,24.31499,305.99,0.32,0.55,2026-10-01,2312,N20,VIIRS,n,2.0NRT,289.34,0.77,N
-13.38388,25.57034,299.28,0.53,0.5,2026-10-01,2312,N20,VIIRS,n,2.0NRT,287.72,0.34,N
-13.32228,24.65618,303.43,0.61,0.54,2026-10-01,2312,N20,VIIRS,n,2.0NRT,289.01,1.9,N
-13.26721,24.88144,300.45,0.59,0.53,2026-10-01,2312,N20,VIIRS,n,2.0NRT,288.06,1.4,N
-13.19261,23.99029,302.06,0.34,0.56,2026-10-01,2312,N20,VIIRS,n,2.0NRT,288.45,1.13,N
-13.19199,23.98714,306.2,0.34,0.56,2026-10-01,2312,N20,VIIRS,n,2.0NRT,288.42,1.07,N
-13.17317,24.02671,298.32,0.34,0.56,2026-10-01,2312,N20,VIIRS,n,2.0NRT,288.02,0.31,N
-13.17257,24.02363,298.45,0.34,0.56,2026-10-01,2312,N20,VIIRS,n,2.0NRT,287.6,0.27,N
-13.06796,23.93479,299.94,0.34,0.56,2026-10-01,2312,N20,VIIRS,n,2.0NRT,288.32,1.39,N
-13.06282,23.93588,316.81,0.34,0.56,2026-10-01,2312,N20,VIIRS,n,2.0NRT,288.6,1.39,N
-13.0622,23.93273,315.64,0.35,0.56,2026-10-01,2312,N20,VIIRS,n,2.0NRT,289.2,1.39,N
-13.06158,23.92957,322.07,0.35,0.56,2026-10-01,2312,N20,VIIRS,n,2.0NRT,289.12,2.11,N
-13.06095,23.9264,308.35,0.35,0.56,2026-10-01,2312,N20,VIIRS,n,2.0NRT,288.37,2.11,N
-13.00612,23.89906,300.23,0.35,0.57,2026-10-01,2312,N20,VIIRS,n,2.0NRT,285.91,0.58,N
-12.77326,27.48937,301.49,0.41,0.45,2026-10-01,2312,N20,VIIRS,n,2.0NRT,287.01,1.29,N
-14.69691,25.25258,339.29,0.49,0.4,2026-10-02,1145,N20,VIIRS,l,2.0NRT,311.79,2.76,D
-14.69549,23.89546,351.61,0.38,0.44,2026-10-02,1145,N20,VIIRS,n,2.0NRT,316.93,10.49,D
-14.69469,24.52779,337.57,0.53,0.42,2026-10-02,1145,N20,VIIRS,l,2.0NRT,311.58,9.19,D
-14.69143,24.55209,336.01,0.53,0.42,2026-10-02,1145,N20,VIIRS,l,2.0NRT,310.69,5.05,D
-14.67583,24.04266,338.05,0.57,0.43,2026-10-02,1145,N20,VIIRS,l,2.0NRT,311.21,8.01,D
-14.66724,26.98035,330.23,0.41,0.37,2026-10-02,1145,N20,VIIRS,l,2.0NRT,302.06,2.39,D
-14.6447,27.01575,335.11,0.41,0.37,2026-10-02,1145,N20,VIIRS,l,2.0NRT,305.29,2.62,D
-14.63924,27.05369,345.72,0.41,0.37,2026-10-02,1145,N20,VIIRS,n,2.0NRT,314.87,22.25,D
-14.6348,25.43378,339.96,0.47,0.4,2026-10-02,1145,N20,VIIRS,l,2.0NRT,313.58,3.33,D
-14.6345,25.43543,338.59,0.47,0.4,2026-10-02,1145,N20,VIIRS,l,2.0NRT,313.4,4.71,D
-14.62829,23.91136,345.97,0.38,0.43,2026-10-02,1145,N20,VIIRS,l,2.0NRT,317.57,10.32,D
-14.62627,24.32292,345.2,0.54,0.42,2026-10-02,1145,N20,VIIRS,n,2.0NRT,315.32,5.89,D
-14.62431,25.34848,343.71,0.48,0.4,2026-10-02,1145,N20,VIIRS,l,2.0NRT,313.89,3.75,D
-14.61443,27.34499,336.42,0.4,0.37,2026-10-02,1145,N20,VIIRS,l,2.0NRT,311.08,6.44,D
-14.61374,27.23055,337.98,0.4,0.37,2026-10-02,1145,N20,VIIRS,l,2.0NRT,310.03,4.08,D
-14.60335,25.5244,344.71,0.47,0.4,2026-10-02,1145,N20,VIIRS,l,2.0NRT,318.95,9.78,D
-14.60329,25.57736,340.59,0.47,0.39,2026-10-02,1145,N20,VIIRS,n,2.0NRT,308.79,2.73,D
-14.60028,25.5725,351.62,0.47,0.39,2026-10-02,1145,N20,VIIRS,l,2.0NRT,314.53,10.73,D
-14.59966,25.57684,339.11,0.47,0.39,2026-10-02,1145,N20,VIIRS,l,2.0NRT,311.97,24.98,D
-14.59906,25.58116,343,0.47,0.39,2026-10-02,1145,N20,VIIRS,l,2.0NRT,309.2,24.98,D
-14.59665,25.57198,348.52,0.47,0.39,2026-10-02,1145,N20,VIIRS,l,2.0NRT,312.56,10.73,D
-14.59543,25.58064,345.56,0.47,0.39,2026-10-02,1145,N20,VIIRS,l,2.0NRT,317.02,24.98,D
-14.58453,24.91378,342.97,0.5,0.41,2026-10-02,1145,N20,VIIRS,n,2.0NRT,316.49,12.34,D
-14.58349,24.69723,346.22,0.52,0.41,2026-10-02,1145,N20,VIIRS,n,2.0NRT,308.38,7.5,D
-14.56362,25.24431,345.47,0.48,0.4,2026-10-02,1145,N20,VIIRS,n,2.0NRT,312.62,7.78,D
-14.55514,24.01768,336.96,0.57,0.43,2026-10-02,1145,N20,VIIRS,l,2.0NRT,311.42,3.97,D
-14.55436,25.1574,348.83,0.49,0.4,2026-10-02,1145,N20,VIIRS,n,2.0NRT,322.58,22.01,D
-14.55066,25.15686,342.18,0.49,0.4,2026-10-02,1145,N20,VIIRS,l,2.0NRT,316.78,12.51,D
-14.53207,25.36672,344.6,0.48,0.4,2026-10-02,1145,N20,VIIRS,l,2.0NRT,319.16,11.61,D
-14.52783,24.19264,343,0.55,0.43,2026-10-02,1145,N20,VIIRS,l,2.0NRT,315.92,7.74,D
-14.52526,24.18196,343.12,0.55,0.43,2026-10-02,1145,N20,VIIRS,l,2.0NRT,314.14,9.06,D
-14.51256,24.2474,348.06,0.55,0.43,2026-10-02,1145,N20,VIIRS,n,2.0NRT,311.26,8.58,D
-14.50893,24.1847,342.78,0.55,0.43,2026-10-02,1145,N20,VIIRS,l,2.0NRT,314.74,14.52,D
-14.50866,24.24688,352.01,0.55,0.43,2026-10-02,1145,N20,VIIRS,n,2.0NRT,315.14,8.58,D
-14.50797,24.25204,345.36,0.55,0.42,2026-10-02,1145,N20,VIIRS,n,2.0NRT,311.01,8.58,D
-14.50363,25.30535,345.52,0.48,0.4,2026-10-02,1145,N20,VIIRS,l,2.0NRT,315.4,9.52,D
-14.48619,26.99951,337.16,0.41,0.37,2026-10-02,1145,N20,VIIRS,n,2.0NRT,301.02,4.53,D
-14.4754,27.36532,343.39,0.4,0.37,2026-10-02,1145,N20,VIIRS,n,2.0NRT,305.43,4.97,D
-14.41512,23.92591,339.39,0.57,0.43,2026-10-02,1145,N20,VIIRS,n,2.0NRT,310.24,6.56,D
-14.41285,23.92382,335.64,0.57,0.43,2026-10-02,1145,N20,VIIRS,l,2.0NRT,308.76,4.93,D
-14.39555,24.19781,339.38,0.55,0.43,2026-10-02,1145,N20,VIIRS,n,2.0NRT,304.91,13.42,D
-14.39164,24.19725,349.4,0.55,0.43,2026-10-02,1145,N20,VIIRS,n,2.0NRT,309.29,13.42,D
-14.35318,25.60801,351.49,0.46,0.39,2026-10-02,1145,N20,VIIRS,n,2.0NRT,313.18,7.28,D
-14.35258,25.61228,349.49,0.46,0.39,2026-10-02,1145,N20,VIIRS,n,2.0NRT,314.28,7.92,D
-14.35198,25.61654,342.53,0.46,0.39,2026-10-02,1145,N20,VIIRS,l,2.0NRT,314.79,7.92,D
-14.35138,25.62079,354.21,0.46,0.39,2026-10-02,1145,N20,VIIRS,n,2.0NRT,318.65,31.98,D
-14.34778,25.62024,343.08,0.46,0.39,2026-10-02,1145,N20,VIIRS,l,2.0NRT,317.86,36.25,D
-14.33886,27.02757,340.19,0.41,0.37,2026-10-02,1145,N20,VIIRS,n,2.0NRT,307.62,7.16,D
-14.33831,27.03134,338.36,0.41,0.37,2026-10-02,1145,N20,VIIRS,n,2.0NRT,309.47,7.16,D
-14.33545,27.02706,349.44,0.41,0.37,2026-10-02,1145,N20,VIIRS,n,2.0NRT,306.83,9.72,D
-14.33491,27.03083,347.74,0.41,0.37,2026-10-02,1145,N20,VIIRS,n,2.0NRT,306.87,9.72,D
-14.26466,25.41576,348.21,0.47,0.4,2026-10-02,1145,N20,VIIRS,n,2.0NRT,313.1,32.5,D
-14.26369,26.03739,348.91,0.44,0.39,2026-10-02,1145,N20,VIIRS,l,2.0NRT,311.65,12.57,D
-14.26312,26.04146,345.43,0.44,0.38,2026-10-02,1145,N20,VIIRS,n,2.0NRT,308.32,9.15,D
-14.26102,25.41524,333.24,0.47,0.4,2026-10-02,1145,N20,VIIRS,l,2.0NRT,307.45,5.25,D
-14.26016,26.03687,355.3,0.44,0.39,2026-10-02,1145,N20,VIIRS,n,2.0NRT,312.69,23.84,D
-14.25958,26.04094,346.06,0.44,0.38,2026-10-02,1145,N20,VIIRS,n,2.0NRT,320.1,48.2,D
-14.24898,26.03937,338.02,0.44,0.38,2026-10-02,1145,N20,VIIRS,l,2.0NRT,308.17,10.2,D
-14.18366,28.05939,348.41,0.39,0.36,2026-10-02,1145,N20,VIIRS,n,2.0NRT,315.19,12.93,D
-14.18109,28.09929,345.85,0.39,0.36,2026-10-02,1145,N20,VIIRS,n,2.0NRT,309.2,9.67,D
-14.16268,27.60918,345.28,0.39,0.37,2026-10-02,1145,N20,VIIRS,n,2.0NRT,299.94,5.63,D
-14.12863,25.37548,335.47,0.47,0.4,2026-10-02,1145,N20,VIIRS,l,2.0NRT,308.34,3.82,D
-14.12559,25.3706,338.15,0.47,0.4,2026-10-02,1145,N20,VIIRS,n,2.0NRT,308.23,3.82,D
-14.12499,25.37494,337.61,0.47,0.4,2026-10-02,1145,N20,VIIRS,n,2.0NRT,311.39,3.82,D
-14.12439,25.37928,345.83,0.47,0.4,2026-10-02,1145,N20,VIIRS,n,2.0NRT,312.28,16.36,D
-14.12135,25.37441,367,0.47,0.4,2026-10-02,1145,N20,VIIRS,l,2.0NRT,327.62,69.99,D
-14.12075,25.37875,367,0.47,0.4,2026-10-02,1145,N20,VIIRS,l,2.0NRT,327.38,92.91,D
-14.11735,25.48411,339.22,0.47,0.39,2026-10-02,1145,N20,VIIRS,l,2.0NRT,312.68,7.57,D
-14.11313,25.48789,343.58,0.47,0.39,2026-10-02,1145,N20,VIIRS,n,2.0NRT,309.15,10.59,D
-14.09178,27.58641,336.98,0.39,0.37,2026-10-02,1145,N20,VIIRS,n,2.0NRT,302.61,4.53,D
-14.03047,26.02933,345.4,0.44,0.38,2026-10-02,1145,N20,VIIRS,l,2.0NRT,311.74,13.47,D
-14.02984,26.16117,346.51,0.43,0.38,2026-10-02,1145,N20,VIIRS,n,2.0NRT,311.76,9.63,D
-14.02927,26.1652,348.34,0.43,0.38,2026-10-02,1145,N20,VIIRS,n,2.0NRT,311.59,16.73,D
-14.02751,26.02477,349.04,0.44,0.38,2026-10-02,1145,N20,VIIRS,n,2.0NRT,311.45,13.47,D
-14.02694,26.02881,347.37,0.44,0.38,2026-10-02,1145,N20,VIIRS,n,2.0NRT,313.76,13.47,D
-14.02341,26.02829,367,0.44,0.38,2026-10-02,1145,N20,VIIRS,h,2.0NRT,326.22,67.7,D
-14.00578,27.08362,336.81,0.4,0.37,2026-10-02,1145,N20,VIIRS,n,2.0NRT,301.54,3.06,D
-13.8722,27.73712,334.78,0.39,0.36,2026-10-02,1145,N20,VIIRS,l,2.0NRT,304.91,4.76,D
-13.83427,27.58323,331.85,0.39,0.36,2026-10-02,1145,N20,VIIRS,l,2.0NRT,302.94,5.75,D
-13.83106,27.99145,334.73,0.39,0.36,2026-10-02,1145,N20,VIIRS,l,2.0NRT,304.88,1.73,D
-13.83093,27.58271,340.62,0.39,0.36,2026-10-02,1145,N20,VIIRS,n,2.0NRT,308.2,5.75,D
-13.82859,27.26094,331.88,0.4,0.37,2026-10-02,1145,N20,VIIRS,n,2.0NRT,299.4,1.33,D
-13.8135,27.9739,332.95,0.39,0.36,2026-10-02,1145,N20,VIIRS,l,2.0NRT,304.15,1.92,D
-13.78742,27.85261,336.3,0.39,0.36,2026-10-02,1145,N20,VIIRS,l,2.0NRT,307.4,3.05,D
-13.78385,27.80799,347.14,0.39,0.36,2026-10-02,1145,N20,VIIRS,n,2.0NRT,309.69,6.76,D
-13.7789,28.02331,334.86,0.39,0.36,2026-10-02,1145,N20,VIIRS,l,2.0NRT,309.32,1.95,D
-13.75928,27.97276,333.81,0.39,0.36,2026-10-02,1145,N20,VIIRS,l,2.0NRT,308.41,3,D
-13.9943,24.03242,332,0.56,0.43,2026-10-02,1147,N20,VIIRS,n,2.0NRT,301.55,2.7,D
-13.97242,25.53821,340.82,0.46,0.39,2026-10-02,1147,N20,VIIRS,l,2.0NRT,304.6,8.83,D
-13.97075,25.53938,347.75,0.46,0.39,2026-10-02,1147,N20,VIIRS,n,2.0NRT,306.37,17.89,D
-13.97014,25.54361,340.4,0.46,0.39,2026-10-02,1147,N20,VIIRS,n,2.0NRT,307,14.37,D
-13.96823,25.54191,349.49,0.46,0.39,2026-10-02,1147,N20,VIIRS,n,2.0NRT,314.56,36.38,D
-13.96654,25.54308,340.32,0.46,0.39,2026-10-02,1147,N20,VIIRS,n,2.0NRT,304.65,14.37,D
-13.90914,25.99545,341.52,0.44,0.38,2026-10-02,1147,N20,VIIRS,l,2.0NRT,304.09,9.37,D
-13.83834,25.709,330.46,0.45,0.39,2026-10-02,1147,N20,VIIRS,l,2.0NRT,305.39,5.35,D
-13.83736,24.10182,334.01,0.55,0.43,2026-10-02,1147,N20,VIIRS,n,2.0NRT,294.52,7.65,D
-13.83734,24.09937,339.02,0.55,0.43,2026-10-02,1147,N20,VIIRS,n,2.0NRT,293.82,5.6,D
-13.83708,25.70873,333.47,0.45,0.39,2026-10-02,1147,N20,VIIRS,l,2.0NRT,305.92,5.34,D
-13.72907,26.21899,337.31,0.43,0.38,2026-10-02,1147,N20,VIIRS,l,2.0NRT,306.01,4.66,D
-13.71278,25.36363,334.83,0.47,0.4,2026-10-02,1147,N20,VIIRS,l,2.0NRT,307.12,8.45,D
-13.70697,26.07332,330.43,0.44,0.38,2026-10-02,1147,N20,VIIRS,l,2.0NRT,302.66,2.13,D
-13.67896,24.29297,337,0.53,0.42,2026-10-02,1147,N20,VIIRS,n,2.0NRT,302.37,7.58,D
-13.67896,25.96321,335.18,0.44,0.38,2026-10-02,1147,N20,VIIRS,l,2.0NRT,308.41,6.99,D
-13.67156,26.32284,331.63,0.43,0.38,2026-10-02,1147,N20,VIIRS,l,2.0NRT,306.43,3.8,D
-13.66705,25.61255,331.61,0.46,0.39,2026-10-02,1147,N20,VIIRS,n,2.0NRT,300.54,3.78,D
-13.64741,27.26315,335.39,0.4,0.37,2026-10-02,1147,N20,VIIRS,l,2.0NRT,306.87,5.9,D
-13.64687,27.26682,335.5,0.4,0.37,2026-10-02,1147,N20,VIIRS,l,2.0NRT,305.78,5.9,D
-13.61211,26.27855,340.31,0.43,0.38,2026-10-02,1147,N20,VIIRS,n,2.0NRT,310.07,8.51,D
-13.53943,26.31564,333.67,0.43,0.38,2026-10-02,1147,N20,VIIRS,l,2.0NRT,305.96,4.7,D
-13.51481,25.92701,344.74,0.44,0.38,2026-10-02,1147,N20,VIIRS,n,2.0NRT,307.03,8.82,D
-13.5123,24.14582,333.77,0.54,0.42,2026-10-02,1147,N20,VIIRS,n,2.0NRT,304.05,4.96,D
-13.51165,24.15079,334.54,0.54,0.42,2026-10-02,1147,N20,VIIRS,n,2.0NRT,303.43,4.37,D
-13.51144,25.62187,346.07,0.45,0.39,2026-10-02,1147,N20,VIIRS,n,2.0NRT,303.89,7,D
-13.5107,24.14771,354.3,0.54,0.42,2026-10-02,1147,N20,VIIRS,n,2.0NRT,310.25,28.51,D
-13.50842,24.14528,335.5,0.54,0.42,2026-10-02,1147,N20,VIIRS,n,2.0NRT,304.15,12.09,D
-13.50777,24.15024,333.01,0.54,0.42,2026-10-02,1147,N20,VIIRS,n,2.0NRT,301.61,7.01,D
-13.50273,27.98907,335.45,0.39,0.36,2026-10-02,1147,N20,VIIRS,l,2.0NRT,306.43,4.51,D
-13.48951,26.45119,337.56,0.42,0.38,2026-10-02,1147,N20,VIIRS,l,2.0NRT,309.13,8.42,D
-13.47916,26.44967,333.54,0.42,0.38,2026-10-02,1147,N20,VIIRS,l,2.0NRT,305.2,3.39,D
-13.46579,27.89573,333.3,0.39,0.36,2026-10-02,1147,N20,VIIRS,l,2.0NRT,303.45,2.14,D
-13.45921,27.71164,333.9,0.39,0.36,2026-10-02,1147,N20,VIIRS,n,2.0NRT,298.74,1.22,D
-13.45224,26.46531,336.29,0.42,0.38,2026-10-02,1147,N20,VIIRS,l,2.0NRT,306.08,5.67,D
-13.45214,27.82781,336.61,0.39,0.36,2026-10-02,1147,N20,VIIRS,n,2.0NRT,303.79,3.35,D
-13.44113,27.33153,331.67,0.4,0.37,2026-10-02,1147,N20,VIIRS,n,2.0NRT,298.69,2,D
-13.43976,24.40566,332.61,0.52,0.42,2026-10-02,1147,N20,VIIRS,n,2.0NRT,300.61,5.3,D
-13.425,27.76116,332.84,0.39,0.36,2026-10-02,1147,N20,VIIRS,n,2.0NRT,300.48,7.28,D
-13.42447,27.76474,344.92,0.39,0.36,2026-10-02,1147,N20,VIIRS,n,2.0NRT,303.71,7.28,D
-13.41983,27.61346,346.79,0.39,0.36,2026-10-02,1147,N20,VIIRS,n,2.0NRT,300.28,4.06,D
-13.41943,27.17479,331.34,0.4,0.37,2026-10-02,1147,N20,VIIRS,n,2.0NRT,300.22,1.59,D
-13.41649,27.61295,331.93,0.39,0.36,2026-10-02,1147,N20,VIIRS,n,2.0NRT,300.2,2.1,D
-13.40853,25.75864,336.68,0.45,0.39,2026-10-02,1147,N20,VIIRS,l,2.0NRT,303.66,9.82,D
-13.40814,26.28915,333.53,0.42,0.38,2026-10-02,1147,N20,VIIRS,l,2.0NRT,306.95,4.39,D
-13.37851,23.97873,338.81,0.55,0.43,2026-10-02,1147,N20,VIIRS,n,2.0NRT,306.79,35.05,D
-13.36541,25.88577,330.58,0.44,0.38,2026-10-02,1147,N20,VIIRS,n,2.0NRT,302.31,4.11,D
-13.36151,27.61547,334,0.39,0.36,2026-10-02,1147,N20,VIIRS,l,2.0NRT,304.2,3.6,D
-13.34667,25.10223,332.41,0.48,0.4,2026-10-02,1147,N20,VIIRS,l,2.0NRT,303.75,6.72,D
-13.34492,24.3112,334.15,0.53,0.42,2026-10-02,1147,N20,VIIRS,l,2.0NRT,306.09,3.67,D
-13.33508,26.23007,338.69,0.43,0.38,2026-10-02,1147,N20,VIIRS,n,2.0NRT,305.54,5.05,D
-13.3316,26.22954,340.49,0.43,0.38,2026-10-02,1147,N20,VIIRS,n,2.0NRT,309.46,7.29,D
-13.30772,25.40442,332.9,0.46,0.39,2026-10-02,1147,N20,VIIRS,l,2.0NRT,306.52,6.12,D
-13.30091,27.19765,338.35,0.4,0.37,2026-10-02,1147,N20,VIIRS,n,2.0NRT,303.07,2.88,D
-13.28417,25.30986,340.11,0.47,0.39,2026-10-02,1147,N20,VIIRS,l,2.0NRT,299.08,6.49,D
-13.26804,25.8594,342.04,0.44,0.38,2026-10-02,1147,N20,VIIRS,l,2.0NRT,301.9,6.14,D
-13.26248,24.8787,331.49,0.49,0.4,2026-10-02,1147,N20,VIIRS,l,2.0NRT,303.99,4.59,D
-13.26185,24.88317,338.61,0.49,0.4,2026-10-02,1147,N20,VIIRS,n,2.0NRT,305.33,4.59,D
-13.25089,26.67322,331.79,0.41,0.37,2026-10-02,1147,N20,VIIRS,l,2.0NRT,304.79,3.58,D
-13.22288,26.23386,330.95,0.43,0.38,2026-10-02,1147,N20,VIIRS,l,2.0NRT,300.05,2.52,D
-13.22141,26.46649,336.29,0.42,0.37,2026-10-02,1147,N20,VIIRS,l,2.0NRT,302.22,6.41,D
-13.2109,26.3431,340.07,0.42,0.38,2026-10-02,1147,N20,VIIRS,n,2.0NRT,311.52,8.44,D
-13.19715,27.56017,344.51,0.39,0.36,2026-10-02,1147,N20,VIIRS,n,2.0NRT,302.13,4.92,D
-13.17254,25.64589,333.71,0.45,0.39,2026-10-02,1147,N20,VIIRS,l,2.0NRT,308.64,7.39,D
-13.17165,25.34221,332.06,0.46,0.39,2026-10-02,1147,N20,VIIRS,l,2.0NRT,307.04,4.72,D
-13.16953,27.49316,332.08,0.39,0.36,2026-10-02,1147,N20,VIIRS,l,2.0NRT,304.36,2.29,D
-13.16843,26.56748,333.32,0.41,0.37,2026-10-02,1147,N20,VIIRS,l,2.0NRT,304.79,4.85,D
-13.16787,26.57128,333.66,0.41,0.37,2026-10-02,1147,N20,VIIRS,l,2.0NRT,305.35,7.59,D
-13.16445,26.57075,349.97,0.41,0.37,2026-10-02,1147,N20,VIIRS,n,2.0NRT,307.39,10.68,D
-13.16158,26.56645,343.42,0.41,0.37,2026-10-02,1147,N20,VIIRS,l,2.0NRT,309.34,30.65,D
-13.16102,26.57024,338.64,0.41,0.37,2026-10-02,1147,N20,VIIRS,l,2.0NRT,300.53,10.68,D
-13.15263,24.02416,336.64,0.54,0.42,2026-10-02,1147,N20,VIIRS,n,2.0NRT,297.47,7.09,D
-13.15229,26.26689,340.06,0.42,0.38,2026-10-02,1147,N20,VIIRS,n,2.0NRT,307.55,6.59,D
-13.13222,27.2908,333.12,0.4,0.37,2026-10-02,1147,N20,VIIRS,l,2.0NRT,307.28,2.5,D
-13.1036,26.40969,334.86,0.42,0.38,2026-10-02,1147,N20,VIIRS,l,2.0NRT,305.8,3.28,D
-13.10316,24.60819,337.27,0.5,0.41,2026-10-02,1147,N20,VIIRS,n,2.0NRT,308.34,6.74,D
-13.08584,23.92599,347.27,0.55,0.43,2026-10-02,1147,N20,VIIRS,n,2.0NRT,299.83,17.53,D
-13.08288,23.88951,335.45,0.55,0.43,2026-10-02,1147,N20,VIIRS,n,2.0NRT,305.24,7.16,D
-13.08194,23.92545,355.75,0.55,0.43,2026-10-02,1147,N20,VIIRS,n,2.0NRT,296.5,17.53,D
-13.06686,24.62181,336.8,0.5,0.41,2026-10-02,1147,N20,VIIRS,n,2.0NRT,301.48,8.34,D
-13.06311,24.62128,344.88,0.5,0.41,2026-10-02,1147,N20,VIIRS,n,2.0NRT,302.46,8.34,D
-13.05144,26.98587,339.08,0.4,0.37,2026-10-02,1147,N20,VIIRS,n,2.0NRT,302.74,4.42,D
-13.04436,26.57978,344.42,0.41,0.37,2026-10-02,1147,N20,VIIRS,n,2.0NRT,306.74,16.09,D
-13.03117,26.9828,336.77,0.4,0.37,2026-10-02,1147,N20,VIIRS,n,2.0NRT,305.63,4.76,D
-13.02109,27.46916,333.15,0.39,0.36,2026-10-02,1147,N20,VIIRS,l,2.0NRT,305.34,3.49,D
-13.01789,25.89336,337.84,0.44,0.38,2026-10-02,1147,N20,VIIRS,l,2.0NRT,310.72,6.4,D
-13.01699,26.3574,347.69,0.42,0.38,2026-10-02,1147,N20,VIIRS,n,2.0NRT,312.09,14.59,D
-12.98677,25.86003,334.09,0.44,0.38,2026-10-02,1147,N20,VIIRS,l,2.0NRT,302.04,5.64,D
-12.98068,26.80059,333.18,0.41,0.37,2026-10-02,1147,N20,VIIRS,l,2.0NRT,303.61,1.97,D
-12.9791,27.24436,349.13,0.4,0.37,2026-10-02,1147,N20,VIIRS,n,2.0NRT,305.47,3.46,D
-12.97037,26.29575,332.71,0.42,0.38,2026-10-02,1147,N20,VIIRS,n,2.0NRT,299.92,1.57,D
-12.97036,26.58406,335.2,0.41,0.37,2026-10-02,1147,N20,VIIRS,n,2.0NRT,303.08,3.75,D
-12.96303,25.02085,339.76,0.48,0.4,2026-10-02,1147,N20,VIIRS,n,2.0NRT,305.68,13.03,D
-12.95817,25.29611,340.15,0.46,0.39,2026-10-02,1147,N20,VIIRS,l,2.0NRT,307.23,11.56,D
-12.95736,27.07662,332.81,0.4,0.37,2026-10-02,1147,N20,VIIRS,l,2.0NRT,305.17,3.14,D
-12.93785,26.34983,333.76,0.42,0.38,2026-10-02,1147,N20,VIIRS,n,2.0NRT,302.14,2.52,D
-12.9364,26.77103,336.04,0.41,0.37,2026-10-02,1147,N20,VIIRS,n,2.0NRT,297.63,3.77,D
-12.9134,26.75636,330.85,0.41,0.37,2026-10-02,1147,N20,VIIRS,l,2.0NRT,302.45,3.22,D
-12.90125,26.69717,343.65,0.41,0.37,2026-10-02,1147,N20,VIIRS,n,2.0NRT,305.99,7.75,D
-12.89753,24.19742,333.84,0.53,0.42,2026-10-02,1147,N20,VIIRS,n,2.0NRT,301.79,5.11,D
-12.88462,25.91864,331.19,0.43,0.38,2026-10-02,1147,N20,VIIRS,l,2.0NRT,304.15,3.27,D
-12.87376,26.55059,334.83,0.41,0.37,2026-10-02,1147,N20,VIIRS,l,2.0NRT,299.22,2.7,D
-12.86162,24.26103,335.99,0.52,0.42,2026-10-02,1147,N20,VIIRS,n,2.0NRT,302.96,6.8,D
-12.85691,25.9876,334.76,0.43,0.38,2026-10-02,1147,N20,VIIRS,n,2.0NRT,307.81,5.82,D
-12.85489,25.92646,334.45,0.43,0.38,2026-10-02,1147,N20,VIIRS,l,2.0NRT,308.84,8.24,D
-12.85346,26.66693,331.87,0.41,0.37,2026-10-02,1147,N20,VIIRS,l,2.0NRT,304.95,5.62,D
-12.83087,26.12027,332.01,0.43,0.38,2026-10-02,1147,N20,VIIRS,l,2.0NRT,302.64,8.16,D
-12.83032,26.12417,342.97,0.43,0.38,2026-10-02,1147,N20,VIIRS,n,2.0NRT,302.7,8.16,D
-12.80956,26.94517,336.68,0.4,0.37,2026-10-02,1147,N20,VIIRS,n,2.0NRT,291.9,4.35,D
-12.80924,25.23666,337.64,0.46,0.39,2026-10-02,1147,N20,VIIRS,n,2.0NRT,305.09,5.88,D
-12.79527,24.26895,337.41,0.52,0.42,2026-10-02,1147,N20,VIIRS,l,2.0NRT,309.93,13.33,D
-12.77555,24.27116,342.99,0.52,0.42,2026-10-02,1147,N20,VIIRS,n,2.0NRT,311.12,32.31,D
-12.763,25.70852,330.05,0.44,0.39,2026-10-02,1147,N20,VIIRS,l,2.0NRT,304.71,5.5,D
-12.75811,25.25939,337.03,0.46,0.39,2026-10-02,1147,N20,VIIRS,n,2.0NRT,307.78,7.06,D
-12.73586,25.26058,336.58,0.46,0.39,2026-10-02,1147,N20,VIIRS,n,2.0NRT,302.6,10.19,D
-12.73526,25.26484,367,0.46,0.39,2026-10-02,1147,N20,VIIRS,h,2.0NRT,305.61,10.19,D
-12.72989,25.56192,337.43,0.45,0.39,2026-10-02,1147,N20,VIIRS,l,2.0NRT,306.85,5.24,D
-12.70624,26.11017,333.87,0.43,0.38,2026-10-02,1147,N20,VIIRS,l,2.0NRT,292.21,7.98,D
-12.69062,25.68539,335.93,0.44,0.39,2026-10-02,1147,N20,VIIRS,n,2.0NRT,300.51,5.35,D
-12.64354,26.18765,333.13,0.42,0.38,2026-10-02,1147,N20,VIIRS,l,2.0NRT,301.25,9.11,D
-12.62317,26.40022,338.68,0.42,0.37,2026-10-02,1147,N20,VIIRS,n,2.0NRT,297.55,7.88,D
-12.5873,25.65026,340.05,0.44,0.39,2026-10-02,1147,N20,VIIRS,n,2.0NRT,301.04,2.84,D
-12.58377,25.64972,344.37,0.44,0.39,2026-10-02,1147,N20,VIIRS,n,2.0NRT,301.11,4.27,D
-12.57526,25.12681,348.13,0.47,0.4,2026-10-02,1147,N20,VIIRS,n,2.0NRT,301.02,8.77,D
-12.57196,24.4333,333.76,0.51,0.41,2026-10-02,1147,N20,VIIRS,n,2.0NRT,299.98,7.23,D
-12.57164,25.12626,334.07,0.47,0.4,2026-10-02,1147,N20,VIIRS,l,2.0NRT,308.05,40.23,D
-12.47904,26.12053,335.83,0.42,0.38,2026-10-02,1147,N20,VIIRS,n,2.0NRT,296.09,8.12,D
-12.47772,26.12013,342.54,0.42,0.38,2026-10-02,1147,N20,VIIRS,n,2.0NRT,296.31,6.5,D
-13.96684,27.05013,299.05,0.43,0.62,2026-10-02,2252,N20,VIIRS,n,2.0NRT,284.95,0.58,N
-13.87035,25.78428,301.73,0.52,0.67,2026-10-02,2252,N20,VIIRS,n,2.0NRT,286.24,1.15,N
-13.86996,25.78118,296.97,0.52,0.67,2026-10-02,2252,N20,VIIRS,n,2.0NRT,286.49,0.37,N
-13.7241,25.87502,303.85,0.51,0.66,2026-10-02,2252,N20,VIIRS,n,2.0NRT,286.47,0.65,N
-13.71801,25.84591,301.17,0.52,0.67,2026-10-02,2252,N20,VIIRS,n,2.0NRT,286.86,0.54,N
-13.71,25.8683,297.33,0.52,0.66,2026-10-02,2252,N20,VIIRS,n,2.0NRT,286.29,0.56,N
-13.70587,25.84863,300.96,0.52,0.67,2026-10-02,2252,N20,VIIRS,n,2.0NRT,286.92,0.92,N
-13.67647,28.10796,306.19,0.37,0.58,2026-10-02,2252,N20,VIIRS,n,2.0NRT,285.07,0.66,N
-13.67542,25.82501,298.25,0.52,0.67,2026-10-02,2252,N20,VIIRS,n,2.0NRT,287.23,0.74,N
-13.53397,27.196,297.24,0.42,0.61,2026-10-02,2252,N20,VIIRS,n,2.0NRT,286.03,0.5,N
-13.46307,27.40747,296.7,0.41,0.61,2026-10-02,2252,N20,VIIRS,n,2.0NRT,285.75,0.28,N
-13.45909,27.4086,296.62,0.41,0.61,2026-10-02,2252,N20,VIIRS,n,2.0NRT,285.48,0.47,N
-13.45155,27.37024,296.88,0.42,0.61,2026-10-02,2252,N20,VIIRS,n,2.0NRT,285.81,0.62,N
-13.42282,27.28362,296.88,0.42,0.61,2026-10-02,2252,N20,VIIRS,n,2.0NRT,286.09,0.37,N
-13.39547,25.97468,301.41,0.51,0.66,2026-10-02,2252,N20,VIIRS,n,2.0NRT,286.38,0.94,N
-13.39481,25.97307,303.99,0.52,0.66,2026-10-02,2252,N20,VIIRS,n,2.0NRT,286.42,0.8,N
-13.38808,27.56824,297.53,0.4,0.6,2026-10-02,2252,N20,VIIRS,n,2.0NRT,285.71,0.63,N
-13.38735,27.56452,303.56,0.4,0.6,2026-10-02,2252,N20,VIIRS,n,2.0NRT,285.6,0.63,N
-13.38673,27.56551,304.81,0.4,0.6,2026-10-02,2252,N20,VIIRS,n,2.0NRT,285.39,1.05,N
-13.30095,26.54935,301.12,0.47,0.64,2026-10-02,2252,N20,VIIRS,n,2.0NRT,285.73,1.35,N
-13.30008,26.545,302.01,0.47,0.64,2026-10-02,2252,N20,VIIRS,n,2.0NRT,285.29,1.3,N
-13.29818,26.5462,308.73,0.47,0.64,2026-10-02,2252,N20,VIIRS,n,2.0NRT,285.9,1.23,N
-13.12793,23.9534,296.71,0.7,0.75,2026-10-02,2252,N20,VIIRS,n,2.0NRT,284.61,0.88,N
-12.82436,27.28856,295.67,0.43,0.62,2026-10-02,2252,N20,VIIRS,n,2.0NRT,285,0.78,N
-14.59255,25.55932,299.05,0.52,0.67,2026-10-02,2254,N20,VIIRS,n,2.0NRT,287.22,0.94,N
-14.59175,25.55616,309.84,0.52,0.67,2026-10-02,2254,N20,VIIRS,n,2.0NRT,286.65,2.56,N
-14.59155,25.55453,300.03,0.52,0.67,2026-10-02,2254,N20,VIIRS,n,2.0NRT,286.85,0.94,N
-14.58549,25.55605,303.4,0.52,0.67,2026-10-02,2254,N20,VIIRS,n,2.0NRT,286.97,1,N
-14.50715,25.48755,297.6,0.53,0.67,2026-10-02,2254,N20,VIIRS,n,2.0NRT,286.36,1.03,N
-14.49047,25.13317,299.05,0.56,0.69,2026-10-02,2254,N20,VIIRS,n,2.0NRT,286.59,1.11,N
-14.48938,25.12796,307.1,0.56,0.69,2026-10-02,2254,N20,VIIRS,n,2.0NRT,286.68,1.11,N
-14.48674,25.13085,316.49,0.56,0.68,2026-10-02,2254,N20,VIIRS,n,2.0NRT,286.4,2.42,N
-14.43622,25.06311,308.47,0.56,0.69,2026-10-02,2254,N20,VIIRS,n,2.0NRT,285.99,1.6,N
-14.35433,25.60587,303.69,0.52,0.67,2026-10-02,2254,N20,VIIRS,n,2.0NRT,286.99,1.05,N
-14.3533,25.60095,302.66,0.52,0.67,2026-10-02,2254,N20,VIIRS,n,2.0NRT,286.85,1.05,N
-14.10594,25.36956,297.2,0.55,0.68,2026-10-02,2254,N20,VIIRS,n,2.0NRT,286.53,1.09,N
-14.10266,25.3736,296.26,0.55,0.68,2026-10-02,2254,N20,VIIRS,n,2.0NRT,286.22,0.91,N
-14.09976,25.37103,297.8,0.55,0.68,2026-10-02,2254,N20,VIIRS,n,2.0NRT,286.29,1.09,N
-14.09838,25.35309,332.84,0.55,0.68,2026-10-02,2254,N20,VIIRS,n,2.0NRT,286.96,4.42,N
-14.09647,25.37506,297.26,0.55,0.68,2026-10-02,2254,N20,VIIRS,n,2.0NRT,286.37,0.91,N
-14.09644,25.35571,319.35,0.55,0.68,2026-10-02,2254,N20,VIIRS,n,2.0NRT,287.41,3.74,N
-14.09541,25.37001,297.71,0.55,0.68,2026-10-02,2254,N20,VIIRS,n,2.0NRT,286.17,2.05,N
-14.09533,25.35058,303.99,0.55,0.68,2026-10-02,2254,N20,VIIRS,n,2.0NRT,286.62,2.34,N
-14.08921,25.3714,296.27,0.55,0.68,2026-10-02,2254,N20,VIIRS,n,2.0NRT,286.16,0.98,N
-14.488,25.13326,310.84,0.68,0.74,2026-10-03,35,N20,VIIRS,n,2.0NRT,284.93,2.01,N
-14.48624,25.13511,299.76,0.68,0.74,2026-10-03,35,N20,VIIRS,n,2.0NRT,285.52,1.29,N
-14.09835,25.37088,295.24,0.69,0.74,2026-10-03,35,N20,VIIRS,n,2.0NRT,285.14,1.51,N
-14.09721,25.35042,303.81,0.69,0.74,2026-10-03,35,N20,VIIRS,n,2.0NRT,285.67,1.13,N
-14.09633,25.35192,300.12,0.69,0.74,2026-10-03,35,N20,VIIRS,n,2.0NRT,285.54,1.28,N
-13.60015,25.54956,299.18,0.7,0.75,2026-10-03,35,N20,VIIRS,n,2.0NRT,286.37,0.93,N
-13.60013,25.54947,299.31,0.7,0.75,2026-10-03,35,N20,VIIRS,n,2.0NRT,286.09,1.17,N
-13.13453,23.95501,304.04,0.54,0.68,2026-10-03,35,N20,VIIRS,n,2.0NRT,284.35,0.96,N
-13.12993,23.95579,296.79,0.54,0.68,2026-10-03,35,N20,VIIRS,n,2.0NRT,283.76,1.35,N
-13.06357,23.92813,302.17,0.54,0.68,2026-10-03,35,N20,VIIRS,n,2.0NRT,285.52,1.79,N
-14.69393,24.89312,335.79,0.34,0.56,2026-10-03,1125,N20,VIIRS,n,2.0NRT,307.66,2.07,D
-14.68913,24.88945,332.98,0.34,0.56,2026-10-03,1125,N20,VIIRS,n,2.0NRT,307.32,4.87,D
-14.68877,24.89257,367,0.34,0.56,2026-10-03,1125,N20,VIIRS,h,2.0NRT,310.31,4.87,D
-14.66789,25.45551,336.62,0.62,0.54,2026-10-03,1125,N20,VIIRS,l,2.0NRT,308.13,4.31,D
-14.6637,25.48989,342.45,0.62,0.54,2026-10-03,1125,N20,VIIRS,n,2.0NRT,310.14,11.09,D
-14.66359,24.51123,334.59,0.36,0.57,2026-10-03,1125,N20,VIIRS,n,2.0NRT,307.33,3.28,D
-14.6632,24.51458,367,0.36,0.57,2026-10-03,1125,N20,VIIRS,h,2.0NRT,305.88,3.28,D
-14.66137,24.8122,348.75,0.34,0.56,2026-10-03,1125,N20,VIIRS,n,2.0NRT,308.06,4.95,D
-14.66037,24.80525,334.08,0.34,0.56,2026-10-03,1125,N20,VIIRS,l,2.0NRT,305.26,3.45,D
-14.65959,24.81172,349.23,0.34,0.56,2026-10-03,1125,N20,VIIRS,n,2.0NRT,308.38,4.18,D
-14.65946,25.48354,338.62,0.62,0.54,2026-10-03,1125,N20,VIIRS,n,2.0NRT,305.55,6.35,D
-14.65876,25.48927,339.1,0.62,0.54,2026-10-03,1125,N20,VIIRS,l,2.0NRT,312.6,6.35,D
-14.65692,24.80513,343.68,0.34,0.56,2026-10-03,1125,N20,VIIRS,n,2.0NRT,306.57,5.33,D
-14.65519,24.80469,337.05,0.34,0.56,2026-10-03,1125,N20,VIIRS,l,2.0NRT,308.58,3.7,D
-14.64487,25.04765,338.09,0.33,0.55,2026-10-03,1125,N20,VIIRS,n,2.0NRT,309.88,4.25,D
-14.64452,25.05068,367,0.33,0.55,2026-10-03,1125,N20,VIIRS,h,2.0NRT,309.96,4.25,D
-14.63741,24.02399,337.41,0.39,0.59,2026-10-03,1125,N20,VIIRS,l,2.0NRT,307.95,6.55,D
-14.6362,24.02371,338.93,0.39,0.59,2026-10-03,1125,N20,VIIRS,l,2.0NRT,309.33,4.36,D
-14.63159,24.01584,340.59,0.39,0.59,2026-10-03,1125,N20,VIIRS,l,2.0NRT,311.02,2.94,D
-14.63117,24.01947,334.82,0.39,0.59,2026-10-03,1125,N20,VIIRS,l,2.0NRT,308.35,2.94,D
-14.62569,24.15977,344.3,0.38,0.59,2026-10-03,1125,N20,VIIRS,n,2.0NRT,311.59,1.82,D
-14.62247,24.15963,336.59,0.38,0.59,2026-10-03,1125,N20,VIIRS,l,2.0NRT,308.78,1.46,D
-14.61584,24.36541,335.43,0.37,0.58,2026-10-03,1125,N20,VIIRS,n,2.0NRT,307.92,5.14,D
-14.61545,24.36885,367,0.37,0.58,2026-10-03,1125,N20,VIIRS,h,2.0NRT,307.72,9.97,D
-14.61206,27.22206,347.63,0.47,0.48,2026-10-03,1125,N20,VIIRS,n,2.0NRT,307.87,6.03,D
-14.59841,27.29563,341.48,0.47,0.48,2026-10-03,1125,N20,VIIRS,n,2.0NRT,312.88,4.45,D
-14.59776,28.11413,346.69,0.41,0.45,2026-10-03,1125,N20,VIIRS,n,2.0NRT,314.53,10.34,D
-14.59526,24.09148,337.68,0.38,0.59,2026-10-03,1125,N20,VIIRS,l,2.0NRT,312.34,4.48,D
-14.57237,24.09944,337.57,0.38,0.59,2026-10-03,1125,N20,VIIRS,n,2.0NRT,309.61,6.8,D
-14.57083,24.01589,339.59,0.39,0.59,2026-10-03,1125,N20,VIIRS,n,2.0NRT,308.71,2.06,D
-14.56695,24.09884,367,0.38,0.59,2026-10-03,1125,N20,VIIRS,h,2.0NRT,306.08,4.73,D
-14.56248,25.23272,334.91,0.32,0.55,2026-10-03,1125,N20,VIIRS,l,2.0NRT,307.38,1.3,D
-14.56213,25.23567,333.88,0.32,0.55,2026-10-03,1125,N20,VIIRS,n,2.0NRT,306.79,1.3,D
-14.55712,23.94049,332.94,0.39,0.6,2026-10-03,1125,N20,VIIRS,n,2.0NRT,304.73,4.36,D
-14.55672,23.94415,355.02,0.39,0.59,2026-10-03,1125,N20,VIIRS,n,2.0NRT,304.44,4.36,D
-14.55649,23.99592,333.59,0.39,0.59,2026-10-03,1125,N20,VIIRS,l,2.0NRT,305.62,8.86,D
-14.55609,23.99956,347.4,0.39,0.59,2026-10-03,1125,N20,VIIRS,n,2.0NRT,308.74,9.49,D
-14.55575,23.94287,351.26,0.39,0.59,2026-10-03,1125,N20,VIIRS,n,2.0NRT,303.49,4.68,D
-14.55528,24.0068,338.98,0.39,0.59,2026-10-03,1125,N20,VIIRS,n,2.0NRT,308.54,5.29,D
-14.55447,24.01401,338.18,0.39,0.59,2026-10-03,1125,N20,VIIRS,n,2.0NRT,306.84,2.28,D
-14.55063,23.99892,355.91,0.39,0.59,2026-10-03,1125,N20,VIIRS,n,2.0NRT,311.81,9.49,D
-14.55023,24.00255,353.66,0.39,0.59,2026-10-03,1125,N20,VIIRS,n,2.0NRT,310.13,9.49,D
-14.54983,24.00616,343.39,0.39,0.59,2026-10-03,1125,N20,VIIRS,n,2.0NRT,308.69,5.29,D
-14.54928,23.99755,353.36,0.39,0.59,2026-10-03,1125,N20,VIIRS,n,2.0NRT,309.5,9.82,D
-14.54885,24.00116,367,0.39,0.59,2026-10-03,1125,N20,VIIRS,h,2.0NRT,310.4,9.82,D
-14.54842,24.00477,367,0.39,0.59,2026-10-03,1125,N20,VIIRS,h,2.0NRT,308.34,11.41,D
-14.54518,23.99829,367,0.39,0.59,2026-10-03,1125,N20,VIIRS,h,2.0NRT,305.63,7.81,D
-14.54478,24.0019,367,0.39,0.59,2026-10-03,1125,N20,VIIRS,h,2.0NRT,306.22,7.81,D
-14.54438,24.00551,336.39,0.39,0.59,2026-10-03,1125,N20,VIIRS,n,2.0NRT,304.03,4.13,D
-14.5434,24.00053,337.32,0.39,0.59,2026-10-03,1125,N20,VIIRS,n,2.0NRT,303.32,9.82,D
-14.5305,23.92157,367,0.39,0.6,2026-10-03,1125,N20,VIIRS,h,2.0NRT,310.04,10.9,D
-14.52542,24.17591,344.1,0.38,0.59,2026-10-03,1125,N20,VIIRS,n,2.0NRT,313.01,4.06,D
-14.5228,24.17422,345.8,0.38,0.59,2026-10-03,1125,N20,VIIRS,n,2.0NRT,311.14,4.57,D
-14.50795,24.25336,347.34,0.37,0.58,2026-10-03,1125,N20,VIIRS,n,2.0NRT,308.62,8.16,D
-14.49331,26.99747,343.56,0.49,0.48,2026-10-03,1125,N20,VIIRS,n,2.0NRT,306.96,3.68,D
-14.49234,24.70282,346.25,0.35,0.57,2026-10-03,1125,N20,VIIRS,n,2.0NRT,305.25,3.31,D
-14.49214,26.99568,333.08,0.49,0.48,2026-10-03,1125,N20,VIIRS,l,2.0NRT,306.78,2.17,D
-14.47835,24.95683,336.95,0.33,0.56,2026-10-03,1125,N20,VIIRS,n,2.0NRT,306.63,2.44,D
-14.47721,24.92241,332.39,0.34,0.56,2026-10-03,1125,N20,VIIRS,l,2.0NRT,307.02,3.3,D
-14.45725,23.9314,344.08,0.39,0.59,2026-10-03,1125,N20,VIIRS,n,2.0NRT,306.7,5.11,D
-14.45684,23.93507,333.55,0.39,0.59,2026-10-03,1125,N20,VIIRS,l,2.0NRT,306.51,5.03,D
-14.45238,25.13306,367,0.32,0.55,2026-10-03,1125,N20,VIIRS,h,2.0NRT,309.18,8.68,D
-14.45178,23.9307,346.17,0.39,0.59,2026-10-03,1125,N20,VIIRS,n,2.0NRT,308.05,5.11,D
-14.45146,24.12946,367,0.38,0.59,2026-10-03,1125,N20,VIIRS,h,2.0NRT,307.16,5.28,D
-14.45137,23.93437,351.54,0.39,0.59,2026-10-03,1125,N20,VIIRS,n,2.0NRT,307.77,5.03,D
-14.44344,24.29484,335.87,0.37,0.58,2026-10-03,1125,N20,VIIRS,n,2.0NRT,303.57,2.94,D
-14.42388,26.93754,345.17,0.49,0.49,2026-10-03,1125,N20,VIIRS,n,2.0NRT,313.72,4.95,D
-14.41758,25.25527,332.9,0.32,0.54,2026-10-03,1125,N20,VIIRS,l,2.0NRT,305.76,3.25,D
-14.41356,23.87042,353.85,0.39,0.6,2026-10-03,1125,N20,VIIRS,n,2.0NRT,303.84,3.54,D
-14.41292,25.25169,333.76,0.32,0.54,2026-10-03,1125,N20,VIIRS,l,2.0NRT,305.46,2.25,D
-14.4118,25.00885,367,0.33,0.55,2026-10-03,1125,N20,VIIRS,h,2.0NRT,304.45,7.58,D
-14.40781,24.9992,335.47,0.33,0.55,2026-10-03,1125,N20,VIIRS,n,2.0NRT,305.37,13.29,D
-14.40744,25.00222,335.81,0.33,0.55,2026-10-03,1125,N20,VIIRS,n,2.0NRT,305.36,11.38,D
-14.40271,24.99859,350.31,0.33,0.55,2026-10-03,1125,N20,VIIRS,n,2.0NRT,313.15,13.29,D
-14.40235,25.00162,367,0.33,0.55,2026-10-03,1125,N20,VIIRS,h,2.0NRT,309.2,11.38,D
-14.40084,24.79684,367,0.34,0.56,2026-10-03,1125,N20,VIIRS,h,2.0NRT,307.4,8.38,D
-14.3919,27.30071,339.17,0.46,0.47,2026-10-03,1125,N20,VIIRS,n,2.0NRT,307.21,4.22,D
-14.38532,24.83976,331.35,0.34,0.56,2026-10-03,1125,N20,VIIRS,n,2.0NRT,301.07,4.13,D
-14.37982,24.84223,330.91,0.34,0.56,2026-10-03,1125,N20,VIIRS,l,2.0NRT,302.59,4.77,D
-14.37822,24.12792,367,0.38,0.59,2026-10-03,1125,N20,VIIRS,h,2.0NRT,309.89,9.83,D
-14.37797,24.90216,335.09,0.34,0.56,2026-10-03,1125,N20,VIIRS,n,2.0NRT,306.76,9.18,D
-14.3776,24.90524,367,0.34,0.56,2026-10-03,1125,N20,VIIRS,h,2.0NRT,309.6,8.64,D
-14.37248,24.9046,367,0.34,0.56,2026-10-03,1125,N20,VIIRS,h,2.0NRT,309.58,8.64,D
-14.36647,25.60377,335.63,0.6,0.53,2026-10-03,1125,N20,VIIRS,l,2.0NRT,307,3.57,D
-14.36095,25.60855,335.08,0.6,0.53,2026-10-03,1125,N20,VIIRS,l,2.0NRT,308.09,4.38,D
-14.34253,25.32756,343,0.63,0.54,2026-10-03,1125,N20,VIIRS,n,2.0NRT,305.51,8.15,D
-14.33398,25.31466,331.63,0.63,0.54,2026-10-03,1125,N20,VIIRS,n,2.0NRT,295.76,7.68,D
-14.33349,28.1168,340.49,0.41,0.45,2026-10-03,1125,N20,VIIRS,n,2.0NRT,307.43,1.81,D
-14.33327,25.32052,353.9,0.63,0.54,2026-10-03,1125,N20,VIIRS,n,2.0NRT,301.75,7.68,D
-14.329,25.31401,340.66,0.63,0.54,2026-10-03,1125,N20,VIIRS,n,2.0NRT,302.23,9.29,D
-14.3283,25.31989,345.29,0.63,0.54,2026-10-03,1125,N20,VIIRS,n,2.0NRT,303.05,9.29,D
-14.3269,25.33161,355.36,0.63,0.54,2026-10-03,1125,N20,VIIRS,n,2.0NRT,289.12,19.57,D
-14.31766,25.32445,331.73,0.63,0.54,2026-10-03,1125,N20,VIIRS,l,2.0NRT,304.71,2.5,D
-14.31602,28.12213,347.87,0.41,0.45,2026-10-03,1125,N20,VIIRS,n,2.0NRT,309.61,5.04,D
-14.28812,27.23616,332.82,0.47,0.48,2026-10-03,1125,N20,VIIRS,n,2.0NRT,303.52,2.52,D
-14.1877,24.88231,346.43,0.33,0.56,2026-10-03,1125,N20,VIIRS,n,2.0NRT,307.54,4.97,D
-14.18733,24.8854,330.72,0.33,0.56,2026-10-03,1125,N20,VIIRS,l,2.0NRT,305.55,3.39,D
-14.18319,26.89264,335.54,0.49,0.49,2026-10-03,1125,N20,VIIRS,n,2.0NRT,301.51,2.86,D
-14.17997,26.89335,330.32,0.49,0.49,2026-10-03,1125,N20,VIIRS,l,2.0NRT,302.1,2.49,D
-14.1772,27.93992,335.02,0.42,0.45,2026-10-03,1125,N20,VIIRS,l,2.0NRT,309.23,4.52,D
-14.17598,25.44993,343.02,0.61,0.54,2026-10-03,1125,N20,VIIRS,n,2.0NRT,312.85,74.3,D
-14.13111,25.53503,348.53,0.6,0.53,2026-10-03,1125,N20,VIIRS,n,2.0NRT,308.68,13.39,D
-14.12851,25.53359,348.21,0.6,0.53,2026-10-03,1125,N20,VIIRS,n,2.0NRT,307.05,13.14,D
-14.12705,25.50529,348.57,0.61,0.53,2026-10-03,1125,N20,VIIRS,n,2.0NRT,306.17,11.17,D
-14.11477,25.3604,337.18,0.62,0.54,2026-10-03,1125,N20,VIIRS,l,2.0NRT,308.26,22.01,D
-14.10983,25.35977,335.07,0.62,0.54,2026-10-03,1125,N20,VIIRS,l,2.0NRT,306.88,9.68,D
-14.10076,25.39337,339.24,0.62,0.54,2026-10-03,1125,N20,VIIRS,n,2.0NRT,307.22,4.62,D
-14.08896,26.25167,337.84,0.54,0.51,2026-10-03,1125,N20,VIIRS,n,2.0NRT,303.99,17.74,D
-14.08835,26.25663,343.86,0.54,0.51,2026-10-03,1125,N20,VIIRS,n,2.0NRT,304.03,31.34,D
-14.08149,24.52416,367,0.35,0.57,2026-10-03,1125,N20,VIIRS,h,2.0NRT,304.38,6.86,D
-14.07677,25.38451,330.49,0.62,0.54,2026-10-03,1125,N20,VIIRS,l,2.0NRT,303.33,1.39,D
-14.07133,24.74592,343.63,0.34,0.56,2026-10-03,1125,N20,VIIRS,n,2.0NRT,304.85,3.74,D
-14.06753,26.23345,332.93,0.54,0.51,2026-10-03,1125,N20,VIIRS,l,2.0NRT,306.71,3.98,D
-14.05189,27.73959,348.47,0.43,0.46,2026-10-03,1125,N20,VIIRS,n,2.0NRT,311.44,6.55,D
-14.04768,27.73902,340.54,0.43,0.46,2026-10-03,1125,N20,VIIRS,n,2.0NRT,309.36,6.55,D
-14.00664,27.72537,351.87,0.43,0.46,2026-10-03,1125,N20,VIIRS,n,2.0NRT,312.15,18.88,D
-14.00613,27.72934,346.68,0.43,0.46,2026-10-03,1125,N20,VIIRS,n,2.0NRT,309.62,7.64,D
-13.99129,24.7838,331.07,0.34,0.56,2026-10-03,1125,N20,VIIRS,l,2.0NRT,304.69,1.89,D
-13.99092,24.7869,342.63,0.34,0.56,2026-10-03,1125,N20,VIIRS,n,2.0NRT,302.68,1.89,D
-13.98104,24.7824,335.15,0.34,0.56,2026-10-03,1125,N20,VIIRS,n,2.0NRT,304.97,6.29,D
-13.96387,27.14851,332.23,0.47,0.48,2026-10-03,1125,N20,VIIRS,l,2.0NRT,306.8,5.85,D
-13.96003,27.14363,346.7,0.47,0.48,2026-10-03,1125,N20,VIIRS,n,2.0NRT,305.53,5.45,D
-13.95956,24.60941,335.51,0.35,0.56,2026-10-03,1125,N20,VIIRS,n,2.0NRT,304.3,2.97,D
-13.9595,27.14793,334.28,0.47,0.48,2026-10-03,1125,N20,VIIRS,l,2.0NRT,304.38,5.45,D
-13.93908,26.22769,335.78,0.54,0.51,2026-10-03,1125,N20,VIIRS,l,2.0NRT,308.06,4.49,D
-13.92396,24.71847,331.3,0.34,0.56,2026-10-03,1125,N20,VIIRS,n,2.0NRT,304.93,1.22,D
-13.91638,25.62786,330.85,0.59,0.53,2026-10-03,1125,N20,VIIRS,l,2.0NRT,305.76,4.11,D
-13.91422,24.3599,342.41,0.36,0.57,2026-10-03,1125,N20,VIIRS,n,2.0NRT,307.78,2.75,D
-13.89603,27.65013,343.7,0.43,0.46,2026-10-03,1125,N20,VIIRS,n,2.0NRT,303.68,4.44,D
-13.89378,27.99522,351.89,0.41,0.45,2026-10-03,1125,N20,VIIRS,n,2.0NRT,315.59,17.42,D
-13.89327,27.99906,344.72,0.41,0.45,2026-10-03,1125,N20,VIIRS,n,2.0NRT,313.64,5.71,D
-13.87326,28.1191,343.41,0.4,0.45,2026-10-03,1125,N20,VIIRS,n,2.0NRT,312.6,6.36,D
-13.86073,27.99094,336.69,0.41,0.45,2026-10-03,1125,N20,VIIRS,l,2.0NRT,306.92,2.7,D
-13.8538,24.19644,339.76,0.37,0.58,2026-10-03,1125,N20,VIIRS,n,2.0NRT,302.58,3.63,D
-13.8482,28.11956,345.7,0.4,0.45,2026-10-03,1125,N20,VIIRS,n,2.0NRT,308.55,4.11,D
-13.83498,25.51301,332.04,0.6,0.53,2026-10-03,1125,N20,VIIRS,l,2.0NRT,305.99,3.53,D
-13.82917,24.17601,340.38,0.37,0.58,2026-10-03,1125,N20,VIIRS,n,2.0NRT,305.78,5.38,D
-13.81528,27.80509,338.39,0.42,0.45,2026-10-03,1125,N20,VIIRS,n,2.0NRT,309.8,3.27,D
-13.81428,23.92692,331.52,0.38,0.59,2026-10-03,1125,N20,VIIRS,l,2.0NRT,303.97,3.43,D
-13.8126,23.92643,330.5,0.38,0.59,2026-10-03,1125,N20,VIIRS,n,2.0NRT,303.54,1.52,D
-13.80824,26.5189,333.69,0.51,0.5,2026-10-03,1125,N20,VIIRS,l,2.0NRT,304.97,4.16,D
-13.80438,26.52053,344.56,0.51,0.5,2026-10-03,1125,N20,VIIRS,n,2.0NRT,307.28,8.28,D
-13.80368,26.51836,341.59,0.51,0.5,2026-10-03,1125,N20,VIIRS,n,2.0NRT,306.62,4.16,D
-13.79273,27.78245,352.27,0.42,0.46,2026-10-03,1125,N20,VIIRS,n,2.0NRT,312.23,10.77,D
-13.78952,25.1059,337.04,0.32,0.55,2026-10-03,1125,N20,VIIRS,n,2.0NRT,305.39,2.96,D
-13.7894,26.52146,344.25,0.51,0.5,2026-10-03,1125,N20,VIIRS,n,2.0NRT,310.21,18.57,D
-13.78878,26.52627,340.69,0.51,0.49,2026-10-03,1125,N20,VIIRS,n,2.0NRT,303.72,18.57,D
-13.78485,26.52089,339.97,0.51,0.5,2026-10-03,1125,N20,VIIRS,n,2.0NRT,309.78,18.57,D
-13.78423,26.52567,342.33,0.51,0.49,2026-10-03,1125,N20,VIIRS,n,2.0NRT,306.36,18.57,D
-13.78202,28.08847,341.39,0.41,0.45,2026-10-03,1125,N20,VIIRS,l,2.0NRT,316.32,39.42,D
-13.7803,26.52031,334.55,0.51,0.5,2026-10-03,1125,N20,VIIRS,l,2.0NRT,309.24,24.35,D
-13.77993,24.03692,341.1,0.38,0.59,2026-10-03,1125,N20,VIIRS,n,2.0NRT,304.71,2.56,D
-13.77969,26.52506,341.57,0.51,0.49,2026-10-03,1125,N20,VIIRS,n,2.0NRT,305.92,24.35,D
-13.77744,24.03627,334.94,0.38,0.59,2026-10-03,1125,N20,VIIRS,n,2.0NRT,303.06,1.47,D
-13.76584,25.09039,336.4,0.32,0.55,2026-10-03,1125,N20,VIIRS,n,2.0NRT,305.64,2.85,D
-13.76581,25.09116,334.68,0.32,0.55,2026-10-03,1125,N20,VIIRS,l,2.0NRT,305.75,2.87,D
-13.76548,25.09333,337.11,0.32,0.55,2026-10-03,1125,N20,VIIRS,n,2.0NRT,305.45,2.85,D
-13.76547,25.09411,337.51,0.32,0.55,2026-10-03,1125,N20,VIIRS,n,2.0NRT,304.9,2.87,D
-13.76513,25.09705,345.17,0.32,0.55,2026-10-03,1125,N20,VIIRS,n,2.0NRT,303.89,4.25,D
-13.76511,25.09627,345.34,0.32,0.55,2026-10-03,1125,N20,VIIRS,n,2.0NRT,304.71,2.75,D
-13.75255,25.45761,335.84,0.6,0.53,2026-10-03,1125,N20,VIIRS,l,2.0NRT,306.95,3.99,D
-13.75188,25.46317,341.8,0.6,0.53,2026-10-03,1125,N20,VIIRS,n,2.0NRT,306.45,3.99,D
-13.74766,25.45697,334.54,0.6,0.53,2026-10-03,1125,N20,VIIRS,l,2.0NRT,307.46,9.87,D
-13.74699,25.46253,343.41,0.6,0.53,2026-10-03,1125,N20,VIIRS,n,2.0NRT,307.26,9.87,D
-13.74372,23.90384,347.58,0.39,0.59,2026-10-03,1125,N20,VIIRS,n,2.0NRT,311.26,9.96,D
-13.74331,23.90741,355.12,0.38,0.59,2026-10-03,1125,N20,VIIRS,n,2.0NRT,315.3,11.74,D
-13.74289,23.91098,345.36,0.38,0.59,2026-10-03,1125,N20,VIIRS,n,2.0NRT,306.07,11.74,D
-13.73829,23.90319,367,0.39,0.59,2026-10-03,1125,N20,VIIRS,h,2.0NRT,306.64,8.64,D
-13.73788,23.90674,351.51,0.38,0.59,2026-10-03,1125,N20,VIIRS,n,2.0NRT,303.12,9.39,D
-13.73769,25.53995,345.37,0.6,0.53,2026-10-03,1125,N20,VIIRS,n,2.0NRT,308.31,9.4,D
-13.73633,23.9675,350.49,0.38,0.59,2026-10-03,1125,N20,VIIRS,n,2.0NRT,305.12,7.81,D
-13.73592,23.97102,355.33,0.38,0.59,2026-10-03,1125,N20,VIIRS,n,2.0NRT,302.05,6.97,D
-13.72107,25.08183,334.58,0.32,0.55,2026-10-03,1125,N20,VIIRS,n,2.0NRT,301.18,2.5,D
-13.71783,25.06651,332.7,0.32,0.55,2026-10-03,1125,N20,VIIRS,l,2.0NRT,302.73,2.32,D
-13.69361,25.58829,335.5,0.59,0.53,2026-10-03,1125,N20,VIIRS,n,2.0NRT,304.72,4.27,D
-13.69195,26.29958,342.65,0.53,0.5,2026-10-03,1125,N20,VIIRS,n,2.0NRT,302.83,5.83,D
-13.68775,28.11338,337.97,0.4,0.44,2026-10-03,1125,N20,VIIRS,l,2.0NRT,310.49,15,D
-13.68729,24.86338,333.93,0.33,0.55,2026-10-03,1125,N20,VIIRS,n,2.0NRT,302.93,5.6,D
-13.68571,24.86135,331.88,0.33,0.55,2026-10-03,1125,N20,VIIRS,l,2.0NRT,305.06,3.7,D
-13.68505,24.9641,331.78,0.33,0.55,2026-10-03,1125,N20,VIIRS,l,2.0NRT,306.06,3.15,D
-13.68469,24.96705,343.74,0.32,0.55,2026-10-03,1125,N20,VIIRS,n,2.0NRT,307.72,3.15,D
-13.68387,24.96534,344.67,0.33,0.55,2026-10-03,1125,N20,VIIRS,n,2.0NRT,308.19,2.31,D
-13.68352,24.96829,338.22,0.33,0.55,2026-10-03,1125,N20,VIIRS,n,2.0NRT,306.19,2.31,D
-13.68293,28.05604,343.28,0.41,0.45,2026-10-03,1125,N20,VIIRS,n,2.0NRT,309.03,6.85,D
-13.67883,28.05546,347.21,0.41,0.45,2026-10-03,1125,N20,VIIRS,n,2.0NRT,311.5,10.96,D
-13.67834,28.05918,352.83,0.41,0.45,2026-10-03,1125,N20,VIIRS,n,2.0NRT,310.47,10.96,D
-13.67784,28.0629,353.35,0.41,0.45,2026-10-03,1125,N20,VIIRS,n,2.0NRT,315.69,27.86,D
-13.6749,24.40088,331.57,0.36,0.57,2026-10-03,1125,N20,VIIRS,l,2.0NRT,306.56,4.05,D
-13.67474,28.05484,335.16,0.41,0.45,2026-10-03,1125,N20,VIIRS,l,2.0NRT,309.02,10.96,D
-13.67451,24.40416,336.35,0.36,0.57,2026-10-03,1125,N20,VIIRS,n,2.0NRT,304.65,2.27,D
-13.67425,28.05856,350.6,0.41,0.45,2026-10-03,1125,N20,VIIRS,n,2.0NRT,312.46,10.96,D
-13.67375,28.06229,367,0.41,0.45,2026-10-03,1125,N20,VIIRS,h,2.0NRT,312.5,27.86,D
-13.67326,28.06601,355.68,0.41,0.45,2026-10-03,1125,N20,VIIRS,n,2.0NRT,308.06,27.86,D
-13.67276,28.06973,336.68,0.41,0.45,2026-10-03,1125,N20,VIIRS,n,2.0NRT,305,3.58,D
-13.66609,24.33926,350.37,0.36,0.57,2026-10-03,1125,N20,VIIRS,n,2.0NRT,304.88,5.2,D
-13.65795,24.4549,367,0.35,0.57,2026-10-03,1125,N20,VIIRS,h,2.0NRT,309.85,4.05,D
-13.65757,24.45813,330.29,0.35,0.57,2026-10-03,1125,N20,VIIRS,n,2.0NRT,304.01,4.05,D
-13.64168,27.25201,342.68,0.46,0.47,2026-10-03,1125,N20,VIIRS,n,2.0NRT,304.75,5.48,D
-13.64005,25.78239,340.91,0.57,0.52,2026-10-03,1125,N20,VIIRS,n,2.0NRT,305.32,4.68,D
-13.63908,26.38574,340.59,0.52,0.5,2026-10-03,1125,N20,VIIRS,n,2.0NRT,308.13,5.92,D
-13.63904,25.4701,345.86,0.6,0.53,2026-10-03,1125,N20,VIIRS,n,2.0NRT,308.06,9.13,D
-13.6385,26.39048,340.5,0.52,0.5,2026-10-03,1125,N20,VIIRS,n,2.0NRT,303.42,5.92,D
-13.63278,27.55612,339.64,0.44,0.46,2026-10-03,1125,N20,VIIRS,n,2.0NRT,307.16,2.66,D
-13.62855,27.55552,296.22,0.44,0.46,2026-10-03,1125,N20,VIIRS,l,2.0NRT,311.42,45.79,D
-13.62803,27.55951,342.76,0.44,0.46,2026-10-03,1125,N20,VIIRS,n,2.0NRT,306.85,50.24,D
-13.62193,24.08076,337.1,0.37,0.58,2026-10-03,1125,N20,VIIRS,l,2.0NRT,311.17,3.84,D
-13.60561,26.6541,343.72,0.5,0.49,2026-10-03,1125,N20,VIIRS,n,2.0NRT,304.52,3.64,D
-13.60314,24.37527,349.55,0.36,0.57,2026-10-03,1125,N20,VIIRS,n,2.0NRT,308.43,4.01,D
-13.60275,24.37853,340.14,0.36,0.57,2026-10-03,1125,N20,VIIRS,n,2.0NRT,308.4,4.01,D
-13.59022,26.7406,330.08,0.49,0.49,2026-10-03,1125,N20,VIIRS,l,2.0NRT,304.93,7.97,D
-13.58575,26.74003,341.08,0.49,0.49,2026-10-03,1125,N20,VIIRS,n,2.0NRT,307.05,7.97,D
-13.58518,26.74457,356.11,0.49,0.49,2026-10-03,1125,N20,VIIRS,n,2.0NRT,306.66,7.97,D
-13.58467,24.39621,367,0.35,0.57,2026-10-03,1125,N20,VIIRS,h,2.0NRT,311.41,8.69,D
-13.58249,26.12915,340.57,0.54,0.51,2026-10-03,1125,N20,VIIRS,n,2.0NRT,306.65,5.41,D
-13.55997,24.1175,336.95,0.37,0.58,2026-10-03,1125,N20,VIIRS,n,2.0NRT,308.74,2.9,D
-13.55798,24.11786,337.79,0.37,0.58,2026-10-03,1125,N20,VIIRS,n,2.0NRT,309,3.5,D
-13.55407,24.95074,349.51,0.32,0.55,2026-10-03,1125,N20,VIIRS,n,2.0NRT,300.45,4.82,D
-13.53611,24.09055,340.1,0.37,0.58,2026-10-03,1125,N20,VIIRS,n,2.0NRT,304.34,1.95,D
-13.52964,24.18978,336.02,0.37,0.58,2026-10-03,1125,N20,VIIRS,l,2.0NRT,307.25,1.87,D
-13.52565,27.52078,340.09,0.44,0.46,2026-10-03,1125,N20,VIIRS,n,2.0NRT,303.43,5.8,D
-13.52512,27.52477,352.72,0.44,0.46,2026-10-03,1125,N20,VIIRS,n,2.0NRT,303.3,5.8,D
-13.51691,27.71697,331.73,0.42,0.46,2026-10-03,1125,N20,VIIRS,l,2.0NRT,301.74,8.44,D
-13.51639,27.72089,341.87,0.42,0.46,2026-10-03,1125,N20,VIIRS,n,2.0NRT,304.41,15.22,D
-13.51362,24.1431,333.98,0.37,0.58,2026-10-03,1125,N20,VIIRS,l,2.0NRT,304.92,3.33,D
-13.511,24.25557,367,0.36,0.58,2026-10-03,1125,N20,VIIRS,h,2.0NRT,303.34,26.95,D
-13.50606,27.83029,338.31,0.42,0.45,2026-10-03,1125,N20,VIIRS,l,2.0NRT,313.1,5.83,D
-13.50555,27.83414,338.96,0.42,0.45,2026-10-03,1125,N20,VIIRS,l,2.0NRT,311.52,5.83,D
-13.50099,24.60011,330.37,0.34,0.56,2026-10-03,1125,N20,VIIRS,l,2.0NRT,304.47,1.42,D
-13.49765,26.0656,333.77,0.54,0.51,2026-10-03,1125,N20,VIIRS,n,2.0NRT,302.82,2.19,D
-13.49285,25.95131,344.48,0.55,0.51,2026-10-03,1125,N20,VIIRS,n,2.0NRT,306.42,9.01,D
-13.49045,24.6433,334.17,0.34,0.56,2026-10-03,1125,N20,VIIRS,l,2.0NRT,306.17,5.12,D
-13.48989,24.6052,350.59,0.34,0.56,2026-10-03,1125,N20,VIIRS,n,2.0NRT,305.97,3.94,D
-13.48098,27.92372,340.3,0.41,0.45,2026-10-03,1125,N20,VIIRS,n,2.0NRT,308.67,7.96,D
-13.45875,27.90128,335.3,0.41,0.45,2026-10-03,1125,N20,VIIRS,l,2.0NRT,309.4,4.33,D
-13.44884,27.88056,342.76,0.41,0.45,2026-10-03,1125,N20,VIIRS,n,2.0NRT,308.14,4.83,D
-13.43981,26.8385,367,0.48,0.48,2026-10-03,1125,N20,VIIRS,h,2.0NRT,307.86,11.12,D
-13.43914,26.8369,343.26,0.48,0.48,2026-10-03,1125,N20,VIIRS,n,2.0NRT,306.6,7.76,D
-13.43859,26.84133,342.63,0.48,0.48,2026-10-03,1125,N20,VIIRS,n,2.0NRT,304.62,7.45,D
-13.42836,24.59403,367,0.34,0.56,2026-10-03,1125,N20,VIIRS,h,2.0NRT,309.73,5.75,D
-13.42799,24.59718,332.44,0.34,0.56,2026-10-03,1125,N20,VIIRS,n,2.0NRT,303.93,5.75,D
-13.41401,23.94477,331.16,0.38,0.59,2026-10-03,1125,N20,VIIRS,l,2.0NRT,305.19,7.05,D
-13.41347,26.69261,340.74,0.49,0.49,2026-10-03,1125,N20,VIIRS,n,2.0NRT,305.41,11.33,D
-13.41289,26.69717,341.46,0.49,0.49,2026-10-03,1125,N20,VIIRS,n,2.0NRT,306.27,11.33,D
-13.40991,28.05118,347.15,0.4,0.44,2026-10-03,1125,N20,VIIRS,n,2.0NRT,312.24,7.96,D
-13.40899,26.69206,355.91,0.49,0.49,2026-10-03,1125,N20,VIIRS,n,2.0NRT,305.05,15.59,D
-13.40758,25.14906,331.6,0.63,0.54,2026-10-03,1125,N20,VIIRS,n,2.0NRT,299.63,2.86,D
-13.40582,28.05062,339.92,0.4,0.44,2026-10-03,1125,N20,VIIRS,n,2.0NRT,310.05,5.07,D
-13.40576,24.10745,352.4,0.37,0.58,2026-10-03,1125,N20,VIIRS,n,2.0NRT,306.93,14.24,D
-13.40536,24.1108,367,0.37,0.58,2026-10-03,1125,N20,VIIRS,h,2.0NRT,309.06,19.38,D
-13.40315,27.19617,347.91,0.46,0.47,2026-10-03,1125,N20,VIIRS,n,2.0NRT,302.53,3.56,D
-13.40293,28.07294,342.79,0.4,0.44,2026-10-03,1125,N20,VIIRS,n,2.0NRT,308.76,7.72,D
-13.40122,27.1969,340.56,0.46,0.47,2026-10-03,1125,N20,VIIRS,n,2.0NRT,302.27,3.29,D
-13.37585,24.40359,331.78,0.35,0.57,2026-10-03,1125,N20,VIIRS,l,2.0NRT,306.78,2.32,D
-13.36905,28.14002,355.2,0.4,0.44,2026-10-03,1125,N20,VIIRS,n,2.0NRT,311.33,8.6,D
-13.36774,26.42641,331.43,0.51,0.5,2026-10-03,1125,N20,VIIRS,l,2.0NRT,304.85,4.51,D
-13.36714,26.43111,339.76,0.51,0.5,2026-10-03,1125,N20,VIIRS,n,2.0NRT,302.58,4.51,D
-13.3632,26.42577,330.2,0.51,0.5,2026-10-03,1125,N20,VIIRS,l,2.0NRT,304.15,2.94,D
-13.35798,27.65258,331.74,0.43,0.46,2026-10-03,1125,N20,VIIRS,l,2.0NRT,306.67,3.11,D
-13.35692,24.38432,331.59,0.35,0.57,2026-10-03,1125,N20,VIIRS,l,2.0NRT,305.48,1.08,D
-13.35049,24.743,334.6,0.33,0.56,2026-10-03,1125,N20,VIIRS,l,2.0NRT,308.19,2.44,D
-13.3493,25.81647,350.72,0.56,0.52,2026-10-03,1125,N20,VIIRS,n,2.0NRT,308.66,15.77,D
-13.34914,24.71155,367,0.34,0.56,2026-10-03,1125,N20,VIIRS,h,2.0NRT,309.77,8.09,D
-13.34876,24.71465,332.77,0.33,0.56,2026-10-03,1125,N20,VIIRS,n,2.0NRT,306.01,5.84,D
-13.34869,25.81411,341.64,0.56,0.52,2026-10-03,1125,N20,VIIRS,n,2.0NRT,308.58,9.15,D
-13.34804,25.81926,335.28,0.56,0.52,2026-10-03,1125,N20,VIIRS,n,2.0NRT,303.73,9.15,D
-13.34238,28.06103,341.37,0.4,0.44,2026-10-03,1125,N20,VIIRS,n,2.0NRT,305.63,2.9,D
-13.3383,28.06049,342.94,0.4,0.44,2026-10-03,1125,N20,VIIRS,n,2.0NRT,308.1,2.42,D
-13.32825,27.61319,336.51,0.43,0.46,2026-10-03,1125,N20,VIIRS,n,2.0NRT,306.7,1.56,D
-13.3184,26.63132,341.46,0.5,0.49,2026-10-03,1125,N20,VIIRS,n,2.0NRT,302.92,4.82,D
-13.30906,23.83924,349.88,0.38,0.59,2026-10-03,1125,N20,VIIRS,n,2.0NRT,308.05,14.96,D
-13.30865,23.8428,333.84,0.38,0.59,2026-10-03,1125,N20,VIIRS,n,2.0NRT,301.18,14.96,D
-13.30698,27.88476,345.28,0.41,0.45,2026-10-03,1125,N20,VIIRS,n,2.0NRT,310.54,9.93,D
-13.30584,26.55045,352.41,0.5,0.49,2026-10-03,1125,N20,VIIRS,n,2.0NRT,310.84,8.48,D
-13.30441,27.88454,341.93,0.41,0.45,2026-10-03,1125,N20,VIIRS,n,2.0NRT,305.53,8.47,D
-13.29833,23.8844,367,0.38,0.59,2026-10-03,1125,N20,VIIRS,h,2.0NRT,307.18,21.94,D
-13.29792,23.8879,344.61,0.38,0.59,2026-10-03,1125,N20,VIIRS,n,2.0NRT,302.68,12.6,D
-13.29536,28.10328,345.39,0.4,0.44,2026-10-03,1125,N20,VIIRS,n,2.0NRT,303.18,3.63,D
-13.28625,24.71672,338.28,0.33,0.56,2026-10-03,1125,N20,VIIRS,l,2.0NRT,311.79,5.2,D
-13.28002,26.71844,338.19,0.49,0.49,2026-10-03,1125,N20,VIIRS,n,2.0NRT,301.14,9.17,D
-13.27556,26.71787,341.09,0.49,0.49,2026-10-03,1125,N20,VIIRS,n,2.0NRT,301.5,9.17,D
-13.27304,28.11517,335.17,0.4,0.44,2026-10-03,1125,N20,VIIRS,l,2.0NRT,309.53,4.89,D
-13.27225,26.7082,346.75,0.49,0.49,2026-10-03,1125,N20,VIIRS,n,2.0NRT,301.25,10.03,D
-13.26147,28.13944,337.26,0.4,0.44,2026-10-03,1125,N20,VIIRS,l,2.0NRT,310.15,3.7,D
-13.25546,24.89101,332.94,0.32,0.55,2026-10-03,1125,N20,VIIRS,l,2.0NRT,307.43,1.92,D
-13.25113,24.89207,333.69,0.32,0.55,2026-10-03,1125,N20,VIIRS,l,2.0NRT,305.68,2.6,D
-13.23653,26.02232,335.8,0.54,0.51,2026-10-03,1125,N20,VIIRS,n,2.0NRT,304.89,6.94,D
-13.21238,26.58641,334.85,0.5,0.49,2026-10-03,1125,N20,VIIRS,l,2.0NRT,307.65,6.05,D
-13.20982,27.83731,332.13,0.41,0.45,2026-10-03,1125,N20,VIIRS,l,2.0NRT,304.92,2.07,D
-13.20665,23.98964,346.64,0.37,0.58,2026-10-03,1125,N20,VIIRS,n,2.0NRT,307.58,12.29,D
-13.20305,24.33178,353.5,0.35,0.57,2026-10-03,1125,N20,VIIRS,n,2.0NRT,302.69,5.68,D
-13.18827,23.91417,348.48,0.38,0.59,2026-10-03,1125,N20,VIIRS,n,2.0NRT,311.07,3.14,D
-13.18476,25.34078,332.75,0.6,0.53,2026-10-03,1125,N20,VIIRS,n,2.0NRT,299.42,5.01,D
-13.18466,27.65818,343.11,0.42,0.45,2026-10-03,1125,N20,VIIRS,n,2.0NRT,309.36,3.03,D
-13.18308,25.77981,332.78,0.56,0.52,2026-10-03,1125,N20,VIIRS,n,2.0NRT,302.33,3.36,D
-13.18218,24.60698,333.74,0.34,0.56,2026-10-03,1125,N20,VIIRS,l,2.0NRT,308.52,1.9,D
-13.1818,26.64759,340.75,0.49,0.49,2026-10-03,1125,N20,VIIRS,n,2.0NRT,303.48,4.07,D
-13.17988,25.34011,351.13,0.6,0.53,2026-10-03,1125,N20,VIIRS,n,2.0NRT,300.57,13.52,D
-13.17974,24.60622,334.51,0.34,0.56,2026-10-03,1125,N20,VIIRS,l,2.0NRT,308.31,2.61,D
-13.16694,23.97768,344.08,0.37,0.58,2026-10-03,1125,N20,VIIRS,n,2.0NRT,307.24,8.59,D
-13.16454,23.97783,345.32,0.37,0.58,2026-10-03,1125,N20,VIIRS,n,2.0NRT,306.45,7.53,D
-13.16439,24.93234,333.98,0.32,0.55,2026-10-03,1125,N20,VIIRS,l,2.0NRT,308.32,2.7,D
-13.16404,24.93528,337.31,0.32,0.55,2026-10-03,1125,N20,VIIRS,l,2.0NRT,311.13,5.16,D
-13.15046,27.85288,344.59,0.41,0.45,2026-10-03,1125,N20,VIIRS,n,2.0NRT,307.59,4.61,D
-13.14445,27.5409,347.33,0.43,0.46,2026-10-03,1125,N20,VIIRS,n,2.0NRT,302.92,4.87,D
-13.14399,27.5413,340.92,0.43,0.46,2026-10-03,1125,N20,VIIRS,n,2.0NRT,302.68,4.71,D
-13.138,26.57763,340.45,0.5,0.49,2026-10-03,1125,N20,VIIRS,n,2.0NRT,300.93,4.84,D
-13.13275,23.94559,338.54,0.38,0.58,2026-10-03,1125,N20,VIIRS,n,2.0NRT,304.75,2.84,D
-13.13233,23.94907,338.21,0.38,0.58,2026-10-03,1125,N20,VIIRS,n,2.0NRT,301.07,2.84,D
-13.12988,27.65454,335.06,0.42,0.45,2026-10-03,1125,N20,VIIRS,n,2.0NRT,303.58,2.46,D
-13.1286,27.65468,353.66,0.42,0.45,2026-10-03,1125,N20,VIIRS,n,2.0NRT,312.81,11.56,D
-13.12808,27.65855,342.01,0.42,0.45,2026-10-03,1125,N20,VIIRS,n,2.0NRT,307.6,11.56,D
-13.12634,25.98713,339.48,0.54,0.51,2026-10-03,1125,N20,VIIRS,n,2.0NRT,302.83,8.48,D
-13.1257,27.65398,352.7,0.42,0.45,2026-10-03,1125,N20,VIIRS,n,2.0NRT,312.47,13.15,D
-13.1252,27.65786,350.78,0.42,0.45,2026-10-03,1125,N20,VIIRS,n,2.0NRT,309.96,13.15,D
-13.12443,27.65413,342.67,0.42,0.45,2026-10-03,1125,N20,VIIRS,n,2.0NRT,310.02,11.56,D
-13.1239,27.658,354.92,0.42,0.45,2026-10-03,1125,N20,VIIRS,n,2.0NRT,309.14,11.56,D
-13.12385,25.98934,350.01,0.55,0.51,2026-10-03,1125,N20,VIIRS,n,2.0NRT,306.06,20.3,D
-13.12383,26.75484,330.19,0.48,0.48,2026-10-03,1125,N20,VIIRS,l,2.0NRT,301.23,1.6,D
-13.12338,27.66187,338.7,0.42,0.45,2026-10-03,1125,N20,VIIRS,n,2.0NRT,306.46,3.7,D
-13.12165,25.98663,343.4,0.54,0.51,2026-10-03,1125,N20,VIIRS,n,2.0NRT,302.76,8.48,D
-13.12102,27.6573,345.01,0.42,0.45,2026-10-03,1125,N20,VIIRS,n,2.0NRT,308.21,13.15,D
-13.12053,27.66118,340.42,0.42,0.45,2026-10-03,1125,N20,VIIRS,n,2.0NRT,307.82,5.21,D
-13.11564,27.36643,335.1,0.44,0.46,2026-10-03,1125,N20,VIIRS,l,2.0NRT,308.6,7.73,D
-13.09669,27.10723,356.1,0.46,0.47,2026-10-03,1125,N20,VIIRS,n,2.0NRT,308.55,11.04,D
-13.09476,27.10742,350.43,0.46,0.47,2026-10-03,1125,N20,VIIRS,n,2.0NRT,308.04,8.78,D
-13.08885,27.60194,338.03,0.43,0.46,2026-10-03,1125,N20,VIIRS,n,2.0NRT,303.84,4.93,D
-13.08719,24.85509,367,0.32,0.55,2026-10-03,1125,N20,VIIRS,h,2.0NRT,306.68,8.15,D
-13.08647,24.86103,338.76,0.32,0.55,2026-10-03,1125,N20,VIIRS,n,2.0NRT,307.7,5.98,D
-13.08562,23.9295,367,0.38,0.58,2026-10-03,1125,N20,VIIRS,h,2.0NRT,307.61,17.92,D
-13.08522,23.93291,367,0.38,0.58,2026-10-03,1125,N20,VIIRS,h,2.0NRT,307.8,13.21,D
-13.08145,23.91853,349.4,0.38,0.58,2026-10-03,1125,N20,VIIRS,n,2.0NRT,316.42,70.67,D
-13.07985,23.93228,356.26,0.38,0.58,2026-10-03,1125,N20,VIIRS,n,2.0NRT,312.8,13.21,D
-13.07945,23.93568,367,0.38,0.58,2026-10-03,1125,N20,VIIRS,h,2.0NRT,302.97,13.21,D
-13.07823,27.52039,338.98,0.43,0.46,2026-10-03,1125,N20,VIIRS,n,2.0NRT,304.49,4.73,D
-13.07719,27.04047,333.21,0.46,0.47,2026-10-03,1125,N20,VIIRS,l,2.0NRT,303.25,5.31,D
-13.07608,23.91787,367,0.38,0.58,2026-10-03,1125,N20,VIIRS,h,2.0NRT,303.8,6.97,D
-13.07407,23.93506,367,0.38,0.58,2026-10-03,1125,N20,VIIRS,l,2.0NRT,326.19,172.46,D
-13.07377,27.42244,343.46,0.44,0.46,2026-10-03,1125,N20,VIIRS,n,2.0NRT,303.77,3.13,D
-13.06452,23.92347,343.24,0.38,0.58,2026-10-03,1125,N20,VIIRS,n,2.0NRT,304.58,3.11,D
-13.06412,23.92692,340.03,0.38,0.58,2026-10-03,1125,N20,VIIRS,n,2.0NRT,304.13,3.11,D
-13.06141,23.92335,349.4,0.38,0.58,2026-10-03,1125,N20,VIIRS,n,2.0NRT,306.44,5.77,D
-13.06092,24.66209,354.74,0.33,0.56,2026-10-03,1125,N20,VIIRS,n,2.0NRT,301.5,3.31,D
-13.05581,24.66146,338.23,0.33,0.56,2026-10-03,1125,N20,VIIRS,n,2.0NRT,299.38,3.31,D
-13.05455,26.97648,336.85,0.47,0.48,2026-10-03,1125,N20,VIIRS,l,2.0NRT,308.57,3.4,D
-13.04786,25.93081,356.2,0.55,0.51,2026-10-03,1125,N20,VIIRS,n,2.0NRT,302.61,17.81,D
-13.04421,27.22336,338.11,0.45,0.47,2026-10-03,1125,N20,VIIRS,l,2.0NRT,308.82,1.98,D
-13.04369,28.09492,341.74,0.4,0.44,2026-10-03,1125,N20,VIIRS,n,2.0NRT,303.88,7.23,D
-13.04033,24.13761,330.64,0.36,0.58,2026-10-03,1125,N20,VIIRS,l,2.0NRT,302.73,1.89,D
-13.03628,24.12689,331.73,0.36,0.58,2026-10-03,1125,N20,VIIRS,n,2.0NRT,302.03,1.55,D
-13.02678,27.84807,331.52,0.41,0.45,2026-10-03,1125,N20,VIIRS,l,2.0NRT,301.76,3.83,D
-13.02586,27.3292,334.98,0.44,0.46,2026-10-03,1125,N20,VIIRS,l,2.0NRT,308.55,4.79,D
-13.01978,26.01698,333.25,0.54,0.51,2026-10-03,1125,N20,VIIRS,n,2.0NRT,300.97,3.39,D
-13.01623,24.2884,332.51,0.35,0.57,2026-10-03,1125,N20,VIIRS,n,2.0NRT,299.18,4.38,D
-13.00909,24.3534,335.11,0.35,0.57,2026-10-03,1125,N20,VIIRS,n,2.0NRT,300.65,4.05,D
-13.00864,25.08691,332.2,0.63,0.54,2026-10-03,1125,N20,VIIRS,l,2.0NRT,306.28,4.73,D
-13.00818,24.35303,336.45,0.35,0.57,2026-10-03,1125,N20,VIIRS,n,2.0NRT,300.36,4.4,D
-12.99423,26.75287,342.57,0.48,0.48,2026-10-03,1125,N20,VIIRS,n,2.0NRT,301.85,7.09,D
-12.99333,26.82832,333.53,0.48,0.48,2026-10-03,1125,N20,VIIRS,n,2.0NRT,302,5.99,D
-12.98419,24.41855,344.9,0.35,0.56,2026-10-03,1125,N20,VIIRS,n,2.0NRT,301.28,7.24,D
-12.97787,24.20996,336.28,0.36,0.57,2026-10-03,1125,N20,VIIRS,n,2.0NRT,306.95,3.81,D
-12.97748,24.2132,338.85,0.36,0.57,2026-10-03,1125,N20,VIIRS,n,2.0NRT,305.73,4.72,D
-12.97224,24.92332,346.26,0.32,0.55,2026-10-03,1125,N20,VIIRS,n,2.0NRT,302.94,2.83,D
-12.96794,24.91677,332.47,0.32,0.55,2026-10-03,1125,N20,VIIRS,l,2.0NRT,302.66,2.89,D
-12.96429,24.00814,340.22,0.37,0.58,2026-10-03,1125,N20,VIIRS,n,2.0NRT,301.2,7.01,D
-12.95248,26.86718,343.89,0.47,0.48,2026-10-03,1125,N20,VIIRS,n,2.0NRT,305.34,6.54,D
-12.95097,24.07554,335.2,0.37,0.58,2026-10-03,1125,N20,VIIRS,n,2.0NRT,300.14,2.25,D
-12.94977,23.92117,343.06,0.37,0.58,2026-10-03,1125,N20,VIIRS,n,2.0NRT,301.33,3.01,D
-12.94935,23.92461,337.08,0.37,0.58,2026-10-03,1125,N20,VIIRS,n,2.0NRT,301.39,3.01,D
-12.94882,24.22964,331.21,0.36,0.57,2026-10-03,1125,N20,VIIRS,l,2.0NRT,303.78,2.81,D
-12.94706,23.92307,337.97,0.38,0.58,2026-10-03,1125,N20,VIIRS,n,2.0NRT,300.45,2.86,D
-12.9433,27.72751,344.84,0.42,0.45,2026-10-03,1125,N20,VIIRS,n,2.0NRT,306.74,5.59,D
-12.92935,24.04297,335.87,0.37,0.58,2026-10-03,1125,N20,VIIRS,n,2.0NRT,300.67,4.18,D
-12.92829,24.13855,367,0.36,0.58,2026-10-03,1125,N20,VIIRS,h,2.0NRT,302.97,9.3,D
-12.9276,24.13748,338.88,0.36,0.58,2026-10-03,1125,N20,VIIRS,n,2.0NRT,302.07,5.57,D
-12.92756,24.04508,347.42,0.37,0.58,2026-10-03,1125,N20,VIIRS,n,2.0NRT,300.03,3.42,D
-12.9272,24.14083,348.45,0.36,0.58,2026-10-03,1125,N20,VIIRS,n,2.0NRT,300.85,5.98,D
-12.92623,24.67659,345.59,0.33,0.55,2026-10-03,1125,N20,VIIRS,n,2.0NRT,306.85,23.5,D
-12.92586,24.67964,367,0.33,0.55,2026-10-03,1125,N20,VIIRS,h,2.0NRT,305.79,23.5,D
-12.9246,27.93188,336.38,0.4,0.45,2026-10-03,1125,N20,VIIRS,n,2.0NRT,305.34,2.33,D
-12.92422,24.21425,339,0.36,0.57,2026-10-03,1125,N20,VIIRS,n,2.0NRT,302.28,4.05,D
-12.92075,24.67904,333.34,0.33,0.55,2026-10-03,1125,N20,VIIRS,n,2.0NRT,304.11,6.01,D
-12.92042,27.08073,341.4,0.46,0.47,2026-10-03,1125,N20,VIIRS,n,2.0NRT,303.48,5.69,D
-12.92038,24.68206,339.39,0.33,0.55,2026-10-03,1125,N20,VIIRS,n,2.0NRT,301.89,4.36,D
-12.91822,25.60054,339.72,0.58,0.52,2026-10-03,1125,N20,VIIRS,n,2.0NRT,306.24,6.14,D
-12.9036,26.3013,334.45,0.52,0.5,2026-10-03,1125,N20,VIIRS,n,2.0NRT,303.81,5.09,D
-12.89811,27.76489,332.74,0.41,0.45,2026-10-03,1125,N20,VIIRS,n,2.0NRT,301.61,3.54,D
-12.89156,27.65776,341.04,0.42,0.45,2026-10-03,1125,N20,VIIRS,n,2.0NRT,303.27,4.1,D
-12.88848,25.91026,355.8,0.55,0.51,2026-10-03,1125,N20,VIIRS,n,2.0NRT,303.74,20.63,D
-12.86811,27.34984,342.85,0.44,0.46,2026-10-03,1125,N20,VIIRS,n,2.0NRT,306.66,3.04,D
-12.86408,24.27008,340.12,0.35,0.57,2026-10-03,1125,N20,VIIRS,n,2.0NRT,302.91,4.58,D
-12.85885,24.26939,367,0.35,0.57,2026-10-03,1125,N20,VIIRS,h,2.0NRT,307.58,4.58,D
-12.83917,27.11412,340.27,0.45,0.47,2026-10-03,1125,N20,VIIRS,n,2.0NRT,301.47,8.1,D
-12.83738,27.81043,344.2,0.41,0.45,2026-10-03,1125,N20,VIIRS,n,2.0NRT,310.79,6.19,D
-12.83123,27.30485,346.82,0.44,0.46,2026-10-03,1125,N20,VIIRS,n,2.0NRT,309.28,14.55,D
-12.82819,25.7417,341.07,0.56,0.52,2026-10-03,1125,N20,VIIRS,n,2.0NRT,302.31,10.85,D
-12.82699,25.73985,336.48,0.56,0.52,2026-10-03,1125,N20,VIIRS,n,2.0NRT,303.77,6.51,D
-12.82631,25.74503,335.83,0.56,0.52,2026-10-03,1125,N20,VIIRS,n,2.0NRT,302.97,6.51,D
-12.82489,27.28745,335.15,0.44,0.46,2026-10-03,1125,N20,VIIRS,n,2.0NRT,303.12,4,D
-12.82455,26.81709,330.59,0.48,0.48,2026-10-03,1125,N20,VIIRS,l,2.0NRT,303.64,4.4,D
-12.82434,27.29157,339.22,0.44,0.46,2026-10-03,1125,N20,VIIRS,n,2.0NRT,303.71,7.01,D
-12.81568,27.35642,330.59,0.44,0.46,2026-10-03,1125,N20,VIIRS,l,2.0NRT,305.05,6.16,D
-12.81068,23.87376,330.67,0.38,0.58,2026-10-03,1125,N20,VIIRS,l,2.0NRT,302.03,3.03,D
-12.80018,26.30857,330.93,0.51,0.5,2026-10-03,1125,N20,VIIRS,l,2.0NRT,302.61,6.59,D
-12.78503,27.61674,340.05,0.42,0.45,2026-10-03,1125,N20,VIIRS,n,2.0NRT,305.21,6.39,D
-12.76725,25.25651,331.33,0.6,0.53,2026-10-03,1125,N20,VIIRS,l,2.0NRT,302.47,4.51,D
-12.75091,27.28989,341.29,0.44,0.46,2026-10-03,1125,N20,VIIRS,n,2.0NRT,302.87,4.88,D
-12.74661,27.03496,352.98,0.46,0.47,2026-10-03,1125,N20,VIIRS,n,2.0NRT,307.02,16.53,D
-12.74494,26.56381,333,0.49,0.49,2026-10-03,1125,N20,VIIRS,n,2.0NRT,300.79,4.97,D
-12.73414,27.8387,334.73,0.41,0.45,2026-10-03,1125,N20,VIIRS,n,2.0NRT,301.32,3.14,D
-12.73403,27.61774,352.46,0.42,0.45,2026-10-03,1125,N20,VIIRS,n,2.0NRT,304.61,8.64,D
-12.73345,26.89912,352.97,0.47,0.48,2026-10-03,1125,N20,VIIRS,n,2.0NRT,304.11,21.95,D
-12.72477,26.31114,337.03,0.51,0.49,2026-10-03,1125,N20,VIIRS,n,2.0NRT,299.6,6.13,D
-12.70619,23.85785,332.99,0.38,0.58,2026-10-03,1125,N20,VIIRS,n,2.0NRT,298.42,3.48,D
-12.7046,26.84666,338.21,0.47,0.48,2026-10-03,1125,N20,VIIRS,n,2.0NRT,300.16,7.58,D
-12.67985,23.89591,330.99,0.37,0.58,2026-10-03,1125,N20,VIIRS,n,2.0NRT,298.67,2.83,D
-12.6798,27.37554,344.41,0.44,0.46,2026-10-03,1125,N20,VIIRS,n,2.0NRT,300.24,12.61,D
-12.67831,25.8769,336.84,0.55,0.51,2026-10-03,1125,N20,VIIRS,n,2.0NRT,300.55,6.28,D
-12.66803,26.28464,333.18,0.51,0.5,2026-10-03,1125,N20,VIIRS,n,2.0NRT,302.79,3.61,D
-12.66716,26.28534,332.97,0.51,0.5,2026-10-03,1125,N20,VIIRS,l,2.0NRT,304.19,5.84,D
-12.66506,24.15229,341.1,0.36,0.57,2026-10-03,1125,N20,VIIRS,n,2.0NRT,298.45,3.62,D
-12.65369,24.28887,354.54,0.35,0.57,2026-10-03,1125,N20,VIIRS,n,2.0NRT,303.23,14.06,D
-12.6529,24.29532,353.37,0.35,0.57,2026-10-03,1125,N20,VIIRS,n,2.0NRT,298.68,6.19,D
-12.6339,27.10576,367,0.45,0.47,2026-10-03,1125,N20,VIIRS,h,2.0NRT,304.82,16.53,D
-12.63304,25.11437,335.31,0.62,0.54,2026-10-03,1125,N20,VIIRS,n,2.0NRT,302.63,32.81,D
-12.63289,26.52808,341.43,0.49,0.49,2026-10-03,1125,N20,VIIRS,n,2.0NRT,299.46,5.29,D
-12.63234,25.12001,355.35,0.61,0.54,2026-10-03,1125,N20,VIIRS,n,2.0NRT,304.93,23.22,D
-12.63025,26.52821,349.28,0.49,0.49,2026-10-03,1125,N20,VIIRS,n,2.0NRT,302.58,9.98,D
-12.62961,27.1051,338.32,0.45,0.47,2026-10-03,1125,N20,VIIRS,n,2.0NRT,300.05,5.5,D
-12.62842,26.52752,334.31,0.49,0.49,2026-10-03,1125,N20,VIIRS,n,2.0NRT,301.67,5.29,D
-12.62741,25.11941,330.99,0.61,0.54,2026-10-03,1125,N20,VIIRS,n,2.0NRT,300.33,23.22,D
-12.62672,25.125,339.35,0.61,0.54,2026-10-03,1125,N20,VIIRS,n,2.0NRT,289.07,23.22,D
-12.62525,27.33144,346.78,0.44,0.46,2026-10-03,1125,N20,VIIRS,n,2.0NRT,302,6.24,D
-12.62516,27.33248,343.17,0.44,0.46,2026-10-03,1125,N20,VIIRS,n,2.0NRT,302.4,4.57,D
-12.62111,26.21195,331.39,0.52,0.5,2026-10-03,1125,N20,VIIRS,n,2.0NRT,300.87,4.78,D
-12.59949,26.01354,339.37,0.53,0.5,2026-10-03,1125,N20,VIIRS,n,2.0NRT,300.27,2.6,D
-12.58962,26.7314,347.19,0.48,0.48,2026-10-03,1125,N20,VIIRS,n,2.0NRT,304.69,8.7,D
-12.58904,26.73575,353.25,0.48,0.48,2026-10-03,1125,N20,VIIRS,n,2.0NRT,302.36,8.7,D
-12.58464,26.73511,330.59,0.48,0.48,2026-10-03,1125,N20,VIIRS,l,2.0NRT,303.29,8.7,D
-12.58222,26.82319,355.77,0.47,0.48,2026-10-03,1125,N20,VIIRS,n,2.0NRT,304.97,11.15,D
-12.58184,26.82325,349.48,0.47,0.48,2026-10-03,1125,N20,VIIRS,n,2.0NRT,304.16,11.64,D
-12.58139,26.72584,345.13,0.48,0.48,2026-10-03,1125,N20,VIIRS,n,2.0NRT,300.81,6.13,D
-12.57855,27.16133,343.31,0.45,0.47,2026-10-03,1125,N20,VIIRS,n,2.0NRT,300.53,7.31,D
-12.57698,26.72524,333.59,0.48,0.48,2026-10-03,1125,N20,VIIRS,n,2.0NRT,297.55,6.13,D
-12.57684,25.12407,330.64,0.61,0.54,2026-10-03,1125,N20,VIIRS,n,2.0NRT,301.27,6.09,D
-12.57501,23.88025,343.72,0.37,0.58,2026-10-03,1125,N20,VIIRS,n,2.0NRT,297.36,3.16,D
-12.57438,27.51836,341.14,0.42,0.46,2026-10-03,1125,N20,VIIRS,n,2.0NRT,303.44,7.29,D
-12.55899,26.58705,330.02,0.49,0.48,2026-10-03,1125,N20,VIIRS,n,2.0NRT,302.86,3.52,D
-12.55039,27.0902,334.34,0.45,0.47,2026-10-03,1125,N20,VIIRS,n,2.0NRT,298.88,2.54,D
-12.54278,27.11426,335.13,0.45,0.47,2026-10-03,1125,N20,VIIRS,n,2.0NRT,298.57,2.71,D
-12.53905,27.1095,331.11,0.45,0.47,2026-10-03,1125,N20,VIIRS,n,2.0NRT,297.91,4.6,D
-12.53849,27.11362,341.61,0.45,0.47,2026-10-03,1125,N20,VIIRS,n,2.0NRT,298.89,6.91,D
-12.5384,26.271,351.81,0.51,0.49,2026-10-03,1125,N20,VIIRS,n,2.0NRT,304.85,14.65,D
-12.53633,26.51591,330.65,0.49,0.49,2026-10-03,1125,N20,VIIRS,l,2.0NRT,302.05,5.08,D
-12.53349,26.53839,332.46,0.49,0.49,2026-10-03,1125,N20,VIIRS,n,2.0NRT,300.83,1.71,D
-12.53257,27.51287,347.56,0.42,0.46,2026-10-03,1125,N20,VIIRS,n,2.0NRT,308.4,27.45,D
-12.53206,27.51675,350.47,0.42,0.46,2026-10-03,1125,N20,VIIRS,n,2.0NRT,309.96,27.45,D
-12.51924,27.09415,347,0.45,0.47,2026-10-03,1125,N20,VIIRS,n,2.0NRT,299.5,5.22,D
-12.50963,25.63338,341.4,0.56,0.52,2026-10-03,1125,N20,VIIRS,n,2.0NRT,302.92,7.97,D
-12.50661,26.26663,341.72,0.51,0.49,2026-10-03,1125,N20,VIIRS,n,2.0NRT,301.43,6.4,D
-12.50545,26.41697,336.66,0.5,0.49,2026-10-03,1125,N20,VIIRS,n,2.0NRT,298.16,5.72,D
-12.50496,26.96913,342.31,0.46,0.47,2026-10-03,1125,N20,VIIRS,n,2.0NRT,304.76,6.58,D
-12.50154,26.41188,344.75,0.5,0.49,2026-10-03,1125,N20,VIIRS,n,2.0NRT,299.39,5.72,D
-12.49236,26.51669,340.98,0.49,0.49,2026-10-03,1125,N20,VIIRS,n,2.0NRT,305.35,5.56,D
-13.5597,27.88419,297.59,0.78,0.78,2026-10-03,2233,N20,VIIRS,n,2.0NRT,286.4,0.95,N
-14.6478,25.37114,300.53,0.33,0.56,2026-10-04,13,N20,VIIRS,n,2.0NRT,287.35,0.77,N
-14.64592,24.15881,311.69,0.55,0.51,2026-10-04,13,N20,VIIRS,n,2.0NRT,287.48,1.17,N
-14.64567,25.37313,300.22,0.34,0.56,2026-10-04,13,N20,VIIRS,n,2.0NRT,287.84,0.53,N
-14.64531,25.37003,298.71,0.34,0.56,2026-10-04,13,N20,VIIRS,n,2.0NRT,287.89,0.97,N
-14.64459,25.36384,298.18,0.33,0.56,2026-10-04,13,N20,VIIRS,n,2.0NRT,287.94,0.52,N
-14.64229,25.36869,303.55,0.33,0.56,2026-10-04,13,N20,VIIRS,n,2.0NRT,288.24,0.77,N
-14.6412,24.15944,306.76,0.55,0.51,2026-10-04,13,N20,VIIRS,n,2.0NRT,287.98,0.88,N
-14.42696,27.41415,301.13,0.46,0.63,2026-10-04,13,N20,VIIRS,n,2.0NRT,283.68,0.34,N
-14.41529,25.38596,302.37,0.33,0.56,2026-10-04,13,N20,VIIRS,n,2.0NRT,288.05,0.42,N
-13.38982,27.56494,297.51,0.46,0.63,2026-10-04,13,N20,VIIRS,n,2.0NRT,284.83,0.45,N
-13.19498,23.99833,298.72,0.52,0.5,2026-10-04,13,N20,VIIRS,n,2.0NRT,286.11,1.06,N
-13.13308,23.95518,301.02,0.51,0.5,2026-10-04,13,N20,VIIRS,n,2.0NRT,283.1,0.73,N
-13.09877,23.94066,299.57,0.51,0.49,2026-10-04,13,N20,VIIRS,n,2.0NRT,283.84,0.75,N
-13.07698,23.91492,301.57,0.51,0.49,2026-10-04,13,N20,VIIRS,n,2.0NRT,284.93,0.91,N
-13.07631,23.91721,303.11,0.51,0.49,2026-10-04,13,N20,VIIRS,n,2.0NRT,286.68,1.44,N
-13.07423,23.92963,297.42,0.51,0.49,2026-10-04,13,N20,VIIRS,n,2.0NRT,286.06,1.3,N
-13.07367,23.93189,298.37,0.51,0.49,2026-10-04,13,N20,VIIRS,n,2.0NRT,285.93,1.54,N
-13.06396,23.92841,295.67,0.51,0.49,2026-10-04,13,N20,VIIRS,n,2.0NRT,284.91,1.31,N
-13.06333,23.92373,301.11,0.51,0.49,2026-10-04,13,N20,VIIRS,n,2.0NRT,286.11,1.81,N
-12.94529,23.91439,313.01,0.51,0.49,2026-10-04,13,N20,VIIRS,n,2.0NRT,285.08,2.08,N
-12.93419,25.79148,297.41,0.34,0.56,2026-10-04,13,N20,VIIRS,n,2.0NRT,286.98,0.63,N
-12.88909,25.90513,303.99,0.35,0.56,2026-10-04,13,N20,VIIRS,n,2.0NRT,286.64,1.04,N
-12.83605,25.90208,299.22,0.34,0.56,2026-10-04,13,N20,VIIRS,n,2.0NRT,286.67,0.58,N
-12.73314,26.89631,296.58,0.4,0.6,2026-10-04,13,N20,VIIRS,n,2.0NRT,285.89,0.76,N
-12.72762,26.89706,306.39,0.4,0.6,2026-10-04,13,N20,VIIRS,n,2.0NRT,285.17,0.76,N
-12.63579,26.18154,295.99,0.36,0.57,2026-10-04,13,N20,VIIRS,n,2.0NRT,285.6,0.4,N
-12.61439,23.91766,300.12,0.5,0.49,2026-10-04,13,N20,VIIRS,n,2.0NRT,284.94,1.39,N
-14.70288,27.11658,347.2,0.5,0.66,2026-10-04,1108,N20,VIIRS,n,2.0NRT,306.6,3.87,D
-14.70067,27.44009,340.12,0.48,0.65,2026-10-04,1108,N20,VIIRS,n,2.0NRT,307.74,5.5,D
-14.69858,27.11285,346.93,0.51,0.66,2026-10-04,1108,N20,VIIRS,n,2.0NRT,306.92,6.43,D
-14.6981,27.11748,335.56,0.51,0.66,2026-10-04,1108,N20,VIIRS,l,2.0NRT,306.3,6.27,D
-14.67479,27.34213,341.79,0.49,0.65,2026-10-04,1108,N20,VIIRS,n,2.0NRT,307.94,3.88,D
-14.67269,27.47703,337.64,0.48,0.64,2026-10-04,1108,N20,VIIRS,l,2.0NRT,309,3.94,D
-14.66899,27.47484,336.23,0.48,0.64,2026-10-04,1108,N20,VIIRS,l,2.0NRT,310.41,4.24,D
-14.65319,25.31987,330.11,0.67,0.73,2026-10-04,1108,N20,VIIRS,l,2.0NRT,300.42,8.5,D
-14.65022,25.32341,331.17,0.67,0.73,2026-10-04,1108,N20,VIIRS,n,2.0NRT,300.18,3.69,D
-14.64825,27.05305,330.84,0.51,0.66,2026-10-04,1108,N20,VIIRS,l,2.0NRT,305.82,1.88,D
-14.58893,27.30045,343.92,0.49,0.65,2026-10-04,1108,N20,VIIRS,n,2.0NRT,308.96,6.87,D
-14.58562,27.29814,335.75,0.49,0.65,2026-10-04,1108,N20,VIIRS,l,2.0NRT,307.89,5.34,D
-14.53596,24.22637,336.11,0.79,0.78,2026-10-04,1108,N20,VIIRS,n,2.0NRT,301.92,5.93,D
-14.51328,25.57082,332.2,0.64,0.72,2026-10-04,1108,N20,VIIRS,l,2.0NRT,302.75,3.88,D
-14.4956,25.13589,347.06,0.68,0.74,2026-10-04,1108,N20,VIIRS,n,2.0NRT,304.04,14.44,D
-14.49391,25.13626,355.05,0.68,0.74,2026-10-04,1108,N20,VIIRS,n,2.0NRT,305.2,8.04,D
-14.44931,24.29983,334.78,0.78,0.78,2026-10-04,1108,N20,VIIRS,n,2.0NRT,297.82,6.63,D
-14.38433,27.48329,367,0.47,0.64,2026-10-04,1108,N20,VIIRS,h,2.0NRT,307.32,15.06,D
-14.38386,27.48766,355,0.47,0.64,2026-10-04,1108,N20,VIIRS,n,2.0NRT,309.51,8.96,D
-14.38381,27.86113,345.66,0.45,0.63,2026-10-04,1108,N20,VIIRS,n,2.0NRT,291.15,18.11,D
-14.38338,27.49202,335.38,0.47,0.64,2026-10-04,1108,N20,VIIRS,l,2.0NRT,306.51,8.96,D
-14.38334,27.86524,367,0.44,0.63,2026-10-04,1108,N20,VIIRS,h,2.0NRT,292.56,24.68,D
-14.37804,27.86046,335.6,0.45,0.63,2026-10-04,1108,N20,VIIRS,n,2.0NRT,291.96,16.44,D
-14.37779,25.60357,349.14,0.63,0.72,2026-10-04,1108,N20,VIIRS,n,2.0NRT,312.32,66.47,D
-14.37757,27.86458,367,0.44,0.63,2026-10-04,1108,N20,VIIRS,h,2.0NRT,293.19,24.4,D
-14.37719,25.6094,367,0.63,0.72,2026-10-04,1108,N20,VIIRS,h,2.0NRT,309.13,79.1,D
-14.37118,25.60269,335.88,0.63,0.72,2026-10-04,1108,N20,VIIRS,n,2.0NRT,306.56,13.86,D
-14.37059,25.60851,367,0.63,0.72,2026-10-04,1108,N20,VIIRS,h,2.0NRT,306.75,17.86,D
-14.34537,26.92269,337.51,0.52,0.66,2026-10-04,1108,N20,VIIRS,n,2.0NRT,300.92,7.79,D
-14.31222,24.7222,342.35,0.73,0.76,2026-10-04,1108,N20,VIIRS,n,2.0NRT,293.74,10.72,D
-14.3066,24.71589,367,0.73,0.76,2026-10-04,1108,N20,VIIRS,h,2.0NRT,297.56,14.11,D
-14.30591,24.72265,336.45,0.73,0.76,2026-10-04,1108,N20,VIIRS,n,2.0NRT,296.88,14.11,D
-14.3059,24.71454,331.14,0.73,0.76,2026-10-04,1108,N20,VIIRS,n,2.0NRT,295.9,15.54,D
-14.30526,24.72133,331.49,0.73,0.76,2026-10-04,1108,N20,VIIRS,n,2.0NRT,297.19,10.72,D
-14.29915,24.7888,333.96,0.72,0.75,2026-10-04,1108,N20,VIIRS,n,2.0NRT,298.3,7.36,D
-14.29892,24.7876,340.13,0.72,0.75,2026-10-04,1108,N20,VIIRS,n,2.0NRT,298.98,7.48,D
-14.29221,24.78804,338.08,0.72,0.75,2026-10-04,1108,N20,VIIRS,n,2.0NRT,299.17,7.36,D
-14.29197,24.78683,338.18,0.72,0.75,2026-10-04,1108,N20,VIIRS,n,2.0NRT,299.14,7.11,D
-14.23632,27.06594,330.67,0.5,0.66,2026-10-04,1108,N20,VIIRS,n,2.0NRT,296.74,2.89,D
-14.22619,25.36259,341.91,0.66,0.73,2026-10-04,1108,N20,VIIRS,n,2.0NRT,299.49,58.06,D
-14.22009,25.35592,349.05,0.66,0.73,2026-10-04,1108,N20,VIIRS,n,2.0NRT,301.06,59.32,D
-14.21947,25.36193,356.02,0.66,0.73,2026-10-04,1108,N20,VIIRS,n,2.0NRT,310,58.06,D
-14.21618,24.9188,331.8,0.7,0.75,2026-10-04,1108,N20,VIIRS,n,2.0NRT,301.21,8.54,D
-14.21574,24.92081,367,0.7,0.75,2026-10-04,1108,N20,VIIRS,h,2.0NRT,302.43,14.51,D
-14.21555,24.92516,346.46,0.7,0.75,2026-10-04,1108,N20,VIIRS,n,2.0NRT,300.6,8.54,D
-14.21337,25.35526,351.97,0.66,0.73,2026-10-04,1108,N20,VIIRS,n,2.0NRT,304.71,43.47,D
-14.21275,25.36132,367,0.66,0.73,2026-10-04,1108,N20,VIIRS,h,2.0NRT,303.04,28.23,D
-14.20666,25.35458,353.88,0.66,0.73,2026-10-04,1108,N20,VIIRS,n,2.0NRT,309.25,43.47,D
-14.20603,25.36062,337.11,0.66,0.73,2026-10-04,1108,N20,VIIRS,n,2.0NRT,300.78,28.23,D
-14.20117,25.3418,336.73,0.66,0.73,2026-10-04,1108,N20,VIIRS,n,2.0NRT,303.05,7.2,D
-14.18209,27.61208,347.07,0.46,0.64,2026-10-04,1108,N20,VIIRS,n,2.0NRT,301.04,4.28,D
-14.1707,26.02398,367,0.59,0.7,2026-10-04,1108,N20,VIIRS,h,2.0NRT,302.42,8.14,D
-14.17014,26.02953,340.5,0.59,0.7,2026-10-04,1108,N20,VIIRS,n,2.0NRT,302.99,8.14,D
-14.16967,26.02339,367,0.59,0.7,2026-10-04,1108,N20,VIIRS,h,2.0NRT,303.36,16.35,D
-14.16958,26.03504,331.84,0.59,0.7,2026-10-04,1108,N20,VIIRS,n,2.0NRT,300.85,7.53,D
-14.16907,26.02893,348.69,0.59,0.7,2026-10-04,1108,N20,VIIRS,n,2.0NRT,302.9,17.13,D
-14.16368,26.02887,331.96,0.59,0.7,2026-10-04,1108,N20,VIIRS,n,2.0NRT,300.59,8.14,D
-14.1452,24.72109,333.51,0.72,0.76,2026-10-04,1108,N20,VIIRS,n,2.0NRT,296.78,6.13,D
-14.14171,27.24181,330.7,0.49,0.65,2026-10-04,1108,N20,VIIRS,n,2.0NRT,301.52,1.9,D
-14.10153,25.35722,333.38,0.65,0.73,2026-10-04,1108,N20,VIIRS,l,2.0NRT,304.75,9.7,D
-14.09572,25.91599,340.03,0.6,0.7,2026-10-04,1108,N20,VIIRS,n,2.0NRT,302.18,5.94,D
-14.09536,25.92083,343.38,0.6,0.7,2026-10-04,1108,N20,VIIRS,n,2.0NRT,302.21,6.94,D
-14.0951,25.92165,332.03,0.6,0.7,2026-10-04,1108,N20,VIIRS,n,2.0NRT,302.72,6.37,D
-14.0755,24.50986,331.37,0.75,0.77,2026-10-04,1108,N20,VIIRS,n,2.0NRT,298.76,7.92,D
-14.0748,24.51686,339.09,0.74,0.76,2026-10-04,1108,N20,VIIRS,n,2.0NRT,299.1,7.92,D
-14.07165,25.38441,330.03,0.65,0.73,2026-10-04,1108,N20,VIIRS,n,2.0NRT,299.56,3.51,D
-14.0504,26.03302,331.31,0.59,0.7,2026-10-04,1108,N20,VIIRS,l,2.0NRT,302.63,4.1,D
-14.03822,25.71101,330.67,0.62,0.71,2026-10-04,1108,N20,VIIRS,l,2.0NRT,300.8,3.34,D
-13.98133,26.83994,331.71,0.52,0.67,2026-10-04,1108,N20,VIIRS,n,2.0NRT,296.88,2.94,D
-13.97387,26.91111,355.9,0.51,0.66,2026-10-04,1108,N20,VIIRS,n,2.0NRT,300.83,10.53,D
-13.97326,26.91068,348.81,0.51,0.66,2026-10-04,1108,N20,VIIRS,n,2.0NRT,299.84,10.11,D
-13.91885,25.58803,332.31,0.63,0.72,2026-10-04,1108,N20,VIIRS,n,2.0NRT,300.65,1.74,D
-13.91628,24.91465,339.34,0.7,0.75,2026-10-04,1108,N20,VIIRS,n,2.0NRT,299.49,7.66,D
-13.91427,25.58587,355.23,0.63,0.72,2026-10-04,1108,N20,VIIRS,n,2.0NRT,306.41,30.18,D
-13.91226,25.58726,367,0.63,0.72,2026-10-04,1108,N20,VIIRS,h,2.0NRT,305.8,28.52,D
-13.90603,27.39991,330.51,0.47,0.64,2026-10-04,1108,N20,VIIRS,l,2.0NRT,303.42,2.47,D
-13.83963,24.57802,330.82,0.73,0.76,2026-10-04,1108,N20,VIIRS,n,2.0NRT,297.4,7.36,D
-13.83839,24.57531,336.83,0.73,0.76,2026-10-04,1108,N20,VIIRS,n,2.0NRT,297.33,4.4,D
-13.82343,25.87922,349.8,0.6,0.7,2026-10-04,1108,N20,VIIRS,n,2.0NRT,305.99,15.58,D
-13.82284,25.88483,367,0.6,0.7,2026-10-04,1108,N20,VIIRS,h,2.0NRT,302.14,15.58,D
-13.81719,25.44642,331.7,0.64,0.72,2026-10-04,1108,N20,VIIRS,n,2.0NRT,301.11,3.79,D
-13.81491,25.44608,334.54,0.64,0.72,2026-10-04,1108,N20,VIIRS,n,2.0NRT,303.6,3.07,D
-13.79226,25.73559,332.43,0.61,0.71,2026-10-04,1108,N20,VIIRS,l,2.0NRT,306.4,8.25,D
-13.7847,25.93671,331.62,0.59,0.7,2026-10-04,1108,N20,VIIRS,n,2.0NRT,300.47,2.59,D
-13.78374,25.9361,331.11,0.59,0.7,2026-10-04,1108,N20,VIIRS,n,2.0NRT,300.18,1.79,D
-13.74833,27.74898,342.69,0.44,0.63,2026-10-04,1108,N20,VIIRS,n,2.0NRT,287.34,4.96,D
-13.73493,25.3961,336.16,0.64,0.72,2026-10-04,1108,N20,VIIRS,n,2.0NRT,303.66,6.4,D
-13.7056,24.02491,349.35,0.8,0.78,2026-10-04,1108,N20,VIIRS,n,2.0NRT,297.76,13.49,D
-13.69911,25.8683,334.43,0.6,0.7,2026-10-04,1108,N20,VIIRS,n,2.0NRT,303.83,6.08,D
-13.69731,24.8692,341.61,0.7,0.75,2026-10-04,1108,N20,VIIRS,n,2.0NRT,299.37,11.84,D
-13.69634,24.8696,349.69,0.7,0.75,2026-10-04,1108,N20,VIIRS,n,2.0NRT,299.41,8.63,D
-13.69045,24.86844,367,0.7,0.75,2026-10-04,1108,N20,VIIRS,h,2.0NRT,302.94,11.84,D
-13.68947,24.86887,354.89,0.7,0.75,2026-10-04,1108,N20,VIIRS,n,2.0NRT,302.92,19.61,D
-13.64182,25.66793,339.53,0.61,0.71,2026-10-04,1108,N20,VIIRS,n,2.0NRT,301.03,8.26,D
-13.64121,25.67362,331.76,0.61,0.71,2026-10-04,1108,N20,VIIRS,n,2.0NRT,300.46,5.61,D
-13.64061,25.6793,334.79,0.61,0.71,2026-10-04,1108,N20,VIIRS,n,2.0NRT,299.76,5.61,D
-13.63367,26.66319,330.37,0.53,0.67,2026-10-04,1108,N20,VIIRS,n,2.0NRT,298.99,3.29,D
-13.60657,25.19562,341.32,0.66,0.73,2026-10-04,1108,N20,VIIRS,n,2.0NRT,296.22,5.18,D
-13.58974,27.436,333.73,0.47,0.64,2026-10-04,1108,N20,VIIRS,n,2.0NRT,298.81,1.63,D
-13.55869,27.55195,346.75,0.46,0.63,2026-10-04,1108,N20,VIIRS,n,2.0NRT,299.19,4.93,D
-13.55821,27.55616,331.09,0.46,0.63,2026-10-04,1108,N20,VIIRS,n,2.0NRT,293.77,4.93,D
-13.51753,25.48591,336.19,0.63,0.72,2026-10-04,1108,N20,VIIRS,n,2.0NRT,301.75,3.09,D
-13.50429,26.32051,330.38,0.55,0.68,2026-10-04,1108,N20,VIIRS,l,2.0NRT,300.91,3.14,D
-13.50387,25.23899,330.42,0.65,0.73,2026-10-04,1108,N20,VIIRS,n,2.0NRT,295.96,4.25,D
-13.50175,26.32133,332.63,0.55,0.68,2026-10-04,1108,N20,VIIRS,n,2.0NRT,299.81,3.42,D
-13.43128,24.59779,332.43,0.72,0.76,2026-10-04,1108,N20,VIIRS,n,2.0NRT,299.59,9.15,D
-13.41884,25.84511,336.95,0.59,0.7,2026-10-04,1108,N20,VIIRS,n,2.0NRT,302.25,3.62,D
-13.35752,25.80604,367,0.6,0.7,2026-10-04,1108,N20,VIIRS,h,2.0NRT,304.6,18.43,D
-13.3569,25.80547,367,0.6,0.7,2026-10-04,1108,N20,VIIRS,h,2.0NRT,304.87,22.29,D
-13.30246,24.69693,348.08,0.71,0.75,2026-10-04,1108,N20,VIIRS,n,2.0NRT,299.68,6.72,D
-13.30244,24.69433,336.11,0.71,0.75,2026-10-04,1108,N20,VIIRS,n,2.0NRT,299.15,8.35,D
-13.28854,26.24715,333.86,0.56,0.68,2026-10-04,1108,N20,VIIRS,n,2.0NRT,298.76,7.09,D
-13.23471,27.09949,350.72,0.49,0.65,2026-10-04,1108,N20,VIIRS,n,2.0NRT,299.93,8.31,D
-13.23227,27.09666,335.68,0.49,0.65,2026-10-04,1108,N20,VIIRS,n,2.0NRT,303.59,13.17,D
-13.23179,27.10099,367,0.49,0.65,2026-10-04,1108,N20,VIIRS,h,2.0NRT,300.53,13.17,D
-13.22874,27.09888,367,0.49,0.65,2026-10-04,1108,N20,VIIRS,h,2.0NRT,302.4,21.03,D
-13.22419,27.48959,353.59,0.46,0.63,2026-10-04,1108,N20,VIIRS,n,2.0NRT,301.1,6.14,D
-13.22353,27.64904,330.18,0.44,0.63,2026-10-04,1108,N20,VIIRS,n,2.0NRT,299.67,4.07,D
-13.21134,27.60244,353.9,0.45,0.63,2026-10-04,1108,N20,VIIRS,n,2.0NRT,300.62,9.73,D
-13.19569,27.53334,353.11,0.45,0.63,2026-10-04,1108,N20,VIIRS,n,2.0NRT,305.29,11,D
-13.19211,24.00897,355.9,0.79,0.78,2026-10-04,1108,N20,VIIRS,n,2.0NRT,291.24,40.14,D
-13.19137,24.01621,354.94,0.79,0.78,2026-10-04,1108,N20,VIIRS,n,2.0NRT,290.32,40.14,D
-13.19063,24.02342,356.33,0.78,0.78,2026-10-04,1108,N20,VIIRS,l,2.0NRT,289.68,73.35,D
-13.18494,24.00823,341.62,0.79,0.78,2026-10-04,1108,N20,VIIRS,n,2.0NRT,286.82,11.45,D
-13.1842,24.01549,336.63,0.79,0.78,2026-10-04,1108,N20,VIIRS,n,2.0NRT,280.58,11.45,D
-13.1551,27.05471,345.49,0.49,0.65,2026-10-04,1108,N20,VIIRS,n,2.0NRT,300.82,4.13,D
-13.14027,26.57339,342.39,0.53,0.67,2026-10-04,1108,N20,VIIRS,n,2.0NRT,296.94,7.46,D
-13.11868,27.53485,331.24,0.45,0.63,2026-10-04,1108,N20,VIIRS,l,2.0NRT,301.73,7.8,D
-13.11587,25.66163,330.55,0.61,0.71,2026-10-04,1108,N20,VIIRS,l,2.0NRT,300.79,6.04,D
-13.10437,27.30717,332.86,0.47,0.64,2026-10-04,1108,N20,VIIRS,n,2.0NRT,300.72,6.57,D
-13.10312,27.3058,338.96,0.47,0.64,2026-10-04,1108,N20,VIIRS,n,2.0NRT,299.13,6.61,D
-13.09818,26.45283,331.99,0.53,0.67,2026-10-04,1108,N20,VIIRS,n,2.0NRT,297.65,2.2,D
-13.07162,27.48278,340.32,0.46,0.63,2026-10-04,1108,N20,VIIRS,n,2.0NRT,301.74,5.24,D
-13.07161,27.48378,336.66,0.45,0.63,2026-10-04,1108,N20,VIIRS,n,2.0NRT,299.72,3.69,D
-13.05939,27.89971,332.83,0.43,0.62,2026-10-04,1108,N20,VIIRS,n,2.0NRT,296.76,4.02,D
-13.05658,27.72173,330.75,0.44,0.62,2026-10-04,1108,N20,VIIRS,n,2.0NRT,296.78,3.72,D
-13.05091,26.48201,346.87,0.53,0.67,2026-10-04,1108,N20,VIIRS,n,2.0NRT,301.95,14.75,D
-13.05036,26.48685,348.99,0.53,0.67,2026-10-04,1108,N20,VIIRS,n,2.0NRT,299.26,16.91,D
-13.04831,25.25048,367,0.65,0.73,2026-10-04,1108,N20,VIIRS,h,2.0NRT,301.73,22.6,D
-13.04467,26.98822,336.73,0.49,0.65,2026-10-04,1108,N20,VIIRS,n,2.0NRT,298.81,4.77,D
-13.04182,26.98846,338.13,0.49,0.65,2026-10-04,1108,N20,VIIRS,n,2.0NRT,299.8,4.48,D
-13.01895,27.58253,331.28,0.45,0.63,2026-10-04,1108,N20,VIIRS,n,2.0NRT,298.27,4.68,D
-13.01239,26.76723,367,0.51,0.66,2026-10-04,1108,N20,VIIRS,h,2.0NRT,300.17,12.12,D
-13.01188,26.77174,331.09,0.51,0.66,2026-10-04,1108,N20,VIIRS,n,2.0NRT,299.29,11.86,D
-13.01131,26.98964,331.02,0.49,0.65,2026-10-04,1108,N20,VIIRS,n,2.0NRT,302.04,7.63,D
-13.01079,26.99418,348.3,0.49,0.65,2026-10-04,1108,N20,VIIRS,n,2.0NRT,302.41,6.18,D
-13.00768,26.99332,346.73,0.49,0.65,2026-10-04,1108,N20,VIIRS,n,2.0NRT,302.87,9.68,D
-13.00138,27.68376,331.53,0.44,0.62,2026-10-04,1108,N20,VIIRS,l,2.0NRT,301.9,8.97,D
-12.97642,26.5385,330.35,0.53,0.67,2026-10-04,1108,N20,VIIRS,n,2.0NRT,298.64,5.73,D
-12.9737,27.05318,338.94,0.49,0.65,2026-10-04,1108,N20,VIIRS,n,2.0NRT,299.68,5.46,D
-12.97025,26.53787,355.12,0.53,0.67,2026-10-04,1108,N20,VIIRS,n,2.0NRT,300.26,5.73,D
-12.9694,26.54038,350.49,0.53,0.67,2026-10-04,1108,N20,VIIRS,n,2.0NRT,299.31,9.11,D
-12.95046,24.04381,335.14,0.78,0.78,2026-10-04,1108,N20,VIIRS,n,2.0NRT,294.78,6.71,D
-12.94661,24.04503,339.12,0.78,0.78,2026-10-04,1108,N20,VIIRS,n,2.0NRT,293.15,13.97,D
-12.92628,26.65001,367,0.52,0.67,2026-10-04,1108,N20,VIIRS,h,2.0NRT,297.53,11.51,D
-12.92016,26.64934,350.84,0.52,0.67,2026-10-04,1108,N20,VIIRS,n,2.0NRT,296.52,11.51,D
-12.91988,25.08412,340.36,0.66,0.73,2026-10-04,1108,N20,VIIRS,n,2.0NRT,297.83,5.74,D
-12.9172,25.08275,338.44,0.66,0.73,2026-10-04,1108,N20,VIIRS,n,2.0NRT,298.24,5.86,D
-12.84544,26.87626,334.29,0.5,0.66,2026-10-04,1108,N20,VIIRS,n,2.0NRT,303.76,7.37,D
-12.84336,26.87431,341.69,0.5,0.66,2026-10-04,1108,N20,VIIRS,n,2.0NRT,303.28,5.74,D
-12.81182,26.04428,367,0.57,0.69,2026-10-04,1108,N20,VIIRS,h,2.0NRT,298.49,24.23,D
-12.80945,26.04204,356.12,0.57,0.69,2026-10-04,1108,N20,VIIRS,n,2.0NRT,299.85,26.37,D
-12.80066,26.87411,332.74,0.5,0.66,2026-10-04,1108,N20,VIIRS,l,2.0NRT,303.45,5,D
-12.7611,26.07265,332.15,0.56,0.69,2026-10-04,1108,N20,VIIRS,n,2.0NRT,296.4,5.41,D
-12.75364,26.08213,351.18,0.56,0.69,2026-10-04,1108,N20,VIIRS,n,2.0NRT,298.7,9.26,D
-12.70558,26.45596,367,0.53,0.67,2026-10-04,1108,N20,VIIRS,h,2.0NRT,298.91,9.77,D
-12.70504,26.4608,331.87,0.53,0.67,2026-10-04,1108,N20,VIIRS,n,2.0NRT,295.27,9.77,D
-12.67754,25.69643,335.01,0.6,0.7,2026-10-04,1108,N20,VIIRS,n,2.0NRT,298.38,4.37,D
-12.63915,26.54943,367,0.52,0.67,2026-10-04,1108,N20,VIIRS,h,2.0NRT,301.47,15.37,D
-12.63901,26.54805,367,0.52,0.67,2026-10-04,1108,N20,VIIRS,h,2.0NRT,300.05,17.85,D
-12.63679,26.18161,331.43,0.55,0.68,2026-10-04,1108,N20,VIIRS,n,2.0NRT,299.79,6.61,D
-12.5803,26.25213,342.15,0.54,0.68,2026-10-04,1108,N20,VIIRS,n,2.0NRT,298.42,7.7,D
-12.57967,27.65747,335.85,0.44,0.62,2026-10-04,1108,N20,VIIRS,n,2.0NRT,296.79,4.2,D
-12.57831,26.25188,334,0.54,0.68,2026-10-04,1108,N20,VIIRS,n,2.0NRT,297.64,4.6,D
-12.57395,27.65686,338.93,0.44,0.62,2026-10-04,1108,N20,VIIRS,n,2.0NRT,297.89,7.14,D
-12.57361,26.63223,338.7,0.51,0.66,2026-10-04,1108,N20,VIIRS,n,2.0NRT,297.49,5.7,D
-12.57347,27.66096,330.38,0.44,0.62,2026-10-04,1108,N20,VIIRS,n,2.0NRT,295.47,9.74,D
-12.56248,24.42482,338.29,0.72,0.76,2026-10-04,1108,N20,VIIRS,n,2.0NRT,284.88,13.99,D
-12.56212,24.41887,332.71,0.73,0.76,2026-10-04,1108,N20,VIIRS,n,2.0NRT,280.73,22.52,D
-12.56145,24.42535,353.14,0.72,0.76,2026-10-04,1108,N20,VIIRS,n,2.0NRT,284.04,21.43,D
-12.55554,24.42393,356.17,0.72,0.76,2026-10-04,1108,N20,VIIRS,l,2.0NRT,287.68,34.12,D
-12.55515,26.34892,367,0.54,0.68,2026-10-04,1108,N20,VIIRS,h,2.0NRT,299.24,12.25,D
-12.55451,24.42444,356.46,0.72,0.76,2026-10-04,1108,N20,VIIRS,l,2.0NRT,286.92,21.43,D
-12.55027,26.3482,367,0.54,0.67,2026-10-04,1108,N20,VIIRS,h,2.0NRT,301.64,23.16,D
-12.55,24.41006,347.48,0.73,0.76,2026-10-04,1108,N20,VIIRS,n,2.0NRT,283.95,12.88,D
-12.54896,26.34802,334.52,0.54,0.68,2026-10-04,1108,N20,VIIRS,n,2.0NRT,298.49,12.25,D
-12.54889,24.41049,339.3,0.73,0.76,2026-10-04,1108,N20,VIIRS,n,2.0NRT,282.95,6.92,D
-12.5273,27.19575,334.71,0.47,0.64,2026-10-04,1108,N20,VIIRS,n,2.0NRT,295.67,4.24,D
-12.51028,28.1014,334.52,0.41,0.6,2026-10-04,1108,N20,VIIRS,n,2.0NRT,289.37,5.31,D
-12.49557,24.78174,347.77,0.68,0.74,2026-10-04,1108,N20,VIIRS,n,2.0NRT,292.87,9.77,D
-13.95489,23.94397,367,0.47,0.64,2026-10-04,1246,N20,VIIRS,h,2.0NRT,307.35,16.19,D
-13.95332,23.94248,355.05,0.47,0.64,2026-10-04,1246,N20,VIIRS,n,2.0NRT,309.69,23.53,D
-13.95244,23.9467,367,0.47,0.64,2026-10-04,1246,N20,VIIRS,h,2.0NRT,305.64,11.96,D
-13.949,23.94288,346.11,0.47,0.64,2026-10-04,1246,N20,VIIRS,n,2.0NRT,306.53,16.19,D
-13.94813,23.94718,367,0.47,0.64,2026-10-04,1246,N20,VIIRS,h,2.0NRT,308.27,30.25,D
-13.94653,23.94568,367,0.47,0.64,2026-10-04,1246,N20,VIIRS,h,2.0NRT,306.09,11.96,D
-13.94564,23.9499,351.09,0.47,0.64,2026-10-04,1246,N20,VIIRS,n,2.0NRT,304.93,11.96,D
-13.9405,23.95463,335.72,0.47,0.64,2026-10-04,1246,N20,VIIRS,n,2.0NRT,305.48,3.76,D
-13.85002,24.27728,350.36,0.5,0.66,2026-10-04,1246,N20,VIIRS,n,2.0NRT,305.08,8.76,D
-13.84583,24.57633,338.05,0.52,0.67,2026-10-04,1246,N20,VIIRS,n,2.0NRT,303.07,6.45,D
-13.84503,24.57888,344.2,0.52,0.67,2026-10-04,1246,N20,VIIRS,n,2.0NRT,302.66,5.24,D
-13.83894,24.57751,330.25,0.52,0.67,2026-10-04,1246,N20,VIIRS,l,2.0NRT,301.77,5.24,D
-13.83721,23.99238,334.13,0.48,0.65,2026-10-04,1246,N20,VIIRS,n,2.0NRT,306.36,4,D
-13.83465,23.99178,336.47,0.48,0.65,2026-10-04,1246,N20,VIIRS,n,2.0NRT,306.32,5.06,D
-13.70727,24.00875,341.67,0.48,0.65,2026-10-04,1246,N20,VIIRS,n,2.0NRT,304.02,4.82,D
-13.70637,24.01321,333.85,0.48,0.65,2026-10-04,1246,N20,VIIRS,n,2.0NRT,303.02,4.82,D
-13.70365,24.02665,336.13,0.48,0.65,2026-10-04,1246,N20,VIIRS,n,2.0NRT,301.45,5.37,D
-13.68779,25.44717,339.77,0.6,0.71,2026-10-04,1246,N20,VIIRS,n,2.0NRT,303.74,6.52,D
-13.68679,24.82866,335.64,0.55,0.68,2026-10-04,1246,N20,VIIRS,n,2.0NRT,302.32,4.48,D
-13.65493,23.93334,348.71,0.48,0.65,2026-10-04,1246,N20,VIIRS,n,2.0NRT,303.33,13.2,D
-13.65158,23.93276,353.19,0.48,0.65,2026-10-04,1246,N20,VIIRS,n,2.0NRT,304.31,11.61,D
-13.64479,23.93598,350.86,0.48,0.65,2026-10-04,1246,N20,VIIRS,n,2.0NRT,304.83,8.78,D
-13.64221,23.93536,347.79,0.48,0.65,2026-10-04,1246,N20,VIIRS,n,2.0NRT,304.23,6.94,D
-13.64158,24.02787,332.81,0.49,0.65,2026-10-04,1246,N20,VIIRS,n,2.0NRT,301.5,2.95,D
-13.64129,23.93978,334.86,0.48,0.65,2026-10-04,1246,N20,VIIRS,n,2.0NRT,303.16,6.52,D
-13.62733,23.99246,353.94,0.48,0.65,2026-10-04,1246,N20,VIIRS,n,2.0NRT,301.6,7.49,D
-13.62434,23.99175,367,0.48,0.65,2026-10-04,1246,N20,VIIRS,h,2.0NRT,303.22,12.65,D
-13.62141,23.99123,334.15,0.48,0.65,2026-10-04,1246,N20,VIIRS,n,2.0NRT,300.97,3.4,D
-13.6133,24.25542,335.68,0.5,0.66,2026-10-04,1246,N20,VIIRS,l,2.0NRT,307.85,3.6,D
-13.60877,24.00716,332.48,0.48,0.65,2026-10-04,1246,N20,VIIRS,n,2.0NRT,301.55,5.45,D
-13.60866,23.99325,333.59,0.48,0.65,2026-10-04,1246,N20,VIIRS,n,2.0NRT,301.7,7.42,D
-13.60775,23.99772,339.12,0.48,0.65,2026-10-04,1246,N20,VIIRS,n,2.0NRT,302.18,7.12,D
-13.60595,24.00666,342.33,0.49,0.65,2026-10-04,1246,N20,VIIRS,n,2.0NRT,304.87,5.11,D
-13.60505,24.01113,331.76,0.49,0.65,2026-10-04,1246,N20,VIIRS,l,2.0NRT,303.43,5.11,D
-13.60183,23.9965,330.46,0.48,0.65,2026-10-04,1246,N20,VIIRS,l,2.0NRT,302.84,7.12,D
-13.60081,26.18227,331.98,0.67,0.74,2026-10-04,1246,N20,VIIRS,n,2.0NRT,295.38,4.28,D
-13.58474,24.94412,344.14,0.56,0.69,2026-10-04,1246,N20,VIIRS,n,2.0NRT,304.27,8.97,D
-13.58075,24.10069,334.99,0.49,0.65,2026-10-04,1246,N20,VIIRS,n,2.0NRT,304.13,4.23,D
-13.55638,24.49976,333.91,0.52,0.67,2026-10-04,1246,N20,VIIRS,l,2.0NRT,304.16,2.96,D
-13.55168,23.93991,335.98,0.48,0.65,2026-10-04,1246,N20,VIIRS,n,2.0NRT,300.77,8.32,D
-13.54616,24.48759,342.54,0.52,0.67,2026-10-04,1246,N20,VIIRS,n,2.0NRT,306.62,4.49,D
-13.53721,24.98291,337.73,0.56,0.69,2026-10-04,1246,N20,VIIRS,n,2.0NRT,300.96,8.2,D
-13.53485,24.98019,346.43,0.56,0.69,2026-10-04,1246,N20,VIIRS,n,2.0NRT,300.67,8.56,D
-13.52752,23.96729,334.05,0.48,0.65,2026-10-04,1246,N20,VIIRS,n,2.0NRT,300.93,4.88,D
-13.52645,24.12267,367,0.5,0.65,2026-10-04,1246,N20,VIIRS,h,2.0NRT,307.55,8.62,D
-13.52551,24.12723,340.46,0.5,0.65,2026-10-04,1246,N20,VIIRS,n,2.0NRT,305.13,8.62,D
-13.52453,23.96591,333.98,0.48,0.65,2026-10-04,1246,N20,VIIRS,n,2.0NRT,300.61,6,D
-13.52251,23.96163,335.2,0.48,0.65,2026-10-04,1246,N20,VIIRS,n,2.0NRT,301.18,4.88,D
-13.51604,24.0826,351.58,0.49,0.65,2026-10-04,1246,N20,VIIRS,n,2.0NRT,307.93,14.66,D
-13.51512,24.08704,367,0.49,0.65,2026-10-04,1246,N20,VIIRS,h,2.0NRT,302.94,14.66,D
-13.5138,24.08151,350.3,0.49,0.65,2026-10-04,1246,N20,VIIRS,n,2.0NRT,305.89,24.08,D
-13.51291,24.08599,367,0.49,0.65,2026-10-04,1246,N20,VIIRS,h,2.0NRT,305.16,24.08,D
-13.50944,23.94893,341.69,0.48,0.65,2026-10-04,1246,N20,VIIRS,n,2.0NRT,301.4,7.67,D
-13.50914,24.08584,367,0.49,0.65,2026-10-04,1246,N20,VIIRS,h,2.0NRT,302.73,14.66,D
-13.50351,23.94773,367,0.48,0.65,2026-10-04,1246,N20,VIIRS,h,2.0NRT,302.7,7.67,D
-13.50144,24.58471,339.23,0.53,0.67,2026-10-04,1246,N20,VIIRS,n,2.0NRT,301.12,4.42,D
-13.50044,24.58364,339.53,0.53,0.67,2026-10-04,1246,N20,VIIRS,n,2.0NRT,301.8,6.09,D
-13.49529,24.58344,330.24,0.53,0.67,2026-10-04,1246,N20,VIIRS,l,2.0NRT,301.99,4.42,D
-13.49076,23.94977,330.3,0.48,0.65,2026-10-04,1246,N20,VIIRS,l,2.0NRT,301.08,4.36,D
-13.47892,23.94732,333.14,0.48,0.65,2026-10-04,1246,N20,VIIRS,n,2.0NRT,302.32,4.22,D
-13.4739,23.94164,345.74,0.48,0.65,2026-10-04,1246,N20,VIIRS,n,2.0NRT,302.68,7.91,D
-13.47288,24.14012,334.96,0.5,0.66,2026-10-04,1246,N20,VIIRS,n,2.0NRT,303.33,4.52,D
-13.45933,23.95255,330.75,0.48,0.65,2026-10-04,1246,N20,VIIRS,l,2.0NRT,303.43,4.87,D
-13.36259,26.39354,338.15,0.7,0.75,2026-10-04,1246,N20,VIIRS,n,2.0NRT,298.58,9.13,D
-13.36211,26.39618,333.15,0.7,0.75,2026-10-04,1246,N20,VIIRS,n,2.0NRT,298.11,5.11,D
-13.36195,24.21282,334.71,0.51,0.66,2026-10-04,1246,N20,VIIRS,n,2.0NRT,301.65,5.31,D
-13.36085,24.21308,345.85,0.51,0.66,2026-10-04,1246,N20,VIIRS,n,2.0NRT,302.78,8.57,D
-13.36079,25.808,336.28,0.64,0.72,2026-10-04,1246,N20,VIIRS,n,2.0NRT,299.35,5.17,D
-13.35717,25.80592,334.93,0.64,0.72,2026-10-04,1246,N20,VIIRS,n,2.0NRT,301.29,12.43,D
-13.32597,24.66237,335.23,0.54,0.68,2026-10-04,1246,N20,VIIRS,l,2.0NRT,306.95,4.12,D
-13.31998,23.84716,340.56,0.48,0.65,2026-10-04,1246,N20,VIIRS,n,2.0NRT,303.47,5.86,D
-13.31798,25.63286,350.69,0.63,0.72,2026-10-04,1246,N20,VIIRS,n,2.0NRT,299.36,10.29,D
-13.317,23.84962,336.77,0.48,0.65,2026-10-04,1246,N20,VIIRS,n,2.0NRT,300.09,7.15,D
-13.31287,25.63448,343.93,0.63,0.72,2026-10-04,1246,N20,VIIRS,n,2.0NRT,296.84,9.7,D
-13.312,24.36094,333.26,0.52,0.67,2026-10-04,1246,N20,VIIRS,n,2.0NRT,301.69,4.4,D
-13.30589,24.35977,350.95,0.52,0.67,2026-10-04,1246,N20,VIIRS,n,2.0NRT,303.94,8.69,D
-13.2549,24.29938,342.73,0.51,0.66,2026-10-04,1246,N20,VIIRS,n,2.0NRT,303.03,3.88,D
-13.23598,26.51851,348.44,0.72,0.76,2026-10-04,1246,N20,VIIRS,n,2.0NRT,299.14,17.7,D
-13.23526,26.51865,345.17,0.72,0.75,2026-10-04,1246,N20,VIIRS,n,2.0NRT,298.67,14.92,D
-13.22483,23.98138,342.56,0.49,0.65,2026-10-04,1246,N20,VIIRS,n,2.0NRT,299.2,6.06,D
-13.22081,24.43517,333.41,0.53,0.67,2026-10-04,1246,N20,VIIRS,n,2.0NRT,300.56,3.01,D
-13.20545,24.01513,335,0.49,0.65,2026-10-04,1246,N20,VIIRS,n,2.0NRT,299.05,21.92,D
-13.20452,24.01965,353.42,0.49,0.65,2026-10-04,1246,N20,VIIRS,n,2.0NRT,304.85,25.31,D
-13.20358,24.02422,367,0.49,0.65,2026-10-04,1246,N20,VIIRS,h,2.0NRT,299.1,25.31,D
-13.20341,24.01505,352.67,0.49,0.65,2026-10-04,1246,N20,VIIRS,n,2.0NRT,300.48,31.1,D
-13.20251,24.0196,348.47,0.5,0.65,2026-10-04,1246,N20,VIIRS,n,2.0NRT,304.75,38.67,D
-13.2016,24.02419,367,0.5,0.65,2026-10-04,1246,N20,VIIRS,h,2.0NRT,296.38,38.67,D
-13.20104,23.99575,345.14,0.49,0.65,2026-10-04,1246,N20,VIIRS,n,2.0NRT,302.32,13.5,D
-13.20014,24.00023,350.21,0.49,0.65,2026-10-04,1246,N20,VIIRS,n,2.0NRT,300.03,48.29,D
-13.19854,24.01843,367,0.49,0.65,2026-10-04,1246,N20,VIIRS,h,2.0NRT,298.14,25.31,D
-13.19631,23.99908,367,0.49,0.65,2026-10-04,1246,N20,VIIRS,h,2.0NRT,299.47,32.58,D
-13.19444,24.00813,341.77,0.49,0.65,2026-10-04,1246,N20,VIIRS,n,2.0NRT,313.12,35.98,D
-13.1935,24.01266,367,0.49,0.65,2026-10-04,1246,N20,VIIRS,h,2.0NRT,297.22,35.98,D
-13.19256,24.01721,341.64,0.49,0.65,2026-10-04,1246,N20,VIIRS,n,2.0NRT,309.22,46.64,D
-13.19237,24.00802,342.3,0.49,0.65,2026-10-04,1246,N20,VIIRS,n,2.0NRT,317.2,72.24,D
-13.19162,24.02176,356.6,0.49,0.65,2026-10-04,1246,N20,VIIRS,n,2.0NRT,303.95,46.64,D
-13.19147,24.01256,367,0.49,0.65,2026-10-04,1246,N20,VIIRS,h,2.0NRT,298.67,72.24,D
-13.19056,24.01712,341.05,0.5,0.65,2026-10-04,1246,N20,VIIRS,n,2.0NRT,312.27,65.84,D
-13.18964,24.02168,367,0.5,0.65,2026-10-04,1246,N20,VIIRS,h,2.0NRT,300.54,65.84,D
-13.18846,24.00693,352.8,0.49,0.65,2026-10-04,1246,N20,VIIRS,n,2.0NRT,301.54,35.98,D
-13.18752,24.01146,367,0.49,0.65,2026-10-04,1246,N20,VIIRS,h,2.0NRT,298.35,35.98,D
-13.18658,24.01599,367,0.49,0.65,2026-10-04,1246,N20,VIIRS,h,2.0NRT,299.15,46.64,D
-13.18639,24.0068,331.85,0.49,0.65,2026-10-04,1246,N20,VIIRS,n,2.0NRT,296.57,20.24,D
-13.18564,24.02054,367,0.49,0.65,2026-10-04,1246,N20,VIIRS,h,2.0NRT,302.75,46.64,D
-13.18549,24.01133,350.27,0.49,0.65,2026-10-04,1246,N20,VIIRS,n,2.0NRT,297.01,20.24,D
-13.18531,23.99212,342.28,0.49,0.65,2026-10-04,1246,N20,VIIRS,n,2.0NRT,302.11,12.55,D
-13.18366,24.02045,367,0.5,0.65,2026-10-04,1246,N20,VIIRS,h,2.0NRT,300.52,92.01,D
-13.18315,23.99192,367,0.49,0.65,2026-10-04,1246,N20,VIIRS,h,2.0NRT,304.39,31.93,D
-13.1806,24.01477,336.26,0.49,0.65,2026-10-04,1246,N20,VIIRS,n,2.0NRT,309.38,64.26,D
-13.17966,24.01933,367,0.49,0.65,2026-10-04,1246,N20,VIIRS,h,2.0NRT,298.3,64.26,D
-13.17934,23.9909,354.49,0.49,0.65,2026-10-04,1246,N20,VIIRS,n,2.0NRT,303.07,12.55,D
-13.1786,24.01464,333.27,0.5,0.65,2026-10-04,1246,N20,VIIRS,n,2.0NRT,297.17,92.01,D
-13.14506,23.96511,335.11,0.49,0.65,2026-10-04,1246,N20,VIIRS,n,2.0NRT,298.46,8.61,D
-13.13486,24.01529,342.93,0.5,0.65,2026-10-04,1246,N20,VIIRS,n,2.0NRT,298.89,4.2,D
-13.11984,24.93425,331.85,0.57,0.69,2026-10-04,1246,N20,VIIRS,n,2.0NRT,300.8,4.82,D
-13.09989,24.28009,340.67,0.52,0.67,2026-10-04,1246,N20,VIIRS,n,2.0NRT,297.79,7.95,D
-13.07255,23.94259,339.56,0.49,0.65,2026-10-04,1246,N20,VIIRS,n,2.0NRT,307.42,46.55,D
-13.07165,23.94708,367,0.49,0.65,2026-10-04,1246,N20,VIIRS,h,2.0NRT,301.61,45.34,D
-13.06338,23.92647,343.14,0.49,0.65,2026-10-04,1246,N20,VIIRS,n,2.0NRT,307.59,7.78,D
-13.05867,26.27221,344.04,0.7,0.75,2026-10-04,1246,N20,VIIRS,n,2.0NRT,295.85,13.88,D
-13.05832,26.27643,367,0.7,0.75,2026-10-04,1246,N20,VIIRS,h,2.0NRT,296.72,14.46,D
-13.05734,26.27859,340.41,0.7,0.75,2026-10-04,1246,N20,VIIRS,n,2.0NRT,296.77,12.38,D
-13.04317,26.63898,333.07,0.74,0.76,2026-10-04,1246,N20,VIIRS,n,2.0NRT,290.3,8.64,D
-13.02068,23.86212,343.71,0.49,0.65,2026-10-04,1246,N20,VIIRS,n,2.0NRT,307.52,6.18,D
-13.01846,23.85951,343.1,0.49,0.65,2026-10-04,1246,N20,VIIRS,n,2.0NRT,308.8,5.35,D
-13.01736,24.21673,331.39,0.51,0.66,2026-10-04,1246,N20,VIIRS,l,2.0NRT,302.87,4.49,D
-12.99942,24.05723,332.03,0.5,0.66,2026-10-04,1246,N20,VIIRS,l,2.0NRT,302.13,2.92,D
-12.99642,25.88895,330.09,0.66,0.73,2026-10-04,1246,N20,VIIRS,n,2.0NRT,298.25,5.01,D
-12.97351,26.53944,352.04,0.73,0.76,2026-10-04,1246,N20,VIIRS,n,2.0NRT,283.62,10.84,D
-12.97211,26.54601,335.8,0.73,0.76,2026-10-04,1246,N20,VIIRS,n,2.0NRT,276.98,10.84,D
-12.96872,26.75614,339.94,0.75,0.77,2026-10-04,1246,N20,VIIRS,n,2.0NRT,296.52,6.32,D
-12.95136,23.91622,330.93,0.49,0.65,2026-10-04,1246,N20,VIIRS,n,2.0NRT,302.98,11.24,D
-12.9463,23.91054,341.08,0.49,0.65,2026-10-04,1246,N20,VIIRS,n,2.0NRT,302.71,11.24,D
-12.94541,24.03877,336.11,0.5,0.66,2026-10-04,1246,N20,VIIRS,n,2.0NRT,303.94,8.02,D
-12.9454,23.91498,367,0.49,0.65,2026-10-04,1246,N20,VIIRS,h,2.0NRT,303.2,11.24,D
-12.9437,24.66309,338.37,0.55,0.68,2026-10-04,1246,N20,VIIRS,n,2.0NRT,299.36,6.88,D
-12.9342,24.69084,330.69,0.55,0.68,2026-10-04,1246,N20,VIIRS,n,2.0NRT,297.94,2.46,D
-12.79529,26.50457,330.85,0.73,0.76,2026-10-04,1246,N20,VIIRS,n,2.0NRT,292.63,3.35,D
-12.77491,25.95365,367,0.68,0.74,2026-10-04,1246,N20,VIIRS,h,2.0NRT,301.83,16.48,D
-12.76923,25.95565,353.1,0.67,0.74,2026-10-04,1246,N20,VIIRS,n,2.0NRT,298.81,14.71,D
-12.70977,24.35436,337.99,0.53,0.67,2026-10-04,1246,N20,VIIRS,n,2.0NRT,297.26,4.94,D
-12.66929,26.18504,339.73,0.7,0.75,2026-10-04,1246,N20,VIIRS,n,2.0NRT,295.92,8.59,D
-12.62786,26.79153,330.53,0.77,0.77,2026-10-04,1246,N20,VIIRS,n,2.0NRT,292.31,10.59,D
-12.62368,26.79294,335.04,0.77,0.77,2026-10-04,1246,N20,VIIRS,n,2.0NRT,292.77,8.01,D
-12.62009,26.21365,343.28,0.71,0.75,2026-10-04,1246,N20,VIIRS,n,2.0NRT,297.44,9.15,D
-12.62004,26.21436,342.34,0.71,0.75,2026-10-04,1246,N20,VIIRS,n,2.0NRT,296.77,8.86,D
-12.57565,24.41953,347.59,0.54,0.68,2026-10-04,1246,N20,VIIRS,n,2.0NRT,294.58,6.68,D
-12.57362,24.40597,336.92,0.54,0.68,2026-10-04,1246,N20,VIIRS,n,2.0NRT,294.5,13.07,D
-12.57258,24.41118,367,0.54,0.68,2026-10-04,1246,N20,VIIRS,h,2.0NRT,296.17,21.75,D
-12.57155,24.40817,351.65,0.54,0.68,2026-10-04,1246,N20,VIIRS,n,2.0NRT,299.69,30.07,D
-12.57154,24.41639,367,0.54,0.68,2026-10-04,1246,N20,VIIRS,h,2.0NRT,297.57,21.75,D
-12.5705,24.42159,338.42,0.54,0.68,2026-10-04,1246,N20,VIIRS,n,2.0NRT,294.6,8.09,D
-12.57048,24.41336,367,0.54,0.68,2026-10-04,1246,N20,VIIRS,h,2.0NRT,297.71,30.07,D
-12.56948,24.42668,334.98,0.54,0.68,2026-10-04,1246,N20,VIIRS,n,2.0NRT,294.31,8.09,D
-12.5694,24.41856,351.45,0.54,0.68,2026-10-04,1246,N20,VIIRS,n,2.0NRT,296.03,15.65,D
-12.56833,24.42369,339.94,0.54,0.68,2026-10-04,1246,N20,VIIRS,n,2.0NRT,297.03,15.65,D
-12.56737,24.40501,348.28,0.54,0.68,2026-10-04,1246,N20,VIIRS,n,2.0NRT,301.26,46.14,D
-12.56728,24.42875,343.52,0.54,0.68,2026-10-04,1246,N20,VIIRS,n,2.0NRT,295.25,11.08,D
-12.56634,24.41015,367,0.54,0.68,2026-10-04,1246,N20,VIIRS,h,2.0NRT,300.8,57.14,D
-12.5653,24.4072,353.88,0.54,0.68,2026-10-04,1246,N20,VIIRS,n,2.0NRT,299.62,30.07,D
-12.56424,24.41234,338.72,0.54,0.68,2026-10-04,1246,N20,VIIRS,n,2.0NRT,296.12,30.07,D
-12.56324,24.4256,339.52,0.54,0.68,2026-10-04,1246,N20,VIIRS,n,2.0NRT,297.22,16.08,D
-12.56222,24.43069,352.26,0.54,0.68,2026-10-04,1246,N20,VIIRS,n,2.0NRT,296.28,14.72,D
-12.56105,24.42768,344.33,0.54,0.68,2026-10-04,1246,N20,VIIRS,n,2.0NRT,298.04,11.08,D
-12.54978,24.4284,336.78,0.54,0.68,2026-10-04,1246,N20,VIIRS,n,2.0NRT,295.54,3.92,D
-12.54486,26.73034,330.83,0.77,0.77,2026-10-04,1246,N20,VIIRS,n,2.0NRT,292.59,14.42,D
-14.70123,25.37369,334.64,0.57,0.69,2026-10-04,1249,N20,VIIRS,n,2.0NRT,303.31,6.42,D
-14.69519,24.95281,330.36,0.53,0.67,2026-10-04,1249,N20,VIIRS,l,2.0NRT,305.3,5.1,D
-14.66712,25.47154,338.71,0.58,0.69,2026-10-04,1249,N20,VIIRS,n,2.0NRT,306.09,4.54,D
-14.63824,23.89173,334.49,0.46,0.63,2026-10-04,1249,N20,VIIRS,l,2.0NRT,308.65,3.93,D
-14.6379,23.89266,334.93,0.46,0.63,2026-10-04,1249,N20,VIIRS,l,2.0NRT,308.62,2.36,D
-14.62704,27.25578,337.67,0.75,0.77,2026-10-04,1249,N20,VIIRS,n,2.0NRT,305.85,7.17,D
-14.61493,24.17925,343.09,0.48,0.64,2026-10-04,1249,N20,VIIRS,n,2.0NRT,309.99,5.73,D
-14.57413,26.85708,338.75,0.71,0.75,2026-10-04,1249,N20,VIIRS,n,2.0NRT,302.33,7.5,D
-14.5731,25.1312,367,0.55,0.68,2026-10-04,1249,N20,VIIRS,h,2.0NRT,307.88,16.39,D
-14.56981,25.12801,367,0.55,0.68,2026-10-04,1249,N20,VIIRS,h,2.0NRT,308.65,17.14,D
-14.56465,24.25688,335.38,0.48,0.65,2026-10-04,1249,N20,VIIRS,l,2.0NRT,307.64,3.65,D
-14.56183,24.25669,346.54,0.48,0.65,2026-10-04,1249,N20,VIIRS,n,2.0NRT,307.69,4.65,D
-14.55877,24.25543,332.14,0.48,0.65,2026-10-04,1249,N20,VIIRS,l,2.0NRT,304.96,3.65,D
-14.55015,24.914,335.11,0.53,0.67,2026-10-04,1249,N20,VIIRS,l,2.0NRT,305.19,4.37,D
-14.5491,24.91898,338.15,0.53,0.67,2026-10-04,1249,N20,VIIRS,n,2.0NRT,305.65,4.72,D
-14.5414,24.80449,330.21,0.52,0.67,2026-10-04,1249,N20,VIIRS,n,2.0NRT,302.13,1.89,D
-14.53775,23.91089,348.4,0.46,0.63,2026-10-04,1249,N20,VIIRS,n,2.0NRT,307.38,4.44,D
-14.53687,23.91515,332.55,0.46,0.63,2026-10-04,1249,N20,VIIRS,n,2.0NRT,304.13,5.3,D
-14.53633,24.49712,330.23,0.5,0.66,2026-10-04,1249,N20,VIIRS,l,2.0NRT,302.27,2.85,D
-14.52952,24.21745,332.71,0.48,0.65,2026-10-04,1249,N20,VIIRS,l,2.0NRT,305.74,4.66,D
-14.52861,24.22189,335.24,0.48,0.65,2026-10-04,1249,N20,VIIRS,n,2.0NRT,305.21,3.92,D
-14.52609,25.36825,343.27,0.57,0.69,2026-10-04,1249,N20,VIIRS,n,2.0NRT,306.44,5.03,D
-14.51959,24.20581,337.1,0.48,0.65,2026-10-04,1249,N20,VIIRS,n,2.0NRT,305.74,2.74,D
-14.51158,25.56927,346.49,0.59,0.7,2026-10-04,1249,N20,VIIRS,n,2.0NRT,301.43,6.19,D
-14.51102,25.5673,343.68,0.59,0.7,2026-10-04,1249,N20,VIIRS,n,2.0NRT,301.53,6.67,D
-14.49895,27.44315,342.96,0.78,0.78,2026-10-04,1249,N20,VIIRS,n,2.0NRT,297.52,16.36,D
-14.49589,25.13854,332.3,0.55,0.68,2026-10-04,1249,N20,VIIRS,l,2.0NRT,305.02,4.33,D
-14.49573,27.44248,342.51,0.78,0.78,2026-10-04,1249,N20,VIIRS,n,2.0NRT,299.73,9.02,D
-14.49437,24.14927,341.25,0.48,0.64,2026-10-04,1249,N20,VIIRS,n,2.0NRT,306.71,5.05,D
-14.49421,24.48859,331.07,0.5,0.66,2026-10-04,1249,N20,VIIRS,n,2.0NRT,301.57,4.25,D
-14.4927,24.48793,332.1,0.5,0.66,2026-10-04,1249,N20,VIIRS,n,2.0NRT,302.81,4.29,D
-14.48779,24.85002,339.87,0.53,0.67,2026-10-04,1249,N20,VIIRS,n,2.0NRT,306.7,5.32,D
-14.4868,24.04724,339.46,0.47,0.64,2026-10-04,1249,N20,VIIRS,n,2.0NRT,308.33,6.87,D
-14.48509,24.04702,356.18,0.47,0.64,2026-10-04,1249,N20,VIIRS,n,2.0NRT,309.98,7.45,D
-14.48419,24.05131,342.34,0.47,0.64,2026-10-04,1249,N20,VIIRS,n,2.0NRT,306.72,7.45,D
-14.48095,24.04602,367,0.47,0.64,2026-10-04,1249,N20,VIIRS,h,2.0NRT,308.08,6.87,D
-14.48074,24.30408,353.28,0.49,0.65,2026-10-04,1249,N20,VIIRS,n,2.0NRT,305.17,10.63,D
-14.48016,24.04142,340.62,0.47,0.64,2026-10-04,1249,N20,VIIRS,n,2.0NRT,308.48,9.22,D
-14.48008,24.05031,330.08,0.47,0.64,2026-10-04,1249,N20,VIIRS,n,2.0NRT,303.9,6.87,D
-14.47923,24.04583,350.25,0.47,0.64,2026-10-04,1249,N20,VIIRS,n,2.0NRT,306.7,7.45,D
-14.47782,24.49931,331.03,0.5,0.66,2026-10-04,1249,N20,VIIRS,n,2.0NRT,300.44,5.46,D
-14.47599,24.04039,340.52,0.47,0.64,2026-10-04,1249,N20,VIIRS,n,2.0NRT,306.95,3.97,D
-14.47595,24.99897,337.65,0.54,0.68,2026-10-04,1249,N20,VIIRS,n,2.0NRT,302.64,1.84,D
-14.47134,24.1126,336.88,0.47,0.64,2026-10-04,1249,N20,VIIRS,n,2.0NRT,304.3,3.78,D
-14.47043,24.11694,332.89,0.47,0.64,2026-10-04,1249,N20,VIIRS,l,2.0NRT,304.39,5.88,D
-14.46763,24.1118,351.45,0.47,0.64,2026-10-04,1249,N20,VIIRS,n,2.0NRT,308.85,5.95,D
-14.46717,24.33948,348.54,0.49,0.65,2026-10-04,1249,N20,VIIRS,n,2.0NRT,305.62,8.28,D
-14.46673,24.1162,335.34,0.48,0.64,2026-10-04,1249,N20,VIIRS,l,2.0NRT,305.35,3.1,D
-14.46546,24.11141,340.37,0.47,0.64,2026-10-04,1249,N20,VIIRS,n,2.0NRT,309.53,3.78,D
-14.46013,24.17909,335.73,0.48,0.65,2026-10-04,1249,N20,VIIRS,n,2.0NRT,305.19,4.02,D
-14.45927,24.18335,333.8,0.48,0.65,2026-10-04,1249,N20,VIIRS,l,2.0NRT,307.49,4.02,D
-14.45766,24.47546,338.79,0.5,0.66,2026-10-04,1249,N20,VIIRS,n,2.0NRT,299.75,4.67,D
-14.45752,24.17843,339.2,0.48,0.65,2026-10-04,1249,N20,VIIRS,n,2.0NRT,304.78,3.24,D
-14.45662,24.1827,332.96,0.48,0.65,2026-10-04,1249,N20,VIIRS,l,2.0NRT,306.81,3.24,D
-14.45312,24.12285,347.57,0.48,0.64,2026-10-04,1249,N20,VIIRS,n,2.0NRT,307.64,3.69,D
-14.45137,24.4454,346.22,0.5,0.66,2026-10-04,1249,N20,VIIRS,n,2.0NRT,300.98,7.46,D
-14.45085,24.1225,350.35,0.48,0.64,2026-10-04,1249,N20,VIIRS,n,2.0NRT,309.21,4.5,D
-14.45061,25.53671,335.66,0.59,0.7,2026-10-04,1249,N20,VIIRS,n,2.0NRT,302.5,6.18,D
-14.44851,24.29747,331.34,0.49,0.65,2026-10-04,1249,N20,VIIRS,l,2.0NRT,303.58,7.3,D
-14.44422,25.53534,334.93,0.59,0.7,2026-10-04,1249,N20,VIIRS,n,2.0NRT,302.67,6.18,D
-14.4435,24.2916,338.39,0.49,0.65,2026-10-04,1249,N20,VIIRS,n,2.0NRT,300.68,3.98,D
-14.42874,23.91491,340.69,0.46,0.64,2026-10-04,1249,N20,VIIRS,n,2.0NRT,306.62,3.01,D
-14.425,24.0806,335.13,0.47,0.64,2026-10-04,1249,N20,VIIRS,l,2.0NRT,306.3,3.2,D
-14.42016,23.90102,331.2,0.46,0.64,2026-10-04,1249,N20,VIIRS,l,2.0NRT,305.5,1.85,D
-14.41809,24.94382,336.26,0.54,0.68,2026-10-04,1249,N20,VIIRS,l,2.0NRT,306.9,4.21,D
-14.40061,24.02116,342.67,0.47,0.64,2026-10-04,1249,N20,VIIRS,n,2.0NRT,305.61,7,D
-14.38891,26.95082,333.78,0.73,0.76,2026-10-04,1249,N20,VIIRS,n,2.0NRT,298.2,6.28,D
-14.3877,26.951,333.73,0.73,0.76,2026-10-04,1249,N20,VIIRS,n,2.0NRT,298.69,4.26,D
-14.37775,23.98461,334.85,0.47,0.64,2026-10-04,1249,N20,VIIRS,n,2.0NRT,307.55,3.16,D
-14.37685,23.9889,336.6,0.47,0.64,2026-10-04,1249,N20,VIIRS,l,2.0NRT,308.64,3.9,D
-14.37294,23.98474,344.21,0.47,0.64,2026-10-04,1249,N20,VIIRS,n,2.0NRT,308.29,8.74,D
-14.37207,23.98904,334.04,0.47,0.64,2026-10-04,1249,N20,VIIRS,l,2.0NRT,307.66,6.72,D
-14.37194,23.98325,334.64,0.47,0.64,2026-10-04,1249,N20,VIIRS,n,2.0NRT,306.26,3.16,D
-14.37104,23.98755,332.94,0.47,0.64,2026-10-04,1249,N20,VIIRS,l,2.0NRT,307.01,3.9,D
-14.35314,24.10176,333.26,0.48,0.64,2026-10-04,1249,N20,VIIRS,l,2.0NRT,305.29,4.09,D
-14.34831,24.48199,333.18,0.5,0.66,2026-10-04,1249,N20,VIIRS,n,2.0NRT,299.84,9.03,D
-14.34735,24.48662,338.47,0.5,0.66,2026-10-04,1249,N20,VIIRS,n,2.0NRT,298.31,6.94,D
-14.2951,24.1556,355.65,0.48,0.65,2026-10-04,1249,N20,VIIRS,n,2.0NRT,307.31,11.51,D
-14.27549,24.70962,343.26,0.52,0.67,2026-10-04,1249,N20,VIIRS,n,2.0NRT,300.34,7.65,D
-14.21592,25.34426,337.17,0.58,0.69,2026-10-04,1249,N20,VIIRS,n,2.0NRT,300.19,1.69,D
-14.21513,25.34027,367,0.58,0.7,2026-10-04,1249,N20,VIIRS,h,2.0NRT,304.62,14.14,D
-14.21402,25.34561,367,0.58,0.7,2026-10-04,1249,N20,VIIRS,h,2.0NRT,303.32,16.55,D
-14.21072,25.33758,367,0.58,0.69,2026-10-04,1249,N20,VIIRS,h,2.0NRT,309.45,16.11,D
-14.2099,25.33356,351.01,0.58,0.69,2026-10-04,1249,N20,VIIRS,n,2.0NRT,306.75,13.82,D
-14.20957,25.34291,367,0.58,0.69,2026-10-04,1249,N20,VIIRS,h,2.0NRT,306.52,17.81,D
-14.20917,23.87522,340.96,0.46,0.64,2026-10-04,1249,N20,VIIRS,n,2.0NRT,304.44,5.01,D
-14.20879,25.33889,367,0.58,0.7,2026-10-04,1249,N20,VIIRS,h,2.0NRT,306.83,13.82,D
-14.20842,25.34824,350.24,0.58,0.7,2026-10-04,1249,N20,VIIRS,n,2.0NRT,305.51,17.81,D
-14.20769,23.87799,340.33,0.46,0.64,2026-10-04,1249,N20,VIIRS,n,2.0NRT,304.43,8.32,D
-14.20767,25.34424,330.86,0.58,0.7,2026-10-04,1249,N20,VIIRS,n,2.0NRT,305.44,9.68,D
-14.20438,25.3362,333.92,0.58,0.69,2026-10-04,1249,N20,VIIRS,n,2.0NRT,305.26,16.11,D
-14.20249,23.8783,330.48,0.46,0.64,2026-10-04,1249,N20,VIIRS,l,2.0NRT,303.5,5.01,D
-14.19689,25.34014,333.42,0.58,0.69,2026-10-04,1249,N20,VIIRS,n,2.0NRT,303.29,4.36,D
-14.16568,26.02224,367,0.64,0.72,2026-10-04,1249,N20,VIIRS,h,2.0NRT,299.13,16.16,D
-14.16444,26.02807,331.42,0.64,0.72,2026-10-04,1249,N20,VIIRS,n,2.0NRT,297.28,8.01,D
-14.16347,26.02009,347.1,0.64,0.72,2026-10-04,1249,N20,VIIRS,n,2.0NRT,299.01,13.28,D
-14.16219,26.02591,332.15,0.64,0.72,2026-10-04,1249,N20,VIIRS,n,2.0NRT,298.24,12.07,D
-14.14989,24.55075,352.79,0.51,0.66,2026-10-04,1249,N20,VIIRS,n,2.0NRT,302.79,10.15,D
-14.14946,24.55133,354.76,0.51,0.66,2026-10-04,1249,N20,VIIRS,n,2.0NRT,302.11,9.21,D
-14.14742,24.71687,336.35,0.53,0.67,2026-10-04,1249,N20,VIIRS,n,2.0NRT,304.5,4.61,D
-14.14641,24.72182,332.8,0.53,0.67,2026-10-04,1249,N20,VIIRS,l,2.0NRT,304.15,4.61,D
-14.14577,24.72063,340.6,0.53,0.67,2026-10-04,1249,N20,VIIRS,n,2.0NRT,305.09,6.64,D
-14.13555,25.0152,337.37,0.55,0.68,2026-10-04,1249,N20,VIIRS,n,2.0NRT,306.36,3.57,D
-14.13195,24.66763,330.39,0.52,0.67,2026-10-04,1249,N20,VIIRS,n,2.0NRT,300.81,3.24,D
-14.12685,25.53782,333.01,0.6,0.7,2026-10-04,1249,N20,VIIRS,l,2.0NRT,304.14,6.61,D
-14.10329,25.35908,334.92,0.58,0.7,2026-10-04,1249,N20,VIIRS,l,2.0NRT,306.34,7.49,D
-14.09772,25.92146,331.12,0.63,0.72,2026-10-04,1249,N20,VIIRS,l,2.0NRT,302.74,5.72,D
-14.09422,26.25882,331.3,0.67,0.73,2026-10-04,1249,N20,VIIRS,l,2.0NRT,302.27,13.93,D
-14.09287,26.26509,333.53,0.67,0.73,2026-10-04,1249,N20,VIIRS,n,2.0NRT,300.19,8.55,D
-14.08616,26.26366,352.86,0.67,0.73,2026-10-04,1249,N20,VIIRS,n,2.0NRT,301.51,8.55,D
-14.08259,24.5076,334.23,0.51,0.66,2026-10-04,1249,N20,VIIRS,n,2.0NRT,301.53,5.13,D
-14.08161,24.51228,337.91,0.51,0.66,2026-10-04,1249,N20,VIIRS,n,2.0NRT,302.64,6.34,D
-14.08149,24.50974,354.47,0.51,0.66,2026-10-04,1249,N20,VIIRS,n,2.0NRT,303.69,5.96,D
-14.07554,24.51106,334.33,0.51,0.66,2026-10-04,1249,N20,VIIRS,n,2.0NRT,303.71,6.69,D
-14.07542,24.50852,343.36,0.51,0.66,2026-10-04,1249,N20,VIIRS,n,2.0NRT,304.06,5.96,D
-14.073,25.383,333.9,0.58,0.7,2026-10-04,1249,N20,VIIRS,n,2.0NRT,303.53,4.1,D
-14.07183,25.38843,335.44,0.58,0.7,2026-10-04,1249,N20,VIIRS,n,2.0NRT,300.93,4.1,D
-14.07101,25.38607,347.14,0.58,0.7,2026-10-04,1249,N20,VIIRS,n,2.0NRT,302.07,7.56,D
-14.05468,26.0385,367,0.65,0.73,2026-10-04,1249,N20,VIIRS,h,2.0NRT,301.83,18.9,D
-14.05214,26.03515,345.17,0.64,0.72,2026-10-04,1249,N20,VIIRS,n,2.0NRT,300.7,13.07,D
-14.05089,26.04088,351.78,0.64,0.72,2026-10-04,1249,N20,VIIRS,n,2.0NRT,299.76,16.77,D
-14.04315,25.7077,346.82,0.61,0.71,2026-10-04,1249,N20,VIIRS,n,2.0NRT,300.2,11.29,D
-14.04313,25.71197,335.06,0.61,0.71,2026-10-04,1249,N20,VIIRS,n,2.0NRT,301.19,7.27,D
-14.04191,25.71341,345.54,0.61,0.71,2026-10-04,1249,N20,VIIRS,n,2.0NRT,300.15,7.83,D
-14.03791,25.70047,334.02,0.61,0.71,2026-10-04,1249,N20,VIIRS,n,2.0NRT,302.13,5.03,D
-14.03785,25.7047,346.13,0.61,0.71,2026-10-04,1249,N20,VIIRS,n,2.0NRT,302.23,6.78,D
-14.03666,25.7062,335.19,0.61,0.71,2026-10-04,1249,N20,VIIRS,n,2.0NRT,301.55,5.03,D
-14.03665,25.71044,339.9,0.61,0.71,2026-10-04,1249,N20,VIIRS,n,2.0NRT,301.3,6.78,D
-14.03543,25.71192,330.22,0.61,0.71,2026-10-04,1249,N20,VIIRS,l,2.0NRT,300.56,6.18,D
-14.00951,27.12965,335.1,0.76,0.77,2026-10-04,1249,N20,VIIRS,n,2.0NRT,294.06,13.13,D
-14.00793,27.13664,367,0.76,0.77,2026-10-04,1249,N20,VIIRS,h,2.0NRT,294.02,17.02,D
-14.00723,26.98803,339.2,0.74,0.76,2026-10-04,1249,N20,VIIRS,n,2.0NRT,297.64,5.75,D
-14.00642,24.47523,335.02,0.51,0.66,2026-10-04,1249,N20,VIIRS,n,2.0NRT,304.83,2.57,D
-14.00463,27.13332,367,0.76,0.77,2026-10-04,1249,N20,VIIRS,h,2.0NRT,291.5,22.37,D
-13.92175,24.91178,345.07,0.55,0.68,2026-10-04,1249,N20,VIIRS,n,2.0NRT,302.47,6.55,D
-13.91553,24.91049,337.02,0.55,0.68,2026-10-04,1249,N20,VIIRS,n,2.0NRT,302.12,6.55,D
-13.82938,25.92265,330.16,0.64,0.72,2026-10-04,1249,N20,VIIRS,l,2.0NRT,302.19,3,D
-13.76072,25.61049,339.62,0.61,0.71,2026-10-04,1249,N20,VIIRS,n,2.0NRT,299.18,3.93,D
-14.66914,27.48199,313.08,0.45,0.47,2026-10-04,2356,N20,VIIRS,n,2.0NRT,281.89,1.67,N
-14.60775,25.46891,300.55,0.51,0.41,2026-10-04,2356,N20,VIIRS,n,2.0NRT,274.55,1.16,N
-14.36625,25.04414,305.67,0.48,0.4,2026-10-04,2356,N20,VIIRS,n,2.0NRT,277.52,1.05,N
-14.30289,24.83457,297.92,0.47,0.4,2026-10-04,2356,N20,VIIRS,n,2.0NRT,281.94,1.76,N
-14.30227,24.83023,325.73,0.47,0.4,2026-10-04,2356,N20,VIIRS,n,2.0NRT,282.1,2.57,N
-14.06293,24.74586,302.62,0.46,0.39,2026-10-04,2356,N20,VIIRS,n,2.0NRT,279,0.92,N
-14.06145,24.74447,302.46,0.46,0.39,2026-10-04,2356,N20,VIIRS,n,2.0NRT,279.91,0.75,N
-13.72751,25.87537,311.94,0.52,0.42,2026-10-04,2356,N20,VIIRS,n,2.0NRT,283.84,1.81,N
-13.47371,24.13984,301.17,0.43,0.38,2026-10-04,2356,N20,VIIRS,n,2.0NRT,288.82,0.8,N
-13.46761,25.48471,302.37,0.49,0.41,2026-10-04,2356,N20,VIIRS,n,2.0NRT,272.35,2.02,N
-14.70118,25.35363,341.44,0.55,0.51,2026-10-05,1227,N20,VIIRS,n,2.0NRT,306.59,36.32,D
-14.70019,25.35872,345.59,0.55,0.51,2026-10-05,1227,N20,VIIRS,n,2.0NRT,305.05,16.72,D
-14.69897,25.35515,347.92,0.55,0.51,2026-10-05,1227,N20,VIIRS,n,2.0NRT,307.24,24.92,D
-14.6692,24.35748,336.71,0.48,0.48,2026-10-05,1227,N20,VIIRS,l,2.0NRT,311,6.93,D
-14.6419,23.87933,342.99,0.44,0.46,2026-10-05,1227,N20,VIIRS,n,2.0NRT,300.55,3.79,D
-14.63765,23.87854,343.21,0.44,0.46,2026-10-05,1227,N20,VIIRS,n,2.0NRT,300.7,6.13,D
-14.62094,24.47258,341.24,0.49,0.48,2026-10-05,1227,N20,VIIRS,n,2.0NRT,306.89,6.82,D
-14.5823,24.01395,348.45,0.45,0.47,2026-10-05,1227,N20,VIIRS,n,2.0NRT,305.29,5.38,D
-14.57801,24.01314,338.4,0.45,0.47,2026-10-05,1227,N20,VIIRS,n,2.0NRT,303.74,5.04,D
-14.5771,23.89701,339.37,0.45,0.47,2026-10-05,1227,N20,VIIRS,n,2.0NRT,302.49,5.7,D
-14.57209,23.90033,337.03,0.45,0.47,2026-10-05,1227,N20,VIIRS,n,2.0NRT,302.37,5.92,D
-14.53239,25.10773,342.25,0.54,0.5,2026-10-05,1227,N20,VIIRS,n,2.0NRT,302.15,5.58,D
-14.52572,25.54351,335.33,0.57,0.52,2026-10-05,1227,N20,VIIRS,n,2.0NRT,304.72,7.79,D
-14.49513,24.66674,341.16,0.5,0.49,2026-10-05,1227,N20,VIIRS,n,2.0NRT,302.86,9.48,D
-14.43509,24.07857,335.92,0.46,0.47,2026-10-05,1227,N20,VIIRS,n,2.0NRT,304.19,4.52,D
-14.3324,23.8523,335.71,0.45,0.47,2026-10-05,1227,N20,VIIRS,n,2.0NRT,296.24,4.19,D
-14.32985,23.8509,338.61,0.45,0.47,2026-10-05,1227,N20,VIIRS,n,2.0NRT,296.81,5.04,D
-14.26279,24.42198,331.56,0.49,0.48,2026-10-05,1227,N20,VIIRS,n,2.0NRT,299.88,4.69,D
-14.25949,26.90338,355.33,0.36,0.57,2026-10-05,1227,N20,VIIRS,n,2.0NRT,300.58,8.89,D
-14.25886,26.90658,340.37,0.36,0.57,2026-10-05,1227,N20,VIIRS,n,2.0NRT,296.88,8.89,D
-14.25476,24.41579,338.42,0.49,0.48,2026-10-05,1227,N20,VIIRS,n,2.0NRT,300.26,2.49,D
-14.23282,25.34304,336.94,0.56,0.52,2026-10-05,1227,N20,VIIRS,n,2.0NRT,303.15,5.56,D
-14.17712,24.70593,350.24,0.51,0.49,2026-10-05,1227,N20,VIIRS,n,2.0NRT,298.36,11.07,D
-14.17408,26.03678,337.29,0.63,0.54,2026-10-05,1227,N20,VIIRS,n,2.0NRT,300.23,6.39,D
-14.16914,26.0358,344.23,0.63,0.54,2026-10-05,1227,N20,VIIRS,n,2.0NRT,301.31,10.63,D
-14.16371,26.011,331.37,0.62,0.54,2026-10-05,1227,N20,VIIRS,n,2.0NRT,299.87,2.88,D
-14.16324,26.00819,331.01,0.62,0.54,2026-10-05,1227,N20,VIIRS,n,2.0NRT,298.92,4.02,D
-14.15545,26.02715,334.82,0.62,0.54,2026-10-05,1227,N20,VIIRS,n,2.0NRT,301.02,7.83,D
-14.1518,24.93968,341.76,0.53,0.5,2026-10-05,1227,N20,VIIRS,n,2.0NRT,299.15,7.13,D
-14.11042,24.45874,352.53,0.49,0.49,2026-10-05,1227,N20,VIIRS,n,2.0NRT,303.33,10.25,D
-14.10747,24.45985,340.97,0.49,0.49,2026-10-05,1227,N20,VIIRS,n,2.0NRT,302.27,6.68,D
-14.07929,24.41227,332.64,0.49,0.49,2026-10-05,1227,N20,VIIRS,n,2.0NRT,300.35,4.15,D
-14.07568,24.40689,334.71,0.49,0.49,2026-10-05,1227,N20,VIIRS,n,2.0NRT,300.82,4.15,D
-14.07485,24.41143,330.93,0.49,0.49,2026-10-05,1227,N20,VIIRS,n,2.0NRT,300.26,4.15,D
-14.01474,24.27111,355.23,0.48,0.48,2026-10-05,1227,N20,VIIRS,n,2.0NRT,311.93,21.83,D
-14.01392,24.27562,341.13,0.48,0.48,2026-10-05,1227,N20,VIIRS,n,2.0NRT,302.78,11.02,D
-14.01034,24.27022,340.96,0.48,0.48,2026-10-05,1227,N20,VIIRS,n,2.0NRT,305.68,21.83,D
-13.98485,25.91823,330.87,0.62,0.54,2026-10-05,1227,N20,VIIRS,n,2.0NRT,300.57,2.39,D
-13.93406,24.31217,343.92,0.49,0.48,2026-10-05,1227,N20,VIIRS,n,2.0NRT,305.47,11.25,D
-13.93126,24.30857,341.38,0.49,0.48,2026-10-05,1227,N20,VIIRS,n,2.0NRT,306.94,10.42,D
-13.93046,24.313,331.09,0.49,0.48,2026-10-05,1227,N20,VIIRS,l,2.0NRT,302.53,10.42,D
-13.92964,24.31134,341.57,0.49,0.48,2026-10-05,1227,N20,VIIRS,n,2.0NRT,303.06,11.25,D
-13.90789,24.33661,336.3,0.49,0.49,2026-10-05,1227,N20,VIIRS,n,2.0NRT,306.28,4.37,D
-13.89304,25.88452,342.48,0.62,0.54,2026-10-05,1227,N20,VIIRS,n,2.0NRT,303.28,11.81,D
-13.87008,25.89778,332.82,0.62,0.54,2026-10-05,1227,N20,VIIRS,n,2.0NRT,299.55,4.64,D
-13.86306,25.65629,338.37,0.6,0.53,2026-10-05,1227,N20,VIIRS,n,2.0NRT,299.87,3.39,D
-13.80433,25.75345,342.51,0.61,0.53,2026-10-05,1227,N20,VIIRS,n,2.0NRT,301.76,8.77,D
-13.76688,25.32756,350.5,0.57,0.52,2026-10-05,1227,N20,VIIRS,n,2.0NRT,303.4,23.92,D
-13.76314,25.61096,335.61,0.6,0.53,2026-10-05,1227,N20,VIIRS,n,2.0NRT,297.71,2.64,D
-13.74225,23.89929,334.25,0.46,0.47,2026-10-05,1227,N20,VIIRS,l,2.0NRT,305.24,3.87,D
-13.73909,26.01326,335.33,0.63,0.54,2026-10-05,1227,N20,VIIRS,n,2.0NRT,298.85,6.38,D
-13.73245,24.98471,332.86,0.54,0.51,2026-10-05,1227,N20,VIIRS,n,2.0NRT,299.8,3.44,D
-13.69648,24.8516,335.39,0.53,0.5,2026-10-05,1227,N20,VIIRS,n,2.0NRT,301.39,4.87,D
-13.69098,24.85559,331.6,0.53,0.5,2026-10-05,1227,N20,VIIRS,n,2.0NRT,301.59,5.33,D
-13.61682,25.07428,334.23,0.55,0.51,2026-10-05,1227,N20,VIIRS,n,2.0NRT,300.36,6.4,D
-13.57516,24.94697,346.72,0.54,0.51,2026-10-05,1227,N20,VIIRS,n,2.0NRT,301.92,6.86,D
-13.65869,24.23476,337.67,0.49,0.48,2026-10-05,1229,N20,VIIRS,n,2.0NRT,305.86,4.7,D
-13.65426,24.23396,334.16,0.49,0.48,2026-10-05,1229,N20,VIIRS,l,2.0NRT,307.89,4.7,D
-13.64602,24.03227,330.54,0.47,0.48,2026-10-05,1229,N20,VIIRS,l,2.0NRT,301.27,2.41,D
-13.64496,24.33476,331.85,0.49,0.49,2026-10-05,1229,N20,VIIRS,l,2.0NRT,303.61,2.36,D
-13.6432,23.99638,341.32,0.47,0.48,2026-10-05,1229,N20,VIIRS,n,2.0NRT,298.32,3.98,D
-13.63884,23.99557,367,0.47,0.48,2026-10-05,1229,N20,VIIRS,h,2.0NRT,302.63,14.16,D
-13.62992,23.945,351.44,0.47,0.47,2026-10-05,1229,N20,VIIRS,n,2.0NRT,300.52,7.61,D
-13.62853,24.2989,350.42,0.49,0.49,2026-10-05,1229,N20,VIIRS,n,2.0NRT,305.33,7.78,D
-13.61881,24.30172,354.45,0.49,0.49,2026-10-05,1229,N20,VIIRS,n,2.0NRT,308.66,18.17,D
-13.60273,24.48853,336.27,0.51,0.49,2026-10-05,1229,N20,VIIRS,n,2.0NRT,305.27,7.15,D
-13.58983,23.84526,334.91,0.46,0.47,2026-10-05,1229,N20,VIIRS,n,2.0NRT,296.91,4.98,D
-13.58139,24.40333,337.08,0.5,0.49,2026-10-05,1229,N20,VIIRS,l,2.0NRT,307.32,6.44,D
-13.57867,24.35625,343.61,0.5,0.49,2026-10-05,1229,N20,VIIRS,n,2.0NRT,307.55,8.23,D
-13.54619,24.33165,343.28,0.5,0.49,2026-10-05,1229,N20,VIIRS,n,2.0NRT,307.48,9.32,D
-13.51706,24.44006,337.43,0.5,0.49,2026-10-05,1229,N20,VIIRS,l,2.0NRT,308.87,5.91,D
-13.50174,24.65137,344.46,0.52,0.5,2026-10-05,1229,N20,VIIRS,n,2.0NRT,304.03,4.65,D
-13.49266,24.42108,334.49,0.5,0.49,2026-10-05,1229,N20,VIIRS,l,2.0NRT,308.26,1.27,D
-13.49055,24.60963,336.5,0.52,0.5,2026-10-05,1229,N20,VIIRS,n,2.0NRT,301.49,4.83,D
-13.42245,24.51604,332.23,0.51,0.5,2026-10-05,1229,N20,VIIRS,l,2.0NRT,303.35,3.75,D
-13.41562,24.10549,332.16,0.48,0.48,2026-10-05,1229,N20,VIIRS,n,2.0NRT,300.05,4.11,D
-13.41535,24.00533,339.75,0.47,0.48,2026-10-05,1229,N20,VIIRS,n,2.0NRT,300.31,7.31,D
-13.41498,24.10463,340.68,0.48,0.48,2026-10-05,1229,N20,VIIRS,n,2.0NRT,299.54,6.62,D
-13.40424,24.01676,345.22,0.48,0.48,2026-10-05,1229,N20,VIIRS,n,2.0NRT,304.06,13.56,D
-13.40346,24.02111,352.13,0.48,0.48,2026-10-05,1229,N20,VIIRS,n,2.0NRT,304.73,14.35,D
-13.39986,24.01595,344.2,0.48,0.48,2026-10-05,1229,N20,VIIRS,n,2.0NRT,301.26,3.71,D
-13.39908,24.02029,335.91,0.48,0.48,2026-10-05,1229,N20,VIIRS,n,2.0NRT,303.64,8.5,D
-13.38196,24.03973,332.39,0.48,0.48,2026-10-05,1229,N20,VIIRS,n,2.0NRT,301.13,1.84,D
-13.37757,24.03892,347.27,0.48,0.48,2026-10-05,1229,N20,VIIRS,n,2.0NRT,307.01,20.03,D
-13.37551,24.22722,339.16,0.49,0.49,2026-10-05,1229,N20,VIIRS,n,2.0NRT,302.55,4.45,D
-13.31803,23.84123,347.04,0.47,0.47,2026-10-05,1229,N20,VIIRS,n,2.0NRT,310.16,27.77,D
-13.31369,23.84043,345.3,0.47,0.47,2026-10-05,1229,N20,VIIRS,n,2.0NRT,302.77,92.75,D
-13.29812,24.29754,344.55,0.5,0.49,2026-10-05,1229,N20,VIIRS,n,2.0NRT,306.14,10.45,D
-13.2776,24.34782,339.86,0.5,0.49,2026-10-05,1229,N20,VIIRS,n,2.0NRT,300.04,6.64,D
-13.2753,24.34558,338.89,0.5,0.49,2026-10-05,1229,N20,VIIRS,n,2.0NRT,299.64,3.72,D
-13.22296,24.14003,342.88,0.49,0.48,2026-10-05,1229,N20,VIIRS,n,2.0NRT,306.48,63.49,D
-13.21237,24.02745,348.03,0.48,0.48,2026-10-05,1229,N20,VIIRS,n,2.0NRT,301.48,10.19,D
-13.21171,24.02776,356.11,0.48,0.48,2026-10-05,1229,N20,VIIRS,n,2.0NRT,301.77,14.29,D
-13.2111,24.00901,334.25,0.48,0.48,2026-10-05,1229,N20,VIIRS,n,2.0NRT,298.93,3.39,D
-13.20797,24.0266,354.14,0.48,0.48,2026-10-05,1229,N20,VIIRS,n,2.0NRT,304.59,31.69,D
-13.20718,24.03103,354.25,0.48,0.48,2026-10-05,1229,N20,VIIRS,n,2.0NRT,305.68,25.54,D
-13.19904,24.15386,349.25,0.49,0.49,2026-10-05,1229,N20,VIIRS,n,2.0NRT,302.01,11.32,D
-13.19747,24.15385,347.91,0.49,0.49,2026-10-05,1229,N20,VIIRS,n,2.0NRT,301.51,10.12,D
-13.18113,23.99883,350.26,0.48,0.48,2026-10-05,1229,N20,VIIRS,n,2.0NRT,304.02,26.55,D
-13.17911,23.98487,351.94,0.48,0.48,2026-10-05,1229,N20,VIIRS,n,2.0NRT,304.53,42.53,D
-13.17674,23.99802,352.12,0.48,0.48,2026-10-05,1229,N20,VIIRS,n,2.0NRT,304.31,39.38,D
-13.16393,24.51077,338.06,0.52,0.5,2026-10-05,1229,N20,VIIRS,n,2.0NRT,296.46,5.73,D
-13.15274,24.03006,345.41,0.48,0.48,2026-10-05,1229,N20,VIIRS,n,2.0NRT,297.3,85.07,D
-13.13842,23.9592,339.04,0.48,0.48,2026-10-05,1229,N20,VIIRS,n,2.0NRT,297.14,5.58,D
-13.13094,24.09952,354.17,0.49,0.48,2026-10-05,1229,N20,VIIRS,n,2.0NRT,300.34,14.46,D
-13.11704,24.02933,332.97,0.48,0.48,2026-10-05,1229,N20,VIIRS,n,2.0NRT,292.76,5.79,D
-13.11669,24.02788,333.51,0.48,0.48,2026-10-05,1229,N20,VIIRS,n,2.0NRT,293.55,8.05,D
-13.11599,24.10614,351.17,0.49,0.48,2026-10-05,1229,N20,VIIRS,n,2.0NRT,301.78,51.86,D
-13.08495,24.00501,355.1,0.48,0.48,2026-10-05,1229,N20,VIIRS,n,2.0NRT,297.94,38.1,D
-13.08055,24.00418,355.73,0.48,0.48,2026-10-05,1229,N20,VIIRS,n,2.0NRT,303.77,38.1,D
-13.07975,24.0086,367,0.48,0.48,2026-10-05,1229,N20,VIIRS,h,2.0NRT,299.15,84.45,D
-13.07953,24.24117,330.05,0.5,0.49,2026-10-05,1229,N20,VIIRS,l,2.0NRT,302.31,4.93,D
-13.07896,24.01302,343.25,0.48,0.48,2026-10-05,1229,N20,VIIRS,n,2.0NRT,292.5,84.45,D
-13.07762,24.23913,338.27,0.5,0.49,2026-10-05,1229,N20,VIIRS,n,2.0NRT,301.93,4.72,D
-13.07614,24.00336,337.25,0.48,0.48,2026-10-05,1229,N20,VIIRS,n,2.0NRT,293.96,5.7,D
-13.07535,24.00778,332.71,0.48,0.48,2026-10-05,1229,N20,VIIRS,n,2.0NRT,296.53,5.82,D
-13.07456,24.0122,340.23,0.48,0.48,2026-10-05,1229,N20,VIIRS,n,2.0NRT,293.77,5.82,D
-13.07174,24.00254,347.72,0.48,0.48,2026-10-05,1229,N20,VIIRS,n,2.0NRT,293.61,5.7,D
-13.06921,23.91597,347.17,0.47,0.48,2026-10-05,1229,N20,VIIRS,n,2.0NRT,294.18,25.7,D
-13.06483,23.91517,352.18,0.47,0.48,2026-10-05,1229,N20,VIIRS,n,2.0NRT,293.02,68.98,D
-13.05966,23.91872,347.93,0.48,0.48,2026-10-05,1229,N20,VIIRS,n,2.0NRT,302.07,68.98,D
-13.05528,23.91792,348.74,0.48,0.48,2026-10-05,1229,N20,VIIRS,n,2.0NRT,310.97,119.18,D
-13.03356,23.88775,337.21,0.47,0.48,2026-10-05,1229,N20,VIIRS,n,2.0NRT,304.52,9.8,D
-12.99878,23.93083,343.61,0.48,0.48,2026-10-05,1229,N20,VIIRS,n,2.0NRT,299.87,11.5,D
-12.98042,23.93206,331.88,0.48,0.48,2026-10-05,1229,N20,VIIRS,n,2.0NRT,299.31,2.54,D
-12.95135,24.06839,344.42,0.49,0.48,2026-10-05,1229,N20,VIIRS,n,2.0NRT,297.93,11.94,D
-12.93962,24.00687,348.83,0.48,0.48,2026-10-05,1229,N20,VIIRS,n,2.0NRT,306.5,12.18,D
-12.82927,26.04799,351.19,0.33,0.55,2026-10-05,1229,N20,VIIRS,n,2.0NRT,291.14,6.19,D
-12.79093,23.98122,341.79,0.49,0.48,2026-10-05,1229,N20,VIIRS,n,2.0NRT,300.6,14.94,D
-12.79004,23.98022,356.54,0.48,0.48,2026-10-05,1229,N20,VIIRS,n,2.0NRT,301.22,13.06,D
-12.50308,26.96409,335.93,0.39,0.59,2026-10-05,1229,N20,VIIRS,n,2.0NRT,289.99,2.1,D
-13.21354,24.03013,307.43,0.43,0.38,2026-10-05,2335,N20,VIIRS,n,2.0NRT,288.18,1.18,N
-13.15526,24.00373,308.93,0.43,0.38,2026-10-05,2335,N20,VIIRS,n,2.0NRT,286.96,1.22,N
-13.11541,24.02301,307.06,0.43,0.38,2026-10-05,2335,N20,VIIRS,n,2.0NRT,289.89,1.21,N
-13.11485,24.02655,301.19,0.43,0.38,2026-10-05,2335,N20,VIIRS,n,2.0NRT,289.77,0.94,N
-13.11474,24.01905,312.06,0.43,0.38,2026-10-05,2335,N20,VIIRS,n,2.0NRT,289.77,1.21,N
-13.11419,24.02259,305.28,0.43,0.38,2026-10-05,2335,N20,VIIRS,n,2.0NRT,289.58,0.98,N
-13.11353,24.01861,312.46,0.43,0.38,2026-10-05,2335,N20,VIIRS,n,2.0NRT,289.81,0.98,N
-13.1126,24.0276,301.03,0.43,0.38,2026-10-05,2335,N20,VIIRS,n,2.0NRT,289.33,0.9,N
-13.08646,24.00708,311.05,0.43,0.38,2026-10-05,2335,N20,VIIRS,n,2.0NRT,290.14,1.26,N
-13.08297,24.0077,327.1,0.43,0.38,2026-10-05,2335,N20,VIIRS,n,2.0NRT,291.55,1.86,N
-13.08231,24.00373,322.28,0.43,0.38,2026-10-05,2335,N20,VIIRS,n,2.0NRT,290.91,2.4,N
-13.07948,24.00832,305.63,0.43,0.38,2026-10-05,2335,N20,VIIRS,n,2.0NRT,289.2,1.86,N
-13.07881,24.00434,321.2,0.43,0.38,2026-10-05,2335,N20,VIIRS,n,2.0NRT,290.3,2.4,N
-13.07116,24.00161,304.4,0.43,0.38,2026-10-05,2335,N20,VIIRS,n,2.0NRT,289.46,1.18,N
-13.07047,23.91133,297.17,0.44,0.38,2026-10-05,2335,N20,VIIRS,n,2.0NRT,285.81,0.4,N
-13.06346,23.91257,303.37,0.44,0.38,2026-10-05,2335,N20,VIIRS,n,2.0NRT,285.22,0.95,N
-13.05995,23.91319,297.73,0.44,0.38,2026-10-05,2335,N20,VIIRS,n,2.0NRT,285.73,0.94,N
-13.05928,23.90918,306.35,0.44,0.38,2026-10-05,2335,N20,VIIRS,n,2.0NRT,285.43,0.69,N
-13.05644,23.91381,311.47,0.44,0.38,2026-10-05,2335,N20,VIIRS,n,2.0NRT,287.27,0.94,N
-13.05577,23.9098,299.97,0.44,0.38,2026-10-05,2335,N20,VIIRS,n,2.0NRT,285.23,0.69,N
-13.05293,23.91443,306.94,0.44,0.38,2026-10-05,2335,N20,VIIRS,n,2.0NRT,287.55,0.87,N
-13.05226,23.91042,297.77,0.44,0.38,2026-10-05,2335,N20,VIIRS,n,2.0NRT,285.76,0.38,N
-12.98843,23.91751,304.18,0.44,0.38,2026-10-05,2335,N20,VIIRS,n,2.0NRT,289.98,0.84,N
-12.98791,23.91646,306.76,0.44,0.38,2026-10-05,2335,N20,VIIRS,n,2.0NRT,290.17,1,N
-12.60594,26.3123,316.61,0.38,0.36,2026-10-05,2335,N20,VIIRS,n,2.0NRT,287.94,2.01,N
-12.60263,26.31284,298.72,0.38,0.36,2026-10-05,2335,N20,VIIRS,n,2.0NRT,287.42,0.17,N
-14.64142,23.92722,301.07,0.42,0.38,2026-10-05,2337,N20,VIIRS,n,2.0NRT,290.61,0.38,N
-14.63142,25.38236,310,0.39,0.36,2026-10-05,2337,N20,VIIRS,n,2.0NRT,291.24,0.79,N
-14.62867,25.38651,322.4,0.39,0.36,2026-10-05,2337,N20,VIIRS,n,2.0NRT,290.83,1.68,N
-14.62809,25.38292,301.8,0.39,0.36,2026-10-05,2337,N20,VIIRS,n,2.0NRT,290.65,0.37,N
-14.5847,26.97683,311.99,0.39,0.36,2026-10-05,2337,N20,VIIRS,n,2.0NRT,284.43,1.39,N
-14.343,23.92598,304,0.42,0.38,2026-10-05,2337,N20,VIIRS,n,2.0NRT,290.33,0.58,N
-14.00553,24.32091,302.64,0.41,0.37,2026-10-05,2337,N20,VIIRS,n,2.0NRT,290.24,0.57,N
-14.00119,28.13453,301.56,0.41,0.37,2026-10-05,2337,N20,VIIRS,n,2.0NRT,285.41,1.21,N