latitude,longitude,bright_ti4,scan,track,acq_date,acq_time,satellite,instrument,confidence,version,bright_ti5,frp,daynight
-12.05263,33.51571,334.27,0.76,0.77,2026-10-06,1030,N20,VIIRS,n,2.0NRT,298.64,6.77,D
-11.95707,33.58678,337.3,0.75,0.77,2026-10-06,1030,N20,VIIRS,n,2.0NRT,299.03,7.39,D
-11.9549,33.58358,337.89,0.75,0.77,2026-10-06,1030,N20,VIIRS,n,2.0NRT,299.84,5.66,D
-11.79793,33.74369,336.16,0.73,0.76,2026-10-06,1030,N20,VIIRS,n,2.0NRT,295.98,4.68,D
-11.43076,33.65226,332.46,0.73,0.76,2026-10-06,1030,N20,VIIRS,n,2.0NRT,299.94,4.48,D
-11.39844,33.75802,331.62,0.72,0.76,2026-10-06,1030,N20,VIIRS,n,2.0NRT,299.04,4.09,D
-11.39786,33.76032,335.85,0.72,0.76,2026-10-06,1030,N20,VIIRS,n,2.0NRT,299.58,3.45,D
-11.15622,33.4152,332.61,0.76,0.77,2026-10-06,1030,N20,VIIRS,n,2.0NRT,298.59,3.57,D
-11.00875,33.73658,331.8,0.72,0.75,2026-10-06,1030,N20,VIIRS,n,2.0NRT,299.55,4.06,D
-11.00862,33.73724,331.51,0.71,0.75,2026-10-06,1030,N20,VIIRS,n,2.0NRT,299.44,3.18,D
-10.90308,33.74081,333.08,0.71,0.75,2026-10-06,1030,N20,VIIRS,n,2.0NRT,302.15,8.4,D
-10.903,33.74276,352.09,0.71,0.75,2026-10-06,1030,N20,VIIRS,n,2.0NRT,304.23,13.97,D
-10.90242,33.74676,337.65,0.71,0.75,2026-10-06,1030,N20,VIIRS,n,2.0NRT,302.74,11.04,D
-10.89432,33.69761,330,0.72,0.75,2026-10-06,1030,N20,VIIRS,l,2.0NRT,300.29,3.9,D
-10.8941,33.69569,331.69,0.72,0.75,2026-10-06,1030,N20,VIIRS,n,2.0NRT,300.32,7.11,D
-10.87068,33.12494,346.47,0.78,0.78,2026-10-06,1030,N20,VIIRS,n,2.0NRT,299.44,14.73,D
-10.86708,33.12346,335.16,0.78,0.78,2026-10-06,1030,N20,VIIRS,n,2.0NRT,297.92,10.52,D
-10.86627,33.13079,337.8,0.78,0.78,2026-10-06,1030,N20,VIIRS,n,2.0NRT,297.61,10.51,D
-10.72894,33.06931,332.6,0.79,0.78,2026-10-06,1030,N20,VIIRS,n,2.0NRT,301.58,8.09,D
-10.72464,33.06857,331.39,0.79,0.78,2026-10-06,1030,N20,VIIRS,n,2.0NRT,301.26,10.72,D
-10.6504,33.37858,341.69,0.75,0.77,2026-10-06,1030,N20,VIIRS,n,2.0NRT,300.23,12.54,D
-10.62488,33.54087,334.45,0.73,0.76,2026-10-06,1030,N20,VIIRS,n,2.0NRT,294.76,8.29,D
-10.61556,33.56077,333.26,0.73,0.76,2026-10-06,1030,N20,VIIRS,n,2.0NRT,294.83,10.6,D
-10.6089,33.56203,367,0.73,0.76,2026-10-06,1030,N20,VIIRS,h,2.0NRT,299.02,13.52,D
-10.60845,33.56127,352.33,0.73,0.76,2026-10-06,1030,N20,VIIRS,n,2.0NRT,298.58,10.6,D
-10.60829,33.56712,348.16,0.73,0.76,2026-10-06,1030,N20,VIIRS,n,2.0NRT,297.95,13.52,D
-10.60786,33.56652,346.98,0.73,0.76,2026-10-06,1030,N20,VIIRS,n,2.0NRT,297.59,16.88,D
-10.60768,33.57225,337.08,0.73,0.76,2026-10-06,1030,N20,VIIRS,n,2.0NRT,295.37,7.81,D
-10.60728,33.57166,349.01,0.73,0.76,2026-10-06,1030,N20,VIIRS,n,2.0NRT,295.19,16.88,D
-10.60119,33.56748,338.66,0.73,0.76,2026-10-06,1030,N20,VIIRS,n,2.0NRT,297.46,13.52,D
-10.60079,33.56671,330.96,0.73,0.76,2026-10-06,1030,N20,VIIRS,n,2.0NRT,297.99,11.56,D
-10.60056,33.57278,331.17,0.73,0.76,2026-10-06,1030,N20,VIIRS,n,2.0NRT,295.39,7.81,D
-10.59885,33.34682,333.23,0.75,0.77,2026-10-06,1030,N20,VIIRS,n,2.0NRT,297.36,2.57,D
-10.59705,33.34528,330.91,0.75,0.77,2026-10-06,1030,N20,VIIRS,n,2.0NRT,297.24,6.01,D
-10.58552,33.33864,348.85,0.75,0.77,2026-10-06,1030,N20,VIIRS,n,2.0NRT,297.65,6.36,D
-10.58368,33.33702,332.71,0.75,0.77,2026-10-06,1030,N20,VIIRS,n,2.0NRT,296.77,5.37,D
-10.57227,33.51345,334.66,0.73,0.76,2026-10-06,1030,N20,VIIRS,n,2.0NRT,296.18,4.11,D
-10.55884,33.38443,367,0.75,0.77,2026-10-06,1030,N20,VIIRS,h,2.0NRT,301.5,19.63,D
-10.50524,33.29011,330.23,0.76,0.77,2026-10-06,1030,N20,VIIRS,l,2.0NRT,302.11,3.57,D
-10.5008,33.28923,342.21,0.76,0.77,2026-10-06,1030,N20,VIIRS,n,2.0NRT,300.87,12.42,D
-10.49817,33.28932,330.97,0.76,0.77,2026-10-06,1030,N20,VIIRS,n,2.0NRT,300.1,6.11,D
-10.44732,33.38116,340.35,0.75,0.77,2026-10-06,1030,N20,VIIRS,n,2.0NRT,298.04,6.42,D
-10.42258,33.18224,334.6,0.77,0.77,2026-10-06,1030,N20,VIIRS,n,2.0NRT,295.42,5.77,D
-10.42176,33.18919,335.43,0.77,0.77,2026-10-06,1030,N20,VIIRS,n,2.0NRT,294.99,8.72,D
-10.4208,33.19734,333.52,0.77,0.77,2026-10-06,1030,N20,VIIRS,n,2.0NRT,294.91,8.72,D
-10.41951,33.18457,346.38,0.77,0.77,2026-10-06,1030,N20,VIIRS,n,2.0NRT,295.94,20.31,D
-10.41947,33.20853,335.77,0.77,0.77,2026-10-06,1030,N20,VIIRS,n,2.0NRT,294.62,7.9,D
-10.41778,33.20012,356.31,0.77,0.77,2026-10-06,1030,N20,VIIRS,n,2.0NRT,297.39,18.26,D
-10.41663,33.21046,367,0.77,0.77,2026-10-06,1030,N20,VIIRS,h,2.0NRT,296.33,18.26,D
-10.41453,33.18951,348.94,0.77,0.77,2026-10-06,1030,N20,VIIRS,n,2.0NRT,297.51,17.03,D
-10.4137,33.19653,342.48,0.77,0.77,2026-10-06,1030,N20,VIIRS,n,2.0NRT,295.98,17.03,D
-10.41281,33.20415,367,0.77,0.77,2026-10-06,1030,N20,VIIRS,h,2.0NRT,299.79,51.56,D
-10.4115,33.19192,367,0.77,0.77,2026-10-06,1030,N20,VIIRS,h,2.0NRT,298.65,20.31,D
-10.41073,33.19892,338.96,0.77,0.77,2026-10-06,1030,N20,VIIRS,n,2.0NRT,297.18,18.26,D
-10.40986,33.20675,336.16,0.77,0.77,2026-10-06,1030,N20,VIIRS,n,2.0NRT,295.26,18.26,D
-10.40654,33.19629,342.8,0.77,0.77,2026-10-06,1030,N20,VIIRS,n,2.0NRT,297.31,17.03,D
-10.40281,33.16675,332.04,0.77,0.77,2026-10-06,1030,N20,VIIRS,n,2.0NRT,294.94,5.19,D
-10.39949,33.1705,367,0.77,0.77,2026-10-06,1030,N20,VIIRS,h,2.0NRT,297.18,14.51,D
-10.39542,33.16843,342.26,0.77,0.77,2026-10-06,1030,N20,VIIRS,n,2.0NRT,294.11,5.19,D
-10.37853,33.55334,335.85,0.72,0.76,2026-10-06,1030,N20,VIIRS,n,2.0NRT,300.46,7.57,D
-10.37787,33.55624,337.86,0.72,0.76,2026-10-06,1030,N20,VIIRS,n,2.0NRT,300.98,6.98,D
-10.34761,33.39533,367,0.74,0.76,2026-10-06,1030,N20,VIIRS,h,2.0NRT,301.8,17.55,D
-10.2393,33.30291,334.37,0.75,0.77,2026-10-06,1030,N20,VIIRS,n,2.0NRT,299.57,9.3,D
-10.23856,33.30931,343,0.75,0.77,2026-10-06,1030,N20,VIIRS,n,2.0NRT,298.34,9.3,D
-10.23025,33.25736,352.62,0.76,0.77,2026-10-06,1030,N20,VIIRS,n,2.0NRT,295.87,15.28,D
-10.22514,33.25743,339.77,0.75,0.77,2026-10-06,1030,N20,VIIRS,n,2.0NRT,295.19,10.86,D
-10.20325,33.11486,333.92,0.77,0.77,2026-10-06,1030,N20,VIIRS,n,2.0NRT,300.07,8.99,D
-10.19894,33.11584,343.56,0.77,0.77,2026-10-06,1030,N20,VIIRS,n,2.0NRT,301.69,7.74,D
-10.06108,32.96579,335.17,0.79,0.78,2026-10-06,1030,N20,VIIRS,n,2.0NRT,296.78,8.51,D
-10.03611,33.72718,332.16,0.7,0.75,2026-10-06,1030,N20,VIIRS,n,2.0NRT,296.91,10.48,D
-10.03543,33.72602,333.81,0.7,0.75,2026-10-06,1030,N20,VIIRS,n,2.0NRT,297.34,5.01,D
-9.92091,33.5723,332.46,0.71,0.75,2026-10-06,1030,N20,VIIRS,n,2.0NRT,297,6.56,D
-9.8809,33.49215,331.72,0.72,0.76,2026-10-06,1030,N20,VIIRS,n,2.0NRT,296.19,4.9,D
-9.80999,32.85633,333.61,0.79,0.78,2026-10-06,1030,N20,VIIRS,n,2.0NRT,299.74,4.04,D
-9.80602,32.85448,332.55,0.79,0.78,2026-10-06,1030,N20,VIIRS,n,2.0NRT,298.94,7.75,D
-9.78466,33.00842,330.51,0.77,0.78,2026-10-06,1030,N20,VIIRS,n,2.0NRT,299.44,7.64,D
-9.78382,33.01548,345.59,0.77,0.78,2026-10-06,1030,N20,VIIRS,n,2.0NRT,299.09,7.64,D
-9.78091,33.01374,348.54,0.77,0.78,2026-10-06,1030,N20,VIIRS,n,2.0NRT,299.34,7.55,D
-9.77026,33.66046,347.95,0.7,0.75,2026-10-06,1030,N20,VIIRS,n,2.0NRT,293.61,7.9,D
-9.76905,33.05533,332.93,0.77,0.77,2026-10-06,1030,N20,VIIRS,n,2.0NRT,297.85,3.81,D
-9.76054,33.19492,332.73,0.75,0.77,2026-10-06,1030,N20,VIIRS,n,2.0NRT,299.51,3.97,D
-9.75157,32.85797,367,0.79,0.78,2026-10-06,1030,N20,VIIRS,h,2.0NRT,298.98,9.93,D
-9.74253,32.99844,330.2,0.77,0.78,2026-10-06,1030,N20,VIIRS,n,2.0NRT,299.04,5.31,D
-9.73344,32.9834,331.44,0.78,0.78,2026-10-06,1030,N20,VIIRS,n,2.0NRT,299.9,5.11,D
-9.72982,32.98354,331.09,0.78,0.78,2026-10-06,1030,N20,VIIRS,n,2.0NRT,299.56,7.55,D
-9.72268,32.98281,331.14,0.78,0.78,2026-10-06,1030,N20,VIIRS,n,2.0NRT,300.16,4.81,D
-9.71914,32.98222,330.06,0.78,0.78,2026-10-06,1030,N20,VIIRS,n,2.0NRT,299.75,4.81,D
-9.6765,33.00834,333.96,0.77,0.78,2026-10-06,1030,N20,VIIRS,n,2.0NRT,298.42,4.85,D
-9.67278,33.00775,332.61,0.77,0.77,2026-10-06,1030,N20,VIIRS,n,2.0NRT,299.09,4.74,D
-9.62447,33.05127,334.27,0.77,0.77,2026-10-06,1030,N20,VIIRS,n,2.0NRT,301.07,4.13,D
-9.57989,33.55014,338.33,0.71,0.75,2026-10-06,1030,N20,VIIRS,n,2.0NRT,292.81,7.93,D
-9.48624,32.9642,355.29,0.77,0.78,2026-10-06,1030,N20,VIIRS,n,2.0NRT,300.38,14.34,D
-9.48258,32.96332,352.69,0.77,0.78,2026-10-06,1030,N20,VIIRS,n,2.0NRT,297.86,11.95,D
-9.37418,33.02855,332.43,0.76,0.77,2026-10-06,1030,N20,VIIRS,n,2.0NRT,297.99,6.79,D
-9.3698,33.02588,331.63,0.76,0.77,2026-10-06,1030,N20,VIIRS,n,2.0NRT,297.98,10.03,D
-9.36896,33.03282,333.97,0.76,0.77,2026-10-06,1030,N20,VIIRS,n,2.0NRT,297.62,15.14,D
-9.36709,33.02778,331.65,0.76,0.77,2026-10-06,1030,N20,VIIRS,n,2.0NRT,297.49,6.79,D
-9.36271,33.02523,336.57,0.76,0.77,2026-10-06,1030,N20,VIIRS,n,2.0NRT,298.01,10.03,D
-9.35999,33.02715,330.75,0.76,0.77,2026-10-06,1030,N20,VIIRS,n,2.0NRT,297.43,5.14,D
-9.3404,32.91079,332.84,0.78,0.78,2026-10-06,1030,N20,VIIRS,n,2.0NRT,299.07,9.37,D
-9.30601,32.984,333.08,0.77,0.77,2026-10-06,1030,N20,VIIRS,n,2.0NRT,297.65,14.92,D
-9.00375,33.2687,337.75,0.73,0.76,2026-10-06,1030,N20,VIIRS,n,2.0NRT,300.43,10.63,D
-8.997,33.676,331.15,0.68,0.74,2026-10-06,1030,N20,VIIRS,n,2.0NRT,295.23,7.03,D
-8.99528,33.67433,332.54,0.68,0.74,2026-10-06,1030,N20,VIIRS,n,2.0NRT,295.75,7.34,D
-8.97618,33.55982,338.5,0.7,0.75,2026-10-06,1030,N20,VIIRS,n,2.0NRT,293.05,11.81,D
-8.9752,33.55826,335.44,0.7,0.75,2026-10-06,1030,N20,VIIRS,n,2.0NRT,293.57,8.91,D
-8.90034,33.25233,331.24,0.73,0.76,2026-10-06,1030,N20,VIIRS,n,2.0NRT,298.26,4.92,D
-8.89788,33.15667,338.05,0.74,0.76,2026-10-06,1030,N20,VIIRS,n,2.0NRT,299.39,9.98,D
-8.79464,33.02537,332.02,0.75,0.77,2026-10-06,1030,N20,VIIRS,n,2.0NRT,297.74,4.17,D
-8.79261,33.217,345.56,0.73,0.76,2026-10-06,1030,N20,VIIRS,n,2.0NRT,299.95,11.58,D
-8.77352,33.37255,333.18,0.71,0.75,2026-10-06,1030,N20,VIIRS,n,2.0NRT,298.16,23.04,D
-8.76686,33.36985,354.82,0.71,0.75,2026-10-06,1030,N20,VIIRS,n,2.0NRT,302.82,23.04,D
-8.72302,32.80653,344.52,0.77,0.78,2026-10-06,1030,N20,VIIRS,n,2.0NRT,297.85,15,D
-8.71757,33.255,330.62,0.72,0.76,2026-10-06,1030,N20,VIIRS,l,2.0NRT,301.64,5.6,D
-8.70222,33.26585,333.3,0.72,0.76,2026-10-06,1030,N20,VIIRS,n,2.0NRT,300.68,3.39,D
-8.69524,33.2657,332.18,0.72,0.75,2026-10-06,1030,N20,VIIRS,n,2.0NRT,297.71,2.89,D
-8.68926,32.90742,330.51,0.76,0.77,2026-10-06,1030,N20,VIIRS,l,2.0NRT,300.65,4.99,D
-8.67903,32.93289,332,0.76,0.77,2026-10-06,1030,N20,VIIRS,n,2.0NRT,300.38,5.08,D
-8.66277,32.88882,342.96,0.76,0.77,2026-10-06,1030,N20,VIIRS,n,2.0NRT,299.22,6.35,D
-8.56257,33.67044,347.09,0.67,0.74,2026-10-06,1030,N20,VIIRS,n,2.0NRT,295.94,9.93,D
-8.55568,33.6708,348.36,0.67,0.74,2026-10-06,1030,N20,VIIRS,n,2.0NRT,294.68,9.93,D
-8.68501,32.90585,331.02,0.76,0.77,2026-10-06,1032,N20,VIIRS,n,2.0NRT,300.42,3.35,D
-8.66561,32.88884,343.5,0.76,0.77,2026-10-06,1032,N20,VIIRS,n,2.0NRT,299.33,8.01,D
-8.56026,33.66965,367,0.67,0.74,2026-10-06,1032,N20,VIIRS,h,2.0NRT,297.8,13.82,D
-8.55971,33.67397,345.13,0.67,0.74,2026-10-06,1032,N20,VIIRS,n,2.0NRT,295.82,13.82,D
-17.79475,30.42551,339.05,0.51,0.49,2026-10-06,1208,N20,VIIRS,n,2.0NRT,294.84,6,D
-17.79402,30.42253,341.25,0.51,0.49,2026-10-06,1208,N20,VIIRS,n,2.0NRT,295.41,7,D
-17.68761,30.14043,337.18,0.49,0.49,2026-10-06,1208,N20,VIIRS,n,2.0NRT,285.68,3.96,D
-17.56624,31.8774,341.16,0.64,0.54,2026-10-06,1208,N20,VIIRS,n,2.0NRT,294.52,5.77,D
-17.56528,32.09148,367,0.33,0.55,2026-10-06,1208,N20,VIIRS,h,2.0NRT,296.77,11.38,D
-17.42573,33.42986,333.41,0.4,0.6,2026-10-06,1208,N20,VIIRS,n,2.0NRT,284.57,4.24,D
-17.06661,33.77948,330.38,0.43,0.62,2026-10-06,1208,N20,VIIRS,n,2.0NRT,294.05,5.08,D
-17.06337,33.47144,348,0.41,0.61,2026-10-06,1208,N20,VIIRS,n,2.0NRT,295.41,6.24,D
-17.06157,33.47203,349.74,0.41,0.61,2026-10-06,1208,N20,VIIRS,n,2.0NRT,295.86,6.12,D
-16.96017,33.7982,332,0.43,0.62,2026-10-06,1208,N20,VIIRS,n,2.0NRT,293.02,3.58,D
-16.95852,33.4732,335.35,0.41,0.61,2026-10-06,1208,N20,VIIRS,n,2.0NRT,294.66,3.7,D
-16.95488,33.47082,333.36,0.41,0.61,2026-10-06,1208,N20,VIIRS,n,2.0NRT,293.68,3.3,D
-16.92537,33.41726,332.59,0.41,0.61,2026-10-06,1208,N20,VIIRS,n,2.0NRT,293.76,5.51,D
-16.92458,33.42107,337.33,0.41,0.61,2026-10-06,1208,N20,VIIRS,n,2.0NRT,294.36,4.31,D
-16.92068,33.66489,333.04,0.43,0.62,2026-10-06,1208,N20,VIIRS,n,2.0NRT,295.31,3.99,D
-16.88878,33.48111,351.24,0.42,0.61,2026-10-06,1208,N20,VIIRS,n,2.0NRT,296.38,6.49,D
-18.08153,22.1734,348.07,0.39,0.37,2026-10-06,1210,N20,VIIRS,n,2.0NRT,316.95,7.06,D
-18.03269,22.61419,342.49,0.39,0.36,2026-10-06,1210,N20,VIIRS,n,2.0NRT,310.27,5.18,D
-17.96888,23.81543,333.8,0.39,0.36,2026-10-06,1210,N20,VIIRS,l,2.0NRT,308.31,2.7,D
-17.96556,23.81487,340.68,0.39,0.36,2026-10-06,1210,N20,VIIRS,l,2.0NRT,312.35,2.7,D
-17.96225,23.8143,339.35,0.39,0.36,2026-10-06,1210,N20,VIIRS,l,2.0NRT,311.2,4.12,D
-17.96012,22.35432,355.03,0.39,0.36,2026-10-06,1210,N20,VIIRS,n,2.0NRT,313.56,12.94,D
-17.95957,22.358,342.28,0.39,0.36,2026-10-06,1210,N20,VIIRS,n,2.0NRT,309.76,14.3,D
-17.94111,23.35758,341.05,0.38,0.36,2026-10-06,1210,N20,VIIRS,n,2.0NRT,309.74,2.88,D
-17.78976,24.28619,330.85,0.39,0.36,2026-10-06,1210,N20,VIIRS,l,2.0NRT,304.9,1.96,D
-17.74491,23.15406,339.57,0.38,0.36,2026-10-06,1210,N20,VIIRS,l,2.0NRT,311.82,2.62,D
-17.7416,23.15351,338.07,0.38,0.36,2026-10-06,1210,N20,VIIRS,l,2.0NRT,312.81,2.62,D
-17.69276,22.89285,341.53,0.39,0.36,2026-10-06,1210,N20,VIIRS,n,2.0NRT,311.29,2.85,D
-17.67411,22.79291,345.2,0.39,0.36,2026-10-06,1210,N20,VIIRS,n,2.0NRT,308.87,10.66,D
-17.67243,22.78149,343.03,0.39,0.36,2026-10-06,1210,N20,VIIRS,n,2.0NRT,306.92,6.88,D
-17.67188,22.78512,339.61,0.39,0.36,2026-10-06,1210,N20,VIIRS,n,2.0NRT,308.71,6.88,D
-17.67134,22.78875,367,0.39,0.36,2026-10-06,1210,N20,VIIRS,h,2.0NRT,311.57,13.6,D
-17.67079,22.79237,352.18,0.39,0.36,2026-10-06,1210,N20,VIIRS,n,2.0NRT,311.72,13.6,D
-17.66738,22.21972,348.74,0.39,0.36,2026-10-06,1210,N20,VIIRS,n,2.0NRT,315.79,17.41,D
-17.66403,22.21918,348.28,0.39,0.36,2026-10-06,1210,N20,VIIRS,n,2.0NRT,312.94,17.41,D
-17.66248,22.77987,348.3,0.39,0.36,2026-10-06,1210,N20,VIIRS,n,2.0NRT,309.38,8.32,D
-17.66069,22.21865,346.89,0.39,0.36,2026-10-06,1210,N20,VIIRS,n,2.0NRT,311.08,15.05,D
-17.65917,22.77933,337.77,0.39,0.36,2026-10-06,1210,N20,VIIRS,l,2.0NRT,309.47,12.06,D
-17.6553,22.78241,345.36,0.39,0.36,2026-10-06,1210,N20,VIIRS,n,2.0NRT,307.77,12.06,D
-17.62433,22.21669,356.11,0.39,0.36,2026-10-06,1210,N20,VIIRS,n,2.0NRT,310.26,8.36,D
-17.62099,22.21615,347.84,0.39,0.36,2026-10-06,1210,N20,VIIRS,l,2.0NRT,319.74,45.78,D
-17.62041,23.96035,342.97,0.39,0.36,2026-10-06,1210,N20,VIIRS,n,2.0NRT,305.59,4.43,D
-17.61819,22.21193,367,0.39,0.36,2026-10-06,1210,N20,VIIRS,l,2.0NRT,325.36,45.78,D
-17.61709,23.95978,340.19,0.39,0.36,2026-10-06,1210,N20,VIIRS,n,2.0NRT,306.82,4.43,D
-17.61652,23.96342,348.25,0.39,0.36,2026-10-06,1210,N20,VIIRS,n,2.0NRT,305.41,4.43,D
-17.61377,23.95922,335.7,0.39,0.36,2026-10-06,1210,N20,VIIRS,n,2.0NRT,305.53,3.56,D
-17.59642,22.19713,345.82,0.39,0.36,2026-10-06,1210,N20,VIIRS,n,2.0NRT,309.41,15.83,D
-17.57799,22.18286,350.56,0.39,0.36,2026-10-06,1210,N20,VIIRS,n,2.0NRT,311.2,9.62,D
-17.57518,22.17863,339.58,0.39,0.36,2026-10-06,1210,N20,VIIRS,l,2.0NRT,310.93,8.48,D
-17.44098,22.58357,342.05,0.39,0.36,2026-10-06,1210,N20,VIIRS,l,2.0NRT,313.92,6.79,D
-17.42303,22.15795,345.49,0.39,0.36,2026-10-06,1210,N20,VIIRS,n,2.0NRT,314.39,12.21,D
-17.42248,22.16163,354.11,0.39,0.36,2026-10-06,1210,N20,VIIRS,n,2.0NRT,318.22,12.21,D
-17.42023,22.15374,347.7,0.39,0.36,2026-10-06,1210,N20,VIIRS,n,2.0NRT,308.82,42.94,D
-17.41968,22.15742,350.14,0.39,0.36,2026-10-06,1210,N20,VIIRS,n,2.0NRT,317.62,64.05,D
-17.41914,22.16109,367,0.39,0.36,2026-10-06,1210,N20,VIIRS,l,2.0NRT,329.11,64.05,D
-17.41859,22.16477,367,0.39,0.36,2026-10-06,1210,N20,VIIRS,h,2.0NRT,335.38,124.76,D
-17.41688,22.1532,367,0.39,0.36,2026-10-06,1210,N20,VIIRS,h,2.0NRT,331.46,42.94,D
-17.41634,22.15688,367,0.39,0.36,2026-10-06,1210,N20,VIIRS,l,2.0NRT,333.86,64.05,D
-17.41579,22.16056,367,0.39,0.36,2026-10-06,1210,N20,VIIRS,l,2.0NRT,349.89,64.05,D
-17.41525,22.16424,367,0.39,0.36,2026-10-06,1210,N20,VIIRS,h,2.0NRT,339.82,124.76,D
-17.41354,22.15267,345.72,0.39,0.36,2026-10-06,1210,N20,VIIRS,n,2.0NRT,311,59.89,D
-17.41128,22.14477,351.94,0.39,0.36,2026-10-06,1210,N20,VIIRS,n,2.0NRT,315.12,18.13,D
-17.40794,22.14424,348.2,0.39,0.36,2026-10-06,1210,N20,VIIRS,n,2.0NRT,312.09,12.31,D
-17.4074,22.14792,350.28,0.39,0.36,2026-10-06,1210,N20,VIIRS,n,2.0NRT,310.21,19.03,D
-17.40506,22.11739,352.31,0.39,0.36,2026-10-06,1210,N20,VIIRS,n,2.0NRT,311.73,11.26,D
-17.40071,22.14684,346.79,0.39,0.36,2026-10-06,1210,N20,VIIRS,n,2.0NRT,316.03,17.57,D
-17.39791,22.14263,355.68,0.39,0.36,2026-10-06,1210,N20,VIIRS,n,2.0NRT,314.57,15.92,D
-17.39737,22.14631,348.65,0.39,0.36,2026-10-06,1210,N20,VIIRS,n,2.0NRT,311.16,17.57,D
-17.30466,22.17945,350.75,0.39,0.36,2026-10-06,1210,N20,VIIRS,n,2.0NRT,318.04,7.41,D
-17.30188,22.80938,339.35,0.39,0.36,2026-10-06,1210,N20,VIIRS,l,2.0NRT,313.12,3.45,D
-17.30078,22.18259,354.09,0.39,0.36,2026-10-06,1210,N20,VIIRS,n,2.0NRT,319.03,8.25,D
-17.29856,22.80884,345.4,0.39,0.36,2026-10-06,1210,N20,VIIRS,n,2.0NRT,313.57,3.45,D
-17.29802,22.81245,348.03,0.39,0.36,2026-10-06,1210,N20,VIIRS,n,2.0NRT,312.88,3.45,D
-17.29525,22.8083,339.6,0.39,0.36,2026-10-06,1210,N20,VIIRS,l,2.0NRT,313.16,2.9,D
-17.29391,31.20588,330.9,0.58,0.52,2026-10-06,1210,N20,VIIRS,n,2.0NRT,296.49,6.14,D
-17.2913,22.17731,341.56,0.39,0.36,2026-10-06,1210,N20,VIIRS,l,2.0NRT,314.78,9.16,D
-17.29076,22.18098,344.87,0.39,0.36,2026-10-06,1210,N20,VIIRS,n,2.0NRT,312.8,10.19,D
-17.28517,22.17257,342.39,0.39,0.36,2026-10-06,1210,N20,VIIRS,l,2.0NRT,316.43,4.81,D
-17.28462,22.17624,340.38,0.39,0.36,2026-10-06,1210,N20,VIIRS,l,2.0NRT,314.74,4.81,D
-17.2793,22.62046,339.22,0.39,0.36,2026-10-06,1210,N20,VIIRS,l,2.0NRT,312.48,5.03,D
-17.27794,22.17517,343.45,0.39,0.36,2026-10-06,1210,N20,VIIRS,l,2.0NRT,316.81,11.56,D
-17.2774,22.17884,344.66,0.39,0.36,2026-10-06,1210,N20,VIIRS,n,2.0NRT,313.2,9.58,D
-17.2746,22.17464,348.22,0.39,0.36,2026-10-06,1210,N20,VIIRS,n,2.0NRT,316.9,8.59,D
-17.27127,22.1741,340.33,0.39,0.36,2026-10-06,1210,N20,VIIRS,l,2.0NRT,310.39,8.59,D
-17.26739,22.17724,345.1,0.39,0.36,2026-10-06,1210,N20,VIIRS,n,2.0NRT,311.72,6.04,D
-17.26405,22.17671,343.12,0.39,0.36,2026-10-06,1210,N20,VIIRS,n,2.0NRT,311.79,6.04,D
-17.2635,22.18037,350.58,0.39,0.36,2026-10-06,1210,N20,VIIRS,n,2.0NRT,316.11,6.04,D
-17.26296,22.18404,343.99,0.39,0.36,2026-10-06,1210,N20,VIIRS,n,2.0NRT,312.2,16.34,D
-17.14206,23.10322,348.2,0.38,0.36,2026-10-06,1210,N20,VIIRS,n,2.0NRT,313.65,4.25,D
-17.12263,29.62449,341.55,0.46,0.47,2026-10-06,1210,N20,VIIRS,n,2.0NRT,297.55,7.67,D
-17.11612,31.17607,336.81,0.58,0.52,2026-10-06,1210,N20,VIIRS,n,2.0NRT,294.31,7.15,D
-17.11506,31.1814,337.56,0.58,0.52,2026-10-06,1210,N20,VIIRS,n,2.0NRT,294.36,7.15,D
-17.11072,31.18332,343.26,0.59,0.52,2026-10-06,1210,N20,VIIRS,n,2.0NRT,295.37,18.56,D
-17.11023,31.18059,349.81,0.58,0.52,2026-10-06,1210,N20,VIIRS,n,2.0NRT,296.38,12.16,D
-17.0612,22.49458,342.34,0.39,0.36,2026-10-06,1210,N20,VIIRS,n,2.0NRT,315.23,4.15,D
-17.06036,23.06008,337.66,0.38,0.36,2026-10-06,1210,N20,VIIRS,l,2.0NRT,312,3.93,D
-17.05788,22.49404,338.48,0.39,0.36,2026-10-06,1210,N20,VIIRS,l,2.0NRT,313.31,3.41,D
-17.05158,29.63847,340.5,0.47,0.48,2026-10-06,1210,N20,VIIRS,n,2.0NRT,285.42,5.76,D
-17.04738,22.17554,342.19,0.39,0.36,2026-10-06,1210,N20,VIIRS,l,2.0NRT,312.73,7.33,D
-17.04494,23.09444,346.43,0.38,0.36,2026-10-06,1210,N20,VIIRS,n,2.0NRT,311.27,3.7,D
-17.03673,23.28108,336.75,0.38,0.36,2026-10-06,1210,N20,VIIRS,l,2.0NRT,310.78,3.17,D
-17.03453,29.65748,334.2,0.47,0.48,2026-10-06,1210,N20,VIIRS,n,2.0NRT,286.43,5.62,D
-17.03066,23.27639,335.44,0.38,0.36,2026-10-06,1210,N20,VIIRS,l,2.0NRT,309.85,3.22,D
-17.02619,23.12825,338.83,0.38,0.36,2026-10-06,1210,N20,VIIRS,l,2.0NRT,311.03,6.64,D
-17.00431,22.73706,343.45,0.39,0.36,2026-10-06,1210,N20,VIIRS,n,2.0NRT,313.14,8.48,D
-16.99434,30.52522,351.91,0.53,0.5,2026-10-06,1210,N20,VIIRS,n,2.0NRT,300.03,12.28,D
-16.98972,30.52438,334.42,0.53,0.5,2026-10-06,1210,N20,VIIRS,n,2.0NRT,299.27,7.21,D
-16.98509,30.52355,341.53,0.53,0.5,2026-10-06,1210,N20,VIIRS,n,2.0NRT,296.96,7.21,D
-16.98413,30.5286,350.23,0.53,0.5,2026-10-06,1210,N20,VIIRS,n,2.0NRT,298.04,15.04,D
-16.98379,22.69308,348.38,0.39,0.36,2026-10-06,1210,N20,VIIRS,n,2.0NRT,314.84,15.54,D
-16.98158,30.49188,340.75,0.53,0.5,2026-10-06,1210,N20,VIIRS,n,2.0NRT,296.71,6.19,D
-16.93013,23.70682,343.69,0.39,0.36,2026-10-06,1210,N20,VIIRS,n,2.0NRT,306.73,5.29,D
-16.90198,30.4382,335.31,0.53,0.5,2026-10-06,1210,N20,VIIRS,n,2.0NRT,296.92,6.2,D
-16.89554,29.69838,330.04,0.47,0.48,2026-10-06,1210,N20,VIIRS,n,2.0NRT,280.06,4.69,D
-16.88305,30.55528,337.37,0.54,0.51,2026-10-06,1210,N20,VIIRS,n,2.0NRT,294.45,4.59,D
-16.88205,30.56037,336.07,0.54,0.51,2026-10-06,1210,N20,VIIRS,n,2.0NRT,294.05,5.25,D
-16.87943,30.55721,350.64,0.54,0.51,2026-10-06,1210,N20,VIIRS,n,2.0NRT,296.65,14.04,D
-16.87713,21.97548,341.71,0.39,0.36,2026-10-06,1210,N20,VIIRS,l,2.0NRT,316.38,11.82,D
-16.87659,21.97916,337.94,0.39,0.36,2026-10-06,1210,N20,VIIRS,l,2.0NRT,310.72,12.26,D
-16.87379,21.97495,344.09,0.39,0.36,2026-10-06,1210,N20,VIIRS,l,2.0NRT,317.67,11.82,D
-16.8671,21.97389,367,0.39,0.36,2026-10-06,1210,N20,VIIRS,h,2.0NRT,330.76,54.91,D
-16.86429,21.96968,367,0.39,0.36,2026-10-06,1210,N20,VIIRS,l,2.0NRT,327.45,45.4,D
-16.86375,21.97335,344.06,0.39,0.36,2026-10-06,1210,N20,VIIRS,n,2.0NRT,318.84,45.4,D
-16.85417,29.79695,330.08,0.48,0.48,2026-10-06,1210,N20,VIIRS,n,2.0NRT,274.88,2.95,D
-16.78715,22.76014,344.96,0.38,0.36,2026-10-06,1210,N20,VIIRS,n,2.0NRT,311.77,3.88,D
-16.76824,23.28389,338.17,0.38,0.36,2026-10-06,1210,N20,VIIRS,l,2.0NRT,309.99,2.75,D
-16.75658,29.61732,332.97,0.47,0.48,2026-10-06,1210,N20,VIIRS,n,2.0NRT,289.09,3.86,D
-16.7508,22.1422,342.01,0.39,0.36,2026-10-06,1210,N20,VIIRS,l,2.0NRT,312.64,5.85,D
-16.73989,23.73,332.49,0.39,0.36,2026-10-06,1210,N20,VIIRS,l,2.0NRT,305.01,2.34,D
-16.73905,30.90586,333.09,0.57,0.52,2026-10-06,1210,N20,VIIRS,n,2.0NRT,299.34,5.77,D
-16.73428,22.79573,339.38,0.38,0.36,2026-10-06,1210,N20,VIIRS,l,2.0NRT,311.72,4.66,D
-16.73428,30.90501,344.35,0.57,0.52,2026-10-06,1210,N20,VIIRS,n,2.0NRT,301,5.77,D
-16.70698,30.81514,341.7,0.56,0.52,2026-10-06,1210,N20,VIIRS,n,2.0NRT,300.51,13.65,D
-16.70226,30.81416,342.34,0.56,0.52,2026-10-06,1210,N20,VIIRS,n,2.0NRT,300.84,13.65,D
-16.66361,30.32258,342.7,0.52,0.5,2026-10-06,1210,N20,VIIRS,n,2.0NRT,298.34,11.79,D
-16.60368,22.1966,344.4,0.39,0.36,2026-10-06,1210,N20,VIIRS,n,2.0NRT,307.08,5.19,D
-16.57433,33.31688,344.71,0.41,0.61,2026-10-06,1210,N20,VIIRS,n,2.0NRT,297.09,4.46,D
-16.5412,32.92343,336.62,0.39,0.59,2026-10-06,1210,N20,VIIRS,n,2.0NRT,298.5,2.95,D
-16.52538,22.76414,337.65,0.38,0.36,2026-10-06,1210,N20,VIIRS,l,2.0NRT,309.85,2.51,D
-16.51482,31.11715,341.38,0.59,0.53,2026-10-06,1210,N20,VIIRS,n,2.0NRT,294.57,10.48,D
-16.5041,22.88197,340.07,0.38,0.36,2026-10-06,1210,N20,VIIRS,l,2.0NRT,311.62,3.94,D
-16.49651,22.70781,346.68,0.38,0.36,2026-10-06,1210,N20,VIIRS,n,2.0NRT,311.78,6.07,D
-16.48046,29.49328,345.17,0.47,0.48,2026-10-06,1210,N20,VIIRS,n,2.0NRT,297.32,10.28,D
-16.47693,29.48807,336.5,0.47,0.48,2026-10-06,1210,N20,VIIRS,n,2.0NRT,296.73,5.6,D
-16.46217,22.64337,340.33,0.38,0.36,2026-10-06,1210,N20,VIIRS,l,2.0NRT,312.15,2.7,D
-16.44839,22.46427,356.49,0.39,0.36,2026-10-06,1210,N20,VIIRS,n,2.0NRT,308.56,13.37,D
-16.44731,22.47148,341.42,0.39,0.36,2026-10-06,1210,N20,VIIRS,n,2.0NRT,309.54,6.44,D
-16.44463,22.69202,342.55,0.38,0.36,2026-10-06,1210,N20,VIIRS,n,2.0NRT,311.52,4.57,D
-16.42944,22.00075,336.04,0.39,0.36,2026-10-06,1210,N20,VIIRS,l,2.0NRT,309.24,2,D
-16.41585,22.3663,340.01,0.39,0.36,2026-10-06,1210,N20,VIIRS,n,2.0NRT,312.64,8.11,D
-16.40446,22.00798,341.9,0.39,0.36,2026-10-06,1210,N20,VIIRS,l,2.0NRT,314.58,6.03,D
-16.4009,21.96257,340.21,0.39,0.36,2026-10-06,1210,N20,VIIRS,l,2.0NRT,315.1,8.74,D
-16.40067,22.75839,349.9,0.38,0.36,2026-10-06,1210,N20,VIIRS,n,2.0NRT,314.15,20.33,D
-16.39476,21.95786,338.45,0.39,0.36,2026-10-06,1210,N20,VIIRS,l,2.0NRT,312.59,6.93,D
-16.38938,29.73952,335.76,0.49,0.48,2026-10-06,1210,N20,VIIRS,n,2.0NRT,300.05,5.02,D
-16.38852,29.73776,335.27,0.49,0.48,2026-10-06,1210,N20,VIIRS,n,2.0NRT,299.37,6.01,D
-16.34972,29.979,337.11,0.5,0.49,2026-10-06,1210,N20,VIIRS,n,2.0NRT,299.33,3.58,D
-16.2725,22.84352,339.42,0.38,0.36,2026-10-06,1210,N20,VIIRS,l,2.0NRT,313.64,6.84,D
-16.23928,22.25551,345.81,0.39,0.36,2026-10-06,1210,N20,VIIRS,n,2.0NRT,316.91,5.37,D
-16.18742,22.75547,340.25,0.38,0.36,2026-10-06,1210,N20,VIIRS,l,2.0NRT,311.02,3.71,D
-16.17984,22.82759,335.86,0.38,0.36,2026-10-06,1210,N20,VIIRS,l,2.0NRT,310.64,2.51,D
-16.16027,22.64417,337.05,0.38,0.36,2026-10-06,1210,N20,VIIRS,l,2.0NRT,311.83,5.71,D
-16.15852,31.90173,338.49,0.34,0.56,2026-10-06,1210,N20,VIIRS,n,2.0NRT,298.91,1.95,D
-16.13584,22.40126,347.04,0.39,0.36,2026-10-06,1210,N20,VIIRS,n,2.0NRT,315.96,8.95,D
-16.13571,22.76125,336.61,0.38,0.36,2026-10-06,1210,N20,VIIRS,n,2.0NRT,307.94,1.02,D
-16.13281,22.33076,356.58,0.39,0.36,2026-10-06,1210,N20,VIIRS,n,2.0NRT,317.47,12.64,D
-16.13077,31.80135,339.65,0.33,0.56,2026-10-06,1210,N20,VIIRS,n,2.0NRT,299.91,3.38,D
-16.13012,22.34876,349.42,0.39,0.36,2026-10-06,1210,N20,VIIRS,n,2.0NRT,318.13,9.95,D
-16.12958,22.35236,339,0.39,0.36,2026-10-06,1210,N20,VIIRS,l,2.0NRT,313.73,9.95,D
-16.12949,22.33022,348.29,0.39,0.36,2026-10-06,1210,N20,VIIRS,n,2.0NRT,315.78,12.64,D
-16.1076,22.18257,349.18,0.39,0.36,2026-10-06,1210,N20,VIIRS,n,2.0NRT,315.28,6.57,D
-16.10467,32.06436,355.43,0.35,0.57,2026-10-06,1210,N20,VIIRS,n,2.0NRT,301.63,8.63,D
-16.10401,32.06763,349.67,0.35,0.57,2026-10-06,1210,N20,VIIRS,n,2.0NRT,299.89,8.11,D
-16.09664,22.79522,348.66,0.38,0.36,2026-10-06,1210,N20,VIIRS,n,2.0NRT,312.35,6.6,D
-16.07395,31.78062,339.68,0.33,0.56,2026-10-06,1210,N20,VIIRS,n,2.0NRT,298.98,2.05,D
-16.06545,31.664,341.59,0.33,0.55,2026-10-06,1210,N20,VIIRS,n,2.0NRT,298.35,2.03,D
-16.04748,31.80726,332.18,0.34,0.56,2026-10-06,1210,N20,VIIRS,n,2.0NRT,298.4,2.14,D
-16.0465,22.13581,346.83,0.39,0.36,2026-10-06,1210,N20,VIIRS,n,2.0NRT,312.97,4.38,D
-16.04244,32.71464,330.15,0.38,0.59,2026-10-06,1210,N20,VIIRS,n,2.0NRT,297.74,2.16,D
-16.02818,32.25461,336.16,0.36,0.57,2026-10-06,1210,N20,VIIRS,n,2.0NRT,299.59,2.26,D
-16.01323,22.27048,341.42,0.39,0.36,2026-10-06,1210,N20,VIIRS,l,2.0NRT,314.66,3.26,D
-16.00652,31.65097,337.17,0.33,0.55,2026-10-06,1210,N20,VIIRS,n,2.0NRT,299.21,2.41,D
-16.00593,31.65401,339.3,0.33,0.55,2026-10-06,1210,N20,VIIRS,n,2.0NRT,299.36,2.41,D
-16.00147,31.64997,332.04,0.33,0.55,2026-10-06,1210,N20,VIIRS,n,2.0NRT,299.28,2.02,D
-16.00087,31.653,341.14,0.33,0.55,2026-10-06,1210,N20,VIIRS,n,2.0NRT,299.24,2.02,D
-15.99638,22.44859,346.54,0.39,0.36,2026-10-06,1210,N20,VIIRS,n,2.0NRT,317.4,4.67,D
-15.96888,22.65332,338.13,0.38,0.36,2026-10-06,1210,N20,VIIRS,l,2.0NRT,309.71,2.45,D
-15.9626,22.80619,344.84,0.38,0.36,2026-10-06,1210,N20,VIIRS,n,2.0NRT,309.47,3.02,D
-15.95464,30.97921,343.45,0.6,0.53,2026-10-06,1210,N20,VIIRS,n,2.0NRT,302.4,9.87,D
-15.9536,30.98473,341.15,0.6,0.53,2026-10-06,1210,N20,VIIRS,n,2.0NRT,301.93,7.94,D
-15.95255,30.98068,347.69,0.59,0.53,2026-10-06,1210,N20,VIIRS,n,2.0NRT,303.09,14,D
-15.94858,23.25114,335.4,0.39,0.36,2026-10-06,1210,N20,VIIRS,n,2.0NRT,303.04,2.41,D
-15.94431,32.60885,339.11,0.38,0.59,2026-10-06,1210,N20,VIIRS,n,2.0NRT,298.28,2.12,D
-15.94293,22.01511,345.01,0.39,0.36,2026-10-06,1210,N20,VIIRS,l,2.0NRT,315.36,5.74,D
-15.93753,23.27871,344.22,0.39,0.36,2026-10-06,1210,N20,VIIRS,n,2.0NRT,305.37,6.69,D
-15.93528,32.53194,367,0.38,0.58,2026-10-06,1210,N20,VIIRS,h,2.0NRT,300.42,11.58,D
-15.92563,32.83597,347.17,0.39,0.6,2026-10-06,1210,N20,VIIRS,n,2.0NRT,298.28,4.33,D
-15.9224,22.78084,336.72,0.38,0.36,2026-10-06,1210,N20,VIIRS,l,2.0NRT,310.4,2.35,D
-15.92186,22.78441,335.36,0.38,0.36,2026-10-06,1210,N20,VIIRS,l,2.0NRT,310.03,2.33,D
-15.92069,27.17562,347.78,0.52,0.42,2026-10-06,1210,N20,VIIRS,n,2.0NRT,302.8,11.73,D
-15.91268,22.23951,344.84,0.39,0.36,2026-10-06,1210,N20,VIIRS,n,2.0NRT,313.39,7.27,D
-15.90854,22.7383,338.24,0.38,0.36,2026-10-06,1210,N20,VIIRS,l,2.0NRT,311.11,2.32,D
-15.90715,22.88094,332.79,0.38,0.36,2026-10-06,1210,N20,VIIRS,l,2.0NRT,306.36,1.47,D
-15.90672,22.27909,345.37,0.39,0.36,2026-10-06,1210,N20,VIIRS,l,2.0NRT,316.99,9.25,D
-15.90523,22.73776,341.47,0.38,0.36,2026-10-06,1210,N20,VIIRS,l,2.0NRT,312.24,2.32,D
-15.89816,33.02462,332.88,0.41,0.6,2026-10-06,1210,N20,VIIRS,n,2.0NRT,299.74,5.63,D
-15.89129,22.4716,339.41,0.39,0.36,2026-10-06,1210,N20,VIIRS,l,2.0NRT,314.3,4.87,D
-15.89075,22.47518,337.52,0.39,0.36,2026-10-06,1210,N20,VIIRS,l,2.0NRT,310.8,4.87,D
-15.88877,32.54136,337.67,0.38,0.59,2026-10-06,1210,N20,VIIRS,n,2.0NRT,299.42,4.74,D
-15.8834,32.54031,367,0.38,0.59,2026-10-06,1210,N20,VIIRS,h,2.0NRT,300.52,4.74,D
-15.88117,32.33484,335.56,0.37,0.58,2026-10-06,1210,N20,VIIRS,n,2.0NRT,299.76,1.5,D
-15.87803,32.53927,343.73,0.38,0.59,2026-10-06,1210,N20,VIIRS,n,2.0NRT,300.16,1.94,D
-15.87728,32.59775,367,0.38,0.59,2026-10-06,1210,N20,VIIRS,h,2.0NRT,300.52,5.86,D
-15.87653,31.68014,339.32,0.33,0.55,2026-10-06,1210,N20,VIIRS,n,2.0NRT,299.65,2.15,D
-15.87267,32.53822,330.95,0.38,0.59,2026-10-06,1210,N20,VIIRS,n,2.0NRT,299.67,1.94,D
-15.87195,32.54172,336.94,0.38,0.59,2026-10-06,1210,N20,VIIRS,n,2.0NRT,299.29,1.94,D
-15.86954,32.41811,334.36,0.37,0.58,2026-10-06,1210,N20,VIIRS,n,2.0NRT,299.42,1.52,D
-15.8673,32.53718,356.4,0.38,0.59,2026-10-06,1210,N20,VIIRS,n,2.0NRT,300.44,6.02,D
-15.85903,22.09804,344.9,0.39,0.36,2026-10-06,1210,N20,VIIRS,n,2.0NRT,312.07,2.87,D
-15.85763,31.69565,340.83,0.33,0.55,2026-10-06,1210,N20,VIIRS,n,2.0NRT,298.21,2.03,D
-15.84444,31.81596,339.92,0.34,0.56,2026-10-06,1210,N20,VIIRS,n,2.0NRT,300.44,3.8,D
-15.84322,31.63547,344.05,0.33,0.55,2026-10-06,1210,N20,VIIRS,n,2.0NRT,300.92,3.11,D
-15.83483,32.35325,367,0.37,0.58,2026-10-06,1210,N20,VIIRS,h,2.0NRT,299.87,5.15,D
-15.83232,31.61107,338.16,0.33,0.55,2026-10-06,1210,N20,VIIRS,n,2.0NRT,301.66,2.57,D
-15.82985,22.60815,340.13,0.38,0.36,2026-10-06,1210,N20,VIIRS,l,2.0NRT,310.91,3.14,D
-15.82409,32.46162,337.31,0.37,0.58,2026-10-06,1210,N20,VIIRS,n,2.0NRT,299.53,2.58,D
-15.8225,31.66003,355.65,0.33,0.55,2026-10-06,1210,N20,VIIRS,n,2.0NRT,301.54,5.25,D
-15.82189,31.66309,348.45,0.33,0.55,2026-10-06,1210,N20,VIIRS,n,2.0NRT,300.49,5.3,D
-15.80729,33.54811,330.48,0.44,0.62,2026-10-06,1210,N20,VIIRS,n,2.0NRT,297.74,1.76,D
-15.79635,31.61527,345.93,0.33,0.55,2026-10-06,1210,N20,VIIRS,n,2.0NRT,299.39,3.72,D
-15.78952,22.40366,345.61,0.39,0.36,2026-10-06,1210,N20,VIIRS,n,2.0NRT,313.89,6.14,D
-15.77386,31.82233,333.18,0.34,0.56,2026-10-06,1210,N20,VIIRS,n,2.0NRT,298.56,2.83,D
-15.77213,31.82079,338.56,0.34,0.56,2026-10-06,1210,N20,VIIRS,n,2.0NRT,298.41,2.64,D
-15.69934,22.84206,335.73,0.38,0.36,2026-10-06,1210,N20,VIIRS,l,2.0NRT,308.08,4.72,D
-15.6988,22.84564,347.77,0.38,0.36,2026-10-06,1210,N20,VIIRS,n,2.0NRT,310.15,4.72,D
-15.69548,22.8451,342.6,0.38,0.36,2026-10-06,1210,N20,VIIRS,n,2.0NRT,310.24,3.22,D
-15.69106,32.94835,337.09,0.4,0.6,2026-10-06,1210,N20,VIIRS,n,2.0NRT,296.68,2.13,D
-15.68075,22.98531,340.86,0.38,0.36,2026-10-06,1210,N20,VIIRS,n,2.0NRT,310.58,3.6,D
-15.66389,33.43148,331.03,0.44,0.62,2026-10-06,1210,N20,VIIRS,n,2.0NRT,296.44,1.3,D
-15.66291,31.24083,330.45,0.63,0.54,2026-10-06,1210,N20,VIIRS,n,2.0NRT,297.9,5.71,D
-15.66205,33.43183,330.62,0.44,0.62,2026-10-06,1210,N20,VIIRS,n,2.0NRT,296.53,1.84,D
-15.66146,22.97849,339.35,0.38,0.36,2026-10-06,1210,N20,VIIRS,l,2.0NRT,310.69,2.89,D
-15.62949,22.98792,338.41,0.38,0.36,2026-10-06,1210,N20,VIIRS,l,2.0NRT,310.55,1.31,D
-15.62245,30.62131,339.58,0.57,0.52,2026-10-06,1210,N20,VIIRS,n,2.0NRT,298.72,7.06,D
-15.61769,30.62036,331.07,0.57,0.52,2026-10-06,1210,N20,VIIRS,n,2.0NRT,297.98,3.53,D
-15.55031,31.70894,367,0.34,0.56,2026-10-06,1210,N20,VIIRS,h,2.0NRT,296.63,9.24,D
-15.54316,33.39711,332.59,0.44,0.62,2026-10-06,1210,N20,VIIRS,n,2.0NRT,296.05,3.34,D
-15.52319,31.49922,337.73,0.33,0.55,2026-10-06,1210,N20,VIIRS,n,2.0NRT,296.82,2.76,D
-15.50607,26.56053,346.92,0.49,0.4,2026-10-06,1210,N20,VIIRS,n,2.0NRT,298.12,9.87,D
-15.46285,29.67049,344.23,0.5,0.49,2026-10-06,1210,N20,VIIRS,n,2.0NRT,302.15,9.11,D
-15.46196,29.67522,341.97,0.5,0.49,2026-10-06,1210,N20,VIIRS,n,2.0NRT,301.02,3.52,D
-15.44275,33.70905,330.72,0.46,0.63,2026-10-06,1210,N20,VIIRS,n,2.0NRT,293.79,3.56,D
-15.43466,22.10261,356.18,0.39,0.36,2026-10-06,1210,N20,VIIRS,n,2.0NRT,319.61,14.69,D
-15.43412,22.1062,348.36,0.39,0.36,2026-10-06,1210,N20,VIIRS,n,2.0NRT,320.29,14.69,D
-15.43187,22.09849,343.87,0.39,0.36,2026-10-06,1210,N20,VIIRS,l,2.0NRT,315.38,7.39,D
-15.43134,22.10208,356.17,0.39,0.36,2026-10-06,1210,N20,VIIRS,n,2.0NRT,320.03,14.69,D
-15.4308,22.10567,346.68,0.39,0.36,2026-10-06,1210,N20,VIIRS,n,2.0NRT,314.5,14.69,D
-15.4247,22.10102,355.03,0.39,0.36,2026-10-06,1210,N20,VIIRS,n,2.0NRT,321.36,23.98,D
-15.42118,31.97949,340.2,0.35,0.57,2026-10-06,1210,N20,VIIRS,n,2.0NRT,296.06,2.84,D
-15.4192,30.29419,343.14,0.55,0.51,2026-10-06,1210,N20,VIIRS,n,2.0NRT,301.86,7.94,D
-15.4178,30.29004,342.69,0.55,0.51,2026-10-06,1210,N20,VIIRS,n,2.0NRT,301.51,7.77,D
-15.41123,22.50569,338.8,0.38,0.36,2026-10-06,1210,N20,VIIRS,l,2.0NRT,311.73,2.82,D
-15.41069,22.50925,338,0.38,0.36,2026-10-06,1210,N20,VIIRS,l,2.0NRT,310.28,2.66,D
-15.40738,22.50872,337.79,0.38,0.36,2026-10-06,1210,N20,VIIRS,l,2.0NRT,310.22,2.16,D
-15.3631,26.98307,336.22,0.52,0.41,2026-10-06,1210,N20,VIIRS,n,2.0NRT,294.97,4.96,D
-15.36044,26.97985,336.36,0.52,0.41,2026-10-06,1210,N20,VIIRS,n,2.0NRT,294.55,7.45,D
-15.35761,23.05597,338.15,0.38,0.36,2026-10-06,1210,N20,VIIRS,n,2.0NRT,306.02,3.1,D
-15.35539,32.69065,331.65,0.4,0.6,2026-10-06,1210,N20,VIIRS,n,2.0NRT,298.64,2.59,D
-15.34707,22.07719,348.9,0.39,0.36,2026-10-06,1210,N20,VIIRS,n,2.0NRT,316.45,14.35,D
-15.34427,32.66123,331.75,0.39,0.6,2026-10-06,1210,N20,VIIRS,n,2.0NRT,299.97,2.93,D
-15.33337,22.68297,341.07,0.38,0.36,2026-10-06,1210,N20,VIIRS,n,2.0NRT,309.33,9.49,D
-15.29473,23.04568,347.04,0.38,0.36,2026-10-06,1210,N20,VIIRS,n,2.0NRT,310.83,4.67,D
-15.29142,23.04514,336.92,0.38,0.36,2026-10-06,1210,N20,VIIRS,l,2.0NRT,310.07,4.29,D
-15.27475,31.97879,333.51,0.36,0.57,2026-10-06,1210,N20,VIIRS,n,2.0NRT,293.45,1.64,D
-15.27303,22.76761,346.14,0.38,0.36,2026-10-06,1210,N20,VIIRS,n,2.0NRT,309.76,7.96,D
-15.26402,30.27256,331.5,0.55,0.51,2026-10-06,1210,N20,VIIRS,n,2.0NRT,300.1,2.52,D
-15.25667,32.61469,348.43,0.39,0.6,2026-10-06,1210,N20,VIIRS,n,2.0NRT,298.62,5.12,D
-15.25206,24.29431,332.26,0.4,0.37,2026-10-06,1210,N20,VIIRS,n,2.0NRT,297.12,2.57,D
-15.25131,23.04168,339.83,0.38,0.36,2026-10-06,1210,N20,VIIRS,n,2.0NRT,308.43,4.11,D
-15.248,23.04113,339.9,0.38,0.36,2026-10-06,1210,N20,VIIRS,n,2.0NRT,309.54,4.11,D
-15.24744,23.02275,338.6,0.38,0.36,2026-10-06,1210,N20,VIIRS,l,2.0NRT,308.96,2.4,D
-15.24689,23.02632,334.87,0.38,0.36,2026-10-06,1210,N20,VIIRS,l,2.0NRT,309.55,2.4,D
-15.24249,23.05486,334.62,0.38,0.36,2026-10-06,1210,N20,VIIRS,l,2.0NRT,308.23,2.93,D
-15.23478,23.08288,338.71,0.39,0.36,2026-10-06,1210,N20,VIIRS,l,2.0NRT,310.1,3.96,D
-15.22595,23.07411,338.89,0.39,0.36,2026-10-06,1210,N20,VIIRS,l,2.0NRT,311.5,2.96,D
-15.2127,31.71605,335.7,0.34,0.56,2026-10-06,1210,N20,VIIRS,n,2.0NRT,296.27,4.64,D
-15.2105,23.06426,335.31,0.39,0.36,2026-10-06,1210,N20,VIIRS,l,2.0NRT,308.19,4.08,D
-15.19996,31.35899,345.23,0.33,0.55,2026-10-06,1210,N20,VIIRS,n,2.0NRT,295.63,2.06,D
-15.19321,32.08622,330.34,0.36,0.58,2026-10-06,1210,N20,VIIRS,n,2.0NRT,293.83,1.51,D
-15.18616,23.26547,340.14,0.39,0.36,2026-10-06,1210,N20,VIIRS,n,2.0NRT,309.79,4.4,D
-15.18561,23.26905,346.05,0.39,0.36,2026-10-06,1210,N20,VIIRS,n,2.0NRT,310.15,4.52,D
-15.18505,23.27263,342.24,0.39,0.36,2026-10-06,1210,N20,VIIRS,n,2.0NRT,309.99,4.52,D
-15.18285,23.26493,344.84,0.39,0.36,2026-10-06,1210,N20,VIIRS,n,2.0NRT,310.21,5.73,D
-15.18265,31.70566,367,0.34,0.56,2026-10-06,1210,N20,VIIRS,h,2.0NRT,300.72,8.87,D
-15.14699,32.42432,343.39,0.38,0.59,2026-10-06,1210,N20,VIIRS,n,2.0NRT,299.59,7.41,D
-15.14626,32.42791,349.25,0.38,0.59,2026-10-06,1210,N20,VIIRS,n,2.0NRT,298.27,7.34,D
-15.14538,31.02497,330.51,0.62,0.54,2026-10-06,1210,N20,VIIRS,l,2.0NRT,300.57,6.02,D
-15.13386,23.05457,347.32,0.39,0.36,2026-10-06,1210,N20,VIIRS,n,2.0NRT,312.39,6.36,D
-15.13273,23.01781,347.11,0.38,0.36,2026-10-06,1210,N20,VIIRS,n,2.0NRT,307.21,3.74,D
-15.13218,23.02138,332.18,0.38,0.36,2026-10-06,1210,N20,VIIRS,l,2.0NRT,306.41,3.74,D
-15.13055,23.05403,343.73,0.39,0.36,2026-10-06,1210,N20,VIIRS,n,2.0NRT,311.69,6.36,D
-15.12887,23.02084,341.82,0.38,0.36,2026-10-06,1210,N20,VIIRS,l,2.0NRT,312.27,3.74,D
-15.1106,31.3876,333.42,0.33,0.55,2026-10-06,1210,N20,VIIRS,n,2.0NRT,300.23,2.21,D
-15.11057,22.20703,344.17,0.39,0.36,2026-10-06,1210,N20,VIIRS,l,2.0NRT,314.61,6.47,D
-15.11003,22.2106,341.59,0.39,0.36,2026-10-06,1210,N20,VIIRS,n,2.0NRT,311.57,5.31,D
-15.09964,23.01241,347.41,0.38,0.36,2026-10-06,1210,N20,VIIRS,n,2.0NRT,312.92,9.79,D
-15.09136,23.00009,343.59,0.38,0.36,2026-10-06,1210,N20,VIIRS,n,2.0NRT,308.15,2.3,D
-15.09081,23.00365,345.39,0.38,0.36,2026-10-06,1210,N20,VIIRS,n,2.0NRT,309.95,6.39,D
-15.08805,22.99955,342.37,0.38,0.36,2026-10-06,1210,N20,VIIRS,n,2.0NRT,307.64,18.42,D
-15.0875,23.00311,354.47,0.38,0.36,2026-10-06,1210,N20,VIIRS,n,2.0NRT,312.63,9.08,D
-15.08695,23.00668,353.35,0.38,0.36,2026-10-06,1210,N20,VIIRS,n,2.0NRT,308.32,9.08,D
-15.08584,22.99188,335.57,0.38,0.36,2026-10-06,1210,N20,VIIRS,n,2.0NRT,307.75,2.87,D
-15.08529,22.99544,354.7,0.38,0.36,2026-10-06,1210,N20,VIIRS,n,2.0NRT,313.33,18.42,D
-15.08474,22.99901,342.3,0.38,0.36,2026-10-06,1210,N20,VIIRS,n,2.0NRT,314.59,18.42,D
-15.08253,22.99134,336.5,0.38,0.36,2026-10-06,1210,N20,VIIRS,n,2.0NRT,308.78,3.83,D
-15.08198,22.9949,367,0.38,0.36,2026-10-06,1210,N20,VIIRS,h,2.0NRT,312.53,16.77,D
-15.08143,22.99847,347.04,0.38,0.36,2026-10-06,1210,N20,VIIRS,n,2.0NRT,311.81,16.77,D
-15.07677,29.76296,345.49,0.51,0.5,2026-10-06,1210,N20,VIIRS,n,2.0NRT,303.6,8.7,D
-15.076,29.7636,334.88,0.52,0.5,2026-10-06,1210,N20,VIIRS,n,2.0NRT,303.47,10.62,D
-15.07588,29.76761,330.65,0.51,0.5,2026-10-06,1210,N20,VIIRS,l,2.0NRT,302.73,4.66,D
-15.07365,32.19556,333.81,0.37,0.58,2026-10-06,1210,N20,VIIRS,n,2.0NRT,295.74,2.72,D
-15.06207,22.90401,343.91,0.38,0.36,2026-10-06,1210,N20,VIIRS,n,2.0NRT,312.13,4.35,D
-15.05876,22.90347,335.67,0.38,0.36,2026-10-06,1210,N20,VIIRS,l,2.0NRT,306.2,4.35,D
-15.04769,32.40701,351.64,0.38,0.59,2026-10-06,1210,N20,VIIRS,n,2.0NRT,298.8,4.64,D
-15.04022,23.00214,341.07,0.38,0.36,2026-10-06,1210,N20,VIIRS,l,2.0NRT,313.12,6.14,D
-15.03967,23.00571,347.17,0.38,0.36,2026-10-06,1210,N20,VIIRS,n,2.0NRT,313.43,6.14,D
-15.03912,23.00927,337.42,0.38,0.36,2026-10-06,1210,N20,VIIRS,l,2.0NRT,308.69,3.41,D
-15.03784,22.84113,346.38,0.38,0.36,2026-10-06,1210,N20,VIIRS,n,2.0NRT,308.79,8.89,D
-15.03711,29.30791,337.81,0.48,0.48,2026-10-06,1210,N20,VIIRS,n,2.0NRT,297.72,6.32,D
-15.03628,29.31248,345.05,0.48,0.48,2026-10-06,1210,N20,VIIRS,n,2.0NRT,295.54,9.49,D
-15.03269,29.30713,337.08,0.48,0.48,2026-10-06,1210,N20,VIIRS,n,2.0NRT,297.86,4.49,D
-15.03,29.29692,348.22,0.48,0.48,2026-10-06,1210,N20,VIIRS,n,2.0NRT,298.82,8.96,D
-15.00988,23.00084,348.48,0.38,0.36,2026-10-06,1210,N20,VIIRS,n,2.0NRT,312.24,9.12,D
-15.00976,31.58947,332.66,0.34,0.56,2026-10-06,1210,N20,VIIRS,n,2.0NRT,297.22,1.21,D
-14.99333,22.99814,348.34,0.38,0.36,2026-10-06,1210,N20,VIIRS,n,2.0NRT,313.06,6.24,D
-14.98877,22.8295,339.68,0.38,0.36,2026-10-06,1210,N20,VIIRS,n,2.0NRT,309.64,2.57,D
-14.98689,23.75725,342.04,0.39,0.36,2026-10-06,1210,N20,VIIRS,n,2.0NRT,310.07,8.78,D
-14.98618,23.06643,345.92,0.39,0.36,2026-10-06,1210,N20,VIIRS,n,2.0NRT,313.2,7.37,D
-14.98176,23.05107,337.99,0.39,0.36,2026-10-06,1210,N20,VIIRS,l,2.0NRT,311.55,6.59,D
-14.97504,22.87468,342.53,0.38,0.36,2026-10-06,1210,N20,VIIRS,n,2.0NRT,311.54,4.89,D
-14.95788,33.34792,347.95,0.44,0.63,2026-10-06,1210,N20,VIIRS,n,2.0NRT,293.55,8.69,D
-14.95216,33.3467,338.04,0.44,0.63,2026-10-06,1210,N20,VIIRS,n,2.0NRT,291.13,5.47,D
-14.92896,31.18094,334.63,0.32,0.55,2026-10-06,1210,N20,VIIRS,n,2.0NRT,300.87,2.63,D
-14.92019,23.33804,341.38,0.39,0.36,2026-10-06,1210,N20,VIIRS,n,2.0NRT,307.39,5.43,D
-14.87729,31.4678,330.13,0.34,0.56,2026-10-06,1210,N20,VIIRS,l,2.0NRT,300.4,1.19,D
-14.87573,22.94591,334.56,0.38,0.36,2026-10-06,1210,N20,VIIRS,l,2.0NRT,307.23,4.3,D
-14.87465,31.46815,331.31,0.34,0.56,2026-10-06,1210,N20,VIIRS,n,2.0NRT,299.47,0.83,D
-14.86942,24.90335,333.22,0.42,0.38,2026-10-06,1210,N20,VIIRS,n,2.0NRT,296.57,3.54,D
-14.86481,23.7776,330.69,0.39,0.36,2026-10-06,1210,N20,VIIRS,l,2.0NRT,302.96,1.38,D
-14.85763,22.2427,339.96,0.39,0.36,2026-10-06,1210,N20,VIIRS,n,2.0NRT,309.21,2.98,D
-14.84061,33.53751,335.3,0.46,0.64,2026-10-06,1210,N20,VIIRS,n,2.0NRT,298.49,2.59,D
-14.81948,30.83924,339.79,0.61,0.54,2026-10-06,1210,N20,VIIRS,n,2.0NRT,300.49,5.26,D
-14.81694,31.54705,335.69,0.34,0.56,2026-10-06,1210,N20,VIIRS,n,2.0NRT,300.31,1.64,D
-14.79838,23.18196,339.66,0.39,0.36,2026-10-06,1210,N20,VIIRS,n,2.0NRT,301.7,3,D
-14.79541,23.18091,339.94,0.39,0.36,2026-10-06,1210,N20,VIIRS,n,2.0NRT,302.62,14.22,D
-14.79486,23.18448,352.06,0.39,0.36,2026-10-06,1210,N20,VIIRS,n,2.0NRT,305.92,14.22,D
-14.7915,22.96446,334.99,0.39,0.36,2026-10-06,1210,N20,VIIRS,l,2.0NRT,308.7,3.91,D
-14.77982,23.34424,335.59,0.39,0.36,2026-10-06,1210,N20,VIIRS,n,2.0NRT,304.29,5.22,D
-14.77839,23.87561,335.63,0.4,0.37,2026-10-06,1210,N20,VIIRS,n,2.0NRT,302.82,4.5,D
-14.77753,27.46338,344,0.56,0.43,2026-10-06,1210,N20,VIIRS,n,2.0NRT,299.95,8.92,D
-14.75838,23.1785,344.18,0.39,0.36,2026-10-06,1210,N20,VIIRS,n,2.0NRT,308,5.32,D
-14.75659,23.32146,343.65,0.39,0.36,2026-10-06,1210,N20,VIIRS,n,2.0NRT,305.4,9.26,D
-14.70721,24.1937,335.78,0.4,0.37,2026-10-06,1210,N20,VIIRS,n,2.0NRT,293.3,3.6,D
-14.70206,22.94965,347.01,0.39,0.36,2026-10-06,1210,N20,VIIRS,n,2.0NRT,307.38,5.63,D
-14.6447,23.01332,340.21,0.39,0.36,2026-10-06,1210,N20,VIIRS,n,2.0NRT,310.17,4.37,D
-14.63808,23.01224,341.59,0.39,0.36,2026-10-06,1210,N20,VIIRS,n,2.0NRT,308.46,7.19,D
-14.63087,25.3802,333.11,0.44,0.39,2026-10-06,1210,N20,VIIRS,n,2.0NRT,299.17,5.2,D
-14.59094,23.07651,345.94,0.39,0.36,2026-10-06,1210,N20,VIIRS,n,2.0NRT,309.54,6.37,D
-14.58984,24.00991,343.6,0.4,0.37,2026-10-06,1210,N20,VIIRS,n,2.0NRT,303.73,5.67,D
-14.55612,22.26227,330.68,0.38,0.36,2026-10-06,1210,N20,VIIRS,n,2.0NRT,301.53,1.51,D
-14.55606,23.25775,335.57,0.39,0.36,2026-10-06,1210,N20,VIIRS,l,2.0NRT,309.31,3.14,D
-14.54721,23.24895,337.11,0.39,0.36,2026-10-06,1210,N20,VIIRS,l,2.0NRT,310.16,2.36,D
-14.54389,23.2484,337.42,0.39,0.36,2026-10-06,1210,N20,VIIRS,l,2.0NRT,308.55,2.36,D
-14.51537,28.56226,339.47,0.44,0.46,2026-10-06,1210,N20,VIIRS,n,2.0NRT,305.45,6.72,D
-14.50687,29.33651,335.91,0.5,0.49,2026-10-06,1210,N20,VIIRS,n,2.0NRT,291.69,3.12,D
-14.50527,29.33456,346.09,0.49,0.49,2026-10-06,1210,N20,VIIRS,n,2.0NRT,294.48,14.15,D
-14.50443,29.33904,341.85,0.49,0.49,2026-10-06,1210,N20,VIIRS,n,2.0NRT,291.48,14.15,D
-14.50241,29.3357,355.62,0.5,0.49,2026-10-06,1210,N20,VIIRS,n,2.0NRT,294.64,19.51,D
-14.47809,33.54292,344.03,0.47,0.64,2026-10-06,1210,N20,VIIRS,n,2.0NRT,294.35,5.88,D
-14.47203,24.19622,341.86,0.4,0.37,2026-10-06,1210,N20,VIIRS,n,2.0NRT,287.7,12.05,D
-14.46573,33.5518,334.82,0.47,0.64,2026-10-06,1210,N20,VIIRS,n,2.0NRT,290.07,5.77,D
-14.46414,33.55136,332.68,0.47,0.64,2026-10-06,1210,N20,VIIRS,n,2.0NRT,291.03,4.52,D
-14.46268,24.16781,332,0.4,0.37,2026-10-06,1210,N20,VIIRS,n,2.0NRT,293.66,16.04,D
-14.39606,23.60843,333.08,0.39,0.36,2026-10-06,1210,N20,VIIRS,n,2.0NRT,298.95,3.21,D
-14.39519,28.92996,338.9,0.47,0.48,2026-10-06,1210,N20,VIIRS,n,2.0NRT,303.77,5.83,D
-14.3944,24.06753,337.93,0.4,0.37,2026-10-06,1210,N20,VIIRS,n,2.0NRT,303.33,7.15,D
-14.37642,23.64618,338.04,0.39,0.36,2026-10-06,1210,N20,VIIRS,n,2.0NRT,307.55,86.97,D
-14.3697,29.59925,340.8,0.52,0.5,2026-10-06,1210,N20,VIIRS,n,2.0NRT,306.59,11.18,D
-14.36903,29.5756,339.34,0.52,0.5,2026-10-06,1210,N20,VIIRS,n,2.0NRT,303.09,5.95,D
-14.36767,29.15257,347.82,0.48,0.48,2026-10-06,1210,N20,VIIRS,n,2.0NRT,304.47,13.56,D
-14.36424,29.09712,336.47,0.48,0.48,2026-10-06,1210,N20,VIIRS,n,2.0NRT,304.59,8.21,D
-14.36296,23.66634,335.35,0.39,0.36,2026-10-06,1210,N20,VIIRS,n,2.0NRT,303.26,2.84,D
-14.36248,23.6476,341.26,0.39,0.36,2026-10-06,1210,N20,VIIRS,n,2.0NRT,306.96,25.68,D
-14.36067,23.6809,346.34,0.39,0.37,2026-10-06,1210,N20,VIIRS,n,2.0NRT,303.56,5.36,D
-14.35799,23.65431,343.64,0.39,0.36,2026-10-06,1210,N20,VIIRS,n,2.0NRT,304.66,4.65,D
-14.35249,24.02623,335.83,0.4,0.37,2026-10-06,1210,N20,VIIRS,n,2.0NRT,295.34,4.5,D
-14.35197,28.74253,342.5,0.46,0.47,2026-10-06,1210,N20,VIIRS,n,2.0NRT,305.75,9.17,D
-14.35121,28.74674,343.71,0.46,0.47,2026-10-06,1210,N20,VIIRS,n,2.0NRT,304.7,8.1,D
-14.34652,29.8228,336.35,0.54,0.5,2026-10-06,1210,N20,VIIRS,n,2.0NRT,303.54,6.23,D
-14.34011,23.52852,343.96,0.39,0.36,2026-10-06,1210,N20,VIIRS,n,2.0NRT,305.7,5.95,D
-14.33687,23.63589,337.88,0.39,0.36,2026-10-06,1210,N20,VIIRS,n,2.0NRT,300.18,8.71,D
-14.33399,31.49628,345.42,0.35,0.56,2026-10-06,1210,N20,VIIRS,n,2.0NRT,299.89,2.96,D
-14.32799,23.49684,341.3,0.39,0.36,2026-10-06,1210,N20,VIIRS,n,2.0NRT,305.41,5.83,D
-14.32503,23.08359,334.52,0.39,0.36,2026-10-06,1210,N20,VIIRS,l,2.0NRT,308.55,1.98,D
-14.31766,24.24238,338.63,0.41,0.37,2026-10-06,1210,N20,VIIRS,n,2.0NRT,305.14,3.61,D
-14.31427,24.24182,351.08,0.41,0.37,2026-10-06,1210,N20,VIIRS,n,2.0NRT,310.11,7.57,D
-14.31366,24.24556,343.35,0.41,0.37,2026-10-06,1210,N20,VIIRS,n,2.0NRT,302.66,11.22,D
-14.31087,24.24125,338.6,0.41,0.37,2026-10-06,1210,N20,VIIRS,n,2.0NRT,304.58,7.57,D
-14.31026,24.245,354.52,0.41,0.37,2026-10-06,1210,N20,VIIRS,n,2.0NRT,308.18,11.22,D
-14.30504,29.77047,354.5,0.53,0.5,2026-10-06,1210,N20,VIIRS,n,2.0NRT,300.54,11.54,D
-14.30154,23.56257,336.95,0.39,0.36,2026-10-06,1210,N20,VIIRS,n,2.0NRT,302.24,4.2,D
-14.30138,29.76446,340.66,0.53,0.5,2026-10-06,1210,N20,VIIRS,n,2.0NRT,299.1,6.07,D
-14.30044,29.76953,338.23,0.53,0.5,2026-10-06,1210,N20,VIIRS,n,2.0NRT,299.63,11.54,D
-14.29689,22.98032,334.43,0.39,0.36,2026-10-06,1210,N20,VIIRS,l,2.0NRT,308.08,3.45,D
-14.29567,29.84737,341.51,0.54,0.51,2026-10-06,1210,N20,VIIRS,n,2.0NRT,301.64,5.89,D
-14.28334,23.50384,336,0.39,0.36,2026-10-06,1210,N20,VIIRS,n,2.0NRT,304.78,5.07,D
-14.27748,21.90694,345.91,0.39,0.36,2026-10-06,1210,N20,VIIRS,n,2.0NRT,308.13,3.38,D
-14.2686,29.45975,343.77,0.51,0.49,2026-10-06,1210,N20,VIIRS,n,2.0NRT,307.88,12.79,D
-14.26773,29.46439,342.94,0.51,0.49,2026-10-06,1210,N20,VIIRS,n,2.0NRT,304.85,8.47,D
-14.26702,29.46141,348.56,0.51,0.49,2026-10-06,1210,N20,VIIRS,n,2.0NRT,308.26,14,D
-14.26192,29.72053,341.59,0.53,0.5,2026-10-06,1210,N20,VIIRS,n,2.0NRT,301.58,4.03,D
-14.24381,25.4383,346.01,0.45,0.39,2026-10-06,1210,N20,VIIRS,n,2.0NRT,289.67,8.69,D
-14.24094,25.43356,335.24,0.45,0.39,2026-10-06,1210,N20,VIIRS,n,2.0NRT,289.32,14.57,D
-14.23588,29.08372,337.07,0.48,0.48,2026-10-06,1210,N20,VIIRS,l,2.0NRT,307.09,5.84,D
-14.22775,28.87777,342.98,0.47,0.48,2026-10-06,1210,N20,VIIRS,n,2.0NRT,300.88,4.72,D
-14.22122,31.37222,340.5,0.34,0.56,2026-10-06,1210,N20,VIIRS,n,2.0NRT,300.93,1.6,D
-14.21136,31.23094,340.95,0.33,0.56,2026-10-06,1210,N20,VIIRS,n,2.0NRT,299.96,1.32,D
-14.19485,28.14544,345.56,0.42,0.45,2026-10-06,1210,N20,VIIRS,n,2.0NRT,305.1,5.93,D
-14.17457,28.05771,338.54,0.42,0.45,2026-10-06,1210,N20,VIIRS,n,2.0NRT,300.86,3.55,D
-14.17293,28.97995,336.63,0.48,0.48,2026-10-06,1210,N20,VIIRS,n,2.0NRT,304.58,3.67,D
-14.17201,30.8981,330.92,0.63,0.54,2026-10-06,1210,N20,VIIRS,l,2.0NRT,301.08,2.93,D
-14.17112,28.05312,347.07,0.42,0.45,2026-10-06,1210,N20,VIIRS,n,2.0NRT,305.03,20.07,D
-14.17097,29.44438,332.81,0.51,0.49,2026-10-06,1210,N20,VIIRS,n,2.0NRT,300.52,8.62,D
-14.15892,28.14639,331.14,0.42,0.45,2026-10-06,1210,N20,VIIRS,n,2.0NRT,301.04,1.37,D
-14.15477,28.14558,354.46,0.42,0.45,2026-10-06,1210,N20,VIIRS,n,2.0NRT,306.07,18.11,D
-14.15473,29.20279,344.17,0.49,0.49,2026-10-06,1210,N20,VIIRS,n,2.0NRT,307.81,6.1,D
-14.15408,28.14947,342.79,0.42,0.45,2026-10-06,1210,N20,VIIRS,n,2.0NRT,301.45,6.24,D
-14.15029,29.20189,346.49,0.49,0.49,2026-10-06,1210,N20,VIIRS,n,2.0NRT,305.53,6.1,D
-14.13357,24.89935,332.97,0.43,0.38,2026-10-06,1210,N20,VIIRS,n,2.0NRT,293.04,2.73,D
-14.12705,30.86276,334.11,0.63,0.54,2026-10-06,1210,N20,VIIRS,n,2.0NRT,301.59,3.74,D
-14.12677,30.86524,333.6,0.63,0.54,2026-10-06,1210,N20,VIIRS,n,2.0NRT,301.48,3.38,D
-14.12008,29.8453,342.58,0.54,0.51,2026-10-06,1210,N20,VIIRS,n,2.0NRT,301.69,4.18,D
-14.10495,29.78177,343.84,0.54,0.51,2026-10-06,1210,N20,VIIRS,n,2.0NRT,302.45,7.31,D
-14.10369,29.77979,342.91,0.54,0.51,2026-10-06,1210,N20,VIIRS,n,2.0NRT,301.91,6.3,D
-14.10228,29.84904,330.23,0.54,0.51,2026-10-06,1210,N20,VIIRS,n,2.0NRT,299.6,2.34,D
-14.10011,31.02843,355.24,0.32,0.55,2026-10-06,1210,N20,VIIRS,n,2.0NRT,302.83,5.82,D
-14.09293,29.84755,347.54,0.54,0.51,2026-10-06,1210,N20,VIIRS,n,2.0NRT,302.08,7.93,D
-14.09116,29.84549,344.38,0.54,0.51,2026-10-06,1210,N20,VIIRS,n,2.0NRT,303.93,10.2,D
-14.09061,23.04091,346.95,0.39,0.36,2026-10-06,1210,N20,VIIRS,n,2.0NRT,307.72,2.85,D
-14.08785,23.0368,336.4,0.39,0.36,2026-10-06,1210,N20,VIIRS,n,2.0NRT,307.05,2.88,D
-14.08729,23.04037,336.36,0.39,0.36,2026-10-06,1210,N20,VIIRS,l,2.0NRT,308.05,2.85,D
-14.08544,23.227,338.58,0.39,0.36,2026-10-06,1210,N20,VIIRS,n,2.0NRT,308.2,9.2,D
-14.08125,22.92623,333.48,0.39,0.36,2026-10-06,1210,N20,VIIRS,l,2.0NRT,305.63,1.42,D
-14.07572,22.9837,347.11,0.39,0.36,2026-10-06,1210,N20,VIIRS,n,2.0NRT,304.39,5.75,D
-14.07456,31.07884,332.8,0.33,0.55,2026-10-06,1210,N20,VIIRS,n,2.0NRT,302.7,0.99,D
-14.0717,28.76818,336.67,0.46,0.47,2026-10-06,1210,N20,VIIRS,n,2.0NRT,300.1,2.33,D
-14.07067,28.87075,343.86,0.47,0.48,2026-10-06,1210,N20,VIIRS,n,2.0NRT,304.11,11.69,D
-14.05388,29.31102,346.12,0.5,0.49,2026-10-06,1210,N20,VIIRS,n,2.0NRT,305.24,4.67,D
-14.05344,27.65388,342.47,0.39,0.44,2026-10-06,1210,N20,VIIRS,n,2.0NRT,292.36,6.82,D
-14.05312,27.65299,339.03,0.4,0.44,2026-10-06,1210,N20,VIIRS,n,2.0NRT,294.55,5.8,D
-14.05279,27.65753,350.53,0.39,0.44,2026-10-06,1210,N20,VIIRS,n,2.0NRT,295.2,14.66,D
-14.05249,27.65665,367,0.4,0.44,2026-10-06,1210,N20,VIIRS,h,2.0NRT,296.5,16.16,D
-14.05213,27.66119,351.23,0.4,0.44,2026-10-06,1210,N20,VIIRS,n,2.0NRT,301.92,14.66,D
-14.05186,27.66032,351.18,0.4,0.44,2026-10-06,1210,N20,VIIRS,n,2.0NRT,300.77,16.16,D
-14.05147,27.66486,337.64,0.4,0.44,2026-10-06,1210,N20,VIIRS,n,2.0NRT,299.4,3.65,D
-14.05147,28.13883,342.64,0.42,0.45,2026-10-06,1210,N20,VIIRS,n,2.0NRT,304.43,4.73,D
-14.05122,27.66399,348.95,0.4,0.44,2026-10-06,1210,N20,VIIRS,n,2.0NRT,300.31,7.16,D
-14.04964,31.4495,338.63,0.35,0.56,2026-10-06,1210,N20,VIIRS,n,2.0NRT,298.38,1.96,D
-14.04851,28.79107,344.75,0.47,0.47,2026-10-06,1210,N20,VIIRS,n,2.0NRT,299.46,5.76,D
-14.04846,27.6559,355.11,0.4,0.44,2026-10-06,1210,N20,VIIRS,n,2.0NRT,300.32,10.62,D
-14.04828,31.11476,335.3,0.33,0.55,2026-10-06,1210,N20,VIIRS,n,2.0NRT,301.33,3.09,D
-14.04783,27.65956,346.59,0.4,0.44,2026-10-06,1210,N20,VIIRS,n,2.0NRT,296.5,10.62,D
-14.04749,29.70479,336.6,0.53,0.5,2026-10-06,1210,N20,VIIRS,n,2.0NRT,303.22,3.2,D
-14.04719,27.66322,352.03,0.4,0.44,2026-10-06,1210,N20,VIIRS,n,2.0NRT,302.51,18.31,D
-14.0438,27.65882,342.94,0.4,0.44,2026-10-06,1210,N20,VIIRS,n,2.0NRT,288.43,10.62,D
-14.03542,29.74366,345.28,0.54,0.51,2026-10-06,1210,N20,VIIRS,n,2.0NRT,303.65,4.68,D
-14.02589,23.32396,332.12,0.39,0.36,2026-10-06,1210,N20,VIIRS,l,2.0NRT,303.28,3.06,D
-14.02511,27.95142,345.24,0.41,0.45,2026-10-06,1210,N20,VIIRS,n,2.0NRT,306.56,9.92,D
-14.02065,29.54431,337.32,0.52,0.5,2026-10-06,1210,N20,VIIRS,n,2.0NRT,302.26,3.65,D
-14.02044,29.67557,334.17,0.53,0.5,2026-10-06,1210,N20,VIIRS,n,2.0NRT,299.83,2.44,D
-14.01891,29.67929,330.34,0.53,0.5,2026-10-06,1210,N20,VIIRS,n,2.0NRT,298.9,1.9,D
-14.018,29.5588,338.55,0.52,0.5,2026-10-06,1210,N20,VIIRS,n,2.0NRT,303.56,5.99,D
-14.01718,22.74754,343.03,0.38,0.36,2026-10-06,1210,N20,VIIRS,n,2.0NRT,308.29,2.68,D
-14.01608,29.54348,341.76,0.52,0.5,2026-10-06,1210,N20,VIIRS,n,2.0NRT,300.37,3.65,D
-14.01378,29.96174,340.36,0.55,0.51,2026-10-06,1210,N20,VIIRS,n,2.0NRT,299.42,6.6,D
-14.01297,24.45591,335.86,0.42,0.37,2026-10-06,1210,N20,VIIRS,n,2.0NRT,302.23,5.14,D
-14.01271,29.23264,331.41,0.5,0.49,2026-10-06,1210,N20,VIIRS,n,2.0NRT,301.05,3,D
-14.00954,24.45535,341.89,0.42,0.37,2026-10-06,1210,N20,VIIRS,n,2.0NRT,305.26,9.83,D
-14.00287,26.17474,334.2,0.49,0.4,2026-10-06,1210,N20,VIIRS,n,2.0NRT,299.19,3.42,D
-13.99254,26.16832,332.81,0.49,0.4,2026-10-06,1210,N20,VIIRS,n,2.0NRT,300.62,4.06,D
-13.99238,31.18655,338.39,0.33,0.56,2026-10-06,1210,N20,VIIRS,n,2.0NRT,300.85,2.1,D
-13.98305,29.91891,344.72,0.55,0.51,2026-10-06,1210,N20,VIIRS,n,2.0NRT,301.97,6.33,D
-13.98251,22.28784,339.59,0.38,0.36,2026-10-06,1210,N20,VIIRS,l,2.0NRT,310.79,3.69,D
-13.98251,22.94946,337.45,0.39,0.36,2026-10-06,1210,N20,VIIRS,l,2.0NRT,309.37,2.95,D
-13.97184,29.70656,342.07,0.53,0.5,2026-10-06,1210,N20,VIIRS,n,2.0NRT,299.68,9.67,D
-13.97111,29.85465,342.94,0.55,0.51,2026-10-06,1210,N20,VIIRS,n,2.0NRT,302.09,10.3,D
-13.96934,29.8503,342.38,0.55,0.51,2026-10-06,1210,N20,VIIRS,n,2.0NRT,302.23,10.95,D
-13.95689,29.53168,337.42,0.52,0.5,2026-10-06,1210,N20,VIIRS,n,2.0NRT,299.84,6.96,D
-13.956,29.53643,335.67,0.52,0.5,2026-10-06,1210,N20,VIIRS,n,2.0NRT,303.15,11.84,D
-13.95053,28.83521,342.78,0.47,0.48,2026-10-06,1210,N20,VIIRS,n,2.0NRT,301.17,14.54,D
-13.95045,28.83196,342.93,0.47,0.48,2026-10-06,1210,N20,VIIRS,n,2.0NRT,303.87,13.2,D
-13.94416,23.023,336.13,0.39,0.36,2026-10-06,1210,N20,VIIRS,l,2.0NRT,309.83,3.34,D
-13.94345,30.10098,342.97,0.57,0.52,2026-10-06,1210,N20,VIIRS,n,2.0NRT,299.73,5.73,D
-13.94247,30.10262,342.22,0.57,0.52,2026-10-06,1210,N20,VIIRS,n,2.0NRT,299.81,7.16,D
-13.94139,23.0189,336.13,0.39,0.36,2026-10-06,1210,N20,VIIRS,l,2.0NRT,308.5,1.98,D
-13.94084,23.02246,342.46,0.39,0.36,2026-10-06,1210,N20,VIIRS,n,2.0NRT,309.05,3.34,D
-13.93802,24.33371,334.42,0.41,0.37,2026-10-06,1210,N20,VIIRS,n,2.0NRT,285.87,3.69,D
-13.93552,29.98115,340.12,0.56,0.51,2026-10-06,1210,N20,VIIRS,n,2.0NRT,301.94,6.43,D
-13.93081,29.98034,341.1,0.56,0.51,2026-10-06,1210,N20,VIIRS,n,2.0NRT,300.89,5.61,D
-13.88115,22.94703,343.32,0.39,0.36,2026-10-06,1210,N20,VIIRS,n,2.0NRT,306.87,2.88,D
-13.88097,29.68875,341.75,0.54,0.5,2026-10-06,1210,N20,VIIRS,n,2.0NRT,301.98,3.76,D
-13.88034,29.84966,339.08,0.55,0.51,2026-10-06,1210,N20,VIIRS,n,2.0NRT,301.07,2.22,D
-13.87819,29.84727,339.33,0.55,0.51,2026-10-06,1210,N20,VIIRS,n,2.0NRT,301.72,4.81,D
-13.87692,28.12266,337.95,0.42,0.46,2026-10-06,1210,N20,VIIRS,n,2.0NRT,306.59,5.09,D
-13.87287,29.89063,342.29,0.55,0.51,2026-10-06,1210,N20,VIIRS,n,2.0NRT,302.26,8.78,D
-13.86942,29.89331,344.91,0.55,0.51,2026-10-06,1210,N20,VIIRS,n,2.0NRT,300.87,9,D
-13.86914,30.15301,337.78,0.57,0.52,2026-10-06,1210,N20,VIIRS,n,2.0NRT,299.45,4.07,D
-13.86649,29.81991,334.23,0.55,0.51,2026-10-06,1210,N20,VIIRS,n,2.0NRT,301.65,5.34,D
-13.85456,28.68564,340.63,0.46,0.47,2026-10-06,1210,N20,VIIRS,n,2.0NRT,303.74,4.7,D
-13.85422,29.70413,334.16,0.54,0.51,2026-10-06,1210,N20,VIIRS,n,2.0NRT,302.08,3.18,D
-13.84842,28.72006,340.79,0.46,0.47,2026-10-06,1210,N20,VIIRS,n,2.0NRT,300.23,4.88,D
-13.83671,28.41599,341.69,0.44,0.46,2026-10-06,1210,N20,VIIRS,n,2.0NRT,301.36,4.03,D
-13.83538,30.20078,332.9,0.58,0.52,2026-10-06,1210,N20,VIIRS,n,2.0NRT,300.05,5.54,D
-13.83367,28.7524,336.04,0.47,0.47,2026-10-06,1210,N20,VIIRS,n,2.0NRT,305.22,4.14,D
-13.83196,22.00549,345.24,0.39,0.36,2026-10-06,1210,N20,VIIRS,n,2.0NRT,311.15,7.79,D
-13.8067,28.92773,337.93,0.48,0.48,2026-10-06,1210,N20,VIIRS,n,2.0NRT,302.01,3.03,D
-13.78649,30.09414,340.71,0.57,0.52,2026-10-06,1210,N20,VIIRS,n,2.0NRT,302.09,6.87,D
-13.77733,30.0643,332.96,0.57,0.52,2026-10-06,1210,N20,VIIRS,n,2.0NRT,298.86,2.33,D
-13.77305,30.11333,337.41,0.57,0.52,2026-10-06,1210,N20,VIIRS,n,2.0NRT,300.89,5.03,D
-13.77007,29.7009,340.31,0.54,0.51,2026-10-06,1210,N20,VIIRS,n,2.0NRT,299.05,7.79,D
-13.736,28.44388,343.77,0.45,0.47,2026-10-06,1210,N20,VIIRS,n,2.0NRT,295.69,5.35,D
-13.73337,28.58102,335.36,0.46,0.47,2026-10-06,1210,N20,VIIRS,n,2.0NRT,301.91,2.22,D
-13.73117,22.48959,334.5,0.38,0.36,2026-10-06,1210,N20,VIIRS,l,2.0NRT,309.16,1.87,D
-13.72478,28.57933,335.1,0.46,0.47,2026-10-06,1210,N20,VIIRS,n,2.0NRT,301.99,3.63,D
-13.7205,28.57842,336.37,0.46,0.47,2026-10-06,1210,N20,VIIRS,n,2.0NRT,301.31,3.63,D
-13.71626,30.09945,330.82,0.57,0.52,2026-10-06,1210,N20,VIIRS,n,2.0NRT,298.73,2.91,D
-13.71481,21.97219,345.35,0.39,0.36,2026-10-06,1210,N20,VIIRS,n,2.0NRT,307,4.94,D
-13.71431,30.1101,345.62,0.57,0.52,2026-10-06,1210,N20,VIIRS,n,2.0NRT,299.99,5.94,D
-13.71428,21.97574,348.04,0.39,0.36,2026-10-06,1210,N20,VIIRS,n,2.0NRT,314.52,29.06,D
-13.71404,30.1124,339.51,0.57,0.52,2026-10-06,1210,N20,VIIRS,n,2.0NRT,299.63,7.39,D
-13.7115,21.97167,338.68,0.39,0.36,2026-10-06,1210,N20,VIIRS,n,2.0NRT,306.7,5.33,D
-13.70286,28.44081,344.56,0.45,0.47,2026-10-06,1210,N20,VIIRS,n,2.0NRT,301.9,5.08,D
-13.70118,28.44146,353.82,0.45,0.47,2026-10-06,1210,N20,VIIRS,n,2.0NRT,301.71,9.81,D
-13.69987,22.4046,342.18,0.38,0.36,2026-10-06,1210,N20,VIIRS,n,2.0NRT,307.41,5.35,D
-13.69934,29.82263,340.77,0.55,0.51,2026-10-06,1210,N20,VIIRS,n,2.0NRT,298.39,13.59,D
-13.69859,28.44003,337.54,0.45,0.47,2026-10-06,1210,N20,VIIRS,n,2.0NRT,299.3,5.08,D
-13.69615,28.44485,342.85,0.45,0.47,2026-10-06,1210,N20,VIIRS,n,2.0NRT,301.15,4.83,D
-13.69359,28.44342,343.67,0.45,0.47,2026-10-06,1210,N20,VIIRS,n,2.0NRT,303.54,9.18,D
-13.69188,28.44408,339.03,0.45,0.47,2026-10-06,1210,N20,VIIRS,n,2.0NRT,302.39,4.83,D
-13.68958,28.45659,337.57,0.45,0.47,2026-10-06,1210,N20,VIIRS,n,2.0NRT,298.17,5.78,D
-13.6871,28.45518,338.76,0.45,0.47,2026-10-06,1210,N20,VIIRS,n,2.0NRT,299.01,3.67,D
-13.68684,31.53051,339.01,0.36,0.57,2026-10-06,1210,N20,VIIRS,n,2.0NRT,301.46,2.25,D
-13.68652,28.43356,351.45,0.45,0.47,2026-10-06,1210,N20,VIIRS,n,2.0NRT,300.85,5.87,D
-13.68578,28.43771,353.47,0.45,0.47,2026-10-06,1210,N20,VIIRS,n,2.0NRT,300.15,5.87,D
-13.68298,28.42865,343.62,0.45,0.47,2026-10-06,1210,N20,VIIRS,n,2.0NRT,299.94,6.39,D
-13.68225,28.4328,346.42,0.45,0.47,2026-10-06,1210,N20,VIIRS,n,2.0NRT,301.82,5.87,D
-13.68151,28.43695,335.94,0.45,0.47,2026-10-06,1210,N20,VIIRS,n,2.0NRT,299.76,5.87,D
-13.68005,22.08999,348.86,0.38,0.36,2026-10-06,1210,N20,VIIRS,n,2.0NRT,309.25,4.6,D
-13.67988,28.47108,333.35,0.45,0.47,2026-10-06,1210,N20,VIIRS,n,2.0NRT,300.01,5.42,D
-13.67871,28.42789,338.02,0.45,0.47,2026-10-06,1210,N20,VIIRS,n,2.0NRT,299.84,4.25,D
-13.6784,28.47943,340.07,0.45,0.47,2026-10-06,1210,N20,VIIRS,n,2.0NRT,299.49,7.8,D
-13.67816,29.27827,336.72,0.51,0.49,2026-10-06,1210,N20,VIIRS,n,2.0NRT,303.36,8.14,D
-13.6773,28.79158,337.86,0.47,0.48,2026-10-06,1210,N20,VIIRS,n,2.0NRT,301.9,6.79,D
-13.67674,22.08946,341.49,0.38,0.36,2026-10-06,1210,N20,VIIRS,n,2.0NRT,308.85,4.6,D
-13.66441,28.43402,349.04,0.45,0.47,2026-10-06,1210,N20,VIIRS,n,2.0NRT,301.63,7.39,D
-13.65364,28.72407,342.47,0.47,0.48,2026-10-06,1210,N20,VIIRS,n,2.0NRT,301.21,4.36,D
-13.6516,28.30962,345.58,0.44,0.46,2026-10-06,1210,N20,VIIRS,n,2.0NRT,303.03,45.64,D
-13.64462,28.69498,341.6,0.47,0.47,2026-10-06,1210,N20,VIIRS,n,2.0NRT,297.76,4.58,D
-13.64029,28.69411,337.05,0.47,0.47,2026-10-06,1210,N20,VIIRS,n,2.0NRT,298.52,5.66,D
-13.62287,22.24271,351.51,0.38,0.36,2026-10-06,1210,N20,VIIRS,n,2.0NRT,311.15,12.27,D
-13.61391,22.36796,336.73,0.38,0.36,2026-10-06,1210,N20,VIIRS,l,2.0NRT,309.61,2.88,D
-13.61295,22.24113,346.06,0.38,0.36,2026-10-06,1210,N20,VIIRS,n,2.0NRT,309.39,6.64,D
-13.6119,29.86563,342.44,0.56,0.51,2026-10-06,1210,N20,VIIRS,n,2.0NRT,298.88,10.29,D
-13.59217,21.99879,342.63,0.38,0.36,2026-10-06,1210,N20,VIIRS,l,2.0NRT,314.51,3.25,D
-13.59164,22.00233,339.84,0.38,0.36,2026-10-06,1210,N20,VIIRS,l,2.0NRT,313.51,3.25,D
-13.59057,22.00941,345.1,0.38,0.36,2026-10-06,1210,N20,VIIRS,n,2.0NRT,312.57,4.09,D
-13.59003,22.01295,347.39,0.38,0.36,2026-10-06,1210,N20,VIIRS,n,2.0NRT,311.98,4.49,D
-13.58833,22.00181,342.38,0.38,0.36,2026-10-06,1210,N20,VIIRS,l,2.0NRT,314.26,3.25,D
-13.58779,22.00535,342.08,0.38,0.36,2026-10-06,1210,N20,VIIRS,l,2.0NRT,314.41,4.09,D
-13.58726,22.00889,346.03,0.38,0.36,2026-10-06,1210,N20,VIIRS,n,2.0NRT,312.26,4.09,D
-13.58672,22.01243,335.94,0.38,0.36,2026-10-06,1210,N20,VIIRS,l,2.0NRT,310.42,4.49,D
-13.58011,22.01138,334.78,0.38,0.36,2026-10-06,1210,N20,VIIRS,l,2.0NRT,309.71,3.28,D
-13.55775,22.20338,338.07,0.38,0.36,2026-10-06,1210,N20,VIIRS,l,2.0NRT,309.01,3.57,D
-13.539,30.20348,342.12,0.59,0.53,2026-10-06,1210,N20,VIIRS,n,2.0NRT,300.74,7.89,D
-13.52052,30.11727,333.46,0.58,0.52,2026-10-06,1210,N20,VIIRS,n,2.0NRT,299.82,2.87,D
-13.51203,32.80068,335.26,0.44,0.62,2026-10-06,1210,N20,VIIRS,n,2.0NRT,299.49,1.79,D
-13.47943,30.20763,332.2,0.59,0.53,2026-10-06,1210,N20,VIIRS,n,2.0NRT,295.78,4.78,D
-13.47258,27.43619,330.92,0.39,0.44,2026-10-06,1210,N20,VIIRS,n,2.0NRT,283.64,3.45,D
-13.45792,30.10926,342.52,0.58,0.52,2026-10-06,1210,N20,VIIRS,n,2.0NRT,300.45,8.76,D
-13.43564,29.80224,348.08,0.55,0.51,2026-10-06,1210,N20,VIIRS,n,2.0NRT,300.08,11.23,D
-13.40008,30.77365,355.15,0.32,0.55,2026-10-06,1210,N20,VIIRS,n,2.0NRT,298.21,5.43,D
-13.38998,28.06984,337.72,0.43,0.46,2026-10-06,1210,N20,VIIRS,n,2.0NRT,294.12,2.9,D
-13.38874,29.76741,333.1,0.55,0.51,2026-10-06,1210,N20,VIIRS,n,2.0NRT,299.96,3.63,D
-13.3794,30.13544,335.05,0.59,0.52,2026-10-06,1210,N20,VIIRS,n,2.0NRT,298.32,7.25,D
-13.37476,22.24573,341.49,0.38,0.36,2026-10-06,1210,N20,VIIRS,n,2.0NRT,309.59,4.91,D
-13.37328,31.99177,338.8,0.39,0.59,2026-10-06,1210,N20,VIIRS,n,2.0NRT,305.67,4.47,D
-13.3721,30.40554,346.79,0.61,0.53,2026-10-06,1210,N20,VIIRS,n,2.0NRT,298.51,26.41,D
-13.35867,30.98819,334.18,0.33,0.55,2026-10-06,1210,N20,VIIRS,n,2.0NRT,296.66,2.89,D
-13.34157,30.07208,335.7,0.58,0.52,2026-10-06,1210,N20,VIIRS,n,2.0NRT,294.42,5.83,D
-13.31968,29.8425,337.49,0.56,0.52,2026-10-06,1210,N20,VIIRS,n,2.0NRT,302.44,4.3,D
-13.31701,31.0396,346.39,0.34,0.56,2026-10-06,1210,N20,VIIRS,n,2.0NRT,299.79,5.21,D
-13.31518,32.457,334.29,0.42,0.61,2026-10-06,1210,N20,VIIRS,n,2.0NRT,298.62,4.04,D
-13.31513,27.8792,331.87,0.42,0.45,2026-10-06,1210,N20,VIIRS,n,2.0NRT,290.5,3.51,D
-13.29958,22.22626,351.52,0.38,0.36,2026-10-06,1210,N20,VIIRS,n,2.0NRT,313.52,5.29,D
-13.29904,22.22979,343.19,0.38,0.36,2026-10-06,1210,N20,VIIRS,n,2.0NRT,312.39,5.29,D
-13.29887,29.84959,336.46,0.56,0.52,2026-10-06,1210,N20,VIIRS,n,2.0NRT,298.4,3.27,D
-13.29627,22.22573,342.09,0.38,0.36,2026-10-06,1210,N20,VIIRS,n,2.0NRT,308.03,5.29,D
-13.29573,22.22927,342.79,0.38,0.36,2026-10-06,1210,N20,VIIRS,n,2.0NRT,308.54,5.29,D
-13.28424,32.0076,337.39,0.39,0.59,2026-10-06,1210,N20,VIIRS,n,2.0NRT,307.04,2.38,D
-13.28297,30.71177,333.74,0.32,0.55,2026-10-06,1210,N20,VIIRS,n,2.0NRT,297.86,3.66,D
-13.28248,30.71269,331.82,0.32,0.55,2026-10-06,1210,N20,VIIRS,n,2.0NRT,297.8,2.31,D
-13.27813,30.46334,351.8,0.62,0.54,2026-10-06,1210,N20,VIIRS,n,2.0NRT,293.63,8.74,D
-13.26837,30.46115,333.65,0.62,0.54,2026-10-06,1210,N20,VIIRS,n,2.0NRT,292.01,4.64,D
-13.25677,28.11061,335.91,0.43,0.46,2026-10-06,1210,N20,VIIRS,n,2.0NRT,299.84,3.29,D
-13.25525,32.12565,336.67,0.4,0.6,2026-10-06,1210,N20,VIIRS,n,2.0NRT,302.57,3.97,D
-13.25453,32.1293,330.48,0.4,0.6,2026-10-06,1210,N20,VIIRS,l,2.0NRT,302.33,3.92,D
-13.22999,31.78958,338.02,0.38,0.59,2026-10-06,1210,N20,VIIRS,n,2.0NRT,300.91,2.08,D
-13.20558,29.17256,336.16,0.51,0.49,2026-10-06,1210,N20,VIIRS,n,2.0NRT,294.79,10.6,D
-13.20475,29.17718,340.67,0.51,0.49,2026-10-06,1210,N20,VIIRS,n,2.0NRT,295.56,10.6,D
-13.19075,28.13937,346.55,0.44,0.46,2026-10-06,1210,N20,VIIRS,n,2.0NRT,299.06,6.15,D
-13.18942,31.82575,336.7,0.38,0.59,2026-10-06,1210,N20,VIIRS,l,2.0NRT,307.22,3.91,D
-13.18729,26.03245,331.77,0.49,0.41,2026-10-06,1210,N20,VIIRS,n,2.0NRT,293.49,5.87,D
-13.16334,26.69349,339.71,0.54,0.42,2026-10-06,1210,N20,VIIRS,n,2.0NRT,298.26,10.06,D
-13.15843,29.14968,346.44,0.51,0.49,2026-10-06,1210,N20,VIIRS,n,2.0NRT,290.89,16.84,D
-13.15757,29.15434,350.2,0.51,0.49,2026-10-06,1210,N20,VIIRS,n,2.0NRT,290.61,13.76,D
-13.15585,26.53194,339.06,0.53,0.42,2026-10-06,1210,N20,VIIRS,n,2.0NRT,302.07,9.31,D
-13.15391,26.702,335.33,0.54,0.42,2026-10-06,1210,N20,VIIRS,n,2.0NRT,297.9,4.84,D
-13.13835,29.10722,342.78,0.5,0.49,2026-10-06,1210,N20,VIIRS,n,2.0NRT,292.89,14.97,D
-13.13671,29.10805,351.53,0.51,0.49,2026-10-06,1210,N20,VIIRS,n,2.0NRT,287.68,19.19,D
-13.1364,22.05165,347.12,0.38,0.36,2026-10-06,1210,N20,VIIRS,n,2.0NRT,306.68,7.64,D
-13.11404,29.49176,336.05,0.54,0.51,2026-10-06,1210,N20,VIIRS,n,2.0NRT,297.69,20.15,D
-13.11315,29.49657,341.63,0.54,0.51,2026-10-06,1210,N20,VIIRS,n,2.0NRT,299.87,20.15,D
-13.11056,26.57572,331.85,0.53,0.42,2026-10-06,1210,N20,VIIRS,n,2.0NRT,298.18,3.67,D
-13.10354,26.41021,332.62,0.52,0.41,2026-10-06,1210,N20,VIIRS,n,2.0NRT,298.52,3.68,D
-13.08126,26.26739,341.15,0.51,0.41,2026-10-06,1210,N20,VIIRS,n,2.0NRT,301.89,5.39,D
-13.061,27.3736,335.95,0.39,0.44,2026-10-06,1210,N20,VIIRS,n,2.0NRT,301.86,4.75,D
-13.05592,31.09095,344.44,0.34,0.56,2026-10-06,1210,N20,VIIRS,n,2.0NRT,299.63,6.7,D
-13.0501,27.77411,341.12,0.42,0.45,2026-10-06,1210,N20,VIIRS,n,2.0NRT,297.03,7.36,D
-13.04945,27.77789,333.11,0.42,0.45,2026-10-06,1210,N20,VIIRS,n,2.0NRT,297.27,4.68,D
-13.00884,26.76829,330.35,0.55,0.42,2026-10-06,1210,N20,VIIRS,n,2.0NRT,299.97,4.91,D
-12.99657,31.56434,367,0.37,0.58,2026-10-06,1210,N20,VIIRS,h,2.0NRT,301.48,9.54,D
-12.99521,31.57123,345.74,0.37,0.58,2026-10-06,1210,N20,VIIRS,n,2.0NRT,295.65,12.4,D
-12.9947,26.66357,332.12,0.54,0.42,2026-10-06,1210,N20,VIIRS,l,2.0NRT,304.07,3.91,D
-12.99304,31.56298,355.8,0.37,0.58,2026-10-06,1210,N20,VIIRS,n,2.0NRT,301.53,11.48,D
-12.99239,31.56644,367,0.37,0.58,2026-10-06,1210,N20,VIIRS,h,2.0NRT,301.2,12.9,D
-12.99173,31.56988,367,0.37,0.58,2026-10-06,1210,N20,VIIRS,h,2.0NRT,300.21,12.9,D
-12.99108,31.57328,345.65,0.37,0.58,2026-10-06,1210,N20,VIIRS,n,2.0NRT,298.83,9.78,D
-12.98578,31.57218,340.66,0.37,0.58,2026-10-06,1210,N20,VIIRS,n,2.0NRT,300.13,9.78,D
-12.98565,22.12731,334.52,0.38,0.36,2026-10-06,1210,N20,VIIRS,l,2.0NRT,306.54,3.21,D
-12.98514,31.57555,367,0.37,0.58,2026-10-06,1210,N20,VIIRS,h,2.0NRT,301.37,9.78,D
-12.97185,31.55865,367,0.37,0.58,2026-10-06,1210,N20,VIIRS,h,2.0NRT,304.18,8.3,D
-12.96911,27.46886,337.56,0.4,0.44,2026-10-06,1210,N20,VIIRS,n,2.0NRT,296.4,6.11,D
-12.9657,27.46444,354.49,0.4,0.44,2026-10-06,1210,N20,VIIRS,n,2.0NRT,306.1,15.5,D
-12.95205,27.18732,332.82,0.39,0.44,2026-10-06,1210,N20,VIIRS,n,2.0NRT,300.71,2.27,D
-12.94534,30.90885,367,0.34,0.56,2026-10-06,1210,N20,VIIRS,h,2.0NRT,303.24,8.37,D
-12.94262,26.30714,336.22,0.52,0.41,2026-10-06,1210,N20,VIIRS,n,2.0NRT,303.33,2.74,D
-12.94133,27.31818,349.95,0.39,0.44,2026-10-06,1210,N20,VIIRS,n,2.0NRT,310.43,34.12,D
-12.93872,26.23841,336.06,0.51,0.41,2026-10-06,1210,N20,VIIRS,n,2.0NRT,304.54,4.52,D
-12.92202,26.2453,332.82,0.51,0.41,2026-10-06,1210,N20,VIIRS,n,2.0NRT,302.14,5.17,D
-12.92201,27.404,334.01,0.4,0.44,2026-10-06,1210,N20,VIIRS,l,2.0NRT,305.94,2.84,D
-12.92026,26.55557,330.45,0.53,0.42,2026-10-06,1210,N20,VIIRS,n,2.0NRT,298.89,3.99,D
-12.92011,27.34425,345.53,0.39,0.44,2026-10-06,1210,N20,VIIRS,n,2.0NRT,311.22,17.26,D
-12.90437,26.53274,334.62,0.53,0.42,2026-10-06,1210,N20,VIIRS,n,2.0NRT,300.77,3.17,D
-12.90261,26.22268,336.59,0.51,0.41,2026-10-06,1210,N20,VIIRS,n,2.0NRT,303.63,4.81,D
-12.89019,31.47763,340.91,0.37,0.58,2026-10-06,1210,N20,VIIRS,n,2.0NRT,300.34,4.48,D
-12.87194,30.78013,330.38,0.33,0.55,2026-10-06,1210,N20,VIIRS,l,2.0NRT,301.99,1.16,D
-12.87191,22.1162,341.97,0.38,0.36,2026-10-06,1210,N20,VIIRS,n,2.0NRT,289.43,3.19,D
-12.8661,27.08051,345.31,0.57,0.43,2026-10-06,1210,N20,VIIRS,n,2.0NRT,306.27,24.11,D
-12.84959,27.01968,335.3,0.57,0.43,2026-10-06,1210,N20,VIIRS,l,2.0NRT,305.63,6.3,D
-12.82435,26.04411,343.62,0.5,0.41,2026-10-06,1210,N20,VIIRS,n,2.0NRT,303.27,9.91,D
-12.82349,27.22104,330.67,0.39,0.44,2026-10-06,1210,N20,VIIRS,l,2.0NRT,302.81,3.14,D
-12.82288,27.22464,337.5,0.39,0.44,2026-10-06,1210,N20,VIIRS,n,2.0NRT,302.62,3.85,D
-12.81949,27.22032,338.45,0.39,0.44,2026-10-06,1210,N20,VIIRS,n,2.0NRT,303.79,2.47,D
-12.81559,26.48441,340.21,0.53,0.42,2026-10-06,1210,N20,VIIRS,n,2.0NRT,294.7,7.54,D
-12.80895,26.08895,334.52,0.5,0.41,2026-10-06,1210,N20,VIIRS,n,2.0NRT,304.09,6.47,D
-12.80577,28.37506,337.77,0.46,0.47,2026-10-06,1210,N20,VIIRS,n,2.0NRT,298.21,3.61,D
-12.80264,31.25443,367,0.36,0.57,2026-10-06,1210,N20,VIIRS,h,2.0NRT,298.96,12.77,D
-12.79906,27.38922,342.1,0.4,0.44,2026-10-06,1210,N20,VIIRS,n,2.0NRT,308.63,8.72,D
-12.7986,27.39126,334.03,0.4,0.44,2026-10-06,1210,N20,VIIRS,l,2.0NRT,305.73,4.45,D
-12.78905,28.89523,332.98,0.5,0.49,2026-10-06,1210,N20,VIIRS,n,2.0NRT,291.18,5.98,D
-12.78488,26.85461,338.05,0.56,0.43,2026-10-06,1210,N20,VIIRS,l,2.0NRT,308.29,9.88,D
-12.78453,26.8574,343.96,0.56,0.43,2026-10-06,1210,N20,VIIRS,n,2.0NRT,309.25,13.21,D
-12.78156,27.27268,337.78,0.39,0.44,2026-10-06,1210,N20,VIIRS,n,2.0NRT,300.53,3.03,D
-12.78069,27.25376,339.47,0.39,0.44,2026-10-06,1210,N20,VIIRS,n,2.0NRT,306.44,5.38,D
-12.77754,27.27192,335.57,0.39,0.44,2026-10-06,1210,N20,VIIRS,n,2.0NRT,300.75,2.86,D
-12.76433,26.12067,333.25,0.51,0.41,2026-10-06,1210,N20,VIIRS,l,2.0NRT,305.32,3.16,D
-12.74834,31.45177,345.8,0.37,0.58,2026-10-06,1210,N20,VIIRS,n,2.0NRT,301.83,3.95,D
-12.74055,23.05636,339.07,0.39,0.36,2026-10-06,1210,N20,VIIRS,n,2.0NRT,280.04,5.9,D
-12.7381,31.2521,330.54,0.36,0.57,2026-10-06,1210,N20,VIIRS,n,2.0NRT,297.9,2.66,D
-12.73392,31.10361,347.12,0.35,0.57,2026-10-06,1210,N20,VIIRS,n,2.0NRT,300.29,5.95,D
-12.72945,30.63506,345.09,0.32,0.55,2026-10-06,1210,N20,VIIRS,n,2.0NRT,299.17,3.37,D
-12.724,31.07127,344.14,0.35,0.56,2026-10-06,1210,N20,VIIRS,n,2.0NRT,301.92,5.4,D
-12.7234,31.07439,338.93,0.35,0.56,2026-10-06,1210,N20,VIIRS,n,2.0NRT,298.41,4.56,D
-12.71555,26.11217,342.07,0.51,0.41,2026-10-06,1210,N20,VIIRS,n,2.0NRT,302.55,5.9,D
-12.7154,28.95856,332.95,0.5,0.49,2026-10-06,1210,N20,VIIRS,n,2.0NRT,294.4,4.64,D
-12.70925,28.967,340.59,0.5,0.49,2026-10-06,1210,N20,VIIRS,n,2.0NRT,293.51,12.69,D
-12.70783,27.14097,342.75,0.39,0.44,2026-10-06,1210,N20,VIIRS,n,2.0NRT,301.67,5.62,D
-12.70285,31.01428,330.19,0.34,0.56,2026-10-06,1210,N20,VIIRS,n,2.0NRT,299.48,1.92,D
-12.69611,22.11303,335.69,0.38,0.36,2026-10-06,1210,N20,VIIRS,n,2.0NRT,286.22,3.99,D
-12.69376,30.76993,367,0.33,0.55,2026-10-06,1210,N20,VIIRS,h,2.0NRT,301.96,10.76,D
-12.6887,26.49894,334.02,0.53,0.42,2026-10-06,1210,N20,VIIRS,n,2.0NRT,302.45,6.3,D
-12.68477,26.24647,331.86,0.52,0.41,2026-10-06,1210,N20,VIIRS,l,2.0NRT,303.88,3.88,D
-12.66517,32.28467,331.25,0.42,0.61,2026-10-06,1210,N20,VIIRS,n,2.0NRT,298.64,5.34,D
-12.66441,32.2885,340.19,0.42,0.61,2026-10-06,1210,N20,VIIRS,n,2.0NRT,299.27,7.68,D
-12.66152,32.28415,331.62,0.42,0.61,2026-10-06,1210,N20,VIIRS,n,2.0NRT,300.01,6.6,D
-12.66145,26.08531,337.8,0.51,0.41,2026-10-06,1210,N20,VIIRS,n,2.0NRT,298.12,5.04,D
-12.6608,32.28793,353.75,0.42,0.61,2026-10-06,1210,N20,VIIRS,n,2.0NRT,299.08,7.02,D
-12.65959,32.28354,333.13,0.42,0.61,2026-10-06,1210,N20,VIIRS,n,2.0NRT,300.02,5.34,D
-12.65895,28.66589,342.06,0.48,0.48,2026-10-06,1210,N20,VIIRS,n,2.0NRT,290.13,6.27,D
-12.65884,32.28728,367,0.42,0.61,2026-10-06,1210,N20,VIIRS,h,2.0NRT,299.06,7.68,D
-12.65595,32.28295,336.56,0.42,0.61,2026-10-06,1210,N20,VIIRS,n,2.0NRT,299.26,6.6,D
-12.65524,32.28667,350.56,0.42,0.61,2026-10-06,1210,N20,VIIRS,n,2.0NRT,297.5,7.02,D
-12.65401,32.28236,343.11,0.42,0.61,2026-10-06,1210,N20,VIIRS,n,2.0NRT,299.84,9.74,D
-12.65328,32.28606,347.38,0.42,0.61,2026-10-06,1210,N20,VIIRS,n,2.0NRT,297.49,5.29,D
-12.65109,32.27806,331.06,0.42,0.61,2026-10-06,1210,N20,VIIRS,n,2.0NRT,299.51,3.75,D
-12.65037,32.28177,350.52,0.42,0.61,2026-10-06,1210,N20,VIIRS,n,2.0NRT,298.02,3.75,D
-12.64966,32.28547,332.18,0.42,0.61,2026-10-06,1210,N20,VIIRS,n,2.0NRT,295.26,2.89,D
-12.64073,27.53064,332.34,0.41,0.45,2026-10-06,1210,N20,VIIRS,n,2.0NRT,301.42,6.61,D
-12.6389,33.25977,348.77,0.49,0.65,2026-10-06,1210,N20,VIIRS,n,2.0NRT,284.53,8.59,D
-12.638,33.26431,335.75,0.49,0.65,2026-10-06,1210,N20,VIIRS,n,2.0NRT,286.97,8.4,D
-12.63664,27.52985,352.77,0.41,0.45,2026-10-06,1210,N20,VIIRS,n,2.0NRT,304.01,6.61,D
-12.6313,26.76464,334.23,0.55,0.43,2026-10-06,1210,N20,VIIRS,n,2.0NRT,299.96,10.61,D
-12.62322,31.2586,338.75,0.36,0.57,2026-10-06,1210,N20,VIIRS,n,2.0NRT,299.04,3.28,D
-12.6232,31.25787,336.26,0.36,0.57,2026-10-06,1210,N20,VIIRS,n,2.0NRT,299.71,3.59,D
-12.62103,32.74506,346.36,0.45,0.63,2026-10-06,1210,N20,VIIRS,n,2.0NRT,303.19,7.78,D
-12.61897,33.58017,335.81,0.51,0.66,2026-10-06,1210,N20,VIIRS,n,2.0NRT,302.2,4.47,D
-12.61736,31.26089,332.09,0.36,0.57,2026-10-06,1210,N20,VIIRS,n,2.0NRT,297.55,3.22,D
-12.61665,31.34694,331.47,0.36,0.58,2026-10-06,1210,N20,VIIRS,n,2.0NRT,298.09,4.11,D
-12.61489,28.60739,339.83,0.48,0.48,2026-10-06,1210,N20,VIIRS,n,2.0NRT,291.2,10.77,D
-12.59979,32.85236,331.02,0.46,0.63,2026-10-06,1210,N20,VIIRS,n,2.0NRT,300.06,3.01,D
-12.59537,26.15556,331.94,0.51,0.41,2026-10-06,1210,N20,VIIRS,n,2.0NRT,296.83,4.6,D
-12.58989,32.65645,339.47,0.44,0.63,2026-10-06,1210,N20,VIIRS,n,2.0NRT,300.68,4.66,D
-12.58529,32.65484,352.12,0.44,0.63,2026-10-06,1210,N20,VIIRS,n,2.0NRT,302.3,7.5,D
-12.58356,26.76145,336.06,0.55,0.43,2026-10-06,1210,N20,VIIRS,n,2.0NRT,299.28,6.34,D
-12.58295,26.7641,334.66,0.55,0.43,2026-10-06,1210,N20,VIIRS,n,2.0NRT,299.1,12.51,D
-12.57715,32.66565,350.8,0.44,0.63,2026-10-06,1210,N20,VIIRS,n,2.0NRT,304.02,9.18,D
-12.57611,32.6661,352.57,0.45,0.63,2026-10-06,1210,N20,VIIRS,n,2.0NRT,304.17,7.89,D
-12.57566,30.5187,331.46,0.32,0.55,2026-10-06,1210,N20,VIIRS,l,2.0NRT,302.47,5.31,D
-12.57256,26.77802,344.11,0.55,0.43,2026-10-06,1210,N20,VIIRS,n,2.0NRT,299.87,14.07,D
-12.57218,26.7804,336.02,0.55,0.43,2026-10-06,1210,N20,VIIRS,n,2.0NRT,301.04,12.25,D
-12.56607,27.11847,343.34,0.39,0.44,2026-10-06,1210,N20,VIIRS,n,2.0NRT,302.4,7.32,D
-12.56209,27.11769,335.97,0.39,0.44,2026-10-06,1210,N20,VIIRS,n,2.0NRT,299.09,2.77,D
-12.54148,21.90335,344.47,0.38,0.36,2026-10-06,1210,N20,VIIRS,n,2.0NRT,282.58,7.02,D
-12.52689,28.51868,335.84,0.47,0.48,2026-10-06,1210,N20,VIIRS,n,2.0NRT,296.91,12.46,D
-12.52611,28.52299,341.77,0.47,0.48,2026-10-06,1210,N20,VIIRS,n,2.0NRT,296.19,12.58,D
-12.52173,28.52219,333.03,0.47,0.48,2026-10-06,1210,N20,VIIRS,n,2.0NRT,294.38,4,D
-12.5046,33.09596,339.62,0.48,0.64,2026-10-06,1210,N20,VIIRS,n,2.0NRT,299.42,3.77,D
-12.49591,27.10935,350.72,0.39,0.44,2026-10-06,1210,N20,VIIRS,n,2.0NRT,309.11,37.77,D
-12.49475,31.19399,333.81,0.36,0.57,2026-10-06,1210,N20,VIIRS,n,2.0NRT,297.49,3.01,D
-12.49414,31.19721,335,0.36,0.57,2026-10-06,1210,N20,VIIRS,n,2.0NRT,295.81,3.01,D
-12.49078,31.18641,342.95,0.36,0.57,2026-10-06,1210,N20,VIIRS,n,2.0NRT,297.25,6.19,D
-12.48353,26.61457,333.23,0.54,0.42,2026-10-06,1210,N20,VIIRS,n,2.0NRT,297.32,5.38,D
-12.48305,28.56052,336.19,0.48,0.48,2026-10-06,1210,N20,VIIRS,n,2.0NRT,299.42,3.34,D
-12.47909,28.50648,342.78,0.47,0.48,2026-10-06,1210,N20,VIIRS,n,2.0NRT,299.87,8.97,D
-12.47832,28.51087,345.33,0.47,0.48,2026-10-06,1210,N20,VIIRS,n,2.0NRT,301.93,8.97,D
-12.47254,28.64698,344.98,0.48,0.48,2026-10-06,1210,N20,VIIRS,n,2.0NRT,298.21,7.94,D
-12.47204,28.64544,341.9,0.48,0.48,2026-10-06,1210,N20,VIIRS,n,2.0NRT,300.16,12.62,D
-12.47122,28.64989,343.16,0.48,0.48,2026-10-06,1210,N20,VIIRS,n,2.0NRT,296.46,9.75,D
-12.46811,28.64623,347.78,0.48,0.48,2026-10-06,1210,N20,VIIRS,n,2.0NRT,300.48,7.94,D
-12.46318,27.3001,337.59,0.4,0.44,2026-10-06,1210,N20,VIIRS,n,2.0NRT,304.57,5.51,D
-12.46149,28.42777,339.04,0.47,0.48,2026-10-06,1210,N20,VIIRS,n,2.0NRT,296.66,2.92,D
-12.46025,33.30359,343.73,0.49,0.65,2026-10-06,1210,N20,VIIRS,n,2.0NRT,305.21,8.46,D
-12.45762,33.30468,342.22,0.49,0.65,2026-10-06,1210,N20,VIIRS,n,2.0NRT,305.1,5.24,D
-12.45748,28.47556,340.5,0.47,0.48,2026-10-06,1210,N20,VIIRS,n,2.0NRT,298.16,14.96,D
-12.45673,33.30923,335.79,0.49,0.65,2026-10-06,1210,N20,VIIRS,n,2.0NRT,305,5.24,D
-12.45607,27.43913,336.89,0.41,0.45,2026-10-06,1210,N20,VIIRS,n,2.0NRT,305.25,4.93,D
-12.45576,26.91562,333.02,0.57,0.43,2026-10-06,1210,N20,VIIRS,n,2.0NRT,302.97,5.38,D
-12.45486,28.64382,334.35,0.48,0.48,2026-10-06,1210,N20,VIIRS,n,2.0NRT,299.93,4.73,D
-12.45267,26.91754,336.34,0.57,0.43,2026-10-06,1210,N20,VIIRS,n,2.0NRT,299.33,4.77,D
-12.45255,26.1039,339.81,0.51,0.41,2026-10-06,1210,N20,VIIRS,n,2.0NRT,296.57,9.06,D
-12.45232,28.47923,344.04,0.47,0.48,2026-10-06,1210,N20,VIIRS,n,2.0NRT,299.15,14.96,D
-12.4503,26.59862,336.8,0.54,0.42,2026-10-06,1210,N20,VIIRS,n,2.0NRT,298.59,7.05,D
-12.44949,28.46981,330.3,0.47,0.48,2026-10-06,1210,N20,VIIRS,n,2.0NRT,298.35,2,D
-12.44915,27.30886,334.99,0.4,0.44,2026-10-06,1210,N20,VIIRS,n,2.0NRT,302.96,2.52,D
-12.44589,26.53121,337.15,0.54,0.42,2026-10-06,1210,N20,VIIRS,n,2.0NRT,297.3,7.54,D
-12.44317,26.6638,330.78,0.55,0.43,2026-10-06,1210,N20,VIIRS,l,2.0NRT,301.85,6.05,D
-12.44204,26.53052,338.62,0.54,0.42,2026-10-06,1210,N20,VIIRS,n,2.0NRT,300.92,7.54,D
-12.43441,28.37844,331.39,0.47,0.47,2026-10-06,1210,N20,VIIRS,n,2.0NRT,301,2.49,D
-12.42735,28.29395,339.21,0.46,0.47,2026-10-06,1210,N20,VIIRS,n,2.0NRT,297.96,6.03,D
-12.42526,28.47908,344.15,0.47,0.48,2026-10-06,1210,N20,VIIRS,n,2.0NRT,298.58,6.3,D
-12.4209,28.47826,330.7,0.47,0.48,2026-10-06,1210,N20,VIIRS,n,2.0NRT,300.11,5.56,D
-12.4201,28.48265,342.24,0.47,0.48,2026-10-06,1210,N20,VIIRS,n,2.0NRT,300.29,5.56,D
-12.4141,26.10207,346.02,0.51,0.41,2026-10-06,1210,N20,VIIRS,n,2.0NRT,303.04,6.35,D
-12.40368,28.44877,331.78,0.47,0.48,2026-10-06,1210,N20,VIIRS,n,2.0NRT,298.35,4.32,D
-12.39578,27.15672,344.78,0.39,0.44,2026-10-06,1210,N20,VIIRS,n,2.0NRT,301.84,7.8,D
-12.39257,28.46023,330.38,0.47,0.48,2026-10-06,1210,N20,VIIRS,n,2.0NRT,298.62,3.36,D
-12.39222,28.46068,330.41,0.47,0.48,2026-10-06,1210,N20,VIIRS,n,2.0NRT,298.52,3.48,D
-12.3922,28.53666,336.46,0.48,0.48,2026-10-06,1210,N20,VIIRS,n,2.0NRT,296.5,4.23,D
-12.3908,26.87484,341.55,0.56,0.43,2026-10-06,1210,N20,VIIRS,n,2.0NRT,301.09,11.57,D
-12.38635,28.46847,341.9,0.47,0.48,2026-10-06,1210,N20,VIIRS,n,2.0NRT,297.31,7.81,D
-12.3849,25.92732,334.33,0.5,0.41,2026-10-06,1210,N20,VIIRS,l,2.0NRT,305.56,4.34,D
-12.38224,28.4673,351.28,0.47,0.48,2026-10-06,1210,N20,VIIRS,n,2.0NRT,298.64,14.09,D
-12.38196,28.46776,342.78,0.47,0.48,2026-10-06,1210,N20,VIIRS,n,2.0NRT,298.07,7.81,D
-12.38188,25.94554,339.94,0.5,0.41,2026-10-06,1210,N20,VIIRS,n,2.0NRT,308.87,9.16,D
-12.38159,26.52688,333.58,0.54,0.42,2026-10-06,1210,N20,VIIRS,l,2.0NRT,303.98,5.23,D
-12.37343,28.43936,347.96,0.47,0.48,2026-10-06,1210,N20,VIIRS,n,2.0NRT,300.99,14.29,D
-12.37307,27.43209,343.39,0.41,0.45,2026-10-06,1210,N20,VIIRS,n,2.0NRT,303.61,3.66,D
-12.37266,28.44376,355.31,0.47,0.48,2026-10-06,1210,N20,VIIRS,n,2.0NRT,302.52,23.79,D
-12.36826,33.72589,335.76,0.53,0.67,2026-10-06,1210,N20,VIIRS,n,2.0NRT,299.47,3.25,D
-12.36811,33.72356,338.85,0.53,0.67,2026-10-06,1210,N20,VIIRS,n,2.0NRT,299.67,1.87,D
-12.36315,28.37049,336.46,0.47,0.47,2026-10-06,1210,N20,VIIRS,l,2.0NRT,306.94,8.55,D
-12.36001,28.6185,354.3,0.48,0.48,2026-10-06,1210,N20,VIIRS,n,2.0NRT,300.24,10.84,D
-12.35918,28.61764,343.15,0.48,0.48,2026-10-06,1210,N20,VIIRS,n,2.0NRT,300.24,8.07,D
-12.34938,28.65293,334.03,0.49,0.48,2026-10-06,1210,N20,VIIRS,n,2.0NRT,297.67,3.05,D
-12.34829,28.652,341.25,0.49,0.48,2026-10-06,1210,N20,VIIRS,n,2.0NRT,298.66,4.73,D
-12.32856,26.92802,335.79,0.57,0.43,2026-10-06,1210,N20,VIIRS,n,2.0NRT,302.92,7.17,D
-12.32845,29.4733,331.6,0.55,0.51,2026-10-06,1210,N20,VIIRS,n,2.0NRT,298.38,4.96,D
-12.31334,26.90591,333.3,0.57,0.43,2026-10-06,1210,N20,VIIRS,n,2.0NRT,300.27,5.85,D
-12.31215,27.35202,342.97,0.4,0.44,2026-10-06,1210,N20,VIIRS,n,2.0NRT,305.46,11.81,D
-12.31087,28.53659,330.03,0.48,0.48,2026-10-06,1210,N20,VIIRS,l,2.0NRT,302.68,5.27,D
-12.30647,28.53579,349.73,0.48,0.48,2026-10-06,1210,N20,VIIRS,n,2.0NRT,300.69,5.27,D
-12.29204,27.96032,342.12,0.44,0.46,2026-10-06,1210,N20,VIIRS,n,2.0NRT,302.5,13.24,D
-12.29097,33.76041,333.96,0.53,0.67,2026-10-06,1210,N20,VIIRS,n,2.0NRT,301.1,4.1,D
-12.28325,26.25607,333.75,0.52,0.42,2026-10-06,1210,N20,VIIRS,n,2.0NRT,301.45,4.33,D
-12.282,28.31616,337.1,0.46,0.47,2026-10-06,1210,N20,VIIRS,n,2.0NRT,300.42,7,D
-12.27336,26.52477,332.77,0.54,0.42,2026-10-06,1210,N20,VIIRS,n,2.0NRT,300.4,5.6,D
-12.27242,28.64823,332.62,0.49,0.48,2026-10-06,1210,N20,VIIRS,n,2.0NRT,298.09,2.92,D
-12.27177,30.56964,367,0.33,0.55,2026-10-06,1210,N20,VIIRS,h,2.0NRT,296.11,6.97,D
-12.26328,33.77042,333.74,0.53,0.67,2026-10-06,1210,N20,VIIRS,n,2.0NRT,298.83,4.48,D
-12.2566,26.11505,338.42,0.51,0.41,2026-10-06,1210,N20,VIIRS,n,2.0NRT,304.91,8.61,D
-12.25634,26.117,340.91,0.51,0.41,2026-10-06,1210,N20,VIIRS,n,2.0NRT,305.58,6.76,D
-12.24304,33.14156,338.39,0.49,0.65,2026-10-06,1210,N20,VIIRS,n,2.0NRT,305.69,0.93,D
-12.23444,28.40696,336.92,0.47,0.48,2026-10-06,1210,N20,VIIRS,n,2.0NRT,301.17,1.74,D
-12.23366,28.41132,354.21,0.47,0.48,2026-10-06,1210,N20,VIIRS,n,2.0NRT,304.13,6.93,D
-12.23289,28.41566,338.63,0.47,0.48,2026-10-06,1210,N20,VIIRS,n,2.0NRT,301.13,6.93,D
-12.22945,32.9624,339.97,0.47,0.64,2026-10-06,1210,N20,VIIRS,n,2.0NRT,308.39,5.12,D
-12.22812,27.5886,340.26,0.42,0.45,2026-10-06,1210,N20,VIIRS,n,2.0NRT,303.27,3.48,D
-12.22398,27.58788,337.46,0.42,0.45,2026-10-06,1210,N20,VIIRS,n,2.0NRT,304.6,3.48,D
-12.2204,33.79934,330.21,0.54,0.68,2026-10-06,1210,N20,VIIRS,n,2.0NRT,297.55,2.93,D
-12.21916,25.14137,342.02,0.46,0.39,2026-10-06,1210,N20,VIIRS,n,2.0NRT,304.91,4.8,D
-12.21338,25.69601,333.35,0.49,0.4,2026-10-06,1210,N20,VIIRS,n,2.0NRT,299.65,3.52,D
-12.21207,25.69469,340.78,0.49,0.4,2026-10-06,1210,N20,VIIRS,n,2.0NRT,301.31,7.77,D
-12.20742,29.05562,351.32,0.52,0.5,2026-10-06,1210,N20,VIIRS,n,2.0NRT,306.12,123.07,D
-12.20494,26.85704,336.78,0.57,0.43,2026-10-06,1210,N20,VIIRS,n,2.0NRT,300.28,8.81,D
-12.2036,25.57166,342.35,0.48,0.4,2026-10-06,1210,N20,VIIRS,n,2.0NRT,307.31,7.31,D
-12.20018,26.98104,323.01,0.38,0.44,2026-10-06,1210,N20,VIIRS,l,2.0NRT,323.66,40.73,D
-12.19957,26.98459,344.34,0.38,0.44,2026-10-06,1210,N20,VIIRS,n,2.0NRT,304.38,48.16,D
-12.1962,26.9803,353.16,0.38,0.44,2026-10-06,1210,N20,VIIRS,n,2.0NRT,304.88,40.73,D
-12.1779,25.61267,336.59,0.48,0.4,2026-10-06,1210,N20,VIIRS,n,2.0NRT,304.48,5.01,D
-12.17422,25.61201,338.57,0.48,0.4,2026-10-06,1210,N20,VIIRS,n,2.0NRT,307.65,8.31,D
-12.17264,33.03167,341.52,0.48,0.65,2026-10-06,1210,N20,VIIRS,n,2.0NRT,309.53,4.96,D
-12.1693,33.03099,335.91,0.48,0.65,2026-10-06,1210,N20,VIIRS,l,2.0NRT,308.38,3.38,D
-12.16458,26.13025,342.27,0.52,0.41,2026-10-06,1210,N20,VIIRS,n,2.0NRT,303.72,5.16,D
-12.14935,23.07964,350.01,0.39,0.36,2026-10-06,1210,N20,VIIRS,n,2.0NRT,294.4,30.9,D
-12.146,23.0791,351.3,0.39,0.36,2026-10-06,1210,N20,VIIRS,n,2.0NRT,286.56,30.9,D
-12.14041,28.00452,338.13,0.45,0.47,2026-10-06,1210,N20,VIIRS,n,2.0NRT,299.64,2.15,D
-12.13798,27.9995,338.94,0.45,0.47,2026-10-06,1210,N20,VIIRS,n,2.0NRT,300.62,11.77,D
-12.13728,28.00358,353.02,0.45,0.47,2026-10-06,1210,N20,VIIRS,n,2.0NRT,305.31,13.77,D
-12.13658,28.00761,343.02,0.45,0.47,2026-10-06,1210,N20,VIIRS,n,2.0NRT,301.43,13.77,D
-12.13517,27.99046,336.93,0.45,0.47,2026-10-06,1210,N20,VIIRS,n,2.0NRT,305.73,6.58,D
-12.13483,26.14447,332.26,0.52,0.41,2026-10-06,1210,N20,VIIRS,l,2.0NRT,303.61,3.67,D
-12.12943,27.4839,333.43,0.41,0.45,2026-10-06,1210,N20,VIIRS,l,2.0NRT,306.91,4.62,D
-12.12009,25.70813,353.53,0.49,0.4,2026-10-06,1210,N20,VIIRS,n,2.0NRT,309.4,11.11,D
-12.10911,26.37397,337.99,0.53,0.42,2026-10-06,1210,N20,VIIRS,n,2.0NRT,302.01,6.49,D
-12.10805,26.9316,334.68,0.38,0.43,2026-10-06,1210,N20,VIIRS,n,2.0NRT,300.31,2.72,D
-12.10783,26.14633,332.72,0.52,0.41,2026-10-06,1210,N20,VIIRS,l,2.0NRT,305.66,4.8,D
-12.10646,26.37666,331.85,0.53,0.42,2026-10-06,1210,N20,VIIRS,n,2.0NRT,300.83,5.17,D
-12.10407,26.93089,334.06,0.38,0.43,2026-10-06,1210,N20,VIIRS,n,2.0NRT,302.39,2.72,D
-12.09882,30.8278,333.06,0.34,0.56,2026-10-06,1210,N20,VIIRS,n,2.0NRT,299.96,2.47,D
-12.09292,26.02708,344.53,0.51,0.41,2026-10-06,1210,N20,VIIRS,n,2.0NRT,300.34,8.71,D
-12.09076,24.26372,339.63,0.42,0.38,2026-10-06,1210,N20,VIIRS,n,2.0NRT,293.88,5.47,D
-12.08502,26.39972,342.87,0.54,0.42,2026-10-06,1210,N20,VIIRS,n,2.0NRT,305.88,22.04,D
-12.07997,26.28871,345.98,0.53,0.42,2026-10-06,1210,N20,VIIRS,n,2.0NRT,303.07,8,D
-12.07993,28.10443,344.48,0.45,0.47,2026-10-06,1210,N20,VIIRS,n,2.0NRT,302.22,8.72,D
-12.07756,24.01681,344.76,0.42,0.37,2026-10-06,1210,N20,VIIRS,n,2.0NRT,301.68,6.05,D
-12.07732,26.39835,340.16,0.54,0.42,2026-10-06,1210,N20,VIIRS,n,2.0NRT,308.24,10.57,D
-12.07694,24.02061,335.9,0.42,0.37,2026-10-06,1210,N20,VIIRS,n,2.0NRT,301.25,6.05,D
-12.07128,24.25238,332.62,0.42,0.38,2026-10-06,1210,N20,VIIRS,n,2.0NRT,296.32,4,D
-12.06462,26.68695,344.47,0.56,0.43,2026-10-06,1210,N20,VIIRS,n,2.0NRT,301.7,23.85,D
-12.06145,25.70404,333.18,0.49,0.4,2026-10-06,1210,N20,VIIRS,n,2.0NRT,300.53,2.62,D
-12.06071,26.68622,347.31,0.56,0.43,2026-10-06,1210,N20,VIIRS,n,2.0NRT,298,12.23,D
-12.0607,25.70855,337.06,0.49,0.4,2026-10-06,1210,N20,VIIRS,n,2.0NRT,300.07,3.32,D
-12.05923,25.99741,331.99,0.51,0.41,2026-10-06,1210,N20,VIIRS,n,2.0NRT,300.12,2.29,D
-12.05919,26.22568,335.41,0.52,0.42,2026-10-06,1210,N20,VIIRS,n,2.0NRT,301.76,31.81,D
-12.05749,22.84088,343.69,0.39,0.36,2026-10-06,1210,N20,VIIRS,n,2.0NRT,300.74,8.98,D
-12.04752,22.81737,341.73,0.39,0.36,2026-10-06,1210,N20,VIIRS,n,2.0NRT,297.82,3.13,D
-12.04636,24.03897,343.37,0.42,0.37,2026-10-06,1210,N20,VIIRS,n,2.0NRT,302.51,7.24,D
-12.0442,22.81683,336.86,0.39,0.36,2026-10-06,1210,N20,VIIRS,n,2.0NRT,299.39,3.13,D
-12.03122,23.22683,346.96,0.4,0.37,2026-10-06,1210,N20,VIIRS,n,2.0NRT,306.13,7.59,D
-12.03034,26.05245,345.86,0.51,0.41,2026-10-06,1210,N20,VIIRS,n,2.0NRT,303.57,8.47,D
-12.02903,23.99307,335.91,0.42,0.37,2026-10-06,1210,N20,VIIRS,n,2.0NRT,301.86,68.39,D
-12.02786,23.22628,346.77,0.4,0.37,2026-10-06,1210,N20,VIIRS,n,2.0NRT,304.32,7.59,D
-12.02391,26.29391,331.81,0.53,0.42,2026-10-06,1210,N20,VIIRS,l,2.0NRT,302.37,3.33,D
-12.01685,28.1236,340.96,0.46,0.47,2026-10-06,1210,N20,VIIRS,n,2.0NRT,300.34,8.16,D
-12.01454,28.12296,343.3,0.46,0.47,2026-10-06,1210,N20,VIIRS,n,2.0NRT,301.87,10.84,D
-12.01255,28.12279,341.46,0.46,0.47,2026-10-06,1210,N20,VIIRS,n,2.0NRT,300.24,3.99,D
-12.00211,25.85229,338.75,0.5,0.41,2026-10-06,1210,N20,VIIRS,n,2.0NRT,303.9,5.5,D
-11.99859,27.20758,341.39,0.4,0.44,2026-10-06,1210,N20,VIIRS,n,2.0NRT,298.58,2.07,D
-11.98986,25.75718,335.31,0.5,0.41,2026-10-06,1210,N20,VIIRS,l,2.0NRT,305.37,7.99,D
-11.98755,23.61349,330.91,0.41,0.37,2026-10-06,1210,N20,VIIRS,n,2.0NRT,302.76,2.89,D
-11.97733,25.64825,338.05,0.49,0.4,2026-10-06,1210,N20,VIIRS,n,2.0NRT,301.68,3.49,D
-11.9749,26.08136,332.1,0.52,0.41,2026-10-06,1210,N20,VIIRS,n,2.0NRT,302.09,2.16,D
-11.97324,31.54145,339.96,0.38,0.59,2026-10-06,1210,N20,VIIRS,n,2.0NRT,303.4,6.16,D
-11.96982,31.58839,331.68,0.39,0.59,2026-10-06,1210,N20,VIIRS,n,2.0NRT,296.92,3.67,D
-11.96965,23.16817,332.45,0.4,0.37,2026-10-06,1210,N20,VIIRS,n,2.0NRT,300.22,4.67,D
-11.96645,27.66105,343.45,0.43,0.46,2026-10-06,1210,N20,VIIRS,n,2.0NRT,303.36,5.06,D
-11.96295,27.65644,349.98,0.43,0.46,2026-10-06,1210,N20,VIIRS,n,2.0NRT,305.72,12.03,D
-11.96263,25.3299,334.81,0.47,0.4,2026-10-06,1210,N20,VIIRS,n,2.0NRT,301.4,4.2,D
-11.96228,27.66027,333.26,0.43,0.46,2026-10-06,1210,N20,VIIRS,l,2.0NRT,304.91,5.06,D
-11.96182,23.17432,346.18,0.4,0.37,2026-10-06,1210,N20,VIIRS,n,2.0NRT,306.08,10.6,D
-11.96157,32.71075,336.14,0.46,0.64,2026-10-06,1210,N20,VIIRS,l,2.0NRT,307.52,3.84,D
-11.95955,31.58342,351.73,0.39,0.59,2026-10-06,1210,N20,VIIRS,n,2.0NRT,296.12,9.26,D
-11.95564,30.13176,341.06,0.62,0.54,2026-10-06,1210,N20,VIIRS,n,2.0NRT,296.37,10.06,D
-11.95176,30.12517,339.7,0.62,0.54,2026-10-06,1210,N20,VIIRS,n,2.0NRT,297.03,7.53,D
-11.95136,24.16877,332.97,0.42,0.38,2026-10-06,1210,N20,VIIRS,n,2.0NRT,299.9,9.86,D
-11.94045,27.18161,333.2,0.4,0.44,2026-10-06,1210,N20,VIIRS,n,2.0NRT,303.02,3.75,D
-11.94038,24.17094,331.35,0.42,0.38,2026-10-06,1210,N20,VIIRS,n,2.0NRT,300.82,40.39,D
-11.93968,23.07459,346.43,0.39,0.36,2026-10-06,1210,N20,VIIRS,n,2.0NRT,303.76,5.3,D
-11.93634,23.07406,342.1,0.39,0.36,2026-10-06,1210,N20,VIIRS,n,2.0NRT,302.24,5.3,D
-11.93348,24.02068,331.76,0.42,0.37,2026-10-06,1210,N20,VIIRS,n,2.0NRT,298.5,10.44,D
-11.92884,24.02769,332.56,0.42,0.37,2026-10-06,1210,N20,VIIRS,n,2.0NRT,299.18,5.43,D
-11.92771,25.28969,338.14,0.47,0.4,2026-10-06,1210,N20,VIIRS,n,2.0NRT,295.25,7.14,D
-11.92713,31.04583,335.7,0.36,0.57,2026-10-06,1210,N20,VIIRS,n,2.0NRT,295.15,1.89,D
-11.92683,24.23231,337.28,0.42,0.38,2026-10-06,1210,N20,VIIRS,n,2.0NRT,297.55,2.22,D
-11.92601,24.02333,331.92,0.42,0.37,2026-10-06,1210,N20,VIIRS,n,2.0NRT,298.52,3.58,D
-11.9254,24.02714,333.2,0.42,0.37,2026-10-06,1210,N20,VIIRS,n,2.0NRT,299.59,3.58,D
-11.91851,31.64987,345.53,0.39,0.59,2026-10-06,1210,N20,VIIRS,n,2.0NRT,295.94,3.91,D
-11.91748,31.64946,367,0.39,0.59,2026-10-06,1210,N20,VIIRS,h,2.0NRT,298.45,8.69,D
-11.91307,31.64884,330.39,0.39,0.59,2026-10-06,1210,N20,VIIRS,n,2.0NRT,296.01,1.97,D
-11.91217,26.11011,331.67,0.52,0.41,2026-10-06,1210,N20,VIIRS,n,2.0NRT,302.02,3.85,D
-11.90509,27.61838,331.99,0.42,0.46,2026-10-06,1210,N20,VIIRS,l,2.0NRT,304.32,4.84,D
-11.90471,27.43934,335.48,0.41,0.45,2026-10-06,1210,N20,VIIRS,n,2.0NRT,302.77,5.52,D
-11.90025,33.24004,367,0.5,0.66,2026-10-06,1210,N20,VIIRS,h,2.0NRT,303.45,10.08,D
-11.88719,23.10306,333.43,0.39,0.37,2026-10-06,1210,N20,VIIRS,n,2.0NRT,303.24,3.68,D
-11.8805,23.10198,337.62,0.39,0.37,2026-10-06,1210,N20,VIIRS,n,2.0NRT,304.24,7.07,D
-11.87818,27.22723,336.62,0.4,0.44,2026-10-06,1210,N20,VIIRS,n,2.0NRT,299.26,4.66,D
-11.87753,27.23092,341.86,0.4,0.44,2026-10-06,1210,N20,VIIRS,n,2.0NRT,302.12,5.22,D
-11.8729,22.87195,335.23,0.39,0.36,2026-10-06,1210,N20,VIIRS,l,2.0NRT,305.94,3.34,D
-11.87235,22.85354,337.3,0.39,0.36,2026-10-06,1210,N20,VIIRS,n,2.0NRT,304.59,2.97,D
-11.86013,22.86622,335.75,0.39,0.36,2026-10-06,1210,N20,VIIRS,l,2.0NRT,306.43,2.53,D
-11.85957,22.86979,336.27,0.39,0.36,2026-10-06,1210,N20,VIIRS,l,2.0NRT,306.78,2.53,D
-11.8507,22.86103,334.09,0.39,0.36,2026-10-06,1210,N20,VIIRS,l,2.0NRT,304.87,4.25,D
-11.8428,25.35063,333.19,0.47,0.4,2026-10-06,1210,N20,VIIRS,l,2.0NRT,303.69,4.83,D
-11.84276,22.99919,330.59,0.39,0.36,2026-10-06,1210,N20,VIIRS,l,2.0NRT,300.79,11.28,D
-11.83892,32.97095,339.75,0.48,0.65,2026-10-06,1210,N20,VIIRS,n,2.0NRT,306.45,3.86,D
-11.83345,32.56907,349.29,0.45,0.63,2026-10-06,1210,N20,VIIRS,n,2.0NRT,305.69,4.98,D
-11.83293,32.57141,348.28,0.45,0.63,2026-10-06,1210,N20,VIIRS,n,2.0NRT,304.67,4.67,D
-11.82548,32.48646,347.28,0.45,0.63,2026-10-06,1210,N20,VIIRS,n,2.0NRT,303.65,5.16,D
-11.82236,33.57001,338.33,0.53,0.67,2026-10-06,1210,N20,VIIRS,n,2.0NRT,302.54,8.06,D
-11.82066,24.5017,337.26,0.44,0.38,2026-10-06,1210,N20,VIIRS,n,2.0NRT,304.56,8.5,D
-11.81358,26.8794,339.02,0.38,0.43,2026-10-06,1210,N20,VIIRS,n,2.0NRT,296.47,5.13,D
-11.80767,33.26495,338.77,0.5,0.66,2026-10-06,1210,N20,VIIRS,n,2.0NRT,304.84,5.2,D
-11.8074,26.54421,335.98,0.55,0.43,2026-10-06,1210,N20,VIIRS,n,2.0NRT,300.48,4.9,D
-11.8068,33.26208,338.83,0.5,0.66,2026-10-06,1210,N20,VIIRS,n,2.0NRT,304.89,3.56,D
-11.80348,23.11831,336.73,0.4,0.37,2026-10-06,1210,N20,VIIRS,n,2.0NRT,301.37,2.46,D
-11.78836,24.92482,331.98,0.45,0.39,2026-10-06,1210,N20,VIIRS,l,2.0NRT,305.77,3.29,D
-11.78679,26.36157,348.85,0.54,0.42,2026-10-06,1210,N20,VIIRS,n,2.0NRT,303.35,13.77,D
-11.78594,26.36648,335.38,0.54,0.42,2026-10-06,1210,N20,VIIRS,n,2.0NRT,302.34,6.09,D
-11.78492,26.36369,350.71,0.54,0.42,2026-10-06,1210,N20,VIIRS,n,2.0NRT,304.02,19.66,D
-11.78293,26.3609,334.6,0.54,0.42,2026-10-06,1210,N20,VIIRS,n,2.0NRT,300.65,2.9,D
-11.78168,27.47336,341.93,0.42,0.45,2026-10-06,1210,N20,VIIRS,n,2.0NRT,302.79,7.23,D
-11.781,31.94636,333.95,0.41,0.61,2026-10-06,1210,N20,VIIRS,n,2.0NRT,301.54,5.53,D
-11.78029,31.95,337.23,0.41,0.61,2026-10-06,1210,N20,VIIRS,n,2.0NRT,301.55,5.33,D
-11.77383,28.55359,342.42,0.49,0.49,2026-10-06,1210,N20,VIIRS,n,2.0NRT,298.18,5.57,D
-11.76705,31.75459,343.46,0.4,0.6,2026-10-06,1210,N20,VIIRS,n,2.0NRT,293.03,7.16,D
-11.76705,33.17833,335.25,0.5,0.66,2026-10-06,1210,N20,VIIRS,n,2.0NRT,305.16,3.04,D
-11.76227,27.90903,331.15,0.45,0.47,2026-10-06,1210,N20,VIIRS,l,2.0NRT,301.64,3.45,D
-11.76224,31.78,345.14,0.4,0.6,2026-10-06,1210,N20,VIIRS,n,2.0NRT,293.69,19.78,D
-11.76182,24.90764,333.01,0.45,0.39,2026-10-06,1210,N20,VIIRS,l,2.0NRT,305.2,3.94,D
-11.76167,31.78116,354.83,0.4,0.6,2026-10-06,1210,N20,VIIRS,n,2.0NRT,295.56,13.51,D
-11.76154,31.7837,367,0.4,0.6,2026-10-06,1210,N20,VIIRS,h,2.0NRT,297.39,33.31,D
-11.76094,31.78487,367,0.4,0.6,2026-10-06,1210,N20,VIIRS,h,2.0NRT,293.74,15.26,D
-11.75751,31.92635,341.91,0.41,0.61,2026-10-06,1210,N20,VIIRS,n,2.0NRT,304.38,6.74,D
-11.75676,31.77883,350.69,0.4,0.6,2026-10-06,1210,N20,VIIRS,n,2.0NRT,299.04,19.78,D
-11.75606,31.78249,367,0.4,0.6,2026-10-06,1210,N20,VIIRS,h,2.0NRT,304.1,33.31,D
-11.75593,31.92712,340.48,0.41,0.61,2026-10-06,1210,N20,VIIRS,n,2.0NRT,304.21,5.81,D
-11.75536,31.7862,367,0.4,0.6,2026-10-06,1210,N20,VIIRS,h,2.0NRT,302.52,33.31,D
-11.75503,24.63829,335.86,0.44,0.38,2026-10-06,1210,N20,VIIRS,n,2.0NRT,301.02,5.02,D
-11.75437,24.64227,332.7,0.44,0.38,2026-10-06,1210,N20,VIIRS,n,2.0NRT,301.22,5.02,D
-11.75372,24.64626,338.77,0.44,0.39,2026-10-06,1210,N20,VIIRS,n,2.0NRT,305.37,5.7,D
-11.75262,31.92179,342.11,0.41,0.61,2026-10-06,1210,N20,VIIRS,n,2.0NRT,304.59,6.74,D
-11.75192,31.92548,367,0.41,0.61,2026-10-06,1210,N20,VIIRS,h,2.0NRT,306.55,6.74,D
-11.7515,24.6377,343.52,0.44,0.38,2026-10-06,1210,N20,VIIRS,n,2.0NRT,301.65,5.02,D
-11.75122,31.92919,339.89,0.41,0.61,2026-10-06,1210,N20,VIIRS,n,2.0NRT,303.98,6.75,D
-11.75105,31.92262,348.53,0.41,0.61,2026-10-06,1210,N20,VIIRS,n,2.0NRT,305.41,8.17,D
-11.75051,31.93295,330.07,0.41,0.61,2026-10-06,1210,N20,VIIRS,l,2.0NRT,303.6,6.75,D
-11.75032,31.9263,367,0.41,0.61,2026-10-06,1210,N20,VIIRS,h,2.0NRT,306.34,8.17,D
-11.7498,31.93671,334.02,0.41,0.61,2026-10-06,1210,N20,VIIRS,n,2.0NRT,301.32,4.76,D
-11.7496,31.93001,336.55,0.41,0.61,2026-10-06,1210,N20,VIIRS,n,2.0NRT,303.97,4.68,D
-11.74904,31.9713,342.9,0.42,0.61,2026-10-06,1210,N20,VIIRS,n,2.0NRT,303.04,4.07,D
-11.74886,31.93376,335.83,0.41,0.61,2026-10-06,1210,N20,VIIRS,n,2.0NRT,303.74,4.68,D
-11.74714,31.97195,334.4,0.41,0.61,2026-10-06,1210,N20,VIIRS,n,2.0NRT,303.56,4.11,D
-11.74632,31.92467,335.55,0.41,0.61,2026-10-06,1210,N20,VIIRS,n,2.0NRT,300.99,2.19,D
-11.74035,24.54954,335.95,0.44,0.38,2026-10-06,1210,N20,VIIRS,n,2.0NRT,304.76,3.35,D
-11.73962,23.0521,336.78,0.39,0.37,2026-10-06,1210,N20,VIIRS,n,2.0NRT,305.42,3.07,D
-11.73892,31.95495,337.82,0.41,0.61,2026-10-06,1210,N20,VIIRS,n,2.0NRT,301.14,2.84,D
-11.7382,31.95861,335.19,0.41,0.61,2026-10-06,1210,N20,VIIRS,n,2.0NRT,301.44,3.88,D
-11.73684,23.04795,340.93,0.39,0.37,2026-10-06,1210,N20,VIIRS,n,2.0NRT,307.11,5.78,D
-11.73628,23.05155,341.43,0.39,0.37,2026-10-06,1210,N20,VIIRS,n,2.0NRT,306.11,3.07,D
-11.73515,23.05876,331.46,0.39,0.37,2026-10-06,1210,N20,VIIRS,l,2.0NRT,303.81,2.06,D
-11.73514,31.95322,352.26,0.41,0.61,2026-10-06,1210,N20,VIIRS,n,2.0NRT,301.72,8.06,D
-11.73445,31.95691,333.03,0.41,0.61,2026-10-06,1210,N20,VIIRS,n,2.0NRT,302.69,8.8,D
-11.73334,31.95395,343.96,0.41,0.61,2026-10-06,1210,N20,VIIRS,n,2.0NRT,301.51,5.98,D
-11.73189,31.96131,336.94,0.41,0.61,2026-10-06,1210,N20,VIIRS,n,2.0NRT,301.34,9.59,D
-11.73027,31.94852,337.85,0.41,0.61,2026-10-06,1210,N20,VIIRS,n,2.0NRT,299.5,7.12,D
-11.72957,31.95222,367,0.41,0.61,2026-10-06,1210,N20,VIIRS,h,2.0NRT,303.85,7.12,D
-11.7285,31.94925,338.55,0.41,0.61,2026-10-06,1210,N20,VIIRS,n,2.0NRT,300.56,5.98,D
-11.72816,31.9596,334.76,0.41,0.61,2026-10-06,1210,N20,VIIRS,n,2.0NRT,300.63,7.82,D
-11.72777,31.95294,367,0.41,0.61,2026-10-06,1210,N20,VIIRS,h,2.0NRT,303.1,5.98,D
-11.72455,23.06073,349.98,0.39,0.37,2026-10-06,1210,N20,VIIRS,n,2.0NRT,309.58,14.45,D
-11.72425,22.90977,338.38,0.39,0.36,2026-10-06,1210,N20,VIIRS,n,2.0NRT,305.33,5.64,D
-11.72398,23.06433,350.6,0.39,0.37,2026-10-06,1210,N20,VIIRS,n,2.0NRT,304.73,4.86,D
-11.72064,23.06379,338.1,0.39,0.37,2026-10-06,1210,N20,VIIRS,n,2.0NRT,304.73,4.86,D
-11.71356,33.15623,367,0.5,0.66,2026-10-06,1210,N20,VIIRS,h,2.0NRT,304.48,7.58,D
-11.70901,22.24299,367,0.39,0.36,2026-10-06,1210,N20,VIIRS,h,2.0NRT,302.77,8.08,D
-11.7089,33.15727,346.89,0.5,0.66,2026-10-06,1210,N20,VIIRS,n,2.0NRT,303.55,8.58,D
-11.70579,33.16409,338.28,0.5,0.66,2026-10-06,1210,N20,VIIRS,n,2.0NRT,303.51,8.01,D
-11.70199,33.16053,330.66,0.5,0.66,2026-10-06,1210,N20,VIIRS,l,2.0NRT,303.24,4.92,D
-11.70107,33.16511,343.77,0.5,0.66,2026-10-06,1210,N20,VIIRS,n,2.0NRT,304.87,4.92,D
-11.70013,33.1697,336.85,0.5,0.66,2026-10-06,1210,N20,VIIRS,n,2.0NRT,303.52,4.7,D
-11.69892,33.16736,343.05,0.5,0.66,2026-10-06,1210,N20,VIIRS,n,2.0NRT,304.21,5.48,D
-11.69678,22.45385,352.86,0.39,0.36,2026-10-06,1210,N20,VIIRS,n,2.0NRT,317.58,12.08,D
-11.694,28.44433,343.6,0.48,0.48,2026-10-06,1210,N20,VIIRS,n,2.0NRT,299.98,13.16,D
-11.69346,22.45332,348.86,0.39,0.36,2026-10-06,1210,N20,VIIRS,n,2.0NRT,307.12,12.08,D
-11.69228,31.87637,367,0.41,0.61,2026-10-06,1210,N20,VIIRS,h,2.0NRT,302.34,7.72,D
-11.69155,31.88009,354.53,0.41,0.61,2026-10-06,1210,N20,VIIRS,n,2.0NRT,304.88,7.72,D
-11.6911,23.22968,332.19,0.4,0.37,2026-10-06,1210,N20,VIIRS,l,2.0NRT,304.62,3.9,D
-11.69053,23.23332,355.15,0.4,0.37,2026-10-06,1210,N20,VIIRS,n,2.0NRT,305.79,3.9,D
-11.68775,23.22914,335.81,0.4,0.37,2026-10-06,1210,N20,VIIRS,n,2.0NRT,305.1,3.9,D
-11.68746,31.87157,344.28,0.41,0.61,2026-10-06,1210,N20,VIIRS,n,2.0NRT,297.68,8.9,D
-11.6871,28.01946,341.43,0.45,0.47,2026-10-06,1210,N20,VIIRS,n,2.0NRT,298.9,21.25,D
-11.68676,31.87519,367,0.41,0.61,2026-10-06,1210,N20,VIIRS,h,2.0NRT,304.95,9.72,D
-11.68604,31.87886,339.65,0.41,0.61,2026-10-06,1210,N20,VIIRS,n,2.0NRT,300.83,9.72,D
-11.68527,26.50483,335.35,0.55,0.43,2026-10-06,1210,N20,VIIRS,n,2.0NRT,301.95,5,D
-11.68352,22.45173,349.16,0.39,0.36,2026-10-06,1210,N20,VIIRS,n,2.0NRT,306.43,7.83,D
-11.68294,31.95449,334.01,0.42,0.61,2026-10-06,1210,N20,VIIRS,n,2.0NRT,302.98,2.78,D
-11.6828,28.01871,341.38,0.45,0.47,2026-10-06,1210,N20,VIIRS,n,2.0NRT,298.83,21.25,D
-11.67751,33.56317,354.23,0.53,0.67,2026-10-06,1210,N20,VIIRS,n,2.0NRT,301.39,6.7,D
-11.67321,27.0134,349.95,0.39,0.44,2026-10-06,1210,N20,VIIRS,n,2.0NRT,303.22,6.99,D
-11.67168,26.32049,331.1,0.54,0.42,2026-10-06,1210,N20,VIIRS,n,2.0NRT,300.66,1.83,D
-11.66864,26.31489,330.47,0.54,0.42,2026-10-06,1210,N20,VIIRS,l,2.0NRT,300.54,2.79,D
-11.66813,28.9053,342.28,0.52,0.5,2026-10-06,1210,N20,VIIRS,n,2.0NRT,293.3,4.07,D
-11.66631,31.80341,348.12,0.41,0.6,2026-10-06,1210,N20,VIIRS,n,2.0NRT,294.27,9.51,D
-11.66577,27.0085,339.31,0.39,0.44,2026-10-06,1210,N20,VIIRS,n,2.0NRT,302.32,3.95,D
-11.6656,31.80702,356.65,0.41,0.6,2026-10-06,1210,N20,VIIRS,l,2.0NRT,286.06,9.51,D
-11.66489,27.00804,351.95,0.39,0.44,2026-10-06,1210,N20,VIIRS,n,2.0NRT,304.4,6.53,D
-11.66358,31.75987,338.37,0.4,0.6,2026-10-06,1210,N20,VIIRS,n,2.0NRT,299.71,5.11,D
-11.65625,28.01846,347.88,0.45,0.47,2026-10-06,1210,N20,VIIRS,n,2.0NRT,298.1,13.44,D
-11.65196,28.01769,349.07,0.45,0.47,2026-10-06,1210,N20,VIIRS,n,2.0NRT,299.26,8.84,D
-11.65034,31.50248,367,0.39,0.59,2026-10-06,1210,N20,VIIRS,h,2.0NRT,300.26,10.62,D
-11.65023,24.72516,331.2,0.45,0.39,2026-10-06,1210,N20,VIIRS,l,2.0NRT,303.82,4.51,D
-11.6456,23.25587,337.43,0.4,0.37,2026-10-06,1210,N20,VIIRS,n,2.0NRT,306.67,4.59,D
-11.63996,23.21392,336.05,0.4,0.37,2026-10-06,1210,N20,VIIRS,n,2.0NRT,306.7,2.99,D
-11.6366,23.21338,342.78,0.4,0.37,2026-10-06,1210,N20,VIIRS,n,2.0NRT,301.39,2.99,D
-11.63315,28.81145,342.3,0.51,0.5,2026-10-06,1210,N20,VIIRS,n,2.0NRT,284.69,7.68,D
-11.62727,24.62146,336.64,0.44,0.39,2026-10-06,1210,N20,VIIRS,n,2.0NRT,304.16,3.76,D
-11.62371,31.90986,334.64,0.41,0.61,2026-10-06,1210,N20,VIIRS,n,2.0NRT,302.81,1.3,D
-11.61629,28.90557,341.44,0.52,0.5,2026-10-06,1210,N20,VIIRS,n,2.0NRT,296.59,8.17,D
-11.61118,23.28762,345.2,0.4,0.37,2026-10-06,1210,N20,VIIRS,n,2.0NRT,301.35,5.73,D
-11.61034,31.79936,345.08,0.41,0.6,2026-10-06,1210,N20,VIIRS,n,2.0NRT,302.99,7.28,D
-11.60993,28.99383,334.72,0.53,0.5,2026-10-06,1210,N20,VIIRS,n,2.0NRT,294.61,3.99,D
-11.60985,24.81507,346.13,0.45,0.39,2026-10-06,1210,N20,VIIRS,n,2.0NRT,306.54,5.54,D
-11.60771,27.77677,341,0.44,0.46,2026-10-06,1210,N20,VIIRS,n,2.0NRT,300.82,10.99,D
-11.60558,31.79436,350.53,0.41,0.6,2026-10-06,1210,N20,VIIRS,n,2.0NRT,304,5.41,D
-11.59792,23.51129,332.69,0.4,0.37,2026-10-06,1210,N20,VIIRS,n,2.0NRT,302.52,3.17,D
-11.59453,23.51074,337.53,0.4,0.37,2026-10-06,1210,N20,VIIRS,n,2.0NRT,305.04,3.17,D
-11.59429,26.0612,335.02,0.52,0.42,2026-10-06,1210,N20,VIIRS,n,2.0NRT,301.46,5.45,D
-11.5929,31.83045,330.06,0.41,0.61,2026-10-06,1210,N20,VIIRS,l,2.0NRT,301.73,2.91,D
-11.59272,23.27335,340.52,0.4,0.37,2026-10-06,1210,N20,VIIRS,n,2.0NRT,298.35,4.86,D
-11.59032,33.7513,336.11,0.55,0.68,2026-10-06,1210,N20,VIIRS,n,2.0NRT,299.98,4.78,D
-11.5895,23.22808,338.03,0.4,0.37,2026-10-06,1210,N20,VIIRS,n,2.0NRT,303.15,3.95,D
-11.58761,33.75219,341.58,0.55,0.68,2026-10-06,1210,N20,VIIRS,n,2.0NRT,300.28,6.83,D
-11.58744,31.82899,338.39,0.41,0.61,2026-10-06,1210,N20,VIIRS,n,2.0NRT,300.65,2.53,D
-11.58498,28.97452,338.21,0.53,0.5,2026-10-06,1210,N20,VIIRS,n,2.0NRT,298.5,5.51,D
-11.58373,32.71389,338.58,0.47,0.64,2026-10-06,1210,N20,VIIRS,n,2.0NRT,307.01,5.52,D
-11.5799,32.01796,332.99,0.42,0.61,2026-10-06,1210,N20,VIIRS,n,2.0NRT,302.15,5.25,D
-11.57506,32.01295,367,0.42,0.61,2026-10-06,1210,N20,VIIRS,h,2.0NRT,304.4,6.86,D
-11.57432,32.01678,336.71,0.42,0.61,2026-10-06,1210,N20,VIIRS,n,2.0NRT,301.98,6.86,D
-11.57245,33.23007,347.42,0.51,0.66,2026-10-06,1210,N20,VIIRS,n,2.0NRT,301.99,6.96,D
-11.5723,22.11609,338.05,0.38,0.36,2026-10-06,1210,N20,VIIRS,n,2.0NRT,306.46,3.78,D
-11.57215,26.84155,340.58,0.39,0.44,2026-10-06,1210,N20,VIIRS,n,2.0NRT,299.66,3.02,D
-11.5639,32.01054,334.24,0.42,0.61,2026-10-06,1210,N20,VIIRS,n,2.0NRT,302.88,4.2,D
-11.56386,30.8199,367,0.35,0.57,2026-10-06,1210,N20,VIIRS,h,2.0NRT,300.75,11.44,D
-11.56377,26.39337,336.43,0.54,0.42,2026-10-06,1210,N20,VIIRS,n,2.0NRT,305.24,10.2,D
-11.56327,30.82305,367,0.35,0.57,2026-10-06,1210,N20,VIIRS,h,2.0NRT,306.88,31.22,D
-11.5629,26.39839,347.77,0.54,0.42,2026-10-06,1210,N20,VIIRS,n,2.0NRT,307.01,10.2,D
-11.56242,26.39573,339.61,0.55,0.42,2026-10-06,1210,N20,VIIRS,n,2.0NRT,304.36,5.78,D
-11.56239,23.61969,334.5,0.41,0.37,2026-10-06,1210,N20,VIIRS,n,2.0NRT,299.46,3.81,D
-11.56206,28.1661,347.3,0.47,0.48,2026-10-06,1210,N20,VIIRS,n,2.0NRT,304.2,52.51,D
-11.56168,26.13907,334.42,0.53,0.42,2026-10-06,1210,N20,VIIRS,n,2.0NRT,302.96,1.98,D
-11.56159,26.40075,339.5,0.55,0.42,2026-10-06,1210,N20,VIIRS,n,2.0NRT,306.09,5.78,D
-11.56132,28.17037,338.01,0.47,0.48,2026-10-06,1210,N20,VIIRS,n,2.0NRT,289.41,16.67,D
-11.55909,28.18318,341.09,0.47,0.48,2026-10-06,1210,N20,VIIRS,n,2.0NRT,297.24,23.94,D
-11.55866,30.819,338.78,0.35,0.57,2026-10-06,1210,N20,VIIRS,n,2.0NRT,294.84,11.44,D
-11.55856,22.86407,336.72,0.39,0.36,2026-10-06,1210,N20,VIIRS,n,2.0NRT,302.71,9.81,D
-11.55771,28.16533,344.31,0.47,0.48,2026-10-06,1210,N20,VIIRS,n,2.0NRT,297.09,52.51,D
-11.55697,28.16959,352.16,0.47,0.48,2026-10-06,1210,N20,VIIRS,n,2.0NRT,294.71,16.67,D
-11.55578,22.85995,332.28,0.39,0.36,2026-10-06,1210,N20,VIIRS,n,2.0NRT,301.25,9.81,D
-11.55576,31.99262,367,0.42,0.61,2026-10-06,1210,N20,VIIRS,h,2.0NRT,307.25,9.39,D
-11.55523,22.86352,345.12,0.39,0.36,2026-10-06,1210,N20,VIIRS,n,2.0NRT,302.03,9.81,D
-11.55502,31.9964,341.43,0.42,0.61,2026-10-06,1210,N20,VIIRS,n,2.0NRT,301.71,9.39,D
-11.55262,28.1688,354.6,0.47,0.48,2026-10-06,1210,N20,VIIRS,n,2.0NRT,291.23,9.79,D
-11.5509,31.98771,337.5,0.42,0.61,2026-10-06,1210,N20,VIIRS,n,2.0NRT,304.18,11.83,D
-11.55019,31.9914,331.69,0.42,0.61,2026-10-06,1210,N20,VIIRS,n,2.0NRT,302.6,9.39,D
-11.54946,31.99513,367,0.42,0.61,2026-10-06,1210,N20,VIIRS,h,2.0NRT,303.25,9.39,D
-11.54759,26.55661,340.48,0.56,0.43,2026-10-06,1210,N20,VIIRS,n,2.0NRT,291.9,11.24,D
-11.54724,28.94778,334.49,0.53,0.5,2026-10-06,1210,N20,VIIRS,n,2.0NRT,295.88,2.81,D
-11.5469,27.52581,338.59,0.43,0.46,2026-10-06,1210,N20,VIIRS,n,2.0NRT,306.32,5.95,D
-11.54187,30.76624,335.22,0.35,0.57,2026-10-06,1210,N20,VIIRS,n,2.0NRT,294.48,2.07,D
-11.54122,30.76393,339.93,0.35,0.57,2026-10-06,1210,N20,VIIRS,n,2.0NRT,299.31,2.26,D
-11.5395,28.85932,333.78,0.52,0.5,2026-10-06,1210,N20,VIIRS,n,2.0NRT,299.15,3.61,D
-11.53857,23.52822,335.21,0.41,0.37,2026-10-06,1210,N20,VIIRS,n,2.0NRT,304.1,11.99,D
-11.53443,30.71364,330.19,0.35,0.56,2026-10-06,1210,N20,VIIRS,l,2.0NRT,302.17,1.24,D
-11.53342,29.02748,338.66,0.53,0.5,2026-10-06,1210,N20,VIIRS,n,2.0NRT,299.43,5.06,D
-11.53213,29.02988,336.62,0.53,0.5,2026-10-06,1210,N20,VIIRS,n,2.0NRT,298.78,3.81,D
-11.5279,31.93757,343.85,0.42,0.61,2026-10-06,1210,N20,VIIRS,n,2.0NRT,302.95,5.56,D
-11.52579,31.93826,345.83,0.42,0.61,2026-10-06,1210,N20,VIIRS,n,2.0NRT,302.72,5.58,D
-11.52402,22.93189,341.77,0.39,0.36,2026-10-06,1210,N20,VIIRS,n,2.0NRT,304.78,8.39,D
-11.52346,22.93547,346.2,0.39,0.36,2026-10-06,1210,N20,VIIRS,n,2.0NRT,305.11,10.29,D
-11.52086,33.52454,341.52,0.53,0.67,2026-10-06,1210,N20,VIIRS,n,2.0NRT,303.22,5.02,D
-11.52052,33.52203,341.82,0.53,0.67,2026-10-06,1210,N20,VIIRS,n,2.0NRT,302.82,6.26,D
-11.51555,31.85056,346.93,0.41,0.61,2026-10-06,1210,N20,VIIRS,n,2.0NRT,302.71,7.7,D
-11.514,22.93026,335.3,0.39,0.36,2026-10-06,1210,N20,VIIRS,n,2.0NRT,301.85,2.9,D
-11.51206,32.92524,337.71,0.48,0.65,2026-10-06,1210,N20,VIIRS,n,2.0NRT,304.8,3.17,D
-11.50961,31.88174,355.79,0.41,0.61,2026-10-06,1210,N20,VIIRS,n,2.0NRT,300.09,7.76,D
-11.50872,31.97771,337.03,0.42,0.61,2026-10-06,1210,N20,VIIRS,n,2.0NRT,301.18,5.47,D
-11.50861,32.0089,344.24,0.42,0.61,2026-10-06,1210,N20,VIIRS,n,2.0NRT,301.2,4.03,D
-11.50703,31.97461,347.71,0.42,0.61,2026-10-06,1210,N20,VIIRS,n,2.0NRT,301.91,4.22,D
-11.50632,31.97821,332.54,0.42,0.61,2026-10-06,1210,N20,VIIRS,n,2.0NRT,301.53,4.22,D
-11.50601,32.00927,342.56,0.42,0.61,2026-10-06,1210,N20,VIIRS,n,2.0NRT,300.99,4.01,D
-11.50558,32.02492,367,0.42,0.61,2026-10-06,1210,N20,VIIRS,h,2.0NRT,303.34,8.42,D
-11.50555,22.9841,331.61,0.39,0.36,2026-10-06,1210,N20,VIIRS,l,2.0NRT,306.55,2.85,D
-11.50452,31.96927,345.6,0.42,0.61,2026-10-06,1210,N20,VIIRS,n,2.0NRT,301.81,9.07,D
-11.50382,31.97293,339.42,0.42,0.61,2026-10-06,1210,N20,VIIRS,n,2.0NRT,299.64,5.47,D
-11.50366,32.02119,343.28,0.42,0.61,2026-10-06,1210,N20,VIIRS,n,2.0NRT,302.98,5.04,D
-11.50318,23.79453,332.7,0.41,0.37,2026-10-06,1210,N20,VIIRS,n,2.0NRT,301.26,7.86,D
-11.50286,32.02522,367,0.42,0.61,2026-10-06,1210,N20,VIIRS,h,2.0NRT,304.77,5.04,D
-11.50276,32.90982,341.71,0.48,0.65,2026-10-06,1210,N20,VIIRS,n,2.0NRT,306.23,4.75,D
-11.50189,32.91422,346.27,0.48,0.65,2026-10-06,1210,N20,VIIRS,n,2.0NRT,305.96,5.1,D
-11.50164,22.98716,336.16,0.39,0.36,2026-10-06,1210,N20,VIIRS,n,2.0NRT,304.91,2.85,D
-11.50102,32.91863,335.26,0.48,0.65,2026-10-06,1210,N20,VIIRS,l,2.0NRT,306.28,5.1,D
-11.50083,32.01928,343.43,0.42,0.61,2026-10-06,1210,N20,VIIRS,n,2.0NRT,302.7,5.39,D
-11.50051,22.99436,338.45,0.39,0.37,2026-10-06,1210,N20,VIIRS,n,2.0NRT,304.17,6.79,D
-11.50007,32.02328,344.94,0.42,0.61,2026-10-06,1210,N20,VIIRS,n,2.0NRT,302.17,5.39,D
-11.49875,25.61372,335.8,0.49,0.41,2026-10-06,1210,N20,VIIRS,n,2.0NRT,299.16,4.01,D
-11.49817,32.0195,331.49,0.42,0.61,2026-10-06,1210,N20,VIIRS,n,2.0NRT,301.09,5.04,D
-11.49739,32.02347,339.87,0.42,0.61,2026-10-06,1210,N20,VIIRS,n,2.0NRT,301.08,5.04,D
-11.4969,33.1942,336.1,0.51,0.66,2026-10-06,1210,N20,VIIRS,n,2.0NRT,305.76,3.29,D
-11.49297,32.03001,338.37,0.42,0.61,2026-10-06,1210,N20,VIIRS,n,2.0NRT,297.68,9.56,D
-11.49253,22.15022,340.89,0.38,0.36,2026-10-06,1210,N20,VIIRS,n,2.0NRT,306.57,8.3,D
-11.49182,32.00552,332.91,0.42,0.61,2026-10-06,1210,N20,VIIRS,n,2.0NRT,299.83,2.12,D
-11.49013,22.88607,332.73,0.39,0.36,2026-10-06,1210,N20,VIIRS,l,2.0NRT,303.15,1.74,D
-11.48988,31.68615,350.63,0.4,0.6,2026-10-06,1210,N20,VIIRS,n,2.0NRT,300.11,14.54,D
-11.48915,31.68993,367,0.4,0.6,2026-10-06,1210,N20,VIIRS,h,2.0NRT,301.8,14.54,D
-11.4889,32.02079,335.35,0.42,0.61,2026-10-06,1210,N20,VIIRS,n,2.0NRT,288.02,1.68,D
-11.48842,31.69371,331.7,0.4,0.6,2026-10-06,1210,N20,VIIRS,n,2.0NRT,296.4,10.62,D
-11.48515,31.6812,340.89,0.4,0.6,2026-10-06,1210,N20,VIIRS,n,2.0NRT,293.98,4.9,D
-11.48457,33.25764,330.77,0.51,0.66,2026-10-06,1210,N20,VIIRS,l,2.0NRT,303.34,2.03,D
-11.48292,27.31674,336.58,0.41,0.45,2026-10-06,1210,N20,VIIRS,n,2.0NRT,300.1,4.18,D
-11.48289,22.88858,340.53,0.39,0.36,2026-10-06,1210,N20,VIIRS,n,2.0NRT,303.24,6.98,D
-11.48067,22.24907,341.26,0.39,0.36,2026-10-06,1210,N20,VIIRS,n,2.0NRT,309.3,6.79,D
-11.47847,32.01448,367,0.42,0.61,2026-10-06,1210,N20,VIIRS,h,2.0NRT,301.19,9.34,D
-11.47733,31.95981,334.4,0.42,0.61,2026-10-06,1210,N20,VIIRS,n,2.0NRT,297.72,5.88,D
-11.47694,32.02251,332.99,0.42,0.61,2026-10-06,1210,N20,VIIRS,n,2.0NRT,301.51,3.8,D
-11.47691,26.91616,341.4,0.39,0.44,2026-10-06,1210,N20,VIIRS,n,2.0NRT,301.3,8.33,D
-11.4766,31.96362,367,0.42,0.61,2026-10-06,1210,N20,VIIRS,h,2.0NRT,296.6,5.88,D
-11.47544,22.97932,343.07,0.39,0.36,2026-10-06,1210,N20,VIIRS,n,2.0NRT,305.39,5.72,D
-11.47504,32.00203,350.02,0.42,0.61,2026-10-06,1210,N20,VIIRS,n,2.0NRT,299.4,7.38,D
-11.47433,32.00574,367,0.42,0.61,2026-10-06,1210,N20,VIIRS,h,2.0NRT,300.88,10.09,D
-11.47419,22.79537,336.1,0.39,0.36,2026-10-06,1210,N20,VIIRS,n,2.0NRT,305.71,6.28,D
-11.47412,26.80276,332.46,0.38,0.44,2026-10-06,1210,N20,VIIRS,l,2.0NRT,306.65,4.72,D
-11.47361,32.00948,336.97,0.42,0.61,2026-10-06,1210,N20,VIIRS,n,2.0NRT,299.84,10.09,D
-11.47288,32.01328,340.27,0.42,0.61,2026-10-06,1210,N20,VIIRS,n,2.0NRT,296.7,9.34,D
-11.47086,22.79483,341.82,0.39,0.36,2026-10-06,1210,N20,VIIRS,n,2.0NRT,304.22,6.28,D
-11.47031,31.96619,339.13,0.42,0.61,2026-10-06,1210,N20,VIIRS,n,2.0NRT,296.54,4.09,D
-11.46957,31.97001,345.21,0.42,0.61,2026-10-06,1210,N20,VIIRS,n,2.0NRT,299.42,4.09,D
-11.46476,31.9649,350.51,0.42,0.61,2026-10-06,1210,N20,VIIRS,n,2.0NRT,299.38,4.04,D
-11.46401,31.96878,337.15,0.42,0.61,2026-10-06,1210,N20,VIIRS,n,2.0NRT,294.01,4.04,D
-11.46052,30.85135,344.9,0.35,0.57,2026-10-06,1210,N20,VIIRS,n,2.0NRT,299.46,3.96,D
-11.45724,22.11463,346.69,0.38,0.36,2026-10-06,1210,N20,VIIRS,n,2.0NRT,308.17,12.6,D
-11.45615,32.16156,367,0.43,0.62,2026-10-06,1210,N20,VIIRS,h,2.0NRT,303.95,21.21,D
-11.45561,31.77795,367,0.41,0.61,2026-10-06,1210,N20,VIIRS,h,2.0NRT,300.59,23.54,D
-11.45531,31.77578,354.15,0.41,0.6,2026-10-06,1210,N20,VIIRS,n,2.0NRT,297.31,13.42,D
-11.45453,31.77975,356.09,0.41,0.6,2026-10-06,1210,N20,VIIRS,n,2.0NRT,296.09,19.67,D
-11.45355,25.92734,337.49,0.51,0.41,2026-10-06,1210,N20,VIIRS,n,2.0NRT,306.29,6.52,D
-11.45219,24.2462,336.82,0.43,0.38,2026-10-06,1210,N20,VIIRS,n,2.0NRT,302.09,11.18,D
-11.45138,32.15584,330.15,0.43,0.62,2026-10-06,1210,N20,VIIRS,n,2.0NRT,300.28,1.76,D
-11.44948,31.95387,367,0.42,0.61,2026-10-06,1210,N20,VIIRS,h,2.0NRT,304.04,8.6,D
-11.44599,23.66932,340.72,0.41,0.37,2026-10-06,1210,N20,VIIRS,n,2.0NRT,302.73,6.94,D
-11.43934,28.24733,346.8,0.47,0.48,2026-10-06,1210,N20,VIIRS,n,2.0NRT,301.77,12.96,D
-11.43565,30.8403,356.18,0.35,0.57,2026-10-06,1210,N20,VIIRS,n,2.0NRT,302.98,5.01,D
-11.43037,26.91499,336.51,0.39,0.44,2026-10-06,1210,N20,VIIRS,n,2.0NRT,304.37,3.54,D
-11.42976,26.91853,336.75,0.39,0.44,2026-10-06,1210,N20,VIIRS,l,2.0NRT,307.42,5.75,D
-11.42439,26.87749,344.2,0.39,0.44,2026-10-06,1210,N20,VIIRS,n,2.0NRT,305.2,25.23,D
-11.42025,26.5005,336.16,0.55,0.43,2026-10-06,1210,N20,VIIRS,n,2.0NRT,301.35,3.04,D
-11.42008,26.50267,335.63,0.56,0.43,2026-10-06,1210,N20,VIIRS,n,2.0NRT,302.79,6.04,D
-11.41538,24.80857,330.05,0.45,0.39,2026-10-06,1210,N20,VIIRS,n,2.0NRT,298.26,3.86,D
-11.41437,24.77028,347.12,0.45,0.39,2026-10-06,1210,N20,VIIRS,n,2.0NRT,305.33,21.66,D
-11.4138,31.8777,341.14,0.42,0.61,2026-10-06,1210,N20,VIIRS,n,2.0NRT,305.78,4.23,D
-11.4137,24.77437,333.47,0.45,0.39,2026-10-06,1210,N20,VIIRS,n,2.0NRT,301.15,2.58,D
-11.41364,22.08978,341.7,0.38,0.36,2026-10-06,1210,N20,VIIRS,n,2.0NRT,311.29,7.62,D
-11.4123,31.70465,344.62,0.4,0.6,2026-10-06,1210,N20,VIIRS,n,2.0NRT,293.29,5.46,D
-11.40411,22.04162,340.14,0.38,0.36,2026-10-06,1210,N20,VIIRS,n,2.0NRT,308.39,3.87,D
-11.39742,21.95053,343.36,0.38,0.36,2026-10-06,1210,N20,VIIRS,n,2.0NRT,307.45,4.08,D
-11.39522,24.77552,335.4,0.45,0.39,2026-10-06,1210,N20,VIIRS,n,2.0NRT,302.52,3.55,D
-11.39178,31.36252,354.58,0.38,0.59,2026-10-06,1210,N20,VIIRS,n,2.0NRT,302.47,7.17,D
-11.38493,33.31318,367,0.52,0.67,2026-10-06,1210,N20,VIIRS,h,2.0NRT,304.47,10.44,D
-11.38469,33.31581,348.7,0.52,0.67,2026-10-06,1210,N20,VIIRS,n,2.0NRT,304.34,9.18,D
-11.3844,24.75775,333.23,0.45,0.39,2026-10-06,1210,N20,VIIRS,n,2.0NRT,302.64,3.07,D
-11.38032,30.98786,356.1,0.36,0.58,2026-10-06,1210,N20,VIIRS,n,2.0NRT,300.27,6.68,D
-11.37968,30.99121,337.68,0.36,0.58,2026-10-06,1210,N20,VIIRS,n,2.0NRT,289.45,6.68,D
-11.37953,24.58532,345.65,0.44,0.39,2026-10-06,1210,N20,VIIRS,n,2.0NRT,303.22,11.38,D
-11.36604,32.09831,330.75,0.43,0.62,2026-10-06,1210,N20,VIIRS,l,2.0NRT,303.64,2.5,D
-11.36588,29.01236,353.83,0.53,0.5,2026-10-06,1210,N20,VIIRS,n,2.0NRT,299.85,22.87,D
-11.36194,24.71605,337.6,0.45,0.39,2026-10-06,1210,N20,VIIRS,n,2.0NRT,303.19,7.04,D
-11.36157,31.61301,330.34,0.4,0.6,2026-10-06,1210,N20,VIIRS,n,2.0NRT,295.18,3.52,D
-11.35571,24.59793,340.53,0.44,0.39,2026-10-06,1210,N20,VIIRS,n,2.0NRT,302.08,8.34,D
-11.35394,24.631,345.56,0.45,0.39,2026-10-06,1210,N20,VIIRS,n,2.0NRT,308.94,23.54,D
-11.3504,24.63043,335.76,0.45,0.39,2026-10-06,1210,N20,VIIRS,n,2.0NRT,305.52,7.89,D
-11.34857,33.50097,341.37,0.53,0.67,2026-10-06,1210,N20,VIIRS,n,2.0NRT,304.01,2.73,D
-11.34606,25.2043,335.26,0.47,0.4,2026-10-06,1210,N20,VIIRS,n,2.0NRT,303.54,4.29,D
-11.34277,26.76802,334.52,0.38,0.44,2026-10-06,1210,N20,VIIRS,n,2.0NRT,304.12,2.76,D
-11.33845,22.83834,333.27,0.39,0.36,2026-10-06,1210,N20,VIIRS,l,2.0NRT,306.16,1.28,D
-11.33737,22.75762,335.21,0.39,0.36,2026-10-06,1210,N20,VIIRS,n,2.0NRT,303.87,5.22,D
-11.3364,31.16916,345.23,0.37,0.58,2026-10-06,1210,N20,VIIRS,n,2.0NRT,303.25,5,D
-11.33542,24.36442,336.78,0.43,0.38,2026-10-06,1210,N20,VIIRS,n,2.0NRT,306.1,4.63,D
-11.33328,32.58022,330.8,0.46,0.64,2026-10-06,1210,N20,VIIRS,l,2.0NRT,302.2,4.14,D
-11.33245,32.58445,345.18,0.46,0.64,2026-10-06,1210,N20,VIIRS,n,2.0NRT,302.96,10.76,D
-11.33162,32.5887,367,0.46,0.64,2026-10-06,1210,N20,VIIRS,h,2.0NRT,304.99,10.76,D
-11.33078,32.59297,334.31,0.46,0.64,2026-10-06,1210,N20,VIIRS,n,2.0NRT,302.33,9.81,D
-11.32761,30.69719,367,0.35,0.56,2026-10-06,1210,N20,VIIRS,h,2.0NRT,305.69,12.43,D
-11.32686,30.69495,367,0.35,0.56,2026-10-06,1210,N20,VIIRS,h,2.0NRT,304.99,5.29,D
-11.32628,30.69811,341.35,0.35,0.57,2026-10-06,1210,N20,VIIRS,n,2.0NRT,302.14,5.29,D
-11.32512,30.70444,345.4,0.35,0.57,2026-10-06,1210,N20,VIIRS,n,2.0NRT,306.44,9.07,D
-11.32201,28.57449,334.82,0.5,0.49,2026-10-06,1210,N20,VIIRS,n,2.0NRT,297.07,10.63,D
-11.32123,30.70255,341.14,0.35,0.56,2026-10-06,1210,N20,VIIRS,n,2.0NRT,302.48,8.14,D
-11.31833,25.43807,344.25,0.49,0.4,2026-10-06,1210,N20,VIIRS,n,2.0NRT,303.67,7.98,D
-11.31205,27.14442,334.17,0.41,0.45,2026-10-06,1210,N20,VIIRS,n,2.0NRT,301.62,13.19,D
-11.31142,27.14812,341.54,0.41,0.45,2026-10-06,1210,N20,VIIRS,n,2.0NRT,301.95,13.19,D
-11.30395,24.3147,334.32,0.43,0.38,2026-10-06,1210,N20,VIIRS,n,2.0NRT,303.15,2.75,D
-11.30304,24.25398,335.38,0.43,0.38,2026-10-06,1210,N20,VIIRS,n,2.0NRT,301.66,2.4,D
-11.29651,32.05072,367,0.43,0.62,2026-10-06,1210,N20,VIIRS,h,2.0NRT,297.85,8.45,D
-11.29485,25.10433,345.1,0.47,0.4,2026-10-06,1210,N20,VIIRS,n,2.0NRT,304.36,13.93,D
-11.29471,24.34963,339.5,0.43,0.38,2026-10-06,1210,N20,VIIRS,n,2.0NRT,306.03,5.03,D
-11.29321,32.05084,355.67,0.43,0.62,2026-10-06,1210,N20,VIIRS,n,2.0NRT,299.32,6.5,D
-11.29268,24.40652,335.85,0.44,0.38,2026-10-06,1210,N20,VIIRS,n,2.0NRT,298.55,6.47,D
-11.29121,24.34905,339.77,0.43,0.38,2026-10-06,1210,N20,VIIRS,n,2.0NRT,305.5,5.03,D
-11.28964,24.3366,346.62,0.43,0.38,2026-10-06,1210,N20,VIIRS,n,2.0NRT,306.53,7.32,D
-11.289,24.34055,341.65,0.43,0.38,2026-10-06,1210,N20,VIIRS,n,2.0NRT,306.89,9.18,D
-11.28836,24.3445,341.76,0.43,0.38,2026-10-06,1210,N20,VIIRS,n,2.0NRT,306.88,9.18,D
-11.28771,28.49516,333.36,0.5,0.49,2026-10-06,1210,N20,VIIRS,n,2.0NRT,295.28,3.1,D
-11.28707,24.35245,337.51,0.43,0.38,2026-10-06,1210,N20,VIIRS,n,2.0NRT,307.91,13.83,D
-11.28704,33.10753,337.96,0.5,0.66,2026-10-06,1210,N20,VIIRS,l,2.0NRT,308.14,5.41,D
-11.28642,24.35644,344.23,0.43,0.38,2026-10-06,1210,N20,VIIRS,n,2.0NRT,308.94,6.93,D
-11.2859,33.3334,336.4,0.52,0.67,2026-10-06,1210,N20,VIIRS,n,2.0NRT,303.52,2.37,D
-11.28575,33.10764,343.87,0.5,0.66,2026-10-06,1210,N20,VIIRS,n,2.0NRT,307.83,6.04,D
-11.28486,24.34395,344.79,0.43,0.38,2026-10-06,1210,N20,VIIRS,n,2.0NRT,303.27,9.18,D
-11.28421,24.34791,341.64,0.43,0.38,2026-10-06,1210,N20,VIIRS,n,2.0NRT,309.37,13.83,D
-11.28071,24.34736,343.41,0.43,0.38,2026-10-06,1210,N20,VIIRS,n,2.0NRT,307.66,10.45,D
-11.28007,33.0406,331.96,0.5,0.66,2026-10-06,1210,N20,VIIRS,l,2.0NRT,302.01,3.24,D
-11.27819,24.76591,336,0.45,0.39,2026-10-06,1210,N20,VIIRS,n,2.0NRT,304.76,10.95,D
-11.27776,26.90627,341.46,0.39,0.44,2026-10-06,1210,N20,VIIRS,n,2.0NRT,302.31,5.16,D
-11.27721,24.34681,334.18,0.43,0.38,2026-10-06,1210,N20,VIIRS,n,2.0NRT,304.05,10.45,D
-11.27371,24.34626,338.66,0.43,0.38,2026-10-06,1210,N20,VIIRS,n,2.0NRT,305.55,11.2,D
-11.26414,31.97527,342.71,0.42,0.61,2026-10-06,1210,N20,VIIRS,n,2.0NRT,302.36,4.2,D
-11.26291,31.65263,331.16,0.4,0.6,2026-10-06,1210,N20,VIIRS,n,2.0NRT,298.41,4.08,D
-11.26173,31.65998,351.32,0.4,0.6,2026-10-06,1210,N20,VIIRS,n,2.0NRT,300.91,9.25,D
-11.26148,31.66002,349.65,0.4,0.6,2026-10-06,1210,N20,VIIRS,n,2.0NRT,301.28,9.31,D
-11.26104,31.66366,355.97,0.4,0.6,2026-10-06,1210,N20,VIIRS,n,2.0NRT,300.87,11.87,D
-11.26076,31.6637,367,0.4,0.6,2026-10-06,1210,N20,VIIRS,h,2.0NRT,301.15,8.84,D
-11.26043,31.63643,367,0.4,0.6,2026-10-06,1210,N20,VIIRS,h,2.0NRT,305.04,12.79,D
-11.26034,31.63655,355.66,0.4,0.6,2026-10-06,1210,N20,VIIRS,n,2.0NRT,304.61,22.85,D
-11.25972,31.6402,347.07,0.4,0.6,2026-10-06,1210,N20,VIIRS,n,2.0NRT,301.37,6.51,D
-11.25961,31.6403,350.61,0.4,0.6,2026-10-06,1210,N20,VIIRS,n,2.0NRT,301.51,7.87,D
-11.25902,31.64396,333.99,0.4,0.6,2026-10-06,1210,N20,VIIRS,n,2.0NRT,300.68,6.51,D
-11.25888,31.64405,335.23,0.4,0.6,2026-10-06,1210,N20,VIIRS,n,2.0NRT,300.47,7.87,D
-11.25762,31.65145,344.69,0.4,0.6,2026-10-06,1210,N20,VIIRS,n,2.0NRT,296.5,7.33,D
-11.25758,31.68218,331.23,0.41,0.6,2026-10-06,1210,N20,VIIRS,l,2.0NRT,301.71,7.7,D
-11.25742,31.65152,338.52,0.4,0.6,2026-10-06,1210,N20,VIIRS,n,2.0NRT,296.53,4.08,D
-11.25717,31.68217,331.45,0.41,0.6,2026-10-06,1210,N20,VIIRS,l,2.0NRT,301.63,5.02,D
-11.25496,31.63522,345.89,0.4,0.6,2026-10-06,1210,N20,VIIRS,n,2.0NRT,295.9,12.79,D
-11.25487,31.63536,330.09,0.4,0.6,2026-10-06,1210,N20,VIIRS,n,2.0NRT,296.24,1.76,D
-11.25483,31.66638,338.74,0.4,0.6,2026-10-06,1210,N20,VIIRS,n,2.0NRT,300.01,6.5,D
-11.25452,31.66642,342.45,0.4,0.6,2026-10-06,1210,N20,VIIRS,n,2.0NRT,300.02,8.84,D
-11.25408,31.87642,336.65,0.42,0.61,2026-10-06,1210,N20,VIIRS,n,2.0NRT,304.94,3.78,D
-11.2538,31.67014,335.85,0.4,0.6,2026-10-06,1210,N20,VIIRS,n,2.0NRT,300.16,5.5,D
-11.25354,31.64277,335.7,0.4,0.6,2026-10-06,1210,N20,VIIRS,n,2.0NRT,297.07,6.51,D
-11.2534,31.64288,333.69,0.4,0.6,2026-10-06,1210,N20,VIIRS,n,2.0NRT,297.35,2.61,D
-11.25301,24.22206,344.8,0.43,0.38,2026-10-06,1210,N20,VIIRS,n,2.0NRT,301.08,4.13,D
-11.25013,23.71058,339.37,0.41,0.37,2026-10-06,1210,N20,VIIRS,n,2.0NRT,297.68,7.45,D
-11.24932,31.66529,353.98,0.4,0.6,2026-10-06,1210,N20,VIIRS,n,2.0NRT,297.68,6.5,D
-11.24902,31.66535,346.66,0.4,0.6,2026-10-06,1210,N20,VIIRS,n,2.0NRT,297.48,4.5,D
-11.24862,31.66905,353.42,0.41,0.6,2026-10-06,1210,N20,VIIRS,n,2.0NRT,293,12.79,D
-11.24829,31.66909,351.64,0.4,0.6,2026-10-06,1210,N20,VIIRS,n,2.0NRT,292.93,9.35,D
-11.24725,31.43598,341.58,0.39,0.59,2026-10-06,1210,N20,VIIRS,n,2.0NRT,300.04,6.46,D
-11.24266,25.00904,337.91,0.46,0.39,2026-10-06,1210,N20,VIIRS,n,2.0NRT,306.12,11.31,D
-11.24022,25.008,348.5,0.46,0.39,2026-10-06,1210,N20,VIIRS,n,2.0NRT,307.13,16.46,D
-11.23972,25.00427,334.73,0.46,0.39,2026-10-06,1210,N20,VIIRS,n,2.0NRT,301.1,6.45,D
-11.23882,25.51348,339.41,0.49,0.4,2026-10-06,1210,N20,VIIRS,n,2.0NRT,306.38,5.37,D
-11.23707,32.48884,344.94,0.46,0.63,2026-10-06,1210,N20,VIIRS,n,2.0NRT,302.19,5.88,D
-11.23646,28.19364,355.03,0.47,0.48,2026-10-06,1210,N20,VIIRS,n,2.0NRT,294.67,18.72,D
-11.23626,32.493,332.06,0.46,0.63,2026-10-06,1210,N20,VIIRS,n,2.0NRT,301.5,4.75,D
-11.23604,28.19477,345.2,0.47,0.48,2026-10-06,1210,N20,VIIRS,n,2.0NRT,294.95,14.42,D
-11.22658,31.66477,335.84,0.41,0.6,2026-10-06,1210,N20,VIIRS,n,2.0NRT,298.78,5.04,D
-11.22582,26.76808,334.61,0.39,0.44,2026-10-06,1210,N20,VIIRS,n,2.0NRT,301.37,2.81,D
-11.22581,31.88287,348.4,0.42,0.61,2026-10-06,1210,N20,VIIRS,n,2.0NRT,297.07,8.43,D
-11.22398,31.88227,343.53,0.42,0.61,2026-10-06,1210,N20,VIIRS,n,2.0NRT,296.99,4.87,D
-11.21829,31.9413,343.07,0.42,0.61,2026-10-06,1210,N20,VIIRS,n,2.0NRT,300.32,4.23,D
-11.21726,22.08653,342.15,0.38,0.36,2026-10-06,1210,N20,VIIRS,n,2.0NRT,312.04,5.39,D
-11.21494,31.94094,342.93,0.42,0.61,2026-10-06,1210,N20,VIIRS,n,2.0NRT,302.05,3.95,D
-11.21406,28.08867,333.28,0.47,0.48,2026-10-06,1210,N20,VIIRS,n,2.0NRT,296.95,1.99,D
-11.21136,32.09747,344.96,0.43,0.62,2026-10-06,1210,N20,VIIRS,n,2.0NRT,303.15,5.62,D
-11.20805,32.0842,367,0.43,0.62,2026-10-06,1210,N20,VIIRS,h,2.0NRT,302.68,13.09,D
-11.2061,31.98812,347.16,0.43,0.62,2026-10-06,1210,N20,VIIRS,n,2.0NRT,302.81,4.95,D
-11.20565,32.09657,336.46,0.43,0.62,2026-10-06,1210,N20,VIIRS,n,2.0NRT,303.84,5.62,D
-11.20351,31.9872,367,0.43,0.62,2026-10-06,1210,N20,VIIRS,h,2.0NRT,303.04,9.74,D
-11.20047,31.98701,331.52,0.43,0.62,2026-10-06,1210,N20,VIIRS,l,2.0NRT,302.22,4.95,D
-11.1944,24.07701,340.27,0.43,0.38,2026-10-06,1210,N20,VIIRS,n,2.0NRT,300.45,3.46,D
-11.19377,24.08087,333.81,0.43,0.38,2026-10-06,1210,N20,VIIRS,n,2.0NRT,299.63,3.46,D
-11.18746,24.03228,334.56,0.42,0.38,2026-10-06,1210,N20,VIIRS,n,2.0NRT,302.32,5.16,D
-11.18548,24.03123,342.11,0.42,0.38,2026-10-06,1210,N20,VIIRS,n,2.0NRT,305.93,4.65,D
-11.18525,32.20155,367,0.44,0.62,2026-10-06,1210,N20,VIIRS,h,2.0NRT,304.17,18.12,D
-11.18487,24.03509,332.92,0.42,0.38,2026-10-06,1210,N20,VIIRS,n,2.0NRT,305.27,3.86,D
-11.18373,32.2094,347.74,0.44,0.62,2026-10-06,1210,N20,VIIRS,n,2.0NRT,300.95,13.53,D
-11.18337,24.03558,336.53,0.42,0.38,2026-10-06,1210,N20,VIIRS,n,2.0NRT,304.86,3.76,D
-11.17843,32.14558,331.05,0.44,0.62,2026-10-06,1210,N20,VIIRS,n,2.0NRT,304.19,8.88,D
-11.17764,32.14967,341.62,0.44,0.62,2026-10-06,1210,N20,VIIRS,n,2.0NRT,304.7,8.88,D
-11.17652,32.14568,355.82,0.44,0.62,2026-10-06,1210,N20,VIIRS,n,2.0NRT,307.8,9.2,D
-11.17574,32.1498,367,0.44,0.62,2026-10-06,1210,N20,VIIRS,h,2.0NRT,305.39,9.2,D
-11.17283,32.14405,355.15,0.44,0.62,2026-10-06,1210,N20,VIIRS,n,2.0NRT,305.29,8.88,D
-11.17205,32.14806,367,0.44,0.62,2026-10-06,1210,N20,VIIRS,h,2.0NRT,303.97,8.88,D
-11.17091,32.14412,351.12,0.44,0.62,2026-10-06,1210,N20,VIIRS,n,2.0NRT,301.89,9.2,D
-11.17042,32.15636,338.06,0.44,0.62,2026-10-06,1210,N20,VIIRS,n,2.0NRT,303.65,12.33,D
-11.17015,32.14818,330.04,0.44,0.62,2026-10-06,1210,N20,VIIRS,n,2.0NRT,301.69,9.2,D
-11.16901,32.06081,334.21,0.43,0.62,2026-10-06,1210,N20,VIIRS,n,2.0NRT,301.01,2.75,D
-11.16858,32.15648,332.26,0.44,0.62,2026-10-06,1210,N20,VIIRS,l,2.0NRT,303.37,11.18,D
-11.16676,26.76736,343.31,0.39,0.44,2026-10-06,1210,N20,VIIRS,n,2.0NRT,305.99,7.28,D
-11.16608,29.99593,331.66,0.63,0.54,2026-10-06,1210,N20,VIIRS,n,2.0NRT,298.51,6.13,D
-11.16414,26.76797,342.22,0.39,0.44,2026-10-06,1210,N20,VIIRS,n,2.0NRT,303.55,8.66,D
-11.16042,24.05486,330.28,0.42,0.38,2026-10-06,1210,N20,VIIRS,l,2.0NRT,303.49,1.5,D
-11.15952,24.97363,336.44,0.46,0.39,2026-10-06,1210,N20,VIIRS,n,2.0NRT,303.9,8.52,D
-11.15869,24.11036,331.43,0.43,0.38,2026-10-06,1210,N20,VIIRS,l,2.0NRT,304.12,1.88,D
-11.157,22.2136,340.01,0.39,0.36,2026-10-06,1210,N20,VIIRS,n,2.0NRT,309.28,9.03,D
-11.15645,22.21711,349.61,0.39,0.36,2026-10-06,1210,N20,VIIRS,n,2.0NRT,311.65,9.03,D
-11.15571,33.12507,335.43,0.51,0.66,2026-10-06,1210,N20,VIIRS,n,2.0NRT,301.05,8.61,D
-11.15558,33.41494,333.46,0.53,0.67,2026-10-06,1210,N20,VIIRS,n,2.0NRT,301.54,5.48,D
-11.15517,32.17382,344.8,0.44,0.62,2026-10-06,1210,N20,VIIRS,n,2.0NRT,301.86,6.01,D
-11.15423,32.16994,340,0.44,0.62,2026-10-06,1210,N20,VIIRS,n,2.0NRT,302.13,5.84,D
-11.15394,28.66587,342.79,0.51,0.49,2026-10-06,1210,N20,VIIRS,n,2.0NRT,296.09,10.32,D
-11.15353,32.39515,334.3,0.45,0.63,2026-10-06,1210,N20,VIIRS,n,2.0NRT,298.73,2.58,D
-11.15347,32.17398,335.68,0.44,0.62,2026-10-06,1210,N20,VIIRS,n,2.0NRT,301.41,6.38,D
-11.15344,32.27328,352.11,0.45,0.63,2026-10-06,1210,N20,VIIRS,n,2.0NRT,302.13,8.45,D
-11.1528,22.15147,344.06,0.39,0.36,2026-10-06,1210,N20,VIIRS,n,2.0NRT,312.8,13.55,D
-11.1524,32.27376,349.05,0.45,0.63,2026-10-06,1210,N20,VIIRS,n,2.0NRT,301.52,7.5,D
-11.15148,32.25294,332.1,0.44,0.63,2026-10-06,1210,N20,VIIRS,n,2.0NRT,300.28,2.95,D
-11.15027,32.25353,330.21,0.44,0.63,2026-10-06,1210,N20,VIIRS,l,2.0NRT,300.49,3.21,D
-11.14956,32.17231,332.7,0.44,0.62,2026-10-06,1210,N20,VIIRS,n,2.0NRT,298.82,1.86,D
-11.14949,22.15095,341.95,0.39,0.36,2026-10-06,1210,N20,VIIRS,n,2.0NRT,312.31,13.55,D
-11.14801,24.13263,336.49,0.43,0.38,2026-10-06,1210,N20,VIIRS,n,2.0NRT,305.56,3.48,D
-11.14775,32.23546,338.68,0.44,0.63,2026-10-06,1210,N20,VIIRS,n,2.0NRT,302.4,3.21,D
-11.14449,22.13937,342.71,0.39,0.36,2026-10-06,1210,N20,VIIRS,n,2.0NRT,306.54,8.16,D
-11.14402,22.01007,347.89,0.38,0.36,2026-10-06,1210,N20,VIIRS,n,2.0NRT,311.48,21.62,D
-11.14338,32.2337,343.21,0.44,0.63,2026-10-06,1210,N20,VIIRS,n,2.0NRT,302.6,9.84,D
-11.14285,32.23,330.6,0.44,0.63,2026-10-06,1210,N20,VIIRS,l,2.0NRT,302.09,3.21,D
-11.14232,28.62583,335.37,0.51,0.49,2026-10-06,1210,N20,VIIRS,n,2.0NRT,295.12,4.78,D
-11.14207,32.23416,342.19,0.44,0.63,2026-10-06,1210,N20,VIIRS,n,2.0NRT,302.63,3.21,D
-11.13519,25.32304,336.23,0.48,0.4,2026-10-06,1210,N20,VIIRS,n,2.0NRT,303.07,6.63,D
-11.13267,28.54902,334.13,0.5,0.49,2026-10-06,1210,N20,VIIRS,n,2.0NRT,288.26,3.44,D
-11.12889,22.26282,334.96,0.39,0.36,2026-10-06,1210,N20,VIIRS,n,2.0NRT,304.17,3.76,D
-11.12501,24.90421,338.05,0.46,0.39,2026-10-06,1210,N20,VIIRS,n,2.0NRT,307.25,6.17,D
-11.12472,32.13887,330.42,0.44,0.62,2026-10-06,1210,N20,VIIRS,n,2.0NRT,298.25,3.55,D
-11.12207,27.10328,330.02,0.41,0.45,2026-10-06,1210,N20,VIIRS,n,2.0NRT,299.98,4.16,D
-11.11992,26.70452,350.57,0.38,0.44,2026-10-06,1210,N20,VIIRS,n,2.0NRT,310.36,9.47,D
-11.1192,30.30381,332.63,0.33,0.55,2026-10-06,1210,N20,VIIRS,l,2.0NRT,305.32,3.49,D
-11.11812,30.74406,334.25,0.35,0.57,2026-10-06,1210,N20,VIIRS,n,2.0NRT,303.32,15.06,D
-11.11803,26.83622,334.79,0.39,0.44,2026-10-06,1210,N20,VIIRS,n,2.0NRT,303.86,1.78,D
-11.11751,30.74727,367,0.35,0.57,2026-10-06,1210,N20,VIIRS,h,2.0NRT,309.92,25.87,D
-11.10919,24.13019,334.53,0.43,0.38,2026-10-06,1210,N20,VIIRS,n,2.0NRT,301.57,3.8,D
-11.10627,30.28905,338.27,0.33,0.55,2026-10-06,1210,N20,VIIRS,n,2.0NRT,304.61,3.59,D
-11.10571,30.29204,339.04,0.33,0.55,2026-10-06,1210,N20,VIIRS,n,2.0NRT,307.83,8.63,D
-11.10403,30.27316,367,0.33,0.55,2026-10-06,1210,N20,VIIRS,h,2.0NRT,302.64,9.57,D
-11.10347,30.27616,367,0.33,0.55,2026-10-06,1210,N20,VIIRS,h,2.0NRT,299.09,9.57,D
-11.10337,31.4761,344.99,0.4,0.6,2026-10-06,1210,N20,VIIRS,n,2.0NRT,291.34,6.42,D
-11.10137,32.22964,332.26,0.44,0.63,2026-10-06,1210,N20,VIIRS,n,2.0NRT,301.29,23.87,D
-11.10019,32.55003,337.99,0.47,0.64,2026-10-06,1210,N20,VIIRS,n,2.0NRT,302.6,5.65,D
-11.09954,32.30116,333.35,0.45,0.63,2026-10-06,1210,N20,VIIRS,n,2.0NRT,301.69,6.48,D
-11.09935,32.54855,343.12,0.47,0.64,2026-10-06,1210,N20,VIIRS,n,2.0NRT,303.35,3.58,D
-11.09791,30.73702,342.25,0.35,0.57,2026-10-06,1210,N20,VIIRS,n,2.0NRT,303.42,2.61,D
-11.09791,31.4751,351.64,0.4,0.6,2026-10-06,1210,N20,VIIRS,n,2.0NRT,296.34,6.42,D
-11.09777,32.27935,334.47,0.45,0.63,2026-10-06,1210,N20,VIIRS,n,2.0NRT,301.55,2.48,D
-11.09569,32.22833,367,0.44,0.63,2026-10-06,1210,N20,VIIRS,h,2.0NRT,301.31,23.87,D
-11.09568,26.67863,346.43,0.38,0.43,2026-10-06,1210,N20,VIIRS,n,2.0NRT,304.87,4.1,D
-11.09362,30.75948,332.57,0.35,0.57,2026-10-06,1210,N20,VIIRS,n,2.0NRT,301.76,2.29,D
-11.09303,32.30399,333.77,0.45,0.63,2026-10-06,1210,N20,VIIRS,n,2.0NRT,303.12,5.61,D
-11.09055,24.04745,335.52,0.42,0.38,2026-10-06,1210,N20,VIIRS,n,2.0NRT,304.73,2.39,D
-11.08582,30.77112,367,0.35,0.57,2026-10-06,1210,N20,VIIRS,h,2.0NRT,303.13,9.42,D
-11.08046,24.02207,334.22,0.42,0.38,2026-10-06,1210,N20,VIIRS,n,2.0NRT,301.85,5.87,D
-11.07863,32.133,336.04,0.44,0.62,2026-10-06,1210,N20,VIIRS,n,2.0NRT,298.85,2.04,D
-11.07143,23.53468,334.78,0.41,0.37,2026-10-06,1210,N20,VIIRS,n,2.0NRT,301.55,3.09,D
-11.06965,23.54584,335.6,0.41,0.37,2026-10-06,1210,N20,VIIRS,n,2.0NRT,299.69,3.74,D
-11.06803,23.53414,335.12,0.41,0.37,2026-10-06,1210,N20,VIIRS,n,2.0NRT,302.16,3.09,D
-11.06305,31.50893,340.26,0.4,0.6,2026-10-06,1210,N20,VIIRS,n,2.0NRT,297.17,11.53,D
-11.05895,31.50087,335.79,0.4,0.6,2026-10-06,1210,N20,VIIRS,n,2.0NRT,298.6,8.09,D
-11.05888,26.66496,351.42,0.38,0.43,2026-10-06,1210,N20,VIIRS,n,2.0NRT,309.26,31.81,D
-11.05847,31.50067,336.35,0.4,0.6,2026-10-06,1210,N20,VIIRS,n,2.0NRT,299,2.35,D
-11.05766,32.14956,351.73,0.44,0.62,2026-10-06,1210,N20,VIIRS,n,2.0NRT,298.79,12.57,D
-11.05691,32.18361,367,0.44,0.62,2026-10-06,1210,N20,VIIRS,h,2.0NRT,300.75,6.55,D
-11.05686,32.15364,367,0.44,0.62,2026-10-06,1210,N20,VIIRS,h,2.0NRT,299.12,14.03,D
-11.0564,32.14871,348.82,0.44,0.62,2026-10-06,1210,N20,VIIRS,n,2.0NRT,298.15,8.79,D
-11.05588,32.18288,367,0.44,0.62,2026-10-06,1210,N20,VIIRS,h,2.0NRT,301.55,10.15,D
-11.05563,32.1528,351.32,0.44,0.62,2026-10-06,1210,N20,VIIRS,n,2.0NRT,299.17,9.31,D
-11.05119,32.18256,342.53,0.44,0.62,2026-10-06,1210,N20,VIIRS,n,2.0NRT,302.05,6.1,D
-11.04942,31.42833,330.81,0.39,0.6,2026-10-06,1210,N20,VIIRS,l,2.0NRT,302.21,3.74,D
-11.0486,32.19004,335.91,0.44,0.63,2026-10-06,1210,N20,VIIRS,n,2.0NRT,302.36,3.62,D
-11.04795,32.32086,345.42,0.45,0.63,2026-10-06,1210,N20,VIIRS,n,2.0NRT,300.1,6.9,D
-11.0456,24.04842,335.32,0.43,0.38,2026-10-06,1210,N20,VIIRS,n,2.0NRT,303.96,8.95,D
-11.04487,32.08499,336.03,0.44,0.62,2026-10-06,1210,N20,VIIRS,n,2.0NRT,299.74,4.19,D
-11.04409,31.07485,336.45,0.37,0.58,2026-10-06,1210,N20,VIIRS,n,2.0NRT,303.69,2.13,D
-11.04392,32.3415,330.86,0.45,0.63,2026-10-06,1210,N20,VIIRS,n,2.0NRT,300.76,2.26,D
-11.04384,32.18977,351.9,0.44,0.62,2026-10-06,1210,N20,VIIRS,n,2.0NRT,301.47,9.95,D
-11.04287,32.18901,342.46,0.44,0.63,2026-10-06,1210,N20,VIIRS,n,2.0NRT,300.3,3.62,D
-11.04085,31.0744,367,0.37,0.58,2026-10-06,1210,N20,VIIRS,h,2.0NRT,306.5,9.33,D
-11.03874,31.07396,338.21,0.37,0.58,2026-10-06,1210,N20,VIIRS,n,2.0NRT,304.17,3.35,D
-11.03808,31.07741,332.25,0.37,0.58,2026-10-06,1210,N20,VIIRS,l,2.0NRT,303.67,3.35,D
-11.03761,28.31891,331.87,0.49,0.48,2026-10-06,1210,N20,VIIRS,n,2.0NRT,297.46,2.64,D
-11.03395,32.33081,331.1,0.45,0.63,2026-10-06,1210,N20,VIIRS,l,2.0NRT,302.92,2.67,D
-11.0304,24.84089,334.47,0.46,0.39,2026-10-06,1210,N20,VIIRS,n,2.0NRT,303.12,3.18,D
-11.01963,32.0631,337.42,0.43,0.62,2026-10-06,1210,N20,VIIRS,n,2.0NRT,301.1,3.42,D
-11.01818,32.31936,330,0.45,0.63,2026-10-06,1210,N20,VIIRS,l,2.0NRT,301.16,2.8,D
-11.01195,31.26105,350,0.38,0.59,2026-10-06,1210,N20,VIIRS,n,2.0NRT,308.93,26.7,D
-11.01184,32.3528,332.51,0.45,0.63,2026-10-06,1210,N20,VIIRS,l,2.0NRT,303.4,3.77,D
-11.01168,32.35312,331.14,0.45,0.63,2026-10-06,1210,N20,VIIRS,l,2.0NRT,303.34,3.07,D
-11.01162,32.41735,354.6,0.46,0.63,2026-10-06,1210,N20,VIIRS,n,2.0NRT,304.95,7.02,D
-11.01131,31.26454,334.41,0.38,0.59,2026-10-06,1210,N20,VIIRS,n,2.0NRT,302.29,13.85,D
-11.01101,32.4175,351.1,0.46,0.63,2026-10-06,1210,N20,VIIRS,n,2.0NRT,304.68,8.38,D
-11.0103,32.3609,338.06,0.46,0.63,2026-10-06,1210,N20,VIIRS,n,2.0NRT,303.89,6.78,D
-11.0101,30.59408,351.47,0.35,0.56,2026-10-06,1210,N20,VIIRS,n,2.0NRT,307.45,7.2,D
-11.01008,32.36119,334.93,0.45,0.63,2026-10-06,1210,N20,VIIRS,n,2.0NRT,303.5,6.19,D
-11.00975,26.981,341.94,0.4,0.44,2026-10-06,1210,N20,VIIRS,n,2.0NRT,302.77,7.38,D
-11.00848,31.26008,347.68,0.38,0.59,2026-10-06,1210,N20,VIIRS,n,2.0NRT,308.05,16.82,D
-11.00781,31.26354,367,0.38,0.59,2026-10-06,1210,N20,VIIRS,h,2.0NRT,303.02,16.82,D
-11.00674,32.31748,339.02,0.45,0.63,2026-10-06,1210,N20,VIIRS,n,2.0NRT,301.84,4.09,D
-11.00667,32.31701,342.36,0.45,0.63,2026-10-06,1210,N20,VIIRS,n,2.0NRT,300.91,6.26,D
-11.00602,32.35189,331.73,0.45,0.63,2026-10-06,1210,N20,VIIRS,n,2.0NRT,299.02,1.9,D
-11.00586,32.35221,331.71,0.45,0.63,2026-10-06,1210,N20,VIIRS,n,2.0NRT,299.3,1.82,D
-11.00568,26.98034,340.36,0.4,0.44,2026-10-06,1210,N20,VIIRS,n,2.0NRT,298.09,7.57,D
-11.00447,32.36004,336.6,0.46,0.63,2026-10-06,1210,N20,VIIRS,n,2.0NRT,302.71,2.86,D
-11.00425,32.36035,338.58,0.45,0.63,2026-10-06,1210,N20,VIIRS,n,2.0NRT,303.29,3.01,D
-11.00358,31.55082,330.51,0.4,0.6,2026-10-06,1210,N20,VIIRS,n,2.0NRT,303.86,14.47,D
-11.0029,31.55438,335.91,0.4,0.6,2026-10-06,1210,N20,VIIRS,n,2.0NRT,300.26,16.58,D
-10.9989,31.988,336.22,0.43,0.62,2026-10-06,1210,N20,VIIRS,n,2.0NRT,303.3,5.57,D
-10.99804,31.55,348.23,0.4,0.6,2026-10-06,1210,N20,VIIRS,n,2.0NRT,303.67,14.47,D
-10.99736,31.55357,367,0.4,0.6,2026-10-06,1210,N20,VIIRS,h,2.0NRT,301.53,16.58,D
-10.99167,32.11643,347.63,0.44,0.62,2026-10-06,1210,N20,VIIRS,n,2.0NRT,301.12,5.95,D
-10.98608,32.42504,338.62,0.46,0.64,2026-10-06,1210,N20,VIIRS,n,2.0NRT,302.45,5.56,D
-10.98586,23.54342,330.85,0.41,0.37,2026-10-06,1210,N20,VIIRS,n,2.0NRT,299.74,6.31,D
-10.98538,32.42527,341.26,0.46,0.63,2026-10-06,1210,N20,VIIRS,n,2.0NRT,302.78,6.15,D
-10.98489,23.12435,338.12,0.4,0.37,2026-10-06,1210,N20,VIIRS,n,2.0NRT,307.12,25.98,D
-10.98152,23.12381,333.16,0.4,0.37,2026-10-06,1210,N20,VIIRS,l,2.0NRT,303.46,5.64,D
-10.98095,23.12745,337.51,0.4,0.37,2026-10-06,1210,N20,VIIRS,n,2.0NRT,302.7,7.34,D
-10.98028,26.59869,335.88,0.57,0.43,2026-10-06,1210,N20,VIIRS,n,2.0NRT,304.87,4.87,D
-10.97797,26.62243,338.8,0.57,0.43,2026-10-06,1210,N20,VIIRS,n,2.0NRT,307.41,2.48,D
-10.97751,26.60072,348.27,0.57,0.43,2026-10-06,1210,N20,VIIRS,n,2.0NRT,306.18,8.37,D
-10.97725,26.78202,339.04,0.39,0.44,2026-10-06,1210,N20,VIIRS,n,2.0NRT,307.2,1.88,D
-10.97664,26.6196,336.64,0.57,0.43,2026-10-06,1210,N20,VIIRS,l,2.0NRT,306.87,8.09,D
-10.97542,26.60317,335.24,0.57,0.43,2026-10-06,1210,N20,VIIRS,n,2.0NRT,304.55,4.87,D
-10.97415,31.52622,333.41,0.4,0.6,2026-10-06,1210,N20,VIIRS,l,2.0NRT,304.34,1.26,D
-10.97209,28.55486,337.33,0.51,0.49,2026-10-06,1210,N20,VIIRS,n,2.0NRT,288.63,4.32,D
-10.97126,28.5594,332.35,0.51,0.49,2026-10-06,1210,N20,VIIRS,n,2.0NRT,290.81,4.32,D
-10.97044,28.55512,339.48,0.51,0.49,2026-10-06,1210,N20,VIIRS,n,2.0NRT,290.26,7.01,D
-10.9678,28.63007,342.97,0.51,0.49,2026-10-06,1210,N20,VIIRS,n,2.0NRT,299.76,5.83,D
-10.96697,28.63467,339.66,0.51,0.5,2026-10-06,1210,N20,VIIRS,n,2.0NRT,300.75,5.83,D
-10.96578,23.13622,336.49,0.4,0.37,2026-10-06,1210,N20,VIIRS,n,2.0NRT,303.48,5.21,D
-10.96279,24.80394,333.84,0.46,0.39,2026-10-06,1210,N20,VIIRS,l,2.0NRT,306.54,16.36,D
-10.95916,32.2536,340.15,0.45,0.63,2026-10-06,1210,N20,VIIRS,n,2.0NRT,302,6.79,D
-10.95802,31.37022,342.62,0.39,0.59,2026-10-06,1210,N20,VIIRS,n,2.0NRT,303.09,8.51,D
-10.95765,32.26133,340.79,0.45,0.63,2026-10-06,1210,N20,VIIRS,n,2.0NRT,303.62,2.79,D
-10.95415,32.24867,334.62,0.45,0.63,2026-10-06,1210,N20,VIIRS,n,2.0NRT,298.45,3.15,D
-10.95144,32.16428,367,0.44,0.63,2026-10-06,1210,N20,VIIRS,h,2.0NRT,302.31,9.51,D
-10.94713,32.16283,354.13,0.44,0.62,2026-10-06,1210,N20,VIIRS,n,2.0NRT,302.21,5.83,D
-10.94684,32.25558,331.56,0.45,0.63,2026-10-06,1210,N20,VIIRS,n,2.0NRT,299.05,6.6,D
-10.94404,24.86231,335.29,0.46,0.39,2026-10-06,1210,N20,VIIRS,n,2.0NRT,300.36,7.92,D
-10.94153,24.86521,335.47,0.46,0.39,2026-10-06,1210,N20,VIIRS,n,2.0NRT,299.74,6.22,D
-10.93929,26.82939,350.13,0.39,0.44,2026-10-06,1210,N20,VIIRS,n,2.0NRT,306.26,5.06,D
-10.93832,33.42381,367,0.54,0.68,2026-10-06,1210,N20,VIIRS,h,2.0NRT,300.23,33.26,D
-10.93735,33.42868,339.05,0.54,0.68,2026-10-06,1210,N20,VIIRS,n,2.0NRT,297.53,15.55,D
-10.93647,24.81768,342.92,0.46,0.39,2026-10-06,1210,N20,VIIRS,n,2.0NRT,302.74,7.54,D
-10.93586,26.82967,346.34,0.39,0.44,2026-10-06,1210,N20,VIIRS,n,2.0NRT,307.52,5.03,D
-10.93501,32.1571,367,0.44,0.63,2026-10-06,1210,N20,VIIRS,h,2.0NRT,298.89,14.97,D
-10.93295,33.42537,335.26,0.54,0.68,2026-10-06,1210,N20,VIIRS,n,2.0NRT,294.15,2.54,D
-10.93082,32.15524,355.52,0.44,0.62,2026-10-06,1210,N20,VIIRS,n,2.0NRT,296.78,6.84,D
-10.92998,32.15953,340.75,0.44,0.62,2026-10-06,1210,N20,VIIRS,n,2.0NRT,294.83,6.84,D
-10.92961,24.70127,334.95,0.45,0.39,2026-10-06,1210,N20,VIIRS,n,2.0NRT,304.11,3.28,D
-10.92395,30.73992,334.04,0.36,0.57,2026-10-06,1210,N20,VIIRS,n,2.0NRT,302.4,5.96,D
-10.92333,30.74323,367,0.36,0.57,2026-10-06,1210,N20,VIIRS,h,2.0NRT,301.88,5.96,D
-10.91833,32.2767,346.8,0.45,0.63,2026-10-06,1210,N20,VIIRS,n,2.0NRT,301.48,5.88,D
-10.91735,32.68818,345.4,0.48,0.65,2026-10-06,1210,N20,VIIRS,n,2.0NRT,301.99,3.58,D
-10.91321,32.27484,367,0.45,0.63,2026-10-06,1210,N20,VIIRS,h,2.0NRT,300.38,7.23,D
-10.91255,32.2757,345.06,0.45,0.63,2026-10-06,1210,N20,VIIRS,n,2.0NRT,299.57,3.78,D
-10.91145,32.68695,330.22,0.48,0.65,2026-10-06,1210,N20,VIIRS,l,2.0NRT,301.87,3.58,D
-10.91054,24.39383,331.61,0.44,0.38,2026-10-06,1210,N20,VIIRS,l,2.0NRT,305.83,13.46,D
-10.90732,30.7136,336.27,0.35,0.57,2026-10-06,1210,N20,VIIRS,n,2.0NRT,298.46,4.4,D
-10.90556,32.68571,335.93,0.48,0.65,2026-10-06,1210,N20,VIIRS,n,2.0NRT,302.75,2.66,D
-10.9048,30.57911,348.74,0.35,0.56,2026-10-06,1210,N20,VIIRS,n,2.0NRT,298.17,3.22,D
-10.9047,32.69015,339.12,0.48,0.65,2026-10-06,1210,N20,VIIRS,n,2.0NRT,302.38,4.17,D
-10.89653,32.90235,367,0.5,0.65,2026-10-06,1210,N20,VIIRS,h,2.0NRT,301.39,5.07,D
-10.89563,32.90684,336.88,0.5,0.65,2026-10-06,1210,N20,VIIRS,n,2.0NRT,301.49,5.07,D
-10.89473,32.91132,331.37,0.5,0.65,2026-10-06,1210,N20,VIIRS,n,2.0NRT,299.45,2.75,D
-10.8946,32.9023,351.83,0.5,0.65,2026-10-06,1210,N20,VIIRS,n,2.0NRT,300.91,6.46,D
-10.89374,32.9068,349.88,0.5,0.66,2026-10-06,1210,N20,VIIRS,n,2.0NRT,301.72,6.46,D
-10.89361,32.15664,341.8,0.44,0.63,2026-10-06,1210,N20,VIIRS,n,2.0NRT,293.6,4.92,D
-10.89033,33.61258,340.63,0.55,0.68,2026-10-06,1210,N20,VIIRS,n,2.0NRT,297.12,8.52,D
-10.88963,32.90572,330.89,0.5,0.65,2026-10-06,1210,N20,VIIRS,n,2.0NRT,301.78,5.07,D
-10.88934,32.27208,330.06,0.45,0.63,2026-10-06,1210,N20,VIIRS,l,2.0NRT,300.42,2.86,D
-10.88873,32.9102,331.06,0.5,0.65,2026-10-06,1210,N20,VIIRS,n,2.0NRT,300.05,2.75,D
-10.88774,32.90566,330.29,0.5,0.66,2026-10-06,1210,N20,VIIRS,l,2.0NRT,302.13,5.73,D
-10.88687,32.91015,345.56,0.5,0.66,2026-10-06,1210,N20,VIIRS,n,2.0NRT,300.77,5.48,D
-10.88437,31.70077,340.84,0.41,0.61,2026-10-06,1210,N20,VIIRS,n,2.0NRT,303.89,2.97,D
-10.88435,32.70009,367,0.48,0.65,2026-10-06,1210,N20,VIIRS,h,2.0NRT,302.81,9.04,D
-10.88,32.9135,334.51,0.5,0.66,2026-10-06,1210,N20,VIIRS,n,2.0NRT,301.42,5.48,D
-10.87913,32.91801,354.14,0.5,0.66,2026-10-06,1210,N20,VIIRS,n,2.0NRT,300.73,5.71,D
-10.87754,32.70349,332.89,0.48,0.65,2026-10-06,1210,N20,VIIRS,n,2.0NRT,302.96,3.74,D
-10.87495,32.06943,335.03,0.44,0.62,2026-10-06,1210,N20,VIIRS,n,2.0NRT,297.57,5.02,D
-10.87416,32.07348,349.89,0.44,0.62,2026-10-06,1210,N20,VIIRS,n,2.0NRT,296.14,5.02,D
-10.86935,33.13132,339.48,0.51,0.66,2026-10-06,1210,N20,VIIRS,n,2.0NRT,300.33,4.72,D
-10.86886,33.13525,348.31,0.51,0.66,2026-10-06,1210,N20,VIIRS,n,2.0NRT,300.03,7.86,D
-10.86873,24.31731,336.18,0.44,0.38,2026-10-06,1210,N20,VIIRS,n,2.0NRT,301.93,2.33,D
-10.86847,33.13588,343.22,0.51,0.66,2026-10-06,1210,N20,VIIRS,n,2.0NRT,299.21,5.71,D
-10.86314,30.65977,338.37,0.35,0.57,2026-10-06,1210,N20,VIIRS,n,2.0NRT,305.13,4.09,D
-10.86282,33.13384,351.86,0.51,0.66,2026-10-06,1210,N20,VIIRS,n,2.0NRT,301.62,7.29,D
-10.86268,26.58872,333.37,0.57,0.43,2026-10-06,1210,N20,VIIRS,l,2.0NRT,303.5,7.18,D
-10.86255,30.66298,343.66,0.35,0.57,2026-10-06,1210,N20,VIIRS,n,2.0NRT,303.46,4.09,D
-10.86244,33.13446,337.79,0.51,0.66,2026-10-06,1210,N20,VIIRS,n,2.0NRT,300.63,5.71,D
-10.86034,33.59986,352.16,0.55,0.68,2026-10-06,1210,N20,VIIRS,n,2.0NRT,287.3,7.01,D
-10.85568,24.44261,339.32,0.44,0.39,2026-10-06,1210,N20,VIIRS,n,2.0NRT,308.88,5.25,D
-10.85503,26.11073,350.43,0.54,0.42,2026-10-06,1210,N20,VIIRS,n,2.0NRT,302.43,10.41,D
-10.85374,32.23988,367,0.45,0.63,2026-10-06,1210,N20,VIIRS,h,2.0NRT,300.2,28.65,D
-10.84635,32.24721,331.21,0.45,0.63,2026-10-06,1210,N20,VIIRS,n,2.0NRT,296.21,3.73,D
-10.8416,31.53601,356.2,0.4,0.6,2026-10-06,1210,N20,VIIRS,l,2.0NRT,289.63,2.75,D
-10.84092,31.53968,334.3,0.4,0.6,2026-10-06,1210,N20,VIIRS,n,2.0NRT,297.03,2.75,D
-10.83669,26.5251,337.4,0.57,0.43,2026-10-06,1210,N20,VIIRS,n,2.0NRT,305.15,5.25,D
-10.83607,31.53511,334.88,0.4,0.6,2026-10-06,1210,N20,VIIRS,n,2.0NRT,303.46,5.54,D
-10.83426,26.66045,338.78,0.39,0.44,2026-10-06,1210,N20,VIIRS,n,2.0NRT,304.42,3.47,D
-10.83179,26.57812,334.17,0.57,0.43,2026-10-06,1210,N20,VIIRS,n,2.0NRT,300.89,3.92,D
-10.83026,26.65983,341.32,0.39,0.44,2026-10-06,1210,N20,VIIRS,n,2.0NRT,302.45,3.47,D
-10.82912,26.5939,338,0.57,0.43,2026-10-06,1210,N20,VIIRS,n,2.0NRT,303.54,6.11,D
-10.82458,31.29546,338.14,0.39,0.59,2026-10-06,1210,N20,VIIRS,n,2.0NRT,305.78,2.97,D
-10.8238,31.26998,337.94,0.39,0.59,2026-10-06,1210,N20,VIIRS,n,2.0NRT,307.85,2.12,D
-10.81844,24.24438,331.71,0.44,0.38,2026-10-06,1210,N20,VIIRS,n,2.0NRT,301.65,2.68,D
-10.81192,31.51196,341.77,0.4,0.6,2026-10-06,1210,N20,VIIRS,n,2.0NRT,303.18,8.23,D
-10.81048,28.79804,339.03,0.53,0.5,2026-10-06,1210,N20,VIIRS,n,2.0NRT,299.91,6.3,D
-10.81005,28.79652,334.18,0.53,0.5,2026-10-06,1210,N20,VIIRS,n,2.0NRT,299.03,5.76,D
-10.80957,32.68757,336.21,0.48,0.65,2026-10-06,1210,N20,VIIRS,n,2.0NRT,302.83,3.46,D
-10.80866,30.1977,351.52,0.33,0.55,2026-10-06,1210,N20,VIIRS,n,2.0NRT,299.76,4.51,D
-10.80368,32.68627,335.61,0.48,0.65,2026-10-06,1210,N20,VIIRS,n,2.0NRT,303.44,3.46,D
-10.80165,33.34997,367,0.53,0.67,2026-10-06,1210,N20,VIIRS,h,2.0NRT,298.61,18.31,D
-10.80094,24.53331,335.07,0.45,0.39,2026-10-06,1210,N20,VIIRS,l,2.0NRT,309.33,4.64,D
-10.80056,33.34889,354.62,0.53,0.67,2026-10-06,1210,N20,VIIRS,n,2.0NRT,293.95,18.3,D
-10.80014,26.02743,338.6,0.53,0.42,2026-10-06,1210,N20,VIIRS,n,2.0NRT,303.45,6.07,D
-10.79956,33.35388,346.66,0.53,0.67,2026-10-06,1210,N20,VIIRS,n,2.0NRT,296.73,17.46,D
-10.79831,33.1716,338.31,0.52,0.67,2026-10-06,1210,N20,VIIRS,n,2.0NRT,302.87,6.25,D
-10.79548,29.41416,339.98,0.58,0.52,2026-10-06,1210,N20,VIIRS,n,2.0NRT,295.01,5.71,D
-10.79545,29.41238,342.67,0.58,0.52,2026-10-06,1210,N20,VIIRS,n,2.0NRT,296.71,4.18,D
-10.78817,30.80033,356.01,0.36,0.57,2026-10-06,1210,N20,VIIRS,n,2.0NRT,307.34,6.64,D
-10.78755,30.80357,345.54,0.36,0.57,2026-10-06,1210,N20,VIIRS,n,2.0NRT,299.89,6.64,D
-10.78096,31.82966,332.6,0.42,0.61,2026-10-06,1210,N20,VIIRS,n,2.0NRT,301.76,5.57,D
-10.78022,31.83356,332.12,0.42,0.61,2026-10-06,1210,N20,VIIRS,n,2.0NRT,303.13,5.57,D
-10.77864,31.82902,367,0.42,0.61,2026-10-06,1210,N20,VIIRS,h,2.0NRT,303.43,9.87,D
-10.77788,31.83291,352.19,0.42,0.61,2026-10-06,1210,N20,VIIRS,n,2.0NRT,303.24,9.87,D
-10.77535,31.82855,367,0.42,0.61,2026-10-06,1210,N20,VIIRS,h,2.0NRT,302.57,5.57,D
-10.77461,31.83247,337.37,0.42,0.61,2026-10-06,1210,N20,VIIRS,n,2.0NRT,304.03,5.57,D
-10.76664,31.45075,337.98,0.4,0.6,2026-10-06,1210,N20,VIIRS,n,2.0NRT,305.44,3.74,D
-10.76645,31.45203,346.48,0.4,0.6,2026-10-06,1210,N20,VIIRS,n,2.0NRT,304.55,4.73,D
-10.76598,31.45433,333.49,0.4,0.6,2026-10-06,1210,N20,VIIRS,l,2.0NRT,303.65,3.91,D
-10.76518,26.37776,341.75,0.56,0.43,2026-10-06,1210,N20,VIIRS,n,2.0NRT,304.45,9.49,D
-10.76504,30.18732,331.97,0.33,0.55,2026-10-06,1210,N20,VIIRS,n,2.0NRT,296.06,3.86,D
-10.7645,30.19031,344.59,0.33,0.55,2026-10-06,1210,N20,VIIRS,n,2.0NRT,298.4,3.03,D
-10.76397,30.19328,331.75,0.33,0.55,2026-10-06,1210,N20,VIIRS,n,2.0NRT,297.04,3.03,D
-10.76258,24.34563,337.45,0.44,0.38,2026-10-06,1210,N20,VIIRS,n,2.0NRT,307.35,4.4,D
-10.75278,24.56383,337.56,0.45,0.39,2026-10-06,1210,N20,VIIRS,n,2.0NRT,305.18,24.94,D
-10.74857,24.56733,334.59,0.45,0.39,2026-10-06,1210,N20,VIIRS,n,2.0NRT,303.26,10.62,D
-10.7464,26.3694,336.03,0.56,0.43,2026-10-06,1210,N20,VIIRS,n,2.0NRT,304.75,5.64,D
-10.74501,24.56675,333.48,0.45,0.39,2026-10-06,1210,N20,VIIRS,l,2.0NRT,304.58,8,D
-10.74168,26.20823,335.07,0.55,0.42,2026-10-06,1210,N20,VIIRS,l,2.0NRT,305.23,5.16,D
-10.73188,32.76982,331.13,0.49,0.65,2026-10-06,1210,N20,VIIRS,l,2.0NRT,301.78,2.07,D
-10.73071,32.76279,331.92,0.49,0.65,2026-10-06,1210,N20,VIIRS,n,2.0NRT,300.91,2.93,D
-10.72609,27.14882,341.7,0.41,0.45,2026-10-06,1210,N20,VIIRS,n,2.0NRT,301.81,7.62,D
-10.72487,31.16321,340.72,0.38,0.59,2026-10-06,1210,N20,VIIRS,n,2.0NRT,307.15,3.47,D
-10.71804,32.4459,349.46,0.47,0.64,2026-10-06,1210,N20,VIIRS,n,2.0NRT,292.34,7.7,D
-10.71385,32.43626,355.25,0.47,0.64,2026-10-06,1210,N20,VIIRS,n,2.0NRT,292.51,13.53,D
-10.713,32.44064,367,0.47,0.64,2026-10-06,1210,N20,VIIRS,h,2.0NRT,293.7,23.44,D
-10.71216,32.44499,367,0.47,0.64,2026-10-06,1210,N20,VIIRS,h,2.0NRT,290.08,23.44,D
-10.71182,31.7656,339.78,0.42,0.61,2026-10-06,1210,N20,VIIRS,n,2.0NRT,305.12,2.95,D
-10.71062,32.35966,331.9,0.46,0.64,2026-10-06,1210,N20,VIIRS,n,2.0NRT,293.12,4.59,D
-10.7098,32.36385,337.58,0.46,0.64,2026-10-06,1210,N20,VIIRS,n,2.0NRT,293.85,4.59,D
-10.70862,31.76428,353.04,0.42,0.61,2026-10-06,1210,N20,VIIRS,n,2.0NRT,306.65,5.01,D
-10.70797,32.43534,335.2,0.47,0.64,2026-10-06,1210,N20,VIIRS,n,2.0NRT,291.94,13.53,D
-10.70613,31.76498,340.32,0.42,0.61,2026-10-06,1210,N20,VIIRS,n,2.0NRT,304.81,2.95,D
-10.70508,32.35992,334.88,0.46,0.64,2026-10-06,1210,N20,VIIRS,n,2.0NRT,294.95,3.57,D
-10.70496,29.25951,332.15,0.57,0.52,2026-10-06,1210,N20,VIIRS,n,2.0NRT,297.89,4.52,D
-10.70445,26.30765,335.03,0.55,0.43,2026-10-06,1210,N20,VIIRS,l,2.0NRT,306.79,4.48,D
-10.70414,26.31007,341.79,0.55,0.43,2026-10-06,1210,N20,VIIRS,n,2.0NRT,306.62,13.4,D
-10.70361,26.31273,337.76,0.55,0.43,2026-10-06,1210,N20,VIIRS,n,2.0NRT,305.87,4.48,D
-10.70309,32.36732,330.08,0.46,0.64,2026-10-06,1210,N20,VIIRS,n,2.0NRT,292.08,2.48,D
-10.70194,26.253,333.24,0.55,0.43,2026-10-06,1210,N20,VIIRS,l,2.0NRT,305.33,3.57,D
-10.70021,29.25865,333.34,0.57,0.52,2026-10-06,1210,N20,VIIRS,n,2.0NRT,297.12,4.97,D
-10.69968,26.31216,342.28,0.55,0.43,2026-10-06,1210,N20,VIIRS,n,2.0NRT,308.65,7.74,D
-10.69934,26.31453,340.7,0.55,0.43,2026-10-06,1210,N20,VIIRS,n,2.0NRT,309.23,11.16,D
-10.69882,32.45121,331.74,0.47,0.64,2026-10-06,1210,N20,VIIRS,n,2.0NRT,295.89,4.81,D
-10.69849,33.48148,345.75,0.55,0.68,2026-10-06,1210,N20,VIIRS,n,2.0NRT,299.67,11.65,D
-10.69793,26.72754,352.27,0.39,0.44,2026-10-06,1210,N20,VIIRS,n,2.0NRT,308,13.49,D
-10.69482,33.47839,335.78,0.55,0.68,2026-10-06,1210,N20,VIIRS,n,2.0NRT,300.64,4.7,D
-10.69387,33.48335,330.59,0.55,0.68,2026-10-06,1210,N20,VIIRS,l,2.0NRT,300.75,4.7,D
-10.68711,32.07693,336.04,0.44,0.62,2026-10-06,1210,N20,VIIRS,n,2.0NRT,295.32,3.81,D
-10.68433,32.84336,343.97,0.5,0.65,2026-10-06,1210,N20,VIIRS,n,2.0NRT,299.1,4.51,D
-10.68289,26.4624,340.75,0.57,0.43,2026-10-06,1210,N20,VIIRS,n,2.0NRT,309.24,19.27,D
-10.68247,32.44794,334.61,0.47,0.64,2026-10-06,1210,N20,VIIRS,n,2.0NRT,293.96,4.29,D
-10.68193,32.13496,343.75,0.45,0.63,2026-10-06,1210,N20,VIIRS,n,2.0NRT,297.8,9.47,D
-10.68155,32.44648,334.53,0.47,0.64,2026-10-06,1210,N20,VIIRS,n,2.0NRT,294.77,3.52,D
-10.68151,26.46446,340.71,0.57,0.43,2026-10-06,1210,N20,VIIRS,n,2.0NRT,309.4,19.38,D
-10.6811,32.13927,339.05,0.45,0.63,2026-10-06,1210,N20,VIIRS,n,2.0NRT,296.37,11.68,D
-10.67962,31.15454,355.38,0.38,0.59,2026-10-06,1210,N20,VIIRS,n,2.0NRT,307.92,8.27,D
-10.67898,31.15794,367,0.38,0.59,2026-10-06,1210,N20,VIIRS,h,2.0NRT,305.86,9.18,D
-10.67691,31.97663,367,0.43,0.62,2026-10-06,1210,N20,VIIRS,h,2.0NRT,299.73,10.28,D
-10.6767,32.44643,334.76,0.47,0.64,2026-10-06,1210,N20,VIIRS,n,2.0NRT,294.67,5.72,D
-10.67612,31.98068,333.95,0.43,0.62,2026-10-06,1210,N20,VIIRS,n,2.0NRT,296.32,7.88,D
-10.67575,32.44516,334.88,0.47,0.64,2026-10-06,1210,N20,VIIRS,n,2.0NRT,295.19,3.49,D
-10.67555,33.4446,336.93,0.54,0.68,2026-10-06,1210,N20,VIIRS,n,2.0NRT,299.77,4.7,D
-10.67422,31.15358,344.83,0.38,0.59,2026-10-06,1210,N20,VIIRS,n,2.0NRT,305.49,8.27,D
-10.67419,33.4416,348.13,0.54,0.68,2026-10-06,1210,N20,VIIRS,n,2.0NRT,299.77,7.01,D
-10.67358,31.15699,339.45,0.38,0.59,2026-10-06,1210,N20,VIIRS,n,2.0NRT,305.27,9.18,D
-10.66323,31.33864,332.72,0.39,0.6,2026-10-06,1210,N20,VIIRS,l,2.0NRT,304.74,2.74,D
-10.66238,31.33829,332.85,0.39,0.6,2026-10-06,1210,N20,VIIRS,l,2.0NRT,305.02,2.75,D
-10.65767,29.46866,342.04,0.59,0.53,2026-10-06,1210,N20,VIIRS,n,2.0NRT,299.93,9.43,D
-10.65764,31.18263,336.58,0.38,0.59,2026-10-06,1210,N20,VIIRS,n,2.0NRT,302.72,2.73,D
-10.65614,26.65841,342.78,0.39,0.44,2026-10-06,1210,N20,VIIRS,n,2.0NRT,306.3,6.47,D
-10.65552,26.66197,344.01,0.39,0.44,2026-10-06,1210,N20,VIIRS,n,2.0NRT,306.49,7.64,D
-10.65506,26.76036,338.2,0.39,0.44,2026-10-06,1210,N20,VIIRS,n,2.0NRT,302.03,5.75,D
-10.65449,31.11016,367,0.38,0.59,2026-10-06,1210,N20,VIIRS,h,2.0NRT,302.68,6.75,D
-10.6489,32.40155,330.56,0.46,0.64,2026-10-06,1210,N20,VIIRS,n,2.0NRT,295.38,5.34,D
-10.64823,32.46854,330.01,0.47,0.64,2026-10-06,1210,N20,VIIRS,n,2.0NRT,292.18,1.75,D
-10.64445,26.72586,339.87,0.39,0.44,2026-10-06,1210,N20,VIIRS,n,2.0NRT,305.88,6.45,D
-10.64424,33.53868,349.14,0.55,0.68,2026-10-06,1210,N20,VIIRS,n,2.0NRT,299.23,9.33,D
-10.64321,30.99374,335.89,0.37,0.58,2026-10-06,1210,N20,VIIRS,n,2.0NRT,303.73,4.02,D
-10.64307,32.40042,337.16,0.46,0.64,2026-10-06,1210,N20,VIIRS,n,2.0NRT,295.86,5.34,D
-10.64256,30.99718,341.4,0.37,0.58,2026-10-06,1210,N20,VIIRS,n,2.0NRT,304,4.02,D
-10.64256,33.61383,352.74,0.56,0.69,2026-10-06,1210,N20,VIIRS,n,2.0NRT,300.4,12.54,D
-10.64229,32.40447,346.42,0.47,0.64,2026-10-06,1210,N20,VIIRS,n,2.0NRT,296.41,5.34,D
-10.64,33.61078,367,0.56,0.69,2026-10-06,1210,N20,VIIRS,h,2.0NRT,301.1,14.45,D
-10.63902,33.6156,367,0.56,0.69,2026-10-06,1210,N20,VIIRS,h,2.0NRT,300.23,14.45,D
-10.63702,33.60879,341.09,0.56,0.69,2026-10-06,1210,N20,VIIRS,n,2.0NRT,296.78,15.07,D
-10.63614,33.61328,354.3,0.56,0.69,2026-10-06,1210,N20,VIIRS,n,2.0NRT,298.57,12.54,D
-10.63356,31.07383,337.54,0.38,0.59,2026-10-06,1210,N20,VIIRS,n,2.0NRT,301.73,3.68,D
-10.63341,30.17206,338.39,0.33,0.55,2026-10-06,1210,N20,VIIRS,n,2.0NRT,296.99,5.63,D
-10.63319,30.47355,334.74,0.34,0.56,2026-10-06,1210,N20,VIIRS,n,2.0NRT,301.01,4.6,D
-10.6326,30.47669,340.3,0.34,0.56,2026-10-06,1210,N20,VIIRS,n,2.0NRT,297.19,3.71,D
-10.63009,31.93419,348.76,0.43,0.62,2026-10-06,1210,N20,VIIRS,n,2.0NRT,294.67,14.13,D
-10.62932,31.93827,367,0.43,0.62,2026-10-06,1210,N20,VIIRS,h,2.0NRT,305.36,14.66,D
-10.62855,31.94237,336.39,0.43,0.62,2026-10-06,1210,N20,VIIRS,n,2.0NRT,301.16,14.66,D
-10.6222,33.55168,336.46,0.56,0.68,2026-10-06,1210,N20,VIIRS,n,2.0NRT,296.88,2.6,D
-10.6203,31.62706,331.33,0.41,0.61,2026-10-06,1210,N20,VIIRS,l,2.0NRT,305.06,4.23,D
-10.61692,30.91006,355.1,0.37,0.58,2026-10-06,1210,N20,VIIRS,n,2.0NRT,304.63,7.33,D
-10.61629,30.91347,367,0.37,0.58,2026-10-06,1210,N20,VIIRS,h,2.0NRT,302.65,7.33,D
-10.61265,33.56709,333.32,0.56,0.69,2026-10-06,1210,N20,VIIRS,n,2.0NRT,297.22,5.37,D
-10.6074,32.39712,333.84,0.47,0.64,2026-10-06,1210,N20,VIIRS,n,2.0NRT,293.88,6.04,D
-10.60642,31.2168,367,0.39,0.59,2026-10-06,1210,N20,VIIRS,h,2.0NRT,305.08,5.91,D
-10.6044,31.65064,335.4,0.41,0.61,2026-10-06,1210,N20,VIIRS,n,2.0NRT,305.11,4.44,D
-10.60373,30.5165,338.72,0.35,0.57,2026-10-06,1210,N20,VIIRS,n,2.0NRT,302.38,2.74,D
-10.603,31.65025,331.42,0.41,0.61,2026-10-06,1210,N20,VIIRS,l,2.0NRT,304.26,1.41,D
-10.60298,30.51346,331.85,0.35,0.57,2026-10-06,1210,N20,VIIRS,n,2.0NRT,300.61,3.09,D
-10.60241,30.51659,343.35,0.35,0.57,2026-10-06,1210,N20,VIIRS,n,2.0NRT,302.97,3.09,D
-10.59857,30.5155,338.75,0.35,0.57,2026-10-06,1210,N20,VIIRS,n,2.0NRT,305.55,2.74,D
-10.59823,33.57414,352.38,0.56,0.69,2026-10-06,1210,N20,VIIRS,n,2.0NRT,298.71,6.01,D
-10.59639,29.42752,344.66,0.59,0.53,2026-10-06,1210,N20,VIIRS,n,2.0NRT,301.04,13.85,D
-10.59614,29.42418,333.76,0.59,0.53,2026-10-06,1210,N20,VIIRS,n,2.0NRT,301.76,9.15,D
-10.59516,29.42946,341.22,0.59,0.53,2026-10-06,1210,N20,VIIRS,n,2.0NRT,299.92,8.37,D
-10.59394,33.33638,333.71,0.54,0.68,2026-10-06,1210,N20,VIIRS,n,2.0NRT,301.75,11.74,D
-10.59363,33.59733,336.26,0.56,0.69,2026-10-06,1210,N20,VIIRS,n,2.0NRT,300.57,6.01,D
-10.59211,33.57216,332.61,0.56,0.69,2026-10-06,1210,N20,VIIRS,n,2.0NRT,298.88,6.01,D
-10.58959,33.33402,354.97,0.54,0.68,2026-10-06,1210,N20,VIIRS,n,2.0NRT,305.07,16.62,D
-10.58864,33.33891,367,0.54,0.68,2026-10-06,1210,N20,VIIRS,h,2.0NRT,301.04,16.62,D
-10.58777,33.33514,355.82,0.54,0.68,2026-10-06,1210,N20,VIIRS,n,2.0NRT,304.81,11.74,D
-10.58748,31.22787,330.82,0.39,0.59,2026-10-06,1210,N20,VIIRS,l,2.0NRT,301.84,1.49,D
-10.58678,33.34005,350.95,0.54,0.68,2026-10-06,1210,N20,VIIRS,n,2.0NRT,299.96,11.74,D
-10.58239,26.7923,334.81,0.4,0.44,2026-10-06,1210,N20,VIIRS,n,2.0NRT,302.85,2.26,D
-10.58239,31.76875,349.3,0.42,0.61,2026-10-06,1210,N20,VIIRS,n,2.0NRT,302.95,2.47,D
-10.58178,33.55866,347.13,0.56,0.69,2026-10-06,1210,N20,VIIRS,n,2.0NRT,299.12,9.28,D
-10.58015,31.76802,356.28,0.42,0.61,2026-10-06,1210,N20,VIIRS,n,2.0NRT,305.55,4.51,D
-10.58001,31.23755,347.87,0.39,0.59,2026-10-06,1210,N20,VIIRS,n,2.0NRT,305.41,5.4,D
-10.57939,31.77191,330.21,0.42,0.61,2026-10-06,1210,N20,VIIRS,l,2.0NRT,301.86,4.51,D
-10.57907,31.23584,337.19,0.39,0.59,2026-10-06,1210,N20,VIIRS,n,2.0NRT,304.56,3.18,D
-10.57862,33.55787,345,0.56,0.69,2026-10-06,1210,N20,VIIRS,n,2.0NRT,299.11,18.37,D
-10.57615,33.55424,343.92,0.56,0.68,2026-10-06,1210,N20,VIIRS,n,2.0NRT,299.08,12.63,D
-10.57525,33.55874,367,0.56,0.69,2026-10-06,1210,N20,VIIRS,h,2.0NRT,299.13,14.69,D
-10.57502,31.6843,341.93,0.42,0.61,2026-10-06,1210,N20,VIIRS,n,2.0NRT,303.94,5.72,D
-10.57362,26.74627,340.89,0.39,0.44,2026-10-06,1210,N20,VIIRS,n,2.0NRT,303.5,17.09,D
-10.573,26.74986,349.05,0.39,0.44,2026-10-06,1210,N20,VIIRS,n,2.0NRT,306.81,34.4,D
-10.57218,33.55756,356.21,0.56,0.69,2026-10-06,1210,N20,VIIRS,n,2.0NRT,298.33,10.97,D
-10.57214,33.63966,335.04,0.56,0.69,2026-10-06,1210,N20,VIIRS,n,2.0NRT,298.8,16.62,D
-10.57127,33.49504,332.76,0.55,0.68,2026-10-06,1210,N20,VIIRS,n,2.0NRT,298.58,2.01,D
-10.57125,33.64413,367,0.56,0.69,2026-10-06,1210,N20,VIIRS,h,2.0NRT,302.38,16.62,D
-10.56873,33.64308,349.07,0.56,0.69,2026-10-06,1210,N20,VIIRS,n,2.0NRT,301.13,9.49,D
-10.56847,33.49531,336.55,0.55,0.68,2026-10-06,1210,N20,VIIRS,n,2.0NRT,299.26,3.15,D
-10.56804,31.65997,340.51,0.42,0.61,2026-10-06,1210,N20,VIIRS,n,2.0NRT,302.73,6.2,D
-10.56779,30.70701,352.42,0.36,0.57,2026-10-06,1210,N20,VIIRS,n,2.0NRT,305.83,2.96,D
-10.56773,30.70641,350.89,0.36,0.57,2026-10-06,1210,N20,VIIRS,n,2.0NRT,305.83,2.71,D
-10.56749,26.78217,340.89,0.4,0.44,2026-10-06,1210,N20,VIIRS,n,2.0NRT,301.63,5.36,D
-10.56687,26.78578,336.22,0.4,0.44,2026-10-06,1210,N20,VIIRS,n,2.0NRT,300.03,3.86,D
-10.56574,33.50889,335.94,0.55,0.68,2026-10-06,1210,N20,VIIRS,n,2.0NRT,302.08,4.32,D
-10.56298,33.50437,331.55,0.55,0.68,2026-10-06,1210,N20,VIIRS,n,2.0NRT,300,3.8,D
-10.5554,33.31193,337.96,0.54,0.68,2026-10-06,1210,N20,VIIRS,n,2.0NRT,302.56,7.49,D
-10.55442,33.31693,342.08,0.54,0.68,2026-10-06,1210,N20,VIIRS,n,2.0NRT,301,5.21,D
-10.55408,33.28607,337.41,0.53,0.67,2026-10-06,1210,N20,VIIRS,n,2.0NRT,301.25,3.44,D
-10.54793,33.28477,367,0.53,0.67,2026-10-06,1210,N20,VIIRS,h,2.0NRT,306.33,14.95,D
-10.547,33.28946,345.38,0.53,0.67,2026-10-06,1210,N20,VIIRS,n,2.0NRT,303.06,14.95,D
-10.54055,29.24302,344.65,0.57,0.52,2026-10-06,1210,N20,VIIRS,n,2.0NRT,298.6,7.89,D
-10.53774,31.09752,333.38,0.38,0.59,2026-10-06,1210,N20,VIIRS,n,2.0NRT,301.1,2.41,D
-10.5375,31.72955,342.41,0.42,0.61,2026-10-06,1210,N20,VIIRS,n,2.0NRT,302.98,4.95,D
-10.53102,31.10361,340.13,0.38,0.59,2026-10-06,1210,N20,VIIRS,n,2.0NRT,300.04,6.13,D
-10.52812,33.25547,342.49,0.53,0.67,2026-10-06,1210,N20,VIIRS,n,2.0NRT,303.09,4.5,D
-10.52431,33.27467,330.29,0.53,0.67,2026-10-06,1210,N20,VIIRS,l,2.0NRT,301.17,2.54,D
-10.52231,33.38197,342.7,0.54,0.68,2026-10-06,1210,N20,VIIRS,n,2.0NRT,299.93,5.54,D
-10.51989,30.55712,339.65,0.35,0.57,2026-10-06,1210,N20,VIIRS,n,2.0NRT,301.79,3.73,D
-10.51686,29.21157,341.93,0.57,0.52,2026-10-06,1210,N20,VIIRS,n,2.0NRT,300.32,8.56,D
-10.51607,29.21371,345.09,0.57,0.52,2026-10-06,1210,N20,VIIRS,n,2.0NRT,299.31,6.12,D
-10.51269,29.95786,367,0.32,0.55,2026-10-06,1210,N20,VIIRS,h,2.0NRT,294.52,9.33,D
-10.51216,29.96075,341.65,0.32,0.55,2026-10-06,1210,N20,VIIRS,n,2.0NRT,290.85,7.38,D
-10.50083,31.73907,340.93,0.42,0.61,2026-10-06,1210,N20,VIIRS,n,2.0NRT,300.58,11.67,D
-10.50009,31.74291,342.9,0.42,0.61,2026-10-06,1210,N20,VIIRS,n,2.0NRT,300.66,11.67,D
-10.49788,31.73762,347.03,0.42,0.61,2026-10-06,1210,N20,VIIRS,n,2.0NRT,309.05,25.44,D
-10.49716,31.74147,367,0.42,0.61,2026-10-06,1210,N20,VIIRS,h,2.0NRT,301.97,25.44,D
-10.49638,33.2593,351.84,0.53,0.67,2026-10-06,1210,N20,VIIRS,n,2.0NRT,304.6,11.14,D
-10.49576,33.25732,350.42,0.53,0.67,2026-10-06,1210,N20,VIIRS,n,2.0NRT,304.35,8.69,D
-10.49521,31.73804,354.29,0.42,0.61,2026-10-06,1210,N20,VIIRS,n,2.0NRT,306.43,11.67,D
-10.49447,31.74187,343.09,0.42,0.61,2026-10-06,1210,N20,VIIRS,n,2.0NRT,299.33,11.67,D
-10.49411,26.77118,347.27,0.4,0.44,2026-10-06,1210,N20,VIIRS,n,2.0NRT,304.76,18.84,D
-10.4915,33.40712,339.51,0.55,0.68,2026-10-06,1210,N20,VIIRS,n,2.0NRT,300.08,6.7,D
-10.49049,33.41216,353.91,0.55,0.68,2026-10-06,1210,N20,VIIRS,n,2.0NRT,298.6,6.7,D
-10.48949,26.7739,341.9,0.4,0.44,2026-10-06,1210,N20,VIIRS,n,2.0NRT,300.26,101.35,D
-10.48896,31.98443,330.73,0.44,0.62,2026-10-06,1210,N20,VIIRS,n,2.0NRT,297.37,7.15,D
-10.4868,33.40878,367,0.55,0.68,2026-10-06,1210,N20,VIIRS,h,2.0NRT,299.2,11.55,D
-10.48402,31.97937,367,0.44,0.62,2026-10-06,1210,N20,VIIRS,h,2.0NRT,293.74,7.15,D
-10.48284,30.87196,355.74,0.37,0.58,2026-10-06,1210,N20,VIIRS,n,2.0NRT,308.21,15.23,D
-10.48219,30.87542,334.7,0.37,0.58,2026-10-06,1210,N20,VIIRS,l,2.0NRT,305.4,10.37,D
-10.47535,29.277,338.53,0.58,0.52,2026-10-06,1210,N20,VIIRS,n,2.0NRT,298.52,5.17,D
-10.46874,31.46269,340.31,0.4,0.6,2026-10-06,1210,N20,VIIRS,n,2.0NRT,300.84,3.64,D
-10.46737,32.15989,341.06,0.45,0.63,2026-10-06,1210,N20,VIIRS,n,2.0NRT,298.97,6.71,D
-10.46595,31.47744,337.39,0.41,0.6,2026-10-06,1210,N20,VIIRS,n,2.0NRT,302.17,3.94,D
-10.46524,31.48116,330.02,0.41,0.6,2026-10-06,1210,N20,VIIRS,n,2.0NRT,298.66,3.86,D
-10.4634,31.40085,341.77,0.4,0.6,2026-10-06,1210,N20,VIIRS,n,2.0NRT,303.27,7.33,D
-10.46322,31.46173,330.09,0.4,0.6,2026-10-06,1210,N20,VIIRS,l,2.0NRT,300.72,3.64,D
-10.46311,32.15089,351.67,0.45,0.63,2026-10-06,1210,N20,VIIRS,n,2.0NRT,301.04,24.06,D
-10.46269,31.40455,332.67,0.4,0.6,2026-10-06,1210,N20,VIIRS,n,2.0NRT,301.9,6.06,D
-10.46237,31.16103,350.15,0.39,0.59,2026-10-06,1210,N20,VIIRS,n,2.0NRT,302.93,3.03,D
-10.46234,32.15494,367,0.45,0.63,2026-10-06,1210,N20,VIIRS,h,2.0NRT,300.18,24.06,D
-10.46209,31.37787,333.32,0.4,0.6,2026-10-06,1210,N20,VIIRS,n,2.0NRT,302.37,3.21,D
-10.46156,32.159,339.89,0.45,0.63,2026-10-06,1210,N20,VIIRS,n,2.0NRT,299.67,6.71,D
-10.46078,32.16308,340.49,0.45,0.63,2026-10-06,1210,N20,VIIRS,n,2.0NRT,300.22,6.71,D
-10.45873,31.89653,367,0.43,0.62,2026-10-06,1210,N20,VIIRS,h,2.0NRT,295.92,11.59,D
-10.45797,31.90048,341.63,0.43,0.62,2026-10-06,1210,N20,VIIRS,n,2.0NRT,296.55,11.75,D
-10.4579,31.39986,355.37,0.4,0.6,2026-10-06,1210,N20,VIIRS,n,2.0NRT,295.05,6.43,D
-10.45689,31.89541,367,0.43,0.62,2026-10-06,1210,N20,VIIRS,h,2.0NRT,297.63,9.45,D
-10.45616,31.89937,333.25,0.43,0.62,2026-10-06,1210,N20,VIIRS,n,2.0NRT,298.09,5.73,D
-10.45451,31.08316,337.46,0.38,0.59,2026-10-06,1210,N20,VIIRS,n,2.0NRT,306.07,2.32,D
-10.45432,30.58917,367,0.35,0.57,2026-10-06,1210,N20,VIIRS,h,2.0NRT,304.89,13.4,D
-10.4543,31.44854,345.41,0.4,0.6,2026-10-06,1210,N20,VIIRS,n,2.0NRT,302.76,3.94,D
-10.4536,31.45224,335.12,0.4,0.6,2026-10-06,1210,N20,VIIRS,n,2.0NRT,301.2,3.94,D
-10.44954,30.76357,340.33,0.36,0.58,2026-10-06,1210,N20,VIIRS,n,2.0NRT,303.19,5.75,D
-10.44881,30.76199,346.57,0.36,0.58,2026-10-06,1210,N20,VIIRS,n,2.0NRT,302.31,3.54,D
-10.44855,33.37318,338.93,0.54,0.68,2026-10-06,1210,N20,VIIRS,n,2.0NRT,301.19,11.54,D
-10.44819,30.76525,331.22,0.36,0.58,2026-10-06,1210,N20,VIIRS,l,2.0NRT,302.87,3.94,D
-10.44764,33.37785,367,0.54,0.68,2026-10-06,1210,N20,VIIRS,h,2.0NRT,301.02,15.9,D
-10.44394,31.71546,339.46,0.42,0.61,2026-10-06,1210,N20,VIIRS,n,2.0NRT,302.07,4.75,D
-10.43879,29.12637,332.89,0.56,0.52,2026-10-06,1210,N20,VIIRS,n,2.0NRT,298.86,3.84,D
-10.43833,31.71442,343.68,0.42,0.61,2026-10-06,1210,N20,VIIRS,n,2.0NRT,299.63,4.75,D
-10.43813,29.12385,331.43,0.56,0.52,2026-10-06,1210,N20,VIIRS,n,2.0NRT,298.9,2.59,D
-10.43509,31.42968,332.45,0.4,0.6,2026-10-06,1210,N20,VIIRS,n,2.0NRT,299.43,4.62,D
-10.43497,31.4314,331.46,0.4,0.6,2026-10-06,1210,N20,VIIRS,n,2.0NRT,299.49,2.52,D
-10.43368,30.76089,330.19,0.36,0.58,2026-10-06,1210,N20,VIIRS,n,2.0NRT,298.95,0.92,D
-10.43299,31.77341,344.36,0.43,0.62,2026-10-06,1210,N20,VIIRS,n,2.0NRT,302.79,9.6,D
-10.4304,30.97501,342.63,0.38,0.58,2026-10-06,1210,N20,VIIRS,n,2.0NRT,301.99,1.51,D
-10.42975,30.97845,330.23,0.38,0.58,2026-10-06,1210,N20,VIIRS,l,2.0NRT,301.17,3.3,D
-10.42934,33.18211,340.97,0.53,0.67,2026-10-06,1210,N20,VIIRS,n,2.0NRT,292.99,8.76,D
-10.42853,33.18636,337.24,0.53,0.67,2026-10-06,1210,N20,VIIRS,n,2.0NRT,292.58,8.76,D
-10.4281,31.76846,343.37,0.43,0.62,2026-10-06,1210,N20,VIIRS,n,2.0NRT,303.71,12.37,D
-10.42779,33.18552,346.27,0.53,0.67,2026-10-06,1210,N20,VIIRS,n,2.0NRT,292.96,11.68,D
-10.4277,33.19069,347.48,0.53,0.67,2026-10-06,1210,N20,VIIRS,n,2.0NRT,290.97,12.84,D
-10.42743,29.43349,344.04,0.59,0.53,2026-10-06,1210,N20,VIIRS,n,2.0NRT,298.05,6.82,D
-10.42694,33.18985,334.43,0.53,0.67,2026-10-06,1210,N20,VIIRS,n,2.0NRT,290.96,13.26,D
-10.42688,33.19498,356.35,0.53,0.67,2026-10-06,1210,N20,VIIRS,l,2.0NRT,287.9,12.84,D
-10.42614,33.1988,352.2,0.53,0.67,2026-10-06,1210,N20,VIIRS,n,2.0NRT,290.1,16.97,D
-10.42607,33.19422,367,0.53,0.67,2026-10-06,1210,N20,VIIRS,h,2.0NRT,290.42,13.26,D
-10.42544,33.2025,354.91,0.53,0.67,2026-10-06,1210,N20,VIIRS,n,2.0NRT,286.32,16.97,D
-10.42529,33.19813,344.74,0.53,0.67,2026-10-06,1210,N20,VIIRS,n,2.0NRT,284.75,16.21,D
-10.42455,33.20186,367,0.53,0.67,2026-10-06,1210,N20,VIIRS,h,2.0NRT,290.82,16.21,D
-10.4218,30.99116,335.14,0.38,0.59,2026-10-06,1210,N20,VIIRS,n,2.0NRT,298.72,2.92,D
-10.42146,33.18998,340.72,0.53,0.67,2026-10-06,1210,N20,VIIRS,n,2.0NRT,284.99,12.84,D
-10.42114,33.31606,341.8,0.54,0.68,2026-10-06,1210,N20,VIIRS,n,2.0NRT,302.07,5.78,D
-10.4207,33.18909,341.84,0.53,0.67,2026-10-06,1210,N20,VIIRS,n,2.0NRT,286.91,13.21,D
-10.41981,33.19857,344.1,0.53,0.67,2026-10-06,1210,N20,VIIRS,n,2.0NRT,291.74,16.97,D
-10.41898,33.19777,342.15,0.53,0.67,2026-10-06,1210,N20,VIIRS,n,2.0NRT,291.1,7.95,D
-10.41776,30.98327,367,0.38,0.58,2026-10-06,1210,N20,VIIRS,h,2.0NRT,302.02,7.85,D
-10.4171,30.98673,349.05,0.38,0.58,2026-10-06,1210,N20,VIIRS,n,2.0NRT,294.64,7.85,D
-10.41538,30.98109,349.46,0.38,0.59,2026-10-06,1210,N20,VIIRS,n,2.0NRT,298.36,14.47,D
-10.41362,33.19759,337.68,0.53,0.67,2026-10-06,1210,N20,VIIRS,n,2.0NRT,291.25,11.17,D
-10.41282,33.19661,332.56,0.53,0.67,2026-10-06,1210,N20,VIIRS,n,2.0NRT,291.64,7.95,D
-10.41192,33.20645,331.69,0.53,0.67,2026-10-06,1210,N20,VIIRS,n,2.0NRT,290.58,5.85,D
-10.41114,33.21052,333.78,0.53,0.67,2026-10-06,1210,N20,VIIRS,n,2.0NRT,288.86,5.85,D
-10.41021,33.20973,340.36,0.53,0.67,2026-10-06,1210,N20,VIIRS,n,2.0NRT,289.23,10.73,D
-10.4102,30.93585,331.38,0.37,0.58,2026-10-06,1210,N20,VIIRS,l,2.0NRT,301.84,2.98,D
-10.40935,33.18664,342.84,0.53,0.67,2026-10-06,1210,N20,VIIRS,n,2.0NRT,289.89,7.37,D
-10.40859,33.18582,337.77,0.53,0.67,2026-10-06,1210,N20,VIIRS,n,2.0NRT,289.74,14.94,D
-10.40844,33.19135,330.45,0.53,0.67,2026-10-06,1210,N20,VIIRS,n,2.0NRT,290.57,7.37,D
-10.40767,33.19043,345.83,0.53,0.67,2026-10-06,1210,N20,VIIRS,n,2.0NRT,291.7,14.94,D
-10.40751,30.93353,344.08,0.37,0.58,2026-10-06,1210,N20,VIIRS,n,2.0NRT,301.17,2.83,D
-10.40316,33.18566,354.7,0.53,0.67,2026-10-06,1210,N20,VIIRS,n,2.0NRT,292.91,21.56,D
-10.40242,33.18476,355.57,0.53,0.67,2026-10-06,1210,N20,VIIRS,n,2.0NRT,291.45,14.94,D
-10.40229,33.19017,367,0.53,0.67,2026-10-06,1210,N20,VIIRS,h,2.0NRT,292.13,21.56,D
-10.40151,33.1893,367,0.53,0.67,2026-10-06,1210,N20,VIIRS,h,2.0NRT,293.06,14.94,D
-10.40143,33.19464,355.87,0.53,0.67,2026-10-06,1210,N20,VIIRS,n,2.0NRT,292.45,14.92,D
-10.40063,33.19374,348.86,0.53,0.67,2026-10-06,1210,N20,VIIRS,n,2.0NRT,292.07,25.09,D
-10.39308,29.32464,341.55,0.58,0.52,2026-10-06,1210,N20,VIIRS,n,2.0NRT,292.64,7.47,D
-10.39222,29.32676,340.31,0.58,0.52,2026-10-06,1210,N20,VIIRS,n,2.0NRT,296.77,2.98,D
-10.38848,30.21303,367,0.33,0.56,2026-10-06,1210,N20,VIIRS,h,2.0NRT,290.11,15.48,D
-10.38742,30.92276,332.91,0.37,0.58,2026-10-06,1210,N20,VIIRS,n,2.0NRT,299.26,1.96,D
-10.3861,27.43424,334.88,0.44,0.46,2026-10-06,1210,N20,VIIRS,n,2.0NRT,295.92,4.09,D
-10.3837,33.18735,339.24,0.53,0.67,2026-10-06,1210,N20,VIIRS,n,2.0NRT,296.05,7.64,D
-10.38344,33.37608,340.29,0.55,0.68,2026-10-06,1210,N20,VIIRS,n,2.0NRT,305.09,7.68,D
-10.3809,32.80562,335.87,0.5,0.66,2026-10-06,1210,N20,VIIRS,n,2.0NRT,297.6,2.47,D
-10.38023,33.37119,348.79,0.55,0.68,2026-10-06,1210,N20,VIIRS,n,2.0NRT,305.79,9.14,D
-10.37749,31.77339,334.07,0.43,0.62,2026-10-06,1210,N20,VIIRS,n,2.0NRT,301.2,3.86,D
-10.37637,28.47979,338.27,0.51,0.5,2026-10-06,1210,N20,VIIRS,n,2.0NRT,302.17,4.87,D
-10.37443,31.77452,340.3,0.43,0.62,2026-10-06,1210,N20,VIIRS,n,2.0NRT,300.7,6.56,D
-10.36437,31.234,344.26,0.39,0.59,2026-10-06,1210,N20,VIIRS,n,2.0NRT,303.45,2.44,D
-10.3638,31.23238,354.52,0.39,0.6,2026-10-06,1210,N20,VIIRS,n,2.0NRT,304.36,6.12,D
-10.36312,31.23605,341.9,0.39,0.6,2026-10-06,1210,N20,VIIRS,n,2.0NRT,301.57,6.12,D
-10.35893,31.23298,355.64,0.39,0.59,2026-10-06,1210,N20,VIIRS,n,2.0NRT,303.49,5.81,D
-10.35881,32.29084,353.11,0.46,0.64,2026-10-06,1210,N20,VIIRS,n,2.0NRT,297.6,6.25,D
-10.35787,31.79965,367,0.43,0.62,2026-10-06,1210,N20,VIIRS,h,2.0NRT,304.63,15.64,D
-10.35767,31.78577,352.85,0.43,0.62,2026-10-06,1210,N20,VIIRS,n,2.0NRT,304.64,7,D
-10.35657,30.32879,347.78,0.34,0.56,2026-10-06,1210,N20,VIIRS,n,2.0NRT,303.7,5.01,D
-10.35549,31.79746,350.05,0.43,0.62,2026-10-06,1210,N20,VIIRS,n,2.0NRT,304.68,7.06,D
-10.35477,31.80136,352.87,0.43,0.62,2026-10-06,1210,N20,VIIRS,n,2.0NRT,304.74,7.06,D
-10.35449,31.78693,343.04,0.43,0.62,2026-10-06,1210,N20,VIIRS,n,2.0NRT,303,8.76,D
-10.34974,32.40285,331.84,0.47,0.64,2026-10-06,1210,N20,VIIRS,l,2.0NRT,305.97,6.42,D
-10.34881,30.92261,367,0.37,0.58,2026-10-06,1210,N20,VIIRS,h,2.0NRT,302.92,13.26,D
-10.34804,32.40265,340.87,0.47,0.64,2026-10-06,1210,N20,VIIRS,n,2.0NRT,305.33,6.1,D
-10.34741,33.57505,339.63,0.56,0.69,2026-10-06,1210,N20,VIIRS,n,2.0NRT,301.77,3.15,D
-10.34046,32.38774,345.67,0.47,0.64,2026-10-06,1210,N20,VIIRS,n,2.0NRT,299.56,4.03,D
-10.33965,32.39196,332.22,0.47,0.64,2026-10-06,1210,N20,VIIRS,n,2.0NRT,301.5,4.03,D
-10.33836,30.31258,331.82,0.34,0.56,2026-10-06,1210,N20,VIIRS,n,2.0NRT,297.56,2.36,D
-10.33462,32.38649,342.55,0.47,0.64,2026-10-06,1210,N20,VIIRS,n,2.0NRT,301.24,4.03,D
-10.33382,32.39071,332.68,0.47,0.64,2026-10-06,1210,N20,VIIRS,n,2.0NRT,301.8,4.03,D
-10.33268,30.31459,338.05,0.34,0.56,2026-10-06,1210,N20,VIIRS,n,2.0NRT,297.45,2.36,D
-10.32758,30.31353,367,0.34,0.56,2026-10-06,1210,N20,VIIRS,h,2.0NRT,300.05,8.82,D
-10.3205,30.5234,344.48,0.35,0.57,2026-10-06,1210,N20,VIIRS,n,2.0NRT,302.91,3.81,D
-10.31792,33.10067,334.13,0.52,0.67,2026-10-06,1210,N20,VIIRS,n,2.0NRT,297.61,5.41,D
-10.3153,30.52243,353.6,0.35,0.57,2026-10-06,1210,N20,VIIRS,n,2.0NRT,301.77,3.81,D
-10.30972,31.85396,344.61,0.43,0.62,2026-10-06,1210,N20,VIIRS,n,2.0NRT,303.36,7.63,D
-10.30044,31.99691,367,0.44,0.63,2026-10-06,1210,N20,VIIRS,h,2.0NRT,304.86,15.06,D
-10.29967,32.00094,333.73,0.44,0.63,2026-10-06,1210,N20,VIIRS,n,2.0NRT,305.7,10.65,D
-10.29633,32.42766,342.11,0.47,0.64,2026-10-06,1210,N20,VIIRS,n,2.0NRT,301.14,7.76,D
-10.2955,32.43201,340.55,0.47,0.64,2026-10-06,1210,N20,VIIRS,n,2.0NRT,301.51,8.48,D
-10.29471,31.99582,354.89,0.44,0.63,2026-10-06,1210,N20,VIIRS,n,2.0NRT,302.31,23.34,D
-10.29395,31.99986,367,0.44,0.63,2026-10-06,1210,N20,VIIRS,h,2.0NRT,301.38,23.67,D
-10.29051,31.92427,367,0.44,0.62,2026-10-06,1210,N20,VIIRS,h,2.0NRT,297.67,7.07,D
-10.28976,31.92826,335.26,0.44,0.62,2026-10-06,1210,N20,VIIRS,n,2.0NRT,299.5,7.07,D
-10.28824,31.93626,345.51,0.44,0.62,2026-10-06,1210,N20,VIIRS,n,2.0NRT,301.69,8.42,D
-10.28481,31.92322,367,0.44,0.62,2026-10-06,1210,N20,VIIRS,h,2.0NRT,294.79,13.89,D
-10.28437,32.30594,332.47,0.47,0.64,2026-10-06,1210,N20,VIIRS,n,2.0NRT,297.56,6.2,D
-10.28186,30.99881,349.55,0.38,0.59,2026-10-06,1210,N20,VIIRS,n,2.0NRT,302.6,4.88,D
-10.2787,31.83187,333.44,0.43,0.62,2026-10-06,1210,N20,VIIRS,n,2.0NRT,303.16,3.44,D
-10.27411,29.21822,335.67,0.58,0.52,2026-10-06,1210,N20,VIIRS,n,2.0NRT,295.28,2.91,D
-10.26805,33.16242,339.41,0.53,0.67,2026-10-06,1210,N20,VIIRS,n,2.0NRT,295.34,9.05,D
-10.26741,33.16574,367,0.53,0.67,2026-10-06,1210,N20,VIIRS,h,2.0NRT,292.98,9.05,D
-10.26283,30.33739,346.56,0.34,0.56,2026-10-06,1210,N20,VIIRS,n,2.0NRT,304.19,3.63,D
-10.26268,31.97728,343.33,0.44,0.63,2026-10-06,1210,N20,VIIRS,n,2.0NRT,299.87,6.75,D
-10.25768,30.39444,354.5,0.35,0.56,2026-10-06,1210,N20,VIIRS,n,2.0NRT,302.08,6.29,D
-10.25273,31.93652,344.82,0.44,0.62,2026-10-06,1210,N20,VIIRS,n,2.0NRT,301.94,6.03,D
-10.25074,30.52012,367,0.35,0.57,2026-10-06,1210,N20,VIIRS,h,2.0NRT,303.77,4.68,D
-10.25015,30.5233,348.35,0.35,0.57,2026-10-06,1210,N20,VIIRS,n,2.0NRT,304.68,4.68,D
-10.24912,31.92457,350.58,0.44,0.62,2026-10-06,1210,N20,VIIRS,n,2.0NRT,301.31,7.75,D
-10.24781,31.9238,352.92,0.44,0.62,2026-10-06,1210,N20,VIIRS,n,2.0NRT,302.44,7.16,D
-10.24508,32.516,342.35,0.48,0.65,2026-10-06,1210,N20,VIIRS,n,2.0NRT,295.62,8.05,D
-10.24248,32.51633,335.8,0.48,0.65,2026-10-06,1210,N20,VIIRS,n,2.0NRT,295.37,7.91,D
-10.24011,30.98433,343.48,0.38,0.59,2026-10-06,1210,N20,VIIRS,n,2.0NRT,301.26,3.85,D
-10.23573,29.15806,333.44,0.57,0.52,2026-10-06,1210,N20,VIIRS,n,2.0NRT,296.09,6.61,D
-10.23488,32.61861,347.68,0.49,0.65,2026-10-06,1210,N20,VIIRS,n,2.0NRT,288.19,7.59,D
-10.23434,32.00127,336.87,0.44,0.63,2026-10-06,1210,N20,VIIRS,n,2.0NRT,300.55,3.79,D
-10.23392,32.62352,348.84,0.49,0.65,2026-10-06,1210,N20,VIIRS,n,2.0NRT,288.74,7.59,D
-10.23302,32.45003,335.22,0.48,0.64,2026-10-06,1210,N20,VIIRS,n,2.0NRT,301.36,5.08,D
-10.23281,30.50058,336.22,0.35,0.57,2026-10-06,1210,N20,VIIRS,n,2.0NRT,305.72,4.3,D
-10.23278,32.00933,346.87,0.44,0.63,2026-10-06,1210,N20,VIIRS,n,2.0NRT,302.7,8.49,D
-10.23222,30.50377,335.28,0.35,0.57,2026-10-06,1210,N20,VIIRS,l,2.0NRT,306.29,4.47,D
-10.23209,32.00861,347.98,0.45,0.63,2026-10-06,1210,N20,VIIRS,n,2.0NRT,302.8,7.84,D
-10.23025,33.25756,353.24,0.54,0.68,2026-10-06,1210,N20,VIIRS,n,2.0NRT,292.8,6.29,D
-10.22728,30.96391,340.81,0.38,0.59,2026-10-06,1210,N20,VIIRS,n,2.0NRT,294.65,5.96,D
-10.22697,30.50305,335.56,0.35,0.57,2026-10-06,1210,N20,VIIRS,n,2.0NRT,303.29,2.62,D
-10.22651,31.94978,340.89,0.44,0.62,2026-10-06,1210,N20,VIIRS,n,2.0NRT,303.15,5,D
-10.22638,30.50627,339.25,0.35,0.57,2026-10-06,1210,N20,VIIRS,n,2.0NRT,301.75,2.62,D
-10.22573,31.95379,340.38,0.44,0.62,2026-10-06,1210,N20,VIIRS,n,2.0NRT,303.37,11.5,D
-10.22468,31.95286,339.35,0.44,0.62,2026-10-06,1210,N20,VIIRS,n,2.0NRT,304.17,10.06,D
-10.22397,33.25679,339.35,0.54,0.68,2026-10-06,1210,N20,VIIRS,n,2.0NRT,293.64,6.29,D
-10.22259,30.95936,346.54,0.38,0.59,2026-10-06,1210,N20,VIIRS,n,2.0NRT,298.09,5.96,D
-10.2213,31.35762,346.79,0.4,0.6,2026-10-06,1210,N20,VIIRS,n,2.0NRT,298.92,6.52,D
-10.21837,30.80659,343.81,0.37,0.58,2026-10-06,1210,N20,VIIRS,n,2.0NRT,302.86,4.49,D
-10.21689,31.96882,334.44,0.44,0.63,2026-10-06,1210,N20,VIIRS,l,2.0NRT,306.4,12.95,D
-10.21436,30.33025,350.5,0.34,0.56,2026-10-06,1210,N20,VIIRS,n,2.0NRT,306.43,5.05,D
-10.2114,31.99706,347.53,0.44,0.63,2026-10-06,1210,N20,VIIRS,n,2.0NRT,300.87,6.94,D
-10.21083,30.33098,336.39,0.34,0.56,2026-10-06,1210,N20,VIIRS,n,2.0NRT,304.03,3.49,D
-10.20526,31.74358,334.86,0.43,0.62,2026-10-06,1210,N20,VIIRS,n,2.0NRT,302.53,2.79,D
-10.20167,31.8243,341.74,0.43,0.62,2026-10-06,1210,N20,VIIRS,n,2.0NRT,301.59,4.06,D
-10.20122,30.19771,330.28,0.34,0.56,2026-10-06,1210,N20,VIIRS,n,2.0NRT,299.36,1.75,D
-10.19988,31.92743,340,0.44,0.62,2026-10-06,1210,N20,VIIRS,l,2.0NRT,310.53,8.46,D
-10.19912,31.93143,344.98,0.44,0.62,2026-10-06,1210,N20,VIIRS,n,2.0NRT,310.35,10.81,D
-10.19417,31.92636,353.71,0.44,0.62,2026-10-06,1210,N20,VIIRS,n,2.0NRT,304.51,8.46,D
-10.19341,31.93036,351.8,0.44,0.62,2026-10-06,1210,N20,VIIRS,n,2.0NRT,308.34,10.81,D
-10.19184,30.69296,335.59,0.36,0.58,2026-10-06,1210,N20,VIIRS,n,2.0NRT,304.26,4.48,D
-10.19123,30.69628,336.21,0.36,0.58,2026-10-06,1210,N20,VIIRS,n,2.0NRT,304.55,4.48,D
-10.19061,30.69964,367,0.36,0.58,2026-10-06,1210,N20,VIIRS,h,2.0NRT,305.39,7.7,D
-10.1904,32.00923,343.07,0.45,0.63,2026-10-06,1210,N20,VIIRS,n,2.0NRT,302.13,3.1,D
-10.18788,30.98361,332.37,0.38,0.59,2026-10-06,1210,N20,VIIRS,n,2.0NRT,298.95,3.72,D
-10.18513,30.98113,367,0.38,0.59,2026-10-06,1210,N20,VIIRS,h,2.0NRT,302.17,11.61,D
-10.18315,30.97913,334.9,0.38,0.59,2026-10-06,1210,N20,VIIRS,n,2.0NRT,301.01,3.62,D
-10.18254,30.98244,338.55,0.38,0.59,2026-10-06,1210,N20,VIIRS,n,2.0NRT,301.06,3.62,D
-10.18003,31.33508,334.07,0.4,0.6,2026-10-06,1210,N20,VIIRS,l,2.0NRT,305.61,3.4,D
-10.17999,32.09619,347.61,0.45,0.63,2026-10-06,1210,N20,VIIRS,n,2.0NRT,304.38,7.6,D
-10.17922,32.10032,340.52,0.45,0.63,2026-10-06,1210,N20,VIIRS,n,2.0NRT,303.07,7.6,D
-10.17454,31.33404,337.45,0.4,0.6,2026-10-06,1210,N20,VIIRS,n,2.0NRT,305.03,3.4,D
-10.1737,31.49109,331.93,0.41,0.61,2026-10-06,1210,N20,VIIRS,l,2.0NRT,302.85,11.35,D
-10.17178,30.9805,367,0.38,0.59,2026-10-06,1210,N20,VIIRS,h,2.0NRT,299.51,5.26,D
-10.17135,30.30365,343.53,0.34,0.56,2026-10-06,1210,N20,VIIRS,n,2.0NRT,301.49,4.36,D
-10.16887,31.48619,343.12,0.41,0.61,2026-10-06,1210,N20,VIIRS,n,2.0NRT,304.74,7.33,D
-10.1682,28.40392,333.85,0.51,0.49,2026-10-06,1210,N20,VIIRS,n,2.0NRT,300.58,5.43,D
-10.16641,30.97948,341.67,0.38,0.59,2026-10-06,1210,N20,VIIRS,n,2.0NRT,299.03,5.26,D
-10.16593,32.57679,333.11,0.49,0.65,2026-10-06,1210,N20,VIIRS,n,2.0NRT,298.33,4.77,D
-10.16509,32.58117,338.42,0.49,0.65,2026-10-06,1210,N20,VIIRS,n,2.0NRT,296.97,4.77,D
-10.16031,30.57078,332.82,0.36,0.57,2026-10-06,1210,N20,VIIRS,n,2.0NRT,302.73,2.43,D
-10.15771,30.29116,335.6,0.34,0.56,2026-10-06,1210,N20,VIIRS,n,2.0NRT,301.67,10.25,D
-10.15714,30.29426,334.47,0.34,0.56,2026-10-06,1210,N20,VIIRS,n,2.0NRT,301.1,2.6,D
-10.15675,31.3078,348.06,0.4,0.6,2026-10-06,1210,N20,VIIRS,n,2.0NRT,296.63,5.28,D
-10.15604,31.31151,367,0.4,0.6,2026-10-06,1210,N20,VIIRS,h,2.0NRT,302.68,8.42,D
-10.15534,31.31523,367,0.4,0.6,2026-10-06,1210,N20,VIIRS,h,2.0NRT,305.53,8.42,D
-10.15374,30.28385,354.51,0.34,0.56,2026-10-06,1210,N20,VIIRS,n,2.0NRT,302.45,13.83,D
-10.15316,30.28699,367,0.34,0.56,2026-10-06,1210,N20,VIIRS,h,2.0NRT,303.01,10.25,D
-10.14516,31.00413,331.45,0.38,0.59,2026-10-06,1210,N20,VIIRS,n,2.0NRT,298.72,4.06,D
-10.14171,30.34916,334.39,0.35,0.56,2026-10-06,1210,N20,VIIRS,n,2.0NRT,300.97,5.67,D
-10.14119,30.70122,351.58,0.36,0.58,2026-10-06,1210,N20,VIIRS,n,2.0NRT,301.23,4.94,D
-10.13975,31.00325,334.69,0.38,0.59,2026-10-06,1210,N20,VIIRS,n,2.0NRT,298.03,4.06,D
-10.13911,31.00669,354.73,0.38,0.59,2026-10-06,1210,N20,VIIRS,n,2.0NRT,298.86,12.5,D
-10.13848,31.01009,354.13,0.38,0.59,2026-10-06,1210,N20,VIIRS,n,2.0NRT,302.7,12.5,D
-10.13785,31.01348,367,0.38,0.59,2026-10-06,1210,N20,VIIRS,h,2.0NRT,298.99,14.78,D
-10.13768,30.34211,338.33,0.34,0.56,2026-10-06,1210,N20,VIIRS,n,2.0NRT,298.96,1.8,D
-10.13711,30.34519,330.86,0.35,0.56,2026-10-06,1210,N20,VIIRS,n,2.0NRT,297.83,1.8,D
-10.13698,30.69966,367,0.36,0.58,2026-10-06,1210,N20,VIIRS,h,2.0NRT,303.59,9.69,D
-10.1359,30.70031,341.32,0.36,0.58,2026-10-06,1210,N20,VIIRS,n,2.0NRT,301.69,3.74,D
-10.13236,31.68102,340.52,0.42,0.61,2026-10-06,1210,N20,VIIRS,n,2.0NRT,301.33,5.41,D
-10.12969,33.63465,332.87,0.57,0.69,2026-10-06,1210,N20,VIIRS,n,2.0NRT,299.51,2.76,D
-10.12441,30.82956,341.96,0.37,0.58,2026-10-06,1210,N20,VIIRS,n,2.0NRT,301.81,4.88,D
-10.12391,33.09187,367,0.53,0.67,2026-10-06,1210,N20,VIIRS,h,2.0NRT,297.25,13.41,D
-10.12329,33.092,367,0.53,0.67,2026-10-06,1210,N20,VIIRS,h,2.0NRT,296.85,10.79,D
-10.12239,30.8298,346.67,0.37,0.58,2026-10-06,1210,N20,VIIRS,n,2.0NRT,301.88,4.65,D
-10.1211,30.60763,330.15,0.36,0.57,2026-10-06,1210,N20,VIIRS,l,2.0NRT,301.32,6.39,D
-10.1199,30.61419,331.75,0.36,0.57,2026-10-06,1210,N20,VIIRS,n,2.0NRT,301.23,3.14,D
-10.11974,33.43892,355.02,0.56,0.69,2026-10-06,1210,N20,VIIRS,n,2.0NRT,300.25,10.7,D
-10.11955,30.76551,337.74,0.37,0.58,2026-10-06,1210,N20,VIIRS,n,2.0NRT,299.82,4.34,D
-10.11798,30.766,339.16,0.37,0.58,2026-10-06,1210,N20,VIIRS,n,2.0NRT,300.11,5.66,D
-10.11627,30.8915,352.48,0.38,0.58,2026-10-06,1210,N20,VIIRS,n,2.0NRT,301.86,6.04,D
-10.11524,30.61,341.43,0.36,0.57,2026-10-06,1210,N20,VIIRS,n,2.0NRT,304.01,3.14,D
-10.11464,30.61327,333.03,0.36,0.57,2026-10-06,1210,N20,VIIRS,n,2.0NRT,302.76,3.14,D
-10.11339,30.89041,349.18,0.38,0.58,2026-10-06,1210,N20,VIIRS,n,2.0NRT,302.76,5.43,D
-10.11166,30.51198,355.86,0.35,0.57,2026-10-06,1210,N20,VIIRS,n,2.0NRT,300.05,9.6,D
-10.11106,30.51525,337.19,0.35,0.57,2026-10-06,1210,N20,VIIRS,n,2.0NRT,302.33,7.61,D
-10.11002,31.99426,332.86,0.45,0.63,2026-10-06,1210,N20,VIIRS,l,2.0NRT,303.71,1.78,D
-10.10895,31.99494,334.51,0.45,0.63,2026-10-06,1210,N20,VIIRS,n,2.0NRT,302.61,2.99,D
-10.10805,30.53152,331.64,0.36,0.57,2026-10-06,1210,N20,VIIRS,l,2.0NRT,301.65,3.27,D
-10.10162,30.53707,339.76,0.36,0.57,2026-10-06,1210,N20,VIIRS,n,2.0NRT,301.72,4.27,D
-10.10041,32.5335,340.21,0.49,0.65,2026-10-06,1210,N20,VIIRS,n,2.0NRT,293.05,7.21,D
-10.09754,32.53274,348.1,0.49,0.65,2026-10-06,1210,N20,VIIRS,n,2.0NRT,295.23,9.73,D
-10.09641,30.53603,338.23,0.36,0.57,2026-10-06,1210,N20,VIIRS,n,2.0NRT,298.94,4.27,D
-10.094,31.6989,332.66,0.43,0.62,2026-10-06,1210,N20,VIIRS,n,2.0NRT,300.65,2.33,D
-10.09328,31.7027,330.06,0.43,0.62,2026-10-06,1210,N20,VIIRS,l,2.0NRT,301.32,2.33,D
-10.09183,31.71033,332.93,0.43,0.62,2026-10-06,1210,N20,VIIRS,n,2.0NRT,300.91,3.28,D
-10.09112,33.12997,336.67,0.53,0.67,2026-10-06,1210,N20,VIIRS,n,2.0NRT,300.01,5.63,D
-10.08937,30.97505,332.39,0.38,0.59,2026-10-06,1210,N20,VIIRS,n,2.0NRT,299.76,2.78,D
-10.08853,32.48317,337.78,0.48,0.65,2026-10-06,1210,N20,VIIRS,n,2.0NRT,298.19,10.71,D
-10.08765,32.48779,367,0.48,0.65,2026-10-06,1210,N20,VIIRS,h,2.0NRT,302.88,19.97,D
-10.0871,30.97407,331.11,0.38,0.59,2026-10-06,1210,N20,VIIRS,n,2.0NRT,299.33,0.93,D
-10.07332,32.02625,331.1,0.45,0.63,2026-10-06,1210,N20,VIIRS,l,2.0NRT,303.43,4.62,D
-10.06744,32.95661,336.31,0.52,0.67,2026-10-06,1210,N20,VIIRS,n,2.0NRT,296.75,4.95,D
-10.06727,32.43422,336.45,0.48,0.65,2026-10-06,1210,N20,VIIRS,n,2.0NRT,298.99,4.24,D
-10.06659,30.93439,344.51,0.38,0.59,2026-10-06,1210,N20,VIIRS,n,2.0NRT,303.43,4.97,D
-10.06653,32.96127,336.76,0.52,0.67,2026-10-06,1210,N20,VIIRS,n,2.0NRT,296.34,4.95,D
-10.06552,30.67278,337.56,0.36,0.58,2026-10-06,1210,N20,VIIRS,n,2.0NRT,301.32,4.99,D
-10.06488,30.6762,353.54,0.36,0.58,2026-10-06,1210,N20,VIIRS,n,2.0NRT,300.7,4.74,D
-10.06399,30.56648,367,0.36,0.57,2026-10-06,1210,N20,VIIRS,h,2.0NRT,304.5,11.35,D
-10.06361,30.56675,367,0.36,0.57,2026-10-06,1210,N20,VIIRS,h,2.0NRT,305.3,11.22,D
-10.06128,32.43355,332.22,0.48,0.65,2026-10-06,1210,N20,VIIRS,n,2.0NRT,299.29,4.24,D
-10.05281,30.88892,330.08,0.38,0.59,2026-10-06,1210,N20,VIIRS,n,2.0NRT,299.35,5.07,D
-10.05098,30.63876,344.44,0.36,0.58,2026-10-06,1210,N20,VIIRS,n,2.0NRT,300.94,2.66,D
-10.05007,30.63887,342.05,0.36,0.58,2026-10-06,1210,N20,VIIRS,n,2.0NRT,300.7,2.73,D
-10.04903,32.46526,367,0.48,0.65,2026-10-06,1210,N20,VIIRS,h,2.0NRT,301.82,13.09,D
-10.04854,31.24929,333,0.4,0.6,2026-10-06,1210,N20,VIIRS,n,2.0NRT,300.73,3.66,D
-10.0485,30.8526,346.13,0.37,0.58,2026-10-06,1210,N20,VIIRS,n,2.0NRT,299.22,5.94,D
-10.0482,31.24915,331.46,0.4,0.6,2026-10-06,1210,N20,VIIRS,n,2.0NRT,300.12,5.12,D
-10.04816,30.64899,330.88,0.36,0.58,2026-10-06,1210,N20,VIIRS,n,2.0NRT,297.44,5.93,D
-10.04787,30.85595,367,0.38,0.58,2026-10-06,1210,N20,VIIRS,h,2.0NRT,297.18,5.94,D
-10.04511,30.64112,332.15,0.36,0.58,2026-10-06,1210,N20,VIIRS,n,2.0NRT,301.04,5.73,D
-10.0451,31.63367,332.23,0.42,0.61,2026-10-06,1210,N20,VIIRS,n,2.0NRT,300.02,4.34,D
-10.04425,31.66947,335.11,0.43,0.62,2026-10-06,1210,N20,VIIRS,n,2.0NRT,299.98,2.96,D
-10.04417,30.64125,332.74,0.36,0.58,2026-10-06,1210,N20,VIIRS,n,2.0NRT,301.82,2.73,D
-10.04364,31.71778,334.73,0.43,0.62,2026-10-06,1210,N20,VIIRS,l,2.0NRT,305.91,1.88,D
-10.04357,33.0163,337.65,0.52,0.67,2026-10-06,1210,N20,VIIRS,n,2.0NRT,297.6,3.26,D
-10.04326,33.01544,335.67,0.52,0.67,2026-10-06,1210,N20,VIIRS,n,2.0NRT,297.96,3.41,D
-10.04257,30.18559,340.41,0.34,0.56,2026-10-06,1210,N20,VIIRS,n,2.0NRT,303.21,2.84,D
-10.04132,31.71655,333.35,0.43,0.62,2026-10-06,1210,N20,VIIRS,l,2.0NRT,305.66,2.98,D
-10.04111,30.3958,367,0.35,0.57,2026-10-06,1210,N20,VIIRS,h,2.0NRT,304.52,9.17,D
-10.03953,30.34615,339.73,0.35,0.56,2026-10-06,1210,N20,VIIRS,n,2.0NRT,298.42,5.74,D
-10.03802,31.64043,354.1,0.42,0.61,2026-10-06,1210,N20,VIIRS,n,2.0NRT,305.46,10.97,D
-10.03749,30.18452,330.84,0.34,0.56,2026-10-06,1210,N20,VIIRS,l,2.0NRT,304.88,2.04,D
-10.0373,31.64428,367,0.42,0.61,2026-10-06,1210,N20,VIIRS,h,2.0NRT,303.4,10.97,D
-10.03698,32.09191,337.32,0.45,0.63,2026-10-06,1210,N20,VIIRS,n,2.0NRT,302.84,5.94,D
-10.03692,30.18756,335,0.34,0.56,2026-10-06,1210,N20,VIIRS,n,2.0NRT,303.06,2.04,D
-10.03461,30.25728,367,0.34,0.56,2026-10-06,1210,N20,VIIRS,h,2.0NRT,304.27,7.37,D
-10.03342,30.96344,330.38,0.38,0.59,2026-10-06,1210,N20,VIIRS,l,2.0NRT,300.6,3.16,D
-10.03275,30.50031,347.82,0.36,0.57,2026-10-06,1210,N20,VIIRS,n,2.0NRT,307.97,15.16,D
-10.03215,30.50359,347.98,0.36,0.57,2026-10-06,1210,N20,VIIRS,n,2.0NRT,303.93,15.85,D
-10.02955,33.11791,345.15,0.53,0.67,2026-10-06,1210,N20,VIIRS,n,2.0NRT,301,6.17,D
-10.02861,33.12271,339.2,0.53,0.67,2026-10-06,1210,N20,VIIRS,n,2.0NRT,299.86,6.17,D
-10.02811,30.49617,353.73,0.36,0.57,2026-10-06,1210,N20,VIIRS,n,2.0NRT,303.21,15.16,D
-10.02752,30.49941,367,0.36,0.57,2026-10-06,1210,N20,VIIRS,h,2.0NRT,305.8,15.16,D
-10.0245,30.11274,337.4,0.33,0.56,2026-10-06,1210,N20,VIIRS,n,2.0NRT,302.79,3.22,D
-10.02443,33.11761,354.82,0.53,0.67,2026-10-06,1210,N20,VIIRS,n,2.0NRT,301.4,8.37,D
-10.02389,29.02241,334.6,0.56,0.52,2026-10-06,1210,N20,VIIRS,n,2.0NRT,296.48,3.4,D
-10.02345,33.11642,335.86,0.53,0.67,2026-10-06,1210,N20,VIIRS,n,2.0NRT,300.77,6.17,D
-10.02231,29.0252,340.94,0.57,0.52,2026-10-06,1210,N20,VIIRS,n,2.0NRT,296.52,5.9,D
-10.02171,30.11061,337.43,0.33,0.56,2026-10-06,1210,N20,VIIRS,n,2.0NRT,299.95,3.98,D
-10.02119,33.06737,335.95,0.53,0.67,2026-10-06,1210,N20,VIIRS,n,2.0NRT,297.64,3.14,D
-10.02053,33.06635,342.6,0.53,0.67,2026-10-06,1210,N20,VIIRS,n,2.0NRT,298.01,4.22,D
-10.02024,32.40387,355.2,0.48,0.64,2026-10-06,1210,N20,VIIRS,n,2.0NRT,303.14,7.73,D
-10.01844,32.40214,343.26,0.48,0.64,2026-10-06,1210,N20,VIIRS,n,2.0NRT,302.62,6.34,D
-10.01766,33.08595,338.65,0.53,0.67,2026-10-06,1210,N20,VIIRS,n,2.0NRT,300.93,3.74,D
-10.01758,32.40652,340.24,0.48,0.64,2026-10-06,1210,N20,VIIRS,n,2.0NRT,301.83,7.13,D
-10.01683,33.08514,337.97,0.53,0.67,2026-10-06,1210,N20,VIIRS,n,2.0NRT,300.75,4.29,D
-10.01332,33.10881,344.82,0.53,0.67,2026-10-06,1210,N20,VIIRS,n,2.0NRT,301.65,7.17,D
-10.01237,33.10775,339.78,0.53,0.67,2026-10-06,1210,N20,VIIRS,n,2.0NRT,301.63,4.35,D
-10.00791,31.40706,337.14,0.41,0.61,2026-10-06,1210,N20,VIIRS,n,2.0NRT,299.11,3.64,D
-10.00721,31.41088,335.32,0.41,0.61,2026-10-06,1210,N20,VIIRS,n,2.0NRT,299.93,3.64,D
-10.00709,31.40687,332.41,0.41,0.61,2026-10-06,1210,N20,VIIRS,n,2.0NRT,298.83,4.3,D
-10.00637,31.41068,339.61,0.41,0.61,2026-10-06,1210,N20,VIIRS,n,2.0NRT,300.21,4.3,D
-10.00481,30.62331,332.05,0.36,0.58,2026-10-06,1210,N20,VIIRS,n,2.0NRT,300.41,4.11,D
-9.99615,31.77005,330.64,0.43,0.62,2026-10-06,1210,N20,VIIRS,l,2.0NRT,301.75,2.41,D
-9.9954,31.77402,334.87,0.43,0.62,2026-10-06,1210,N20,VIIRS,n,2.0NRT,301.31,2.41,D
-9.99525,31.86876,331.07,0.44,0.62,2026-10-06,1210,N20,VIIRS,n,2.0NRT,295.35,8.36,D
-9.9945,31.87277,331.71,0.44,0.62,2026-10-06,1210,N20,VIIRS,n,2.0NRT,296.27,8.36,D
-9.99375,31.87677,336.91,0.44,0.62,2026-10-06,1210,N20,VIIRS,n,2.0NRT,299.4,9.88,D
-9.99299,31.88078,367,0.44,0.62,2026-10-06,1210,N20,VIIRS,h,2.0NRT,301.23,9.88,D
-9.99224,31.88481,331.68,0.44,0.62,2026-10-06,1210,N20,VIIRS,n,2.0NRT,299.82,5.37,D
-9.99187,31.2167,345.74,0.4,0.6,2026-10-06,1210,N20,VIIRS,n,2.0NRT,301.88,7.8,D
-9.9912,31.22027,334.53,0.4,0.6,2026-10-06,1210,N20,VIIRS,n,2.0NRT,301.08,7.42,D
-9.99091,31.79783,334.84,0.44,0.62,2026-10-06,1210,N20,VIIRS,n,2.0NRT,301.36,4.88,D
-9.99081,33.75925,335.68,0.59,0.7,2026-10-06,1210,N20,VIIRS,n,2.0NRT,297.21,4.77,D
-9.9893,30.99073,336.54,0.38,0.59,2026-10-06,1210,N20,VIIRS,n,2.0NRT,301.48,3.11,D
-9.98879,31.87167,367,0.44,0.62,2026-10-06,1210,N20,VIIRS,h,2.0NRT,302.17,8.36,D
-9.98827,30.65397,354.01,0.36,0.58,2026-10-06,1210,N20,VIIRS,n,2.0NRT,305.58,20.96,D
-9.98804,31.87569,338.83,0.44,0.62,2026-10-06,1210,N20,VIIRS,n,2.0NRT,303.45,9.88,D
-9.98766,30.65726,353.27,0.36,0.58,2026-10-06,1210,N20,VIIRS,n,2.0NRT,302.23,6.67,D
-9.98741,30.99058,336.04,0.38,0.59,2026-10-06,1210,N20,VIIRS,n,2.0NRT,301.2,3.04,D
-9.98546,32.17702,355.7,0.46,0.64,2026-10-06,1210,N20,VIIRS,n,2.0NRT,304.15,15.2,D
-9.9846,32.17701,353.56,0.46,0.64,2026-10-06,1210,N20,VIIRS,n,2.0NRT,306.02,14.16,D
-9.98407,31.61809,332.94,0.42,0.61,2026-10-06,1210,N20,VIIRS,l,2.0NRT,305.04,6.26,D
-9.9836,30.64969,334.76,0.36,0.58,2026-10-06,1210,N20,VIIRS,n,2.0NRT,300.43,14,D
-9.98334,31.6219,337.21,0.42,0.61,2026-10-06,1210,N20,VIIRS,n,2.0NRT,304.24,6.33,D
-9.983,30.65297,355.44,0.36,0.58,2026-10-06,1210,N20,VIIRS,n,2.0NRT,307.84,14,D
-9.98239,30.65625,367,0.36,0.58,2026-10-06,1210,N20,VIIRS,h,2.0NRT,306.11,8.83,D
-9.98149,31.61394,349.99,0.42,0.61,2026-10-06,1210,N20,VIIRS,n,2.0NRT,306.82,5.89,D
-9.98121,32.32056,353.93,0.47,0.64,2026-10-06,1210,N20,VIIRS,n,2.0NRT,304.89,11.31,D
-9.98079,31.61776,343.52,0.42,0.61,2026-10-06,1210,N20,VIIRS,n,2.0NRT,306.96,5.89,D
-9.98039,32.32486,348.85,0.47,0.64,2026-10-06,1210,N20,VIIRS,n,2.0NRT,302.01,11.31,D
-9.97921,31.61309,351.82,0.42,0.61,2026-10-06,1210,N20,VIIRS,n,2.0NRT,307.35,6.26,D
-9.97851,31.01824,330.71,0.39,0.59,2026-10-06,1210,N20,VIIRS,n,2.0NRT,300.02,3.25,D
-9.97713,30.65522,346,0.36,0.58,2026-10-06,1210,N20,VIIRS,n,2.0NRT,304.07,8.83,D
-9.97652,30.65849,336.46,0.36,0.58,2026-10-06,1210,N20,VIIRS,n,2.0NRT,302.65,8.83,D
-9.97075,30.21745,332.14,0.34,0.56,2026-10-06,1210,N20,VIIRS,l,2.0NRT,302.46,2.8,D
-9.96971,31.78553,348.42,0.43,0.62,2026-10-06,1210,N20,VIIRS,n,2.0NRT,304.08,13.96,D
-9.96895,31.78952,367,0.43,0.62,2026-10-06,1210,N20,VIIRS,h,2.0NRT,299.92,10.63,D
-9.9648,31.78047,367,0.43,0.62,2026-10-06,1210,N20,VIIRS,h,2.0NRT,304.47,6.01,D
-9.96403,31.78449,331.91,0.43,0.62,2026-10-06,1210,N20,VIIRS,n,2.0NRT,301.62,6.01,D
-9.94961,30.39225,341.2,0.35,0.57,2026-10-06,1210,N20,VIIRS,n,2.0NRT,302.63,1.49,D
-9.94306,30.05252,330.02,0.33,0.55,2026-10-06,1210,N20,VIIRS,n,2.0NRT,297.98,3.46,D
-9.94037,30.04948,367,0.33,0.55,2026-10-06,1210,N20,VIIRS,h,2.0NRT,302.17,10.64,D
-9.93858,30.0484,336.21,0.33,0.55,2026-10-06,1210,N20,VIIRS,n,2.0NRT,301.59,7.75,D
-9.93801,30.05148,343.17,0.33,0.55,2026-10-06,1210,N20,VIIRS,n,2.0NRT,300.54,3.46,D
-9.93744,30.05456,333.96,0.33,0.55,2026-10-06,1210,N20,VIIRS,n,2.0NRT,298.5,3.46,D
-9.93728,32.17676,338.82,0.46,0.64,2026-10-06,1210,N20,VIIRS,n,2.0NRT,305.26,11.62,D
-9.93421,30.05464,367,0.33,0.56,2026-10-06,1210,N20,VIIRS,h,2.0NRT,303.19,3.66,D
-9.93366,30.05775,330.45,0.33,0.56,2026-10-06,1210,N20,VIIRS,n,2.0NRT,300.7,3.66,D
-9.93237,30.05357,343.2,0.33,0.55,2026-10-06,1210,N20,VIIRS,n,2.0NRT,303.44,11.47,D
-9.9318,30.05667,367,0.33,0.55,2026-10-06,1210,N20,VIIRS,h,2.0NRT,303.84,13.86,D
-9.93039,30.87726,352.47,0.38,0.59,2026-10-06,1210,N20,VIIRS,n,2.0NRT,301.27,7.63,D
-9.92914,30.05366,343.46,0.33,0.56,2026-10-06,1210,N20,VIIRS,n,2.0NRT,303.98,4.14,D
-9.92859,30.05677,341.49,0.33,0.56,2026-10-06,1210,N20,VIIRS,n,2.0NRT,303.01,4.14,D
-9.92767,32.31411,333.43,0.47,0.64,2026-10-06,1210,N20,VIIRS,n,2.0NRT,302.29,3.01,D
-9.92007,31.02264,336.24,0.39,0.59,2026-10-06,1210,N20,VIIRS,n,2.0NRT,297.28,3.71,D
-9.9191,33.56863,341.47,0.57,0.69,2026-10-06,1210,N20,VIIRS,n,2.0NRT,298.26,4.44,D
-9.89979,32.50508,349.84,0.49,0.65,2026-10-06,1210,N20,VIIRS,n,2.0NRT,299.28,8.42,D
-9.88985,32.1723,342.99,0.46,0.64,2026-10-06,1210,N20,VIIRS,n,2.0NRT,305.04,6.22,D
-9.88068,30.96435,341.86,0.38,0.59,2026-10-06,1210,N20,VIIRS,n,2.0NRT,303.32,7.27,D
-9.88001,30.96787,335.09,0.38,0.59,2026-10-06,1210,N20,VIIRS,n,2.0NRT,303.28,6.84,D
-9.87868,30.96362,339.26,0.38,0.59,2026-10-06,1210,N20,VIIRS,n,2.0NRT,302.78,5.01,D
-9.87805,30.96713,338.35,0.38,0.59,2026-10-06,1210,N20,VIIRS,n,2.0NRT,301.42,5.44,D
-9.87529,31.26336,337.72,0.4,0.6,2026-10-06,1210,N20,VIIRS,n,2.0NRT,304.27,4.14,D
-9.86447,31.70912,333.03,0.43,0.62,2026-10-06,1210,N20,VIIRS,l,2.0NRT,305.54,3.32,D
-9.85152,33.02523,336.4,0.53,0.67,2026-10-06,1210,N20,VIIRS,n,2.0NRT,303.61,2.09,D
-9.84438,31.52178,347.27,0.42,0.61,2026-10-06,1210,N20,VIIRS,n,2.0NRT,309.25,17.45,D
-9.84369,31.52547,367,0.42,0.61,2026-10-06,1210,N20,VIIRS,h,2.0NRT,305.35,17.45,D
-9.8431,31.19279,367,0.4,0.6,2026-10-06,1210,N20,VIIRS,h,2.0NRT,305.11,11.29,D
-9.84293,31.79114,331.36,0.44,0.62,2026-10-06,1210,N20,VIIRS,l,2.0NRT,305.28,2.65,D
-9.84274,31.19264,367,0.4,0.6,2026-10-06,1210,N20,VIIRS,h,2.0NRT,304.95,13.53,D
-9.84217,31.79512,338.2,0.44,0.62,2026-10-06,1210,N20,VIIRS,n,2.0NRT,305.11,2.65,D
-9.8417,31.20019,367,0.4,0.6,2026-10-06,1210,N20,VIIRS,h,2.0NRT,307,24.06,D
-9.84139,31.20004,367,0.4,0.6,2026-10-06,1210,N20,VIIRS,h,2.0NRT,306.7,25.88,D
-9.84111,31.79215,339.45,0.44,0.62,2026-10-06,1210,N20,VIIRS,n,2.0NRT,305.44,3.53,D
-9.83843,33.09274,349.18,0.53,0.67,2026-10-06,1210,N20,VIIRS,n,2.0NRT,305.07,7.12,D
-9.83807,31.52455,346.6,0.42,0.61,2026-10-06,1210,N20,VIIRS,n,2.0NRT,302.67,17.45,D
-9.82553,32.8341,330.71,0.51,0.66,2026-10-06,1210,N20,VIIRS,n,2.0NRT,298.26,2.17,D
-9.82303,33.27187,336.41,0.55,0.68,2026-10-06,1210,N20,VIIRS,n,2.0NRT,301.69,2.71,D
-9.8122,31.88967,336.03,0.44,0.63,2026-10-06,1210,N20,VIIRS,l,2.0NRT,306.15,3.12,D
-9.79004,33.01837,336.35,0.53,0.67,2026-10-06,1210,N20,VIIRS,n,2.0NRT,304.97,5.64,D
-9.7893,33.01736,330.71,0.53,0.67,2026-10-06,1210,N20,VIIRS,l,2.0NRT,304.78,3.79,D
-9.77692,33.65374,347.02,0.58,0.7,2026-10-06,1210,N20,VIIRS,n,2.0NRT,296.61,6.62,D
-9.77563,33.06039,338.12,0.53,0.67,2026-10-06,1210,N20,VIIRS,n,2.0NRT,303.09,3.19,D
-9.77496,33.65629,336.11,0.58,0.7,2026-10-06,1210,N20,VIIRS,n,2.0NRT,295.45,8.99,D
-9.76571,31.08953,342.21,0.39,0.6,2026-10-06,1210,N20,VIIRS,n,2.0NRT,299.23,2.47,D
-9.76284,33.1946,341.31,0.55,0.68,2026-10-06,1210,N20,VIIRS,n,2.0NRT,302.29,4.54,D
-9.76172,32.80357,343.49,0.51,0.66,2026-10-06,1210,N20,VIIRS,n,2.0NRT,302.71,6.06,D
-9.7615,32.80087,339.01,0.51,0.66,2026-10-06,1210,N20,VIIRS,n,2.0NRT,302.72,5.5,D
-9.76091,33.19312,340.44,0.54,0.68,2026-10-06,1210,N20,VIIRS,n,2.0NRT,302.75,4.82,D
-9.76062,32.80557,332.21,0.51,0.66,2026-10-06,1210,N20,VIIRS,l,2.0NRT,302.67,5.5,D
-9.75658,32.7976,337.06,0.51,0.66,2026-10-06,1210,N20,VIIRS,n,2.0NRT,300.74,3.78,D
-9.74738,30.16885,331.99,0.34,0.56,2026-10-06,1210,N20,VIIRS,n,2.0NRT,298.81,2.83,D
-9.74373,31.11333,332.42,0.4,0.6,2026-10-06,1210,N20,VIIRS,n,2.0NRT,296.49,1.45,D
-9.74297,32.99797,340.91,0.53,0.67,2026-10-06,1210,N20,VIIRS,n,2.0NRT,304.17,4.36,D
-9.73727,31.48592,333.75,0.42,0.61,2026-10-06,1210,N20,VIIRS,n,2.0NRT,302.81,4.43,D
-9.73682,32.99683,337.3,0.53,0.67,2026-10-06,1210,N20,VIIRS,n,2.0NRT,303.7,4.36,D
-9.73459,32.97555,339.73,0.53,0.67,2026-10-06,1210,N20,VIIRS,n,2.0NRT,302.5,6.98,D
-9.73184,31.42217,339.53,0.42,0.61,2026-10-06,1210,N20,VIIRS,n,2.0NRT,303.05,3.89,D
-9.73111,31.42605,339.17,0.42,0.61,2026-10-06,1210,N20,VIIRS,n,2.0NRT,302.11,3.89,D
-9.72938,32.97217,342.25,0.53,0.67,2026-10-06,1210,N20,VIIRS,n,2.0NRT,302.31,7.81,D
-9.72842,32.97454,355.52,0.53,0.67,2026-10-06,1210,N20,VIIRS,n,2.0NRT,303.01,6.98,D
-9.72711,31.08074,342.76,0.39,0.6,2026-10-06,1210,N20,VIIRS,n,2.0NRT,299.22,4.43,D
-9.7239,31.34196,367,0.41,0.61,2026-10-06,1210,N20,VIIRS,h,2.0NRT,304.38,13.29,D
-9.72058,31.11643,331.59,0.4,0.6,2026-10-06,1210,N20,VIIRS,n,2.0NRT,297.97,2.55,D
-9.71781,31.84409,344.43,0.44,0.63,2026-10-06,1210,N20,VIIRS,n,2.0NRT,304.71,8.39,D
-9.71572,31.44656,345.04,0.42,0.61,2026-10-06,1210,N20,VIIRS,n,2.0NRT,301.76,9.08,D
-9.71345,31.84249,337.59,0.44,0.63,2026-10-06,1210,N20,VIIRS,n,2.0NRT,303.32,5.82,D
-9.71268,31.84648,338.15,0.44,0.63,2026-10-06,1210,N20,VIIRS,n,2.0NRT,302.07,3.82,D
-9.70944,31.44925,346.87,0.42,0.61,2026-10-06,1210,N20,VIIRS,n,2.0NRT,303.91,9.87,D
-9.70527,31.44072,367,0.42,0.61,2026-10-06,1210,N20,VIIRS,h,2.0NRT,306.71,5.2,D
-9.70457,31.44443,333.75,0.42,0.61,2026-10-06,1210,N20,VIIRS,n,2.0NRT,304.73,5.2,D
-9.6997,31.43961,338.74,0.42,0.61,2026-10-06,1210,N20,VIIRS,n,2.0NRT,305.9,5.2,D
-9.6961,31.2499,367,0.41,0.6,2026-10-06,1210,N20,VIIRS,h,2.0NRT,303.24,9.13,D
-9.69541,31.25364,352.22,0.41,0.6,2026-10-06,1210,N20,VIIRS,n,2.0NRT,300.92,9.13,D
-9.69318,31.69085,332.7,0.43,0.62,2026-10-06,1210,N20,VIIRS,n,2.0NRT,301.17,3.87,D
-9.69002,31.15944,334.25,0.4,0.6,2026-10-06,1210,N20,VIIRS,n,2.0NRT,299.21,2.41,D
-9.68828,31.68568,330.62,0.43,0.62,2026-10-06,1210,N20,VIIRS,l,2.0NRT,304.81,3.87,D
-9.68427,32.77689,340.45,0.51,0.66,2026-10-06,1210,N20,VIIRS,n,2.0NRT,302.99,8.38,D
-9.68263,33.11842,335.34,0.54,0.68,2026-10-06,1210,N20,VIIRS,n,2.0NRT,301.39,3.25,D
-9.68117,33.16011,335.82,0.54,0.68,2026-10-06,1210,N20,VIIRS,n,2.0NRT,301.24,6.42,D
-9.68064,33.12045,336.31,0.54,0.68,2026-10-06,1210,N20,VIIRS,n,2.0NRT,301.43,5.56,D
-9.67988,33.15703,341.54,0.54,0.68,2026-10-06,1210,N20,VIIRS,n,2.0NRT,302.21,5.44,D
-9.67966,33.13406,350.75,0.54,0.68,2026-10-06,1210,N20,VIIRS,n,2.0NRT,302.1,8.88,D
-9.67857,33.13094,350.18,0.54,0.68,2026-10-06,1210,N20,VIIRS,n,2.0NRT,302.64,9.13,D
-9.66954,32.0085,353.83,0.46,0.63,2026-10-06,1210,N20,VIIRS,n,2.0NRT,299.01,10.15,D
-9.66936,32.00938,346.78,0.46,0.63,2026-10-06,1210,N20,VIIRS,n,2.0NRT,299.42,5.91,D
-9.66858,32.01357,331.95,0.46,0.63,2026-10-06,1210,N20,VIIRS,n,2.0NRT,300.8,5.91,D
-9.66713,33.06498,340.81,0.54,0.68,2026-10-06,1210,N20,VIIRS,n,2.0NRT,302.19,4.14,D
-9.66332,31.12026,355.88,0.4,0.6,2026-10-06,1210,N20,VIIRS,n,2.0NRT,297.97,3.62,D
-9.66219,30.81399,332.57,0.38,0.59,2026-10-06,1210,N20,VIIRS,n,2.0NRT,300.84,4.05,D
-9.65524,30.67126,331.7,0.37,0.58,2026-10-06,1210,N20,VIIRS,n,2.0NRT,296.29,1.66,D
-9.64552,31.54136,331.67,0.42,0.61,2026-10-06,1210,N20,VIIRS,l,2.0NRT,301.71,1.5,D
-9.62331,33.12602,335.99,0.54,0.68,2026-10-06,1210,N20,VIIRS,n,2.0NRT,298.47,2.26,D
-9.62248,31.55498,348.34,0.43,0.62,2026-10-06,1210,N20,VIIRS,n,2.0NRT,300.14,6.73,D
-9.62099,31.22602,332.29,0.4,0.6,2026-10-06,1210,N20,VIIRS,n,2.0NRT,296.05,4.98,D
-9.62071,31.22604,332.25,0.4,0.6,2026-10-06,1210,N20,VIIRS,n,2.0NRT,296.54,5.73,D
-9.62033,31.22967,338.56,0.41,0.6,2026-10-06,1210,N20,VIIRS,n,2.0NRT,294.69,4.11,D
-9.62002,31.22968,344.31,0.4,0.6,2026-10-06,1210,N20,VIIRS,n,2.0NRT,294.59,5.11,D
-9.61549,31.2249,331.22,0.4,0.6,2026-10-06,1210,N20,VIIRS,n,2.0NRT,294.57,4.98,D
-9.61522,31.22492,332.39,0.4,0.6,2026-10-06,1210,N20,VIIRS,n,2.0NRT,294.42,5.82,D
-9.61481,31.22865,334.68,0.41,0.6,2026-10-06,1210,N20,VIIRS,n,2.0NRT,294.19,4.11,D
-9.61451,31.22867,340.15,0.4,0.6,2026-10-06,1210,N20,VIIRS,n,2.0NRT,294.08,4.19,D
-9.61156,31.61372,367,0.43,0.62,2026-10-06,1210,N20,VIIRS,h,2.0NRT,306.33,18.55,D
-9.61081,31.61778,331,0.43,0.62,2026-10-06,1210,N20,VIIRS,n,2.0NRT,301.57,18.55,D
-9.60338,31.68929,346.16,0.44,0.62,2026-10-06,1210,N20,VIIRS,n,2.0NRT,299.72,8.2,D
-9.60263,31.69333,347.62,0.44,0.62,2026-10-06,1210,N20,VIIRS,n,2.0NRT,299.78,10.59,D
-9.59764,31.22903,367,0.41,0.6,2026-10-06,1210,N20,VIIRS,h,2.0NRT,299.21,10.58,D
-9.59731,31.22908,367,0.4,0.6,2026-10-06,1210,N20,VIIRS,h,2.0NRT,299.67,15.01,D
-9.59624,31.69609,354.2,0.44,0.62,2026-10-06,1210,N20,VIIRS,n,2.0NRT,303.03,18.75,D
-9.59551,31.70004,348.76,0.44,0.62,2026-10-06,1210,N20,VIIRS,n,2.0NRT,298.84,14.95,D
-9.59301,31.74513,334.32,0.44,0.62,2026-10-06,1210,N20,VIIRS,n,2.0NRT,298.54,20.06,D
-9.59227,31.74907,367,0.44,0.62,2026-10-06,1210,N20,VIIRS,h,2.0NRT,299.96,31.24,D
-9.59137,32.0725,355.84,0.46,0.64,2026-10-06,1210,N20,VIIRS,n,2.0NRT,302.97,8.67,D
-9.59056,32.07677,344.27,0.46,0.64,2026-10-06,1210,N20,VIIRS,n,2.0NRT,297.49,8.67,D
-9.58127,33.01259,331.95,0.53,0.67,2026-10-06,1210,N20,VIIRS,n,2.0NRT,301.73,2.87,D
-9.57971,33.06128,342.54,0.54,0.68,2026-10-06,1210,N20,VIIRS,n,2.0NRT,302.15,6.48,D
-9.57785,33.06252,344.58,0.54,0.68,2026-10-06,1210,N20,VIIRS,n,2.0NRT,302.13,7.82,D
-9.5757,32.09141,343.13,0.46,0.64,2026-10-06,1210,N20,VIIRS,n,2.0NRT,304.19,13.03,D
-9.57488,32.09569,336.27,0.46,0.64,2026-10-06,1210,N20,VIIRS,n,2.0NRT,304.01,11.63,D
-9.56918,32.12549,331.54,0.47,0.64,2026-10-06,1210,N20,VIIRS,n,2.0NRT,301.1,4.23,D
-9.56685,31.94979,367,0.45,0.63,2026-10-06,1210,N20,VIIRS,h,2.0NRT,301.83,14.05,D
-9.56675,31.95042,356.31,0.45,0.63,2026-10-06,1210,N20,VIIRS,n,2.0NRT,302.52,13.02,D
-9.56605,31.95408,340.57,0.45,0.63,2026-10-06,1210,N20,VIIRS,n,2.0NRT,299.53,12.39,D
-9.56592,31.9547,341.59,0.45,0.63,2026-10-06,1210,N20,VIIRS,n,2.0NRT,300.08,13.16,D
-9.56462,32.74187,342.2,0.51,0.66,2026-10-06,1210,N20,VIIRS,n,2.0NRT,302.87,9.38,D
-9.55595,31.78527,355.23,0.44,0.63,2026-10-06,1210,N20,VIIRS,n,2.0NRT,297.28,12.49,D
-9.55519,31.78935,367,0.44,0.63,2026-10-06,1210,N20,VIIRS,h,2.0NRT,299.21,13.28,D
-9.55257,31.74047,367,0.44,0.62,2026-10-06,1210,N20,VIIRS,h,2.0NRT,299.05,11.58,D
-9.55189,31.83846,367,0.45,0.63,2026-10-06,1210,N20,VIIRS,h,2.0NRT,303.55,16.55,D
-9.55115,31.84239,367,0.45,0.63,2026-10-06,1210,N20,VIIRS,h,2.0NRT,304.97,16.55,D
-9.55102,31.78002,333.55,0.44,0.63,2026-10-06,1210,N20,VIIRS,n,2.0NRT,299.64,12.49,D
-9.55041,31.84633,367,0.45,0.63,2026-10-06,1210,N20,VIIRS,h,2.0NRT,310.48,43.43,D
-9.55027,31.784,367,0.44,0.63,2026-10-06,1210,N20,VIIRS,h,2.0NRT,300.6,12.49,D
-9.54951,31.78805,355.5,0.44,0.63,2026-10-06,1210,N20,VIIRS,n,2.0NRT,300.55,13.28,D
-9.54873,31.79219,352.76,0.44,0.63,2026-10-06,1210,N20,VIIRS,n,2.0NRT,295.44,13.28,D
-9.54617,31.83726,367,0.45,0.63,2026-10-06,1210,N20,VIIRS,h,2.0NRT,305.11,11.9,D
-9.54544,31.84117,355.48,0.45,0.63,2026-10-06,1210,N20,VIIRS,n,2.0NRT,305.78,11.9,D
-9.5447,31.8451,354.56,0.45,0.63,2026-10-06,1210,N20,VIIRS,n,2.0NRT,311.19,23.24,D
-9.54411,33.04627,338.22,0.54,0.68,2026-10-06,1210,N20,VIIRS,n,2.0NRT,300.4,4.2,D
-9.54394,31.84911,367,0.45,0.63,2026-10-06,1210,N20,VIIRS,h,2.0NRT,306.39,23.24,D
-9.54362,31.57105,336.42,0.43,0.62,2026-10-06,1210,N20,VIIRS,n,2.0NRT,304.01,3.05,D
-9.54228,31.79498,333.79,0.44,0.63,2026-10-06,1210,N20,VIIRS,n,2.0NRT,296.15,2.31,D
-9.5402,31.99634,336.43,0.46,0.63,2026-10-06,1210,N20,VIIRS,n,2.0NRT,299.84,8.27,D
-9.53324,31.84283,336.32,0.45,0.63,2026-10-06,1210,N20,VIIRS,n,2.0NRT,305.87,5.74,D
-9.52334,31.63385,331.19,0.43,0.62,2026-10-06,1210,N20,VIIRS,l,2.0NRT,302.88,2.61,D
-9.50835,31.81745,339.3,0.45,0.63,2026-10-06,1210,N20,VIIRS,n,2.0NRT,300.31,3.46,D
-9.50719,31.81794,343.69,0.45,0.63,2026-10-06,1210,N20,VIIRS,n,2.0NRT,300.66,3.85,D
-9.50299,32.00259,342.21,0.46,0.63,2026-10-06,1210,N20,VIIRS,n,2.0NRT,302.94,7.24,D
-9.4905,31.78676,367,0.44,0.63,2026-10-06,1210,N20,VIIRS,h,2.0NRT,299.76,7.31,D
-9.48988,31.78322,340.26,0.44,0.63,2026-10-06,1210,N20,VIIRS,n,2.0NRT,300.86,6.28,D
-9.48915,31.78718,350.36,0.44,0.63,2026-10-06,1210,N20,VIIRS,n,2.0NRT,298.3,8.37,D
-9.48687,31.83157,331.42,0.45,0.63,2026-10-06,1210,N20,VIIRS,n,2.0NRT,299.91,9.24,D
-9.4829,31.82625,367,0.45,0.63,2026-10-06,1210,N20,VIIRS,h,2.0NRT,303,9.71,D
-9.48214,31.83016,333.29,0.45,0.63,2026-10-06,1210,N20,VIIRS,n,2.0NRT,300.03,9.71,D
-9.48183,31.82673,367,0.45,0.63,2026-10-06,1210,N20,VIIRS,h,2.0NRT,301.34,9.24,D
-9.46603,31.81587,350.82,0.45,0.63,2026-10-06,1210,N20,VIIRS,n,2.0NRT,302.4,16.65,D
-9.46527,31.81991,342.01,0.45,0.63,2026-10-06,1210,N20,VIIRS,n,2.0NRT,298.08,16.65,D
-9.45429,31.84689,367,0.45,0.63,2026-10-06,1210,N20,VIIRS,h,2.0NRT,300.56,9.03,D
-9.40441,32.35913,348.62,0.49,0.65,2026-10-06,1210,N20,VIIRS,n,2.0NRT,301.42,8.58,D
-9.20714,33.39644,330.61,0.58,0.69,2026-10-06,1210,N20,VIIRS,n,2.0NRT,296.92,5.27,D
-11.07513,22.17156,342.62,0.39,0.36,2026-10-06,1212,N20,VIIRS,n,2.0NRT,312.26,29.33,D
-11.07073,22.17806,334.99,0.39,0.36,2026-10-06,1212,N20,VIIRS,n,2.0NRT,303.72,1.76,D
-11.04929,22.20706,342.35,0.39,0.36,2026-10-06,1212,N20,VIIRS,n,2.0NRT,307.06,7.47,D
-11.04874,22.21058,346.04,0.39,0.36,2026-10-06,1212,N20,VIIRS,n,2.0NRT,305.79,8.91,D
-11.04598,22.20654,343.33,0.39,0.36,2026-10-06,1212,N20,VIIRS,n,2.0NRT,307.87,7.47,D
-10.90144,22.17497,344.35,0.39,0.36,2026-10-06,1212,N20,VIIRS,n,2.0NRT,307.74,4.57,D
-10.89029,22.33529,345.82,0.39,0.36,2026-10-06,1212,N20,VIIRS,n,2.0NRT,306.36,17.01,D
-10.88197,22.32314,344.04,0.39,0.36,2026-10-06,1212,N20,VIIRS,n,2.0NRT,302.41,14.64,D
-10.88138,22.10708,335.46,0.39,0.36,2026-10-06,1212,N20,VIIRS,l,2.0NRT,308.11,2.73,D
-10.87865,22.32263,352.32,0.39,0.36,2026-10-06,1212,N20,VIIRS,n,2.0NRT,314.29,14.64,D
-10.87588,22.31859,335.34,0.39,0.36,2026-10-06,1212,N20,VIIRS,n,2.0NRT,303.83,4.67,D
-10.87534,22.32211,336.38,0.39,0.36,2026-10-06,1212,N20,VIIRS,n,2.0NRT,305.64,4.67,D
-10.87147,22.32512,344.9,0.39,0.36,2026-10-06,1212,N20,VIIRS,n,2.0NRT,310.72,16.29,D
-10.86296,22.22643,336.5,0.39,0.36,2026-10-06,1212,N20,VIIRS,l,2.0NRT,307.61,2.3,D
-10.82965,22.44139,334.44,0.39,0.36,2026-10-06,1212,N20,VIIRS,n,2.0NRT,303.13,2.29,D
-10.77464,22.16143,335.79,0.39,0.36,2026-10-06,1212,N20,VIIRS,n,2.0NRT,304.55,3.1,D
-10.75507,23.87082,335.82,0.42,0.38,2026-10-06,1212,N20,VIIRS,n,2.0NRT,307.81,32.1,D
-10.7463,24.33472,337.48,0.44,0.38,2026-10-06,1212,N20,VIIRS,n,2.0NRT,304.71,7.57,D
-10.74278,24.33416,348.89,0.44,0.38,2026-10-06,1212,N20,VIIRS,n,2.0NRT,304.79,7.57,D
-10.70057,24.30269,334.93,0.44,0.38,2026-10-06,1212,N20,VIIRS,n,2.0NRT,301.7,3.4,D
-10.68875,24.30898,337.69,0.44,0.38,2026-10-06,1212,N20,VIIRS,n,2.0NRT,304.47,4.91,D
-10.66471,22.14739,336.72,0.39,0.36,2026-10-06,1212,N20,VIIRS,n,2.0NRT,304.01,1.85,D
-10.60638,24.91295,347.03,0.47,0.4,2026-10-06,1212,N20,VIIRS,n,2.0NRT,304.33,7.61,D
-10.59251,25.15804,340.02,0.48,0.4,2026-10-06,1212,N20,VIIRS,n,2.0NRT,300.2,5.42,D
-10.56541,24.75496,342.04,0.46,0.39,2026-10-06,1212,N20,VIIRS,n,2.0NRT,302.87,3.39,D
-10.56351,23.01786,331.07,0.4,0.37,2026-10-06,1212,N20,VIIRS,l,2.0NRT,301.43,5.32,D
-10.56294,23.02148,331.22,0.4,0.37,2026-10-06,1212,N20,VIIRS,n,2.0NRT,298.76,2.47,D
-10.53619,22.36446,339.27,0.39,0.36,2026-10-06,1212,N20,VIIRS,n,2.0NRT,306.54,3.4,D
-10.52009,22.33662,336.51,0.39,0.36,2026-10-06,1212,N20,VIIRS,l,2.0NRT,306.7,1.44,D
-10.5108,22.41838,338.42,0.39,0.36,2026-10-06,1212,N20,VIIRS,n,2.0NRT,307.18,2.7,D
-10.50376,24.64658,337.65,0.46,0.39,2026-10-06,1212,N20,VIIRS,n,2.0NRT,306.47,9.48,D
-10.50187,22.36628,338.87,0.39,0.36,2026-10-06,1212,N20,VIIRS,n,2.0NRT,308.96,3.01,D
-10.49382,24.79891,336.26,0.46,0.39,2026-10-06,1212,N20,VIIRS,n,2.0NRT,303.04,2.79,D
-10.47405,24.27011,336.76,0.44,0.38,2026-10-06,1212,N20,VIIRS,n,2.0NRT,304.98,3.26,D
-10.47308,24.25366,335.78,0.44,0.38,2026-10-06,1212,N20,VIIRS,n,2.0NRT,303.69,4.53,D
-10.47084,24.24513,330.61,0.44,0.38,2026-10-06,1212,N20,VIIRS,l,2.0NRT,303.75,2,D
-10.46786,24.8902,338.57,0.47,0.4,2026-10-06,1212,N20,VIIRS,n,2.0NRT,301.26,2.65,D
-10.46381,24.24397,331.91,0.44,0.38,2026-10-06,1212,N20,VIIRS,n,2.0NRT,300.93,2.1,D
-10.45993,24.89324,337.95,0.47,0.4,2026-10-06,1212,N20,VIIRS,n,2.0NRT,300.05,8.1,D
-10.45309,24.84419,331.18,0.47,0.39,2026-10-06,1212,N20,VIIRS,l,2.0NRT,301.89,2.88,D
-10.44925,23.36825,337.12,0.41,0.37,2026-10-06,1212,N20,VIIRS,n,2.0NRT,304.55,4.75,D
-10.44671,24.86043,336.61,0.47,0.39,2026-10-06,1212,N20,VIIRS,n,2.0NRT,304.22,3.33,D
-10.44309,24.85986,337.1,0.47,0.39,2026-10-06,1212,N20,VIIRS,n,2.0NRT,303.92,6.21,D
-10.4417,24.8683,334.65,0.47,0.4,2026-10-06,1212,N20,VIIRS,n,2.0NRT,304.49,3.9,D
-10.43878,24.86348,334.75,0.47,0.4,2026-10-06,1212,N20,VIIRS,n,2.0NRT,304.06,6.21,D
-10.43808,24.8677,335.14,0.47,0.4,2026-10-06,1212,N20,VIIRS,n,2.0NRT,302.83,3.9,D
-10.43153,24.86232,338.57,0.47,0.4,2026-10-06,1212,N20,VIIRS,n,2.0NRT,301.62,2.85,D
-10.40549,24.8113,334.44,0.47,0.39,2026-10-06,1212,N20,VIIRS,n,2.0NRT,302.27,4.36,D
-10.40302,24.8103,343.13,0.46,0.39,2026-10-06,1212,N20,VIIRS,n,2.0NRT,304.02,8.65,D
-10.40189,24.81067,334.53,0.47,0.39,2026-10-06,1212,N20,VIIRS,n,2.0NRT,301.78,2.39,D
-10.3354,23.1755,330.6,0.4,0.37,2026-10-06,1212,N20,VIIRS,l,2.0NRT,305.55,2.8,D
-10.31088,23.24331,336.06,0.41,0.37,2026-10-06,1212,N20,VIIRS,n,2.0NRT,303.72,1.88,D
-10.3063,26.59663,335.49,0.39,0.44,2026-10-06,1212,N20,VIIRS,n,2.0NRT,303.13,6.6,D
-10.29964,23.35912,341.94,0.41,0.37,2026-10-06,1212,N20,VIIRS,n,2.0NRT,304.83,2.34,D
-10.29614,24.60924,331.65,0.46,0.39,2026-10-06,1212,N20,VIIRS,n,2.0NRT,299.85,5.59,D
-10.29257,24.6086,342.47,0.46,0.39,2026-10-06,1212,N20,VIIRS,n,2.0NRT,299.48,5.59,D
-10.28253,24.60255,336.48,0.46,0.39,2026-10-06,1212,N20,VIIRS,n,2.0NRT,300.95,8.92,D
-10.2681,24.44432,335.3,0.45,0.39,2026-10-06,1212,N20,VIIRS,n,2.0NRT,300.07,4.94,D
-10.26523,24.43964,340.09,0.45,0.39,2026-10-06,1212,N20,VIIRS,n,2.0NRT,303.39,10.29,D
-10.26456,24.4437,343.02,0.45,0.39,2026-10-06,1212,N20,VIIRS,n,2.0NRT,303.69,10.29,D
-10.25237,26.41583,337.11,0.57,0.43,2026-10-06,1212,N20,VIIRS,n,2.0NRT,305.46,6.83,D
-10.25133,26.41349,350.06,0.57,0.43,2026-10-06,1212,N20,VIIRS,n,2.0NRT,306.02,11.67,D
-10.24927,26.40993,334.77,0.57,0.43,2026-10-06,1212,N20,VIIRS,l,2.0NRT,305.48,7.2,D
-10.18993,27.13484,345.45,0.42,0.45,2026-10-06,1212,N20,VIIRS,n,2.0NRT,304.18,12.51,D
-10.18927,27.13868,346.56,0.42,0.45,2026-10-06,1212,N20,VIIRS,n,2.0NRT,302.4,12.51,D
-10.18511,27.13797,354.79,0.42,0.45,2026-10-06,1212,N20,VIIRS,n,2.0NRT,306.34,33.07,D
-10.18509,23.00069,339.01,0.4,0.37,2026-10-06,1212,N20,VIIRS,n,2.0NRT,306.46,7.46,D
-10.18445,27.14182,343.66,0.42,0.45,2026-10-06,1212,N20,VIIRS,n,2.0NRT,304.4,14.1,D
-10.13806,24.59694,330.1,0.46,0.39,2026-10-06,1212,N20,VIIRS,l,2.0NRT,305.05,3.21,D
-10.08403,22.9957,338.48,0.4,0.37,2026-10-06,1212,N20,VIIRS,l,2.0NRT,311.73,3.24,D
-10.08346,22.99934,336.18,0.4,0.37,2026-10-06,1212,N20,VIIRS,l,2.0NRT,309.46,3.24,D
-10.08273,23.04781,334.27,0.4,0.37,2026-10-06,1212,N20,VIIRS,l,2.0NRT,307.66,2.6,D
-10.08013,24.60123,333.39,0.46,0.39,2026-10-06,1212,N20,VIIRS,n,2.0NRT,301.11,1.62,D
-10.06761,26.67563,334.58,0.4,0.44,2026-10-06,1212,N20,VIIRS,l,2.0NRT,304.72,3.26,D
-10.06602,23.00029,331.85,0.4,0.37,2026-10-06,1212,N20,VIIRS,l,2.0NRT,305.31,1.41,D
-10.06584,23.04513,334.18,0.4,0.37,2026-10-06,1212,N20,VIIRS,n,2.0NRT,302.82,1.75,D
-10.06357,26.67495,350.04,0.4,0.44,2026-10-06,1212,N20,VIIRS,n,2.0NRT,308.2,30.23,D
-10.05532,23.00232,334.99,0.4,0.37,2026-10-06,1212,N20,VIIRS,n,2.0NRT,305.21,3.41,D
-10.05475,23.00595,337.8,0.4,0.37,2026-10-06,1212,N20,VIIRS,n,2.0NRT,306.32,3.39,D
-10.04394,23.00004,332.78,0.4,0.37,2026-10-06,1212,N20,VIIRS,l,2.0NRT,305.44,2.26,D
-10.02873,23.00883,339.8,0.4,0.37,2026-10-06,1212,N20,VIIRS,n,2.0NRT,305.26,4.67,D
-10.02759,23.01613,336.15,0.4,0.37,2026-10-06,1212,N20,VIIRS,n,2.0NRT,302.03,1.19,D
-10.02744,23.08359,338.17,0.4,0.37,2026-10-06,1212,N20,VIIRS,n,2.0NRT,302.97,2.18,D
-10.02695,26.79247,333,0.4,0.45,2026-10-06,1212,N20,VIIRS,l,2.0NRT,305.13,2.83,D
-10.01843,26.62278,354.94,0.39,0.44,2026-10-06,1212,N20,VIIRS,n,2.0NRT,304.91,10.79,D
-10.01314,26.58135,332.43,0.39,0.44,2026-10-06,1212,N20,VIIRS,l,2.0NRT,303.76,1.54,D
-10.0129,28.18521,354.16,0.5,0.49,2026-10-06,1212,N20,VIIRS,n,2.0NRT,304.54,19.35,D
-10.00905,26.82353,342.46,0.41,0.45,2026-10-06,1212,N20,VIIRS,n,2.0NRT,304.74,7.45,D
-10.00394,28.18369,331.46,0.5,0.49,2026-10-06,1212,N20,VIIRS,l,2.0NRT,303.56,1.95,D
-9.98735,23.09597,338.37,0.4,0.37,2026-10-06,1212,N20,VIIRS,n,2.0NRT,301.34,5.82,D
-9.98693,23.0546,338.48,0.4,0.37,2026-10-06,1212,N20,VIIRS,n,2.0NRT,302.58,2.39,D
-9.98072,26.54615,343.13,0.39,0.44,2026-10-06,1212,N20,VIIRS,n,2.0NRT,305.98,4.21,D
-9.97347,26.51567,333.34,0.39,0.44,2026-10-06,1212,N20,VIIRS,l,2.0NRT,304.88,3.11,D
-9.97289,26.23014,338.82,0.56,0.43,2026-10-06,1212,N20,VIIRS,n,2.0NRT,308.09,6.59,D
-9.97243,23.0148,339.73,0.4,0.37,2026-10-06,1212,N20,VIIRS,n,2.0NRT,304.96,3.22,D
-9.97054,27.22384,344.87,0.43,0.46,2026-10-06,1212,N20,VIIRS,n,2.0NRT,307,12.42,D
-9.96103,26.49171,337.18,0.39,0.44,2026-10-06,1212,N20,VIIRS,n,2.0NRT,303.58,3.36,D
-9.96069,23.99275,335.44,0.43,0.38,2026-10-06,1212,N20,VIIRS,n,2.0NRT,303.31,4.19,D
-9.96006,23.99669,338.51,0.43,0.38,2026-10-06,1212,N20,VIIRS,n,2.0NRT,299.6,3.91,D
-9.95673,25.28835,335.09,0.5,0.41,2026-10-06,1212,N20,VIIRS,n,2.0NRT,303.67,5.81,D
-9.95442,25.07226,331.95,0.48,0.4,2026-10-06,1212,N20,VIIRS,l,2.0NRT,302.49,1.8,D
-9.95297,25.12667,331.25,0.49,0.4,2026-10-06,1212,N20,VIIRS,n,2.0NRT,302.94,1.73,D
-9.94797,23.98264,338.76,0.43,0.38,2026-10-06,1212,N20,VIIRS,n,2.0NRT,306.4,13.91,D
-9.93806,26.27423,341.28,0.57,0.43,2026-10-06,1212,N20,VIIRS,n,2.0NRT,307.03,9.7,D
-9.93646,26.27685,340.29,0.57,0.43,2026-10-06,1212,N20,VIIRS,n,2.0NRT,306.8,4.79,D
-9.93296,23.02349,331.33,0.4,0.37,2026-10-06,1212,N20,VIIRS,l,2.0NRT,304.84,2.9,D
-9.92638,23.98315,346.43,0.43,0.38,2026-10-06,1212,N20,VIIRS,n,2.0NRT,304.03,9.5,D
-9.92141,24.46553,336.94,0.45,0.39,2026-10-06,1212,N20,VIIRS,n,2.0NRT,300.36,4.01,D
-9.92037,24.46451,335.19,0.45,0.39,2026-10-06,1212,N20,VIIRS,n,2.0NRT,300.48,3.16,D
-9.9155,25.39819,332.2,0.5,0.41,2026-10-06,1212,N20,VIIRS,l,2.0NRT,307.04,3,D
-9.89712,23.06645,331.37,0.4,0.37,2026-10-06,1212,N20,VIIRS,l,2.0NRT,301.91,2.56,D
-9.89454,27.03202,344.97,0.42,0.45,2026-10-06,1212,N20,VIIRS,n,2.0NRT,308.79,9.92,D
-9.88808,24.60488,339.49,0.46,0.39,2026-10-06,1212,N20,VIIRS,n,2.0NRT,305.01,14.03,D
-9.88585,24.96696,336.52,0.48,0.4,2026-10-06,1212,N20,VIIRS,n,2.0NRT,303.68,4.88,D
-9.8857,26.44139,344.64,0.39,0.44,2026-10-06,1212,N20,VIIRS,n,2.0NRT,305.29,6.82,D
-9.88342,23.97627,338.04,0.43,0.38,2026-10-06,1212,N20,VIIRS,n,2.0NRT,302.01,11.85,D
-9.8817,26.44073,344.73,0.39,0.44,2026-10-06,1212,N20,VIIRS,n,2.0NRT,305.02,6.82,D
-9.88085,24.53525,334.69,0.46,0.39,2026-10-06,1212,N20,VIIRS,n,2.0NRT,300.67,1.48,D
-9.87749,26.39261,343.63,0.38,0.43,2026-10-06,1212,N20,VIIRS,n,2.0NRT,304.78,5.24,D
-9.8771,27.48735,334.96,0.45,0.47,2026-10-06,1212,N20,VIIRS,n,2.0NRT,301.9,4.2,D
-9.87122,23.91794,338.65,0.43,0.38,2026-10-06,1212,N20,VIIRS,n,2.0NRT,305.87,9.42,D
-9.87117,27.04377,344.12,0.42,0.45,2026-10-06,1212,N20,VIIRS,n,2.0NRT,305.27,8.99,D
-9.86263,28.03889,345.36,0.49,0.49,2026-10-06,1212,N20,VIIRS,n,2.0NRT,303.64,7.13,D
-9.86141,28.03789,348.01,0.49,0.48,2026-10-06,1212,N20,VIIRS,n,2.0NRT,304.46,5.31,D
-9.85652,27.02948,334.7,0.42,0.45,2026-10-06,1212,N20,VIIRS,l,2.0NRT,306.43,1.99,D
-9.84897,23.10766,333.17,0.41,0.37,2026-10-06,1212,N20,VIIRS,n,2.0NRT,304.08,2.65,D
-9.84756,27.03188,342.66,0.42,0.45,2026-10-06,1212,N20,VIIRS,n,2.0NRT,307.03,3.61,D
-9.83692,22.42828,340.46,0.39,0.36,2026-10-06,1212,N20,VIIRS,n,2.0NRT,302.75,2.94,D
-9.83443,27.03358,332.8,0.42,0.45,2026-10-06,1212,N20,VIIRS,l,2.0NRT,304.63,1.55,D
-9.82833,22.8124,330.97,0.4,0.37,2026-10-06,1212,N20,VIIRS,l,2.0NRT,302.86,10.17,D
-9.82441,22.81548,334.74,0.4,0.37,2026-10-06,1212,N20,VIIRS,n,2.0NRT,303.52,10.17,D
-9.81626,29.53775,353.58,0.62,0.54,2026-10-06,1212,N20,VIIRS,n,2.0NRT,300.43,18.71,D
-9.81418,29.54031,342.07,0.62,0.54,2026-10-06,1212,N20,VIIRS,n,2.0NRT,297.25,9.63,D
-9.8138,24.11936,336.24,0.44,0.38,2026-10-06,1212,N20,VIIRS,n,2.0NRT,301.69,4.83,D
-9.80648,24.4597,338.99,0.45,0.39,2026-10-06,1212,N20,VIIRS,n,2.0NRT,300.74,4.56,D
-9.8053,23.92733,330.59,0.43,0.38,2026-10-06,1212,N20,VIIRS,n,2.0NRT,301.45,3.62,D
-9.80466,23.93125,333.6,0.43,0.38,2026-10-06,1212,N20,VIIRS,n,2.0NRT,301.37,3.38,D
-9.80453,24.1097,339.03,0.44,0.38,2026-10-06,1212,N20,VIIRS,n,2.0NRT,298.64,3.41,D
-9.80184,25.49861,332.89,0.51,0.41,2026-10-06,1212,N20,VIIRS,l,2.0NRT,306.28,7.93,D
-9.80106,25.50333,337.02,0.51,0.41,2026-10-06,1212,N20,VIIRS,n,2.0NRT,305.32,7.93,D
-9.79305,24.09144,338.52,0.44,0.38,2026-10-06,1212,N20,VIIRS,n,2.0NRT,303.43,5.3,D
-9.78209,22.45516,333.9,0.39,0.36,2026-10-06,1212,N20,VIIRS,l,2.0NRT,306.21,22.94,D
-9.78017,23.9716,336.93,0.43,0.38,2026-10-06,1212,N20,VIIRS,n,2.0NRT,303.58,32.4,D
-9.77962,23.96791,350.3,0.43,0.38,2026-10-06,1212,N20,VIIRS,n,2.0NRT,303.61,31.55,D
-9.77906,26.72662,335.91,0.4,0.44,2026-10-06,1212,N20,VIIRS,l,2.0NRT,310.91,5.36,D
-9.77899,23.97184,330.81,0.43,0.38,2026-10-06,1212,N20,VIIRS,n,2.0NRT,304.97,31.55,D
-9.77824,23.42018,333.15,0.41,0.37,2026-10-06,1212,N20,VIIRS,n,2.0NRT,301.59,4.22,D
-9.7782,22.45818,333.59,0.39,0.36,2026-10-06,1212,N20,VIIRS,l,2.0NRT,305.93,10.05,D
-9.77108,29.11159,343.29,0.58,0.52,2026-10-06,1212,N20,VIIRS,n,2.0NRT,298.93,6.54,D
-9.77082,29.1133,340.74,0.58,0.52,2026-10-06,1212,N20,VIIRS,n,2.0NRT,297.7,8.41,D
-9.76654,23.5811,332.06,0.42,0.38,2026-10-06,1212,N20,VIIRS,l,2.0NRT,305.56,1.77,D
-9.76536,23.03747,337.13,0.4,0.37,2026-10-06,1212,N20,VIIRS,n,2.0NRT,306.35,2.94,D
-9.7631,23.58055,337.15,0.42,0.38,2026-10-06,1212,N20,VIIRS,n,2.0NRT,305.01,1.77,D
-9.75518,24.84944,334.93,0.47,0.4,2026-10-06,1212,N20,VIIRS,l,2.0NRT,306.95,4.23,D
-9.74825,29.71044,340.6,0.64,0.54,2026-10-06,1212,N20,VIIRS,n,2.0NRT,300.08,5.65,D
-9.73103,25.55201,333.69,0.52,0.41,2026-10-06,1212,N20,VIIRS,l,2.0NRT,305.32,2.99,D
-9.73037,29.69556,330.89,0.63,0.54,2026-10-06,1212,N20,VIIRS,n,2.0NRT,301.2,1.94,D
-9.72968,23.74419,341.79,0.43,0.38,2026-10-06,1212,N20,VIIRS,n,2.0NRT,302.66,6.25,D
-9.72636,26.61927,342.25,0.4,0.44,2026-10-06,1212,N20,VIIRS,n,2.0NRT,304.54,3.73,D
-9.71803,23.75025,333.04,0.43,0.38,2026-10-06,1212,N20,VIIRS,l,2.0NRT,304.05,4.78,D
-9.71741,23.75411,335.94,0.43,0.38,2026-10-06,1212,N20,VIIRS,n,2.0NRT,305.26,4.78,D
-9.71732,24.08785,335.19,0.44,0.38,2026-10-06,1212,N20,VIIRS,n,2.0NRT,303.12,4.13,D
-9.7124,27.26106,334.32,0.44,0.46,2026-10-06,1212,N20,VIIRS,n,2.0NRT,300.92,3.18,D
-9.70588,28.40536,338.16,0.52,0.5,2026-10-06,1212,N20,VIIRS,n,2.0NRT,296.8,5.12,D
-9.70586,23.93585,336.91,0.43,0.38,2026-10-06,1212,N20,VIIRS,n,2.0NRT,301.81,2.29,D
-9.70237,23.93527,332.12,0.43,0.38,2026-10-06,1212,N20,VIIRS,n,2.0NRT,301.35,3.1,D
-9.69815,30.20541,348.12,0.34,0.56,2026-10-06,1212,N20,VIIRS,n,2.0NRT,300.77,7.93,D
-9.69692,30.20294,355,0.34,0.56,2026-10-06,1212,N20,VIIRS,n,2.0NRT,303.74,12.85,D
-9.69636,30.20608,367,0.34,0.56,2026-10-06,1212,N20,VIIRS,h,2.0NRT,299.61,14.11,D
-9.693,30.2045,367,0.34,0.56,2026-10-06,1212,N20,VIIRS,h,2.0NRT,300.66,7.93,D
-9.68736,23.30933,336.42,0.41,0.37,2026-10-06,1212,N20,VIIRS,n,2.0NRT,305.68,33.11,D
-9.68554,24.65901,336.66,0.47,0.39,2026-10-06,1212,N20,VIIRS,n,2.0NRT,304.55,3.29,D
-9.68531,28.06567,333.12,0.49,0.49,2026-10-06,1212,N20,VIIRS,l,2.0NRT,306.29,9.89,D
-9.68219,30.2259,340.79,0.35,0.56,2026-10-06,1212,N20,VIIRS,n,2.0NRT,297.47,3.2,D
-9.68165,30.22891,342.69,0.35,0.56,2026-10-06,1212,N20,VIIRS,n,2.0NRT,297.52,6.18,D
-9.68123,24.66261,345.62,0.47,0.39,2026-10-06,1212,N20,VIIRS,n,2.0NRT,306.53,5.89,D
-9.68087,28.06476,334.63,0.49,0.49,2026-10-06,1212,N20,VIIRS,l,2.0NRT,307.55,7.63,D
-9.68005,28.06942,333.69,0.49,0.49,2026-10-06,1212,N20,VIIRS,l,2.0NRT,307.08,5.19,D
-9.67752,30.23034,334.63,0.35,0.56,2026-10-06,1212,N20,VIIRS,n,2.0NRT,296.84,3.87,D
-9.67463,23.4109,331.43,0.41,0.37,2026-10-06,1212,N20,VIIRS,n,2.0NRT,300.68,2.58,D
-9.67198,22.76457,356.49,0.4,0.37,2026-10-06,1212,N20,VIIRS,n,2.0NRT,299.67,12.51,D
-9.67141,22.76819,342.53,0.4,0.37,2026-10-06,1212,N20,VIIRS,n,2.0NRT,300.36,12.51,D
-9.6712,23.41035,336.76,0.41,0.37,2026-10-06,1212,N20,VIIRS,n,2.0NRT,304.47,6.8,D
-9.66862,22.76404,344.29,0.4,0.37,2026-10-06,1212,N20,VIIRS,n,2.0NRT,303.68,12.51,D
-9.66526,22.7635,346.81,0.4,0.37,2026-10-06,1212,N20,VIIRS,n,2.0NRT,301.75,8.98,D
-9.66364,27.93478,335.49,0.49,0.48,2026-10-06,1212,N20,VIIRS,n,2.0NRT,298.19,3.49,D
-9.65051,30.16558,330.07,0.34,0.56,2026-10-06,1212,N20,VIIRS,n,2.0NRT,301.01,1.53,D
-9.64659,25.45152,338.42,0.51,0.41,2026-10-06,1212,N20,VIIRS,l,2.0NRT,308.62,7.84,D
-9.64517,30.5484,346.19,0.36,0.58,2026-10-06,1212,N20,VIIRS,n,2.0NRT,298.56,6.07,D
-9.64468,26.80179,339.44,0.41,0.45,2026-10-06,1212,N20,VIIRS,n,2.0NRT,298.53,3.89,D
-9.64402,26.80558,342.68,0.41,0.45,2026-10-06,1212,N20,VIIRS,n,2.0NRT,300.92,6.2,D
-9.6415,26.80359,345.37,0.41,0.45,2026-10-06,1212,N20,VIIRS,n,2.0NRT,298.48,11,D
-9.63712,29.27752,340.26,0.6,0.53,2026-10-06,1212,N20,VIIRS,n,2.0NRT,303.52,6.25,D
-9.63451,29.27404,345.96,0.6,0.53,2026-10-06,1212,N20,VIIRS,n,2.0NRT,309.33,17.4,D
-9.63255,29.25678,336.49,0.6,0.53,2026-10-06,1212,N20,VIIRS,n,2.0NRT,300.47,36.01,D
-9.63228,29.27662,337.44,0.6,0.53,2026-10-06,1212,N20,VIIRS,n,2.0NRT,305.86,21.4,D
-9.63172,29.34712,342.92,0.6,0.53,2026-10-06,1212,N20,VIIRS,n,2.0NRT,302.38,13.45,D
-9.63159,29.26223,345.31,0.6,0.53,2026-10-06,1212,N20,VIIRS,n,2.0NRT,312.85,57.64,D
-9.63063,29.26767,344.74,0.6,0.53,2026-10-06,1212,N20,VIIRS,n,2.0NRT,305,57.64,D
-9.62995,29.34405,342.57,0.6,0.53,2026-10-06,1212,N20,VIIRS,n,2.0NRT,302.03,5.86,D
-9.62945,29.26485,344.84,0.6,0.53,2026-10-06,1212,N20,VIIRS,n,2.0NRT,311.79,249.01,D
-9.6277,29.25595,302.92,0.6,0.53,2026-10-06,1212,N20,VIIRS,l,2.0NRT,304.71,84.33,D
-9.62578,29.26686,343.53,0.6,0.53,2026-10-06,1212,N20,VIIRS,n,2.0NRT,298.69,221,D
-9.6229,27.22575,341.34,0.44,0.46,2026-10-06,1212,N20,VIIRS,n,2.0NRT,299.9,6.73,D
-9.61801,29.19804,351.32,0.59,0.53,2026-10-06,1212,N20,VIIRS,n,2.0NRT,307.39,32.84,D
-9.61318,29.19726,339.63,0.59,0.53,2026-10-06,1212,N20,VIIRS,n,2.0NRT,295.01,32.84,D
-9.61046,28.46424,334.72,0.53,0.5,2026-10-06,1212,N20,VIIRS,l,2.0NRT,306.85,6.99,D
-9.60754,23.82785,334.81,0.43,0.38,2026-10-06,1212,N20,VIIRS,n,2.0NRT,300.55,3.16,D
-9.60406,23.82729,336.14,0.43,0.38,2026-10-06,1212,N20,VIIRS,n,2.0NRT,300.42,2.71,D
-9.59252,30.7125,343.74,0.37,0.58,2026-10-06,1212,N20,VIIRS,n,2.0NRT,298.7,4.55,D
-9.59187,30.71597,344.84,0.37,0.58,2026-10-06,1212,N20,VIIRS,n,2.0NRT,298.28,4.55,D
-9.59165,24.0594,335.93,0.44,0.38,2026-10-06,1212,N20,VIIRS,n,2.0NRT,304.01,4.27,D
-9.59147,30.18778,367,0.34,0.56,2026-10-06,1212,N20,VIIRS,h,2.0NRT,304.28,19.36,D
-9.58845,30.62621,356.06,0.37,0.58,2026-10-06,1212,N20,VIIRS,n,2.0NRT,303.9,10.55,D
-9.58785,30.62952,352.56,0.37,0.58,2026-10-06,1212,N20,VIIRS,n,2.0NRT,303.43,10.55,D
-9.58024,25.40774,343.55,0.51,0.41,2026-10-06,1212,N20,VIIRS,n,2.0NRT,307.06,14.05,D
-9.56897,27.05818,330.19,0.43,0.46,2026-10-06,1212,N20,VIIRS,l,2.0NRT,304.53,2.45,D
-9.56681,28.84697,342.99,0.56,0.51,2026-10-06,1212,N20,VIIRS,n,2.0NRT,297.57,5.39,D
-9.56479,27.05747,351.24,0.43,0.46,2026-10-06,1212,N20,VIIRS,n,2.0NRT,305.45,10.33,D
-9.5634,23.84837,331.01,0.43,0.38,2026-10-06,1212,N20,VIIRS,l,2.0NRT,303.38,2.22,D
-9.56278,23.85227,332.49,0.43,0.38,2026-10-06,1212,N20,VIIRS,l,2.0NRT,303.51,3.63,D
-9.55095,23.81432,336.3,0.43,0.38,2026-10-06,1212,N20,VIIRS,l,2.0NRT,311.17,8.07,D
-9.53966,23.72881,334.71,0.43,0.38,2026-10-06,1212,N20,VIIRS,n,2.0NRT,301.97,6.6,D
-9.53699,31.06651,341.7,0.4,0.6,2026-10-06,1212,N20,VIIRS,n,2.0NRT,300.82,5.47,D
-9.53673,31.06496,335.48,0.4,0.6,2026-10-06,1212,N20,VIIRS,n,2.0NRT,300.43,6.66,D
-9.51925,30.29228,336.2,0.35,0.57,2026-10-06,1212,N20,VIIRS,n,2.0NRT,304.95,2.51,D
-9.51458,30.22976,350.08,0.35,0.57,2026-10-06,1212,N20,VIIRS,n,2.0NRT,299.82,5.18,D
-9.50998,30.2257,367,0.35,0.57,2026-10-06,1212,N20,VIIRS,h,2.0NRT,294.79,9.21,D
-9.50954,30.02622,332.99,0.34,0.56,2026-10-06,1212,N20,VIIRS,n,2.0NRT,294.14,2.61,D
-9.50939,30.22888,355.88,0.35,0.57,2026-10-06,1212,N20,VIIRS,n,2.0NRT,293.16,6.03,D
-9.50334,23.63197,333.25,0.42,0.38,2026-10-06,1212,N20,VIIRS,n,2.0NRT,298.94,4.04,D
-9.50137,30.2435,338.9,0.35,0.57,2026-10-06,1212,N20,VIIRS,n,2.0NRT,300.13,4.25,D
-9.49332,22.91415,334.11,0.4,0.37,2026-10-06,1212,N20,VIIRS,n,2.0NRT,301.28,3.68,D
-9.49218,22.92146,335.87,0.4,0.37,2026-10-06,1212,N20,VIIRS,n,2.0NRT,302.38,4.77,D
-9.49182,28.17066,335.07,0.51,0.49,2026-10-06,1212,N20,VIIRS,n,2.0NRT,302.48,10.83,D
-9.4913,31.25248,342.56,0.41,0.61,2026-10-06,1212,N20,VIIRS,n,2.0NRT,298.31,3.81,D
-9.49102,28.17531,342.3,0.51,0.49,2026-10-06,1212,N20,VIIRS,n,2.0NRT,304.5,10.83,D
-9.49021,31.25349,346.07,0.41,0.6,2026-10-06,1212,N20,VIIRS,n,2.0NRT,298.3,4.59,D
-9.48766,30.43604,352.38,0.36,0.57,2026-10-06,1212,N20,VIIRS,n,2.0NRT,307.05,43.79,D
-9.48732,28.16987,338.66,0.51,0.49,2026-10-06,1212,N20,VIIRS,n,2.0NRT,303.96,10.83,D
-9.48651,28.17451,341.67,0.51,0.49,2026-10-06,1212,N20,VIIRS,n,2.0NRT,302.49,10.83,D
-9.48096,23.75122,338.71,0.43,0.38,2026-10-06,1212,N20,VIIRS,n,2.0NRT,306.08,6.83,D
-9.47522,28.23987,333.1,0.51,0.49,2026-10-06,1212,N20,VIIRS,l,2.0NRT,304.4,4.16,D
-9.471,25.84564,340.16,0.54,0.42,2026-10-06,1212,N20,VIIRS,n,2.0NRT,305.49,37.03,D
-9.4695,25.84776,335.71,0.54,0.42,2026-10-06,1212,N20,VIIRS,n,2.0NRT,302.5,40.75,D
-9.46518,22.26566,334.76,0.39,0.36,2026-10-06,1212,N20,VIIRS,n,2.0NRT,303.28,3.89,D
-9.45635,30.69755,367,0.38,0.58,2026-10-06,1212,N20,VIIRS,h,2.0NRT,299.99,14.67,D
-9.45365,30.5622,332.88,0.37,0.58,2026-10-06,1212,N20,VIIRS,l,2.0NRT,305.25,5.06,D
-9.44418,30.49514,332.43,0.36,0.58,2026-10-06,1212,N20,VIIRS,n,2.0NRT,301.04,2.59,D
-9.44356,30.49853,330.55,0.36,0.58,2026-10-06,1212,N20,VIIRS,l,2.0NRT,300.57,2.59,D
-9.44293,30.50192,330.68,0.36,0.58,2026-10-06,1212,N20,VIIRS,n,2.0NRT,299.42,4.72,D
-9.44188,22.97689,332.92,0.4,0.37,2026-10-06,1212,N20,VIIRS,n,2.0NRT,303.6,3.11,D
-9.44136,21.98037,347.49,0.39,0.36,2026-10-06,1212,N20,VIIRS,n,2.0NRT,305.37,12.39,D
-9.43863,30.52509,367,0.37,0.58,2026-10-06,1212,N20,VIIRS,h,2.0NRT,297.61,9.72,D
-9.42513,28.76204,332.67,0.55,0.51,2026-10-06,1212,N20,VIIRS,n,2.0NRT,299.18,1.86,D
-9.42304,24.74886,341.99,0.47,0.4,2026-10-06,1212,N20,VIIRS,n,2.0NRT,304.76,6.72,D
-9.41937,30.30684,355.52,0.35,0.57,2026-10-06,1212,N20,VIIRS,n,2.0NRT,298.78,7.48,D
-9.41879,30.31003,345.4,0.35,0.57,2026-10-06,1212,N20,VIIRS,n,2.0NRT,300.05,7.48,D
-9.40971,23.64045,337.08,0.42,0.38,2026-10-06,1212,N20,VIIRS,n,2.0NRT,303.69,4.66,D
-9.40909,23.64431,334.13,0.42,0.38,2026-10-06,1212,N20,VIIRS,n,2.0NRT,302.28,3.06,D
-9.40867,24.49379,332.11,0.46,0.39,2026-10-06,1212,N20,VIIRS,n,2.0NRT,301.82,4.47,D
-9.40847,31.17708,334.38,0.41,0.6,2026-10-06,1212,N20,VIIRS,n,2.0NRT,303.39,9.05,D
-9.40721,30.28494,343.6,0.35,0.57,2026-10-06,1212,N20,VIIRS,n,2.0NRT,301.45,4.01,D
-9.40516,22.6953,337.46,0.4,0.37,2026-10-06,1212,N20,VIIRS,n,2.0NRT,302.53,5.11,D
-9.40384,30.51302,337.81,0.37,0.58,2026-10-06,1212,N20,VIIRS,n,2.0NRT,295.68,2.18,D
-9.39723,29.85792,335.71,0.33,0.55,2026-10-06,1212,N20,VIIRS,n,2.0NRT,304.4,1.63,D
-9.39667,24.52201,334.32,0.46,0.39,2026-10-06,1212,N20,VIIRS,n,2.0NRT,301.56,3.32,D
-9.39467,24.99517,338.72,0.49,0.4,2026-10-06,1212,N20,VIIRS,n,2.0NRT,305.87,6.62,D
-9.39396,24.99959,331.36,0.49,0.4,2026-10-06,1212,N20,VIIRS,l,2.0NRT,305.21,4.46,D
-9.39356,24.99433,334.5,0.49,0.4,2026-10-06,1212,N20,VIIRS,l,2.0NRT,304.95,3.82,D
-9.39282,24.99874,337.66,0.49,0.4,2026-10-06,1212,N20,VIIRS,n,2.0NRT,305.76,6.09,D
-9.39018,23.63758,338.42,0.42,0.38,2026-10-06,1212,N20,VIIRS,n,2.0NRT,303.63,5.33,D
-9.38957,23.64144,334.24,0.43,0.38,2026-10-06,1212,N20,VIIRS,n,2.0NRT,301.95,4.15,D
-9.38789,30.05769,342.31,0.34,0.56,2026-10-06,1212,N20,VIIRS,n,2.0NRT,310.72,26.22,D
-9.38734,30.06077,367,0.34,0.56,2026-10-06,1212,N20,VIIRS,h,2.0NRT,306.45,27.57,D
-9.38554,23.15673,332,0.41,0.37,2026-10-06,1212,N20,VIIRS,n,2.0NRT,300.15,2.36,D
-9.38482,30.05849,345.87,0.34,0.56,2026-10-06,1212,N20,VIIRS,n,2.0NRT,316.76,29.79,D
-9.38424,30.06157,340.53,0.34,0.56,2026-10-06,1212,N20,VIIRS,n,2.0NRT,306.92,18.01,D
-9.38366,30.56425,332.05,0.37,0.58,2026-10-06,1212,N20,VIIRS,n,2.0NRT,297.26,5,D
-9.38114,31.10857,335.55,0.4,0.6,2026-10-06,1212,N20,VIIRS,n,2.0NRT,299.14,3.01,D
-9.38077,30.43008,339.74,0.36,0.57,2026-10-06,1212,N20,VIIRS,n,2.0NRT,297.23,4,D
-9.37962,25.51831,338.42,0.52,0.42,2026-10-06,1212,N20,VIIRS,n,2.0NRT,302.11,4.51,D
-9.37937,29.87012,343.98,0.33,0.55,2026-10-06,1212,N20,VIIRS,n,2.0NRT,304.77,2.39,D
-9.37307,30.5622,352.35,0.37,0.58,2026-10-06,1212,N20,VIIRS,n,2.0NRT,300.31,4.5,D
-9.37247,30.56552,333.67,0.37,0.58,2026-10-06,1212,N20,VIIRS,n,2.0NRT,300.2,4.5,D
-9.36856,29.95925,331.52,0.34,0.56,2026-10-06,1212,N20,VIIRS,n,2.0NRT,301.01,1.42,D
-9.36791,30.441,339.61,0.36,0.58,2026-10-06,1212,N20,VIIRS,n,2.0NRT,296.49,31.07,D
-9.36732,30.44422,367,0.36,0.58,2026-10-06,1212,N20,VIIRS,h,2.0NRT,307.27,76.56,D
-9.36718,30.5645,330.24,0.37,0.58,2026-10-06,1212,N20,VIIRS,n,2.0NRT,297.33,4.5,D
-9.36576,30.39361,355.81,0.36,0.57,2026-10-06,1212,N20,VIIRS,n,2.0NRT,294.3,9.21,D
-9.36515,30.39689,356,0.36,0.57,2026-10-06,1212,N20,VIIRS,l,2.0NRT,286.43,9.01,D
-9.35928,32.03757,348.27,0.46,0.64,2026-10-06,1212,N20,VIIRS,n,2.0NRT,303.31,6.99,D
-9.35827,32.03761,349.96,0.46,0.64,2026-10-06,1212,N20,VIIRS,n,2.0NRT,303.82,8.8,D
-9.34117,30.17039,355.86,0.35,0.57,2026-10-06,1212,N20,VIIRS,n,2.0NRT,302.14,9.6,D
-9.336,30.16948,334.76,0.35,0.57,2026-10-06,1212,N20,VIIRS,l,2.0NRT,305.26,3.44,D
-9.33125,25.08111,334.83,0.49,0.41,2026-10-06,1212,N20,VIIRS,n,2.0NRT,305.25,2.76,D
-9.33112,29.90511,367,0.33,0.56,2026-10-06,1212,N20,VIIRS,h,2.0NRT,309.45,20.02,D
-9.33051,25.08563,330.9,0.49,0.41,2026-10-06,1212,N20,VIIRS,l,2.0NRT,302.67,2.76,D
-9.30624,31.38962,343.47,0.42,0.61,2026-10-06,1212,N20,VIIRS,n,2.0NRT,300.23,5.04,D
-9.29782,31.03678,354.48,0.4,0.6,2026-10-06,1212,N20,VIIRS,n,2.0NRT,294.94,9.77,D
-9.28373,30.10538,347.55,0.34,0.56,2026-10-06,1212,N20,VIIRS,n,2.0NRT,305.6,5.8,D
-9.282,30.10613,354.55,0.34,0.56,2026-10-06,1212,N20,VIIRS,n,2.0NRT,304.27,4.05,D
-9.28029,30.79642,337.5,0.38,0.59,2026-10-06,1212,N20,VIIRS,n,2.0NRT,296.48,3.81,D
-9.27985,31.88321,344.48,0.45,0.63,2026-10-06,1212,N20,VIIRS,n,2.0NRT,301.29,8.01,D
-9.27979,31.88446,353.94,0.45,0.63,2026-10-06,1212,N20,VIIRS,n,2.0NRT,301.8,8.02,D
-9.27164,30.61639,338.58,0.37,0.58,2026-10-06,1212,N20,VIIRS,n,2.0NRT,302.33,3.84,D
-9.27103,30.61978,341.36,0.37,0.58,2026-10-06,1212,N20,VIIRS,n,2.0NRT,300.39,3.84,D
-9.26876,31.35372,338.52,0.42,0.61,2026-10-06,1212,N20,VIIRS,n,2.0NRT,296.64,2.97,D
-9.26536,32.51254,351.17,0.5,0.66,2026-10-06,1212,N20,VIIRS,n,2.0NRT,300.54,9.44,D
-9.26431,31.77343,339.01,0.45,0.63,2026-10-06,1212,N20,VIIRS,n,2.0NRT,303.64,4.41,D
-9.26092,22.15977,333.25,0.39,0.36,2026-10-06,1212,N20,VIIRS,n,2.0NRT,299.88,1.64,D
-9.25668,29.98078,341.5,0.34,0.56,2026-10-06,1212,N20,VIIRS,n,2.0NRT,300.83,2.33,D
-9.25558,30.61383,330.65,0.37,0.58,2026-10-06,1212,N20,VIIRS,n,2.0NRT,300.62,4.09,D
-9.25347,30.1169,342.55,0.35,0.56,2026-10-06,1212,N20,VIIRS,n,2.0NRT,309.44,5.94,D
-9.25292,30.12,367,0.35,0.56,2026-10-06,1212,N20,VIIRS,h,2.0NRT,309.61,5.94,D
-9.25236,30.12313,341.47,0.35,0.56,2026-10-06,1212,N20,VIIRS,n,2.0NRT,307.85,6.21,D
-9.25145,30.60628,338.94,0.37,0.58,2026-10-06,1212,N20,VIIRS,n,2.0NRT,297.03,4.01,D
-9.24842,25.7749,335.22,0.54,0.42,2026-10-06,1212,N20,VIIRS,l,2.0NRT,307.33,3.1,D
-9.24775,30.11912,335.71,0.35,0.56,2026-10-06,1212,N20,VIIRS,n,2.0NRT,307.75,5.58,D
-9.24628,32.58726,341.53,0.51,0.66,2026-10-06,1212,N20,VIIRS,n,2.0NRT,304.09,10.27,D
-9.24536,30.10274,352.75,0.34,0.56,2026-10-06,1212,N20,VIIRS,n,2.0NRT,301.06,3.35,D
-9.24515,32.58756,339.34,0.51,0.66,2026-10-06,1212,N20,VIIRS,n,2.0NRT,303.85,6.18,D
-9.24492,31.91028,344.45,0.46,0.63,2026-10-06,1212,N20,VIIRS,n,2.0NRT,303.87,7.59,D
-9.2402,30.10188,331.45,0.34,0.56,2026-10-06,1212,N20,VIIRS,l,2.0NRT,303.44,1.71,D
-9.23896,30.0792,330.1,0.34,0.56,2026-10-06,1212,N20,VIIRS,l,2.0NRT,303.34,1.74,D
-9.23841,31.59588,367,0.44,0.62,2026-10-06,1212,N20,VIIRS,h,2.0NRT,302,19.55,D
-9.23414,32.58529,335.99,0.51,0.66,2026-10-06,1212,N20,VIIRS,n,2.0NRT,305.84,8.96,D
-9.23119,32.56191,335.52,0.51,0.66,2026-10-06,1212,N20,VIIRS,n,2.0NRT,304.22,3.47,D
-9.2305,31.06368,334.57,0.4,0.6,2026-10-06,1212,N20,VIIRS,n,2.0NRT,304.49,7.9,D
-9.22884,25.89392,337.15,0.55,0.43,2026-10-06,1212,N20,VIIRS,n,2.0NRT,301.59,6.03,D
-9.22862,29.98991,344.57,0.34,0.56,2026-10-06,1212,N20,VIIRS,n,2.0NRT,303.88,14.24,D
-9.22804,29.99309,351.06,0.34,0.56,2026-10-06,1212,N20,VIIRS,n,2.0NRT,302.83,17.91,D
-9.22748,28.95734,338.55,0.58,0.52,2026-10-06,1212,N20,VIIRS,n,2.0NRT,298.82,5.25,D
-9.22361,26.0484,332.03,0.56,0.43,2026-10-06,1212,N20,VIIRS,l,2.0NRT,303.15,6.61,D
-9.2235,29.98901,347.46,0.34,0.56,2026-10-06,1212,N20,VIIRS,n,2.0NRT,306.73,14.24,D
-9.2229,29.99229,367,0.34,0.56,2026-10-06,1212,N20,VIIRS,h,2.0NRT,306.48,17.91,D
-9.22242,26.0515,346.57,0.56,0.43,2026-10-06,1212,N20,VIIRS,n,2.0NRT,302.86,13.33,D
-9.22238,30.05342,347.13,0.34,0.56,2026-10-06,1212,N20,VIIRS,n,2.0NRT,304.46,4.92,D
-9.22171,31.84215,331.12,0.45,0.63,2026-10-06,1212,N20,VIIRS,n,2.0NRT,300.84,3.74,D
-9.21967,26.04776,343.56,0.56,0.43,2026-10-06,1212,N20,VIIRS,n,2.0NRT,299.36,6.61,D
-9.21883,26.05284,345.37,0.56,0.43,2026-10-06,1212,N20,VIIRS,n,2.0NRT,300.11,15.46,D
-9.21847,26.05086,351.17,0.56,0.43,2026-10-06,1212,N20,VIIRS,n,2.0NRT,299.34,6.42,D
-9.21676,30.29184,354.99,0.36,0.57,2026-10-06,1212,N20,VIIRS,n,2.0NRT,299.03,18.03,D
-9.21594,31.84106,336.2,0.45,0.63,2026-10-06,1212,N20,VIIRS,n,2.0NRT,302.88,3.74,D
-9.19395,32.56043,335.62,0.51,0.66,2026-10-06,1212,N20,VIIRS,n,2.0NRT,302.5,4.66,D
-9.19122,32.6078,347.28,0.51,0.66,2026-10-06,1212,N20,VIIRS,n,2.0NRT,302.53,6.02,D
-9.19047,29.29399,333.32,0.61,0.53,2026-10-06,1212,N20,VIIRS,n,2.0NRT,298.84,6.72,D
-9.18976,32.2732,331.83,0.48,0.65,2026-10-06,1212,N20,VIIRS,n,2.0NRT,301.5,2,D
-9.18708,25.78449,346.21,0.54,0.42,2026-10-06,1212,N20,VIIRS,n,2.0NRT,307.21,11.27,D
-9.18692,32.27347,334.47,0.48,0.65,2026-10-06,1212,N20,VIIRS,n,2.0NRT,301.9,1.95,D
-9.18423,32.61157,343.29,0.51,0.66,2026-10-06,1212,N20,VIIRS,n,2.0NRT,302.92,8.19,D
-9.18186,30.30571,348.94,0.36,0.57,2026-10-06,1212,N20,VIIRS,n,2.0NRT,305.53,5.53,D
-9.17952,25.82943,342.31,0.55,0.42,2026-10-06,1212,N20,VIIRS,n,2.0NRT,305.07,5.44,D
-9.17767,25.79305,346.37,0.54,0.42,2026-10-06,1212,N20,VIIRS,n,2.0NRT,306.15,12.06,D
-9.16952,25.21718,335.82,0.5,0.41,2026-10-06,1212,N20,VIIRS,n,2.0NRT,305.21,6.12,D
-9.1644,23.66903,330.09,0.43,0.38,2026-10-06,1212,N20,VIIRS,l,2.0NRT,301.01,3.15,D
-9.15965,30.57838,340.41,0.37,0.58,2026-10-06,1212,N20,VIIRS,n,2.0NRT,300.07,3.39,D
-9.15433,30.57733,353.55,0.37,0.58,2026-10-06,1212,N20,VIIRS,n,2.0NRT,299.17,22.8,D
-9.15372,30.5807,337.54,0.37,0.58,2026-10-06,1212,N20,VIIRS,n,2.0NRT,296.33,11.16,D
-9.1421,25.93308,349.7,0.55,0.43,2026-10-06,1212,N20,VIIRS,n,2.0NRT,301.76,6.02,D
-9.14143,25.93594,337.56,0.55,0.43,2026-10-06,1212,N20,VIIRS,n,2.0NRT,303.6,7.12,D
-9.13951,24.18941,341.45,0.45,0.39,2026-10-06,1212,N20,VIIRS,n,2.0NRT,303.68,17.58,D
-9.13529,32.08525,335.24,0.47,0.64,2026-10-06,1212,N20,VIIRS,n,2.0NRT,303.09,3.15,D
-9.13458,30.41576,347.97,0.36,0.58,2026-10-06,1212,N20,VIIRS,n,2.0NRT,300.08,3.12,D
-9.13144,29.18945,340.97,0.6,0.53,2026-10-06,1212,N20,VIIRS,n,2.0NRT,302.29,4.68,D
-9.12466,30.4105,343.75,0.36,0.58,2026-10-06,1212,N20,VIIRS,n,2.0NRT,299.67,4.05,D
-9.12063,31.83894,336.81,0.45,0.63,2026-10-06,1212,N20,VIIRS,n,2.0NRT,302.38,4.55,D
-9.11432,25.59466,336.29,0.53,0.42,2026-10-06,1212,N20,VIIRS,n,2.0NRT,303.89,4.83,D
-9.11419,32.78087,342.92,0.53,0.67,2026-10-06,1212,N20,VIIRS,n,2.0NRT,306.01,6.8,D
-9.11386,32.78104,343.38,0.53,0.67,2026-10-06,1212,N20,VIIRS,n,2.0NRT,306.19,9.06,D
-9.10983,26.14531,336.68,0.57,0.43,2026-10-06,1212,N20,VIIRS,n,2.0NRT,301.95,7.63,D
-9.10888,30.73573,338.21,0.38,0.59,2026-10-06,1212,N20,VIIRS,n,2.0NRT,303.26,9.24,D
-9.10824,30.73921,367,0.38,0.59,2026-10-06,1212,N20,VIIRS,h,2.0NRT,306.92,9.24,D
-9.10714,26.14736,348.9,0.57,0.43,2026-10-06,1212,N20,VIIRS,n,2.0NRT,301.82,12.64,D
-9.10586,26.14464,341.2,0.57,0.43,2026-10-06,1212,N20,VIIRS,n,2.0NRT,304.55,7.63,D
-9.10505,31.09846,349.54,0.41,0.6,2026-10-06,1212,N20,VIIRS,n,2.0NRT,299.3,21.08,D
-9.10497,26.14984,347.7,0.57,0.43,2026-10-06,1212,N20,VIIRS,n,2.0NRT,300.27,9.9,D
-9.10439,31.10212,367,0.41,0.6,2026-10-06,1212,N20,VIIRS,h,2.0NRT,301.23,21.08,D
-9.10432,31.09942,350.91,0.41,0.6,2026-10-06,1212,N20,VIIRS,n,2.0NRT,301.55,19.6,D
-9.10375,29.2445,331.68,0.61,0.53,2026-10-06,1212,N20,VIIRS,l,2.0NRT,303,2.61,D
-9.10363,31.10307,367,0.41,0.6,2026-10-06,1212,N20,VIIRS,h,2.0NRT,299.18,19.6,D
-9.10317,26.14669,342.1,0.57,0.43,2026-10-06,1212,N20,VIIRS,n,2.0NRT,303.93,12.64,D
-9.09721,26.31586,337.62,0.39,0.44,2026-10-06,1212,N20,VIIRS,n,2.0NRT,299.36,2.29,D
-9.09654,27.86824,331.82,0.49,0.49,2026-10-06,1212,N20,VIIRS,n,2.0NRT,299.48,5.04,D
-9.09451,25.9045,334.46,0.55,0.43,2026-10-06,1212,N20,VIIRS,n,2.0NRT,302.35,2.15,D
-9.09284,27.86317,342.51,0.49,0.49,2026-10-06,1212,N20,VIIRS,n,2.0NRT,299.52,7.81,D
-9.09209,27.86755,342.61,0.49,0.49,2026-10-06,1212,N20,VIIRS,n,2.0NRT,301.04,11.41,D
-9.09133,27.87196,345.01,0.49,0.49,2026-10-06,1212,N20,VIIRS,n,2.0NRT,302.17,11.41,D
-9.09085,31.11396,352.23,0.41,0.6,2026-10-06,1212,N20,VIIRS,n,2.0NRT,296.77,11.13,D
-9.09065,31.11143,353.66,0.41,0.6,2026-10-06,1212,N20,VIIRS,n,2.0NRT,295.18,7.14,D
-9.08999,31.11491,340.12,0.41,0.6,2026-10-06,1212,N20,VIIRS,n,2.0NRT,296.1,7.14,D
-9.08796,27.94488,332.39,0.5,0.49,2026-10-06,1212,N20,VIIRS,n,2.0NRT,296.46,6.02,D
-9.08729,26.06996,346.67,0.57,0.43,2026-10-06,1212,N20,VIIRS,n,2.0NRT,299.83,10.24,D
-9.08593,31.73821,367,0.45,0.63,2026-10-06,1212,N20,VIIRS,h,2.0NRT,301.74,8.71,D
-9.08571,31.7348,335.18,0.45,0.63,2026-10-06,1212,N20,VIIRS,n,2.0NRT,300.74,8.69,D
-9.08534,27.8801,333.04,0.49,0.49,2026-10-06,1212,N20,VIIRS,n,2.0NRT,300.85,5.65,D
-9.08496,31.73893,367,0.45,0.63,2026-10-06,1212,N20,VIIRS,h,2.0NRT,301.28,8.69,D
-9.08159,26.15375,350.75,0.57,0.43,2026-10-06,1212,N20,VIIRS,n,2.0NRT,300.06,13.1,D
-9.08089,27.87937,333.23,0.49,0.49,2026-10-06,1212,N20,VIIRS,n,2.0NRT,297.89,3.92,D
-9.08016,31.7373,342.01,0.45,0.63,2026-10-06,1212,N20,VIIRS,n,2.0NRT,300.19,8.71,D
-9.07861,33.68592,342.44,0.61,0.71,2026-10-06,1212,N20,VIIRS,n,2.0NRT,287.32,13.4,D
-9.07718,32.44406,341.84,0.5,0.66,2026-10-06,1212,N20,VIIRS,n,2.0NRT,306.32,4.66,D
-9.07545,32.44413,336.95,0.5,0.66,2026-10-06,1212,N20,VIIRS,n,2.0NRT,305.53,3.38,D
-9.07239,27.92851,332,0.5,0.49,2026-10-06,1212,N20,VIIRS,n,2.0NRT,299.86,3.06,D
-9.0659,31.93838,340.53,0.46,0.64,2026-10-06,1212,N20,VIIRS,n,2.0NRT,303.09,4.58,D
-9.06367,25.99266,342.43,0.56,0.43,2026-10-06,1212,N20,VIIRS,n,2.0NRT,301.06,4.41,D
-9.06307,29.65205,367,0.32,0.55,2026-10-06,1212,N20,VIIRS,h,2.0NRT,308.44,5.74,D
-9.06265,32.45492,340.08,0.5,0.66,2026-10-06,1212,N20,VIIRS,n,2.0NRT,306.31,2.59,D
-9.06254,29.65498,341.91,0.32,0.55,2026-10-06,1212,N20,VIIRS,n,2.0NRT,304.53,5.74,D
-9.061,32.455,338.59,0.5,0.66,2026-10-06,1212,N20,VIIRS,n,2.0NRT,305.89,3.52,D
-9.05694,29.31,340.69,0.61,0.54,2026-10-06,1212,N20,VIIRS,n,2.0NRT,305.24,7.05,D
-9.0565,25.00186,339.44,0.49,0.41,2026-10-06,1212,N20,VIIRS,n,2.0NRT,306.15,19.35,D
-9.05461,29.64162,353.43,0.32,0.55,2026-10-06,1212,N20,VIIRS,n,2.0NRT,302.56,4.76,D
-9.05433,33.63855,351.81,0.6,0.71,2026-10-06,1212,N20,VIIRS,n,2.0NRT,299.39,44.66,D
-9.05411,29.58756,335.57,0.32,0.55,2026-10-06,1212,N20,VIIRS,l,2.0NRT,305.96,3.35,D
-9.05395,33.6403,350.95,0.6,0.71,2026-10-06,1212,N20,VIIRS,n,2.0NRT,302.89,58.57,D
-9.05355,26.17491,341.31,0.38,0.43,2026-10-06,1212,N20,VIIRS,n,2.0NRT,300.55,3.12,D
-9.05334,33.64361,367,0.6,0.71,2026-10-06,1212,N20,VIIRS,h,2.0NRT,294.83,47.6,D
-9.05297,26.17838,337.58,0.38,0.43,2026-10-06,1212,N20,VIIRS,n,2.0NRT,302.76,6.65,D
-9.04698,22.57083,334.54,0.4,0.37,2026-10-06,1212,N20,VIIRS,n,2.0NRT,303.86,2.1,D
-9.04379,26.06271,338.73,0.57,0.43,2026-10-06,1212,N20,VIIRS,n,2.0NRT,306.52,16.72,D
-9.04359,29.58865,335.32,0.32,0.55,2026-10-06,1212,N20,VIIRS,l,2.0NRT,305.97,1.69,D
-9.04293,26.06784,340.18,0.57,0.43,2026-10-06,1212,N20,VIIRS,n,2.0NRT,303.16,16.5,D
-9.0407,26.05694,339.78,0.57,0.43,2026-10-06,1212,N20,VIIRS,n,2.0NRT,304.19,9.73,D
-9.02803,23.98217,340.69,0.44,0.38,2026-10-06,1212,N20,VIIRS,n,2.0NRT,301.55,4.47,D
-9.02767,29.65023,342.89,0.32,0.55,2026-10-06,1212,N20,VIIRS,n,2.0NRT,300.51,1.28,D
-9.02685,29.65172,332.75,0.32,0.55,2026-10-06,1212,N20,VIIRS,n,2.0NRT,299.89,1.26,D
-9.0249,28.12174,333.06,0.51,0.49,2026-10-06,1212,N20,VIIRS,l,2.0NRT,304.31,5.85,D
-9.01877,23.97243,340.63,0.44,0.38,2026-10-06,1212,N20,VIIRS,n,2.0NRT,305.35,8.58,D
-9.01873,23.97197,343.04,0.44,0.38,2026-10-06,1212,N20,VIIRS,n,2.0NRT,304.7,8.22,D
-9.01336,25.61904,335.92,0.53,0.42,2026-10-06,1212,N20,VIIRS,l,2.0NRT,307.09,3.66,D
-9.0132,26.00799,330.57,0.56,0.43,2026-10-06,1212,N20,VIIRS,n,2.0NRT,300.38,2.99,D
-9.01066,33.26558,335.23,0.57,0.69,2026-10-06,1212,N20,VIIRS,n,2.0NRT,303.12,3.25,D
-9.0106,28.23039,341.76,0.52,0.5,2026-10-06,1212,N20,VIIRS,n,2.0NRT,305.65,4.12,D
-9.00977,28.23515,334.35,0.52,0.5,2026-10-06,1212,N20,VIIRS,n,2.0NRT,303.78,3.13,D
-9.00846,29.81902,348.79,0.33,0.56,2026-10-06,1212,N20,VIIRS,n,2.0NRT,305.73,7.83,D
-9.00787,24.24019,349.63,0.45,0.39,2026-10-06,1212,N20,VIIRS,n,2.0NRT,302.08,18.37,D
-9.0072,24.24434,353.49,0.45,0.39,2026-10-06,1212,N20,VIIRS,n,2.0NRT,302.31,18.37,D
-9.00695,29.53403,337.15,0.32,0.54,2026-10-06,1212,N20,VIIRS,n,2.0NRT,304.32,3.02,D
-9.00691,33.26493,337.43,0.57,0.69,2026-10-06,1212,N20,VIIRS,n,2.0NRT,305,5.65,D
-9.00644,29.53692,343.7,0.32,0.54,2026-10-06,1212,N20,VIIRS,n,2.0NRT,306.84,3.02,D
-9.00638,29.82013,351.46,0.33,0.55,2026-10-06,1212,N20,VIIRS,n,2.0NRT,305.71,5.05,D
-9.00295,24.2479,347.17,0.45,0.39,2026-10-06,1212,N20,VIIRS,n,2.0NRT,306.07,62.08,D
-9.00293,26.2562,342.27,0.39,0.44,2026-10-06,1212,N20,VIIRS,n,2.0NRT,300.08,10.86,D
-8.99938,24.24733,344.19,0.45,0.39,2026-10-06,1212,N20,VIIRS,n,2.0NRT,308.8,54.98,D
-8.99575,26.01555,344.48,0.56,0.43,2026-10-06,1212,N20,VIIRS,n,2.0NRT,302.35,8.72,D
-8.99513,24.25088,342.81,0.45,0.39,2026-10-06,1212,N20,VIIRS,n,2.0NRT,305.52,54.98,D
-8.99427,24.23377,340.32,0.45,0.39,2026-10-06,1212,N20,VIIRS,n,2.0NRT,302.1,4.85,D
-8.99322,26.03089,339.61,0.56,0.43,2026-10-06,1212,N20,VIIRS,n,2.0NRT,300.91,5.35,D
-8.98927,26.03023,333.14,0.56,0.43,2026-10-06,1212,N20,VIIRS,n,2.0NRT,299.93,5.35,D
-8.98459,25.56635,345.56,0.53,0.42,2026-10-06,1212,N20,VIIRS,n,2.0NRT,306.93,8.21,D
-8.98429,26.2207,334.42,0.39,0.44,2026-10-06,1212,N20,VIIRS,n,2.0NRT,299.01,2.45,D
-8.98222,25.56919,337.01,0.53,0.42,2026-10-06,1212,N20,VIIRS,n,2.0NRT,305.61,6.46,D
-8.98189,23.99887,332.63,0.44,0.39,2026-10-06,1212,N20,VIIRS,n,2.0NRT,300.68,4.08,D
-8.97705,31.93339,355.71,0.46,0.64,2026-10-06,1212,N20,VIIRS,n,2.0NRT,303.92,6.1,D
-8.96859,28.11807,337.45,0.51,0.5,2026-10-06,1212,N20,VIIRS,n,2.0NRT,302.65,3.2,D
-8.96727,27.96341,342.56,0.5,0.49,2026-10-06,1212,N20,VIIRS,n,2.0NRT,302.53,8.22,D
-8.96408,28.11716,333.82,0.51,0.5,2026-10-06,1212,N20,VIIRS,n,2.0NRT,301.57,3.2,D
-8.95338,30.63137,331.01,0.38,0.59,2026-10-06,1212,N20,VIIRS,n,2.0NRT,296.72,3.13,D
-8.95304,26.15058,341.63,0.38,0.43,2026-10-06,1212,N20,VIIRS,n,2.0NRT,301.99,6.13,D
-8.95246,26.15405,345.2,0.38,0.43,2026-10-06,1212,N20,VIIRS,n,2.0NRT,304.92,4,D
-8.95188,26.15753,343.03,0.38,0.43,2026-10-06,1212,N20,VIIRS,n,2.0NRT,305.58,4,D
-8.94496,24.51184,331.37,0.47,0.4,2026-10-06,1212,N20,VIIRS,n,2.0NRT,299.86,4.65,D
-8.94232,29.98413,339.69,0.34,0.56,2026-10-06,1212,N20,VIIRS,n,2.0NRT,304.23,3.67,D
-8.9376,24.50625,346.98,0.47,0.4,2026-10-06,1212,N20,VIIRS,n,2.0NRT,301.3,13.88,D
-8.93529,28.12165,330.51,0.51,0.5,2026-10-06,1212,N20,VIIRS,n,2.0NRT,300.2,3.9,D
-8.93514,25.3193,330.93,0.51,0.41,2026-10-06,1212,N20,VIIRS,l,2.0NRT,302.94,5.67,D
-8.9348,24.50587,350.7,0.47,0.4,2026-10-06,1212,N20,VIIRS,n,2.0NRT,306.45,28.25,D
-8.93398,24.50566,342.12,0.47,0.4,2026-10-06,1212,N20,VIIRS,n,2.0NRT,305.11,13.88,D
-8.93247,24.26164,337.35,0.46,0.39,2026-10-06,1212,N20,VIIRS,n,2.0NRT,306.89,7.31,D
-8.93157,32.27262,337.04,0.49,0.65,2026-10-06,1212,N20,VIIRS,n,2.0NRT,303.93,4.09,D
-8.93074,32.27705,342.93,0.49,0.65,2026-10-06,1212,N20,VIIRS,n,2.0NRT,304.05,4.09,D
-8.93055,31.7026,342.11,0.45,0.63,2026-10-06,1212,N20,VIIRS,n,2.0NRT,307.14,5.41,D
-8.92955,24.25695,345.7,0.46,0.39,2026-10-06,1212,N20,VIIRS,n,2.0NRT,304.56,11.67,D
-8.92889,24.26107,330.61,0.46,0.39,2026-10-06,1212,N20,VIIRS,l,2.0NRT,305.55,7.31,D
-8.92506,30.40939,333,0.37,0.58,2026-10-06,1212,N20,VIIRS,n,2.0NRT,298.74,10.02,D
-8.9248,28.23652,331.45,0.52,0.5,2026-10-06,1212,N20,VIIRS,l,2.0NRT,302.85,4.22,D
-8.92375,25.60034,335.02,0.53,0.42,2026-10-06,1212,N20,VIIRS,n,2.0NRT,304.03,2.87,D
-8.92216,30.39541,342.09,0.37,0.58,2026-10-06,1212,N20,VIIRS,n,2.0NRT,299.99,2.62,D
-8.92189,31.51637,331.16,0.44,0.62,2026-10-06,1212,N20,VIIRS,l,2.0NRT,303.31,2.47,D
-8.92178,29.80516,207.93,0.33,0.56,2026-10-06,1212,N20,VIIRS,l,2.0NRT,306.34,83.97,D
-8.92157,30.39864,330.24,0.37,0.58,2026-10-06,1212,N20,VIIRS,n,2.0NRT,299.35,2.62,D
-8.92127,29.80797,367,0.33,0.56,2026-10-06,1212,N20,VIIRS,h,2.0NRT,301.86,83.97,D
-8.92024,28.23568,332.63,0.52,0.5,2026-10-06,1212,N20,VIIRS,l,2.0NRT,302.77,3.17,D
-8.91776,30.00258,340.02,0.34,0.56,2026-10-06,1212,N20,VIIRS,n,2.0NRT,305.6,3.78,D
-8.91759,28.19669,341.27,0.52,0.5,2026-10-06,1212,N20,VIIRS,n,2.0NRT,303.4,4.84,D
-8.91655,31.81002,337.22,0.46,0.63,2026-10-06,1212,N20,VIIRS,n,2.0NRT,306.66,2.78,D
-8.91614,29.80733,367,0.33,0.56,2026-10-06,1212,N20,VIIRS,h,2.0NRT,296.32,37.43,D
-8.91357,32.23735,337.03,0.49,0.65,2026-10-06,1212,N20,VIIRS,n,2.0NRT,305.03,2.38,D
-8.9078,28.14525,346.51,0.52,0.5,2026-10-06,1212,N20,VIIRS,n,2.0NRT,297.89,15.16,D
-8.90719,22.55913,337.05,0.4,0.37,2026-10-06,1212,N20,VIIRS,n,2.0NRT,304.82,3.55,D
-8.90663,22.56273,334.62,0.4,0.37,2026-10-06,1212,N20,VIIRS,n,2.0NRT,303.75,3.55,D
-8.90383,22.5586,340.77,0.4,0.37,2026-10-06,1212,N20,VIIRS,n,2.0NRT,303.37,14.5,D
-8.90327,22.5622,345.44,0.4,0.37,2026-10-06,1212,N20,VIIRS,n,2.0NRT,306.77,14.5,D
-8.89985,32.37526,340.3,0.5,0.66,2026-10-06,1212,N20,VIIRS,n,2.0NRT,303.67,2.51,D
-8.89902,32.37967,336.4,0.5,0.66,2026-10-06,1212,N20,VIIRS,n,2.0NRT,301.25,2.51,D
-8.89319,31.16587,336.96,0.41,0.61,2026-10-06,1212,N20,VIIRS,n,2.0NRT,302.91,4.51,D
-8.89253,31.16939,340.07,0.41,0.61,2026-10-06,1212,N20,VIIRS,n,2.0NRT,301.27,4.51,D
-8.88651,31.45306,335.36,0.43,0.62,2026-10-06,1212,N20,VIIRS,n,2.0NRT,303.04,7.05,D
-8.88577,31.4571,332.51,0.43,0.62,2026-10-06,1212,N20,VIIRS,n,2.0NRT,300.47,4.26,D
-8.8702,30.95331,333.69,0.4,0.6,2026-10-06,1212,N20,VIIRS,n,2.0NRT,303.55,2.32,D
-8.86978,25.38713,342.86,0.52,0.42,2026-10-06,1212,N20,VIIRS,n,2.0NRT,304.92,23.11,D
-8.86955,30.95688,331.47,0.4,0.6,2026-10-06,1212,N20,VIIRS,l,2.0NRT,303.85,4.4,D
-8.86542,30.82503,367,0.39,0.59,2026-10-06,1212,N20,VIIRS,h,2.0NRT,301.06,15.12,D
-8.86497,26.25829,347.09,0.39,0.44,2026-10-06,1212,N20,VIIRS,n,2.0NRT,305.83,10.08,D
-8.86398,26.25716,356.4,0.39,0.44,2026-10-06,1212,N20,VIIRS,n,2.0NRT,303.15,11.07,D
-8.86376,31.74088,339.56,0.45,0.63,2026-10-06,1212,N20,VIIRS,n,2.0NRT,304.13,4.45,D
-8.85668,25.81146,333.23,0.55,0.43,2026-10-06,1212,N20,VIIRS,l,2.0NRT,308.05,2.04,D
-8.84554,30.43252,334.59,0.37,0.58,2026-10-06,1212,N20,VIIRS,n,2.0NRT,300.22,1.85,D
-8.83175,22.46991,351.25,0.4,0.37,2026-10-06,1212,N20,VIIRS,n,2.0NRT,303.74,6.35,D
-8.83008,30.42714,346.23,0.37,0.58,2026-10-06,1212,N20,VIIRS,n,2.0NRT,300.62,3.54,D
-8.82656,30.62912,331.87,0.38,0.59,2026-10-06,1212,N20,VIIRS,l,2.0NRT,304.61,4.58,D
-8.82427,30.61107,350.19,0.38,0.59,2026-10-06,1212,N20,VIIRS,n,2.0NRT,305.6,25.61,D
-8.82366,30.61446,367,0.38,0.59,2026-10-06,1212,N20,VIIRS,h,2.0NRT,305.47,29.24,D
-8.82345,25.52572,334.66,0.53,0.42,2026-10-06,1212,N20,VIIRS,n,2.0NRT,304.33,5.9,D
-8.82121,30.62798,330.46,0.38,0.59,2026-10-06,1212,N20,VIIRS,l,2.0NRT,303.24,2.88,D
-8.82074,30.59995,338.03,0.38,0.59,2026-10-06,1212,N20,VIIRS,n,2.0NRT,301.63,3.45,D
-8.82012,30.60333,331.92,0.38,0.59,2026-10-06,1212,N20,VIIRS,n,2.0NRT,301.34,3.45,D
-8.81538,30.59891,339.12,0.38,0.59,2026-10-06,1212,N20,VIIRS,n,2.0NRT,299.47,2.43,D
-8.81511,33.2472,341.04,0.57,0.69,2026-10-06,1212,N20,VIIRS,n,2.0NRT,299.16,9.41,D
-8.81477,30.6023,333.11,0.38,0.59,2026-10-06,1212,N20,VIIRS,l,2.0NRT,303.15,2.43,D
-8.81415,30.60569,332.33,0.38,0.59,2026-10-06,1212,N20,VIIRS,n,2.0NRT,302,2.81,D
-8.81315,33.24474,338.77,0.57,0.69,2026-10-06,1212,N20,VIIRS,n,2.0NRT,300.6,7.79,D
-8.81174,33.43587,347.92,0.59,0.7,2026-10-06,1212,N20,VIIRS,n,2.0NRT,304.1,10.3,D
-8.81016,29.453,355,0.63,0.54,2026-10-06,1212,N20,VIIRS,n,2.0NRT,309.92,19.62,D
-8.80517,29.45223,345.4,0.63,0.54,2026-10-06,1212,N20,VIIRS,n,2.0NRT,306.08,9.53,D
-8.80463,33.4729,331.47,0.59,0.7,2026-10-06,1212,N20,VIIRS,l,2.0NRT,301.83,2.67,D
-8.80368,32.58221,337.77,0.52,0.67,2026-10-06,1212,N20,VIIRS,n,2.0NRT,303.33,4.5,D
-8.80353,33.30705,336.8,0.58,0.7,2026-10-06,1212,N20,VIIRS,n,2.0NRT,298.74,6.76,D
-8.79603,33.02392,335.74,0.55,0.68,2026-10-06,1212,N20,VIIRS,n,2.0NRT,302.68,5.26,D
-8.7945,33.30931,333.2,0.58,0.7,2026-10-06,1212,N20,VIIRS,n,2.0NRT,298.42,4.85,D
-8.793,26.31099,336.41,0.39,0.44,2026-10-06,1212,N20,VIIRS,n,2.0NRT,299.07,3.61,D
-8.79214,33.21693,335.46,0.57,0.69,2026-10-06,1212,N20,VIIRS,n,2.0NRT,301.98,3.23,D
-8.78107,32.63573,349.19,0.52,0.67,2026-10-06,1212,N20,VIIRS,n,2.0NRT,305.39,7.49,D
-8.77898,31.48454,334.05,0.44,0.62,2026-10-06,1212,N20,VIIRS,n,2.0NRT,302.33,2.72,D
-8.77808,25.92086,333.31,0.56,0.43,2026-10-06,1212,N20,VIIRS,l,2.0NRT,304.73,3.04,D
-8.77675,32.52437,336.5,0.51,0.66,2026-10-06,1212,N20,VIIRS,n,2.0NRT,304.46,2.47,D
-8.77269,33.21578,339.39,0.57,0.69,2026-10-06,1212,N20,VIIRS,n,2.0NRT,303.4,6.8,D
-8.76471,26.37998,346.19,0.4,0.44,2026-10-06,1212,N20,VIIRS,n,2.0NRT,304.22,6.21,D
-8.76211,25.52671,335.39,0.53,0.42,2026-10-06,1212,N20,VIIRS,n,2.0NRT,303.84,15.54,D
-8.76163,24.34933,342.15,0.46,0.39,2026-10-06,1212,N20,VIIRS,n,2.0NRT,303.05,21.43,D
-8.76065,26.37931,354.52,0.4,0.44,2026-10-06,1212,N20,VIIRS,n,2.0NRT,304.15,4.35,D
-8.76036,25.52556,341.11,0.53,0.42,2026-10-06,1212,N20,VIIRS,n,2.0NRT,306.8,22.95,D
-8.75481,25.64501,345.75,0.54,0.42,2026-10-06,1212,N20,VIIRS,n,2.0NRT,306.54,10.26,D
-8.75269,31.46775,337.41,0.44,0.62,2026-10-06,1212,N20,VIIRS,n,2.0NRT,304.91,4.64,D
-8.7523,25.64345,337.11,0.54,0.42,2026-10-06,1212,N20,VIIRS,n,2.0NRT,306.93,8.85,D
-8.74173,30.60704,340.46,0.38,0.59,2026-10-06,1212,N20,VIIRS,n,2.0NRT,304.66,3.28,D
-8.73971,30.60524,337.02,0.38,0.59,2026-10-06,1212,N20,VIIRS,n,2.0NRT,304.62,4.43,D
-8.73944,24.36347,346.09,0.46,0.39,2026-10-06,1212,N20,VIIRS,n,2.0NRT,303.01,7.74,D
-8.73911,30.60864,343.2,0.38,0.59,2026-10-06,1212,N20,VIIRS,n,2.0NRT,304.63,4.88,D
-8.73728,24.36259,335.02,0.46,0.39,2026-10-06,1212,N20,VIIRS,l,2.0NRT,305.3,6.95,D
-8.73658,24.3668,334.38,0.46,0.39,2026-10-06,1212,N20,VIIRS,n,2.0NRT,299.49,5.23,D
-8.73619,24.41409,335.22,0.46,0.39,2026-10-06,1212,N20,VIIRS,n,2.0NRT,302.43,4.57,D
-8.7358,33.5509,336.28,0.6,0.71,2026-10-06,1212,N20,VIIRS,n,2.0NRT,299.8,3.45,D
-8.7357,24.41025,334.88,0.47,0.39,2026-10-06,1212,N20,VIIRS,n,2.0NRT,303.69,6.85,D
-8.7342,29.82087,350.95,0.34,0.56,2026-10-06,1212,N20,VIIRS,n,2.0NRT,307.95,18.58,D
-8.73366,29.82393,367,0.34,0.56,2026-10-06,1212,N20,VIIRS,h,2.0NRT,312.5,33.25,D
-8.70856,25.9492,344.29,0.56,0.43,2026-10-06,1212,N20,VIIRS,n,2.0NRT,304.34,7.68,D
-8.70758,29.22178,332.01,0.61,0.54,2026-10-06,1212,N20,VIIRS,n,2.0NRT,301.18,4.54,D
-8.70267,29.22095,338.26,0.61,0.54,2026-10-06,1212,N20,VIIRS,n,2.0NRT,301.65,4.54,D
-8.69847,33.39714,347.62,0.59,0.7,2026-10-06,1212,N20,VIIRS,n,2.0NRT,302.95,8.06,D
-8.69222,27.97845,341.85,0.51,0.49,2026-10-06,1212,N20,VIIRS,n,2.0NRT,303.75,18.13,D
-8.69012,22.70127,338.16,0.4,0.37,2026-10-06,1212,N20,VIIRS,n,2.0NRT,300.66,5.39,D
-8.68864,32.6566,342.8,0.52,0.67,2026-10-06,1212,N20,VIIRS,n,2.0NRT,303.56,5.46,D
-8.6879,32.65921,339.18,0.52,0.67,2026-10-06,1212,N20,VIIRS,n,2.0NRT,302.68,5.19,D
-8.6783,30.72916,342,0.39,0.59,2026-10-06,1212,N20,VIIRS,n,2.0NRT,305.81,3.42,D
-8.66757,24.71982,335.66,0.48,0.4,2026-10-06,1212,N20,VIIRS,n,2.0NRT,301.63,3.9,D
-8.66286,32.45767,343.73,0.51,0.66,2026-10-06,1212,N20,VIIRS,n,2.0NRT,303.76,9.16,D
-8.662,32.46225,367,0.51,0.66,2026-10-06,1212,N20,VIIRS,h,2.0NRT,303.26,9.16,D
-8.6561,32.8238,335.37,0.54,0.68,2026-10-06,1212,N20,VIIRS,n,2.0NRT,303.11,3.93,D
-8.65094,31.37122,345.39,0.43,0.62,2026-10-06,1212,N20,VIIRS,n,2.0NRT,307.29,7.71,D
-8.65083,32.82558,335.27,0.54,0.68,2026-10-06,1212,N20,VIIRS,n,2.0NRT,303.87,4.34,D
-8.64805,32.39744,336.45,0.5,0.66,2026-10-06,1212,N20,VIIRS,n,2.0NRT,305.56,2.55,D
-8.64636,28.21152,331.21,0.53,0.5,2026-10-06,1212,N20,VIIRS,l,2.0NRT,301.62,3.82,D
-8.64287,27.90494,342.7,0.5,0.49,2026-10-06,1212,N20,VIIRS,n,2.0NRT,302.07,3.73,D
-8.64085,30.74981,354.88,0.39,0.59,2026-10-06,1212,N20,VIIRS,n,2.0NRT,305.94,9.99,D
-8.60396,31.49727,335.12,0.44,0.62,2026-10-06,1212,N20,VIIRS,n,2.0NRT,304.2,2.61,D
-8.58356,32.47519,338.34,0.51,0.66,2026-10-06,1212,N20,VIIRS,n,2.0NRT,305.86,4.16,D
-8.55564,32.25923,337.58,0.5,0.65,2026-10-06,1212,N20,VIIRS,n,2.0NRT,306.01,7.22,D
-8.554,32.25593,342.83,0.5,0.65,2026-10-06,1212,N20,VIIRS,n,2.0NRT,305.73,3.36,D
-8.54439,25.94751,335.31,0.57,0.43,2026-10-06,1212,N20,VIIRS,n,2.0NRT,302.58,9.94,D
-8.53964,25.87859,341.55,0.56,0.43,2026-10-06,1212,N20,VIIRS,n,2.0NRT,306.73,7.05,D
-8.53843,29.58978,367,0.33,0.55,2026-10-06,1212,N20,VIIRS,h,2.0NRT,301.11,7.86,D
-8.53716,29.56791,338.78,0.33,0.55,2026-10-06,1212,N20,VIIRS,n,2.0NRT,307.8,11.21,D
-8.53662,29.57092,367,0.33,0.55,2026-10-06,1212,N20,VIIRS,h,2.0NRT,309.46,11.21,D
-8.53649,24.48758,343.72,0.47,0.4,2026-10-06,1212,N20,VIIRS,n,2.0NRT,305.41,26.49,D
-8.52932,32.49592,335.83,0.51,0.66,2026-10-06,1212,N20,VIIRS,l,2.0NRT,306.3,6.76,D
-8.52841,32.49791,348.79,0.52,0.66,2026-10-06,1212,N20,VIIRS,n,2.0NRT,307.09,5.58,D
-8.52841,32.50069,339.22,0.51,0.66,2026-10-06,1212,N20,VIIRS,n,2.0NRT,306.22,10.76,D
-8.5261,33.31512,336.57,0.58,0.7,2026-10-06,1212,N20,VIIRS,n,2.0NRT,301.67,4.07,D
-8.52247,31.70907,339.4,0.46,0.63,2026-10-06,1212,N20,VIIRS,n,2.0NRT,307.11,4.35,D
-8.51595,24.45375,349.91,0.47,0.4,2026-10-06,1212,N20,VIIRS,n,2.0NRT,303.67,7.97,D
-8.51525,24.458,336.07,0.47,0.4,2026-10-06,1212,N20,VIIRS,n,2.0NRT,303.85,7.97,D
-8.51323,25.96361,336.64,0.57,0.43,2026-10-06,1212,N20,VIIRS,n,2.0NRT,303.07,5.17,D
-8.50927,25.96298,339.59,0.57,0.43,2026-10-06,1212,N20,VIIRS,n,2.0NRT,303.2,5.17,D
-8.50746,24.27098,332.79,0.46,0.39,2026-10-06,1212,N20,VIIRS,n,2.0NRT,304.17,3.74,D
-8.50583,23.9854,334.08,0.45,0.39,2026-10-06,1212,N20,VIIRS,n,2.0NRT,300.29,4.85,D
-8.50302,31.28901,348.94,0.43,0.62,2026-10-06,1212,N20,VIIRS,n,2.0NRT,297.21,4.15,D
-8.49722,26.67578,333.08,0.42,0.45,2026-10-06,1212,N20,VIIRS,n,2.0NRT,296.87,4.68,D
-8.49478,31.34849,333.7,0.43,0.62,2026-10-06,1212,N20,VIIRS,n,2.0NRT,301.29,2.76,D
-8.49219,31.34876,339.88,0.43,0.62,2026-10-06,1212,N20,VIIRS,n,2.0NRT,301.33,3.72,D
-8.48932,25.89442,331.59,0.56,0.43,2026-10-06,1212,N20,VIIRS,l,2.0NRT,301.68,2.35,D
-8.48673,26.02402,340.32,0.57,0.43,2026-10-06,1212,N20,VIIRS,n,2.0NRT,301.24,8.55,D
-8.47651,31.33849,330.93,0.43,0.62,2026-10-06,1212,N20,VIIRS,n,2.0NRT,299.35,3.7,D
-8.47646,27.61179,339.58,0.48,0.48,2026-10-06,1212,N20,VIIRS,n,2.0NRT,302.04,4.77,D
-8.47622,30.05424,344.4,0.35,0.57,2026-10-06,1212,N20,VIIRS,n,2.0NRT,308.05,11.88,D
-8.47605,32.30765,344.85,0.5,0.66,2026-10-06,1212,N20,VIIRS,n,2.0NRT,305.71,5.14,D
-8.47559,26.6527,339.09,0.42,0.45,2026-10-06,1212,N20,VIIRS,n,2.0NRT,297.27,2.86,D
-8.47356,26.65248,338.48,0.42,0.45,2026-10-06,1212,N20,VIIRS,n,2.0NRT,297.15,3.33,D
-8.4676,26.58562,339.69,0.41,0.45,2026-10-06,1212,N20,VIIRS,n,2.0NRT,297.47,4.61,D
-8.45699,26.73572,334.28,0.42,0.45,2026-10-06,1212,N20,VIIRS,n,2.0NRT,295.65,1.63,D
-8.4467,26.60916,330.79,0.42,0.45,2026-10-06,1212,N20,VIIRS,n,2.0NRT,299.9,4.14,D
-8.44651,26.68699,331.27,0.42,0.45,2026-10-06,1212,N20,VIIRS,n,2.0NRT,298.4,2.11,D
-8.4435,31.683,331.15,0.46,0.63,2026-10-06,1212,N20,VIIRS,l,2.0NRT,303.91,1.23,D
-8.44241,26.73743,330.81,0.42,0.46,2026-10-06,1212,N20,VIIRS,n,2.0NRT,300.79,2.87,D
-8.43889,28.15837,342.18,0.53,0.5,2026-10-06,1212,N20,VIIRS,n,2.0NRT,299.4,4.02,D
-8.43871,28.16053,342.79,0.53,0.5,2026-10-06,1212,N20,VIIRS,n,2.0NRT,302.58,11.26,D
-8.43723,26.66589,340.38,0.42,0.45,2026-10-06,1212,N20,VIIRS,n,2.0NRT,298.71,5.2,D
-8.42956,26.66071,340.15,0.42,0.45,2026-10-06,1212,N20,VIIRS,n,2.0NRT,299.4,4.68,D
-8.42802,30.1122,367,0.36,0.57,2026-10-06,1212,N20,VIIRS,h,2.0NRT,305.51,10.4,D
-8.42636,26.62903,338.41,0.42,0.45,2026-10-06,1212,N20,VIIRS,n,2.0NRT,300.62,6.45,D
-8.42576,30.03342,339.69,0.35,0.57,2026-10-06,1212,N20,VIIRS,n,2.0NRT,307.11,5.95,D
-8.42572,26.63281,347.68,0.42,0.45,2026-10-06,1212,N20,VIIRS,n,2.0NRT,298.94,6.45,D
-8.42434,24.3955,350.53,0.47,0.4,2026-10-06,1212,N20,VIIRS,n,2.0NRT,304.35,15.49,D
-8.42065,30.03464,334.9,0.35,0.57,2026-10-06,1212,N20,VIIRS,n,2.0NRT,304.76,5.38,D
-8.41717,25.42683,334.09,0.53,0.42,2026-10-06,1212,N20,VIIRS,n,2.0NRT,299.65,5.22,D
-8.41329,26.63074,332.2,0.42,0.45,2026-10-06,1212,N20,VIIRS,n,2.0NRT,299.09,3.85,D
-8.40979,26.62627,332.82,0.42,0.45,2026-10-06,1212,N20,VIIRS,n,2.0NRT,298.54,6.42,D
-8.4094,26.70434,331.07,0.42,0.45,2026-10-06,1212,N20,VIIRS,n,2.0NRT,297.65,2.23,D
-8.40915,26.63005,334.57,0.42,0.45,2026-10-06,1212,N20,VIIRS,n,2.0NRT,298.86,6.42,D
-8.40624,26.67244,342.98,0.42,0.45,2026-10-06,1212,N20,VIIRS,n,2.0NRT,303.32,6.08,D
-8.40565,26.62558,345.95,0.42,0.45,2026-10-06,1212,N20,VIIRS,n,2.0NRT,303.24,6.42,D
-8.40501,26.62936,342.87,0.42,0.45,2026-10-06,1212,N20,VIIRS,n,2.0NRT,301.07,6.42,D
-8.40476,29.79123,350.57,0.34,0.56,2026-10-06,1212,N20,VIIRS,n,2.0NRT,304.5,7.64,D
-8.40279,26.61733,347.32,0.42,0.45,2026-10-06,1212,N20,VIIRS,n,2.0NRT,300.39,5.29,D
-8.40215,26.62111,334.83,0.42,0.45,2026-10-06,1212,N20,VIIRS,n,2.0NRT,298.32,5.29,D
-8.39765,26.64759,336.97,0.42,0.45,2026-10-06,1212,N20,VIIRS,n,2.0NRT,301.69,9.03,D
-8.39703,26.25628,330.87,0.4,0.44,2026-10-06,1212,N20,VIIRS,l,2.0NRT,303.85,2.16,D
-8.397,26.65138,356.12,0.42,0.45,2026-10-06,1212,N20,VIIRS,n,2.0NRT,302.64,9.03,D
-8.39636,26.65517,333.02,0.42,0.45,2026-10-06,1212,N20,VIIRS,n,2.0NRT,301.82,3.31,D
-8.39458,22.61701,332.67,0.4,0.37,2026-10-06,1212,N20,VIIRS,n,2.0NRT,300.34,2.46,D
-8.39285,26.65069,349.55,0.42,0.45,2026-10-06,1212,N20,VIIRS,n,2.0NRT,299.72,9.03,D
-8.39221,26.65448,337.8,0.42,0.45,2026-10-06,1212,N20,VIIRS,n,2.0NRT,299.38,3.31,D
-8.39091,26.66208,333.52,0.42,0.45,2026-10-06,1212,N20,VIIRS,l,2.0NRT,303.57,4.82,D
-8.38923,26.69705,355.33,0.42,0.45,2026-10-06,1212,N20,VIIRS,n,2.0NRT,301.35,12.32,D
-8.38858,26.70087,343.09,0.42,0.45,2026-10-06,1212,N20,VIIRS,n,2.0NRT,301.09,9.19,D
-8.38819,26.72838,330.21,0.42,0.46,2026-10-06,1212,N20,VIIRS,l,2.0NRT,303.09,1.18,D
-8.38754,26.73222,350.73,0.42,0.46,2026-10-06,1212,N20,VIIRS,n,2.0NRT,302.81,6.14,D
-8.38741,26.65759,341.33,0.42,0.45,2026-10-06,1212,N20,VIIRS,n,2.0NRT,303.32,2.67,D
-8.38689,26.73605,339.05,0.42,0.46,2026-10-06,1212,N20,VIIRS,n,2.0NRT,303.13,6.14,D
-8.38611,26.66519,342.75,0.42,0.45,2026-10-06,1212,N20,VIIRS,n,2.0NRT,305.43,3.99,D
-8.38471,31.64453,341.14,0.45,0.63,2026-10-06,1212,N20,VIIRS,n,2.0NRT,305.65,3.58,D
-8.38261,26.6607,331.55,0.42,0.45,2026-10-06,1212,N20,VIIRS,l,2.0NRT,302.55,3.99,D
-8.38196,26.66449,342.04,0.42,0.45,2026-10-06,1212,N20,VIIRS,n,2.0NRT,306.46,3.99,D
-8.38165,26.76685,348.28,0.43,0.46,2026-10-06,1212,N20,VIIRS,n,2.0NRT,300.23,4.3,D
-8.37743,31.74847,336.02,0.46,0.64,2026-10-06,1212,N20,VIIRS,l,2.0NRT,306.61,4.24,D
-8.37656,32.08445,349.54,0.49,0.65,2026-10-06,1212,N20,VIIRS,n,2.0NRT,303.42,6.93,D
-8.37373,32.08361,339.89,0.49,0.65,2026-10-06,1212,N20,VIIRS,n,2.0NRT,304.31,5.47,D
-8.37292,32.08791,334.65,0.49,0.65,2026-10-06,1212,N20,VIIRS,n,2.0NRT,301.75,3.37,D
-8.37122,30.28165,333.77,0.37,0.58,2026-10-06,1212,N20,VIIRS,l,2.0NRT,306.41,4.47,D
-8.36973,26.68595,330.47,0.42,0.45,2026-10-06,1212,N20,VIIRS,n,2.0NRT,298.61,4.66,D
-8.36948,30.28312,335.15,0.37,0.58,2026-10-06,1212,N20,VIIRS,l,2.0NRT,307.67,2.91,D
-8.3647,26.74025,331.8,0.43,0.46,2026-10-06,1212,N20,VIIRS,l,2.0NRT,304.67,6.98,D
-8.36382,31.95342,337.78,0.48,0.64,2026-10-06,1212,N20,VIIRS,n,2.0NRT,306.6,3.69,D
-8.36125,29.69407,334.16,0.34,0.56,2026-10-06,1212,N20,VIIRS,n,2.0NRT,296.53,4.63,D
-8.36052,26.73957,355,0.43,0.46,2026-10-06,1212,N20,VIIRS,n,2.0NRT,304.97,6.98,D
-8.35593,26.69151,339.34,0.42,0.45,2026-10-06,1212,N20,VIIRS,n,2.0NRT,300.95,3.5,D
-8.34877,26.83308,340.09,0.43,0.46,2026-10-06,1212,N20,VIIRS,n,2.0NRT,303.75,5.06,D
-8.34873,26.62336,332.22,0.42,0.45,2026-10-06,1212,N20,VIIRS,n,2.0NRT,301.59,4.05,D
-8.3481,26.62716,332.27,0.42,0.45,2026-10-06,1212,N20,VIIRS,l,2.0NRT,303.93,4.05,D
-8.34729,21.92152,334.14,0.39,0.36,2026-10-06,1212,N20,VIIRS,n,2.0NRT,301.09,1.64,D
-8.34717,26.02524,334.29,0.38,0.44,2026-10-06,1212,N20,VIIRS,n,2.0NRT,302.72,1.83,D
-8.34667,26.74517,335.65,0.43,0.46,2026-10-06,1212,N20,VIIRS,n,2.0NRT,304.2,2.55,D
-8.34534,26.75288,347.91,0.43,0.46,2026-10-06,1212,N20,VIIRS,n,2.0NRT,305.75,12.96,D
-8.34458,26.62267,334.95,0.42,0.45,2026-10-06,1212,N20,VIIRS,l,2.0NRT,305.69,8.4,D
-8.34456,26.83239,334.85,0.43,0.46,2026-10-06,1212,N20,VIIRS,n,2.0NRT,302.28,5.06,D
-8.34448,26.75236,346.87,0.43,0.46,2026-10-06,1212,N20,VIIRS,n,2.0NRT,303.58,14.65,D
-8.34395,26.62646,352.13,0.42,0.45,2026-10-06,1212,N20,VIIRS,n,2.0NRT,303.2,8.4,D
-8.34036,26.8317,334.29,0.43,0.46,2026-10-06,1212,N20,VIIRS,l,2.0NRT,304.96,5.1,D
-8.3371,26.77099,332.73,0.43,0.46,2026-10-06,1212,N20,VIIRS,n,2.0NRT,298.11,2.95,D
-8.33683,26.82711,351.21,0.43,0.46,2026-10-06,1212,N20,VIIRS,n,2.0NRT,301.39,5.1,D
-8.3365,26.82677,350.32,0.43,0.46,2026-10-06,1212,N20,VIIRS,n,2.0NRT,301.34,7.36,D
-8.33594,26.59792,354.48,0.42,0.45,2026-10-06,1212,N20,VIIRS,n,2.0NRT,306.95,34.75,D
-8.33437,26.23357,338.7,0.4,0.44,2026-10-06,1212,N20,VIIRS,n,2.0NRT,301.45,2.38,D
-8.3318,26.59723,344.04,0.42,0.45,2026-10-06,1212,N20,VIIRS,n,2.0NRT,312.31,47.25,D
-8.32852,29.70081,336.52,0.34,0.56,2026-10-06,1212,N20,VIIRS,n,2.0NRT,303.86,3.33,D
-8.3281,26.87767,342.35,0.43,0.46,2026-10-06,1212,N20,VIIRS,n,2.0NRT,301.25,7.75,D
-8.32805,26.87788,342.1,0.43,0.46,2026-10-06,1212,N20,VIIRS,n,2.0NRT,301.07,7.8,D
-8.32219,25.61193,330.01,0.55,0.42,2026-10-06,1212,N20,VIIRS,l,2.0NRT,300.77,3.15,D
-8.3158,26.8474,340.91,0.43,0.46,2026-10-06,1212,N20,VIIRS,n,2.0NRT,300.23,3.57,D
-8.31152,31.97201,336.16,0.48,0.65,2026-10-06,1212,N20,VIIRS,l,2.0NRT,307.74,3.37,D
-8.30555,26.75378,344.13,0.43,0.46,2026-10-06,1212,N20,VIIRS,n,2.0NRT,302.67,6.35,D
-8.30264,29.72777,333.25,0.34,0.56,2026-10-06,1212,N20,VIIRS,n,2.0NRT,296,2.56,D
-8.30259,26.79712,341,0.43,0.46,2026-10-06,1212,N20,VIIRS,n,2.0NRT,309.19,36.1,D
-8.30007,26.76081,341.47,0.43,0.46,2026-10-06,1212,N20,VIIRS,n,2.0NRT,302.6,8.09,D
-8.29942,26.76468,337.4,0.43,0.46,2026-10-06,1212,N20,VIIRS,n,2.0NRT,305.02,7.86,D
-8.29695,25.54671,339.97,0.54,0.42,2026-10-06,1212,N20,VIIRS,n,2.0NRT,303.81,19.72,D
-8.29308,25.54607,342.61,0.54,0.42,2026-10-06,1212,N20,VIIRS,n,2.0NRT,302.75,19.72,D
-8.29281,31.09998,332.25,0.42,0.61,2026-10-06,1212,N20,VIIRS,l,2.0NRT,302.54,3.85,D
-8.29253,29.81376,335.6,0.34,0.56,2026-10-06,1212,N20,VIIRS,n,2.0NRT,303.74,3.37,D
-8.28919,28.66705,330.59,0.57,0.52,2026-10-06,1212,N20,VIIRS,n,2.0NRT,299.79,4.83,D
-8.28606,26.81839,351.09,0.43,0.46,2026-10-06,1212,N20,VIIRS,n,2.0NRT,300.69,9.52,D
-8.28186,26.81769,344.42,0.43,0.46,2026-10-06,1212,N20,VIIRS,n,2.0NRT,303.41,9.52,D
-8.27385,30.36548,331.76,0.37,0.58,2026-10-06,1212,N20,VIIRS,n,2.0NRT,300.77,1.32,D
-8.26865,31.10561,345.87,0.42,0.61,2026-10-06,1212,N20,VIIRS,n,2.0NRT,302.43,3.06,D
-8.26637,26.8071,344.55,0.43,0.46,2026-10-06,1212,N20,VIIRS,n,2.0NRT,304.93,8.03,D
-8.25663,26.81351,352.87,0.43,0.46,2026-10-06,1212,N20,VIIRS,n,2.0NRT,306.5,10.53,D
-8.25597,26.8174,330.85,0.43,0.46,2026-10-06,1212,N20,VIIRS,l,2.0NRT,305,10.53,D
-8.25231,24.03402,347.45,0.45,0.39,2026-10-06,1212,N20,VIIRS,n,2.0NRT,301.95,8.33,D
-8.25176,26.81671,334.56,0.43,0.46,2026-10-06,1212,N20,VIIRS,n,2.0NRT,300.47,2.77,D
-8.25148,24.03313,348.25,0.45,0.39,2026-10-06,1212,N20,VIIRS,n,2.0NRT,303.62,14.66,D
-8.24986,30.38844,331.39,0.38,0.58,2026-10-06,1212,N20,VIIRS,l,2.0NRT,305.04,1.55,D
-8.24875,24.03342,340.02,0.45,0.39,2026-10-06,1212,N20,VIIRS,n,2.0NRT,302.31,8.33,D
-8.24354,26.83947,343.06,0.43,0.46,2026-10-06,1212,N20,VIIRS,n,2.0NRT,300.71,5.46,D
-8.23674,30.21541,338.76,0.37,0.58,2026-10-06,1212,N20,VIIRS,n,2.0NRT,300.55,1.85,D
-8.23376,26.84592,336.78,0.43,0.46,2026-10-06,1212,N20,VIIRS,n,2.0NRT,299.98,2.56,D
-8.22955,26.84522,337.49,0.43,0.46,2026-10-06,1212,N20,VIIRS,n,2.0NRT,300.39,3.39,D
-8.2281,32.75555,339.24,0.54,0.68,2026-10-06,1212,N20,VIIRS,n,2.0NRT,298.7,4.62,D
-8.22682,32.75297,336.04,0.54,0.68,2026-10-06,1212,N20,VIIRS,n,2.0NRT,299.72,6.51,D
-8.22669,26.83668,334.79,0.43,0.46,2026-10-06,1212,N20,VIIRS,n,2.0NRT,300.6,3.96,D
-8.22635,26.83704,341.32,0.43,0.46,2026-10-06,1212,N20,VIIRS,n,2.0NRT,301.78,5.58,D
-8.22601,26.8406,337.65,0.43,0.46,2026-10-06,1212,N20,VIIRS,n,2.0NRT,302.1,3.39,D
-8.2257,26.84096,331.1,0.43,0.46,2026-10-06,1212,N20,VIIRS,n,2.0NRT,302.02,4.42,D
-8.224,25.69756,341.81,0.55,0.43,2026-10-06,1212,N20,VIIRS,n,2.0NRT,305.43,7.62,D
-8.21858,26.67624,340.38,0.42,0.45,2026-10-06,1212,N20,VIIRS,n,2.0NRT,303.51,10.82,D
-8.20998,29.82018,346.5,0.34,0.56,2026-10-06,1212,N20,VIIRS,n,2.0NRT,309.07,10.05,D
-8.20419,31.93829,343.14,0.48,0.65,2026-10-06,1212,N20,VIIRS,n,2.0NRT,303.61,4.14,D
-8.20056,26.73259,337.06,0.43,0.46,2026-10-06,1212,N20,VIIRS,n,2.0NRT,304.19,4.38,D
-11.13651,33.5234,302.11,0.41,0.37,2026-10-06,2316,N20,VIIRS,n,2.0NRT,286.23,0.44,N
-11.11648,32.27758,308.04,0.39,0.36,2026-10-06,2316,N20,VIIRS,n,2.0NRT,289.62,0.92,N
-11.11593,32.27406,305.6,0.39,0.36,2026-10-06,2316,N20,VIIRS,n,2.0NRT,288.65,0.92,N
-11.11316,32.2781,300.09,0.39,0.36,2026-10-06,2316,N20,VIIRS,n,2.0NRT,289.23,0.41,N
-11.11261,32.27459,300.87,0.39,0.36,2026-10-06,2316,N20,VIIRS,n,2.0NRT,287.68,0.41,N
-11.0956,33.59822,302.04,0.41,0.37,2026-10-06,2316,N20,VIIRS,n,2.0NRT,272.95,0.91,N
-11.04624,31.59598,311.32,0.38,0.36,2026-10-06,2316,N20,VIIRS,n,2.0NRT,281.49,1.35,N
-10.9664,32.14362,307.48,0.38,0.36,2026-10-06,2316,N20,VIIRS,n,2.0NRT,285.98,0.74,N
-10.96585,32.14011,302.13,0.38,0.36,2026-10-06,2316,N20,VIIRS,n,2.0NRT,285.77,0.74,N
-10.90338,32.89332,305.76,0.39,0.36,2026-10-06,2316,N20,VIIRS,n,2.0NRT,282.83,0.73,N
-10.90058,32.89743,306.21,0.39,0.36,2026-10-06,2316,N20,VIIRS,n,2.0NRT,283.27,0.86,N
-10.87769,32.9267,304.6,0.39,0.36,2026-10-06,2316,N20,VIIRS,n,2.0NRT,288.66,0.83,N
-10.87742,32.70378,317.4,0.39,0.36,2026-10-06,2316,N20,VIIRS,n,2.0NRT,287.87,1.14,N
-10.81473,33.34602,296.64,0.4,0.37,2026-10-06,2316,N20,VIIRS,n,2.0NRT,279.55,0.3,N
-10.28454,32.70966,296.64,0.39,0.36,2026-10-06,2316,N20,VIIRS,n,2.0NRT,273.26,0.43,N
-9.70361,32.7725,300.88,0.39,0.36,2026-10-06,2316,N20,VIIRS,n,2.0NRT,282.18,0.51,N
-9.60631,31.47194,304.23,0.39,0.36,2026-10-06,2316,N20,VIIRS,n,2.0NRT,279.28,0.86,N
-9.58132,30.7911,297.11,0.4,0.37,2026-10-06,2316,N20,VIIRS,n,2.0NRT,280.35,0.35,N
-9.54675,31.84301,310,0.38,0.36,2026-10-06,2316,N20,VIIRS,n,2.0NRT,281.16,1.37,N
-9.54344,31.84355,311.43,0.38,0.36,2026-10-06,2316,N20,VIIRS,n,2.0NRT,281.52,0.78,N
-9.54014,31.84408,298.43,0.38,0.36,2026-10-06,2316,N20,VIIRS,n,2.0NRT,280.76,0.78,N
-9.48544,31.31077,298.93,0.39,0.36,2026-10-06,2316,N20,VIIRS,n,2.0NRT,277.09,0.7,N
-9.48212,31.31133,307.44,0.39,0.36,2026-10-06,2316,N20,VIIRS,n,2.0NRT,277.65,0.7,N
-9.47874,33.66838,300.2,0.4,0.37,2026-10-06,2316,N20,VIIRS,n,2.0NRT,282.52,0.23,N
-9.40792,32.59718,296.04,0.39,0.36,2026-10-06,2316,N20,VIIRS,n,2.0NRT,276.97,0.16,N
-9.36726,30.62112,304.9,0.4,0.37,2026-10-06,2316,N20,VIIRS,n,2.0NRT,284.17,0.58,N
-9.29522,31.01809,306.78,0.39,0.37,2026-10-06,2316,N20,VIIRS,n,2.0NRT,279.37,0.89,N
-9.21543,30.92015,331.94,0.4,0.37,2026-10-06,2316,N20,VIIRS,n,2.0NRT,276.46,1.98,N
-9.21485,30.91655,297.33,0.4,0.37,2026-10-06,2316,N20,VIIRS,n,2.0NRT,275.05,1.98,N
-9.15127,33.74574,300.93,0.4,0.37,2026-10-06,2316,N20,VIIRS,n,2.0NRT,276.51,0.7,N
-9.10877,32.35946,305.48,0.38,0.36,2026-10-06,2316,N20,VIIRS,n,2.0NRT,274.69,0.81,N
-9.09982,32.56047,301.81,0.38,0.36,2026-10-06,2316,N20,VIIRS,n,2.0NRT,273.51,0.75,N
-9.07491,33.68614,299.5,0.4,0.37,2026-10-06,2316,N20,VIIRS,n,2.0NRT,273.77,0.82,N
-9.07428,32.74337,296.94,0.39,0.36,2026-10-06,2316,N20,VIIRS,n,2.0NRT,279.47,0.34,N
-9.01587,32.67404,298.7,0.39,0.36,2026-10-06,2316,N20,VIIRS,n,2.0NRT,281.07,0.26,N
-8.94159,33.23958,301.9,0.39,0.36,2026-10-06,2316,N20,VIIRS,n,2.0NRT,278.99,0.82,N
-8.91568,30.66875,306.68,0.4,0.37,2026-10-06,2316,N20,VIIRS,n,2.0NRT,270.01,1.11,N
-8.88284,31.64299,307.53,0.39,0.36,2026-10-06,2316,N20,VIIRS,n,2.0NRT,283.13,1.1,N
-8.75296,31.405,308.2,0.39,0.36,2026-10-06,2316,N20,VIIRS,n,2.0NRT,286.59,0.98,N
-8.68979,32.9124,301.96,0.39,0.36,2026-10-06,2316,N20,VIIRS,n,2.0NRT,285.88,0.93,N
-8.68544,32.90529,301.18,0.39,0.36,2026-10-06,2316,N20,VIIRS,n,2.0NRT,285.59,0.87,N
-8.68489,32.9018,337.83,0.39,0.36,2026-10-06,2316,N20,VIIRS,n,2.0NRT,287.61,3.15,N
-8.64807,30.83851,314.24,0.4,0.37,2026-10-06,2316,N20,VIIRS,n,2.0NRT,283.73,1.63,N
-8.64469,30.83897,316.32,0.4,0.37,2026-10-06,2316,N20,VIIRS,n,2.0NRT,284.59,1.63,N
-8.62084,31.85434,299.13,0.39,0.36,2026-10-06,2316,N20,VIIRS,n,2.0NRT,282.82,0.81,N
-8.26619,31.10352,302.08,0.4,0.37,2026-10-06,2316,N20,VIIRS,n,2.0NRT,279.74,0.64,N
-16.93727,30.6641,300.48,0.38,0.36,2026-10-06,2318,N20,VIIRS,n,2.0NRT,289.78,0.42,N
-16.82246,29.25364,341.78,0.39,0.36,2026-10-06,2318,N20,VIIRS,n,2.0NRT,291.19,7.17,N
-16.66547,29.32936,303.2,0.39,0.36,2026-10-06,2318,N20,VIIRS,n,2.0NRT,286.51,0.6,N
-16.13608,33.77144,305.78,0.46,0.39,2026-10-06,2318,N20,VIIRS,n,2.0NRT,293.74,1.74,N
-16.13534,33.71495,315.62,0.46,0.39,2026-10-06,2318,N20,VIIRS,n,2.0NRT,295.77,3.9,N
-16.13236,33.71976,311.71,0.46,0.39,2026-10-06,2318,N20,VIIRS,n,2.0NRT,295.67,2.84,N
-16.13187,33.76773,308.45,0.46,0.39,2026-10-06,2318,N20,VIIRS,n,2.0NRT,294.61,2.56,N
-16.12766,33.76403,308.15,0.46,0.39,2026-10-06,2318,N20,VIIRS,n,2.0NRT,295.32,3.48,N
-16.11985,33.76088,312.21,0.46,0.39,2026-10-06,2318,N20,VIIRS,n,2.0NRT,295.52,2.74,N
-16.06796,31.66437,311.07,0.39,0.36,2026-10-06,2318,N20,VIIRS,n,2.0NRT,292.56,1.3,N
-15.9779,28.07443,305.12,0.43,0.38,2026-10-06,2318,N20,VIIRS,n,2.0NRT,289.58,0.93,N
-15.89804,33.02445,330.19,0.43,0.38,2026-10-06,2318,N20,VIIRS,n,2.0NRT,294.17,3.11,N
-15.89746,33.02049,304.39,0.43,0.38,2026-10-06,2318,N20,VIIRS,n,2.0NRT,293,1.54,N
-15.89167,33.02954,305.41,0.43,0.38,2026-10-06,2318,N20,VIIRS,n,2.0NRT,293.86,1.15,N
-15.89,26.5738,306.85,0.51,0.41,2026-10-06,2318,N20,VIIRS,n,2.0NRT,284.23,0.74,N
-15.88704,33.02216,313.5,0.43,0.38,2026-10-06,2318,N20,VIIRS,n,2.0NRT,293.11,0.82,N
-15.69555,31.14649,308.16,0.39,0.36,2026-10-06,2318,N20,VIIRS,n,2.0NRT,291.95,0.68,N
-15.54537,28.2678,301.44,0.43,0.38,2026-10-06,2318,N20,VIIRS,n,2.0NRT,290.62,0.78,N
-15.4794,30.42356,312.42,0.38,0.36,2026-10-06,2318,N20,VIIRS,n,2.0NRT,293.85,1.04,N
-15.47793,23.09285,296.67,0.56,0.51,2026-10-06,2318,N20,VIIRS,n,2.0NRT,286.17,1.05,N
-15.46316,30.38592,315.56,0.38,0.36,2026-10-06,2318,N20,VIIRS,n,2.0NRT,293.15,1.46,N
-15.4475,28.77787,323.5,0.41,0.37,2026-10-06,2318,N20,VIIRS,n,2.0NRT,289.96,2.81,N
-15.44315,28.35053,305.12,0.43,0.38,2026-10-06,2318,N20,VIIRS,n,2.0NRT,290.14,0.92,N
-15.37033,27.96057,319.15,0.44,0.39,2026-10-06,2318,N20,VIIRS,n,2.0NRT,290.39,1.76,N
-15.18864,26.58913,296.36,0.52,0.41,2026-10-06,2318,N20,VIIRS,n,2.0NRT,281.21,0.79,N
-15.09947,29.71063,305.24,0.39,0.36,2026-10-06,2318,N20,VIIRS,n,2.0NRT,291.56,0.66,N
-15.04244,29.27781,320.09,0.4,0.37,2026-10-06,2318,N20,VIIRS,n,2.0NRT,291.66,1.79,N
-15.03658,29.30556,316.2,0.4,0.37,2026-10-06,2318,N20,VIIRS,n,2.0NRT,291.67,1.33,N
-14.31263,29.76679,306.92,0.4,0.37,2026-10-06,2318,N20,VIIRS,n,2.0NRT,289.79,0.67,N
-14.26692,29.42612,318.05,0.4,0.37,2026-10-06,2318,N20,VIIRS,n,2.0NRT,287.44,1.81,N
-14.19436,29.1997,304.67,0.41,0.37,2026-10-06,2318,N20,VIIRS,n,2.0NRT,284.26,0.65,N
-14.06464,29.81271,300.7,0.4,0.37,2026-10-06,2318,N20,VIIRS,n,2.0NRT,288.84,0.44,N
-14.0308,21.92056,301.94,0.35,0.57,2026-10-06,2318,N20,VIIRS,n,2.0NRT,278.53,0.78,N
-13.98656,29.51525,299.59,0.4,0.37,2026-10-06,2318,N20,VIIRS,n,2.0NRT,284.87,0.64,N
-13.57794,33.33473,301.44,0.42,0.38,2026-10-06,2318,N20,VIIRS,n,2.0NRT,284.25,0.34,N
-13.41639,30.75809,302.98,0.39,0.36,2026-10-06,2318,N20,VIIRS,n,2.0NRT,290.52,0.29,N
-13.16235,31.20968,303.59,0.38,0.36,2026-10-06,2318,N20,VIIRS,n,2.0NRT,291.25,0.7,N
-13.14057,31.35084,303.21,0.38,0.36,2026-10-06,2318,N20,VIIRS,n,2.0NRT,290.64,0.63,N
-13.14001,31.34731,303.2,0.38,0.36,2026-10-06,2318,N20,VIIRS,n,2.0NRT,290.76,0.63,N
-13.13671,31.34786,308.05,0.38,0.36,2026-10-06,2318,N20,VIIRS,n,2.0NRT,290.85,0.63,N
-13.07616,32.242,316.14,0.39,0.36,2026-10-06,2318,N20,VIIRS,n,2.0NRT,291.9,1.13,N
-13.03841,32.19666,308.64,0.39,0.36,2026-10-06,2318,N20,VIIRS,n,2.0NRT,290.88,0.69,N
-13.02825,31.22129,302.54,0.38,0.36,2026-10-06,2318,N20,VIIRS,n,2.0NRT,288.12,0.65,N
-13.02494,31.22184,306.54,0.38,0.36,2026-10-06,2318,N20,VIIRS,n,2.0NRT,288.26,0.65,N
-12.99742,31.58437,308.63,0.38,0.36,2026-10-06,2318,N20,VIIRS,n,2.0NRT,290.67,0.85,N
-12.99683,31.55911,302.16,0.38,0.36,2026-10-06,2318,N20,VIIRS,n,2.0NRT,290.04,0.41,N
-12.99571,32.13775,304.24,0.39,0.36,2026-10-06,2318,N20,VIIRS,n,2.0NRT,285.5,0.55,N
-12.98966,31.55666,306.04,0.38,0.36,2026-10-06,2318,N20,VIIRS,n,2.0NRT,291.06,0.64,N
-12.9847,31.56833,302.84,0.38,0.36,2026-10-06,2318,N20,VIIRS,n,2.0NRT,290.66,0.39,N
-12.98248,31.55422,310.32,0.38,0.36,2026-10-06,2318,N20,VIIRS,n,2.0NRT,290.15,0.87,N
-12.98026,31.54011,310.98,0.38,0.36,2026-10-06,2318,N20,VIIRS,n,2.0NRT,291.49,0.83,N
-12.8642,30.28612,306.96,0.39,0.36,2026-10-06,2318,N20,VIIRS,n,2.0NRT,274.69,1.08,N
-12.8608,31.38629,304.35,0.38,0.36,2026-10-06,2318,N20,VIIRS,n,2.0NRT,291.63,0.54,N
-12.83783,33.25036,309.21,0.41,0.37,2026-10-06,2318,N20,VIIRS,n,2.0NRT,281.59,1.54,N
-12.83384,33.24712,304.4,0.41,0.37,2026-10-06,2318,N20,VIIRS,n,2.0NRT,282.14,1.09,N
-12.80608,31.31943,300.88,0.38,0.36,2026-10-06,2318,N20,VIIRS,n,2.0NRT,289.1,0.41,N
-12.69214,32.5236,310.33,0.39,0.36,2026-10-06,2318,N20,VIIRS,n,2.0NRT,286.43,1.48,N
-12.62571,33.25933,299.09,0.41,0.37,2026-10-06,2318,N20,VIIRS,n,2.0NRT,281.03,0.55,N
-12.53262,32.60798,306.84,0.39,0.37,2026-10-06,2318,N20,VIIRS,n,2.0NRT,292.56,0.64,N
-12.51452,31.60145,302.45,0.38,0.36,2026-10-06,2318,N20,VIIRS,n,2.0NRT,291.3,0.56,N
-12.16006,31.59407,303.32,0.38,0.36,2026-10-06,2318,N20,VIIRS,n,2.0NRT,288.01,0.56,N
-12.0784,31.5066,306.16,0.38,0.36,2026-10-06,2318,N20,VIIRS,n,2.0NRT,288.17,0.58,N
-12.03389,31.93586,316.84,0.39,0.36,2026-10-06,2318,N20,VIIRS,n,2.0NRT,291.12,1.71,N
-11.99017,31.63646,306.09,0.38,0.36,2026-10-06,2318,N20,VIIRS,n,2.0NRT,289.96,0.62,N
-11.9776,31.81494,302.82,0.38,0.36,2026-10-06,2318,N20,VIIRS,n,2.0NRT,290.95,0.36,N
-11.94704,31.6002,336.16,0.38,0.36,2026-10-06,2318,N20,VIIRS,n,2.0NRT,292.34,3.14,N
-11.94648,31.59669,304.12,0.38,0.36,2026-10-06,2318,N20,VIIRS,n,2.0NRT,290.19,1.25,N
-11.90415,31.67198,300.3,0.38,0.36,2026-10-06,2318,N20,VIIRS,n,2.0NRT,289.46,0.37,N
-11.88643,32.79754,315.43,0.4,0.37,2026-10-06,2318,N20,VIIRS,n,2.0NRT,293.44,1.39,N
-11.87772,31.69788,300.48,0.38,0.36,2026-10-06,2318,N20,VIIRS,n,2.0NRT,289.46,0.39,N
-11.87686,31.45697,302.47,0.38,0.36,2026-10-06,2318,N20,VIIRS,n,2.0NRT,288.42,0.93,N
-11.866,31.55948,330.79,0.38,0.36,2026-10-06,2318,N20,VIIRS,n,2.0NRT,288.79,5.16,N
-11.86159,31.55301,320.96,0.38,0.36,2026-10-06,2318,N20,VIIRS,n,2.0NRT,287.78,1.94,N
-11.85992,31.58562,302.23,0.38,0.36,2026-10-06,2318,N20,VIIRS,n,2.0NRT,288.47,0.71,N
-11.85942,31.58213,304.37,0.38,0.36,2026-10-06,2318,N20,VIIRS,n,2.0NRT,288.14,0.58,N
-11.85612,31.58267,302.43,0.38,0.36,2026-10-06,2318,N20,VIIRS,n,2.0NRT,287.73,0.58,N
-11.83959,31.8016,308.91,0.38,0.36,2026-10-06,2318,N20,VIIRS,n,2.0NRT,289.6,0.7,N
-11.75318,33.04133,300.3,0.4,0.37,2026-10-06,2318,N20,VIIRS,n,2.0NRT,285.24,0.39,N
-11.59939,31.72148,305.63,0.38,0.36,2026-10-06,2318,N20,VIIRS,n,2.0NRT,288.45,1.16,N
-11.59553,31.71851,303.82,0.38,0.36,2026-10-06,2318,N20,VIIRS,n,2.0NRT,287.67,0.52,N
-11.091,31.72855,310.78,0.38,0.36,2026-10-06,2318,N20,VIIRS,n,2.0NRT,287.47,0.94,N
-11.09045,31.72506,304.53,0.38,0.36,2026-10-06,2318,N20,VIIRS,n,2.0NRT,286.16,0.94,N
-11.01301,31.25968,331.87,0.39,0.36,2026-10-06,2318,N20,VIIRS,n,2.0NRT,281.06,5.66,N
-18.05712,30.3793,303.08,0.38,0.36,2026-10-06,2320,N20,VIIRS,n,2.0NRT,290.02,0.65,N
-18.043,30.74661,299.03,0.39,0.36,2026-10-06,2320,N20,VIIRS,n,2.0NRT,288.01,0.36,N
-17.77816,31.42569,297.34,0.39,0.37,2026-10-06,2320,N20,VIIRS,n,2.0NRT,286.88,0.33,N
-17.61066,28.25318,322.44,0.41,0.37,2026-10-06,2320,N20,VIIRS,n,2.0NRT,293.67,2.46,N
-17.58609,28.25369,301.18,0.41,0.37,2026-10-06,2320,N20,VIIRS,n,2.0NRT,290.81,0.56,N
-17.47918,27.09446,302.33,0.46,0.39,2026-10-06,2320,N20,VIIRS,n,2.0NRT,291.35,1.06,N
-17.47844,27.09026,310.07,0.46,0.39,2026-10-06,2320,N20,VIIRS,n,2.0NRT,290.71,1.06,N
-17.47561,27.09523,307.91,0.46,0.39,2026-10-06,2320,N20,VIIRS,n,2.0NRT,292.12,1.34,N
-17.47487,27.09101,312.52,0.46,0.39,2026-10-06,2320,N20,VIIRS,n,2.0NRT,290.8,1.34,N
-17.448,30.2641,297.93,0.38,0.36,2026-10-06,2320,N20,VIIRS,n,2.0NRT,287.82,0.53,N
-17.44526,30.26828,298.6,0.38,0.36,2026-10-06,2320,N20,VIIRS,n,2.0NRT,287.58,0.37,N
-17.32188,30.1111,300.15,0.38,0.36,2026-10-06,2320,N20,VIIRS,n,2.0NRT,288.09,0.45,N
-17.32131,30.1075,301.41,0.38,0.36,2026-10-06,2320,N20,VIIRS,n,2.0NRT,288.21,0.45,N
-17.318,30.10807,304.77,0.38,0.36,2026-10-06,2320,N20,VIIRS,n,2.0NRT,287.83,0.54,N
-16.85327,27.42346,303.3,0.45,0.39,2026-10-06,2320,N20,VIIRS,n,2.0NRT,287,0.3,N