latitude,longitude,bright_ti4,scan,track,acq_date,acq_time,satellite,instrument,confidence,version,bright_ti5,frp,daynight
-14.68476,24.84006,336.05,0.43,0.46,2026-10-01,1145,N,VIIRS,n,2.0NRT,303.93,3.8,D
-14.51439,23.90809,345.48,0.49,0.49,2026-10-01,1145,N,VIIRS,n,2.0NRT,303.24,10.19,D
-14.5138,23.91278,345.11,0.49,0.49,2026-10-01,1145,N,VIIRS,n,2.0NRT,306.73,10.19,D
-14.50928,23.9122,339.1,0.49,0.49,2026-10-01,1145,N,VIIRS,n,2.0NRT,301.44,8.91,D
-14.3702,25.64105,367,0.38,0.43,2026-10-01,1145,N,VIIRS,h,2.0NRT,304.24,10.57,D
-14.24653,24.94965,334.07,0.42,0.45,2026-10-01,1145,N,VIIRS,n,2.0NRT,303.69,4.4,D
-14.22207,24.41474,351.63,0.45,0.47,2026-10-01,1145,N,VIIRS,n,2.0NRT,300.22,6.33,D
-14.22152,24.41899,337.06,0.45,0.47,2026-10-01,1145,N,VIIRS,n,2.0NRT,298.25,6.33,D
-14.19283,26.7863,337.91,0.49,0.41,2026-10-01,1145,N,VIIRS,n,2.0NRT,300.21,5.82,D
-14.14762,28.01978,333.52,0.43,0.38,2026-10-01,1145,N,VIIRS,l,2.0NRT,299.66,2.86,D
-14.14487,25.38419,354.55,0.39,0.44,2026-10-01,1145,N,VIIRS,n,2.0NRT,306.94,13.6,D
-14.14394,25.38452,367,0.4,0.44,2026-10-01,1145,N,VIIRS,h,2.0NRT,305.7,11.56,D
-14.13292,25.50175,333.77,0.39,0.44,2026-10-01,1145,N,VIIRS,n,2.0NRT,302.53,3.91,D
-14.03397,24.80431,338.23,0.43,0.46,2026-10-01,1145,N,VIIRS,n,2.0NRT,303.41,2.6,D
-14.02974,24.80376,344.24,0.43,0.46,2026-10-01,1145,N,VIIRS,n,2.0NRT,305.57,8.64,D
-14.02633,26.95574,333.54,0.48,0.4,2026-10-01,1145,N,VIIRS,l,2.0NRT,297.95,4.52,D
-13.98536,26.02378,337.82,0.54,0.42,2026-10-01,1145,N,VIIRS,n,2.0NRT,306.1,14.28,D
-13.90389,24.95085,346.66,0.42,0.45,2026-10-01,1145,N,VIIRS,n,2.0NRT,306.23,11.33,D
-13.89971,24.95031,341.53,0.42,0.45,2026-10-01,1145,N,VIIRS,n,2.0NRT,302.07,11.33,D
-13.84321,25.41608,332.8,0.39,0.44,2026-10-01,1145,N,VIIRS,l,2.0NRT,304.96,4.45,D
-13.7669,25.93165,337.44,0.54,0.42,2026-10-01,1145,N,VIIRS,l,2.0NRT,307.46,3.23,D
-13.72772,24.98285,330.84,0.41,0.45,2026-10-01,1145,N,VIIRS,l,2.0NRT,301.6,1.74,D
-13.72301,25.72532,339.61,0.56,0.43,2026-10-01,1145,N,VIIRS,n,2.0NRT,306.81,5.79,D
-13.71528,25.87144,332.39,0.55,0.43,2026-10-01,1145,N,VIIRS,l,2.0NRT,303.37,3.08,D
-13.7042,24.34595,367,0.45,0.47,2026-10-01,1145,N,VIIRS,h,2.0NRT,307.41,18.79,D
-13.69987,24.34532,355.02,0.45,0.47,2026-10-01,1145,N,VIIRS,n,2.0NRT,305.36,18.79,D
-13.68119,25.01527,336.17,0.41,0.45,2026-10-01,1145,N,VIIRS,n,2.0NRT,305.94,5.48,D
-13.65501,25.43424,333.91,0.39,0.44,2026-10-01,1145,N,VIIRS,l,2.0NRT,304.5,3.63,D
-13.64347,24.33797,330.15,0.45,0.47,2026-10-01,1145,N,VIIRS,l,2.0NRT,303.28,3.75,D
-13.64294,24.34217,334.32,0.45,0.47,2026-10-01,1145,N,VIIRS,n,2.0NRT,302.3,2.97,D
-13.59696,24.31546,339.02,0.45,0.47,2026-10-01,1145,N,VIIRS,n,2.0NRT,306.04,4.79,D
-13.5842,25.18998,340.22,0.4,0.44,2026-10-01,1145,N,VIIRS,n,2.0NRT,303.64,2.87,D
-13.58257,26.14425,334.09,0.53,0.42,2026-10-01,1145,N,VIIRS,n,2.0NRT,299.55,5.43,D
-13.57907,25.07077,334.12,0.41,0.45,2026-10-01,1145,N,VIIRS,n,2.0NRT,302.63,3.55,D
-13.5589,25.31743,340.57,0.39,0.44,2026-10-01,1145,N,VIIRS,n,2.0NRT,307.41,3.16,D
-13.55841,25.3211,330.79,0.39,0.44,2026-10-01,1145,N,VIIRS,n,2.0NRT,304.77,3.16,D
-13.53043,24.30659,337.13,0.45,0.47,2026-10-01,1145,N,VIIRS,l,2.0NRT,310.69,3.87,D
-13.52763,24.30544,344.56,0.45,0.47,2026-10-01,1145,N,VIIRS,n,2.0NRT,311.29,6.17,D
-13.5261,24.30595,341.16,0.45,0.47,2026-10-01,1145,N,VIIRS,n,2.0NRT,310.85,3.87,D
-13.5162,25.48397,333.66,0.38,0.43,2026-10-01,1145,N,VIIRS,n,2.0NRT,300.21,4.39,D
-13.50964,24.58511,330.88,0.43,0.46,2026-10-01,1145,N,VIIRS,l,2.0NRT,302.04,39.12,D
-13.50912,24.58917,339.08,0.43,0.46,2026-10-01,1145,N,VIIRS,l,2.0NRT,313.45,39.12,D
-13.50533,24.36287,345.81,0.45,0.47,2026-10-01,1145,N,VIIRS,n,2.0NRT,312.85,6.31,D
-13.50486,24.58864,354.9,0.43,0.46,2026-10-01,1145,N,VIIRS,n,2.0NRT,302.63,40.77,D
-13.50434,24.59269,352.6,0.43,0.46,2026-10-01,1145,N,VIIRS,n,2.0NRT,310.99,62.26,D
-13.49608,25.0481,337.51,0.41,0.45,2026-10-01,1145,N,VIIRS,n,2.0NRT,307.03,5.27,D
-13.45562,24.03245,332.13,0.47,0.48,2026-10-01,1145,N,VIIRS,l,2.0NRT,303.71,2.81,D
-13.45484,24.03023,331.01,0.47,0.48,2026-10-01,1145,N,VIIRS,l,2.0NRT,304.38,4.88,D
-13.4544,25.71765,338.28,0.55,0.43,2026-10-01,1145,N,VIIRS,n,2.0NRT,303.66,7.88,D
-13.45325,25.71478,343.99,0.56,0.43,2026-10-01,1145,N,VIIRS,n,2.0NRT,305.56,7.39,D
-13.44332,23.95486,344.32,0.48,0.48,2026-10-01,1145,N,VIIRS,n,2.0NRT,305.36,5.54,D
-13.44004,23.94538,330.59,0.48,0.48,2026-10-01,1145,N,VIIRS,l,2.0NRT,302.83,2.51,D
-13.43704,24.1052,340.11,0.46,0.47,2026-10-01,1145,N,VIIRS,n,2.0NRT,303.57,9.33,D
-13.43647,24.10948,341.39,0.46,0.47,2026-10-01,1145,N,VIIRS,n,2.0NRT,303.67,10.76,D
-13.43322,24.10032,339.2,0.47,0.47,2026-10-01,1145,N,VIIRS,n,2.0NRT,302.93,5.19,D
-13.43265,24.10462,340.78,0.46,0.47,2026-10-01,1145,N,VIIRS,n,2.0NRT,305.22,5.19,D
-13.41534,24.8463,334.1,0.42,0.45,2026-10-01,1145,N,VIIRS,n,2.0NRT,303.16,3.85,D
-13.407,25.06655,347.42,0.4,0.45,2026-10-01,1145,N,VIIRS,n,2.0NRT,304.35,8.08,D
-13.34611,25.66312,332.77,0.56,0.43,2026-10-01,1145,N,VIIRS,n,2.0NRT,302.39,6.48,D
-13.32508,24.65543,340.4,0.43,0.46,2026-10-01,1145,N,VIIRS,n,2.0NRT,298.27,8.62,D
-13.32456,24.6594,352.81,0.43,0.46,2026-10-01,1145,N,VIIRS,n,2.0NRT,309.03,22.25,D
-13.32115,28.06642,337.23,0.43,0.38,2026-10-01,1145,N,VIIRS,l,2.0NRT,303.41,4.11,D
-13.32033,24.65886,357.09,0.43,0.46,2026-10-01,1145,N,VIIRS,n,2.0NRT,307.31,22.25,D
-13.31981,24.66284,345.26,0.43,0.46,2026-10-01,1145,N,VIIRS,n,2.0NRT,304.38,22.25,D
-13.3192,23.84002,338.34,0.48,0.48,2026-10-01,1145,N,VIIRS,n,2.0NRT,302.29,13.53,D
-13.3161,24.65832,331.8,0.43,0.46,2026-10-01,1145,N,VIIRS,l,2.0NRT,303.96,3.08,D
-13.30354,26.60313,336.74,0.49,0.41,2026-10-01,1145,N,VIIRS,n,2.0NRT,299.02,8.11,D
-13.29866,24.37131,350.96,0.44,0.46,2026-10-01,1145,N,VIIRS,n,2.0NRT,308.79,7.16,D
-13.29344,24.31159,336.23,0.45,0.47,2026-10-01,1145,N,VIIRS,n,2.0NRT,304.77,1.35,D
-13.28287,23.8762,333.08,0.48,0.48,2026-10-01,1145,N,VIIRS,l,2.0NRT,305.66,7.09,D
-13.27918,25.03417,333.7,0.4,0.45,2026-10-01,1145,N,VIIRS,n,2.0NRT,297.53,2.14,D
-13.27389,24.88293,342.96,0.41,0.45,2026-10-01,1145,N,VIIRS,n,2.0NRT,304.04,7.73,D
-13.27133,25.91616,335.48,0.54,0.42,2026-10-01,1145,N,VIIRS,n,2.0NRT,299,9.27,D
-13.26973,24.88234,341.43,0.41,0.45,2026-10-01,1145,N,VIIRS,n,2.0NRT,303.83,7.64,D
-13.26923,24.88616,343.26,0.41,0.45,2026-10-01,1145,N,VIIRS,n,2.0NRT,305.68,7.64,D
-13.26603,24.58255,331.16,0.43,0.46,2026-10-01,1145,N,VIIRS,l,2.0NRT,305.54,2.73,D
-13.26558,24.88175,367,0.41,0.45,2026-10-01,1145,N,VIIRS,h,2.0NRT,306.72,7.64,D
-13.26556,24.55383,333.81,0.43,0.46,2026-10-01,1145,N,VIIRS,l,2.0NRT,306.1,2.37,D
-13.2655,24.58657,338.31,0.43,0.46,2026-10-01,1145,N,VIIRS,n,2.0NRT,305.63,2.72,D
-13.26508,24.88556,342.01,0.41,0.45,2026-10-01,1145,N,VIIRS,n,2.0NRT,303.16,7.64,D
-13.25595,24.59343,345.68,0.43,0.46,2026-10-01,1145,N,VIIRS,n,2.0NRT,307.75,5.82,D
-13.25404,24.06857,340.05,0.47,0.47,2026-10-01,1145,N,VIIRS,n,2.0NRT,302.48,11.23,D
-13.23194,25.85472,336.72,0.54,0.42,2026-10-01,1145,N,VIIRS,n,2.0NRT,297.44,6.03,D
-13.22747,24.24298,330.72,0.45,0.47,2026-10-01,1145,N,VIIRS,l,2.0NRT,301.58,3.67,D
-13.22652,24.24367,341.87,0.45,0.47,2026-10-01,1145,N,VIIRS,n,2.0NRT,302.07,4.75,D
-13.22529,27.85836,342.24,0.43,0.38,2026-10-01,1145,N,VIIRS,n,2.0NRT,303.21,9.77,D
-13.19751,23.99167,341.07,0.47,0.48,2026-10-01,1145,N,VIIRS,n,2.0NRT,302.32,126.53,D
-13.19694,23.99609,343.54,0.47,0.48,2026-10-01,1145,N,VIIRS,n,2.0NRT,314.42,126.53,D
-13.19367,23.98672,355.69,0.47,0.48,2026-10-01,1145,N,VIIRS,n,2.0NRT,307.36,18.17,D
-13.19253,23.99552,367,0.47,0.48,2026-10-01,1145,N,VIIRS,h,2.0NRT,337.21,126.53,D
-13.19197,23.99988,342,0.47,0.48,2026-10-01,1145,N,VIIRS,n,2.0NRT,299,54.78,D
-13.18925,23.98617,356.97,0.47,0.48,2026-10-01,1145,N,VIIRS,n,2.0NRT,302.56,24.39,D
-13.18869,23.99055,344.62,0.47,0.48,2026-10-01,1145,N,VIIRS,n,2.0NRT,309.78,104.18,D
-13.18428,23.98998,343.92,0.47,0.48,2026-10-01,1145,N,VIIRS,n,2.0NRT,302.23,104.18,D
-13.17545,23.98882,344.53,0.47,0.48,2026-10-01,1145,N,VIIRS,n,2.0NRT,304.68,17.05,D
-13.1754,24.02417,335.21,0.47,0.48,2026-10-01,1145,N,VIIRS,l,2.0NRT,309.31,7.41,D
-13.17485,24.02847,335.12,0.47,0.47,2026-10-01,1145,N,VIIRS,l,2.0NRT,308.13,7.41,D
-13.17408,26.72943,330.2,0.48,0.4,2026-10-01,1145,N,VIIRS,n,2.0NRT,297.17,2.8,D
-13.1716,23.98388,350.67,0.47,0.48,2026-10-01,1145,N,VIIRS,l,2.0NRT,325.78,102.9,D
-13.17036,26.72893,333.29,0.48,0.4,2026-10-01,1145,N,VIIRS,n,2.0NRT,296.75,2.8,D
-13.16775,23.97892,349.08,0.47,0.48,2026-10-01,1145,N,VIIRS,n,2.0NRT,299.89,102.9,D
-13.16719,23.98329,356.3,0.47,0.48,2026-10-01,1145,N,VIIRS,n,2.0NRT,309.6,102.9,D
-13.16389,23.97395,342.3,0.47,0.48,2026-10-01,1145,N,VIIRS,n,2.0NRT,290.26,3.65,D
-13.15948,23.97338,343.03,0.47,0.48,2026-10-01,1145,N,VIIRS,n,2.0NRT,288.65,3.65,D
-13.15304,27.06281,331.56,0.47,0.39,2026-10-01,1145,N,VIIRS,l,2.0NRT,306.4,3.99,D
-13.12341,26.76758,332.88,0.48,0.4,2026-10-01,1145,N,VIIRS,l,2.0NRT,296.55,8.23,D
-13.1044,26.87774,331.9,0.48,0.4,2026-10-01,1145,N,VIIRS,l,2.0NRT,302.37,4.18,D
-13.08033,23.92844,349.36,0.47,0.48,2026-10-01,1145,N,VIIRS,n,2.0NRT,309.47,31.04,D
-13.06706,23.92671,348.23,0.47,0.48,2026-10-01,1145,N,VIIRS,n,2.0NRT,305.84,20.06,D
-13.0665,23.93108,367,0.47,0.48,2026-10-01,1145,N,VIIRS,h,2.0NRT,305.03,33.78,D
-13.06595,23.93544,367,0.47,0.48,2026-10-01,1145,N,VIIRS,h,2.0NRT,299.34,33.78,D
-13.06539,23.93982,342.32,0.47,0.48,2026-10-01,1145,N,VIIRS,n,2.0NRT,302.65,17.63,D
-13.06264,23.92611,348.5,0.47,0.48,2026-10-01,1145,N,VIIRS,n,2.0NRT,298.81,13.33,D
-13.05816,28.02357,346.64,0.42,0.38,2026-10-01,1145,N,VIIRS,n,2.0NRT,303.22,7.79,D
-13.04184,26.82548,342.14,0.48,0.4,2026-10-01,1145,N,VIIRS,n,2.0NRT,301.37,15.35,D
-13.03232,27.42018,330.65,0.45,0.39,2026-10-01,1145,N,VIIRS,l,2.0NRT,300.85,2.22,D
-13.02076,27.34619,330.63,0.45,0.39,2026-10-01,1145,N,VIIRS,l,2.0NRT,302.7,2.79,D
-13.00836,23.90297,344.21,0.47,0.48,2026-10-01,1145,N,VIIRS,n,2.0NRT,300.26,11.72,D
-12.97535,26.0671,334.06,0.52,0.42,2026-10-01,1145,N,VIIRS,n,2.0NRT,292.23,12.21,D
-12.96906,26.29693,330.55,0.51,0.41,2026-10-01,1145,N,VIIRS,n,2.0NRT,290.58,4.52,D
-12.96435,27.42413,334.01,0.45,0.39,2026-10-01,1145,N,VIIRS,n,2.0NRT,302.22,3.8,D
-12.96102,27.18894,335.86,0.46,0.39,2026-10-01,1145,N,VIIRS,n,2.0NRT,303.32,4.16,D
-12.95623,25.53854,340.53,0.56,0.43,2026-10-01,1145,N,VIIRS,n,2.0NRT,297.54,7.31,D
-12.94622,24.24247,346.82,0.45,0.47,2026-10-01,1145,N,VIIRS,n,2.0NRT,301.3,9.69,D
-12.9419,24.2419,337.91,0.45,0.47,2026-10-01,1145,N,VIIRS,n,2.0NRT,303.63,7.57,D
-12.93758,27.19839,337.53,0.46,0.39,2026-10-01,1145,N,VIIRS,n,2.0NRT,305.1,5.72,D
-12.937,27.20259,341.36,0.46,0.39,2026-10-01,1145,N,VIIRS,n,2.0NRT,305.95,5.72,D
-12.92987,27.22733,337.91,0.46,0.39,2026-10-01,1145,N,VIIRS,n,2.0NRT,308.42,11.55,D
-12.91303,25.59813,338.73,0.56,0.43,2026-10-01,1145,N,VIIRS,n,2.0NRT,303.2,7.78,D
-12.89583,26.69271,338.11,0.48,0.4,2026-10-01,1145,N,VIIRS,n,2.0NRT,299.35,15.45,D
-12.89411,26.69374,342.93,0.48,0.4,2026-10-01,1145,N,VIIRS,l,2.0NRT,303.42,34.29,D
-12.89212,26.69217,353.45,0.48,0.4,2026-10-01,1145,N,VIIRS,n,2.0NRT,299.7,15.45,D
-12.88085,27.01705,335.47,0.47,0.39,2026-10-01,1145,N,VIIRS,n,2.0NRT,300.28,2.54,D
-12.87697,26.81332,333.41,0.48,0.4,2026-10-01,1145,N,VIIRS,l,2.0NRT,303.35,5.6,D
-12.87617,24.22589,349.02,0.45,0.47,2026-10-01,1145,N,VIIRS,n,2.0NRT,306.32,35.83,D
-12.85395,27.66623,333.86,0.44,0.38,2026-10-01,1145,N,VIIRS,n,2.0NRT,302.72,5.64,D
-12.82544,24.14215,338.08,0.45,0.47,2026-10-01,1145,N,VIIRS,n,2.0NRT,296.33,3.85,D
-12.80947,26.94591,348.1,0.47,0.4,2026-10-01,1145,N,VIIRS,n,2.0NRT,303.78,11.08,D
-12.80732,27.25299,337.54,0.45,0.39,2026-10-01,1145,N,VIIRS,n,2.0NRT,302.05,6.83,D
-12.80056,27.93445,352.24,0.43,0.38,2026-10-01,1145,N,VIIRS,l,2.0NRT,308.9,25.62,D
-12.78278,27.31418,333.07,0.45,0.39,2026-10-01,1145,N,VIIRS,l,2.0NRT,301.1,7.56,D
-12.78218,27.31834,333.35,0.45,0.39,2026-10-01,1145,N,VIIRS,l,2.0NRT,302.19,7.56,D
-12.77966,24.24705,341.76,0.45,0.47,2026-10-01,1145,N,VIIRS,n,2.0NRT,302.08,4.44,D
-12.77954,27.58105,334.63,0.44,0.38,2026-10-01,1145,N,VIIRS,n,2.0NRT,301.28,6.53,D
-12.77563,27.48966,332.21,0.44,0.39,2026-10-01,1145,N,VIIRS,l,2.0NRT,305.86,7.52,D
-12.77537,24.24634,336.97,0.45,0.47,2026-10-01,1145,N,VIIRS,n,2.0NRT,299.07,4.44,D
-12.77382,27.49302,333.65,0.44,0.39,2026-10-01,1145,N,VIIRS,l,2.0NRT,304.97,6.73,D
-12.76134,27.86026,335.25,0.43,0.38,2026-10-01,1145,N,VIIRS,n,2.0NRT,302.24,4.55,D
-12.75878,27.19963,340.11,0.46,0.39,2026-10-01,1145,N,VIIRS,n,2.0NRT,305.49,7.8,D
-12.6937,26.09508,342.09,0.52,0.41,2026-10-01,1145,N,VIIRS,n,2.0NRT,294.59,10.28,D
-12.67742,27.29514,344.66,0.45,0.39,2026-10-01,1145,N,VIIRS,n,2.0NRT,305.54,16.67,D
-12.64884,24.15857,341.88,0.45,0.47,2026-10-01,1145,N,VIIRS,n,2.0NRT,303.49,8.33,D
-12.64669,27.12402,332.3,0.46,0.39,2026-10-01,1145,N,VIIRS,l,2.0NRT,298.59,7.19,D
-12.6461,27.12822,340.86,0.46,0.39,2026-10-01,1145,N,VIIRS,n,2.0NRT,300.65,7.19,D
-12.61755,26.20221,346.78,0.51,0.41,2026-10-01,1145,N,VIIRS,n,2.0NRT,290.08,14.09,D
-12.6001,26.27127,332.07,0.5,0.41,2026-10-01,1145,N,VIIRS,l,2.0NRT,294.76,10.41,D
-12.59705,25.66328,331.65,0.55,0.42,2026-10-01,1145,N,VIIRS,n,2.0NRT,288.87,4.15,D
-12.58825,27.38329,335.8,0.45,0.39,2026-10-01,1145,N,VIIRS,n,2.0NRT,295.83,5.91,D
-12.58352,27.94258,333.86,0.42,0.38,2026-10-01,1145,N,VIIRS,n,2.0NRT,297.78,3.71,D
-12.58082,27.06429,340.69,0.46,0.39,2026-10-01,1145,N,VIIRS,n,2.0NRT,297.29,10.45,D
-12.5778,27.05955,346.27,0.46,0.39,2026-10-01,1145,N,VIIRS,n,2.0NRT,299.39,13.17,D
-12.57756,24.43566,332.01,0.43,0.46,2026-10-01,1145,N,VIIRS,n,2.0NRT,299.86,4.83,D
-12.56256,26.18005,337.62,0.51,0.41,2026-10-01,1145,N,VIIRS,n,2.0NRT,295.8,15.11,D
-12.55742,27.15107,339.15,0.46,0.39,2026-10-01,1145,N,VIIRS,l,2.0NRT,298.54,8.22,D
-12.55382,27.15054,332.44,0.46,0.39,2026-10-01,1145,N,VIIRS,n,2.0NRT,295.71,5.66,D
-12.55126,26.80167,333.93,0.47,0.4,2026-10-01,1145,N,VIIRS,l,2.0NRT,300.72,12.24,D
-12.55087,26.80032,340.83,0.47,0.4,2026-10-01,1145,N,VIIRS,n,2.0NRT,300.04,10.47,D
-12.53403,26.84361,330.62,0.47,0.4,2026-10-01,1145,N,VIIRS,n,2.0NRT,304.28,7.4,D
-12.51043,27.0593,332.44,0.46,0.39,2026-10-01,1145,N,VIIRS,n,2.0NRT,298.82,9.32,D
-12.50579,24.36614,345.01,0.43,0.46,2026-10-01,1145,N,VIIRS,n,2.0NRT,298.4,5.36,D
-12.50292,27.60805,336.32,0.44,0.38,2026-10-01,1145,N,VIIRS,n,2.0NRT,301.23,5.23,D
-12.50113,27.59548,332.45,0.44,0.38,2026-10-01,1145,N,VIIRS,n,2.0NRT,296.34,3.48,D
-12.49904,27.70944,336.7,0.43,0.38,2026-10-01,1145,N,VIIRS,l,2.0NRT,298.36,10.1,D
-12.49408,27.59443,341.92,0.44,0.38,2026-10-01,1145,N,VIIRS,n,2.0NRT,298.93,7.04,D
-12.4895,26.89451,333.57,0.47,0.4,2026-10-01,1145,N,VIIRS,n,2.0NRT,298.74,4.6,D
-12.47787,27.10628,352.26,0.46,0.39,2026-10-01,1145,N,VIIRS,n,2.0NRT,303.53,13.94,D
-13.58071,25.11029,307.51,0.74,0.76,2026-10-01,2252,N,VIIRS,n,2.0NRT,285.69,2.12,N
-13.57663,25.11387,305.32,0.74,0.76,2026-10-01,2252,N,VIIRS,n,2.0NRT,285.85,1.39,N
-13.5789,24.39618,298.15,0.43,0.62,2026-10-02,33,N,VIIRS,n,2.0NRT,287.62,0.6,N
-13.5085,24.59079,299.78,0.44,0.63,2026-10-02,33,N,VIIRS,n,2.0NRT,287.72,0.81,N
-13.508,24.5866,316.91,0.44,0.63,2026-10-02,33,N,VIIRS,n,2.0NRT,288.28,2.52,N
-13.50264,24.59139,298.75,0.44,0.63,2026-10-02,33,N,VIIRS,n,2.0NRT,287.94,0.81,N
-13.41796,24.32032,306.58,0.42,0.61,2026-10-02,33,N,VIIRS,n,2.0NRT,288.68,1.02,N
-13.41748,24.31623,302.13,0.42,0.61,2026-10-02,33,N,VIIRS,n,2.0NRT,288.68,1.4,N
-13.32141,24.65922,297.85,0.45,0.63,2026-10-02,33,N,VIIRS,n,2.0NRT,287.09,1.02,N
-13.19025,23.98937,301.97,0.4,0.6,2026-10-02,33,N,VIIRS,n,2.0NRT,288.56,1.39,N
-13.06634,23.93675,309.03,0.4,0.6,2026-10-02,33,N,VIIRS,n,2.0NRT,287.96,1.12,N
-13.06589,23.93299,304.68,0.4,0.6,2026-10-02,33,N,VIIRS,n,2.0NRT,288,1.04,N
-13.06544,23.92923,314.02,0.4,0.6,2026-10-02,33,N,VIIRS,n,2.0NRT,288.37,1.04,N
-13.06077,23.93744,303.03,0.4,0.6,2026-10-02,33,N,VIIRS,n,2.0NRT,287.72,1.12,N
-13.06032,23.93369,301.59,0.4,0.6,2026-10-02,33,N,VIIRS,n,2.0NRT,287.22,1.04,N
-13.05988,23.92995,298.37,0.4,0.6,2026-10-02,33,N,VIIRS,n,2.0NRT,287.28,1.04,N
-14.69486,23.89237,344.22,0.52,0.67,2026-10-02,1125,N,VIIRS,n,2.0NRT,309.72,10.82,D
-14.6945,25.25125,335.02,0.42,0.61,2026-10-02,1125,N,VIIRS,n,2.0NRT,306.33,1.71,D
-14.69077,24.5535,330.66,0.47,0.64,2026-10-02,1125,N,VIIRS,n,2.0NRT,304.16,2.08,D
-14.67893,24.04348,333.47,0.5,0.66,2026-10-02,1125,N,VIIRS,l,2.0NRT,308.22,5.47,D
-14.62694,25.18243,339.36,0.42,0.61,2026-10-02,1125,N,VIIRS,n,2.0NRT,307.81,2.85,D
-14.62578,23.91143,339.35,0.51,0.66,2026-10-02,1125,N,VIIRS,n,2.0NRT,308.55,9.01,D
-14.62515,25.18255,338.77,0.42,0.61,2026-10-02,1125,N,VIIRS,n,2.0NRT,306.25,3.56,D
-14.62482,24.32226,334.18,0.48,0.65,2026-10-02,1125,N,VIIRS,l,2.0NRT,305.34,4.7,D
-14.62425,24.31887,335.47,0.48,0.65,2026-10-02,1125,N,VIIRS,n,2.0NRT,302.74,4.04,D
-14.61369,24.86983,347.94,0.44,0.63,2026-10-02,1125,N,VIIRS,n,2.0NRT,308.66,6.47,D
-14.61256,24.36859,331.26,0.48,0.65,2026-10-02,1125,N,VIIRS,l,2.0NRT,303.08,1.69,D
-14.6012,25.57421,336.26,0.4,0.6,2026-10-02,1125,N,VIIRS,n,2.0NRT,304.19,9.42,D
-14.60078,25.57804,339.43,0.4,0.6,2026-10-02,1125,N,VIIRS,n,2.0NRT,303.74,16.19,D
-14.59719,25.56966,345.48,0.4,0.6,2026-10-02,1125,N,VIIRS,n,2.0NRT,304.15,11.7,D
-14.59673,25.57349,352.72,0.4,0.6,2026-10-02,1125,N,VIIRS,n,2.0NRT,305.86,11.7,D
-14.59628,25.57731,354.88,0.4,0.6,2026-10-02,1125,N,VIIRS,n,2.0NRT,308.87,28.74,D
-14.59604,25.56978,346.06,0.4,0.6,2026-10-02,1125,N,VIIRS,n,2.0NRT,304.03,9.42,D
-14.59584,25.58107,356.36,0.4,0.6,2026-10-02,1125,N,VIIRS,l,2.0NRT,300.47,28.74,D
-14.59562,25.57362,355.6,0.4,0.6,2026-10-02,1125,N,VIIRS,n,2.0NRT,308.06,9.42,D
-14.5952,25.57743,356.73,0.4,0.6,2026-10-02,1125,N,VIIRS,n,2.0NRT,307.02,16.19,D
-14.59478,25.58119,341.79,0.4,0.6,2026-10-02,1125,N,VIIRS,n,2.0NRT,299.16,16.19,D
-14.59198,25.46896,332.4,0.4,0.6,2026-10-02,1125,N,VIIRS,l,2.0NRT,306.73,3.67,D
-14.59153,25.47279,342.3,0.4,0.6,2026-10-02,1125,N,VIIRS,n,2.0NRT,307.28,3.67,D
-14.59115,25.57292,367,0.4,0.6,2026-10-02,1125,N,VIIRS,h,2.0NRT,304.07,11.7,D
-14.59004,25.57302,367,0.4,0.6,2026-10-02,1125,N,VIIRS,h,2.0NRT,300.72,10.8,D
-14.58533,24.91306,338.75,0.44,0.62,2026-10-02,1125,N,VIIRS,n,2.0NRT,306.42,2.37,D
-14.57151,23.95586,332.82,0.51,0.66,2026-10-02,1125,N,VIIRS,n,2.0NRT,301.19,3.29,D
-14.53539,25.36501,350.36,0.41,0.61,2026-10-02,1125,N,VIIRS,n,2.0NRT,307.79,1.83,D
-14.52975,25.36432,367,0.41,0.61,2026-10-02,1125,N,VIIRS,h,2.0NRT,308.12,7.71,D
-14.52766,24.19101,332,0.49,0.65,2026-10-02,1125,N,VIIRS,n,2.0NRT,304.66,6.28,D
-14.52719,24.19556,367,0.49,0.65,2026-10-02,1125,N,VIIRS,h,2.0NRT,306.61,10.37,D
-14.52645,24.19202,356.48,0.49,0.65,2026-10-02,1125,N,VIIRS,n,2.0NRT,306.04,6.95,D
-14.52594,24.19656,334.95,0.49,0.65,2026-10-02,1125,N,VIIRS,n,2.0NRT,304.84,9.85,D
-14.52254,24.18109,339.15,0.49,0.65,2026-10-02,1125,N,VIIRS,n,2.0NRT,302.59,3.32,D
-14.5214,24.18213,343.17,0.49,0.65,2026-10-02,1125,N,VIIRS,n,2.0NRT,306.51,4.02,D
-14.51902,25.46065,338.42,0.4,0.6,2026-10-02,1125,N,VIIRS,n,2.0NRT,306.94,3.79,D
-14.51064,27.08245,332.92,0.63,0.54,2026-10-02,1125,N,VIIRS,n,2.0NRT,301.6,6.84,D
-14.50968,24.24538,351.94,0.49,0.65,2026-10-02,1125,N,VIIRS,n,2.0NRT,305.93,15.59,D
-14.50932,27.08274,333.65,0.63,0.54,2026-10-02,1125,N,VIIRS,n,2.0NRT,301.48,5.25,D
-14.50917,24.25025,367,0.49,0.65,2026-10-02,1125,N,VIIRS,h,2.0NRT,307.52,32.67,D
-14.50874,24.18515,331.52,0.49,0.65,2026-10-02,1125,N,VIIRS,l,2.0NRT,305.3,2.98,D
-14.50809,24.2464,356.56,0.49,0.65,2026-10-02,1125,N,VIIRS,n,2.0NRT,309.29,24.57,D
-14.50791,25.30238,333.52,0.41,0.61,2026-10-02,1125,N,VIIRS,l,2.0NRT,307.93,4.19,D
-14.50754,24.25129,367,0.49,0.65,2026-10-02,1125,N,VIIRS,h,2.0NRT,304.06,23.78,D
-14.50594,25.3022,343.42,0.41,0.61,2026-10-02,1125,N,VIIRS,n,2.0NRT,306.78,8.21,D
-14.50223,25.30181,331.77,0.41,0.61,2026-10-02,1125,N,VIIRS,l,2.0NRT,306.03,2.23,D
-14.49108,25.52672,337.72,0.4,0.6,2026-10-02,1125,N,VIIRS,l,2.0NRT,311.67,8.08,D
-14.48901,25.52679,336.3,0.4,0.6,2026-10-02,1125,N,VIIRS,l,2.0NRT,310.02,5.25,D
-14.39058,24.19344,346.32,0.49,0.65,2026-10-02,1125,N,VIIRS,n,2.0NRT,300.4,4.32,D
-14.39007,24.19809,332.12,0.49,0.65,2026-10-02,1125,N,VIIRS,n,2.0NRT,298.96,4.32,D
-14.37302,25.62548,340.77,0.39,0.6,2026-10-02,1125,N,VIIRS,n,2.0NRT,301.37,8.23,D
-14.37262,25.62609,346.87,0.39,0.6,2026-10-02,1125,N,VIIRS,n,2.0NRT,301.91,8.29,D
-14.37259,25.62912,367,0.39,0.59,2026-10-02,1125,N,VIIRS,h,2.0NRT,298.08,8.23,D
-14.37221,25.62975,367,0.39,0.6,2026-10-02,1125,N,VIIRS,h,2.0NRT,299.97,8.29,D
-14.35264,25.60771,345.83,0.39,0.6,2026-10-02,1125,N,VIIRS,n,2.0NRT,304.79,6.22,D
-14.34582,25.61807,367,0.39,0.6,2026-10-02,1125,N,VIIRS,h,2.0NRT,312.96,26.63,D
-14.20432,27.01525,339.68,0.63,0.54,2026-10-02,1125,N,VIIRS,n,2.0NRT,297.49,12.09,D
-14.20354,27.01715,346.95,0.63,0.54,2026-10-02,1125,N,VIIRS,n,2.0NRT,297.53,7.75,D
-14.18094,28.06203,337.06,0.54,0.51,2026-10-02,1125,N,VIIRS,l,2.0NRT,307.92,5.95,D
-14.12244,25.37615,346.41,0.41,0.6,2026-10-02,1125,N,VIIRS,n,2.0NRT,302.51,7.94,D
-13.98361,24.43763,336.7,0.47,0.64,2026-10-02,1125,N,VIIRS,n,2.0NRT,298.19,4.32,D
-13.8392,27.64199,336.62,0.57,0.52,2026-10-02,1125,N,VIIRS,n,2.0NRT,300.81,2.46,D
-13.83527,28.05902,339.49,0.53,0.5,2026-10-02,1125,N,VIIRS,n,2.0NRT,300.01,7.13,D
-13.8319,27.5814,332.51,0.57,0.52,2026-10-02,1125,N,VIIRS,l,2.0NRT,302.61,5.31,D
-13.83126,27.58675,335.83,0.57,0.52,2026-10-02,1125,N,VIIRS,n,2.0NRT,300.37,5.31,D
-13.79476,25.46671,340.92,0.4,0.6,2026-10-02,1125,N,VIIRS,n,2.0NRT,300.13,4.92,D
-13.78537,27.80587,340.08,0.55,0.51,2026-10-02,1125,N,VIIRS,n,2.0NRT,300.19,1.66,D
-13.78475,27.81107,332.94,0.55,0.51,2026-10-02,1125,N,VIIRS,n,2.0NRT,302.05,5.13,D
-13.78474,27.8083,349.82,0.55,0.51,2026-10-02,1125,N,VIIRS,n,2.0NRT,302.36,7.6,D
-13.75672,26.5134,336.19,0.34,0.56,2026-10-02,1125,N,VIIRS,n,2.0NRT,299.52,7.1,D
-13.72815,26.21975,340.76,0.35,0.57,2026-10-02,1125,N,VIIRS,n,2.0NRT,300.1,4.59,D
-13.71484,25.87162,335.09,0.37,0.58,2026-10-02,1125,N,VIIRS,n,2.0NRT,305.07,4.16,D
-13.71236,25.87237,338,0.37,0.58,2026-10-02,1125,N,VIIRS,n,2.0NRT,307.16,5.4,D
-13.70908,25.57762,330.38,0.39,0.59,2026-10-02,1125,N,VIIRS,n,2.0NRT,300.03,4.7,D
-13.69619,25.93889,330.16,0.37,0.58,2026-10-02,1125,N,VIIRS,l,2.0NRT,304.3,1.86,D
-13.69323,25.93955,334.53,0.37,0.58,2026-10-02,1125,N,VIIRS,n,2.0NRT,302.29,3.72,D
-13.6908,25.93841,334.6,0.37,0.58,2026-10-02,1125,N,VIIRS,n,2.0NRT,303.12,4.04,D
-13.6904,25.94186,350.14,0.37,0.58,2026-10-02,1125,N,VIIRS,n,2.0NRT,303.94,9.12,D
-13.68784,25.93907,336.23,0.37,0.58,2026-10-02,1125,N,VIIRS,n,2.0NRT,304.63,3.72,D
-13.68742,25.94249,334.35,0.37,0.58,2026-10-02,1125,N,VIIRS,l,2.0NRT,306.07,7.46,D
-13.60402,24.71698,339.68,0.44,0.62,2026-10-02,1125,N,VIIRS,n,2.0NRT,299.95,7.74,D
-13.59837,24.11827,334.17,0.48,0.65,2026-10-02,1125,N,VIIRS,n,2.0NRT,297.19,4.95,D
-13.53016,24.49741,334.81,0.46,0.63,2026-10-02,1125,N,VIIRS,n,2.0NRT,292.3,4.25,D
-13.52967,24.50166,351.15,0.46,0.63,2026-10-02,1125,N,VIIRS,n,2.0NRT,295.11,4.25,D
-13.52741,24.50136,351.59,0.46,0.63,2026-10-02,1125,N,VIIRS,n,2.0NRT,298.78,9.35,D
-13.51208,25.79073,333.11,0.37,0.58,2026-10-02,1125,N,VIIRS,n,2.0NRT,298.75,2.06,D
-13.50968,24.1457,352.74,0.48,0.65,2026-10-02,1125,N,VIIRS,n,2.0NRT,294.82,7.12,D
-13.50942,25.62043,336.87,0.38,0.59,2026-10-02,1125,N,VIIRS,n,2.0NRT,299.92,6.56,D
-13.50918,24.15024,338.06,0.48,0.65,2026-10-02,1125,N,VIIRS,n,2.0NRT,291.9,7.12,D
-13.50863,25.62007,338.62,0.38,0.59,2026-10-02,1125,N,VIIRS,n,2.0NRT,300.93,7.13,D
-13.48807,26.4476,330.11,0.34,0.56,2026-10-02,1125,N,VIIRS,n,2.0NRT,298.4,3.12,D
-13.4877,26.45062,336.68,0.34,0.56,2026-10-02,1125,N,VIIRS,n,2.0NRT,301.13,6.02,D
-13.44917,26.46515,346.46,0.34,0.56,2026-10-02,1125,N,VIIRS,n,2.0NRT,300.65,3.88,D
-13.41635,27.61157,337.91,0.56,0.52,2026-10-02,1125,N,VIIRS,n,2.0NRT,297.07,4.76,D
-13.40962,25.75665,350.04,0.37,0.58,2026-10-02,1125,N,VIIRS,n,2.0NRT,301.97,4.05,D
-13.40857,25.75512,346.82,0.37,0.58,2026-10-02,1125,N,VIIRS,n,2.0NRT,300.94,5.22,D
-13.39277,27.56572,341.97,0.57,0.52,2026-10-02,1125,N,VIIRS,n,2.0NRT,296.68,6.81,D
-13.39212,27.57103,339.44,0.57,0.52,2026-10-02,1125,N,VIIRS,n,2.0NRT,300.85,7.31,D
-13.38843,27.56811,355.96,0.57,0.52,2026-10-02,1125,N,VIIRS,n,2.0NRT,301.68,24.26,D
-13.38796,27.56515,342.34,0.57,0.52,2026-10-02,1125,N,VIIRS,n,2.0NRT,300,6.81,D
-13.38732,27.57044,332.68,0.57,0.52,2026-10-02,1125,N,VIIRS,n,2.0NRT,297.76,7.31,D
-13.33326,26.22964,336.04,0.35,0.57,2026-10-02,1125,N,VIIRS,n,2.0NRT,300.26,3.66,D
-13.32023,23.83997,338.45,0.5,0.66,2026-10-02,1125,N,VIIRS,n,2.0NRT,294.89,27.61,D
-13.32014,23.84334,348.72,0.5,0.66,2026-10-02,1125,N,VIIRS,n,2.0NRT,297.48,41.69,D
-13.31968,23.84475,367,0.5,0.66,2026-10-02,1125,N,VIIRS,h,2.0NRT,299.57,27.61,D
-13.31962,23.8481,351.49,0.5,0.66,2026-10-02,1125,N,VIIRS,n,2.0NRT,289.4,34.85,D
-13.26181,27.21517,341.7,0.59,0.53,2026-10-02,1125,N,VIIRS,n,2.0NRT,295.71,7.79,D
-13.26114,27.22066,340.15,0.59,0.53,2026-10-02,1125,N,VIIRS,n,2.0NRT,296.27,8.5,D
-13.22817,27.32768,338,0.58,0.52,2026-10-02,1125,N,VIIRS,n,2.0NRT,296.66,2.93,D
-13.21164,26.58655,333.61,0.33,0.55,2026-10-02,1125,N,VIIRS,n,2.0NRT,300.29,3.22,D
-13.16978,25.74825,331.52,0.37,0.58,2026-10-02,1125,N,VIIRS,l,2.0NRT,305.56,3.92,D
-13.15366,26.26772,343.15,0.34,0.56,2026-10-02,1125,N,VIIRS,n,2.0NRT,298.92,5.05,D
-13.1007,24.60578,343.9,0.44,0.63,2026-10-02,1125,N,VIIRS,n,2.0NRT,298.46,6.97,D
-13.09984,24.60552,330.67,0.44,0.63,2026-10-02,1125,N,VIIRS,n,2.0NRT,297.34,3.97,D
-13.08202,23.92398,367,0.49,0.65,2026-10-02,1125,N,VIIRS,h,2.0NRT,296.26,16.12,D
-13.08151,23.92859,346.13,0.49,0.65,2026-10-02,1125,N,VIIRS,n,2.0NRT,295.4,18.68,D
-13.08074,23.92513,367,0.49,0.65,2026-10-02,1125,N,VIIRS,h,2.0NRT,291.95,22.05,D
-13.07591,27.3919,333.49,0.58,0.52,2026-10-02,1125,N,VIIRS,n,2.0NRT,299.18,5.07,D
-13.06335,24.62255,337.05,0.44,0.62,2026-10-02,1125,N,VIIRS,n,2.0NRT,297.18,3.45,D
-13.06277,23.93118,334.82,0.49,0.65,2026-10-02,1125,N,VIIRS,n,2.0NRT,301.6,2.97,D
-13.06226,23.93579,330.63,0.49,0.65,2026-10-02,1125,N,VIIRS,l,2.0NRT,300.85,10.87,D
-13.06144,23.93235,331.83,0.49,0.65,2026-10-02,1125,N,VIIRS,n,2.0NRT,299.43,5.44,D
-13.05011,25.89996,330.45,0.36,0.58,2026-10-02,1125,N,VIIRS,l,2.0NRT,304.85,2.9,D
-13.04144,26.57913,343.74,0.33,0.55,2026-10-02,1125,N,VIIRS,n,2.0NRT,295,3.19,D
-13.03584,23.99467,367,0.49,0.65,2026-10-02,1125,N,VIIRS,h,2.0NRT,295.34,12.25,D
-13.01609,26.357,352.48,0.34,0.56,2026-10-02,1125,N,VIIRS,n,2.0NRT,297.17,9.51,D
-13.01435,26.35851,367,0.34,0.56,2026-10-02,1125,N,VIIRS,h,2.0NRT,295.36,8.87,D
-12.98078,25.79793,344.18,0.37,0.58,2026-10-02,1125,N,VIIRS,n,2.0NRT,296.14,6.16,D
-12.96537,25.01838,339.91,0.41,0.61,2026-10-02,1125,N,VIIRS,n,2.0NRT,297.21,3.72,D
-12.96247,25.01782,332.82,0.41,0.61,2026-10-02,1125,N,VIIRS,n,2.0NRT,297.62,3.99,D
-12.95937,24.39868,342.75,0.46,0.63,2026-10-02,1125,N,VIIRS,n,2.0NRT,292.39,5.56,D
-12.87598,27.31537,344.5,0.58,0.52,2026-10-02,1125,N,VIIRS,n,2.0NRT,297.83,10.41,D
-12.87545,27.3295,337.3,0.58,0.52,2026-10-02,1125,N,VIIRS,n,2.0NRT,294.56,4.09,D
-12.87467,27.32622,331.85,0.58,0.52,2026-10-02,1125,N,VIIRS,n,2.0NRT,295.92,5.91,D
-12.87269,27.31266,337.31,0.58,0.52,2026-10-02,1125,N,VIIRS,n,2.0NRT,298.49,4.47,D
-12.8316,26.12036,348.7,0.35,0.57,2026-10-02,1125,N,VIIRS,n,2.0NRT,297.97,9.49,D
-12.83131,26.12224,367,0.35,0.57,2026-10-02,1125,N,VIIRS,h,2.0NRT,306.86,21.92,D
-12.83122,26.12356,367,0.35,0.57,2026-10-02,1125,N,VIIRS,h,2.0NRT,306.02,21.21,D
-12.82436,25.83111,352.63,0.36,0.58,2026-10-02,1125,N,VIIRS,n,2.0NRT,299.61,10.64,D
-12.81815,25.88196,336.48,0.36,0.57,2026-10-02,1125,N,VIIRS,n,2.0NRT,302.88,4.17,D
-12.816,26.07399,337.26,0.35,0.57,2026-10-02,1125,N,VIIRS,n,2.0NRT,298.37,6.55,D
-12.8156,26.0772,367,0.35,0.57,2026-10-02,1125,N,VIIRS,h,2.0NRT,300.3,6.55,D
-12.81452,25.77763,339.15,0.37,0.58,2026-10-02,1125,N,VIIRS,n,2.0NRT,295.72,3.66,D
-12.80713,26.23753,330.07,0.34,0.56,2026-10-02,1125,N,VIIRS,n,2.0NRT,294.78,2.63,D
-12.77467,24.27225,367,0.46,0.64,2026-10-02,1125,N,VIIRS,h,2.0NRT,297.05,59.36,D
-12.74196,25.26654,341.1,0.4,0.6,2026-10-02,1125,N,VIIRS,n,2.0NRT,301.03,9.21,D
-12.73683,25.26227,347.23,0.4,0.6,2026-10-02,1125,N,VIIRS,n,2.0NRT,300.88,9.2,D
-12.73639,25.26605,367,0.4,0.6,2026-10-02,1125,N,VIIRS,h,2.0NRT,302.52,9.21,D
-12.70556,26.11005,338.82,0.35,0.56,2026-10-02,1125,N,VIIRS,n,2.0NRT,297.13,3.7,D
-12.70071,26.10628,330,0.35,0.56,2026-10-02,1125,N,VIIRS,n,2.0NRT,292.48,3.7,D
-12.70031,26.10945,353.2,0.35,0.56,2026-10-02,1125,N,VIIRS,n,2.0NRT,294.52,3.7,D
-12.6833,26.0747,340.63,0.35,0.57,2026-10-02,1125,N,VIIRS,n,2.0NRT,287.71,6.19,D
-12.64299,26.18712,334.01,0.34,0.56,2026-10-02,1125,N,VIIRS,n,2.0NRT,288.07,1.67,D
-12.61804,26.17454,337.56,0.34,0.56,2026-10-02,1125,N,VIIRS,n,2.0NRT,289.71,4.12,D
-12.60929,26.11435,338.81,0.35,0.56,2026-10-02,1125,N,VIIRS,n,2.0NRT,293.44,4.14,D
-12.6091,26.11311,346.23,0.35,0.56,2026-10-02,1125,N,VIIRS,n,2.0NRT,293.64,4.59,D
-12.59933,26.27387,345.21,0.34,0.56,2026-10-02,1125,N,VIIRS,n,2.0NRT,292.6,7.03,D
-12.5959,26.27159,347.28,0.34,0.56,2026-10-02,1125,N,VIIRS,n,2.0NRT,290.88,5.59,D
-12.53218,26.47511,344.35,0.33,0.55,2026-10-02,1125,N,VIIRS,n,2.0NRT,288.99,2.97,D
-12.50706,26.34114,335.85,0.33,0.55,2026-10-02,1125,N,VIIRS,n,2.0NRT,285.6,2.58,D
-12.48538,26.56092,334.59,0.32,0.55,2026-10-02,1125,N,VIIRS,n,2.0NRT,284.87,1.46,D
-14.68285,23.90127,330.76,0.69,0.74,2026-10-02,1306,N,VIIRS,l,2.0NRT,301.36,3.21,D
-14.59791,24.16107,336.12,0.72,0.76,2026-10-02,1306,N,VIIRS,n,2.0NRT,305.6,6.96,D
-14.5118,24.25137,344.91,0.73,0.76,2026-10-02,1306,N,VIIRS,n,2.0NRT,303.65,11.14,D
-14.46503,24.19724,331.45,0.73,0.76,2026-10-02,1306,N,VIIRS,l,2.0NRT,303.79,5.37,D
-14.46117,24.19682,330.09,0.73,0.76,2026-10-02,1306,N,VIIRS,l,2.0NRT,304.83,5.21,D
-14.39154,24.19264,335.6,0.73,0.76,2026-10-02,1306,N,VIIRS,n,2.0NRT,300.78,4.41,D
-14.38813,24.19426,330.03,0.73,0.76,2026-10-02,1306,N,VIIRS,n,2.0NRT,299.25,6.61,D
-14.3824,24.12172,332.57,0.72,0.76,2026-10-02,1306,N,VIIRS,n,2.0NRT,303.42,3.92,D
-14.21375,23.89065,335.12,0.71,0.75,2026-10-02,1306,N,VIIRS,n,2.0NRT,299.1,7.87,D
-14.21198,23.89268,344.47,0.71,0.75,2026-10-02,1306,N,VIIRS,n,2.0NRT,299.47,8.26,D
-14.04283,24.63549,328.82,0.79,0.78,2026-10-02,1306,N,VIIRS,n,2.0NRT,298.34,4.53,D
-13.57056,24.45834,332.58,0.79,0.78,2026-10-02,1306,N,VIIRS,n,2.0NRT,286.49,13.81,D
-13.41069,23.93714,340.76,0.74,0.76,2026-10-02,1306,N,VIIRS,n,2.0NRT,295.55,14.91,D
-13.40916,23.94412,367,0.74,0.76,2026-10-02,1306,N,VIIRS,h,2.0NRT,298.94,29.21,D
-13.0851,23.92414,330.05,0.75,0.77,2026-10-02,1306,N,VIIRS,n,2.0NRT,292.26,7.62,D
-13.06497,24.01649,331.34,0.76,0.77,2026-10-02,1306,N,VIIRS,n,2.0NRT,291.93,11.04,D
-13.00018,24.27814,350.8,0.79,0.78,2026-10-02,1306,N,VIIRS,n,2.0NRT,293.08,21.23,D
-12.99929,24.27908,352.67,0.79,0.78,2026-10-02,1306,N,VIIRS,n,2.0NRT,292.63,15.25,D
-12.95925,24.22404,336.78,0.78,0.78,2026-10-02,1306,N,VIIRS,n,2.0NRT,287.34,6.95,D
-12.95814,24.22466,336.82,0.78,0.78,2026-10-02,1306,N,VIIRS,n,2.0NRT,286.87,5.19,D
-12.95463,24.13663,333.94,0.77,0.78,2026-10-02,1306,N,VIIRS,n,2.0NRT,295.73,8.09,D
-14.59151,25.56071,304.49,0.51,0.5,2026-10-03,13,N,VIIRS,n,2.0NRT,286.35,1.01,N
-14.48995,25.1354,314.41,0.48,0.48,2026-10-03,13,N,VIIRS,n,2.0NRT,285.37,1.92,N
-14.35636,25.61137,300.02,0.51,0.5,2026-10-03,13,N,VIIRS,n,2.0NRT,286.47,0.64,N
-14.35577,25.60657,296.77,0.51,0.5,2026-10-03,13,N,VIIRS,n,2.0NRT,286.41,0.64,N
-14.10143,25.35425,312.37,0.49,0.49,2026-10-03,13,N,VIIRS,n,2.0NRT,285.42,1.34,N
-14.10068,25.35609,309.61,0.49,0.49,2026-10-03,13,N,VIIRS,n,2.0NRT,286.25,1.32,N
-14.10007,25.35153,311.77,0.49,0.49,2026-10-03,13,N,VIIRS,n,2.0NRT,285.62,1.74,N
-14.0986,25.37496,297.92,0.49,0.49,2026-10-03,13,N,VIIRS,n,2.0NRT,286.54,1.68,N
-14.09556,25.35211,309.05,0.49,0.49,2026-10-03,13,N,VIIRS,n,2.0NRT,287.11,1.74,N
-14.09408,25.37558,297.99,0.49,0.49,2026-10-03,13,N,VIIRS,n,2.0NRT,286.35,0.99,N
-13.72361,25.87861,297.06,0.52,0.5,2026-10-03,13,N,VIIRS,n,2.0NRT,286.84,0.26,N
-13.71514,25.85006,298.23,0.52,0.5,2026-10-03,13,N,VIIRS,n,2.0NRT,287.08,0.33,N
-13.59731,25.55156,310.67,0.5,0.49,2026-10-03,13,N,VIIRS,n,2.0NRT,287.77,1.26,N
-13.59668,25.55356,308.69,0.5,0.49,2026-10-03,13,N,VIIRS,n,2.0NRT,287.63,1.02,N
-13.55712,27.8251,298.55,0.35,0.57,2026-10-03,13,N,VIIRS,n,2.0NRT,285.42,0.57,N
-13.53251,27.199,296.69,0.32,0.54,2026-10-03,13,N,VIIRS,n,2.0NRT,285.39,0.32,N
-13.46584,27.69148,298.79,0.34,0.56,2026-10-03,13,N,VIIRS,n,2.0NRT,285.26,0.31,N
-13.46296,27.4093,296.75,0.33,0.55,2026-10-03,13,N,VIIRS,n,2.0NRT,285.79,0.49,N
-13.39718,25.9785,296.55,0.53,0.5,2026-10-03,13,N,VIIRS,n,2.0NRT,286.12,1.08,N
-13.38654,27.56865,301.24,0.34,0.56,2026-10-03,13,N,VIIRS,n,2.0NRT,285.22,0.57,N
-13.13356,23.95848,308.45,0.39,0.44,2026-10-03,13,N,VIIRS,n,2.0NRT,284.32,0.87,N
-13.13305,23.95486,300.5,0.39,0.44,2026-10-03,13,N,VIIRS,n,2.0NRT,284.06,0.87,N
-13.06494,23.93834,297.97,0.39,0.44,2026-10-03,13,N,VIIRS,n,2.0NRT,284.8,0.98,N
-13.06479,23.93895,297.87,0.39,0.44,2026-10-03,13,N,VIIRS,n,2.0NRT,284.64,0.88,N
-13.06392,23.93114,305.03,0.39,0.44,2026-10-03,13,N,VIIRS,n,2.0NRT,285.34,1.46,N
-13.06382,23.93173,305.28,0.39,0.44,2026-10-03,13,N,VIIRS,n,2.0NRT,285.4,0.64,N
-13.06333,23.92813,295.48,0.39,0.44,2026-10-03,13,N,VIIRS,n,2.0NRT,284.74,0.64,N
-13.0039,24.28112,306.15,0.41,0.45,2026-10-03,13,N,VIIRS,n,2.0NRT,286.82,0.87,N
-13.00156,24.28057,304.93,0.41,0.45,2026-10-03,13,N,VIIRS,n,2.0NRT,287.74,1.68,N
-12.99977,24.28169,299.05,0.41,0.45,2026-10-03,13,N,VIIRS,n,2.0NRT,287.54,0.87,N
-12.65483,24.28274,298.88,0.4,0.44,2026-10-03,13,N,VIIRS,n,2.0NRT,285.07,0.45,N
-14.64679,27.26631,336.66,0.64,0.72,2026-10-03,1106,N,VIIRS,n,2.0NRT,306.33,6.04,D
-14.5966,27.29108,334.6,0.63,0.72,2026-10-03,1106,N,VIIRS,l,2.0NRT,304.72,3.14,D
-14.4473,27.68468,337.24,0.59,0.7,2026-10-03,1106,N,VIIRS,n,2.0NRT,293.76,3.65,D
-14.44611,27.68644,332.83,0.59,0.7,2026-10-03,1106,N,VIIRS,n,2.0NRT,293.31,4.32,D
-14.31587,28.11988,335.01,0.55,0.68,2026-10-03,1106,N,VIIRS,n,2.0NRT,299.33,3.93,D
-14.27179,26.02962,345.01,0.76,0.77,2026-10-03,1106,N,VIIRS,n,2.0NRT,296.97,9.8,D
-14.08724,26.25124,341.78,0.73,0.76,2026-10-03,1106,N,VIIRS,n,2.0NRT,296.25,11.46,D
-14.08359,26.2559,335.79,0.73,0.76,2026-10-03,1106,N,VIIRS,n,2.0NRT,294.89,7.98,D
-13.96359,27.14325,336.54,0.64,0.72,2026-10-03,1106,N,VIIRS,n,2.0NRT,300.72,7.83,D
-13.962,27.14064,332.45,0.64,0.72,2026-10-03,1106,N,VIIRS,n,2.0NRT,299.35,6.67,D
-13.96136,27.14662,342.99,0.64,0.72,2026-10-03,1106,N,VIIRS,n,2.0NRT,299.32,6.67,D
-13.93519,26.93838,333.46,0.66,0.73,2026-10-03,1106,N,VIIRS,n,2.0NRT,297.59,5.8,D
-13.89483,27.99855,330.4,0.56,0.69,2026-10-03,1106,N,VIIRS,l,2.0NRT,303.8,3.01,D
-13.85081,28.1199,334.99,0.55,0.68,2026-10-03,1106,N,VIIRS,n,2.0NRT,302.36,3.41,D
-13.84887,28.12171,332.86,0.55,0.68,2026-10-03,1106,N,VIIRS,n,2.0NRT,301.22,4.77,D
-13.79379,27.78217,330.58,0.58,0.69,2026-10-03,1106,N,VIIRS,l,2.0NRT,304.11,5.07,D
-13.78782,27.78082,354.69,0.58,0.69,2026-10-03,1106,N,VIIRS,n,2.0NRT,304.44,10.01,D
-13.78729,27.78162,344.89,0.58,0.69,2026-10-03,1106,N,VIIRS,n,2.0NRT,303.45,5.07,D
-13.78605,28.08446,331.62,0.55,0.68,2026-10-03,1106,N,VIIRS,n,2.0NRT,297.34,15.94,D
-13.78547,28.08965,367,0.55,0.68,2026-10-03,1106,N,VIIRS,h,2.0NRT,298.83,15.94,D
-13.78163,28.08894,367,0.55,0.68,2026-10-03,1106,N,VIIRS,h,2.0NRT,298.65,30.13,D
-13.77252,27.08238,331.25,0.64,0.72,2026-10-03,1106,N,VIIRS,n,2.0NRT,297.02,5.41,D
-13.76938,25.78951,331.9,0.78,0.78,2026-10-03,1106,N,VIIRS,n,2.0NRT,297.29,3.08,D
-13.68003,28.0524,345.75,0.55,0.68,2026-10-03,1106,N,VIIRS,n,2.0NRT,301.83,10.33,D
-13.67948,28.0576,367,0.55,0.68,2026-10-03,1106,N,VIIRS,h,2.0NRT,302.87,10.33,D
-13.67893,28.06278,331.65,0.55,0.68,2026-10-03,1106,N,VIIRS,n,2.0NRT,299.4,10.39,D
-13.67831,28.05411,367,0.55,0.68,2026-10-03,1106,N,VIIRS,h,2.0NRT,303.36,12.58,D
-13.67773,28.05926,367,0.55,0.68,2026-10-03,1106,N,VIIRS,h,2.0NRT,300.78,12.58,D
-13.67715,28.0644,331.94,0.55,0.68,2026-10-03,1106,N,VIIRS,n,2.0NRT,299.26,6.57,D
-13.67313,28.0567,351.37,0.55,0.68,2026-10-03,1106,N,VIIRS,n,2.0NRT,303.39,10.55,D
-13.67258,28.06188,340.6,0.55,0.68,2026-10-03,1106,N,VIIRS,n,2.0NRT,303.06,10.22,D
-13.67204,28.06707,349.15,0.55,0.68,2026-10-03,1106,N,VIIRS,n,2.0NRT,301.98,10.22,D
-13.67139,28.05836,346.01,0.55,0.68,2026-10-03,1106,N,VIIRS,n,2.0NRT,304.04,9.99,D
-13.6708,28.06353,367,0.55,0.68,2026-10-03,1106,N,VIIRS,h,2.0NRT,303.63,17.14,D
-13.6552,28.08786,332.05,0.55,0.68,2026-10-03,1106,N,VIIRS,n,2.0NRT,299.48,4.44,D
-13.63841,26.38298,346.83,0.71,0.75,2026-10-03,1106,N,VIIRS,n,2.0NRT,299.39,13.37,D
-13.63772,26.38946,350.23,0.71,0.75,2026-10-03,1106,N,VIIRS,n,2.0NRT,297.42,16.84,D
-13.63561,26.38394,356.7,0.71,0.75,2026-10-03,1106,N,VIIRS,n,2.0NRT,298.62,10.73,D
-13.63496,26.39046,335.57,0.71,0.75,2026-10-03,1106,N,VIIRS,n,2.0NRT,294.44,10.73,D
-13.62657,26.29287,332.36,0.72,0.75,2026-10-03,1106,N,VIIRS,n,2.0NRT,298.65,4.17,D
-13.60262,27.85771,339.02,0.57,0.69,2026-10-03,1106,N,VIIRS,n,2.0NRT,302.15,3.6,D
-13.60105,27.86007,330.59,0.57,0.69,2026-10-03,1106,N,VIIRS,l,2.0NRT,301.42,4.07,D
-13.52811,27.52014,367,0.59,0.7,2026-10-03,1106,N,VIIRS,h,2.0NRT,299.22,15.87,D
-13.52602,27.52213,367,0.59,0.7,2026-10-03,1106,N,VIIRS,h,2.0NRT,301.1,39,D
-13.52155,27.51947,367,0.59,0.7,2026-10-03,1106,N,VIIRS,h,2.0NRT,295.59,9.79,D
-13.52093,27.52496,332.39,0.59,0.7,2026-10-03,1106,N,VIIRS,n,2.0NRT,295.84,11.38,D
-13.50685,27.82757,340.55,0.57,0.69,2026-10-03,1106,N,VIIRS,n,2.0NRT,304.96,9.55,D
-13.50626,27.83302,356.49,0.57,0.69,2026-10-03,1106,N,VIIRS,n,2.0NRT,305.75,21.1,D
-13.4745,27.70542,331.9,0.58,0.69,2026-10-03,1106,N,VIIRS,n,2.0NRT,299.46,2.43,D
-13.4691,27.19834,333.13,0.62,0.72,2026-10-03,1106,N,VIIRS,n,2.0NRT,297.06,4.25,D
-13.46528,27.19864,340.28,0.62,0.72,2026-10-03,1106,N,VIIRS,n,2.0NRT,296.27,6.98,D
-13.4604,27.89769,333.85,0.56,0.69,2026-10-03,1106,N,VIIRS,n,2.0NRT,299.2,7.62,D
-13.45938,27.90035,367,0.56,0.69,2026-10-03,1106,N,VIIRS,h,2.0NRT,299.92,8.28,D
-13.41061,28.04893,332.31,0.55,0.68,2026-10-03,1106,N,VIIRS,n,2.0NRT,302.07,5.06,D
-13.41,26.69263,339.33,0.67,0.74,2026-10-03,1106,N,VIIRS,n,2.0NRT,299.06,8.6,D
-13.40426,28.04823,339.41,0.55,0.68,2026-10-03,1106,N,VIIRS,n,2.0NRT,302.05,5.06,D
-13.39515,27.52887,367,0.59,0.7,2026-10-03,1106,N,VIIRS,h,2.0NRT,299.44,14.89,D
-13.39449,27.52848,367,0.59,0.7,2026-10-03,1106,N,VIIRS,h,2.0NRT,299.07,10.67,D
-13.36873,28.13881,347.92,0.54,0.68,2026-10-03,1106,N,VIIRS,n,2.0NRT,301.31,6.8,D
-13.34858,25.81564,350.82,0.77,0.77,2026-10-03,1106,N,VIIRS,n,2.0NRT,295.84,10.91,D
-13.34347,25.81613,334.04,0.77,0.77,2026-10-03,1106,N,VIIRS,n,2.0NRT,294.72,12.45,D
-13.28217,26.71797,330.58,0.67,0.73,2026-10-03,1106,N,VIIRS,n,2.0NRT,295.19,2.37,D
-13.27596,26.71087,348.25,0.67,0.73,2026-10-03,1106,N,VIIRS,n,2.0NRT,296.55,15.27,D
-13.27533,26.70891,344.43,0.67,0.73,2026-10-03,1106,N,VIIRS,n,2.0NRT,295.96,12.1,D
-13.27462,26.71544,335.33,0.67,0.73,2026-10-03,1106,N,VIIRS,n,2.0NRT,294.83,14.43,D
-13.12556,25.98961,332.14,0.74,0.76,2026-10-03,1106,N,VIIRS,n,2.0NRT,298.25,6.35,D
-13.12554,27.65164,338.45,0.58,0.69,2026-10-03,1106,N,VIIRS,n,2.0NRT,299.89,10.36,D
-13.12495,27.65705,356.86,0.58,0.69,2026-10-03,1106,N,VIIRS,n,2.0NRT,301.93,10.36,D
-13.11531,27.86318,330.45,0.56,0.69,2026-10-03,1106,N,VIIRS,n,2.0NRT,297.19,2.1,D
-13.03944,26.82614,341.13,0.65,0.73,2026-10-03,1106,N,VIIRS,n,2.0NRT,296.91,8.58,D
-13.03333,27.77604,337.78,0.56,0.69,2026-10-03,1106,N,VIIRS,n,2.0NRT,297.38,4.75,D
-12.75697,27.72816,349.3,0.56,0.69,2026-10-03,1106,N,VIIRS,n,2.0NRT,293.63,11.5,D
-12.75643,27.73318,340.15,0.56,0.69,2026-10-03,1106,N,VIIRS,n,2.0NRT,293.03,14.53,D
-12.88614,25.90587,336.23,0.75,0.77,2026-10-03,1108,N,VIIRS,n,2.0NRT,296.41,7.12,D
-12.88539,25.91309,333.12,0.75,0.77,2026-10-03,1108,N,VIIRS,n,2.0NRT,298.18,9.74,D
-12.76171,27.73103,367,0.56,0.69,2026-10-03,1108,N,VIIRS,h,2.0NRT,299.16,17.07,D
-12.74591,27.03657,330.68,0.63,0.72,2026-10-03,1108,N,VIIRS,n,2.0NRT,295.54,10,D
-12.7436,27.03348,345.66,0.63,0.72,2026-10-03,1108,N,VIIRS,n,2.0NRT,296.33,7.93,D
-12.73369,26.89497,339.23,0.64,0.72,2026-10-03,1108,N,VIIRS,n,2.0NRT,292.68,12.53,D
-12.73155,26.89858,351.71,0.64,0.72,2026-10-03,1108,N,VIIRS,n,2.0NRT,294.77,10.79,D
-12.69077,27.95608,340.39,0.54,0.68,2026-10-03,1108,N,VIIRS,n,2.0NRT,296.59,5.52,D
-12.63431,27.10462,351.45,0.62,0.71,2026-10-03,1108,N,VIIRS,n,2.0NRT,296.07,13.97,D
-12.63045,27.10209,345.35,0.62,0.71,2026-10-03,1108,N,VIIRS,n,2.0NRT,294.88,9.25,D
-12.58976,26.73214,335.25,0.65,0.73,2026-10-03,1108,N,VIIRS,n,2.0NRT,295.11,6.67,D
-12.58564,27.08065,332.26,0.62,0.71,2026-10-03,1108,N,VIIRS,n,2.0NRT,293.55,3.88,D
-12.58362,26.72523,367,0.65,0.73,2026-10-03,1108,N,VIIRS,h,2.0NRT,296.12,19.7,D
-12.57681,26.72445,347.57,0.65,0.73,2026-10-03,1108,N,VIIRS,n,2.0NRT,293.86,19.7,D
-12.57587,26.72491,341,0.65,0.73,2026-10-03,1108,N,VIIRS,n,2.0NRT,293.13,4.24,D
-12.50825,26.26846,334.57,0.7,0.75,2026-10-03,1108,N,VIIRS,n,2.0NRT,294.16,5.91,D
-14.69674,27.65181,337.66,0.6,0.7,2026-10-03,1246,N,VIIRS,n,2.0NRT,303.23,7.33,D
-14.69491,24.8945,337.02,0.4,0.6,2026-10-03,1246,N,VIIRS,n,2.0NRT,305.82,5.56,D
-14.69371,24.89409,341.48,0.4,0.6,2026-10-03,1246,N,VIIRS,n,2.0NRT,305.72,5.27,D
-14.68237,27.15512,337.67,0.56,0.69,2026-10-03,1246,N,VIIRS,n,2.0NRT,305.68,4.03,D
-14.66674,25.45887,339.97,0.43,0.62,2026-10-03,1246,N,VIIRS,n,2.0NRT,303.83,5.26,D
-14.66099,25.49165,346.4,0.44,0.62,2026-10-03,1246,N,VIIRS,n,2.0NRT,310.18,13.94,D
-14.66019,25.49141,347.5,0.44,0.62,2026-10-03,1246,N,VIIRS,n,2.0NRT,310.98,13.38,D
-14.65892,27.03905,339.91,0.55,0.68,2026-10-03,1246,N,VIIRS,n,2.0NRT,305.08,4.24,D
-14.65696,25.48236,349.55,0.43,0.62,2026-10-03,1246,N,VIIRS,n,2.0NRT,304.83,5.5,D
-14.65611,25.48209,347.86,0.44,0.62,2026-10-03,1246,N,VIIRS,n,2.0NRT,304.47,5.38,D
-14.65448,27.0402,335.69,0.55,0.68,2026-10-03,1246,N,VIIRS,l,2.0NRT,305.78,5,D
-14.64341,23.88397,367,0.34,0.56,2026-10-03,1246,N,VIIRS,h,2.0NRT,314.96,13.66,D
-14.6379,24.02384,337.09,0.35,0.57,2026-10-03,1246,N,VIIRS,n,2.0NRT,311.02,4.78,D
-14.63727,24.02709,367,0.35,0.57,2026-10-03,1246,N,VIIRS,h,2.0NRT,310.7,4.78,D
-14.6367,24.02627,355.9,0.35,0.57,2026-10-03,1246,N,VIIRS,n,2.0NRT,311.17,7.87,D
-14.63605,24.0295,353.87,0.35,0.57,2026-10-03,1246,N,VIIRS,n,2.0NRT,307.09,7.87,D
-14.63321,24.34576,342.96,0.37,0.58,2026-10-03,1246,N,VIIRS,n,2.0NRT,308.97,4.25,D
-14.63205,24.02602,349.62,0.35,0.57,2026-10-03,1246,N,VIIRS,n,2.0NRT,312.95,4.78,D
-14.62873,24.01521,337.22,0.35,0.57,2026-10-03,1246,N,VIIRS,l,2.0NRT,310.28,4.72,D
-14.62807,23.90752,340.89,0.34,0.56,2026-10-03,1246,N,VIIRS,l,2.0NRT,311.46,4.31,D
-14.62718,23.9675,336.62,0.35,0.56,2026-10-03,1246,N,VIIRS,l,2.0NRT,311.26,3.49,D
-14.62566,27.26432,338.29,0.57,0.69,2026-10-03,1246,N,VIIRS,n,2.0NRT,306.78,3.79,D
-14.6229,24.15779,335.77,0.36,0.57,2026-10-03,1246,N,VIIRS,l,2.0NRT,309.86,1.99,D
-14.61706,26.89721,336.82,0.54,0.68,2026-10-03,1246,N,VIIRS,n,2.0NRT,304.37,5.2,D
-14.61598,26.90226,343.38,0.54,0.68,2026-10-03,1246,N,VIIRS,n,2.0NRT,305.63,5.2,D
-14.61307,26.8983,367,0.54,0.68,2026-10-03,1246,N,VIIRS,h,2.0NRT,305.17,11.48,D
-14.61244,24.36651,342.94,0.37,0.58,2026-10-03,1246,N,VIIRS,n,2.0NRT,310.86,5.11,D
-14.61094,24.59926,353.11,0.38,0.59,2026-10-03,1246,N,VIIRS,n,2.0NRT,307.3,3.52,D
-14.57285,24.10624,367,0.36,0.57,2026-10-03,1246,N,VIIRS,h,2.0NRT,311.43,7.19,D
-14.5722,24.10952,341.05,0.36,0.57,2026-10-03,1246,N,VIIRS,n,2.0NRT,306.16,7.19,D
-14.56878,24.01665,338.79,0.35,0.57,2026-10-03,1246,N,VIIRS,n,2.0NRT,307.72,1.49,D
-14.5676,24.10516,367,0.36,0.57,2026-10-03,1246,N,VIIRS,h,2.0NRT,308.17,8.11,D
-14.56611,25.07608,355.52,0.41,0.61,2026-10-03,1246,N,VIIRS,n,2.0NRT,310.7,6.47,D
-14.56432,24.09413,352.32,0.35,0.57,2026-10-03,1246,N,VIIRS,n,2.0NRT,310.87,20.49,D
-14.56367,24.09744,367,0.35,0.57,2026-10-03,1246,N,VIIRS,h,2.0NRT,305.67,25.15,D
-14.55686,23.9404,348.03,0.35,0.56,2026-10-03,1246,N,VIIRS,n,2.0NRT,306.83,4.23,D
-14.55637,23.99719,334.09,0.35,0.57,2026-10-03,1246,N,VIIRS,l,2.0NRT,306.85,2.68,D
-14.55624,23.94212,355.36,0.35,0.56,2026-10-03,1246,N,VIIRS,n,2.0NRT,306.06,7.18,D
-14.55622,23.94361,346.9,0.35,0.56,2026-10-03,1246,N,VIIRS,n,2.0NRT,305.77,4.23,D
-14.55116,23.99612,348,0.35,0.57,2026-10-03,1246,N,VIIRS,n,2.0NRT,307.28,2.68,D
-14.55051,23.99936,341.99,0.35,0.57,2026-10-03,1246,N,VIIRS,n,2.0NRT,309.06,5.37,D
-14.54986,24.0026,335.22,0.35,0.57,2026-10-03,1246,N,VIIRS,n,2.0NRT,309.6,5.37,D
-14.54921,24.00585,334.9,0.35,0.57,2026-10-03,1246,N,VIIRS,l,2.0NRT,308.75,5.98,D
-14.54571,23.99693,347.94,0.35,0.57,2026-10-03,1246,N,VIIRS,n,2.0NRT,307.44,5.46,D
-14.5453,23.99829,367,0.35,0.57,2026-10-03,1246,N,VIIRS,h,2.0NRT,309.43,5.61,D
-14.54508,24.00019,355.03,0.35,0.57,2026-10-03,1246,N,VIIRS,n,2.0NRT,308.52,5.46,D
-14.54465,24.00154,345.66,0.35,0.57,2026-10-03,1246,N,VIIRS,n,2.0NRT,306.55,5.61,D
-14.54445,24.00344,341.99,0.35,0.57,2026-10-03,1246,N,VIIRS,n,2.0NRT,305.08,4.52,D
-14.54399,24.0048,330.1,0.35,0.57,2026-10-03,1246,N,VIIRS,l,2.0NRT,303.87,2.06,D
-14.5276,23.92274,367,0.35,0.56,2026-10-03,1246,N,VIIRS,h,2.0NRT,309.82,9.77,D
-14.52526,25.36249,341.61,0.43,0.62,2026-10-03,1246,N,VIIRS,n,2.0NRT,306,3.08,D
-14.52144,24.17213,367,0.36,0.57,2026-10-03,1246,N,VIIRS,h,2.0NRT,313.07,5.62,D
-14.5105,24.25431,336.86,0.36,0.58,2026-10-03,1246,N,VIIRS,l,2.0NRT,307.44,2.82,D
-14.4762,24.95775,367,0.41,0.6,2026-10-03,1246,N,VIIRS,h,2.0NRT,308.95,8.92,D
-14.47542,24.9616,340.1,0.41,0.6,2026-10-03,1246,N,VIIRS,n,2.0NRT,303.58,8.92,D
-14.47066,24.95655,367,0.41,0.6,2026-10-03,1246,N,VIIRS,h,2.0NRT,305.24,10.36,D
-14.46545,23.96382,335.48,0.35,0.57,2026-10-03,1246,N,VIIRS,n,2.0NRT,305.39,3.16,D
-14.4648,23.96708,352.01,0.35,0.57,2026-10-03,1246,N,VIIRS,n,2.0NRT,307.3,5.04,D
-14.463,24.05864,339.42,0.35,0.57,2026-10-03,1246,N,VIIRS,n,2.0NRT,308.23,4.25,D
-14.4512,23.9285,349.68,0.35,0.57,2026-10-03,1246,N,VIIRS,n,2.0NRT,308.16,2.92,D
-14.45059,23.9317,334.26,0.35,0.57,2026-10-03,1246,N,VIIRS,l,2.0NRT,307.52,2.92,D
-14.45038,23.93065,343.07,0.35,0.57,2026-10-03,1246,N,VIIRS,n,2.0NRT,308.19,5.85,D
-14.44441,24.2924,330.52,0.37,0.58,2026-10-03,1246,N,VIIRS,l,2.0NRT,304.68,1.63,D
-14.43264,27.44148,335.86,0.59,0.7,2026-10-03,1246,N,VIIRS,n,2.0NRT,297.43,6.56,D
-14.4262,27.44008,355,0.59,0.7,2026-10-03,1246,N,VIIRS,n,2.0NRT,301.17,6.56,D
-14.41026,25.00968,339.68,0.41,0.61,2026-10-03,1246,N,VIIRS,n,2.0NRT,308.52,4.06,D
-14.38025,24.12643,349.14,0.36,0.57,2026-10-03,1246,N,VIIRS,n,2.0NRT,310.81,5.67,D
-14.3796,24.12978,367,0.36,0.57,2026-10-03,1246,N,VIIRS,h,2.0NRT,311.46,5.67,D
-14.37398,24.9026,340.36,0.4,0.6,2026-10-03,1246,N,VIIRS,n,2.0NRT,306.69,6.52,D
-14.36853,25.59999,354.44,0.45,0.63,2026-10-03,1246,N,VIIRS,n,2.0NRT,304.26,11.66,D
-14.36767,25.60416,367,0.45,0.63,2026-10-03,1246,N,VIIRS,h,2.0NRT,307.74,11.66,D
-14.36097,25.60739,340.17,0.45,0.63,2026-10-03,1246,N,VIIRS,n,2.0NRT,305.63,20.86,D
-14.36009,25.61166,367,0.45,0.63,2026-10-03,1246,N,VIIRS,h,2.0NRT,313.66,20.86,D
-14.35356,25.32135,336.14,0.43,0.62,2026-10-03,1246,N,VIIRS,n,2.0NRT,301.6,3.57,D
-14.35274,25.32544,345.37,0.43,0.62,2026-10-03,1246,N,VIIRS,n,2.0NRT,302.72,3.57,D
-14.32837,25.32856,343.56,0.43,0.62,2026-10-03,1246,N,VIIRS,n,2.0NRT,303.42,3.6,D
-14.30008,23.87076,331.02,0.35,0.56,2026-10-03,1246,N,VIIRS,l,2.0NRT,304.83,2.13,D
-14.29962,24.73563,367,0.39,0.6,2026-10-03,1246,N,VIIRS,h,2.0NRT,302.09,8.88,D
-14.29887,24.73934,340.97,0.4,0.6,2026-10-03,1246,N,VIIRS,n,2.0NRT,302.25,10.06,D
-14.23171,25.38978,334.14,0.44,0.62,2026-10-03,1246,N,VIIRS,n,2.0NRT,307.08,5.19,D
-14.23087,25.39394,367,0.44,0.62,2026-10-03,1246,N,VIIRS,h,2.0NRT,306.29,5.19,D
-14.20287,23.87217,335.87,0.35,0.57,2026-10-03,1246,N,VIIRS,n,2.0NRT,305.22,3.55,D
-14.20224,23.87541,344.4,0.35,0.57,2026-10-03,1246,N,VIIRS,n,2.0NRT,305.81,4.75,D
-14.13087,25.53661,341.6,0.45,0.63,2026-10-03,1246,N,VIIRS,n,2.0NRT,305.98,6.2,D
-14.13001,25.54089,333.75,0.45,0.63,2026-10-03,1246,N,VIIRS,l,2.0NRT,305.81,7.05,D
-14.12956,25.53727,346.87,0.45,0.63,2026-10-03,1246,N,VIIRS,n,2.0NRT,306.14,7.45,D
-14.12593,25.53116,367,0.45,0.63,2026-10-03,1246,N,VIIRS,h,2.0NRT,307.93,13.4,D
-14.12507,25.53544,347.99,0.45,0.63,2026-10-03,1246,N,VIIRS,n,2.0NRT,302.3,13.4,D
-14.12464,25.53185,367,0.45,0.63,2026-10-03,1246,N,VIIRS,h,2.0NRT,307.47,23.88,D
-14.11327,25.35541,330.33,0.44,0.62,2026-10-03,1246,N,VIIRS,l,2.0NRT,302.84,6.02,D
-14.09923,25.39519,330.68,0.44,0.62,2026-10-03,1246,N,VIIRS,l,2.0NRT,303.09,1.93,D
-14.09608,25.35184,334.36,0.44,0.62,2026-10-03,1246,N,VIIRS,n,2.0NRT,300.97,3.85,D
-14.09434,25.38979,331.08,0.44,0.62,2026-10-03,1246,N,VIIRS,l,2.0NRT,303.08,3.96,D
-14.08843,26.25231,335.42,0.5,0.66,2026-10-03,1246,N,VIIRS,n,2.0NRT,301.94,4.09,D
-14.08758,26.25363,345.58,0.5,0.66,2026-10-03,1246,N,VIIRS,n,2.0NRT,303.17,6.99,D
-14.08744,26.25702,343.81,0.5,0.66,2026-10-03,1246,N,VIIRS,n,2.0NRT,302.64,4.09,D
-14.08662,26.25835,350.85,0.5,0.66,2026-10-03,1246,N,VIIRS,n,2.0NRT,302.91,6.99,D
-14.08234,26.25122,345.73,0.5,0.66,2026-10-03,1246,N,VIIRS,n,2.0NRT,300.09,8.57,D
-14.08149,26.25253,351.01,0.5,0.66,2026-10-03,1246,N,VIIRS,n,2.0NRT,300.33,6.99,D
-14.08134,26.25596,367,0.5,0.66,2026-10-03,1246,N,VIIRS,h,2.0NRT,302.65,8.57,D
-14.08132,24.52192,343.62,0.39,0.59,2026-10-03,1246,N,VIIRS,n,2.0NRT,304.92,10.84,D
-14.08061,24.52553,367,0.39,0.59,2026-10-03,1246,N,VIIRS,h,2.0NRT,316.23,32.39,D
-14.08052,26.25727,367,0.5,0.66,2026-10-03,1246,N,VIIRS,h,2.0NRT,300.97,6.99,D
-14.07793,25.38227,336.29,0.44,0.62,2026-10-03,1246,N,VIIRS,n,2.0NRT,303.88,3.51,D
-14.07708,25.38641,342.08,0.44,0.62,2026-10-03,1246,N,VIIRS,n,2.0NRT,301.91,3.51,D
-14.07517,24.52442,345.49,0.39,0.59,2026-10-03,1246,N,VIIRS,n,2.0NRT,303.6,5.87,D
-14.06599,24.7451,330.21,0.4,0.6,2026-10-03,1246,N,VIIRS,l,2.0NRT,304.65,0.88,D
-13.99815,26.98953,355.27,0.56,0.69,2026-10-03,1246,N,VIIRS,n,2.0NRT,299.66,13.09,D
-13.98924,25.96442,330.16,0.48,0.65,2026-10-03,1246,N,VIIRS,l,2.0NRT,303.71,3.55,D
-13.98833,25.96886,330.76,0.48,0.65,2026-10-03,1246,N,VIIRS,l,2.0NRT,302.71,3.55,D
-13.97342,24.77657,343.5,0.4,0.6,2026-10-03,1246,N,VIIRS,n,2.0NRT,307.69,6.44,D
-13.97267,24.78031,343.23,0.4,0.6,2026-10-03,1246,N,VIIRS,n,2.0NRT,303.73,8.52,D
-13.95652,24.60644,335.41,0.39,0.6,2026-10-03,1246,N,VIIRS,n,2.0NRT,305.22,5.75,D
-13.94516,24.28623,342.05,0.38,0.58,2026-10-03,1246,N,VIIRS,n,2.0NRT,304.38,2.79,D
-13.94173,24.2837,347.42,0.37,0.58,2026-10-03,1246,N,VIIRS,n,2.0NRT,305.73,6.19,D
-13.93981,24.28499,334.57,0.38,0.58,2026-10-03,1246,N,VIIRS,n,2.0NRT,304.88,2.62,D
-13.93246,26.92544,337.61,0.56,0.68,2026-10-03,1246,N,VIIRS,n,2.0NRT,301.27,6.31,D
-13.93132,26.93077,350.71,0.56,0.69,2026-10-03,1246,N,VIIRS,n,2.0NRT,302.41,13.85,D
-13.92979,26.92738,352.82,0.56,0.69,2026-10-03,1246,N,VIIRS,n,2.0NRT,302.22,9.67,D
-13.90324,27.68327,367,0.62,0.72,2026-10-03,1246,N,VIIRS,h,2.0NRT,297.34,10.84,D
-13.89968,27.684,367,0.62,0.72,2026-10-03,1246,N,VIIRS,h,2.0NRT,298.28,12.28,D
-13.85617,25.93526,337.66,0.48,0.65,2026-10-03,1246,N,VIIRS,l,2.0NRT,310.56,7.14,D
-13.85525,25.93969,333.93,0.48,0.65,2026-10-03,1246,N,VIIRS,l,2.0NRT,307.23,6.37,D
-13.80984,26.52139,334.64,0.53,0.67,2026-10-03,1246,N,VIIRS,n,2.0NRT,302.22,4.95,D
-13.80981,26.79975,340.24,0.55,0.68,2026-10-03,1246,N,VIIRS,n,2.0NRT,297.97,19.45,D
-13.80872,26.80493,367,0.55,0.68,2026-10-03,1246,N,VIIRS,h,2.0NRT,302.58,19.45,D
-13.80567,26.51907,354.17,0.53,0.67,2026-10-03,1246,N,VIIRS,n,2.0NRT,304.36,12.02,D
-13.80369,26.51998,340.74,0.53,0.67,2026-10-03,1246,N,VIIRS,n,2.0NRT,304.11,4.95,D
-13.78933,26.52677,344.05,0.53,0.67,2026-10-03,1246,N,VIIRS,n,2.0NRT,304.04,8.87,D
-13.78831,26.53155,343.64,0.53,0.67,2026-10-03,1246,N,VIIRS,n,2.0NRT,302.76,9.67,D
-13.7842,26.52936,348.28,0.53,0.67,2026-10-03,1246,N,VIIRS,n,2.0NRT,302.94,14.82,D
-13.77799,26.52814,355.06,0.53,0.67,2026-10-03,1246,N,VIIRS,n,2.0NRT,303.95,8.64,D
-13.77365,25.69522,343.21,0.47,0.64,2026-10-03,1246,N,VIIRS,n,2.0NRT,305.1,3.21,D
-13.76766,25.08331,330.36,0.43,0.62,2026-10-03,1246,N,VIIRS,n,2.0NRT,302.52,7.92,D
-13.76684,25.0873,367,0.43,0.62,2026-10-03,1246,N,VIIRS,h,2.0NRT,308.12,7.92,D
-13.76568,25.08598,367,0.43,0.62,2026-10-03,1246,N,VIIRS,h,2.0NRT,308.07,15.78,D
-13.76489,25.08997,334.32,0.43,0.62,2026-10-03,1246,N,VIIRS,n,2.0NRT,302.39,12.11,D
-13.7499,25.46239,333.4,0.45,0.63,2026-10-03,1246,N,VIIRS,l,2.0NRT,304.39,1.89,D
-13.67794,28.06464,340.63,0.66,0.73,2026-10-03,1246,N,VIIRS,n,2.0NRT,302.33,10.68,D
-13.6771,28.06243,344.64,0.66,0.73,2026-10-03,1246,N,VIIRS,n,2.0NRT,302.29,21.4,D
-13.67653,28.07103,367,0.66,0.73,2026-10-03,1246,N,VIIRS,h,2.0NRT,305.8,27.4,D
-13.67574,28.06883,352.84,0.67,0.73,2026-10-03,1246,N,VIIRS,n,2.0NRT,303.74,21.4,D
-13.67437,28.0752,367,0.67,0.73,2026-10-03,1246,N,VIIRS,h,2.0NRT,303.05,44.93,D
-13.67252,28.0571,340.23,0.66,0.73,2026-10-03,1246,N,VIIRS,n,2.0NRT,303.35,10.68,D
-13.67112,28.06344,336.27,0.66,0.73,2026-10-03,1246,N,VIIRS,n,2.0NRT,303.43,10.68,D
-13.66972,28.06975,355.82,0.66,0.73,2026-10-03,1246,N,VIIRS,n,2.0NRT,304.59,27.4,D
-13.66833,28.07609,367,0.67,0.73,2026-10-03,1246,N,VIIRS,h,2.0NRT,304.61,27.4,D
-13.66757,28.07389,367,0.67,0.73,2026-10-03,1246,N,VIIRS,h,2.0NRT,304.7,25.1,D
-13.66232,25.80049,337.23,0.48,0.64,2026-10-03,1246,N,VIIRS,l,2.0NRT,310.05,7.59,D
-13.6614,25.80498,344.08,0.48,0.64,2026-10-03,1246,N,VIIRS,n,2.0NRT,307.67,8.67,D
-13.58113,26.73974,338.07,0.55,0.68,2026-10-03,1246,N,VIIRS,n,2.0NRT,300.23,4.8,D
-13.57708,28.03075,347.22,0.66,0.73,2026-10-03,1246,N,VIIRS,n,2.0NRT,298.84,9.46,D
-13.57148,28.02702,355.67,0.66,0.73,2026-10-03,1246,N,VIIRS,n,2.0NRT,298.2,15.36,D
-13.5561,28.09678,336.28,0.67,0.74,2026-10-03,1246,N,VIIRS,n,2.0NRT,296.58,7.7,D
-13.52037,27.72606,367,0.64,0.72,2026-10-03,1246,N,VIIRS,h,2.0NRT,299.07,16.71,D
-13.44348,26.84364,367,0.56,0.69,2026-10-03,1246,N,VIIRS,h,2.0NRT,302.69,10.17,D
-13.43865,26.84161,367,0.56,0.69,2026-10-03,1246,N,VIIRS,h,2.0NRT,300.59,16.77,D
-13.43752,26.84696,351.6,0.56,0.69,2026-10-03,1246,N,VIIRS,n,2.0NRT,299.74,18.78,D
-13.43708,26.8426,348.74,0.56,0.69,2026-10-03,1246,N,VIIRS,n,2.0NRT,299.21,10.17,D
-13.35832,27.16101,338.75,0.59,0.7,2026-10-03,1246,N,VIIRS,n,2.0NRT,301.4,6.03,D
-13.7775,24.03556,331.18,0.36,0.58,2026-10-03,1249,N,VIIRS,l,2.0NRT,304.89,2.85,D
-13.73748,23.9022,351.29,0.36,0.57,2026-10-03,1249,N,VIIRS,n,2.0NRT,309.91,12.68,D
-13.73683,23.90552,367,0.36,0.57,2026-10-03,1249,N,VIIRS,h,2.0NRT,314.69,32.18,D
-13.735,23.97096,352.13,0.36,0.57,2026-10-03,1249,N,VIIRS,n,2.0NRT,311.51,15.42,D
-13.73435,23.97431,348.38,0.36,0.57,2026-10-03,1249,N,VIIRS,n,2.0NRT,304.19,14.44,D
-13.73222,23.90115,353.53,0.36,0.57,2026-10-03,1249,N,VIIRS,n,2.0NRT,305.27,6.28,D
-13.72972,23.96991,367,0.36,0.57,2026-10-03,1249,N,VIIRS,h,2.0NRT,306.33,7.16,D
-13.71952,25.08065,336.93,0.43,0.62,2026-10-03,1249,N,VIIRS,n,2.0NRT,302.4,5.21,D
-13.71465,25.0755,338.32,0.43,0.62,2026-10-03,1249,N,VIIRS,n,2.0NRT,302.33,7.83,D
-13.71387,25.07942,367,0.43,0.62,2026-10-03,1249,N,VIIRS,h,2.0NRT,306.02,11.48,D
-13.71308,25.08332,331.1,0.43,0.62,2026-10-03,1249,N,VIIRS,n,2.0NRT,298.77,11.48,D
-13.68497,24.85917,332.09,0.41,0.61,2026-10-03,1249,N,VIIRS,l,2.0NRT,306.45,8.65,D
-13.68421,24.86297,351.91,0.41,0.61,2026-10-03,1249,N,VIIRS,n,2.0NRT,310.09,46.4,D
-13.68346,24.8668,353.95,0.41,0.61,2026-10-03,1249,N,VIIRS,n,2.0NRT,321,46.4,D
-13.66861,24.33824,354.72,0.38,0.59,2026-10-03,1249,N,VIIRS,n,2.0NRT,305.81,2.91,D
-13.66724,24.54814,354.66,0.39,0.6,2026-10-03,1249,N,VIIRS,n,2.0NRT,307.98,6.29,D
-13.66694,24.54601,335.04,0.39,0.6,2026-10-03,1249,N,VIIRS,l,2.0NRT,306.5,3.24,D
-13.6662,24.54965,336.05,0.39,0.6,2026-10-03,1249,N,VIIRS,n,2.0NRT,307.4,3.24,D
-13.66393,24.33344,331.7,0.38,0.59,2026-10-03,1249,N,VIIRS,l,2.0NRT,304.45,2.91,D
-13.66322,24.33705,330.44,0.38,0.59,2026-10-03,1249,N,VIIRS,l,2.0NRT,303.06,2.91,D
-13.6571,24.33949,340.32,0.38,0.59,2026-10-03,1249,N,VIIRS,n,2.0NRT,304.58,3.78,D
-13.64072,25.47016,346.45,0.45,0.63,2026-10-03,1249,N,VIIRS,n,2.0NRT,306.31,4.9,D
-13.62218,24.3733,339.29,0.38,0.59,2026-10-03,1249,N,VIIRS,n,2.0NRT,305.25,6.75,D
-13.62146,24.37692,367,0.39,0.59,2026-10-03,1249,N,VIIRS,h,2.0NRT,306.03,15.21,D
-13.61798,24.13008,342.44,0.37,0.58,2026-10-03,1249,N,VIIRS,n,2.0NRT,311.87,6.03,D
-13.61733,24.13341,342.28,0.37,0.58,2026-10-03,1249,N,VIIRS,n,2.0NRT,310.15,5.99,D
-13.61676,24.37212,356.85,0.38,0.59,2026-10-03,1249,N,VIIRS,n,2.0NRT,306.08,5.53,D
-13.59121,25.59334,342.45,0.46,0.64,2026-10-03,1249,N,VIIRS,n,2.0NRT,303.91,4.25,D
-13.5838,24.39538,331.92,0.39,0.59,2026-10-03,1249,N,VIIRS,l,2.0NRT,306.7,4.39,D
-13.58306,24.39902,340.31,0.39,0.59,2026-10-03,1249,N,VIIRS,n,2.0NRT,308.86,7.33,D
-13.58286,24.39745,345.6,0.39,0.59,2026-10-03,1249,N,VIIRS,n,2.0NRT,308.87,5.43,D
-13.57808,25.12809,334.69,0.43,0.62,2026-10-03,1249,N,VIIRS,n,2.0NRT,300.77,4.65,D
-13.56172,24.50462,330.32,0.39,0.6,2026-10-03,1249,N,VIIRS,n,2.0NRT,305.08,1.04,D
-13.55875,24.95271,333.26,0.42,0.61,2026-10-03,1249,N,VIIRS,l,2.0NRT,305.08,3.81,D
-13.55798,24.95662,350.29,0.42,0.61,2026-10-03,1249,N,VIIRS,n,2.0NRT,305.26,7.94,D
-13.55311,24.95159,331.07,0.42,0.61,2026-10-03,1249,N,VIIRS,l,2.0NRT,302.88,3.81,D
-13.54922,24.42458,342.96,0.39,0.59,2026-10-03,1249,N,VIIRS,n,2.0NRT,311.16,4.96,D
-13.53649,24.09225,338.93,0.37,0.58,2026-10-03,1249,N,VIIRS,n,2.0NRT,305.68,3.3,D
-13.53476,24.08995,344.6,0.37,0.58,2026-10-03,1249,N,VIIRS,n,2.0NRT,308.28,6.56,D
-13.52941,24.08891,367,0.37,0.58,2026-10-03,1249,N,VIIRS,h,2.0NRT,303.22,6.56,D
-13.52419,25.88836,341.03,0.49,0.65,2026-10-03,1249,N,VIIRS,n,2.0NRT,305.75,2.38,D
-13.52264,25.88618,333.18,0.49,0.65,2026-10-03,1249,N,VIIRS,l,2.0NRT,304.35,3.11,D
-13.51634,24.56267,367,0.4,0.6,2026-10-03,1249,N,VIIRS,h,2.0NRT,307.47,10.55,D
-13.5105,24.24978,367,0.38,0.59,2026-10-03,1249,N,VIIRS,h,2.0NRT,306.47,8.42,D
-13.50988,24.2479,348.39,0.38,0.59,2026-10-03,1249,N,VIIRS,n,2.0NRT,305.55,4.27,D
-13.50919,24.25143,339.31,0.38,0.59,2026-10-03,1249,N,VIIRS,n,2.0NRT,303.58,4.27,D
-13.48983,24.63851,346.35,0.4,0.6,2026-10-03,1249,N,VIIRS,n,2.0NRT,306.49,4.37,D
-13.48909,24.64223,338.03,0.4,0.6,2026-10-03,1249,N,VIIRS,n,2.0NRT,304.48,4.37,D
-13.47475,24.62743,339.3,0.4,0.6,2026-10-03,1249,N,VIIRS,n,2.0NRT,305.18,2.86,D
-13.45044,25.37468,367,0.45,0.63,2026-10-03,1249,N,VIIRS,h,2.0NRT,304.04,11.09,D
-13.43123,24.59435,331.02,0.4,0.6,2026-10-03,1249,N,VIIRS,l,2.0NRT,305.71,1.64,D
-13.42613,23.97783,332.38,0.37,0.58,2026-10-03,1249,N,VIIRS,l,2.0NRT,302.78,2.73,D
-13.42352,24.94192,330.25,0.42,0.61,2026-10-03,1249,N,VIIRS,l,2.0NRT,304.13,3.73,D
-13.42082,23.97674,331.4,0.37,0.58,2026-10-03,1249,N,VIIRS,l,2.0NRT,303.43,2.73,D
-13.41612,23.9441,335.15,0.36,0.58,2026-10-03,1249,N,VIIRS,n,2.0NRT,304.8,4.8,D
-13.40876,25.07473,337.22,0.43,0.62,2026-10-03,1249,N,VIIRS,n,2.0NRT,302.93,3.13,D
-13.40071,24.10886,367,0.37,0.58,2026-10-03,1249,N,VIIRS,h,2.0NRT,305.96,9.13,D
-13.3958,25.38062,339.96,0.45,0.63,2026-10-03,1249,N,VIIRS,n,2.0NRT,303.04,5.7,D
-13.39474,25.3808,341.44,0.45,0.63,2026-10-03,1249,N,VIIRS,n,2.0NRT,303.16,5.03,D
-13.39388,25.38501,353.85,0.45,0.63,2026-10-03,1249,N,VIIRS,n,2.0NRT,303.39,5.03,D
-13.38914,25.38366,367,0.45,0.63,2026-10-03,1249,N,VIIRS,h,2.0NRT,307.73,21.68,D
-13.38806,25.38384,367,0.45,0.63,2026-10-03,1249,N,VIIRS,h,2.0NRT,307.24,15.33,D
-13.38209,24.58106,336.5,0.4,0.6,2026-10-03,1249,N,VIIRS,n,2.0NRT,304.27,1.96,D
-13.36877,24.04456,330.02,0.37,0.58,2026-10-03,1249,N,VIIRS,l,2.0NRT,302.37,2.54,D
-13.36809,24.04802,338.96,0.37,0.58,2026-10-03,1249,N,VIIRS,n,2.0NRT,303.01,2.54,D
-13.36355,25.27027,335.92,0.45,0.63,2026-10-03,1249,N,VIIRS,n,2.0NRT,304.55,3.52,D
-13.36094,25.78528,339.55,0.48,0.65,2026-10-03,1249,N,VIIRS,n,2.0NRT,302.36,2.59,D
-13.35982,26.03732,336.19,0.5,0.66,2026-10-03,1249,N,VIIRS,n,2.0NRT,303.37,4.19,D
-13.35709,24.6776,356.13,0.41,0.6,2026-10-03,1249,N,VIIRS,n,2.0NRT,307.07,9.5,D
-13.35633,24.6814,367,0.41,0.6,2026-10-03,1249,N,VIIRS,h,2.0NRT,308.66,15.77,D
-13.35473,24.43242,335.68,0.39,0.6,2026-10-03,1249,N,VIIRS,n,2.0NRT,304.78,3.22,D
-13.34842,25.81605,349.04,0.48,0.65,2026-10-03,1249,N,VIIRS,n,2.0NRT,307.54,8.07,D
-13.34069,25.41381,332.99,0.46,0.63,2026-10-03,1249,N,VIIRS,n,2.0NRT,302.8,3.31,D
-13.33984,25.41802,343.48,0.46,0.63,2026-10-03,1249,N,VIIRS,n,2.0NRT,302.67,3.31,D
-13.32718,24.25516,334.06,0.38,0.59,2026-10-03,1249,N,VIIRS,n,2.0NRT,302.38,1.88,D
-13.30702,23.83811,367,0.36,0.57,2026-10-03,1249,N,VIIRS,h,2.0NRT,306.58,13.48,D
-13.30637,23.84144,367,0.36,0.57,2026-10-03,1249,N,VIIRS,h,2.0NRT,308.3,22.39,D
-13.30408,26.55123,356.27,0.54,0.68,2026-10-03,1249,N,VIIRS,n,2.0NRT,309.86,9.64,D
-13.29785,23.88501,337.53,0.36,0.58,2026-10-03,1249,N,VIIRS,n,2.0NRT,305.34,3.57,D
-13.29719,23.88838,339.17,0.36,0.58,2026-10-03,1249,N,VIIRS,n,2.0NRT,303.09,4.1,D
-13.27507,26.72187,347.58,0.56,0.68,2026-10-03,1249,N,VIIRS,n,2.0NRT,298.29,8.55,D
-13.27374,24.26616,335.71,0.38,0.59,2026-10-03,1249,N,VIIRS,n,2.0NRT,305.5,1.43,D
-13.26985,26.71532,343.8,0.55,0.68,2026-10-03,1249,N,VIIRS,n,2.0NRT,298.64,8.79,D
-13.26877,26.72048,343.68,0.56,0.68,2026-10-03,1249,N,VIIRS,n,2.0NRT,297.41,8.65,D
-13.26654,24.45015,344.11,0.4,0.6,2026-10-03,1249,N,VIIRS,n,2.0NRT,307.17,7.59,D
-13.26584,24.45382,343.79,0.4,0.6,2026-10-03,1249,N,VIIRS,n,2.0NRT,308.7,9.69,D
-13.2657,24.44981,332.74,0.4,0.6,2026-10-03,1249,N,VIIRS,l,2.0NRT,304.66,2.91,D
-13.26497,24.45347,351.69,0.4,0.6,2026-10-03,1249,N,VIIRS,n,2.0NRT,309.06,8.32,D
-13.25905,24.93171,340.52,0.43,0.62,2026-10-03,1249,N,VIIRS,n,2.0NRT,303.85,3.09,D
-13.25727,24.93087,367,0.43,0.62,2026-10-03,1249,N,VIIRS,h,2.0NRT,305.48,6.16,D
-13.25161,24.92967,339.52,0.43,0.62,2026-10-03,1249,N,VIIRS,n,2.0NRT,304.2,3.15,D
-13.24949,24.67492,330.38,0.41,0.61,2026-10-03,1249,N,VIIRS,l,2.0NRT,304.18,2.82,D
-13.24158,26.49181,336.87,0.54,0.68,2026-10-03,1249,N,VIIRS,n,2.0NRT,299.14,3.85,D
-13.20663,23.99654,335.2,0.37,0.58,2026-10-03,1249,N,VIIRS,n,2.0NRT,301.31,13.68,D
-13.2026,23.98866,340.53,0.37,0.58,2026-10-03,1249,N,VIIRS,n,2.0NRT,304.47,8.88,D
-13.20129,23.99541,351.05,0.37,0.58,2026-10-03,1249,N,VIIRS,n,2.0NRT,305.26,13.68,D
-13.20064,23.99881,337.04,0.37,0.58,2026-10-03,1249,N,VIIRS,n,2.0NRT,308.93,13.68,D
-13.19998,24.00222,367,0.37,0.58,2026-10-03,1249,N,VIIRS,h,2.0NRT,300.39,32.5,D
-13.17635,25.34063,347.51,0.45,0.63,2026-10-03,1249,N,VIIRS,n,2.0NRT,302.16,6.84,D
-13.1755,25.34487,351.54,0.45,0.63,2026-10-03,1249,N,VIIRS,n,2.0NRT,302.83,9.56,D
-13.17531,25.34038,346.07,0.45,0.63,2026-10-03,1249,N,VIIRS,n,2.0NRT,302.24,6.65,D
-13.17444,25.34462,350.91,0.45,0.63,2026-10-03,1249,N,VIIRS,n,2.0NRT,303.83,10.26,D
-13.17414,24.16421,343.59,0.38,0.59,2026-10-03,1249,N,VIIRS,n,2.0NRT,304.23,5,D
-13.16592,23.97752,333.3,0.37,0.58,2026-10-03,1249,N,VIIRS,l,2.0NRT,306.31,3.34,D
-13.16019,25.09076,341.9,0.44,0.62,2026-10-03,1249,N,VIIRS,n,2.0NRT,306.81,4.14,D
-13.15938,25.09478,337.13,0.44,0.62,2026-10-03,1249,N,VIIRS,n,2.0NRT,303.6,4.14,D
-13.15274,26.57394,343.66,0.55,0.68,2026-10-03,1249,N,VIIRS,n,2.0NRT,298.71,15.58,D
-13.15173,24.0214,367,0.37,0.58,2026-10-03,1249,N,VIIRS,h,2.0NRT,307.11,11.35,D
-13.15166,26.57907,367,0.55,0.68,2026-10-03,1249,N,VIIRS,h,2.0NRT,301.11,21.37,D
-13.1506,26.58407,335.61,0.55,0.68,2026-10-03,1249,N,VIIRS,n,2.0NRT,295.68,21.37,D
-13.14966,26.57444,343.8,0.55,0.68,2026-10-03,1249,N,VIIRS,n,2.0NRT,302.77,53.11,D
-13.14861,26.57959,367,0.55,0.68,2026-10-03,1249,N,VIIRS,h,2.0NRT,302.74,69.65,D
-13.14649,26.57254,337.57,0.55,0.68,2026-10-03,1249,N,VIIRS,n,2.0NRT,296.18,15.58,D
-13.14546,25.07512,337.66,0.44,0.62,2026-10-03,1249,N,VIIRS,n,2.0NRT,303.71,3.05,D
-13.14539,26.57774,367,0.55,0.68,2026-10-03,1249,N,VIIRS,h,2.0NRT,299.06,21.37,D
-13.14512,25.8495,349.13,0.49,0.65,2026-10-03,1249,N,VIIRS,n,2.0NRT,301.48,5.6,D
-13.14432,26.58281,341.76,0.55,0.68,2026-10-03,1249,N,VIIRS,n,2.0NRT,298.65,21.37,D
-13.13421,23.95812,331.77,0.37,0.58,2026-10-03,1249,N,VIIRS,l,2.0NRT,305.27,3.02,D
-13.12853,23.97009,335.34,0.37,0.58,2026-10-03,1249,N,VIIRS,n,2.0NRT,303.78,2.27,D
-13.1269,23.96736,367,0.37,0.58,2026-10-03,1249,N,VIIRS,h,2.0NRT,305.4,10.77,D
-13.12624,23.97079,347.91,0.37,0.58,2026-10-03,1249,N,VIIRS,n,2.0NRT,302.96,13.49,D
-13.12549,23.94576,337.6,0.37,0.58,2026-10-03,1249,N,VIIRS,n,2.0NRT,306.66,4.79,D
-13.12289,25.98976,336.49,0.5,0.66,2026-10-03,1249,N,VIIRS,n,2.0NRT,301.2,4.14,D
-13.09883,23.94036,342.11,0.37,0.58,2026-10-03,1249,N,VIIRS,n,2.0NRT,305.58,2.59,D
-13.08416,23.9303,348.84,0.37,0.58,2026-10-03,1249,N,VIIRS,n,2.0NRT,305.84,2.87,D
-13.08348,23.93377,353.45,0.37,0.58,2026-10-03,1249,N,VIIRS,n,2.0NRT,305.99,5.74,D
-13.08281,23.93723,345.28,0.37,0.58,2026-10-03,1249,N,VIIRS,n,2.0NRT,306.62,5.74,D
-13.08084,23.91894,367,0.37,0.58,2026-10-03,1249,N,VIIRS,h,2.0NRT,306.8,7.88,D
-13.07816,23.93268,356.47,0.37,0.58,2026-10-03,1249,N,VIIRS,n,2.0NRT,309.76,10.97,D
-13.07551,23.91788,367,0.37,0.58,2026-10-03,1249,N,VIIRS,h,2.0NRT,306.58,7.88,D
-13.07282,23.93159,354.91,0.37,0.58,2026-10-03,1249,N,VIIRS,n,2.0NRT,303.41,10.97,D
-13.07215,23.93505,367,0.37,0.58,2026-10-03,1249,N,VIIRS,h,2.0NRT,306.31,10.97,D
-13.0635,23.92261,348.13,0.37,0.58,2026-10-03,1249,N,VIIRS,n,2.0NRT,308.45,4.12,D
-13.06283,23.92603,367,0.37,0.58,2026-10-03,1249,N,VIIRS,h,2.0NRT,308.14,4.12,D
-13.05393,24.66092,342,0.41,0.61,2026-10-03,1249,N,VIIRS,n,2.0NRT,302.64,4.82,D
-13.05242,26.56976,330.4,0.55,0.68,2026-10-03,1249,N,VIIRS,n,2.0NRT,298.93,5.16,D
-13.04994,26.5704,331.95,0.55,0.68,2026-10-03,1249,N,VIIRS,n,2.0NRT,298.63,4.3,D
-13.03791,23.99617,337.74,0.37,0.58,2026-10-03,1249,N,VIIRS,n,2.0NRT,303.09,2.9,D
-13.03662,24.14488,335.03,0.38,0.59,2026-10-03,1249,N,VIIRS,n,2.0NRT,303.31,2.42,D
-13.0365,23.99108,337.63,0.37,0.58,2026-10-03,1249,N,VIIRS,n,2.0NRT,304.08,3.54,D
-13.03584,23.99455,336.93,0.37,0.58,2026-10-03,1249,N,VIIRS,n,2.0NRT,302.79,5.25,D
-13.03467,24.12623,334.14,0.38,0.59,2026-10-03,1249,N,VIIRS,n,2.0NRT,303.93,3.34,D
-13.0292,24.35668,337.32,0.39,0.6,2026-10-03,1249,N,VIIRS,n,2.0NRT,301.69,3.7,D
-13.02849,24.36034,345.09,0.39,0.6,2026-10-03,1249,N,VIIRS,n,2.0NRT,301.09,3.7,D
-13.01464,24.28568,332.46,0.39,0.59,2026-10-03,1249,N,VIIRS,l,2.0NRT,304.05,4.31,D
-13.01394,24.28926,358.07,0.39,0.59,2026-10-03,1249,N,VIIRS,n,2.0NRT,304.7,4.31,D
-13.01271,24.35352,345.19,0.39,0.6,2026-10-03,1249,N,VIIRS,n,2.0NRT,301.2,4.2,D
-13.0116,25.08455,333.5,0.44,0.62,2026-10-03,1249,N,VIIRS,l,2.0NRT,304.29,3.81,D
-13.01114,25.08878,330.13,0.44,0.62,2026-10-03,1249,N,VIIRS,l,2.0NRT,304.27,4.2,D
-13.00776,24.29175,332.7,0.39,0.59,2026-10-03,1249,N,VIIRS,n,2.0NRT,302.62,3.33,D
-13.00705,24.29537,351.23,0.39,0.59,2026-10-03,1249,N,VIIRS,n,2.0NRT,303.32,3.33,D
-13.00432,25.82659,343.77,0.49,0.65,2026-10-03,1249,N,VIIRS,n,2.0NRT,299.1,4.72,D
-12.98947,24.41365,351.4,0.4,0.6,2026-10-03,1249,N,VIIRS,n,2.0NRT,302.01,11.44,D
-12.98875,24.41732,367,0.4,0.6,2026-10-03,1249,N,VIIRS,h,2.0NRT,304.86,16.37,D
-12.98802,24.421,356.39,0.4,0.6,2026-10-03,1249,N,VIIRS,n,2.0NRT,300.24,16.37,D
-12.9825,24.41992,367,0.4,0.6,2026-10-03,1249,N,VIIRS,h,2.0NRT,303.52,14.27,D
-12.98176,24.42367,342.71,0.4,0.6,2026-10-03,1249,N,VIIRS,n,2.0NRT,299.92,13.66,D
-12.97451,25.00098,367,0.44,0.62,2026-10-03,1249,N,VIIRS,h,2.0NRT,307.82,12.99,D
-12.9737,25.00499,347.27,0.44,0.62,2026-10-03,1249,N,VIIRS,n,2.0NRT,302.16,13.71,D
-12.97123,24.92849,355.17,0.43,0.62,2026-10-03,1249,N,VIIRS,n,2.0NRT,305.74,14.38,D
-12.97042,24.93252,356.65,0.43,0.62,2026-10-03,1249,N,VIIRS,n,2.0NRT,301.57,14.38,D
-12.96879,24.99978,343.52,0.44,0.62,2026-10-03,1249,N,VIIRS,n,2.0NRT,291.27,12.99,D
-12.96798,25.00384,336.97,0.44,0.62,2026-10-03,1249,N,VIIRS,n,2.0NRT,300.97,13.71,D
-12.96714,24.91938,367,0.43,0.62,2026-10-03,1249,N,VIIRS,h,2.0NRT,304.68,7.88,D
-12.96663,24.91774,352.95,0.43,0.62,2026-10-03,1249,N,VIIRS,n,2.0NRT,304.61,7.89,D
-12.96633,24.92338,347.11,0.43,0.62,2026-10-03,1249,N,VIIRS,n,2.0NRT,303.78,7.88,D
-12.96585,24.92174,367,0.43,0.62,2026-10-03,1249,N,VIIRS,h,2.0NRT,305.91,7.89,D
-12.96229,26.90225,334.31,0.58,0.7,2026-10-03,1249,N,VIIRS,n,2.0NRT,296.35,5.17,D
-12.96199,26.90371,335.36,0.58,0.7,2026-10-03,1249,N,VIIRS,n,2.0NRT,295.77,4.15,D
-12.96143,24.91833,345.96,0.43,0.62,2026-10-03,1249,N,VIIRS,n,2.0NRT,303.1,7.88,D
-12.96091,24.91669,336.75,0.43,0.62,2026-10-03,1249,N,VIIRS,n,2.0NRT,301.99,7.89,D
-12.9561,23.91823,354.51,0.37,0.58,2026-10-03,1249,N,VIIRS,n,2.0NRT,304.57,4.93,D
-12.95143,23.91375,336.21,0.37,0.58,2026-10-03,1249,N,VIIRS,n,2.0NRT,303.53,3.72,D
-12.95076,23.91715,335.54,0.37,0.58,2026-10-03,1249,N,VIIRS,n,2.0NRT,305.05,3.72,D
-12.94542,23.91608,340.08,0.37,0.58,2026-10-03,1249,N,VIIRS,n,2.0NRT,301.54,3.72,D
-12.94204,23.93323,334.72,0.37,0.58,2026-10-03,1249,N,VIIRS,n,2.0NRT,303.07,2.63,D
-12.94001,23.93259,333.59,0.37,0.58,2026-10-03,1249,N,VIIRS,n,2.0NRT,301.65,2.86,D
-12.93586,27.34814,336,0.62,0.71,2026-10-03,1249,N,VIIRS,n,2.0NRT,294.88,12.23,D
-12.93466,27.35381,367,0.62,0.71,2026-10-03,1249,N,VIIRS,h,2.0NRT,300.28,27.14,D
-12.92478,24.07759,336.61,0.38,0.59,2026-10-03,1249,N,VIIRS,n,2.0NRT,298.48,1.86,D
-12.92048,24.21427,330.73,0.39,0.59,2026-10-03,1249,N,VIIRS,n,2.0NRT,302.14,2.52,D
-12.914,26.877,340.47,0.58,0.7,2026-10-03,1249,N,VIIRS,n,2.0NRT,298.21,7.64,D
-12.89473,26.08527,336.56,0.51,0.66,2026-10-03,1249,N,VIIRS,n,2.0NRT,302.91,8.61,D
-12.88752,25.90295,349.75,0.5,0.66,2026-10-03,1249,N,VIIRS,n,2.0NRT,298.9,11.32,D
-12.88658,25.90756,367,0.5,0.66,2026-10-03,1249,N,VIIRS,h,2.0NRT,298.55,14.5,D
-12.88563,25.91218,340.86,0.5,0.66,2026-10-03,1249,N,VIIRS,n,2.0NRT,300.4,14.5,D
-12.8706,26.01634,333.6,0.51,0.66,2026-10-03,1249,N,VIIRS,n,2.0NRT,301.52,8.63,D
-12.86965,26.021,337.76,0.51,0.66,2026-10-03,1249,N,VIIRS,n,2.0NRT,299.05,6.58,D
-12.86863,24.18925,335.4,0.39,0.59,2026-10-03,1249,N,VIIRS,n,2.0NRT,300.48,3.59,D
-12.8681,24.19288,352.37,0.39,0.59,2026-10-03,1249,N,VIIRS,n,2.0NRT,301.23,6.33,D
-12.86793,24.19287,346.32,0.39,0.59,2026-10-03,1249,N,VIIRS,n,2.0NRT,300.57,3.59,D
-12.85958,24.26588,367,0.39,0.59,2026-10-03,1249,N,VIIRS,h,2.0NRT,307.61,14.49,D
-12.85923,24.26572,367,0.39,0.59,2026-10-03,1249,N,VIIRS,h,2.0NRT,305.5,12.07,D
-12.85909,24.46806,330.75,0.4,0.6,2026-10-03,1249,N,VIIRS,n,2.0NRT,298.68,3.12,D
-12.85889,24.26945,336.68,0.39,0.59,2026-10-03,1249,N,VIIRS,n,2.0NRT,307.4,13.85,D
-12.85852,24.26928,347.16,0.39,0.59,2026-10-03,1249,N,VIIRS,n,2.0NRT,308.25,14.78,D
-12.82718,27.29086,344.31,0.62,0.71,2026-10-03,1249,N,VIIRS,n,2.0NRT,300.28,8.07,D
-12.80584,26.02345,353.5,0.51,0.66,2026-10-03,1249,N,VIIRS,n,2.0NRT,304.44,24.47,D
-12.80484,26.02841,342.67,0.51,0.66,2026-10-03,1249,N,VIIRS,n,2.0NRT,301.54,24.46,D
-12.80223,24.03881,337.07,0.38,0.59,2026-10-03,1249,N,VIIRS,n,2.0NRT,301.67,2.45,D
-12.80097,24.03732,338.89,0.38,0.59,2026-10-03,1249,N,VIIRS,n,2.0NRT,301.6,2.82,D
-12.79268,24.31698,339.2,0.4,0.6,2026-10-03,1249,N,VIIRS,n,2.0NRT,300.08,5.83,D
-12.79196,24.32065,338.36,0.4,0.6,2026-10-03,1249,N,VIIRS,n,2.0NRT,298.8,5.83,D
-12.79124,24.32432,342.45,0.4,0.6,2026-10-03,1249,N,VIIRS,n,2.0NRT,299.98,7.95,D
-12.78221,25.82887,351.64,0.5,0.66,2026-10-03,1249,N,VIIRS,n,2.0NRT,301.09,6.67,D
-12.78204,25.82835,348.21,0.5,0.66,2026-10-03,1249,N,VIIRS,n,2.0NRT,300.45,8.11,D
-12.78127,25.83343,346.01,0.5,0.66,2026-10-03,1249,N,VIIRS,n,2.0NRT,299.76,6.67,D
-12.78114,25.83291,350.29,0.5,0.66,2026-10-03,1249,N,VIIRS,n,2.0NRT,299.27,8.11,D
-12.77882,25.26622,342.75,0.46,0.63,2026-10-03,1249,N,VIIRS,n,2.0NRT,299.33,5.41,D
-12.7776,25.26565,336.64,0.46,0.63,2026-10-03,1249,N,VIIRS,n,2.0NRT,299.76,5.3,D
-12.77262,25.2603,335.1,0.46,0.63,2026-10-03,1249,N,VIIRS,n,2.0NRT,301.54,5.04,D
-12.76879,25.25551,340.36,0.46,0.63,2026-10-03,1249,N,VIIRS,n,2.0NRT,299.38,5.46,D
-12.76795,25.25975,343.66,0.46,0.63,2026-10-03,1249,N,VIIRS,n,2.0NRT,299.87,5.46,D
-12.76676,25.25926,341.55,0.46,0.63,2026-10-03,1249,N,VIIRS,n,2.0NRT,298.42,5.76,D
-12.7494,25.35396,367,0.46,0.64,2026-10-03,1249,N,VIIRS,h,2.0NRT,301.84,11.43,D
-12.74756,25.35316,346.41,0.46,0.64,2026-10-03,1249,N,VIIRS,n,2.0NRT,299.7,7.48,D
-12.74386,26.04622,331.74,0.51,0.66,2026-10-03,1249,N,VIIRS,n,2.0NRT,294.93,3.37,D
-12.72814,26.8994,355.28,0.58,0.7,2026-10-03,1249,N,VIIRS,n,2.0NRT,296.69,17.17,D
-12.72307,23.88181,367,0.37,0.58,2026-10-03,1249,N,VIIRS,h,2.0NRT,303.28,5.41,D
-12.7199,23.87985,332.43,0.37,0.58,2026-10-03,1249,N,VIIRS,n,2.0NRT,300.7,3.8,D
-12.6605,24.1512,354.17,0.39,0.59,2026-10-03,1249,N,VIIRS,n,2.0NRT,300.46,9.89,D
-12.66002,24.15332,367,0.39,0.59,2026-10-03,1249,N,VIIRS,h,2.0NRT,302.83,20.06,D
-12.65979,24.15494,367,0.39,0.59,2026-10-03,1249,N,VIIRS,h,2.0NRT,299.66,9.89,D
-12.65724,24.28732,337.05,0.4,0.6,2026-10-03,1249,N,VIIRS,n,2.0NRT,305.55,9.18,D
-12.65493,26.30405,333.44,0.54,0.68,2026-10-03,1249,N,VIIRS,n,2.0NRT,299.13,5.09,D
-12.65175,24.28613,367,0.4,0.6,2026-10-03,1249,N,VIIRS,h,2.0NRT,302.29,9.18,D
-12.65034,24.28783,367,0.4,0.6,2026-10-03,1249,N,VIIRS,h,2.0NRT,302.75,13.41,D
-12.59987,26.22481,341.87,0.53,0.67,2026-10-03,1249,N,VIIRS,n,2.0NRT,300.31,5.23,D
-12.59542,26.22546,334.36,0.53,0.67,2026-10-03,1249,N,VIIRS,n,2.0NRT,298.27,7.77,D
-12.50651,23.86671,336.74,0.37,0.58,2026-10-03,1249,N,VIIRS,n,2.0NRT,302.84,1.73,D
-12.50455,23.8679,333.81,0.37,0.58,2026-10-03,1249,N,VIIRS,n,2.0NRT,301.52,4.19,D
-12.47431,26.27933,342.03,0.54,0.68,2026-10-03,1249,N,VIIRS,n,2.0NRT,298.45,9.03,D
-13.38911,27.56762,301.99,0.51,0.41,2026-10-03,2354,N,VIIRS,n,2.0NRT,286.68,0.9,N
-13.19723,26.16728,298.16,0.43,0.38,2026-10-03,2354,N,VIIRS,n,2.0NRT,287.44,0.29,N
-13.09331,25.10474,302.45,0.4,0.37,2026-10-03,2354,N,VIIRS,n,2.0NRT,289.03,0.7,N
-13.09275,25.10427,300.55,0.4,0.37,2026-10-03,2354,N,VIIRS,n,2.0NRT,288.98,0.54,N
-12.9361,25.79229,307.64,0.42,0.38,2026-10-03,2354,N,VIIRS,n,2.0NRT,287.32,0.97,N
-12.89273,25.90623,298.25,0.42,0.38,2026-10-03,2354,N,VIIRS,n,2.0NRT,285.09,0.56,N
-12.8917,25.90518,302.61,0.42,0.38,2026-10-03,2354,N,VIIRS,n,2.0NRT,284.63,0.63,N
-12.88925,25.90678,304.52,0.42,0.38,2026-10-03,2354,N,VIIRS,n,2.0NRT,284.47,0.56,N
-12.88823,25.90572,299.33,0.42,0.38,2026-10-03,2354,N,VIIRS,n,2.0NRT,283.44,0.63,N
-12.88534,25.91014,297.56,0.42,0.38,2026-10-03,2354,N,VIIRS,n,2.0NRT,284.14,0.34,N
-12.83836,25.90545,306.37,0.42,0.38,2026-10-03,2354,N,VIIRS,n,2.0NRT,286.69,0.65,N
-12.74938,27.68931,303.88,0.5,0.41,2026-10-03,2354,N,VIIRS,n,2.0NRT,287.38,1.14,N
-12.7327,26.89792,306.76,0.46,0.39,2026-10-03,2354,N,VIIRS,n,2.0NRT,286.34,1.02,N
-12.72907,26.89849,310.1,0.46,0.39,2026-10-03,2354,N,VIIRS,n,2.0NRT,287.5,1.3,N
-12.63895,26.18293,299.49,0.43,0.38,2026-10-03,2354,N,VIIRS,n,2.0NRT,286.03,0.54,N
-12.61579,23.91605,297.43,0.38,0.36,2026-10-03,2354,N,VIIRS,n,2.0NRT,283.87,0.64,N
-12.61246,23.91659,305.63,0.38,0.36,2026-10-03,2354,N,VIIRS,n,2.0NRT,283.84,0.64,N
-12.57929,26.21919,301.98,0.43,0.38,2026-10-03,2354,N,VIIRS,n,2.0NRT,286.76,0.64,N
-14.64784,25.37155,317.14,0.42,0.37,2026-10-03,2356,N,VIIRS,n,2.0NRT,288.9,1.06,N
-14.64727,25.36767,304.08,0.42,0.37,2026-10-03,2356,N,VIIRS,n,2.0NRT,288.66,1.06,N
-14.64669,25.3638,323.03,0.42,0.37,2026-10-03,2356,N,VIIRS,n,2.0NRT,289.78,1.56,N
-14.6465,25.37474,311.03,0.42,0.37,2026-10-03,2356,N,VIIRS,n,2.0NRT,289.27,1.16,N
-14.64592,25.37086,316.64,0.42,0.37,2026-10-03,2356,N,VIIRS,n,2.0NRT,289.46,1.01,N
-14.64533,25.36699,306.55,0.42,0.37,2026-10-03,2356,N,VIIRS,n,2.0NRT,289.31,1.01,N
-14.64501,24.15944,308.46,0.39,0.36,2026-10-03,2356,N,VIIRS,n,2.0NRT,287.94,0.77,N
-14.64474,25.36312,313.12,0.42,0.37,2026-10-03,2356,N,VIIRS,n,2.0NRT,290.03,1.67,N
-14.64438,25.3721,310.96,0.42,0.37,2026-10-03,2356,N,VIIRS,n,2.0NRT,289.61,1.06,N
-14.6438,25.36822,307.06,0.42,0.37,2026-10-03,2356,N,VIIRS,n,2.0NRT,289.82,1.06,N
-14.64323,25.36434,310.87,0.42,0.37,2026-10-03,2356,N,VIIRS,n,2.0NRT,289.89,1.56,N
-14.64245,25.37141,304.53,0.42,0.37,2026-10-03,2356,N,VIIRS,n,2.0NRT,289.3,1.01,N
-14.64187,25.36754,314.43,0.42,0.37,2026-10-03,2356,N,VIIRS,n,2.0NRT,290.1,1.01,N
-14.63796,27.32586,299.28,0.51,0.41,2026-10-03,2356,N,VIIRS,n,2.0NRT,286.6,0.72,N
-14.61542,24.36951,297.49,0.39,0.36,2026-10-03,2356,N,VIIRS,n,2.0NRT,285.81,0.41,N
-14.5862,27.96008,297.55,0.55,0.43,2026-10-03,2356,N,VIIRS,n,2.0NRT,282.77,0.44,N
-14.55564,24.00361,298.32,0.39,0.36,2026-10-03,2356,N,VIIRS,n,2.0NRT,287.45,0.77,N
-14.52664,25.3649,297.05,0.42,0.37,2026-10-03,2356,N,VIIRS,n,2.0NRT,286.88,0.37,N
-14.43275,27.42472,300.81,0.51,0.41,2026-10-03,2356,N,VIIRS,n,2.0NRT,283.95,1.08,N
-14.42762,27.41576,310.21,0.51,0.41,2026-10-03,2356,N,VIIRS,n,2.0NRT,284.54,0.57,N
-14.42381,27.41633,298.02,0.51,0.41,2026-10-03,2356,N,VIIRS,n,2.0NRT,284.47,0.44,N
-14.4151,25.38953,303.61,0.42,0.37,2026-10-03,2356,N,VIIRS,n,2.0NRT,289.01,0.76,N
-14.40183,25.37188,308.59,0.42,0.37,2026-10-03,2356,N,VIIRS,n,2.0NRT,288.58,0.95,N
-14.30032,24.72732,315.12,0.4,0.37,2026-10-03,2356,N,VIIRS,n,2.0NRT,287.65,1.23,N
-14.15626,26.03833,297.66,0.44,0.38,2026-10-03,2356,N,VIIRS,n,2.0NRT,287.06,0.37,N
-13.79471,25.64115,295.96,0.42,0.38,2026-10-03,2356,N,VIIRS,n,2.0NRT,285.53,0.25,N
-13.76927,25.70871,299.75,0.42,0.38,2026-10-03,2356,N,VIIRS,n,2.0NRT,289.07,0.41,N
-13.72632,25.87884,300.38,0.43,0.38,2026-10-03,2356,N,VIIRS,n,2.0NRT,288.23,0.65,N
-13.69534,25.50918,301.18,0.41,0.37,2026-10-03,2356,N,VIIRS,n,2.0NRT,289.1,0.51,N
-13.60335,24.17963,301.39,0.39,0.36,2026-10-03,2356,N,VIIRS,n,2.0NRT,287.55,0.69,N
-13.56172,27.88778,304.33,0.53,0.42,2026-10-03,2356,N,VIIRS,n,2.0NRT,288.14,1.2,N
-13.42903,24.59461,299.67,0.39,0.36,2026-10-03,2356,N,VIIRS,n,2.0NRT,288.32,0.37,N
-13.25413,24.92871,297.76,0.4,0.37,2026-10-03,2356,N,VIIRS,n,2.0NRT,283.98,0.68,N
-13.19736,23.99922,306.33,0.39,0.36,2026-10-03,2356,N,VIIRS,n,2.0NRT,286.85,1.07,N
-13.13292,23.95873,295.04,0.38,0.36,2026-10-03,2356,N,VIIRS,n,2.0NRT,284.52,0.58,N
-13.13236,23.95518,297.72,0.38,0.36,2026-10-03,2356,N,VIIRS,n,2.0NRT,284.86,0.58,N
-13.12498,23.96774,298.8,0.38,0.36,2026-10-03,2356,N,VIIRS,n,2.0NRT,285.28,0.65,N
-13.10052,23.9426,306.68,0.38,0.36,2026-10-03,2356,N,VIIRS,n,2.0NRT,284.68,1.21,N
-13.08164,23.93113,301.07,0.38,0.36,2026-10-03,2356,N,VIIRS,n,2.0NRT,284.78,1.02,N
-13.0794,23.91694,306.66,0.38,0.36,2026-10-03,2356,N,VIIRS,n,2.0NRT,286.73,0.89,N
-13.07831,23.93168,296.97,0.38,0.36,2026-10-03,2356,N,VIIRS,n,2.0NRT,283.58,0.58,N
-13.07608,23.91748,300.65,0.38,0.36,2026-10-03,2356,N,VIIRS,n,2.0NRT,286.26,0.78,N
-13.07498,23.93222,304.07,0.38,0.36,2026-10-03,2356,N,VIIRS,n,2.0NRT,286.37,0.58,N
-13.07165,23.93277,298.16,0.38,0.36,2026-10-03,2356,N,VIIRS,n,2.0NRT,286.06,0.58,N
-13.06444,23.93031,299.09,0.38,0.36,2026-10-03,2356,N,VIIRS,n,2.0NRT,284.31,0.65,N
-13.06388,23.92676,296.25,0.38,0.36,2026-10-03,2356,N,VIIRS,n,2.0NRT,284.5,0.63,N
-13.06332,23.92321,302.8,0.38,0.36,2026-10-03,2356,N,VIIRS,n,2.0NRT,284.52,0.63,N
-13.05999,23.92376,302.02,0.38,0.36,2026-10-03,2356,N,VIIRS,n,2.0NRT,284.8,0.63,N
-12.94739,23.91643,315.38,0.38,0.36,2026-10-03,2356,N,VIIRS,n,2.0NRT,283.75,0.96,N
-12.94683,23.91289,303.99,0.38,0.36,2026-10-03,2356,N,VIIRS,n,2.0NRT,281.58,0.96,N
-14.70049,25.3724,343.66,0.42,0.45,2026-10-04,1227,N,VIIRS,n,2.0NRT,310.38,5.51,D
-14.70049,27.44156,339.69,0.57,0.52,2026-10-04,1227,N,VIIRS,l,2.0NRT,313.49,9.59,D
-14.69933,27.10983,337.14,0.54,0.51,2026-10-04,1227,N,VIIRS,l,2.0NRT,308.82,3.78,D
-14.68902,27.11313,337.49,0.54,0.51,2026-10-04,1227,N,VIIRS,l,2.0NRT,309.53,2.34,D
-14.66939,27.47424,337.84,0.57,0.52,2026-10-04,1227,N,VIIRS,l,2.0NRT,311.23,5.15,D
-14.64904,25.37087,341.8,0.42,0.45,2026-10-04,1227,N,VIIRS,l,2.0NRT,313.31,6.17,D
-14.63842,23.89063,343.47,0.52,0.41,2026-10-04,1227,N,VIIRS,l,2.0NRT,315.44,11.31,D
-14.62857,27.04951,344.99,0.54,0.51,2026-10-04,1227,N,VIIRS,n,2.0NRT,311.84,4.07,D
-14.626,27.05096,345.45,0.54,0.51,2026-10-04,1227,N,VIIRS,n,2.0NRT,311.38,5.91,D
-14.62112,25.5004,336.23,0.43,0.46,2026-10-04,1227,N,VIIRS,l,2.0NRT,310.98,3.56,D
-14.61335,24.17737,349.39,0.54,0.42,2026-10-04,1227,N,VIIRS,n,2.0NRT,316.53,17.06,D
-14.61289,24.17924,349.67,0.54,0.42,2026-10-04,1227,N,VIIRS,n,2.0NRT,318.05,15.33,D
-14.6079,27.28361,339.05,0.56,0.51,2026-10-04,1227,N,VIIRS,l,2.0NRT,312.99,5.95,D
-14.5856,25.19453,342.57,0.41,0.45,2026-10-04,1227,N,VIIRS,l,2.0NRT,314.64,5.45,D
-14.58262,24.26227,342.43,0.55,0.42,2026-10-04,1227,N,VIIRS,n,2.0NRT,315.5,7.9,D
-14.57871,24.26161,344.05,0.55,0.42,2026-10-04,1227,N,VIIRS,n,2.0NRT,314.67,7.9,D
-14.5699,24.79132,345.69,0.39,0.44,2026-10-04,1227,N,VIIRS,l,2.0NRT,317.03,5.62,D
-14.56777,25.1282,353.1,0.41,0.45,2026-10-04,1227,N,VIIRS,n,2.0NRT,314.72,11.76,D
-14.54925,24.90819,339.8,0.4,0.44,2026-10-04,1227,N,VIIRS,l,2.0NRT,311.66,3.91,D
-14.54859,24.91187,355.9,0.4,0.44,2026-10-04,1227,N,VIIRS,n,2.0NRT,314.18,9.27,D
-14.54794,24.91557,354.86,0.4,0.44,2026-10-04,1227,N,VIIRS,n,2.0NRT,314.23,9.27,D
-14.54729,24.91927,343.59,0.4,0.44,2026-10-04,1227,N,VIIRS,n,2.0NRT,312.45,6.79,D
-14.54317,24.80128,343.12,0.39,0.44,2026-10-04,1227,N,VIIRS,n,2.0NRT,310.96,3.23,D
-14.53913,24.80054,341.02,0.39,0.44,2026-10-04,1227,N,VIIRS,n,2.0NRT,310.17,8.21,D
-14.53754,23.91516,338.86,0.52,0.42,2026-10-04,1227,N,VIIRS,l,2.0NRT,312.01,1.89,D
-14.53454,23.90963,344.23,0.52,0.42,2026-10-04,1227,N,VIIRS,l,2.0NRT,314.92,30.82,D
-14.52874,27.44077,337.4,0.57,0.52,2026-10-04,1227,N,VIIRS,l,2.0NRT,308.03,6.36,D
-14.52532,24.7384,338.54,0.39,0.44,2026-10-04,1227,N,VIIRS,l,2.0NRT,310.68,3.57,D
-14.52182,25.15862,344.13,0.41,0.45,2026-10-04,1227,N,VIIRS,n,2.0NRT,313.17,2.99,D
-14.52041,24.20416,340.09,0.54,0.42,2026-10-04,1227,N,VIIRS,n,2.0NRT,314.01,6.3,D
-14.51969,24.95634,339.32,0.4,0.44,2026-10-04,1227,N,VIIRS,l,2.0NRT,311.66,3.93,D
-14.51651,24.2035,350.05,0.54,0.42,2026-10-04,1227,N,VIIRS,n,2.0NRT,314.05,6.3,D
-14.50965,25.56636,341.82,0.44,0.46,2026-10-04,1227,N,VIIRS,n,2.0NRT,306.98,4.22,D
-14.49896,27.44063,340.97,0.57,0.52,2026-10-04,1227,N,VIIRS,n,2.0NRT,308.34,13.04,D
-14.49795,27.44595,346.49,0.58,0.52,2026-10-04,1227,N,VIIRS,n,2.0NRT,310.8,13.04,D
-14.49568,25.13795,343.79,0.41,0.45,2026-10-04,1227,N,VIIRS,n,2.0NRT,313.41,5.53,D
-14.49514,25.33333,338.31,0.42,0.45,2026-10-04,1227,N,VIIRS,l,2.0NRT,311.12,6.79,D
-14.49444,25.33726,346.29,0.42,0.45,2026-10-04,1227,N,VIIRS,n,2.0NRT,312.95,6.79,D
-14.49156,25.13719,345.97,0.41,0.45,2026-10-04,1227,N,VIIRS,n,2.0NRT,315.46,5.53,D
-14.49038,24.489,338.9,0.56,0.43,2026-10-04,1227,N,VIIRS,n,2.0NRT,309.8,8.27,D
-14.48958,24.84691,342.02,0.39,0.44,2026-10-04,1227,N,VIIRS,n,2.0NRT,314.14,6.28,D
-14.48894,24.85058,345.82,0.39,0.44,2026-10-04,1227,N,VIIRS,n,2.0NRT,317.49,6.28,D
-14.48572,25.55352,340.34,0.44,0.46,2026-10-04,1227,N,VIIRS,n,2.0NRT,309.6,7.97,D
-14.48498,25.55755,367,0.44,0.46,2026-10-04,1227,N,VIIRS,h,2.0NRT,311.15,7.97,D
-14.48381,24.88002,341.07,0.4,0.44,2026-10-04,1227,N,VIIRS,l,2.0NRT,313.41,5.57,D
-14.48336,24.04627,344.73,0.53,0.42,2026-10-04,1227,N,VIIRS,n,2.0NRT,314.49,10.18,D
-14.48301,24.3015,344.63,0.55,0.43,2026-10-04,1227,N,VIIRS,n,2.0NRT,310.85,9.96,D
-14.48296,24.30474,345.34,0.55,0.43,2026-10-04,1227,N,VIIRS,n,2.0NRT,309.72,10.15,D
-14.48157,25.55709,347.7,0.44,0.46,2026-10-04,1227,N,VIIRS,n,2.0NRT,312.61,16.31,D
-14.48075,25.55673,346.49,0.44,0.46,2026-10-04,1227,N,VIIRS,n,2.0NRT,311,7.97,D
-14.48014,25.56518,349.8,0.44,0.46,2026-10-04,1227,N,VIIRS,n,2.0NRT,310.09,13.39,D
-14.47992,24.29895,343.44,0.55,0.43,2026-10-04,1227,N,VIIRS,n,2.0NRT,311.74,8.07,D
-14.4795,24.04558,354.17,0.53,0.42,2026-10-04,1227,N,VIIRS,n,2.0NRT,316.18,10.2,D
-14.47926,25.5648,352.07,0.44,0.46,2026-10-04,1227,N,VIIRS,n,2.0NRT,309.34,15.08,D
-14.4791,24.30075,341.77,0.55,0.43,2026-10-04,1227,N,VIIRS,l,2.0NRT,313.57,11.26,D
-14.47664,24.49731,339.15,0.56,0.43,2026-10-04,1227,N,VIIRS,n,2.0NRT,307.65,8.67,D
-14.47651,24.03992,349.38,0.53,0.42,2026-10-04,1227,N,VIIRS,n,2.0NRT,314.59,13.39,D
-14.47565,24.04488,336.98,0.53,0.42,2026-10-04,1227,N,VIIRS,l,2.0NRT,311.22,10.2,D
-14.47492,24.99429,344.33,0.4,0.44,2026-10-04,1227,N,VIIRS,n,2.0NRT,311.86,3.9,D
-14.46895,24.33927,338.56,0.55,0.43,2026-10-04,1227,N,VIIRS,n,2.0NRT,310.27,5.35,D
-14.46833,24.11003,349.7,0.54,0.42,2026-10-04,1227,N,VIIRS,n,2.0NRT,315.62,16.87,D
-14.46786,24.341,337.54,0.55,0.43,2026-10-04,1227,N,VIIRS,l,2.0NRT,309.6,2.71,D
-14.46747,24.11503,341.06,0.54,0.42,2026-10-04,1227,N,VIIRS,l,2.0NRT,313.29,16.15,D
-14.46559,25.47501,348.18,0.43,0.46,2026-10-04,1227,N,VIIRS,n,2.0NRT,312.23,5.9,D
-14.46446,24.10933,345.92,0.54,0.42,2026-10-04,1227,N,VIIRS,l,2.0NRT,317.16,16.87,D
-14.46195,24.51088,335.68,0.57,0.43,2026-10-04,1227,N,VIIRS,n,2.0NRT,308.91,4.91,D
-14.46058,24.47273,340.18,0.56,0.43,2026-10-04,1227,N,VIIRS,n,2.0NRT,307.16,3.24,D
-14.4586,24.47048,334.18,0.56,0.43,2026-10-04,1227,N,VIIRS,l,2.0NRT,306.29,9.3,D
-14.45707,24.17494,353.21,0.54,0.42,2026-10-04,1227,N,VIIRS,n,2.0NRT,316.19,35.5,D
-14.45663,24.47195,333.48,0.56,0.43,2026-10-04,1227,N,VIIRS,n,2.0NRT,306.59,2.59,D
-14.45312,25.42326,344.64,0.43,0.46,2026-10-04,1227,N,VIIRS,n,2.0NRT,311.66,4.63,D
-14.45133,25.53038,347.86,0.43,0.46,2026-10-04,1227,N,VIIRS,n,2.0NRT,309.02,4.54,D
-14.4512,24.44237,347.56,0.56,0.43,2026-10-04,1227,N,VIIRS,n,2.0NRT,307.44,5.59,D
-14.45061,25.53441,344.06,0.43,0.46,2026-10-04,1227,N,VIIRS,n,2.0NRT,309.34,4.54,D
-14.44988,25.53845,336.74,0.44,0.46,2026-10-04,1227,N,VIIRS,n,2.0NRT,307.66,3.77,D
-14.44941,24.44391,348.97,0.56,0.43,2026-10-04,1227,N,VIIRS,n,2.0NRT,307.81,10.1,D
-14.44862,24.29313,344.54,0.55,0.43,2026-10-04,1227,N,VIIRS,n,2.0NRT,309.86,6.16,D
-14.44773,24.29823,342.75,0.55,0.43,2026-10-04,1227,N,VIIRS,n,2.0NRT,311.25,8.35,D
-14.44725,24.44164,338.63,0.56,0.43,2026-10-04,1227,N,VIIRS,n,2.0NRT,306.34,5.59,D
-14.4471,25.52957,346.21,0.43,0.46,2026-10-04,1227,N,VIIRS,n,2.0NRT,311.66,4.54,D
-14.44638,25.53361,349.07,0.43,0.46,2026-10-04,1227,N,VIIRS,n,2.0NRT,311.66,4.54,D
-14.44565,25.53765,346.94,0.44,0.46,2026-10-04,1227,N,VIIRS,n,2.0NRT,309.92,3.77,D
-14.44214,25.53283,343.06,0.43,0.46,2026-10-04,1227,N,VIIRS,n,2.0NRT,309.52,5.8,D
-14.44079,24.29167,335.56,0.55,0.43,2026-10-04,1227,N,VIIRS,l,2.0NRT,309.83,8.4,D
-14.4394,27.31546,353.35,0.57,0.52,2026-10-04,1227,N,VIIRS,n,2.0NRT,308.48,10.33,D
-14.42533,24.08199,348.52,0.54,0.42,2026-10-04,1227,N,VIIRS,n,2.0NRT,312.17,11.8,D
-14.41794,24.94402,352.93,0.4,0.44,2026-10-04,1227,N,VIIRS,n,2.0NRT,314.03,7.02,D
-14.41794,25.13492,343.15,0.41,0.45,2026-10-04,1227,N,VIIRS,n,2.0NRT,312.24,3.31,D
-14.41386,24.9433,342.51,0.4,0.44,2026-10-04,1227,N,VIIRS,l,2.0NRT,315.64,7.37,D
-14.40002,24.0181,348.43,0.53,0.42,2026-10-04,1227,N,VIIRS,n,2.0NRT,314.03,8.07,D
-14.39913,24.81503,346.16,0.39,0.44,2026-10-04,1227,N,VIIRS,n,2.0NRT,308,4.23,D
-14.38536,26.94774,338.88,0.54,0.51,2026-10-04,1227,N,VIIRS,n,2.0NRT,307.64,4.72,D
-14.38101,27.49264,340.33,0.58,0.52,2026-10-04,1227,N,VIIRS,n,2.0NRT,307.4,16.35,D
-14.37826,27.48088,345.51,0.58,0.52,2026-10-04,1227,N,VIIRS,n,2.0NRT,307.37,18.65,D
-14.37731,23.98856,348.49,0.53,0.42,2026-10-04,1227,N,VIIRS,n,2.0NRT,313.93,13.01,D
-14.37431,23.98292,345.7,0.53,0.42,2026-10-04,1227,N,VIIRS,n,2.0NRT,315.53,4.26,D
-14.37365,25.59595,336.77,0.44,0.46,2026-10-04,1227,N,VIIRS,l,2.0NRT,307.63,4.93,D
-14.37346,23.98783,347.38,0.53,0.42,2026-10-04,1227,N,VIIRS,l,2.0NRT,317.54,17.88,D
-14.37047,23.98221,338.85,0.53,0.42,2026-10-04,1227,N,VIIRS,l,2.0NRT,311.5,4.26,D
-14.36041,24.77435,337.21,0.39,0.44,2026-10-04,1227,N,VIIRS,n,2.0NRT,305.91,1.2,D
-14.35373,24.10149,345.52,0.54,0.42,2026-10-04,1227,N,VIIRS,n,2.0NRT,311.41,11.3,D
-14.34413,24.48434,333.26,0.57,0.43,2026-10-04,1227,N,VIIRS,l,2.0NRT,304.42,3.31,D
-14.34218,24.48158,335.9,0.57,0.43,2026-10-04,1227,N,VIIRS,n,2.0NRT,305.64,5.75,D
-14.3299,25.33879,340.03,0.42,0.46,2026-10-04,1227,N,VIIRS,n,2.0NRT,308.18,2.45,D
-14.31448,27.00799,337.9,0.54,0.51,2026-10-04,1227,N,VIIRS,n,2.0NRT,308.89,4.01,D
-14.30831,24.7162,350.39,0.39,0.44,2026-10-04,1227,N,VIIRS,n,2.0NRT,310.66,8.19,D
-14.30701,24.72341,340.16,0.39,0.44,2026-10-04,1227,N,VIIRS,n,2.0NRT,305.57,2.35,D
-14.30636,24.72701,336.73,0.39,0.44,2026-10-04,1227,N,VIIRS,n,2.0NRT,306.63,2.35,D
-14.30506,24.71095,341.47,0.39,0.44,2026-10-04,1227,N,VIIRS,n,2.0NRT,309.05,4.05,D
-14.30492,24.71189,344.85,0.39,0.44,2026-10-04,1227,N,VIIRS,n,2.0NRT,309.66,7.19,D
-14.30168,24.7299,340.68,0.39,0.44,2026-10-04,1227,N,VIIRS,l,2.0NRT,312.43,7.11,D
-14.30131,24.73262,336.3,0.39,0.44,2026-10-04,1227,N,VIIRS,l,2.0NRT,309.63,6.14,D
-14.3004,24.71388,346.14,0.39,0.44,2026-10-04,1227,N,VIIRS,n,2.0NRT,313.31,7.53,D
-14.30024,24.71482,342.93,0.39,0.44,2026-10-04,1227,N,VIIRS,l,2.0NRT,313.43,8.45,D
-14.3002,24.45466,337.72,0.56,0.43,2026-10-04,1227,N,VIIRS,n,2.0NRT,306.66,3.43,D
-14.29977,24.71748,350.67,0.39,0.44,2026-10-04,1227,N,VIIRS,n,2.0NRT,312.69,7.53,D
-14.29959,24.71841,348.14,0.39,0.44,2026-10-04,1227,N,VIIRS,n,2.0NRT,313.55,8.45,D
-14.29915,24.72108,352.35,0.39,0.44,2026-10-04,1227,N,VIIRS,n,2.0NRT,314.24,11.42,D
-14.29894,24.722,351.56,0.39,0.44,2026-10-04,1227,N,VIIRS,n,2.0NRT,313.79,11.46,D
-14.29511,24.72038,335.31,0.39,0.44,2026-10-04,1227,N,VIIRS,l,2.0NRT,309.22,3.14,D
-14.29332,23.915,342.07,0.53,0.42,2026-10-04,1227,N,VIIRS,l,2.0NRT,314.9,9.05,D
-14.2931,24.78003,354.58,0.39,0.44,2026-10-04,1227,N,VIIRS,n,2.0NRT,309.35,4.25,D
-14.29249,24.78084,347.84,0.39,0.44,2026-10-04,1227,N,VIIRS,n,2.0NRT,309.63,3.6,D
-14.29246,24.78373,335.46,0.39,0.44,2026-10-04,1227,N,VIIRS,l,2.0NRT,308.77,4.25,D
-14.29209,24.15477,342.8,0.54,0.42,2026-10-04,1227,N,VIIRS,n,2.0NRT,312.75,9.82,D
-14.29182,24.78453,334.18,0.39,0.44,2026-10-04,1227,N,VIIRS,l,2.0NRT,308.8,3.6,D
-14.27284,24.70506,340.81,0.39,0.44,2026-10-04,1227,N,VIIRS,n,2.0NRT,306.42,2.9,D
-14.2722,24.70872,350.98,0.39,0.44,2026-10-04,1227,N,VIIRS,n,2.0NRT,309.76,8.64,D
-14.26998,26.83357,334.42,0.53,0.5,2026-10-04,1227,N,VIIRS,l,2.0NRT,308.38,6.32,D
-14.26903,26.83858,341.52,0.53,0.5,2026-10-04,1227,N,VIIRS,n,2.0NRT,306.77,8,D
-14.26775,27.02483,338.53,0.55,0.51,2026-10-04,1227,N,VIIRS,l,2.0NRT,310.89,8.83,D
-14.26536,26.83267,344.18,0.53,0.5,2026-10-04,1227,N,VIIRS,n,2.0NRT,307.26,7.32,D
-14.26316,25.01306,337.91,0.41,0.45,2026-10-04,1227,N,VIIRS,l,2.0NRT,312.56,2.35,D
-14.26306,27.02395,346.64,0.55,0.51,2026-10-04,1227,N,VIIRS,n,2.0NRT,308.23,8.83,D
-14.26148,28.14148,336.38,0.32,0.55,2026-10-04,1227,N,VIIRS,l,2.0NRT,306.78,1.92,D
-14.25598,26.90763,333.18,0.54,0.51,2026-10-04,1227,N,VIIRS,l,2.0NRT,305.67,4.82,D
-14.21268,25.33863,347.58,0.43,0.46,2026-10-04,1227,N,VIIRS,n,2.0NRT,317.89,36.06,D
-14.21197,25.34258,367,0.43,0.46,2026-10-04,1227,N,VIIRS,h,2.0NRT,311.66,36.06,D
-14.21053,25.3505,334.7,0.43,0.46,2026-10-04,1227,N,VIIRS,l,2.0NRT,308.97,3.42,D
-14.20921,25.33389,338.66,0.43,0.46,2026-10-04,1227,N,VIIRS,l,2.0NRT,313.02,16.56,D
-14.20849,25.33784,355.94,0.43,0.46,2026-10-04,1227,N,VIIRS,n,2.0NRT,323.52,31.31,D
-14.20777,25.3418,367,0.43,0.46,2026-10-04,1227,N,VIIRS,h,2.0NRT,317.36,31.31,D
-14.20705,25.34575,345.39,0.43,0.46,2026-10-04,1227,N,VIIRS,n,2.0NRT,313.23,11.33,D
-14.20393,23.87528,367,0.53,0.42,2026-10-04,1227,N,VIIRS,h,2.0NRT,315.77,16.69,D
-14.19995,27.28051,340.86,0.57,0.52,2026-10-04,1227,N,VIIRS,n,2.0NRT,303.2,4.38,D
-14.16965,26.01848,341.7,0.47,0.48,2026-10-04,1227,N,VIIRS,n,2.0NRT,302.55,5.03,D
-14.16887,26.02283,334.1,0.47,0.48,2026-10-04,1227,N,VIIRS,n,2.0NRT,303.53,5.03,D
-14.16874,26.0209,350.06,0.47,0.48,2026-10-04,1227,N,VIIRS,n,2.0NRT,306.26,9.97,D
-14.16809,26.02717,333.98,0.47,0.48,2026-10-04,1227,N,VIIRS,n,2.0NRT,303.63,5.89,D
-14.16793,26.02524,337.07,0.47,0.48,2026-10-04,1227,N,VIIRS,n,2.0NRT,303.65,6,D
-14.16731,26.03153,348.23,0.47,0.48,2026-10-04,1227,N,VIIRS,n,2.0NRT,304.14,5.89,D
-14.16712,26.02957,347.85,0.47,0.48,2026-10-04,1227,N,VIIRS,n,2.0NRT,304.3,6,D
-14.16527,26.01763,332.76,0.47,0.48,2026-10-04,1227,N,VIIRS,n,2.0NRT,301.71,40.93,D
-14.16448,26.02198,355.15,0.47,0.48,2026-10-04,1227,N,VIIRS,n,2.0NRT,312.7,40.93,D
-14.1637,26.02633,367,0.47,0.48,2026-10-04,1227,N,VIIRS,h,2.0NRT,304.61,46.41,D
-14.1503,24.5493,348.28,0.38,0.43,2026-10-04,1227,N,VIIRS,n,2.0NRT,307.27,10.74,D
-14.14989,26.9715,338.89,0.54,0.51,2026-10-04,1227,N,VIIRS,n,2.0NRT,303.99,6.53,D
-14.14693,24.54506,332,0.38,0.43,2026-10-04,1227,N,VIIRS,l,2.0NRT,306.55,10.74,D
-14.1463,24.5486,355.73,0.38,0.43,2026-10-04,1227,N,VIIRS,n,2.0NRT,312.52,10.74,D
-14.14587,24.71521,348.75,0.39,0.44,2026-10-04,1227,N,VIIRS,n,2.0NRT,311.65,5.18,D
-14.14522,24.71886,353.24,0.39,0.44,2026-10-04,1227,N,VIIRS,n,2.0NRT,313.96,5.18,D
-14.14294,24.54432,356.81,0.38,0.43,2026-10-04,1227,N,VIIRS,n,2.0NRT,309.79,14.1,D
-14.14167,24.55144,343.75,0.38,0.43,2026-10-04,1227,N,VIIRS,n,2.0NRT,307.66,5.1,D
-14.14118,24.71815,345.22,0.39,0.44,2026-10-04,1227,N,VIIRS,n,2.0NRT,311.43,5.18,D
-14.14053,24.72181,349.44,0.39,0.44,2026-10-04,1227,N,VIIRS,n,2.0NRT,313.97,7.82,D
-14.12938,24.66723,354.22,0.39,0.44,2026-10-04,1227,N,VIIRS,n,2.0NRT,307.7,7.45,D
-14.12611,25.53426,344.64,0.44,0.46,2026-10-04,1227,N,VIIRS,n,2.0NRT,314.2,9.85,D
-14.10794,25.36798,341.46,0.43,0.46,2026-10-04,1227,N,VIIRS,n,2.0NRT,311.95,4.62,D
-14.10096,25.35849,339.72,0.43,0.46,2026-10-04,1227,N,VIIRS,l,2.0NRT,313.12,6.79,D
-14.09797,25.91515,347.07,0.47,0.47,2026-10-04,1227,N,VIIRS,n,2.0NRT,311.38,30.87,D
-14.09718,25.91941,367,0.47,0.47,2026-10-04,1227,N,VIIRS,l,2.0NRT,326.72,30.87,D
-14.09639,25.92369,337.92,0.47,0.47,2026-10-04,1227,N,VIIRS,n,2.0NRT,307.88,22.01,D
-14.09387,25.91467,341.47,0.47,0.47,2026-10-04,1227,N,VIIRS,l,2.0NRT,311.62,4.85,D
-14.09361,25.91432,339.93,0.47,0.47,2026-10-04,1227,N,VIIRS,l,2.0NRT,311.53,5.65,D
-14.08986,26.25658,345.32,0.49,0.49,2026-10-04,1227,N,VIIRS,n,2.0NRT,316.32,11.6,D
-14.08902,26.26114,342.35,0.49,0.49,2026-10-04,1227,N,VIIRS,n,2.0NRT,310.67,7.57,D
-14.08007,26.25957,348.98,0.49,0.49,2026-10-04,1227,N,VIIRS,n,2.0NRT,310.18,7.31,D
-14.07688,24.51632,332.97,0.38,0.43,2026-10-04,1227,N,VIIRS,l,2.0NRT,307.5,2.97,D
-14.07512,25.38288,338.86,0.43,0.46,2026-10-04,1227,N,VIIRS,l,2.0NRT,309.58,4.67,D
-14.07479,25.38252,343.92,0.43,0.46,2026-10-04,1227,N,VIIRS,n,2.0NRT,310.79,17.25,D
-14.07366,24.5112,337.2,0.57,0.43,2026-10-04,1227,N,VIIRS,l,2.0NRT,309.05,25.6,D
-14.07091,25.38208,350.71,0.43,0.46,2026-10-04,1227,N,VIIRS,n,2.0NRT,315.81,21.79,D
-14.07058,25.38173,355.03,0.43,0.46,2026-10-04,1227,N,VIIRS,n,2.0NRT,317.2,17.25,D
-14.06967,24.51048,343.24,0.57,0.43,2026-10-04,1227,N,VIIRS,n,2.0NRT,308.61,25.6,D
-14.06669,25.3813,345.55,0.43,0.46,2026-10-04,1227,N,VIIRS,n,2.0NRT,307.53,21.79,D
-14.05009,26.03263,352.45,0.47,0.48,2026-10-04,1227,N,VIIRS,n,2.0NRT,311.68,17.79,D
-14.04931,26.03696,344.77,0.48,0.48,2026-10-04,1227,N,VIIRS,n,2.0NRT,312.43,17.79,D
-14.03918,27.6882,343.77,0.61,0.53,2026-10-04,1227,N,VIIRS,n,2.0NRT,309.13,9.24,D
-14.03821,25.70178,352.41,0.45,0.47,2026-10-04,1227,N,VIIRS,n,2.0NRT,315.13,24.94,D
-14.03744,25.70599,354,0.45,0.47,2026-10-04,1227,N,VIIRS,n,2.0NRT,308.45,24.94,D
-14.03666,25.7102,337.49,0.45,0.47,2026-10-04,1227,N,VIIRS,n,2.0NRT,307.64,5.18,D
-14.03391,25.70097,345.7,0.45,0.47,2026-10-04,1227,N,VIIRS,n,2.0NRT,308.42,5.68,D
-14.03313,25.70518,348.11,0.45,0.47,2026-10-04,1227,N,VIIRS,n,2.0NRT,309.83,5.68,D
-14.0052,24.47022,338.21,0.57,0.43,2026-10-04,1227,N,VIIRS,l,2.0NRT,310.8,3.77,D
-14.0043,24.47544,338.81,0.57,0.43,2026-10-04,1227,N,VIIRS,l,2.0NRT,313.72,9.02,D
-13.99787,24.4414,342.1,0.57,0.43,2026-10-04,1227,N,VIIRS,n,2.0NRT,310.33,12.08,D
-13.98508,24.07551,337.18,0.54,0.42,2026-10-04,1227,N,VIIRS,l,2.0NRT,310,5.39,D
-13.98429,24.07861,344.42,0.54,0.42,2026-10-04,1227,N,VIIRS,n,2.0NRT,310.85,6.84,D
-13.94742,23.94537,343.65,0.53,0.42,2026-10-04,1227,N,VIIRS,l,2.0NRT,316.36,45.13,D
-13.94324,26.31536,342.24,0.5,0.49,2026-10-04,1227,N,VIIRS,n,2.0NRT,309.75,6.21,D
-13.9427,23.94959,344.48,0.53,0.42,2026-10-04,1227,N,VIIRS,n,2.0NRT,309.25,9.58,D
-13.92301,25.73772,334.54,0.46,0.47,2026-10-04,1227,N,VIIRS,l,2.0NRT,307.52,1.9,D
-13.92026,24.91024,353,0.41,0.45,2026-10-04,1227,N,VIIRS,n,2.0NRT,312.19,5.64,D
-13.91827,25.58507,343.24,0.45,0.47,2026-10-04,1227,N,VIIRS,n,2.0NRT,309.13,7.12,D
-13.91616,24.90949,340.04,0.41,0.45,2026-10-04,1227,N,VIIRS,n,2.0NRT,309.66,5.64,D
-13.90764,27.3994,340.12,0.59,0.53,2026-10-04,1227,N,VIIRS,n,2.0NRT,307.03,7.05,D
-13.90566,27.40042,341.02,0.59,0.52,2026-10-04,1227,N,VIIRS,n,2.0NRT,307.39,6.53,D
-13.90145,27.81827,340.47,0.62,0.54,2026-10-04,1227,N,VIIRS,n,2.0NRT,307.86,10.21,D
-13.87939,24.78364,336.33,0.4,0.44,2026-10-04,1227,N,VIIRS,l,2.0NRT,309.82,3.26,D
-13.87058,24.78585,340.51,0.4,0.44,2026-10-04,1227,N,VIIRS,n,2.0NRT,309.76,4.73,D
-13.84327,25.77936,344.03,0.46,0.47,2026-10-04,1227,N,VIIRS,n,2.0NRT,311.71,7.37,D
-13.84215,24.57227,335.19,0.39,0.44,2026-10-04,1227,N,VIIRS,l,2.0NRT,307.58,1.87,D
-13.84152,24.57586,349.84,0.39,0.44,2026-10-04,1227,N,VIIRS,n,2.0NRT,312.64,15.38,D
-13.84088,24.57946,342.39,0.39,0.44,2026-10-04,1227,N,VIIRS,n,2.0NRT,309.85,15.38,D
-13.83926,25.41912,337.4,0.44,0.46,2026-10-04,1227,N,VIIRS,l,2.0NRT,310.59,2.86,D
-13.8375,24.57511,337.29,0.39,0.44,2026-10-04,1227,N,VIIRS,l,2.0NRT,311.54,16.34,D
-13.83686,24.5787,343.4,0.39,0.44,2026-10-04,1227,N,VIIRS,n,2.0NRT,310.16,16.34,D
-13.83132,25.92002,351.22,0.47,0.48,2026-10-04,1227,N,VIIRS,n,2.0NRT,312.15,6.19,D
-13.83084,25.60267,338.48,0.45,0.47,2026-10-04,1227,N,VIIRS,l,2.0NRT,309.18,1.47,D
-13.83053,25.9244,341.73,0.47,0.48,2026-10-04,1227,N,VIIRS,n,2.0NRT,309.1,6.19,D
-13.82866,26.01023,342.22,0.48,0.48,2026-10-04,1227,N,VIIRS,l,2.0NRT,313.97,5.67,D
-13.82695,25.91913,341.77,0.47,0.48,2026-10-04,1227,N,VIIRS,n,2.0NRT,307.45,6.19,D
-13.8244,24.86477,335.02,0.4,0.45,2026-10-04,1227,N,VIIRS,l,2.0NRT,308.07,3.22,D
-13.82439,25.54141,344.49,0.45,0.47,2026-10-04,1227,N,VIIRS,n,2.0NRT,312.92,5.14,D
-13.82184,25.54241,354.02,0.45,0.47,2026-10-04,1227,N,VIIRS,n,2.0NRT,311.77,7.8,D
-13.81982,25.56617,349.07,0.45,0.47,2026-10-04,1227,N,VIIRS,n,2.0NRT,316.83,14.91,D
-13.81818,25.56308,339.21,0.45,0.47,2026-10-04,1227,N,VIIRS,n,2.0NRT,314.2,12.46,D
-13.81744,25.56725,343.68,0.45,0.47,2026-10-04,1227,N,VIIRS,n,2.0NRT,313.99,12.59,D
-13.80192,25.53017,344.86,0.45,0.47,2026-10-04,1227,N,VIIRS,n,2.0NRT,310.55,6.97,D
-13.80033,24.95372,333.38,0.41,0.45,2026-10-04,1227,N,VIIRS,l,2.0NRT,306.69,0.81,D
-13.7962,24.95299,355.76,0.41,0.45,2026-10-04,1227,N,VIIRS,n,2.0NRT,307.15,4.54,D
-13.79207,24.95227,340.95,0.41,0.45,2026-10-04,1227,N,VIIRS,n,2.0NRT,306.7,4.54,D
-13.78617,27.58771,345.36,0.6,0.53,2026-10-04,1227,N,VIIRS,n,2.0NRT,308.4,11.92,D
-13.78566,27.58453,343.36,0.61,0.53,2026-10-04,1227,N,VIIRS,n,2.0NRT,306.71,13.6,D
-13.77742,27.84657,341.51,0.63,0.54,2026-10-04,1227,N,VIIRS,n,2.0NRT,305.74,11.14,D
-13.75751,25.70328,337.83,0.46,0.47,2026-10-04,1227,N,VIIRS,l,2.0NRT,310.73,6.25,D
-13.75012,24.92502,339.54,0.41,0.45,2026-10-04,1227,N,VIIRS,n,2.0NRT,305.51,1.92,D
-13.74522,27.74688,336.72,0.62,0.54,2026-10-04,1227,N,VIIRS,l,2.0NRT,309.98,11.78,D
-13.74452,26.55172,337.65,0.52,0.5,2026-10-04,1227,N,VIIRS,l,2.0NRT,308.1,6.72,D
-13.74272,26.55532,340.8,0.52,0.5,2026-10-04,1227,N,VIIRS,n,2.0NRT,308.53,10.48,D
-13.73145,25.77293,340.07,0.46,0.47,2026-10-04,1227,N,VIIRS,l,2.0NRT,310.84,6.38,D
-13.72946,27.66703,340.43,0.61,0.54,2026-10-04,1227,N,VIIRS,n,2.0NRT,308.24,10.47,D
-13.7284,27.67267,354.14,0.61,0.54,2026-10-04,1227,N,VIIRS,n,2.0NRT,302.87,10.47,D
-13.72677,25.79868,351.5,0.46,0.47,2026-10-04,1227,N,VIIRS,n,2.0NRT,311.26,19.4,D
-13.72581,25.87868,342.85,0.47,0.48,2026-10-04,1227,N,VIIRS,l,2.0NRT,314.76,9.47,D
-13.72241,25.79789,353.3,0.46,0.47,2026-10-04,1227,N,VIIRS,n,2.0NRT,309.46,19.4,D
-13.70488,24.02369,349.9,0.54,0.42,2026-10-04,1227,N,VIIRS,n,2.0NRT,310.03,11.96,D
-13.70186,24.01796,354.52,0.54,0.42,2026-10-04,1227,N,VIIRS,n,2.0NRT,313.17,15.69,D
-13.70099,24.02298,349.65,0.54,0.42,2026-10-04,1227,N,VIIRS,n,2.0NRT,312.81,37.52,D
-13.69765,24.87189,340.07,0.41,0.45,2026-10-04,1227,N,VIIRS,n,2.0NRT,306.91,4.92,D
-13.69699,24.87562,333.4,0.41,0.45,2026-10-04,1227,N,VIIRS,l,2.0NRT,305.6,4.23,D
-13.69156,24.88236,340.32,0.41,0.45,2026-10-04,1227,N,VIIRS,n,2.0NRT,306.91,5.19,D
-13.69141,24.8592,341.81,0.41,0.45,2026-10-04,1227,N,VIIRS,n,2.0NRT,307.32,8.7,D
-13.69075,24.86293,345.24,0.41,0.45,2026-10-04,1227,N,VIIRS,n,2.0NRT,311.47,8.7,D
-13.68704,25.44515,337.24,0.44,0.46,2026-10-04,1227,N,VIIRS,l,2.0NRT,310.15,2.47,D
-13.68678,24.88539,336.47,0.41,0.45,2026-10-04,1227,N,VIIRS,l,2.0NRT,309.92,5.19,D
-13.68664,24.86219,353.55,0.41,0.45,2026-10-04,1227,N,VIIRS,n,2.0NRT,313.19,36.19,D
-13.68438,24.8271,350.59,0.4,0.45,2026-10-04,1227,N,VIIRS,n,2.0NRT,312.7,6.02,D
-13.682,24.88841,336.29,0.41,0.45,2026-10-04,1227,N,VIIRS,n,2.0NRT,306.28,7.95,D
-13.67855,24.88395,353.99,0.41,0.45,2026-10-04,1227,N,VIIRS,n,2.0NRT,314.78,42.07,D
-13.67789,24.88768,341.83,0.41,0.45,2026-10-04,1227,N,VIIRS,n,2.0NRT,304.57,7.95,D
-13.67075,27.48398,333.26,0.6,0.53,2026-10-04,1227,N,VIIRS,n,2.0NRT,302.07,4.43,D
-13.65508,25.16204,341.8,0.42,0.46,2026-10-04,1227,N,VIIRS,n,2.0NRT,306.56,2.75,D
-13.65178,23.93388,347.21,0.54,0.42,2026-10-04,1227,N,VIIRS,n,2.0NRT,308.25,12.87,D
-13.6479,23.93318,335.01,0.54,0.42,2026-10-04,1227,N,VIIRS,l,2.0NRT,308.89,6.92,D
-13.64222,25.66908,349.61,0.46,0.47,2026-10-04,1227,N,VIIRS,n,2.0NRT,315.84,19.6,D
-13.64022,24.02478,345.14,0.55,0.42,2026-10-04,1227,N,VIIRS,n,2.0NRT,307.93,10.51,D
-13.63928,23.93677,337.87,0.54,0.42,2026-10-04,1227,N,VIIRS,l,2.0NRT,308.47,4.15,D
-13.63737,26.66737,344.36,0.53,0.5,2026-10-04,1227,N,VIIRS,n,2.0NRT,312.18,39.32,D
-13.63469,26.66507,353.33,0.53,0.5,2026-10-04,1227,N,VIIRS,n,2.0NRT,309.67,48.8,D
-13.63274,26.66652,344.15,0.53,0.5,2026-10-04,1227,N,VIIRS,n,2.0NRT,307.77,39.32,D
-13.62679,23.98606,335.46,0.54,0.42,2026-10-04,1227,N,VIIRS,l,2.0NRT,307.97,5.75,D
-13.62648,25.03237,344.1,0.42,0.45,2026-10-04,1227,N,VIIRS,n,2.0NRT,309.46,9.8,D
-13.62289,23.98536,335.49,0.54,0.42,2026-10-04,1227,N,VIIRS,l,2.0NRT,306.32,4.24,D
-13.62203,23.99038,337.41,0.54,0.42,2026-10-04,1227,N,VIIRS,n,2.0NRT,306.6,6.63,D
-13.60969,24.32144,343.5,0.57,0.43,2026-10-04,1227,N,VIIRS,n,2.0NRT,311.96,4.9,D
-13.60825,24.31843,338.8,0.57,0.43,2026-10-04,1227,N,VIIRS,l,2.0NRT,313.53,12.75,D
-13.60685,24.00838,350.32,0.55,0.42,2026-10-04,1227,N,VIIRS,n,2.0NRT,311,17.38,D
-13.60571,24.3207,349,0.57,0.43,2026-10-04,1227,N,VIIRS,n,2.0NRT,315.14,41.19,D
-13.6047,23.99763,355.06,0.54,0.42,2026-10-04,1227,N,VIIRS,n,2.0NRT,312.03,11.03,D
-13.60383,24.00266,343.68,0.54,0.42,2026-10-04,1227,N,VIIRS,n,2.0NRT,310.78,11.03,D
-13.60295,24.00768,350.79,0.55,0.42,2026-10-04,1227,N,VIIRS,n,2.0NRT,313.8,12.48,D
-13.60168,23.99191,336.55,0.54,0.42,2026-10-04,1227,N,VIIRS,l,2.0NRT,308.64,4.4,D
-13.58949,24.53934,341.37,0.39,0.44,2026-10-04,1227,N,VIIRS,n,2.0NRT,313.57,3.42,D
-13.58941,24.94483,351.82,0.41,0.45,2026-10-04,1227,N,VIIRS,n,2.0NRT,314.38,9.4,D
-13.58527,24.94408,352.59,0.41,0.45,2026-10-04,1227,N,VIIRS,n,2.0NRT,310.2,9.4,D
-13.58313,24.09833,337.76,0.55,0.43,2026-10-04,1227,N,VIIRS,l,2.0NRT,311.45,3.9,D
-13.56745,24.97249,337.95,0.42,0.45,2026-10-04,1227,N,VIIRS,n,2.0NRT,307.46,3.25,D
-13.56189,25.34205,340.35,0.44,0.46,2026-10-04,1227,N,VIIRS,l,2.0NRT,310.58,3.6,D
-13.55977,24.94344,338.1,0.41,0.45,2026-10-04,1227,N,VIIRS,l,2.0NRT,309.66,2.75,D
-13.5591,24.94724,341.94,0.41,0.45,2026-10-04,1227,N,VIIRS,n,2.0NRT,308.28,2.75,D
-13.55818,25.90638,344.55,0.47,0.48,2026-10-04,1227,N,VIIRS,n,2.0NRT,309.58,6.38,D
-13.5574,25.91059,342.15,0.48,0.48,2026-10-04,1227,N,VIIRS,n,2.0NRT,308.87,6.38,D
-13.55471,23.93973,348.37,0.54,0.42,2026-10-04,1227,N,VIIRS,n,2.0NRT,308.91,7.31,D
-13.55431,24.49909,357.04,0.39,0.44,2026-10-04,1227,N,VIIRS,n,2.0NRT,311.79,4.67,D
-13.55083,23.93903,337.11,0.54,0.42,2026-10-04,1227,N,VIIRS,n,2.0NRT,305.24,7.31,D
-13.5497,24.28939,344.25,0.57,0.43,2026-10-04,1227,N,VIIRS,l,2.0NRT,317.76,9.49,D
-13.54863,25.58613,334.64,0.45,0.47,2026-10-04,1227,N,VIIRS,l,2.0NRT,305.94,4.45,D
-13.54475,24.48258,338.18,0.39,0.44,2026-10-04,1227,N,VIIRS,l,2.0NRT,312.97,6.01,D
-13.54412,24.48615,345.71,0.39,0.44,2026-10-04,1227,N,VIIRS,n,2.0NRT,318.09,6.01,D
-13.54011,24.48541,342.74,0.39,0.44,2026-10-04,1227,N,VIIRS,l,2.0NRT,315.42,6.01,D
-13.53641,24.97864,351.56,0.42,0.45,2026-10-04,1227,N,VIIRS,n,2.0NRT,311.16,6.67,D
-13.53098,23.96124,342.38,0.54,0.42,2026-10-04,1227,N,VIIRS,n,2.0NRT,308.23,15.48,D
-13.52749,24.12281,346.16,0.56,0.43,2026-10-04,1227,N,VIIRS,n,2.0NRT,312.71,6.05,D
-13.52709,23.96054,347.47,0.54,0.42,2026-10-04,1227,N,VIIRS,n,2.0NRT,306.94,8.87,D
-13.52355,24.12212,344.7,0.56,0.43,2026-10-04,1227,N,VIIRS,n,2.0NRT,311.92,6.83,D
-13.51801,25.48584,343.04,0.45,0.47,2026-10-04,1227,N,VIIRS,n,2.0NRT,309.51,4.54,D
-13.51759,25.65874,340.95,0.46,0.47,2026-10-04,1227,N,VIIRS,n,2.0NRT,308.91,5.67,D
-13.51619,25.48531,339.84,0.45,0.47,2026-10-04,1227,N,VIIRS,n,2.0NRT,308.53,5.11,D
-13.51399,24.08347,348.2,0.55,0.43,2026-10-04,1227,N,VIIRS,n,2.0NRT,320.08,33.03,D
-13.51302,27.75134,343.15,0.63,0.54,2026-10-04,1227,N,VIIRS,n,2.0NRT,303,7.26,D
-13.51291,27.74848,341.44,0.63,0.54,2026-10-04,1227,N,VIIRS,n,2.0NRT,302.49,9.95,D
-13.51007,24.08275,345.57,0.55,0.43,2026-10-04,1227,N,VIIRS,n,2.0NRT,309.61,33.03,D
-13.50936,23.94706,336.58,0.54,0.42,2026-10-04,1227,N,VIIRS,l,2.0NRT,306.88,3.5,D
-13.50919,24.08787,338.67,0.55,0.43,2026-10-04,1227,N,VIIRS,n,2.0NRT,309.27,12.91,D
-13.50849,23.95205,331.91,0.54,0.42,2026-10-04,1227,N,VIIRS,l,2.0NRT,306.51,3.23,D
-13.50696,25.24016,331.72,0.43,0.46,2026-10-04,1227,N,VIIRS,l,2.0NRT,305.19,1.31,D
-13.50546,23.94637,345.76,0.54,0.42,2026-10-04,1227,N,VIIRS,n,2.0NRT,311.21,28.05,D
-13.50161,24.58616,342.76,0.39,0.44,2026-10-04,1227,N,VIIRS,n,2.0NRT,309.93,8.35,D
-13.5007,23.95067,337.24,0.54,0.42,2026-10-04,1227,N,VIIRS,l,2.0NRT,308.07,15.25,D
-13.4982,24.58181,353.71,0.39,0.44,2026-10-04,1227,N,VIIRS,n,2.0NRT,313.68,10.01,D
-13.4971,25.24654,367,0.43,0.46,2026-10-04,1227,N,VIIRS,h,2.0NRT,308.54,17.62,D
-13.48902,23.9486,334.94,0.54,0.42,2026-10-04,1227,N,VIIRS,l,2.0NRT,306.23,7.81,D
-13.48676,26.64841,344.93,0.53,0.5,2026-10-04,1227,N,VIIRS,n,2.0NRT,306.26,8.6,D
-13.48131,24.91738,335.35,0.41,0.45,2026-10-04,1227,N,VIIRS,l,2.0NRT,306.19,4.69,D
-13.48124,23.9472,339.26,0.54,0.42,2026-10-04,1227,N,VIIRS,n,2.0NRT,307.86,6.96,D
-13.47971,24.02497,332.46,0.55,0.43,2026-10-04,1227,N,VIIRS,l,2.0NRT,307.14,3.05,D
-13.47769,25.33028,341.59,0.44,0.46,2026-10-04,1227,N,VIIRS,n,2.0NRT,306.13,3.17,D
-13.47735,23.9465,348.07,0.54,0.42,2026-10-04,1227,N,VIIRS,n,2.0NRT,309.66,6.96,D
-13.47433,23.9408,353.15,0.54,0.42,2026-10-04,1227,N,VIIRS,n,2.0NRT,311.32,15.76,D
-13.47346,23.9458,352.11,0.54,0.42,2026-10-04,1227,N,VIIRS,n,2.0NRT,309.46,13.01,D
-13.47191,24.1392,347.96,0.56,0.43,2026-10-04,1227,N,VIIRS,n,2.0NRT,308.62,12.57,D
-13.47044,23.94011,349.87,0.54,0.42,2026-10-04,1227,N,VIIRS,n,2.0NRT,308.83,15.76,D
-13.46987,23.94221,346.18,0.54,0.42,2026-10-04,1227,N,VIIRS,n,2.0NRT,306.6,8.78,D
-13.46618,24.14876,339.15,0.56,0.43,2026-10-04,1227,N,VIIRS,n,2.0NRT,309.79,4.33,D
-13.44678,26.29953,340.17,0.51,0.49,2026-10-04,1227,N,VIIRS,n,2.0NRT,307.1,5.84,D
-13.43277,24.06588,335.12,0.55,0.43,2026-10-04,1227,N,VIIRS,n,2.0NRT,306.42,3.5,D
-13.43103,26.61323,333.76,0.53,0.5,2026-10-04,1227,N,VIIRS,n,2.0NRT,306.3,4.15,D
-13.4301,26.61815,335.88,0.53,0.5,2026-10-04,1227,N,VIIRS,n,2.0NRT,304.2,4.15,D
-13.42225,23.89247,347.45,0.54,0.42,2026-10-04,1227,N,VIIRS,n,2.0NRT,310.82,9.4,D
-13.41663,25.06458,333.77,0.42,0.45,2026-10-04,1227,N,VIIRS,l,2.0NRT,307.24,2.97,D
-13.40714,26.31123,342.43,0.51,0.49,2026-10-04,1227,N,VIIRS,n,2.0NRT,304.68,4.49,D
-13.40046,24.85945,341.74,0.41,0.45,2026-10-04,1227,N,VIIRS,n,2.0NRT,307.67,3.74,D
-13.37258,26.47247,330.27,0.52,0.5,2026-10-04,1227,N,VIIRS,l,2.0NRT,303.1,3.96,D
-13.37182,25.2902,342.02,0.44,0.46,2026-10-04,1227,N,VIIRS,n,2.0NRT,303.54,3.35,D
-13.36757,25.28945,342.39,0.44,0.46,2026-10-04,1227,N,VIIRS,n,2.0NRT,304.85,4.71,D
-13.36614,27.60218,345.22,0.62,0.54,2026-10-04,1227,N,VIIRS,n,2.0NRT,305.56,26.61,D
-13.36349,25.0715,340.34,0.42,0.46,2026-10-04,1227,N,VIIRS,n,2.0NRT,306.92,5.52,D
-13.3628,25.07541,345.41,0.42,0.46,2026-10-04,1227,N,VIIRS,n,2.0NRT,311.26,14.13,D
-13.36276,24.21277,342.64,0.56,0.43,2026-10-04,1227,N,VIIRS,n,2.0NRT,306.7,5.62,D
-13.35963,25.80698,342.51,0.47,0.48,2026-10-04,1227,N,VIIRS,n,2.0NRT,307.02,7.18,D
-13.3593,25.07073,339.75,0.42,0.46,2026-10-04,1227,N,VIIRS,n,2.0NRT,307.72,2.56,D
-13.3588,24.21206,347.54,0.56,0.43,2026-10-04,1227,N,VIIRS,n,2.0NRT,310.28,16.4,D
-13.35612,25.80262,338.67,0.47,0.48,2026-10-04,1227,N,VIIRS,n,2.0NRT,306.21,5.2,D
-13.35534,25.80703,343.62,0.47,0.48,2026-10-04,1227,N,VIIRS,n,2.0NRT,310.44,15.33,D
-13.35523,25.80618,346.71,0.47,0.48,2026-10-04,1227,N,VIIRS,n,2.0NRT,312,13.97,D
-13.35512,25.06996,332.52,0.42,0.46,2026-10-04,1227,N,VIIRS,l,2.0NRT,306.56,2.56,D
-13.3507,25.38285,342.65,0.44,0.46,2026-10-04,1227,N,VIIRS,n,2.0NRT,305.42,4.76,D
-13.31829,23.84514,343.7,0.54,0.42,2026-10-04,1227,N,VIIRS,n,2.0NRT,315.19,15.13,D
-13.31554,25.62625,336.9,0.46,0.47,2026-10-04,1227,N,VIIRS,n,2.0NRT,306.09,4.73,D
-13.31478,25.63047,345.51,0.46,0.47,2026-10-04,1227,N,VIIRS,n,2.0NRT,306.67,6.8,D
-13.31194,24.36226,344.61,0.38,0.44,2026-10-04,1227,N,VIIRS,n,2.0NRT,309.22,4.97,D
-13.31182,26.34373,336.91,0.51,0.49,2026-10-04,1227,N,VIIRS,n,2.0NRT,304.54,6.18,D
-13.3112,25.62545,341.56,0.46,0.47,2026-10-04,1227,N,VIIRS,n,2.0NRT,307.3,4.73,D
-13.31043,25.62969,337.36,0.46,0.47,2026-10-04,1227,N,VIIRS,n,2.0NRT,306.51,6.8,D
-13.30686,25.62467,342.28,0.46,0.47,2026-10-04,1227,N,VIIRS,n,2.0NRT,306.94,5.61,D
-13.30608,25.62893,338.91,0.46,0.47,2026-10-04,1227,N,VIIRS,n,2.0NRT,307.08,6.09,D
-13.30456,24.3573,346.4,0.38,0.44,2026-10-04,1227,N,VIIRS,n,2.0NRT,310.58,3.98,D
-13.30393,24.36086,344.39,0.38,0.44,2026-10-04,1227,N,VIIRS,n,2.0NRT,309.65,3.98,D
-13.29041,24.41381,339.67,0.39,0.44,2026-10-04,1227,N,VIIRS,l,2.0NRT,310.6,4.14,D
-13.28742,25.08593,354.63,0.43,0.46,2026-10-04,1227,N,VIIRS,n,2.0NRT,306.58,7.05,D
-13.28323,25.08516,330.85,0.43,0.46,2026-10-04,1227,N,VIIRS,l,2.0NRT,304.82,7.05,D
-13.26342,26.50359,356.45,0.53,0.5,2026-10-04,1227,N,VIIRS,n,2.0NRT,311.34,28.37,D
-13.25762,26.69083,330.61,0.54,0.51,2026-10-04,1227,N,VIIRS,l,2.0NRT,302.19,4.78,D
-13.25578,26.70081,333.38,0.54,0.51,2026-10-04,1227,N,VIIRS,n,2.0NRT,301.34,8.36,D
-13.25538,26.29292,340.06,0.51,0.49,2026-10-04,1227,N,VIIRS,n,2.0NRT,302.28,15.03,D
-13.25457,26.29422,356.07,0.51,0.49,2026-10-04,1227,N,VIIRS,n,2.0NRT,305.14,15.24,D
-13.25448,26.2977,353.97,0.51,0.49,2026-10-04,1227,N,VIIRS,n,2.0NRT,305.17,15.03,D
-13.25371,26.29901,344.13,0.51,0.49,2026-10-04,1227,N,VIIRS,n,2.0NRT,302.78,15.24,D
-13.25295,26.68998,340.81,0.54,0.51,2026-10-04,1227,N,VIIRS,n,2.0NRT,306.52,4.78,D
-13.24951,25.66788,346.48,0.46,0.47,2026-10-04,1227,N,VIIRS,n,2.0NRT,305.22,9.5,D
-13.24134,25.90841,340.94,0.48,0.48,2026-10-04,1227,N,VIIRS,n,2.0NRT,307.65,4.23,D
-13.2397,25.91728,337.75,0.48,0.48,2026-10-04,1227,N,VIIRS,n,2.0NRT,304.13,6.63,D
-13.23677,26.51862,349.4,0.53,0.5,2026-10-04,1227,N,VIIRS,n,2.0NRT,310.22,20.09,D
-13.23586,26.52348,330.12,0.53,0.5,2026-10-04,1227,N,VIIRS,l,2.0NRT,302.61,20.09,D
-13.23508,26.16938,343.16,0.5,0.49,2026-10-04,1227,N,VIIRS,n,2.0NRT,303.22,7.69,D
-13.23218,26.51766,332.85,0.53,0.5,2026-10-04,1227,N,VIIRS,n,2.0NRT,302.87,3.51,D
-13.22436,24.43411,343.43,0.39,0.44,2026-10-04,1227,N,VIIRS,n,2.0NRT,310.91,5.18,D
-13.2238,27.64655,330.7,0.63,0.54,2026-10-04,1227,N,VIIRS,l,2.0NRT,301.71,6.18,D
-13.22374,24.43768,333.34,0.39,0.44,2026-10-04,1227,N,VIIRS,l,2.0NRT,306.04,4.6,D
-13.22034,24.43336,349.89,0.39,0.44,2026-10-04,1227,N,VIIRS,n,2.0NRT,304.91,7.04,D
-13.21814,27.32317,342.15,0.6,0.53,2026-10-04,1227,N,VIIRS,n,2.0NRT,307.25,7.23,D
-13.20798,24.01969,331.38,0.55,0.43,2026-10-04,1227,N,VIIRS,n,2.0NRT,301.33,105.39,D
-13.20013,24.01826,348.29,0.55,0.43,2026-10-04,1227,N,VIIRS,n,2.0NRT,300.03,46.34,D
-13.1997,23.9972,345.52,0.55,0.43,2026-10-04,1227,N,VIIRS,n,2.0NRT,310.46,8.54,D
-13.19579,23.99648,343.56,0.55,0.43,2026-10-04,1227,N,VIIRS,n,2.0NRT,308.32,36.87,D
-13.19403,24.00666,367,0.55,0.43,2026-10-04,1227,N,VIIRS,l,2.0NRT,332.53,117.54,D
-13.19228,24.01685,352.1,0.55,0.43,2026-10-04,1227,N,VIIRS,n,2.0NRT,299.64,34.18,D
-13.19011,24.00596,315.52,0.55,0.43,2026-10-04,1227,N,VIIRS,l,2.0NRT,323.46,117.54,D
-13.18923,24.01105,345.91,0.55,0.43,2026-10-04,1227,N,VIIRS,n,2.0NRT,302.67,117.54,D
-13.18835,24.01615,351.04,0.55,0.43,2026-10-04,1227,N,VIIRS,n,2.0NRT,306.57,34.18,D
-13.18619,24.00526,340.06,0.55,0.43,2026-10-04,1227,N,VIIRS,n,2.0NRT,301.83,24.25,D
-13.18531,24.01035,348.46,0.55,0.43,2026-10-04,1227,N,VIIRS,n,2.0NRT,303.81,24.25,D
-13.1849,23.98928,338.52,0.55,0.43,2026-10-04,1227,N,VIIRS,n,2.0NRT,308.93,4.44,D
-13.18354,24.02055,342.48,0.55,0.43,2026-10-04,1227,N,VIIRS,n,2.0NRT,307.01,187.8,D
-13.18138,24.00964,335.22,0.55,0.43,2026-10-04,1227,N,VIIRS,n,2.0NRT,307.16,24.25,D
-13.18098,23.98858,343.76,0.55,0.43,2026-10-04,1227,N,VIIRS,n,2.0NRT,308.44,11.83,D
-13.1805,24.01474,367,0.55,0.43,2026-10-04,1227,N,VIIRS,h,2.0NRT,330.86,187.8,D
-13.17947,25.6813,338.21,0.47,0.47,2026-10-04,1227,N,VIIRS,l,2.0NRT,308.57,8.08,D
-13.17939,24.11521,333.63,0.56,0.43,2026-10-04,1227,N,VIIRS,n,2.0NRT,304.11,4.71,D
-13.17203,27.40597,330.64,0.6,0.53,2026-10-04,1227,N,VIIRS,l,2.0NRT,303.12,6.38,D
-13.16707,23.9756,347.13,0.55,0.43,2026-10-04,1227,N,VIIRS,n,2.0NRT,308.97,10.17,D
-13.14539,27.46516,338.05,0.61,0.53,2026-10-04,1227,N,VIIRS,n,2.0NRT,303.54,6.17,D
-13.14401,27.46737,336.05,0.61,0.53,2026-10-04,1227,N,VIIRS,n,2.0NRT,304.76,5.56,D
-13.14333,26.41169,340.66,0.52,0.5,2026-10-04,1227,N,VIIRS,n,2.0NRT,301.13,9.08,D
-13.14242,26.41657,342.7,0.52,0.5,2026-10-04,1227,N,VIIRS,n,2.0NRT,304.27,9.08,D
-13.13842,26.9113,339.17,0.56,0.52,2026-10-04,1227,N,VIIRS,n,2.0NRT,304.44,11.14,D
-13.13747,26.91351,343.69,0.56,0.52,2026-10-04,1227,N,VIIRS,n,2.0NRT,306.56,19.3,D
-13.13407,24.00957,335.95,0.55,0.43,2026-10-04,1227,N,VIIRS,n,2.0NRT,306.08,8.2,D
-13.13321,24.01468,333.77,0.55,0.43,2026-10-04,1227,N,VIIRS,l,2.0NRT,307.19,8.2,D
-13.13247,24.01146,350.16,0.55,0.43,2026-10-04,1227,N,VIIRS,n,2.0NRT,309.22,16.09,D
-13.11486,25.84078,333.55,0.48,0.48,2026-10-04,1227,N,VIIRS,l,2.0NRT,304.91,3.79,D
-13.09838,24.27425,340.78,0.38,0.43,2026-10-04,1227,N,VIIRS,n,2.0NRT,307,7.45,D
-13.08981,26.53026,338.83,0.53,0.5,2026-10-04,1227,N,VIIRS,n,2.0NRT,303.2,6.97,D
-13.06793,24.61222,341.46,0.4,0.44,2026-10-04,1227,N,VIIRS,n,2.0NRT,303.15,2.99,D
-13.06727,24.61595,330.82,0.4,0.44,2026-10-04,1227,N,VIIRS,l,2.0NRT,303.29,2.99,D
-13.05547,24.23101,335.52,0.57,0.43,2026-10-04,1227,N,VIIRS,l,2.0NRT,310.37,6.1,D
-13.05058,24.23549,339.01,0.57,0.43,2026-10-04,1227,N,VIIRS,l,2.0NRT,312.54,6.1,D
-13.04994,26.48686,331.86,0.53,0.5,2026-10-04,1227,N,VIIRS,l,2.0NRT,303.48,4.42,D
-13.04532,26.48602,341.55,0.53,0.5,2026-10-04,1227,N,VIIRS,n,2.0NRT,311.05,4.42,D
-13.0389,23.9977,341.21,0.55,0.43,2026-10-04,1227,N,VIIRS,n,2.0NRT,308.59,6.11,D
-13.02896,24.05435,335.34,0.56,0.43,2026-10-04,1227,N,VIIRS,l,2.0NRT,309.56,4.29,D
-13.0229,25.89351,347.62,0.48,0.48,2026-10-04,1227,N,VIIRS,n,2.0NRT,305.93,7.67,D
-13.01845,25.89272,335.76,0.48,0.48,2026-10-04,1227,N,VIIRS,n,2.0NRT,307.05,7.67,D
-13.01324,25.26722,338.5,0.44,0.46,2026-10-04,1227,N,VIIRS,n,2.0NRT,307.96,6.34,D
-13.0125,24.21808,345.48,0.57,0.43,2026-10-04,1227,N,VIIRS,n,2.0NRT,313.92,13.43,D
-12.99634,24.19317,340.33,0.57,0.43,2026-10-04,1227,N,VIIRS,n,2.0NRT,307.81,12.61,D
-12.98491,25.65964,334.26,0.47,0.48,2026-10-04,1227,N,VIIRS,n,2.0NRT,303.44,3.7,D
-12.98185,24.17156,333.07,0.57,0.43,2026-10-04,1227,N,VIIRS,l,2.0NRT,306.17,4.84,D
-12.97949,24.24186,336.19,0.38,0.43,2026-10-04,1227,N,VIIRS,l,2.0NRT,310.23,2.12,D
-12.97469,26.54118,344.4,0.53,0.5,2026-10-04,1227,N,VIIRS,n,2.0NRT,304.51,15.04,D
-12.97327,24.03112,335.2,0.56,0.43,2026-10-04,1227,N,VIIRS,n,2.0NRT,304.68,2.24,D
-12.97171,26.751,338.58,0.55,0.51,2026-10-04,1227,N,VIIRS,n,2.0NRT,307.03,7.38,D
-12.97117,25.91245,330.57,0.49,0.48,2026-10-04,1227,N,VIIRS,l,2.0NRT,302.51,3.17,D
-12.97015,26.75284,353.17,0.55,0.51,2026-10-04,1227,N,VIIRS,n,2.0NRT,306.79,14.63,D
-12.96753,25.08058,337.38,0.43,0.46,2026-10-04,1227,N,VIIRS,l,2.0NRT,310.34,12.89,D
-12.96728,23.97182,341.41,0.55,0.43,2026-10-04,1227,N,VIIRS,n,2.0NRT,312.91,8.09,D
-12.96699,26.75018,336.21,0.55,0.51,2026-10-04,1227,N,VIIRS,n,2.0NRT,301.66,7.38,D
-12.96672,25.91167,345.62,0.49,0.48,2026-10-04,1227,N,VIIRS,n,2.0NRT,303.51,7,D
-12.96335,23.97112,333.65,0.55,0.43,2026-10-04,1227,N,VIIRS,l,2.0NRT,308.28,8.09,D
-12.95674,24.15075,337.46,0.57,0.43,2026-10-04,1227,N,VIIRS,n,2.0NRT,306.72,3.14,D
-12.95277,24.15003,347.76,0.57,0.43,2026-10-04,1227,N,VIIRS,n,2.0NRT,308.41,10.37,D
-12.95092,24.04278,336.45,0.56,0.43,2026-10-04,1227,N,VIIRS,n,2.0NRT,304.1,2.64,D
-12.95066,24.54514,338.02,0.4,0.44,2026-10-04,1227,N,VIIRS,l,2.0NRT,309.08,6.76,D
-12.94956,23.91092,337.99,0.55,0.43,2026-10-04,1227,N,VIIRS,l,2.0NRT,312.07,4.45,D
-12.94868,23.91595,341.31,0.55,0.43,2026-10-04,1227,N,VIIRS,n,2.0NRT,311.07,6.64,D
-12.94391,24.03632,344.4,0.56,0.43,2026-10-04,1227,N,VIIRS,n,2.0NRT,311.33,9.7,D
-12.94302,24.04139,334.36,0.56,0.43,2026-10-04,1227,N,VIIRS,l,2.0NRT,307.71,7.31,D
-12.94253,24.66254,345.11,0.41,0.45,2026-10-04,1227,N,VIIRS,n,2.0NRT,306.88,12.02,D
-12.94186,24.66631,350.9,0.41,0.45,2026-10-04,1227,N,VIIRS,n,2.0NRT,308.15,8.87,D
-12.93909,24.65804,331.89,0.41,0.45,2026-10-04,1227,N,VIIRS,l,2.0NRT,303.6,3.41,D
-12.93842,24.66182,332.37,0.41,0.45,2026-10-04,1227,N,VIIRS,l,2.0NRT,302.97,3.41,D
-12.93442,24.68436,337.47,0.41,0.45,2026-10-04,1227,N,VIIRS,n,2.0NRT,303.98,9.13,D
-12.93376,24.68812,349.56,0.41,0.45,2026-10-04,1227,N,VIIRS,n,2.0NRT,307.76,15.71,D
-12.923,26.336,331.94,0.52,0.5,2026-10-04,1227,N,VIIRS,l,2.0NRT,304.73,3.06,D
-12.92001,24.07978,336.06,0.56,0.43,2026-10-04,1227,N,VIIRS,n,2.0NRT,305.64,4.51,D
-12.91621,25.07992,334.44,0.43,0.46,2026-10-04,1227,N,VIIRS,l,2.0NRT,307.69,3.34,D
-12.91552,25.08389,330.98,0.43,0.46,2026-10-04,1227,N,VIIRS,l,2.0NRT,305.92,4.37,D
-12.90696,25.96126,335.55,0.49,0.49,2026-10-04,1227,N,VIIRS,l,2.0NRT,306.9,6.72,D
-12.90482,25.55255,332.56,0.46,0.47,2026-10-04,1227,N,VIIRS,n,2.0NRT,302.32,1.43,D
-12.90047,25.55177,330.77,0.46,0.47,2026-10-04,1227,N,VIIRS,l,2.0NRT,303.78,1.43,D
-12.89276,24.30544,353.38,0.39,0.44,2026-10-04,1227,N,VIIRS,n,2.0NRT,308.08,11.83,D
-12.89212,24.30904,342.06,0.39,0.44,2026-10-04,1227,N,VIIRS,n,2.0NRT,307.94,14.26,D
-12.8897,24.68379,342.1,0.41,0.45,2026-10-04,1227,N,VIIRS,n,2.0NRT,304.17,2.37,D
-12.88838,24.69144,345.16,0.41,0.45,2026-10-04,1227,N,VIIRS,n,2.0NRT,306.42,7.06,D
-12.88492,24.68689,330.81,0.41,0.45,2026-10-04,1227,N,VIIRS,l,2.0NRT,305.38,3.84,D
-12.88426,24.6907,340.17,0.41,0.45,2026-10-04,1227,N,VIIRS,n,2.0NRT,307.47,3.84,D
-12.8836,24.69451,346.12,0.41,0.45,2026-10-04,1227,N,VIIRS,n,2.0NRT,309.39,7.89,D
-12.83102,23.97065,338.49,0.56,0.43,2026-10-04,1227,N,VIIRS,n,2.0NRT,302.93,4.91,D
-12.82799,23.96476,347.88,0.56,0.43,2026-10-04,1227,N,VIIRS,n,2.0NRT,306.9,12.35,D
-12.80654,24.04062,347.83,0.56,0.43,2026-10-04,1227,N,VIIRS,n,2.0NRT,307.29,15.62,D
-12.78871,24.28253,339.42,0.39,0.44,2026-10-04,1227,N,VIIRS,n,2.0NRT,311.67,4.72,D
-12.77291,24.30162,338.52,0.39,0.44,2026-10-04,1227,N,VIIRS,n,2.0NRT,307.36,4.32,D
-12.77042,25.74966,349.91,0.48,0.48,2026-10-04,1227,N,VIIRS,n,2.0NRT,302.73,7.38,D
-12.76859,27.63131,349.65,0.32,0.54,2026-10-04,1227,N,VIIRS,n,2.0NRT,285.65,5.02,D
-12.76089,26.39678,337.05,0.53,0.5,2026-10-04,1227,N,VIIRS,n,2.0NRT,300.9,6.17,D
-12.75308,26.08098,347.03,0.5,0.49,2026-10-04,1227,N,VIIRS,n,2.0NRT,306.32,8.99,D
-12.75305,26.07828,333.89,0.5,0.49,2026-10-04,1227,N,VIIRS,l,2.0NRT,305.24,2.67,D
-12.75221,26.08298,339.72,0.5,0.49,2026-10-04,1227,N,VIIRS,n,2.0NRT,304.64,5.07,D
-12.75088,25.35303,333.38,0.45,0.47,2026-10-04,1227,N,VIIRS,l,2.0NRT,307.43,4.6,D
-12.73763,25.63168,337.22,0.47,0.48,2026-10-04,1227,N,VIIRS,n,2.0NRT,305.78,6.92,D
-12.7374,25.63096,336.31,0.47,0.48,2026-10-04,1227,N,VIIRS,l,2.0NRT,307.48,7.07,D
-12.73196,26.58097,333.05,0.54,0.51,2026-10-04,1227,N,VIIRS,n,2.0NRT,301.21,4.47,D
-12.73154,25.56361,335.75,0.47,0.47,2026-10-04,1227,N,VIIRS,l,2.0NRT,306.18,5,D
-12.71785,26.22241,348.92,0.51,0.5,2026-10-04,1227,N,VIIRS,n,2.0NRT,305.63,11.67,D
-12.71329,26.22155,343.61,0.51,0.5,2026-10-04,1227,N,VIIRS,n,2.0NRT,304.02,6.64,D
-12.70541,24.35237,367,0.39,0.44,2026-10-04,1227,N,VIIRS,h,2.0NRT,308.09,7.09,D
-12.70376,26.44711,351.34,0.53,0.5,2026-10-04,1227,N,VIIRS,n,2.0NRT,300.43,10.7,D
-12.70199,24.34807,344.4,0.39,0.44,2026-10-04,1227,N,VIIRS,n,2.0NRT,309.14,9.1,D
-12.69657,25.70972,333.89,0.48,0.48,2026-10-04,1227,N,VIIRS,l,2.0NRT,307.61,3.16,D
-12.68971,24.27536,331.91,0.39,0.44,2026-10-04,1227,N,VIIRS,n,2.0NRT,303.74,2.9,D
-12.6343,24.13849,335.11,0.57,0.43,2026-10-04,1227,N,VIIRS,l,2.0NRT,306.1,5.42,D
-12.62585,26.78548,340.92,0.56,0.52,2026-10-04,1227,N,VIIRS,n,2.0NRT,290.66,5.85,D
-12.62551,23.90647,332.64,0.56,0.43,2026-10-04,1227,N,VIIRS,n,2.0NRT,299.37,4.16,D
-12.62527,26.78743,350.55,0.56,0.52,2026-10-04,1227,N,VIIRS,n,2.0NRT,290.26,9.64,D
-12.62461,23.91162,340.17,0.56,0.43,2026-10-04,1227,N,VIIRS,n,2.0NRT,295.6,4.16,D
-12.6216,23.90568,354.29,0.56,0.43,2026-10-04,1227,N,VIIRS,n,2.0NRT,304.08,25.27,D
-12.62114,26.20914,342.3,0.52,0.5,2026-10-04,1227,N,VIIRS,n,2.0NRT,305.48,12.64,D
-12.62112,26.21064,349.7,0.52,0.5,2026-10-04,1227,N,VIIRS,n,2.0NRT,305.71,12.39,D
-12.62025,26.21389,341.04,0.52,0.5,2026-10-04,1227,N,VIIRS,n,2.0NRT,302.37,12.62,D
-12.61768,23.90491,339.15,0.56,0.43,2026-10-04,1227,N,VIIRS,n,2.0NRT,290.43,25.27,D
-12.61615,24.05374,347.78,0.57,0.43,2026-10-04,1227,N,VIIRS,n,2.0NRT,306.17,17.73,D
-12.61218,24.05301,330.59,0.57,0.43,2026-10-04,1227,N,VIIRS,l,2.0NRT,305.14,5.7,D
-12.61125,24.05835,332.81,0.57,0.43,2026-10-04,1227,N,VIIRS,l,2.0NRT,304.17,5.7,D
-12.60821,24.05232,340.57,0.57,0.43,2026-10-04,1227,N,VIIRS,n,2.0NRT,305.08,5.7,D
-12.60658,26.29185,331.98,0.52,0.5,2026-10-04,1227,N,VIIRS,l,2.0NRT,305.17,4.06,D
-12.606,26.29012,333.01,0.52,0.5,2026-10-04,1227,N,VIIRS,n,2.0NRT,306.53,3.83,D
-12.58054,26.25213,331.06,0.52,0.5,2026-10-04,1227,N,VIIRS,l,2.0NRT,302.88,4.17,D
-12.56944,24.41682,346.78,0.4,0.44,2026-10-04,1227,N,VIIRS,n,2.0NRT,299.7,11.16,D
-12.56859,24.39769,340.81,0.4,0.44,2026-10-04,1227,N,VIIRS,n,2.0NRT,304.9,6.64,D
-12.56795,24.40133,348.95,0.4,0.44,2026-10-04,1227,N,VIIRS,n,2.0NRT,307.64,6.64,D
-12.56731,24.40499,367,0.4,0.44,2026-10-04,1227,N,VIIRS,h,2.0NRT,306.13,25.82,D
-12.56666,24.4087,344.48,0.4,0.44,2026-10-04,1227,N,VIIRS,n,2.0NRT,302.81,25.82,D
-12.56601,24.41241,356.25,0.4,0.44,2026-10-04,1227,N,VIIRS,n,2.0NRT,308.07,55.26,D
-12.56451,24.39705,339.41,0.4,0.44,2026-10-04,1227,N,VIIRS,n,2.0NRT,307.17,6.64,D
-12.56406,24.42357,344.55,0.4,0.44,2026-10-04,1227,N,VIIRS,n,2.0NRT,296.96,15.47,D
-12.56342,24.42726,341.6,0.4,0.44,2026-10-04,1227,N,VIIRS,n,2.0NRT,302.36,9.61,D
-12.56323,24.40434,346.85,0.4,0.44,2026-10-04,1227,N,VIIRS,n,2.0NRT,313.74,25.82,D
-12.56259,24.40804,356.92,0.4,0.44,2026-10-04,1227,N,VIIRS,n,2.0NRT,309.78,25.82,D
-12.56072,25.89275,331.27,0.49,0.49,2026-10-04,1227,N,VIIRS,l,2.0NRT,302.16,4.25,D
-12.56044,24.39638,346.58,0.4,0.44,2026-10-04,1227,N,VIIRS,n,2.0NRT,306.55,4.79,D
-12.55991,25.89729,342.53,0.49,0.49,2026-10-04,1227,N,VIIRS,n,2.0NRT,304.43,6.76,D
-12.55934,24.42656,367,0.4,0.44,2026-10-04,1227,N,VIIRS,h,2.0NRT,308.61,9.61,D
-12.55916,24.40368,338.5,0.4,0.44,2026-10-04,1227,N,VIIRS,n,2.0NRT,304.58,6.12,D
-12.55637,24.39569,334.6,0.4,0.44,2026-10-04,1227,N,VIIRS,n,2.0NRT,303.11,4.79,D
-12.55573,24.39935,342.42,0.4,0.44,2026-10-04,1227,N,VIIRS,n,2.0NRT,305.76,4.79,D
-12.55527,24.42586,344.29,0.4,0.44,2026-10-04,1227,N,VIIRS,n,2.0NRT,307.51,8.57,D
-12.5538,24.41036,336.32,0.4,0.44,2026-10-04,1227,N,VIIRS,n,2.0NRT,305.46,4.28,D
-12.55166,24.39866,333.81,0.4,0.44,2026-10-04,1227,N,VIIRS,n,2.0NRT,303.69,3.39,D
-12.5512,24.42517,339.63,0.4,0.44,2026-10-04,1227,N,VIIRS,n,2.0NRT,305.37,8.57,D
-12.55037,24.406,335.81,0.4,0.44,2026-10-04,1227,N,VIIRS,l,2.0NRT,306.91,4.02,D
-12.54521,24.00188,343.97,0.56,0.43,2026-10-04,1227,N,VIIRS,n,2.0NRT,306.55,18.69,D
-12.54433,26.72224,333.6,0.56,0.51,2026-10-04,1227,N,VIIRS,n,2.0NRT,282,9.89,D
-12.54432,26.71918,335.69,0.56,0.51,2026-10-04,1227,N,VIIRS,n,2.0NRT,282.23,7.25,D
-12.54124,24.00124,345.02,0.56,0.43,2026-10-04,1227,N,VIIRS,n,2.0NRT,306.56,18.69,D
-12.53109,27.69109,356.28,0.32,0.55,2026-10-04,1227,N,VIIRS,l,2.0NRT,290.46,9.46,D
-12.53054,27.69402,338.75,0.32,0.55,2026-10-04,1227,N,VIIRS,n,2.0NRT,291.3,9.46,D
-12.52997,27.66922,348.39,0.32,0.55,2026-10-04,1227,N,VIIRS,n,2.0NRT,298.95,4.43,D
-12.5294,27.67224,337.23,0.32,0.55,2026-10-04,1227,N,VIIRS,n,2.0NRT,295.56,3.96,D
-12.52898,25.46064,332.47,0.46,0.47,2026-10-04,1227,N,VIIRS,l,2.0NRT,303.65,4.72,D
-12.52895,26.40416,343.25,0.53,0.5,2026-10-04,1227,N,VIIRS,n,2.0NRT,298.91,6.35,D
-12.49507,24.81637,342.66,0.42,0.45,2026-10-04,1227,N,VIIRS,n,2.0NRT,304.14,2.82,D
-12.4929,24.77993,367,0.42,0.45,2026-10-04,1227,N,VIIRS,h,2.0NRT,309.9,10.11,D
-12.49222,24.7838,342.35,0.42,0.45,2026-10-04,1227,N,VIIRS,n,2.0NRT,305.73,10.11,D
-12.47805,26.4713,333.83,0.54,0.51,2026-10-04,1227,N,VIIRS,n,2.0NRT,302.03,6.28,D
-12.47602,26.47257,331.53,0.54,0.51,2026-10-04,1227,N,VIIRS,n,2.0NRT,301.44,6.09,D
-14.69505,25.3741,300.89,0.44,0.38,2026-10-04,2335,N,VIIRS,n,2.0NRT,275.35,0.5,N
-14.66968,27.48077,303.89,0.39,0.36,2026-10-04,2335,N,VIIRS,n,2.0NRT,266.62,0.64,N
-14.61068,25.47087,307.29,0.43,0.38,2026-10-04,2335,N,VIIRS,n,2.0NRT,282.64,2.35,N
-14.60999,25.46686,329.86,0.43,0.38,2026-10-04,2335,N,VIIRS,n,2.0NRT,283.25,2.35,N
-14.16973,26.02725,302.43,0.42,0.37,2026-10-04,2335,N,VIIRS,n,2.0NRT,289.16,1.37,N
-14.16432,26.01625,302.38,0.42,0.37,2026-10-04,2335,N,VIIRS,n,2.0NRT,289.37,0.93,N
-14.16302,26.0085,303.46,0.42,0.37,2026-10-04,2335,N,VIIRS,n,2.0NRT,289,0.75,N
-14.16282,26.02848,300.9,0.42,0.37,2026-10-04,2335,N,VIIRS,n,2.0NRT,289.32,1.03,N
-14.16022,26.01299,301.43,0.42,0.37,2026-10-04,2335,N,VIIRS,n,2.0NRT,289.27,1.48,N
-14.15872,26.02522,310.69,0.42,0.37,2026-10-04,2335,N,VIIRS,n,2.0NRT,290.05,2.06,N
-13.72891,25.87722,304.35,0.43,0.38,2026-10-04,2335,N,VIIRS,n,2.0NRT,262.99,0.23,N
-13.71374,25.93632,299.67,0.42,0.38,2026-10-04,2335,N,VIIRS,n,2.0NRT,270.79,1.03,N
-14.70189,25.35542,348.86,0.39,0.36,2026-10-05,1210,N,VIIRS,n,2.0NRT,313.65,5.17,D
-14.69855,25.35487,348.68,0.39,0.36,2026-10-05,1210,N,VIIRS,n,2.0NRT,313.16,5.17,D
-14.68827,24.43824,341.03,0.38,0.36,2026-10-05,1210,N,VIIRS,l,2.0NRT,313.39,6.64,D
-14.67781,24.08901,348.73,0.38,0.36,2026-10-05,1210,N,VIIRS,n,2.0NRT,311.47,5.39,D
-14.66349,25.46819,334.05,0.39,0.36,2026-10-05,1210,N,VIIRS,n,2.0NRT,303.18,3.06,D
-14.64935,24.86687,346.7,0.39,0.36,2026-10-05,1210,N,VIIRS,n,2.0NRT,313.84,7.1,D
-14.6391,27.47106,337.73,0.45,0.39,2026-10-05,1210,N,VIIRS,n,2.0NRT,297.89,3.71,D
-14.63552,27.47044,336.15,0.45,0.39,2026-10-05,1210,N,VIIRS,n,2.0NRT,295.01,3.71,D
-14.63351,23.9137,340.16,0.39,0.36,2026-10-05,1210,N,VIIRS,n,2.0NRT,304.44,5.05,D
-14.6262,26.92519,339.8,0.43,0.38,2026-10-05,1210,N,VIIRS,n,2.0NRT,303.54,4.27,D
-14.6191,24.47383,346.42,0.38,0.36,2026-10-05,1210,N,VIIRS,n,2.0NRT,316.93,15.87,D
-14.60179,26.87284,338.96,0.43,0.38,2026-10-05,1210,N,VIIRS,n,2.0NRT,305.69,3.42,D
-14.58071,24.01507,345.28,0.39,0.36,2026-10-05,1210,N,VIIRS,n,2.0NRT,315.75,58.87,D
-14.57792,24.01097,347.79,0.39,0.36,2026-10-05,1210,N,VIIRS,n,2.0NRT,313.98,9.22,D
-14.57738,24.01454,349.16,0.39,0.36,2026-10-05,1210,N,VIIRS,n,2.0NRT,316.24,9.22,D
-14.57458,25.32273,347.12,0.39,0.36,2026-10-05,1210,N,VIIRS,n,2.0NRT,306.17,5.81,D
-14.56449,24.56352,341.67,0.38,0.36,2026-10-05,1210,N,VIIRS,n,2.0NRT,306.97,5.02,D
-14.55273,24.08735,343.11,0.38,0.36,2026-10-05,1210,N,VIIRS,n,2.0NRT,310.05,13.61,D
-14.53447,25.10834,343.35,0.39,0.36,2026-10-05,1210,N,VIIRS,l,2.0NRT,313.96,6.64,D
-14.52272,25.54156,348.72,0.39,0.36,2026-10-05,1210,N,VIIRS,n,2.0NRT,309.63,12.07,D
-14.52193,25.25408,338.73,0.39,0.36,2026-10-05,1210,N,VIIRS,n,2.0NRT,305.09,6.36,D
-14.51294,25.46457,336.32,0.39,0.36,2026-10-05,1210,N,VIIRS,n,2.0NRT,304.64,3.27,D
-14.5059,25.39998,336.69,0.39,0.36,2026-10-05,1210,N,VIIRS,l,2.0NRT,308.31,3.69,D
-14.47505,24.04512,349.01,0.38,0.36,2026-10-05,1210,N,VIIRS,n,2.0NRT,318.19,30.48,D
-14.475,24.83777,338.44,0.39,0.36,2026-10-05,1210,N,VIIRS,n,2.0NRT,307.45,4.7,D
-14.47173,24.04459,343.72,0.38,0.36,2026-10-05,1210,N,VIIRS,n,2.0NRT,311.19,4.99,D
-14.47168,24.83722,342.56,0.39,0.36,2026-10-05,1210,N,VIIRS,n,2.0NRT,305.94,6.78,D
-14.45394,24.75382,334.76,0.39,0.36,2026-10-05,1210,N,VIIRS,n,2.0NRT,302.3,5.81,D
-14.43731,24.8829,334.05,0.39,0.36,2026-10-05,1210,N,VIIRS,l,2.0NRT,308.94,8.34,D
-14.41686,24.18178,343.66,0.38,0.36,2026-10-05,1210,N,VIIRS,n,2.0NRT,309.7,5.44,D
-14.41196,25.15471,342.36,0.39,0.36,2026-10-05,1210,N,VIIRS,n,2.0NRT,310.09,5.28,D
-14.41093,27.53781,348.88,0.46,0.39,2026-10-05,1210,N,VIIRS,n,2.0NRT,303.74,6.97,D
-14.37743,25.61472,337.84,0.4,0.37,2026-10-05,1210,N,VIIRS,l,2.0NRT,308.43,5.97,D
-14.36912,25.04387,332.38,0.39,0.36,2026-10-05,1210,N,VIIRS,l,2.0NRT,305.89,1.85,D
-14.33929,24.77476,342.8,0.39,0.36,2026-10-05,1210,N,VIIRS,n,2.0NRT,309.69,4.55,D
-14.33873,24.82224,330.5,0.39,0.36,2026-10-05,1210,N,VIIRS,l,2.0NRT,305,3.01,D
-14.33597,24.77422,348.43,0.39,0.36,2026-10-05,1210,N,VIIRS,n,2.0NRT,310.06,4.55,D
-14.33264,24.77368,339.49,0.39,0.36,2026-10-05,1210,N,VIIRS,l,2.0NRT,312,4.68,D
-14.32932,24.77314,342.97,0.39,0.36,2026-10-05,1210,N,VIIRS,n,2.0NRT,310.41,4.68,D
-14.31612,23.8688,341.18,0.39,0.36,2026-10-05,1210,N,VIIRS,n,2.0NRT,309.56,8.07,D
-14.29646,25.42098,337.95,0.39,0.36,2026-10-05,1210,N,VIIRS,n,2.0NRT,306.71,5.71,D
-14.292,27.57907,337.11,0.46,0.39,2026-10-05,1210,N,VIIRS,n,2.0NRT,299.86,7.33,D
-14.26533,24.4192,347.22,0.38,0.36,2026-10-05,1210,N,VIIRS,n,2.0NRT,302.68,6.26,D
-14.26147,24.42222,339.86,0.38,0.36,2026-10-05,1210,N,VIIRS,n,2.0NRT,304.58,6.26,D
-14.23278,25.09101,336.13,0.39,0.36,2026-10-05,1210,N,VIIRS,l,2.0NRT,311.1,3.5,D
-14.2095,25.04296,333.28,0.39,0.36,2026-10-05,1210,N,VIIRS,l,2.0NRT,305.14,2.09,D
-14.17761,24.70703,349.63,0.39,0.36,2026-10-05,1210,N,VIIRS,n,2.0NRT,307.73,5.18,D
-14.17484,24.70293,340.62,0.39,0.36,2026-10-05,1210,N,VIIRS,n,2.0NRT,308.52,4.82,D
-14.17429,24.70649,339.84,0.39,0.36,2026-10-05,1210,N,VIIRS,n,2.0NRT,309.02,4.82,D
-14.17318,24.71362,346.34,0.39,0.36,2026-10-05,1210,N,VIIRS,n,2.0NRT,310.4,7.17,D
-14.17089,26.0372,338.79,0.41,0.37,2026-10-05,1210,N,VIIRS,n,2.0NRT,295.61,5.49,D
-14.16986,24.71308,338.1,0.39,0.36,2026-10-05,1210,N,VIIRS,n,2.0NRT,307.62,7.17,D
-14.1655,25.43237,341.88,0.39,0.36,2026-10-05,1210,N,VIIRS,n,2.0NRT,307.82,12.3,D
-14.15507,26.0268,352.02,0.41,0.37,2026-10-05,1210,N,VIIRS,n,2.0NRT,306.78,7.71,D
-14.10809,24.45505,335.23,0.38,0.36,2026-10-05,1210,N,VIIRS,n,2.0NRT,305.73,4.14,D
-14.10754,24.45861,342.73,0.38,0.36,2026-10-05,1210,N,VIIRS,n,2.0NRT,305.95,5.73,D
-14.10359,24.41791,347.27,0.38,0.36,2026-10-05,1210,N,VIIRS,n,2.0NRT,305.84,4.66,D
-14.10028,24.41738,342.1,0.38,0.36,2026-10-05,1210,N,VIIRS,n,2.0NRT,306.51,4.66,D
-14.0975,24.41329,342.15,0.38,0.36,2026-10-05,1210,N,VIIRS,n,2.0NRT,307.67,3.31,D
-14.09696,24.41684,342.75,0.38,0.36,2026-10-05,1210,N,VIIRS,n,2.0NRT,306.1,3.31,D
-14.07868,24.40297,346.99,0.38,0.36,2026-10-05,1210,N,VIIRS,n,2.0NRT,309.39,4.55,D
-14.07759,24.41008,342.39,0.38,0.36,2026-10-05,1210,N,VIIRS,n,2.0NRT,308.53,5.73,D
-14.07536,24.40244,335.17,0.38,0.36,2026-10-05,1210,N,VIIRS,l,2.0NRT,308.53,4.55,D
-14.07482,24.40599,341.12,0.38,0.36,2026-10-05,1210,N,VIIRS,l,2.0NRT,312.43,4.55,D
-14.0715,24.40545,343.96,0.38,0.36,2026-10-05,1210,N,VIIRS,n,2.0NRT,309.6,6.15,D
-14.06564,25.97297,341.32,0.41,0.37,2026-10-05,1210,N,VIIRS,n,2.0NRT,302.9,4.81,D
-14.01463,24.27205,348.94,0.38,0.36,2026-10-05,1210,N,VIIRS,n,2.0NRT,322.58,53.78,D
-14.01408,24.27561,335.26,0.38,0.36,2026-10-05,1210,N,VIIRS,l,2.0NRT,305.85,9.64,D
-14.01131,24.27152,353.06,0.38,0.36,2026-10-05,1210,N,VIIRS,n,2.0NRT,311.58,9.27,D
-13.98403,25.91662,348.92,0.4,0.37,2026-10-05,1210,N,VIIRS,n,2.0NRT,308.95,10.34,D
-13.93059,24.31255,334.93,0.38,0.36,2026-10-05,1210,N,VIIRS,l,2.0NRT,306.92,10.39,D
-13.92172,24.89548,335.97,0.39,0.36,2026-10-05,1210,N,VIIRS,n,2.0NRT,307.01,3.17,D
-13.92117,24.89906,332.7,0.39,0.36,2026-10-05,1210,N,VIIRS,l,2.0NRT,306.32,3.17,D
-13.90632,24.33774,348.99,0.38,0.36,2026-10-05,1210,N,VIIRS,n,2.0NRT,308.89,5.54,D
-13.89091,25.88605,344.35,0.4,0.37,2026-10-05,1210,N,VIIRS,n,2.0NRT,308.13,7.55,D
-13.86813,25.89758,348.23,0.4,0.37,2026-10-05,1210,N,VIIRS,n,2.0NRT,305.96,7.88,D
-13.86473,25.89701,343.18,0.4,0.37,2026-10-05,1210,N,VIIRS,n,2.0NRT,304.91,3.64,D
-13.86295,25.97363,334.05,0.41,0.37,2026-10-05,1210,N,VIIRS,n,2.0NRT,298.23,5.81,D
-13.84154,24.75735,338.25,0.39,0.36,2026-10-05,1210,N,VIIRS,l,2.0NRT,309.15,3.89,D
-13.84099,24.76091,342.71,0.39,0.36,2026-10-05,1210,N,VIIRS,n,2.0NRT,308.64,3.89,D
-13.83964,25.41877,343.08,0.39,0.37,2026-10-05,1210,N,VIIRS,n,2.0NRT,308.35,3.61,D
-13.83877,24.75323,346.34,0.39,0.36,2026-10-05,1210,N,VIIRS,n,2.0NRT,310.37,4.7,D
-13.83766,24.76037,342.74,0.39,0.36,2026-10-05,1210,N,VIIRS,n,2.0NRT,310.5,3.89,D
-13.83489,24.75626,351.08,0.39,0.36,2026-10-05,1210,N,VIIRS,n,2.0NRT,308.98,7.32,D
-13.83101,24.75929,347.57,0.39,0.36,2026-10-05,1210,N,VIIRS,n,2.0NRT,308.02,7.32,D
-13.82713,24.76232,333.5,0.39,0.36,2026-10-05,1210,N,VIIRS,l,2.0NRT,306.6,2.1,D
-13.82657,24.76589,335.45,0.39,0.36,2026-10-05,1210,N,VIIRS,l,2.0NRT,307.64,2.1,D
-13.82269,24.76892,332.07,0.39,0.36,2026-10-05,1210,N,VIIRS,l,2.0NRT,305.98,2.21,D
-13.81936,24.76838,332.91,0.39,0.36,2026-10-05,1210,N,VIIRS,l,2.0NRT,306.65,1.73,D
-13.80408,25.75254,339.74,0.4,0.37,2026-10-05,1210,N,VIIRS,n,2.0NRT,303.79,2.68,D
-13.80163,24.72892,335.32,0.39,0.36,2026-10-05,1210,N,VIIRS,l,2.0NRT,308.84,2.03,D
-13.7923,25.65189,332.85,0.4,0.37,2026-10-05,1210,N,VIIRS,l,2.0NRT,307.63,1.98,D
-13.78325,24.8687,334.17,0.39,0.36,2026-10-05,1210,N,VIIRS,l,2.0NRT,308.04,2.03,D
-13.76613,25.32778,346.29,0.39,0.36,2026-10-05,1210,N,VIIRS,n,2.0NRT,310.53,22.39,D
-13.76441,25.60942,347.09,0.4,0.37,2026-10-05,1210,N,VIIRS,n,2.0NRT,309.55,7.85,D
-13.76332,25.83349,334.08,0.4,0.37,2026-10-05,1210,N,VIIRS,l,2.0NRT,307.75,4.32,D
-13.75538,25.50571,335.05,0.4,0.37,2026-10-05,1210,N,VIIRS,l,2.0NRT,308.14,1.9,D
-13.74325,23.89962,336.66,0.38,0.36,2026-10-05,1210,N,VIIRS,n,2.0NRT,304.91,2.43,D
-13.73674,24.58266,340.85,0.39,0.36,2026-10-05,1210,N,VIIRS,n,2.0NRT,308.98,5.57,D
-13.73585,24.97486,346.21,0.39,0.36,2026-10-05,1210,N,VIIRS,n,2.0NRT,304.83,4.88,D
-13.73401,24.9739,344.02,0.39,0.36,2026-10-05,1210,N,VIIRS,n,2.0NRT,303.22,3.42,D
-13.73345,24.97748,335.45,0.39,0.36,2026-10-05,1210,N,VIIRS,n,2.0NRT,303.55,3.42,D
-13.72836,25.87741,337.82,0.41,0.37,2026-10-05,1210,N,VIIRS,l,2.0NRT,308.25,2.14,D
-13.72435,25.88058,334.45,0.41,0.37,2026-10-05,1210,N,VIIRS,l,2.0NRT,307.47,2.39,D
-13.71536,25.87137,342.84,0.41,0.37,2026-10-05,1210,N,VIIRS,n,2.0NRT,306.94,3.25,D
-13.70817,25.85105,339.09,0.4,0.37,2026-10-05,1210,N,VIIRS,n,2.0NRT,307.91,2.91,D
-13.70735,25.87771,334.51,0.41,0.37,2026-10-05,1210,N,VIIRS,l,2.0NRT,308.21,3.63,D
-13.70565,25.55774,333.55,0.4,0.37,2026-10-05,1210,N,VIIRS,l,2.0NRT,306.01,2.4,D
-13.70228,25.55718,345.38,0.4,0.37,2026-10-05,1210,N,VIIRS,n,2.0NRT,307.13,4.68,D
-13.7017,25.56086,342.68,0.4,0.37,2026-10-05,1210,N,VIIRS,n,2.0NRT,307,4.68,D
-13.69858,25.51511,340.09,0.4,0.37,2026-10-05,1210,N,VIIRS,n,2.0NRT,307.49,2.21,D
-13.69806,25.86831,336.6,0.41,0.37,2026-10-05,1210,N,VIIRS,l,2.0NRT,309.32,2.61,D
-13.69797,24.85414,337.44,0.39,0.36,2026-10-05,1210,N,VIIRS,l,2.0NRT,308.42,8.57,D
-13.6951,25.31978,333.56,0.39,0.36,2026-10-05,1210,N,VIIRS,n,2.0NRT,303.46,2.12,D
-13.69464,24.8536,350.99,0.39,0.36,2026-10-05,1210,N,VIIRS,n,2.0NRT,309.84,8.57,D
-13.68906,25.50976,335.03,0.4,0.37,2026-10-05,1210,N,VIIRS,l,2.0NRT,307.55,2.83,D
-13.68847,25.99423,334.4,0.41,0.37,2026-10-05,1210,N,VIIRS,l,2.0NRT,306.88,2.83,D
-13.687,25.82816,341.4,0.4,0.37,2026-10-05,1210,N,VIIRS,n,2.0NRT,308.07,4.05,D
-13.67167,25.00052,330.93,0.39,0.36,2026-10-05,1210,N,VIIRS,l,2.0NRT,305.52,1.6,D
-13.66975,24.55673,335.31,0.39,0.36,2026-10-05,1210,N,VIIRS,l,2.0NRT,309.84,4.31,D
-13.65808,24.23486,337.4,0.38,0.36,2026-10-05,1210,N,VIIRS,l,2.0NRT,308.94,3.92,D
-13.6553,24.23079,345.38,0.38,0.36,2026-10-05,1210,N,VIIRS,n,2.0NRT,311.92,3.92,D
-13.65476,24.23433,342.08,0.38,0.36,2026-10-05,1210,N,VIIRS,n,2.0NRT,313.01,3.92,D
-13.65432,24.28148,338.99,0.38,0.36,2026-10-05,1210,N,VIIRS,n,2.0NRT,305.76,2.66,D
-13.65407,25.90324,343.79,0.41,0.37,2026-10-05,1210,N,VIIRS,n,2.0NRT,308.71,5.85,D
-13.65388,25.92629,334.73,0.41,0.37,2026-10-05,1210,N,VIIRS,l,2.0NRT,309.73,2.68,D
-13.65177,24.38645,333.52,0.38,0.36,2026-10-05,1210,N,VIIRS,l,2.0NRT,306.19,1.22,D
-13.651,24.28094,335.38,0.38,0.36,2026-10-05,1210,N,VIIRS,l,2.0NRT,308.07,4.77,D
-13.64753,25.43852,330.89,0.4,0.37,2026-10-05,1210,N,VIIRS,l,2.0NRT,305.53,2.37,D
-13.64614,24.33466,344.24,0.38,0.36,2026-10-05,1210,N,VIIRS,n,2.0NRT,300.52,3.45,D
-13.64107,23.99586,346.7,0.38,0.36,2026-10-05,1210,N,VIIRS,n,2.0NRT,304.96,11.94,D
-13.63917,25.42589,332.27,0.4,0.37,2026-10-05,1210,N,VIIRS,l,2.0NRT,306.71,3.08,D
-13.63775,23.99533,348.83,0.38,0.36,2026-10-05,1210,N,VIIRS,n,2.0NRT,302.17,11.94,D
-13.63257,25.24932,332.13,0.39,0.36,2026-10-05,1210,N,VIIRS,l,2.0NRT,305.39,1.86,D
-13.63163,25.80372,333.35,0.4,0.37,2026-10-05,1210,N,VIIRS,n,2.0NRT,301.33,3.07,D
-13.6315,23.94709,331.48,0.38,0.36,2026-10-05,1210,N,VIIRS,l,2.0NRT,301.97,3.49,D
-13.63103,25.80745,335.82,0.4,0.37,2026-10-05,1210,N,VIIRS,n,2.0NRT,303.5,3.07,D
-13.63002,25.33088,331.44,0.39,0.36,2026-10-05,1210,N,VIIRS,l,2.0NRT,305.94,2.78,D
-13.62782,24.29902,338.63,0.38,0.36,2026-10-05,1210,N,VIIRS,n,2.0NRT,304.36,2.61,D
-13.61819,24.30087,351.27,0.38,0.36,2026-10-05,1210,N,VIIRS,n,2.0NRT,305.5,18.31,D
-13.61425,25.58358,330.26,0.4,0.37,2026-10-05,1210,N,VIIRS,l,2.0NRT,304.44,1.96,D
-13.61088,25.58301,330.84,0.4,0.37,2026-10-05,1210,N,VIIRS,l,2.0NRT,303.25,1.72,D
-13.60871,25.05985,338.39,0.39,0.36,2026-10-05,1210,N,VIIRS,n,2.0NRT,305.69,5.7,D
-13.60841,23.98702,336.23,0.38,0.36,2026-10-05,1210,N,VIIRS,n,2.0NRT,303.66,3.97,D
-13.60269,24.48401,334.92,0.38,0.36,2026-10-05,1210,N,VIIRS,l,2.0NRT,309.06,3.61,D
-13.60214,24.48755,342.11,0.38,0.36,2026-10-05,1210,N,VIIRS,n,2.0NRT,309.55,3.61,D
-13.59882,24.29413,332.67,0.38,0.36,2026-10-05,1210,N,VIIRS,n,2.0NRT,299.66,0.73,D
-13.59783,24.34483,334.37,0.38,0.36,2026-10-05,1210,N,VIIRS,n,2.0NRT,306.66,1.54,D
-13.5796,24.3528,339.17,0.38,0.36,2026-10-05,1210,N,VIIRS,l,2.0NRT,311.36,5.9,D
-13.57905,24.35634,339.92,0.38,0.36,2026-10-05,1210,N,VIIRS,l,2.0NRT,312.84,8.03,D
-13.57492,24.94737,351.46,0.39,0.36,2026-10-05,1210,N,VIIRS,n,2.0NRT,309.43,8.16,D
-13.57473,25.05795,335.56,0.39,0.36,2026-10-05,1210,N,VIIRS,l,2.0NRT,308.86,3.92,D
-13.5713,25.91982,337.63,0.41,0.37,2026-10-05,1210,N,VIIRS,l,2.0NRT,309,1.62,D
-13.56216,24.9196,336.76,0.39,0.36,2026-10-05,1210,N,VIIRS,l,2.0NRT,306.87,3.74,D
-13.56118,25.34149,334.79,0.39,0.37,2026-10-05,1210,N,VIIRS,l,2.0NRT,308.26,4.1,D
-13.55929,24.98161,336.91,0.39,0.36,2026-10-05,1210,N,VIIRS,n,2.0NRT,306.14,3.54,D
-13.54551,24.89488,333.14,0.39,0.36,2026-10-05,1210,N,VIIRS,l,2.0NRT,306.85,2.85,D
-13.539,25.90298,345.27,0.41,0.37,2026-10-05,1210,N,VIIRS,n,2.0NRT,307.95,5.07,D
-13.53667,25.12562,341.89,0.39,0.36,2026-10-05,1210,N,VIIRS,n,2.0NRT,306.77,5.04,D
-13.52932,25.32504,335.78,0.39,0.37,2026-10-05,1210,N,VIIRS,n,2.0NRT,304.56,1.3,D
-13.51299,24.91508,342.16,0.39,0.36,2026-10-05,1210,N,VIIRS,n,2.0NRT,309.58,3.16,D
-13.50578,24.58829,337.44,0.39,0.36,2026-10-05,1210,N,VIIRS,l,2.0NRT,312.44,3.64,D
-13.50539,25.62952,342.06,0.4,0.37,2026-10-05,1210,N,VIIRS,n,2.0NRT,307.92,3.92,D
-13.49972,24.6493,340.75,0.39,0.36,2026-10-05,1210,N,VIIRS,n,2.0NRT,311.47,6.16,D
-13.49972,25.42491,337.82,0.4,0.37,2026-10-05,1210,N,VIIRS,n,2.0NRT,306.89,3.81,D
-13.49917,24.65286,331.85,0.39,0.36,2026-10-05,1210,N,VIIRS,l,2.0NRT,306.58,6.16,D
-13.49895,25.04904,337.07,0.39,0.36,2026-10-05,1210,N,VIIRS,l,2.0NRT,309.74,3.4,D
-13.49162,25.23684,335.83,0.39,0.36,2026-10-05,1210,N,VIIRS,n,2.0NRT,300.3,3.99,D
-13.48918,24.60747,351.93,0.39,0.36,2026-10-05,1210,N,VIIRS,n,2.0NRT,311.04,8.59,D
-13.47421,25.73837,339.33,0.4,0.37,2026-10-05,1210,N,VIIRS,n,2.0NRT,303.85,5.15,D
-13.46582,25.17311,338.41,0.39,0.36,2026-10-05,1210,N,VIIRS,n,2.0NRT,307.71,2.76,D
-13.46525,25.17672,333.3,0.39,0.36,2026-10-05,1210,N,VIIRS,n,2.0NRT,303.28,2.76,D
-13.44329,23.91952,337.43,0.38,0.36,2026-10-05,1210,N,VIIRS,n,2.0NRT,301.91,4.06,D
-13.44165,25.39277,338.04,0.4,0.37,2026-10-05,1210,N,VIIRS,n,2.0NRT,306.63,3.49,D
-13.44051,23.91545,334.3,0.38,0.36,2026-10-05,1210,N,VIIRS,l,2.0NRT,305.71,4.31,D
-13.42835,24.5206,336.92,0.39,0.36,2026-10-05,1210,N,VIIRS,n,2.0NRT,305.26,3.04,D
-13.42225,24.51597,347.03,0.39,0.36,2026-10-05,1210,N,VIIRS,n,2.0NRT,306.54,7.62,D
-13.41318,24.00546,339.98,0.38,0.36,2026-10-05,1210,N,VIIRS,n,2.0NRT,304.64,9.26,D
-13.40878,24.01202,342.79,0.38,0.36,2026-10-05,1210,N,VIIRS,n,2.0NRT,309.03,7.77,D
-13.4077,24.0191,337.56,0.38,0.36,2026-10-05,1210,N,VIIRS,n,2.0NRT,304.96,2.75,D
-13.40492,24.01503,337.21,0.38,0.36,2026-10-05,1210,N,VIIRS,l,2.0NRT,308.12,2.75,D
-13.40438,24.01857,335.9,0.38,0.36,2026-10-05,1210,N,VIIRS,n,2.0NRT,303.98,2.75,D
-13.40384,24.02211,346.29,0.38,0.36,2026-10-05,1210,N,VIIRS,n,2.0NRT,305.01,6.93,D
-13.4016,24.0145,338.38,0.38,0.36,2026-10-05,1210,N,VIIRS,n,2.0NRT,308.18,11.92,D
-13.40106,24.01804,349.88,0.38,0.36,2026-10-05,1210,N,VIIRS,n,2.0NRT,309.04,11.92,D
-13.40052,24.02158,346.49,0.38,0.36,2026-10-05,1210,N,VIIRS,n,2.0NRT,305.76,10.19,D
-13.40018,24.61441,336.42,0.39,0.36,2026-10-05,1210,N,VIIRS,l,2.0NRT,307.53,1.58,D
-13.39828,24.01397,347.39,0.38,0.36,2026-10-05,1210,N,VIIRS,n,2.0NRT,307.75,11.92,D
-13.39774,24.01751,352.68,0.38,0.36,2026-10-05,1210,N,VIIRS,n,2.0NRT,303.93,11.92,D
-13.37624,24.22448,354.15,0.38,0.36,2026-10-05,1210,N,VIIRS,n,2.0NRT,308.48,6.27,D
-13.3757,24.22802,330.18,0.38,0.36,2026-10-05,1210,N,VIIRS,l,2.0NRT,304.17,4.19,D
-13.37292,24.22394,332.84,0.38,0.36,2026-10-05,1210,N,VIIRS,l,2.0NRT,307.26,6.27,D
-13.36961,24.22342,345.39,0.38,0.36,2026-10-05,1210,N,VIIRS,n,2.0NRT,306.68,3.66,D
-13.36852,24.2305,339.55,0.38,0.36,2026-10-05,1210,N,VIIRS,n,2.0NRT,304.56,2.48,D
-13.35297,24.82975,337.2,0.39,0.36,2026-10-05,1210,N,VIIRS,n,2.0NRT,306.29,4,D
-13.34964,24.82921,337.53,0.39,0.36,2026-10-05,1210,N,VIIRS,n,2.0NRT,306.72,6.35,D
-13.32363,23.88189,343.71,0.38,0.36,2026-10-05,1210,N,VIIRS,n,2.0NRT,309.74,15.7,D
-13.32031,23.88136,331.14,0.38,0.36,2026-10-05,1210,N,VIIRS,l,2.0NRT,301.21,2.46,D
-13.31628,23.8408,343.1,0.38,0.36,2026-10-05,1210,N,VIIRS,n,2.0NRT,315.06,20.2,D
-13.31272,26.36761,330.7,0.42,0.38,2026-10-05,1210,N,VIIRS,n,2.0NRT,294.24,2.04,D
-13.30831,24.84009,341.09,0.39,0.36,2026-10-05,1210,N,VIIRS,n,2.0NRT,308.98,5.81,D
-13.30775,24.84367,340.05,0.39,0.36,2026-10-05,1210,N,VIIRS,l,2.0NRT,312.5,5.75,D
-13.30442,24.84312,339.34,0.39,0.36,2026-10-05,1210,N,VIIRS,l,2.0NRT,310.87,5.75,D
-13.29727,24.2984,355.09,0.38,0.36,2026-10-05,1210,N,VIIRS,n,2.0NRT,308.13,14.92,D
-13.28631,24.12623,340.5,0.38,0.36,2026-10-05,1210,N,VIIRS,n,2.0NRT,305.39,4.27,D
-13.28023,24.34286,332.21,0.38,0.36,2026-10-05,1210,N,VIIRS,n,2.0NRT,303.8,1.88,D
-13.27636,24.34587,346.31,0.38,0.36,2026-10-05,1210,N,VIIRS,n,2.0NRT,305.49,11.38,D
-13.22577,23.94953,347.46,0.38,0.36,2026-10-05,1210,N,VIIRS,l,2.0NRT,317.8,30.01,D
-13.22333,24.13785,343.87,0.38,0.36,2026-10-05,1210,N,VIIRS,n,2.0NRT,298.54,14.46,D
-13.21242,23.92565,343.79,0.38,0.36,2026-10-05,1210,N,VIIRS,n,2.0NRT,310.75,11.39,D
-13.2074,24.46194,340.47,0.39,0.36,2026-10-05,1210,N,VIIRS,n,2.0NRT,303.27,5.23,D
-13.19823,24.15172,338.45,0.38,0.36,2026-10-05,1210,N,VIIRS,n,2.0NRT,304.18,3.2,D
-13.19769,24.15526,334.31,0.38,0.36,2026-10-05,1210,N,VIIRS,n,2.0NRT,305.81,3.67,D
-13.17947,23.98564,348.8,0.38,0.36,2026-10-05,1210,N,VIIRS,n,2.0NRT,299.07,21.37,D
-13.17731,23.9998,348.61,0.38,0.36,2026-10-05,1210,N,VIIRS,n,2.0NRT,303.98,32.36,D
-13.16238,24.00823,341.21,0.38,0.36,2026-10-05,1210,N,VIIRS,n,2.0NRT,302.89,9.87,D
-13.15631,24.00371,367,0.38,0.36,2026-10-05,1210,N,VIIRS,h,2.0NRT,328.56,207.87,D
-13.153,24.00318,346.55,0.38,0.36,2026-10-05,1210,N,VIIRS,n,2.0NRT,304.84,14.34,D
-13.15248,24.02843,339.94,0.38,0.36,2026-10-05,1210,N,VIIRS,n,2.0NRT,304.55,17.56,D
-13.1312,24.10114,353.54,0.38,0.36,2026-10-05,1210,N,VIIRS,n,2.0NRT,308.91,16.36,D
-13.12788,24.10061,352.2,0.38,0.36,2026-10-05,1210,N,VIIRS,n,2.0NRT,306.49,16.36,D
-13.1276,24.01363,331.85,0.38,0.36,2026-10-05,1210,N,VIIRS,n,2.0NRT,299.26,7.25,D
-13.12734,24.10415,344.94,0.38,0.36,2026-10-05,1210,N,VIIRS,n,2.0NRT,303.26,16.36,D
-13.12706,24.01717,346.08,0.38,0.36,2026-10-05,1210,N,VIIRS,n,2.0NRT,306.78,7.25,D
-13.11979,24.02279,337.83,0.38,0.36,2026-10-05,1210,N,VIIRS,n,2.0NRT,303.68,2.17,D
-13.11684,24.1061,334.96,0.38,0.36,2026-10-05,1210,N,VIIRS,n,2.0NRT,301.2,5.54,D
-13.11647,24.02226,350.09,0.38,0.36,2026-10-05,1210,N,VIIRS,l,2.0NRT,322.9,29.94,D
-13.11593,24.02581,351.97,0.38,0.36,2026-10-05,1210,N,VIIRS,n,2.0NRT,311.36,16.43,D
-13.11539,24.02935,349.07,0.38,0.36,2026-10-05,1210,N,VIIRS,n,2.0NRT,310.78,16.43,D
-13.11369,24.01819,347.21,0.38,0.36,2026-10-05,1210,N,VIIRS,n,2.0NRT,302.65,29.94,D
-13.11314,24.02174,341.93,0.38,0.36,2026-10-05,1210,N,VIIRS,n,2.0NRT,308.84,29.94,D
-13.09837,24.0738,335.78,0.38,0.36,2026-10-05,1210,N,VIIRS,n,2.0NRT,302.64,2.81,D
-13.0945,24.07681,331.44,0.38,0.36,2026-10-05,1210,N,VIIRS,l,2.0NRT,304.01,4.12,D
-13.09172,24.07274,349.75,0.38,0.36,2026-10-05,1210,N,VIIRS,n,2.0NRT,309.01,4.12,D
-13.08159,27.33056,336.48,0.47,0.39,2026-10-05,1210,N,VIIRS,n,2.0NRT,300.06,4.67,D
-13.08154,24.00582,350.52,0.38,0.36,2026-10-05,1210,N,VIIRS,n,2.0NRT,319.01,22.89,D
-13.081,24.00936,332.32,0.38,0.36,2026-10-05,1210,N,VIIRS,l,2.0NRT,305,22.89,D
-13.07876,24.00175,346.63,0.38,0.36,2026-10-05,1210,N,VIIRS,n,2.0NRT,307.04,9.04,D
-13.07822,24.00529,352.75,0.38,0.36,2026-10-05,1210,N,VIIRS,n,2.0NRT,314.74,8.13,D
-13.07767,24.00883,355.68,0.38,0.36,2026-10-05,1210,N,VIIRS,n,2.0NRT,307.41,8.13,D
-13.07668,24.23696,337.64,0.38,0.36,2026-10-05,1210,N,VIIRS,n,2.0NRT,307.04,2.82,D
-13.07613,24.2405,344.32,0.38,0.36,2026-10-05,1210,N,VIIRS,n,2.0NRT,305.04,2.82,D
-13.07559,24.24403,330.74,0.38,0.36,2026-10-05,1210,N,VIIRS,l,2.0NRT,305.03,1.92,D
-13.07543,24.00122,338.86,0.38,0.36,2026-10-05,1210,N,VIIRS,n,2.0NRT,304.9,9.04,D
-13.07489,24.00476,336.86,0.38,0.36,2026-10-05,1210,N,VIIRS,n,2.0NRT,304.57,8.13,D
-13.07435,24.0083,338.9,0.38,0.36,2026-10-05,1210,N,VIIRS,n,2.0NRT,305.97,8.13,D
-13.07381,24.01184,335.14,0.38,0.36,2026-10-05,1210,N,VIIRS,n,2.0NRT,303.35,6.73,D
-13.07357,27.31155,337.34,0.46,0.39,2026-10-05,1210,N,VIIRS,n,2.0NRT,299.93,5.41,D
-13.07216,24.19998,334.13,0.38,0.36,2026-10-05,1210,N,VIIRS,l,2.0NRT,306.41,2.69,D
-13.07211,24.00069,350.28,0.38,0.36,2026-10-05,1210,N,VIIRS,n,2.0NRT,311.45,19.29,D
-13.04307,27.22744,336.64,0.46,0.39,2026-10-05,1210,N,VIIRS,n,2.0NRT,301.55,4.88,D
-13.04235,27.2317,330.03,0.46,0.39,2026-10-05,1210,N,VIIRS,n,2.0NRT,299.52,1.88,D
-13.04218,27.22807,341.18,0.46,0.39,2026-10-05,1210,N,VIIRS,n,2.0NRT,301.39,4.15,D
-13.02684,24.20723,334.23,0.38,0.36,2026-10-05,1210,N,VIIRS,l,2.0NRT,306,1.2,D
-13.01863,24.03929,330.32,0.38,0.36,2026-10-05,1210,N,VIIRS,l,2.0NRT,304.01,1.8,D
-12.97828,23.93077,332.96,0.38,0.36,2026-10-05,1210,N,VIIRS,l,2.0NRT,304.58,2.39,D
-12.96883,24.08132,334.71,0.38,0.36,2026-10-05,1210,N,VIIRS,n,2.0NRT,301.42,2.96,D
-12.94672,23.91489,332.32,0.38,0.36,2026-10-05,1210,N,VIIRS,l,2.0NRT,306.63,4.51,D
-12.94041,24.02252,332.38,0.38,0.36,2026-10-05,1210,N,VIIRS,l,2.0NRT,303.61,35.25,D
-12.9398,24.0043,340.03,0.38,0.36,2026-10-05,1210,N,VIIRS,n,2.0NRT,309.7,7.18,D
-12.93926,24.00784,346.7,0.38,0.36,2026-10-05,1210,N,VIIRS,n,2.0NRT,315.39,7.18,D
-12.93648,24.00377,339.21,0.38,0.36,2026-10-05,1210,N,VIIRS,n,2.0NRT,305.46,4.15,D
-12.86461,24.0099,338.7,0.38,0.36,2026-10-05,1210,N,VIIRS,n,2.0NRT,301.93,2.31,D
-12.86399,23.99168,332.98,0.38,0.36,2026-10-05,1210,N,VIIRS,n,2.0NRT,300.41,3.72,D
-12.86345,23.99522,349.59,0.38,0.36,2026-10-05,1210,N,VIIRS,n,2.0NRT,303.51,3.72,D
-12.86067,23.99115,337.51,0.38,0.36,2026-10-05,1210,N,VIIRS,n,2.0NRT,300,3.72,D
-12.78866,23.97897,353.64,0.38,0.36,2026-10-05,1210,N,VIIRS,n,2.0NRT,295.79,6.98,D
-14.63381,25.38504,304.43,0.54,0.51,2026-10-05,2318,N,VIIRS,n,2.0NRT,289.13,2.56,N
-14.62915,25.38596,334,0.54,0.51,2026-10-05,2318,N,VIIRS,n,2.0NRT,289.76,2.56,N
-14.61568,27.36463,303.55,0.4,0.44,2026-10-05,2318,N,VIIRS,n,2.0NRT,287.52,0.95,N
-14.61381,27.366,305.66,0.4,0.44,2026-10-05,2318,N,VIIRS,n,2.0NRT,285.7,0.87,N
-14.3453,23.92413,301.28,0.34,0.56,2026-10-05,2318,N,VIIRS,n,2.0NRT,289.06,0.43,N
-13.7887,25.74831,307.98,0.53,0.5,2026-10-05,2318,N,VIIRS,n,2.0NRT,286.31,1.44,N
-13.15629,24.00458,300.14,0.35,0.57,2026-10-05,2318,N,VIIRS,n,2.0NRT,284.53,0.78,N
-13.1164,24.02318,301.05,0.35,0.57,2026-10-05,2318,N,VIIRS,n,2.0NRT,286.13,1.01,N
-13.11575,24.01992,301.11,0.35,0.57,2026-10-05,2318,N,VIIRS,n,2.0NRT,287.47,1.48,N
-13.08694,24.00555,319.6,0.35,0.57,2026-10-05,2318,N,VIIRS,n,2.0NRT,288.75,2.13,N
-13.0817,24.00666,333.88,0.35,0.57,2026-10-05,2318,N,VIIRS,n,2.0NRT,289.96,1.78,N
-13.08107,24.00338,316.62,0.35,0.57,2026-10-05,2318,N,VIIRS,n,2.0NRT,289.2,1.78,N
-13.07583,24.00449,300.39,0.35,0.57,2026-10-05,2318,N,VIIRS,n,2.0NRT,288.06,1.78,N
-13.06902,23.91308,299.12,0.36,0.57,2026-10-05,2318,N,VIIRS,n,2.0NRT,288.32,0.52,N
-13.06375,23.91419,305.23,0.36,0.57,2026-10-05,2318,N,VIIRS,n,2.0NRT,288.9,1.29,N
-13.05782,23.91195,317.03,0.36,0.57,2026-10-05,2318,N,VIIRS,n,2.0NRT,289.17,1.29,N
-13.05255,23.91305,310.01,0.36,0.57,2026-10-05,2318,N,VIIRS,n,2.0NRT,288.62,0.91,N
-12.98905,23.91582,301.72,0.36,0.57,2026-10-05,2318,N,VIIRS,n,2.0NRT,288.51,0.65,N
-12.98724,23.91607,301.23,0.36,0.57,2026-10-05,2318,N,VIIRS,n,2.0NRT,288,0.68,N