latitude,longitude,bright_ti4,scan,track,acq_date,acq_time,satellite,instrument,confidence,version,bright_ti5,frp,daynight
-16.68998,23.05761,297.4,0.78,0.78,2026-10-01,52,N,VIIRS,n,2.0NRT,285.38,1.36,N
-18.06223,22.35287,367,0.35,0.57,2026-10-01,1145,N,VIIRS,h,2.0NRT,299.95,5.72,D
-18.06052,22.31871,347.41,0.35,0.57,2026-10-01,1145,N,VIIRS,n,2.0NRT,301.41,2.35,D
-18.05524,22.31812,332.77,0.35,0.57,2026-10-01,1145,N,VIIRS,n,2.0NRT,299.59,2.35,D
-18.0449,22.80196,351.72,0.32,0.55,2026-10-01,1145,N,VIIRS,n,2.0NRT,298.48,4.82,D
-18.04053,22.74759,336.18,0.33,0.55,2026-10-01,1145,N,VIIRS,n,2.0NRT,297.87,2.5,D
-18.03699,24.3998,335.1,0.51,0.49,2026-10-01,1145,N,VIIRS,n,2.0NRT,302.27,3.73,D
-17.83514,23.83591,337.42,0.55,0.51,2026-10-01,1145,N,VIIRS,n,2.0NRT,297.65,4.79,D
-17.71455,23.95776,352.98,0.54,0.51,2026-10-01,1145,N,VIIRS,n,2.0NRT,300.09,16.82,D
-17.70403,21.99504,335.21,0.36,0.58,2026-10-01,1145,N,VIIRS,n,2.0NRT,296.33,3.25,D
-17.70091,21.97349,343.67,0.36,0.58,2026-10-01,1145,N,VIIRS,n,2.0NRT,296.16,2.92,D
-17.70053,21.97699,336.87,0.36,0.58,2026-10-01,1145,N,VIIRS,n,2.0NRT,296.42,2.92,D
-17.67092,24.75178,343.36,0.48,0.48,2026-10-01,1145,N,VIIRS,n,2.0NRT,298.61,8.45,D
-17.63044,22.1391,332.72,0.35,0.57,2026-10-01,1145,N,VIIRS,n,2.0NRT,295.54,2.58,D
-17.62949,22.13656,335.2,0.36,0.57,2026-10-01,1145,N,VIIRS,n,2.0NRT,295.35,2.21,D
-17.62913,22.13996,337.11,0.35,0.57,2026-10-01,1145,N,VIIRS,n,2.0NRT,296.02,3.15,D
-17.62735,22.15696,348.09,0.35,0.57,2026-10-01,1145,N,VIIRS,n,2.0NRT,298.46,4.77,D
-17.62551,22.13509,340.74,0.35,0.57,2026-10-01,1145,N,VIIRS,n,2.0NRT,294.19,3.35,D
-17.62513,22.1385,331.31,0.35,0.57,2026-10-01,1145,N,VIIRS,n,2.0NRT,296.78,5.25,D
-17.62323,22.15548,355.65,0.35,0.57,2026-10-01,1145,N,VIIRS,n,2.0NRT,298.64,7.15,D
-17.62204,22.15634,337.55,0.35,0.57,2026-10-01,1145,N,VIIRS,n,2.0NRT,297.05,4.12,D
-17.6178,22.14552,341.56,0.35,0.57,2026-10-01,1145,N,VIIRS,n,2.0NRT,297.44,5.29,D
-17.61412,22.1407,343.06,0.35,0.57,2026-10-01,1145,N,VIIRS,n,2.0NRT,295.73,10.19,D
-17.61375,22.14409,367,0.35,0.57,2026-10-01,1145,N,VIIRS,h,2.0NRT,301.02,25.95,D
-17.52872,23.80851,332.67,0.55,0.51,2026-10-01,1145,N,VIIRS,n,2.0NRT,299.02,3.49,D
-17.48221,25.43406,330.42,0.43,0.46,2026-10-01,1145,N,VIIRS,l,2.0NRT,300.48,2.78,D
-17.25381,25.51676,342.67,0.42,0.46,2026-10-01,1145,N,VIIRS,n,2.0NRT,297.46,11.16,D
-17.1066,22.04094,367,0.35,0.57,2026-10-01,1145,N,VIIRS,h,2.0NRT,294.03,9.6,D
-17.10655,23.97085,332.94,0.53,0.5,2026-10-01,1145,N,VIIRS,n,2.0NRT,298.81,4.32,D
-17.10481,22.03859,350.84,0.36,0.57,2026-10-01,1145,N,VIIRS,n,2.0NRT,291.48,7.17,D
-17.10445,22.04198,349.89,0.35,0.57,2026-10-01,1145,N,VIIRS,n,2.0NRT,291.07,9.53,D
-16.97906,23.14085,330.51,0.6,0.53,2026-10-01,1145,N,VIIRS,n,2.0NRT,295.41,2.11,D
-16.72875,23.57135,340.78,0.56,0.51,2026-10-01,1145,N,VIIRS,n,2.0NRT,298.75,5.08,D
-16.72872,23.57415,342.97,0.56,0.51,2026-10-01,1145,N,VIIRS,n,2.0NRT,296.52,7.3,D
-16.59799,22.03086,334.98,0.35,0.57,2026-10-01,1145,N,VIIRS,n,2.0NRT,296.27,3.03,D
-16.39956,22.4248,337.18,0.33,0.55,2026-10-01,1145,N,VIIRS,n,2.0NRT,301.71,1.95,D
-16.3992,22.42791,331.75,0.33,0.55,2026-10-01,1145,N,VIIRS,n,2.0NRT,300.66,3.65,D
-16.38625,22.88481,332.66,0.61,0.53,2026-10-01,1145,N,VIIRS,n,2.0NRT,301.07,3.78,D
-16.38613,22.88699,331.97,0.61,0.54,2026-10-01,1145,N,VIIRS,n,2.0NRT,301.06,4.33,D
-16.36319,23.74828,338.23,0.54,0.51,2026-10-01,1145,N,VIIRS,n,2.0NRT,302.43,5.82,D
-16.29828,24.66375,336,0.47,0.48,2026-10-01,1145,N,VIIRS,n,2.0NRT,303.47,9.98,D
-16.29419,22.232,331.46,0.34,0.56,2026-10-01,1145,N,VIIRS,n,2.0NRT,300.91,5.44,D
-16.29389,24.66302,356.35,0.47,0.48,2026-10-01,1145,N,VIIRS,n,2.0NRT,305.88,12.44,D
-16.29335,24.66751,343.11,0.47,0.47,2026-10-01,1145,N,VIIRS,n,2.0NRT,303.26,12.44,D
-16.28951,24.66222,350.67,0.47,0.48,2026-10-01,1145,N,VIIRS,n,2.0NRT,301.05,12.44,D
-16.289,22.2314,340.48,0.34,0.56,2026-10-01,1145,N,VIIRS,n,2.0NRT,298.87,4.52,D
-16.25971,22.30521,332.38,0.33,0.55,2026-10-01,1145,N,VIIRS,n,2.0NRT,299.88,2.97,D
-16.25313,22.31724,332.19,0.33,0.55,2026-10-01,1145,N,VIIRS,n,2.0NRT,301.23,3.03,D
-16.23672,24.43919,334.23,0.48,0.48,2026-10-01,1145,N,VIIRS,n,2.0NRT,300.55,6.81,D
-16.21423,21.90884,332.41,0.35,0.57,2026-10-01,1145,N,VIIRS,n,2.0NRT,297.92,2.43,D
-16.20894,21.90819,354.42,0.35,0.57,2026-10-01,1145,N,VIIRS,n,2.0NRT,294.18,5.55,D
-16.1969,23.36245,343.04,0.57,0.52,2026-10-01,1145,N,VIIRS,n,2.0NRT,302.99,10.35,D
-16.17107,24.79121,349.88,0.46,0.47,2026-10-01,1145,N,VIIRS,n,2.0NRT,298.78,4.73,D
-16.16707,22.63983,336.67,0.63,0.54,2026-10-01,1145,N,VIIRS,n,2.0NRT,299.65,1.78,D
-16.13539,22.08768,332.89,0.34,0.56,2026-10-01,1145,N,VIIRS,n,2.0NRT,302.08,1.95,D
-16.12647,23.25512,344.26,0.57,0.52,2026-10-01,1145,N,VIIRS,n,2.0NRT,299.16,6.71,D
-16.11765,24.43033,330.76,0.48,0.48,2026-10-01,1145,N,VIIRS,n,2.0NRT,302.04,3.04,D
-16.06987,24.78313,336.87,0.46,0.47,2026-10-01,1145,N,VIIRS,n,2.0NRT,298.02,2.95,D
-16.06933,24.7875,331.89,0.46,0.47,2026-10-01,1145,N,VIIRS,n,2.0NRT,295.94,4.88,D
-16.06552,24.78253,330.07,0.46,0.47,2026-10-01,1145,N,VIIRS,n,2.0NRT,298.93,5.58,D
-16.06499,24.78683,333.74,0.46,0.47,2026-10-01,1145,N,VIIRS,n,2.0NRT,299.36,6.31,D
-16.05866,23.87718,330.39,0.52,0.5,2026-10-01,1145,N,VIIRS,n,2.0NRT,300.02,3.63,D
-16.05825,23.26606,332.81,0.57,0.52,2026-10-01,1145,N,VIIRS,n,2.0NRT,301.63,8.19,D
-16.03399,23.70895,339.63,0.53,0.5,2026-10-01,1145,N,VIIRS,n,2.0NRT,301.33,5.91,D
-15.91923,22.54702,341.73,0.64,0.54,2026-10-01,1145,N,VIIRS,n,2.0NRT,300.36,11.3,D
-15.80455,24.7261,353.21,0.46,0.47,2026-10-01,1145,N,VIIRS,n,2.0NRT,302.87,10.68,D
-15.73362,22.08184,336.23,0.34,0.56,2026-10-01,1145,N,VIIRS,n,2.0NRT,298.14,2.4,D
-15.73278,22.08035,330.22,0.34,0.56,2026-10-01,1145,N,VIIRS,n,2.0NRT,296.84,3.71,D
-15.6687,24.81692,348.36,0.45,0.47,2026-10-01,1145,N,VIIRS,n,2.0NRT,304.81,12.69,D
-15.65113,24.92093,352.87,0.44,0.46,2026-10-01,1145,N,VIIRS,n,2.0NRT,304.59,11.51,D
-15.64594,24.99582,341.79,0.44,0.46,2026-10-01,1145,N,VIIRS,n,2.0NRT,301.62,8.58,D
-15.62101,24.76406,332.85,0.45,0.47,2026-10-01,1145,N,VIIRS,n,2.0NRT,301.9,4.72,D
-15.61826,24.76285,332.17,0.45,0.47,2026-10-01,1145,N,VIIRS,l,2.0NRT,306.32,4.41,D
-15.61559,24.77191,342.07,0.45,0.47,2026-10-01,1145,N,VIIRS,n,2.0NRT,302.39,4.97,D
-15.61289,24.77074,331.63,0.45,0.47,2026-10-01,1145,N,VIIRS,n,2.0NRT,301.58,3.2,D
-15.53448,24.78698,330.27,0.45,0.47,2026-10-01,1145,N,VIIRS,l,2.0NRT,305.17,4.22,D
-15.53396,24.79117,339.66,0.45,0.47,2026-10-01,1145,N,VIIRS,n,2.0NRT,303.34,4.27,D
-15.53068,24.78219,331.02,0.45,0.47,2026-10-01,1145,N,VIIRS,l,2.0NRT,305.65,4.08,D
-15.52584,24.78581,331.09,0.45,0.47,2026-10-01,1145,N,VIIRS,l,2.0NRT,302.11,4.08,D
-15.4841,24.65571,331.26,0.46,0.47,2026-10-01,1145,N,VIIRS,l,2.0NRT,302.78,3.03,D
-15.48386,23.61144,339.97,0.53,0.5,2026-10-01,1145,N,VIIRS,n,2.0NRT,297.66,12.66,D
-15.32407,23.12763,333.7,0.57,0.52,2026-10-01,1145,N,VIIRS,n,2.0NRT,300.77,3.83,D
-15.11941,25.36528,347.41,0.41,0.45,2026-10-01,1145,N,VIIRS,n,2.0NRT,307.63,6.36,D
-15.10052,24.66032,335.37,0.45,0.47,2026-10-01,1145,N,VIIRS,n,2.0NRT,301.04,5.51,D
-15.09943,24.66104,335.84,0.45,0.47,2026-10-01,1145,N,VIIRS,n,2.0NRT,301.08,3.88,D
-15.08364,25.10338,339.4,0.42,0.45,2026-10-01,1145,N,VIIRS,n,2.0NRT,308.1,5.11,D
-15.06919,25.37785,333.63,0.41,0.45,2026-10-01,1145,N,VIIRS,l,2.0NRT,306.16,2.51,D
-15.04742,25.44808,342.46,0.4,0.44,2026-10-01,1145,N,VIIRS,n,2.0NRT,306.48,4.39,D
-15.04075,22.9097,339.05,0.59,0.52,2026-10-01,1145,N,VIIRS,n,2.0NRT,298.05,8,D
-15.01475,24.77319,331.26,0.44,0.46,2026-10-01,1145,N,VIIRS,l,2.0NRT,304.73,4.02,D
-15.01432,22.74029,336.2,0.6,0.53,2026-10-01,1145,N,VIIRS,n,2.0NRT,297.97,4,D
-15.00078,25.3723,338.63,0.41,0.45,2026-10-01,1145,N,VIIRS,n,2.0NRT,306.5,0.6,D
-14.97449,23.02108,332.47,0.57,0.52,2026-10-01,1145,N,VIIRS,n,2.0NRT,298.22,3.06,D
-14.97377,23.01764,336.34,0.57,0.52,2026-10-01,1145,N,VIIRS,n,2.0NRT,298.8,1.37,D
-14.84471,24.99453,343.36,0.43,0.46,2026-10-01,1145,N,VIIRS,n,2.0NRT,306.48,4.04,D
-14.78868,24.51863,343.12,0.46,0.47,2026-10-01,1145,N,VIIRS,n,2.0NRT,305.73,5.46,D
-14.78757,24.51962,343.25,0.46,0.47,2026-10-01,1145,N,VIIRS,n,2.0NRT,304.62,4.12,D
-14.76939,22.79643,331.96,0.59,0.53,2026-10-01,1145,N,VIIRS,n,2.0NRT,301.28,3.16,D
-14.68476,24.84006,336.05,0.43,0.46,2026-10-01,1145,N,VIIRS,n,2.0NRT,303.93,3.8,D
-14.51439,23.90809,345.48,0.49,0.49,2026-10-01,1145,N,VIIRS,n,2.0NRT,303.24,10.19,D
-14.5138,23.91278,345.11,0.49,0.49,2026-10-01,1145,N,VIIRS,n,2.0NRT,306.73,10.19,D
-14.50928,23.9122,339.1,0.49,0.49,2026-10-01,1145,N,VIIRS,n,2.0NRT,301.44,8.91,D
-14.40657,23.61838,340,0.52,0.5,2026-10-01,1145,N,VIIRS,n,2.0NRT,300.89,14.66,D
-14.40635,23.14749,345.45,0.55,0.51,2026-10-01,1145,N,VIIRS,n,2.0NRT,299.89,7.77,D
-14.40597,23.62319,342.1,0.51,0.5,2026-10-01,1145,N,VIIRS,n,2.0NRT,302.56,14.66,D
-14.40401,23.67664,344.78,0.51,0.49,2026-10-01,1145,N,VIIRS,n,2.0NRT,298.96,12.3,D
-14.40137,23.6226,342.91,0.51,0.5,2026-10-01,1145,N,VIIRS,n,2.0NRT,302.4,16.15,D
-14.38756,23.62082,335.81,0.51,0.5,2026-10-01,1145,N,VIIRS,n,2.0NRT,300.46,5.99,D
-14.3702,25.64105,367,0.38,0.43,2026-10-01,1145,N,VIIRS,h,2.0NRT,304.24,10.57,D
-14.36131,23.83429,339.95,0.5,0.49,2026-10-01,1145,N,VIIRS,n,2.0NRT,299.21,5.88,D
-14.36036,31.62773,338.03,0.39,0.36,2026-10-01,1145,N,VIIRS,n,2.0NRT,298.44,4.19,D
-14.35678,23.83373,355.36,0.5,0.49,2026-10-01,1145,N,VIIRS,n,2.0NRT,302.88,16.22,D
-14.35623,23.00275,331.2,0.57,0.52,2026-10-01,1145,N,VIIRS,l,2.0NRT,304.33,2.75,D
-14.35224,23.83315,345.97,0.5,0.49,2026-10-01,1145,N,VIIRS,n,2.0NRT,304.16,16.22,D
-14.35209,23.82981,341.16,0.5,0.49,2026-10-01,1145,N,VIIRS,n,2.0NRT,303.85,13.66,D
-14.35192,23.00009,342.28,0.56,0.52,2026-10-01,1145,N,VIIRS,n,2.0NRT,304.32,10.96,D
-14.35144,23.00216,356.86,0.57,0.52,2026-10-01,1145,N,VIIRS,n,2.0NRT,305.86,14.33,D
-14.35126,23.00535,343.48,0.56,0.52,2026-10-01,1145,N,VIIRS,n,2.0NRT,306.03,10.96,D
-14.33406,23.5715,342.78,0.52,0.5,2026-10-01,1145,N,VIIRS,n,2.0NRT,298.88,21.05,D
-14.24653,24.94965,334.07,0.42,0.45,2026-10-01,1145,N,VIIRS,n,2.0NRT,303.69,4.4,D
-14.2419,23.6011,332.59,0.51,0.5,2026-10-01,1145,N,VIIRS,l,2.0NRT,306.58,5.13,D
-14.22207,24.41474,351.63,0.45,0.47,2026-10-01,1145,N,VIIRS,n,2.0NRT,300.22,6.33,D
-14.22152,24.41899,337.06,0.45,0.47,2026-10-01,1145,N,VIIRS,n,2.0NRT,298.25,6.33,D
-14.21021,23.40358,352.34,0.53,0.5,2026-10-01,1145,N,VIIRS,n,2.0NRT,307.59,12.65,D
-14.20555,23.40298,337.33,0.53,0.5,2026-10-01,1145,N,VIIRS,n,2.0NRT,303.96,6.4,D
-14.19283,26.7863,337.91,0.49,0.41,2026-10-01,1145,N,VIIRS,n,2.0NRT,300.21,5.82,D
-14.18506,23.71966,342.82,0.5,0.49,2026-10-01,1145,N,VIIRS,n,2.0NRT,300.85,4.04,D
-14.14762,28.01978,333.52,0.43,0.38,2026-10-01,1145,N,VIIRS,l,2.0NRT,299.66,2.86,D
-14.14487,25.38419,354.55,0.39,0.44,2026-10-01,1145,N,VIIRS,n,2.0NRT,306.94,13.6,D
-14.14394,25.38452,367,0.4,0.44,2026-10-01,1145,N,VIIRS,h,2.0NRT,305.7,11.56,D
-14.13498,23.67626,346.14,0.51,0.49,2026-10-01,1145,N,VIIRS,n,2.0NRT,300.47,8.3,D
-14.13292,25.50175,333.77,0.39,0.44,2026-10-01,1145,N,VIIRS,n,2.0NRT,302.53,3.91,D
-14.13021,22.94773,330.16,0.57,0.52,2026-10-01,1145,N,VIIRS,n,2.0NRT,299.55,1.47,D
-14.12996,22.95194,331.47,0.57,0.52,2026-10-01,1145,N,VIIRS,n,2.0NRT,298.14,4.67,D
-14.12981,23.68041,336.61,0.51,0.49,2026-10-01,1145,N,VIIRS,n,2.0NRT,300.71,13.34,D
-14.12279,22.16251,339.61,0.32,0.54,2026-10-01,1145,N,VIIRS,n,2.0NRT,302.94,5.04,D
-14.12242,22.16551,367,0.32,0.54,2026-10-01,1145,N,VIIRS,h,2.0NRT,305.2,10.92,D
-14.12076,22.16405,367,0.32,0.55,2026-10-01,1145,N,VIIRS,h,2.0NRT,304.64,5.81,D
-14.12041,22.16705,338.84,0.32,0.54,2026-10-01,1145,N,VIIRS,n,2.0NRT,303.28,5.91,D
-14.11104,21.91971,356.06,0.33,0.55,2026-10-01,1145,N,VIIRS,n,2.0NRT,300.94,6.91,D
-14.06366,29.15402,336.4,0.4,0.37,2026-10-01,1145,N,VIIRS,n,2.0NRT,296.63,4.03,D
-14.03397,24.80431,338.23,0.43,0.46,2026-10-01,1145,N,VIIRS,n,2.0NRT,303.41,2.6,D
-14.02974,24.80376,344.24,0.43,0.46,2026-10-01,1145,N,VIIRS,n,2.0NRT,305.57,8.64,D
-14.02633,26.95574,333.54,0.48,0.4,2026-10-01,1145,N,VIIRS,l,2.0NRT,297.95,4.52,D
-13.98536,26.02378,337.82,0.54,0.42,2026-10-01,1145,N,VIIRS,n,2.0NRT,306.1,14.28,D
-13.98108,28.37929,330.44,0.42,0.38,2026-10-01,1145,N,VIIRS,l,2.0NRT,301.13,7.27,D
-13.97797,29.33226,332.13,0.4,0.37,2026-10-01,1145,N,VIIRS,n,2.0NRT,299.72,2.66,D
-13.9746,29.33174,341.02,0.4,0.37,2026-10-01,1145,N,VIIRS,n,2.0NRT,303.16,2.66,D
-13.94414,23.67826,330.48,0.5,0.49,2026-10-01,1145,N,VIIRS,l,2.0NRT,302.97,4.05,D
-13.94383,23.67989,331.81,0.5,0.49,2026-10-01,1145,N,VIIRS,l,2.0NRT,303.48,4.77,D
-13.93548,22.40318,342.52,0.61,0.54,2026-10-01,1145,N,VIIRS,n,2.0NRT,303.76,6.03,D
-13.92077,23.57103,334.17,0.51,0.49,2026-10-01,1145,N,VIIRS,n,2.0NRT,303.55,3.72,D
-13.90389,24.95085,346.66,0.42,0.45,2026-10-01,1145,N,VIIRS,n,2.0NRT,306.23,11.33,D
-13.89971,24.95031,341.53,0.42,0.45,2026-10-01,1145,N,VIIRS,n,2.0NRT,302.07,11.33,D
-13.89806,23.71207,340.91,0.5,0.49,2026-10-01,1145,N,VIIRS,n,2.0NRT,305.51,4.21,D
-13.84321,25.41608,332.8,0.39,0.44,2026-10-01,1145,N,VIIRS,l,2.0NRT,304.96,4.45,D
-13.83705,23.08432,342.7,0.55,0.51,2026-10-01,1145,N,VIIRS,n,2.0NRT,305.27,5.22,D
-13.83642,23.08946,343.68,0.55,0.51,2026-10-01,1145,N,VIIRS,n,2.0NRT,307.1,5.22,D
-13.82736,31.86032,333.29,0.4,0.37,2026-10-01,1145,N,VIIRS,l,2.0NRT,303.84,2.03,D
-13.81373,22.48956,336.63,0.6,0.53,2026-10-01,1145,N,VIIRS,n,2.0NRT,300.93,4.23,D
-13.80359,31.66137,331.12,0.39,0.36,2026-10-01,1145,N,VIIRS,l,2.0NRT,301.39,2.89,D
-13.80023,31.66081,341.36,0.39,0.36,2026-10-01,1145,N,VIIRS,n,2.0NRT,303.82,2.89,D
-13.77529,31.61186,331.51,0.39,0.36,2026-10-01,1145,N,VIIRS,l,2.0NRT,303.35,2.02,D
-13.7669,25.93165,337.44,0.54,0.42,2026-10-01,1145,N,VIIRS,l,2.0NRT,307.46,3.23,D
-13.75242,22.28263,330.62,0.62,0.54,2026-10-01,1145,N,VIIRS,n,2.0NRT,300.57,6.95,D
-13.74781,31.63338,336.08,0.39,0.36,2026-10-01,1145,N,VIIRS,n,2.0NRT,302.99,2.31,D
-13.7363,29.55047,338.96,0.39,0.36,2026-10-01,1145,N,VIIRS,n,2.0NRT,294.55,5.3,D
-13.72772,24.98285,330.84,0.41,0.45,2026-10-01,1145,N,VIIRS,l,2.0NRT,301.6,1.74,D
-13.7244,23.54431,330.75,0.51,0.49,2026-10-01,1145,N,VIIRS,n,2.0NRT,302.74,1.68,D
-13.72301,25.72532,339.61,0.56,0.43,2026-10-01,1145,N,VIIRS,n,2.0NRT,306.81,5.79,D
-13.71982,23.54372,367,0.51,0.49,2026-10-01,1145,N,VIIRS,h,2.0NRT,309.82,25.55,D
-13.71528,25.87144,332.39,0.55,0.43,2026-10-01,1145,N,VIIRS,l,2.0NRT,303.37,3.08,D
-13.7042,24.34595,367,0.45,0.47,2026-10-01,1145,N,VIIRS,h,2.0NRT,307.41,18.79,D
-13.69987,24.34532,355.02,0.45,0.47,2026-10-01,1145,N,VIIRS,n,2.0NRT,305.36,18.79,D
-13.69974,23.69885,356.88,0.5,0.49,2026-10-01,1145,N,VIIRS,n,2.0NRT,309.18,18.65,D
-13.68119,25.01527,336.17,0.41,0.45,2026-10-01,1145,N,VIIRS,n,2.0NRT,305.94,5.48,D
-13.65501,25.43424,333.91,0.39,0.44,2026-10-01,1145,N,VIIRS,l,2.0NRT,304.5,3.63,D
-13.65361,23.22516,345.05,0.53,0.5,2026-10-01,1145,N,VIIRS,n,2.0NRT,304.61,5.93,D
-13.64406,29.35097,337.06,0.39,0.36,2026-10-01,1145,N,VIIRS,n,2.0NRT,299.08,1.9,D
-13.64347,24.33797,330.15,0.45,0.47,2026-10-01,1145,N,VIIRS,l,2.0NRT,303.28,3.75,D
-13.64294,24.34217,334.32,0.45,0.47,2026-10-01,1145,N,VIIRS,n,2.0NRT,302.3,2.97,D
-13.61354,28.56396,336.07,0.41,0.37,2026-10-01,1145,N,VIIRS,n,2.0NRT,296.56,3.42,D
-13.60799,23.57915,343.25,0.51,0.49,2026-10-01,1145,N,VIIRS,n,2.0NRT,309.57,24.26,D
-13.60404,23.57384,341.62,0.51,0.49,2026-10-01,1145,N,VIIRS,n,2.0NRT,302.92,23.32,D
-13.59696,24.31546,339.02,0.45,0.47,2026-10-01,1145,N,VIIRS,n,2.0NRT,306.04,4.79,D
-13.59172,23.37746,352.41,0.52,0.5,2026-10-01,1145,N,VIIRS,n,2.0NRT,304.55,15.91,D
-13.5842,25.18998,340.22,0.4,0.44,2026-10-01,1145,N,VIIRS,n,2.0NRT,303.64,2.87,D
-13.58257,26.14425,334.09,0.53,0.42,2026-10-01,1145,N,VIIRS,n,2.0NRT,299.55,5.43,D
-13.57907,25.07077,334.12,0.41,0.45,2026-10-01,1145,N,VIIRS,n,2.0NRT,302.63,3.55,D
-13.57631,23.53652,343.94,0.51,0.49,2026-10-01,1145,N,VIIRS,n,2.0NRT,309.18,9.19,D
-13.57486,23.58443,335.42,0.5,0.49,2026-10-01,1145,N,VIIRS,n,2.0NRT,302.75,34.38,D
-13.57426,23.58913,349.27,0.5,0.49,2026-10-01,1145,N,VIIRS,n,2.0NRT,316.16,34.38,D
-13.57367,23.59382,331.19,0.5,0.49,2026-10-01,1145,N,VIIRS,l,2.0NRT,302.57,11.79,D
-13.56911,23.59322,356.68,0.5,0.49,2026-10-01,1145,N,VIIRS,n,2.0NRT,312.7,95.25,D
-13.56728,29.00128,342.39,0.4,0.37,2026-10-01,1145,N,VIIRS,n,2.0NRT,300.46,8.5,D
-13.5666,28.98234,338,0.4,0.37,2026-10-01,1145,N,VIIRS,n,2.0NRT,302.61,3.55,D
-13.5589,25.31743,340.57,0.39,0.44,2026-10-01,1145,N,VIIRS,n,2.0NRT,307.41,3.16,D
-13.55841,25.3211,330.79,0.39,0.44,2026-10-01,1145,N,VIIRS,n,2.0NRT,304.77,3.16,D
-13.53762,23.51514,345.71,0.51,0.49,2026-10-01,1145,N,VIIRS,n,2.0NRT,309.78,6.16,D
-13.53699,23.5199,338.59,0.51,0.49,2026-10-01,1145,N,VIIRS,n,2.0NRT,309.83,6.16,D
-13.5369,23.51696,347.83,0.51,0.49,2026-10-01,1145,N,VIIRS,n,2.0NRT,309.49,15.22,D
-13.53681,28.9966,333.61,0.4,0.37,2026-10-01,1145,N,VIIRS,n,2.0NRT,298.2,1.39,D
-13.53546,23.60316,331.57,0.5,0.49,2026-10-01,1145,N,VIIRS,l,2.0NRT,304.9,16.15,D
-13.53488,23.60786,342.97,0.5,0.49,2026-10-01,1145,N,VIIRS,n,2.0NRT,311.18,48.3,D
-13.53043,24.30659,337.13,0.45,0.47,2026-10-01,1145,N,VIIRS,l,2.0NRT,310.69,3.87,D
-13.52811,23.58785,339.45,0.5,0.49,2026-10-01,1145,N,VIIRS,n,2.0NRT,305.55,44.19,D
-13.52768,23.59061,355.72,0.5,0.49,2026-10-01,1145,N,VIIRS,n,2.0NRT,308.17,27.02,D
-13.52763,24.30544,344.56,0.45,0.47,2026-10-01,1145,N,VIIRS,n,2.0NRT,311.29,6.17,D
-13.52753,23.59255,349.54,0.5,0.49,2026-10-01,1145,N,VIIRS,n,2.0NRT,305.09,44.19,D
-13.52706,23.59529,334.24,0.5,0.49,2026-10-01,1145,N,VIIRS,l,2.0NRT,304.93,27.02,D
-13.52695,23.59725,335.66,0.5,0.49,2026-10-01,1145,N,VIIRS,n,2.0NRT,304.59,10.52,D
-13.5261,24.30595,341.16,0.45,0.47,2026-10-01,1145,N,VIIRS,n,2.0NRT,310.85,3.87,D
-13.52375,23.5853,333.09,0.5,0.49,2026-10-01,1145,N,VIIRS,n,2.0NRT,305.67,15.23,D
-13.52356,23.58723,345.38,0.5,0.49,2026-10-01,1145,N,VIIRS,n,2.0NRT,312.58,37.46,D
-13.52313,23.59,356.04,0.5,0.49,2026-10-01,1145,N,VIIRS,n,2.0NRT,310.94,27.02,D
-13.52298,23.59194,354.98,0.5,0.49,2026-10-01,1145,N,VIIRS,n,2.0NRT,309.34,37.46,D
-13.52251,23.59471,356.31,0.5,0.49,2026-10-01,1145,N,VIIRS,n,2.0NRT,310.01,27.02,D
-13.52239,23.59667,367,0.5,0.49,2026-10-01,1145,N,VIIRS,h,2.0NRT,308.62,20.38,D
-13.52189,23.59941,342.12,0.5,0.49,2026-10-01,1145,N,VIIRS,n,2.0NRT,304.84,8.26,D
-13.52128,23.60409,334.51,0.5,0.49,2026-10-01,1145,N,VIIRS,n,2.0NRT,304.24,8.26,D
-13.51917,29.32736,344.03,0.39,0.36,2026-10-01,1145,N,VIIRS,n,2.0NRT,303.06,5.72,D
-13.51726,23.60076,339.23,0.5,0.49,2026-10-01,1145,N,VIIRS,n,2.0NRT,303.46,20.38,D
-13.51673,23.6035,353.83,0.5,0.49,2026-10-01,1145,N,VIIRS,n,2.0NRT,304.46,21.28,D
-13.51668,23.60546,341.82,0.5,0.49,2026-10-01,1145,N,VIIRS,n,2.0NRT,306.14,23.37,D
-13.5162,25.48397,333.66,0.38,0.43,2026-10-01,1145,N,VIIRS,n,2.0NRT,300.21,4.39,D
-13.50964,24.58511,330.88,0.43,0.46,2026-10-01,1145,N,VIIRS,l,2.0NRT,302.04,39.12,D
-13.50912,24.58917,339.08,0.43,0.46,2026-10-01,1145,N,VIIRS,l,2.0NRT,313.45,39.12,D
-13.50533,24.36287,345.81,0.45,0.47,2026-10-01,1145,N,VIIRS,n,2.0NRT,312.85,6.31,D
-13.50486,24.58864,354.9,0.43,0.46,2026-10-01,1145,N,VIIRS,n,2.0NRT,302.63,40.77,D
-13.50434,24.59269,352.6,0.43,0.46,2026-10-01,1145,N,VIIRS,n,2.0NRT,310.99,62.26,D
-13.49761,23.64372,348.46,0.5,0.49,2026-10-01,1145,N,VIIRS,n,2.0NRT,306.53,9.19,D
-13.49663,29.02808,335.05,0.4,0.37,2026-10-01,1145,N,VIIRS,n,2.0NRT,300.12,1.51,D
-13.49608,25.0481,337.51,0.41,0.45,2026-10-01,1145,N,VIIRS,n,2.0NRT,307.03,5.27,D
-13.48675,23.65634,336.61,0.5,0.49,2026-10-01,1145,N,VIIRS,n,2.0NRT,303.15,1.75,D
-13.47324,23.72504,367,0.49,0.49,2026-10-01,1145,N,VIIRS,h,2.0NRT,311.66,17.99,D
-13.45562,24.03245,332.13,0.47,0.48,2026-10-01,1145,N,VIIRS,l,2.0NRT,303.71,2.81,D
-13.45484,24.03023,331.01,0.47,0.48,2026-10-01,1145,N,VIIRS,l,2.0NRT,304.38,4.88,D
-13.4544,25.71765,338.28,0.55,0.43,2026-10-01,1145,N,VIIRS,n,2.0NRT,303.66,7.88,D
-13.45325,25.71478,343.99,0.56,0.43,2026-10-01,1145,N,VIIRS,n,2.0NRT,305.56,7.39,D
-13.44332,23.95486,344.32,0.48,0.48,2026-10-01,1145,N,VIIRS,n,2.0NRT,305.36,5.54,D
-13.44004,23.94538,330.59,0.48,0.48,2026-10-01,1145,N,VIIRS,l,2.0NRT,302.83,2.51,D
-13.43704,24.1052,340.11,0.46,0.47,2026-10-01,1145,N,VIIRS,n,2.0NRT,303.57,9.33,D
-13.43647,24.10948,341.39,0.46,0.47,2026-10-01,1145,N,VIIRS,n,2.0NRT,303.67,10.76,D
-13.43495,29.07137,330.23,0.4,0.37,2026-10-01,1145,N,VIIRS,n,2.0NRT,298.65,1.38,D
-13.43322,24.10032,339.2,0.47,0.47,2026-10-01,1145,N,VIIRS,n,2.0NRT,302.93,5.19,D
-13.43265,24.10462,340.78,0.46,0.47,2026-10-01,1145,N,VIIRS,n,2.0NRT,305.22,5.19,D
-13.42783,29.39818,336.71,0.39,0.36,2026-10-01,1145,N,VIIRS,n,2.0NRT,296.9,2.2,D
-13.42554,23.66715,351.4,0.5,0.49,2026-10-01,1145,N,VIIRS,n,2.0NRT,311.9,50.94,D
-13.42101,23.66655,349.8,0.5,0.49,2026-10-01,1145,N,VIIRS,n,2.0NRT,307.86,50.94,D
-13.41534,24.8463,334.1,0.42,0.45,2026-10-01,1145,N,VIIRS,n,2.0NRT,303.16,3.85,D
-13.407,25.06655,347.42,0.4,0.45,2026-10-01,1145,N,VIIRS,n,2.0NRT,304.35,8.08,D
-13.40097,23.78982,352.77,0.49,0.48,2026-10-01,1145,N,VIIRS,n,2.0NRT,305.61,11.22,D
-13.38555,23.42935,309.62,0.51,0.5,2026-10-01,1145,N,VIIRS,l,2.0NRT,315.01,75.56,D
-13.38494,23.43413,355.14,0.51,0.5,2026-10-01,1145,N,VIIRS,n,2.0NRT,310.37,75.56,D
-13.38035,23.43351,343.27,0.51,0.5,2026-10-01,1145,N,VIIRS,n,2.0NRT,307.2,75.56,D
-13.36457,23.73563,344.7,0.49,0.49,2026-10-01,1145,N,VIIRS,n,2.0NRT,310.3,3.64,D
-13.34611,25.66312,332.77,0.56,0.43,2026-10-01,1145,N,VIIRS,n,2.0NRT,302.39,6.48,D
-13.34607,28.79987,335.1,0.4,0.37,2026-10-01,1145,N,VIIRS,n,2.0NRT,303.6,2.27,D
-13.34267,28.36712,331.05,0.42,0.37,2026-10-01,1145,N,VIIRS,l,2.0NRT,305.42,1.51,D
-13.34267,28.79934,330.53,0.4,0.37,2026-10-01,1145,N,VIIRS,l,2.0NRT,303.53,2.27,D
-13.32508,24.65543,340.4,0.43,0.46,2026-10-01,1145,N,VIIRS,n,2.0NRT,298.27,8.62,D
-13.32456,24.6594,352.81,0.43,0.46,2026-10-01,1145,N,VIIRS,n,2.0NRT,309.03,22.25,D
-13.32115,28.06642,337.23,0.43,0.38,2026-10-01,1145,N,VIIRS,l,2.0NRT,303.41,4.11,D
-13.32033,24.65886,357.09,0.43,0.46,2026-10-01,1145,N,VIIRS,n,2.0NRT,307.31,22.25,D
-13.31981,24.66284,345.26,0.43,0.46,2026-10-01,1145,N,VIIRS,n,2.0NRT,304.38,22.25,D
-13.31977,23.8355,338.72,0.48,0.48,2026-10-01,1145,N,VIIRS,n,2.0NRT,304.26,13.53,D
-13.3192,23.84002,338.34,0.48,0.48,2026-10-01,1145,N,VIIRS,n,2.0NRT,302.29,13.53,D
-13.3161,24.65832,331.8,0.43,0.46,2026-10-01,1145,N,VIIRS,l,2.0NRT,303.96,3.08,D
-13.30354,26.60313,336.74,0.49,0.41,2026-10-01,1145,N,VIIRS,n,2.0NRT,299.02,8.11,D
-13.29943,23.23236,334.79,0.53,0.5,2026-10-01,1145,N,VIIRS,l,2.0NRT,306.37,4.19,D
-13.29866,24.37131,350.96,0.44,0.46,2026-10-01,1145,N,VIIRS,n,2.0NRT,308.79,7.16,D
-13.29344,24.31159,336.23,0.45,0.47,2026-10-01,1145,N,VIIRS,n,2.0NRT,304.77,1.35,D
-13.28348,23.83534,330.53,0.48,0.48,2026-10-01,1145,N,VIIRS,l,2.0NRT,303.33,43.71,D
-13.28287,23.8762,333.08,0.48,0.48,2026-10-01,1145,N,VIIRS,l,2.0NRT,305.66,7.09,D
-13.27918,25.03417,333.7,0.4,0.45,2026-10-01,1145,N,VIIRS,n,2.0NRT,297.53,2.14,D
-13.27463,28.52822,331.69,0.41,0.37,2026-10-01,1145,N,VIIRS,l,2.0NRT,306.04,2.15,D
-13.27389,24.88293,342.96,0.41,0.45,2026-10-01,1145,N,VIIRS,n,2.0NRT,304.04,7.73,D
-13.27168,31.24217,342.81,0.39,0.36,2026-10-01,1145,N,VIIRS,n,2.0NRT,302.33,3.68,D
-13.27133,25.91616,335.48,0.54,0.42,2026-10-01,1145,N,VIIRS,n,2.0NRT,299,9.27,D
-13.26973,24.88234,341.43,0.41,0.45,2026-10-01,1145,N,VIIRS,n,2.0NRT,303.83,7.64,D
-13.26923,24.88616,343.26,0.41,0.45,2026-10-01,1145,N,VIIRS,n,2.0NRT,305.68,7.64,D
-13.26833,31.24163,338.75,0.39,0.36,2026-10-01,1145,N,VIIRS,n,2.0NRT,300.89,3.48,D
-13.26603,24.58255,331.16,0.43,0.46,2026-10-01,1145,N,VIIRS,l,2.0NRT,305.54,2.73,D
-13.26558,24.88175,367,0.41,0.45,2026-10-01,1145,N,VIIRS,h,2.0NRT,306.72,7.64,D
-13.26556,24.55383,333.81,0.43,0.46,2026-10-01,1145,N,VIIRS,l,2.0NRT,306.1,2.37,D
-13.2655,24.58657,338.31,0.43,0.46,2026-10-01,1145,N,VIIRS,n,2.0NRT,305.63,2.72,D
-13.26508,24.88556,342.01,0.41,0.45,2026-10-01,1145,N,VIIRS,n,2.0NRT,303.16,7.64,D
-13.25595,24.59343,345.68,0.43,0.46,2026-10-01,1145,N,VIIRS,n,2.0NRT,307.75,5.82,D
-13.25517,23.61533,336.18,0.5,0.49,2026-10-01,1145,N,VIIRS,l,2.0NRT,308.81,5.81,D
-13.25404,24.06857,340.05,0.47,0.47,2026-10-01,1145,N,VIIRS,n,2.0NRT,302.48,11.23,D
-13.23194,25.85472,336.72,0.54,0.42,2026-10-01,1145,N,VIIRS,n,2.0NRT,297.44,6.03,D
-13.22747,24.24298,330.72,0.45,0.47,2026-10-01,1145,N,VIIRS,l,2.0NRT,301.58,3.67,D
-13.22652,24.24367,341.87,0.45,0.47,2026-10-01,1145,N,VIIRS,n,2.0NRT,302.07,4.75,D
-13.22529,27.85836,342.24,0.43,0.38,2026-10-01,1145,N,VIIRS,n,2.0NRT,303.21,9.77,D
-13.19751,23.99167,341.07,0.47,0.48,2026-10-01,1145,N,VIIRS,n,2.0NRT,302.32,126.53,D
-13.19694,23.99609,343.54,0.47,0.48,2026-10-01,1145,N,VIIRS,n,2.0NRT,314.42,126.53,D
-13.19367,23.98672,355.69,0.47,0.48,2026-10-01,1145,N,VIIRS,n,2.0NRT,307.36,18.17,D
-13.19253,23.99552,367,0.47,0.48,2026-10-01,1145,N,VIIRS,h,2.0NRT,337.21,126.53,D
-13.19197,23.99988,342,0.47,0.48,2026-10-01,1145,N,VIIRS,n,2.0NRT,299,54.78,D
-13.18925,23.98617,356.97,0.47,0.48,2026-10-01,1145,N,VIIRS,n,2.0NRT,302.56,24.39,D
-13.18869,23.99055,344.62,0.47,0.48,2026-10-01,1145,N,VIIRS,n,2.0NRT,309.78,104.18,D
-13.18428,23.98998,343.92,0.47,0.48,2026-10-01,1145,N,VIIRS,n,2.0NRT,302.23,104.18,D
-13.17545,23.98882,344.53,0.47,0.48,2026-10-01,1145,N,VIIRS,n,2.0NRT,304.68,17.05,D
-13.1754,24.02417,335.21,0.47,0.48,2026-10-01,1145,N,VIIRS,l,2.0NRT,309.31,7.41,D
-13.17485,24.02847,335.12,0.47,0.47,2026-10-01,1145,N,VIIRS,l,2.0NRT,308.13,7.41,D
-13.17408,26.72943,330.2,0.48,0.4,2026-10-01,1145,N,VIIRS,n,2.0NRT,297.17,2.8,D
-13.1716,23.98388,350.67,0.47,0.48,2026-10-01,1145,N,VIIRS,l,2.0NRT,325.78,102.9,D
-13.17036,26.72893,333.29,0.48,0.4,2026-10-01,1145,N,VIIRS,n,2.0NRT,296.75,2.8,D
-13.16775,23.97892,349.08,0.47,0.48,2026-10-01,1145,N,VIIRS,n,2.0NRT,299.89,102.9,D
-13.16719,23.98329,356.3,0.47,0.48,2026-10-01,1145,N,VIIRS,n,2.0NRT,309.6,102.9,D
-13.16389,23.97395,342.3,0.47,0.48,2026-10-01,1145,N,VIIRS,n,2.0NRT,290.26,3.65,D
-13.15948,23.97338,343.03,0.47,0.48,2026-10-01,1145,N,VIIRS,n,2.0NRT,288.65,3.65,D
-13.15304,27.06281,331.56,0.47,0.39,2026-10-01,1145,N,VIIRS,l,2.0NRT,306.4,3.99,D
-13.1529,23.68269,355.03,0.49,0.49,2026-10-01,1145,N,VIIRS,n,2.0NRT,300.9,11.46,D
-13.15231,23.68727,334.46,0.49,0.49,2026-10-01,1145,N,VIIRS,n,2.0NRT,296.97,6.49,D
-13.14898,23.67761,353.49,0.49,0.49,2026-10-01,1145,N,VIIRS,n,2.0NRT,305.29,10.38,D
-13.14506,23.67254,342.39,0.49,0.49,2026-10-01,1145,N,VIIRS,n,2.0NRT,306.16,11.09,D
-13.14447,23.6771,354.8,0.49,0.49,2026-10-01,1145,N,VIIRS,n,2.0NRT,308.78,10.38,D
-13.14388,23.68164,339.05,0.49,0.49,2026-10-01,1145,N,VIIRS,n,2.0NRT,305.53,10.38,D
-13.14056,23.67197,331.18,0.49,0.49,2026-10-01,1145,N,VIIRS,n,2.0NRT,304.38,43.02,D
-13.14047,21.93956,332.69,0.32,0.55,2026-10-01,1145,N,VIIRS,l,2.0NRT,303.37,1.4,D
-13.13997,23.67653,352.75,0.49,0.49,2026-10-01,1145,N,VIIRS,n,2.0NRT,312.55,41.45,D
-13.13938,23.68108,350.91,0.49,0.49,2026-10-01,1145,N,VIIRS,n,2.0NRT,302.48,41.45,D
-13.12756,28.7437,338.13,0.4,0.37,2026-10-01,1145,N,VIIRS,n,2.0NRT,301.71,3.09,D
-13.12341,26.76758,332.88,0.48,0.4,2026-10-01,1145,N,VIIRS,l,2.0NRT,296.55,8.23,D
-13.1044,26.87774,331.9,0.48,0.4,2026-10-01,1145,N,VIIRS,l,2.0NRT,302.37,4.18,D
-13.09866,30.10291,338.03,0.38,0.36,2026-10-01,1145,N,VIIRS,n,2.0NRT,295.24,6.15,D
-13.08033,23.92844,349.36,0.47,0.48,2026-10-01,1145,N,VIIRS,n,2.0NRT,309.47,31.04,D
-13.07919,28.22121,335.66,0.42,0.38,2026-10-01,1145,N,VIIRS,l,2.0NRT,308.59,5.92,D
-13.06706,23.92671,348.23,0.47,0.48,2026-10-01,1145,N,VIIRS,n,2.0NRT,305.84,20.06,D
-13.06658,29.23389,337.36,0.39,0.36,2026-10-01,1145,N,VIIRS,n,2.0NRT,303.18,33.56,D
-13.0665,23.93108,367,0.47,0.48,2026-10-01,1145,N,VIIRS,h,2.0NRT,305.03,33.78,D
-13.06595,23.93544,367,0.47,0.48,2026-10-01,1145,N,VIIRS,h,2.0NRT,299.34,33.78,D
-13.06539,23.93982,342.32,0.47,0.48,2026-10-01,1145,N,VIIRS,n,2.0NRT,302.65,17.63,D
-13.06264,23.92611,348.5,0.47,0.48,2026-10-01,1145,N,VIIRS,n,2.0NRT,298.81,13.33,D
-13.05816,28.02357,346.64,0.42,0.38,2026-10-01,1145,N,VIIRS,n,2.0NRT,303.22,7.79,D
-13.05779,29.99121,347.63,0.38,0.36,2026-10-01,1145,N,VIIRS,n,2.0NRT,291.51,6.42,D
-13.04184,26.82548,342.14,0.48,0.4,2026-10-01,1145,N,VIIRS,n,2.0NRT,301.37,15.35,D
-13.03232,27.42018,330.65,0.45,0.39,2026-10-01,1145,N,VIIRS,l,2.0NRT,300.85,2.22,D
-13.02076,27.34619,330.63,0.45,0.39,2026-10-01,1145,N,VIIRS,l,2.0NRT,302.7,2.79,D
-13.01853,23.75518,342.61,0.48,0.48,2026-10-01,1145,N,VIIRS,n,2.0NRT,301.85,11.62,D
-13.01406,23.75457,341.99,0.48,0.48,2026-10-01,1145,N,VIIRS,n,2.0NRT,308.88,56.27,D
-13.01349,23.759,342.34,0.48,0.48,2026-10-01,1145,N,VIIRS,n,2.0NRT,305.01,56.27,D
-13.01119,23.77683,345.23,0.48,0.48,2026-10-01,1145,N,VIIRS,n,2.0NRT,306.65,17.34,D
-13.01074,23.74506,356.53,0.48,0.48,2026-10-01,1145,N,VIIRS,n,2.0NRT,300.51,11.58,D
-13.00836,23.90297,344.21,0.47,0.48,2026-10-01,1145,N,VIIRS,n,2.0NRT,300.26,11.72,D
-12.97535,26.0671,334.06,0.52,0.42,2026-10-01,1145,N,VIIRS,n,2.0NRT,292.23,12.21,D
-12.96906,26.29693,330.55,0.51,0.41,2026-10-01,1145,N,VIIRS,n,2.0NRT,290.58,4.52,D
-12.96435,27.42413,334.01,0.45,0.39,2026-10-01,1145,N,VIIRS,n,2.0NRT,302.22,3.8,D
-12.96102,27.18894,335.86,0.46,0.39,2026-10-01,1145,N,VIIRS,n,2.0NRT,303.32,4.16,D
-12.95741,30.07628,341.87,0.38,0.36,2026-10-01,1145,N,VIIRS,n,2.0NRT,296.31,6.64,D
-12.95623,25.53854,340.53,0.56,0.43,2026-10-01,1145,N,VIIRS,n,2.0NRT,297.54,7.31,D
-12.95534,28.92116,339.62,0.4,0.37,2026-10-01,1145,N,VIIRS,l,2.0NRT,311.38,37.43,D
-12.94748,30.90911,349.06,0.39,0.36,2026-10-01,1145,N,VIIRS,n,2.0NRT,297.79,11.36,D
-12.94692,30.91267,334.32,0.39,0.36,2026-10-01,1145,N,VIIRS,n,2.0NRT,298.21,6.2,D
-12.94622,24.24247,346.82,0.45,0.47,2026-10-01,1145,N,VIIRS,n,2.0NRT,301.3,9.69,D
-12.9419,24.2419,337.91,0.45,0.47,2026-10-01,1145,N,VIIRS,n,2.0NRT,303.63,7.57,D
-12.93758,27.19839,337.53,0.46,0.39,2026-10-01,1145,N,VIIRS,n,2.0NRT,305.1,5.72,D
-12.937,27.20259,341.36,0.46,0.39,2026-10-01,1145,N,VIIRS,n,2.0NRT,305.95,5.72,D
-12.92987,27.22733,337.91,0.46,0.39,2026-10-01,1145,N,VIIRS,n,2.0NRT,308.42,11.55,D
-12.91515,29.16875,345.33,0.39,0.36,2026-10-01,1145,N,VIIRS,n,2.0NRT,302.17,5.06,D
-12.91303,25.59813,338.73,0.56,0.43,2026-10-01,1145,N,VIIRS,n,2.0NRT,303.2,7.78,D
-12.89583,26.69271,338.11,0.48,0.4,2026-10-01,1145,N,VIIRS,n,2.0NRT,299.35,15.45,D
-12.89411,26.69374,342.93,0.48,0.4,2026-10-01,1145,N,VIIRS,l,2.0NRT,303.42,34.29,D
-12.89212,26.69217,353.45,0.48,0.4,2026-10-01,1145,N,VIIRS,n,2.0NRT,299.7,15.45,D
-12.88355,31.47006,333.63,0.39,0.36,2026-10-01,1145,N,VIIRS,n,2.0NRT,298.93,5.48,D
-12.88298,31.47367,348.3,0.39,0.36,2026-10-01,1145,N,VIIRS,n,2.0NRT,299.35,5.48,D
-12.88085,27.01705,335.47,0.47,0.39,2026-10-01,1145,N,VIIRS,n,2.0NRT,300.28,2.54,D
-12.88019,31.46951,334.66,0.39,0.36,2026-10-01,1145,N,VIIRS,n,2.0NRT,296.91,5.55,D
-12.87962,31.47313,344.58,0.39,0.36,2026-10-01,1145,N,VIIRS,n,2.0NRT,298.72,5.55,D
-12.87697,26.81332,333.41,0.48,0.4,2026-10-01,1145,N,VIIRS,l,2.0NRT,303.35,5.6,D
-12.87617,24.22589,349.02,0.45,0.47,2026-10-01,1145,N,VIIRS,n,2.0NRT,306.32,35.83,D
-12.87569,31.47619,338.92,0.39,0.36,2026-10-01,1145,N,VIIRS,n,2.0NRT,295.53,7.97,D
-12.85395,27.66623,333.86,0.44,0.38,2026-10-01,1145,N,VIIRS,n,2.0NRT,302.72,5.64,D
-12.83695,28.96634,341,0.4,0.37,2026-10-01,1145,N,VIIRS,n,2.0NRT,299.28,4.78,D
-12.82801,29.18824,331.4,0.39,0.36,2026-10-01,1145,N,VIIRS,n,2.0NRT,300.06,4.42,D
-12.82747,29.19186,355.23,0.39,0.36,2026-10-01,1145,N,VIIRS,n,2.0NRT,303.38,4.42,D
-12.82544,24.14215,338.08,0.45,0.47,2026-10-01,1145,N,VIIRS,n,2.0NRT,296.33,3.85,D
-12.82466,29.18772,350.96,0.39,0.36,2026-10-01,1145,N,VIIRS,n,2.0NRT,300.65,5.19,D
-12.81453,28.88422,330.86,0.4,0.37,2026-10-01,1145,N,VIIRS,n,2.0NRT,299.51,9.58,D
-12.81115,28.88371,346.42,0.4,0.37,2026-10-01,1145,N,VIIRS,n,2.0NRT,305.07,9.58,D
-12.81079,28.7441,339.54,0.4,0.37,2026-10-01,1145,N,VIIRS,n,2.0NRT,301.95,4.49,D
-12.81053,28.74434,334.82,0.4,0.37,2026-10-01,1145,N,VIIRS,n,2.0NRT,301.03,3.27,D
-12.80947,26.94591,348.1,0.47,0.4,2026-10-01,1145,N,VIIRS,n,2.0NRT,303.78,11.08,D
-12.80777,28.88318,338.06,0.4,0.37,2026-10-01,1145,N,VIIRS,n,2.0NRT,302.67,6.69,D
-12.80732,27.25299,337.54,0.45,0.39,2026-10-01,1145,N,VIIRS,n,2.0NRT,302.05,6.83,D
-12.80659,31.09778,338.72,0.39,0.36,2026-10-01,1145,N,VIIRS,n,2.0NRT,299.07,8.23,D
-12.8016,29.06539,331.59,0.4,0.37,2026-10-01,1145,N,VIIRS,n,2.0NRT,298.9,3.88,D
-12.80056,27.93445,352.24,0.43,0.38,2026-10-01,1145,N,VIIRS,l,2.0NRT,308.9,25.62,D
-12.79823,29.06486,340.93,0.4,0.37,2026-10-01,1145,N,VIIRS,n,2.0NRT,298.01,3.88,D
-12.79096,29.06745,350.04,0.4,0.37,2026-10-01,1145,N,VIIRS,n,2.0NRT,304.99,9.54,D
-12.78811,28.66129,332.49,0.4,0.37,2026-10-01,1145,N,VIIRS,n,2.0NRT,296.94,2.18,D
-12.7876,29.06693,340.43,0.4,0.37,2026-10-01,1145,N,VIIRS,n,2.0NRT,300.95,7.36,D
-12.78706,29.07057,354.9,0.4,0.37,2026-10-01,1145,N,VIIRS,n,2.0NRT,302.48,12.74,D
-12.78278,27.31418,333.07,0.45,0.39,2026-10-01,1145,N,VIIRS,l,2.0NRT,301.1,7.56,D
-12.78218,27.31834,333.35,0.45,0.39,2026-10-01,1145,N,VIIRS,l,2.0NRT,302.19,7.56,D
-12.77966,24.24705,341.76,0.45,0.47,2026-10-01,1145,N,VIIRS,n,2.0NRT,302.08,4.44,D
-12.77954,27.58105,334.63,0.44,0.38,2026-10-01,1145,N,VIIRS,n,2.0NRT,301.28,6.53,D
-12.77563,27.48966,332.21,0.44,0.39,2026-10-01,1145,N,VIIRS,l,2.0NRT,305.86,7.52,D
-12.77537,24.24634,336.97,0.45,0.47,2026-10-01,1145,N,VIIRS,n,2.0NRT,299.07,4.44,D
-12.77382,27.49302,333.65,0.44,0.39,2026-10-01,1145,N,VIIRS,l,2.0NRT,304.97,6.73,D
-12.76134,27.86026,335.25,0.43,0.38,2026-10-01,1145,N,VIIRS,n,2.0NRT,302.24,4.55,D
-12.75878,27.19963,340.11,0.46,0.39,2026-10-01,1145,N,VIIRS,n,2.0NRT,305.49,7.8,D
-12.72828,28.52233,334.52,0.41,0.37,2026-10-01,1145,N,VIIRS,n,2.0NRT,299.57,2.84,D
-12.72054,29.20868,338.46,0.39,0.36,2026-10-01,1145,N,VIIRS,n,2.0NRT,299.82,3.9,D
-12.71773,29.20455,336.88,0.39,0.36,2026-10-01,1145,N,VIIRS,n,2.0NRT,299.76,5.22,D
-12.71665,29.21177,339.72,0.39,0.36,2026-10-01,1145,N,VIIRS,n,2.0NRT,299.43,3.9,D
-12.71557,29.21899,344.44,0.39,0.36,2026-10-01,1145,N,VIIRS,n,2.0NRT,300.9,5.86,D
-12.71503,29.22259,339.48,0.39,0.36,2026-10-01,1145,N,VIIRS,n,2.0NRT,299.6,3.57,D
-12.71449,29.22619,338,0.39,0.36,2026-10-01,1145,N,VIIRS,n,2.0NRT,298.57,3.57,D
-12.71437,29.20403,351.23,0.39,0.36,2026-10-01,1145,N,VIIRS,n,2.0NRT,300.24,7.44,D
-12.71383,29.20764,333.95,0.39,0.36,2026-10-01,1145,N,VIIRS,n,2.0NRT,299.08,5.81,D
-12.71329,29.21125,353.24,0.39,0.36,2026-10-01,1145,N,VIIRS,n,2.0NRT,301.96,5.81,D
-12.71275,29.21486,331.99,0.39,0.36,2026-10-01,1145,N,VIIRS,n,2.0NRT,300.61,8.43,D
-12.71004,28.83838,345.74,0.4,0.37,2026-10-01,1145,N,VIIRS,n,2.0NRT,302.9,11.52,D
-12.7095,28.84206,334.6,0.4,0.37,2026-10-01,1145,N,VIIRS,n,2.0NRT,298.92,8.29,D
-12.69673,28.71159,347.18,0.4,0.37,2026-10-01,1145,N,VIIRS,n,2.0NRT,303.51,6.79,D
-12.6937,26.09508,342.09,0.52,0.41,2026-10-01,1145,N,VIIRS,n,2.0NRT,294.59,10.28,D
-12.67742,27.29514,344.66,0.45,0.39,2026-10-01,1145,N,VIIRS,n,2.0NRT,305.54,16.67,D
-12.66776,30.15881,339.36,0.38,0.36,2026-10-01,1145,N,VIIRS,n,2.0NRT,295.7,4.18,D
-12.64884,24.15857,341.88,0.45,0.47,2026-10-01,1145,N,VIIRS,n,2.0NRT,303.49,8.33,D
-12.64669,27.12402,332.3,0.46,0.39,2026-10-01,1145,N,VIIRS,l,2.0NRT,298.59,7.19,D
-12.6461,27.12822,340.86,0.46,0.39,2026-10-01,1145,N,VIIRS,n,2.0NRT,300.65,7.19,D
-12.62341,28.92599,330.78,0.4,0.37,2026-10-01,1145,N,VIIRS,n,2.0NRT,297.73,6.18,D
-12.62287,28.92965,343.36,0.4,0.37,2026-10-01,1145,N,VIIRS,n,2.0NRT,300.72,6.18,D
-12.61949,31.1507,331.19,0.39,0.36,2026-10-01,1145,N,VIIRS,n,2.0NRT,294.88,3.82,D
-12.61841,28.93643,331.96,0.4,0.37,2026-10-01,1145,N,VIIRS,n,2.0NRT,298.57,4.17,D
-12.61755,26.20221,346.78,0.51,0.41,2026-10-01,1145,N,VIIRS,n,2.0NRT,290.08,14.09,D
-12.61073,22.65188,341.29,0.57,0.52,2026-10-01,1145,N,VIIRS,n,2.0NRT,299.72,8.06,D
-12.60461,22.66183,341.98,0.56,0.52,2026-10-01,1145,N,VIIRS,n,2.0NRT,299.73,10.54,D
-12.6001,26.27127,332.07,0.5,0.41,2026-10-01,1145,N,VIIRS,l,2.0NRT,294.76,10.41,D
-12.59705,25.66328,331.65,0.55,0.42,2026-10-01,1145,N,VIIRS,n,2.0NRT,288.87,4.15,D
-12.58825,27.38329,335.8,0.45,0.39,2026-10-01,1145,N,VIIRS,n,2.0NRT,295.83,5.91,D
-12.58387,33.75135,338.48,0.48,0.4,2026-10-01,1145,N,VIIRS,n,2.0NRT,299.34,4.24,D
-12.58352,27.94258,333.86,0.42,0.38,2026-10-01,1145,N,VIIRS,n,2.0NRT,297.78,3.71,D
-12.58082,27.06429,340.69,0.46,0.39,2026-10-01,1145,N,VIIRS,n,2.0NRT,297.29,10.45,D
-12.5778,27.05955,346.27,0.46,0.39,2026-10-01,1145,N,VIIRS,n,2.0NRT,299.39,13.17,D
-12.57756,24.43566,332.01,0.43,0.46,2026-10-01,1145,N,VIIRS,n,2.0NRT,299.86,4.83,D
-12.57547,30.5166,330.67,0.38,0.36,2026-10-01,1145,N,VIIRS,l,2.0NRT,300.88,1.51,D
-12.57492,30.52013,332.34,0.38,0.36,2026-10-01,1145,N,VIIRS,l,2.0NRT,302.53,1.51,D
-12.56739,29.21043,343.08,0.39,0.36,2026-10-01,1145,N,VIIRS,n,2.0NRT,300.82,5.43,D
-12.56256,26.18005,337.62,0.51,0.41,2026-10-01,1145,N,VIIRS,n,2.0NRT,295.8,15.11,D
-12.55742,27.15107,339.15,0.46,0.39,2026-10-01,1145,N,VIIRS,l,2.0NRT,298.54,8.22,D
-12.55382,27.15054,332.44,0.46,0.39,2026-10-01,1145,N,VIIRS,n,2.0NRT,295.71,5.66,D
-12.55126,26.80167,333.93,0.47,0.4,2026-10-01,1145,N,VIIRS,l,2.0NRT,300.72,12.24,D
-12.55087,26.80032,340.83,0.47,0.4,2026-10-01,1145,N,VIIRS,n,2.0NRT,300.04,10.47,D
-12.53403,26.84361,330.62,0.47,0.4,2026-10-01,1145,N,VIIRS,n,2.0NRT,304.28,7.4,D
-12.52421,31.9535,338.29,0.41,0.37,2026-10-01,1145,N,VIIRS,n,2.0NRT,301.61,4.49,D
-12.51043,27.0593,332.44,0.46,0.39,2026-10-01,1145,N,VIIRS,n,2.0NRT,298.82,9.32,D
-12.50837,31.76767,335.5,0.4,0.37,2026-10-01,1145,N,VIIRS,n,2.0NRT,293.06,4.32,D
-12.50591,31.49998,334.66,0.4,0.37,2026-10-01,1145,N,VIIRS,n,2.0NRT,285.39,3.67,D
-12.50579,24.36614,345.01,0.43,0.46,2026-10-01,1145,N,VIIRS,n,2.0NRT,298.4,5.36,D
-12.50292,27.60805,336.32,0.44,0.38,2026-10-01,1145,N,VIIRS,n,2.0NRT,301.23,5.23,D
-12.50113,27.59548,332.45,0.44,0.38,2026-10-01,1145,N,VIIRS,n,2.0NRT,296.34,3.48,D
-12.49904,27.70944,336.7,0.43,0.38,2026-10-01,1145,N,VIIRS,l,2.0NRT,298.36,10.1,D
-12.49422,31.76916,339.37,0.4,0.37,2026-10-01,1145,N,VIIRS,n,2.0NRT,288.57,3.33,D
-12.49408,27.59443,341.92,0.44,0.38,2026-10-01,1145,N,VIIRS,n,2.0NRT,298.93,7.04,D
-12.4895,26.89451,333.57,0.47,0.4,2026-10-01,1145,N,VIIRS,n,2.0NRT,298.74,4.6,D
-12.47787,27.10628,352.26,0.46,0.39,2026-10-01,1145,N,VIIRS,n,2.0NRT,303.53,13.94,D
-12.45424,29.3833,334.71,0.39,0.36,2026-10-01,1145,N,VIIRS,n,2.0NRT,291.25,4.36,D
-12.44904,27.12779,337.53,0.46,0.39,2026-10-01,1145,N,VIIRS,n,2.0NRT,292.55,5.71,D
-12.44544,27.12723,341.49,0.46,0.39,2026-10-01,1145,N,VIIRS,n,2.0NRT,290.39,5.71,D
-12.43789,25.63533,337.92,0.55,0.42,2026-10-01,1145,N,VIIRS,n,2.0NRT,291.86,9.8,D
-12.43435,29.0449,337.87,0.39,0.36,2026-10-01,1145,N,VIIRS,n,2.0NRT,300.15,3.28,D
-12.42797,32.24772,346.42,0.42,0.37,2026-10-01,1145,N,VIIRS,n,2.0NRT,301.08,11.25,D
-12.42387,29.74264,341.79,0.39,0.36,2026-10-01,1145,N,VIIRS,n,2.0NRT,294.99,3.53,D
-12.41722,29.74159,344.73,0.39,0.36,2026-10-01,1145,N,VIIRS,n,2.0NRT,295.39,7.96,D
-12.41486,27.39319,335.41,0.44,0.39,2026-10-01,1145,N,VIIRS,n,2.0NRT,303.94,8.75,D
-12.40331,28.1487,336.32,0.42,0.37,2026-10-01,1145,N,VIIRS,l,2.0NRT,299.09,10.4,D
-12.381,26.95416,333.37,0.46,0.39,2026-10-01,1145,N,VIIRS,n,2.0NRT,304.19,8.61,D
-12.38039,26.95842,335.12,0.46,0.39,2026-10-01,1145,N,VIIRS,l,2.0NRT,304.87,19.04,D
-12.37364,28.28025,340.03,0.41,0.37,2026-10-01,1145,N,VIIRS,n,2.0NRT,298.41,5.57,D
-12.36286,27.23483,333.03,0.45,0.39,2026-10-01,1145,N,VIIRS,l,2.0NRT,301.47,8.29,D
-12.36247,32.1118,337.68,0.41,0.37,2026-10-01,1145,N,VIIRS,n,2.0NRT,300.49,4.39,D
-12.35928,27.23432,334.81,0.45,0.39,2026-10-01,1145,N,VIIRS,l,2.0NRT,302.84,8.29,D
-12.35923,25.60198,338.27,0.55,0.42,2026-10-01,1145,N,VIIRS,n,2.0NRT,292.9,6.05,D
-12.35779,31.92188,342.57,0.41,0.37,2026-10-01,1145,N,VIIRS,n,2.0NRT,297.85,8.01,D
-12.35545,29.90207,335.51,0.38,0.36,2026-10-01,1145,N,VIIRS,n,2.0NRT,303.01,5.84,D
-12.35491,29.9056,337.13,0.38,0.36,2026-10-01,1145,N,VIIRS,n,2.0NRT,302.53,5.84,D
-12.35439,31.92132,335.23,0.41,0.37,2026-10-01,1145,N,VIIRS,n,2.0NRT,296.98,4.13,D
-12.35159,29.90508,334.7,0.38,0.36,2026-10-01,1145,N,VIIRS,n,2.0NRT,301.69,3.44,D
-12.35158,31.91702,336.4,0.41,0.37,2026-10-01,1145,N,VIIRS,n,2.0NRT,295.69,4.13,D
-12.35096,28.17602,336.48,0.41,0.37,2026-10-01,1145,N,VIIRS,n,2.0NRT,298.14,9.08,D
-12.34985,28.18358,351.49,0.41,0.37,2026-10-01,1145,N,VIIRS,n,2.0NRT,299.31,6.25,D
-12.34975,27.27508,340.49,0.45,0.39,2026-10-01,1145,N,VIIRS,n,2.0NRT,306.77,11.18,D
-12.34929,28.18736,333.6,0.41,0.37,2026-10-01,1145,N,VIIRS,n,2.0NRT,296.81,6.25,D
-12.34801,28.38419,344.6,0.41,0.37,2026-10-01,1145,N,VIIRS,n,2.0NRT,300.33,5.81,D
-12.34753,29.86466,339.36,0.38,0.36,2026-10-01,1145,N,VIIRS,n,2.0NRT,302.42,3.36,D
-12.34594,26.99259,339.4,0.46,0.39,2026-10-01,1145,N,VIIRS,n,2.0NRT,306.67,12.65,D
-12.34561,24.94678,339.78,0.4,0.44,2026-10-01,1145,N,VIIRS,n,2.0NRT,294.3,6.29,D
-12.31653,32.06922,334.75,0.41,0.37,2026-10-01,1145,N,VIIRS,n,2.0NRT,296.55,3.27,D
-12.30648,25.08214,341.04,0.39,0.44,2026-10-01,1145,N,VIIRS,n,2.0NRT,300.1,17.62,D
-12.30105,27.10233,333.13,0.46,0.39,2026-10-01,1145,N,VIIRS,l,2.0NRT,304.92,6.37,D
-12.30046,27.10652,338.68,0.46,0.39,2026-10-01,1145,N,VIIRS,n,2.0NRT,305.13,6.37,D
-12.28555,25.05361,335.7,0.39,0.44,2026-10-01,1145,N,VIIRS,n,2.0NRT,297.39,6.44,D
-12.28401,28.32104,343.13,0.41,0.37,2026-10-01,1145,N,VIIRS,n,2.0NRT,304.57,4.2,D
-12.28167,22.80044,333.83,0.55,0.51,2026-10-01,1145,N,VIIRS,n,2.0NRT,297.88,5.6,D
-12.28002,26.7467,335.03,0.47,0.4,2026-10-01,1145,N,VIIRS,n,2.0NRT,303.7,5.04,D
-12.27593,25.59831,343.98,0.55,0.42,2026-10-01,1145,N,VIIRS,n,2.0NRT,293.76,9.21,D
-12.26428,25.12029,341.78,0.39,0.44,2026-10-01,1145,N,VIIRS,n,2.0NRT,302.45,7.25,D
-12.26104,24.99427,332.26,0.39,0.44,2026-10-01,1145,N,VIIRS,n,2.0NRT,296.92,2.37,D
-12.26026,24.99479,330.9,0.39,0.44,2026-10-01,1145,N,VIIRS,n,2.0NRT,296.94,1.72,D
-12.26024,25.11975,342.55,0.39,0.44,2026-10-01,1145,N,VIIRS,n,2.0NRT,299.69,7.25,D
-12.25627,28.14978,334.86,0.41,0.37,2026-10-01,1145,N,VIIRS,n,2.0NRT,302.95,5.2,D
-12.24307,29.07447,348.6,0.39,0.36,2026-10-01,1145,N,VIIRS,n,2.0NRT,295.27,6.3,D
-12.23971,29.07395,351.3,0.39,0.36,2026-10-01,1145,N,VIIRS,n,2.0NRT,299.19,9.74,D
-12.2381,29.08478,341.99,0.39,0.36,2026-10-01,1145,N,VIIRS,n,2.0NRT,299.51,5.88,D
-12.23781,28.39795,336.03,0.41,0.37,2026-10-01,1145,N,VIIRS,n,2.0NRT,304.13,6.92,D
-12.23469,28.53832,342.58,0.4,0.37,2026-10-01,1145,N,VIIRS,n,2.0NRT,295.21,5.38,D
-12.20618,31.47116,332.54,0.4,0.37,2026-10-01,1145,N,VIIRS,n,2.0NRT,276.41,3.71,D
-12.2058,25.52649,336.64,0.55,0.43,2026-10-01,1145,N,VIIRS,n,2.0NRT,301.98,7.77,D
-12.19475,23.01071,332.26,0.53,0.5,2026-10-01,1145,N,VIIRS,n,2.0NRT,299.65,3.33,D
-12.17638,27.19528,339.4,0.45,0.39,2026-10-01,1145,N,VIIRS,n,2.0NRT,303.48,9.53,D
-12.17467,23.48723,341.59,0.49,0.49,2026-10-01,1145,N,VIIRS,n,2.0NRT,303.48,8.1,D
-12.17446,26.75979,330.4,0.47,0.4,2026-10-01,1145,N,VIIRS,l,2.0NRT,298.76,7.07,D
-12.16894,27.2742,335.76,0.45,0.39,2026-10-01,1145,N,VIIRS,l,2.0NRT,298.36,5.47,D
-12.16836,27.27833,343.47,0.45,0.39,2026-10-01,1145,N,VIIRS,l,2.0NRT,310.7,77.7,D
-12.16746,28.01908,332.41,0.42,0.38,2026-10-01,1145,N,VIIRS,l,2.0NRT,299.72,8.42,D
-12.16196,23.08081,354.13,0.52,0.5,2026-10-01,1145,N,VIIRS,n,2.0NRT,298.74,26.66,D
-12.16083,22.7574,340.52,0.55,0.51,2026-10-01,1145,N,VIIRS,n,2.0NRT,296.06,6.34,D
-12.14816,29.30571,330.91,0.39,0.36,2026-10-01,1145,N,VIIRS,n,2.0NRT,292.72,2.4,D
-12.13923,23.03835,331.47,0.52,0.5,2026-10-01,1145,N,VIIRS,n,2.0NRT,299.32,4.65,D
-12.136,29.31843,332.1,0.39,0.36,2026-10-01,1145,N,VIIRS,n,2.0NRT,297.31,2.57,D
-12.13266,29.31791,334.09,0.39,0.36,2026-10-01,1145,N,VIIRS,n,2.0NRT,297.58,2.57,D
-12.12939,22.69856,343.59,0.55,0.51,2026-10-01,1145,N,VIIRS,n,2.0NRT,301.71,8.52,D
-12.12679,31.44293,330.12,0.4,0.37,2026-10-01,1145,N,VIIRS,n,2.0NRT,281.39,3.42,D
-12.12598,28.52137,339.21,0.4,0.37,2026-10-01,1145,N,VIIRS,n,2.0NRT,297.16,18.09,D
-12.119,28.68631,343.29,0.4,0.37,2026-10-01,1145,N,VIIRS,n,2.0NRT,301.58,23.39,D
-12.1135,33.14082,338.91,0.45,0.39,2026-10-01,1145,N,VIIRS,n,2.0NRT,302.54,5.25,D
-12.10944,27.8925,338.11,0.42,0.38,2026-10-01,1145,N,VIIRS,n,2.0NRT,294.5,5.58,D
-12.10775,27.12727,333.79,0.45,0.39,2026-10-01,1145,N,VIIRS,l,2.0NRT,294.08,7.89,D
-12.1048,27.47745,333.22,0.44,0.38,2026-10-01,1145,N,VIIRS,l,2.0NRT,303.35,6.55,D
-12.09743,28.4296,333.19,0.41,0.37,2026-10-01,1145,N,VIIRS,n,2.0NRT,298.35,9.27,D
-12.09488,33.61629,337.82,0.48,0.4,2026-10-01,1145,N,VIIRS,n,2.0NRT,298.39,5.96,D
-12.09059,22.84813,330.56,0.54,0.51,2026-10-01,1145,N,VIIRS,n,2.0NRT,294.1,11.78,D
-12.08276,26.40069,335.37,0.49,0.4,2026-10-01,1145,N,VIIRS,l,2.0NRT,300.62,4.71,D
-12.08165,26.96588,340.08,0.46,0.39,2026-10-01,1145,N,VIIRS,n,2.0NRT,303.85,8.72,D
-12.07742,26.96961,345.45,0.46,0.39,2026-10-01,1145,N,VIIRS,n,2.0NRT,304.54,10,D
-12.07626,30.46742,334.27,0.38,0.36,2026-10-01,1145,N,VIIRS,n,2.0NRT,299.46,2.35,D
-12.07593,26.39507,337.45,0.49,0.4,2026-10-01,1145,N,VIIRS,n,2.0NRT,300.39,7.51,D
-12.07084,26.10015,339.26,0.51,0.41,2026-10-01,1145,N,VIIRS,l,2.0NRT,306.89,41.09,D
-12.06461,27.25172,334.78,0.45,0.39,2026-10-01,1145,N,VIIRS,n,2.0NRT,293.45,4.75,D
-12.06295,23.52154,341.06,0.49,0.48,2026-10-01,1145,N,VIIRS,n,2.0NRT,301.95,4.87,D
-12.06236,23.52608,342.45,0.49,0.48,2026-10-01,1145,N,VIIRS,n,2.0NRT,298.62,9.57,D
-12.05854,23.5204,335.57,0.49,0.48,2026-10-01,1145,N,VIIRS,n,2.0NRT,298.35,4.87,D
-12.05527,23.51042,332.05,0.49,0.48,2026-10-01,1145,N,VIIRS,n,2.0NRT,296.74,5.32,D
-12.02742,25.6092,339.54,0.54,0.42,2026-10-01,1145,N,VIIRS,n,2.0NRT,295.95,6.45,D
-12.02452,27.53503,349.23,0.43,0.38,2026-10-01,1145,N,VIIRS,n,2.0NRT,294.62,10.48,D
-12.01703,30.93751,333.68,0.39,0.36,2026-10-01,1145,N,VIIRS,n,2.0NRT,294,2.76,D
-12.0104,23.17491,344.61,0.51,0.49,2026-10-01,1145,N,VIIRS,n,2.0NRT,297.89,7.93,D
-12.00679,26.7905,338.48,0.47,0.4,2026-10-01,1145,N,VIIRS,n,2.0NRT,291.94,9.66,D
-12.0016,29.56241,332.57,0.39,0.36,2026-10-01,1145,N,VIIRS,n,2.0NRT,302.23,1.01,D
-11.99459,33.68273,336.13,0.48,0.4,2026-10-01,1145,N,VIIRS,n,2.0NRT,299.77,3.88,D
-11.97468,27.20125,335.83,0.45,0.39,2026-10-01,1145,N,VIIRS,n,2.0NRT,300.81,8.23,D
-11.97133,30.17955,348.76,0.38,0.36,2026-10-01,1145,N,VIIRS,n,2.0NRT,309.15,17.61,D
-11.97111,27.20071,336.95,0.45,0.39,2026-10-01,1145,N,VIIRS,n,2.0NRT,297.25,9.16,D
-11.96855,30.17551,332.36,0.38,0.36,2026-10-01,1145,N,VIIRS,n,2.0NRT,298.78,22.98,D
-11.96801,30.17902,340.34,0.38,0.36,2026-10-01,1145,N,VIIRS,n,2.0NRT,299.42,17.61,D
-11.95697,26.80078,332.16,0.47,0.39,2026-10-01,1145,N,VIIRS,n,2.0NRT,290.39,5.81,D
-11.95631,28.75093,330.11,0.4,0.37,2026-10-01,1145,N,VIIRS,n,2.0NRT,298.91,2.02,D
-11.95534,24.37527,329.8,0.43,0.46,2026-10-01,1145,N,VIIRS,n,2.0NRT,286.17,3.57,D
-11.95482,24.37917,333.61,0.43,0.46,2026-10-01,1145,N,VIIRS,n,2.0NRT,286.43,3.57,D
-11.95037,27.21865,346.9,0.45,0.39,2026-10-01,1145,N,VIIRS,n,2.0NRT,295.89,13.25,D
-11.93404,26.96232,333.23,0.46,0.39,2026-10-01,1145,N,VIIRS,l,2.0NRT,297.01,17.33,D
-11.9319,28.63126,344.6,0.4,0.37,2026-10-01,1145,N,VIIRS,n,2.0NRT,300.72,5.83,D
-11.93042,26.96182,344.67,0.46,0.39,2026-10-01,1145,N,VIIRS,l,2.0NRT,300.16,17.33,D
-11.92983,26.96601,350.09,0.46,0.39,2026-10-01,1145,N,VIIRS,l,2.0NRT,294.78,31.46,D
-11.92681,26.96132,330.04,0.46,0.39,2026-10-01,1145,N,VIIRS,l,2.0NRT,293.9,11.18,D
-11.92558,30.10662,367,0.38,0.36,2026-10-01,1145,N,VIIRS,h,2.0NRT,298.91,10.08,D
-11.91471,26.91639,340.51,0.46,0.39,2026-10-01,1145,N,VIIRS,n,2.0NRT,296.07,6.38,D
-11.9101,29.51865,336.47,0.39,0.36,2026-10-01,1145,N,VIIRS,n,2.0NRT,302.57,2.5,D
-11.90193,27.78638,336.46,0.42,0.38,2026-10-01,1145,N,VIIRS,n,2.0NRT,300.32,5.88,D
-11.90067,25.66412,334.83,0.53,0.42,2026-10-01,1145,N,VIIRS,n,2.0NRT,298.98,6.02,D
-11.89344,28.91238,333.87,0.39,0.36,2026-10-01,1145,N,VIIRS,n,2.0NRT,299.59,1.79,D
-11.89329,22.83196,333.45,0.54,0.51,2026-10-01,1145,N,VIIRS,n,2.0NRT,301.59,5.21,D
-11.88653,28.68066,333.88,0.4,0.37,2026-10-01,1145,N,VIIRS,n,2.0NRT,297.87,8.26,D
-11.88391,24.46127,334.63,0.42,0.45,2026-10-01,1145,N,VIIRS,n,2.0NRT,296.7,5.35,D
-11.86288,25.36072,332.5,0.56,0.43,2026-10-01,1145,N,VIIRS,n,2.0NRT,296.4,11.23,D
-11.84921,24.43359,330.14,0.42,0.45,2026-10-01,1145,N,VIIRS,n,2.0NRT,295.84,3.74,D
-11.84861,29.18853,336.96,0.39,0.36,2026-10-01,1145,N,VIIRS,n,2.0NRT,298.55,2.96,D
-11.84306,29.40639,332.87,0.39,0.36,2026-10-01,1145,N,VIIRS,n,2.0NRT,303.26,1.34,D
-11.83838,28.79656,335.93,0.4,0.37,2026-10-01,1145,N,VIIRS,n,2.0NRT,299.51,1.76,D
-11.83828,27.97002,332.52,0.42,0.37,2026-10-01,1145,N,VIIRS,n,2.0NRT,298.94,6.28,D
-11.83762,29.63766,341.63,0.39,0.36,2026-10-01,1145,N,VIIRS,n,2.0NRT,306.47,2.18,D
-11.82088,26.99807,332.53,0.46,0.39,2026-10-01,1145,N,VIIRS,l,2.0NRT,289.92,4.36,D
-11.81514,28.99992,338.06,0.39,0.36,2026-10-01,1145,N,VIIRS,n,2.0NRT,297.41,2.09,D
-11.81179,28.9994,349.4,0.39,0.36,2026-10-01,1145,N,VIIRS,n,2.0NRT,298.67,6.22,D
-11.80359,27.54724,336.74,0.43,0.38,2026-10-01,1145,N,VIIRS,n,2.0NRT,300.24,7.35,D
-11.79659,29.14755,341.84,0.39,0.36,2026-10-01,1145,N,VIIRS,n,2.0NRT,304.29,2.35,D
-11.77808,28.98281,343.31,0.39,0.36,2026-10-01,1145,N,VIIRS,n,2.0NRT,302.94,10.79,D
-11.7663,24.77038,338.14,0.4,0.44,2026-10-01,1145,N,VIIRS,n,2.0NRT,294.96,3,D
-11.76413,27.71453,331.85,0.43,0.38,2026-10-01,1145,N,VIIRS,n,2.0NRT,294.03,5.98,D
-11.7575,29.09714,340.9,0.39,0.36,2026-10-01,1145,N,VIIRS,n,2.0NRT,303.84,2.78,D
-11.73928,29.12727,339.7,0.39,0.36,2026-10-01,1145,N,VIIRS,n,2.0NRT,303.67,2.05,D
-11.73769,28.95459,346.7,0.39,0.36,2026-10-01,1145,N,VIIRS,n,2.0NRT,300.56,10.28,D
-11.73711,28.86603,339.08,0.39,0.37,2026-10-01,1145,N,VIIRS,n,2.0NRT,298.56,3.16,D
-11.73433,28.95408,338.87,0.39,0.36,2026-10-01,1145,N,VIIRS,n,2.0NRT,298.3,10.28,D
-11.71719,29.06899,344.83,0.39,0.36,2026-10-01,1145,N,VIIRS,n,2.0NRT,304.16,5.18,D
-11.6978,28.25826,346.62,0.41,0.37,2026-10-01,1145,N,VIIRS,n,2.0NRT,302.22,26.64,D
-11.6917,29.01014,350.97,0.39,0.36,2026-10-01,1145,N,VIIRS,n,2.0NRT,302.51,7.47,D
-11.69023,31.87919,338.46,0.41,0.37,2026-10-01,1145,N,VIIRS,n,2.0NRT,294.93,5.14,D
-11.66985,24.51896,333.48,0.41,0.45,2026-10-01,1145,N,VIIRS,n,2.0NRT,298.24,6.44,D
-11.66247,28.11846,332.87,0.41,0.37,2026-10-01,1145,N,VIIRS,n,2.0NRT,300.35,4.37,D
-11.66052,27.96311,344.31,0.42,0.37,2026-10-01,1145,N,VIIRS,n,2.0NRT,299.29,19.77,D
-11.65707,27.9626,341.87,0.42,0.37,2026-10-01,1145,N,VIIRS,n,2.0NRT,308.2,19.77,D
-11.65652,27.96641,334.49,0.42,0.37,2026-10-01,1145,N,VIIRS,l,2.0NRT,299.13,19.77,D
-11.63349,26.92969,333.27,0.46,0.39,2026-10-01,1145,N,VIIRS,l,2.0NRT,294.09,4.86,D
-11.63338,29.31817,333.35,0.39,0.36,2026-10-01,1145,N,VIIRS,n,2.0NRT,302.61,3.05,D
-11.62787,33.52419,338.14,0.48,0.4,2026-10-01,1145,N,VIIRS,n,2.0NRT,299.85,6.98,D
-11.62725,29.31359,333.82,0.39,0.36,2026-10-01,1145,N,VIIRS,l,2.0NRT,304.44,4.59,D
-11.62628,26.92869,338.92,0.46,0.39,2026-10-01,1145,N,VIIRS,l,2.0NRT,294.23,8.43,D
-11.60272,29.29526,347.94,0.39,0.36,2026-10-01,1145,N,VIIRS,n,2.0NRT,308.69,7.58,D
-11.5988,28.33841,353.27,0.41,0.37,2026-10-01,1145,N,VIIRS,n,2.0NRT,302.89,8.77,D
-11.56913,27.12372,336.79,0.45,0.39,2026-10-01,1145,N,VIIRS,n,2.0NRT,301.51,4.32,D
-11.56152,28.52158,337.95,0.4,0.37,2026-10-01,1145,N,VIIRS,n,2.0NRT,299.9,4.22,D
-11.56098,28.52524,344.23,0.4,0.37,2026-10-01,1145,N,VIIRS,n,2.0NRT,300.13,4.22,D
-11.55814,28.52106,338.25,0.4,0.37,2026-10-01,1145,N,VIIRS,n,2.0NRT,298.82,4.83,D
-11.5576,28.52472,336.23,0.4,0.37,2026-10-01,1145,N,VIIRS,n,2.0NRT,297.45,4.83,D
-11.55288,28.58038,347.24,0.4,0.37,2026-10-01,1145,N,VIIRS,n,2.0NRT,300.95,8.39,D
-11.5496,26.96938,335.68,0.45,0.39,2026-10-01,1145,N,VIIRS,n,2.0NRT,302.76,5.27,D
-11.5495,28.57986,351.68,0.4,0.37,2026-10-01,1145,N,VIIRS,n,2.0NRT,303.93,17.54,D
-11.5459,29.26462,338.66,0.39,0.36,2026-10-01,1145,N,VIIRS,n,2.0NRT,305.3,3.04,D
-11.5418,27.7101,340.43,0.42,0.38,2026-10-01,1145,N,VIIRS,l,2.0NRT,304.21,5.6,D
-11.54123,27.71399,340.47,0.42,0.38,2026-10-01,1145,N,VIIRS,l,2.0NRT,302.6,5.6,D
-11.53619,27.37934,333.07,0.44,0.38,2026-10-01,1145,N,VIIRS,n,2.0NRT,301.61,5.12,D
-11.53291,28.38475,331.06,0.4,0.37,2026-10-01,1145,N,VIIRS,n,2.0NRT,300.49,2.85,D
-11.52714,28.93992,332.86,0.39,0.36,2026-10-01,1145,N,VIIRS,l,2.0NRT,303.93,2.55,D
-11.52021,27.12123,345.96,0.45,0.39,2026-10-01,1145,N,VIIRS,n,2.0NRT,295.04,19.65,D
-11.49009,28.62644,336.34,0.4,0.37,2026-10-01,1145,N,VIIRS,n,2.0NRT,297.58,4.39,D
-11.48898,27.45827,332.07,0.43,0.38,2026-10-01,1145,N,VIIRS,l,2.0NRT,304.12,2.27,D
-11.4817,26.3781,344.8,0.48,0.4,2026-10-01,1145,N,VIIRS,n,2.0NRT,295.71,7.74,D
-11.47799,26.37756,336.02,0.48,0.4,2026-10-01,1145,N,VIIRS,n,2.0NRT,291.61,4.93,D
-11.47475,27.8536,335.33,0.42,0.38,2026-10-01,1145,N,VIIRS,l,2.0NRT,306.41,5.23,D
-11.46857,27.15122,332.21,0.45,0.39,2026-10-01,1145,N,VIIRS,n,2.0NRT,293.86,6.7,D
-11.46704,29.03267,331.18,0.39,0.36,2026-10-01,1145,N,VIIRS,l,2.0NRT,305.71,1.75,D
-11.45448,27.22418,350.43,0.44,0.39,2026-10-01,1145,N,VIIRS,n,2.0NRT,290.85,8.89,D
-11.41906,27.90788,341.22,0.42,0.37,2026-10-01,1145,N,VIIRS,n,2.0NRT,308.08,6.37,D
-11.39078,29.22132,333.49,0.39,0.36,2026-10-01,1145,N,VIIRS,n,2.0NRT,302.05,2.63,D
-11.37581,29.32062,337.04,0.39,0.36,2026-10-01,1145,N,VIIRS,n,2.0NRT,301.5,4.01,D
-11.3649,29.25728,336.85,0.39,0.36,2026-10-01,1145,N,VIIRS,n,2.0NRT,304.14,5.46,D
-11.36368,29.33323,331.46,0.39,0.36,2026-10-01,1145,N,VIIRS,l,2.0NRT,301.64,1.7,D
-11.36044,27.52376,337.25,0.43,0.38,2026-10-01,1145,N,VIIRS,n,2.0NRT,305.44,2.06,D
-11.32741,29.14984,342.66,0.39,0.36,2026-10-01,1145,N,VIIRS,n,2.0NRT,307.91,32.14,D
-11.30765,27.59191,339.29,0.43,0.38,2026-10-01,1145,N,VIIRS,n,2.0NRT,305.87,4.54,D
-11.30397,32.1155,339.07,0.42,0.38,2026-10-01,1145,N,VIIRS,n,2.0NRT,300.43,5.62,D
-11.29869,29.18179,348.58,0.39,0.36,2026-10-01,1145,N,VIIRS,n,2.0NRT,300.44,5.04,D
-11.29492,27.60601,334.98,0.43,0.38,2026-10-01,1145,N,VIIRS,n,2.0NRT,304.52,2.08,D
-11.29293,27.54586,330.38,0.43,0.38,2026-10-01,1145,N,VIIRS,l,2.0NRT,304.6,1.97,D
-11.27809,33.71547,337.13,0.49,0.41,2026-10-01,1145,N,VIIRS,n,2.0NRT,302.61,5.55,D
-11.27745,33.71201,338.49,0.49,0.41,2026-10-01,1145,N,VIIRS,n,2.0NRT,301.89,3.23,D
-11.27626,29.24005,340.85,0.39,0.36,2026-10-01,1145,N,VIIRS,n,2.0NRT,306.35,7.38,D
-11.27573,29.24359,336,0.39,0.36,2026-10-01,1145,N,VIIRS,n,2.0NRT,303.2,4.62,D
-11.26975,29.46335,336.06,0.39,0.36,2026-10-01,1145,N,VIIRS,n,2.0NRT,302.14,2.04,D
-11.25386,28.83064,338.63,0.39,0.36,2026-10-01,1145,N,VIIRS,n,2.0NRT,304.57,3.36,D
-11.25262,29.02111,330.95,0.39,0.36,2026-10-01,1145,N,VIIRS,l,2.0NRT,304.87,2.72,D
-11.20747,29.20704,336.62,0.39,0.36,2026-10-01,1145,N,VIIRS,n,2.0NRT,304.36,3.2,D
-11.18142,33.56898,337.75,0.49,0.4,2026-10-01,1145,N,VIIRS,n,2.0NRT,303.47,1.61,D
-11.15661,27.98455,333.08,0.41,0.37,2026-10-01,1145,N,VIIRS,l,2.0NRT,301.94,6.03,D
-11.14965,29.02353,335.59,0.39,0.36,2026-10-01,1145,N,VIIRS,l,2.0NRT,306.26,2.27,D
-11.13127,32.18579,337.88,0.42,0.38,2026-10-01,1145,N,VIIRS,n,2.0NRT,282.49,4.41,D
-11.06607,33.68785,338.58,0.49,0.41,2026-10-01,1145,N,VIIRS,n,2.0NRT,298.42,3.71,D
-11.06564,33.68446,335.04,0.5,0.41,2026-10-01,1145,N,VIIRS,n,2.0NRT,298.62,3.96,D
-11.03272,33.42232,355.3,0.48,0.4,2026-10-01,1145,N,VIIRS,n,2.0NRT,300.81,11.83,D
-11.0241,29.20718,337.58,0.39,0.36,2026-10-01,1145,N,VIIRS,n,2.0NRT,305.96,2.57,D
-10.99812,29.29653,338.94,0.39,0.36,2026-10-01,1145,N,VIIRS,n,2.0NRT,298.79,2.9,D
-10.99218,29.22332,335.4,0.39,0.36,2026-10-01,1145,N,VIIRS,l,2.0NRT,307.1,3.02,D
-10.97579,32.65358,338.75,0.44,0.39,2026-10-01,1145,N,VIIRS,n,2.0NRT,297.12,4.68,D
-10.97514,32.65763,339.66,0.44,0.39,2026-10-01,1145,N,VIIRS,n,2.0NRT,302.57,4.68,D
-10.96467,32.23015,333.88,0.43,0.38,2026-10-01,1145,N,VIIRS,n,2.0NRT,296.46,3.56,D
-10.89653,32.84705,339.64,0.45,0.39,2026-10-01,1145,N,VIIRS,n,2.0NRT,303.8,10.82,D
-10.89363,32.84232,350.82,0.45,0.39,2026-10-01,1145,N,VIIRS,n,2.0NRT,303.84,10.82,D
-10.89295,32.84645,339.77,0.45,0.39,2026-10-01,1145,N,VIIRS,n,2.0NRT,302.18,10.82,D
-10.88973,29.51757,330.97,0.38,0.36,2026-10-01,1145,N,VIIRS,l,2.0NRT,301.99,6.11,D
-10.8892,29.52109,339.76,0.38,0.36,2026-10-01,1145,N,VIIRS,n,2.0NRT,305.87,10.63,D
-10.88866,29.5246,337.07,0.38,0.36,2026-10-01,1145,N,VIIRS,n,2.0NRT,301.27,10.63,D
-10.85376,32.85292,340.67,0.45,0.39,2026-10-01,1145,N,VIIRS,n,2.0NRT,304.31,5.95,D
-10.82523,32.93775,335.19,0.46,0.39,2026-10-01,1145,N,VIIRS,n,2.0NRT,299.36,3.22,D
-10.80554,33.0813,336.16,0.47,0.39,2026-10-01,1145,N,VIIRS,n,2.0NRT,301.05,3.56,D
-10.79937,33.02797,337.61,0.46,0.39,2026-10-01,1145,N,VIIRS,n,2.0NRT,301.98,3.13,D
-10.79645,33.02308,341.42,0.46,0.39,2026-10-01,1145,N,VIIRS,n,2.0NRT,290.33,23.12,D
-10.79576,33.02732,355.11,0.46,0.39,2026-10-01,1145,N,VIIRS,n,2.0NRT,306.49,23.12,D
-10.79045,32.99178,337.67,0.46,0.39,2026-10-01,1145,N,VIIRS,n,2.0NRT,300.28,7.06,D
-10.77351,32.63353,336.23,0.44,0.39,2026-10-01,1145,N,VIIRS,n,2.0NRT,298.57,5.22,D
-10.76781,32.35588,346.83,0.43,0.38,2026-10-01,1145,N,VIIRS,n,2.0NRT,305.4,9.88,D
-10.76431,32.35527,344.08,0.43,0.38,2026-10-01,1145,N,VIIRS,n,2.0NRT,304.53,9.88,D
-10.74655,32.44195,340.8,0.44,0.38,2026-10-01,1145,N,VIIRS,n,2.0NRT,300.88,5.69,D
-10.6385,32.89138,335.05,0.46,0.39,2026-10-01,1145,N,VIIRS,n,2.0NRT,300.05,4.59,D
-10.63376,32.8521,343.22,0.46,0.39,2026-10-01,1145,N,VIIRS,n,2.0NRT,300.89,3.87,D
-10.62194,32.00734,335.26,0.42,0.38,2026-10-01,1145,N,VIIRS,n,2.0NRT,300.22,5.88,D
-10.58463,32.21641,348.08,0.43,0.38,2026-10-01,1145,N,VIIRS,n,2.0NRT,294.36,13.83,D
-10.56122,32.42755,338.72,0.44,0.38,2026-10-01,1145,N,VIIRS,n,2.0NRT,300.69,14.1,D
-10.54482,33.46802,334.44,0.49,0.4,2026-10-01,1145,N,VIIRS,n,2.0NRT,301.81,3.01,D
-10.53549,32.7211,343.92,0.45,0.39,2026-10-01,1145,N,VIIRS,n,2.0NRT,301.75,4.5,D
-10.5134,33.26718,338.17,0.48,0.4,2026-10-01,1145,N,VIIRS,n,2.0NRT,305.46,13.51,D
-10.4847,33.41664,339.31,0.49,0.4,2026-10-01,1145,N,VIIRS,n,2.0NRT,306.83,7.96,D
-10.43902,33.40532,341.8,0.49,0.4,2026-10-01,1145,N,VIIRS,n,2.0NRT,304.5,6.71,D
-10.43847,32.54036,338.02,0.44,0.39,2026-10-01,1145,N,VIIRS,n,2.0NRT,297.21,5.51,D
-10.4353,32.4481,331.71,0.44,0.38,2026-10-01,1145,N,VIIRS,n,2.0NRT,298.11,2.51,D
-10.43426,32.54383,332.7,0.44,0.39,2026-10-01,1145,N,VIIRS,n,2.0NRT,297.05,8.26,D
-10.37763,33.36244,339.64,0.49,0.4,2026-10-01,1145,N,VIIRS,n,2.0NRT,307.49,6.59,D
-10.37468,33.35739,336.76,0.49,0.4,2026-10-01,1145,N,VIIRS,l,2.0NRT,307.09,5.31,D
-10.37393,33.36187,348.68,0.49,0.4,2026-10-01,1145,N,VIIRS,n,2.0NRT,308.98,6.59,D
-10.34856,33.67397,337.05,0.5,0.41,2026-10-01,1145,N,VIIRS,n,2.0NRT,304.07,2.74,D
-10.33243,33.32689,337.62,0.48,0.4,2026-10-01,1145,N,VIIRS,n,2.0NRT,303.69,3.58,D
-10.2155,33.75354,333.18,0.51,0.41,2026-10-01,1145,N,VIIRS,l,2.0NRT,304.61,1.5,D
-11.66835,23.12119,344.15,0.51,0.49,2026-10-01,1147,N,VIIRS,n,2.0NRT,295.6,9.07,D
-11.59748,22.15027,353.58,0.59,0.53,2026-10-01,1147,N,VIIRS,n,2.0NRT,301.83,33.79,D
-11.53828,24.96359,339.99,0.39,0.44,2026-10-01,1147,N,VIIRS,n,2.0NRT,297.27,5.22,D
-11.53607,23.59922,339.75,0.47,0.48,2026-10-01,1147,N,VIIRS,n,2.0NRT,291.85,6.9,D
-11.46886,24.95407,337.96,0.39,0.44,2026-10-01,1147,N,VIIRS,n,2.0NRT,297.62,7.56,D
-11.46837,24.95765,330.92,0.39,0.44,2026-10-01,1147,N,VIIRS,n,2.0NRT,296.57,7.65,D
-11.4028,24.43609,334.49,0.42,0.45,2026-10-01,1147,N,VIIRS,n,2.0NRT,295.77,2.73,D
-11.39833,24.34171,331.63,0.42,0.45,2026-10-01,1147,N,VIIRS,n,2.0NRT,297.09,4.39,D
-11.39781,24.34558,338.9,0.42,0.45,2026-10-01,1147,N,VIIRS,n,2.0NRT,298.42,4.39,D
-11.38046,24.78735,355.79,0.4,0.44,2026-10-01,1147,N,VIIRS,n,2.0NRT,297.27,10.36,D
-11.37638,24.78678,342.33,0.4,0.44,2026-10-01,1147,N,VIIRS,n,2.0NRT,295.46,9.49,D
-11.35038,24.31156,336.13,0.42,0.45,2026-10-01,1147,N,VIIRS,n,2.0NRT,294.35,4.65,D
-11.32774,24.77952,333.67,0.4,0.44,2026-10-01,1147,N,VIIRS,n,2.0NRT,292.63,3.29,D
-11.32754,24.77984,333.43,0.4,0.44,2026-10-01,1147,N,VIIRS,n,2.0NRT,292.35,3.11,D
-11.30985,26.51541,337.29,0.47,0.4,2026-10-01,1147,N,VIIRS,l,2.0NRT,286.06,10.11,D
-11.29164,25.07872,331.7,0.57,0.43,2026-10-01,1147,N,VIIRS,n,2.0NRT,291.33,3.65,D
-11.28374,22.18121,330.86,0.58,0.52,2026-10-01,1147,N,VIIRS,l,2.0NRT,302.87,8.43,D
-11.24388,25.60534,347.9,0.53,0.42,2026-10-01,1147,N,VIIRS,n,2.0NRT,295.79,17.8,D
-11.2426,24.09411,331.77,0.44,0.46,2026-10-01,1147,N,VIIRS,n,2.0NRT,293.96,2.45,D
-11.23741,26.36876,345.94,0.48,0.4,2026-10-01,1147,N,VIIRS,n,2.0NRT,294.2,18.3,D
-11.22025,25.83222,330.89,0.51,0.41,2026-10-01,1147,N,VIIRS,n,2.0NRT,292.62,7.29,D
-11.1796,24.40529,339.31,0.42,0.45,2026-10-01,1147,N,VIIRS,n,2.0NRT,293.76,5.41,D
-11.17185,27.41545,343.7,0.43,0.38,2026-10-01,1147,N,VIIRS,n,2.0NRT,301.33,4.91,D
-11.17107,27.41633,330.96,0.43,0.38,2026-10-01,1147,N,VIIRS,l,2.0NRT,299.55,2.85,D
-11.15738,27.23946,337.59,0.44,0.38,2026-10-01,1147,N,VIIRS,n,2.0NRT,306.38,6.22,D
-11.1545,27.66057,353.03,0.42,0.38,2026-10-01,1147,N,VIIRS,n,2.0NRT,306.9,10.14,D
-11.15394,27.66443,343.01,0.42,0.38,2026-10-01,1147,N,VIIRS,n,2.0NRT,303.48,10.14,D
-11.15304,24.24749,340.25,0.42,0.46,2026-10-01,1147,N,VIIRS,n,2.0NRT,293.86,4.13,D
-11.15128,22.26502,348.82,0.57,0.52,2026-10-01,1147,N,VIIRS,n,2.0NRT,301.19,27.87,D
-11.15102,27.66006,348.35,0.42,0.38,2026-10-01,1147,N,VIIRS,n,2.0NRT,305.53,10.85,D
-11.15046,27.66392,335.07,0.42,0.38,2026-10-01,1147,N,VIIRS,l,2.0NRT,300.65,10.85,D
-11.14996,27.36464,336.28,0.43,0.38,2026-10-01,1147,N,VIIRS,l,2.0NRT,301,5.21,D
-11.14784,22.25352,332.61,0.57,0.52,2026-10-01,1147,N,VIIRS,n,2.0NRT,286.17,8.41,D
-11.14754,27.65956,349.52,0.42,0.38,2026-10-01,1147,N,VIIRS,n,2.0NRT,306.58,10.85,D
-11.14699,27.66342,338.24,0.42,0.38,2026-10-01,1147,N,VIIRS,n,2.0NRT,302.17,10.85,D
-11.14645,22.26449,349.91,0.57,0.52,2026-10-01,1147,N,VIIRS,n,2.0NRT,302.94,33.77,D
-11.14576,22.26987,341.42,0.57,0.52,2026-10-01,1147,N,VIIRS,n,2.0NRT,296.93,33.77,D
-11.14302,22.25292,336.11,0.57,0.52,2026-10-01,1147,N,VIIRS,n,2.0NRT,292.42,8.41,D
-11.14231,24.10464,333.54,0.43,0.46,2026-10-01,1147,N,VIIRS,n,2.0NRT,298.86,4.51,D
-11.14095,22.26923,333.49,0.57,0.52,2026-10-01,1147,N,VIIRS,n,2.0NRT,296.1,33.77,D
-11.12719,22.63875,338.86,0.54,0.51,2026-10-01,1147,N,VIIRS,n,2.0NRT,294.67,8.25,D
-11.06915,27.47749,333.09,0.43,0.38,2026-10-01,1147,N,VIIRS,n,2.0NRT,298.51,3.64,D
-11.06802,27.48532,348.33,0.43,0.38,2026-10-01,1147,N,VIIRS,n,2.0NRT,309.82,21.47,D
-11.06452,27.48483,336.01,0.43,0.38,2026-10-01,1147,N,VIIRS,n,2.0NRT,297.93,21.47,D
-11.06013,21.93367,334.69,0.6,0.53,2026-10-01,1147,N,VIIRS,n,2.0NRT,296.68,8.4,D
-11.05876,24.12316,329.69,0.43,0.46,2026-10-01,1147,N,VIIRS,n,2.0NRT,287.07,4.06,D
-11.05303,26.36232,336.85,0.48,0.4,2026-10-01,1147,N,VIIRS,n,2.0NRT,290.57,5.72,D
-11.0378,26.28328,339.16,0.48,0.4,2026-10-01,1147,N,VIIRS,n,2.0NRT,294.41,13.7,D
-11.0045,22.42884,340.86,0.56,0.51,2026-10-01,1147,N,VIIRS,n,2.0NRT,297.68,8.33,D
-11.00335,22.4313,341.01,0.56,0.51,2026-10-01,1147,N,VIIRS,n,2.0NRT,297.07,8,D
-10.98,21.93423,334.44,0.6,0.53,2026-10-01,1147,N,VIIRS,n,2.0NRT,298.99,6.94,D
-10.97666,28.78001,340.07,0.39,0.36,2026-10-01,1147,N,VIIRS,n,2.0NRT,305.57,3,D
-10.96232,26.55765,331.39,0.47,0.4,2026-10-01,1147,N,VIIRS,l,2.0NRT,298.24,3.89,D
-10.95884,28.9457,337.64,0.39,0.36,2026-10-01,1147,N,VIIRS,n,2.0NRT,305.84,1.36,D
-10.95629,26.54789,335.5,0.47,0.4,2026-10-01,1147,N,VIIRS,l,2.0NRT,298.4,10.96,D
-10.91639,29.25134,336.7,0.39,0.36,2026-10-01,1147,N,VIIRS,n,2.0NRT,301.19,30.99,D
-10.91253,29.25436,331.97,0.39,0.36,2026-10-01,1147,N,VIIRS,l,2.0NRT,303.71,30.99,D
-10.90176,25.48204,330.67,0.53,0.42,2026-10-01,1147,N,VIIRS,n,2.0NRT,291.01,5.53,D
-10.90013,25.67071,344.52,0.52,0.42,2026-10-01,1147,N,VIIRS,n,2.0NRT,303.82,13.62,D
-10.89629,25.67022,346.48,0.52,0.42,2026-10-01,1147,N,VIIRS,n,2.0NRT,298.36,13.62,D
-10.88885,27.88276,339.2,0.41,0.37,2026-10-01,1147,N,VIIRS,n,2.0NRT,299.33,8.17,D
-10.88879,24.81912,340.41,0.39,0.44,2026-10-01,1147,N,VIIRS,n,2.0NRT,295.26,5.14,D
-10.88816,24.81865,340.32,0.39,0.44,2026-10-01,1147,N,VIIRS,n,2.0NRT,294.16,3.88,D
-10.87535,22.1144,343.81,0.58,0.52,2026-10-01,1147,N,VIIRS,n,2.0NRT,301.53,6.58,D
-10.86705,25.61522,345.68,0.52,0.42,2026-10-01,1147,N,VIIRS,n,2.0NRT,307.07,28.69,D
-10.85861,26.91843,337.77,0.45,0.39,2026-10-01,1147,N,VIIRS,n,2.0NRT,302.92,4.34,D
-10.8509,23.71782,328.56,0.45,0.47,2026-10-01,1147,N,VIIRS,n,2.0NRT,292.55,4.2,D
-10.85054,22.2299,352.85,0.57,0.52,2026-10-01,1147,N,VIIRS,n,2.0NRT,298.99,23.44,D
-10.8464,22.22413,339.71,0.57,0.52,2026-10-01,1147,N,VIIRS,n,2.0NRT,295.46,23.44,D
-10.84573,22.2293,351.36,0.57,0.52,2026-10-01,1147,N,VIIRS,n,2.0NRT,295.69,23.44,D
-10.84174,26.54133,341.03,0.47,0.4,2026-10-01,1147,N,VIIRS,n,2.0NRT,302.41,6.21,D
-10.83072,26.96035,335.14,0.45,0.39,2026-10-01,1147,N,VIIRS,l,2.0NRT,301.54,5.48,D
-10.82292,26.54292,332.76,0.47,0.4,2026-10-01,1147,N,VIIRS,n,2.0NRT,301.7,4.96,D
-10.82286,22.14852,332.69,0.58,0.52,2026-10-01,1147,N,VIIRS,n,2.0NRT,301.31,4.15,D
-10.81892,26.87543,334.77,0.45,0.39,2026-10-01,1147,N,VIIRS,l,2.0NRT,307.12,5.44,D
-10.81314,22.13866,335.1,0.58,0.52,2026-10-01,1147,N,VIIRS,n,2.0NRT,301.74,6.18,D
-10.80321,22.03642,338.09,0.59,0.53,2026-10-01,1147,N,VIIRS,n,2.0NRT,298.46,6.14,D
-10.80156,22.49598,349.34,0.55,0.51,2026-10-01,1147,N,VIIRS,n,2.0NRT,296.44,15.48,D
-10.80022,22.09658,342.39,0.58,0.52,2026-10-01,1147,N,VIIRS,n,2.0NRT,302.03,9.9,D
-10.7975,22.4902,353.23,0.55,0.51,2026-10-01,1147,N,VIIRS,n,2.0NRT,296.22,35.55,D
-10.79505,26.39769,346.83,0.47,0.4,2026-10-01,1147,N,VIIRS,n,2.0NRT,302.4,7.64,D
-10.7948,26.25215,338.27,0.48,0.4,2026-10-01,1147,N,VIIRS,n,2.0NRT,295.55,6.12,D
-10.79311,26.25006,336.38,0.48,0.4,2026-10-01,1147,N,VIIRS,n,2.0NRT,290.04,7.56,D
-10.79024,27.58685,334.54,0.42,0.38,2026-10-01,1147,N,VIIRS,l,2.0NRT,296.48,3.65,D
-10.78967,27.59071,335.14,0.42,0.38,2026-10-01,1147,N,VIIRS,l,2.0NRT,297.36,6.11,D
-10.77454,22.14211,334.03,0.58,0.52,2026-10-01,1147,N,VIIRS,n,2.0NRT,299.46,2.8,D
-10.77327,22.03817,335.85,0.59,0.53,2026-10-01,1147,N,VIIRS,n,2.0NRT,299.69,3.84,D
-10.76472,22.52153,331.23,0.54,0.51,2026-10-01,1147,N,VIIRS,n,2.0NRT,295.74,4.79,D
-10.76422,22.06991,341.78,0.58,0.52,2026-10-01,1147,N,VIIRS,n,2.0NRT,300.76,12.1,D
-10.7433,21.96222,339.56,0.59,0.53,2026-10-01,1147,N,VIIRS,n,2.0NRT,300.1,47.03,D
-10.74262,21.96761,342.5,0.59,0.53,2026-10-01,1147,N,VIIRS,n,2.0NRT,307.69,47.03,D
-10.74139,22.13237,343.65,0.58,0.52,2026-10-01,1147,N,VIIRS,n,2.0NRT,300.47,8.88,D
-10.74099,21.96478,348.11,0.59,0.53,2026-10-01,1147,N,VIIRS,n,2.0NRT,307.84,108.47,D
-10.73856,22.01982,341.39,0.59,0.53,2026-10-01,1147,N,VIIRS,n,2.0NRT,301.23,20.07,D
-10.7384,21.96162,333.46,0.59,0.53,2026-10-01,1147,N,VIIRS,n,2.0NRT,297.98,6.7,D
-10.73786,22.02505,343.83,0.59,0.53,2026-10-01,1147,N,VIIRS,n,2.0NRT,301.7,20.07,D
-10.73772,21.96702,335.25,0.59,0.53,2026-10-01,1147,N,VIIRS,n,2.0NRT,298.25,6.7,D
-10.73571,22.02219,348.51,0.59,0.53,2026-10-01,1147,N,VIIRS,n,2.0NRT,303.56,28.35,D
-10.73506,27.42762,338.49,0.43,0.38,2026-10-01,1147,N,VIIRS,n,2.0NRT,298.17,6.63,D
-10.73399,27.42765,337.74,0.43,0.38,2026-10-01,1147,N,VIIRS,l,2.0NRT,300.41,7.72,D
-10.71757,22.0089,335.94,0.59,0.53,2026-10-01,1147,N,VIIRS,n,2.0NRT,297.86,2.88,D
-10.71492,22.0113,334.8,0.59,0.53,2026-10-01,1147,N,VIIRS,n,2.0NRT,299.01,5.93,D
-10.71046,27.1214,339.18,0.44,0.38,2026-10-01,1147,N,VIIRS,n,2.0NRT,302.74,8.87,D
-10.70663,29.18572,339.24,0.39,0.36,2026-10-01,1147,N,VIIRS,n,2.0NRT,305.61,3.77,D
-10.70624,27.65275,333.55,0.42,0.38,2026-10-01,1147,N,VIIRS,l,2.0NRT,301.01,10.92,D
-10.70568,27.65658,336.8,0.42,0.38,2026-10-01,1147,N,VIIRS,l,2.0NRT,298.19,8.97,D
-10.70423,27.65251,335.72,0.42,0.38,2026-10-01,1147,N,VIIRS,l,2.0NRT,298.63,4.49,D
-10.70366,27.65634,345.7,0.42,0.38,2026-10-01,1147,N,VIIRS,n,2.0NRT,300.2,6.41,D
-10.7033,29.18521,334.82,0.39,0.36,2026-10-01,1147,N,VIIRS,n,2.0NRT,303.5,3.55,D
-10.70222,27.65606,339.6,0.42,0.38,2026-10-01,1147,N,VIIRS,n,2.0NRT,301.88,8.97,D
-10.70102,22.00392,331.68,0.59,0.53,2026-10-01,1147,N,VIIRS,n,2.0NRT,298.78,5.02,D
-10.7002,27.65582,339.13,0.42,0.38,2026-10-01,1147,N,VIIRS,n,2.0NRT,301.77,6.41,D
-10.69963,27.65965,335.59,0.42,0.38,2026-10-01,1147,N,VIIRS,l,2.0NRT,298.24,6.41,D
-10.6783,26.12763,331.53,0.49,0.4,2026-10-01,1147,N,VIIRS,l,2.0NRT,303.06,5.53,D
-10.67391,26.59967,338.47,0.46,0.39,2026-10-01,1147,N,VIIRS,l,2.0NRT,305.35,6.6,D
-10.67331,26.60392,335.78,0.46,0.39,2026-10-01,1147,N,VIIRS,l,2.0NRT,303.69,4.55,D
-10.67028,26.59917,333.71,0.46,0.39,2026-10-01,1147,N,VIIRS,l,2.0NRT,304.57,3.98,D
-10.66906,21.94436,340,0.59,0.53,2026-10-01,1147,N,VIIRS,n,2.0NRT,302.03,6.7,D
-10.66745,27.02549,334.87,0.44,0.39,2026-10-01,1147,N,VIIRS,n,2.0NRT,298.02,2.77,D
-10.66633,29.38503,336.31,0.39,0.36,2026-10-01,1147,N,VIIRS,n,2.0NRT,305.59,3.51,D
-10.66626,22.00444,335.31,0.59,0.53,2026-10-01,1147,N,VIIRS,n,2.0NRT,299.81,4.35,D
-10.66559,22.00963,334.17,0.59,0.53,2026-10-01,1147,N,VIIRS,n,2.0NRT,302.35,6.59,D
-10.66487,21.93824,336.28,0.59,0.53,2026-10-01,1147,N,VIIRS,n,2.0NRT,299.08,9.63,D
-10.66416,21.94372,344.56,0.59,0.53,2026-10-01,1147,N,VIIRS,n,2.0NRT,305.41,26.85,D
-10.64684,21.90543,341,0.6,0.53,2026-10-01,1147,N,VIIRS,n,2.0NRT,296.93,6.5,D
-10.64377,29.31256,330.14,0.39,0.36,2026-10-01,1147,N,VIIRS,l,2.0NRT,304.88,2.55,D
-10.64142,22.4896,342.42,0.54,0.51,2026-10-01,1147,N,VIIRS,n,2.0NRT,299.36,22.95,D
-10.64118,21.96802,330.58,0.59,0.53,2026-10-01,1147,N,VIIRS,l,2.0NRT,301.51,3.3,D
-10.64044,29.31204,340.67,0.39,0.36,2026-10-01,1147,N,VIIRS,n,2.0NRT,304.7,2.55,D
-10.63926,25.86435,337.13,0.5,0.41,2026-10-01,1147,N,VIIRS,n,2.0NRT,303.82,8.68,D
-10.63851,25.86747,334.78,0.5,0.41,2026-10-01,1147,N,VIIRS,n,2.0NRT,302.68,8.9,D
-10.63781,29.72889,337.9,0.38,0.36,2026-10-01,1147,N,VIIRS,n,2.0NRT,298.32,2.94,D
-10.63064,29.73136,346.15,0.38,0.36,2026-10-01,1147,N,VIIRS,n,2.0NRT,302.74,16.22,D
-10.62732,29.73084,345.75,0.38,0.36,2026-10-01,1147,N,VIIRS,n,2.0NRT,298.38,8.63,D
-10.61854,29.74381,347.83,0.38,0.36,2026-10-01,1147,N,VIIRS,n,2.0NRT,302.3,7.17,D
-10.61303,29.35821,338.58,0.39,0.36,2026-10-01,1147,N,VIIRS,n,2.0NRT,304.22,2.48,D
-10.61089,29.88247,339.12,0.38,0.36,2026-10-01,1147,N,VIIRS,n,2.0NRT,304.82,4.69,D
-10.60971,29.35769,341.07,0.39,0.36,2026-10-01,1147,N,VIIRS,n,2.0NRT,304.69,3.23,D
-10.59488,22.14506,340.95,0.57,0.52,2026-10-01,1147,N,VIIRS,n,2.0NRT,300.57,13.09,D
-10.59418,22.15028,330.28,0.57,0.52,2026-10-01,1147,N,VIIRS,n,2.0NRT,296.36,13.09,D
-10.59383,22.14711,355.19,0.57,0.52,2026-10-01,1147,N,VIIRS,n,2.0NRT,299.64,21.21,D
-10.58467,22.11118,330.56,0.58,0.52,2026-10-01,1147,N,VIIRS,n,2.0NRT,295.24,1.34,D
-10.5686,26.06339,346.73,0.49,0.4,2026-10-01,1147,N,VIIRS,n,2.0NRT,303.23,12.15,D
-10.55812,29.62978,338.77,0.38,0.36,2026-10-01,1147,N,VIIRS,n,2.0NRT,295.89,3.41,D
-10.55759,29.63328,340.26,0.38,0.36,2026-10-01,1147,N,VIIRS,n,2.0NRT,296.95,5.87,D
-10.55705,29.63678,349.13,0.38,0.36,2026-10-01,1147,N,VIIRS,n,2.0NRT,299.42,5.87,D
-10.55652,29.64028,338.09,0.38,0.36,2026-10-01,1147,N,VIIRS,n,2.0NRT,299.49,5.56,D
-10.55521,23.78532,342.05,0.45,0.47,2026-10-01,1147,N,VIIRS,n,2.0NRT,298.18,6.96,D
-10.5548,29.62926,353.51,0.38,0.36,2026-10-01,1147,N,VIIRS,n,2.0NRT,304.74,49.48,D
-10.55427,29.63276,349.6,0.38,0.36,2026-10-01,1147,N,VIIRS,n,2.0NRT,299.86,6.34,D
-10.55149,29.62874,356.16,0.38,0.36,2026-10-01,1147,N,VIIRS,n,2.0NRT,297.66,49.48,D
-10.55095,29.63225,338.45,0.38,0.36,2026-10-01,1147,N,VIIRS,n,2.0NRT,286.93,6.34,D
-10.54185,26.09121,344.01,0.49,0.4,2026-10-01,1147,N,VIIRS,n,2.0NRT,306.57,12.71,D
-10.54118,22.5623,340.59,0.54,0.51,2026-10-01,1147,N,VIIRS,n,2.0NRT,298.11,13.82,D
-10.53844,22.56449,343.68,0.54,0.51,2026-10-01,1147,N,VIIRS,n,2.0NRT,298.67,12.19,D
-10.52857,21.93425,340.87,0.59,0.53,2026-10-01,1147,N,VIIRS,n,2.0NRT,300.92,6.99,D
-10.52698,22.36313,332.89,0.55,0.51,2026-10-01,1147,N,VIIRS,n,2.0NRT,298.35,6.48,D
-10.52689,21.93158,337.53,0.59,0.53,2026-10-01,1147,N,VIIRS,n,2.0NRT,299.75,8.42,D
-10.52638,26.06631,336.1,0.49,0.4,2026-10-01,1147,N,VIIRS,n,2.0NRT,301.67,7.83,D
-10.50605,29.35174,346.81,0.39,0.36,2026-10-01,1147,N,VIIRS,n,2.0NRT,301.89,3.63,D
-10.49296,29.48261,336.02,0.38,0.36,2026-10-01,1147,N,VIIRS,n,2.0NRT,303.45,4.5,D
-10.4917,29.35671,336.75,0.39,0.36,2026-10-01,1147,N,VIIRS,n,2.0NRT,296.16,2.2,D
-10.49122,26.99544,348.16,0.44,0.39,2026-10-01,1147,N,VIIRS,n,2.0NRT,302.43,11.77,D
-10.49112,26.16674,337.28,0.48,0.4,2026-10-01,1147,N,VIIRS,n,2.0NRT,303.41,5.55,D
-10.49104,29.33862,337.66,0.39,0.36,2026-10-01,1147,N,VIIRS,n,2.0NRT,305.19,2.99,D
-10.48981,26.16524,336.27,0.48,0.4,2026-10-01,1147,N,VIIRS,n,2.0NRT,302.14,6.25,D
-10.47877,28.32493,334.89,0.4,0.37,2026-10-01,1147,N,VIIRS,n,2.0NRT,296.09,3.38,D
-10.47826,26.30156,334.02,0.48,0.4,2026-10-01,1147,N,VIIRS,l,2.0NRT,301.49,6.4,D
-10.47765,26.30588,340.58,0.48,0.4,2026-10-01,1147,N,VIIRS,l,2.0NRT,308.59,24.22,D
-10.47093,26.25362,331.74,0.48,0.4,2026-10-01,1147,N,VIIRS,l,2.0NRT,304.36,6.63,D
-10.47014,26.2523,333.77,0.48,0.4,2026-10-01,1147,N,VIIRS,l,2.0NRT,305.47,5.02,D
-10.46806,26.91365,335.53,0.45,0.39,2026-10-01,1147,N,VIIRS,n,2.0NRT,300.05,4.09,D
-10.444,31.94353,353.35,0.42,0.38,2026-10-01,1147,N,VIIRS,n,2.0NRT,303.58,26.07,D
-10.44338,31.94737,367,0.42,0.38,2026-10-01,1147,N,VIIRS,h,2.0NRT,296.79,26.07,D
-10.43895,26.88851,340.63,0.45,0.39,2026-10-01,1147,N,VIIRS,n,2.0NRT,304.88,6.37,D
-10.43799,29.64261,353.5,0.38,0.36,2026-10-01,1147,N,VIIRS,n,2.0NRT,304.64,20.83,D
-10.43054,26.24698,337.67,0.48,0.4,2026-10-01,1147,N,VIIRS,n,2.0NRT,299.18,4.56,D
-10.41271,26.26662,347.45,0.48,0.4,2026-10-01,1147,N,VIIRS,n,2.0NRT,297.39,11.73,D
-10.40878,30.03238,336.11,0.38,0.36,2026-10-01,1147,N,VIIRS,n,2.0NRT,297.6,10.82,D
-10.40824,30.03588,346.49,0.38,0.36,2026-10-01,1147,N,VIIRS,n,2.0NRT,301.72,10.82,D
-10.39901,25.09206,338.68,0.55,0.43,2026-10-01,1147,N,VIIRS,n,2.0NRT,301.09,4.26,D
-10.39025,29.82147,356.33,0.38,0.36,2026-10-01,1147,N,VIIRS,n,2.0NRT,310.63,13.68,D
-10.38709,32.56464,330.49,0.45,0.39,2026-10-01,1147,N,VIIRS,n,2.0NRT,298.66,2.94,D
-10.37735,27.78458,340.54,0.41,0.37,2026-10-01,1147,N,VIIRS,n,2.0NRT,291.55,5.64,D
-10.37355,26.41059,339.08,0.47,0.4,2026-10-01,1147,N,VIIRS,n,2.0NRT,303.19,4.84,D
-10.36982,27.95554,337.66,0.41,0.37,2026-10-01,1147,N,VIIRS,n,2.0NRT,292.64,4.67,D
-10.36793,32.46285,334.25,0.44,0.38,2026-10-01,1147,N,VIIRS,n,2.0NRT,298.27,6.75,D
-10.35783,29.65811,346.69,0.38,0.36,2026-10-01,1147,N,VIIRS,n,2.0NRT,309.18,13.45,D
-10.3573,29.6616,348.41,0.38,0.36,2026-10-01,1147,N,VIIRS,n,2.0NRT,303.72,13.45,D
-10.35452,29.65759,354.82,0.38,0.36,2026-10-01,1147,N,VIIRS,n,2.0NRT,304.26,17.72,D
-10.34596,26.73291,346.84,0.45,0.39,2026-10-01,1147,N,VIIRS,n,2.0NRT,303.95,11.15,D
-10.34412,29.79208,344.36,0.38,0.36,2026-10-01,1147,N,VIIRS,n,2.0NRT,305.56,2.14,D
-10.34358,29.79558,333.45,0.38,0.36,2026-10-01,1147,N,VIIRS,n,2.0NRT,302.72,2.14,D
-10.3408,29.79156,356.16,0.38,0.36,2026-10-01,1147,N,VIIRS,n,2.0NRT,301.04,16.04,D
-10.34027,29.79506,354.6,0.38,0.36,2026-10-01,1147,N,VIIRS,n,2.0NRT,307,16.04,D
-10.33973,29.79856,346.93,0.38,0.36,2026-10-01,1147,N,VIIRS,n,2.0NRT,304.59,4.27,D
-10.33919,29.80206,334.72,0.38,0.36,2026-10-01,1147,N,VIIRS,n,2.0NRT,306.82,4.27,D
-10.33866,29.80556,332.75,0.38,0.36,2026-10-01,1147,N,VIIRS,n,2.0NRT,306.92,11.89,D
-10.33812,29.80906,346.11,0.38,0.36,2026-10-01,1147,N,VIIRS,n,2.0NRT,310,11.89,D
-10.33588,29.80154,345.61,0.38,0.36,2026-10-01,1147,N,VIIRS,n,2.0NRT,306,4.27,D
-10.33534,29.80504,367,0.38,0.36,2026-10-01,1147,N,VIIRS,h,2.0NRT,310.82,11.89,D
-10.3348,29.80854,338.65,0.38,0.36,2026-10-01,1147,N,VIIRS,n,2.0NRT,306.49,11.89,D
-10.33319,32.2975,330.03,0.44,0.38,2026-10-01,1147,N,VIIRS,n,2.0NRT,294.23,2.57,D
-10.32033,32.62188,333.32,0.45,0.39,2026-10-01,1147,N,VIIRS,n,2.0NRT,294.47,5.01,D
-10.31985,32.40138,337.07,0.44,0.38,2026-10-01,1147,N,VIIRS,n,2.0NRT,299.51,4.11,D
-10.31919,32.40538,336.48,0.44,0.38,2026-10-01,1147,N,VIIRS,n,2.0NRT,299.77,10.17,D
-10.31854,32.40937,351.88,0.44,0.38,2026-10-01,1147,N,VIIRS,n,2.0NRT,298.67,10.17,D
-10.31838,26.20081,346.24,0.48,0.4,2026-10-01,1147,N,VIIRS,n,2.0NRT,305.64,25.83,D
-10.31788,32.41339,338.36,0.44,0.38,2026-10-01,1147,N,VIIRS,n,2.0NRT,294.38,4.52,D
-10.31632,32.40078,335.6,0.44,0.38,2026-10-01,1147,N,VIIRS,n,2.0NRT,299.45,4.11,D
-10.31436,32.41279,337.73,0.44,0.38,2026-10-01,1147,N,VIIRS,n,2.0NRT,293.67,4.52,D
-10.31345,32.39619,342.73,0.44,0.38,2026-10-01,1147,N,VIIRS,n,2.0NRT,299.67,4.78,D
-10.31279,32.40018,333.64,0.44,0.38,2026-10-01,1147,N,VIIRS,n,2.0NRT,299.59,4.78,D
-10.31214,32.40417,336.12,0.44,0.38,2026-10-01,1147,N,VIIRS,n,2.0NRT,300.31,6.59,D
-10.30854,23.20151,332.14,0.48,0.48,2026-10-01,1147,N,VIIRS,n,2.0NRT,284.15,3.56,D
-10.29994,32.65702,331.87,0.45,0.39,2026-10-01,1147,N,VIIRS,n,2.0NRT,298.21,6.72,D
-10.29297,26.43052,338.47,0.47,0.4,2026-10-01,1147,N,VIIRS,n,2.0NRT,300.58,11.77,D
-10.29056,26.42144,338.12,0.47,0.4,2026-10-01,1147,N,VIIRS,n,2.0NRT,301.4,14.44,D
-10.28934,26.42997,348.06,0.47,0.4,2026-10-01,1147,N,VIIRS,n,2.0NRT,305.26,11.77,D
-10.28631,26.42517,331.82,0.47,0.4,2026-10-01,1147,N,VIIRS,n,2.0NRT,303.9,11.77,D
-10.28569,26.42943,367,0.47,0.4,2026-10-01,1147,N,VIIRS,h,2.0NRT,306.35,21.7,D
-10.28205,26.42891,367,0.47,0.4,2026-10-01,1147,N,VIIRS,h,2.0NRT,306.42,21.7,D
-10.27499,32.56377,341.83,0.45,0.39,2026-10-01,1147,N,VIIRS,n,2.0NRT,297.8,3.07,D
-10.2729,32.56367,340.85,0.45,0.39,2026-10-01,1147,N,VIIRS,n,2.0NRT,304.71,5.14,D
-10.27115,31.6692,353.47,0.41,0.37,2026-10-01,1147,N,VIIRS,n,2.0NRT,306.07,25.43,D
-10.26492,32.45435,345.58,0.44,0.39,2026-10-01,1147,N,VIIRS,n,2.0NRT,298.3,6.15,D
-10.26485,25.97899,338.12,0.49,0.4,2026-10-01,1147,N,VIIRS,n,2.0NRT,299.43,7,D
-10.26203,32.44972,338.41,0.44,0.39,2026-10-01,1147,N,VIIRS,n,2.0NRT,293.39,7.96,D
-10.26176,29.11462,331.57,0.39,0.36,2026-10-01,1147,N,VIIRS,n,2.0NRT,299.18,3.43,D
-10.26138,32.45375,344.53,0.44,0.39,2026-10-01,1147,N,VIIRS,n,2.0NRT,297.84,6.9,D
-10.25931,29.19399,337.65,0.39,0.36,2026-10-01,1147,N,VIIRS,n,2.0NRT,301.3,6.34,D
-10.25849,32.44912,338.17,0.44,0.39,2026-10-01,1147,N,VIIRS,n,2.0NRT,295.19,7.96,D
-10.25604,26.58465,337.93,0.46,0.39,2026-10-01,1147,N,VIIRS,n,2.0NRT,306.43,4.16,D
-10.25495,32.44852,337.11,0.44,0.39,2026-10-01,1147,N,VIIRS,n,2.0NRT,294.78,3.28,D
-10.25243,26.58411,331.37,0.46,0.39,2026-10-01,1147,N,VIIRS,l,2.0NRT,303.67,4.16,D
-10.24696,32.73315,342.75,0.45,0.39,2026-10-01,1147,N,VIIRS,n,2.0NRT,302.41,8.23,D
-10.24577,32.73329,335.84,0.46,0.39,2026-10-01,1147,N,VIIRS,n,2.0NRT,301.54,5.55,D
-10.23882,32.61646,341.29,0.45,0.39,2026-10-01,1147,N,VIIRS,n,2.0NRT,302.8,6.58,D
-10.23629,29.21514,334.39,0.39,0.36,2026-10-01,1147,N,VIIRS,n,2.0NRT,296.68,1.99,D
-10.23526,32.61582,340.51,0.45,0.39,2026-10-01,1147,N,VIIRS,n,2.0NRT,300.31,4.46,D
-10.22701,22.90561,332.35,0.5,0.49,2026-10-01,1147,N,VIIRS,n,2.0NRT,292.02,3.85,D
-10.2255,27.75397,333.79,0.41,0.37,2026-10-01,1147,N,VIIRS,n,2.0NRT,298.4,3.73,D
-10.22287,29.19148,335.92,0.39,0.36,2026-10-01,1147,N,VIIRS,n,2.0NRT,298.78,6.84,D
-10.21944,32.60044,335.64,0.45,0.39,2026-10-01,1147,N,VIIRS,n,2.0NRT,299.34,5.47,D
-10.21668,22.91369,330.36,0.5,0.49,2026-10-01,1147,N,VIIRS,n,2.0NRT,290.49,3.31,D
-10.21654,32.59574,343.42,0.45,0.39,2026-10-01,1147,N,VIIRS,n,2.0NRT,298.58,9.38,D
-10.21609,25.26114,330.03,0.54,0.42,2026-10-01,1147,N,VIIRS,n,2.0NRT,293.86,9.93,D
-10.21541,25.26605,331.28,0.54,0.42,2026-10-01,1147,N,VIIRS,n,2.0NRT,290.46,11.61,D
-10.20871,29.61674,336.7,0.38,0.36,2026-10-01,1147,N,VIIRS,n,2.0NRT,298.17,4.88,D
-10.17346,25.8933,346.7,0.5,0.41,2026-10-01,1147,N,VIIRS,n,2.0NRT,294.96,16.45,D
-10.17091,32.07353,339.05,0.43,0.38,2026-10-01,1147,N,VIIRS,n,2.0NRT,292.58,4.28,D
-10.16899,24.76315,331.75,0.38,0.43,2026-10-01,1147,N,VIIRS,n,2.0NRT,297.3,3.8,D
-10.16498,24.76257,338.84,0.38,0.43,2026-10-01,1147,N,VIIRS,n,2.0NRT,297.93,5.82,D
-10.15672,28.59634,332.79,0.39,0.36,2026-10-01,1147,N,VIIRS,n,2.0NRT,293.72,4.62,D
-10.15608,32.61595,330.19,0.45,0.39,2026-10-01,1147,N,VIIRS,n,2.0NRT,299.04,2.69,D
-10.15001,28.59532,332.56,0.39,0.36,2026-10-01,1147,N,VIIRS,n,2.0NRT,293.64,3.78,D
-10.14829,32.45969,344.38,0.44,0.39,2026-10-01,1147,N,VIIRS,n,2.0NRT,300.07,16.3,D
-10.12851,33.48739,334.58,0.5,0.41,2026-10-01,1147,N,VIIRS,n,2.0NRT,303.64,4.27,D
-10.12099,33.41253,348.14,0.49,0.4,2026-10-01,1147,N,VIIRS,n,2.0NRT,308.61,10.56,D
-10.11652,33.41652,331.87,0.49,0.41,2026-10-01,1147,N,VIIRS,l,2.0NRT,304.29,10.56,D
-10.11613,32.00863,336.69,0.43,0.38,2026-10-01,1147,N,VIIRS,n,2.0NRT,292.84,9.35,D
-10.11551,32.01251,338.06,0.43,0.38,2026-10-01,1147,N,VIIRS,n,2.0NRT,302.1,9.35,D
-10.11203,32.01194,339.96,0.43,0.38,2026-10-01,1147,N,VIIRS,n,2.0NRT,299.54,9.35,D
-10.10055,29.90357,367,0.38,0.36,2026-10-01,1147,N,VIIRS,h,2.0NRT,307.92,13.82,D
-10.08612,29.88698,336.52,0.38,0.36,2026-10-01,1147,N,VIIRS,n,2.0NRT,302.67,4.36,D
-10.08558,29.29522,335.41,0.39,0.36,2026-10-01,1147,N,VIIRS,n,2.0NRT,305.34,1.22,D
-10.08558,29.89048,340.93,0.38,0.36,2026-10-01,1147,N,VIIRS,n,2.0NRT,307.55,4.36,D
-10.0738,33.72543,341.41,0.51,0.41,2026-10-01,1147,N,VIIRS,n,2.0NRT,303.77,3.06,D
-10.06738,29.89837,331.63,0.38,0.36,2026-10-01,1147,N,VIIRS,n,2.0NRT,300.34,2.62,D
-10.067,30.09926,343.95,0.39,0.36,2026-10-01,1147,N,VIIRS,n,2.0NRT,303.15,3.4,D
-10.06684,29.90187,337.15,0.38,0.36,2026-10-01,1147,N,VIIRS,n,2.0NRT,299.44,2.62,D
-10.06421,28.04425,347.67,0.4,0.37,2026-10-01,1147,N,VIIRS,n,2.0NRT,296.32,6.51,D
-10.06367,28.04791,348.75,0.4,0.37,2026-10-01,1147,N,VIIRS,n,2.0NRT,299.74,6.51,D
-10.06081,28.04373,343.69,0.4,0.37,2026-10-01,1147,N,VIIRS,n,2.0NRT,297.42,6.51,D
-10.05238,27.02266,332.8,0.44,0.38,2026-10-01,1147,N,VIIRS,n,2.0NRT,297.23,4.66,D
-10.05062,29.36873,347.03,0.38,0.36,2026-10-01,1147,N,VIIRS,n,2.0NRT,306.17,6.35,D
-10.04543,28.33231,353.16,0.4,0.37,2026-10-01,1147,N,VIIRS,n,2.0NRT,293.53,6.61,D
-10.03869,30.54648,340.86,0.39,0.36,2026-10-01,1147,N,VIIRS,n,2.0NRT,300.78,11.63,D
-10.03208,31.63383,352.19,0.41,0.37,2026-10-01,1147,N,VIIRS,n,2.0NRT,290.58,4.97,D
-10.03148,31.63761,339.86,0.41,0.37,2026-10-01,1147,N,VIIRS,n,2.0NRT,286.24,4.97,D
-10.02977,29.39414,344.07,0.38,0.36,2026-10-01,1147,N,VIIRS,n,2.0NRT,306.31,7.45,D
-10.02924,29.39764,357.19,0.38,0.36,2026-10-01,1147,N,VIIRS,n,2.0NRT,308.09,22.87,D
-10.01665,32.33584,342.29,0.44,0.38,2026-10-01,1147,N,VIIRS,n,2.0NRT,305.18,10.59,D
-10.0098,30.0786,345.44,0.39,0.36,2026-10-01,1147,N,VIIRS,n,2.0NRT,302.71,24.56,D
-10.00342,32.23956,342.9,0.44,0.38,2026-10-01,1147,N,VIIRS,n,2.0NRT,306.03,5.92,D
-10.00206,29.31041,337.53,0.38,0.36,2026-10-01,1147,N,VIIRS,l,2.0NRT,309.12,3.65,D
-10.00152,29.31392,336.01,0.38,0.36,2026-10-01,1147,N,VIIRS,n,2.0NRT,305.15,2.86,D
-9.99991,32.23896,334.23,0.44,0.38,2026-10-01,1147,N,VIIRS,l,2.0NRT,304.96,3.45,D
-9.99835,31.1226,336.72,0.4,0.37,2026-10-01,1147,N,VIIRS,n,2.0NRT,281.5,1.21,D
-9.99406,31.56986,348.17,0.41,0.37,2026-10-01,1147,N,VIIRS,n,2.0NRT,301.1,11.86,D
-9.99288,31.65842,338.79,0.42,0.37,2026-10-01,1147,N,VIIRS,n,2.0NRT,298.94,5.83,D
-9.98426,26.27509,343.58,0.47,0.4,2026-10-01,1147,N,VIIRS,n,2.0NRT,299.62,16.02,D
-9.98365,26.27937,334.41,0.47,0.4,2026-10-01,1147,N,VIIRS,n,2.0NRT,297.28,16.02,D
-9.97811,26.1607,344.58,0.48,0.4,2026-10-01,1147,N,VIIRS,n,2.0NRT,302.07,22.46,D
-9.97443,26.16016,355.61,0.48,0.4,2026-10-01,1147,N,VIIRS,n,2.0NRT,300.59,22.46,D
-9.97383,26.16439,337,0.48,0.4,2026-10-01,1147,N,VIIRS,l,2.0NRT,298,22.46,D
-9.96961,26.32528,335.23,0.47,0.4,2026-10-01,1147,N,VIIRS,l,2.0NRT,300.21,14.28,D
-9.96812,33.12897,341.43,0.48,0.4,2026-10-01,1147,N,VIIRS,n,2.0NRT,306.66,3.3,D
-9.96641,30.00718,343.35,0.39,0.36,2026-10-01,1147,N,VIIRS,n,2.0NRT,300.24,10.22,D
-9.96566,33.12932,332.4,0.48,0.4,2026-10-01,1147,N,VIIRS,l,2.0NRT,306.97,5.23,D
-9.96531,29.46235,347.68,0.38,0.36,2026-10-01,1147,N,VIIRS,n,2.0NRT,310.49,5.23,D
-9.96373,33.13264,334.5,0.48,0.4,2026-10-01,1147,N,VIIRS,l,2.0NRT,307.21,3.3,D
-9.962,29.46183,334.95,0.38,0.36,2026-10-01,1147,N,VIIRS,l,2.0NRT,305.45,5.23,D
-9.95761,33.13239,333.14,0.48,0.4,2026-10-01,1147,N,VIIRS,l,2.0NRT,307.02,1.83,D
-9.95754,31.08962,339.17,0.4,0.37,2026-10-01,1147,N,VIIRS,n,2.0NRT,293.21,14.18,D
-9.95712,32.48396,337.04,0.45,0.39,2026-10-01,1147,N,VIIRS,l,2.0NRT,307.1,3.93,D
-9.95134,29.24159,347.56,0.39,0.36,2026-10-01,1147,N,VIIRS,n,2.0NRT,301.74,10.39,D
-9.94772,30.04014,340.53,0.39,0.36,2026-10-01,1147,N,VIIRS,n,2.0NRT,299.3,33.28,D
-9.94681,33.69595,335.08,0.51,0.41,2026-10-01,1147,N,VIIRS,l,2.0NRT,305.12,1.61,D
-9.93992,33.12513,337.33,0.48,0.4,2026-10-01,1147,N,VIIRS,n,2.0NRT,305.8,4.42,D
-9.93759,29.44372,349.4,0.38,0.36,2026-10-01,1147,N,VIIRS,n,2.0NRT,305.24,3.58,D
-9.93586,22.99192,355.56,0.49,0.49,2026-10-01,1147,N,VIIRS,n,2.0NRT,302.01,39.6,D
-9.93135,22.99139,342.89,0.49,0.49,2026-10-01,1147,N,VIIRS,n,2.0NRT,298.68,7.39,D
-9.93012,23.00037,336.83,0.49,0.49,2026-10-01,1147,N,VIIRS,n,2.0NRT,299.87,12.52,D
-9.92951,23.00484,350.42,0.49,0.49,2026-10-01,1147,N,VIIRS,n,2.0NRT,302.3,12.52,D
-9.92889,23.00932,344.25,0.49,0.49,2026-10-01,1147,N,VIIRS,n,2.0NRT,300.26,11.92,D
-9.92384,33.27054,336.99,0.49,0.4,2026-10-01,1147,N,VIIRS,l,2.0NRT,308.19,2.62,D
-9.9236,31.926,337.55,0.42,0.38,2026-10-01,1147,N,VIIRS,n,2.0NRT,299.63,5.25,D
-9.91839,28.43437,349.01,0.39,0.37,2026-10-01,1147,N,VIIRS,n,2.0NRT,302.47,54.05,D
-9.91822,32.75666,350.67,0.46,0.39,2026-10-01,1147,N,VIIRS,n,2.0NRT,305.61,5.4,D
-9.91785,28.43797,334.57,0.39,0.37,2026-10-01,1147,N,VIIRS,n,2.0NRT,297.48,21.22,D
-9.91711,32.75707,350.74,0.46,0.39,2026-10-01,1147,N,VIIRS,n,2.0NRT,308.39,8.11,D
-9.91531,32.75188,336.94,0.46,0.39,2026-10-01,1147,N,VIIRS,n,2.0NRT,301.06,8.36,D
-9.91461,32.75608,367,0.46,0.39,2026-10-01,1147,N,VIIRS,h,2.0NRT,305.3,8.36,D
-9.91449,28.43745,339.45,0.39,0.37,2026-10-01,1147,N,VIIRS,n,2.0NRT,296.74,21.22,D
-9.91418,32.75229,341.96,0.46,0.39,2026-10-01,1147,N,VIIRS,n,2.0NRT,301.07,8.11,D
-9.9135,32.75649,338.76,0.46,0.39,2026-10-01,1147,N,VIIRS,n,2.0NRT,298.88,8.11,D
-9.90259,31.17443,346.92,0.4,0.37,2026-10-01,1147,N,VIIRS,n,2.0NRT,299.68,7.78,D
-9.90214,33.68325,349.57,0.51,0.41,2026-10-01,1147,N,VIIRS,n,2.0NRT,304.13,11.82,D
-9.89895,32.96264,339.57,0.47,0.4,2026-10-01,1147,N,VIIRS,n,2.0NRT,308.03,5.71,D
-9.89579,31.92148,348.61,0.42,0.38,2026-10-01,1147,N,VIIRS,n,2.0NRT,307.5,49.92,D
-9.89461,32.73592,337.02,0.46,0.39,2026-10-01,1147,N,VIIRS,n,2.0NRT,306.36,4.96,D
-9.89294,31.91705,335.53,0.42,0.38,2026-10-01,1147,N,VIIRS,n,2.0NRT,293.23,6.38,D
-9.89232,31.92092,337.86,0.42,0.38,2026-10-01,1147,N,VIIRS,n,2.0NRT,297.01,6.38,D
-9.89169,32.73107,336.21,0.46,0.39,2026-10-01,1147,N,VIIRS,l,2.0NRT,306.81,2.18,D
-9.87751,28.61493,332.48,0.39,0.36,2026-10-01,1147,N,VIIRS,n,2.0NRT,299.68,3.98,D
-9.87673,32.91575,340.15,0.47,0.4,2026-10-01,1147,N,VIIRS,n,2.0NRT,304.04,4.88,D
-9.87604,32.92002,344.7,0.47,0.4,2026-10-01,1147,N,VIIRS,n,2.0NRT,305.8,5.44,D
-9.8759,31.43169,339.58,0.41,0.37,2026-10-01,1147,N,VIIRS,n,2.0NRT,299.94,4.55,D
-9.85216,32.44231,336.5,0.45,0.39,2026-10-01,1147,N,VIIRS,n,2.0NRT,305.25,7.49,D
-9.85151,32.44637,348.61,0.45,0.39,2026-10-01,1147,N,VIIRS,n,2.0NRT,302.06,11,D
-9.84775,32.72824,345.76,0.46,0.39,2026-10-01,1147,N,VIIRS,n,2.0NRT,310.04,12.76,D
-9.84222,32.96707,335.67,0.47,0.4,2026-10-01,1147,N,VIIRS,l,2.0NRT,306.89,3,D
-9.84151,32.9714,339.15,0.47,0.4,2026-10-01,1147,N,VIIRS,l,2.0NRT,309.35,3,D
-9.84081,32.97573,337.61,0.47,0.4,2026-10-01,1147,N,VIIRS,l,2.0NRT,308.4,3.78,D
-9.83868,26.5139,330.94,0.46,0.39,2026-10-01,1147,N,VIIRS,l,2.0NRT,291.08,6.02,D
-9.83463,27.80614,341.94,0.41,0.37,2026-10-01,1147,N,VIIRS,n,2.0NRT,298.78,8.94,D
-9.83381,27.76406,344.22,0.41,0.37,2026-10-01,1147,N,VIIRS,n,2.0NRT,292.47,17.74,D
-9.83014,22.63663,355.81,0.52,0.5,2026-10-01,1147,N,VIIRS,n,2.0NRT,297.17,10.39,D
-9.8295,22.64137,352.85,0.52,0.5,2026-10-01,1147,N,VIIRS,n,2.0NRT,298.65,12.21,D
-9.82935,29.51251,348.58,0.38,0.36,2026-10-01,1147,N,VIIRS,n,2.0NRT,301.25,5.38,D
-9.82887,22.64614,367,0.52,0.5,2026-10-01,1147,N,VIIRS,h,2.0NRT,299.52,12.21,D
-9.82858,29.80563,344.18,0.38,0.36,2026-10-01,1147,N,VIIRS,n,2.0NRT,300.69,6.85,D
-9.82657,33.17892,346.46,0.48,0.4,2026-10-01,1147,N,VIIRS,n,2.0NRT,311.36,3.89,D
-9.82586,33.18329,343.19,0.48,0.4,2026-10-01,1147,N,VIIRS,n,2.0NRT,310.77,3.89,D
-9.82489,22.64081,337.32,0.52,0.5,2026-10-01,1147,N,VIIRS,n,2.0NRT,301.83,10.93,D
-9.82363,22.65031,333.35,0.52,0.5,2026-10-01,1147,N,VIIRS,n,2.0NRT,301.83,9.47,D
-9.82217,33.18267,339.15,0.48,0.4,2026-10-01,1147,N,VIIRS,n,2.0NRT,306.91,3.89,D
-9.81978,32.85324,348.96,0.47,0.39,2026-10-01,1147,N,VIIRS,n,2.0NRT,309.72,29.94,D
-9.81908,32.85748,367,0.47,0.39,2026-10-01,1147,N,VIIRS,h,2.0NRT,310.78,10.88,D
-9.81838,32.86172,344.53,0.47,0.39,2026-10-01,1147,N,VIIRS,n,2.0NRT,309.04,10.88,D
-9.81614,32.85268,346.02,0.47,0.39,2026-10-01,1147,N,VIIRS,n,2.0NRT,313.11,29.94,D
-9.81544,32.85693,349.32,0.47,0.39,2026-10-01,1147,N,VIIRS,n,2.0NRT,311,10.88,D
-9.81474,32.86117,341.34,0.47,0.39,2026-10-01,1147,N,VIIRS,n,2.0NRT,309.3,10.88,D
-9.81111,32.8606,348.39,0.47,0.39,2026-10-01,1147,N,VIIRS,n,2.0NRT,309.78,9.25,D
-9.80771,33.46341,336.51,0.5,0.41,2026-10-01,1147,N,VIIRS,l,2.0NRT,307.68,3.06,D
-9.79495,32.84581,336.64,0.47,0.39,2026-10-01,1147,N,VIIRS,l,2.0NRT,308.17,2.2,D
-9.78395,32.91436,336.51,0.47,0.4,2026-10-01,1147,N,VIIRS,n,2.0NRT,304.53,5.88,D
-9.78326,32.91868,333.75,0.47,0.4,2026-10-01,1147,N,VIIRS,l,2.0NRT,307.47,5.88,D
-9.78302,32.91738,341.39,0.47,0.4,2026-10-01,1147,N,VIIRS,n,2.0NRT,306.59,6.63,D
-9.7823,32.9217,332.89,0.47,0.4,2026-10-01,1147,N,VIIRS,l,2.0NRT,307.38,3.06,D
-9.7794,32.91668,338.37,0.47,0.4,2026-10-01,1147,N,VIIRS,n,2.0NRT,304.39,4.92,D
-9.76682,32.85854,346.78,0.47,0.39,2026-10-01,1147,N,VIIRS,n,2.0NRT,307.45,5.18,D
-9.76319,32.85795,342.45,0.47,0.39,2026-10-01,1147,N,VIIRS,n,2.0NRT,307.55,4.13,D
-9.75995,30.05288,335.85,0.39,0.36,2026-10-01,1147,N,VIIRS,n,2.0NRT,283.78,3.57,D
-9.75667,33.06067,334.21,0.48,0.4,2026-10-01,1147,N,VIIRS,l,2.0NRT,307.7,1.8,D
-9.74918,32.92123,339.51,0.47,0.4,2026-10-01,1147,N,VIIRS,n,2.0NRT,307.07,3.37,D
-9.73016,29.69667,345.27,0.38,0.36,2026-10-01,1147,N,VIIRS,n,2.0NRT,311.7,40.33,D
-9.73014,33.03838,334.01,0.48,0.4,2026-10-01,1147,N,VIIRS,l,2.0NRT,307.62,1.87,D
-9.72768,32.98428,339.46,0.47,0.4,2026-10-01,1147,N,VIIRS,n,2.0NRT,307.77,9.78,D
-9.72649,33.0377,340.68,0.48,0.4,2026-10-01,1147,N,VIIRS,n,2.0NRT,305.84,2.01,D
-9.72485,32.77363,347.66,0.46,0.39,2026-10-01,1147,N,VIIRS,n,2.0NRT,307.01,6.73,D
-9.72402,32.98366,345.01,0.47,0.4,2026-10-01,1147,N,VIIRS,n,2.0NRT,306.97,9.78,D
-9.71454,33.79221,336.46,0.52,0.42,2026-10-01,1147,N,VIIRS,n,2.0NRT,303.25,6.04,D
-9.70175,32.77851,336.96,0.46,0.39,2026-10-01,1147,N,VIIRS,n,2.0NRT,306.28,3.71,D
-9.69616,31.11038,336.38,0.4,0.37,2026-10-01,1147,N,VIIRS,n,2.0NRT,297.62,8.31,D
-9.69558,31.11403,332.56,0.4,0.37,2026-10-01,1147,N,VIIRS,n,2.0NRT,297.99,5.37,D
-9.69217,32.7648,337.24,0.46,0.39,2026-10-01,1147,N,VIIRS,n,2.0NRT,305.71,3.47,D
-9.69162,31.11715,337.8,0.4,0.37,2026-10-01,1147,N,VIIRS,n,2.0NRT,298.92,5.37,D
-9.69149,32.76902,338.35,0.46,0.39,2026-10-01,1147,N,VIIRS,n,2.0NRT,307.17,6.54,D
-9.68782,29.26725,344.72,0.38,0.36,2026-10-01,1147,N,VIIRS,n,2.0NRT,301.67,5.24,D
-9.681,32.99395,337.71,0.47,0.4,2026-10-01,1147,N,VIIRS,n,2.0NRT,306.52,3.22,D
-9.67914,31.13019,337.16,0.4,0.37,2026-10-01,1147,N,VIIRS,n,2.0NRT,299.46,4.03,D
-9.67324,29.13967,337.65,0.39,0.36,2026-10-01,1147,N,VIIRS,n,2.0NRT,302.29,2.63,D
-9.6649,32.63576,337.84,0.46,0.39,2026-10-01,1147,N,VIIRS,n,2.0NRT,305.79,2.33,D
-9.65863,33.10598,343.31,0.48,0.4,2026-10-01,1147,N,VIIRS,n,2.0NRT,310.76,27.25,D
-9.65579,33.19151,342.28,0.49,0.4,2026-10-01,1147,N,VIIRS,n,2.0NRT,304.73,3.25,D
-9.65141,32.80999,335.44,0.47,0.39,2026-10-01,1147,N,VIIRS,l,2.0NRT,308.35,3.42,D
-9.64478,31.10586,341.43,0.4,0.37,2026-10-01,1147,N,VIIRS,n,2.0NRT,301.82,6.91,D
-9.6414,31.10532,347.71,0.4,0.37,2026-10-01,1147,N,VIIRS,n,2.0NRT,303.59,9.38,D
-9.63214,23.31607,337.83,0.46,0.47,2026-10-01,1147,N,VIIRS,n,2.0NRT,295.73,5.49,D
-9.62085,33.68214,337.32,0.52,0.41,2026-10-01,1147,N,VIIRS,n,2.0NRT,303.11,3.6,D
-9.62083,33.13721,337.26,0.48,0.4,2026-10-01,1147,N,VIIRS,n,2.0NRT,306.8,4.57,D
-9.61769,29.37088,340.21,0.38,0.36,2026-10-01,1147,N,VIIRS,n,2.0NRT,306.36,21.3,D
-9.61732,29.217,334.15,0.38,0.36,2026-10-01,1147,N,VIIRS,n,2.0NRT,301.91,2.26,D
-9.61449,25.63051,338.26,0.5,0.41,2026-10-01,1147,N,VIIRS,n,2.0NRT,301.39,13.41,D
-9.613,33.04591,342.18,0.48,0.4,2026-10-01,1147,N,VIIRS,n,2.0NRT,310.23,2.65,D
-9.61091,31.99063,342.83,0.43,0.38,2026-10-01,1147,N,VIIRS,n,2.0NRT,305.42,18.36,D
-9.60083,28.96994,336.94,0.39,0.36,2026-10-01,1147,N,VIIRS,n,2.0NRT,295.83,3.32,D
-9.60022,32.98592,339.86,0.48,0.4,2026-10-01,1147,N,VIIRS,l,2.0NRT,312.68,5.49,D
-9.59394,29.37077,330.85,0.38,0.36,2026-10-01,1147,N,VIIRS,l,2.0NRT,302.92,2.6,D
-9.5893,29.33431,334.69,0.38,0.36,2026-10-01,1147,N,VIIRS,n,2.0NRT,301.84,2.98,D
-9.58505,29.29731,333.12,0.38,0.36,2026-10-01,1147,N,VIIRS,n,2.0NRT,299.35,4.38,D
-9.58455,31.52626,345.47,0.41,0.37,2026-10-01,1147,N,VIIRS,n,2.0NRT,308.22,22.65,D
-9.5812,29.30029,335.29,0.38,0.36,2026-10-01,1147,N,VIIRS,n,2.0NRT,301.54,4.38,D
-9.58094,31.54872,340.26,0.41,0.37,2026-10-01,1147,N,VIIRS,n,2.0NRT,302.9,4.37,D
-9.58024,31.05046,335.24,0.4,0.37,2026-10-01,1147,N,VIIRS,n,2.0NRT,298.23,2.68,D
-9.57002,32.01628,339.79,0.43,0.38,2026-10-01,1147,N,VIIRS,n,2.0NRT,298.85,5.74,D
-9.56775,31.85165,338.24,0.43,0.38,2026-10-01,1147,N,VIIRS,n,2.0NRT,304.26,7.98,D
-9.56232,27.97198,330.02,0.4,0.37,2026-10-01,1147,N,VIIRS,n,2.0NRT,298.5,2.58,D
-9.56096,28.05031,341.16,0.4,0.37,2026-10-01,1147,N,VIIRS,n,2.0NRT,299.46,14.79,D
-9.55821,31.05812,351,0.4,0.37,2026-10-01,1147,N,VIIRS,n,2.0NRT,292.6,9.66,D
-9.55763,31.06178,341.85,0.4,0.37,2026-10-01,1147,N,VIIRS,n,2.0NRT,296.76,5.7,D
-9.55324,31.48652,333.31,0.41,0.37,2026-10-01,1147,N,VIIRS,n,2.0NRT,303.16,3.48,D
-9.5426,28.10345,332.06,0.4,0.37,2026-10-01,1147,N,VIIRS,n,2.0NRT,296.98,4.07,D
-9.54206,28.10709,332.69,0.4,0.37,2026-10-01,1147,N,VIIRS,n,2.0NRT,296.86,3.71,D
-9.53639,28.09878,334.68,0.4,0.37,2026-10-01,1147,N,VIIRS,n,2.0NRT,300.77,7.36,D
-9.53301,28.09827,334.06,0.4,0.37,2026-10-01,1147,N,VIIRS,n,2.0NRT,298.93,7.36,D
-9.53246,28.10192,334.31,0.4,0.37,2026-10-01,1147,N,VIIRS,n,2.0NRT,300.15,7.36,D
-9.51561,32.06401,337.44,0.43,0.38,2026-10-01,1147,N,VIIRS,n,2.0NRT,306.09,6.89,D
-9.50762,31.10984,339.48,0.4,0.37,2026-10-01,1147,N,VIIRS,n,2.0NRT,307.69,3.96,D
-9.50532,32.97458,336.24,0.48,0.4,2026-10-01,1147,N,VIIRS,l,2.0NRT,306.29,4.91,D
-9.5048,31.10563,339.96,0.4,0.37,2026-10-01,1147,N,VIIRS,n,2.0NRT,308.22,3.96,D
-9.50453,31.97729,352.45,0.43,0.38,2026-10-01,1147,N,VIIRS,n,2.0NRT,312.82,29.21,D
-9.50423,31.10931,347.62,0.4,0.37,2026-10-01,1147,N,VIIRS,n,2.0NRT,306.09,3.96,D
-9.49992,31.6447,348.23,0.42,0.38,2026-10-01,1147,N,VIIRS,n,2.0NRT,307.71,20.07,D
-9.48914,27.92722,331.3,0.4,0.37,2026-10-01,1147,N,VIIRS,l,2.0NRT,302.89,2.94,D
-9.48655,31.97492,351.18,0.43,0.38,2026-10-01,1147,N,VIIRS,n,2.0NRT,309.59,20.23,D
-9.48593,31.97885,337.1,0.43,0.38,2026-10-01,1147,N,VIIRS,l,2.0NRT,308.49,7.22,D
-9.48105,31.62987,346.83,0.42,0.38,2026-10-01,1147,N,VIIRS,n,2.0NRT,310.69,14.76,D
-9.47761,31.62929,347.53,0.42,0.38,2026-10-01,1147,N,VIIRS,n,2.0NRT,306.84,12.61,D
-9.47456,31.89278,336.51,0.43,0.38,2026-10-01,1147,N,VIIRS,n,2.0NRT,301.63,2.75,D
-9.4717,31.88831,293.14,0.43,0.38,2026-10-01,1147,N,VIIRS,l,2.0NRT,316.46,34.65,D
-9.47108,31.89223,350.87,0.43,0.38,2026-10-01,1147,N,VIIRS,n,2.0NRT,313.07,34.65,D
-9.47045,31.89615,349.59,0.43,0.38,2026-10-01,1147,N,VIIRS,n,2.0NRT,305.57,8.31,D
-9.46852,32.62546,336.57,0.46,0.39,2026-10-01,1147,N,VIIRS,n,2.0NRT,306.42,5.12,D
-9.46822,31.88776,338.62,0.43,0.38,2026-10-01,1147,N,VIIRS,n,2.0NRT,298.52,34.65,D
-9.46772,33.62197,335.69,0.52,0.41,2026-10-01,1147,N,VIIRS,n,2.0NRT,299.41,2.96,D
-9.46759,31.89168,346.02,0.43,0.38,2026-10-01,1147,N,VIIRS,n,2.0NRT,304.48,34.65,D
-9.46382,31.62701,348.59,0.42,0.38,2026-10-01,1147,N,VIIRS,n,2.0NRT,308.96,10.7,D
-9.46141,33.56687,330.8,0.51,0.41,2026-10-01,1147,N,VIIRS,n,2.0NRT,297.83,8.67,D
-9.4592,33.56279,345.65,0.51,0.41,2026-10-01,1147,N,VIIRS,n,2.0NRT,296.62,10.78,D
-9.45875,33.76888,332.66,0.52,0.42,2026-10-01,1147,N,VIIRS,n,2.0NRT,300.12,3.57,D
-9.45285,31.96136,338.67,0.43,0.38,2026-10-01,1147,N,VIIRS,n,2.0NRT,308.07,6.19,D
-9.45281,32.93093,336.33,0.47,0.4,2026-10-01,1147,N,VIIRS,n,2.0NRT,302.03,4.02,D
-9.45103,32.01752,341.1,0.43,0.38,2026-10-01,1147,N,VIIRS,n,2.0NRT,309.57,10.5,D
-9.44579,33.65906,339.96,0.52,0.41,2026-10-01,1147,N,VIIRS,n,2.0NRT,302.65,8.36,D
-9.44423,33.65512,332.43,0.52,0.41,2026-10-01,1147,N,VIIRS,l,2.0NRT,304.91,8.05,D
-9.43912,31.89085,338.54,0.43,0.38,2026-10-01,1147,N,VIIRS,l,2.0NRT,308.6,4.57,D
-9.43851,25.1807,339.57,0.53,0.42,2026-10-01,1147,N,VIIRS,n,2.0NRT,298.68,6.9,D
-9.43816,25.17772,334.32,0.53,0.42,2026-10-01,1147,N,VIIRS,l,2.0NRT,295.62,5.75,D
-9.43741,33.66228,339.74,0.52,0.41,2026-10-01,1147,N,VIIRS,n,2.0NRT,301.62,3.9,D
-9.43509,33.66316,345.38,0.52,0.41,2026-10-01,1147,N,VIIRS,n,2.0NRT,302.23,4.68,D
-9.4336,33.66159,336.25,0.52,0.41,2026-10-01,1147,N,VIIRS,n,2.0NRT,302.17,3.9,D
-9.43128,33.66248,334.83,0.52,0.41,2026-10-01,1147,N,VIIRS,n,2.0NRT,302.11,3.38,D
-9.42476,33.16434,336.72,0.49,0.4,2026-10-01,1147,N,VIIRS,n,2.0NRT,306.53,1.74,D
-9.42231,31.88421,349.28,0.43,0.38,2026-10-01,1147,N,VIIRS,n,2.0NRT,306.76,32.52,D
-9.41921,25.19968,344,0.53,0.42,2026-10-01,1147,N,VIIRS,n,2.0NRT,299.73,42.95,D
-9.41883,31.88365,341.12,0.43,0.38,2026-10-01,1147,N,VIIRS,n,2.0NRT,312.27,32.52,D
-9.41852,25.20449,341.69,0.53,0.42,2026-10-01,1147,N,VIIRS,l,2.0NRT,302.39,42.95,D
-9.41713,25.21417,334.62,0.53,0.42,2026-10-01,1147,N,VIIRS,l,2.0NRT,305.15,80.13,D
-9.41534,25.19917,330.22,0.53,0.42,2026-10-01,1147,N,VIIRS,l,2.0NRT,303.95,113.44,D
-9.41327,25.21361,346.24,0.53,0.42,2026-10-01,1147,N,VIIRS,n,2.0NRT,297.26,87.16,D
-9.41079,25.20345,345.49,0.53,0.42,2026-10-01,1147,N,VIIRS,n,2.0NRT,297.31,113.44,D
-9.4101,25.20827,335.45,0.53,0.42,2026-10-01,1147,N,VIIRS,l,2.0NRT,297.16,87.16,D
-9.40683,31.86169,343.26,0.43,0.38,2026-10-01,1147,N,VIIRS,n,2.0NRT,306.01,10.63,D
-9.39475,31.84774,335.06,0.43,0.38,2026-10-01,1147,N,VIIRS,n,2.0NRT,304.58,4.68,D
-9.3747,31.81681,350.75,0.43,0.38,2026-10-01,1147,N,VIIRS,n,2.0NRT,306.8,22.53,D
-9.37418,25.1837,341.78,0.53,0.42,2026-10-01,1147,N,VIIRS,n,2.0NRT,297.81,12.51,D
-9.37241,31.37201,352.25,0.41,0.37,2026-10-01,1147,N,VIIRS,n,2.0NRT,304.61,6.42,D
-9.37122,31.81627,349.71,0.43,0.38,2026-10-01,1147,N,VIIRS,n,2.0NRT,308.49,22.53,D
-9.3706,31.82013,346.53,0.43,0.38,2026-10-01,1147,N,VIIRS,n,2.0NRT,313.39,22.53,D
-9.36898,31.37148,330.67,0.41,0.37,2026-10-01,1147,N,VIIRS,n,2.0NRT,299.63,6.42,D
-9.35172,25.91298,346.75,0.48,0.4,2026-10-01,1147,N,VIIRS,n,2.0NRT,299.58,25.88,D
-9.34572,32.02059,337.53,0.43,0.38,2026-10-01,1147,N,VIIRS,l,2.0NRT,308.97,8.19,D
-9.34461,33.01668,347.37,0.48,0.4,2026-10-01,1147,N,VIIRS,n,2.0NRT,309.01,5.96,D
-9.34249,31.99583,348.24,0.43,0.38,2026-10-01,1147,N,VIIRS,n,2.0NRT,308.42,79.36,D
-9.34189,33.54585,333.36,0.51,0.41,2026-10-01,1147,N,VIIRS,n,2.0NRT,300.91,2.43,D
-9.31839,33.74994,340.25,0.53,0.42,2026-10-01,1147,N,VIIRS,n,2.0NRT,297.61,6.12,D
-9.31703,33.74657,330.85,0.53,0.42,2026-10-01,1147,N,VIIRS,n,2.0NRT,297.66,4,D
-9.31621,33.75155,330.83,0.53,0.42,2026-10-01,1147,N,VIIRS,n,2.0NRT,296.04,3.18,D
-9.31218,31.89446,344.71,0.43,0.38,2026-10-01,1147,N,VIIRS,n,2.0NRT,310,4.38,D
-9.31084,33.0484,338.89,0.48,0.4,2026-10-01,1147,N,VIIRS,n,2.0NRT,308.8,3.43,D
-9.30114,30.71555,344.43,0.4,0.37,2026-10-01,1147,N,VIIRS,n,2.0NRT,293.88,17.3,D
-9.29346,31.22961,336.31,0.41,0.37,2026-10-01,1147,N,VIIRS,n,2.0NRT,299.31,5.48,D
-9.29334,31.22936,336.41,0.41,0.37,2026-10-01,1147,N,VIIRS,n,2.0NRT,299.25,7.04,D
-9.28859,31.85852,342.25,0.43,0.38,2026-10-01,1147,N,VIIRS,n,2.0NRT,309.93,6.33,D
-9.28059,33.02498,338.21,0.48,0.4,2026-10-01,1147,N,VIIRS,n,2.0NRT,305.54,6.12,D
-9.26921,32.54239,338.72,0.46,0.39,2026-10-01,1147,N,VIIRS,l,2.0NRT,309.91,9.75,D
-9.25396,31.71792,338.18,0.42,0.38,2026-10-01,1147,N,VIIRS,l,2.0NRT,309.61,5.71,D
-9.25354,31.52209,342.75,0.42,0.37,2026-10-01,1147,N,VIIRS,n,2.0NRT,303.28,5.92,D
-9.24304,31.65326,350.18,0.42,0.38,2026-10-01,1147,N,VIIRS,n,2.0NRT,307.49,17.48,D
-9.23994,31.67245,336.89,0.42,0.38,2026-10-01,1147,N,VIIRS,l,2.0NRT,309.63,4.67,D
-9.23723,33.40675,336.99,0.51,0.41,2026-10-01,1147,N,VIIRS,n,2.0NRT,304.12,5.91,D
-9.23438,32.57499,338.82,0.46,0.39,2026-10-01,1147,N,VIIRS,l,2.0NRT,312.54,5.7,D
-9.22965,32.78736,340.08,0.47,0.4,2026-10-01,1147,N,VIIRS,n,2.0NRT,308.64,15.27,D
-9.21635,32.5722,340.82,0.46,0.39,2026-10-01,1147,N,VIIRS,n,2.0NRT,309.83,3.97,D
-9.21089,32.60554,335.23,0.46,0.39,2026-10-01,1147,N,VIIRS,l,2.0NRT,306.8,2.24,D
-9.20727,32.605,338.7,0.46,0.39,2026-10-01,1147,N,VIIRS,n,2.0NRT,307.29,2.24,D
-9.19872,33.45248,337.76,0.51,0.41,2026-10-01,1147,N,VIIRS,n,2.0NRT,300.86,2.59,D
-9.18696,29.29128,347.53,0.38,0.36,2026-10-01,1147,N,VIIRS,n,2.0NRT,301.36,6.33,D
-9.18208,30.8293,341.55,0.4,0.37,2026-10-01,1147,N,VIIRS,n,2.0NRT,309.63,5.41,D
-9.1791,31.75269,339.09,0.43,0.38,2026-10-01,1147,N,VIIRS,l,2.0NRT,309.15,8.01,D
-9.17871,30.82877,338.85,0.4,0.37,2026-10-01,1147,N,VIIRS,n,2.0NRT,305.33,3.74,D
-9.17499,31.75613,334.47,0.43,0.38,2026-10-01,1147,N,VIIRS,l,2.0NRT,305.95,5.57,D
-9.17276,31.74775,338.41,0.42,0.38,2026-10-01,1147,N,VIIRS,l,2.0NRT,308.52,7.09,D
-9.16859,29.01247,338.02,0.39,0.36,2026-10-01,1147,N,VIIRS,n,2.0NRT,299.88,2.41,D
-9.16803,32.63801,349.06,0.46,0.39,2026-10-01,1147,N,VIIRS,n,2.0NRT,311.45,8.31,D
-9.16696,25.85708,345.53,0.48,0.4,2026-10-01,1147,N,VIIRS,n,2.0NRT,296.46,4.79,D
-9.16534,32.74653,348.98,0.47,0.4,2026-10-01,1147,N,VIIRS,n,2.0NRT,314.05,21.11,D
-9.16411,32.31964,340.49,0.45,0.39,2026-10-01,1147,N,VIIRS,l,2.0NRT,311.68,7.57,D
-9.16322,25.85674,334.58,0.48,0.4,2026-10-01,1147,N,VIIRS,n,2.0NRT,294.69,4.79,D
-9.15516,32.17312,339.97,0.44,0.38,2026-10-01,1147,N,VIIRS,n,2.0NRT,309.79,4.02,D
-9.1495,31.80405,336.13,0.43,0.38,2026-10-01,1147,N,VIIRS,l,2.0NRT,307.08,2.66,D
-9.14812,32.15164,345.12,0.44,0.38,2026-10-01,1147,N,VIIRS,n,2.0NRT,311.8,8.24,D
-9.14785,32.15125,344.64,0.44,0.38,2026-10-01,1147,N,VIIRS,n,2.0NRT,312.01,6.75,D
-9.14728,32.67472,343.53,0.47,0.39,2026-10-01,1147,N,VIIRS,l,2.0NRT,314.91,10.26,D
-9.14413,30.40128,334.27,0.39,0.36,2026-10-01,1147,N,VIIRS,n,2.0NRT,303.65,3.63,D
-9.13687,30.38196,331.19,0.39,0.36,2026-10-01,1147,N,VIIRS,n,2.0NRT,296.52,4.87,D
-9.13632,30.3855,333.45,0.39,0.36,2026-10-01,1147,N,VIIRS,n,2.0NRT,298.39,4.87,D
-9.1352,31.78187,343.62,0.43,0.38,2026-10-01,1147,N,VIIRS,n,2.0NRT,311.67,6.18,D
-9.135,32.75089,348.36,0.47,0.4,2026-10-01,1147,N,VIIRS,n,2.0NRT,312.22,17.5,D
-9.13457,32.70733,348.6,0.47,0.39,2026-10-01,1147,N,VIIRS,n,2.0NRT,312.71,11.87,D
-9.13318,32.28528,338.5,0.45,0.39,2026-10-01,1147,N,VIIRS,l,2.0NRT,310,7.4,D
-9.13136,32.75028,340.74,0.47,0.4,2026-10-01,1147,N,VIIRS,l,2.0NRT,314.24,13.93,D
-9.12916,30.69535,336.14,0.4,0.37,2026-10-01,1147,N,VIIRS,n,2.0NRT,302.7,3.87,D
-9.12682,32.7322,343.22,0.47,0.4,2026-10-01,1147,N,VIIRS,n,2.0NRT,313.06,12.58,D
-9.1268,29.33129,336.34,0.38,0.36,2026-10-01,1147,N,VIIRS,n,2.0NRT,299.71,3.63,D
-9.12632,32.57496,337.82,0.46,0.39,2026-10-01,1147,N,VIIRS,l,2.0NRT,312.72,4.98,D
-9.12185,32.55698,338.18,0.46,0.39,2026-10-01,1147,N,VIIRS,l,2.0NRT,313.02,5.13,D
-9.11122,32.57677,340.04,0.46,0.39,2026-10-01,1147,N,VIIRS,n,2.0NRT,308.93,6.36,D
-9.1076,32.57623,339.85,0.46,0.39,2026-10-01,1147,N,VIIRS,n,2.0NRT,309.8,6.29,D
-9.10606,32.56305,339.66,0.46,0.39,2026-10-01,1147,N,VIIRS,l,2.0NRT,310.42,41.57,D
-9.10431,32.73287,342.56,0.47,0.4,2026-10-01,1147,N,VIIRS,l,2.0NRT,313.25,15.18,D
-9.10335,32.62476,342.91,0.46,0.39,2026-10-01,1147,N,VIIRS,n,2.0NRT,312.18,8,D
-9.10325,32.69365,339.05,0.47,0.39,2026-10-01,1147,N,VIIRS,l,2.0NRT,312.41,6.21,D
-9.10003,32.00031,344.15,0.44,0.38,2026-10-01,1147,N,VIIRS,n,2.0NRT,309.34,5.33,D
-9.09961,32.69308,342.24,0.47,0.39,2026-10-01,1147,N,VIIRS,n,2.0NRT,311.47,6.21,D
-9.09606,29.17654,339.27,0.38,0.36,2026-10-01,1147,N,VIIRS,n,2.0NRT,301.1,3.94,D
-9.09097,32.56477,340.93,0.46,0.39,2026-10-01,1147,N,VIIRS,n,2.0NRT,309.51,5.52,D
-9.08416,32.4157,341.97,0.45,0.39,2026-10-01,1147,N,VIIRS,l,2.0NRT,312.41,5.96,D
-9.07815,32.73298,340.63,0.47,0.4,2026-10-01,1147,N,VIIRS,l,2.0NRT,311.07,9.61,D
-9.0743,32.47719,346.63,0.46,0.39,2026-10-01,1147,N,VIIRS,n,2.0NRT,311.97,6.29,D
-9.07225,29.35497,344.12,0.38,0.36,2026-10-01,1147,N,VIIRS,n,2.0NRT,298.8,6.71,D
-9.06861,32.6284,341.41,0.46,0.39,2026-10-01,1147,N,VIIRS,l,2.0NRT,312.99,9.61,D
-9.06856,28.96044,337.41,0.39,0.36,2026-10-01,1147,N,VIIRS,n,2.0NRT,301.49,5.83,D
-9.06387,32.66127,350.18,0.47,0.39,2026-10-01,1147,N,VIIRS,n,2.0NRT,315.32,8.58,D
-9.06325,32.66195,349.58,0.47,0.39,2026-10-01,1147,N,VIIRS,n,2.0NRT,316.07,16.55,D
-9.06024,32.66071,342.89,0.47,0.39,2026-10-01,1147,N,VIIRS,l,2.0NRT,313.51,8.58,D
-9.05814,32.67336,341.19,0.47,0.39,2026-10-01,1147,N,VIIRS,l,2.0NRT,312.73,12.41,D
-9.05759,32.67406,343.67,0.47,0.39,2026-10-01,1147,N,VIIRS,n,2.0NRT,312.09,14.64,D
-9.05743,32.67762,338.87,0.47,0.39,2026-10-01,1147,N,VIIRS,l,2.0NRT,311.45,13.27,D
-9.05439,32.64758,344.24,0.46,0.39,2026-10-01,1147,N,VIIRS,n,2.0NRT,313.67,12.19,D
-9.04846,32.18433,341.97,0.44,0.39,2026-10-01,1147,N,VIIRS,l,2.0NRT,312.36,5.9,D
-9.0478,32.1884,341.52,0.44,0.39,2026-10-01,1147,N,VIIRS,l,2.0NRT,311.61,5.9,D
-9.04576,32.13417,340.12,0.44,0.38,2026-10-01,1147,N,VIIRS,l,2.0NRT,313.26,9.48,D
-9.04561,31.64444,337.64,0.42,0.38,2026-10-01,1147,N,VIIRS,l,2.0NRT,309.99,4.17,D
-9.0397,29.12777,330.86,0.38,0.36,2026-10-01,1147,N,VIIRS,n,2.0NRT,298.98,0.87,D
-9.03821,32.51796,343.2,0.46,0.39,2026-10-01,1147,N,VIIRS,l,2.0NRT,313.41,9.38,D
-9.02426,32.49017,337.08,0.46,0.39,2026-10-01,1147,N,VIIRS,l,2.0NRT,310.73,5.95,D
-9.01143,32.36603,343.29,0.45,0.39,2026-10-01,1147,N,VIIRS,n,2.0NRT,310.79,5.67,D
-9.00718,32.36953,340.81,0.45,0.39,2026-10-01,1147,N,VIIRS,n,2.0NRT,309.29,8.33,D
-9.00371,28.42404,343.07,0.39,0.36,2026-10-01,1147,N,VIIRS,n,2.0NRT,289.77,2.63,D
-9.00243,32.66961,341.66,0.47,0.39,2026-10-01,1147,N,VIIRS,l,2.0NRT,312.14,22.66,D
-9.00174,32.67379,347.48,0.47,0.39,2026-10-01,1147,N,VIIRS,n,2.0NRT,315.95,22.66,D
-8.9988,32.669,339.2,0.47,0.39,2026-10-01,1147,N,VIIRS,l,2.0NRT,310.8,7.42,D
-8.99812,32.67318,342.79,0.47,0.39,2026-10-01,1147,N,VIIRS,n,2.0NRT,310.76,7.42,D
-8.99561,31.65686,337.62,0.42,0.38,2026-10-01,1147,N,VIIRS,l,2.0NRT,312.59,7.84,D
-8.97738,32.70869,337.24,0.47,0.4,2026-10-01,1147,N,VIIRS,l,2.0NRT,308.38,13.05,D
-8.96387,33.44606,336.15,0.51,0.41,2026-10-01,1147,N,VIIRS,l,2.0NRT,309.21,4.72,D
-8.95963,32.65784,338.78,0.47,0.39,2026-10-01,1147,N,VIIRS,n,2.0NRT,307.38,6.03,D
-8.95956,32.65827,339.28,0.47,0.39,2026-10-01,1147,N,VIIRS,n,2.0NRT,307.38,6.68,D
-8.95309,32.65233,338.1,0.47,0.39,2026-10-01,1147,N,VIIRS,n,2.0NRT,307.97,5.51,D
-8.953,32.65274,342.39,0.47,0.39,2026-10-01,1147,N,VIIRS,n,2.0NRT,307.76,11.74,D
-8.9465,32.60048,347.52,0.46,0.39,2026-10-01,1147,N,VIIRS,n,2.0NRT,312.46,10.35,D
-8.92636,31.57886,345.19,0.42,0.38,2026-10-01,1147,N,VIIRS,n,2.0NRT,309.68,8.28,D
-8.92596,33.60257,345.39,0.52,0.42,2026-10-01,1147,N,VIIRS,n,2.0NRT,305.33,18.08,D
-8.9194,32.26776,341.62,0.45,0.39,2026-10-01,1147,N,VIIRS,l,2.0NRT,314.71,8.66,D
-8.90698,32.36596,340.88,0.45,0.39,2026-10-01,1147,N,VIIRS,l,2.0NRT,313.23,5.79,D
-8.90399,31.087,339.66,0.41,0.37,2026-10-01,1147,N,VIIRS,l,2.0NRT,312.71,7.14,D
-8.89696,30.01351,341.72,0.39,0.36,2026-10-01,1147,N,VIIRS,n,2.0NRT,301.8,3.71,D
-8.892,30.93859,339.25,0.4,0.37,2026-10-01,1147,N,VIIRS,n,2.0NRT,304.85,4.81,D
-8.87937,31.06386,343.58,0.41,0.37,2026-10-01,1147,N,VIIRS,n,2.0NRT,310.2,5.05,D
-8.8793,30.79835,338.81,0.4,0.37,2026-10-01,1147,N,VIIRS,n,2.0NRT,305.47,5.24,D
-8.87476,32.97509,338.47,0.48,0.4,2026-10-01,1147,N,VIIRS,l,2.0NRT,309.63,6.83,D
-8.87197,29.9988,349.91,0.39,0.36,2026-10-01,1147,N,VIIRS,n,2.0NRT,301.84,8.48,D
-8.86922,33.67073,336.79,0.53,0.42,2026-10-01,1147,N,VIIRS,n,2.0NRT,305.97,2.99,D
-8.86842,33.67564,337.01,0.53,0.42,2026-10-01,1147,N,VIIRS,n,2.0NRT,304.26,2.99,D
-8.86537,30.97547,349.24,0.4,0.37,2026-10-01,1147,N,VIIRS,n,2.0NRT,310.8,6.73,D
-8.8648,30.97913,339.24,0.4,0.37,2026-10-01,1147,N,VIIRS,n,2.0NRT,308.38,3.78,D
-8.85272,32.62791,343.92,0.47,0.39,2026-10-01,1147,N,VIIRS,n,2.0NRT,309.4,9.67,D
-8.85211,32.6292,339.9,0.47,0.39,2026-10-01,1147,N,VIIRS,n,2.0NRT,308.42,7.99,D
-8.84622,31.09737,338.02,0.41,0.37,2026-10-01,1147,N,VIIRS,l,2.0NRT,310.64,3.88,D
-8.84531,30.63372,336.56,0.4,0.37,2026-10-01,1147,N,VIIRS,n,2.0NRT,301.67,4.03,D
-8.84194,30.6332,341.53,0.4,0.37,2026-10-01,1147,N,VIIRS,n,2.0NRT,302.53,4.03,D
-8.83993,31.27099,347.47,0.41,0.37,2026-10-01,1147,N,VIIRS,n,2.0NRT,311.84,6.83,D
-8.8365,31.2705,346.22,0.41,0.37,2026-10-01,1147,N,VIIRS,n,2.0NRT,310.74,6.83,D
-8.83184,30.63164,346.02,0.4,0.37,2026-10-01,1147,N,VIIRS,n,2.0NRT,304.71,10.06,D
-8.83129,30.63523,339.93,0.4,0.37,2026-10-01,1147,N,VIIRS,n,2.0NRT,303.24,10.06,D
-8.82904,30.62753,333.61,0.4,0.37,2026-10-01,1147,N,VIIRS,n,2.0NRT,301.37,1.73,D
-8.82848,30.63112,337.15,0.4,0.37,2026-10-01,1147,N,VIIRS,n,2.0NRT,306.57,10.06,D
-8.82792,30.6347,344.79,0.4,0.37,2026-10-01,1147,N,VIIRS,n,2.0NRT,306.01,10.06,D
-8.82762,32.29999,338.08,0.45,0.39,2026-10-01,1147,N,VIIRS,l,2.0NRT,311.42,3.39,D
-8.82512,30.63057,347.31,0.4,0.37,2026-10-01,1147,N,VIIRS,n,2.0NRT,304.4,4.48,D
-8.82456,30.63416,336.26,0.4,0.37,2026-10-01,1147,N,VIIRS,n,2.0NRT,301.81,4.48,D
-8.81907,33.50877,337.92,0.52,0.41,2026-10-01,1147,N,VIIRS,n,2.0NRT,305.79,9.3,D
-8.81783,33.50729,339.72,0.52,0.41,2026-10-01,1147,N,VIIRS,n,2.0NRT,306.04,8.18,D
-8.81602,33.31231,337.37,0.51,0.41,2026-10-01,1147,N,VIIRS,n,2.0NRT,301.25,7.98,D
-8.81574,31.57254,341.71,0.42,0.38,2026-10-01,1147,N,VIIRS,n,2.0NRT,307.49,8.11,D
-8.81525,33.50822,339.4,0.52,0.41,2026-10-01,1147,N,VIIRS,n,2.0NRT,304.82,4.6,D
-8.8121,33.28906,334.21,0.5,0.41,2026-10-01,1147,N,VIIRS,n,2.0NRT,300.35,3.79,D
-8.81021,31.87349,340.11,0.43,0.38,2026-10-01,1147,N,VIIRS,l,2.0NRT,310.46,4.27,D
-8.79994,32.31226,339.92,0.45,0.39,2026-10-01,1147,N,VIIRS,l,2.0NRT,310.34,5,D
-8.79526,30.97899,338.13,0.4,0.37,2026-10-01,1147,N,VIIRS,n,2.0NRT,310.29,2.45,D
-8.79497,33.22901,342.77,0.5,0.41,2026-10-01,1147,N,VIIRS,n,2.0NRT,310.44,10.93,D
-8.79087,29.77817,340.95,0.39,0.36,2026-10-01,1147,N,VIIRS,n,2.0NRT,307.43,1.93,D
-8.79078,31.88252,340.51,0.43,0.38,2026-10-01,1147,N,VIIRS,n,2.0NRT,310.39,3.62,D
-8.78852,30.84287,336.35,0.4,0.37,2026-10-01,1147,N,VIIRS,l,2.0NRT,307.18,4.48,D
-8.78795,30.8465,332.23,0.4,0.37,2026-10-01,1147,N,VIIRS,l,2.0NRT,306.09,3.75,D
-8.78451,31.26616,338.1,0.41,0.37,2026-10-01,1147,N,VIIRS,l,2.0NRT,309.23,1.96,D
-8.78393,31.26985,337.06,0.41,0.37,2026-10-01,1147,N,VIIRS,l,2.0NRT,307.55,3.04,D
-8.78235,33.42295,340.13,0.51,0.41,2026-10-01,1147,N,VIIRS,n,2.0NRT,304.56,5.15,D
-8.78109,31.26561,336.18,0.41,0.37,2026-10-01,1147,N,VIIRS,l,2.0NRT,308.33,1.96,D
-8.7805,31.2693,337,0.41,0.37,2026-10-01,1147,N,VIIRS,l,2.0NRT,309.69,3.04,D
-8.78034,24.13638,341.04,0.4,0.44,2026-10-01,1147,N,VIIRS,n,2.0NRT,291.33,12.82,D
-8.7715,32.13699,339.06,0.44,0.39,2026-10-01,1147,N,VIIRS,l,2.0NRT,310.79,2.69,D
-8.76902,33.22296,350.85,0.5,0.41,2026-10-01,1147,N,VIIRS,n,2.0NRT,308.79,37.64,D
-8.7653,33.22221,355.23,0.5,0.41,2026-10-01,1147,N,VIIRS,n,2.0NRT,311.35,37.64,D
-8.76315,30.84994,337.52,0.4,0.37,2026-10-01,1147,N,VIIRS,l,2.0NRT,308.18,3.14,D
-8.76288,33.21354,351.22,0.5,0.41,2026-10-01,1147,N,VIIRS,n,2.0NRT,313.26,47.3,D
-8.76262,33.2113,339.89,0.5,0.41,2026-10-01,1147,N,VIIRS,n,2.0NRT,308.29,12.05,D
-8.76259,30.85357,337.19,0.4,0.37,2026-10-01,1147,N,VIIRS,n,2.0NRT,306.37,3.14,D
-8.762,33.21516,345.97,0.5,0.41,2026-10-01,1147,N,VIIRS,n,2.0NRT,313.59,29.06,D
-8.75696,30.84523,347.31,0.4,0.37,2026-10-01,1147,N,VIIRS,n,2.0NRT,306.26,9.12,D
-8.75646,33.03616,335.52,0.49,0.4,2026-10-01,1147,N,VIIRS,l,2.0NRT,309.9,4.47,D
-8.75024,32.79596,340.43,0.48,0.4,2026-10-01,1147,N,VIIRS,l,2.0NRT,312.31,5.18,D
-8.74419,33.4181,340.26,0.51,0.41,2026-10-01,1147,N,VIIRS,n,2.0NRT,310.13,6.13,D
-8.74378,33.2805,339.94,0.5,0.41,2026-10-01,1147,N,VIIRS,n,2.0NRT,309.71,5.52,D
-8.74349,33.28297,343.21,0.5,0.41,2026-10-01,1147,N,VIIRS,n,2.0NRT,307.92,6.8,D
-8.73559,30.82695,356.39,0.4,0.37,2026-10-01,1147,N,VIIRS,n,2.0NRT,306.03,14.67,D
-8.73221,30.82641,346.34,0.4,0.37,2026-10-01,1147,N,VIIRS,n,2.0NRT,300.51,5.27,D
-8.73126,33.12052,336.47,0.5,0.41,2026-10-01,1147,N,VIIRS,l,2.0NRT,310.8,1.59,D
-8.72789,33.25935,339.26,0.5,0.41,2026-10-01,1147,N,VIIRS,l,2.0NRT,313.9,8.01,D
-8.71184,33.4539,339.79,0.52,0.41,2026-10-01,1147,N,VIIRS,n,2.0NRT,309.69,3.29,D
-8.71149,32.37192,337.08,0.46,0.39,2026-10-01,1147,N,VIIRS,l,2.0NRT,311.2,5.31,D
-8.71096,31.9511,340.16,0.44,0.38,2026-10-01,1147,N,VIIRS,l,2.0NRT,310.63,4.15,D
-8.70437,33.12084,341.45,0.5,0.41,2026-10-01,1147,N,VIIRS,l,2.0NRT,313.96,9.13,D
-8.7024,31.4137,343.75,0.42,0.37,2026-10-01,1147,N,VIIRS,n,2.0NRT,303.32,16.25,D
-8.69738,31.61167,338.97,0.42,0.38,2026-10-01,1147,N,VIIRS,n,2.0NRT,307.98,4.68,D
-8.67898,31.92547,340.06,0.44,0.38,2026-10-01,1147,N,VIIRS,l,2.0NRT,310.43,2,D
-8.67573,32.4551,339.69,0.46,0.39,2026-10-01,1147,N,VIIRS,l,2.0NRT,311.04,5.38,D
-8.67464,31.81872,339.31,0.43,0.38,2026-10-01,1147,N,VIIRS,n,2.0NRT,309,2.37,D
-8.66754,33.60539,341.06,0.53,0.42,2026-10-01,1147,N,VIIRS,n,2.0NRT,305.44,6.62,D
-8.65492,28.54319,337.08,0.39,0.36,2026-10-01,1147,N,VIIRS,n,2.0NRT,298.78,2.84,D
-8.65067,32.14593,341.09,0.45,0.39,2026-10-01,1147,N,VIIRS,n,2.0NRT,309.01,3.48,D
-8.64449,31.46671,339.57,0.42,0.38,2026-10-01,1147,N,VIIRS,l,2.0NRT,310.37,10.21,D
-8.64045,31.46987,335.51,0.42,0.38,2026-10-01,1147,N,VIIRS,l,2.0NRT,305.85,8.51,D
-8.63684,31.87378,348.65,0.43,0.38,2026-10-01,1147,N,VIIRS,n,2.0NRT,313.74,15.04,D
-8.63397,31.8692,342.97,0.43,0.38,2026-10-01,1147,N,VIIRS,n,2.0NRT,308.6,6.88,D
-8.63271,31.87717,349.87,0.43,0.38,2026-10-01,1147,N,VIIRS,n,2.0NRT,314.41,15.04,D
-8.63207,31.88117,346.23,0.43,0.38,2026-10-01,1147,N,VIIRS,n,2.0NRT,310.62,7.22,D
-8.62847,28.65084,336.38,0.39,0.36,2026-10-01,1147,N,VIIRS,n,2.0NRT,298.59,4.17,D
-8.62653,32.20481,337.43,0.45,0.39,2026-10-01,1147,N,VIIRS,l,2.0NRT,307.8,3.56,D
-8.61798,32.21238,347.13,0.45,0.39,2026-10-01,1147,N,VIIRS,n,2.0NRT,308.81,12.29,D
-8.60302,32.37184,349.38,0.46,0.39,2026-10-01,1147,N,VIIRS,n,2.0NRT,313.13,7.48,D
-8.59425,32.29016,339.44,0.45,0.39,2026-10-01,1147,N,VIIRS,n,2.0NRT,308.47,5.54,D
-8.58851,33.14489,339.79,0.5,0.41,2026-10-01,1147,N,VIIRS,l,2.0NRT,311.68,4.41,D
-8.58821,33.45414,336.02,0.52,0.41,2026-10-01,1147,N,VIIRS,l,2.0NRT,309.09,1.71,D
-8.587,31.62569,335.8,0.43,0.38,2026-10-01,1147,N,VIIRS,l,2.0NRT,310.33,2.36,D
-8.58353,31.62515,345.67,0.43,0.38,2026-10-01,1147,N,VIIRS,n,2.0NRT,312.49,5.17,D
-8.56863,33.64696,341.63,0.53,0.42,2026-10-01,1147,N,VIIRS,n,2.0NRT,306.84,5.9,D
-8.56859,31.55213,335.69,0.42,0.38,2026-10-01,1147,N,VIIRS,l,2.0NRT,309.56,5.81,D
-8.56512,31.55159,341.98,0.42,0.38,2026-10-01,1147,N,VIIRS,n,2.0NRT,311.36,5.89,D
-8.5645,31.89812,335.66,0.44,0.38,2026-10-01,1147,N,VIIRS,l,2.0NRT,309.24,1.71,D
-8.56011,33.36376,336.93,0.51,0.41,2026-10-01,1147,N,VIIRS,l,2.0NRT,309.93,3.32,D
-8.55718,32.35207,339.72,0.46,0.39,2026-10-01,1147,N,VIIRS,l,2.0NRT,313.07,7.5,D
-8.55652,32.3562,340.66,0.46,0.39,2026-10-01,1147,N,VIIRS,l,2.0NRT,313.95,7.5,D
-8.55548,32.0887,337.45,0.44,0.39,2026-10-01,1147,N,VIIRS,n,2.0NRT,305.01,2.48,D
-8.55269,33.22143,336.15,0.5,0.41,2026-10-01,1147,N,VIIRS,l,2.0NRT,309.81,2.53,D
-8.54632,33.11595,350.66,0.5,0.41,2026-10-01,1147,N,VIIRS,n,2.0NRT,314.81,16.34,D
-8.54253,32.03386,335.85,0.44,0.38,2026-10-01,1147,N,VIIRS,l,2.0NRT,308.49,5.51,D
-8.54062,32.0009,340.13,0.44,0.38,2026-10-01,1147,N,VIIRS,l,2.0NRT,311.99,3.75,D
-8.53663,31.20356,336.11,0.41,0.37,2026-10-01,1147,N,VIIRS,l,2.0NRT,308.52,2.5,D
-8.5097,33.39069,340,0.52,0.41,2026-10-01,1147,N,VIIRS,l,2.0NRT,313.21,7.22,D
-8.50908,33.38906,341.97,0.52,0.41,2026-10-01,1147,N,VIIRS,l,2.0NRT,312.24,6.09,D
-8.50076,31.31992,343.94,0.42,0.37,2026-10-01,1147,N,VIIRS,n,2.0NRT,306.12,3.64,D
-8.49998,32.12206,337.33,0.45,0.39,2026-10-01,1147,N,VIIRS,n,2.0NRT,305.49,3.82,D
-8.49927,32.12087,336.08,0.45,0.39,2026-10-01,1147,N,VIIRS,n,2.0NRT,305.04,2.94,D
-8.49802,30.33664,346.62,0.39,0.36,2026-10-01,1147,N,VIIRS,n,2.0NRT,306.64,21.6,D
-8.49679,31.16671,337.08,0.41,0.37,2026-10-01,1147,N,VIIRS,l,2.0NRT,309.72,3.06,D
-8.49467,30.33612,343.83,0.39,0.36,2026-10-01,1147,N,VIIRS,n,2.0NRT,307.77,21.6,D
-8.49023,30.36456,345.53,0.39,0.36,2026-10-01,1147,N,VIIRS,n,2.0NRT,311.07,16.44,D
-8.48967,30.36811,339.01,0.39,0.36,2026-10-01,1147,N,VIIRS,n,2.0NRT,309,16.44,D
-8.48804,33.09656,335.75,0.5,0.41,2026-10-01,1147,N,VIIRS,l,2.0NRT,310.72,3.04,D
-8.48632,30.36759,345.79,0.39,0.36,2026-10-01,1147,N,VIIRS,l,2.0NRT,316.05,36.18,D
-8.48631,31.45656,348.72,0.42,0.38,2026-10-01,1147,N,VIIRS,n,2.0NRT,311.77,10.96,D
-8.47421,32.28493,343.37,0.45,0.39,2026-10-01,1147,N,VIIRS,n,2.0NRT,310.92,28,D
-8.4705,32.29581,338.31,0.45,0.39,2026-10-01,1147,N,VIIRS,l,2.0NRT,309.89,2.45,D
-8.46866,32.2967,342.89,0.45,0.39,2026-10-01,1147,N,VIIRS,l,2.0NRT,313.02,5.25,D
-8.4641,33.05581,339.99,0.49,0.41,2026-10-01,1147,N,VIIRS,l,2.0NRT,314.07,9.17,D
-8.46325,33.05663,339.17,0.5,0.41,2026-10-01,1147,N,VIIRS,l,2.0NRT,313.71,8.5,D
-8.44232,32.25444,339.02,0.45,0.39,2026-10-01,1147,N,VIIRS,l,2.0NRT,312.23,5.1,D
-8.43538,31.22159,336.2,0.41,0.37,2026-10-01,1147,N,VIIRS,l,2.0NRT,310.48,3.06,D
-8.42679,32.1237,337.32,0.45,0.39,2026-10-01,1147,N,VIIRS,n,2.0NRT,306.52,5.28,D
-8.41899,30.4148,337.47,0.39,0.36,2026-10-01,1147,N,VIIRS,l,2.0NRT,309.53,3.89,D
-8.40649,31.78041,341.16,0.43,0.38,2026-10-01,1147,N,VIIRS,l,2.0NRT,312.07,6.63,D
-8.3939,22.34896,328.58,0.52,0.5,2026-10-01,1147,N,VIIRS,n,2.0NRT,290.36,2.66,D
-8.39325,22.35373,327.31,0.52,0.5,2026-10-01,1147,N,VIIRS,n,2.0NRT,291.62,2.66,D
-8.38469,32.05352,337.53,0.44,0.39,2026-10-01,1147,N,VIIRS,l,2.0NRT,309.75,3.63,D
-8.38249,31.97619,339.18,0.44,0.38,2026-10-01,1147,N,VIIRS,l,2.0NRT,310.18,3.91,D
-8.37625,32.29875,340.18,0.46,0.39,2026-10-01,1147,N,VIIRS,l,2.0NRT,313.67,2.03,D
-8.36738,31.23296,330.46,0.41,0.37,2026-10-01,1147,N,VIIRS,l,2.0NRT,303.67,2,D
-8.35115,32.03584,335.6,0.44,0.39,2026-10-01,1147,N,VIIRS,l,2.0NRT,308.27,1.92,D
-8.33948,31.79459,341.12,0.43,0.38,2026-10-01,1147,N,VIIRS,l,2.0NRT,313.17,6.96,D
-8.33902,31.79469,342.48,0.43,0.38,2026-10-01,1147,N,VIIRS,l,2.0NRT,313.06,7.15,D
-8.32523,31.65498,337.58,0.43,0.38,2026-10-01,1147,N,VIIRS,n,2.0NRT,307.99,2.11,D
-8.30903,31.57735,344.11,0.43,0.38,2026-10-01,1147,N,VIIRS,n,2.0NRT,309.45,5.06,D
-8.2983,31.11948,343.08,0.41,0.37,2026-10-01,1147,N,VIIRS,n,2.0NRT,303.54,3.51,D
-8.28384,31.01138,330.11,0.41,0.37,2026-10-01,1147,N,VIIRS,l,2.0NRT,300.57,3.88,D
-8.26741,33.65582,338.5,0.54,0.42,2026-10-01,1147,N,VIIRS,n,2.0NRT,307.9,4.76,D
-8.26637,33.12799,336.13,0.5,0.41,2026-10-01,1147,N,VIIRS,l,2.0NRT,309.59,3.56,D
-8.26631,31.14428,342.24,0.41,0.37,2026-10-01,1147,N,VIIRS,n,2.0NRT,309.09,9.13,D
-8.25285,31.86051,335.8,0.44,0.38,2026-10-01,1147,N,VIIRS,l,2.0NRT,305.96,1.21,D
-8.23569,32.74933,343.8,0.48,0.4,2026-10-01,1147,N,VIIRS,n,2.0NRT,309.49,3.73,D
-8.23499,32.75363,342.12,0.48,0.4,2026-10-01,1147,N,VIIRS,n,2.0NRT,306.75,5.23,D
-8.23201,32.74875,343.38,0.48,0.4,2026-10-01,1147,N,VIIRS,n,2.0NRT,308.85,3.73,D
-8.23132,32.753,348.37,0.48,0.4,2026-10-01,1147,N,VIIRS,n,2.0NRT,307.01,5.23,D
-8.22372,32.84612,343.35,0.49,0.4,2026-10-01,1147,N,VIIRS,n,2.0NRT,311.32,10.89,D
-8.21338,31.58886,337.62,0.43,0.38,2026-10-01,1147,N,VIIRS,l,2.0NRT,308.8,2.02,D
-8.2084,33.38385,339.96,0.52,0.41,2026-10-01,1147,N,VIIRS,n,2.0NRT,307.97,4.52,D
-9.66881,30.46481,300.63,0.4,0.6,2026-10-01,2250,N,VIIRS,n,2.0NRT,279.54,1.51,N
-9.52639,30.31137,301.4,0.41,0.61,2026-10-01,2250,N,VIIRS,n,2.0NRT,280.68,1.09,N
-9.30388,30.53642,305.48,0.4,0.6,2026-10-01,2250,N,VIIRS,n,2.0NRT,286.46,1.78,N
-8.91854,33.78237,300.4,0.49,0.49,2026-10-01,2250,N,VIIRS,n,2.0NRT,284.31,1.61,N
-8.86083,30.86639,301.45,0.39,0.59,2026-10-01,2250,N,VIIRS,n,2.0NRT,285.65,1.16,N
-8.68523,32.90459,307.19,0.57,0.52,2026-10-01,2250,N,VIIRS,n,2.0NRT,285.56,1.23,N
-13.58071,25.11029,307.51,0.74,0.76,2026-10-01,2252,N,VIIRS,n,2.0NRT,285.69,2.12,N
-13.57663,25.11387,305.32,0.74,0.76,2026-10-01,2252,N,VIIRS,n,2.0NRT,285.85,1.39,N
-12.07184,30.97873,307.69,0.33,0.55,2026-10-01,2252,N,VIIRS,n,2.0NRT,284.41,0.63,N
-12.07053,30.98129,296.51,0.33,0.55,2026-10-01,2252,N,VIIRS,n,2.0NRT,284.34,0.73,N
-12.06995,30.97821,307.32,0.33,0.55,2026-10-01,2252,N,VIIRS,n,2.0NRT,284.74,1.14,N
-12.06672,30.97973,297.54,0.33,0.55,2026-10-01,2252,N,VIIRS,n,2.0NRT,284.42,0.63,N
-11.9547,30.2687,296.69,0.37,0.58,2026-10-01,2252,N,VIIRS,n,2.0NRT,284.71,1.05,N
-11.9387,27.07829,297.51,0.6,0.71,2026-10-01,2252,N,VIIRS,n,2.0NRT,282.96,0.68,N
-11.16026,32.77438,301.92,0.52,0.5,2026-10-01,2252,N,VIIRS,n,2.0NRT,287.79,2.48,N
-11.15938,32.76955,304.86,0.53,0.5,2026-10-01,2252,N,VIIRS,n,2.0NRT,287.56,1.28,N
-11.15849,32.76472,302.85,0.53,0.5,2026-10-01,2252,N,VIIRS,n,2.0NRT,287.4,1.28,N
-11.08175,30.56948,311.79,0.37,0.58,2026-10-01,2252,N,VIIRS,n,2.0NRT,285.19,1.45,N
-11.0811,30.56606,298.77,0.37,0.58,2026-10-01,2252,N,VIIRS,n,2.0NRT,284.78,1.61,N
-10.98596,26.06462,298.08,0.73,0.76,2026-10-01,2252,N,VIIRS,n,2.0NRT,281.07,2.42,N
-10.98274,26.06693,295.9,0.73,0.76,2026-10-01,2252,N,VIIRS,n,2.0NRT,280.71,2.22,N
-10.7319,28.38207,303.67,0.52,0.67,2026-10-01,2252,N,VIIRS,n,2.0NRT,286.42,1.01,N
-10.73093,28.37724,298.83,0.52,0.67,2026-10-01,2252,N,VIIRS,n,2.0NRT,287,1.23,N
-10.69972,32.21153,300.52,0.58,0.52,2026-10-01,2252,N,VIIRS,n,2.0NRT,286.74,3.1,N
-10.68525,27.61638,303.19,0.58,0.7,2026-10-01,2252,N,VIIRS,n,2.0NRT,286.72,1.06,N
-10.6842,27.61609,301.68,0.58,0.7,2026-10-01,2252,N,VIIRS,n,2.0NRT,287,2.5,N
-10.64577,28.14822,300.72,0.54,0.68,2026-10-01,2252,N,VIIRS,n,2.0NRT,285.81,0.91,N
-10.50524,31.16775,300.09,0.34,0.56,2026-10-01,2252,N,VIIRS,n,2.0NRT,285.72,0.73,N
-13.5789,24.39618,298.15,0.43,0.62,2026-10-02,33,N,VIIRS,n,2.0NRT,287.62,0.6,N
-13.53547,23.51905,300.77,0.38,0.59,2026-10-02,33,N,VIIRS,n,2.0NRT,287.92,0.48,N
-13.53505,23.51552,298.53,0.38,0.58,2026-10-02,33,N,VIIRS,n,2.0NRT,287.86,0.79,N
-13.52633,23.58844,300.36,0.38,0.59,2026-10-02,33,N,VIIRS,n,2.0NRT,287.17,1.1,N
-13.5085,24.59079,299.78,0.44,0.63,2026-10-02,33,N,VIIRS,n,2.0NRT,287.72,0.81,N
-13.508,24.5866,316.91,0.44,0.63,2026-10-02,33,N,VIIRS,n,2.0NRT,288.28,2.52,N
-13.50264,24.59139,298.75,0.44,0.63,2026-10-02,33,N,VIIRS,n,2.0NRT,287.94,0.81,N
-13.41796,24.32032,306.58,0.42,0.61,2026-10-02,33,N,VIIRS,n,2.0NRT,288.68,1.02,N
-13.41748,24.31623,302.13,0.42,0.61,2026-10-02,33,N,VIIRS,n,2.0NRT,288.68,1.4,N
-13.3802,23.43134,301.56,0.37,0.58,2026-10-02,33,N,VIIRS,n,2.0NRT,287.16,0.7,N
-13.37877,23.43026,300.12,0.37,0.58,2026-10-02,33,N,VIIRS,n,2.0NRT,286.98,0.34,N
-13.32141,24.65922,297.85,0.45,0.63,2026-10-02,33,N,VIIRS,n,2.0NRT,287.09,1.02,N
-13.19025,23.98937,301.97,0.4,0.6,2026-10-02,33,N,VIIRS,n,2.0NRT,288.56,1.39,N
-13.06634,23.93675,309.03,0.4,0.6,2026-10-02,33,N,VIIRS,n,2.0NRT,287.96,1.12,N
-13.06589,23.93299,304.68,0.4,0.6,2026-10-02,33,N,VIIRS,n,2.0NRT,288,1.04,N
-13.06544,23.92923,314.02,0.4,0.6,2026-10-02,33,N,VIIRS,n,2.0NRT,288.37,1.04,N
-13.06077,23.93744,303.03,0.4,0.6,2026-10-02,33,N,VIIRS,n,2.0NRT,287.72,1.12,N
-13.06032,23.93369,301.59,0.4,0.6,2026-10-02,33,N,VIIRS,n,2.0NRT,287.22,1.04,N
-13.05988,23.92995,298.37,0.4,0.6,2026-10-02,33,N,VIIRS,n,2.0NRT,287.28,1.04,N
-12.07512,26.39535,322.61,0.56,0.69,2026-10-02,33,N,VIIRS,n,2.0NRT,284.59,5.67,N
-12.0751,26.39817,299.76,0.56,0.69,2026-10-02,33,N,VIIRS,n,2.0NRT,283.29,7.05,N
-12.07448,26.39306,311.18,0.56,0.69,2026-10-02,33,N,VIIRS,n,2.0NRT,283.71,7,N
-10.90896,25.94696,296.5,0.51,0.66,2026-10-02,33,N,VIIRS,n,2.0NRT,283.99,0.44,N
-10.78517,25.58929,299.84,0.48,0.65,2026-10-02,33,N,VIIRS,n,2.0NRT,285.56,2.26,N
-10.78462,25.5847,301.82,0.48,0.65,2026-10-02,33,N,VIIRS,n,2.0NRT,285.82,2.35,N
-10.78273,25.58637,311.26,0.48,0.65,2026-10-02,33,N,VIIRS,n,2.0NRT,286.66,2.03,N
-10.40229,25.41838,296.75,0.46,0.64,2026-10-02,33,N,VIIRS,n,2.0NRT,285.79,0.65,N
-17.59565,22.15001,300.39,0.34,0.56,2026-10-02,35,N,VIIRS,n,2.0NRT,285.78,0.31,N
-17.15192,24.07166,296.82,0.45,0.63,2026-10-02,35,N,VIIRS,n,2.0NRT,286.4,1.47,N
-17.97585,23.86302,342.76,0.57,0.69,2026-10-02,1123,N,VIIRS,n,2.0NRT,298.27,5.68,D
-17.6445,26.25157,354.51,0.39,0.59,2026-10-02,1123,N,VIIRS,n,2.0NRT,298.38,7.15,D
-17.63894,26.25114,333.44,0.39,0.59,2026-10-02,1123,N,VIIRS,n,2.0NRT,295.87,2.71,D
-17.56259,23.392,336.64,0.6,0.71,2026-10-02,1123,N,VIIRS,n,2.0NRT,298.94,3.84,D
-17.56071,23.3938,334.1,0.6,0.71,2026-10-02,1123,N,VIIRS,n,2.0NRT,300.03,4.21,D
-17.54947,24.58415,342.49,0.5,0.66,2026-10-02,1123,N,VIIRS,n,2.0NRT,296.96,5.63,D
-17.54839,24.58487,343.09,0.5,0.66,2026-10-02,1123,N,VIIRS,n,2.0NRT,297.18,5.63,D
-17.47324,24.78885,334.24,0.49,0.65,2026-10-02,1123,N,VIIRS,n,2.0NRT,300.63,6.19,D
-17.46855,24.58575,331.92,0.5,0.66,2026-10-02,1123,N,VIIRS,n,2.0NRT,300.72,4.77,D
-17.4624,24.58511,337.7,0.5,0.66,2026-10-02,1123,N,VIIRS,n,2.0NRT,295.48,4.77,D
-17.45719,24.57478,356.2,0.5,0.66,2026-10-02,1123,N,VIIRS,n,2.0NRT,301.65,19.75,D
-17.45672,24.57963,354.39,0.5,0.66,2026-10-02,1123,N,VIIRS,n,2.0NRT,300.74,23.8,D
-17.25562,22.91477,335.97,0.64,0.72,2026-10-02,1123,N,VIIRS,n,2.0NRT,301.68,10.38,D
-17.25419,22.91591,354.53,0.64,0.72,2026-10-02,1123,N,VIIRS,n,2.0NRT,302.47,14.61,D
-17.24884,22.91414,367,0.64,0.72,2026-10-02,1123,N,VIIRS,h,2.0NRT,304.56,10.38,D
-17.24742,22.91532,335.04,0.64,0.72,2026-10-02,1123,N,VIIRS,n,2.0NRT,302.41,8.21,D
-17.13799,22.58889,336.61,0.67,0.74,2026-10-02,1123,N,VIIRS,n,2.0NRT,301.89,6.23,D
-17.11732,22.51903,349.59,0.68,0.74,2026-10-02,1123,N,VIIRS,n,2.0NRT,302.69,7.59,D
-17.11617,22.52076,354.2,0.68,0.74,2026-10-02,1123,N,VIIRS,n,2.0NRT,303.22,11.24,D
-17.10975,23.31565,331.7,0.6,0.71,2026-10-02,1123,N,VIIRS,l,2.0NRT,303.87,4.26,D
-17.10885,22.07216,367,0.72,0.76,2026-10-02,1123,N,VIIRS,h,2.0NRT,302.28,24.64,D
-17.10175,22.07153,355.9,0.72,0.76,2026-10-02,1123,N,VIIRS,n,2.0NRT,298.07,15.06,D
-17.03317,22.30121,332.38,0.7,0.75,2026-10-02,1123,N,VIIRS,l,2.0NRT,303.45,3.95,D
-17.03167,22.30237,331,0.7,0.75,2026-10-02,1123,N,VIIRS,l,2.0NRT,303.79,3.76,D
-16.9503,22.66585,330.53,0.66,0.73,2026-10-02,1123,N,VIIRS,l,2.0NRT,301.93,2.02,D
-16.8263,25.72656,330.04,0.41,0.61,2026-10-02,1123,N,VIIRS,n,2.0NRT,295.89,3.7,D
-16.82588,25.73057,351.42,0.41,0.61,2026-10-02,1123,N,VIIRS,n,2.0NRT,297.96,3.7,D
-16.81983,26.57705,367,0.36,0.58,2026-10-02,1123,N,VIIRS,h,2.0NRT,296.5,8.02,D
-16.73859,22.19147,333.45,0.7,0.75,2026-10-02,1123,N,VIIRS,n,2.0NRT,303.25,8.37,D
-16.73649,22.18569,331.98,0.7,0.75,2026-10-02,1123,N,VIIRS,n,2.0NRT,301.99,5.14,D
-16.73588,22.19254,333.07,0.7,0.75,2026-10-02,1123,N,VIIRS,n,2.0NRT,302.4,5.14,D
-16.72071,23.77541,339.1,0.55,0.68,2026-10-02,1123,N,VIIRS,n,2.0NRT,302.05,6.58,D
-16.6993,22.82629,334.94,0.64,0.72,2026-10-02,1123,N,VIIRS,l,2.0NRT,305,3.66,D
-16.66069,22.19133,335.62,0.7,0.75,2026-10-02,1123,N,VIIRS,n,2.0NRT,299.04,7.36,D
-16.62938,22.84452,335.81,0.64,0.72,2026-10-02,1123,N,VIIRS,l,2.0NRT,307.12,5.43,D
-16.62794,22.84258,339.71,0.64,0.72,2026-10-02,1123,N,VIIRS,n,2.0NRT,307.7,8.18,D
-16.62001,22.85423,367,0.63,0.72,2026-10-02,1123,N,VIIRS,h,2.0NRT,308.45,17.38,D
-16.57179,23.21787,337.28,0.6,0.71,2026-10-02,1123,N,VIIRS,n,2.0NRT,307,5.75,D
-16.54892,22.92538,346.32,0.63,0.72,2026-10-02,1123,N,VIIRS,n,2.0NRT,309.1,6.3,D
-16.5452,22.92732,367,0.63,0.72,2026-10-02,1123,N,VIIRS,h,2.0NRT,307.58,11.55,D
-16.5422,22.92475,337.79,0.63,0.72,2026-10-02,1123,N,VIIRS,n,2.0NRT,306.02,3.27,D
-16.50695,24.91468,336.37,0.47,0.64,2026-10-02,1123,N,VIIRS,n,2.0NRT,297.74,4.39,D
-16.50649,24.91912,333.74,0.46,0.64,2026-10-02,1123,N,VIIRS,n,2.0NRT,300.74,4.39,D
-16.48586,22.80191,351.56,0.64,0.72,2026-10-02,1123,N,VIIRS,n,2.0NRT,303.39,10.68,D
-16.48283,25.47623,332.6,0.43,0.62,2026-10-02,1123,N,VIIRS,n,2.0NRT,300.78,2.79,D
-16.47612,26.39724,354.47,0.37,0.58,2026-10-02,1123,N,VIIRS,n,2.0NRT,300.28,20.78,D
-16.47573,26.40078,338.65,0.37,0.58,2026-10-02,1123,N,VIIRS,n,2.0NRT,291.59,17.42,D
-16.46845,23.19933,367,0.6,0.71,2026-10-02,1123,N,VIIRS,h,2.0NRT,306.76,17.23,D
-16.41548,23.22099,332.97,0.6,0.7,2026-10-02,1123,N,VIIRS,n,2.0NRT,302.61,3.54,D
-16.37859,23.98472,330.43,0.53,0.67,2026-10-02,1123,N,VIIRS,l,2.0NRT,302.58,6.04,D
-16.37279,23.97902,332.26,0.53,0.67,2026-10-02,1123,N,VIIRS,n,2.0NRT,301.12,3.32,D
-16.35359,23.44423,367,0.58,0.7,2026-10-02,1123,N,VIIRS,h,2.0NRT,306.85,12.88,D
-16.19419,25.22088,367,0.44,0.62,2026-10-02,1123,N,VIIRS,h,2.0NRT,290.36,11.44,D
-16.19375,25.22495,357.08,0.44,0.62,2026-10-02,1123,N,VIIRS,l,2.0NRT,289.33,16.79,D
-16.19337,25.22013,356.97,0.44,0.62,2026-10-02,1123,N,VIIRS,l,2.0NRT,287.92,8.71,D
-16.19296,25.22421,367,0.44,0.62,2026-10-02,1123,N,VIIRS,h,2.0NRT,293.5,18.58,D
-16.18838,25.22017,335.17,0.44,0.62,2026-10-02,1123,N,VIIRS,n,2.0NRT,297.28,6.77,D
-16.18794,25.22425,333.18,0.44,0.62,2026-10-02,1123,N,VIIRS,n,2.0NRT,290.4,4.89,D
-16.18275,24.82289,330.09,0.47,0.64,2026-10-02,1123,N,VIIRS,l,2.0NRT,304.67,3.88,D
-15.82169,27.69239,335.61,0.6,0.53,2026-10-02,1123,N,VIIRS,n,2.0NRT,304.87,96.66,D
-16.35876,22.14929,352.22,0.7,0.75,2026-10-02,1125,N,VIIRS,n,2.0NRT,301.5,9.49,D
-16.2711,22.79311,367,0.64,0.72,2026-10-02,1125,N,VIIRS,h,2.0NRT,306.78,33.37,D
-16.26959,22.79068,341.55,0.63,0.72,2026-10-02,1125,N,VIIRS,n,2.0NRT,302.79,6.09,D
-16.26774,22.45535,336.71,0.67,0.74,2026-10-02,1125,N,VIIRS,n,2.0NRT,302.91,3.7,D
-16.26772,22.45993,340.08,0.67,0.73,2026-10-02,1125,N,VIIRS,n,2.0NRT,303.33,7.6,D
-16.21417,23.14098,330.45,0.6,0.71,2026-10-02,1125,N,VIIRS,l,2.0NRT,303.71,4.04,D
-16.21183,23.13742,330.81,0.6,0.71,2026-10-02,1125,N,VIIRS,l,2.0NRT,303.29,4.16,D
-16.18766,22.86309,356.37,0.63,0.72,2026-10-02,1125,N,VIIRS,n,2.0NRT,302.76,11.4,D
-16.17194,23.42064,330.74,0.58,0.7,2026-10-02,1125,N,VIIRS,l,2.0NRT,301.63,6.58,D
-16.16645,24.1941,332.49,0.51,0.66,2026-10-02,1125,N,VIIRS,n,2.0NRT,302.25,3.73,D
-16.15471,24.42829,336.26,0.5,0.65,2026-10-02,1125,N,VIIRS,n,2.0NRT,300.72,5.48,D
-16.05101,22.76753,334.35,0.63,0.72,2026-10-02,1125,N,VIIRS,n,2.0NRT,301.77,5.58,D
-16.02708,22.20885,352.41,0.69,0.74,2026-10-02,1125,N,VIIRS,n,2.0NRT,304.64,8.02,D
-16.02274,22.25539,340.91,0.68,0.74,2026-10-02,1125,N,VIIRS,n,2.0NRT,302.31,7.95,D
-15.99789,24.27301,332.2,0.5,0.66,2026-10-02,1125,N,VIIRS,n,2.0NRT,301.25,1.98,D
-15.95604,24.62557,335.09,0.48,0.65,2026-10-02,1125,N,VIIRS,n,2.0NRT,301.12,2.71,D
-15.95378,24.62666,331.32,0.48,0.65,2026-10-02,1125,N,VIIRS,n,2.0NRT,300.91,2.12,D
-15.9417,23.70513,334.63,0.55,0.68,2026-10-02,1125,N,VIIRS,n,2.0NRT,300.27,4.52,D
-15.94009,23.70728,345.83,0.55,0.68,2026-10-02,1125,N,VIIRS,n,2.0NRT,300.74,11.18,D
-15.93533,23.70445,351.05,0.55,0.68,2026-10-02,1125,N,VIIRS,n,2.0NRT,300.54,4.52,D
-15.84649,23.4675,333.47,0.57,0.69,2026-10-02,1125,N,VIIRS,l,2.0NRT,306.41,3.75,D
-15.82479,27.69233,348.23,0.6,0.53,2026-10-02,1125,N,VIIRS,n,2.0NRT,301.04,40.49,D
-15.78083,24.97732,341.03,0.45,0.63,2026-10-02,1125,N,VIIRS,n,2.0NRT,302.9,4.92,D
-15.76973,25.07982,337.72,0.44,0.63,2026-10-02,1125,N,VIIRS,n,2.0NRT,306.33,5.87,D
-15.76124,23.40896,342.14,0.57,0.69,2026-10-02,1125,N,VIIRS,n,2.0NRT,310.66,14.32,D
-15.76084,23.40878,341.57,0.57,0.69,2026-10-02,1125,N,VIIRS,n,2.0NRT,310.57,9.58,D
-15.7315,24.50759,335.62,0.48,0.65,2026-10-02,1125,N,VIIRS,n,2.0NRT,302.08,2.34,D
-15.71801,23.06558,330.36,0.6,0.71,2026-10-02,1125,N,VIIRS,l,2.0NRT,302.11,3.55,D
-15.71002,24.42037,342.57,0.49,0.65,2026-10-02,1125,N,VIIRS,n,2.0NRT,301.52,5.82,D
-15.70858,27.08729,355.63,0.33,0.55,2026-10-02,1125,N,VIIRS,n,2.0NRT,300.92,5.17,D
-15.70822,27.09037,354.87,0.33,0.55,2026-10-02,1125,N,VIIRS,n,2.0NRT,303.3,5.17,D
-15.69972,26.91971,345.3,0.33,0.56,2026-10-02,1125,N,VIIRS,n,2.0NRT,296.88,18.36,D
-15.69934,26.92288,367,0.33,0.56,2026-10-02,1125,N,VIIRS,h,2.0NRT,307.78,18.36,D
-15.69565,26.92377,367,0.33,0.56,2026-10-02,1125,N,VIIRS,h,2.0NRT,301.92,75.62,D
-15.69454,26.9191,330.85,0.33,0.56,2026-10-02,1125,N,VIIRS,n,2.0NRT,291.75,18.36,D
-15.69417,26.92226,367,0.33,0.56,2026-10-02,1125,N,VIIRS,h,2.0NRT,304.2,18.36,D
-15.6938,26.92542,343.36,0.33,0.56,2026-10-02,1125,N,VIIRS,n,2.0NRT,295.19,25.44,D
-15.68707,24.17465,334.12,0.51,0.66,2026-10-02,1125,N,VIIRS,n,2.0NRT,305.03,3.27,D
-15.68655,24.17953,334.11,0.51,0.66,2026-10-02,1125,N,VIIRS,n,2.0NRT,303.08,3.27,D
-15.68549,24.17528,337.39,0.51,0.66,2026-10-02,1125,N,VIIRS,n,2.0NRT,304.61,5.3,D
-15.68366,23.1281,335.04,0.6,0.7,2026-10-02,1125,N,VIIRS,n,2.0NRT,303.76,4.88,D
-15.6706,22.37572,335.56,0.67,0.73,2026-10-02,1125,N,VIIRS,n,2.0NRT,303,4.4,D
-15.67019,22.37827,330.22,0.67,0.73,2026-10-02,1125,N,VIIRS,l,2.0NRT,303.48,6.72,D
-15.65303,23.18061,336.27,0.59,0.7,2026-10-02,1125,N,VIIRS,n,2.0NRT,302.9,5.36,D
-15.65215,22.98965,355.38,0.61,0.71,2026-10-02,1125,N,VIIRS,n,2.0NRT,307.03,12.35,D
-15.64553,22.9889,340.28,0.61,0.71,2026-10-02,1125,N,VIIRS,n,2.0NRT,306.04,6.79,D
-15.62209,24.77357,354.07,0.46,0.64,2026-10-02,1125,N,VIIRS,n,2.0NRT,303.67,5.34,D
-15.62161,24.77793,335.19,0.46,0.64,2026-10-02,1125,N,VIIRS,n,2.0NRT,302.39,5.7,D
-15.61863,24.77463,367,0.46,0.64,2026-10-02,1125,N,VIIRS,h,2.0NRT,307.47,11.31,D
-15.61324,24.88513,334.16,0.46,0.63,2026-10-02,1125,N,VIIRS,n,2.0NRT,304.48,4.26,D
-15.61279,24.88948,333.03,0.46,0.63,2026-10-02,1125,N,VIIRS,l,2.0NRT,304.24,5.07,D
-15.60955,24.88746,338.1,0.46,0.63,2026-10-02,1125,N,VIIRS,n,2.0NRT,304.09,5.84,D
-15.60759,24.74091,345.51,0.47,0.64,2026-10-02,1125,N,VIIRS,n,2.0NRT,302.83,3.69,D
-15.60104,24.85604,340.17,0.46,0.63,2026-10-02,1125,N,VIIRS,n,2.0NRT,304.71,6.8,D
-15.59818,24.85721,333.77,0.46,0.63,2026-10-02,1125,N,VIIRS,l,2.0NRT,305.69,5.28,D
-15.57857,24.78688,332.06,0.46,0.64,2026-10-02,1125,N,VIIRS,l,2.0NRT,304.71,3.95,D
-15.57717,22.26264,331.9,0.68,0.74,2026-10-02,1125,N,VIIRS,n,2.0NRT,301.46,2.79,D
-15.57022,24.52152,342.66,0.48,0.65,2026-10-02,1125,N,VIIRS,n,2.0NRT,305.33,6.48,D
-15.49849,27.41866,343.24,0.62,0.54,2026-10-02,1125,N,VIIRS,n,2.0NRT,304.99,16.24,D
-15.49499,23.19371,338.45,0.59,0.7,2026-10-02,1125,N,VIIRS,n,2.0NRT,303.86,6.44,D
-15.49481,23.19008,341.02,0.59,0.7,2026-10-02,1125,N,VIIRS,n,2.0NRT,304.42,3.79,D
-15.49222,27.84109,342.25,0.58,0.52,2026-10-02,1125,N,VIIRS,n,2.0NRT,300.9,7.76,D
-15.49081,24.67508,335.87,0.47,0.64,2026-10-02,1125,N,VIIRS,n,2.0NRT,305.36,4.63,D
-15.4905,27.83778,331.01,0.58,0.52,2026-10-02,1125,N,VIIRS,n,2.0NRT,297.3,4.74,D
-15.49048,27.09191,367,0.32,0.55,2026-10-02,1125,N,VIIRS,h,2.0NRT,305.83,11.6,D
-15.49013,27.09497,334.03,0.32,0.55,2026-10-02,1125,N,VIIRS,n,2.0NRT,304.73,11.45,D
-15.48484,24.67444,334.24,0.47,0.64,2026-10-02,1125,N,VIIRS,l,2.0NRT,305.25,6.25,D
-15.48431,24.79106,330.85,0.46,0.64,2026-10-02,1125,N,VIIRS,l,2.0NRT,305.7,1.7,D
-15.47934,24.66939,356.06,0.47,0.64,2026-10-02,1125,N,VIIRS,n,2.0NRT,311.63,14.03,D
-15.47886,24.67385,351.16,0.47,0.64,2026-10-02,1125,N,VIIRS,n,2.0NRT,308.47,6.25,D
-15.45436,24.73417,367,0.46,0.64,2026-10-02,1125,N,VIIRS,h,2.0NRT,309.37,10.36,D
-15.44136,24.85669,335.29,0.46,0.63,2026-10-02,1125,N,VIIRS,n,2.0NRT,303.71,5.53,D
-15.42947,27.87214,332.45,0.57,0.52,2026-10-02,1125,N,VIIRS,l,2.0NRT,305.29,7.33,D
-15.41141,23.7986,336.84,0.53,0.67,2026-10-02,1125,N,VIIRS,n,2.0NRT,305.7,8.33,D
-15.40835,23.80079,335.89,0.53,0.67,2026-10-02,1125,N,VIIRS,n,2.0NRT,305.68,3.95,D
-15.40498,24.72027,348.54,0.46,0.64,2026-10-02,1125,N,VIIRS,n,2.0NRT,306.58,8.8,D
-15.40219,24.71505,335.13,0.47,0.64,2026-10-02,1125,N,VIIRS,l,2.0NRT,305.36,5.66,D
-15.40173,24.71947,350.81,0.47,0.64,2026-10-02,1125,N,VIIRS,n,2.0NRT,306.33,7.71,D
-15.40129,24.72383,350.11,0.46,0.64,2026-10-02,1125,N,VIIRS,n,2.0NRT,305.45,7.71,D
-15.39951,24.71521,333.36,0.46,0.64,2026-10-02,1125,N,VIIRS,l,2.0NRT,304.39,5.18,D
-15.39903,24.71961,338.63,0.46,0.64,2026-10-02,1125,N,VIIRS,n,2.0NRT,303.68,7.16,D
-15.39694,24.68344,337.42,0.47,0.64,2026-10-02,1125,N,VIIRS,n,2.0NRT,305.93,4.13,D
-15.35271,25.03352,367,0.44,0.63,2026-10-02,1125,N,VIIRS,h,2.0NRT,306.83,6.91,D
-15.34892,23.97018,335.26,0.52,0.67,2026-10-02,1125,N,VIIRS,l,2.0NRT,305.9,1.82,D
-15.34443,24.37277,367,0.49,0.65,2026-10-02,1125,N,VIIRS,h,2.0NRT,312.04,12.33,D
-15.34358,24.36969,335.63,0.49,0.65,2026-10-02,1125,N,VIIRS,n,2.0NRT,310.5,9.53,D
-15.34355,24.55937,332.77,0.48,0.64,2026-10-02,1125,N,VIIRS,l,2.0NRT,303.35,3.53,D
-15.34306,24.37445,367,0.49,0.65,2026-10-02,1125,N,VIIRS,h,2.0NRT,310.56,19.11,D
-15.34145,24.55602,335.71,0.48,0.64,2026-10-02,1125,N,VIIRS,n,2.0NRT,304.8,6.86,D
-15.33834,24.37222,353.51,0.49,0.65,2026-10-02,1125,N,VIIRS,n,2.0NRT,304.11,6.32,D
-15.32859,25.19928,333.42,0.43,0.62,2026-10-02,1125,N,VIIRS,l,2.0NRT,306.77,4.64,D
-15.32301,23.66431,338.61,0.54,0.68,2026-10-02,1125,N,VIIRS,n,2.0NRT,306.78,7.65,D
-15.32192,25.20686,332.87,0.43,0.62,2026-10-02,1125,N,VIIRS,l,2.0NRT,303.5,3.93,D
-15.32147,25.21097,333.99,0.43,0.62,2026-10-02,1125,N,VIIRS,n,2.0NRT,302.46,4.95,D
-15.32123,23.66388,339.27,0.54,0.68,2026-10-02,1125,N,VIIRS,n,2.0NRT,306.62,7.35,D
-15.29785,24.0995,352.34,0.51,0.66,2026-10-02,1125,N,VIIRS,n,2.0NRT,309.66,9.32,D
-15.29383,23.95459,330.87,0.52,0.67,2026-10-02,1125,N,VIIRS,l,2.0NRT,305.18,6.64,D
-15.29324,24.09827,339.65,0.51,0.66,2026-10-02,1125,N,VIIRS,n,2.0NRT,302.15,3.03,D
-15.27146,25.24251,331.26,0.43,0.62,2026-10-02,1125,N,VIIRS,l,2.0NRT,305.61,5.09,D
-15.27102,25.24659,331.07,0.43,0.62,2026-10-02,1125,N,VIIRS,l,2.0NRT,305.83,4.8,D
-15.25509,25.23239,341.43,0.43,0.62,2026-10-02,1125,N,VIIRS,n,2.0NRT,303.76,4.3,D
-15.25377,25.23285,335.17,0.43,0.62,2026-10-02,1125,N,VIIRS,n,2.0NRT,304.28,3.55,D
-15.25032,25.21185,335.53,0.43,0.62,2026-10-02,1125,N,VIIRS,n,2.0NRT,304.32,3.47,D
-15.24573,24.88053,330.98,0.45,0.63,2026-10-02,1125,N,VIIRS,n,2.0NRT,305.81,3.3,D
-15.23987,24.87976,343.26,0.45,0.63,2026-10-02,1125,N,VIIRS,n,2.0NRT,314.76,30.93,D
-15.2394,24.88407,367,0.45,0.63,2026-10-02,1125,N,VIIRS,h,2.0NRT,306.74,30.93,D
-15.23589,23.09706,336.41,0.59,0.7,2026-10-02,1125,N,VIIRS,n,2.0NRT,306.5,5.99,D
-15.20575,25.08591,347.38,0.44,0.62,2026-10-02,1125,N,VIIRS,n,2.0NRT,308.68,10.85,D
-15.19942,24.56213,335.16,0.47,0.64,2026-10-02,1125,N,VIIRS,l,2.0NRT,307.17,6.03,D
-15.17521,24.33175,347.09,0.49,0.65,2026-10-02,1125,N,VIIRS,n,2.0NRT,305.95,4.06,D
-15.16091,22.67422,331.18,0.63,0.72,2026-10-02,1125,N,VIIRS,l,2.0NRT,303.3,4.29,D
-15.13876,26.3686,330.39,0.36,0.57,2026-10-02,1125,N,VIIRS,l,2.0NRT,302.89,3.87,D
-15.13875,26.4507,339.92,0.35,0.57,2026-10-02,1125,N,VIIRS,n,2.0NRT,299.46,2.83,D
-15.1354,24.53667,344.38,0.47,0.64,2026-10-02,1125,N,VIIRS,n,2.0NRT,307.3,4.76,D
-15.13267,24.53755,367,0.47,0.64,2026-10-02,1125,N,VIIRS,h,2.0NRT,309.46,12.4,D
-15.12941,24.536,342.51,0.47,0.64,2026-10-02,1125,N,VIIRS,n,2.0NRT,303.72,4.76,D
-15.12894,24.5405,339.26,0.47,0.64,2026-10-02,1125,N,VIIRS,n,2.0NRT,304.34,11.85,D
-15.12807,25.05002,367,0.44,0.62,2026-10-02,1125,N,VIIRS,h,2.0NRT,305.82,9.69,D
-15.12673,23.45644,332.53,0.56,0.69,2026-10-02,1125,N,VIIRS,n,2.0NRT,301.53,5.59,D
-15.11126,24.65188,338.18,0.47,0.64,2026-10-02,1125,N,VIIRS,n,2.0NRT,307.15,2.79,D
-15.10673,24.97555,334.4,0.44,0.63,2026-10-02,1125,N,VIIRS,l,2.0NRT,305.62,3.71,D
-15.09155,24.74421,347.84,0.46,0.63,2026-10-02,1125,N,VIIRS,n,2.0NRT,305.57,6.57,D
-15.08975,24.74297,340.39,0.46,0.63,2026-10-02,1125,N,VIIRS,n,2.0NRT,306.05,4.91,D
-15.05128,24.78398,339.35,0.46,0.63,2026-10-02,1125,N,VIIRS,n,2.0NRT,307.03,4.45,D
-15.04525,22.84576,336.31,0.61,0.71,2026-10-02,1125,N,VIIRS,n,2.0NRT,300.61,3.57,D
-15.04207,24.81372,350.42,0.45,0.63,2026-10-02,1125,N,VIIRS,n,2.0NRT,302.41,9.64,D
-15.04159,24.81803,367,0.45,0.63,2026-10-02,1125,N,VIIRS,h,2.0NRT,307.84,17.84,D
-15.03996,25.32469,351.37,0.42,0.61,2026-10-02,1125,N,VIIRS,n,2.0NRT,310.84,11.31,D
-15.03953,25.32868,347.81,0.42,0.61,2026-10-02,1125,N,VIIRS,n,2.0NRT,310.89,9.41,D
-15.03771,25.32466,367,0.42,0.61,2026-10-02,1125,N,VIIRS,h,2.0NRT,311.43,8,D
-15.03726,25.32864,347.11,0.42,0.61,2026-10-02,1125,N,VIIRS,n,2.0NRT,308.05,8.24,D
-15.03426,25.32402,367,0.42,0.61,2026-10-02,1125,N,VIIRS,h,2.0NRT,312.37,11.31,D
-15.03384,25.32802,348.41,0.42,0.61,2026-10-02,1125,N,VIIRS,n,2.0NRT,307.98,9.41,D
-15.03247,25.32002,338.86,0.42,0.61,2026-10-02,1125,N,VIIRS,n,2.0NRT,307.94,8,D
-15.03202,25.32401,367,0.42,0.61,2026-10-02,1125,N,VIIRS,h,2.0NRT,310.1,8,D
-15.03163,24.1663,352.48,0.5,0.66,2026-10-02,1125,N,VIIRS,n,2.0NRT,308.53,6.21,D
-15.03156,25.32799,334.73,0.42,0.61,2026-10-02,1125,N,VIIRS,n,2.0NRT,305.37,8.24,D
-15.03112,24.17108,338.05,0.5,0.66,2026-10-02,1125,N,VIIRS,n,2.0NRT,306.58,6.21,D
-15.02042,26.36535,345.61,0.36,0.57,2026-10-02,1125,N,VIIRS,n,2.0NRT,308.36,6.85,D
-15.01959,24.74536,340.21,0.46,0.63,2026-10-02,1125,N,VIIRS,n,2.0NRT,305.67,2.76,D
-15.01763,26.36219,343.18,0.36,0.57,2026-10-02,1125,N,VIIRS,n,2.0NRT,307.38,5.57,D
-15.01722,26.36563,338.02,0.36,0.57,2026-10-02,1125,N,VIIRS,n,2.0NRT,306.05,6.22,D
-15.0159,26.40601,367,0.36,0.57,2026-10-02,1125,N,VIIRS,h,2.0NRT,308.91,17.74,D
-15.01282,26.40275,344.41,0.36,0.57,2026-10-02,1125,N,VIIRS,n,2.0NRT,305.63,8.85,D
-15.01243,26.40607,367,0.35,0.57,2026-10-02,1125,N,VIIRS,h,2.0NRT,308.61,14.78,D
-15.0116,26.68026,340.5,0.34,0.56,2026-10-02,1125,N,VIIRS,n,2.0NRT,299.13,1.74,D
-15.00559,26.28054,367,0.36,0.58,2026-10-02,1125,N,VIIRS,h,2.0NRT,315.01,22.25,D
-15.00023,26.27999,367,0.36,0.58,2026-10-02,1125,N,VIIRS,h,2.0NRT,309.86,11.94,D
-14.99344,23.94818,337.08,0.52,0.67,2026-10-02,1125,N,VIIRS,n,2.0NRT,306.62,3.27,D
-14.99247,23.94612,331.26,0.52,0.67,2026-10-02,1125,N,VIIRS,l,2.0NRT,303.73,3.39,D
-14.9854,26.58872,367,0.34,0.56,2026-10-02,1125,N,VIIRS,h,2.0NRT,304.38,13.52,D
-14.98227,26.47982,367,0.35,0.57,2026-10-02,1125,N,VIIRS,h,2.0NRT,297.8,5.8,D
-14.97412,25.42942,338.39,0.41,0.61,2026-10-02,1125,N,VIIRS,n,2.0NRT,306.66,1.77,D
-14.95488,24.12893,338.92,0.5,0.66,2026-10-02,1125,N,VIIRS,n,2.0NRT,306.38,3.23,D
-14.95052,26.83693,330.9,0.33,0.55,2026-10-02,1125,N,VIIRS,l,2.0NRT,302.17,5.08,D
-14.94211,24.82047,367,0.45,0.63,2026-10-02,1125,N,VIIRS,h,2.0NRT,304.98,5.43,D
-14.93109,24.11836,342.43,0.5,0.66,2026-10-02,1125,N,VIIRS,l,2.0NRT,314.91,12.99,D
-14.92443,24.12247,345.32,0.5,0.66,2026-10-02,1125,N,VIIRS,n,2.0NRT,314.58,14.14,D
-14.92092,24.54389,367,0.47,0.64,2026-10-02,1125,N,VIIRS,h,2.0NRT,305.93,6.95,D
-14.92046,25.42712,348.71,0.41,0.61,2026-10-02,1125,N,VIIRS,n,2.0NRT,309.87,14.54,D
-14.92044,25.32733,341.77,0.42,0.61,2026-10-02,1125,N,VIIRS,n,2.0NRT,307.78,1.96,D
-14.91799,24.54251,345.5,0.47,0.64,2026-10-02,1125,N,VIIRS,n,2.0NRT,305.12,4.98,D
-14.91752,24.54697,338.36,0.47,0.64,2026-10-02,1125,N,VIIRS,n,2.0NRT,304.99,7.48,D
-14.91714,25.42703,349.97,0.41,0.61,2026-10-02,1125,N,VIIRS,n,2.0NRT,315,22.33,D
-14.91671,25.43098,367,0.41,0.61,2026-10-02,1125,N,VIIRS,h,2.0NRT,308.94,22.33,D
-14.91639,25.32698,341.38,0.42,0.61,2026-10-02,1125,N,VIIRS,n,2.0NRT,308.32,2.63,D
-14.91481,25.42649,352.8,0.41,0.61,2026-10-02,1125,N,VIIRS,n,2.0NRT,310.67,14.54,D
-14.91435,25.43045,367,0.41,0.61,2026-10-02,1125,N,VIIRS,h,2.0NRT,308.68,14.54,D
-14.91148,25.42639,334,0.41,0.61,2026-10-02,1125,N,VIIRS,n,2.0NRT,307.79,2.78,D
-14.90711,22.84978,335.8,0.61,0.71,2026-10-02,1125,N,VIIRS,n,2.0NRT,300.65,3.32,D
-14.89846,25.36879,343.52,0.41,0.61,2026-10-02,1125,N,VIIRS,n,2.0NRT,305.03,5.65,D
-14.89801,25.37274,347.99,0.41,0.61,2026-10-02,1125,N,VIIRS,n,2.0NRT,304.57,5.65,D
-14.89122,25.01559,334.12,0.44,0.62,2026-10-02,1125,N,VIIRS,l,2.0NRT,307.29,2.14,D
-14.89088,23.84659,347.75,0.52,0.67,2026-10-02,1125,N,VIIRS,n,2.0NRT,303.99,7.99,D
-14.88734,23.8456,351.4,0.52,0.67,2026-10-02,1125,N,VIIRS,n,2.0NRT,304.2,9.68,D
-14.88518,23.32439,345.09,0.57,0.69,2026-10-02,1125,N,VIIRS,n,2.0NRT,302.43,7.59,D
-14.88515,24.64785,341.46,0.46,0.64,2026-10-02,1125,N,VIIRS,n,2.0NRT,306.86,3.7,D
-14.88495,24.91371,342.03,0.44,0.63,2026-10-02,1125,N,VIIRS,n,2.0NRT,309.65,5.08,D
-14.88462,24.91307,334.88,0.44,0.63,2026-10-02,1125,N,VIIRS,l,2.0NRT,308.38,4.25,D
-14.88252,24.651,339.88,0.46,0.64,2026-10-02,1125,N,VIIRS,n,2.0NRT,306.75,3.94,D
-14.87836,27.00812,367,0.32,0.55,2026-10-02,1125,N,VIIRS,h,2.0NRT,302.44,4.97,D
-14.86506,23.81796,349.6,0.52,0.67,2026-10-02,1125,N,VIIRS,n,2.0NRT,302.66,8.34,D
-14.86452,23.82302,353.83,0.52,0.67,2026-10-02,1125,N,VIIRS,n,2.0NRT,304.3,8.34,D
-14.86217,23.81828,348.75,0.53,0.67,2026-10-02,1125,N,VIIRS,n,2.0NRT,302.23,8.5,D
-14.86166,23.82332,348.05,0.52,0.67,2026-10-02,1125,N,VIIRS,n,2.0NRT,303.53,12.57,D
-14.8506,24.52269,344.2,0.47,0.64,2026-10-02,1125,N,VIIRS,n,2.0NRT,304.23,3.57,D
-14.84983,25.12788,334.64,0.43,0.62,2026-10-02,1125,N,VIIRS,n,2.0NRT,308.65,5.08,D
-14.84866,25.12808,367,0.43,0.62,2026-10-02,1125,N,VIIRS,h,2.0NRT,309.7,8.74,D
-14.84407,25.12725,367,0.43,0.62,2026-10-02,1125,N,VIIRS,h,2.0NRT,307.29,5.08,D
-14.83935,22.7463,333.95,0.62,0.71,2026-10-02,1125,N,VIIRS,l,2.0NRT,304.71,7.28,D
-14.82661,22.73902,331.85,0.62,0.71,2026-10-02,1125,N,VIIRS,l,2.0NRT,304.22,7,D
-14.82604,24.58267,331.56,0.47,0.64,2026-10-02,1125,N,VIIRS,l,2.0NRT,305.28,1.88,D
-14.82602,22.74491,335.05,0.62,0.71,2026-10-02,1125,N,VIIRS,l,2.0NRT,305.06,7,D
-14.82179,26.84703,338.87,0.33,0.55,2026-10-02,1125,N,VIIRS,n,2.0NRT,298.42,2.91,D
-14.81935,22.74423,351.98,0.62,0.71,2026-10-02,1125,N,VIIRS,n,2.0NRT,304.63,8.83,D
-14.81801,22.9553,343.03,0.6,0.7,2026-10-02,1125,N,VIIRS,n,2.0NRT,304.85,4.46,D
-14.81655,24.94444,367,0.44,0.62,2026-10-02,1125,N,VIIRS,h,2.0NRT,305.42,6.84,D
-14.80244,27.48259,338.73,0.6,0.53,2026-10-02,1125,N,VIIRS,n,2.0NRT,306.66,9.46,D
-14.78679,23.38232,332.5,0.56,0.69,2026-10-02,1125,N,VIIRS,n,2.0NRT,304.34,4.31,D
-14.78162,27.39205,342.99,0.61,0.53,2026-10-02,1125,N,VIIRS,n,2.0NRT,307.11,17.94,D
-14.77668,27.39142,345.98,0.61,0.53,2026-10-02,1125,N,VIIRS,n,2.0NRT,303.61,17.94,D
-14.77607,25.09929,332.89,0.43,0.62,2026-10-02,1125,N,VIIRS,l,2.0NRT,306.53,1.42,D
-14.77568,25.04932,346.3,0.43,0.62,2026-10-02,1125,N,VIIRS,n,2.0NRT,304.23,4.64,D
-14.74364,25.17596,330.56,0.43,0.62,2026-10-02,1125,N,VIIRS,l,2.0NRT,304.43,0.79,D
-14.74204,26.95244,334.6,0.32,0.55,2026-10-02,1125,N,VIIRS,n,2.0NRT,296.22,4.01,D
-14.74197,24.93432,335.93,0.44,0.62,2026-10-02,1125,N,VIIRS,n,2.0NRT,307.42,2.78,D
-14.72123,23.50087,340.93,0.55,0.68,2026-10-02,1125,N,VIIRS,n,2.0NRT,308.84,6.72,D
-14.69641,22.49667,341.53,0.64,0.72,2026-10-02,1125,N,VIIRS,n,2.0NRT,300.5,4.68,D
-14.69486,23.89237,344.22,0.52,0.67,2026-10-02,1125,N,VIIRS,n,2.0NRT,309.72,10.82,D
-14.6945,25.25125,335.02,0.42,0.61,2026-10-02,1125,N,VIIRS,n,2.0NRT,306.33,1.71,D
-14.69209,22.49841,338.45,0.64,0.72,2026-10-02,1125,N,VIIRS,n,2.0NRT,299.65,4.76,D
-14.69077,24.5535,330.66,0.47,0.64,2026-10-02,1125,N,VIIRS,n,2.0NRT,304.16,2.08,D
-14.67893,24.04348,333.47,0.5,0.66,2026-10-02,1125,N,VIIRS,l,2.0NRT,308.22,5.47,D
-14.62694,25.18243,339.36,0.42,0.61,2026-10-02,1125,N,VIIRS,n,2.0NRT,307.81,2.85,D
-14.62578,23.91143,339.35,0.51,0.66,2026-10-02,1125,N,VIIRS,n,2.0NRT,308.55,9.01,D
-14.62515,25.18255,338.77,0.42,0.61,2026-10-02,1125,N,VIIRS,n,2.0NRT,306.25,3.56,D
-14.62482,24.32226,334.18,0.48,0.65,2026-10-02,1125,N,VIIRS,l,2.0NRT,305.34,4.7,D
-14.62425,24.31887,335.47,0.48,0.65,2026-10-02,1125,N,VIIRS,n,2.0NRT,302.74,4.04,D
-14.61369,24.86983,347.94,0.44,0.63,2026-10-02,1125,N,VIIRS,n,2.0NRT,308.66,6.47,D
-14.61256,24.36859,331.26,0.48,0.65,2026-10-02,1125,N,VIIRS,l,2.0NRT,303.08,1.69,D
-14.6012,25.57421,336.26,0.4,0.6,2026-10-02,1125,N,VIIRS,n,2.0NRT,304.19,9.42,D
-14.60078,25.57804,339.43,0.4,0.6,2026-10-02,1125,N,VIIRS,n,2.0NRT,303.74,16.19,D
-14.59719,25.56966,345.48,0.4,0.6,2026-10-02,1125,N,VIIRS,n,2.0NRT,304.15,11.7,D
-14.59673,25.57349,352.72,0.4,0.6,2026-10-02,1125,N,VIIRS,n,2.0NRT,305.86,11.7,D
-14.59628,25.57731,354.88,0.4,0.6,2026-10-02,1125,N,VIIRS,n,2.0NRT,308.87,28.74,D
-14.59604,25.56978,346.06,0.4,0.6,2026-10-02,1125,N,VIIRS,n,2.0NRT,304.03,9.42,D
-14.59584,25.58107,356.36,0.4,0.6,2026-10-02,1125,N,VIIRS,l,2.0NRT,300.47,28.74,D
-14.59562,25.57362,355.6,0.4,0.6,2026-10-02,1125,N,VIIRS,n,2.0NRT,308.06,9.42,D
-14.5952,25.57743,356.73,0.4,0.6,2026-10-02,1125,N,VIIRS,n,2.0NRT,307.02,16.19,D
-14.59478,25.58119,341.79,0.4,0.6,2026-10-02,1125,N,VIIRS,n,2.0NRT,299.16,16.19,D
-14.59198,25.46896,332.4,0.4,0.6,2026-10-02,1125,N,VIIRS,l,2.0NRT,306.73,3.67,D
-14.59153,25.47279,342.3,0.4,0.6,2026-10-02,1125,N,VIIRS,n,2.0NRT,307.28,3.67,D
-14.59115,25.57292,367,0.4,0.6,2026-10-02,1125,N,VIIRS,h,2.0NRT,304.07,11.7,D
-14.59004,25.57302,367,0.4,0.6,2026-10-02,1125,N,VIIRS,h,2.0NRT,300.72,10.8,D
-14.58533,24.91306,338.75,0.44,0.62,2026-10-02,1125,N,VIIRS,n,2.0NRT,306.42,2.37,D
-14.57193,23.30566,331.02,0.56,0.69,2026-10-02,1125,N,VIIRS,l,2.0NRT,302.2,4.87,D
-14.57151,23.95586,332.82,0.51,0.66,2026-10-02,1125,N,VIIRS,n,2.0NRT,301.19,3.29,D
-14.55976,23.83563,347.96,0.52,0.67,2026-10-02,1125,N,VIIRS,n,2.0NRT,308.24,8.22,D
-14.55856,23.83375,345.36,0.52,0.67,2026-10-02,1125,N,VIIRS,n,2.0NRT,309.63,8.51,D
-14.53539,25.36501,350.36,0.41,0.61,2026-10-02,1125,N,VIIRS,n,2.0NRT,307.79,1.83,D
-14.52975,25.36432,367,0.41,0.61,2026-10-02,1125,N,VIIRS,h,2.0NRT,308.12,7.71,D
-14.52766,24.19101,332,0.49,0.65,2026-10-02,1125,N,VIIRS,n,2.0NRT,304.66,6.28,D
-14.52719,24.19556,367,0.49,0.65,2026-10-02,1125,N,VIIRS,h,2.0NRT,306.61,10.37,D
-14.52645,24.19202,356.48,0.49,0.65,2026-10-02,1125,N,VIIRS,n,2.0NRT,306.04,6.95,D
-14.52594,24.19656,334.95,0.49,0.65,2026-10-02,1125,N,VIIRS,n,2.0NRT,304.84,9.85,D
-14.52254,24.18109,339.15,0.49,0.65,2026-10-02,1125,N,VIIRS,n,2.0NRT,302.59,3.32,D
-14.5214,24.18213,343.17,0.49,0.65,2026-10-02,1125,N,VIIRS,n,2.0NRT,306.51,4.02,D
-14.51902,25.46065,338.42,0.4,0.6,2026-10-02,1125,N,VIIRS,n,2.0NRT,306.94,3.79,D
-14.51064,27.08245,332.92,0.63,0.54,2026-10-02,1125,N,VIIRS,n,2.0NRT,301.6,6.84,D
-14.50968,24.24538,351.94,0.49,0.65,2026-10-02,1125,N,VIIRS,n,2.0NRT,305.93,15.59,D
-14.50932,27.08274,333.65,0.63,0.54,2026-10-02,1125,N,VIIRS,n,2.0NRT,301.48,5.25,D
-14.50917,24.25025,367,0.49,0.65,2026-10-02,1125,N,VIIRS,h,2.0NRT,307.52,32.67,D
-14.50874,24.18515,331.52,0.49,0.65,2026-10-02,1125,N,VIIRS,l,2.0NRT,305.3,2.98,D
-14.50809,24.2464,356.56,0.49,0.65,2026-10-02,1125,N,VIIRS,n,2.0NRT,309.29,24.57,D
-14.50791,25.30238,333.52,0.41,0.61,2026-10-02,1125,N,VIIRS,l,2.0NRT,307.93,4.19,D
-14.50754,24.25129,367,0.49,0.65,2026-10-02,1125,N,VIIRS,h,2.0NRT,304.06,23.78,D
-14.50594,25.3022,343.42,0.41,0.61,2026-10-02,1125,N,VIIRS,n,2.0NRT,306.78,8.21,D
-14.50223,25.30181,331.77,0.41,0.61,2026-10-02,1125,N,VIIRS,l,2.0NRT,306.03,2.23,D
-14.49108,25.52672,337.72,0.4,0.6,2026-10-02,1125,N,VIIRS,l,2.0NRT,311.67,8.08,D
-14.48901,25.52679,336.3,0.4,0.6,2026-10-02,1125,N,VIIRS,l,2.0NRT,310.02,5.25,D
-14.47157,23.74243,330.88,0.52,0.67,2026-10-02,1125,N,VIIRS,l,2.0NRT,305.87,3.28,D
-14.44521,23.80994,332.08,0.52,0.67,2026-10-02,1125,N,VIIRS,l,2.0NRT,302.46,5.62,D
-14.39058,24.19344,346.32,0.49,0.65,2026-10-02,1125,N,VIIRS,n,2.0NRT,300.4,4.32,D
-14.39007,24.19809,332.12,0.49,0.65,2026-10-02,1125,N,VIIRS,n,2.0NRT,298.96,4.32,D
-14.3744,23.43212,342.64,0.55,0.68,2026-10-02,1125,N,VIIRS,n,2.0NRT,298.52,4.59,D
-14.37302,25.62548,340.77,0.39,0.6,2026-10-02,1125,N,VIIRS,n,2.0NRT,301.37,8.23,D
-14.37262,25.62609,346.87,0.39,0.6,2026-10-02,1125,N,VIIRS,n,2.0NRT,301.91,8.29,D
-14.37259,25.62912,367,0.39,0.59,2026-10-02,1125,N,VIIRS,h,2.0NRT,298.08,8.23,D
-14.37221,25.62975,367,0.39,0.6,2026-10-02,1125,N,VIIRS,h,2.0NRT,299.97,8.29,D
-14.36804,23.43143,342.88,0.55,0.68,2026-10-02,1125,N,VIIRS,n,2.0NRT,300.27,6.99,D
-14.35264,25.60771,345.83,0.39,0.6,2026-10-02,1125,N,VIIRS,n,2.0NRT,304.79,6.22,D
-14.34582,25.61807,367,0.39,0.6,2026-10-02,1125,N,VIIRS,h,2.0NRT,312.96,26.63,D
-14.33858,22.59691,330.7,0.62,0.72,2026-10-02,1125,N,VIIRS,n,2.0NRT,299.87,6.5,D
-14.33806,22.96747,347.68,0.59,0.7,2026-10-02,1125,N,VIIRS,n,2.0NRT,299.47,8.51,D
-14.33027,23.72202,334.71,0.52,0.67,2026-10-02,1125,N,VIIRS,n,2.0NRT,298.31,5.72,D
-14.32455,23.71637,337.67,0.53,0.67,2026-10-02,1125,N,VIIRS,n,2.0NRT,302.32,3.27,D
-14.31435,23.81067,333.46,0.52,0.67,2026-10-02,1125,N,VIIRS,n,2.0NRT,300.24,7.54,D
-14.23798,23.60714,330.57,0.53,0.67,2026-10-02,1125,N,VIIRS,l,2.0NRT,301.97,4.44,D
-14.20432,27.01525,339.68,0.63,0.54,2026-10-02,1125,N,VIIRS,n,2.0NRT,297.49,12.09,D
-14.20354,27.01715,346.95,0.63,0.54,2026-10-02,1125,N,VIIRS,n,2.0NRT,297.53,7.75,D
-14.18795,23.7188,341,0.52,0.67,2026-10-02,1125,N,VIIRS,n,2.0NRT,299.56,4.51,D
-14.18172,23.718,354.98,0.52,0.67,2026-10-02,1125,N,VIIRS,n,2.0NRT,302.76,17.23,D
-14.18094,28.06203,337.06,0.54,0.51,2026-10-02,1125,N,VIIRS,l,2.0NRT,307.92,5.95,D
-14.14813,23.5793,337.16,0.53,0.67,2026-10-02,1125,N,VIIRS,n,2.0NRT,299.44,3.55,D
-14.14184,23.57861,342.32,0.53,0.67,2026-10-02,1125,N,VIIRS,n,2.0NRT,303.56,10.81,D
-14.14129,23.58369,353.14,0.53,0.67,2026-10-02,1125,N,VIIRS,n,2.0NRT,303.51,9.39,D
-14.14073,23.58878,333.83,0.53,0.67,2026-10-02,1125,N,VIIRS,n,2.0NRT,296.92,9.39,D
-14.12244,25.37615,346.41,0.41,0.6,2026-10-02,1125,N,VIIRS,n,2.0NRT,302.51,7.94,D
-13.98361,24.43763,336.7,0.47,0.64,2026-10-02,1125,N,VIIRS,n,2.0NRT,298.19,4.32,D
-13.90778,23.62052,330.51,0.53,0.67,2026-10-02,1125,N,VIIRS,n,2.0NRT,292.03,6.64,D
-13.90725,23.62535,338.85,0.53,0.67,2026-10-02,1125,N,VIIRS,n,2.0NRT,298.42,12.94,D
-13.8392,27.64199,336.62,0.57,0.52,2026-10-02,1125,N,VIIRS,n,2.0NRT,300.81,2.46,D
-13.83527,28.05902,339.49,0.53,0.5,2026-10-02,1125,N,VIIRS,n,2.0NRT,300.01,7.13,D
-13.8319,27.5814,332.51,0.57,0.52,2026-10-02,1125,N,VIIRS,l,2.0NRT,302.61,5.31,D
-13.83126,27.58675,335.83,0.57,0.52,2026-10-02,1125,N,VIIRS,n,2.0NRT,300.37,5.31,D
-13.80291,22.70465,356.68,0.6,0.71,2026-10-02,1125,N,VIIRS,l,2.0NRT,279.06,23.45,D
-13.80229,22.71038,338.99,0.6,0.71,2026-10-02,1125,N,VIIRS,n,2.0NRT,272.89,19.35,D
-13.79476,25.46671,340.92,0.4,0.6,2026-10-02,1125,N,VIIRS,n,2.0NRT,300.13,4.92,D
-13.78537,27.80587,340.08,0.55,0.51,2026-10-02,1125,N,VIIRS,n,2.0NRT,300.19,1.66,D
-13.78475,27.81107,332.94,0.55,0.51,2026-10-02,1125,N,VIIRS,n,2.0NRT,302.05,5.13,D
-13.78474,27.8083,349.82,0.55,0.51,2026-10-02,1125,N,VIIRS,n,2.0NRT,302.36,7.6,D
-13.75672,26.5134,336.19,0.34,0.56,2026-10-02,1125,N,VIIRS,n,2.0NRT,299.52,7.1,D
-13.72815,26.21975,340.76,0.35,0.57,2026-10-02,1125,N,VIIRS,n,2.0NRT,300.1,4.59,D
-13.71664,28.19077,336.35,0.52,0.5,2026-10-02,1125,N,VIIRS,n,2.0NRT,290.88,5.18,D
-13.71484,25.87162,335.09,0.37,0.58,2026-10-02,1125,N,VIIRS,n,2.0NRT,305.07,4.16,D
-13.71236,25.87237,338,0.37,0.58,2026-10-02,1125,N,VIIRS,n,2.0NRT,307.16,5.4,D
-13.70908,25.57762,330.38,0.39,0.59,2026-10-02,1125,N,VIIRS,n,2.0NRT,300.03,4.7,D
-13.69619,25.93889,330.16,0.37,0.58,2026-10-02,1125,N,VIIRS,l,2.0NRT,304.3,1.86,D
-13.69323,25.93955,334.53,0.37,0.58,2026-10-02,1125,N,VIIRS,n,2.0NRT,302.29,3.72,D
-13.6908,25.93841,334.6,0.37,0.58,2026-10-02,1125,N,VIIRS,n,2.0NRT,303.12,4.04,D
-13.6904,25.94186,350.14,0.37,0.58,2026-10-02,1125,N,VIIRS,n,2.0NRT,303.94,9.12,D
-13.68784,25.93907,336.23,0.37,0.58,2026-10-02,1125,N,VIIRS,n,2.0NRT,304.63,3.72,D
-13.68742,25.94249,334.35,0.37,0.58,2026-10-02,1125,N,VIIRS,l,2.0NRT,306.07,7.46,D
-13.60402,24.71698,339.68,0.44,0.62,2026-10-02,1125,N,VIIRS,n,2.0NRT,299.95,7.74,D
-13.59837,24.11827,334.17,0.48,0.65,2026-10-02,1125,N,VIIRS,n,2.0NRT,297.19,4.95,D
-13.59376,23.55203,340.29,0.53,0.67,2026-10-02,1125,N,VIIRS,n,2.0NRT,290.03,7.15,D
-13.53016,24.49741,334.81,0.46,0.63,2026-10-02,1125,N,VIIRS,n,2.0NRT,292.3,4.25,D
-13.52967,24.50166,351.15,0.46,0.63,2026-10-02,1125,N,VIIRS,n,2.0NRT,295.11,4.25,D
-13.52741,24.50136,351.59,0.46,0.63,2026-10-02,1125,N,VIIRS,n,2.0NRT,298.78,9.35,D
-13.51806,23.60916,351.6,0.52,0.67,2026-10-02,1125,N,VIIRS,n,2.0NRT,297.68,8.83,D
-13.51385,23.60596,352.83,0.52,0.67,2026-10-02,1125,N,VIIRS,n,2.0NRT,295.3,12.65,D
-13.51208,25.79073,333.11,0.37,0.58,2026-10-02,1125,N,VIIRS,n,2.0NRT,298.75,2.06,D
-13.50968,24.1457,352.74,0.48,0.65,2026-10-02,1125,N,VIIRS,n,2.0NRT,294.82,7.12,D
-13.50942,25.62043,336.87,0.38,0.59,2026-10-02,1125,N,VIIRS,n,2.0NRT,299.92,6.56,D
-13.50918,24.15024,338.06,0.48,0.65,2026-10-02,1125,N,VIIRS,n,2.0NRT,291.9,7.12,D
-13.50863,25.62007,338.62,0.38,0.59,2026-10-02,1125,N,VIIRS,n,2.0NRT,300.93,7.13,D
-13.48923,23.54302,337.02,0.53,0.67,2026-10-02,1125,N,VIIRS,n,2.0NRT,287.37,26.61,D
-13.48915,23.65785,367,0.52,0.67,2026-10-02,1125,N,VIIRS,h,2.0NRT,295.61,13.81,D
-13.48867,23.54804,367,0.53,0.67,2026-10-02,1125,N,VIIRS,h,2.0NRT,299.81,53.35,D
-13.48807,26.4476,330.11,0.34,0.56,2026-10-02,1125,N,VIIRS,n,2.0NRT,298.4,3.12,D
-13.4877,26.45062,336.68,0.34,0.56,2026-10-02,1125,N,VIIRS,n,2.0NRT,301.13,6.02,D
-13.48242,23.54738,342.07,0.53,0.67,2026-10-02,1125,N,VIIRS,n,2.0NRT,302,53.35,D
-13.48187,23.55238,367,0.53,0.67,2026-10-02,1125,N,VIIRS,h,2.0NRT,293.22,53.35,D
-13.44917,26.46515,346.46,0.34,0.56,2026-10-02,1125,N,VIIRS,n,2.0NRT,300.65,3.88,D
-13.41635,27.61157,337.91,0.56,0.52,2026-10-02,1125,N,VIIRS,n,2.0NRT,297.07,4.76,D
-13.40962,25.75665,350.04,0.37,0.58,2026-10-02,1125,N,VIIRS,n,2.0NRT,301.97,4.05,D
-13.40857,25.75512,346.82,0.37,0.58,2026-10-02,1125,N,VIIRS,n,2.0NRT,300.94,5.22,D
-13.40213,23.76642,330.79,0.51,0.66,2026-10-02,1125,N,VIIRS,n,2.0NRT,294.17,2.18,D
-13.39317,23.6913,367,0.51,0.66,2026-10-02,1125,N,VIIRS,h,2.0NRT,296.87,11.89,D
-13.39277,27.56572,341.97,0.57,0.52,2026-10-02,1125,N,VIIRS,n,2.0NRT,296.68,6.81,D
-13.39212,27.57103,339.44,0.57,0.52,2026-10-02,1125,N,VIIRS,n,2.0NRT,300.85,7.31,D
-13.38843,27.56811,355.96,0.57,0.52,2026-10-02,1125,N,VIIRS,n,2.0NRT,301.68,24.26,D
-13.38796,27.56515,342.34,0.57,0.52,2026-10-02,1125,N,VIIRS,n,2.0NRT,300,6.81,D
-13.38732,27.57044,332.68,0.57,0.52,2026-10-02,1125,N,VIIRS,n,2.0NRT,297.76,7.31,D
-13.33326,26.22964,336.04,0.35,0.57,2026-10-02,1125,N,VIIRS,n,2.0NRT,300.26,3.66,D
-13.32023,23.83997,338.45,0.5,0.66,2026-10-02,1125,N,VIIRS,n,2.0NRT,294.89,27.61,D
-13.32014,23.84334,348.72,0.5,0.66,2026-10-02,1125,N,VIIRS,n,2.0NRT,297.48,41.69,D
-13.31968,23.84475,367,0.5,0.66,2026-10-02,1125,N,VIIRS,h,2.0NRT,299.57,27.61,D
-13.31962,23.8481,351.49,0.5,0.66,2026-10-02,1125,N,VIIRS,n,2.0NRT,289.4,34.85,D
-13.26181,27.21517,341.7,0.59,0.53,2026-10-02,1125,N,VIIRS,n,2.0NRT,295.71,7.79,D
-13.26114,27.22066,340.15,0.59,0.53,2026-10-02,1125,N,VIIRS,n,2.0NRT,296.27,8.5,D
-13.22817,27.32768,338,0.58,0.52,2026-10-02,1125,N,VIIRS,n,2.0NRT,296.66,2.93,D
-13.21164,26.58655,333.61,0.33,0.55,2026-10-02,1125,N,VIIRS,n,2.0NRT,300.29,3.22,D
-13.16978,25.74825,331.52,0.37,0.58,2026-10-02,1125,N,VIIRS,l,2.0NRT,305.56,3.92,D
-13.16297,21.96916,343.44,0.66,0.73,2026-10-02,1125,N,VIIRS,n,2.0NRT,294.89,6.22,D
-13.16272,21.97026,341.23,0.66,0.73,2026-10-02,1125,N,VIIRS,n,2.0NRT,294.75,16.81,D
-13.15722,21.95694,367,0.66,0.73,2026-10-02,1125,N,VIIRS,h,2.0NRT,297.71,16.15,D
-13.15655,21.96323,332.64,0.66,0.73,2026-10-02,1125,N,VIIRS,n,2.0NRT,296.45,16.15,D
-13.15366,26.26772,343.15,0.34,0.56,2026-10-02,1125,N,VIIRS,n,2.0NRT,298.92,5.05,D
-13.15036,21.95625,367,0.66,0.73,2026-10-02,1125,N,VIIRS,h,2.0NRT,293.78,17.78,D
-13.1007,24.60578,343.9,0.44,0.63,2026-10-02,1125,N,VIIRS,n,2.0NRT,298.46,6.97,D
-13.09984,24.60552,330.67,0.44,0.63,2026-10-02,1125,N,VIIRS,n,2.0NRT,297.34,3.97,D
-13.08202,23.92398,367,0.49,0.65,2026-10-02,1125,N,VIIRS,h,2.0NRT,296.26,16.12,D
-13.08151,23.92859,346.13,0.49,0.65,2026-10-02,1125,N,VIIRS,n,2.0NRT,295.4,18.68,D
-13.08074,23.92513,367,0.49,0.65,2026-10-02,1125,N,VIIRS,h,2.0NRT,291.95,22.05,D
-13.07591,27.3919,333.49,0.58,0.52,2026-10-02,1125,N,VIIRS,n,2.0NRT,299.18,5.07,D
-13.06335,24.62255,337.05,0.44,0.62,2026-10-02,1125,N,VIIRS,n,2.0NRT,297.18,3.45,D
-13.06277,23.93118,334.82,0.49,0.65,2026-10-02,1125,N,VIIRS,n,2.0NRT,301.6,2.97,D
-13.06226,23.93579,330.63,0.49,0.65,2026-10-02,1125,N,VIIRS,l,2.0NRT,300.85,10.87,D
-13.06144,23.93235,331.83,0.49,0.65,2026-10-02,1125,N,VIIRS,n,2.0NRT,299.43,5.44,D
-13.05809,23.63423,367,0.51,0.66,2026-10-02,1125,N,VIIRS,h,2.0NRT,293.97,11.44,D
-13.05011,25.89996,330.45,0.36,0.58,2026-10-02,1125,N,VIIRS,l,2.0NRT,304.85,2.9,D
-13.04144,26.57913,343.74,0.33,0.55,2026-10-02,1125,N,VIIRS,n,2.0NRT,295,3.19,D
-13.03584,23.99467,367,0.49,0.65,2026-10-02,1125,N,VIIRS,h,2.0NRT,295.34,12.25,D
-13.01609,26.357,352.48,0.34,0.56,2026-10-02,1125,N,VIIRS,n,2.0NRT,297.17,9.51,D
-13.01435,26.35851,367,0.34,0.56,2026-10-02,1125,N,VIIRS,h,2.0NRT,295.36,8.87,D
-12.98078,25.79793,344.18,0.37,0.58,2026-10-02,1125,N,VIIRS,n,2.0NRT,296.14,6.16,D
-12.96537,25.01838,339.91,0.41,0.61,2026-10-02,1125,N,VIIRS,n,2.0NRT,297.21,3.72,D
-12.96247,25.01782,332.82,0.41,0.61,2026-10-02,1125,N,VIIRS,n,2.0NRT,297.62,3.99,D
-12.95937,24.39868,342.75,0.46,0.63,2026-10-02,1125,N,VIIRS,n,2.0NRT,292.39,5.56,D
-12.87598,27.31537,344.5,0.58,0.52,2026-10-02,1125,N,VIIRS,n,2.0NRT,297.83,10.41,D
-12.87545,27.3295,337.3,0.58,0.52,2026-10-02,1125,N,VIIRS,n,2.0NRT,294.56,4.09,D
-12.87467,27.32622,331.85,0.58,0.52,2026-10-02,1125,N,VIIRS,n,2.0NRT,295.92,5.91,D
-12.87269,27.31266,337.31,0.58,0.52,2026-10-02,1125,N,VIIRS,n,2.0NRT,298.49,4.47,D
-12.83236,23.43083,342.85,0.53,0.67,2026-10-02,1125,N,VIIRS,n,2.0NRT,296.64,5.29,D
-12.8316,26.12036,348.7,0.35,0.57,2026-10-02,1125,N,VIIRS,n,2.0NRT,297.97,9.49,D
-12.83131,26.12224,367,0.35,0.57,2026-10-02,1125,N,VIIRS,h,2.0NRT,306.86,21.92,D
-12.83122,26.12356,367,0.35,0.57,2026-10-02,1125,N,VIIRS,h,2.0NRT,306.02,21.21,D
-12.82436,25.83111,352.63,0.36,0.58,2026-10-02,1125,N,VIIRS,n,2.0NRT,299.61,10.64,D
-12.81815,25.88196,336.48,0.36,0.57,2026-10-02,1125,N,VIIRS,n,2.0NRT,302.88,4.17,D
-12.816,26.07399,337.26,0.35,0.57,2026-10-02,1125,N,VIIRS,n,2.0NRT,298.37,6.55,D
-12.8156,26.0772,367,0.35,0.57,2026-10-02,1125,N,VIIRS,h,2.0NRT,300.3,6.55,D
-12.81452,25.77763,339.15,0.37,0.58,2026-10-02,1125,N,VIIRS,n,2.0NRT,295.72,3.66,D
-12.80713,26.23753,330.07,0.34,0.56,2026-10-02,1125,N,VIIRS,n,2.0NRT,294.78,2.63,D
-12.77467,24.27225,367,0.46,0.64,2026-10-02,1125,N,VIIRS,h,2.0NRT,297.05,59.36,D
-12.74196,25.26654,341.1,0.4,0.6,2026-10-02,1125,N,VIIRS,n,2.0NRT,301.03,9.21,D
-12.73683,25.26227,347.23,0.4,0.6,2026-10-02,1125,N,VIIRS,n,2.0NRT,300.88,9.2,D
-12.73639,25.26605,367,0.4,0.6,2026-10-02,1125,N,VIIRS,h,2.0NRT,302.52,9.21,D
-12.70556,26.11005,338.82,0.35,0.56,2026-10-02,1125,N,VIIRS,n,2.0NRT,297.13,3.7,D
-12.70071,26.10628,330,0.35,0.56,2026-10-02,1125,N,VIIRS,n,2.0NRT,292.48,3.7,D
-12.70031,26.10945,353.2,0.35,0.56,2026-10-02,1125,N,VIIRS,n,2.0NRT,294.52,3.7,D
-12.6833,26.0747,340.63,0.35,0.57,2026-10-02,1125,N,VIIRS,n,2.0NRT,287.71,6.19,D
-12.64299,26.18712,334.01,0.34,0.56,2026-10-02,1125,N,VIIRS,n,2.0NRT,288.07,1.67,D
-12.61804,26.17454,337.56,0.34,0.56,2026-10-02,1125,N,VIIRS,n,2.0NRT,289.71,4.12,D
-12.61006,22.64675,347.24,0.59,0.7,2026-10-02,1125,N,VIIRS,n,2.0NRT,295.93,9.96,D
-12.60934,22.64905,350.71,0.59,0.7,2026-10-02,1125,N,VIIRS,n,2.0NRT,296.77,13.02,D
-12.60929,26.11435,338.81,0.35,0.56,2026-10-02,1125,N,VIIRS,n,2.0NRT,293.44,4.14,D
-12.6091,26.11311,346.23,0.35,0.56,2026-10-02,1125,N,VIIRS,n,2.0NRT,293.64,4.59,D
-12.59933,26.27387,345.21,0.34,0.56,2026-10-02,1125,N,VIIRS,n,2.0NRT,292.6,7.03,D
-12.5959,26.27159,347.28,0.34,0.56,2026-10-02,1125,N,VIIRS,n,2.0NRT,290.88,5.59,D
-12.59029,22.58763,330.05,0.59,0.7,2026-10-02,1125,N,VIIRS,n,2.0NRT,298.32,6.14,D
-12.53218,26.47511,344.35,0.33,0.55,2026-10-02,1125,N,VIIRS,n,2.0NRT,288.99,2.97,D
-12.50706,26.34114,335.85,0.33,0.55,2026-10-02,1125,N,VIIRS,n,2.0NRT,285.6,2.58,D
-12.48538,26.56092,334.59,0.32,0.55,2026-10-02,1125,N,VIIRS,n,2.0NRT,284.87,1.46,D
-12.44862,23.32401,345.49,0.53,0.67,2026-10-02,1125,N,VIIRS,n,2.0NRT,299.67,10.96,D
-12.43395,26.41232,338.96,0.33,0.55,2026-10-02,1125,N,VIIRS,n,2.0NRT,291.9,4.36,D
-12.4328,23.46412,344.5,0.52,0.67,2026-10-02,1125,N,VIIRS,n,2.0NRT,293.48,10.3,D
-12.43224,23.46909,337.27,0.52,0.67,2026-10-02,1125,N,VIIRS,n,2.0NRT,293.48,11.09,D
-12.41821,26.85993,339.07,0.61,0.54,2026-10-02,1125,N,VIIRS,n,2.0NRT,286.52,7.09,D
-12.41818,26.85778,339.8,0.61,0.54,2026-10-02,1125,N,VIIRS,n,2.0NRT,286.26,5.31,D
-12.40713,26.78651,344.82,0.62,0.54,2026-10-02,1125,N,VIIRS,n,2.0NRT,291.25,23.61,D
-12.40665,26.78845,354.32,0.62,0.54,2026-10-02,1125,N,VIIRS,n,2.0NRT,291.12,31.1,D
-12.39699,25.71847,355.54,0.37,0.58,2026-10-02,1125,N,VIIRS,n,2.0NRT,295.85,6.03,D
-12.39656,25.72198,334.27,0.36,0.58,2026-10-02,1125,N,VIIRS,n,2.0NRT,294.23,6.3,D
-12.3852,25.35758,344.27,0.39,0.59,2026-10-02,1125,N,VIIRS,n,2.0NRT,303.37,5.03,D
-12.38515,25.35631,335.39,0.39,0.59,2026-10-02,1125,N,VIIRS,n,2.0NRT,303.43,5.72,D
-12.37531,26.59335,349.46,0.32,0.54,2026-10-02,1125,N,VIIRS,n,2.0NRT,293.84,4.21,D
-12.37084,25.01285,334.9,0.41,0.6,2026-10-02,1125,N,VIIRS,n,2.0NRT,298.82,6.65,D
-12.37038,25.01667,367,0.41,0.6,2026-10-02,1125,N,VIIRS,h,2.0NRT,298.35,9.75,D
-12.36855,22.63153,351,0.59,0.7,2026-10-02,1125,N,VIIRS,n,2.0NRT,301.19,11.03,D
-12.36801,22.6339,337.8,0.59,0.7,2026-10-02,1125,N,VIIRS,n,2.0NRT,300.52,9.17,D
-12.36061,25.59866,345.06,0.37,0.58,2026-10-02,1125,N,VIIRS,n,2.0NRT,291.86,4.84,D
-12.3569,25.5972,329.72,0.37,0.58,2026-10-02,1125,N,VIIRS,n,2.0NRT,297.53,6.4,D
-12.35459,25.14876,333.56,0.4,0.6,2026-10-02,1125,N,VIIRS,n,2.0NRT,303.26,3.46,D
-12.34948,25.14427,341.43,0.4,0.6,2026-10-02,1125,N,VIIRS,n,2.0NRT,306.68,3.46,D
-12.34903,25.14799,331.92,0.4,0.6,2026-10-02,1125,N,VIIRS,l,2.0NRT,306.34,3.46,D
-12.34358,26.40529,343.73,0.33,0.55,2026-10-02,1125,N,VIIRS,n,2.0NRT,291.79,5.35,D
-12.33935,22.77229,367,0.57,0.69,2026-10-02,1125,N,VIIRS,h,2.0NRT,299,11.88,D
-12.33287,22.77159,330.72,0.57,0.69,2026-10-02,1125,N,VIIRS,n,2.0NRT,297.3,11.88,D
-12.32491,22.97327,335.11,0.56,0.69,2026-10-02,1125,N,VIIRS,n,2.0NRT,296.76,13.1,D
-12.32434,22.97855,367,0.56,0.69,2026-10-02,1125,N,VIIRS,h,2.0NRT,299.67,13.1,D
-12.3226,22.97561,367,0.56,0.68,2026-10-02,1125,N,VIIRS,h,2.0NRT,300.7,35.07,D
-12.32073,24.95359,329.89,0.41,0.61,2026-10-02,1125,N,VIIRS,n,2.0NRT,298.29,3.43,D
-12.31732,24.95321,347.9,0.41,0.61,2026-10-02,1125,N,VIIRS,n,2.0NRT,298.85,3.92,D
-12.31681,22.96966,341.39,0.56,0.69,2026-10-02,1125,N,VIIRS,n,2.0NRT,296.14,13.95,D
-12.3162,22.97493,367,0.56,0.68,2026-10-02,1125,N,VIIRS,h,2.0NRT,298.25,25.02,D
-12.29991,24.95543,367,0.41,0.61,2026-10-02,1125,N,VIIRS,h,2.0NRT,302.43,13.4,D
-12.29232,26.72863,340.56,0.62,0.54,2026-10-02,1125,N,VIIRS,n,2.0NRT,290.92,5.35,D
-12.28839,25.00337,340.73,0.41,0.6,2026-10-02,1125,N,VIIRS,n,2.0NRT,301.95,4.82,D
-12.27452,25.493,332.62,0.38,0.59,2026-10-02,1125,N,VIIRS,n,2.0NRT,298.04,3.29,D
-12.27288,25.49201,332.03,0.38,0.58,2026-10-02,1125,N,VIIRS,n,2.0NRT,298.3,3.31,D
-12.26311,25.11855,367,0.4,0.6,2026-10-02,1125,N,VIIRS,h,2.0NRT,302.8,10.51,D
-12.21409,33.5835,334.58,0.4,0.37,2026-10-02,1125,N,VIIRS,n,2.0NRT,297.96,2.28,D
-12.2129,25.11319,367,0.4,0.6,2026-10-02,1125,N,VIIRS,h,2.0NRT,302.95,13.4,D
-12.21122,25.67859,339.11,0.37,0.58,2026-10-02,1125,N,VIIRS,n,2.0NRT,295.67,4.59,D
-12.20906,25.11216,367,0.4,0.6,2026-10-02,1125,N,VIIRS,h,2.0NRT,304.43,8.79,D
-12.2086,25.11582,341.58,0.4,0.6,2026-10-02,1125,N,VIIRS,n,2.0NRT,303.52,8.79,D
-12.20679,25.13033,349.75,0.4,0.6,2026-10-02,1125,N,VIIRS,n,2.0NRT,302.88,4.02,D
-12.2052,25.13074,348.59,0.4,0.6,2026-10-02,1125,N,VIIRS,n,2.0NRT,301.84,5.44,D
-12.1984,23.03269,338.87,0.55,0.68,2026-10-02,1125,N,VIIRS,n,2.0NRT,297.95,5.98,D
-12.17875,26.54389,332.07,0.32,0.55,2026-10-02,1125,N,VIIRS,n,2.0NRT,292.82,2.1,D
-12.16016,23.08624,353.81,0.54,0.68,2026-10-02,1125,N,VIIRS,n,2.0NRT,306.11,88.38,D
-12.15871,23.96261,338.1,0.48,0.64,2026-10-02,1125,N,VIIRS,n,2.0NRT,296.63,4.87,D
-12.14235,25.61714,329.13,0.37,0.58,2026-10-02,1125,N,VIIRS,l,2.0NRT,302.01,5.58,D
-12.14043,25.61572,334.58,0.37,0.58,2026-10-02,1125,N,VIIRS,n,2.0NRT,298.97,4.06,D
-12.11039,26.60371,346.91,0.63,0.54,2026-10-02,1125,N,VIIRS,n,2.0NRT,293.98,9.76,D
-12.10976,26.6054,341.01,0.63,0.54,2026-10-02,1125,N,VIIRS,n,2.0NRT,295.91,14.73,D
-12.10921,27.09776,338.16,0.58,0.52,2026-10-02,1125,N,VIIRS,n,2.0NRT,290.49,6.58,D
-12.10535,26.60318,340.33,0.63,0.54,2026-10-02,1125,N,VIIRS,n,2.0NRT,293.41,9.76,D
-12.09871,24.67539,332.01,0.43,0.62,2026-10-02,1125,N,VIIRS,n,2.0NRT,298.33,3.18,D
-12.09825,24.67924,329.6,0.43,0.62,2026-10-02,1125,N,VIIRS,n,2.0NRT,297.47,3.31,D
-12.09617,22.26313,350.79,0.62,0.71,2026-10-02,1125,N,VIIRS,n,2.0NRT,301.16,9.12,D
-12.0955,22.26893,337.16,0.61,0.71,2026-10-02,1125,N,VIIRS,n,2.0NRT,302.14,19.2,D
-12.09261,22.26499,367,0.62,0.71,2026-10-02,1125,N,VIIRS,h,2.0NRT,302.94,21.34,D
-12.08951,22.2624,351.64,0.62,0.71,2026-10-02,1125,N,VIIRS,n,2.0NRT,300.53,9.12,D
-12.08934,22.89323,338.75,0.56,0.69,2026-10-02,1125,N,VIIRS,n,2.0NRT,295.5,7.28,D
-12.08421,23.48358,350.21,0.51,0.66,2026-10-02,1125,N,VIIRS,n,2.0NRT,294.63,7.59,D
-12.08361,23.48412,353.36,0.51,0.66,2026-10-02,1125,N,VIIRS,n,2.0NRT,295.67,10.4,D
-12.07599,27.12652,342.67,0.58,0.52,2026-10-02,1125,N,VIIRS,n,2.0NRT,290.54,9.11,D
-12.07482,26.39564,367,0.33,0.55,2026-10-02,1125,N,VIIRS,h,2.0NRT,290.97,6.06,D
-12.07038,24.07762,348.18,0.47,0.64,2026-10-02,1125,N,VIIRS,n,2.0NRT,296.66,6.68,D
-12.07035,25.65336,367,0.37,0.58,2026-10-02,1125,N,VIIRS,h,2.0NRT,291.13,7.52,D
-12.0472,24.06971,338.08,0.47,0.64,2026-10-02,1125,N,VIIRS,n,2.0NRT,297.62,4.75,D
-12.04662,23.15597,333.02,0.54,0.68,2026-10-02,1125,N,VIIRS,n,2.0NRT,297.49,5.66,D
-12.02255,26.5003,339.72,0.32,0.55,2026-10-02,1125,N,VIIRS,n,2.0NRT,289.22,3.22,D
-12.01748,26.49973,333.74,0.32,0.55,2026-10-02,1125,N,VIIRS,n,2.0NRT,288.25,2.65,D
-12.0174,25.34858,330.46,0.38,0.59,2026-10-02,1125,N,VIIRS,l,2.0NRT,300.65,2.41,D
-12.00544,22.76769,331,0.57,0.69,2026-10-02,1125,N,VIIRS,n,2.0NRT,297.37,3.8,D
-11.98952,24.70662,330.21,0.42,0.61,2026-10-02,1125,N,VIIRS,n,2.0NRT,299.23,5.17,D
-11.96273,23.24998,367,0.53,0.67,2026-10-02,1125,N,VIIRS,h,2.0NRT,297.66,10.21,D
-11.95648,23.24924,367,0.53,0.67,2026-10-02,1125,N,VIIRS,h,2.0NRT,296.74,12.87,D
-11.95357,24.16837,343.19,0.46,0.63,2026-10-02,1125,N,VIIRS,n,2.0NRT,296.65,3.83,D
-11.94767,24.1677,335.42,0.46,0.63,2026-10-02,1125,N,VIIRS,n,2.0NRT,297.35,3.83,D
-11.93942,25.16734,329.82,0.39,0.59,2026-10-02,1125,N,VIIRS,n,2.0NRT,299.76,3.62,D
-11.91721,30.76064,335.62,0.51,0.41,2026-10-02,1125,N,VIIRS,n,2.0NRT,300.72,6.3,D
-11.90381,30.80186,337.64,0.51,0.41,2026-10-02,1125,N,VIIRS,n,2.0NRT,301.25,5.79,D
-11.90317,30.80654,339.06,0.51,0.41,2026-10-02,1125,N,VIIRS,n,2.0NRT,300.87,5.79,D
-11.90156,25.295,367,0.38,0.59,2026-10-02,1125,N,VIIRS,h,2.0NRT,301.93,13.86,D
-11.90112,25.29863,342.44,0.38,0.59,2026-10-02,1125,N,VIIRS,n,2.0NRT,299.16,14.74,D
-11.84918,25.89867,329.82,0.35,0.57,2026-10-02,1125,N,VIIRS,n,2.0NRT,295.46,3.75,D
-11.84508,25.20554,334.93,0.39,0.59,2026-10-02,1125,N,VIIRS,n,2.0NRT,297.58,4.07,D
-11.79208,30.39257,341.92,0.54,0.42,2026-10-02,1125,N,VIIRS,n,2.0NRT,294.6,14.61,D
-11.78867,25.03501,350.5,0.4,0.6,2026-10-02,1125,N,VIIRS,n,2.0NRT,298.21,5.01,D
-11.78701,25.03521,348.59,0.4,0.6,2026-10-02,1125,N,VIIRS,n,2.0NRT,297.41,5.02,D
-11.78599,23.5901,342.89,0.5,0.66,2026-10-02,1125,N,VIIRS,n,2.0NRT,293.67,7.71,D
-11.78585,31.04566,334.66,0.49,0.41,2026-10-02,1125,N,VIIRS,l,2.0NRT,299.9,34.68,D
-11.78545,23.59471,352.14,0.5,0.66,2026-10-02,1125,N,VIIRS,n,2.0NRT,294.89,7.71,D
-11.78308,25.25667,335.38,0.39,0.59,2026-10-02,1125,N,VIIRS,n,2.0NRT,296.72,2.15,D
-11.78274,31.04059,352.37,0.49,0.41,2026-10-02,1125,N,VIIRS,n,2.0NRT,305.36,34.68,D
-11.78232,23.12425,345.6,0.54,0.68,2026-10-02,1125,N,VIIRS,n,2.0NRT,295.94,7.1,D
-11.78155,24.52981,349.5,0.43,0.62,2026-10-02,1125,N,VIIRS,n,2.0NRT,297.66,6.43,D
-11.77984,23.12038,337.18,0.54,0.67,2026-10-02,1125,N,VIIRS,n,2.0NRT,296.64,6.9,D
-11.77925,23.1254,342.57,0.53,0.67,2026-10-02,1125,N,VIIRS,n,2.0NRT,296.98,9.84,D
-11.6979,24.90953,349.47,0.41,0.6,2026-10-02,1125,N,VIIRS,n,2.0NRT,296.78,4.2,D
-11.69628,24.90936,335.7,0.41,0.6,2026-10-02,1125,N,VIIRS,n,2.0NRT,295.65,5.22,D
-11.68493,25.46613,352.9,0.37,0.58,2026-10-02,1125,N,VIIRS,n,2.0NRT,295.26,6.24,D
-11.67881,24.693,330.12,0.42,0.61,2026-10-02,1125,N,VIIRS,n,2.0NRT,296.23,2.6,D
-11.67686,24.94156,367,0.4,0.6,2026-10-02,1125,N,VIIRS,h,2.0NRT,302.4,15.31,D
-11.6524,22.97698,330.52,0.55,0.68,2026-10-02,1125,N,VIIRS,n,2.0NRT,298.06,4.16,D
-11.64801,24.12401,330.43,0.46,0.63,2026-10-02,1125,N,VIIRS,n,2.0NRT,293.99,5.42,D
-11.64507,24.82934,329.47,0.41,0.61,2026-10-02,1125,N,VIIRS,n,2.0NRT,298.24,3.32,D
-11.63945,24.82852,367,0.41,0.61,2026-10-02,1125,N,VIIRS,h,2.0NRT,301.71,18.57,D
-11.62584,24.25874,329.63,0.45,0.63,2026-10-02,1125,N,VIIRS,n,2.0NRT,299.37,3.91,D
-11.61688,31.22579,336.11,0.48,0.4,2026-10-02,1125,N,VIIRS,l,2.0NRT,293.38,6.18,D
-11.61082,23.60004,329.97,0.49,0.65,2026-10-02,1125,N,VIIRS,n,2.0NRT,292.93,6.65,D
-11.59802,22.31569,367,0.6,0.71,2026-10-02,1125,N,VIIRS,h,2.0NRT,297.67,15.49,D
-11.59698,22.31234,367,0.6,0.71,2026-10-02,1125,N,VIIRS,h,2.0NRT,295.83,10.62,D
-11.59638,22.31775,341.54,0.6,0.71,2026-10-02,1125,N,VIIRS,n,2.0NRT,296.26,10.62,D
-11.59463,25.24408,340.47,0.38,0.59,2026-10-02,1125,N,VIIRS,n,2.0NRT,292.66,6.68,D
-11.5942,25.24759,352.18,0.38,0.59,2026-10-02,1125,N,VIIRS,n,2.0NRT,289.07,7.59,D
-11.58298,22.13513,338.51,0.62,0.71,2026-10-02,1125,N,VIIRS,n,2.0NRT,298.02,10.73,D
-11.576,26.25524,355.56,0.33,0.55,2026-10-02,1125,N,VIIRS,n,2.0NRT,292.69,9.02,D
-11.57311,24.45311,348.93,0.43,0.62,2026-10-02,1125,N,VIIRS,n,2.0NRT,295.34,3.59,D
-11.55652,23.38411,330.91,0.51,0.66,2026-10-02,1125,N,VIIRS,n,2.0NRT,295.1,9.18,D
-11.54453,25.01898,340.35,0.4,0.6,2026-10-02,1125,N,VIIRS,n,2.0NRT,295.95,4.4,D
-11.54292,24.80044,355.21,0.41,0.61,2026-10-02,1125,N,VIIRS,n,2.0NRT,298.75,5.58,D
-11.53559,23.45424,348.26,0.5,0.66,2026-10-02,1125,N,VIIRS,n,2.0NRT,294.04,11.93,D
-11.53502,23.45897,367,0.5,0.66,2026-10-02,1125,N,VIIRS,h,2.0NRT,294.71,21.04,D
-11.53469,24.2808,329.59,0.44,0.63,2026-10-02,1125,N,VIIRS,n,2.0NRT,295.57,2.4,D
-11.53435,23.45764,367,0.51,0.66,2026-10-02,1125,N,VIIRS,h,2.0NRT,295.94,11.06,D
-11.53382,23.46236,332.3,0.5,0.66,2026-10-02,1125,N,VIIRS,n,2.0NRT,293.19,11.06,D
-11.53167,24.79897,332.52,0.41,0.61,2026-10-02,1125,N,VIIRS,n,2.0NRT,298.23,3.29,D
-11.5312,24.80286,336.43,0.41,0.61,2026-10-02,1125,N,VIIRS,n,2.0NRT,298.99,4.58,D
-11.52275,25.01274,353.34,0.4,0.6,2026-10-02,1125,N,VIIRS,n,2.0NRT,297.87,12.02,D
-11.5223,25.01645,367,0.4,0.6,2026-10-02,1125,N,VIIRS,h,2.0NRT,294.96,18.56,D
-11.52128,32.64067,336.94,0.42,0.38,2026-10-02,1125,N,VIIRS,l,2.0NRT,304.96,4.26,D
-11.51775,24.52706,336.69,0.43,0.62,2026-10-02,1125,N,VIIRS,n,2.0NRT,301.76,5.18,D
-11.49223,23.71235,334.08,0.48,0.65,2026-10-02,1125,N,VIIRS,n,2.0NRT,295.45,3.85,D
-11.47487,22.91467,367,0.55,0.68,2026-10-02,1125,N,VIIRS,h,2.0NRT,301.3,15.67,D
-11.47179,22.83069,332.06,0.55,0.68,2026-10-02,1125,N,VIIRS,n,2.0NRT,296.62,3.21,D
-11.45734,24.14861,334.2,0.45,0.63,2026-10-02,1125,N,VIIRS,n,2.0NRT,298.96,7.7,D
-11.45683,24.15277,338.14,0.45,0.63,2026-10-02,1125,N,VIIRS,n,2.0NRT,297.07,6.13,D
-11.45506,24.15221,344.53,0.45,0.63,2026-10-02,1125,N,VIIRS,n,2.0NRT,298.17,6.76,D
-11.44834,25.02663,335.8,0.4,0.6,2026-10-02,1125,N,VIIRS,n,2.0NRT,297.28,3.35,D
-11.4453,23.64223,334.93,0.49,0.65,2026-10-02,1125,N,VIIRS,n,2.0NRT,294.77,3.59,D
-11.42898,24.4261,329.06,0.43,0.62,2026-10-02,1125,N,VIIRS,n,2.0NRT,297.58,3.48,D
-11.42077,27.89849,342.42,0.51,0.49,2026-10-02,1125,N,VIIRS,n,2.0NRT,294.69,4.26,D
-11.42049,27.90009,342.72,0.51,0.49,2026-10-02,1125,N,VIIRS,n,2.0NRT,295.33,4.95,D
-11.41552,29.31776,348.69,0.41,0.45,2026-10-02,1125,N,VIIRS,n,2.0NRT,296.2,8.75,D
-11.41191,32.83399,332.49,0.41,0.37,2026-10-02,1125,N,VIIRS,l,2.0NRT,303.29,2.95,D
-11.40376,32.65899,344.58,0.42,0.37,2026-10-02,1125,N,VIIRS,n,2.0NRT,303.53,7.32,D
-11.40315,23.14677,354.95,0.53,0.67,2026-10-02,1125,N,VIIRS,n,2.0NRT,287.32,20.64,D
-11.4026,32.47446,334.27,0.42,0.38,2026-10-02,1125,N,VIIRS,l,2.0NRT,300.72,4.94,D
-11.40259,23.15155,367,0.53,0.67,2026-10-02,1125,N,VIIRS,h,2.0NRT,292.45,24.17,D
-11.40144,32.65084,332.39,0.42,0.37,2026-10-02,1125,N,VIIRS,l,2.0NRT,301.69,3.99,D
-11.3994,23.14789,354.21,0.53,0.67,2026-10-02,1125,N,VIIRS,n,2.0NRT,302.24,31.47,D
-11.39856,32.47779,346.85,0.42,0.38,2026-10-02,1125,N,VIIRS,n,2.0NRT,300.91,4.94,D
-11.39742,32.65416,348.57,0.42,0.37,2026-10-02,1125,N,VIIRS,n,2.0NRT,302.39,3.74,D
-11.3969,23.14599,367,0.53,0.67,2026-10-02,1125,N,VIIRS,h,2.0NRT,296.79,20.64,D
-11.39686,32.65797,331.88,0.42,0.37,2026-10-02,1125,N,VIIRS,l,2.0NRT,300.86,3.74,D
-11.39634,23.15085,331.64,0.53,0.67,2026-10-02,1125,N,VIIRS,n,2.0NRT,284.82,24.17,D
-11.39565,32.4734,340.68,0.42,0.38,2026-10-02,1125,N,VIIRS,n,2.0NRT,302.06,4.2,D
-11.39509,32.47726,335.98,0.42,0.38,2026-10-02,1125,N,VIIRS,l,2.0NRT,300.98,4.2,D
-11.39315,23.14714,356.34,0.53,0.67,2026-10-02,1125,N,VIIRS,l,2.0NRT,289.81,31.47,D
-11.39162,32.47672,330.67,0.42,0.38,2026-10-02,1125,N,VIIRS,l,2.0NRT,301.1,4.2,D
-11.39066,23.14516,342.79,0.53,0.67,2026-10-02,1125,N,VIIRS,n,2.0NRT,286.28,2.86,D
-11.37986,24.19983,329.13,0.45,0.63,2026-10-02,1125,N,VIIRS,n,2.0NRT,293.31,2.84,D
-11.35835,24.6227,330.68,0.42,0.61,2026-10-02,1125,N,VIIRS,n,2.0NRT,302.74,4.46,D
-11.35598,24.59465,331.69,0.42,0.61,2026-10-02,1125,N,VIIRS,n,2.0NRT,293.51,3.16,D
-11.35503,24.60249,330.18,0.42,0.61,2026-10-02,1125,N,VIIRS,n,2.0NRT,294.3,5.05,D
-11.35456,24.60638,351.56,0.42,0.61,2026-10-02,1125,N,VIIRS,n,2.0NRT,297.15,5.05,D
-11.34198,32.40211,332.7,0.42,0.38,2026-10-02,1125,N,VIIRS,l,2.0NRT,300.22,11.81,D
-11.34146,31.17042,333.11,0.48,0.4,2026-10-02,1125,N,VIIRS,l,2.0NRT,292.6,40.19,D
-11.34058,32.40214,345.19,0.42,0.38,2026-10-02,1125,N,VIIRS,l,2.0NRT,302.08,12.38,D
-11.33905,32.39773,330.61,0.43,0.38,2026-10-02,1125,N,VIIRS,n,2.0NRT,298.2,4.31,D
-11.3385,32.40157,350.37,0.42,0.38,2026-10-02,1125,N,VIIRS,n,2.0NRT,304.44,11.81,D
-11.3371,32.40161,339.45,0.42,0.38,2026-10-02,1125,N,VIIRS,l,2.0NRT,304.4,12.38,D
-11.30682,24.07173,343.94,0.46,0.63,2026-10-02,1125,N,VIIRS,n,2.0NRT,295.48,9.59,D
-11.30561,25.18839,336.03,0.38,0.59,2026-10-02,1125,N,VIIRS,n,2.0NRT,295.36,4.9,D
-11.30406,24.29142,339.29,0.44,0.62,2026-10-02,1125,N,VIIRS,n,2.0NRT,298.62,4.73,D
-11.30291,32.60902,339.78,0.42,0.37,2026-10-02,1125,N,VIIRS,n,2.0NRT,300.62,4.11,D
-11.30014,25.18772,349.48,0.38,0.59,2026-10-02,1125,N,VIIRS,n,2.0NRT,292.43,5.82,D
-11.29825,24.29071,334.36,0.44,0.62,2026-10-02,1125,N,VIIRS,n,2.0NRT,298.68,4.73,D
-11.29513,24.66979,329.92,0.42,0.61,2026-10-02,1125,N,VIIRS,n,2.0NRT,297.03,4.15,D
-11.29228,24.66946,333.32,0.42,0.61,2026-10-02,1125,N,VIIRS,n,2.0NRT,296.77,3.79,D
-11.27849,24.8695,349.3,0.4,0.6,2026-10-02,1125,N,VIIRS,n,2.0NRT,294.13,4.8,D
-11.27714,24.8696,350.67,0.4,0.6,2026-10-02,1125,N,VIIRS,n,2.0NRT,293.55,3.81,D
-11.25882,31.59814,332.24,0.46,0.39,2026-10-02,1125,N,VIIRS,n,2.0NRT,293.1,10.53,D
-11.25823,31.60227,334.88,0.46,0.39,2026-10-02,1125,N,VIIRS,n,2.0NRT,295.31,17.75,D
-11.24889,28.07015,337.58,0.49,0.49,2026-10-02,1125,N,VIIRS,n,2.0NRT,295.26,16.84,D
-11.24829,28.07464,341.67,0.49,0.49,2026-10-02,1125,N,VIIRS,n,2.0NRT,294.14,16.84,D
-11.24499,28.06506,341.94,0.49,0.49,2026-10-02,1125,N,VIIRS,n,2.0NRT,293.64,11.41,D
-11.2444,28.06957,348.2,0.49,0.49,2026-10-02,1125,N,VIIRS,n,2.0NRT,296.39,16.84,D
-11.2438,28.07406,350.1,0.49,0.49,2026-10-02,1125,N,VIIRS,n,2.0NRT,295.1,16.84,D
-11.23837,28.65639,338.27,0.45,0.47,2026-10-02,1125,N,VIIRS,n,2.0NRT,295.45,5.05,D
-11.23426,32.47337,347.08,0.42,0.38,2026-10-02,1125,N,VIIRS,n,2.0NRT,302.45,11.54,D
-11.23079,32.47288,336.87,0.42,0.38,2026-10-02,1125,N,VIIRS,l,2.0NRT,298.23,5.71,D
-11.16815,32.74389,338.05,0.41,0.37,2026-10-02,1125,N,VIIRS,l,2.0NRT,293.43,16.25,D
-11.11799,28.78684,355.64,0.44,0.46,2026-10-02,1125,N,VIIRS,n,2.0NRT,290.96,8.29,D
-11.06632,24.03296,338.33,0.46,0.63,2026-10-02,1125,N,VIIRS,n,2.0NRT,295.52,4.13,D
-11.06401,24.03448,330.72,0.46,0.63,2026-10-02,1125,N,VIIRS,n,2.0NRT,294.9,4.19,D
-11.029,27.69732,344.42,0.51,0.5,2026-10-02,1125,N,VIIRS,n,2.0NRT,294.35,9.15,D
-11.02775,27.70038,332.9,0.51,0.5,2026-10-02,1125,N,VIIRS,n,2.0NRT,289.99,10.25,D
-11.02442,27.69665,330.3,0.51,0.5,2026-10-02,1125,N,VIIRS,n,2.0NRT,293.28,12.37,D
-11.02379,27.69487,355.61,0.52,0.5,2026-10-02,1125,N,VIIRS,n,2.0NRT,295.9,10.25,D
-11.02048,27.69121,354.05,0.51,0.5,2026-10-02,1125,N,VIIRS,n,2.0NRT,298.38,59.42,D
-11.01984,27.69597,339.74,0.51,0.5,2026-10-02,1125,N,VIIRS,n,2.0NRT,290.88,12.37,D
-11.01981,27.68943,338.7,0.52,0.5,2026-10-02,1125,N,VIIRS,n,2.0NRT,294.76,11.93,D
-11.0192,27.69419,345.07,0.52,0.5,2026-10-02,1125,N,VIIRS,n,2.0NRT,293.84,32.94,D
-11.01522,27.68877,331.99,0.52,0.5,2026-10-02,1125,N,VIIRS,n,2.0NRT,295.74,11.93,D
-10.98651,29.09758,334.24,0.42,0.45,2026-10-02,1125,N,VIIRS,n,2.0NRT,284.33,2.55,D
-10.9609,33.0592,345.9,0.4,0.37,2026-10-02,1125,N,VIIRS,n,2.0NRT,304.31,7.19,D
-10.94274,32.15255,333.21,0.43,0.38,2026-10-02,1125,N,VIIRS,n,2.0NRT,294.66,4.83,D
-10.9427,29.54082,333.28,0.39,0.44,2026-10-02,1125,N,VIIRS,n,2.0NRT,293.98,3.39,D
-10.94193,32.15344,330.63,0.43,0.38,2026-10-02,1125,N,VIIRS,n,2.0NRT,295.21,4.9,D
-10.92689,32.2553,340.31,0.43,0.38,2026-10-02,1125,N,VIIRS,n,2.0NRT,301.97,4.97,D
-10.91565,22.13314,341.37,0.61,0.71,2026-10-02,1125,N,VIIRS,n,2.0NRT,296.84,7.32,D
-10.91125,25.94751,330.64,0.34,0.56,2026-10-02,1125,N,VIIRS,n,2.0NRT,299.37,2.63,D
-10.90057,33.2571,342.87,0.4,0.37,2026-10-02,1125,N,VIIRS,n,2.0NRT,299.38,6.24,D
-10.88672,32.83148,331.7,0.41,0.37,2026-10-02,1125,N,VIIRS,l,2.0NRT,302.07,3.01,D
-10.88523,30.21058,340.47,0.53,0.42,2026-10-02,1125,N,VIIRS,n,2.0NRT,297.81,16.16,D
-10.88135,30.21005,335.72,0.53,0.42,2026-10-02,1125,N,VIIRS,l,2.0NRT,296.63,6.68,D
-10.8775,33.12883,335.57,0.4,0.37,2026-10-02,1125,N,VIIRS,n,2.0NRT,304.06,3.48,D
-10.87696,33.13249,340.59,0.4,0.37,2026-10-02,1125,N,VIIRS,n,2.0NRT,305.32,4.58,D
-10.87641,33.13615,334.25,0.4,0.37,2026-10-02,1125,N,VIIRS,l,2.0NRT,304.57,4.58,D
-10.86409,25.14561,339.83,0.38,0.59,2026-10-02,1125,N,VIIRS,n,2.0NRT,298.55,6.52,D
-10.85035,32.84126,333.18,0.41,0.37,2026-10-02,1125,N,VIIRS,l,2.0NRT,303.5,4.4,D
-10.84144,32.13046,331.98,0.43,0.38,2026-10-02,1125,N,VIIRS,l,2.0NRT,302.66,7.13,D
-10.84112,32.13062,331.74,0.43,0.38,2026-10-02,1125,N,VIIRS,l,2.0NRT,302.43,6.77,D
-10.83887,33.29526,338.83,0.4,0.37,2026-10-02,1125,N,VIIRS,n,2.0NRT,302.33,2.65,D
-10.83861,32.37252,336.16,0.42,0.38,2026-10-02,1125,N,VIIRS,n,2.0NRT,302.96,6.12,D
-10.82995,32.86157,339.07,0.41,0.37,2026-10-02,1125,N,VIIRS,n,2.0NRT,303.4,3.38,D
-10.82201,27.54143,345.42,0.52,0.5,2026-10-02,1125,N,VIIRS,n,2.0NRT,294.74,6.91,D
-10.82192,32.84515,332.6,0.41,0.37,2026-10-02,1125,N,VIIRS,l,2.0NRT,304.5,1.2,D
-10.82059,27.53932,342.39,0.52,0.5,2026-10-02,1125,N,VIIRS,n,2.0NRT,294.34,8.85,D
-10.81454,32.84784,330.56,0.41,0.37,2026-10-02,1125,N,VIIRS,l,2.0NRT,302.95,3.01,D
-10.80273,26.92421,335.58,0.58,0.52,2026-10-02,1125,N,VIIRS,n,2.0NRT,298.22,5.1,D
-10.80147,26.9264,335.9,0.58,0.52,2026-10-02,1125,N,VIIRS,n,2.0NRT,298.15,3.95,D
-10.79286,27.36905,330.12,0.54,0.51,2026-10-02,1125,N,VIIRS,n,2.0NRT,292.36,3.24,D
-10.78717,25.92389,351.39,0.34,0.56,2026-10-02,1125,N,VIIRS,n,2.0NRT,297.79,5.86,D
-10.78281,26.50539,340.53,0.61,0.54,2026-10-02,1125,N,VIIRS,n,2.0NRT,297.87,10.35,D
-10.7824,27.03931,330.37,0.57,0.52,2026-10-02,1125,N,VIIRS,n,2.0NRT,297.02,3.08,D
-10.77125,32.8337,334.46,0.41,0.37,2026-10-02,1125,N,VIIRS,n,2.0NRT,300.53,2.48,D
-10.76863,33.08665,341.35,0.4,0.37,2026-10-02,1125,N,VIIRS,n,2.0NRT,306.94,5.06,D
-10.76835,29.54535,343.16,0.39,0.44,2026-10-02,1125,N,VIIRS,n,2.0NRT,297.98,5.47,D
-10.76781,27.19204,337.18,0.55,0.51,2026-10-02,1125,N,VIIRS,n,2.0NRT,299.86,5.87,D
-10.76707,27.18932,340.16,0.55,0.51,2026-10-02,1125,N,VIIRS,n,2.0NRT,299.68,7.29,D
-10.76546,33.46496,342.83,0.39,0.36,2026-10-02,1125,N,VIIRS,n,2.0NRT,309.36,5.13,D
-10.76492,33.46857,335.17,0.39,0.36,2026-10-02,1125,N,VIIRS,l,2.0NRT,307.86,5.13,D
-10.75793,26.02944,330.78,0.33,0.55,2026-10-02,1125,N,VIIRS,n,2.0NRT,299.69,2.33,D
-10.74218,32.91296,342.42,0.41,0.37,2026-10-02,1125,N,VIIRS,n,2.0NRT,301.22,6.22,D
-10.73991,25.96555,349.24,0.33,0.56,2026-10-02,1125,N,VIIRS,n,2.0NRT,299.46,4.49,D
-10.73953,25.96859,330.75,0.33,0.56,2026-10-02,1125,N,VIIRS,n,2.0NRT,297.17,4.52,D
-10.73873,21.96534,347.28,0.62,0.71,2026-10-02,1125,N,VIIRS,n,2.0NRT,295.71,10.19,D
-10.71844,29.9543,343.5,0.55,0.43,2026-10-02,1125,N,VIIRS,n,2.0NRT,299.09,12.12,D
-10.71776,29.95183,341.67,0.55,0.43,2026-10-02,1125,N,VIIRS,n,2.0NRT,299.6,10.37,D
-10.70846,26.06814,332.79,0.33,0.55,2026-10-02,1125,N,VIIRS,n,2.0NRT,301.88,2.56,D
-10.70735,31.9374,340.06,0.44,0.38,2026-10-02,1125,N,VIIRS,n,2.0NRT,300.1,10.41,D
-10.67592,26.74245,335.09,0.59,0.53,2026-10-02,1125,N,VIIRS,n,2.0NRT,294.7,4.2,D
-10.67474,21.90804,331.6,0.62,0.72,2026-10-02,1125,N,VIIRS,n,2.0NRT,283.36,5.55,D
-10.67386,22.19226,342.94,0.6,0.7,2026-10-02,1125,N,VIIRS,n,2.0NRT,296.58,6.87,D
-10.67342,22.03114,331.27,0.61,0.71,2026-10-02,1125,N,VIIRS,n,2.0NRT,294.97,6.87,D
-10.67176,22.19466,353.51,0.6,0.7,2026-10-02,1125,N,VIIRS,n,2.0NRT,296.53,10.18,D
-10.67097,31.67158,346.48,0.45,0.39,2026-10-02,1125,N,VIIRS,n,2.0NRT,297.94,10.61,D
-10.67092,22.02726,336.1,0.61,0.71,2026-10-02,1125,N,VIIRS,n,2.0NRT,293.18,5.52,D
-10.67072,21.90995,343.25,0.62,0.72,2026-10-02,1125,N,VIIRS,n,2.0NRT,291.94,8.94,D
-10.67072,32.40714,331.88,0.42,0.38,2026-10-02,1125,N,VIIRS,l,2.0NRT,294.7,2.99,D
-10.67062,32.97373,340.48,0.4,0.37,2026-10-02,1125,N,VIIRS,n,2.0NRT,303.45,2.3,D
-10.66616,25.99313,334.17,0.33,0.55,2026-10-02,1125,N,VIIRS,n,2.0NRT,299.25,2.43,D
-10.66442,33.41661,333.56,0.39,0.36,2026-10-02,1125,N,VIIRS,n,2.0NRT,301.78,6.12,D
-10.66378,22.11077,336.55,0.6,0.71,2026-10-02,1125,N,VIIRS,n,2.0NRT,296.43,3.97,D
-10.6611,22.11329,333.88,0.61,0.71,2026-10-02,1125,N,VIIRS,n,2.0NRT,296.28,5.02,D
-10.66067,31.20287,333.16,0.47,0.4,2026-10-02,1125,N,VIIRS,l,2.0NRT,299.42,5.39,D
-10.65927,21.92425,330.16,0.62,0.72,2026-10-02,1125,N,VIIRS,n,2.0NRT,290.83,7.79,D
-10.65091,33.48447,332.69,0.39,0.36,2026-10-02,1125,N,VIIRS,n,2.0NRT,298.05,2.81,D
-10.63523,21.95605,330.99,0.62,0.71,2026-10-02,1125,N,VIIRS,n,2.0NRT,294.94,9.96,D
-10.6289,27.13709,335,0.55,0.51,2026-10-02,1125,N,VIIRS,n,2.0NRT,288.57,8.92,D
-10.62203,30.73415,334.29,0.5,0.41,2026-10-02,1125,N,VIIRS,n,2.0NRT,297.49,16.07,D
-10.61961,26.19427,334.33,0.32,0.55,2026-10-02,1125,N,VIIRS,n,2.0NRT,295.89,3.59,D
-10.61924,26.19717,344.35,0.32,0.55,2026-10-02,1125,N,VIIRS,n,2.0NRT,295.64,5.08,D
-10.61828,30.7336,342.08,0.5,0.41,2026-10-02,1125,N,VIIRS,n,2.0NRT,302.33,16.07,D
-10.61695,22.44149,336.63,0.57,0.69,2026-10-02,1125,N,VIIRS,n,2.0NRT,295.68,3.88,D
-10.61186,25.20008,332,0.37,0.58,2026-10-02,1125,N,VIIRS,n,2.0NRT,294.74,2.72,D
-10.60909,30.25109,346.44,0.53,0.42,2026-10-02,1125,N,VIIRS,n,2.0NRT,299.91,7.36,D
-10.60613,32.29134,345.14,0.42,0.38,2026-10-02,1125,N,VIIRS,n,2.0NRT,301.65,7.5,D
-10.60532,29.76389,330.97,0.56,0.43,2026-10-02,1125,N,VIIRS,l,2.0NRT,301.49,5.9,D
-10.60472,32.8993,337.69,0.4,0.37,2026-10-02,1125,N,VIIRS,n,2.0NRT,305.47,2.77,D
-10.60459,29.76903,336.61,0.56,0.43,2026-10-02,1125,N,VIIRS,n,2.0NRT,300,7.03,D
-10.59463,30.73617,332.57,0.5,0.41,2026-10-02,1125,N,VIIRS,l,2.0NRT,299.87,7.53,D
-10.5881,29.6242,346.18,0.38,0.43,2026-10-02,1125,N,VIIRS,n,2.0NRT,300.63,11.83,D
-10.5875,29.62857,332.77,0.57,0.43,2026-10-02,1125,N,VIIRS,n,2.0NRT,297.83,3.8,D
-10.58661,33.62783,333.09,0.39,0.36,2026-10-02,1125,N,VIIRS,n,2.0NRT,300.71,1.17,D
-10.57247,29.5285,347.73,0.39,0.44,2026-10-02,1125,N,VIIRS,n,2.0NRT,301.04,4.95,D
-10.56927,27.40782,353.09,0.53,0.5,2026-10-02,1125,N,VIIRS,n,2.0NRT,296.3,14.16,D
-10.56614,33.65031,337.51,0.39,0.36,2026-10-02,1125,N,VIIRS,n,2.0NRT,301.01,11.21,D
-10.5551,33.29972,331.16,0.4,0.37,2026-10-02,1125,N,VIIRS,n,2.0NRT,296.83,3.84,D
-10.52995,31.79741,342.7,0.44,0.38,2026-10-02,1125,N,VIIRS,n,2.0NRT,299.94,15.2,D
-10.52189,26.64379,341.87,0.6,0.53,2026-10-02,1125,N,VIIRS,n,2.0NRT,294.78,16.39,D
-10.52055,26.6414,353.24,0.6,0.53,2026-10-02,1125,N,VIIRS,n,2.0NRT,296.8,13.08,D
-10.51669,32.08396,344.62,0.43,0.38,2026-10-02,1125,N,VIIRS,n,2.0NRT,300.42,10.78,D
-10.50526,33.6918,333.85,0.39,0.36,2026-10-02,1125,N,VIIRS,n,2.0NRT,297.44,1.61,D
-10.50247,31.66071,343.6,0.45,0.39,2026-10-02,1125,N,VIIRS,n,2.0NRT,305.19,11.15,D
-10.49787,31.71825,335.82,0.44,0.39,2026-10-02,1125,N,VIIRS,l,2.0NRT,302.84,4.61,D
-10.4972,29.62436,340.28,0.57,0.43,2026-10-02,1125,N,VIIRS,n,2.0NRT,304.59,10.14,D
-10.49571,31.58014,341.38,0.45,0.39,2026-10-02,1125,N,VIIRS,n,2.0NRT,305.87,8.34,D
-10.49491,26.57107,337.69,0.6,0.53,2026-10-02,1125,N,VIIRS,n,2.0NRT,294.39,8.21,D
-10.48945,26.09882,346.66,0.32,0.55,2026-10-02,1125,N,VIIRS,n,2.0NRT,289.44,3.79,D
-10.47912,26.26532,341.46,0.63,0.54,2026-10-02,1125,N,VIIRS,n,2.0NRT,298.37,11.97,D
-10.47845,26.26753,343.67,0.63,0.54,2026-10-02,1125,N,VIIRS,n,2.0NRT,298.39,26.42,D
-10.47832,26.2713,342.34,0.63,0.54,2026-10-02,1125,N,VIIRS,n,2.0NRT,299.08,18.49,D
-10.47202,29.44861,341.93,0.39,0.44,2026-10-02,1125,N,VIIRS,n,2.0NRT,300.4,7.37,D
-10.46213,24.3887,335.19,0.42,0.61,2026-10-02,1125,N,VIIRS,n,2.0NRT,294.59,5.31,D
-10.45841,29.69896,333.57,0.57,0.43,2026-10-02,1125,N,VIIRS,n,2.0NRT,297.49,7.68,D
-10.45649,25.09666,355.57,0.38,0.59,2026-10-02,1125,N,VIIRS,n,2.0NRT,296.36,22.04,D
-10.45605,25.10013,354.16,0.38,0.59,2026-10-02,1125,N,VIIRS,n,2.0NRT,300.27,22.04,D
-10.45561,25.1036,367,0.38,0.59,2026-10-02,1125,N,VIIRS,h,2.0NRT,296.03,33.09,D
-10.45472,31.62487,340.51,0.45,0.39,2026-10-02,1125,N,VIIRS,l,2.0NRT,302.89,5.05,D
-10.4527,29.16713,349.93,0.41,0.45,2026-10-02,1125,N,VIIRS,n,2.0NRT,300.67,34.13,D
-10.44888,30.81358,339.55,0.49,0.4,2026-10-02,1125,N,VIIRS,n,2.0NRT,306.07,10.01,D
-10.4427,27.03907,330.86,0.56,0.51,2026-10-02,1125,N,VIIRS,n,2.0NRT,297.79,4.15,D
-10.43877,32.44341,332.72,0.42,0.37,2026-10-02,1125,N,VIIRS,l,2.0NRT,294.38,6.79,D
-10.43821,32.44724,333.67,0.42,0.37,2026-10-02,1125,N,VIIRS,l,2.0NRT,294.04,6.79,D
-10.42693,31.25117,339.01,0.47,0.39,2026-10-02,1125,N,VIIRS,n,2.0NRT,300.91,8.26,D
-10.42487,29.36886,343.49,0.39,0.44,2026-10-02,1125,N,VIIRS,n,2.0NRT,300.99,4.42,D
-10.41162,29.9519,356.15,0.55,0.42,2026-10-02,1125,N,VIIRS,l,2.0NRT,303.8,27.61,D
-10.40857,31.76742,339.39,0.44,0.38,2026-10-02,1125,N,VIIRS,l,2.0NRT,304.64,4.56,D
-10.40799,31.77145,336.14,0.44,0.38,2026-10-02,1125,N,VIIRS,l,2.0NRT,303.46,4.56,D
-10.40709,25.09385,334.38,0.38,0.59,2026-10-02,1125,N,VIIRS,n,2.0NRT,299.48,4.65,D
-10.40562,25.09275,340.38,0.38,0.59,2026-10-02,1125,N,VIIRS,n,2.0NRT,299.31,4.4,D
-10.40549,29.20585,349.13,0.4,0.44,2026-10-02,1125,N,VIIRS,n,2.0NRT,299.01,10.47,D
-10.3973,30.8293,348.62,0.49,0.4,2026-10-02,1125,N,VIIRS,n,2.0NRT,307.53,20.2,D
-10.38094,29.4178,340.67,0.39,0.44,2026-10-02,1125,N,VIIRS,n,2.0NRT,298.65,5.76,D
-10.37906,29.16797,330.59,0.41,0.45,2026-10-02,1125,N,VIIRS,n,2.0NRT,296.39,3.94,D
-10.37703,30.34396,336.77,0.52,0.41,2026-10-02,1125,N,VIIRS,n,2.0NRT,303.1,9.84,D
-10.37204,29.00591,334.75,0.41,0.45,2026-10-02,1125,N,VIIRS,n,2.0NRT,296.13,5.59,D
-10.37152,29.00968,344.21,0.41,0.45,2026-10-02,1125,N,VIIRS,n,2.0NRT,297.09,8.54,D
-10.36742,25.42511,331.3,0.36,0.57,2026-10-02,1125,N,VIIRS,n,2.0NRT,295.38,3.01,D
-10.36599,25.42596,331.34,0.36,0.57,2026-10-02,1125,N,VIIRS,n,2.0NRT,295.72,2.55,D
-10.36251,30.44769,343.28,0.51,0.41,2026-10-02,1125,N,VIIRS,n,2.0NRT,297.89,11.87,D
-10.35341,32.92557,355.92,0.4,0.37,2026-10-02,1125,N,VIIRS,n,2.0NRT,304.83,10.17,D
-10.34651,30.64343,334.33,0.5,0.41,2026-10-02,1125,N,VIIRS,l,2.0NRT,301.26,15.03,D
-10.33752,31.78621,339.96,0.44,0.38,2026-10-02,1125,N,VIIRS,n,2.0NRT,302.41,6.04,D
-10.33751,29.63648,344.02,0.57,0.43,2026-10-02,1125,N,VIIRS,n,2.0NRT,301.08,26.44,D
-10.33578,30.66524,334.93,0.5,0.41,2026-10-02,1125,N,VIIRS,l,2.0NRT,305.01,11.09,D
-10.32396,28.50755,331.66,0.45,0.47,2026-10-02,1125,N,VIIRS,n,2.0NRT,299.39,1.63,D
-10.32003,30.26026,330.31,0.52,0.42,2026-10-02,1125,N,VIIRS,l,2.0NRT,300.76,6.16,D
-10.31619,30.2597,341.18,0.52,0.42,2026-10-02,1125,N,VIIRS,n,2.0NRT,301.91,6.16,D
-10.31164,28.75615,339.4,0.43,0.46,2026-10-02,1125,N,VIIRS,n,2.0NRT,298.15,3.71,D
-10.29451,32.80729,341.27,0.41,0.37,2026-10-02,1125,N,VIIRS,n,2.0NRT,305.28,3.37,D
-10.29322,33.05125,339.22,0.4,0.37,2026-10-02,1125,N,VIIRS,n,2.0NRT,305.09,3.09,D
-10.29284,27.39139,342.36,0.53,0.5,2026-10-02,1125,N,VIIRS,n,2.0NRT,299.51,13.89,D
-10.29218,27.39623,343.45,0.53,0.5,2026-10-02,1125,N,VIIRS,n,2.0NRT,301.54,19.11,D
-10.29037,33.04708,337.48,0.4,0.37,2026-10-02,1125,N,VIIRS,n,2.0NRT,303.53,3.56,D
-10.28983,33.05074,344.33,0.4,0.37,2026-10-02,1125,N,VIIRS,n,2.0NRT,304.02,6.09,D
-10.28819,28.98687,340.7,0.41,0.45,2026-10-02,1125,N,VIIRS,n,2.0NRT,295.89,7.03,D
-10.28767,28.99063,341.85,0.41,0.45,2026-10-02,1125,N,VIIRS,n,2.0NRT,298.02,12.76,D
-10.28659,31.96168,334.52,0.43,0.38,2026-10-02,1125,N,VIIRS,l,2.0NRT,293.16,3.86,D
-10.28648,29.53521,354.42,0.38,0.43,2026-10-02,1125,N,VIIRS,n,2.0NRT,295.19,18.61,D
-10.2785,32.46559,333.25,0.41,0.37,2026-10-02,1125,N,VIIRS,l,2.0NRT,298.14,5.59,D
-10.275,32.6566,354.22,0.41,0.37,2026-10-02,1125,N,VIIRS,n,2.0NRT,299.19,9.76,D
-10.27288,24.91275,367,0.39,0.59,2026-10-02,1125,N,VIIRS,h,2.0NRT,298.47,15.22,D
-10.26407,30.88933,339.59,0.48,0.4,2026-10-02,1125,N,VIIRS,n,2.0NRT,301.45,10.73,D
-10.26045,32.23662,342.54,0.42,0.38,2026-10-02,1125,N,VIIRS,n,2.0NRT,298.04,10.66,D
-10.25022,31.94042,334.56,0.43,0.38,2026-10-02,1125,N,VIIRS,n,2.0NRT,292.64,5.64,D
-10.22643,32.60812,346.57,0.41,0.37,2026-10-02,1125,N,VIIRS,n,2.0NRT,294.77,3.99,D
-10.22603,32.15647,332.17,0.42,0.38,2026-10-02,1125,N,VIIRS,l,2.0NRT,300.63,5.14,D
-10.22255,32.15596,337.68,0.42,0.38,2026-10-02,1125,N,VIIRS,l,2.0NRT,299.59,5.14,D
-10.20388,33.50211,340.63,0.39,0.36,2026-10-02,1125,N,VIIRS,n,2.0NRT,300.27,4.47,D
-10.19777,32.80009,336.77,0.4,0.37,2026-10-02,1125,N,VIIRS,n,2.0NRT,300.65,4.17,D
-10.19722,32.80377,331.35,0.4,0.37,2026-10-02,1125,N,VIIRS,n,2.0NRT,300.56,2.81,D
-10.19701,28.46117,340.14,0.45,0.47,2026-10-02,1125,N,VIIRS,n,2.0NRT,296.77,3.34,D
-10.1854,29.10636,341.82,0.41,0.45,2026-10-02,1125,N,VIIRS,n,2.0NRT,298.14,6.36,D
-10.1847,31.69853,333.52,0.44,0.39,2026-10-02,1125,N,VIIRS,l,2.0NRT,302.4,5.55,D
-10.18365,27.37509,335.71,0.53,0.5,2026-10-02,1125,N,VIIRS,n,2.0NRT,301.54,6.38,D
-10.17068,33.63137,347.95,0.39,0.36,2026-10-02,1125,N,VIIRS,n,2.0NRT,296.79,6.67,D
-10.1698,32.09653,354.27,0.43,0.38,2026-10-02,1125,N,VIIRS,l,2.0NRT,306.33,44.5,D
-10.1684,33.62384,338.76,0.39,0.36,2026-10-02,1125,N,VIIRS,n,2.0NRT,298.02,4.6,D
-10.16787,33.62735,348.24,0.39,0.36,2026-10-02,1125,N,VIIRS,n,2.0NRT,297.86,6.67,D
-10.16734,33.63087,337.67,0.39,0.36,2026-10-02,1125,N,VIIRS,n,2.0NRT,294.13,6.67,D
-10.16372,29.14109,344.73,0.4,0.45,2026-10-02,1125,N,VIIRS,n,2.0NRT,301.81,7.58,D
-10.16195,31.97955,332.68,0.43,0.38,2026-10-02,1125,N,VIIRS,l,2.0NRT,301.96,6.56,D
-10.14041,32.69361,341.68,0.41,0.37,2026-10-02,1125,N,VIIRS,n,2.0NRT,301.46,5.85,D
-10.13949,32.81778,348.49,0.4,0.37,2026-10-02,1125,N,VIIRS,n,2.0NRT,301.56,9.32,D
-10.13683,33.4703,333.85,0.39,0.36,2026-10-02,1125,N,VIIRS,n,2.0NRT,298.82,2.45,D
-10.13259,31.56293,336.4,0.45,0.39,2026-10-02,1125,N,VIIRS,n,2.0NRT,295.98,8,D
-10.12777,32.57019,337.8,0.41,0.37,2026-10-02,1125,N,VIIRS,n,2.0NRT,297.91,3.79,D
-10.12703,32.57029,331.81,0.41,0.37,2026-10-02,1125,N,VIIRS,l,2.0NRT,298.02,4.54,D
-10.11389,28.92008,341.92,0.42,0.45,2026-10-02,1125,N,VIIRS,n,2.0NRT,297.54,8.8,D
-10.11344,30.4689,332,0.51,0.41,2026-10-02,1125,N,VIIRS,l,2.0NRT,298.19,10.68,D
-10.11325,30.47061,344.57,0.51,0.41,2026-10-02,1125,N,VIIRS,n,2.0NRT,300.78,9.17,D
-10.1128,30.47351,334.8,0.51,0.41,2026-10-02,1125,N,VIIRS,l,2.0NRT,301.83,16.19,D
-10.11258,27.10661,337.01,0.55,0.51,2026-10-02,1125,N,VIIRS,n,2.0NRT,294.8,6.29,D
-10.11251,28.9197,342.53,0.42,0.45,2026-10-02,1125,N,VIIRS,n,2.0NRT,296.61,9.03,D
-10.10947,30.47008,340.15,0.51,0.41,2026-10-02,1125,N,VIIRS,n,2.0NRT,297.49,9.17,D
-10.10175,32.60398,346.92,0.41,0.37,2026-10-02,1125,N,VIIRS,n,2.0NRT,303.82,13.79,D
-10.09499,33.61269,331.44,0.39,0.36,2026-10-02,1125,N,VIIRS,n,2.0NRT,294.97,2.25,D
-10.0846,29.13772,343.05,0.4,0.44,2026-10-02,1125,N,VIIRS,n,2.0NRT,299.79,6.65,D
-10.0817,29.13693,332,0.4,0.44,2026-10-02,1125,N,VIIRS,n,2.0NRT,299.45,2.91,D
-10.08093,28.55737,335.74,0.44,0.46,2026-10-02,1125,N,VIIRS,n,2.0NRT,302.28,5.86,D
-10.07607,28.9068,340.28,0.42,0.45,2026-10-02,1125,N,VIIRS,n,2.0NRT,297.58,4.78,D
-10.07211,24.82148,367,0.39,0.59,2026-10-02,1125,N,VIIRS,h,2.0NRT,297.71,9.83,D
-10.0716,30.16187,340.89,0.53,0.42,2026-10-02,1125,N,VIIRS,l,2.0NRT,298.86,10.65,D
-10.07141,29.15049,350.99,0.4,0.44,2026-10-02,1125,N,VIIRS,n,2.0NRT,298.28,8.7,D
-10.06181,28.43896,332.3,0.45,0.47,2026-10-02,1125,N,VIIRS,n,2.0NRT,299.56,2.93,D
-10.05993,28.4403,343.77,0.45,0.47,2026-10-02,1125,N,VIIRS,n,2.0NRT,300.41,2.53,D
-10.05336,28.45594,330.28,0.44,0.46,2026-10-02,1125,N,VIIRS,l,2.0NRT,302.88,2.79,D
-10.05128,23.04664,339.17,0.51,0.66,2026-10-02,1125,N,VIIRS,n,2.0NRT,293.27,5.69,D
-10.05102,29.82595,343.14,0.55,0.43,2026-10-02,1125,N,VIIRS,n,2.0NRT,304.6,16.39,D
-10.0477,28.49653,334.37,0.44,0.46,2026-10-02,1125,N,VIIRS,n,2.0NRT,299.29,2.98,D
-10.04445,31.32781,333.65,0.46,0.39,2026-10-02,1125,N,VIIRS,n,2.0NRT,299.15,7.71,D
-10.04352,28.4004,349.05,0.45,0.47,2026-10-02,1125,N,VIIRS,n,2.0NRT,300.33,8.14,D
-10.04138,27.31857,339.55,0.53,0.5,2026-10-02,1125,N,VIIRS,n,2.0NRT,294.91,4.22,D
-10.04087,23.13263,350.13,0.51,0.66,2026-10-02,1125,N,VIIRS,n,2.0NRT,293.8,10.52,D
-10.03962,31.77987,338.65,0.44,0.38,2026-10-02,1125,N,VIIRS,n,2.0NRT,301.04,6.75,D
-10.0396,29.13867,332.15,0.4,0.44,2026-10-02,1125,N,VIIRS,n,2.0NRT,300.42,6.16,D
-10.03929,28.73818,345.07,0.43,0.46,2026-10-02,1125,N,VIIRS,n,2.0NRT,297.94,8.57,D
-10.03673,27.31796,337.8,0.53,0.5,2026-10-02,1125,N,VIIRS,n,2.0NRT,294.22,6.35,D
-10.03507,28.73763,340.43,0.43,0.46,2026-10-02,1125,N,VIIRS,n,2.0NRT,296.45,3.07,D
-10.02245,32.76274,331.29,0.4,0.37,2026-10-02,1125,N,VIIRS,l,2.0NRT,301.95,14.51,D
-10.0219,32.76642,339.72,0.4,0.37,2026-10-02,1125,N,VIIRS,n,2.0NRT,305.67,14.51,D
-10.01995,32.73249,337.47,0.41,0.37,2026-10-02,1125,N,VIIRS,n,2.0NRT,294.95,3.24,D
-10.01933,28.94931,339.9,0.41,0.45,2026-10-02,1125,N,VIIRS,n,2.0NRT,297.58,15.63,D
-10.01558,29.19131,335.29,0.4,0.44,2026-10-02,1125,N,VIIRS,n,2.0NRT,301.62,13.9,D
-10.01508,29.19496,341.16,0.4,0.44,2026-10-02,1125,N,VIIRS,n,2.0NRT,299.06,15.61,D
-10.00981,32.49435,334.22,0.41,0.37,2026-10-02,1125,N,VIIRS,n,2.0NRT,296.87,4.51,D
-10.00947,31.13015,343.24,0.47,0.4,2026-10-02,1125,N,VIIRS,l,2.0NRT,302.19,15.51,D
-10.00863,27.38814,333.93,0.52,0.5,2026-10-02,1125,N,VIIRS,n,2.0NRT,299.81,6.85,D
-10.00753,33.34772,345.01,0.39,0.36,2026-10-02,1125,N,VIIRS,n,2.0NRT,297.16,6.19,D
-9.99475,30.97452,332.67,0.48,0.4,2026-10-02,1125,N,VIIRS,l,2.0NRT,301.16,14.76,D
-9.98995,32.14908,339.36,0.42,0.38,2026-10-02,1125,N,VIIRS,l,2.0NRT,300.24,13.55,D
-9.98648,32.14856,356.05,0.42,0.38,2026-10-02,1125,N,VIIRS,n,2.0NRT,303.28,13.55,D
-9.98632,33.72841,333.88,0.39,0.36,2026-10-02,1125,N,VIIRS,n,2.0NRT,298.39,4.21,D
-9.9861,28.78372,342.1,0.42,0.45,2026-10-02,1125,N,VIIRS,n,2.0NRT,300.61,9.36,D
-9.98579,33.73192,337.53,0.39,0.36,2026-10-02,1125,N,VIIRS,n,2.0NRT,298.91,4.21,D
-9.97801,28.84188,334.8,0.42,0.45,2026-10-02,1125,N,VIIRS,n,2.0NRT,298.33,2.85,D
-9.97595,27.18716,347.55,0.54,0.51,2026-10-02,1125,N,VIIRS,n,2.0NRT,298.1,14.12,D
-9.97431,29.21904,340.34,0.4,0.44,2026-10-02,1125,N,VIIRS,n,2.0NRT,295.4,10.55,D
-9.97182,26.85334,330.95,0.57,0.52,2026-10-02,1125,N,VIIRS,n,2.0NRT,293.89,7.06,D
-9.95873,28.82714,337.25,0.42,0.45,2026-10-02,1125,N,VIIRS,n,2.0NRT,298.52,5.46,D
-9.94654,29.30404,332.1,0.39,0.44,2026-10-02,1125,N,VIIRS,n,2.0NRT,300.68,4.05,D
-9.94628,29.30353,335.26,0.39,0.44,2026-10-02,1125,N,VIIRS,n,2.0NRT,299.74,1.97,D
-9.94573,33.68908,331.59,0.39,0.36,2026-10-02,1125,N,VIIRS,n,2.0NRT,301.26,1.84,D
-9.94517,27.38146,338.29,0.52,0.5,2026-10-02,1125,N,VIIRS,n,2.0NRT,299.29,4.1,D
-9.9448,30.16109,336.66,0.52,0.42,2026-10-02,1125,N,VIIRS,n,2.0NRT,297.87,12.3,D
-9.94453,27.38627,335.3,0.52,0.5,2026-10-02,1125,N,VIIRS,n,2.0NRT,298.73,14.12,D
-9.94293,33.68504,333.79,0.39,0.36,2026-10-02,1125,N,VIIRS,n,2.0NRT,301.89,1.84,D
-9.937,25.45542,332.49,0.35,0.57,2026-10-02,1125,N,VIIRS,n,2.0NRT,294.99,3.19,D
-9.90594,29.26913,341.59,0.39,0.44,2026-10-02,1125,N,VIIRS,n,2.0NRT,300.75,5.81,D
-9.9049,28.40271,335.53,0.45,0.47,2026-10-02,1125,N,VIIRS,n,2.0NRT,295.11,3.29,D
-9.90483,27.57806,344.69,0.51,0.49,2026-10-02,1125,N,VIIRS,n,2.0NRT,302.83,11.23,D
-9.90421,27.5827,347.13,0.51,0.49,2026-10-02,1125,N,VIIRS,n,2.0NRT,303.83,40.39,D
-9.90298,30.70653,334,0.49,0.4,2026-10-02,1125,N,VIIRS,n,2.0NRT,290.79,9.51,D
-9.90027,27.57744,344.14,0.51,0.49,2026-10-02,1125,N,VIIRS,n,2.0NRT,297.98,11.23,D
-9.89965,27.58209,350.98,0.51,0.49,2026-10-02,1125,N,VIIRS,n,2.0NRT,298.62,40.39,D
-9.89784,28.76727,337.22,0.42,0.45,2026-10-02,1125,N,VIIRS,n,2.0NRT,299.84,10.96,D
-9.89729,28.77118,342.64,0.42,0.45,2026-10-02,1125,N,VIIRS,n,2.0NRT,300.78,15.27,D
-9.89607,33.27782,354.58,0.39,0.36,2026-10-02,1125,N,VIIRS,n,2.0NRT,307.54,8.5,D
-9.89553,33.2814,336.08,0.39,0.36,2026-10-02,1125,N,VIIRS,n,2.0NRT,304.12,8.5,D
-9.89549,28.17703,340.45,0.46,0.47,2026-10-02,1125,N,VIIRS,n,2.0NRT,298.28,7.35,D
-9.89531,28.17766,345.34,0.46,0.47,2026-10-02,1125,N,VIIRS,n,2.0NRT,299.35,8.38,D
-9.89301,27.56227,335.39,0.51,0.49,2026-10-02,1125,N,VIIRS,n,2.0NRT,298.66,9.55,D
-9.88292,27.04483,348.1,0.55,0.51,2026-10-02,1125,N,VIIRS,n,2.0NRT,298.3,7.34,D
-9.87639,27.30538,340.47,0.53,0.5,2026-10-02,1125,N,VIIRS,n,2.0NRT,298.51,6.91,D
-9.87573,27.31022,343.55,0.53,0.5,2026-10-02,1125,N,VIIRS,n,2.0NRT,301.49,14.76,D
-9.85919,26.57163,330.06,0.59,0.53,2026-10-02,1125,N,VIIRS,n,2.0NRT,297.64,4.71,D
-9.85822,33.39267,338.88,0.39,0.36,2026-10-02,1125,N,VIIRS,n,2.0NRT,304.54,3.6,D
-9.85359,26.57639,341.58,0.59,0.53,2026-10-02,1125,N,VIIRS,n,2.0NRT,297.56,12.32,D
-9.8345,28.19924,340.42,0.46,0.47,2026-10-02,1125,N,VIIRS,n,2.0NRT,297.08,4.12,D
-9.83393,28.20345,331.85,0.46,0.47,2026-10-02,1125,N,VIIRS,n,2.0NRT,297.17,4.31,D
-9.83095,27.03784,331.22,0.55,0.51,2026-10-02,1125,N,VIIRS,n,2.0NRT,295.15,4.8,D
-9.82207,33.74517,332.68,0.39,0.36,2026-10-02,1125,N,VIIRS,n,2.0NRT,301.76,2.19,D
-9.81962,29.38024,332.65,0.39,0.44,2026-10-02,1125,N,VIIRS,n,2.0NRT,302.07,4.87,D
-9.81429,29.00226,332.47,0.41,0.45,2026-10-02,1125,N,VIIRS,n,2.0NRT,294.21,5.87,D
-9.81378,29.00597,340.09,0.41,0.45,2026-10-02,1125,N,VIIRS,n,2.0NRT,295.01,5.87,D
-9.8137,30.28275,338.5,0.51,0.41,2026-10-02,1125,N,VIIRS,n,2.0NRT,296.03,18.61,D
-9.81273,30.28,331.84,0.51,0.41,2026-10-02,1125,N,VIIRS,n,2.0NRT,289.16,7.62,D
-9.81207,30.28472,332.03,0.51,0.41,2026-10-02,1125,N,VIIRS,n,2.0NRT,291.63,11,D
-9.81012,28.47285,342.98,0.44,0.46,2026-10-02,1125,N,VIIRS,n,2.0NRT,303.18,13.51,D
-9.80957,28.47688,340.81,0.44,0.46,2026-10-02,1125,N,VIIRS,n,2.0NRT,299.2,10.73,D
-9.80452,28.4184,332.57,0.44,0.46,2026-10-02,1125,N,VIIRS,n,2.0NRT,295.98,4.09,D
-9.80006,28.45087,330.88,0.44,0.46,2026-10-02,1125,N,VIIRS,n,2.0NRT,300.65,4.11,D
-9.79915,26.53699,345.21,0.59,0.53,2026-10-02,1125,N,VIIRS,n,2.0NRT,297.3,10.37,D
-9.79681,29.27899,333.07,0.39,0.44,2026-10-02,1125,N,VIIRS,n,2.0NRT,301.01,3.54,D
-9.79661,26.53574,346.23,0.59,0.53,2026-10-02,1125,N,VIIRS,n,2.0NRT,296.18,13.06,D
-9.7917,33.7657,330.4,0.39,0.36,2026-10-02,1125,N,VIIRS,n,2.0NRT,300.26,1.5,D
-9.77765,33.65562,332.36,0.39,0.36,2026-10-02,1125,N,VIIRS,n,2.0NRT,297.87,4.15,D
-9.77334,27.62041,338.04,0.5,0.49,2026-10-02,1125,N,VIIRS,n,2.0NRT,296.52,5.5,D
-9.75221,30.57405,344.47,0.5,0.41,2026-10-02,1125,N,VIIRS,n,2.0NRT,295.09,11.94,D
-9.74334,33.74748,338.44,0.39,0.36,2026-10-02,1125,N,VIIRS,n,2.0NRT,297.68,2.45,D
-9.74276,28.45526,340.38,0.44,0.46,2026-10-02,1125,N,VIIRS,n,2.0NRT,298.18,6.49,D
-9.7398,28.45533,338.48,0.44,0.46,2026-10-02,1125,N,VIIRS,n,2.0NRT,297.47,5.89,D
-9.73917,33.00733,340.89,0.4,0.37,2026-10-02,1125,N,VIIRS,n,2.0NRT,300.34,12.88,D
-9.7381,32.29976,343.43,0.42,0.37,2026-10-02,1125,N,VIIRS,l,2.0NRT,302.54,7.19,D
-9.73787,33.00677,344.35,0.4,0.37,2026-10-02,1125,N,VIIRS,n,2.0NRT,297.28,11.24,D
-9.73167,33.00217,348.88,0.4,0.37,2026-10-02,1125,N,VIIRS,n,2.0NRT,299.62,9.41,D
-9.72551,28.4328,341.94,0.44,0.46,2026-10-02,1125,N,VIIRS,n,2.0NRT,300.39,5.21,D
-9.72122,28.43221,334.81,0.44,0.46,2026-10-02,1125,N,VIIRS,n,2.0NRT,300.6,5.21,D
-9.71375,28.03322,334.13,0.47,0.48,2026-10-02,1125,N,VIIRS,n,2.0NRT,297.72,12.27,D
-9.71318,28.03752,350.16,0.47,0.48,2026-10-02,1125,N,VIIRS,n,2.0NRT,299.47,12.27,D
-9.69868,27.24709,345.64,0.53,0.5,2026-10-02,1125,N,VIIRS,n,2.0NRT,300.3,5.91,D
-9.69828,25.28617,338.58,0.36,0.57,2026-10-02,1125,N,VIIRS,n,2.0NRT,293.18,6.03,D
-9.69701,27.24856,353.53,0.53,0.5,2026-10-02,1125,N,VIIRS,n,2.0NRT,301.98,15.52,D
-9.69372,32.18025,336.68,0.42,0.38,2026-10-02,1125,N,VIIRS,l,2.0NRT,300.87,4.41,D
-9.69126,29.02635,341.83,0.41,0.45,2026-10-02,1125,N,VIIRS,n,2.0NRT,298.97,5.05,D
-9.69119,23.09872,328.95,0.5,0.66,2026-10-02,1125,N,VIIRS,n,2.0NRT,293.79,5.07,D
-9.69062,23.09738,331.09,0.51,0.66,2026-10-02,1125,N,VIIRS,n,2.0NRT,293.28,3.84,D
-9.68822,28.25647,332.78,0.45,0.47,2026-10-02,1125,N,VIIRS,n,2.0NRT,299.67,3.85,D
-9.67794,29.06254,340.75,0.4,0.44,2026-10-02,1125,N,VIIRS,n,2.0NRT,297.7,5.73,D
-9.67173,32.16133,354.95,0.42,0.38,2026-10-02,1125,N,VIIRS,n,2.0NRT,302.08,8.96,D
-9.66342,27.12271,332.63,0.54,0.51,2026-10-02,1125,N,VIIRS,n,2.0NRT,299.1,3.74,D
-9.64977,32.71355,346.96,0.4,0.37,2026-10-02,1125,N,VIIRS,n,2.0NRT,300.35,7.75,D
-9.64791,26.87747,341.88,0.56,0.51,2026-10-02,1125,N,VIIRS,n,2.0NRT,294.41,8.01,D
-9.64721,28.93122,340.85,0.41,0.45,2026-10-02,1125,N,VIIRS,n,2.0NRT,300.16,7.26,D
-9.64177,29.47482,334.29,0.57,0.43,2026-10-02,1125,N,VIIRS,n,2.0NRT,302.31,4.79,D
-9.64112,28.88405,345,0.41,0.45,2026-10-02,1125,N,VIIRS,n,2.0NRT,296.6,10.32,D
-9.6406,28.88778,331.91,0.41,0.45,2026-10-02,1125,N,VIIRS,n,2.0NRT,295.05,10.32,D
-9.64034,33.03666,331.23,0.4,0.37,2026-10-02,1125,N,VIIRS,n,2.0NRT,296.53,1.62,D
-9.62949,28.29094,340.78,0.45,0.47,2026-10-02,1125,N,VIIRS,n,2.0NRT,298.61,4.87,D
-9.62789,25.74355,349.55,0.33,0.56,2026-10-02,1125,N,VIIRS,n,2.0NRT,296.44,5.25,D
-9.62629,27.22259,339.28,0.53,0.5,2026-10-02,1125,N,VIIRS,n,2.0NRT,298.75,5.34,D
-9.62358,27.20739,343.32,0.53,0.5,2026-10-02,1125,N,VIIRS,n,2.0NRT,302.54,7.84,D
-9.62245,29.97987,355.81,0.53,0.42,2026-10-02,1125,N,VIIRS,n,2.0NRT,304.24,22.6,D
-9.62117,24.32781,335.29,0.42,0.61,2026-10-02,1125,N,VIIRS,n,2.0NRT,293,1,D
-9.61892,27.20677,343.44,0.53,0.5,2026-10-02,1125,N,VIIRS,n,2.0NRT,301.57,7.84,D
-9.61439,22.35197,332.54,0.57,0.69,2026-10-02,1125,N,VIIRS,n,2.0NRT,294.73,7.16,D
-9.61375,22.35725,331.02,0.56,0.69,2026-10-02,1125,N,VIIRS,n,2.0NRT,293.39,8.98,D
-9.59948,32.03686,341.8,0.42,0.38,2026-10-02,1125,N,VIIRS,n,2.0NRT,301.87,8.3,D
-9.58687,33.37257,338.98,0.39,0.36,2026-10-02,1125,N,VIIRS,n,2.0NRT,297.02,3.86,D
-9.58352,33.37207,342.37,0.39,0.36,2026-10-02,1125,N,VIIRS,n,2.0NRT,297.21,3.86,D
-9.58185,32.7971,331.82,0.4,0.37,2026-10-02,1125,N,VIIRS,n,2.0NRT,295.8,3.46,D
-9.57506,27.63997,333.41,0.5,0.49,2026-10-02,1125,N,VIIRS,n,2.0NRT,302.09,6.17,D
-9.57318,30.61807,345.87,0.49,0.4,2026-10-02,1125,N,VIIRS,l,2.0NRT,298.51,29.46,D
-9.56891,28.31606,352.23,0.45,0.47,2026-10-02,1125,N,VIIRS,n,2.0NRT,296.74,6.44,D
-9.56706,27.1169,343.24,0.54,0.51,2026-10-02,1125,N,VIIRS,n,2.0NRT,302.48,5.71,D
-9.56564,33.36506,333.6,0.39,0.36,2026-10-02,1125,N,VIIRS,n,2.0NRT,297.17,1.16,D
-9.5646,28.31546,337.72,0.45,0.47,2026-10-02,1125,N,VIIRS,n,2.0NRT,295.3,3.6,D
-9.56392,33.26295,337.3,0.39,0.36,2026-10-02,1125,N,VIIRS,n,2.0NRT,304.95,3.34,D
-9.56168,27.05063,335.18,0.54,0.51,2026-10-02,1125,N,VIIRS,n,2.0NRT,300.33,4.32,D
-9.5614,31.82981,333.91,0.43,0.38,2026-10-02,1125,N,VIIRS,l,2.0NRT,302.31,7.64,D
-9.55847,31.82538,347.85,0.43,0.38,2026-10-02,1125,N,VIIRS,n,2.0NRT,303.45,7.64,D
-9.55789,31.82934,339.4,0.43,0.38,2026-10-02,1125,N,VIIRS,n,2.0NRT,303.33,7.64,D
-9.5521,31.54793,344.76,0.44,0.39,2026-10-02,1125,N,VIIRS,n,2.0NRT,297.82,11.52,D
-9.54321,25.17645,348.43,0.36,0.58,2026-10-02,1125,N,VIIRS,n,2.0NRT,293.23,13.76,D
-9.54222,25.66688,367,0.34,0.56,2026-10-02,1125,N,VIIRS,h,2.0NRT,298.68,10.63,D
-9.54142,25.17536,350.55,0.36,0.58,2026-10-02,1125,N,VIIRS,n,2.0NRT,291.79,12.55,D
-9.54075,32.74191,345.27,0.4,0.37,2026-10-02,1125,N,VIIRS,n,2.0NRT,306.29,25.69,D
-9.53756,32.08726,333.26,0.42,0.38,2026-10-02,1125,N,VIIRS,l,2.0NRT,298.19,3.91,D
-9.5373,31.77418,332.92,0.43,0.38,2026-10-02,1125,N,VIIRS,l,2.0NRT,303.93,9.44,D
-9.53379,31.77365,337.15,0.43,0.38,2026-10-02,1125,N,VIIRS,l,2.0NRT,307.63,7.38,D
-9.53321,31.77762,336.25,0.43,0.38,2026-10-02,1125,N,VIIRS,l,2.0NRT,305.36,7.38,D
-9.532,32.80035,331.5,0.4,0.37,2026-10-02,1125,N,VIIRS,l,2.0NRT,303.87,3.08,D
-9.52459,33.13616,337.2,0.39,0.37,2026-10-02,1125,N,VIIRS,n,2.0NRT,301.66,2.53,D
-9.52248,29.70084,338.8,0.55,0.43,2026-10-02,1125,N,VIIRS,n,2.0NRT,299.33,9.8,D
-9.51743,28.32302,347.97,0.45,0.47,2026-10-02,1125,N,VIIRS,n,2.0NRT,301,33.09,D
-9.51686,28.32711,339.81,0.45,0.47,2026-10-02,1125,N,VIIRS,n,2.0NRT,295.09,33.09,D
-9.51313,28.32243,355.41,0.45,0.47,2026-10-02,1125,N,VIIRS,n,2.0NRT,296.85,33.09,D
-9.50883,28.32183,330.62,0.45,0.47,2026-10-02,1125,N,VIIRS,n,2.0NRT,294.2,4,D
-9.5082,25.56335,340.18,0.34,0.56,2026-10-02,1125,N,VIIRS,n,2.0NRT,292.84,5.09,D
-9.50303,25.56244,349.97,0.34,0.56,2026-10-02,1125,N,VIIRS,n,2.0NRT,293.51,5.09,D
-9.50269,28.00952,340.9,0.47,0.48,2026-10-02,1125,N,VIIRS,n,2.0NRT,295.86,6.23,D
-9.50239,32.55522,338.25,0.41,0.37,2026-10-02,1125,N,VIIRS,l,2.0NRT,302.13,7.13,D
-9.48848,31.96213,343.02,0.43,0.38,2026-10-02,1125,N,VIIRS,n,2.0NRT,294.87,4.75,D
-9.48172,28.86496,330.02,0.41,0.45,2026-10-02,1125,N,VIIRS,l,2.0NRT,302.21,1.95,D
-9.48016,25.61761,341.56,0.34,0.56,2026-10-02,1125,N,VIIRS,n,2.0NRT,298.37,5.71,D
-9.4791,25.61458,334.03,0.34,0.56,2026-10-02,1125,N,VIIRS,n,2.0NRT,298.39,3.97,D
-9.47868,25.61769,341.29,0.34,0.56,2026-10-02,1125,N,VIIRS,n,2.0NRT,297.81,5.68,D
-9.47022,28.2832,335,0.45,0.47,2026-10-02,1125,N,VIIRS,n,2.0NRT,302.02,3.02,D
-9.46952,25.70133,339.28,0.33,0.56,2026-10-02,1125,N,VIIRS,n,2.0NRT,296.56,3.68,D
-9.46743,25.70123,340.02,0.33,0.56,2026-10-02,1125,N,VIIRS,n,2.0NRT,297.36,3.61,D
-9.46719,29.56149,332.2,0.56,0.43,2026-10-02,1125,N,VIIRS,l,2.0NRT,302.74,5.1,D
-9.46319,25.70998,367,0.33,0.56,2026-10-02,1125,N,VIIRS,h,2.0NRT,299.77,10.61,D
-9.46103,25.70987,367,0.33,0.56,2026-10-02,1125,N,VIIRS,h,2.0NRT,300.77,12.79,D
-9.44825,28.21736,331.07,0.45,0.47,2026-10-02,1125,N,VIIRS,n,2.0NRT,300.77,3.79,D
-9.44795,33.42693,332.65,0.39,0.36,2026-10-02,1125,N,VIIRS,n,2.0NRT,294.15,2.54,D
-9.44712,28.21773,332.37,0.45,0.47,2026-10-02,1125,N,VIIRS,n,2.0NRT,300.13,4.76,D
-9.4466,28.22971,338.17,0.45,0.47,2026-10-02,1125,N,VIIRS,n,2.0NRT,297.54,2.62,D
-9.44596,28.22594,331.67,0.45,0.47,2026-10-02,1125,N,VIIRS,n,2.0NRT,298.58,5.39,D
-9.44565,28.25941,330.07,0.45,0.47,2026-10-02,1125,N,VIIRS,n,2.0NRT,298.23,4.16,D
-9.44538,28.23005,330.13,0.45,0.47,2026-10-02,1125,N,VIIRS,n,2.0NRT,296.57,2.38,D
-9.43957,29.86442,342.54,0.54,0.42,2026-10-02,1125,N,VIIRS,n,2.0NRT,301.7,16.31,D
-9.43559,29.86678,334.29,0.54,0.42,2026-10-02,1125,N,VIIRS,l,2.0NRT,302.37,10.14,D
-9.43426,31.71443,340.13,0.43,0.38,2026-10-02,1125,N,VIIRS,n,2.0NRT,299.02,10.05,D
-9.4303,26.97959,348.72,0.55,0.51,2026-10-02,1125,N,VIIRS,n,2.0NRT,301.95,10.66,D
-9.4256,26.97889,342.59,0.55,0.51,2026-10-02,1125,N,VIIRS,n,2.0NRT,299.22,10.66,D
-9.42468,28.31483,354.12,0.45,0.47,2026-10-02,1125,N,VIIRS,n,2.0NRT,302.79,7.49,D
-9.42433,28.77656,333.12,0.42,0.45,2026-10-02,1125,N,VIIRS,n,2.0NRT,301.93,3.02,D
-9.40107,33.0914,341.46,0.39,0.37,2026-10-02,1125,N,VIIRS,n,2.0NRT,302.24,7.67,D
-9.39984,24.48494,329.9,0.4,0.6,2026-10-02,1125,N,VIIRS,n,2.0NRT,293.28,3.03,D
-9.38692,30.62591,332.53,0.49,0.4,2026-10-02,1125,N,VIIRS,n,2.0NRT,294.98,4.76,D
-9.38511,32.0023,337.87,0.42,0.38,2026-10-02,1125,N,VIIRS,l,2.0NRT,299.9,7.95,D
-9.38108,32.00564,336.02,0.42,0.38,2026-10-02,1125,N,VIIRS,l,2.0NRT,304.61,15.05,D
-9.37844,33.25249,334.2,0.39,0.36,2026-10-02,1125,N,VIIRS,n,2.0NRT,298.17,2.28,D
-9.37816,32.00129,342.81,0.42,0.38,2026-10-02,1125,N,VIIRS,l,2.0NRT,301.23,8.36,D
-9.37313,33.28811,332.8,0.39,0.36,2026-10-02,1125,N,VIIRS,n,2.0NRT,298.86,4.22,D
-9.3726,33.29163,334.39,0.39,0.36,2026-10-02,1125,N,VIIRS,n,2.0NRT,300.85,6.79,D
-9.37088,33.37191,344.11,0.39,0.36,2026-10-02,1125,N,VIIRS,n,2.0NRT,295.14,6.67,D
-9.3675,25.7317,367,0.33,0.55,2026-10-02,1125,N,VIIRS,h,2.0NRT,298.11,7.41,D
-9.36386,25.73305,340.32,0.33,0.55,2026-10-02,1125,N,VIIRS,n,2.0NRT,296.9,5.99,D
-9.35998,32.59858,334.9,0.41,0.37,2026-10-02,1125,N,VIIRS,n,2.0NRT,303.28,2.19,D
-9.359,31.98658,348.51,0.42,0.38,2026-10-02,1125,N,VIIRS,n,2.0NRT,303.41,11.92,D
-9.35229,32.25019,339.97,0.42,0.37,2026-10-02,1125,N,VIIRS,l,2.0NRT,305.21,6.24,D
-9.35024,31.97348,345.01,0.42,0.38,2026-10-02,1125,N,VIIRS,n,2.0NRT,306.19,13.68,D
-9.34912,31.97329,344.2,0.42,0.38,2026-10-02,1125,N,VIIRS,n,2.0NRT,306.24,17.74,D
-9.34823,22.95539,338.83,0.51,0.66,2026-10-02,1125,N,VIIRS,n,2.0NRT,291.96,5.57,D
-9.34784,32.39919,335.09,0.41,0.37,2026-10-02,1125,N,VIIRS,l,2.0NRT,304.99,8.33,D
-9.34155,24.62923,329.9,0.39,0.6,2026-10-02,1125,N,VIIRS,n,2.0NRT,292.81,4.15,D
-9.33117,25.04742,344.91,0.37,0.58,2026-10-02,1125,N,VIIRS,n,2.0NRT,293.86,5.53,D
-9.32409,27.3629,341.09,0.51,0.5,2026-10-02,1125,N,VIIRS,n,2.0NRT,298.4,6.74,D
-9.31294,25.74945,333.13,0.33,0.55,2026-10-02,1125,N,VIIRS,n,2.0NRT,296.1,2.4,D
-9.30238,30.98091,335.74,0.47,0.4,2026-10-02,1125,N,VIIRS,l,2.0NRT,298.99,6.25,D
-9.30128,24.85545,341.19,0.38,0.59,2026-10-02,1125,N,VIIRS,n,2.0NRT,295.75,3.65,D
-9.28926,32.06616,334.44,0.42,0.38,2026-10-02,1125,N,VIIRS,l,2.0NRT,304.32,5.4,D
-9.28849,31.33275,341.93,0.45,0.39,2026-10-02,1125,N,VIIRS,n,2.0NRT,297.92,16.75,D
-9.28459,27.65022,367,0.49,0.49,2026-10-02,1125,N,VIIRS,h,2.0NRT,301.1,13.68,D
-9.27902,32.97694,337.62,0.4,0.37,2026-10-02,1125,N,VIIRS,n,2.0NRT,300.28,5.77,D
-9.27796,24.99391,337.24,0.37,0.58,2026-10-02,1125,N,VIIRS,n,2.0NRT,295.08,3.15,D
-9.27688,33.73133,341.71,0.39,0.36,2026-10-02,1125,N,VIIRS,n,2.0NRT,296.68,4.06,D
-9.2717,31.24661,334.91,0.45,0.39,2026-10-02,1125,N,VIIRS,l,2.0NRT,292.9,8.85,D
-9.26873,31.9887,332.83,0.42,0.38,2026-10-02,1125,N,VIIRS,l,2.0NRT,303.06,2.65,D
-9.2687,31.24204,343.68,0.45,0.39,2026-10-02,1125,N,VIIRS,l,2.0NRT,295.83,8.85,D
-9.26816,31.99255,335.51,0.42,0.38,2026-10-02,1125,N,VIIRS,l,2.0NRT,304.07,2.65,D
-9.26511,31.24152,332.53,0.45,0.39,2026-10-02,1125,N,VIIRS,l,2.0NRT,293.67,17.9,D
-9.25476,25.13184,335.22,0.36,0.58,2026-10-02,1125,N,VIIRS,n,2.0NRT,295.93,3.4,D
-9.24384,31.33875,335.02,0.45,0.39,2026-10-02,1125,N,VIIRS,l,2.0NRT,299.66,5.77,D
-9.24109,23.94072,336.11,0.44,0.62,2026-10-02,1125,N,VIIRS,n,2.0NRT,294.12,3.89,D
-9.24099,25.90333,340.14,0.32,0.55,2026-10-02,1125,N,VIIRS,n,2.0NRT,297.32,1.98,D
-9.23565,32.78165,340.53,0.4,0.37,2026-10-02,1125,N,VIIRS,n,2.0NRT,304.3,6,D
-9.23481,30.90997,339.96,0.47,0.4,2026-10-02,1125,N,VIIRS,l,2.0NRT,294.29,17.11,D
-9.22125,25.94366,331.33,0.32,0.54,2026-10-02,1125,N,VIIRS,n,2.0NRT,297.44,4.06,D
-9.22016,25.94528,330.7,0.32,0.54,2026-10-02,1125,N,VIIRS,n,2.0NRT,297.89,2.17,D
-9.20883,32.09326,332.6,0.42,0.38,2026-10-02,1125,N,VIIRS,l,2.0NRT,305.02,4.4,D
-9.20622,23.19897,332.34,0.49,0.65,2026-10-02,1125,N,VIIRS,n,2.0NRT,290.77,4.96,D
-9.19966,32.78675,343,0.4,0.37,2026-10-02,1125,N,VIIRS,n,2.0NRT,304.64,4,D
-9.19528,32.81599,340.38,0.4,0.37,2026-10-02,1125,N,VIIRS,l,2.0NRT,311.72,8.82,D
-9.19516,24.85702,332.91,0.38,0.59,2026-10-02,1125,N,VIIRS,n,2.0NRT,296.01,2.48,D
-9.1945,25.91322,337.49,0.32,0.55,2026-10-02,1125,N,VIIRS,n,2.0NRT,295.25,4.57,D
-9.18905,25.91549,347.64,0.32,0.55,2026-10-02,1125,N,VIIRS,n,2.0NRT,293.02,4.57,D
-9.18788,32.79618,343.86,0.4,0.37,2026-10-02,1125,N,VIIRS,n,2.0NRT,310.82,13.93,D
-9.18756,29.22902,352.33,0.39,0.44,2026-10-02,1125,N,VIIRS,n,2.0NRT,301.29,6.8,D
-9.1845,32.79568,346.62,0.4,0.37,2026-10-02,1125,N,VIIRS,n,2.0NRT,308.23,13.93,D
-9.18089,25.86051,340.75,0.32,0.55,2026-10-02,1125,N,VIIRS,n,2.0NRT,298.12,3.85,D
-9.17962,31.70986,343.1,0.43,0.38,2026-10-02,1125,N,VIIRS,n,2.0NRT,303.16,9.87,D
-9.17338,28.32631,342.88,0.44,0.46,2026-10-02,1125,N,VIIRS,n,2.0NRT,300.31,9.45,D
-9.171,25.65761,330.07,0.33,0.56,2026-10-02,1125,N,VIIRS,n,2.0NRT,295.68,3.22,D
-9.16597,28.99966,331.53,0.4,0.44,2026-10-02,1125,N,VIIRS,n,2.0NRT,299.97,2.94,D
-9.1625,32.16785,346.1,0.42,0.37,2026-10-02,1125,N,VIIRS,l,2.0NRT,305.42,23.07,D
-9.15967,25.17286,335.83,0.36,0.57,2026-10-02,1125,N,VIIRS,n,2.0NRT,292.94,6.27,D
-9.15952,31.89815,337.16,0.43,0.38,2026-10-02,1125,N,VIIRS,l,2.0NRT,303.68,5.43,D
-9.15838,31.15903,333.92,0.46,0.39,2026-10-02,1125,N,VIIRS,l,2.0NRT,292.88,8.71,D
-9.15235,25.68068,330.56,0.33,0.55,2026-10-02,1125,N,VIIRS,n,2.0NRT,297.72,4.56,D
-9.15049,25.68162,334.63,0.33,0.55,2026-10-02,1125,N,VIIRS,n,2.0NRT,298.46,4.72,D
-9.14384,32.62152,330.52,0.4,0.37,2026-10-02,1125,N,VIIRS,l,2.0NRT,304.82,1.66,D
-9.14271,24.82289,339.95,0.38,0.59,2026-10-02,1125,N,VIIRS,n,2.0NRT,292.52,3.25,D
-9.14158,25.18736,333.37,0.36,0.57,2026-10-02,1125,N,VIIRS,n,2.0NRT,294.96,4.22,D
-9.13721,32.64262,349.59,0.4,0.37,2026-10-02,1125,N,VIIRS,n,2.0NRT,309.8,10.88,D
-9.13044,29.04601,351.3,0.4,0.44,2026-10-02,1125,N,VIIRS,n,2.0NRT,303.63,9.68,D
-9.12949,25.81852,344.87,0.32,0.55,2026-10-02,1125,N,VIIRS,n,2.0NRT,295.62,2.48,D
-9.12664,25.81904,341.23,0.32,0.55,2026-10-02,1125,N,VIIRS,n,2.0NRT,296.58,3.6,D
-9.12118,29.05862,343.7,0.4,0.44,2026-10-02,1125,N,VIIRS,n,2.0NRT,302.7,3.95,D
-9.12083,25.70801,333.94,0.33,0.55,2026-10-02,1125,N,VIIRS,n,2.0NRT,294.15,2.9,D
-9.12033,29.05922,343.73,0.4,0.44,2026-10-02,1125,N,VIIRS,n,2.0NRT,303.07,4.57,D
-9.11962,27.35994,335.14,0.51,0.49,2026-10-02,1125,N,VIIRS,n,2.0NRT,299.03,8.75,D
-9.11655,29.09085,345.38,0.39,0.44,2026-10-02,1125,N,VIIRS,n,2.0NRT,301.24,4.45,D
-9.11593,29.09151,346.39,0.39,0.44,2026-10-02,1125,N,VIIRS,n,2.0NRT,301.07,5.07,D
-9.11569,25.70743,353.85,0.33,0.55,2026-10-02,1125,N,VIIRS,n,2.0NRT,294.25,8.01,D
-9.11441,27.36398,338.25,0.51,0.49,2026-10-02,1125,N,VIIRS,n,2.0NRT,298.09,6.15,D
-9.11289,29.14504,332.76,0.39,0.44,2026-10-02,1125,N,VIIRS,l,2.0NRT,303.24,4.27,D
-9.11265,29.14582,332.61,0.39,0.44,2026-10-02,1125,N,VIIRS,l,2.0NRT,303.72,5.63,D
-9.11006,28.99075,332.3,0.4,0.44,2026-10-02,1125,N,VIIRS,n,2.0NRT,301.45,1.04,D
-9.10207,30.4137,344.62,0.5,0.41,2026-10-02,1125,N,VIIRS,n,2.0NRT,307.44,36.57,D
-9.09723,29.081,334.54,0.39,0.44,2026-10-02,1125,N,VIIRS,n,2.0NRT,302.33,2.31,D
-9.09369,32.5619,333.29,0.4,0.37,2026-10-02,1125,N,VIIRS,l,2.0NRT,302.87,3.79,D
-9.08797,33.46068,338.12,0.39,0.36,2026-10-02,1125,N,VIIRS,n,2.0NRT,298.86,3.82,D
-9.08038,29.64229,335.01,0.55,0.43,2026-10-02,1125,N,VIIRS,n,2.0NRT,302.64,13.79,D
-9.07646,29.64173,342.69,0.55,0.43,2026-10-02,1125,N,VIIRS,n,2.0NRT,304.68,18.7,D
-9.06642,32.06507,337.64,0.42,0.38,2026-10-02,1125,N,VIIRS,l,2.0NRT,308.08,4.75,D
-9.0596,31.17132,337.31,0.46,0.39,2026-10-02,1125,N,VIIRS,l,2.0NRT,306.23,5.81,D
-9.05802,25.54729,332.98,0.34,0.56,2026-10-02,1125,N,VIIRS,n,2.0NRT,296.93,2.86,D
-9.05647,25.54721,332.69,0.34,0.56,2026-10-02,1125,N,VIIRS,n,2.0NRT,297.96,2.34,D
-9.05526,25.56892,333.81,0.34,0.56,2026-10-02,1125,N,VIIRS,n,2.0NRT,297.77,4.83,D
-9.0552,27.38926,337.24,0.51,0.49,2026-10-02,1125,N,VIIRS,n,2.0NRT,299.99,3.36,D
-9.05356,25.56873,332.92,0.34,0.56,2026-10-02,1125,N,VIIRS,n,2.0NRT,297.1,3.3,D
-9.05117,25.62503,330.68,0.33,0.56,2026-10-02,1125,N,VIIRS,n,2.0NRT,296.84,3.09,D
-9.05076,25.62807,347.31,0.33,0.56,2026-10-02,1125,N,VIIRS,n,2.0NRT,293.37,3.09,D
-9.04813,32.49449,350.2,0.41,0.37,2026-10-02,1125,N,VIIRS,l,2.0NRT,307.9,14.07,D
-9.04774,25.62774,353.68,0.33,0.56,2026-10-02,1125,N,VIIRS,n,2.0NRT,295.59,6.52,D
-9.03162,25.53615,367,0.34,0.56,2026-10-02,1125,N,VIIRS,h,2.0NRT,301.45,33.43,D
-9.03075,32.40084,333.96,0.41,0.37,2026-10-02,1125,N,VIIRS,l,2.0NRT,302.6,3.44,D
-9.02688,25.57162,343.02,0.34,0.56,2026-10-02,1125,N,VIIRS,n,2.0NRT,297.28,3.14,D
-9.0241,25.63163,334.33,0.33,0.55,2026-10-02,1125,N,VIIRS,n,2.0NRT,295.27,4.3,D
-9.01904,32.4561,330.39,0.41,0.37,2026-10-02,1125,N,VIIRS,l,2.0NRT,300.95,3.57,D
-9.0063,32.11434,336.39,0.42,0.37,2026-10-02,1125,N,VIIRS,l,2.0NRT,309.97,4.74,D
-8.99872,25.62575,334.16,0.33,0.55,2026-10-02,1125,N,VIIRS,n,2.0NRT,294.87,2.65,D
-8.97927,25.65435,345.32,0.33,0.55,2026-10-02,1125,N,VIIRS,n,2.0NRT,292.18,5.78,D
-8.9519,31.22297,337.41,0.45,0.39,2026-10-02,1125,N,VIIRS,n,2.0NRT,307.18,3.37,D
-8.95086,23.23874,342.11,0.48,0.65,2026-10-02,1125,N,VIIRS,n,2.0NRT,291.5,5.49,D
-8.9471,23.23756,356.2,0.48,0.65,2026-10-02,1125,N,VIIRS,n,2.0NRT,288.01,7.54,D
-8.94645,33.7687,336.86,0.39,0.36,2026-10-02,1125,N,VIIRS,n,2.0NRT,301.36,3.33,D
-8.94341,22.56305,336.87,0.54,0.68,2026-10-02,1125,N,VIIRS,n,2.0NRT,289.22,2.73,D
-8.94281,22.56791,339.42,0.54,0.68,2026-10-02,1125,N,VIIRS,n,2.0NRT,288.94,8.08,D
-8.94242,25.6161,330.66,0.33,0.56,2026-10-02,1125,N,VIIRS,n,2.0NRT,294.33,1.88,D
-8.93992,22.56681,340.44,0.54,0.67,2026-10-02,1125,N,VIIRS,n,2.0NRT,288.72,5.77,D
-8.93659,26.24353,345.89,0.6,0.53,2026-10-02,1125,N,VIIRS,n,2.0NRT,297.64,10.04,D
-8.93089,30.69487,341.14,0.48,0.4,2026-10-02,1125,N,VIIRS,n,2.0NRT,304.25,12.75,D
-8.92674,26.2422,345.29,0.6,0.53,2026-10-02,1125,N,VIIRS,n,2.0NRT,299.95,7.57,D
-8.9165,32.93541,335.81,0.4,0.37,2026-10-02,1125,N,VIIRS,n,2.0NRT,307.01,3.57,D
-8.91314,32.32281,334.03,0.41,0.37,2026-10-02,1125,N,VIIRS,l,2.0NRT,306.42,9.83,D
-8.91036,25.28811,345.72,0.35,0.57,2026-10-02,1125,N,VIIRS,n,2.0NRT,292.44,8.69,D
-8.90995,25.29131,349.92,0.35,0.57,2026-10-02,1125,N,VIIRS,n,2.0NRT,293.37,8.69,D
-8.90972,32.32231,347.12,0.41,0.37,2026-10-02,1125,N,VIIRS,l,2.0NRT,313.26,9.83,D
-8.90969,29.20839,331.25,0.39,0.44,2026-10-02,1125,N,VIIRS,n,2.0NRT,298.96,2.96,D
-8.90917,32.32605,336.59,0.41,0.37,2026-10-02,1125,N,VIIRS,l,2.0NRT,306.92,9.83,D
-8.90654,31.26783,335.87,0.45,0.39,2026-10-02,1125,N,VIIRS,l,2.0NRT,308.13,3.51,D
-8.90522,31.3703,339.85,0.44,0.39,2026-10-02,1125,N,VIIRS,n,2.0NRT,308.8,2.42,D
-8.9032,30.78365,341.31,0.47,0.4,2026-10-02,1125,N,VIIRS,l,2.0NRT,306.98,7.97,D
-8.89467,30.71214,347.3,0.48,0.4,2026-10-02,1125,N,VIIRS,n,2.0NRT,306.75,10.61,D
-8.89182,33.77071,341.02,0.39,0.36,2026-10-02,1125,N,VIIRS,n,2.0NRT,298.23,5.52,D
-8.88319,24.46359,331.51,0.4,0.6,2026-10-02,1125,N,VIIRS,n,2.0NRT,291.56,4.22,D
-8.88215,24.46009,352.04,0.4,0.6,2026-10-02,1125,N,VIIRS,n,2.0NRT,291.49,9.7,D
-8.88168,24.46382,367,0.4,0.6,2026-10-02,1125,N,VIIRS,h,2.0NRT,293.97,9.7,D
-8.88023,24.48573,335.92,0.4,0.6,2026-10-02,1125,N,VIIRS,n,2.0NRT,290.35,7.83,D
-8.87936,24.4823,333.33,0.4,0.6,2026-10-02,1125,N,VIIRS,n,2.0NRT,291.54,9.98,D
-8.87861,24.4555,334.96,0.4,0.6,2026-10-02,1125,N,VIIRS,n,2.0NRT,292.41,6.73,D
-8.87848,25.73141,335.42,0.33,0.55,2026-10-02,1125,N,VIIRS,n,2.0NRT,295,4.16,D
-8.87812,24.45923,356.79,0.4,0.6,2026-10-02,1125,N,VIIRS,n,2.0NRT,292.73,18.58,D
-8.87762,24.46296,367,0.4,0.6,2026-10-02,1125,N,VIIRS,h,2.0NRT,292.25,18.58,D
-8.87659,24.45942,367,0.4,0.6,2026-10-02,1125,N,VIIRS,h,2.0NRT,292.18,9.7,D
-8.87612,24.46315,335.68,0.4,0.6,2026-10-02,1125,N,VIIRS,n,2.0NRT,290.57,9.7,D
-8.87517,24.48137,333.52,0.4,0.6,2026-10-02,1125,N,VIIRS,n,2.0NRT,290.94,3.57,D
-8.87468,24.48504,331.18,0.4,0.6,2026-10-02,1125,N,VIIRS,n,2.0NRT,290.45,3.57,D
-8.87294,30.63772,335.21,0.48,0.4,2026-10-02,1125,N,VIIRS,l,2.0NRT,307.35,30.42,D
-8.87278,33.22736,334.24,0.39,0.36,2026-10-02,1125,N,VIIRS,n,2.0NRT,303.15,4.55,D
-8.87253,30.81922,344.69,0.47,0.4,2026-10-02,1125,N,VIIRS,l,2.0NRT,304.02,8.97,D
-8.87213,30.81847,347.45,0.47,0.4,2026-10-02,1125,N,VIIRS,n,2.0NRT,303.96,10.95,D
-8.86861,30.64158,334.61,0.48,0.4,2026-10-02,1125,N,VIIRS,l,2.0NRT,304.26,26.17,D
-8.86233,31.81544,333.91,0.43,0.38,2026-10-02,1125,N,VIIRS,n,2.0NRT,301.88,7.67,D
-8.86076,30.97667,331.15,0.46,0.39,2026-10-02,1125,N,VIIRS,l,2.0NRT,305.92,4.36,D
-8.84374,31.17234,343.36,0.45,0.39,2026-10-02,1125,N,VIIRS,l,2.0NRT,305.73,4.44,D
-8.84058,33.06298,338.2,0.39,0.36,2026-10-02,1125,N,VIIRS,n,2.0NRT,307.96,3.92,D
-8.83735,30.6235,331.54,0.48,0.4,2026-10-02,1125,N,VIIRS,l,2.0NRT,301.9,4.74,D
-8.82855,25.69339,354.59,0.33,0.55,2026-10-02,1125,N,VIIRS,n,2.0NRT,294.78,4.61,D
-8.82662,30.69814,330.92,0.48,0.4,2026-10-02,1125,N,VIIRS,l,2.0NRT,304.47,2.26,D
-8.82655,25.69182,343.39,0.33,0.55,2026-10-02,1125,N,VIIRS,n,2.0NRT,292.51,4.6,D
-8.82461,33.50218,341.74,0.39,0.36,2026-10-02,1125,N,VIIRS,n,2.0NRT,309.74,8.61,D
-8.82357,30.69327,335.02,0.48,0.4,2026-10-02,1125,N,VIIRS,l,2.0NRT,305.73,4.87,D
-8.82336,30.74678,335.16,0.47,0.4,2026-10-02,1125,N,VIIRS,l,2.0NRT,301.95,5.26,D
-8.82294,30.69768,330.02,0.48,0.4,2026-10-02,1125,N,VIIRS,l,2.0NRT,302.69,2.26,D
-8.81477,31.42339,336.64,0.44,0.38,2026-10-02,1125,N,VIIRS,l,2.0NRT,309.36,6.25,D
-8.8134,25.8417,346.51,0.32,0.55,2026-10-02,1125,N,VIIRS,n,2.0NRT,294.11,5.14,D
-8.81214,25.84342,353.63,0.32,0.55,2026-10-02,1125,N,VIIRS,n,2.0NRT,294.68,8.43,D
-8.80638,30.70862,348.58,0.48,0.4,2026-10-02,1125,N,VIIRS,n,2.0NRT,304.54,4.82,D
-8.80603,30.91805,335.23,0.46,0.39,2026-10-02,1125,N,VIIRS,l,2.0NRT,306.24,5.18,D
-8.80355,30.62291,338.42,0.48,0.4,2026-10-02,1125,N,VIIRS,l,2.0NRT,305.66,50.6,D
-8.80271,30.70806,345.17,0.48,0.4,2026-10-02,1125,N,VIIRS,n,2.0NRT,307.67,18.83,D
-8.8024,30.91753,340.65,0.46,0.39,2026-10-02,1125,N,VIIRS,n,2.0NRT,307.25,6.53,D
-8.78971,29.21209,333.52,0.38,0.43,2026-10-02,1125,N,VIIRS,n,2.0NRT,303.28,3.17,D
-8.7892,29.21574,333.11,0.38,0.43,2026-10-02,1125,N,VIIRS,n,2.0NRT,302.17,2.71,D
-8.78184,30.88003,340.43,0.47,0.39,2026-10-02,1125,N,VIIRS,n,2.0NRT,305.02,3.11,D
-8.78158,24.12294,328.81,0.42,0.61,2026-10-02,1125,N,VIIRS,n,2.0NRT,293.75,72.69,D
-8.78108,24.12681,347.85,0.42,0.61,2026-10-02,1125,N,VIIRS,n,2.0NRT,295.94,72.69,D
-8.78083,31.36482,349.36,0.44,0.39,2026-10-02,1125,N,VIIRS,n,2.0NRT,309.73,6.61,D
-8.77821,30.87951,350.46,0.47,0.39,2026-10-02,1125,N,VIIRS,n,2.0NRT,306.4,13.66,D
-8.77589,24.12233,208,0.42,0.61,2026-10-02,1125,N,VIIRS,l,2.0NRT,298.72,72.69,D
-8.77539,24.12619,285.84,0.42,0.61,2026-10-02,1125,N,VIIRS,l,2.0NRT,313.42,72.69,D
-8.77489,24.13004,367,0.42,0.61,2026-10-02,1125,N,VIIRS,h,2.0NRT,293.97,149.44,D
-8.77457,30.879,353.45,0.47,0.39,2026-10-02,1125,N,VIIRS,n,2.0NRT,307.32,13.66,D
-8.77153,30.87429,334.38,0.47,0.39,2026-10-02,1125,N,VIIRS,l,2.0NRT,305.41,5.81,D
-8.77033,30.88269,333.42,0.47,0.39,2026-10-02,1125,N,VIIRS,l,2.0NRT,302.23,2.74,D
-8.76895,23.26358,367,0.48,0.65,2026-10-02,1125,N,VIIRS,h,2.0NRT,292.08,15.06,D
-8.76842,23.26779,345.76,0.48,0.65,2026-10-02,1125,N,VIIRS,n,2.0NRT,285.99,11.84,D
-8.76296,23.26276,357.25,0.48,0.65,2026-10-02,1125,N,VIIRS,l,2.0NRT,287.65,18.83,D
-8.76242,23.26703,330.38,0.48,0.65,2026-10-02,1125,N,VIIRS,n,2.0NRT,288.7,12.51,D
-8.76055,33.52438,343.95,0.39,0.36,2026-10-02,1125,N,VIIRS,n,2.0NRT,303.1,3.03,D
-8.75485,31.36894,334.16,0.44,0.39,2026-10-02,1125,N,VIIRS,l,2.0NRT,308.08,1.76,D
-8.74467,27.23891,339.86,0.51,0.5,2026-10-02,1125,N,VIIRS,n,2.0NRT,296.47,6.47,D
-8.74114,27.23499,340.64,0.51,0.5,2026-10-02,1125,N,VIIRS,n,2.0NRT,296.49,9.79,D
-8.74011,27.2381,333.51,0.51,0.5,2026-10-02,1125,N,VIIRS,n,2.0NRT,296.06,6.47,D
-8.73458,33.35812,334.97,0.39,0.36,2026-10-02,1125,N,VIIRS,l,2.0NRT,305.71,3.37,D
-8.71761,25.94444,339.63,0.63,0.54,2026-10-02,1125,N,VIIRS,n,2.0NRT,293.96,8.06,D
-8.69353,30.89725,334.1,0.46,0.39,2026-10-02,1125,N,VIIRS,l,2.0NRT,301.73,5.62,D
-8.68012,32.27205,339.9,0.41,0.37,2026-10-02,1125,N,VIIRS,n,2.0NRT,308.9,4.46,D
-8.67816,30.84954,342.34,0.47,0.39,2026-10-02,1125,N,VIIRS,l,2.0NRT,305.29,9.81,D
-8.67563,25.69243,347.28,0.33,0.55,2026-10-02,1125,N,VIIRS,n,2.0NRT,293.49,4.52,D
-8.66925,25.93034,332.44,0.63,0.54,2026-10-02,1125,N,VIIRS,n,2.0NRT,296.76,5.74,D
-8.66676,24.49185,336.46,0.39,0.6,2026-10-02,1125,N,VIIRS,n,2.0NRT,291.25,4.29,D
-8.66627,24.49547,339.3,0.39,0.6,2026-10-02,1125,N,VIIRS,n,2.0NRT,291.75,4.29,D
-8.66601,24.49058,342.43,0.39,0.6,2026-10-02,1125,N,VIIRS,n,2.0NRT,291.02,19.9,D
-8.66555,24.4942,331.19,0.39,0.6,2026-10-02,1125,N,VIIRS,n,2.0NRT,291.96,19.9,D
-8.66172,24.48751,349.54,0.39,0.6,2026-10-02,1125,N,VIIRS,n,2.0NRT,284.89,11.6,D
-8.66123,24.49112,353.51,0.39,0.6,2026-10-02,1125,N,VIIRS,n,2.0NRT,290.15,29.05,D
-8.66075,24.49474,367,0.39,0.6,2026-10-02,1125,N,VIIRS,h,2.0NRT,292.58,29.05,D
-8.66048,24.48983,367,0.39,0.6,2026-10-02,1125,N,VIIRS,h,2.0NRT,291.13,19.9,D
-8.66026,24.49835,352.22,0.39,0.6,2026-10-02,1125,N,VIIRS,n,2.0NRT,290.73,17.27,D
-8.66003,24.49345,367,0.39,0.6,2026-10-02,1125,N,VIIRS,h,2.0NRT,295.06,19.9,D
-8.65957,24.49708,353.4,0.39,0.6,2026-10-02,1125,N,VIIRS,n,2.0NRT,290.84,27.43,D
-8.65494,32.79125,338.53,0.4,0.37,2026-10-02,1125,N,VIIRS,l,2.0NRT,310.97,5.15,D
-8.6366,33.45057,338.14,0.39,0.36,2026-10-02,1125,N,VIIRS,n,2.0NRT,303.95,4.12,D
-8.62556,32.59442,347.7,0.4,0.37,2026-10-02,1125,N,VIIRS,n,2.0NRT,312.26,13.32,D
-8.59708,25.89729,333.04,0.63,0.54,2026-10-02,1125,N,VIIRS,n,2.0NRT,295.33,6.99,D
-8.59379,31.87122,339.96,0.42,0.38,2026-10-02,1125,N,VIIRS,l,2.0NRT,309.01,5.72,D
-8.58975,31.36214,336.01,0.44,0.38,2026-10-02,1125,N,VIIRS,l,2.0NRT,305.7,5.27,D
-8.58228,30.14605,342.83,0.51,0.41,2026-10-02,1125,N,VIIRS,n,2.0NRT,304.29,9.62,D
-8.5799,31.84551,332.46,0.42,0.38,2026-10-02,1125,N,VIIRS,n,2.0NRT,304.38,4.12,D
-8.57916,30.1409,339.6,0.51,0.41,2026-10-02,1125,N,VIIRS,n,2.0NRT,305.13,9.53,D
-8.5785,30.14548,347.81,0.51,0.41,2026-10-02,1125,N,VIIRS,n,2.0NRT,305.46,9.62,D
-8.5478,33.1621,341.4,0.39,0.36,2026-10-02,1125,N,VIIRS,n,2.0NRT,307.96,5.56,D
-8.546,25.50881,346.53,0.33,0.56,2026-10-02,1125,N,VIIRS,n,2.0NRT,291.23,5.57,D
-8.54561,25.51183,367,0.33,0.56,2026-10-02,1125,N,VIIRS,h,2.0NRT,293.75,8.77,D
-8.54461,25.50853,330.75,0.33,0.56,2026-10-02,1125,N,VIIRS,n,2.0NRT,286.13,5.76,D
-8.54419,25.51156,367,0.33,0.56,2026-10-02,1125,N,VIIRS,h,2.0NRT,291.22,10.62,D
-8.54241,25.49614,339.6,0.34,0.56,2026-10-02,1125,N,VIIRS,n,2.0NRT,294.39,7.81,D
-8.54112,25.49582,343.62,0.33,0.56,2026-10-02,1125,N,VIIRS,n,2.0NRT,291.9,8.75,D
-8.5381,26.7109,330.92,0.55,0.51,2026-10-02,1125,N,VIIRS,n,2.0NRT,297.69,3.93,D
-8.53742,25.88676,341.31,0.63,0.54,2026-10-02,1125,N,VIIRS,n,2.0NRT,294.11,8.67,D
-8.52028,32.26994,337.48,0.41,0.37,2026-10-02,1125,N,VIIRS,l,2.0NRT,309.13,3.97,D
-8.51923,25.26708,367,0.35,0.56,2026-10-02,1125,N,VIIRS,h,2.0NRT,293.62,9.44,D
-8.51852,25.06959,367,0.36,0.57,2026-10-02,1125,N,VIIRS,h,2.0NRT,298.77,23.66,D
-8.51652,25.5607,340.8,0.33,0.55,2026-10-02,1125,N,VIIRS,n,2.0NRT,294.76,3.94,D
-8.51086,28.09672,330.55,0.45,0.47,2026-10-02,1125,N,VIIRS,n,2.0NRT,299.22,5.32,D
-8.50829,28.10008,336.8,0.45,0.47,2026-10-02,1125,N,VIIRS,n,2.0NRT,300.19,5.42,D
-8.49514,31.49576,336.24,0.44,0.38,2026-10-02,1125,N,VIIRS,n,2.0NRT,299.88,6.75,D
-8.49179,29.09269,341.25,0.39,0.44,2026-10-02,1125,N,VIIRS,n,2.0NRT,302.84,5.96,D
-8.491,28.56993,343.04,0.42,0.45,2026-10-02,1125,N,VIIRS,n,2.0NRT,300.09,8.56,D
-8.48727,29.09564,344.96,0.39,0.44,2026-10-02,1125,N,VIIRS,n,2.0NRT,299.73,5.96,D
-8.48041,25.59631,356.37,0.33,0.55,2026-10-02,1125,N,VIIRS,l,2.0NRT,284.31,26.44,D
-8.48003,25.59917,367,0.33,0.55,2026-10-02,1125,N,VIIRS,h,2.0NRT,294.7,26.44,D
-8.47981,29.2951,334.31,0.56,0.43,2026-10-02,1125,N,VIIRS,l,2.0NRT,301.99,8.69,D
-8.47964,25.60202,356.61,0.33,0.55,2026-10-02,1125,N,VIIRS,l,2.0NRT,289.31,34.31,D
-8.4791,29.30013,335.23,0.56,0.43,2026-10-02,1125,N,VIIRS,n,2.0NRT,301.22,8.69,D
-8.47493,25.5984,356.62,0.33,0.55,2026-10-02,1125,N,VIIRS,l,2.0NRT,285.3,26.44,D
-8.47372,29.36705,339.05,0.56,0.43,2026-10-02,1125,N,VIIRS,n,2.0NRT,299.9,9.82,D
-8.46098,29.18847,337.26,0.57,0.43,2026-10-02,1125,N,VIIRS,n,2.0NRT,299.65,7.31,D
-8.4597,28.58118,356.39,0.42,0.45,2026-10-02,1125,N,VIIRS,n,2.0NRT,301.05,9.04,D
-8.45744,31.311,330.05,0.44,0.39,2026-10-02,1125,N,VIIRS,l,2.0NRT,304.29,2.83,D
-8.45553,28.58062,367,0.42,0.45,2026-10-02,1125,N,VIIRS,h,2.0NRT,298.33,11.76,D
-8.45529,31.81563,335.48,0.42,0.38,2026-10-02,1125,N,VIIRS,l,2.0NRT,306.01,5.21,D
-8.44806,26.24028,333.46,0.59,0.53,2026-10-02,1125,N,VIIRS,n,2.0NRT,297.47,7,D
-8.44214,29.23403,332.24,0.57,0.43,2026-10-02,1125,N,VIIRS,l,2.0NRT,302.8,5.99,D
-8.41833,28.65144,330.08,0.41,0.45,2026-10-02,1125,N,VIIRS,n,2.0NRT,299.28,5.2,D
-8.41419,26.72682,347.61,0.55,0.51,2026-10-02,1125,N,VIIRS,n,2.0NRT,297.67,7.7,D
-8.39986,26.86746,339.21,0.54,0.51,2026-10-02,1125,N,VIIRS,n,2.0NRT,295.58,11.85,D
-8.38838,31.31282,334.72,0.44,0.39,2026-10-02,1125,N,VIIRS,l,2.0NRT,308.67,7.83,D
-8.38416,29.06631,335.08,0.39,0.44,2026-10-02,1125,N,VIIRS,n,2.0NRT,302.05,2.11,D
-8.38024,29.09451,334.35,0.39,0.44,2026-10-02,1125,N,VIIRS,n,2.0NRT,302.22,2.85,D
-8.37622,29.09392,337.86,0.39,0.44,2026-10-02,1125,N,VIIRS,n,2.0NRT,299.81,2.9,D
-8.36985,29.01658,331.72,0.39,0.44,2026-10-02,1125,N,VIIRS,n,2.0NRT,301.69,1.93,D
-8.36885,26.66918,339.47,0.55,0.51,2026-10-02,1125,N,VIIRS,n,2.0NRT,301.87,9.36,D
-8.36871,26.66775,335.57,0.55,0.51,2026-10-02,1125,N,VIIRS,n,2.0NRT,301.75,8.94,D
-8.35527,32.02169,341.72,0.42,0.37,2026-10-02,1125,N,VIIRS,n,2.0NRT,305.78,3.52,D
-8.35486,33.48129,334.62,0.39,0.36,2026-10-02,1125,N,VIIRS,l,2.0NRT,306.41,3.97,D
-8.34597,31.96606,334.02,0.42,0.37,2026-10-02,1125,N,VIIRS,l,2.0NRT,307.12,3.98,D
-8.34173,31.09341,339.09,0.45,0.39,2026-10-02,1125,N,VIIRS,l,2.0NRT,305.47,8.18,D
-8.33684,26.86169,354.97,0.54,0.51,2026-10-02,1125,N,VIIRS,n,2.0NRT,296.57,10.13,D
-8.32326,31.09467,339.71,0.45,0.39,2026-10-02,1125,N,VIIRS,n,2.0NRT,305.05,3.73,D
-8.31822,26.82395,331.45,0.54,0.51,2026-10-02,1125,N,VIIRS,n,2.0NRT,296.42,12.81,D
-8.30778,26.96811,351.88,0.53,0.5,2026-10-02,1125,N,VIIRS,n,2.0NRT,296.37,12.81,D
-8.3069,30.40557,339.06,0.49,0.4,2026-10-02,1125,N,VIIRS,l,2.0NRT,297.83,9.71,D
-8.30294,31.15954,345.57,0.45,0.39,2026-10-02,1125,N,VIIRS,n,2.0NRT,309.57,8.88,D
-8.29526,29.50271,339.46,0.55,0.42,2026-10-02,1125,N,VIIRS,n,2.0NRT,297.82,12.62,D
-8.28663,26.98445,330.65,0.53,0.5,2026-10-02,1125,N,VIIRS,n,2.0NRT,294.77,2.09,D
-8.25347,31.10758,335.78,0.45,0.39,2026-10-02,1125,N,VIIRS,l,2.0NRT,304.15,3.11,D
-8.21527,31.16938,332.28,0.45,0.39,2026-10-02,1125,N,VIIRS,l,2.0NRT,305.29,8.04,D
-8.21058,31.07612,332.17,0.45,0.39,2026-10-02,1125,N,VIIRS,l,2.0NRT,303.14,4.32,D
-8.66554,23.70308,347.07,0.45,0.63,2026-10-02,1128,N,VIIRS,n,2.0NRT,295.47,35.02,D
-8.66544,23.70271,354.11,0.45,0.63,2026-10-02,1128,N,VIIRS,n,2.0NRT,294.42,26.33,D
-8.66501,23.70712,367,0.44,0.63,2026-10-02,1128,N,VIIRS,h,2.0NRT,292.32,41.2,D
-8.66493,23.70676,367,0.45,0.63,2026-10-02,1128,N,VIIRS,h,2.0NRT,295.39,50.37,D
-8.66024,23.69839,341.8,0.45,0.63,2026-10-02,1128,N,VIIRS,n,2.0NRT,291.43,11.8,D
-8.66011,23.698,333.49,0.45,0.63,2026-10-02,1128,N,VIIRS,n,2.0NRT,289.9,6.01,D
-8.65961,23.70197,329.95,0.45,0.63,2026-10-02,1128,N,VIIRS,n,2.0NRT,294.68,6.01,D
-8.65919,23.70637,356.74,0.44,0.63,2026-10-02,1128,N,VIIRS,n,2.0NRT,293.46,8.09,D
-8.65911,23.706,336.13,0.45,0.63,2026-10-02,1128,N,VIIRS,n,2.0NRT,293.67,7.3,D
-8.65865,23.71041,329.44,0.44,0.63,2026-10-02,1128,N,VIIRS,n,2.0NRT,290.27,8.09,D
-8.6586,23.71005,350.8,0.45,0.63,2026-10-02,1128,N,VIIRS,n,2.0NRT,291.06,7.3,D
-8.61992,22.57206,333.64,0.53,0.67,2026-10-02,1128,N,VIIRS,n,2.0NRT,290.94,3.99,D
-8.42846,23.94765,352.19,0.43,0.62,2026-10-02,1128,N,VIIRS,n,2.0NRT,291,5.71,D
-8.42795,23.95162,336.27,0.43,0.62,2026-10-02,1128,N,VIIRS,n,2.0NRT,284.37,11.91,D
-8.42643,23.9474,357.08,0.42,0.61,2026-10-02,1128,N,VIIRS,l,2.0NRT,286.49,10.88,D
-8.4259,23.95137,342.31,0.42,0.61,2026-10-02,1128,N,VIIRS,n,2.0NRT,281.75,12.29,D
-8.42274,23.94694,339.33,0.43,0.62,2026-10-02,1128,N,VIIRS,n,2.0NRT,280.45,5.71,D
-8.42122,23.95893,335.48,0.42,0.61,2026-10-02,1128,N,VIIRS,n,2.0NRT,289.9,4.97,D
-8.419,23.93058,329.47,0.43,0.62,2026-10-02,1128,N,VIIRS,n,2.0NRT,283.27,3.45,D
-8.39814,24.44833,350.36,0.39,0.6,2026-10-02,1128,N,VIIRS,n,2.0NRT,294.34,6.95,D
-8.39479,25.51529,337.58,0.33,0.55,2026-10-02,1128,N,VIIRS,n,2.0NRT,293.19,4.07,D
-8.3147,24.04956,328.95,0.42,0.61,2026-10-02,1128,N,VIIRS,n,2.0NRT,293.42,2.46,D
-8.27112,26.76925,333.19,0.54,0.51,2026-10-02,1128,N,VIIRS,n,2.0NRT,297.34,6.72,D
-8.26065,26.82609,342.58,0.54,0.51,2026-10-02,1128,N,VIIRS,n,2.0NRT,297.44,6.85,D
-8.24932,26.83957,330.7,0.54,0.51,2026-10-02,1128,N,VIIRS,n,2.0NRT,296.35,3.19,D
-8.24659,26.84139,347.81,0.54,0.51,2026-10-02,1128,N,VIIRS,n,2.0NRT,297.22,8.87,D
-8.23556,22.27027,332.7,0.55,0.68,2026-10-02,1128,N,VIIRS,n,2.0NRT,288.29,3.32,D
-8.23316,27.0034,333.25,0.52,0.5,2026-10-02,1128,N,VIIRS,n,2.0NRT,294.93,2.2,D
-8.23246,27.00131,332.8,0.52,0.5,2026-10-02,1128,N,VIIRS,n,2.0NRT,294.82,2.97,D
-8.21409,26.73111,333.51,0.55,0.51,2026-10-02,1128,N,VIIRS,n,2.0NRT,296.65,3.53,D
-18.03481,24.58552,333.69,0.65,0.73,2026-10-02,1304,N,VIIRS,n,2.0NRT,293.5,9.38,D
-18.03292,24.5879,367,0.65,0.73,2026-10-02,1304,N,VIIRS,h,2.0NRT,296.18,22.21,D
-18.0281,24.5839,339.37,0.65,0.73,2026-10-02,1304,N,VIIRS,n,2.0NRT,292.64,25.56,D
-18.02661,24.59018,367,0.65,0.73,2026-10-02,1304,N,VIIRS,h,2.0NRT,300.44,25.56,D
-18.02622,24.58624,355.29,0.65,0.73,2026-10-02,1304,N,VIIRS,n,2.0NRT,292.45,22.21,D
-18.02512,24.59646,333.55,0.65,0.73,2026-10-02,1304,N,VIIRS,n,2.0NRT,295.28,31.21,D
-18.02477,24.59252,367,0.65,0.73,2026-10-02,1304,N,VIIRS,h,2.0NRT,295.87,22.21,D
-18.00309,22.60103,340.57,0.49,0.65,2026-10-02,1304,N,VIIRS,n,2.0NRT,303,4.61,D
-17.97443,23.86469,337.39,0.59,0.7,2026-10-02,1304,N,VIIRS,n,2.0NRT,299.51,3.04,D
-17.59721,22.15427,344.35,0.47,0.64,2026-10-02,1304,N,VIIRS,n,2.0NRT,306.01,5.32,D
-17.59325,22.14396,336.73,0.47,0.64,2026-10-02,1304,N,VIIRS,n,2.0NRT,306.91,6.93,D
-17.59132,22.15288,367,0.47,0.64,2026-10-02,1304,N,VIIRS,h,2.0NRT,305.8,15.02,D
-17.58737,22.14257,346.27,0.47,0.64,2026-10-02,1304,N,VIIRS,n,2.0NRT,304.85,6.93,D
-17.5864,22.14704,367,0.47,0.64,2026-10-02,1304,N,VIIRS,h,2.0NRT,305.71,6.93,D
-17.58053,24.58845,339.2,0.67,0.73,2026-10-02,1304,N,VIIRS,n,2.0NRT,296.88,9.28,D
-17.46607,24.58536,332.68,0.67,0.74,2026-10-02,1304,N,VIIRS,n,2.0NRT,299.76,11.43,D
-17.33853,22.73129,353.96,0.52,0.67,2026-10-02,1304,N,VIIRS,n,2.0NRT,303.97,5.81,D
-17.3324,22.72988,339.42,0.52,0.67,2026-10-02,1304,N,VIIRS,n,2.0NRT,302.49,4.38,D
-17.3138,22.81411,340.9,0.52,0.67,2026-10-02,1304,N,VIIRS,n,2.0NRT,304.52,6.08,D
-17.25975,22.13113,349.7,0.48,0.64,2026-10-02,1304,N,VIIRS,n,2.0NRT,305.44,10.93,D
-17.25382,22.1298,355.17,0.48,0.64,2026-10-02,1304,N,VIIRS,n,2.0NRT,306.15,10.93,D
-17.25284,22.13433,367,0.48,0.64,2026-10-02,1304,N,VIIRS,h,2.0NRT,301.4,24.94,D
-17.2528,23.75168,351.7,0.6,0.71,2026-10-02,1304,N,VIIRS,n,2.0NRT,299.51,7.51,D
-17.252,22.91662,334.42,0.53,0.67,2026-10-02,1304,N,VIIRS,l,2.0NRT,306.23,4.55,D
-17.25151,23.75744,339.8,0.6,0.71,2026-10-02,1304,N,VIIRS,n,2.0NRT,301.24,10.7,D
-17.25083,23.75424,355.76,0.6,0.71,2026-10-02,1304,N,VIIRS,n,2.0NRT,301.26,10.18,D
-17.11772,22.52183,336.33,0.51,0.66,2026-10-02,1304,N,VIIRS,n,2.0NRT,306.05,3.08,D
-17.10601,22.07251,335.43,0.48,0.64,2026-10-02,1304,N,VIIRS,l,2.0NRT,306.45,5.41,D
-17.09307,22.04586,367,0.47,0.64,2026-10-02,1304,N,VIIRS,h,2.0NRT,305.7,10.92,D
-17.0892,22.04569,367,0.47,0.64,2026-10-02,1304,N,VIIRS,h,2.0NRT,307.28,12.46,D
-16.85333,24.3787,331.82,0.67,0.74,2026-10-02,1304,N,VIIRS,n,2.0NRT,288.95,24.09,D
-16.85186,24.38509,336.89,0.67,0.74,2026-10-02,1304,N,VIIRS,n,2.0NRT,298.45,18.55,D
-16.84655,24.37708,367,0.67,0.74,2026-10-02,1304,N,VIIRS,h,2.0NRT,303.85,24.09,D
-16.84508,24.38348,336.92,0.67,0.74,2026-10-02,1304,N,VIIRS,n,2.0NRT,297.37,18.55,D
-16.73807,22.19042,340.55,0.49,0.65,2026-10-02,1306,N,VIIRS,n,2.0NRT,309.56,4.46,D
-16.73286,22.19098,336.84,0.49,0.65,2026-10-02,1306,N,VIIRS,n,2.0NRT,306.3,4.79,D
-16.71773,22.87851,345.52,0.54,0.68,2026-10-02,1306,N,VIIRS,n,2.0NRT,306.49,10.11,D
-16.71661,22.8837,351.36,0.55,0.68,2026-10-02,1306,N,VIIRS,n,2.0NRT,306.73,10.11,D
-16.7142,22.87659,354.48,0.54,0.68,2026-10-02,1306,N,VIIRS,n,2.0NRT,307.02,18.45,D
-16.71304,22.88175,367,0.54,0.68,2026-10-02,1306,N,VIIRS,h,2.0NRT,311.16,18.45,D
-16.71147,22.87708,367,0.54,0.68,2026-10-02,1306,N,VIIRS,h,2.0NRT,307.34,10.11,D
-16.71036,22.88225,348.89,0.55,0.68,2026-10-02,1306,N,VIIRS,n,2.0NRT,305.81,10.11,D
-16.57921,23.05024,336.19,0.56,0.69,2026-10-02,1306,N,VIIRS,l,2.0NRT,308.01,4.29,D
-16.57436,23.0498,342.94,0.56,0.69,2026-10-02,1306,N,VIIRS,n,2.0NRT,307.71,3.89,D
-16.56483,22.72375,337.59,0.54,0.68,2026-10-02,1306,N,VIIRS,n,2.0NRT,305.57,2.31,D
-16.54553,22.93111,340.31,0.55,0.68,2026-10-02,1306,N,VIIRS,n,2.0NRT,306.41,4.31,D
-16.49216,23.14331,339.34,0.57,0.69,2026-10-02,1306,N,VIIRS,n,2.0NRT,303.94,3.52,D
-16.46607,23.20047,336.5,0.58,0.69,2026-10-02,1306,N,VIIRS,n,2.0NRT,304.07,1.96,D
-16.37923,24.84504,343.83,0.73,0.76,2026-10-02,1306,N,VIIRS,n,2.0NRT,295.05,7.86,D
-16.35628,21.96489,338.97,0.48,0.65,2026-10-02,1306,N,VIIRS,n,2.0NRT,305.81,3.64,D
-16.32912,23.93705,341.69,0.65,0.73,2026-10-02,1306,N,VIIRS,n,2.0NRT,303.57,9.36,D
-16.32776,23.94312,332.49,0.65,0.73,2026-10-02,1306,N,VIIRS,n,2.0NRT,301.73,6.99,D
-16.32244,23.9355,331.51,0.65,0.73,2026-10-02,1306,N,VIIRS,l,2.0NRT,302.39,6.86,D
-16.29483,23.09072,367,0.57,0.69,2026-10-02,1306,N,VIIRS,h,2.0NRT,310.26,16.44,D
-16.27394,22.79545,341.63,0.55,0.68,2026-10-02,1306,N,VIIRS,n,2.0NRT,306.54,3.91,D
-16.27166,22.79593,349.89,0.55,0.68,2026-10-02,1306,N,VIIRS,n,2.0NRT,305.49,8.52,D
-16.24385,22.12835,335.18,0.5,0.66,2026-10-02,1306,N,VIIRS,l,2.0NRT,308.94,4.5,D
-16.2438,22.12833,335.51,0.5,0.66,2026-10-02,1306,N,VIIRS,l,2.0NRT,308.97,4.28,D
-16.20255,22.49578,353.54,0.53,0.67,2026-10-02,1306,N,VIIRS,n,2.0NRT,306.81,7.47,D
-16.20124,23.39109,336.95,0.6,0.71,2026-10-02,1306,N,VIIRS,n,2.0NRT,303.85,4.26,D
-16.19174,25.21683,349.16,0.78,0.78,2026-10-02,1306,N,VIIRS,n,2.0NRT,297.71,12.92,D
-16.19123,25.21398,340.92,0.78,0.78,2026-10-02,1306,N,VIIRS,n,2.0NRT,297.39,10.13,D
-16.1899,25.22466,332.77,0.78,0.78,2026-10-02,1306,N,VIIRS,n,2.0NRT,296.7,16.38,D
-16.18945,25.22176,335.63,0.78,0.78,2026-10-02,1306,N,VIIRS,n,2.0NRT,296.75,10.13,D
-16.13672,23.25934,334.45,0.59,0.7,2026-10-02,1306,N,VIIRS,l,2.0NRT,306.45,14.83,D
-16.13025,23.25789,356.28,0.59,0.7,2026-10-02,1306,N,VIIRS,n,2.0NRT,306.38,14.83,D
-16.12901,23.2635,348.27,0.59,0.7,2026-10-02,1306,N,VIIRS,n,2.0NRT,303.26,30.01,D
-15.98499,23.27953,331.2,0.6,0.7,2026-10-02,1306,N,VIIRS,n,2.0NRT,300.72,1.48,D
-15.96851,24.88978,335.61,0.75,0.77,2026-10-02,1306,N,VIIRS,n,2.0NRT,298.85,4.61,D
-15.93476,22.18004,333.17,0.51,0.66,2026-10-02,1306,N,VIIRS,l,2.0NRT,305.88,5.53,D
-15.89966,23.239,341.72,0.6,0.7,2026-10-02,1306,N,VIIRS,n,2.0NRT,301.31,4.05,D
-15.8919,22.20088,336.5,0.51,0.66,2026-10-02,1306,N,VIIRS,n,2.0NRT,302.65,1.9,D
-15.88445,24.65944,334.15,0.73,0.76,2026-10-02,1306,N,VIIRS,n,2.0NRT,298.77,8.34,D
-15.87994,24.66263,334.18,0.73,0.76,2026-10-02,1306,N,VIIRS,n,2.0NRT,297.91,4.74,D
-15.84002,21.96839,332.55,0.5,0.66,2026-10-02,1306,N,VIIRS,l,2.0NRT,307.3,2.16,D
-15.83399,21.96705,345.84,0.5,0.66,2026-10-02,1306,N,VIIRS,n,2.0NRT,306.22,3.87,D
-15.83373,21.96992,341.22,0.5,0.65,2026-10-02,1306,N,VIIRS,n,2.0NRT,304.8,6.45,D
-15.78534,23.17157,331.86,0.59,0.7,2026-10-02,1306,N,VIIRS,l,2.0NRT,302.22,4.02,D
-15.66758,24.23717,341.79,0.7,0.75,2026-10-02,1306,N,VIIRS,n,2.0NRT,300.44,4.72,D
-15.66624,24.23919,343.12,0.69,0.75,2026-10-02,1306,N,VIIRS,n,2.0NRT,300.59,8.9,D
-15.6441,22.2955,335.44,0.53,0.67,2026-10-02,1306,N,VIIRS,n,2.0NRT,305.08,4.85,D
-15.6428,22.2936,340.39,0.52,0.67,2026-10-02,1306,N,VIIRS,n,2.0NRT,305.39,4.76,D
-15.63108,22.40652,331.65,0.53,0.67,2026-10-02,1306,N,VIIRS,l,2.0NRT,306.54,3.51,D
-15.6269,22.4074,339.14,0.53,0.67,2026-10-02,1306,N,VIIRS,n,2.0NRT,307.47,5.44,D
-15.61875,22.23278,333.04,0.52,0.67,2026-10-02,1306,N,VIIRS,n,2.0NRT,303.11,1.47,D
-15.6092,24.8877,336.21,0.76,0.77,2026-10-02,1306,N,VIIRS,n,2.0NRT,302.44,6.62,D
-15.50858,22.87251,349.89,0.57,0.69,2026-10-02,1306,N,VIIRS,n,2.0NRT,302.94,6.1,D
-15.48541,24.656,347.38,0.74,0.76,2026-10-02,1306,N,VIIRS,n,2.0NRT,302.26,9.17,D
-15.48214,24.6703,331.9,0.75,0.77,2026-10-02,1306,N,VIIRS,l,2.0NRT,304.89,14.07,D
-15.48182,24.65904,336.11,0.75,0.77,2026-10-02,1306,N,VIIRS,n,2.0NRT,301.47,9.12,D
-15.47704,24.68051,336.86,0.75,0.77,2026-10-02,1306,N,VIIRS,n,2.0NRT,302.05,8.78,D
-15.47347,24.67571,339.85,0.75,0.77,2026-10-02,1306,N,VIIRS,n,2.0NRT,301.65,11.51,D
-15.45718,24.73623,331.68,0.75,0.77,2026-10-02,1306,N,VIIRS,n,2.0NRT,301.38,3.23,D
-15.4416,22.08256,338.46,0.51,0.66,2026-10-02,1306,N,VIIRS,n,2.0NRT,306.81,5.6,D
-15.34479,24.5589,330.76,0.74,0.76,2026-10-02,1306,N,VIIRS,l,2.0NRT,303.6,6.37,D
-15.30036,22.43806,354.24,0.54,0.68,2026-10-02,1306,N,VIIRS,n,2.0NRT,303.82,24.8,D
-15.29926,22.44313,338.68,0.54,0.68,2026-10-02,1306,N,VIIRS,n,2.0NRT,294.5,21.77,D
-15.29836,22.43557,348.78,0.54,0.68,2026-10-02,1306,N,VIIRS,n,2.0NRT,301.74,16.71,D
-15.29728,22.44064,367,0.55,0.68,2026-10-02,1306,N,VIIRS,h,2.0NRT,295.25,16.71,D
-15.29281,23.95749,330.97,0.68,0.74,2026-10-02,1306,N,VIIRS,l,2.0NRT,302.78,5.32,D
-15.28253,22.44841,335.11,0.55,0.68,2026-10-02,1306,N,VIIRS,n,2.0NRT,299.95,2.84,D
-15.26106,22.80131,347.5,0.57,0.69,2026-10-02,1306,N,VIIRS,n,2.0NRT,306.27,12.55,D
-15.24998,23.86045,335.81,0.67,0.74,2026-10-02,1306,N,VIIRS,n,2.0NRT,303.79,7.92,D
-15.24113,24.88484,330.13,0.78,0.78,2026-10-02,1306,N,VIIRS,l,2.0NRT,302.89,3,D
-15.18259,24.42396,367,0.73,0.76,2026-10-02,1306,N,VIIRS,h,2.0NRT,303.54,14.55,D
-15.18105,24.43089,344.84,0.73,0.76,2026-10-02,1306,N,VIIRS,n,2.0NRT,298.08,14.55,D
-15.17952,24.42489,367,0.73,0.76,2026-10-02,1306,N,VIIRS,h,2.0NRT,303.01,19.97,D
-15.16021,23.94378,345.44,0.68,0.74,2026-10-02,1306,N,VIIRS,n,2.0NRT,303.43,7.23,D
-15.15875,23.94793,333.63,0.68,0.74,2026-10-02,1306,N,VIIRS,n,2.0NRT,302.35,6.24,D
-15.15647,22.69632,333.04,0.57,0.69,2026-10-02,1306,N,VIIRS,l,2.0NRT,305.49,3.68,D
-15.15605,22.69306,332.62,0.57,0.69,2026-10-02,1306,N,VIIRS,l,2.0NRT,305.06,5.05,D
-15.131,24.53944,338.3,0.74,0.76,2026-10-02,1306,N,VIIRS,n,2.0NRT,303.92,10.01,D
-15.12953,24.69569,332.24,0.76,0.77,2026-10-02,1306,N,VIIRS,n,2.0NRT,302.42,4.14,D
-15.1278,24.53697,331.28,0.74,0.76,2026-10-02,1306,N,VIIRS,n,2.0NRT,300.94,2.65,D
-15.1262,24.54412,331.91,0.74,0.76,2026-10-02,1306,N,VIIRS,n,2.0NRT,301.83,5.96,D
-15.12023,22.92422,348.98,0.59,0.7,2026-10-02,1306,N,VIIRS,n,2.0NRT,305.15,10.06,D
-15.10922,24.65289,333.6,0.76,0.77,2026-10-02,1306,N,VIIRS,n,2.0NRT,301.9,7.59,D
-15.10631,24.64629,333.21,0.76,0.77,2026-10-02,1306,N,VIIRS,n,2.0NRT,300.71,3.49,D
-15.09671,24.74195,334.94,0.77,0.77,2026-10-02,1306,N,VIIRS,n,2.0NRT,303.38,5.72,D
-15.09501,24.20539,330.27,0.71,0.75,2026-10-02,1306,N,VIIRS,n,2.0NRT,301.64,2.93,D
-15.09162,24.74218,343.51,0.77,0.77,2026-10-02,1306,N,VIIRS,n,2.0NRT,301.92,9.44,D
-15.08302,22.22057,336.07,0.53,0.67,2026-10-02,1306,N,VIIRS,n,2.0NRT,301.01,4.92,D
-15.08195,22.2256,336.13,0.53,0.67,2026-10-02,1306,N,VIIRS,n,2.0NRT,301.3,4.92,D
-15.07574,22.22426,348.97,0.53,0.67,2026-10-02,1306,N,VIIRS,n,2.0NRT,301.91,4.92,D
-15.04293,22.84583,337.07,0.58,0.7,2026-10-02,1306,N,VIIRS,n,2.0NRT,301.42,6.48,D
-15.0253,24.49848,332.94,0.74,0.76,2026-10-02,1306,N,VIIRS,n,2.0NRT,301.04,3.05,D
-14.98768,23.94867,350.74,0.69,0.74,2026-10-02,1306,N,VIIRS,n,2.0NRT,303.98,7.93,D
-14.98672,23.94892,349.73,0.69,0.74,2026-10-02,1306,N,VIIRS,n,2.0NRT,303.9,9.62,D
-14.97309,24.20418,337.96,0.71,0.75,2026-10-02,1306,N,VIIRS,n,2.0NRT,304.44,6.45,D
-14.93351,23.70796,334.07,0.67,0.73,2026-10-02,1306,N,VIIRS,n,2.0NRT,302.81,4.69,D
-14.93158,23.71184,334.31,0.67,0.73,2026-10-02,1306,N,VIIRS,n,2.0NRT,301.42,6.83,D
-14.92788,24.12295,338.78,0.71,0.75,2026-10-02,1306,N,VIIRS,l,2.0NRT,313.1,16.08,D
-14.9258,24.1228,337.85,0.71,0.75,2026-10-02,1306,N,VIIRS,l,2.0NRT,312.77,11.32,D
-14.89021,23.32337,331.15,0.63,0.72,2026-10-02,1306,N,VIIRS,l,2.0NRT,301.19,2.72,D
-14.88712,23.32456,330.72,0.63,0.72,2026-10-02,1306,N,VIIRS,l,2.0NRT,301.32,8.34,D
-14.86449,23.82355,345.73,0.68,0.74,2026-10-02,1306,N,VIIRS,n,2.0NRT,303.84,7.76,D
-14.86425,23.82574,338.73,0.68,0.74,2026-10-02,1306,N,VIIRS,n,2.0NRT,303.21,7.36,D
-14.85766,23.82205,333.39,0.68,0.74,2026-10-02,1306,N,VIIRS,n,2.0NRT,300.98,6.21,D
-14.85742,23.82428,334.74,0.68,0.74,2026-10-02,1306,N,VIIRS,n,2.0NRT,301.37,7.36,D
-14.83484,22.75128,332.39,0.58,0.7,2026-10-02,1306,N,VIIRS,l,2.0NRT,304.66,7.72,D
-14.77681,23.83381,337.82,0.68,0.74,2026-10-02,1306,N,VIIRS,n,2.0NRT,300.73,7.45,D
-14.77539,23.83753,333.67,0.68,0.74,2026-10-02,1306,N,VIIRS,n,2.0NRT,300.07,5.87,D
-14.76165,23.15108,350.71,0.62,0.71,2026-10-02,1306,N,VIIRS,n,2.0NRT,306.61,11.17,D
-14.75506,23.14963,357.12,0.62,0.71,2026-10-02,1306,N,VIIRS,n,2.0NRT,303.64,11.17,D
-14.75321,23.87611,338.2,0.69,0.74,2026-10-02,1306,N,VIIRS,n,2.0NRT,301.75,6.39,D
-14.74437,23.52884,331.25,0.65,0.73,2026-10-02,1306,N,VIIRS,l,2.0NRT,302.59,4.65,D
-14.71489,23.5029,367,0.65,0.73,2026-10-02,1306,N,VIIRS,h,2.0NRT,303.74,15.47,D
-14.69073,23.54002,331.96,0.66,0.73,2026-10-02,1306,N,VIIRS,l,2.0NRT,304.31,4.6,D
-14.68285,23.90127,330.76,0.69,0.74,2026-10-02,1306,N,VIIRS,l,2.0NRT,301.36,3.21,D
-14.59791,24.16107,336.12,0.72,0.76,2026-10-02,1306,N,VIIRS,n,2.0NRT,305.6,6.96,D
-14.5118,24.25137,344.91,0.73,0.76,2026-10-02,1306,N,VIIRS,n,2.0NRT,303.65,11.14,D
-14.49563,23.81029,367,0.69,0.74,2026-10-02,1306,N,VIIRS,h,2.0NRT,308.49,8.82,D
-14.48974,23.80625,348.63,0.69,0.74,2026-10-02,1306,N,VIIRS,n,2.0NRT,305.68,10.97,D
-14.48878,23.80872,343.79,0.69,0.74,2026-10-02,1306,N,VIIRS,n,2.0NRT,306.07,8.82,D
-14.46503,24.19724,331.45,0.73,0.76,2026-10-02,1306,N,VIIRS,l,2.0NRT,303.79,5.37,D
-14.46117,24.19682,330.09,0.73,0.76,2026-10-02,1306,N,VIIRS,l,2.0NRT,304.83,5.21,D
-14.40812,23.62207,342.46,0.67,0.74,2026-10-02,1306,N,VIIRS,n,2.0NRT,302.98,17.88,D
-14.40748,23.62548,345.04,0.67,0.74,2026-10-02,1306,N,VIIRS,n,2.0NRT,303.84,7.99,D
-14.40353,23.61115,336.66,0.67,0.74,2026-10-02,1306,N,VIIRS,n,2.0NRT,300.39,2.64,D
-14.40271,23.6141,336.18,0.67,0.74,2026-10-02,1306,N,VIIRS,n,2.0NRT,299.38,5.16,D
-14.40069,23.62396,339.79,0.67,0.74,2026-10-02,1306,N,VIIRS,n,2.0NRT,302.15,8.56,D
-14.39154,24.19264,335.6,0.73,0.76,2026-10-02,1306,N,VIIRS,n,2.0NRT,300.78,4.41,D
-14.38813,24.19426,330.03,0.73,0.76,2026-10-02,1306,N,VIIRS,n,2.0NRT,299.25,6.61,D
-14.3824,24.12172,332.57,0.72,0.76,2026-10-02,1306,N,VIIRS,n,2.0NRT,303.42,3.92,D
-14.36865,22.09556,341.81,0.54,0.68,2026-10-02,1306,N,VIIRS,n,2.0NRT,298.31,10.1,D
-14.35617,22.09286,339.25,0.54,0.68,2026-10-02,1306,N,VIIRS,n,2.0NRT,298.08,12.24,D
-14.33673,23.72059,337.82,0.69,0.74,2026-10-02,1306,N,VIIRS,n,2.0NRT,298.75,5.38,D
-14.33028,23.39418,337.99,0.65,0.73,2026-10-02,1306,N,VIIRS,n,2.0NRT,285.84,6.82,D
-14.21375,23.89065,335.12,0.71,0.75,2026-10-02,1306,N,VIIRS,n,2.0NRT,299.1,7.87,D
-14.21198,23.89268,344.47,0.71,0.75,2026-10-02,1306,N,VIIRS,n,2.0NRT,299.47,8.26,D
-14.19515,23.64887,336.24,0.68,0.74,2026-10-02,1306,N,VIIRS,n,2.0NRT,295.75,6.33,D
-14.10535,22.35769,335.45,0.57,0.69,2026-10-02,1306,N,VIIRS,n,2.0NRT,301.47,4.06,D
-14.04283,24.63549,328.82,0.79,0.78,2026-10-02,1306,N,VIIRS,n,2.0NRT,298.34,4.53,D
-13.91111,21.91512,341.13,0.54,0.68,2026-10-02,1306,N,VIIRS,n,2.0NRT,300.75,4.65,D
-13.90803,21.91478,343.67,0.54,0.68,2026-10-02,1306,N,VIIRS,n,2.0NRT,301.85,4.63,D
-13.59433,23.55037,354.83,0.69,0.74,2026-10-02,1306,N,VIIRS,n,2.0NRT,266.51,7.99,D
-13.58745,23.54891,342.95,0.69,0.74,2026-10-02,1306,N,VIIRS,n,2.0NRT,278.99,11.93,D
-13.57056,24.45834,332.58,0.79,0.78,2026-10-02,1306,N,VIIRS,n,2.0NRT,286.49,13.81,D
-13.55653,23.49724,367,0.69,0.74,2026-10-02,1306,N,VIIRS,h,2.0NRT,290.4,45.82,D
-13.55622,23.49461,346.72,0.69,0.74,2026-10-02,1306,N,VIIRS,n,2.0NRT,288.61,16.03,D
-13.55487,23.60643,367,0.7,0.75,2026-10-02,1306,N,VIIRS,h,2.0NRT,291.64,87.95,D
-13.55479,23.50108,355.17,0.69,0.74,2026-10-02,1306,N,VIIRS,l,2.0NRT,284.82,16.03,D
-13.55392,23.60338,349.29,0.7,0.75,2026-10-02,1306,N,VIIRS,n,2.0NRT,288.42,63.28,D
-13.55347,23.61299,367,0.7,0.75,2026-10-02,1306,N,VIIRS,h,2.0NRT,290.47,87.95,D
-13.55249,23.60992,356.41,0.7,0.75,2026-10-02,1306,N,VIIRS,n,2.0NRT,299.63,63.28,D
-13.54703,23.60187,343.68,0.7,0.75,2026-10-02,1306,N,VIIRS,n,2.0NRT,287.92,36.48,D
-13.54658,23.61144,357.92,0.7,0.75,2026-10-02,1306,N,VIIRS,l,2.0NRT,289.56,87.95,D
-13.54559,23.60841,367,0.7,0.75,2026-10-02,1306,N,VIIRS,h,2.0NRT,290.04,36.48,D
-13.53151,23.58065,330.33,0.7,0.75,2026-10-02,1306,N,VIIRS,n,2.0NRT,292.22,6.62,D
-13.48762,23.5502,367,0.69,0.75,2026-10-02,1306,N,VIIRS,h,2.0NRT,293.88,18.67,D
-13.48074,23.54869,349.13,0.69,0.75,2026-10-02,1306,N,VIIRS,n,2.0NRT,295.9,39.44,D
-13.4735,23.55203,367,0.7,0.75,2026-10-02,1306,N,VIIRS,h,2.0NRT,291.78,60.69,D
-13.47242,23.55377,367,0.7,0.75,2026-10-02,1306,N,VIIRS,h,2.0NRT,290.53,39.44,D
-13.41336,23.69897,336.66,0.71,0.75,2026-10-02,1306,N,VIIRS,n,2.0NRT,291.33,21.9,D
-13.41191,23.70578,330.73,0.71,0.75,2026-10-02,1306,N,VIIRS,n,2.0NRT,290.57,21.21,D
-13.41131,23.70042,367,0.71,0.75,2026-10-02,1306,N,VIIRS,h,2.0NRT,292.48,17.62,D
-13.41069,23.93714,340.76,0.74,0.76,2026-10-02,1306,N,VIIRS,n,2.0NRT,295.55,14.91,D
-13.40916,23.94412,367,0.74,0.76,2026-10-02,1306,N,VIIRS,h,2.0NRT,298.94,29.21,D
-13.40641,23.69744,367,0.71,0.75,2026-10-02,1306,N,VIIRS,h,2.0NRT,292.85,21.9,D
-13.40496,23.70426,337.85,0.71,0.75,2026-10-02,1306,N,VIIRS,n,2.0NRT,286.16,21.21,D
-13.40436,23.69894,367,0.71,0.75,2026-10-02,1306,N,VIIRS,h,2.0NRT,294.7,47.47,D
-13.33891,22.52866,331.98,0.6,0.71,2026-10-02,1306,N,VIIRS,n,2.0NRT,297.23,5.27,D
-13.33688,22.52948,330.46,0.6,0.71,2026-10-02,1306,N,VIIRS,n,2.0NRT,296.24,9.09,D
-13.33474,22.51594,350.22,0.6,0.71,2026-10-02,1306,N,VIIRS,n,2.0NRT,298.71,10.01,D
-13.33279,22.51682,352.58,0.6,0.71,2026-10-02,1306,N,VIIRS,n,2.0NRT,299.11,8.78,D
-13.29319,23.81535,335.91,0.73,0.76,2026-10-02,1306,N,VIIRS,n,2.0NRT,290.58,14.3,D
-13.0851,23.92414,330.05,0.75,0.77,2026-10-02,1306,N,VIIRS,n,2.0NRT,292.26,7.62,D
-13.06497,24.01649,331.34,0.76,0.77,2026-10-02,1306,N,VIIRS,n,2.0NRT,291.93,11.04,D
-13.00018,24.27814,350.8,0.79,0.78,2026-10-02,1306,N,VIIRS,n,2.0NRT,293.08,21.23,D
-12.99929,24.27908,352.67,0.79,0.78,2026-10-02,1306,N,VIIRS,n,2.0NRT,292.63,15.25,D
-12.95925,24.22404,336.78,0.78,0.78,2026-10-02,1306,N,VIIRS,n,2.0NRT,287.34,6.95,D
-12.95814,24.22466,336.82,0.78,0.78,2026-10-02,1306,N,VIIRS,n,2.0NRT,286.87,5.19,D
-12.95463,24.13663,333.94,0.77,0.78,2026-10-02,1306,N,VIIRS,n,2.0NRT,295.73,8.09,D
-12.55013,22.59719,340.81,0.63,0.72,2026-10-02,1306,N,VIIRS,n,2.0NRT,298.13,9.33,D
-12.54729,22.59349,355.97,0.63,0.72,2026-10-02,1306,N,VIIRS,n,2.0NRT,300.65,28.65,D
-12.54607,22.59936,367,0.63,0.72,2026-10-02,1306,N,VIIRS,h,2.0NRT,298.35,36.29,D
-12.44553,23.31648,333.19,0.7,0.75,2026-10-02,1306,N,VIIRS,n,2.0NRT,299.65,8.96,D
-12.4118,22.27836,335.56,0.6,0.71,2026-10-02,1306,N,VIIRS,n,2.0NRT,300.63,5.07,D
-12.41047,22.27818,330.9,0.6,0.71,2026-10-02,1306,N,VIIRS,n,2.0NRT,299.81,4.37,D
-12.28748,22.57935,331.97,0.63,0.72,2026-10-02,1306,N,VIIRS,n,2.0NRT,299.83,1.67,D
-12.2733,23.05295,332.01,0.68,0.74,2026-10-02,1306,N,VIIRS,n,2.0NRT,296.11,7.82,D
-12.26693,23.05063,349.93,0.68,0.74,2026-10-02,1306,N,VIIRS,n,2.0NRT,296.52,17.66,D
-12.26645,23.05159,367,0.68,0.74,2026-10-02,1306,N,VIIRS,h,2.0NRT,298.06,11.3,D
-12.26555,23.05706,346.77,0.68,0.74,2026-10-02,1306,N,VIIRS,n,2.0NRT,297.23,22.06,D
-12.26512,23.05801,334.68,0.68,0.74,2026-10-02,1306,N,VIIRS,n,2.0NRT,296.82,11.3,D
-12.16002,23.08532,367,0.69,0.74,2026-10-02,1306,N,VIIRS,h,2.0NRT,294.74,17.32,D
-12.15852,23.08859,367,0.69,0.74,2026-10-02,1306,N,VIIRS,h,2.0NRT,298.78,18.74,D
-12.10664,23.13497,367,0.7,0.75,2026-10-02,1306,N,VIIRS,h,2.0NRT,301.71,26.62,D
-12.10528,23.14146,344.86,0.7,0.75,2026-10-02,1306,N,VIIRS,n,2.0NRT,297.16,25.99,D
-12.08664,22.89114,334.31,0.67,0.74,2026-10-02,1306,N,VIIRS,n,2.0NRT,297.73,6.22,D
-12.0853,22.89744,340.25,0.67,0.74,2026-10-02,1306,N,VIIRS,n,2.0NRT,296.61,7.67,D
-12.0851,22.89488,344.89,0.67,0.74,2026-10-02,1306,N,VIIRS,n,2.0NRT,297.54,8.35,D
-12.07424,22.84951,343.96,0.67,0.73,2026-10-02,1306,N,VIIRS,n,2.0NRT,302.15,12.04,D
-12.0725,22.85294,354,0.67,0.73,2026-10-02,1306,N,VIIRS,n,2.0NRT,302.1,12.11,D
-12.05605,22.82993,335.44,0.67,0.73,2026-10-02,1306,N,VIIRS,n,2.0NRT,299.25,8.08,D
-12.05476,22.83614,349.48,0.67,0.73,2026-10-02,1306,N,VIIRS,n,2.0NRT,300.01,8.08,D
-11.97258,22.06518,367,0.6,0.7,2026-10-02,1306,N,VIIRS,h,2.0NRT,298.2,11.15,D
-11.96161,23.24696,330.74,0.71,0.75,2026-10-02,1306,N,VIIRS,n,2.0NRT,296.76,10.06,D
-11.96022,23.25358,345.62,0.71,0.75,2026-10-02,1306,N,VIIRS,n,2.0NRT,297.48,14.7,D
-11.86181,22.33406,330.95,0.62,0.72,2026-10-02,1306,N,VIIRS,l,2.0NRT,301.33,5.65,D
-11.82208,22.8575,367,0.68,0.74,2026-10-02,1306,N,VIIRS,h,2.0NRT,292.46,21.56,D
-11.61482,22.92906,330.85,0.69,0.74,2026-10-02,1306,N,VIIRS,n,2.0NRT,297.96,5.61,D
-11.61243,22.09744,333.61,0.61,0.71,2026-10-02,1306,N,VIIRS,n,2.0NRT,300.41,2.5,D
-11.61067,22.09713,338.02,0.61,0.71,2026-10-02,1306,N,VIIRS,n,2.0NRT,300.61,5.96,D
-11.60588,22.0961,343.12,0.61,0.71,2026-10-02,1306,N,VIIRS,n,2.0NRT,299.64,5.8,D
-11.60411,22.09582,337.01,0.61,0.71,2026-10-02,1306,N,VIIRS,n,2.0NRT,298.71,8.8,D
-11.53828,22.88784,335.82,0.69,0.74,2026-10-02,1306,N,VIIRS,n,2.0NRT,296.91,10.76,D
-11.53807,22.88533,350.45,0.69,0.74,2026-10-02,1306,N,VIIRS,n,2.0NRT,298.12,11.14,D
-11.53144,22.88632,355.98,0.69,0.74,2026-10-02,1306,N,VIIRS,n,2.0NRT,297.54,10.76,D
-11.52985,22.89033,343.47,0.69,0.74,2026-10-02,1306,N,VIIRS,n,2.0NRT,296.99,11.34,D
-11.44204,22.86988,338.36,0.69,0.74,2026-10-02,1306,N,VIIRS,n,2.0NRT,298.72,10.86,D
-11.44203,22.86895,336.61,0.69,0.74,2026-10-02,1306,N,VIIRS,n,2.0NRT,298.01,8.09,D
-11.44071,22.87636,330.01,0.69,0.74,2026-10-02,1306,N,VIIRS,n,2.0NRT,297.91,12.21,D
-11.44066,22.87542,336.9,0.69,0.74,2026-10-02,1306,N,VIIRS,n,2.0NRT,298.51,8.09,D
-11.43385,22.87491,352.07,0.69,0.74,2026-10-02,1306,N,VIIRS,n,2.0NRT,297.76,15.25,D
-11.4338,22.87399,347.65,0.69,0.74,2026-10-02,1306,N,VIIRS,n,2.0NRT,297.52,8.09,D
-11.39928,23.14954,348.46,0.72,0.75,2026-10-02,1306,N,VIIRS,n,2.0NRT,292.26,14.11,D
-11.39755,23.14779,347.72,0.72,0.75,2026-10-02,1306,N,VIIRS,n,2.0NRT,293.41,11.51,D
-10.80148,22.03198,331.63,0.62,0.72,2026-10-02,1306,N,VIIRS,n,2.0NRT,296.96,5.71,D
-10.76471,22.04332,341.99,0.63,0.72,2026-10-02,1306,N,VIIRS,n,2.0NRT,298.03,8.61,D
-10.76245,22.12182,333.08,0.63,0.72,2026-10-02,1306,N,VIIRS,n,2.0NRT,295.69,7.59,D
-10.767,22.04706,350.74,0.63,0.72,2026-10-02,1308,N,VIIRS,n,2.0NRT,299.01,12.8,D
-10.76528,22.12566,336.52,0.63,0.72,2026-10-02,1308,N,VIIRS,n,2.0NRT,295.7,3.8,D
-10.73471,21.96752,367,0.62,0.71,2026-10-02,1308,N,VIIRS,h,2.0NRT,299.9,29.82,D
-10.73207,22.01495,352.72,0.63,0.72,2026-10-02,1308,N,VIIRS,n,2.0NRT,300.95,11.43,D
-10.70291,21.955,351.73,0.62,0.71,2026-10-02,1308,N,VIIRS,n,2.0NRT,301.14,11.59,D
-10.69961,21.95308,345.96,0.62,0.71,2026-10-02,1308,N,VIIRS,n,2.0NRT,300.35,4.43,D
-10.68546,21.93956,335.62,0.62,0.71,2026-10-02,1308,N,VIIRS,n,2.0NRT,298.74,8.03,D
-10.68208,21.9376,352.2,0.62,0.71,2026-10-02,1308,N,VIIRS,n,2.0NRT,299.16,6.44,D
-10.66846,21.97179,330.64,0.62,0.72,2026-10-02,1308,N,VIIRS,l,2.0NRT,301.98,1.87,D
-10.665,21.97237,331.44,0.62,0.72,2026-10-02,1308,N,VIIRS,l,2.0NRT,301.83,3.29,D
-10.65469,21.90301,332,0.62,0.71,2026-10-02,1308,N,VIIRS,n,2.0NRT,298.81,20.32,D
-10.63004,22.06112,337.99,0.63,0.72,2026-10-02,1308,N,VIIRS,n,2.0NRT,297.26,9.43,D
-10.62588,22.06188,336.06,0.63,0.72,2026-10-02,1308,N,VIIRS,n,2.0NRT,296.82,9.51,D
-10.52617,22.54403,338.89,0.68,0.74,2026-10-02,1308,N,VIIRS,n,2.0NRT,293.83,13.89,D
-10.52565,22.5448,337.97,0.68,0.74,2026-10-02,1308,N,VIIRS,n,2.0NRT,293.6,9.43,D
-9.61307,21.98809,334.53,0.65,0.73,2026-10-02,1308,N,VIIRS,n,2.0NRT,295.06,11.9,D
-9.61115,21.99014,336.28,0.65,0.73,2026-10-02,1308,N,VIIRS,n,2.0NRT,294.22,11.03,D
-9.60507,21.99305,367,0.65,0.73,2026-10-02,1308,N,VIIRS,h,2.0NRT,293.84,13,D
-9.6044,21.98885,339.14,0.65,0.73,2026-10-02,1308,N,VIIRS,n,2.0NRT,292.09,11.03,D
-9.60318,21.99514,355.36,0.65,0.73,2026-10-02,1308,N,VIIRS,n,2.0NRT,292.31,11.03,D
-9.59829,21.99197,339.87,0.65,0.73,2026-10-02,1308,N,VIIRS,n,2.0NRT,291.64,13,D
-8.21174,22.60071,331.05,0.76,0.77,2026-10-02,1308,N,VIIRS,n,2.0NRT,285.58,3.95,D
-8.44365,33.51145,299.16,0.54,0.68,2026-10-02,2231,N,VIIRS,n,2.0NRT,286,0.59,N
-17.61041,28.2521,298.55,0.77,0.78,2026-10-02,2233,N,VIIRS,n,2.0NRT,284.55,0.76,N
-17.60904,28.25193,298.21,0.77,0.78,2026-10-02,2233,N,VIIRS,n,2.0NRT,284.07,1.08,N
-15.89997,33.02367,295.62,0.42,0.61,2026-10-02,2233,N,VIIRS,n,2.0NRT,281.38,1.65,N
-10.58504,30.51038,307.97,0.49,0.65,2026-10-03,11,N,VIIRS,n,2.0NRT,283.11,2.39,N
-10.58446,30.50577,314.24,0.49,0.65,2026-10-03,11,N,VIIRS,n,2.0NRT,283.03,3.4,N
-8.91067,25.29271,295.31,0.41,0.45,2026-10-03,11,N,VIIRS,n,2.0NRT,277.94,0.19,N
-17.77474,24.73967,296.91,0.5,0.49,2026-10-03,13,N,VIIRS,n,2.0NRT,283.25,0.55,N
-17.77387,24.73658,297.31,0.5,0.49,2026-10-03,13,N,VIIRS,n,2.0NRT,283.52,0.66,N
-17.38175,24.17767,325.44,0.45,0.47,2026-10-03,13,N,VIIRS,n,2.0NRT,288.97,2.33,N
-17.38152,24.17558,326.18,0.45,0.47,2026-10-03,13,N,VIIRS,n,2.0NRT,287.94,2.02,N
-17.25411,22.13719,296.45,0.52,0.41,2026-10-03,13,N,VIIRS,n,2.0NRT,284.71,0.26,N
-17.15905,22.37633,296.41,0.53,0.42,2026-10-03,13,N,VIIRS,n,2.0NRT,285.04,0.76,N
-16.95308,25.73861,313.87,0.57,0.52,2026-10-03,13,N,VIIRS,n,2.0NRT,285.67,1.99,N
-16.75834,22.90686,298.94,0.56,0.43,2026-10-03,13,N,VIIRS,n,2.0NRT,286.86,0.62,N
-16.70361,26.24445,300.46,0.61,0.53,2026-10-03,13,N,VIIRS,n,2.0NRT,284.97,1.05,N
-16.46287,23.22581,299.48,0.39,0.44,2026-10-03,13,N,VIIRS,n,2.0NRT,287.57,0.45,N
-16.29537,26.76636,300.97,0.32,0.55,2026-10-03,13,N,VIIRS,n,2.0NRT,284.32,0.35,N
-16.07574,23.26131,299.25,0.38,0.44,2026-10-03,13,N,VIIRS,n,2.0NRT,285.47,0.65,N
-15.23111,27.4602,296.63,0.35,0.57,2026-10-03,13,N,VIIRS,n,2.0NRT,285.2,0.18,N
-15.20197,26.4425,298.7,0.6,0.53,2026-10-03,13,N,VIIRS,n,2.0NRT,285.07,1.18,N
-15.19856,26.44223,298.04,0.6,0.53,2026-10-03,13,N,VIIRS,n,2.0NRT,285.59,0.78,N
-15.12697,24.69485,300.09,0.46,0.47,2026-10-03,13,N,VIIRS,n,2.0NRT,284.83,0.82,N
-14.95294,25.33342,295.89,0.5,0.49,2026-10-03,13,N,VIIRS,n,2.0NRT,281.64,0.5,N
-14.59151,25.56071,304.49,0.51,0.5,2026-10-03,13,N,VIIRS,n,2.0NRT,286.35,1.01,N
-14.49234,23.78427,296.4,0.4,0.44,2026-10-03,13,N,VIIRS,n,2.0NRT,286.09,0.78,N
-14.48995,25.1354,314.41,0.48,0.48,2026-10-03,13,N,VIIRS,n,2.0NRT,285.37,1.92,N
-14.35636,25.61137,300.02,0.51,0.5,2026-10-03,13,N,VIIRS,n,2.0NRT,286.47,0.64,N
-14.35577,25.60657,296.77,0.51,0.5,2026-10-03,13,N,VIIRS,n,2.0NRT,286.41,0.64,N
-14.10143,25.35425,312.37,0.49,0.49,2026-10-03,13,N,VIIRS,n,2.0NRT,285.42,1.34,N
-14.10068,25.35609,309.61,0.49,0.49,2026-10-03,13,N,VIIRS,n,2.0NRT,286.25,1.32,N
-14.10007,25.35153,311.77,0.49,0.49,2026-10-03,13,N,VIIRS,n,2.0NRT,285.62,1.74,N
-14.0986,25.37496,297.92,0.49,0.49,2026-10-03,13,N,VIIRS,n,2.0NRT,286.54,1.68,N
-14.09556,25.35211,309.05,0.49,0.49,2026-10-03,13,N,VIIRS,n,2.0NRT,287.11,1.74,N
-14.09408,25.37558,297.99,0.49,0.49,2026-10-03,13,N,VIIRS,n,2.0NRT,286.35,0.99,N
-13.72361,25.87861,297.06,0.52,0.5,2026-10-03,13,N,VIIRS,n,2.0NRT,286.84,0.26,N
-13.71514,25.85006,298.23,0.52,0.5,2026-10-03,13,N,VIIRS,n,2.0NRT,287.08,0.33,N
-13.59791,23.55392,297.41,0.56,0.43,2026-10-03,13,N,VIIRS,n,2.0NRT,284.76,0.72,N
-13.59731,25.55156,310.67,0.5,0.49,2026-10-03,13,N,VIIRS,n,2.0NRT,287.77,1.26,N
-13.59668,25.55356,308.69,0.5,0.49,2026-10-03,13,N,VIIRS,n,2.0NRT,287.63,1.02,N
-13.59393,23.5545,296.7,0.56,0.43,2026-10-03,13,N,VIIRS,n,2.0NRT,285.07,0.72,N
-13.58924,23.54988,301.87,0.56,0.43,2026-10-03,13,N,VIIRS,n,2.0NRT,286.24,0.98,N
-13.55829,23.50153,300.93,0.56,0.43,2026-10-03,13,N,VIIRS,n,2.0NRT,286.41,1.42,N
-13.55712,27.8251,298.55,0.35,0.57,2026-10-03,13,N,VIIRS,n,2.0NRT,285.42,0.57,N
-13.55095,23.61019,308.62,0.56,0.43,2026-10-03,13,N,VIIRS,n,2.0NRT,286.67,1.51,N
-13.55021,23.60496,297.98,0.56,0.43,2026-10-03,13,N,VIIRS,n,2.0NRT,286.14,1.09,N
-13.54929,23.61434,296.15,0.56,0.43,2026-10-03,13,N,VIIRS,n,2.0NRT,286.07,0.46,N
-13.54859,23.6091,316.99,0.56,0.43,2026-10-03,13,N,VIIRS,n,2.0NRT,287.54,2.98,N
-13.54696,23.61076,302.18,0.56,0.43,2026-10-03,13,N,VIIRS,n,2.0NRT,286.15,0.78,N
-13.53513,23.52748,315.3,0.56,0.43,2026-10-03,13,N,VIIRS,n,2.0NRT,285.42,2.84,N
-13.53439,23.52231,297.15,0.56,0.43,2026-10-03,13,N,VIIRS,n,2.0NRT,284.09,2.49,N
-13.53404,23.53145,296.74,0.56,0.43,2026-10-03,13,N,VIIRS,n,2.0NRT,286.03,0.68,N
-13.53335,23.52627,329.79,0.56,0.43,2026-10-03,13,N,VIIRS,n,2.0NRT,287.02,5.11,N
-13.53251,27.199,296.69,0.32,0.54,2026-10-03,13,N,VIIRS,n,2.0NRT,285.39,0.32,N
-13.53116,23.52806,324.16,0.56,0.43,2026-10-03,13,N,VIIRS,n,2.0NRT,288.12,2.84,N
-13.53057,23.58118,296.04,0.56,0.43,2026-10-03,13,N,VIIRS,n,2.0NRT,284.31,0.23,N
-13.5272,23.52865,298.85,0.56,0.43,2026-10-03,13,N,VIIRS,n,2.0NRT,286.7,1.02,N
-13.48897,23.54474,299.26,0.56,0.43,2026-10-03,13,N,VIIRS,n,2.0NRT,284.79,1.21,N
-13.48571,23.55049,296.39,0.56,0.43,2026-10-03,13,N,VIIRS,n,2.0NRT,284.21,1.21,N
-13.48499,23.54531,315.99,0.56,0.43,2026-10-03,13,N,VIIRS,n,2.0NRT,287.16,1.21,N
-13.46584,27.69148,298.79,0.34,0.56,2026-10-03,13,N,VIIRS,n,2.0NRT,285.26,0.31,N
-13.46296,27.4093,296.75,0.33,0.55,2026-10-03,13,N,VIIRS,n,2.0NRT,285.79,0.49,N
-13.39718,25.9785,296.55,0.53,0.5,2026-10-03,13,N,VIIRS,n,2.0NRT,286.12,1.08,N
-13.38654,27.56865,301.24,0.34,0.56,2026-10-03,13,N,VIIRS,n,2.0NRT,285.22,0.57,N
-13.13356,23.95848,308.45,0.39,0.44,2026-10-03,13,N,VIIRS,n,2.0NRT,284.32,0.87,N
-13.13305,23.95486,300.5,0.39,0.44,2026-10-03,13,N,VIIRS,n,2.0NRT,284.06,0.87,N
-13.06494,23.93834,297.97,0.39,0.44,2026-10-03,13,N,VIIRS,n,2.0NRT,284.8,0.98,N
-13.06479,23.93895,297.87,0.39,0.44,2026-10-03,13,N,VIIRS,n,2.0NRT,284.64,0.88,N
-13.06392,23.93114,305.03,0.39,0.44,2026-10-03,13,N,VIIRS,n,2.0NRT,285.34,1.46,N
-13.06382,23.93173,305.28,0.39,0.44,2026-10-03,13,N,VIIRS,n,2.0NRT,285.4,0.64,N
-13.06333,23.92813,295.48,0.39,0.44,2026-10-03,13,N,VIIRS,n,2.0NRT,284.74,0.64,N
-13.0039,24.28112,306.15,0.41,0.45,2026-10-03,13,N,VIIRS,n,2.0NRT,286.82,0.87,N
-13.00156,24.28057,304.93,0.41,0.45,2026-10-03,13,N,VIIRS,n,2.0NRT,287.74,1.68,N
-12.99977,24.28169,299.05,0.41,0.45,2026-10-03,13,N,VIIRS,n,2.0NRT,287.54,0.87,N
-12.97548,28.72332,298.17,0.4,0.6,2026-10-03,13,N,VIIRS,n,2.0NRT,284.29,0.58,N
-12.96991,28.72405,295.32,0.4,0.6,2026-10-03,13,N,VIIRS,n,2.0NRT,284.08,0.58,N
-12.65483,24.28274,298.88,0.4,0.44,2026-10-03,13,N,VIIRS,n,2.0NRT,285.07,0.45,N
-12.41988,26.86045,298.45,0.59,0.53,2026-10-03,13,N,VIIRS,n,2.0NRT,285.48,0.93,N
-12.37773,27.61214,295.64,0.33,0.55,2026-10-03,13,N,VIIRS,n,2.0NRT,285.2,0.4,N
-12.37391,25.31837,301.74,0.46,0.47,2026-10-03,13,N,VIIRS,n,2.0NRT,286.54,0.77,N
-12.37372,27.62192,296.51,0.33,0.55,2026-10-03,13,N,VIIRS,n,2.0NRT,284.63,0.58,N
-12.37137,27.62243,298.12,0.33,0.55,2026-10-03,13,N,VIIRS,n,2.0NRT,284.71,0.38,N
-12.36953,25.31903,301.95,0.46,0.47,2026-10-03,13,N,VIIRS,n,2.0NRT,285.72,0.77,N
-12.34432,22.59203,299.36,0.48,0.4,2026-10-03,13,N,VIIRS,n,2.0NRT,288.05,0.49,N
-12.15732,23.08657,298.26,0.51,0.41,2026-10-03,13,N,VIIRS,n,2.0NRT,288.01,0.74,N
-12.07985,23.03165,302.02,0.5,0.41,2026-10-03,13,N,VIIRS,n,2.0NRT,289.17,0.94,N
-12.07784,26.39507,335.91,0.54,0.51,2026-10-03,13,N,VIIRS,n,2.0NRT,287.8,7.51,N
-12.07313,26.3956,339.07,0.54,0.51,2026-10-03,13,N,VIIRS,n,2.0NRT,289.65,10.13,N
-12.0645,27.87797,296.64,0.34,0.56,2026-10-03,13,N,VIIRS,n,2.0NRT,284.68,0.31,N
-11.95731,23.246,301.56,0.51,0.41,2026-10-03,13,N,VIIRS,n,2.0NRT,289.23,0.85,N
-11.65366,25.50552,295.07,0.47,0.47,2026-10-03,13,N,VIIRS,n,2.0NRT,284.79,0.53,N
-11.24424,28.07544,308.71,0.34,0.56,2026-10-03,13,N,VIIRS,n,2.0NRT,286.03,1.48,N
-11.24382,28.07224,321.2,0.34,0.56,2026-10-03,13,N,VIIRS,n,2.0NRT,287.07,1.5,N
-11.2434,28.06905,297.96,0.34,0.56,2026-10-03,13,N,VIIRS,n,2.0NRT,286.3,1.5,N
-11.20743,26.92949,296.85,0.57,0.52,2026-10-03,13,N,VIIRS,n,2.0NRT,286.57,1.16,N
-11.20629,26.92693,300.82,0.57,0.52,2026-10-03,13,N,VIIRS,n,2.0NRT,286.97,1.13,N
-11.06872,27.75186,298.62,0.32,0.55,2026-10-03,13,N,VIIRS,n,2.0NRT,285.48,0.33,N
-10.90598,25.94643,298.22,0.49,0.48,2026-10-03,13,N,VIIRS,n,2.0NRT,287.33,0.38,N
-10.82685,25.69244,299.79,0.47,0.47,2026-10-03,13,N,VIIRS,n,2.0NRT,289.2,0.77,N
-10.78061,25.58565,309.12,0.46,0.47,2026-10-03,13,N,VIIRS,n,2.0NRT,288.92,2.11,N
-10.69931,21.95603,302.34,0.43,0.38,2026-10-03,13,N,VIIRS,n,2.0NRT,289.04,0.95,N
-17.70477,31.73382,332.99,0.35,0.57,2026-10-03,1106,N,VIIRS,n,2.0NRT,294.99,1.69,D
-17.17549,29.40881,345.8,0.49,0.65,2026-10-03,1106,N,VIIRS,n,2.0NRT,292.04,9.26,D
-17.10356,26.64763,354.22,0.74,0.76,2026-10-03,1106,N,VIIRS,n,2.0NRT,288.33,18.88,D
-17.00773,26.21457,334.53,0.79,0.78,2026-10-03,1106,N,VIIRS,n,2.0NRT,301.62,11.61,D
-17.00735,26.21514,342.91,0.79,0.78,2026-10-03,1106,N,VIIRS,n,2.0NRT,301.89,14.79,D
-16.83912,26.51878,339.41,0.75,0.77,2026-10-03,1106,N,VIIRS,n,2.0NRT,298.19,8.19,D
-16.83448,26.51898,337.42,0.75,0.77,2026-10-03,1106,N,VIIRS,n,2.0NRT,296.34,3.7,D
-16.69078,30.19007,332.05,0.43,0.62,2026-10-03,1106,N,VIIRS,n,2.0NRT,297.15,4.69,D
-16.65783,27.87359,343.15,0.61,0.71,2026-10-03,1106,N,VIIRS,n,2.0NRT,296.01,7.08,D
-16.62621,26.26661,344.85,0.78,0.78,2026-10-03,1106,N,VIIRS,n,2.0NRT,300.35,13.22,D
-16.62488,26.2656,343.59,0.78,0.78,2026-10-03,1106,N,VIIRS,n,2.0NRT,300.53,8.92,D
-16.59954,29.65945,346.78,0.47,0.64,2026-10-03,1106,N,VIIRS,n,2.0NRT,295.51,7.33,D
-16.58106,26.51182,336.75,0.75,0.77,2026-10-03,1106,N,VIIRS,n,2.0NRT,300.01,5.28,D
-16.54809,29.63095,341.23,0.47,0.64,2026-10-03,1106,N,VIIRS,n,2.0NRT,297.72,6.76,D
-16.54551,29.62724,338.33,0.47,0.64,2026-10-03,1106,N,VIIRS,n,2.0NRT,297.41,6.91,D
-16.36963,28.75181,330.76,0.53,0.67,2026-10-03,1106,N,VIIRS,n,2.0NRT,296.02,2.72,D
-16.34898,26.29203,330.8,0.77,0.77,2026-10-03,1106,N,VIIRS,l,2.0NRT,301.02,5.37,D
-16.34821,26.29063,334.78,0.77,0.77,2026-10-03,1106,N,VIIRS,n,2.0NRT,301.23,2.95,D
-16.32507,26.14147,344.45,0.78,0.78,2026-10-03,1106,N,VIIRS,n,2.0NRT,299.84,7.58,D
-16.32495,26.14241,345.74,0.79,0.78,2026-10-03,1106,N,VIIRS,n,2.0NRT,300,10.28,D
-16.32437,26.14922,330.95,0.78,0.78,2026-10-03,1106,N,VIIRS,n,2.0NRT,298.01,7.58,D
-15.5607,28.92772,349.3,0.51,0.66,2026-10-03,1106,N,VIIRS,n,2.0NRT,298.96,7.94,D
-15.53648,27.98182,347.55,0.58,0.7,2026-10-03,1106,N,VIIRS,n,2.0NRT,301.4,8.36,D
-15.53537,27.97883,338.47,0.59,0.7,2026-10-03,1106,N,VIIRS,n,2.0NRT,302.8,8.11,D
-15.52673,27.7486,333.57,0.61,0.71,2026-10-03,1106,N,VIIRS,l,2.0NRT,305.14,2.76,D
-15.52615,27.75442,343.34,0.61,0.71,2026-10-03,1106,N,VIIRS,n,2.0NRT,306.59,9.26,D
-15.47208,28.95623,331.8,0.5,0.66,2026-10-03,1106,N,VIIRS,n,2.0NRT,298.3,1.19,D
-15.45569,29.34183,341.75,0.48,0.64,2026-10-03,1106,N,VIIRS,n,2.0NRT,294.55,4.27,D
-15.44969,27.93101,367,0.59,0.7,2026-10-03,1106,N,VIIRS,h,2.0NRT,300.23,10.09,D
-15.4491,27.93676,338.99,0.59,0.7,2026-10-03,1106,N,VIIRS,n,2.0NRT,302.14,12.19,D
-15.44877,27.93348,367,0.59,0.7,2026-10-03,1106,N,VIIRS,h,2.0NRT,300.4,15.35,D
-15.34486,29.34078,355.73,0.47,0.64,2026-10-03,1106,N,VIIRS,n,2.0NRT,295.63,18.08,D
-15.34439,29.34522,357.08,0.47,0.64,2026-10-03,1106,N,VIIRS,l,2.0NRT,289.3,18.08,D
-15.3012,27.53528,335.59,0.62,0.71,2026-10-03,1106,N,VIIRS,l,2.0NRT,305.65,3.16,D
-15.29793,27.53738,343.4,0.62,0.72,2026-10-03,1106,N,VIIRS,n,2.0NRT,306.59,4.56,D
-15.26103,29.13257,344.1,0.49,0.65,2026-10-03,1106,N,VIIRS,n,2.0NRT,301.99,7.47,D
-15.24931,29.58232,367,0.46,0.63,2026-10-03,1106,N,VIIRS,h,2.0NRT,298.61,18.52,D
-15.24884,29.58658,341.24,0.46,0.63,2026-10-03,1106,N,VIIRS,n,2.0NRT,298.11,14.02,D
-15.21955,29.35416,335.06,0.47,0.64,2026-10-03,1106,N,VIIRS,n,2.0NRT,304.06,2.34,D
-15.20619,26.75468,356.46,0.7,0.75,2026-10-03,1106,N,VIIRS,n,2.0NRT,301.78,14.65,D
-15.20578,26.19761,330.87,0.76,0.77,2026-10-03,1106,N,VIIRS,l,2.0NRT,303.16,4.65,D
-15.14958,28.42579,339.78,0.54,0.68,2026-10-03,1106,N,VIIRS,n,2.0NRT,302.04,5.1,D
-15.11057,28.73858,339.27,0.52,0.67,2026-10-03,1106,N,VIIRS,n,2.0NRT,305.08,5.05,D
-15.10723,29.4471,334.25,0.46,0.64,2026-10-03,1106,N,VIIRS,n,2.0NRT,300.52,3.77,D
-15.10491,29.02599,336.56,0.49,0.65,2026-10-03,1106,N,VIIRS,n,2.0NRT,301.32,10.44,D
-15.10416,29.45398,331.24,0.46,0.64,2026-10-03,1106,N,VIIRS,n,2.0NRT,299.71,3.09,D
-15.10396,28.17558,338.62,0.56,0.69,2026-10-03,1106,N,VIIRS,n,2.0NRT,302.59,1.64,D
-15.10346,28.17549,336.78,0.56,0.69,2026-10-03,1106,N,VIIRS,n,2.0NRT,301.15,3.78,D
-15.09846,29.02856,333.75,0.49,0.65,2026-10-03,1106,N,VIIRS,n,2.0NRT,301.19,7.08,D
-15.05783,29.72675,344.83,0.44,0.63,2026-10-03,1106,N,VIIRS,n,2.0NRT,300.02,6.28,D
-15.05754,29.72641,347.23,0.44,0.63,2026-10-03,1106,N,VIIRS,n,2.0NRT,299.97,5.54,D
-15.03291,27.45,339.27,0.63,0.72,2026-10-03,1106,N,VIIRS,n,2.0NRT,304.08,5,D
-15.02822,26.28841,332.65,0.74,0.76,2026-10-03,1106,N,VIIRS,n,2.0NRT,302.5,2.98,D
-15.01817,28.16942,338.3,0.56,0.69,2026-10-03,1106,N,VIIRS,n,2.0NRT,297.57,3.06,D
-15.0081,29.18701,343.17,0.48,0.65,2026-10-03,1106,N,VIIRS,n,2.0NRT,302.19,4.08,D
-15.00709,29.1857,333.43,0.48,0.65,2026-10-03,1106,N,VIIRS,n,2.0NRT,302.05,3.16,D
-15.0064,26.32901,332.53,0.74,0.76,2026-10-03,1106,N,VIIRS,l,2.0NRT,306.13,5.92,D
-15.00445,28.38413,341.86,0.54,0.68,2026-10-03,1106,N,VIIRS,n,2.0NRT,298.75,5.53,D
-15.00263,26.33,334.31,0.74,0.76,2026-10-03,1106,N,VIIRS,l,2.0NRT,305.79,5.51,D
-14.95196,26.48872,336.59,0.72,0.76,2026-10-03,1106,N,VIIRS,n,2.0NRT,298.84,7.38,D
-14.94761,26.48689,343.12,0.72,0.76,2026-10-03,1106,N,VIIRS,n,2.0NRT,301.56,8.96,D
-14.94117,26.47966,348.82,0.72,0.76,2026-10-03,1106,N,VIIRS,n,2.0NRT,298.9,8.96,D
-14.88726,28.97675,337.27,0.49,0.65,2026-10-03,1106,N,VIIRS,n,2.0NRT,303.03,4.28,D
-14.84625,28.78986,357.05,0.51,0.66,2026-10-03,1106,N,VIIRS,n,2.0NRT,303.74,18.7,D
-14.8458,28.79397,367,0.51,0.66,2026-10-03,1106,N,VIIRS,h,2.0NRT,301.9,20.72,D
-14.84498,28.78855,354.06,0.51,0.66,2026-10-03,1106,N,VIIRS,n,2.0NRT,303.31,20.58,D
-14.84454,28.79285,367,0.51,0.66,2026-10-03,1106,N,VIIRS,h,2.0NRT,305.11,25.9,D
-14.84053,28.78506,333.57,0.51,0.66,2026-10-03,1106,N,VIIRS,n,2.0NRT,302.78,16.76,D
-14.84002,28.78971,367,0.51,0.66,2026-10-03,1106,N,VIIRS,h,2.0NRT,308.28,16.76,D
-14.83878,28.78812,367,0.51,0.66,2026-10-03,1106,N,VIIRS,h,2.0NRT,305.51,20.58,D
-14.8383,28.7928,333.95,0.51,0.66,2026-10-03,1106,N,VIIRS,n,2.0NRT,304.23,25.9,D
-14.83515,28.94353,330.01,0.5,0.65,2026-10-03,1106,N,VIIRS,l,2.0NRT,300.08,2.69,D
-14.82927,28.94382,333.15,0.5,0.65,2026-10-03,1106,N,VIIRS,n,2.0NRT,301.66,5.65,D
-14.82908,28.94242,331.68,0.5,0.65,2026-10-03,1106,N,VIIRS,l,2.0NRT,302.08,3.4,D
-14.82065,27.74169,340.75,0.6,0.7,2026-10-03,1106,N,VIIRS,n,2.0NRT,305.18,4.51,D
-14.79884,27.62944,354.65,0.61,0.71,2026-10-03,1106,N,VIIRS,n,2.0NRT,304.26,9.92,D
-14.79422,27.12638,331.75,0.65,0.73,2026-10-03,1106,N,VIIRS,l,2.0NRT,303.06,3.66,D
-14.73205,27.62877,332.34,0.6,0.71,2026-10-03,1106,N,VIIRS,l,2.0NRT,304.35,1.46,D
-14.70065,28.45737,331.81,0.53,0.67,2026-10-03,1106,N,VIIRS,l,2.0NRT,304.15,2.76,D
-14.6938,28.46205,337.5,0.53,0.67,2026-10-03,1106,N,VIIRS,n,2.0NRT,305.05,5.24,D
-14.69328,28.46709,338.88,0.53,0.67,2026-10-03,1106,N,VIIRS,n,2.0NRT,304.57,5.24,D
-14.64679,27.26631,336.66,0.64,0.72,2026-10-03,1106,N,VIIRS,n,2.0NRT,306.33,6.04,D
-14.62647,29.32631,350.23,0.47,0.64,2026-10-03,1106,N,VIIRS,n,2.0NRT,301.36,8.95,D
-14.5966,27.29108,334.6,0.63,0.72,2026-10-03,1106,N,VIIRS,l,2.0NRT,304.72,3.14,D
-14.54217,29.5163,345.99,0.45,0.63,2026-10-03,1106,N,VIIRS,n,2.0NRT,302.37,5.06,D
-14.54055,29.51302,337.09,0.45,0.63,2026-10-03,1106,N,VIIRS,n,2.0NRT,299.95,6.31,D
-14.54008,29.51746,367,0.45,0.63,2026-10-03,1106,N,VIIRS,h,2.0NRT,302.91,11.11,D
-14.53627,29.51592,349.11,0.45,0.63,2026-10-03,1106,N,VIIRS,n,2.0NRT,301.01,6.3,D
-14.4473,27.68468,337.24,0.59,0.7,2026-10-03,1106,N,VIIRS,n,2.0NRT,293.76,3.65,D
-14.44671,28.98536,350.03,0.49,0.65,2026-10-03,1106,N,VIIRS,n,2.0NRT,302.85,5.68,D
-14.44611,27.68644,332.83,0.59,0.7,2026-10-03,1106,N,VIIRS,n,2.0NRT,293.31,4.32,D
-14.39211,29.8002,331.32,0.43,0.62,2026-10-03,1106,N,VIIRS,n,2.0NRT,298.96,3.88,D
-14.34256,28.50882,346.68,0.52,0.67,2026-10-03,1106,N,VIIRS,n,2.0NRT,302.2,6.89,D
-14.33834,28.50583,351.1,0.52,0.67,2026-10-03,1106,N,VIIRS,n,2.0NRT,301.99,11,D
-14.32622,29.86905,339.17,0.42,0.61,2026-10-03,1106,N,VIIRS,n,2.0NRT,296.78,5.83,D
-14.32574,28.73236,333.45,0.51,0.66,2026-10-03,1106,N,VIIRS,n,2.0NRT,301.79,3.88,D
-14.32528,28.73497,339.83,0.51,0.66,2026-10-03,1106,N,VIIRS,n,2.0NRT,301.76,4.18,D
-14.31587,28.11988,335.01,0.55,0.68,2026-10-03,1106,N,VIIRS,n,2.0NRT,299.33,3.93,D
-14.30735,29.82926,333.94,0.43,0.62,2026-10-03,1106,N,VIIRS,n,2.0NRT,299.17,3.07,D
-14.30676,29.82928,334.52,0.43,0.62,2026-10-03,1106,N,VIIRS,n,2.0NRT,299.89,2.85,D
-14.30552,29.31732,331.09,0.46,0.64,2026-10-03,1106,N,VIIRS,l,2.0NRT,301.65,3.24,D
-14.3034,28.35979,357.49,0.53,0.67,2026-10-03,1106,N,VIIRS,n,2.0NRT,308.06,21.39,D
-14.30287,28.36484,340.21,0.53,0.67,2026-10-03,1106,N,VIIRS,n,2.0NRT,298.74,21.39,D
-14.29712,28.35897,340.51,0.53,0.67,2026-10-03,1106,N,VIIRS,n,2.0NRT,299.07,5.27,D
-14.29614,29.01137,337.97,0.48,0.65,2026-10-03,1106,N,VIIRS,n,2.0NRT,302.57,7.33,D
-14.2942,29.01293,354.73,0.48,0.65,2026-10-03,1106,N,VIIRS,n,2.0NRT,302.07,6.71,D
-14.27179,26.02962,345.01,0.76,0.77,2026-10-03,1106,N,VIIRS,n,2.0NRT,296.97,9.8,D
-14.24417,28.50075,331.72,0.52,0.67,2026-10-03,1106,N,VIIRS,n,2.0NRT,297.24,3.56,D
-14.24056,28.4994,330.97,0.52,0.67,2026-10-03,1106,N,VIIRS,n,2.0NRT,297.47,3.4,D
-14.23526,29.04829,342.23,0.48,0.65,2026-10-03,1106,N,VIIRS,n,2.0NRT,295.49,4.59,D
-14.21146,29.20971,330.07,0.47,0.64,2026-10-03,1106,N,VIIRS,l,2.0NRT,304.12,1.62,D
-14.18487,29.20959,340.44,0.47,0.64,2026-10-03,1106,N,VIIRS,n,2.0NRT,304.29,2.43,D
-14.18114,29.21088,352.11,0.47,0.64,2026-10-03,1106,N,VIIRS,n,2.0NRT,304.66,3.37,D
-14.17892,29.20878,330.31,0.47,0.64,2026-10-03,1106,N,VIIRS,l,2.0NRT,301.5,2.43,D
-14.1747,29.21462,336.06,0.47,0.64,2026-10-03,1106,N,VIIRS,n,2.0NRT,301.5,3.37,D
-14.12456,28.6481,336.88,0.51,0.66,2026-10-03,1106,N,VIIRS,n,2.0NRT,297.12,5.19,D
-14.12422,28.64612,338.6,0.51,0.66,2026-10-03,1106,N,VIIRS,n,2.0NRT,295.31,6.24,D
-14.08724,26.25124,341.78,0.73,0.76,2026-10-03,1106,N,VIIRS,n,2.0NRT,296.25,11.46,D
-14.08359,26.2559,335.79,0.73,0.76,2026-10-03,1106,N,VIIRS,n,2.0NRT,294.89,7.98,D
-14.07754,28.90127,336.73,0.49,0.65,2026-10-03,1106,N,VIIRS,n,2.0NRT,304.61,5.29,D
-14.06258,29.70768,330.26,0.43,0.62,2026-10-03,1106,N,VIIRS,n,2.0NRT,299.07,2.83,D
-14.043,29.41623,342.04,0.45,0.63,2026-10-03,1106,N,VIIRS,n,2.0NRT,304.28,3.16,D
-14.04196,29.41522,333.12,0.45,0.63,2026-10-03,1106,N,VIIRS,l,2.0NRT,304.27,2.56,D
-14.03855,29.03114,330.87,0.48,0.65,2026-10-03,1106,N,VIIRS,l,2.0NRT,302.43,2.27,D
-14.03253,29.03039,330.34,0.48,0.65,2026-10-03,1106,N,VIIRS,n,2.0NRT,299.17,2.27,D
-14.03104,29.04384,333.08,0.48,0.65,2026-10-03,1106,N,VIIRS,n,2.0NRT,300.78,6.31,D
-14.00592,29.73446,330.39,0.43,0.62,2026-10-03,1106,N,VIIRS,n,2.0NRT,299.04,1.92,D
-13.98682,28.49163,347.37,0.52,0.67,2026-10-03,1106,N,VIIRS,n,2.0NRT,298.81,4.96,D
-13.9844,28.27893,343.29,0.54,0.68,2026-10-03,1106,N,VIIRS,n,2.0NRT,297.77,4.52,D
-13.96869,29.00069,333.63,0.48,0.65,2026-10-03,1106,N,VIIRS,l,2.0NRT,304.58,5.67,D
-13.9673,29.00137,340.76,0.48,0.65,2026-10-03,1106,N,VIIRS,n,2.0NRT,304.07,5.61,D
-13.96359,27.14325,336.54,0.64,0.72,2026-10-03,1106,N,VIIRS,n,2.0NRT,300.72,7.83,D
-13.962,27.14064,332.45,0.64,0.72,2026-10-03,1106,N,VIIRS,n,2.0NRT,299.35,6.67,D
-13.96136,27.14662,342.99,0.64,0.72,2026-10-03,1106,N,VIIRS,n,2.0NRT,299.32,6.67,D
-13.94477,30.53982,330.49,0.38,0.59,2026-10-03,1106,N,VIIRS,n,2.0NRT,296.02,1.3,D
-13.93519,26.93838,333.46,0.66,0.73,2026-10-03,1106,N,VIIRS,n,2.0NRT,297.59,5.8,D
-13.89483,27.99855,330.4,0.56,0.69,2026-10-03,1106,N,VIIRS,l,2.0NRT,303.8,3.01,D
-13.88007,28.61556,335.19,0.51,0.66,2026-10-03,1106,N,VIIRS,n,2.0NRT,301.09,7.06,D
-13.85081,28.1199,334.99,0.55,0.68,2026-10-03,1106,N,VIIRS,n,2.0NRT,302.36,3.41,D
-13.84887,28.12171,332.86,0.55,0.68,2026-10-03,1106,N,VIIRS,n,2.0NRT,301.22,4.77,D
-13.79419,30.48778,367,0.38,0.59,2026-10-03,1106,N,VIIRS,h,2.0NRT,293.07,4.54,D
-13.79379,27.78217,330.58,0.58,0.69,2026-10-03,1106,N,VIIRS,l,2.0NRT,304.11,5.07,D
-13.79377,30.49132,334.84,0.38,0.59,2026-10-03,1106,N,VIIRS,n,2.0NRT,292.16,4.54,D
-13.79188,28.17347,336.3,0.54,0.68,2026-10-03,1106,N,VIIRS,n,2.0NRT,296.39,4.43,D
-13.78782,27.78082,354.69,0.58,0.69,2026-10-03,1106,N,VIIRS,n,2.0NRT,304.44,10.01,D
-13.78729,27.78162,344.89,0.58,0.69,2026-10-03,1106,N,VIIRS,n,2.0NRT,303.45,5.07,D
-13.78605,28.08446,331.62,0.55,0.68,2026-10-03,1106,N,VIIRS,n,2.0NRT,297.34,15.94,D
-13.78547,28.08965,367,0.55,0.68,2026-10-03,1106,N,VIIRS,h,2.0NRT,298.83,15.94,D
-13.78163,28.08894,367,0.55,0.68,2026-10-03,1106,N,VIIRS,h,2.0NRT,298.65,30.13,D
-13.77252,27.08238,331.25,0.64,0.72,2026-10-03,1106,N,VIIRS,n,2.0NRT,297.02,5.41,D
-13.76938,25.78951,331.9,0.78,0.78,2026-10-03,1106,N,VIIRS,n,2.0NRT,297.29,3.08,D
-13.70674,28.279,330.28,0.53,0.67,2026-10-03,1106,N,VIIRS,n,2.0NRT,298.22,6.17,D
-13.69996,29.38785,331.32,0.45,0.63,2026-10-03,1106,N,VIIRS,n,2.0NRT,298.43,7.99,D
-13.69947,29.39215,367,0.45,0.63,2026-10-03,1106,N,VIIRS,h,2.0NRT,299.54,11.16,D
-13.68003,28.0524,345.75,0.55,0.68,2026-10-03,1106,N,VIIRS,n,2.0NRT,301.83,10.33,D
-13.67948,28.0576,367,0.55,0.68,2026-10-03,1106,N,VIIRS,h,2.0NRT,302.87,10.33,D
-13.67893,28.06278,331.65,0.55,0.68,2026-10-03,1106,N,VIIRS,n,2.0NRT,299.4,10.39,D
-13.67831,28.05411,367,0.55,0.68,2026-10-03,1106,N,VIIRS,h,2.0NRT,303.36,12.58,D
-13.67773,28.05926,367,0.55,0.68,2026-10-03,1106,N,VIIRS,h,2.0NRT,300.78,12.58,D
-13.67715,28.0644,331.94,0.55,0.68,2026-10-03,1106,N,VIIRS,n,2.0NRT,299.26,6.57,D
-13.67313,28.0567,351.37,0.55,0.68,2026-10-03,1106,N,VIIRS,n,2.0NRT,303.39,10.55,D
-13.67258,28.06188,340.6,0.55,0.68,2026-10-03,1106,N,VIIRS,n,2.0NRT,303.06,10.22,D
-13.67204,28.06707,349.15,0.55,0.68,2026-10-03,1106,N,VIIRS,n,2.0NRT,301.98,10.22,D
-13.67139,28.05836,346.01,0.55,0.68,2026-10-03,1106,N,VIIRS,n,2.0NRT,304.04,9.99,D
-13.6708,28.06353,367,0.55,0.68,2026-10-03,1106,N,VIIRS,h,2.0NRT,303.63,17.14,D
-13.6552,28.08786,332.05,0.55,0.68,2026-10-03,1106,N,VIIRS,n,2.0NRT,299.48,4.44,D
-13.64537,28.49339,343.08,0.51,0.66,2026-10-03,1106,N,VIIRS,n,2.0NRT,302.58,5.32,D
-13.64469,28.40546,339.65,0.52,0.67,2026-10-03,1106,N,VIIRS,n,2.0NRT,301.3,5.98,D
-13.64248,28.40384,336.83,0.52,0.67,2026-10-03,1106,N,VIIRS,n,2.0NRT,300.74,5.38,D
-13.63841,26.38298,346.83,0.71,0.75,2026-10-03,1106,N,VIIRS,n,2.0NRT,299.39,13.37,D
-13.63772,26.38946,350.23,0.71,0.75,2026-10-03,1106,N,VIIRS,n,2.0NRT,297.42,16.84,D
-13.63561,26.38394,356.7,0.71,0.75,2026-10-03,1106,N,VIIRS,n,2.0NRT,298.62,10.73,D
-13.63496,26.39046,335.57,0.71,0.75,2026-10-03,1106,N,VIIRS,n,2.0NRT,294.44,10.73,D
-13.63171,28.29707,333.91,0.53,0.67,2026-10-03,1106,N,VIIRS,l,2.0NRT,304.82,3.59,D
-13.62657,26.29287,332.36,0.72,0.75,2026-10-03,1106,N,VIIRS,n,2.0NRT,298.65,4.17,D
-13.61818,28.74224,332.43,0.5,0.65,2026-10-03,1106,N,VIIRS,n,2.0NRT,299.65,3.62,D
-13.61792,28.63788,330.61,0.5,0.66,2026-10-03,1106,N,VIIRS,n,2.0NRT,300.36,3.12,D
-13.60262,27.85771,339.02,0.57,0.69,2026-10-03,1106,N,VIIRS,n,2.0NRT,302.15,3.6,D
-13.60105,27.86007,330.59,0.57,0.69,2026-10-03,1106,N,VIIRS,l,2.0NRT,301.42,4.07,D
-13.59692,28.99018,350.09,0.48,0.64,2026-10-03,1106,N,VIIRS,n,2.0NRT,299.64,6.57,D
-13.5393,28.44731,334.31,0.52,0.67,2026-10-03,1106,N,VIIRS,n,2.0NRT,297.6,4.54,D
-13.52811,27.52014,367,0.59,0.7,2026-10-03,1106,N,VIIRS,h,2.0NRT,299.22,15.87,D
-13.52602,27.52213,367,0.59,0.7,2026-10-03,1106,N,VIIRS,h,2.0NRT,301.1,39,D
-13.52155,27.51947,367,0.59,0.7,2026-10-03,1106,N,VIIRS,h,2.0NRT,295.59,9.79,D
-13.52093,27.52496,332.39,0.59,0.7,2026-10-03,1106,N,VIIRS,n,2.0NRT,295.84,11.38,D
-13.50685,27.82757,340.55,0.57,0.69,2026-10-03,1106,N,VIIRS,n,2.0NRT,304.96,9.55,D
-13.50626,27.83302,356.49,0.57,0.69,2026-10-03,1106,N,VIIRS,n,2.0NRT,305.75,21.1,D
-13.4745,27.70542,331.9,0.58,0.69,2026-10-03,1106,N,VIIRS,n,2.0NRT,299.46,2.43,D
-13.4691,27.19834,333.13,0.62,0.72,2026-10-03,1106,N,VIIRS,n,2.0NRT,297.06,4.25,D
-13.46528,27.19864,340.28,0.62,0.72,2026-10-03,1106,N,VIIRS,n,2.0NRT,296.27,6.98,D
-13.4604,27.89769,333.85,0.56,0.69,2026-10-03,1106,N,VIIRS,n,2.0NRT,299.2,7.62,D
-13.45938,27.90035,367,0.56,0.69,2026-10-03,1106,N,VIIRS,h,2.0NRT,299.92,8.28,D
-13.41061,28.04893,332.31,0.55,0.68,2026-10-03,1106,N,VIIRS,n,2.0NRT,302.07,5.06,D
-13.41,26.69263,339.33,0.67,0.74,2026-10-03,1106,N,VIIRS,n,2.0NRT,299.06,8.6,D
-13.40426,28.04823,339.41,0.55,0.68,2026-10-03,1106,N,VIIRS,n,2.0NRT,302.05,5.06,D
-13.39515,27.52887,367,0.59,0.7,2026-10-03,1106,N,VIIRS,h,2.0NRT,299.44,14.89,D
-13.39449,27.52848,367,0.59,0.7,2026-10-03,1106,N,VIIRS,h,2.0NRT,299.07,10.67,D
-13.36873,28.13881,347.92,0.54,0.68,2026-10-03,1106,N,VIIRS,n,2.0NRT,301.31,6.8,D
-13.34858,25.81564,350.82,0.77,0.77,2026-10-03,1106,N,VIIRS,n,2.0NRT,295.84,10.91,D
-13.34347,25.81613,334.04,0.77,0.77,2026-10-03,1106,N,VIIRS,n,2.0NRT,294.72,12.45,D
-13.28217,26.71797,330.58,0.67,0.73,2026-10-03,1106,N,VIIRS,n,2.0NRT,295.19,2.37,D
-13.27596,26.71087,348.25,0.67,0.73,2026-10-03,1106,N,VIIRS,n,2.0NRT,296.55,15.27,D
-13.27533,26.70891,344.43,0.67,0.73,2026-10-03,1106,N,VIIRS,n,2.0NRT,295.96,12.1,D
-13.27462,26.71544,335.33,0.67,0.73,2026-10-03,1106,N,VIIRS,n,2.0NRT,294.83,14.43,D
-13.15979,28.35502,337.44,0.52,0.67,2026-10-03,1106,N,VIIRS,n,2.0NRT,299.88,4.84,D
-13.13226,28.48929,332.12,0.51,0.66,2026-10-03,1106,N,VIIRS,n,2.0NRT,300.58,3.82,D
-13.12556,25.98961,332.14,0.74,0.76,2026-10-03,1106,N,VIIRS,n,2.0NRT,298.25,6.35,D
-13.12554,27.65164,338.45,0.58,0.69,2026-10-03,1106,N,VIIRS,n,2.0NRT,299.89,10.36,D
-13.12495,27.65705,356.86,0.58,0.69,2026-10-03,1106,N,VIIRS,n,2.0NRT,301.93,10.36,D
-13.11531,27.86318,330.45,0.56,0.69,2026-10-03,1106,N,VIIRS,n,2.0NRT,297.19,2.1,D
-13.08256,28.37165,338.29,0.52,0.67,2026-10-03,1106,N,VIIRS,n,2.0NRT,299.39,7.7,D
-13.04001,28.80311,338.72,0.48,0.65,2026-10-03,1106,N,VIIRS,n,2.0NRT,286.8,4.29,D
-13.03944,26.82614,341.13,0.65,0.73,2026-10-03,1106,N,VIIRS,n,2.0NRT,296.91,8.58,D
-13.03333,27.77604,337.78,0.56,0.69,2026-10-03,1106,N,VIIRS,n,2.0NRT,297.38,4.75,D
-12.96072,28.19597,337.63,0.53,0.67,2026-10-03,1106,N,VIIRS,n,2.0NRT,297.52,5.06,D
-12.95657,33.32969,342.43,0.48,0.48,2026-10-03,1106,N,VIIRS,n,2.0NRT,291.49,9.43,D
-12.7955,28.33463,341.62,0.51,0.66,2026-10-03,1106,N,VIIRS,n,2.0NRT,294.13,2.64,D
-12.75697,27.72816,349.3,0.56,0.69,2026-10-03,1106,N,VIIRS,n,2.0NRT,293.63,11.5,D
-12.75643,27.73318,340.15,0.56,0.69,2026-10-03,1106,N,VIIRS,n,2.0NRT,293.03,14.53,D
-12.88614,25.90587,336.23,0.75,0.77,2026-10-03,1108,N,VIIRS,n,2.0NRT,296.41,7.12,D
-12.88539,25.91309,333.12,0.75,0.77,2026-10-03,1108,N,VIIRS,n,2.0NRT,298.18,9.74,D
-12.76171,27.73103,367,0.56,0.69,2026-10-03,1108,N,VIIRS,h,2.0NRT,299.16,17.07,D
-12.74591,27.03657,330.68,0.63,0.72,2026-10-03,1108,N,VIIRS,n,2.0NRT,295.54,10,D
-12.7436,27.03348,345.66,0.63,0.72,2026-10-03,1108,N,VIIRS,n,2.0NRT,296.33,7.93,D
-12.73369,26.89497,339.23,0.64,0.72,2026-10-03,1108,N,VIIRS,n,2.0NRT,292.68,12.53,D
-12.73155,26.89858,351.71,0.64,0.72,2026-10-03,1108,N,VIIRS,n,2.0NRT,294.77,10.79,D
-12.69077,27.95608,340.39,0.54,0.68,2026-10-03,1108,N,VIIRS,n,2.0NRT,296.59,5.52,D
-12.63431,27.10462,351.45,0.62,0.71,2026-10-03,1108,N,VIIRS,n,2.0NRT,296.07,13.97,D
-12.63045,27.10209,345.35,0.62,0.71,2026-10-03,1108,N,VIIRS,n,2.0NRT,294.88,9.25,D
-12.58976,26.73214,335.25,0.65,0.73,2026-10-03,1108,N,VIIRS,n,2.0NRT,295.11,6.67,D
-12.58564,27.08065,332.26,0.62,0.71,2026-10-03,1108,N,VIIRS,n,2.0NRT,293.55,3.88,D
-12.58362,26.72523,367,0.65,0.73,2026-10-03,1108,N,VIIRS,h,2.0NRT,296.12,19.7,D
-12.57681,26.72445,347.57,0.65,0.73,2026-10-03,1108,N,VIIRS,n,2.0NRT,293.86,19.7,D
-12.57587,26.72491,341,0.65,0.73,2026-10-03,1108,N,VIIRS,n,2.0NRT,293.13,4.24,D
-12.50825,26.26846,334.57,0.7,0.75,2026-10-03,1108,N,VIIRS,n,2.0NRT,294.16,5.91,D
-12.43204,27.34138,340.13,0.59,0.7,2026-10-03,1108,N,VIIRS,n,2.0NRT,294.31,15.2,D
-12.43143,27.34689,367,0.59,0.7,2026-10-03,1108,N,VIIRS,h,2.0NRT,297.02,27.67,D
-12.37498,27.6177,330.47,0.57,0.69,2026-10-03,1108,N,VIIRS,n,2.0NRT,297.67,7.86,D
-12.36539,26.74422,341.59,0.65,0.73,2026-10-03,1108,N,VIIRS,n,2.0NRT,294.39,11.22,D
-12.22435,27.14162,355.99,0.61,0.71,2026-10-03,1108,N,VIIRS,n,2.0NRT,293.46,18.08,D
-12.22372,27.14731,330.12,0.61,0.71,2026-10-03,1108,N,VIIRS,n,2.0NRT,292.54,17.92,D
-12.21712,27.14646,346.14,0.61,0.71,2026-10-03,1108,N,VIIRS,n,2.0NRT,292.97,17.92,D
-12.21649,27.15215,367,0.61,0.71,2026-10-03,1108,N,VIIRS,h,2.0NRT,295.44,17.92,D
-12.16645,27.25299,338.55,0.6,0.7,2026-10-03,1108,N,VIIRS,n,2.0NRT,294.01,4.92,D
-12.1177,27.06009,331.08,0.61,0.71,2026-10-03,1108,N,VIIRS,n,2.0NRT,293.03,7.01,D
-12.11432,27.06251,340.35,0.61,0.71,2026-10-03,1108,N,VIIRS,n,2.0NRT,293.67,4.72,D
-12.11045,27.09771,367,0.61,0.71,2026-10-03,1108,N,VIIRS,h,2.0NRT,294.38,17.2,D
-12.10697,27.09446,337.11,0.61,0.71,2026-10-03,1108,N,VIIRS,n,2.0NRT,292.22,12.54,D
-12.10628,27.10039,367,0.61,0.71,2026-10-03,1108,N,VIIRS,h,2.0NRT,294.78,12.54,D
-12.08593,25.44882,330.21,0.78,0.78,2026-10-03,1108,N,VIIRS,n,2.0NRT,295.11,7.47,D
-12.07561,26.39348,332.53,0.68,0.74,2026-10-03,1108,N,VIIRS,n,2.0NRT,297.71,5.04,D
-12.07546,26.39792,334.92,0.68,0.74,2026-10-03,1108,N,VIIRS,n,2.0NRT,297.92,7.86,D
-12.05318,25.68983,367,0.75,0.77,2026-10-03,1108,N,VIIRS,h,2.0NRT,296.17,24.1,D
-12.05126,25.68813,367,0.75,0.77,2026-10-03,1108,N,VIIRS,h,2.0NRT,295.18,25.54,D
-12.0243,27.11416,336.89,0.61,0.71,2026-10-03,1108,N,VIIRS,n,2.0NRT,291.31,3.77,D
-11.94984,27.99506,333.98,0.53,0.67,2026-10-03,1108,N,VIIRS,n,2.0NRT,292.13,2.51,D
-11.93575,27.08332,333.34,0.61,0.71,2026-10-03,1108,N,VIIRS,n,2.0NRT,290.58,3.37,D
-11.90822,26.82269,341.11,0.63,0.72,2026-10-03,1108,N,VIIRS,n,2.0NRT,282.42,5.03,D
-11.88818,26.69904,353.46,0.64,0.72,2026-10-03,1108,N,VIIRS,n,2.0NRT,293.02,12.62,D
-11.87263,26.77636,355.33,0.64,0.72,2026-10-03,1108,N,VIIRS,n,2.0NRT,299.01,46.92,D
-11.83817,27.36884,331.94,0.58,0.7,2026-10-03,1108,N,VIIRS,n,2.0NRT,298.32,6.27,D
-11.81404,28.47076,352.73,0.49,0.65,2026-10-03,1108,N,VIIRS,n,2.0NRT,291.54,11.6,D
-11.81271,28.47009,350.67,0.49,0.65,2026-10-03,1108,N,VIIRS,n,2.0NRT,290.73,8.67,D
-11.73632,25.63523,333.56,0.75,0.77,2026-10-03,1108,N,VIIRS,n,2.0NRT,293.22,9.01,D
-11.56017,28.19908,347.81,0.51,0.66,2026-10-03,1108,N,VIIRS,n,2.0NRT,292.2,7.9,D
-11.55938,28.19736,336.41,0.51,0.66,2026-10-03,1108,N,VIIRS,n,2.0NRT,291.11,3.51,D
-11.55074,27.85831,350.29,0.53,0.67,2026-10-03,1108,N,VIIRS,n,2.0NRT,293.57,8.1,D
-11.46598,28.56853,335.11,0.48,0.64,2026-10-03,1108,N,VIIRS,n,2.0NRT,287.7,3.7,D
-11.45845,27.46759,340.54,0.57,0.69,2026-10-03,1108,N,VIIRS,n,2.0NRT,291.38,8.41,D
-11.45508,27.97246,332.04,0.52,0.67,2026-10-03,1108,N,VIIRS,n,2.0NRT,293.06,4.05,D
-11.44142,28.15051,350.86,0.51,0.66,2026-10-03,1108,N,VIIRS,n,2.0NRT,289.24,8.36,D
-11.44098,28.1515,367,0.51,0.66,2026-10-03,1108,N,VIIRS,h,2.0NRT,290.41,9.85,D
-11.43209,30.16704,330.78,0.37,0.58,2026-10-03,1108,N,VIIRS,n,2.0NRT,293.52,4.78,D
-11.38318,30.90341,344.01,0.33,0.55,2026-10-03,1108,N,VIIRS,n,2.0NRT,292.35,4.94,D
-11.37322,30.85825,355.53,0.33,0.56,2026-10-03,1108,N,VIIRS,n,2.0NRT,293.57,5.89,D
-11.35496,31.00281,348.06,0.33,0.55,2026-10-03,1108,N,VIIRS,n,2.0NRT,294.87,4.07,D
-11.3487,27.39813,367,0.57,0.69,2026-10-03,1108,N,VIIRS,h,2.0NRT,296.52,22.83,D
-11.34337,31.05357,342.61,0.32,0.55,2026-10-03,1108,N,VIIRS,n,2.0NRT,286.61,2.04,D
-11.32172,31.02003,355.6,0.32,0.55,2026-10-03,1108,N,VIIRS,n,2.0NRT,291.18,10,D
-11.32135,31.02305,367,0.32,0.55,2026-10-03,1108,N,VIIRS,h,2.0NRT,294.22,16.32,D
-11.29644,30.82768,367,0.33,0.56,2026-10-03,1108,N,VIIRS,h,2.0NRT,298.62,14.24,D
-11.29128,30.82705,367,0.33,0.56,2026-10-03,1108,N,VIIRS,h,2.0NRT,293.72,12.43,D
-11.23961,29.26868,344.63,0.43,0.62,2026-10-03,1108,N,VIIRS,n,2.0NRT,290.2,7.04,D
-11.21023,29.36844,345.27,0.42,0.61,2026-10-03,1108,N,VIIRS,n,2.0NRT,292.17,5.53,D
-11.2033,31.54833,342.17,0.6,0.53,2026-10-03,1108,N,VIIRS,n,2.0NRT,295.39,14.16,D
-11.20259,31.55371,342.96,0.6,0.53,2026-10-03,1108,N,VIIRS,n,2.0NRT,290.35,14.16,D
-11.19769,31.5531,330.25,0.6,0.53,2026-10-03,1108,N,VIIRS,n,2.0NRT,292.99,6.56,D
-11.19252,31.6687,333.7,0.59,0.52,2026-10-03,1108,N,VIIRS,n,2.0NRT,289.35,7.47,D
-11.18763,31.66828,341.24,0.59,0.52,2026-10-03,1108,N,VIIRS,n,2.0NRT,290.4,7.47,D
-11.1691,32.00014,334.8,0.56,0.51,2026-10-03,1108,N,VIIRS,n,2.0NRT,285.72,5.19,D
-11.16433,31.9996,331.51,0.56,0.51,2026-10-03,1108,N,VIIRS,n,2.0NRT,285.68,5.19,D
-11.1632,27.68143,331.82,0.54,0.68,2026-10-03,1108,N,VIIRS,n,2.0NRT,290.6,4.28,D
-11.16053,27.66869,333.15,0.54,0.68,2026-10-03,1108,N,VIIRS,n,2.0NRT,292.81,7.14,D
-11.15807,27.67073,340.59,0.54,0.68,2026-10-03,1108,N,VIIRS,n,2.0NRT,292.03,10.18,D
-11.14038,31.41356,342.77,0.61,0.53,2026-10-03,1108,N,VIIRS,n,2.0NRT,295.49,12.99,D
-11.14013,33.4984,336.9,0.44,0.46,2026-10-03,1108,N,VIIRS,n,2.0NRT,299.07,2.7,D
-11.13996,30.17135,345.63,0.37,0.58,2026-10-03,1108,N,VIIRS,n,2.0NRT,290.74,4.84,D
-11.13995,31.41137,333.21,0.61,0.53,2026-10-03,1108,N,VIIRS,n,2.0NRT,295.55,5.94,D
-11.13953,30.17478,340.35,0.37,0.58,2026-10-03,1108,N,VIIRS,n,2.0NRT,288.96,4.93,D
-11.13921,31.41696,331.37,0.61,0.53,2026-10-03,1108,N,VIIRS,n,2.0NRT,291.74,5.69,D
-11.13911,30.17821,336,0.37,0.58,2026-10-03,1108,N,VIIRS,n,2.0NRT,291.66,4.93,D
-11.1319,31.40086,353.34,0.61,0.53,2026-10-03,1108,N,VIIRS,n,2.0NRT,295.18,16.8,D
-11.13156,31.39867,340.93,0.61,0.53,2026-10-03,1108,N,VIIRS,n,2.0NRT,294.25,9.08,D
-11.12564,27.72822,347.71,0.54,0.68,2026-10-03,1108,N,VIIRS,n,2.0NRT,291.48,9.45,D
-11.1217,30.18644,338.78,0.37,0.58,2026-10-03,1108,N,VIIRS,n,2.0NRT,295.27,3.84,D
-11.12031,29.13258,342.59,0.43,0.62,2026-10-03,1108,N,VIIRS,n,2.0NRT,293.24,5.82,D
-11.11933,27.72752,333.21,0.54,0.68,2026-10-03,1108,N,VIIRS,n,2.0NRT,290.4,6.9,D
-11.11558,29.1321,341.6,0.43,0.62,2026-10-03,1108,N,VIIRS,n,2.0NRT,287.91,4.13,D
-11.11358,30.94009,330.39,0.33,0.55,2026-10-03,1108,N,VIIRS,n,2.0NRT,295.3,1.43,D
-11.11053,30.18852,335.31,0.37,0.58,2026-10-03,1108,N,VIIRS,n,2.0NRT,293.94,3.99,D
-11.10901,31.62544,335.25,0.59,0.53,2026-10-03,1108,N,VIIRS,n,2.0NRT,297.19,11.77,D
-11.10697,31.62304,330.16,0.59,0.53,2026-10-03,1108,N,VIIRS,n,2.0NRT,296.69,9.67,D
-11.10627,31.62833,342.45,0.59,0.53,2026-10-03,1108,N,VIIRS,n,2.0NRT,298.9,16.68,D
-11.10411,31.62501,345.38,0.59,0.53,2026-10-03,1108,N,VIIRS,n,2.0NRT,297.37,11.77,D
-11.10345,31.6303,335.18,0.59,0.53,2026-10-03,1108,N,VIIRS,n,2.0NRT,297.1,11.77,D
-11.10137,31.62789,342.79,0.59,0.53,2026-10-03,1108,N,VIIRS,n,2.0NRT,297.91,9.36,D
-11.08351,29.09915,332.88,0.43,0.62,2026-10-03,1108,N,VIIRS,n,2.0NRT,293.97,6.03,D
-11.08264,31.07306,333.25,0.32,0.55,2026-10-03,1108,N,VIIRS,n,2.0NRT,293.09,2.53,D
-11.07642,30.7602,347.16,0.34,0.56,2026-10-03,1108,N,VIIRS,n,2.0NRT,293.81,4.6,D
-11.0492,31.98499,345.14,0.55,0.51,2026-10-03,1108,N,VIIRS,n,2.0NRT,290.93,14.66,D
-10.99553,29.19932,343.53,0.43,0.62,2026-10-03,1108,N,VIIRS,n,2.0NRT,285.69,5.55,D
-10.99504,29.20342,346.2,0.43,0.62,2026-10-03,1108,N,VIIRS,n,2.0NRT,288.86,5.55,D
-10.99465,29.1994,334.01,0.43,0.62,2026-10-03,1108,N,VIIRS,n,2.0NRT,287.02,2.74,D
-10.99413,29.20349,334.83,0.43,0.62,2026-10-03,1108,N,VIIRS,n,2.0NRT,288.13,2.74,D
-10.98493,29.04334,355.93,0.44,0.62,2026-10-03,1108,N,VIIRS,n,2.0NRT,298,24.79,D
-10.97916,29.04249,367,0.44,0.62,2026-10-03,1108,N,VIIRS,h,2.0NRT,291.22,24.79,D
-10.97752,30.12105,331.32,0.37,0.58,2026-10-03,1108,N,VIIRS,n,2.0NRT,293.9,3.26,D
-10.97425,30.68823,356.4,0.34,0.56,2026-10-03,1108,N,VIIRS,n,2.0NRT,295.79,12.02,D
-10.97385,30.69136,345.77,0.34,0.56,2026-10-03,1108,N,VIIRS,n,2.0NRT,294.46,12.77,D
-10.94853,31.48297,349.8,0.6,0.53,2026-10-03,1108,N,VIIRS,n,2.0NRT,295.41,17.12,D
-10.93071,29.56969,330.21,0.4,0.6,2026-10-03,1108,N,VIIRS,n,2.0NRT,292.63,2.32,D
-10.92957,29.39651,367,0.41,0.61,2026-10-03,1108,N,VIIRS,h,2.0NRT,291.76,11.17,D
-10.90046,29.58497,335.47,0.4,0.6,2026-10-03,1108,N,VIIRS,n,2.0NRT,289.46,4.56,D
-10.86094,27.23567,367,0.58,0.69,2026-10-03,1108,N,VIIRS,h,2.0NRT,292.8,18.7,D
-10.85142,27.78155,367,0.53,0.67,2026-10-03,1108,N,VIIRS,h,2.0NRT,292.09,11.52,D
-10.84798,27.5635,331.07,0.55,0.68,2026-10-03,1108,N,VIIRS,n,2.0NRT,289.25,13.78,D
-10.84751,27.77819,348.58,0.53,0.67,2026-10-03,1108,N,VIIRS,n,2.0NRT,289.27,9.71,D
-10.84739,27.56848,367,0.55,0.68,2026-10-03,1108,N,VIIRS,h,2.0NRT,292.19,30.49,D
-10.84694,27.78284,348.07,0.53,0.67,2026-10-03,1108,N,VIIRS,n,2.0NRT,287.08,14.07,D
-10.84584,28.97531,344.38,0.44,0.62,2026-10-03,1108,N,VIIRS,n,2.0NRT,292.83,4.68,D
-10.84516,27.78082,331.83,0.53,0.67,2026-10-03,1108,N,VIIRS,n,2.0NRT,286.26,11.52,D
-10.8356,28.77966,352.59,0.45,0.63,2026-10-03,1108,N,VIIRS,n,2.0NRT,293.16,4.16,D
-10.83383,28.77873,331.66,0.45,0.63,2026-10-03,1108,N,VIIRS,n,2.0NRT,293.41,2.93,D
-10.83256,28.46353,335.73,0.48,0.64,2026-10-03,1108,N,VIIRS,n,2.0NRT,287.17,7.98,D
-10.83203,28.46793,367,0.48,0.64,2026-10-03,1108,N,VIIRS,h,2.0NRT,293.06,7.98,D
-10.82412,30.19417,367,0.36,0.58,2026-10-03,1108,N,VIIRS,h,2.0NRT,294.82,13.02,D
-10.82369,30.19759,355.04,0.36,0.58,2026-10-03,1108,N,VIIRS,n,2.0NRT,292.17,13.02,D
-10.79621,28.71198,367,0.46,0.63,2026-10-03,1108,N,VIIRS,h,2.0NRT,293.46,9.59,D
-10.78163,30.57076,334.56,0.34,0.56,2026-10-03,1108,N,VIIRS,n,2.0NRT,294.31,3.4,D
-10.78123,30.57393,330.53,0.34,0.56,2026-10-03,1108,N,VIIRS,n,2.0NRT,292.85,3.82,D
-10.74927,29.39211,340.16,0.41,0.61,2026-10-03,1108,N,VIIRS,n,2.0NRT,293.61,4.56,D
-10.74669,29.39174,339.79,0.41,0.61,2026-10-03,1108,N,VIIRS,n,2.0NRT,292.91,4.44,D
-10.72216,31.69931,343.48,0.57,0.52,2026-10-03,1108,N,VIIRS,n,2.0NRT,293.14,18.15,D
-10.72147,31.70464,349.45,0.57,0.52,2026-10-03,1108,N,VIIRS,n,2.0NRT,300.76,39.94,D
-10.71947,33.46883,344.77,0.44,0.46,2026-10-03,1108,N,VIIRS,n,2.0NRT,302.91,10.98,D
-10.71194,33.61877,340.81,0.43,0.46,2026-10-03,1108,N,VIIRS,n,2.0NRT,295.67,9.81,D
-10.70293,33.46259,367,0.44,0.46,2026-10-03,1108,N,VIIRS,h,2.0NRT,301.71,13.2,D
-10.69956,31.76064,340.53,0.57,0.52,2026-10-03,1108,N,VIIRS,n,2.0NRT,295.29,4.38,D
-10.64268,26.66846,352.94,0.62,0.72,2026-10-03,1108,N,VIIRS,n,2.0NRT,292.78,9.18,D
-10.63978,26.66843,346.14,0.62,0.72,2026-10-03,1108,N,VIIRS,n,2.0NRT,291.65,8.23,D
-10.63908,33.5845,333.74,0.43,0.46,2026-10-03,1108,N,VIIRS,n,2.0NRT,299.97,5.47,D
-10.62554,29.77395,339.73,0.39,0.59,2026-10-03,1108,N,VIIRS,n,2.0NRT,293.61,6.29,D
-10.6251,29.77754,352.13,0.39,0.59,2026-10-03,1108,N,VIIRS,n,2.0NRT,295.57,6.29,D
-10.62423,29.78465,331.45,0.39,0.59,2026-10-03,1108,N,VIIRS,n,2.0NRT,291.9,8,D
-10.6173,28.24321,337.9,0.49,0.65,2026-10-03,1108,N,VIIRS,n,2.0NRT,290.84,4.24,D
-10.60314,26.63425,346.67,0.63,0.72,2026-10-03,1108,N,VIIRS,n,2.0NRT,291.48,9.58,D
-10.59005,30.19218,367,0.36,0.57,2026-10-03,1108,N,VIIRS,h,2.0NRT,290.83,9.06,D
-10.58784,30.25273,367,0.36,0.57,2026-10-03,1108,N,VIIRS,h,2.0NRT,293.69,8.72,D
-10.58367,33.35975,334.78,0.44,0.46,2026-10-03,1108,N,VIIRS,n,2.0NRT,290.68,9.45,D
-10.58133,30.04341,334.19,0.37,0.58,2026-10-03,1108,N,VIIRS,n,2.0NRT,290.13,2.49,D
-10.56811,26.83438,337.88,0.61,0.71,2026-10-03,1108,N,VIIRS,n,2.0NRT,293.01,2.54,D
-10.56065,25.36827,335.57,0.76,0.77,2026-10-03,1108,N,VIIRS,n,2.0NRT,291.74,5.83,D
-10.55623,30.50266,345.8,0.34,0.56,2026-10-03,1108,N,VIIRS,n,2.0NRT,289.18,3.35,D
-10.54893,32.87835,341.47,0.48,0.48,2026-10-03,1108,N,VIIRS,n,2.0NRT,297.6,1.79,D
-10.53928,33.01876,333.13,0.47,0.47,2026-10-03,1108,N,VIIRS,n,2.0NRT,297.23,3.33,D
-10.51836,33.30613,331.8,0.45,0.47,2026-10-03,1108,N,VIIRS,n,2.0NRT,297.07,2.54,D
-10.51626,33.28924,344.38,0.45,0.47,2026-10-03,1108,N,VIIRS,n,2.0NRT,296.98,3.51,D
-10.51548,28.31023,336.33,0.48,0.65,2026-10-03,1108,N,VIIRS,n,2.0NRT,292.4,3.94,D
-10.51282,25.78475,348.79,0.71,0.75,2026-10-03,1108,N,VIIRS,n,2.0NRT,291.09,13.72,D
-10.51208,26.4378,367,0.64,0.72,2026-10-03,1108,N,VIIRS,h,2.0NRT,294.4,26.46,D
-10.50945,28.30953,340.44,0.48,0.65,2026-10-03,1108,N,VIIRS,n,2.0NRT,291.77,4.63,D
-10.50661,26.43984,367,0.64,0.72,2026-10-03,1108,N,VIIRS,h,2.0NRT,293.83,30.09,D
-10.50336,30.03286,334.45,0.37,0.58,2026-10-03,1108,N,VIIRS,n,2.0NRT,295.86,7.51,D
-10.49624,32.77852,343.57,0.48,0.48,2026-10-03,1108,N,VIIRS,n,2.0NRT,297.44,5.34,D
-10.49423,31.45005,331.83,0.59,0.53,2026-10-03,1108,N,VIIRS,n,2.0NRT,296.34,7.2,D
-10.47914,29.96306,339.11,0.37,0.58,2026-10-03,1108,N,VIIRS,n,2.0NRT,294.87,3.33,D
-10.47842,27.45485,334.78,0.55,0.68,2026-10-03,1108,N,VIIRS,n,2.0NRT,293.22,5.75,D
-10.47779,29.96161,348.38,0.37,0.58,2026-10-03,1108,N,VIIRS,n,2.0NRT,295.4,5.93,D
-10.47493,27.45188,340.6,0.55,0.68,2026-10-03,1108,N,VIIRS,n,2.0NRT,293.7,9.48,D
-10.47433,27.45702,345.11,0.55,0.68,2026-10-03,1108,N,VIIRS,n,2.0NRT,294.14,11.6,D
-10.47207,27.45405,353.12,0.55,0.68,2026-10-03,1108,N,VIIRS,n,2.0NRT,294.5,5.75,D
-10.46777,33.25797,330.05,0.45,0.47,2026-10-03,1108,N,VIIRS,l,2.0NRT,301.31,4.72,D
-10.46721,33.26229,338.5,0.45,0.47,2026-10-03,1108,N,VIIRS,n,2.0NRT,301.44,6.1,D
-10.46621,33.25839,340.71,0.45,0.47,2026-10-03,1108,N,VIIRS,n,2.0NRT,301.7,4.85,D
-10.45225,33.23219,344.69,0.45,0.47,2026-10-03,1108,N,VIIRS,n,2.0NRT,295.91,6.79,D
-10.43542,29.45564,333.19,0.4,0.6,2026-10-03,1108,N,VIIRS,n,2.0NRT,292.29,4.38,D
-10.41453,30.11303,330.56,0.36,0.58,2026-10-03,1108,N,VIIRS,n,2.0NRT,289.2,3.1,D
-10.4141,30.11639,353.06,0.36,0.58,2026-10-03,1108,N,VIIRS,n,2.0NRT,293.69,3.1,D
-10.40997,33.44446,344.23,0.44,0.46,2026-10-03,1108,N,VIIRS,n,2.0NRT,299.23,11.92,D
-10.40917,30.1125,331.61,0.36,0.58,2026-10-03,1108,N,VIIRS,n,2.0NRT,291.07,3.1,D
-10.38973,25.29332,331.47,0.76,0.77,2026-10-03,1108,N,VIIRS,n,2.0NRT,290.85,10.42,D
-10.37644,27.39023,367,0.55,0.68,2026-10-03,1108,N,VIIRS,h,2.0NRT,296.54,26.63,D
-10.37584,27.3954,330.01,0.55,0.68,2026-10-03,1108,N,VIIRS,n,2.0NRT,295.77,14.54,D
-10.37547,27.38667,367,0.55,0.68,2026-10-03,1108,N,VIIRS,h,2.0NRT,296.9,16.19,D
-10.37483,27.39181,367,0.55,0.68,2026-10-03,1108,N,VIIRS,h,2.0NRT,296.48,16.19,D
-10.37192,33.56492,336.22,0.43,0.46,2026-10-03,1108,N,VIIRS,n,2.0NRT,296.43,3.33,D
-10.36419,33.49485,341.85,0.43,0.46,2026-10-03,1108,N,VIIRS,n,2.0NRT,296.29,8.05,D
-10.30926,30.76906,353.21,0.33,0.55,2026-10-03,1108,N,VIIRS,n,2.0NRT,291.79,11.32,D
-10.30415,30.76844,367,0.33,0.55,2026-10-03,1108,N,VIIRS,h,2.0NRT,293.29,11.32,D
-10.301,33.13191,341.36,0.45,0.47,2026-10-03,1108,N,VIIRS,n,2.0NRT,298.99,11.69,D
-10.2932,33.51102,336.75,0.43,0.46,2026-10-03,1108,N,VIIRS,n,2.0NRT,301.82,4.48,D
-10.28855,30.30497,367,0.35,0.57,2026-10-03,1108,N,VIIRS,h,2.0NRT,295.59,6.56,D
-10.27287,32.67734,331.05,0.49,0.48,2026-10-03,1108,N,VIIRS,n,2.0NRT,299.22,2.81,D
-10.27089,32.79342,341.82,0.48,0.48,2026-10-03,1108,N,VIIRS,n,2.0NRT,296.62,9.51,D
-10.26898,32.67231,330.27,0.49,0.48,2026-10-03,1108,N,VIIRS,n,2.0NRT,298.76,2.83,D
-10.2666,29.00455,352.06,0.43,0.62,2026-10-03,1108,N,VIIRS,n,2.0NRT,293.7,5.32,D
-10.26522,29.00476,352.73,0.43,0.62,2026-10-03,1108,N,VIIRS,n,2.0NRT,293.03,6.36,D
-10.25905,31.2358,340.04,0.61,0.53,2026-10-03,1108,N,VIIRS,n,2.0NRT,296.13,10.34,D
-10.25856,32.71638,330.62,0.48,0.48,2026-10-03,1108,N,VIIRS,n,2.0NRT,299.64,5.85,D
-10.25023,32.71069,347.64,0.48,0.48,2026-10-03,1108,N,VIIRS,n,2.0NRT,299.57,5.74,D
-10.24337,32.72815,346.46,0.48,0.48,2026-10-03,1108,N,VIIRS,n,2.0NRT,297.66,6.07,D
-10.2372,28.46268,331.35,0.47,0.64,2026-10-03,1108,N,VIIRS,n,2.0NRT,291.56,3.06,D
-10.23668,28.46703,333.52,0.47,0.64,2026-10-03,1108,N,VIIRS,n,2.0NRT,292.11,5.93,D
-10.23452,28.46265,345.04,0.47,0.64,2026-10-03,1108,N,VIIRS,n,2.0NRT,294.9,3.91,D
-10.2217,32.66543,344.25,0.49,0.48,2026-10-03,1108,N,VIIRS,n,2.0NRT,296.59,10.48,D
-10.19884,31.50738,331.13,0.58,0.52,2026-10-03,1108,N,VIIRS,n,2.0NRT,297.52,5.84,D
-10.17264,28.81017,367,0.44,0.63,2026-10-03,1108,N,VIIRS,h,2.0NRT,293.66,15.57,D
-10.14379,30.68276,367,0.33,0.55,2026-10-03,1108,N,VIIRS,h,2.0NRT,296.99,6.2,D
-10.14339,30.68587,339.19,0.33,0.55,2026-10-03,1108,N,VIIRS,n,2.0NRT,296.65,6.2,D
-10.13959,31.51808,353.55,0.58,0.52,2026-10-03,1108,N,VIIRS,n,2.0NRT,300.35,25.36,D
-10.13615,31.50689,343.25,0.58,0.52,2026-10-03,1108,N,VIIRS,n,2.0NRT,297.04,8.52,D
-10.12098,32.84123,343.13,0.47,0.48,2026-10-03,1108,N,VIIRS,n,2.0NRT,299.92,7.48,D
-10.11382,31.2208,341.67,0.61,0.53,2026-10-03,1108,N,VIIRS,n,2.0NRT,294.02,7.88,D
-10.11305,31.2196,341.12,0.61,0.53,2026-10-03,1108,N,VIIRS,n,2.0NRT,293.96,17.15,D
-10.08971,32.84723,344.54,0.47,0.48,2026-10-03,1108,N,VIIRS,n,2.0NRT,302.03,8.48,D
-10.07008,30.30708,367,0.35,0.57,2026-10-03,1108,N,VIIRS,h,2.0NRT,300.27,23.08,D
-10.06967,30.31021,339.27,0.35,0.57,2026-10-03,1108,N,VIIRS,n,2.0NRT,298.14,15.33,D
-10.05266,32.09529,334.16,0.53,0.5,2026-10-03,1108,N,VIIRS,n,2.0NRT,293.85,5.37,D
-10.05189,31.30246,341.82,0.6,0.53,2026-10-03,1108,N,VIIRS,n,2.0NRT,299.67,18.6,D
-10.04801,32.09467,330.62,0.53,0.5,2026-10-03,1108,N,VIIRS,n,2.0NRT,294.51,6.76,D
-10.02353,32.7028,333.61,0.48,0.48,2026-10-03,1108,N,VIIRS,n,2.0NRT,299.96,3.62,D
-10.01489,31.90315,332.48,0.54,0.51,2026-10-03,1108,N,VIIRS,n,2.0NRT,295.67,3.9,D
-10.01342,32.71073,331.82,0.48,0.48,2026-10-03,1108,N,VIIRS,n,2.0NRT,300.21,4.42,D
-9.98398,31.98973,340.18,0.54,0.5,2026-10-03,1108,N,VIIRS,n,2.0NRT,298.21,7.12,D
-9.95393,29.33435,367,0.41,0.6,2026-10-03,1108,N,VIIRS,h,2.0NRT,291.79,5.39,D
-9.95031,32.16781,341.86,0.52,0.5,2026-10-03,1108,N,VIIRS,n,2.0NRT,285.67,7.53,D
-9.94966,32.17258,342.5,0.52,0.5,2026-10-03,1108,N,VIIRS,n,2.0NRT,284.51,8.88,D
-9.94698,28.29393,338.01,0.48,0.64,2026-10-03,1108,N,VIIRS,n,2.0NRT,292.01,5.99,D
-9.94463,28.29066,339.03,0.48,0.64,2026-10-03,1108,N,VIIRS,n,2.0NRT,292.93,6.11,D
-9.94371,32.73351,341.2,0.48,0.48,2026-10-03,1108,N,VIIRS,n,2.0NRT,295.55,3.13,D
-9.9141,32.78628,333.84,0.47,0.48,2026-10-03,1108,N,VIIRS,n,2.0NRT,296.85,2.81,D
-9.90254,28.51271,332.12,0.46,0.64,2026-10-03,1108,N,VIIRS,n,2.0NRT,290.95,2.59,D
-9.89465,26.33413,341.59,0.64,0.72,2026-10-03,1108,N,VIIRS,n,2.0NRT,289.86,11.1,D
-9.88375,30.06083,348.96,0.36,0.57,2026-10-03,1108,N,VIIRS,n,2.0NRT,295.26,6.95,D
-9.88332,30.06415,367,0.36,0.57,2026-10-03,1108,N,VIIRS,h,2.0NRT,297.75,11.96,D
-9.88289,30.06746,367,0.36,0.57,2026-10-03,1108,N,VIIRS,h,2.0NRT,298.02,11.96,D
-9.87882,30.05703,333.92,0.36,0.57,2026-10-03,1108,N,VIIRS,n,2.0NRT,295.54,7.37,D
-9.87839,30.06037,367,0.36,0.57,2026-10-03,1108,N,VIIRS,h,2.0NRT,293.79,7.37,D
-9.8776,32.76548,343.12,0.47,0.48,2026-10-03,1108,N,VIIRS,n,2.0NRT,292.11,10.17,D
-9.87754,30.06697,336.36,0.36,0.57,2026-10-03,1108,N,VIIRS,n,2.0NRT,294.26,11.53,D
-9.87427,31.93731,331.85,0.54,0.51,2026-10-03,1108,N,VIIRS,n,2.0NRT,299.96,5.99,D
-9.8736,31.94225,341.74,0.54,0.51,2026-10-03,1108,N,VIIRS,n,2.0NRT,298.28,5.99,D
-9.87097,29.90516,337.92,0.37,0.58,2026-10-03,1108,N,VIIRS,n,2.0NRT,296.67,3.58,D
-9.87055,29.90853,339.58,0.37,0.58,2026-10-03,1108,N,VIIRS,n,2.0NRT,296.9,3.58,D
-9.86263,30.50719,340.19,0.34,0.56,2026-10-03,1108,N,VIIRS,n,2.0NRT,287.89,4.88,D
-9.85745,30.50666,343.01,0.34,0.56,2026-10-03,1108,N,VIIRS,n,2.0NRT,291.05,4.88,D
-9.84571,33.16637,331.71,0.45,0.47,2026-10-03,1108,N,VIIRS,n,2.0NRT,298.15,2.75,D
-9.83285,31.45465,330.6,0.58,0.52,2026-10-03,1108,N,VIIRS,n,2.0NRT,298.4,4.35,D
-9.82603,30.00297,348.29,0.36,0.58,2026-10-03,1108,N,VIIRS,n,2.0NRT,294.4,8.44,D
-9.82322,30.00291,346.53,0.36,0.58,2026-10-03,1108,N,VIIRS,n,2.0NRT,295.86,6.39,D
-9.82232,30.61431,350.02,0.33,0.55,2026-10-03,1108,N,VIIRS,n,2.0NRT,295.21,5.71,D
-9.82193,30.61732,348.51,0.33,0.55,2026-10-03,1108,N,VIIRS,n,2.0NRT,295.61,5.71,D
-9.81785,30.00241,334.27,0.36,0.58,2026-10-03,1108,N,VIIRS,n,2.0NRT,295.03,6.39,D
-9.80505,32.87,347.22,0.47,0.47,2026-10-03,1108,N,VIIRS,n,2.0NRT,295.84,10.24,D
-9.79757,30.27755,337.47,0.35,0.57,2026-10-03,1108,N,VIIRS,n,2.0NRT,297.06,20.01,D
-9.7971,30.27749,367,0.35,0.57,2026-10-03,1108,N,VIIRS,h,2.0NRT,299.04,19.93,D
-9.79669,30.28073,336.09,0.35,0.57,2026-10-03,1108,N,VIIRS,n,2.0NRT,285.16,19.1,D
-9.79488,27.85409,348.96,0.51,0.66,2026-10-03,1108,N,VIIRS,n,2.0NRT,288.14,6.71,D
-9.79452,27.85711,353.13,0.51,0.66,2026-10-03,1108,N,VIIRS,n,2.0NRT,291.77,11.5,D
-9.79432,27.85845,333.08,0.51,0.66,2026-10-03,1108,N,VIIRS,n,2.0NRT,290.8,6.71,D
-9.79235,30.27672,340.38,0.35,0.57,2026-10-03,1108,N,VIIRS,n,2.0NRT,287.88,20.01,D
-9.79192,30.27994,357.83,0.35,0.57,2026-10-03,1108,N,VIIRS,l,2.0NRT,279.68,34.52,D
-9.79188,30.27664,345.59,0.35,0.57,2026-10-03,1108,N,VIIRS,n,2.0NRT,285.68,19.93,D
-9.79147,30.27987,356.84,0.35,0.57,2026-10-03,1108,N,VIIRS,l,2.0NRT,279.94,19.1,D
-9.79125,31.54577,335.24,0.57,0.52,2026-10-03,1108,N,VIIRS,n,2.0NRT,299.68,3.86,D
-9.79056,31.551,330.41,0.57,0.52,2026-10-03,1108,N,VIIRS,n,2.0NRT,299.78,3.86,D
-9.78643,31.54526,334.12,0.57,0.52,2026-10-03,1108,N,VIIRS,n,2.0NRT,297.27,3.86,D
-9.78405,30.01195,342.5,0.36,0.58,2026-10-03,1108,N,VIIRS,n,2.0NRT,297.34,6.16,D
-9.78401,32.9272,339.38,0.46,0.47,2026-10-03,1108,N,VIIRS,n,2.0NRT,299.99,7.83,D
-9.77442,29.25595,339.08,0.41,0.6,2026-10-03,1108,N,VIIRS,n,2.0NRT,292.22,2.99,D
-9.77358,32.9388,331.91,0.46,0.47,2026-10-03,1108,N,VIIRS,n,2.0NRT,300.54,2.41,D
-9.77262,32.93952,343.68,0.46,0.47,2026-10-03,1108,N,VIIRS,n,2.0NRT,301.23,6.21,D
-9.76921,32.93826,335.22,0.46,0.47,2026-10-03,1108,N,VIIRS,n,2.0NRT,298.91,2.41,D
-9.76458,33.03944,356.13,0.45,0.47,2026-10-03,1108,N,VIIRS,n,2.0NRT,300.84,17.26,D
-9.76024,33.03888,355.38,0.45,0.47,2026-10-03,1108,N,VIIRS,n,2.0NRT,298.12,22.19,D
-9.75347,33.12243,348.22,0.45,0.47,2026-10-03,1108,N,VIIRS,n,2.0NRT,302.34,8.2,D
-9.75087,27.80681,351.01,0.51,0.66,2026-10-03,1108,N,VIIRS,n,2.0NRT,289.61,10.84,D
-9.73905,32.89293,353.86,0.46,0.47,2026-10-03,1108,N,VIIRS,n,2.0NRT,297.11,18.65,D
-9.73351,32.90083,334.47,0.46,0.47,2026-10-03,1108,N,VIIRS,n,2.0NRT,293.58,3.58,D
-9.73224,33.19487,330.11,0.44,0.46,2026-10-03,1108,N,VIIRS,l,2.0NRT,300.25,1.79,D
-9.73105,33.07835,333.87,0.45,0.47,2026-10-03,1108,N,VIIRS,n,2.0NRT,299.03,4.41,D
-9.72847,33.12824,343.47,0.45,0.47,2026-10-03,1108,N,VIIRS,n,2.0NRT,301.96,5.96,D
-9.7279,33.13234,332.51,0.45,0.47,2026-10-03,1108,N,VIIRS,n,2.0NRT,298.29,5.09,D
-9.70636,29.22815,356.06,0.41,0.61,2026-10-03,1108,N,VIIRS,n,2.0NRT,291.46,8.06,D
-9.70455,32.98257,332.94,0.46,0.47,2026-10-03,1108,N,VIIRS,n,2.0NRT,299.84,7.4,D
-9.68136,33.65722,348.8,0.41,0.45,2026-10-03,1108,N,VIIRS,n,2.0NRT,298.17,15.79,D
-9.67533,30.48529,353.47,0.34,0.56,2026-10-03,1108,N,VIIRS,n,2.0NRT,288.95,12.83,D
-9.67493,30.48841,367,0.34,0.56,2026-10-03,1108,N,VIIRS,h,2.0NRT,296.31,26.79,D
-9.65926,33.02352,330.6,0.45,0.47,2026-10-03,1108,N,VIIRS,l,2.0NRT,301.09,3.08,D
-9.65676,30.37301,348.2,0.34,0.56,2026-10-03,1108,N,VIIRS,n,2.0NRT,298.32,5.1,D
-9.65528,30.34419,352.47,0.34,0.56,2026-10-03,1108,N,VIIRS,n,2.0NRT,296.48,6.83,D
-9.65193,29.25247,330.83,0.41,0.6,2026-10-03,1108,N,VIIRS,n,2.0NRT,288.56,2.36,D
-9.63434,31.26816,342.08,0.59,0.53,2026-10-03,1108,N,VIIRS,n,2.0NRT,292.98,9.47,D
-9.62112,33.25428,336.34,0.44,0.46,2026-10-03,1108,N,VIIRS,n,2.0NRT,301.06,4.22,D
-9.61964,33.25396,342.88,0.44,0.46,2026-10-03,1108,N,VIIRS,n,2.0NRT,300.42,3.36,D
-9.6067,29.04175,367,0.42,0.61,2026-10-03,1108,N,VIIRS,h,2.0NRT,290.74,22.86,D
-9.56829,33.41481,340.41,0.43,0.46,2026-10-03,1108,N,VIIRS,n,2.0NRT,299.29,3,D
-9.52806,31.62145,337.96,0.56,0.51,2026-10-03,1108,N,VIIRS,n,2.0NRT,297.69,13.11,D
-9.52429,31.61818,341.9,0.56,0.51,2026-10-03,1108,N,VIIRS,n,2.0NRT,298.58,14.56,D
-9.52362,31.62327,342.36,0.56,0.51,2026-10-03,1108,N,VIIRS,n,2.0NRT,298.27,19.44,D
-9.52329,31.62085,367,0.56,0.51,2026-10-03,1108,N,VIIRS,h,2.0NRT,298.22,13.11,D
-9.51667,29.65146,336.82,0.38,0.59,2026-10-03,1108,N,VIIRS,n,2.0NRT,288.46,8.47,D
-9.51622,29.65491,367,0.38,0.59,2026-10-03,1108,N,VIIRS,h,2.0NRT,292.6,8.47,D
-9.50823,30.20863,367,0.35,0.57,2026-10-03,1108,N,VIIRS,h,2.0NRT,295.4,6.68,D
-9.494,31.62249,339.27,0.56,0.51,2026-10-03,1108,N,VIIRS,n,2.0NRT,300.18,19.43,D
-9.49332,31.62747,343.48,0.56,0.51,2026-10-03,1108,N,VIIRS,n,2.0NRT,301.83,19.43,D
-9.48645,32.49366,344.57,0.49,0.48,2026-10-03,1108,N,VIIRS,n,2.0NRT,297.06,7.57,D
-9.46138,29.99343,346.03,0.36,0.57,2026-10-03,1108,N,VIIRS,n,2.0NRT,291.27,7.83,D
-9.4563,32.37929,346.08,0.5,0.49,2026-10-03,1108,N,VIIRS,n,2.0NRT,297.17,8.41,D
-9.41026,30.02663,337.02,0.36,0.57,2026-10-03,1108,N,VIIRS,n,2.0NRT,296.59,3.31,D
-9.40425,30.66713,367,0.32,0.55,2026-10-03,1108,N,VIIRS,h,2.0NRT,295.01,13.32,D
-9.39904,31.90087,355.15,0.53,0.5,2026-10-03,1108,N,VIIRS,n,2.0NRT,299.65,32.55,D
-9.39718,30.68142,336.11,0.32,0.55,2026-10-03,1108,N,VIIRS,n,2.0NRT,291.85,1.65,D
-9.39437,31.90033,334.16,0.53,0.5,2026-10-03,1108,N,VIIRS,n,2.0NRT,294.12,4.45,D
-9.38111,27.88581,347.74,0.5,0.66,2026-10-03,1108,N,VIIRS,n,2.0NRT,289.57,8.38,D
-9.3807,27.88241,335.48,0.5,0.66,2026-10-03,1108,N,VIIRS,n,2.0NRT,289.14,8.8,D
-9.37663,25.99632,332.18,0.67,0.73,2026-10-03,1108,N,VIIRS,n,2.0NRT,290.67,10.59,D
-9.37029,26.0008,345.93,0.67,0.73,2026-10-03,1108,N,VIIRS,n,2.0NRT,291.22,15.4,D
-9.36315,25.70466,353.51,0.7,0.75,2026-10-03,1108,N,VIIRS,n,2.0NRT,290.18,17.24,D
-9.36236,25.71122,349.6,0.7,0.75,2026-10-03,1108,N,VIIRS,n,2.0NRT,289.97,22.39,D
-9.35404,30.61662,331.23,0.33,0.55,2026-10-03,1108,N,VIIRS,n,2.0NRT,289.46,1.57,D
-9.35383,25.78228,329.52,0.69,0.74,2026-10-03,1108,N,VIIRS,n,2.0NRT,291.91,4.63,D
-9.34456,31.86528,330.58,0.54,0.5,2026-10-03,1108,N,VIIRS,n,2.0NRT,299.22,6.84,D
-9.34389,31.9738,345.33,0.53,0.5,2026-10-03,1108,N,VIIRS,n,2.0NRT,299.12,5.88,D
-9.34201,32.05553,337.54,0.52,0.5,2026-10-03,1108,N,VIIRS,n,2.0NRT,298.52,9.14,D
-9.34063,31.99747,330.06,0.52,0.5,2026-10-03,1108,N,VIIRS,n,2.0NRT,295.65,5.47,D
-9.34054,32.05845,336.04,0.52,0.5,2026-10-03,1108,N,VIIRS,n,2.0NRT,299.41,9.34,D
-9.32767,25.06848,337.07,0.77,0.77,2026-10-03,1108,N,VIIRS,n,2.0NRT,290.43,6.57,D
-9.32631,28.03188,335.44,0.49,0.65,2026-10-03,1108,N,VIIRS,n,2.0NRT,290.87,5.65,D
-9.32489,28.0281,367,0.49,0.65,2026-10-03,1108,N,VIIRS,h,2.0NRT,291.49,10.51,D
-9.31632,32.34822,330.3,0.5,0.49,2026-10-03,1108,N,VIIRS,n,2.0NRT,298.6,2.56,D
-9.31538,32.38989,337.35,0.49,0.49,2026-10-03,1108,N,VIIRS,n,2.0NRT,301.39,5.88,D
-9.31497,32.34935,330.72,0.5,0.49,2026-10-03,1108,N,VIIRS,n,2.0NRT,297.74,3.65,D
-9.31477,32.39444,330.86,0.49,0.49,2026-10-03,1108,N,VIIRS,n,2.0NRT,300.48,5.88,D
-9.30611,33.41735,333.51,0.42,0.45,2026-10-03,1108,N,VIIRS,n,2.0NRT,293.5,2.49,D
-9.30546,32.15108,333.2,0.51,0.49,2026-10-03,1108,N,VIIRS,n,2.0NRT,295.33,7.87,D
-9.30518,26.01316,357.11,0.66,0.73,2026-10-03,1108,N,VIIRS,n,2.0NRT,292.28,15.34,D
-9.30498,26.01122,348.74,0.66,0.73,2026-10-03,1108,N,VIIRS,n,2.0NRT,292.05,12.99,D
-9.30482,32.15576,340.27,0.51,0.49,2026-10-03,1108,N,VIIRS,n,2.0NRT,296.39,7.97,D
-9.30416,26.01776,344.77,0.66,0.73,2026-10-03,1108,N,VIIRS,n,2.0NRT,292.21,15.46,D
-9.30192,33.41678,338.32,0.42,0.45,2026-10-03,1108,N,VIIRS,n,2.0NRT,289.6,2.49,D
-9.28961,32.51521,342.57,0.48,0.48,2026-10-03,1108,N,VIIRS,n,2.0NRT,294.86,11.8,D
-9.28702,32.51594,354.1,0.48,0.48,2026-10-03,1108,N,VIIRS,n,2.0NRT,295.35,12.03,D
-9.27992,31.69304,331.65,0.55,0.51,2026-10-03,1108,N,VIIRS,n,2.0NRT,293.44,3.75,D
-9.27958,32.9536,343.08,0.45,0.47,2026-10-03,1108,N,VIIRS,n,2.0NRT,291.88,7.01,D
-9.25575,32.03433,344.31,0.52,0.5,2026-10-03,1108,N,VIIRS,n,2.0NRT,295.63,9.24,D
-9.2502,33.41371,339.55,0.42,0.45,2026-10-03,1108,N,VIIRS,n,2.0NRT,291.75,4.76,D
-9.24459,30.10531,367,0.35,0.57,2026-10-03,1108,N,VIIRS,h,2.0NRT,293.18,25.73,D
-9.23977,30.10131,352.47,0.35,0.57,2026-10-03,1108,N,VIIRS,n,2.0NRT,291.78,26.87,D
-9.23934,30.10455,367,0.35,0.57,2026-10-03,1108,N,VIIRS,h,2.0NRT,291.54,25.73,D
-9.23093,31.94562,341.02,0.53,0.5,2026-10-03,1108,N,VIIRS,n,2.0NRT,297.97,8.41,D
-9.21018,25.58907,330.08,0.7,0.75,2026-10-03,1108,N,VIIRS,n,2.0NRT,288.9,11.01,D
-9.19852,31.72772,330.18,0.54,0.51,2026-10-03,1108,N,VIIRS,l,2.0NRT,300.55,3.54,D
-9.19781,31.7331,331.56,0.54,0.51,2026-10-03,1108,N,VIIRS,n,2.0NRT,300.91,7.09,D
-9.19674,33.39891,340.01,0.42,0.45,2026-10-03,1108,N,VIIRS,n,2.0NRT,293.98,7.22,D
-9.17979,30.74931,342.63,0.63,0.54,2026-10-03,1108,N,VIIRS,n,2.0NRT,295.06,23.91,D
-9.16554,32.55046,339.74,0.48,0.48,2026-10-03,1108,N,VIIRS,n,2.0NRT,294.88,3.62,D
-9.14648,32.42591,341.5,0.49,0.48,2026-10-03,1108,N,VIIRS,n,2.0NRT,305.05,8.37,D
-9.14243,25.58043,332.82,0.7,0.75,2026-10-03,1108,N,VIIRS,n,2.0NRT,289.41,12.17,D
-9.14001,25.58233,331.59,0.7,0.75,2026-10-03,1108,N,VIIRS,n,2.0NRT,289.43,10.49,D
-9.11312,32.57021,351.11,0.48,0.48,2026-10-03,1108,N,VIIRS,n,2.0NRT,297.97,10.77,D
-9.10756,29.39839,349.16,0.39,0.59,2026-10-03,1108,N,VIIRS,n,2.0NRT,296.22,3.82,D
-9.10535,29.1051,352.01,0.41,0.61,2026-10-03,1108,N,VIIRS,n,2.0NRT,292.81,8.6,D
-9.103,29.10041,333.44,0.41,0.61,2026-10-03,1108,N,VIIRS,n,2.0NRT,291.66,4.85,D
-9.1025,29.10414,367,0.41,0.6,2026-10-03,1108,N,VIIRS,h,2.0NRT,293.53,17.22,D
-9.1002,29.10064,339,0.41,0.61,2026-10-03,1108,N,VIIRS,n,2.0NRT,292.62,5.67,D
-9.1,27.84312,355.77,0.5,0.66,2026-10-03,1108,N,VIIRS,n,2.0NRT,292.39,17.62,D
-9.09974,29.10435,356.24,0.41,0.61,2026-10-03,1108,N,VIIRS,n,2.0NRT,292.55,8.6,D
-9.09943,27.84763,357.21,0.5,0.66,2026-10-03,1108,N,VIIRS,l,2.0NRT,289.36,28.83,D
-9.08668,31.47149,331.36,0.56,0.52,2026-10-03,1108,N,VIIRS,n,2.0NRT,293.28,5.41,D
-9.08537,25.92235,332.3,0.67,0.73,2026-10-03,1108,N,VIIRS,n,2.0NRT,291.25,5.73,D
-9.08295,33.47805,343.47,0.42,0.45,2026-10-03,1108,N,VIIRS,n,2.0NRT,298.34,10.29,D
-9.08194,29.08678,352.62,0.41,0.61,2026-10-03,1108,N,VIIRS,n,2.0NRT,297.07,41.84,D
-9.07875,33.47774,342.63,0.42,0.45,2026-10-03,1108,N,VIIRS,n,2.0NRT,295.3,10.29,D
-9.07541,33.59356,348.87,0.41,0.45,2026-10-03,1108,N,VIIRS,n,2.0NRT,301.47,6.94,D
-9.07051,32.33425,342.13,0.49,0.49,2026-10-03,1108,N,VIIRS,n,2.0NRT,302.47,5.81,D
-9.05816,30.30211,367,0.34,0.56,2026-10-03,1108,N,VIIRS,h,2.0NRT,294.65,9.71,D
-9.05474,30.30024,353.87,0.34,0.56,2026-10-03,1108,N,VIIRS,n,2.0NRT,291.1,15.87,D
-9.05434,30.30334,367,0.34,0.56,2026-10-03,1108,N,VIIRS,h,2.0NRT,298.53,15.87,D
-9.0534,30.29835,330.86,0.34,0.56,2026-10-03,1108,N,VIIRS,n,2.0NRT,286.66,9.71,D
-9.05298,30.30144,355.5,0.34,0.56,2026-10-03,1108,N,VIIRS,n,2.0NRT,290.3,9.71,D
-9.05257,30.30451,356.33,0.34,0.56,2026-10-03,1108,N,VIIRS,l,2.0NRT,289.91,24.32,D
-9.05044,25.81037,341.8,0.68,0.74,2026-10-03,1108,N,VIIRS,n,2.0NRT,290.95,7.1,D
-9.04917,30.3026,346.16,0.34,0.56,2026-10-03,1108,N,VIIRS,n,2.0NRT,288.96,6.47,D
-9.04878,30.30567,342.18,0.34,0.56,2026-10-03,1108,N,VIIRS,n,2.0NRT,283.47,6.55,D
-9.0474,30.30377,348.81,0.34,0.56,2026-10-03,1108,N,VIIRS,n,2.0NRT,285.41,6.2,D
-9.04492,30.99683,351.23,0.61,0.53,2026-10-03,1108,N,VIIRS,n,2.0NRT,298.24,13.84,D
-9.04416,31.00242,330.93,0.61,0.53,2026-10-03,1108,N,VIIRS,n,2.0NRT,294.44,6.62,D
-9.01203,33.05245,332.08,0.44,0.46,2026-10-03,1108,N,VIIRS,n,2.0NRT,301.19,5.02,D
-9.00914,31.82881,341.5,0.53,0.5,2026-10-03,1108,N,VIIRS,n,2.0NRT,300.18,5.66,D
-9.00049,30.99111,336.4,0.61,0.53,2026-10-03,1108,N,VIIRS,n,2.0NRT,304.49,4.72,D
-8.98492,30.87967,341.19,0.62,0.54,2026-10-03,1108,N,VIIRS,n,2.0NRT,298.64,9.27,D
-8.98255,29.67268,367,0.37,0.58,2026-10-03,1108,N,VIIRS,h,2.0NRT,300.42,11.22,D
-8.9821,29.67609,367,0.37,0.58,2026-10-03,1108,N,VIIRS,h,2.0NRT,298.86,18.87,D
-8.97994,27.37148,329.22,0.53,0.67,2026-10-03,1108,N,VIIRS,n,2.0NRT,290.66,5.73,D
-8.97714,29.67203,339.52,0.37,0.58,2026-10-03,1108,N,VIIRS,n,2.0NRT,294.39,11.22,D
-8.9767,29.67541,367,0.37,0.58,2026-10-03,1108,N,VIIRS,h,2.0NRT,295.54,18.87,D
-8.9752,30.60707,351.98,0.32,0.55,2026-10-03,1108,N,VIIRS,n,2.0NRT,297.44,6.94,D
-8.97256,33.61903,343.12,0.41,0.45,2026-10-03,1108,N,VIIRS,n,2.0NRT,309.32,11.22,D
-8.96769,33.37856,343.5,0.42,0.45,2026-10-03,1108,N,VIIRS,n,2.0NRT,305.05,3.34,D
-8.96745,29.44783,335.9,0.39,0.59,2026-10-03,1108,N,VIIRS,n,2.0NRT,298.66,5.17,D
-8.96344,32.33132,337.67,0.49,0.49,2026-10-03,1108,N,VIIRS,n,2.0NRT,304.29,7.06,D
-8.95681,26.12507,340.21,0.64,0.72,2026-10-03,1108,N,VIIRS,n,2.0NRT,291.51,6.56,D
-8.94643,31.2861,333.48,0.58,0.52,2026-10-03,1108,N,VIIRS,n,2.0NRT,286.75,5.65,D
-8.92005,33.66562,342.61,0.4,0.44,2026-10-03,1108,N,VIIRS,n,2.0NRT,306.95,4.52,D
-8.91746,33.66481,341.86,0.4,0.44,2026-10-03,1108,N,VIIRS,n,2.0NRT,304.86,6.18,D
-8.91598,33.66476,336.23,0.4,0.44,2026-10-03,1108,N,VIIRS,n,2.0NRT,303.91,3.94,D
-8.91089,28.18984,332.45,0.47,0.64,2026-10-03,1108,N,VIIRS,n,2.0NRT,291.97,4.98,D
-8.90965,25.87186,346.82,0.67,0.74,2026-10-03,1108,N,VIIRS,n,2.0NRT,290.99,8.63,D
-8.90889,25.87816,336.26,0.67,0.74,2026-10-03,1108,N,VIIRS,n,2.0NRT,291.11,8.63,D
-8.90853,28.18884,335.46,0.47,0.64,2026-10-03,1108,N,VIIRS,n,2.0NRT,287.64,5.26,D
-8.89948,27.50751,341.88,0.52,0.67,2026-10-03,1108,N,VIIRS,n,2.0NRT,292.87,4.95,D
-8.89937,33.09417,330.88,0.44,0.46,2026-10-03,1108,N,VIIRS,n,2.0NRT,299.15,4.04,D
-8.89726,33.60099,336.35,0.41,0.45,2026-10-03,1108,N,VIIRS,n,2.0NRT,304.04,2.15,D
-8.89506,27.50855,344.95,0.52,0.67,2026-10-03,1108,N,VIIRS,n,2.0NRT,292.39,9.03,D
-8.87906,28.38523,334.2,0.45,0.63,2026-10-03,1108,N,VIIRS,n,2.0NRT,293.35,5.91,D
-8.87759,28.38877,334.87,0.45,0.63,2026-10-03,1108,N,VIIRS,n,2.0NRT,293.26,6.12,D
-8.87025,29.15203,330.21,0.4,0.6,2026-10-03,1108,N,VIIRS,n,2.0NRT,293.71,1.48,D
-8.86782,25.87177,329.21,0.67,0.73,2026-10-03,1108,N,VIIRS,n,2.0NRT,291.14,4.1,D
-8.86663,29.15152,336.2,0.4,0.6,2026-10-03,1108,N,VIIRS,n,2.0NRT,294.76,3.07,D
-8.84753,33.0679,333.6,0.44,0.46,2026-10-03,1108,N,VIIRS,l,2.0NRT,304,4.44,D
-8.8467,33.72248,348.84,0.4,0.44,2026-10-03,1108,N,VIIRS,n,2.0NRT,309.44,6.98,D
-8.8462,33.72605,343.71,0.4,0.44,2026-10-03,1108,N,VIIRS,n,2.0NRT,307.72,5.7,D
-8.84263,33.72178,343.32,0.4,0.44,2026-10-03,1108,N,VIIRS,n,2.0NRT,308.53,4.63,D
-8.84213,33.72536,343.88,0.4,0.44,2026-10-03,1108,N,VIIRS,n,2.0NRT,309.73,5.15,D
-8.81989,31.07997,344.42,0.59,0.53,2026-10-03,1108,N,VIIRS,n,2.0NRT,298.07,14.51,D
-8.8097,33.6355,333.34,0.4,0.44,2026-10-03,1108,N,VIIRS,l,2.0NRT,306.34,1.48,D
-8.80737,29.77905,332.39,0.36,0.58,2026-10-03,1108,N,VIIRS,n,2.0NRT,294.81,3.76,D
-8.80601,30.61597,351.57,0.32,0.55,2026-10-03,1108,N,VIIRS,n,2.0NRT,298.24,6.17,D
-8.8048,29.77775,341.39,0.36,0.58,2026-10-03,1108,N,VIIRS,n,2.0NRT,297.47,1.96,D
-8.7993,29.19001,342.68,0.4,0.6,2026-10-03,1108,N,VIIRS,n,2.0NRT,294.07,5.23,D
-8.78971,30.93283,346.54,0.61,0.53,2026-10-03,1108,N,VIIRS,n,2.0NRT,296.69,5.3,D
-8.78652,33.47302,351.4,0.41,0.45,2026-10-03,1108,N,VIIRS,n,2.0NRT,305.8,9.46,D
-8.78242,33.47215,351.79,0.41,0.45,2026-10-03,1108,N,VIIRS,n,2.0NRT,304.07,9.46,D
-8.77952,32.97608,342.68,0.44,0.46,2026-10-03,1108,N,VIIRS,n,2.0NRT,305.65,4.65,D
-8.77029,28.58446,347.56,0.44,0.62,2026-10-03,1108,N,VIIRS,n,2.0NRT,294.29,9.14,D
-8.7697,33.01476,332.45,0.44,0.46,2026-10-03,1108,N,VIIRS,l,2.0NRT,302.45,3.52,D
-8.75967,30.85477,330.64,0.62,0.54,2026-10-03,1108,N,VIIRS,n,2.0NRT,299.51,4.17,D
-8.75798,30.85953,331.36,0.61,0.54,2026-10-03,1108,N,VIIRS,n,2.0NRT,300.99,9.78,D
-8.73086,32.29763,337.7,0.49,0.49,2026-10-03,1108,N,VIIRS,n,2.0NRT,301.34,3.34,D
-8.73023,32.30215,330.42,0.49,0.49,2026-10-03,1108,N,VIIRS,l,2.0NRT,302.21,4.87,D
-8.72746,32.81317,341.27,0.45,0.47,2026-10-03,1108,N,VIIRS,n,2.0NRT,297.8,3.66,D
-8.7248,32.80024,343.45,0.45,0.47,2026-10-03,1108,N,VIIRS,n,2.0NRT,298.74,4.99,D
-8.72048,32.79946,344.68,0.45,0.47,2026-10-03,1108,N,VIIRS,n,2.0NRT,299.73,7.04,D
-8.71891,33.403,332.39,0.42,0.45,2026-10-03,1108,N,VIIRS,l,2.0NRT,304.88,1.51,D
-8.6911,28.6525,329.95,0.43,0.62,2026-10-03,1108,N,VIIRS,n,2.0NRT,292.98,1.85,D
-8.66982,33.23542,346.55,0.43,0.46,2026-10-03,1108,N,VIIRS,n,2.0NRT,307.43,6.82,D
-8.65694,31.23519,330.91,0.58,0.52,2026-10-03,1108,N,VIIRS,n,2.0NRT,296.04,3.44,D
-8.65352,28.67204,330.66,0.43,0.62,2026-10-03,1108,N,VIIRS,n,2.0NRT,293.33,2.58,D
-8.64787,33.60773,336.82,0.4,0.44,2026-10-03,1108,N,VIIRS,n,2.0NRT,305.22,2.65,D
-8.64106,33.41412,335.32,0.41,0.45,2026-10-03,1108,N,VIIRS,n,2.0NRT,303.23,2.76,D
-8.64055,33.41776,332.37,0.41,0.45,2026-10-03,1108,N,VIIRS,l,2.0NRT,304.37,2.82,D
-8.63492,32.44794,343.28,0.48,0.48,2026-10-03,1108,N,VIIRS,n,2.0NRT,303.59,10.22,D
-8.63105,32.27987,337.41,0.49,0.49,2026-10-03,1108,N,VIIRS,n,2.0NRT,300.13,3.8,D
-8.62128,30.78446,341.46,0.62,0.54,2026-10-03,1108,N,VIIRS,n,2.0NRT,297.38,18.1,D
-8.58836,32.01268,339.68,0.51,0.49,2026-10-03,1108,N,VIIRS,n,2.0NRT,306.82,4.09,D
-8.58318,32.29584,340.49,0.49,0.48,2026-10-03,1108,N,VIIRS,n,2.0NRT,306.18,6.6,D
-8.57811,32.46686,333.62,0.48,0.48,2026-10-03,1108,N,VIIRS,l,2.0NRT,306.33,2.95,D
-8.57753,32.47106,334.95,0.48,0.48,2026-10-03,1108,N,VIIRS,l,2.0NRT,306.19,2.95,D
-8.57559,31.90262,344.8,0.52,0.5,2026-10-03,1108,N,VIIRS,n,2.0NRT,302.46,4.71,D
-8.55013,32.47823,336.11,0.47,0.48,2026-10-03,1108,N,VIIRS,n,2.0NRT,305.68,3.74,D
-8.54922,32.48044,332.34,0.47,0.48,2026-10-03,1108,N,VIIRS,l,2.0NRT,303.22,1.19,D
-8.48106,33.20297,344.66,0.42,0.46,2026-10-03,1108,N,VIIRS,n,2.0NRT,305.56,5.15,D
-8.48051,33.20689,334.61,0.42,0.46,2026-10-03,1108,N,VIIRS,n,2.0NRT,303.22,3.45,D
-8.47745,33.32061,339.61,0.42,0.45,2026-10-03,1108,N,VIIRS,n,2.0NRT,306.31,1.51,D
-8.47375,32.10088,330.39,0.5,0.49,2026-10-03,1108,N,VIIRS,l,2.0NRT,302.82,1.55,D
-8.46951,33.04106,333.9,0.43,0.46,2026-10-03,1108,N,VIIRS,l,2.0NRT,306.08,5.31,D
-8.46903,33.03971,341.53,0.44,0.46,2026-10-03,1108,N,VIIRS,n,2.0NRT,305.27,2.94,D
-8.46848,33.04375,335.11,0.43,0.46,2026-10-03,1108,N,VIIRS,l,2.0NRT,307.55,5,D
-8.45403,28.84202,331.67,0.42,0.61,2026-10-03,1108,N,VIIRS,n,2.0NRT,292.01,3.35,D
-8.42672,31.86764,331.39,0.52,0.5,2026-10-03,1108,N,VIIRS,l,2.0NRT,303.21,2.14,D
-8.41538,31.98656,333.33,0.51,0.49,2026-10-03,1108,N,VIIRS,l,2.0NRT,304.82,1.86,D
-8.41443,31.85811,333.04,0.52,0.5,2026-10-03,1108,N,VIIRS,l,2.0NRT,305.64,2.65,D
-8.41272,31.70207,330.24,0.53,0.5,2026-10-03,1108,N,VIIRS,l,2.0NRT,301.87,2.19,D
-8.38293,26.67845,331.72,0.58,0.7,2026-10-03,1108,N,VIIRS,n,2.0NRT,291.08,4.71,D
-8.3829,26.63364,335.56,0.59,0.7,2026-10-03,1108,N,VIIRS,n,2.0NRT,292.58,5.64,D
-8.38185,26.63416,334.73,0.59,0.7,2026-10-03,1108,N,VIIRS,n,2.0NRT,292.66,8.15,D
-8.38089,26.6947,334.85,0.58,0.7,2026-10-03,1108,N,VIIRS,n,2.0NRT,291.69,4.32,D
-8.3739,32.08863,337.88,0.5,0.49,2026-10-03,1108,N,VIIRS,n,2.0NRT,299.59,9.79,D
-8.37364,26.70399,345.1,0.58,0.7,2026-10-03,1108,N,VIIRS,n,2.0NRT,292.34,9.79,D
-8.37338,32.09249,345.09,0.5,0.49,2026-10-03,1108,N,VIIRS,n,2.0NRT,303.63,22.4,D
-8.37306,26.70469,345.53,0.58,0.7,2026-10-03,1108,N,VIIRS,n,2.0NRT,291.95,9.35,D
-8.37247,32.08954,348.95,0.5,0.49,2026-10-03,1108,N,VIIRS,n,2.0NRT,306.32,25.27,D
-8.3714,26.67084,332.12,0.58,0.7,2026-10-03,1108,N,VIIRS,n,2.0NRT,294.48,11.8,D
-8.3707,26.67623,334.52,0.58,0.7,2026-10-03,1108,N,VIIRS,n,2.0NRT,292.13,10.09,D
-8.37061,26.67143,331.16,0.58,0.7,2026-10-03,1108,N,VIIRS,n,2.0NRT,294.34,6.11,D
-8.37059,26.62661,344.2,0.59,0.7,2026-10-03,1108,N,VIIRS,n,2.0NRT,292.26,9.22,D
-8.36994,26.67684,333.9,0.58,0.7,2026-10-03,1108,N,VIIRS,n,2.0NRT,292.06,6.11,D
-8.3695,26.62707,345.75,0.59,0.7,2026-10-03,1108,N,VIIRS,n,2.0NRT,292.61,11.1,D
-8.36857,26.69242,329.5,0.58,0.7,2026-10-03,1108,N,VIIRS,n,2.0NRT,292.56,8.45,D
-8.36792,26.69309,328.27,0.58,0.7,2026-10-03,1108,N,VIIRS,n,2.0NRT,292.39,8.63,D
-8.3626,30.12974,338.63,0.34,0.56,2026-10-03,1108,N,VIIRS,n,2.0NRT,284.66,2.74,D
-8.36228,33.49314,332.06,0.41,0.45,2026-10-03,1108,N,VIIRS,l,2.0NRT,306.55,1.36,D
-8.36097,26.6426,330.78,0.58,0.7,2026-10-03,1108,N,VIIRS,n,2.0NRT,291.02,3.39,D
-8.35452,32.3352,339.34,0.48,0.48,2026-10-03,1108,N,VIIRS,n,2.0NRT,308.46,10.42,D
-8.35211,28.93648,343.6,0.41,0.61,2026-10-03,1108,N,VIIRS,n,2.0NRT,292.59,7.24,D
-8.35129,32.33587,347.35,0.48,0.48,2026-10-03,1108,N,VIIRS,n,2.0NRT,308.43,15.02,D
-8.3436,31.9979,336.9,0.51,0.49,2026-10-03,1108,N,VIIRS,n,2.0NRT,301.12,2.9,D
-8.34073,26.75444,346.1,0.57,0.69,2026-10-03,1108,N,VIIRS,n,2.0NRT,292.12,7.09,D
-8.34052,26.75511,346.05,0.57,0.69,2026-10-03,1108,N,VIIRS,n,2.0NRT,291.7,10.01,D
-8.32056,30.20942,339.4,0.34,0.56,2026-10-03,1108,N,VIIRS,n,2.0NRT,282.23,4.67,D
-8.31928,26.76806,367,0.57,0.69,2026-10-03,1108,N,VIIRS,h,2.0NRT,293.18,10.6,D
-8.31918,26.76868,367,0.57,0.69,2026-10-03,1108,N,VIIRS,h,2.0NRT,293.31,18.62,D
-8.31909,30.21026,352.33,0.33,0.56,2026-10-03,1108,N,VIIRS,n,2.0NRT,281.37,9.4,D
-8.3186,26.77339,342.32,0.57,0.69,2026-10-03,1108,N,VIIRS,n,2.0NRT,292.72,10.6,D
-8.31853,26.77402,341.8,0.57,0.69,2026-10-03,1108,N,VIIRS,n,2.0NRT,292.64,12.23,D
-8.31283,26.76727,339.36,0.57,0.69,2026-10-03,1108,N,VIIRS,n,2.0NRT,292.47,7.1,D
-8.30933,31.97679,343.07,0.51,0.49,2026-10-03,1108,N,VIIRS,n,2.0NRT,301.36,6.51,D
-8.30638,26.76648,348.01,0.57,0.69,2026-10-03,1108,N,VIIRS,n,2.0NRT,293.45,7.1,D
-8.2979,26.67828,334.35,0.58,0.7,2026-10-03,1108,N,VIIRS,n,2.0NRT,291.75,6.42,D
-8.29115,32.07686,338.68,0.5,0.49,2026-10-03,1108,N,VIIRS,n,2.0NRT,306.78,8.83,D
-8.2823,26.80122,330.26,0.57,0.69,2026-10-03,1108,N,VIIRS,n,2.0NRT,293.95,7.14,D
-8.27121,30.09751,357.14,0.34,0.56,2026-10-03,1108,N,VIIRS,n,2.0NRT,287.91,8.42,D
-8.26739,33.22557,332.79,0.42,0.45,2026-10-03,1108,N,VIIRS,n,2.0NRT,302.59,3.4,D
-8.25756,26.73115,336.48,0.57,0.69,2026-10-03,1108,N,VIIRS,n,2.0NRT,292.28,7.98,D
-8.25211,26.82201,331.2,0.57,0.69,2026-10-03,1108,N,VIIRS,n,2.0NRT,293.64,5.9,D
-8.24604,26.7189,329.57,0.58,0.69,2026-10-03,1108,N,VIIRS,n,2.0NRT,292.93,9.94,D
-8.24069,26.71486,330.55,0.58,0.69,2026-10-03,1108,N,VIIRS,n,2.0NRT,290.81,6.13,D
-8.23575,33.30017,338.97,0.42,0.45,2026-10-03,1108,N,VIIRS,n,2.0NRT,304.52,4.05,D
-8.20613,27.02275,344.71,0.55,0.68,2026-10-03,1108,N,VIIRS,n,2.0NRT,292.88,7.3,D
-8.20425,27.00884,367,0.55,0.68,2026-10-03,1108,N,VIIRS,h,2.0NRT,293.61,12.46,D
-8.20228,27.02469,332.96,0.55,0.68,2026-10-03,1108,N,VIIRS,n,2.0NRT,293,6.77,D
-8.20188,27.00608,367,0.55,0.68,2026-10-03,1108,N,VIIRS,h,2.0NRT,293.33,15.82,D
-8.20119,27.01132,338.45,0.55,0.68,2026-10-03,1108,N,VIIRS,n,2.0NRT,292.44,16.83,D
-8.20051,25.22581,327.86,0.72,0.76,2026-10-03,1108,N,VIIRS,n,2.0NRT,287.3,11.24,D
-18.08161,24.34523,343.56,0.63,0.54,2026-10-03,1246,N,VIIRS,n,2.0NRT,309.37,7.87,D
-18.07663,24.34415,343.8,0.63,0.54,2026-10-03,1246,N,VIIRS,n,2.0NRT,310.97,7.87,D
-18.00617,24.46843,367,0.32,0.55,2026-10-03,1246,N,VIIRS,h,2.0NRT,303.52,6.58,D
-18.00114,24.46733,367,0.32,0.55,2026-10-03,1246,N,VIIRS,h,2.0NRT,303.84,6.36,D
-17.99987,23.74906,351.83,0.58,0.52,2026-10-03,1246,N,VIIRS,n,2.0NRT,306.83,11.73,D
-17.99878,23.75456,355.05,0.58,0.52,2026-10-03,1246,N,VIIRS,n,2.0NRT,308.54,11.73,D
-17.99769,23.76007,335.06,0.58,0.52,2026-10-03,1246,N,VIIRS,l,2.0NRT,307.78,8.18,D
-17.99507,23.74803,347.56,0.58,0.52,2026-10-03,1246,N,VIIRS,n,2.0NRT,309.2,13.26,D
-17.99397,23.75354,349.7,0.58,0.52,2026-10-03,1246,N,VIIRS,n,2.0NRT,309.68,13.26,D
-17.98916,23.75251,336.91,0.58,0.52,2026-10-03,1246,N,VIIRS,n,2.0NRT,306.69,13.26,D
-17.98697,23.76353,346.92,0.58,0.52,2026-10-03,1246,N,VIIRS,n,2.0NRT,308.59,10.84,D
-17.98256,23.78562,345.08,0.58,0.52,2026-10-03,1246,N,VIIRS,n,2.0NRT,306,4.72,D
-17.98146,23.79115,334.41,0.58,0.52,2026-10-03,1246,N,VIIRS,l,2.0NRT,305.68,4.77,D
-17.95766,23.88493,351.41,0.59,0.53,2026-10-03,1246,N,VIIRS,n,2.0NRT,310.02,12.8,D
-17.82235,26.05496,346.9,0.41,0.61,2026-10-03,1246,N,VIIRS,n,2.0NRT,304.68,8.17,D
-17.8055,24.8998,350.29,0.35,0.56,2026-10-03,1246,N,VIIRS,n,2.0NRT,306.21,6.24,D
-17.78219,29.15584,345.37,0.64,0.72,2026-10-03,1246,N,VIIRS,n,2.0NRT,294.6,9.93,D
-17.77973,24.76141,354.53,0.34,0.56,2026-10-03,1246,N,VIIRS,n,2.0NRT,304.23,7.89,D
-17.77907,24.76464,367,0.34,0.56,2026-10-03,1246,N,VIIRS,h,2.0NRT,305.05,7.89,D
-17.77891,24.79161,352.36,0.34,0.56,2026-10-03,1246,N,VIIRS,n,2.0NRT,303.22,3.26,D
-17.77889,29.15094,347.73,0.64,0.72,2026-10-03,1246,N,VIIRS,n,2.0NRT,294.28,8.32,D
-17.77841,24.76787,333.8,0.34,0.56,2026-10-03,1246,N,VIIRS,n,2.0NRT,301.18,2.88,D
-17.77774,24.7711,334.86,0.34,0.56,2026-10-03,1246,N,VIIRS,n,2.0NRT,301.95,2.88,D
-17.77392,24.76352,331.86,0.34,0.56,2026-10-03,1246,N,VIIRS,n,2.0NRT,305.73,7.89,D
-17.77325,24.76675,330.65,0.34,0.56,2026-10-03,1246,N,VIIRS,n,2.0NRT,303.95,2.88,D
-17.77259,24.76998,334.78,0.34,0.56,2026-10-03,1246,N,VIIRS,l,2.0NRT,305.55,2.88,D
-17.77242,24.79696,335.1,0.34,0.56,2026-10-03,1246,N,VIIRS,n,2.0NRT,302.2,3.58,D
-17.75878,26.40596,340.36,0.43,0.62,2026-10-03,1246,N,VIIRS,n,2.0NRT,299.2,5.88,D
-17.75309,26.40462,338.73,0.43,0.62,2026-10-03,1246,N,VIIRS,n,2.0NRT,294.88,5.88,D
-17.75217,26.40887,367,0.43,0.62,2026-10-03,1246,N,VIIRS,h,2.0NRT,299.04,16.09,D
-17.72823,26.29943,335.11,0.43,0.62,2026-10-03,1246,N,VIIRS,n,2.0NRT,295.53,3.11,D
-17.72735,26.30346,330.19,0.43,0.62,2026-10-03,1246,N,VIIRS,n,2.0NRT,297.6,3.11,D
-17.70913,26.52462,336.16,0.44,0.63,2026-10-03,1246,N,VIIRS,n,2.0NRT,299.27,3.76,D
-17.70908,26.52458,336.78,0.44,0.62,2026-10-03,1246,N,VIIRS,n,2.0NRT,299.17,2.67,D
-17.70815,26.35894,367,0.43,0.62,2026-10-03,1246,N,VIIRS,h,2.0NRT,297.12,7.31,D
-17.66669,24.78523,357.17,0.34,0.56,2026-10-03,1246,N,VIIRS,n,2.0NRT,300.53,5.72,D
-17.66602,24.78848,354.18,0.34,0.56,2026-10-03,1246,N,VIIRS,n,2.0NRT,303.66,12.26,D
-17.65951,24.79386,367,0.34,0.56,2026-10-03,1246,N,VIIRS,h,2.0NRT,300.76,8.29,D
-17.64633,26.25352,343.96,0.43,0.62,2026-10-03,1246,N,VIIRS,n,2.0NRT,304.79,5.81,D
-17.64608,26.19826,337.12,0.42,0.61,2026-10-03,1246,N,VIIRS,n,2.0NRT,298.2,4.09,D
-17.64297,26.19227,335.34,0.42,0.61,2026-10-03,1246,N,VIIRS,n,2.0NRT,299.04,4.14,D
-17.60404,22.15548,341.5,0.47,0.48,2026-10-03,1246,N,VIIRS,n,2.0NRT,311.1,9.35,D
-17.60281,22.1583,341.91,0.47,0.48,2026-10-03,1246,N,VIIRS,n,2.0NRT,311.13,8.79,D
-17.59759,22.16184,341.39,0.47,0.48,2026-10-03,1246,N,VIIRS,n,2.0NRT,310.98,4.74,D
-17.59321,22.16095,338.95,0.47,0.48,2026-10-03,1246,N,VIIRS,l,2.0NRT,309.62,4.74,D
-17.5901,22.15721,338.17,0.47,0.48,2026-10-03,1246,N,VIIRS,n,2.0NRT,307.73,12,D
-17.58069,24.7006,343.21,0.34,0.56,2026-10-03,1246,N,VIIRS,n,2.0NRT,305.93,3.29,D
-17.57815,26.40701,335.91,0.44,0.62,2026-10-03,1246,N,VIIRS,n,2.0NRT,301.44,3.25,D
-17.5762,24.69626,336.51,0.34,0.56,2026-10-03,1246,N,VIIRS,n,2.0NRT,306.16,2.37,D
-17.56001,25.81488,343.78,0.4,0.6,2026-10-03,1246,N,VIIRS,n,2.0NRT,305.06,4.87,D
-17.45428,25.61421,343.18,0.39,0.59,2026-10-03,1246,N,VIIRS,n,2.0NRT,307.75,4.74,D
-17.45413,25.61496,344.89,0.39,0.59,2026-10-03,1246,N,VIIRS,n,2.0NRT,307.42,3.13,D
-17.44563,25.60073,352.25,0.39,0.59,2026-10-03,1246,N,VIIRS,n,2.0NRT,308.44,4.77,D
-17.44555,25.60154,367,0.39,0.59,2026-10-03,1246,N,VIIRS,h,2.0NRT,308.62,7.95,D
-17.44487,25.60446,332.74,0.39,0.59,2026-10-03,1246,N,VIIRS,n,2.0NRT,303.9,4.77,D
-17.44093,25.59584,336.15,0.39,0.59,2026-10-03,1246,N,VIIRS,n,2.0NRT,305.63,6.15,D
-17.44017,25.59955,367,0.39,0.59,2026-10-03,1246,N,VIIRS,h,2.0NRT,306.34,4.77,D
-17.42021,24.37245,345.79,0.33,0.55,2026-10-03,1246,N,VIIRS,n,2.0NRT,306.77,2.94,D
-17.41957,24.37557,340.4,0.33,0.55,2026-10-03,1246,N,VIIRS,n,2.0NRT,307.7,2.94,D
-17.4155,22.80757,333.61,0.52,0.5,2026-10-03,1246,N,VIIRS,l,2.0NRT,306.54,2.31,D
-17.40222,22.58477,339.87,0.5,0.49,2026-10-03,1246,N,VIIRS,n,2.0NRT,306.33,6.06,D
-17.4021,22.58127,340.74,0.5,0.49,2026-10-03,1246,N,VIIRS,n,2.0NRT,306.46,3.59,D
-17.39797,22.82433,338.92,0.52,0.5,2026-10-03,1246,N,VIIRS,n,2.0NRT,306.14,2.83,D
-17.39788,23.35169,349.02,0.56,0.52,2026-10-03,1246,N,VIIRS,n,2.0NRT,310.59,9.96,D
-17.39622,23.13199,345.9,0.54,0.51,2026-10-03,1246,N,VIIRS,n,2.0NRT,313.39,9.33,D
-17.39524,23.34013,342.77,0.56,0.52,2026-10-03,1246,N,VIIRS,n,2.0NRT,305.43,6.42,D
-17.39451,26.22516,345.72,0.43,0.62,2026-10-03,1246,N,VIIRS,n,2.0NRT,302.08,9.09,D
-17.39419,23.34542,340.92,0.56,0.52,2026-10-03,1246,N,VIIRS,n,2.0NRT,308.29,8.12,D
-17.39314,23.35071,343.23,0.56,0.52,2026-10-03,1246,N,VIIRS,n,2.0NRT,309.3,8.12,D
-17.38903,24.35699,338.01,0.33,0.55,2026-10-03,1246,N,VIIRS,l,2.0NRT,309.74,2.96,D
-17.3867,24.35562,335.28,0.33,0.55,2026-10-03,1246,N,VIIRS,l,2.0NRT,307.86,1.95,D
-17.37078,24.3692,348.97,0.33,0.55,2026-10-03,1246,N,VIIRS,n,2.0NRT,309.15,3.66,D
-17.34264,24.77838,340.11,0.35,0.57,2026-10-03,1246,N,VIIRS,n,2.0NRT,307.47,3.95,D
-17.30581,22.83787,345.06,0.52,0.5,2026-10-03,1246,N,VIIRS,n,2.0NRT,309.07,5.2,D
-17.2993,22.84681,346.96,0.52,0.5,2026-10-03,1246,N,VIIRS,n,2.0NRT,308.39,10.77,D
-17.29107,22.83998,345.93,0.52,0.5,2026-10-03,1246,N,VIIRS,n,2.0NRT,310.31,8.92,D
-17.28844,24.4882,344.68,0.33,0.56,2026-10-03,1246,N,VIIRS,n,2.0NRT,305.78,4.56,D
-17.28779,24.49138,367,0.33,0.56,2026-10-03,1246,N,VIIRS,h,2.0NRT,306.8,8.23,D
-17.28646,24.22108,342.31,0.32,0.55,2026-10-03,1246,N,VIIRS,n,2.0NRT,305.83,6.33,D
-17.26517,22.13082,342.66,0.47,0.48,2026-10-03,1246,N,VIIRS,l,2.0NRT,312.96,6.41,D
-17.26434,22.13529,340.46,0.47,0.48,2026-10-03,1246,N,VIIRS,n,2.0NRT,310.31,4.37,D
-17.26008,25.04492,348.16,0.36,0.58,2026-10-03,1246,N,VIIRS,n,2.0NRT,308.77,3.92,D
-17.25937,25.04835,337.22,0.36,0.58,2026-10-03,1246,N,VIIRS,n,2.0NRT,308.38,3.92,D
-17.25911,22.13887,353.23,0.47,0.48,2026-10-03,1246,N,VIIRS,n,2.0NRT,313.88,35.9,D
-17.25687,25.04604,367,0.36,0.58,2026-10-03,1246,N,VIIRS,h,2.0NRT,310.84,12.24,D
-17.25618,25.04948,349.3,0.36,0.58,2026-10-03,1246,N,VIIRS,n,2.0NRT,308.65,9.42,D
-17.25479,25.04377,341.44,0.36,0.58,2026-10-03,1246,N,VIIRS,n,2.0NRT,306.02,4.5,D
-17.25471,22.13799,367,0.47,0.48,2026-10-03,1246,N,VIIRS,l,2.0NRT,326.07,35.9,D
-17.25407,25.0472,367,0.36,0.58,2026-10-03,1246,N,VIIRS,h,2.0NRT,308.4,4.5,D
-17.25032,22.1371,319.43,0.47,0.48,2026-10-03,1246,N,VIIRS,l,2.0NRT,324.96,39.56,D
-17.24948,22.14156,343.43,0.47,0.48,2026-10-03,1246,N,VIIRS,n,2.0NRT,307.52,33.98,D
-17.24592,22.13621,339.58,0.47,0.48,2026-10-03,1246,N,VIIRS,l,2.0NRT,313.98,39.56,D
-17.24508,22.14067,342.72,0.47,0.48,2026-10-03,1246,N,VIIRS,n,2.0NRT,306.97,33.98,D
-17.24074,24.66878,367,0.34,0.56,2026-10-03,1246,N,VIIRS,h,2.0NRT,310.57,10.14,D
-17.24068,22.13979,342.9,0.47,0.48,2026-10-03,1246,N,VIIRS,n,2.0NRT,308.58,16.34,D
-17.23713,22.13444,345.28,0.47,0.48,2026-10-03,1246,N,VIIRS,n,2.0NRT,307.69,19.79,D
-17.19333,25.83139,344.37,0.41,0.61,2026-10-03,1246,N,VIIRS,n,2.0NRT,306.66,3.82,D
-17.19105,25.83178,345.65,0.41,0.61,2026-10-03,1246,N,VIIRS,n,2.0NRT,306.28,3.66,D
-17.17989,25.61779,333.67,0.4,0.6,2026-10-03,1246,N,VIIRS,l,2.0NRT,305.61,3.93,D
-17.14061,22.31786,348.09,0.49,0.48,2026-10-03,1246,N,VIIRS,n,2.0NRT,306.06,7.28,D
-17.13798,22.31664,343.2,0.49,0.48,2026-10-03,1246,N,VIIRS,n,2.0NRT,305.06,6.88,D
-17.13476,22.37426,347.38,0.49,0.49,2026-10-03,1246,N,VIIRS,n,2.0NRT,294.5,6.17,D
-17.13173,22.37286,356.13,0.49,0.49,2026-10-03,1246,N,VIIRS,n,2.0NRT,292.73,10.97,D
-17.13028,22.37335,336.36,0.49,0.49,2026-10-03,1246,N,VIIRS,n,2.0NRT,289.15,6.17,D
-17.12485,25.63998,340.05,0.4,0.6,2026-10-03,1246,N,VIIRS,n,2.0NRT,308.19,4.12,D
-17.09678,24.97385,344.07,0.36,0.58,2026-10-03,1246,N,VIIRS,n,2.0NRT,310.33,5.2,D
-17.06053,26.04453,337.44,0.42,0.61,2026-10-03,1246,N,VIIRS,n,2.0NRT,303.72,1.77,D
-17.04271,25.70174,346.22,0.4,0.6,2026-10-03,1246,N,VIIRS,n,2.0NRT,309.83,4.85,D
-17.034,24.40199,336.07,0.33,0.56,2026-10-03,1246,N,VIIRS,l,2.0NRT,306.31,5.08,D
-17.02254,22.00168,343.59,0.47,0.48,2026-10-03,1246,N,VIIRS,n,2.0NRT,310.43,2.99,D
-17.01819,24.53977,342.8,0.34,0.56,2026-10-03,1246,N,VIIRS,n,2.0NRT,306.72,3.17,D
-17.01763,24.53777,345.3,0.34,0.56,2026-10-03,1246,N,VIIRS,n,2.0NRT,306.46,2.16,D
-17.01566,22.01404,347.92,0.47,0.48,2026-10-03,1246,N,VIIRS,n,2.0NRT,311.83,6.96,D
-17.01211,22.00875,343.12,0.47,0.48,2026-10-03,1246,N,VIIRS,n,2.0NRT,310.12,2.26,D
-17.0031,23.52574,348.47,0.59,0.53,2026-10-03,1246,N,VIIRS,n,2.0NRT,306.9,8.48,D
-17.00066,23.52261,335.21,0.59,0.53,2026-10-03,1246,N,VIIRS,l,2.0NRT,306,6.11,D
-16.99959,23.52814,346.9,0.59,0.53,2026-10-03,1246,N,VIIRS,n,2.0NRT,306.09,6.11,D
-16.99957,24.41429,348.96,0.33,0.56,2026-10-03,1246,N,VIIRS,n,2.0NRT,306.09,6.52,D
-16.9985,23.48205,331.73,0.58,0.52,2026-10-03,1246,N,VIIRS,l,2.0NRT,306.19,3.4,D
-16.99368,23.48103,335.13,0.58,0.52,2026-10-03,1246,N,VIIRS,n,2.0NRT,301.08,2.39,D
-16.9492,22.46091,338.21,0.5,0.49,2026-10-03,1246,N,VIIRS,n,2.0NRT,307.08,2.22,D
-16.91936,26.02505,335.19,0.43,0.62,2026-10-03,1246,N,VIIRS,l,2.0NRT,307.08,2.17,D
-16.91712,24.63445,349.86,0.35,0.56,2026-10-03,1246,N,VIIRS,n,2.0NRT,307.25,4.54,D
-16.90177,23.24486,343.17,0.57,0.52,2026-10-03,1246,N,VIIRS,n,2.0NRT,310.16,6.21,D
-16.89709,22.21447,353.94,0.49,0.48,2026-10-03,1246,N,VIIRS,n,2.0NRT,311.01,9.46,D
-16.89262,24.65058,333.83,0.35,0.57,2026-10-03,1246,N,VIIRS,l,2.0NRT,305.15,0.59,D
-16.88154,25.89607,367,0.42,0.61,2026-10-03,1246,N,VIIRS,h,2.0NRT,311.39,7.11,D
-16.87591,25.89488,338.88,0.42,0.61,2026-10-03,1246,N,VIIRS,n,2.0NRT,306.48,7.11,D
-16.86809,24.77337,367,0.36,0.57,2026-10-03,1246,N,VIIRS,h,2.0NRT,305.23,4.54,D
-16.86743,24.77671,334.11,0.36,0.57,2026-10-03,1246,N,VIIRS,n,2.0NRT,304.46,4.54,D
-16.86689,24.77205,351.99,0.35,0.57,2026-10-03,1246,N,VIIRS,n,2.0NRT,303.85,4.4,D
-16.8662,24.77538,339.38,0.35,0.57,2026-10-03,1246,N,VIIRS,n,2.0NRT,303.99,4.7,D
-16.83294,26.2941,343.15,0.45,0.63,2026-10-03,1246,N,VIIRS,n,2.0NRT,306.13,6.82,D
-16.80483,24.0191,347.97,0.32,0.54,2026-10-03,1246,N,VIIRS,n,2.0NRT,306.53,4.41,D
-16.80121,24.01841,337.18,0.32,0.54,2026-10-03,1246,N,VIIRS,n,2.0NRT,306.35,3.85,D
-16.76407,26.08134,340.6,0.43,0.62,2026-10-03,1246,N,VIIRS,n,2.0NRT,306.31,4.24,D
-16.75338,22.35048,341.93,0.5,0.49,2026-10-03,1246,N,VIIRS,n,2.0NRT,302.41,5.82,D
-16.74393,24.04407,335.99,0.32,0.55,2026-10-03,1246,N,VIIRS,l,2.0NRT,307.82,2.41,D
-16.72673,23.99961,334.88,0.32,0.54,2026-10-03,1246,N,VIIRS,l,2.0NRT,304.92,3.01,D
-16.72613,24.0026,350.05,0.32,0.54,2026-10-03,1246,N,VIIRS,n,2.0NRT,307.49,3.01,D
-16.72595,22.88468,341.8,0.54,0.51,2026-10-03,1246,N,VIIRS,n,2.0NRT,307.38,8.97,D
-16.72553,24.0056,340.43,0.32,0.54,2026-10-03,1246,N,VIIRS,n,2.0NRT,305.81,3.5,D
-16.72248,26.19293,336.5,0.44,0.62,2026-10-03,1246,N,VIIRS,l,2.0NRT,307.11,6.05,D
-16.70893,22.15989,339.1,0.49,0.48,2026-10-03,1246,N,VIIRS,n,2.0NRT,305.62,4.49,D
-16.67299,25.26398,349.62,0.38,0.59,2026-10-03,1246,N,VIIRS,n,2.0NRT,308.21,6.45,D
-16.67246,25.26309,337.26,0.39,0.59,2026-10-03,1246,N,VIIRS,n,2.0NRT,306.83,5.64,D
-16.67222,25.26765,367,0.38,0.59,2026-10-03,1246,N,VIIRS,h,2.0NRT,310.54,6.45,D
-16.67171,25.26678,367,0.39,0.59,2026-10-03,1246,N,VIIRS,h,2.0NRT,310.68,5.64,D
-16.645,23.65721,336.18,0.61,0.53,2026-10-03,1246,N,VIIRS,n,2.0NRT,306.01,9.46,D
-16.62144,24.70642,343.71,0.36,0.57,2026-10-03,1246,N,VIIRS,n,2.0NRT,307.14,2.46,D
-16.60799,22.11839,331.67,0.49,0.48,2026-10-03,1246,N,VIIRS,n,2.0NRT,298.16,3.6,D
-16.60726,26.50252,337.02,0.46,0.64,2026-10-03,1246,N,VIIRS,n,2.0NRT,301.79,3.67,D
-16.60588,26.59393,334.41,0.47,0.64,2026-10-03,1246,N,VIIRS,n,2.0NRT,301.38,4.28,D
-16.60355,22.11752,344.32,0.49,0.48,2026-10-03,1246,N,VIIRS,n,2.0NRT,301.46,28.24,D
-16.58715,24.55419,333.99,0.35,0.57,2026-10-03,1246,N,VIIRS,l,2.0NRT,307.17,1.75,D
-16.58713,24.55413,335.05,0.35,0.57,2026-10-03,1246,N,VIIRS,l,2.0NRT,307.03,1.85,D
-16.54904,22.75309,341.19,0.53,0.5,2026-10-03,1246,N,VIIRS,n,2.0NRT,309.82,12.11,D
-16.53668,24.12975,334.76,0.33,0.55,2026-10-03,1246,N,VIIRS,l,2.0NRT,309.17,1.84,D
-16.53312,24.36702,338.67,0.34,0.56,2026-10-03,1246,N,VIIRS,n,2.0NRT,306.46,2.44,D
-16.53222,23.26702,343.76,0.58,0.52,2026-10-03,1246,N,VIIRS,n,2.0NRT,305.71,8.59,D
-16.52875,25.16145,367,0.38,0.59,2026-10-03,1246,N,VIIRS,h,2.0NRT,306.93,5.53,D
-16.528,25.16509,337.48,0.38,0.59,2026-10-03,1246,N,VIIRS,n,2.0NRT,303.49,5.53,D
-16.52178,24.17824,345.66,0.33,0.55,2026-10-03,1246,N,VIIRS,n,2.0NRT,309.76,2.72,D
-16.51012,21.94065,330.29,0.47,0.48,2026-10-03,1246,N,VIIRS,l,2.0NRT,303.37,1.67,D
-16.4918,23.14933,346.95,0.57,0.52,2026-10-03,1246,N,VIIRS,n,2.0NRT,308.36,5.35,D
-16.48396,25.46319,347.31,0.4,0.6,2026-10-03,1246,N,VIIRS,n,2.0NRT,307.84,3.6,D
-16.47743,24.21427,339.53,0.33,0.55,2026-10-03,1246,N,VIIRS,n,2.0NRT,308.88,4.15,D
-16.4678,24.65931,333.01,0.35,0.57,2026-10-03,1246,N,VIIRS,l,2.0NRT,306.58,1.79,D
-16.46181,23.22684,339.7,0.57,0.52,2026-10-03,1246,N,VIIRS,n,2.0NRT,306.75,2.04,D
-16.45827,24.38908,335.85,0.34,0.56,2026-10-03,1246,N,VIIRS,l,2.0NRT,307.99,3.43,D
-16.45694,24.39568,351.25,0.34,0.56,2026-10-03,1246,N,VIIRS,n,2.0NRT,308.04,7.82,D
-16.43789,24.30423,339.01,0.34,0.56,2026-10-03,1246,N,VIIRS,n,2.0NRT,307.1,4.49,D
-16.43739,27.87478,332.35,0.57,0.69,2026-10-03,1246,N,VIIRS,n,2.0NRT,296.39,2.62,D
-16.4309,26.78556,340.92,0.49,0.65,2026-10-03,1246,N,VIIRS,n,2.0NRT,304.68,6.64,D
-16.4299,26.78492,336.51,0.49,0.65,2026-10-03,1246,N,VIIRS,n,2.0NRT,303.59,3.58,D
-16.4175,23.50425,346.12,0.6,0.53,2026-10-03,1246,N,VIIRS,n,2.0NRT,309.1,8.58,D
-16.41545,23.03322,340.86,0.56,0.51,2026-10-03,1246,N,VIIRS,n,2.0NRT,310.07,4.81,D
-16.4051,22.27537,344.33,0.5,0.49,2026-10-03,1246,N,VIIRS,n,2.0NRT,314.15,7.07,D
-16.39574,26.34735,337.2,0.46,0.63,2026-10-03,1246,N,VIIRS,n,2.0NRT,306.78,5.18,D
-16.38992,26.34602,346.92,0.46,0.63,2026-10-03,1246,N,VIIRS,n,2.0NRT,305.62,4.31,D
-16.36207,23.38695,342.9,0.59,0.53,2026-10-03,1246,N,VIIRS,n,2.0NRT,305.48,5.63,D
-16.34703,23.78302,332.44,0.63,0.54,2026-10-03,1246,N,VIIRS,l,2.0NRT,306.74,4.06,D
-16.34586,23.78889,333.44,0.63,0.54,2026-10-03,1246,N,VIIRS,l,2.0NRT,305.89,4.06,D
-16.34263,26.08782,350.66,0.44,0.62,2026-10-03,1246,N,VIIRS,n,2.0NRT,307.29,22.6,D
-16.34174,26.09206,367,0.44,0.62,2026-10-03,1246,N,VIIRS,h,2.0NRT,309.09,31.87,D
-16.33834,22.42622,336.66,0.51,0.5,2026-10-03,1246,N,VIIRS,l,2.0NRT,309.58,6.5,D
-16.33118,26.14243,340.95,0.45,0.63,2026-10-03,1246,N,VIIRS,n,2.0NRT,304.84,4.42,D
-16.33031,26.14661,343.64,0.45,0.63,2026-10-03,1246,N,VIIRS,n,2.0NRT,305.54,4.42,D
-16.32984,21.98017,335.76,0.48,0.48,2026-10-03,1246,N,VIIRS,n,2.0NRT,304.46,2.21,D
-16.30253,24.78657,335.08,0.36,0.58,2026-10-03,1246,N,VIIRS,n,2.0NRT,304.02,3.71,D
-16.30184,24.78999,340.09,0.36,0.58,2026-10-03,1246,N,VIIRS,n,2.0NRT,305.2,3.71,D
-16.29716,24.78577,347.84,0.36,0.58,2026-10-03,1246,N,VIIRS,n,2.0NRT,305.6,3.71,D
-16.29647,24.78919,346.4,0.36,0.58,2026-10-03,1246,N,VIIRS,n,2.0NRT,302.9,3.71,D
-16.29578,24.79258,337.9,0.37,0.58,2026-10-03,1246,N,VIIRS,n,2.0NRT,303.07,5.95,D
-16.29048,25.02183,337.11,0.38,0.59,2026-10-03,1246,N,VIIRS,n,2.0NRT,306.76,3.34,D
-16.27815,23.18451,338.38,0.58,0.52,2026-10-03,1246,N,VIIRS,l,2.0NRT,312.73,5.17,D
-16.27567,26.70733,336.06,0.48,0.65,2026-10-03,1246,N,VIIRS,l,2.0NRT,306.57,5.03,D
-16.26288,24.58219,337.01,0.35,0.57,2026-10-03,1246,N,VIIRS,n,2.0NRT,303.3,2.8,D
-16.26191,24.58058,331.5,0.35,0.57,2026-10-03,1246,N,VIIRS,l,2.0NRT,302.65,3.22,D
-16.25852,23.20866,338.99,0.58,0.52,2026-10-03,1246,N,VIIRS,l,2.0NRT,313.17,7.08,D
-16.24208,24.44088,335.7,0.35,0.57,2026-10-03,1246,N,VIIRS,l,2.0NRT,307.18,3.11,D
-16.22181,23.11978,342.77,0.57,0.52,2026-10-03,1246,N,VIIRS,n,2.0NRT,311.68,6.27,D
-16.22173,23.11713,342.01,0.57,0.52,2026-10-03,1246,N,VIIRS,l,2.0NRT,312.38,3.95,D
-16.21205,23.62979,330.28,0.62,0.54,2026-10-03,1246,N,VIIRS,l,2.0NRT,304.67,5.42,D
-16.20926,21.90661,341.17,0.48,0.48,2026-10-03,1246,N,VIIRS,n,2.0NRT,306.52,5.11,D
-16.20024,25.20811,352.18,0.39,0.59,2026-10-03,1246,N,VIIRS,n,2.0NRT,305.64,3.95,D
-16.19949,25.21179,342.65,0.39,0.59,2026-10-03,1246,N,VIIRS,n,2.0NRT,305.63,3.95,D
-16.19407,25.23829,367,0.39,0.59,2026-10-03,1246,N,VIIRS,h,2.0NRT,309.48,12.35,D
-16.1939,22.2453,341.68,0.5,0.49,2026-10-03,1246,N,VIIRS,n,2.0NRT,311.67,9.03,D
-16.18938,25.2333,367,0.39,0.59,2026-10-03,1246,N,VIIRS,h,2.0NRT,306.92,6.19,D
-16.16122,23.07397,341.93,0.57,0.52,2026-10-03,1246,N,VIIRS,n,2.0NRT,311.08,4.19,D
-16.16016,23.07939,338.07,0.57,0.52,2026-10-03,1246,N,VIIRS,l,2.0NRT,310.35,5.51,D
-16.14932,24.84567,354.99,0.37,0.58,2026-10-03,1246,N,VIIRS,n,2.0NRT,309.1,6.8,D
-16.13273,23.09846,344.06,0.57,0.52,2026-10-03,1246,N,VIIRS,n,2.0NRT,310.24,4.16,D
-16.11355,24.32544,333.18,0.34,0.56,2026-10-03,1246,N,VIIRS,l,2.0NRT,304.57,1.25,D
-16.09854,22.62566,343.48,0.53,0.5,2026-10-03,1246,N,VIIRS,n,2.0NRT,310.81,8.6,D
-16.09697,22.62343,351.03,0.53,0.5,2026-10-03,1246,N,VIIRS,n,2.0NRT,310.99,8.19,D
-16.09595,22.72774,331.78,0.54,0.51,2026-10-03,1246,N,VIIRS,n,2.0NRT,298.6,4.9,D
-16.09496,25.19534,340.7,0.39,0.59,2026-10-03,1246,N,VIIRS,n,2.0NRT,303.57,3.48,D
-16.09486,24.86636,337.65,0.37,0.58,2026-10-03,1246,N,VIIRS,n,2.0NRT,304.23,1.4,D
-16.09421,25.19905,347.88,0.39,0.59,2026-10-03,1246,N,VIIRS,n,2.0NRT,304.56,6.61,D
-16.09245,24.86633,332.21,0.37,0.58,2026-10-03,1246,N,VIIRS,l,2.0NRT,304.01,1.37,D
-16.0807,22.31761,338.03,0.51,0.49,2026-10-03,1246,N,VIIRS,n,2.0NRT,308.6,4.49,D
-16.06832,24.79229,367,0.37,0.58,2026-10-03,1246,N,VIIRS,h,2.0NRT,305.84,10.87,D
-16.06645,24.94918,338.44,0.38,0.59,2026-10-03,1246,N,VIIRS,n,2.0NRT,306.8,1.88,D
-16.06536,24.94571,337.71,0.38,0.59,2026-10-03,1246,N,VIIRS,n,2.0NRT,306.71,5.89,D
-16.05833,24.33118,333.99,0.34,0.56,2026-10-03,1246,N,VIIRS,l,2.0NRT,305.02,2,D
-16.05704,24.33762,336.23,0.34,0.56,2026-10-03,1246,N,VIIRS,n,2.0NRT,304.09,5.27,D
-16.0564,24.34085,337.48,0.34,0.56,2026-10-03,1246,N,VIIRS,n,2.0NRT,304.35,3.41,D
-16.05465,26.08798,357.33,0.45,0.63,2026-10-03,1246,N,VIIRS,n,2.0NRT,305.56,6.46,D
-16.0543,26.08765,367,0.45,0.63,2026-10-03,1246,N,VIIRS,h,2.0NRT,304.93,6.43,D
-16.05397,22.63225,349.53,0.54,0.5,2026-10-03,1246,N,VIIRS,n,2.0NRT,309.45,7.21,D
-16.05342,23.20043,339.72,0.58,0.52,2026-10-03,1246,N,VIIRS,n,2.0NRT,309.87,5.73,D
-16.05169,23.8692,334.42,0.32,0.55,2026-10-03,1246,N,VIIRS,l,2.0NRT,308.83,1.82,D
-16.04989,23.98598,367,0.33,0.55,2026-10-03,1246,N,VIIRS,h,2.0NRT,309.88,4.54,D
-16.04791,23.98461,367,0.33,0.55,2026-10-03,1246,N,VIIRS,h,2.0NRT,309.27,9.16,D
-16.04482,23.98493,331.95,0.33,0.55,2026-10-03,1246,N,VIIRS,n,2.0NRT,305.79,4.54,D
-16.04422,23.98801,346.83,0.33,0.55,2026-10-03,1246,N,VIIRS,n,2.0NRT,308.72,6.35,D
-16.03959,24.96205,341.5,0.38,0.59,2026-10-03,1246,N,VIIRS,n,2.0NRT,303.61,3.85,D
-16.02116,22.77848,332.56,0.55,0.51,2026-10-03,1246,N,VIIRS,l,2.0NRT,305.78,2.92,D
-16.01648,22.77752,344.16,0.55,0.51,2026-10-03,1246,N,VIIRS,n,2.0NRT,305.42,10.26,D
-16.0108,22.78171,332.28,0.55,0.51,2026-10-03,1246,N,VIIRS,l,2.0NRT,305.58,5.36,D
-16.00291,24.97637,334.38,0.38,0.59,2026-10-03,1246,N,VIIRS,l,2.0NRT,305.4,5.64,D
-15.97787,22.16684,346.24,0.5,0.49,2026-10-03,1246,N,VIIRS,n,2.0NRT,309.21,13.28,D
-15.96234,24.53774,334.01,0.36,0.57,2026-10-03,1246,N,VIIRS,l,2.0NRT,304.92,1.49,D
-15.95779,24.53318,330.39,0.36,0.57,2026-10-03,1246,N,VIIRS,l,2.0NRT,304.97,1.49,D
-15.94114,23.43748,342.91,0.61,0.53,2026-10-03,1246,N,VIIRS,n,2.0NRT,311.56,6.5,D
-15.93898,23.44037,343.22,0.61,0.53,2026-10-03,1246,N,VIIRS,n,2.0NRT,312.04,7.16,D
-15.93816,23.40144,339.54,0.6,0.53,2026-10-03,1246,N,VIIRS,n,2.0NRT,310.33,5.52,D
-15.93796,22.17475,346.86,0.5,0.49,2026-10-03,1246,N,VIIRS,n,2.0NRT,315.37,11.3,D
-15.92354,24.57341,367,0.36,0.57,2026-10-03,1246,N,VIIRS,h,2.0NRT,311.92,9.77,D
-15.91449,23.77867,347.35,0.32,0.54,2026-10-03,1246,N,VIIRS,n,2.0NRT,307.83,5.2,D
-15.9139,23.78164,351.88,0.32,0.55,2026-10-03,1246,N,VIIRS,n,2.0NRT,307.48,7.38,D
-15.90963,24.42405,333.57,0.35,0.57,2026-10-03,1246,N,VIIRS,l,2.0NRT,303.96,2.78,D
-15.90896,24.42736,333.84,0.35,0.57,2026-10-03,1246,N,VIIRS,n,2.0NRT,303.11,2.78,D
-15.89169,23.97295,339.43,0.33,0.55,2026-10-03,1246,N,VIIRS,n,2.0NRT,307.14,2.14,D
-15.88759,26.76879,344.69,0.5,0.66,2026-10-03,1246,N,VIIRS,n,2.0NRT,306.25,4.31,D
-15.88192,25.01257,339.06,0.38,0.59,2026-10-03,1246,N,VIIRS,n,2.0NRT,302.25,5.28,D
-15.88119,25.01617,337.67,0.38,0.59,2026-10-03,1246,N,VIIRS,n,2.0NRT,302.9,6.4,D
-15.86926,24.19355,334.08,0.34,0.56,2026-10-03,1246,N,VIIRS,l,2.0NRT,305.67,2.86,D
-15.85064,24.01939,334.59,0.33,0.55,2026-10-03,1246,N,VIIRS,n,2.0NRT,309.56,1.88,D
-15.84834,22.72748,336.11,0.55,0.51,2026-10-03,1246,N,VIIRS,l,2.0NRT,310.4,4.09,D
-15.84737,22.7326,341.94,0.55,0.51,2026-10-03,1246,N,VIIRS,n,2.0NRT,310.21,9.29,D
-15.84545,23.89746,345.37,0.33,0.55,2026-10-03,1246,N,VIIRS,n,2.0NRT,307.64,3.95,D
-15.84543,22.74286,344.59,0.55,0.51,2026-10-03,1246,N,VIIRS,n,2.0NRT,310.21,5.93,D
-15.84367,24.32252,339.22,0.35,0.57,2026-10-03,1246,N,VIIRS,n,2.0NRT,305.24,4.47,D
-15.83921,23.9025,332.62,0.33,0.55,2026-10-03,1246,N,VIIRS,l,2.0NRT,305.95,1.9,D
-15.8345,24.31419,333.69,0.35,0.56,2026-10-03,1246,N,VIIRS,l,2.0NRT,305.51,1.99,D
-15.8202,22.59536,349.18,0.54,0.51,2026-10-03,1246,N,VIIRS,n,2.0NRT,315.04,16.63,D
-15.81923,22.60038,338.13,0.54,0.51,2026-10-03,1246,N,VIIRS,n,2.0NRT,306.68,8.11,D
-15.80182,23.22462,336.86,0.59,0.53,2026-10-03,1246,N,VIIRS,l,2.0NRT,307.16,4.35,D
-15.79703,23.05042,346.04,0.58,0.52,2026-10-03,1246,N,VIIRS,n,2.0NRT,303.02,6.27,D
-15.78792,24.27693,334.67,0.35,0.56,2026-10-03,1246,N,VIIRS,l,2.0NRT,305.17,1.78,D
-15.78781,24.27509,330.7,0.35,0.56,2026-10-03,1246,N,VIIRS,l,2.0NRT,304.75,1.34,D
-15.78661,24.2834,332.9,0.35,0.56,2026-10-03,1246,N,VIIRS,l,2.0NRT,305.49,3.79,D
-15.78654,24.28156,331.5,0.35,0.56,2026-10-03,1246,N,VIIRS,l,2.0NRT,305.09,3.8,D
-15.78591,24.28482,333.65,0.35,0.56,2026-10-03,1246,N,VIIRS,l,2.0NRT,305.32,4.59,D
-15.78076,24.28556,334.96,0.35,0.56,2026-10-03,1246,N,VIIRS,n,2.0NRT,304.2,3.06,D
-15.76075,24.41337,338.31,0.35,0.57,2026-10-03,1246,N,VIIRS,n,2.0NRT,305.98,3.78,D
-15.76053,24.41163,338.92,0.35,0.57,2026-10-03,1246,N,VIIRS,n,2.0NRT,306.62,3.79,D
-15.75986,24.41491,330,0.35,0.57,2026-10-03,1246,N,VIIRS,l,2.0NRT,304.94,3.79,D
-15.75881,24.89191,332.69,0.38,0.59,2026-10-03,1246,N,VIIRS,n,2.0NRT,301.11,2,D
-15.75655,24.21473,339.99,0.34,0.56,2026-10-03,1246,N,VIIRS,n,2.0NRT,305.33,2.6,D
-15.75612,24.40914,340.1,0.35,0.57,2026-10-03,1246,N,VIIRS,n,2.0NRT,308.29,3.78,D
-15.75592,24.21793,349.92,0.34,0.56,2026-10-03,1246,N,VIIRS,n,2.0NRT,306.92,5.57,D
-15.75528,24.22115,332.44,0.34,0.56,2026-10-03,1246,N,VIIRS,l,2.0NRT,305.87,5.57,D
-15.75324,24.42062,330.99,0.35,0.57,2026-10-03,1246,N,VIIRS,l,2.0NRT,304.5,2.39,D
-15.75139,24.21366,339.81,0.34,0.56,2026-10-03,1246,N,VIIRS,n,2.0NRT,305.74,2.6,D
-15.74888,22.07682,343.61,0.5,0.49,2026-10-03,1246,N,VIIRS,n,2.0NRT,310.38,7.1,D
-15.74801,22.0815,343.47,0.5,0.49,2026-10-03,1246,N,VIIRS,n,2.0NRT,311.05,7.1,D
-15.74714,22.08619,337.97,0.5,0.49,2026-10-03,1246,N,VIIRS,l,2.0NRT,310.83,5.83,D
-15.74558,24.2158,367,0.34,0.56,2026-10-03,1246,N,VIIRS,h,2.0NRT,308.13,8.03,D
-15.74494,24.21901,367,0.34,0.56,2026-10-03,1246,N,VIIRS,h,2.0NRT,309.52,8.03,D
-15.74447,24.08687,352.7,0.34,0.56,2026-10-03,1246,N,VIIRS,n,2.0NRT,303.32,5.81,D
-15.7443,24.22224,367,0.34,0.56,2026-10-03,1246,N,VIIRS,h,2.0NRT,307.24,10.98,D
-15.74415,22.65553,345.26,0.54,0.51,2026-10-03,1246,N,VIIRS,n,2.0NRT,313.65,14.26,D
-15.74278,22.10961,347.7,0.5,0.49,2026-10-03,1246,N,VIIRS,n,2.0NRT,309.53,8.7,D
-15.74173,24.97244,345.21,0.38,0.59,2026-10-03,1246,N,VIIRS,n,2.0NRT,305.99,3.71,D
-15.74173,24.97427,349.4,0.38,0.59,2026-10-03,1246,N,VIIRS,n,2.0NRT,306.49,4.55,D
-15.73374,25.01235,330.77,0.39,0.59,2026-10-03,1246,N,VIIRS,l,2.0NRT,304.94,1.96,D
-15.73037,22.15112,337.81,0.51,0.49,2026-10-03,1246,N,VIIRS,n,2.0NRT,307.18,5.15,D
-15.72948,22.15584,338.53,0.51,0.49,2026-10-03,1246,N,VIIRS,n,2.0NRT,306.52,5.15,D
-15.72306,22.41293,348.85,0.52,0.5,2026-10-03,1246,N,VIIRS,n,2.0NRT,292.21,6.7,D
-15.71507,24.10018,354.17,0.34,0.56,2026-10-03,1246,N,VIIRS,n,2.0NRT,309.3,13.51,D
-15.71443,24.10335,367,0.34,0.56,2026-10-03,1246,N,VIIRS,h,2.0NRT,314.06,24.82,D
-15.71426,24.09903,333.4,0.34,0.56,2026-10-03,1246,N,VIIRS,n,2.0NRT,306.59,8.48,D
-15.71364,24.10221,367,0.34,0.56,2026-10-03,1246,N,VIIRS,h,2.0NRT,316.72,27.7,D
-15.70303,24.48405,334.71,0.36,0.57,2026-10-03,1246,N,VIIRS,l,2.0NRT,305.1,1.96,D
-15.70281,22.97762,347.59,0.57,0.52,2026-10-03,1246,N,VIIRS,n,2.0NRT,308.35,12.4,D
-15.70224,22.97515,335.24,0.57,0.52,2026-10-03,1246,N,VIIRS,l,2.0NRT,307.45,5.84,D
-15.70119,22.98047,335.85,0.57,0.52,2026-10-03,1246,N,VIIRS,l,2.0NRT,305.88,5.84,D
-15.67774,28.44396,337.37,0.64,0.72,2026-10-03,1246,N,VIIRS,n,2.0NRT,298.93,6.02,D
-15.67745,22.67396,340.2,0.55,0.51,2026-10-03,1246,N,VIIRS,l,2.0NRT,312.56,10.54,D
-15.67544,28.44519,349.97,0.64,0.72,2026-10-03,1246,N,VIIRS,n,2.0NRT,297.69,7.1,D
-15.67444,24.22052,331.57,0.34,0.56,2026-10-03,1246,N,VIIRS,l,2.0NRT,303.82,1.79,D
-15.67354,24.17024,354.01,0.34,0.56,2026-10-03,1246,N,VIIRS,n,2.0NRT,306.82,3.57,D
-15.67318,24.22693,331.41,0.34,0.56,2026-10-03,1246,N,VIIRS,l,2.0NRT,305.47,2.52,D
-15.67308,24.22771,334.07,0.34,0.56,2026-10-03,1246,N,VIIRS,l,2.0NRT,305.13,2.86,D
-15.67248,22.2087,341,0.51,0.49,2026-10-03,1246,N,VIIRS,n,2.0NRT,306.68,8.16,D
-15.67067,22.21825,332.63,0.51,0.49,2026-10-03,1246,N,VIIRS,l,2.0NRT,304.27,2.26,D
-15.66924,24.21951,348.81,0.34,0.56,2026-10-03,1246,N,VIIRS,n,2.0NRT,305.71,6.57,D
-15.66612,22.21734,331.21,0.51,0.49,2026-10-03,1246,N,VIIRS,l,2.0NRT,302.2,2.26,D
-15.66344,23.18499,333.49,0.59,0.53,2026-10-03,1246,N,VIIRS,l,2.0NRT,307.05,3.23,D
-15.65303,24.73398,350.67,0.37,0.58,2026-10-03,1246,N,VIIRS,n,2.0NRT,306.32,4.83,D
-15.65175,24.79613,338.62,0.38,0.58,2026-10-03,1246,N,VIIRS,n,2.0NRT,308,5.8,D
-15.63052,24.33346,336.58,0.35,0.57,2026-10-03,1246,N,VIIRS,n,2.0NRT,305.52,3.04,D
-15.62995,22.60864,335.08,0.54,0.51,2026-10-03,1246,N,VIIRS,l,2.0NRT,308.06,4.15,D
-15.62528,22.60771,340.53,0.54,0.51,2026-10-03,1246,N,VIIRS,n,2.0NRT,308.45,4.81,D
-15.61912,24.76362,336.03,0.37,0.58,2026-10-03,1246,N,VIIRS,l,2.0NRT,308.25,1.31,D
-15.61758,27.10672,332.68,0.53,0.67,2026-10-03,1246,N,VIIRS,n,2.0NRT,302.25,5.84,D
-15.61163,24.23779,347.27,0.35,0.56,2026-10-03,1246,N,VIIRS,n,2.0NRT,306.2,2.99,D
-15.61097,24.24104,331.27,0.35,0.56,2026-10-03,1246,N,VIIRS,l,2.0NRT,305.2,3.5,D
-15.58343,23.03529,343.12,0.58,0.52,2026-10-03,1246,N,VIIRS,n,2.0NRT,301.64,17.19,D
-15.58281,24.85922,333,0.38,0.59,2026-10-03,1246,N,VIIRS,l,2.0NRT,307.11,2.2,D
-15.57699,26.10436,344.76,0.46,0.63,2026-10-03,1246,N,VIIRS,n,2.0NRT,308.57,6.26,D
-15.52782,24.11472,353.42,0.34,0.56,2026-10-03,1246,N,VIIRS,n,2.0NRT,311.35,6.45,D
-15.52242,27.75219,353.06,0.58,0.7,2026-10-03,1246,N,VIIRS,n,2.0NRT,307.17,6.21,D
-15.51598,27.75076,337.38,0.58,0.7,2026-10-03,1246,N,VIIRS,n,2.0NRT,304.97,6.21,D
-15.50977,23.68737,347.85,0.32,0.55,2026-10-03,1246,N,VIIRS,n,2.0NRT,308.99,5.81,D
-15.4809,26.3559,351.99,0.48,0.64,2026-10-03,1246,N,VIIRS,n,2.0NRT,306,5.28,D
-15.48026,23.60284,343.1,0.63,0.54,2026-10-03,1246,N,VIIRS,n,2.0NRT,309.29,8.86,D
-15.48024,22.59773,341.81,0.54,0.51,2026-10-03,1246,N,VIIRS,n,2.0NRT,309.03,6.92,D
-15.47923,23.6049,344.85,0.63,0.54,2026-10-03,1246,N,VIIRS,n,2.0NRT,308.64,7.32,D
-15.47892,26.35518,347.84,0.48,0.64,2026-10-03,1246,N,VIIRS,n,2.0NRT,305.74,3.98,D
-15.45929,24.77052,333.77,0.38,0.59,2026-10-03,1246,N,VIIRS,l,2.0NRT,307.25,1.56,D
-15.45362,22.29453,335.56,0.52,0.5,2026-10-03,1246,N,VIIRS,n,2.0NRT,298.55,5.54,D
-15.44712,22.08032,340.27,0.51,0.49,2026-10-03,1246,N,VIIRS,l,2.0NRT,313.85,10.25,D
-15.44641,22.08426,340.94,0.51,0.49,2026-10-03,1246,N,VIIRS,n,2.0NRT,309.45,9.3,D
-15.44209,24.73604,337.58,0.38,0.58,2026-10-03,1246,N,VIIRS,l,2.0NRT,310.06,4.77,D
-15.44137,24.73965,338.09,0.38,0.58,2026-10-03,1246,N,VIIRS,n,2.0NRT,305.72,4.03,D
-15.4406,28.09235,339.5,0.62,0.71,2026-10-03,1246,N,VIIRS,n,2.0NRT,303.5,6.2,D
-15.43339,24.58512,339.09,0.37,0.58,2026-10-03,1246,N,VIIRS,l,2.0NRT,311.51,3.32,D
-15.4318,23.77279,342.76,0.33,0.55,2026-10-03,1246,N,VIIRS,n,2.0NRT,311.12,2.38,D
-15.43121,23.77585,330.43,0.33,0.55,2026-10-03,1246,N,VIIRS,l,2.0NRT,304.95,2.38,D
-15.42922,24.60577,339.05,0.37,0.58,2026-10-03,1246,N,VIIRS,n,2.0NRT,306.9,3.26,D
-15.41831,22.7404,332.38,0.56,0.51,2026-10-03,1246,N,VIIRS,n,2.0NRT,302.93,5.57,D
-15.4175,24.887,332.96,0.38,0.59,2026-10-03,1246,N,VIIRS,l,2.0NRT,307.33,1.64,D
-15.41633,24.75266,367,0.38,0.59,2026-10-03,1246,N,VIIRS,h,2.0NRT,308.23,5.77,D
-15.41432,26.27882,338.21,0.47,0.64,2026-10-03,1246,N,VIIRS,n,2.0NRT,304.9,3.84,D
-15.40561,23.79918,338.81,0.33,0.55,2026-10-03,1246,N,VIIRS,l,2.0NRT,309.58,3.45,D
-15.38335,23.72514,337.84,0.32,0.55,2026-10-03,1246,N,VIIRS,l,2.0NRT,308.49,3.57,D
-15.38086,24.67914,367,0.37,0.58,2026-10-03,1246,N,VIIRS,h,2.0NRT,310.03,6.75,D
-15.38014,24.68264,340.82,0.37,0.58,2026-10-03,1246,N,VIIRS,n,2.0NRT,305.69,6.64,D
-15.37951,24.67716,333.94,0.37,0.58,2026-10-03,1246,N,VIIRS,n,2.0NRT,306.27,4.5,D
-15.37914,24.04349,330.19,0.34,0.56,2026-10-03,1246,N,VIIRS,l,2.0NRT,303.94,2.03,D
-15.37882,24.68066,367,0.37,0.58,2026-10-03,1246,N,VIIRS,h,2.0NRT,308.69,9.23,D
-15.37449,24.98774,336.02,0.39,0.59,2026-10-03,1246,N,VIIRS,l,2.0NRT,306.1,3.06,D
-15.36529,24.30556,334.26,0.35,0.57,2026-10-03,1246,N,VIIRS,l,2.0NRT,307.04,1.92,D
-15.35704,27.96133,336.96,0.61,0.71,2026-10-03,1246,N,VIIRS,n,2.0NRT,302.27,5.19,D
-15.35526,27.95885,336.74,0.61,0.71,2026-10-03,1246,N,VIIRS,n,2.0NRT,302.23,3.37,D
-15.35265,29.34032,336.22,0.74,0.76,2026-10-03,1246,N,VIIRS,n,2.0NRT,290.12,8.24,D
-15.34788,24.2302,336.78,0.35,0.57,2026-10-03,1246,N,VIIRS,l,2.0NRT,308.02,3.26,D
-15.34778,23.62235,337.18,0.32,0.55,2026-10-03,1246,N,VIIRS,n,2.0NRT,308.09,1.88,D
-15.34479,22.07504,340.14,0.51,0.49,2026-10-03,1246,N,VIIRS,n,2.0NRT,309.73,6.23,D
-15.33676,22.51979,338.64,0.54,0.51,2026-10-03,1246,N,VIIRS,l,2.0NRT,309.21,3.83,D
-15.33625,22.98669,335.66,0.58,0.52,2026-10-03,1246,N,VIIRS,n,2.0NRT,309.14,5.97,D
-15.33351,24.33223,334.21,0.36,0.57,2026-10-03,1246,N,VIIRS,l,2.0NRT,308.76,1.39,D
-15.325,26.27705,335.25,0.48,0.64,2026-10-03,1246,N,VIIRS,l,2.0NRT,305.53,3.12,D
-15.32158,28.04877,336.27,0.61,0.71,2026-10-03,1246,N,VIIRS,n,2.0NRT,298.47,3.77,D
-15.3169,24.38224,341.28,0.36,0.57,2026-10-03,1246,N,VIIRS,n,2.0NRT,306.41,1.96,D
-15.31407,22.56291,351.37,0.55,0.51,2026-10-03,1246,N,VIIRS,n,2.0NRT,312.54,8.97,D
-15.28688,24.34673,344.25,0.36,0.57,2026-10-03,1246,N,VIIRS,n,2.0NRT,308.79,3.74,D
-15.28622,24.35007,344.92,0.36,0.57,2026-10-03,1246,N,VIIRS,n,2.0NRT,307.34,3.74,D
-15.26689,27.00326,344.07,0.53,0.67,2026-10-03,1246,N,VIIRS,n,2.0NRT,305.4,5.46,D
-15.26332,24.30042,339.59,0.35,0.57,2026-10-03,1246,N,VIIRS,n,2.0NRT,310.55,4.72,D
-15.25811,24.29917,338.06,0.35,0.57,2026-10-03,1246,N,VIIRS,n,2.0NRT,306.2,4.72,D
-15.25743,24.30255,367,0.35,0.57,2026-10-03,1246,N,VIIRS,h,2.0NRT,307.73,4.72,D
-15.25735,24.22599,333.77,0.35,0.57,2026-10-03,1246,N,VIIRS,l,2.0NRT,306.22,1.71,D
-15.25641,24.22654,332.58,0.35,0.57,2026-10-03,1246,N,VIIRS,l,2.0NRT,306.01,1.35,D
-15.244,26.87519,337.54,0.52,0.67,2026-10-03,1246,N,VIIRS,n,2.0NRT,303.65,2.64,D
-15.24307,26.87384,338.38,0.52,0.67,2026-10-03,1246,N,VIIRS,n,2.0NRT,304.48,3.06,D
-15.24275,24.16187,335.66,0.35,0.57,2026-10-03,1246,N,VIIRS,l,2.0NRT,307.88,2.46,D
-15.23445,24.20423,350.71,0.35,0.57,2026-10-03,1246,N,VIIRS,n,2.0NRT,308.96,5.84,D
-15.23377,27.219,345.54,0.55,0.68,2026-10-03,1246,N,VIIRS,n,2.0NRT,307.22,6.84,D
-15.22816,22.60434,336.86,0.55,0.51,2026-10-03,1246,N,VIIRS,l,2.0NRT,308.89,3.28,D
-15.22756,22.6013,341.96,0.55,0.51,2026-10-03,1246,N,VIIRS,n,2.0NRT,308.52,5.12,D
-15.2266,22.60643,335.09,0.55,0.51,2026-10-03,1246,N,VIIRS,l,2.0NRT,307.57,5.12,D
-15.2085,22.22654,346.99,0.52,0.5,2026-10-03,1246,N,VIIRS,n,2.0NRT,309.13,2.34,D
-15.20528,24.50593,367,0.37,0.58,2026-10-03,1246,N,VIIRS,h,2.0NRT,305.6,6.62,D
-15.20459,24.50936,339.41,0.37,0.58,2026-10-03,1246,N,VIIRS,n,2.0NRT,305.24,6.62,D
-15.20365,24.47303,337.76,0.37,0.58,2026-10-03,1246,N,VIIRS,n,2.0NRT,307.87,4.65,D
-15.20091,24.47296,367,0.36,0.58,2026-10-03,1246,N,VIIRS,h,2.0NRT,307.61,7.66,D
-15.19833,24.47196,353.95,0.37,0.58,2026-10-03,1246,N,VIIRS,n,2.0NRT,309.01,5.6,D
-15.11773,24.85181,352.19,0.39,0.59,2026-10-03,1246,N,VIIRS,n,2.0NRT,308.74,6.12,D
-15.11767,24.85178,353.21,0.39,0.59,2026-10-03,1246,N,VIIRS,n,2.0NRT,309.66,6.56,D
-15.11045,26.72524,335.23,0.51,0.66,2026-10-03,1246,N,VIIRS,n,2.0NRT,302.32,2.59,D
-15.11014,24.97631,333.44,0.4,0.6,2026-10-03,1246,N,VIIRS,l,2.0NRT,306.83,3.98,D
-15.10923,24.97595,339.46,0.4,0.6,2026-10-03,1246,N,VIIRS,n,2.0NRT,307.97,2.71,D
-15.10392,24.80735,340.96,0.39,0.59,2026-10-03,1246,N,VIIRS,n,2.0NRT,305.19,5.12,D
-15.09689,23.9433,340.87,0.34,0.56,2026-10-03,1246,N,VIIRS,l,2.0NRT,312.76,2.82,D
-15.09609,23.94361,345.6,0.34,0.56,2026-10-03,1246,N,VIIRS,n,2.0NRT,311.63,3.09,D
-15.0644,26.31325,351.94,0.48,0.65,2026-10-03,1246,N,VIIRS,n,2.0NRT,304.51,3.59,D
-15.06209,24.14352,341.77,0.35,0.57,2026-10-03,1246,N,VIIRS,n,2.0NRT,307.71,2.92,D
-15.05864,25.36313,336.91,0.42,0.61,2026-10-03,1246,N,VIIRS,n,2.0NRT,310.26,7.27,D
-15.05783,25.36707,367,0.42,0.61,2026-10-03,1246,N,VIIRS,h,2.0NRT,316.09,7.27,D
-15.05702,25.371,353.2,0.42,0.61,2026-10-03,1246,N,VIIRS,n,2.0NRT,312.91,11.6,D
-15.05374,25.17282,341.41,0.41,0.6,2026-10-03,1246,N,VIIRS,n,2.0NRT,313.48,4.65,D
-15.05143,25.17192,367,0.41,0.6,2026-10-03,1246,N,VIIRS,h,2.0NRT,316.94,16.4,D
-15.04893,25.16788,338.65,0.41,0.6,2026-10-03,1246,N,VIIRS,n,2.0NRT,309.97,7.63,D
-15.04818,25.17167,367,0.41,0.6,2026-10-03,1246,N,VIIRS,h,2.0NRT,311.59,7.63,D
-15.04685,25.20726,338.11,0.41,0.61,2026-10-03,1246,N,VIIRS,l,2.0NRT,309.87,1.27,D
-15.04625,25.23933,339.12,0.41,0.61,2026-10-03,1246,N,VIIRS,n,2.0NRT,308.6,1.4,D
-15.04525,26.73103,335.69,0.51,0.66,2026-10-03,1246,N,VIIRS,n,2.0NRT,302.45,2.11,D
-15.04393,22.81922,335.73,0.57,0.52,2026-10-03,1246,N,VIIRS,n,2.0NRT,304.81,4.74,D
-15.04122,22.8857,337.2,0.58,0.52,2026-10-03,1246,N,VIIRS,n,2.0NRT,307.17,3.59,D
-15.04008,26.36904,337.26,0.49,0.65,2026-10-03,1246,N,VIIRS,n,2.0NRT,304.45,3.1,D
-15.03887,26.36905,337.35,0.49,0.65,2026-10-03,1246,N,VIIRS,n,2.0NRT,304.45,2.12,D
-15.02943,22.0494,346.31,0.51,0.5,2026-10-03,1246,N,VIIRS,n,2.0NRT,315.35,6.37,D
-15.02911,22.04846,343.73,0.51,0.49,2026-10-03,1246,N,VIIRS,l,2.0NRT,314.22,5.51,D
-15.02425,26.38454,355.71,0.49,0.65,2026-10-03,1246,N,VIIRS,n,2.0NRT,307.84,8.18,D
-15.02328,26.38907,347.95,0.49,0.65,2026-10-03,1246,N,VIIRS,n,2.0NRT,309.81,8.18,D
-15.02316,26.38454,367,0.49,0.65,2026-10-03,1246,N,VIIRS,h,2.0NRT,307.7,7.65,D
-15.02315,23.00683,343.69,0.59,0.53,2026-10-03,1246,N,VIIRS,n,2.0NRT,310.12,9.93,D
-15.02222,26.38908,346.59,0.49,0.65,2026-10-03,1246,N,VIIRS,n,2.0NRT,309.01,7.65,D
-15.01473,24.80007,356.44,0.39,0.59,2026-10-03,1246,N,VIIRS,n,2.0NRT,308.25,6.53,D
-15.01431,24.79899,346.42,0.39,0.59,2026-10-03,1246,N,VIIRS,n,2.0NRT,306.7,4.19,D
-15.01399,24.80368,339.41,0.39,0.59,2026-10-03,1246,N,VIIRS,n,2.0NRT,309.32,6.84,D
-15.01359,24.80261,351.93,0.39,0.59,2026-10-03,1246,N,VIIRS,n,2.0NRT,309.81,8.54,D
-15.01099,24.81817,352.94,0.39,0.59,2026-10-03,1246,N,VIIRS,n,2.0NRT,307.41,7.27,D
-15.01071,24.81713,356.76,0.39,0.59,2026-10-03,1246,N,VIIRS,n,2.0NRT,307.88,9.23,D
-15.00756,22.879,336.31,0.58,0.52,2026-10-03,1246,N,VIIRS,l,2.0NRT,306.45,4.02,D
-14.99929,25.07024,332.41,0.4,0.6,2026-10-03,1246,N,VIIRS,l,2.0NRT,307.32,1.77,D
-14.99696,26.35993,338.21,0.49,0.65,2026-10-03,1246,N,VIIRS,l,2.0NRT,308.82,5,D
-14.98938,23.94155,341.79,0.34,0.56,2026-10-03,1246,N,VIIRS,n,2.0NRT,311.05,3.96,D
-14.98875,23.94472,367,0.34,0.56,2026-10-03,1246,N,VIIRS,h,2.0NRT,312.48,3.96,D
-14.98797,23.94277,367,0.34,0.56,2026-10-03,1246,N,VIIRS,h,2.0NRT,312.31,6.5,D
-14.97763,24.384,336.48,0.36,0.58,2026-10-03,1246,N,VIIRS,l,2.0NRT,308.57,1.94,D
-14.96943,23.57598,336.01,0.32,0.55,2026-10-03,1246,N,VIIRS,l,2.0NRT,310.74,2.56,D
-14.96583,28.42063,336.42,0.66,0.73,2026-10-03,1246,N,VIIRS,n,2.0NRT,298.47,11.54,D
-14.96276,23.8523,353.24,0.34,0.56,2026-10-03,1246,N,VIIRS,n,2.0NRT,312.37,5.83,D
-14.96107,24.00219,367,0.34,0.56,2026-10-03,1246,N,VIIRS,h,2.0NRT,311.12,8.01,D
-14.96072,24.00038,342.08,0.34,0.56,2026-10-03,1246,N,VIIRS,n,2.0NRT,312.05,5.1,D
-14.9601,24.00357,367,0.34,0.56,2026-10-03,1246,N,VIIRS,h,2.0NRT,310.17,5.1,D
-14.95763,23.85125,349.78,0.34,0.56,2026-10-03,1246,N,VIIRS,n,2.0NRT,310.64,5.83,D
-14.95339,28.11298,351.68,0.63,0.72,2026-10-03,1246,N,VIIRS,n,2.0NRT,305.67,14.06,D
-14.95309,24.87762,331.66,0.39,0.59,2026-10-03,1246,N,VIIRS,n,2.0NRT,305.92,3.24,D
-14.95232,24.88139,367,0.39,0.59,2026-10-03,1246,N,VIIRS,h,2.0NRT,308.12,8.32,D
-14.94951,28.11507,367,0.63,0.72,2026-10-03,1246,N,VIIRS,h,2.0NRT,303.97,21.03,D
-14.9468,28.11128,338.75,0.63,0.72,2026-10-03,1246,N,VIIRS,n,2.0NRT,302.74,8.37,D
-14.9453,23.91424,338.46,0.34,0.56,2026-10-03,1246,N,VIIRS,l,2.0NRT,310.07,1.79,D
-14.94521,27.43552,336.84,0.57,0.69,2026-10-03,1246,N,VIIRS,n,2.0NRT,305.34,7.7,D
-14.93882,27.43415,357.01,0.57,0.69,2026-10-03,1246,N,VIIRS,n,2.0NRT,303.42,7.7,D
-14.89951,24.09229,356.24,0.35,0.57,2026-10-03,1246,N,VIIRS,n,2.0NRT,318.65,9.41,D
-14.89886,24.09555,340.72,0.35,0.57,2026-10-03,1246,N,VIIRS,n,2.0NRT,306.32,5.51,D
-14.89669,22.66053,334.85,0.56,0.52,2026-10-03,1246,N,VIIRS,n,2.0NRT,295.14,2.56,D
-14.87433,29.24562,336,0.74,0.76,2026-10-03,1246,N,VIIRS,n,2.0NRT,296.81,4.37,D
-14.86689,27.39162,367,0.57,0.69,2026-10-03,1246,N,VIIRS,h,2.0NRT,310.7,26.49,D
-14.86409,25.0715,340,0.41,0.6,2026-10-03,1246,N,VIIRS,n,2.0NRT,310.47,3.01,D
-14.85998,24.34749,344.27,0.36,0.58,2026-10-03,1246,N,VIIRS,n,2.0NRT,308.08,3.54,D
-14.85598,23.98474,344.36,0.34,0.56,2026-10-03,1246,N,VIIRS,n,2.0NRT,311.35,11.88,D
-14.85588,23.9857,353.46,0.34,0.56,2026-10-03,1246,N,VIIRS,n,2.0NRT,312.13,12.14,D
-14.85537,23.98793,367,0.34,0.56,2026-10-03,1246,N,VIIRS,h,2.0NRT,319.44,11.88,D
-14.85523,23.98889,367,0.34,0.56,2026-10-03,1246,N,VIIRS,h,2.0NRT,317.28,12.14,D
-14.85472,23.82599,340.9,0.34,0.56,2026-10-03,1246,N,VIIRS,n,2.0NRT,309.54,4.55,D
-14.85087,22.9607,339.39,0.59,0.53,2026-10-03,1246,N,VIIRS,l,2.0NRT,312.4,4.09,D
-14.8348,28.94561,350.44,0.71,0.75,2026-10-03,1246,N,VIIRS,n,2.0NRT,299.69,10.91,D
-14.83376,25.29189,355.68,0.42,0.61,2026-10-03,1246,N,VIIRS,n,2.0NRT,306.45,5.15,D
-14.83226,25.29001,367,0.42,0.61,2026-10-03,1246,N,VIIRS,h,2.0NRT,307.63,5.88,D
-14.83148,25.29393,342.75,0.42,0.61,2026-10-03,1246,N,VIIRS,n,2.0NRT,303.98,5.88,D
-14.82816,25.02026,333.93,0.4,0.6,2026-10-03,1246,N,VIIRS,l,2.0NRT,306.64,1.85,D
-14.82812,25.29072,338.82,0.42,0.61,2026-10-03,1246,N,VIIRS,n,2.0NRT,304.16,5.15,D
-14.8274,25.024,335.83,0.4,0.6,2026-10-03,1246,N,VIIRS,l,2.0NRT,307.51,3.63,D
-14.82532,23.8398,347.64,0.34,0.56,2026-10-03,1246,N,VIIRS,n,2.0NRT,310.83,2.9,D
-14.8247,23.84297,342.12,0.34,0.56,2026-10-03,1246,N,VIIRS,n,2.0NRT,310.72,2.9,D
-14.81955,23.84197,345.55,0.34,0.56,2026-10-03,1246,N,VIIRS,n,2.0NRT,307.38,2.9,D
-14.81594,27.06618,336.21,0.55,0.68,2026-10-03,1246,N,VIIRS,n,2.0NRT,305.85,4.82,D
-14.81554,27.09876,355.21,0.55,0.68,2026-10-03,1246,N,VIIRS,n,2.0NRT,303.31,4.38,D
-14.80929,27.0973,336.21,0.55,0.68,2026-10-03,1246,N,VIIRS,n,2.0NRT,304.36,4.38,D
-14.80665,27.36147,349.52,0.57,0.69,2026-10-03,1246,N,VIIRS,n,2.0NRT,307.6,5.24,D
-14.80572,27.36286,341.84,0.57,0.69,2026-10-03,1246,N,VIIRS,n,2.0NRT,306.69,6.33,D
-14.78958,23.23241,340.48,0.62,0.54,2026-10-03,1246,N,VIIRS,n,2.0NRT,302.31,9.99,D
-14.78936,23.83254,349.99,0.34,0.56,2026-10-03,1246,N,VIIRS,n,2.0NRT,306.93,4.71,D
-14.78897,23.23496,335.34,0.62,0.54,2026-10-03,1246,N,VIIRS,l,2.0NRT,305.5,5.79,D
-14.78874,23.83566,354.21,0.34,0.56,2026-10-03,1246,N,VIIRS,n,2.0NRT,309.81,4.71,D
-14.78765,23.83351,367,0.34,0.56,2026-10-03,1246,N,VIIRS,h,2.0NRT,309.45,7.8,D
-14.78705,24.31068,333.98,0.36,0.58,2026-10-03,1246,N,VIIRS,l,2.0NRT,306.13,2.87,D
-14.78166,24.06056,337.78,0.35,0.57,2026-10-03,1246,N,VIIRS,l,2.0NRT,311.9,2.58,D
-14.77339,22.99698,335.52,0.6,0.53,2026-10-03,1246,N,VIIRS,l,2.0NRT,309.75,5.53,D
-14.77244,24.73068,347.23,0.39,0.59,2026-10-03,1246,N,VIIRS,n,2.0NRT,307.63,3.65,D
-14.772,27.05709,348.74,0.55,0.68,2026-10-03,1246,N,VIIRS,n,2.0NRT,303.2,8.41,D
-14.77055,23.72925,334.8,0.33,0.55,2026-10-03,1246,N,VIIRS,l,2.0NRT,309.4,2.78,D
-14.76978,27.05312,340.46,0.55,0.68,2026-10-03,1246,N,VIIRS,n,2.0NRT,302.87,5.18,D
-14.7687,27.05827,344.45,0.55,0.68,2026-10-03,1246,N,VIIRS,n,2.0NRT,303.19,5.18,D
-14.74542,23.64124,339.12,0.33,0.55,2026-10-03,1246,N,VIIRS,n,2.0NRT,307.58,1.4,D
-14.73303,27.42129,352.73,0.58,0.69,2026-10-03,1246,N,VIIRS,n,2.0NRT,305.91,8.38,D
-14.7281,24.44115,346.98,0.37,0.58,2026-10-03,1246,N,VIIRS,n,2.0NRT,315.21,27.59,D
-14.70795,24.90874,343.26,0.4,0.6,2026-10-03,1246,N,VIIRS,n,2.0NRT,309.06,3.43,D
-14.69875,28.4605,335.64,0.67,0.74,2026-10-03,1246,N,VIIRS,n,2.0NRT,304.68,7.43,D
-14.69674,27.65181,337.66,0.6,0.7,2026-10-03,1246,N,VIIRS,n,2.0NRT,303.23,7.33,D
-14.69641,23.55562,336.16,0.33,0.55,2026-10-03,1246,N,VIIRS,n,2.0NRT,301.74,2.45,D
-14.69583,23.55865,345.03,0.33,0.55,2026-10-03,1246,N,VIIRS,n,2.0NRT,303.26,3.22,D
-14.69546,23.53341,367,0.32,0.55,2026-10-03,1246,N,VIIRS,h,2.0NRT,308.61,5.29,D
-14.69491,24.8945,337.02,0.4,0.6,2026-10-03,1246,N,VIIRS,n,2.0NRT,305.82,5.56,D
-14.69488,23.53644,355.9,0.32,0.55,2026-10-03,1246,N,VIIRS,n,2.0NRT,309.33,5.29,D
-14.69429,23.53947,338.27,0.32,0.55,2026-10-03,1246,N,VIIRS,n,2.0NRT,307.42,5.54,D
-14.69371,24.89409,341.48,0.4,0.6,2026-10-03,1246,N,VIIRS,n,2.0NRT,305.72,5.27,D
-14.69042,23.53239,340.21,0.32,0.55,2026-10-03,1246,N,VIIRS,n,2.0NRT,304.77,3.11,D
-14.68237,27.15512,337.67,0.56,0.69,2026-10-03,1246,N,VIIRS,n,2.0NRT,305.68,4.03,D
-14.66877,23.56268,367,0.33,0.55,2026-10-03,1246,N,VIIRS,h,2.0NRT,304.82,3.63,D
-14.66674,25.45887,339.97,0.43,0.62,2026-10-03,1246,N,VIIRS,n,2.0NRT,303.83,5.26,D
-14.66099,25.49165,346.4,0.44,0.62,2026-10-03,1246,N,VIIRS,n,2.0NRT,310.18,13.94,D
-14.66019,25.49141,347.5,0.44,0.62,2026-10-03,1246,N,VIIRS,n,2.0NRT,310.98,13.38,D
-14.65892,27.03905,339.91,0.55,0.68,2026-10-03,1246,N,VIIRS,n,2.0NRT,305.08,4.24,D
-14.65696,25.48236,349.55,0.43,0.62,2026-10-03,1246,N,VIIRS,n,2.0NRT,304.83,5.5,D
-14.65611,25.48209,347.86,0.44,0.62,2026-10-03,1246,N,VIIRS,n,2.0NRT,304.47,5.38,D
-14.65448,27.0402,335.69,0.55,0.68,2026-10-03,1246,N,VIIRS,l,2.0NRT,305.78,5,D
-14.64341,23.88397,367,0.34,0.56,2026-10-03,1246,N,VIIRS,h,2.0NRT,314.96,13.66,D
-14.6379,24.02384,337.09,0.35,0.57,2026-10-03,1246,N,VIIRS,n,2.0NRT,311.02,4.78,D
-14.63727,24.02709,367,0.35,0.57,2026-10-03,1246,N,VIIRS,h,2.0NRT,310.7,4.78,D
-14.6367,24.02627,355.9,0.35,0.57,2026-10-03,1246,N,VIIRS,n,2.0NRT,311.17,7.87,D
-14.63605,24.0295,353.87,0.35,0.57,2026-10-03,1246,N,VIIRS,n,2.0NRT,307.09,7.87,D
-14.63321,24.34576,342.96,0.37,0.58,2026-10-03,1246,N,VIIRS,n,2.0NRT,308.97,4.25,D
-14.63205,24.02602,349.62,0.35,0.57,2026-10-03,1246,N,VIIRS,n,2.0NRT,312.95,4.78,D
-14.62873,24.01521,337.22,0.35,0.57,2026-10-03,1246,N,VIIRS,l,2.0NRT,310.28,4.72,D
-14.62807,23.90752,340.89,0.34,0.56,2026-10-03,1246,N,VIIRS,l,2.0NRT,311.46,4.31,D
-14.62718,23.9675,336.62,0.35,0.56,2026-10-03,1246,N,VIIRS,l,2.0NRT,311.26,3.49,D
-14.62566,27.26432,338.29,0.57,0.69,2026-10-03,1246,N,VIIRS,n,2.0NRT,306.78,3.79,D
-14.6229,24.15779,335.77,0.36,0.57,2026-10-03,1246,N,VIIRS,l,2.0NRT,309.86,1.99,D
-14.61706,26.89721,336.82,0.54,0.68,2026-10-03,1246,N,VIIRS,n,2.0NRT,304.37,5.2,D
-14.61598,26.90226,343.38,0.54,0.68,2026-10-03,1246,N,VIIRS,n,2.0NRT,305.63,5.2,D
-14.61307,26.8983,367,0.54,0.68,2026-10-03,1246,N,VIIRS,h,2.0NRT,305.17,11.48,D
-14.61244,24.36651,342.94,0.37,0.58,2026-10-03,1246,N,VIIRS,n,2.0NRT,310.86,5.11,D
-14.61094,24.59926,353.11,0.38,0.59,2026-10-03,1246,N,VIIRS,n,2.0NRT,307.3,3.52,D
-14.60928,22.69854,336.53,0.57,0.52,2026-10-03,1246,N,VIIRS,l,2.0NRT,310.26,11.38,D
-14.57285,24.10624,367,0.36,0.57,2026-10-03,1246,N,VIIRS,h,2.0NRT,311.43,7.19,D
-14.5722,24.10952,341.05,0.36,0.57,2026-10-03,1246,N,VIIRS,n,2.0NRT,306.16,7.19,D
-14.56878,24.01665,338.79,0.35,0.57,2026-10-03,1246,N,VIIRS,n,2.0NRT,307.72,1.49,D
-14.5676,24.10516,367,0.36,0.57,2026-10-03,1246,N,VIIRS,h,2.0NRT,308.17,8.11,D
-14.56611,25.07608,355.52,0.41,0.61,2026-10-03,1246,N,VIIRS,n,2.0NRT,310.7,6.47,D
-14.56432,24.09413,352.32,0.35,0.57,2026-10-03,1246,N,VIIRS,n,2.0NRT,310.87,20.49,D
-14.56367,24.09744,367,0.35,0.57,2026-10-03,1246,N,VIIRS,h,2.0NRT,305.67,25.15,D
-14.55686,23.9404,348.03,0.35,0.56,2026-10-03,1246,N,VIIRS,n,2.0NRT,306.83,4.23,D
-14.55637,23.99719,334.09,0.35,0.57,2026-10-03,1246,N,VIIRS,l,2.0NRT,306.85,2.68,D
-14.55624,23.94212,355.36,0.35,0.56,2026-10-03,1246,N,VIIRS,n,2.0NRT,306.06,7.18,D
-14.55622,23.94361,346.9,0.35,0.56,2026-10-03,1246,N,VIIRS,n,2.0NRT,305.77,4.23,D
-14.55116,23.99612,348,0.35,0.57,2026-10-03,1246,N,VIIRS,n,2.0NRT,307.28,2.68,D
-14.55051,23.99936,341.99,0.35,0.57,2026-10-03,1246,N,VIIRS,n,2.0NRT,309.06,5.37,D
-14.54986,24.0026,335.22,0.35,0.57,2026-10-03,1246,N,VIIRS,n,2.0NRT,309.6,5.37,D
-14.54921,24.00585,334.9,0.35,0.57,2026-10-03,1246,N,VIIRS,l,2.0NRT,308.75,5.98,D
-14.54571,23.99693,347.94,0.35,0.57,2026-10-03,1246,N,VIIRS,n,2.0NRT,307.44,5.46,D
-14.5453,23.99829,367,0.35,0.57,2026-10-03,1246,N,VIIRS,h,2.0NRT,309.43,5.61,D
-14.54508,24.00019,355.03,0.35,0.57,2026-10-03,1246,N,VIIRS,n,2.0NRT,308.52,5.46,D
-14.54465,24.00154,345.66,0.35,0.57,2026-10-03,1246,N,VIIRS,n,2.0NRT,306.55,5.61,D
-14.54445,24.00344,341.99,0.35,0.57,2026-10-03,1246,N,VIIRS,n,2.0NRT,305.08,4.52,D
-14.54399,24.0048,330.1,0.35,0.57,2026-10-03,1246,N,VIIRS,l,2.0NRT,303.87,2.06,D
-14.5276,23.92274,367,0.35,0.56,2026-10-03,1246,N,VIIRS,h,2.0NRT,309.82,9.77,D
-14.52526,25.36249,341.61,0.43,0.62,2026-10-03,1246,N,VIIRS,n,2.0NRT,306,3.08,D
-14.52144,24.17213,367,0.36,0.57,2026-10-03,1246,N,VIIRS,h,2.0NRT,313.07,5.62,D
-14.5105,24.25431,336.86,0.36,0.58,2026-10-03,1246,N,VIIRS,l,2.0NRT,307.44,2.82,D
-14.50564,23.73345,356.71,0.34,0.56,2026-10-03,1246,N,VIIRS,n,2.0NRT,302.71,7.81,D
-14.50502,23.7366,367,0.34,0.56,2026-10-03,1246,N,VIIRS,h,2.0NRT,302.55,11.39,D
-14.47846,28.80469,338.04,0.71,0.75,2026-10-03,1246,N,VIIRS,n,2.0NRT,298.35,6.56,D
-14.4762,24.95775,367,0.41,0.6,2026-10-03,1246,N,VIIRS,h,2.0NRT,308.95,8.92,D
-14.47542,24.9616,340.1,0.41,0.6,2026-10-03,1246,N,VIIRS,n,2.0NRT,303.58,8.92,D
-14.47288,28.80758,353.92,0.71,0.75,2026-10-03,1246,N,VIIRS,n,2.0NRT,297.98,9.32,D
-14.47066,24.95655,367,0.41,0.6,2026-10-03,1246,N,VIIRS,h,2.0NRT,305.24,10.36,D
-14.47056,21.91447,344.52,0.51,0.5,2026-10-03,1246,N,VIIRS,n,2.0NRT,310.41,7.67,D
-14.47016,23.15426,350.01,0.62,0.54,2026-10-03,1246,N,VIIRS,n,2.0NRT,307.56,8.73,D
-14.46976,23.15309,348.51,0.62,0.54,2026-10-03,1246,N,VIIRS,n,2.0NRT,307.69,8.57,D
-14.4694,23.18418,338.41,0.62,0.54,2026-10-03,1246,N,VIIRS,l,2.0NRT,311.96,5.82,D
-14.46921,23.1831,337.59,0.62,0.54,2026-10-03,1246,N,VIIRS,l,2.0NRT,311.54,5.35,D
-14.46545,23.96382,335.48,0.35,0.57,2026-10-03,1246,N,VIIRS,n,2.0NRT,305.39,3.16,D
-14.4648,23.96708,352.01,0.35,0.57,2026-10-03,1246,N,VIIRS,n,2.0NRT,307.3,5.04,D
-14.463,24.05864,339.42,0.35,0.57,2026-10-03,1246,N,VIIRS,n,2.0NRT,308.23,4.25,D
-14.4512,23.9285,349.68,0.35,0.57,2026-10-03,1246,N,VIIRS,n,2.0NRT,308.16,2.92,D
-14.45113,23.48893,342.74,0.33,0.55,2026-10-03,1246,N,VIIRS,n,2.0NRT,310.61,1.54,D
-14.45059,23.9317,334.26,0.35,0.57,2026-10-03,1246,N,VIIRS,l,2.0NRT,307.52,2.92,D
-14.45038,23.93065,343.07,0.35,0.57,2026-10-03,1246,N,VIIRS,n,2.0NRT,308.19,5.85,D
-14.44441,24.2924,330.52,0.37,0.58,2026-10-03,1246,N,VIIRS,l,2.0NRT,304.68,1.63,D
-14.43264,27.44148,335.86,0.59,0.7,2026-10-03,1246,N,VIIRS,n,2.0NRT,297.43,6.56,D
-14.4262,27.44008,355,0.59,0.7,2026-10-03,1246,N,VIIRS,n,2.0NRT,301.17,6.56,D
-14.42094,28.74618,340.55,0.71,0.75,2026-10-03,1246,N,VIIRS,n,2.0NRT,298.4,5.59,D
-14.41026,25.00968,339.68,0.41,0.61,2026-10-03,1246,N,VIIRS,n,2.0NRT,308.52,4.06,D
-14.38758,23.31226,343.9,0.64,0.54,2026-10-03,1246,N,VIIRS,n,2.0NRT,312.05,6.23,D
-14.38025,24.12643,349.14,0.36,0.57,2026-10-03,1246,N,VIIRS,n,2.0NRT,310.81,5.67,D
-14.3796,24.12978,367,0.36,0.57,2026-10-03,1246,N,VIIRS,h,2.0NRT,311.46,5.67,D
-14.37398,24.9026,340.36,0.4,0.6,2026-10-03,1246,N,VIIRS,n,2.0NRT,306.69,6.52,D
-14.36853,25.59999,354.44,0.45,0.63,2026-10-03,1246,N,VIIRS,n,2.0NRT,304.26,11.66,D
-14.36767,25.60416,367,0.45,0.63,2026-10-03,1246,N,VIIRS,h,2.0NRT,307.74,11.66,D
-14.36315,23.60108,333.81,0.33,0.55,2026-10-03,1246,N,VIIRS,l,2.0NRT,306.15,2.94,D
-14.36097,25.60739,340.17,0.45,0.63,2026-10-03,1246,N,VIIRS,n,2.0NRT,305.63,20.86,D
-14.36044,23.58769,349.28,0.33,0.55,2026-10-03,1246,N,VIIRS,n,2.0NRT,309.72,4.45,D
-14.36009,25.61166,367,0.45,0.63,2026-10-03,1246,N,VIIRS,h,2.0NRT,313.66,20.86,D
-14.35925,23.59386,348.91,0.33,0.55,2026-10-03,1246,N,VIIRS,n,2.0NRT,311.73,8.27,D
-14.35356,25.32135,336.14,0.43,0.62,2026-10-03,1246,N,VIIRS,n,2.0NRT,301.6,3.57,D
-14.35274,25.32544,345.37,0.43,0.62,2026-10-03,1246,N,VIIRS,n,2.0NRT,302.72,3.57,D
-14.32837,25.32856,343.56,0.43,0.62,2026-10-03,1246,N,VIIRS,n,2.0NRT,303.42,3.6,D
-14.31069,23.57129,367,0.33,0.55,2026-10-03,1246,N,VIIRS,h,2.0NRT,308,15.16,D
-14.30989,23.34485,355.97,0.32,0.55,2026-10-03,1246,N,VIIRS,n,2.0NRT,311.96,3.59,D
-14.30637,28.36028,337.78,0.67,0.74,2026-10-03,1246,N,VIIRS,n,2.0NRT,299.36,6.67,D
-14.30494,28.36676,337.75,0.67,0.74,2026-10-03,1246,N,VIIRS,n,2.0NRT,298.5,6.67,D
-14.30481,28.3646,353.2,0.68,0.74,2026-10-03,1246,N,VIIRS,n,2.0NRT,300.44,20.11,D
-14.30158,22.60816,344.16,0.57,0.52,2026-10-03,1246,N,VIIRS,n,2.0NRT,312.93,6.96,D
-14.30008,23.87076,331.02,0.35,0.56,2026-10-03,1246,N,VIIRS,l,2.0NRT,304.83,2.13,D
-14.29962,24.73563,367,0.39,0.6,2026-10-03,1246,N,VIIRS,h,2.0NRT,302.09,8.88,D
-14.29887,24.73934,340.97,0.4,0.6,2026-10-03,1246,N,VIIRS,n,2.0NRT,302.25,10.06,D
-14.29811,28.36536,342.43,0.67,0.74,2026-10-03,1246,N,VIIRS,n,2.0NRT,297.2,4.71,D
-14.25171,23.34881,349.34,0.32,0.55,2026-10-03,1246,N,VIIRS,n,2.0NRT,311.63,3.21,D
-14.25113,23.3518,338.67,0.32,0.55,2026-10-03,1246,N,VIIRS,l,2.0NRT,309.57,3.21,D
-14.2461,23.35079,341.16,0.32,0.55,2026-10-03,1246,N,VIIRS,n,2.0NRT,310.39,3.21,D
-14.23171,25.38978,334.14,0.44,0.62,2026-10-03,1246,N,VIIRS,n,2.0NRT,307.08,5.19,D
-14.23087,25.39394,367,0.44,0.62,2026-10-03,1246,N,VIIRS,h,2.0NRT,306.29,5.19,D
-14.21725,23.79804,342.87,0.34,0.56,2026-10-03,1246,N,VIIRS,n,2.0NRT,308.46,5.03,D
-14.20287,23.87217,335.87,0.35,0.57,2026-10-03,1246,N,VIIRS,n,2.0NRT,305.22,3.55,D
-14.20224,23.87541,344.4,0.35,0.57,2026-10-03,1246,N,VIIRS,n,2.0NRT,305.81,4.75,D
-14.18678,23.61582,334.25,0.34,0.56,2026-10-03,1246,N,VIIRS,l,2.0NRT,307.81,2.64,D
-14.17564,29.21804,343.34,0.77,0.77,2026-10-03,1246,N,VIIRS,n,2.0NRT,298.45,10.75,D
-14.17456,23.68724,356.96,0.34,0.56,2026-10-03,1246,N,VIIRS,n,2.0NRT,306.04,7.75,D
-14.17394,23.69038,354.32,0.34,0.56,2026-10-03,1246,N,VIIRS,n,2.0NRT,304.36,8.55,D
-14.17373,23.46253,367,0.33,0.55,2026-10-03,1246,N,VIIRS,h,2.0NRT,312.65,8.79,D
-14.17315,23.46558,367,0.33,0.55,2026-10-03,1246,N,VIIRS,h,2.0NRT,310.32,8.79,D
-14.17304,23.6881,367,0.34,0.56,2026-10-03,1246,N,VIIRS,h,2.0NRT,313.76,24.05,D
-14.16942,23.68623,355.81,0.34,0.56,2026-10-03,1246,N,VIIRS,n,2.0NRT,306.33,7.75,D
-14.16879,23.68937,340.11,0.34,0.56,2026-10-03,1246,N,VIIRS,n,2.0NRT,304.02,8.55,D
-14.16866,23.46152,353.36,0.33,0.55,2026-10-03,1246,N,VIIRS,n,2.0NRT,311.67,8.79,D
-14.16807,23.46457,367,0.33,0.55,2026-10-03,1246,N,VIIRS,h,2.0NRT,312.21,8.79,D
-14.1512,23.57956,355.55,0.33,0.56,2026-10-03,1246,N,VIIRS,n,2.0NRT,306.55,7.2,D
-14.1506,23.58266,367,0.33,0.56,2026-10-03,1246,N,VIIRS,h,2.0NRT,307.72,7.2,D
-14.14609,23.57854,367,0.33,0.56,2026-10-03,1246,N,VIIRS,h,2.0NRT,314.01,7.2,D
-14.14549,23.58165,342.02,0.33,0.56,2026-10-03,1246,N,VIIRS,n,2.0NRT,310.76,7.2,D
-14.1427,23.27892,335.38,0.32,0.55,2026-10-03,1246,N,VIIRS,l,2.0NRT,309.08,2.57,D
-14.13087,25.53661,341.6,0.45,0.63,2026-10-03,1246,N,VIIRS,n,2.0NRT,305.98,6.2,D
-14.13001,25.54089,333.75,0.45,0.63,2026-10-03,1246,N,VIIRS,l,2.0NRT,305.81,7.05,D
-14.12956,25.53727,346.87,0.45,0.63,2026-10-03,1246,N,VIIRS,n,2.0NRT,306.14,7.45,D
-14.12593,25.53116,367,0.45,0.63,2026-10-03,1246,N,VIIRS,h,2.0NRT,307.93,13.4,D
-14.12507,25.53544,347.99,0.45,0.63,2026-10-03,1246,N,VIIRS,n,2.0NRT,302.3,13.4,D
-14.12464,25.53185,367,0.45,0.63,2026-10-03,1246,N,VIIRS,h,2.0NRT,307.47,23.88,D
-14.12301,23.69782,367,0.34,0.56,2026-10-03,1246,N,VIIRS,h,2.0NRT,312,13.17,D
-14.1224,23.70098,367,0.34,0.56,2026-10-03,1246,N,VIIRS,h,2.0NRT,311.48,13.17,D
-14.12207,23.27788,349.45,0.32,0.55,2026-10-03,1246,N,VIIRS,n,2.0NRT,309.38,3.24,D
-14.12179,23.70415,341.7,0.34,0.56,2026-10-03,1246,N,VIIRS,n,2.0NRT,304.79,9.13,D
-14.12151,23.28085,348.64,0.32,0.55,2026-10-03,1246,N,VIIRS,n,2.0NRT,307.64,5.95,D
-14.11327,25.35541,330.33,0.44,0.62,2026-10-03,1246,N,VIIRS,l,2.0NRT,302.84,6.02,D
-14.10314,23.40513,336.57,0.33,0.55,2026-10-03,1246,N,VIIRS,l,2.0NRT,310.08,2.62,D
-14.09923,25.39519,330.68,0.44,0.62,2026-10-03,1246,N,VIIRS,l,2.0NRT,303.09,1.93,D
-14.09608,25.35184,334.36,0.44,0.62,2026-10-03,1246,N,VIIRS,n,2.0NRT,300.97,3.85,D
-14.09434,25.38979,331.08,0.44,0.62,2026-10-03,1246,N,VIIRS,l,2.0NRT,303.08,3.96,D
-14.09076,23.49797,351.73,0.33,0.55,2026-10-03,1246,N,VIIRS,n,2.0NRT,312.79,4.16,D
-14.08843,26.25231,335.42,0.5,0.66,2026-10-03,1246,N,VIIRS,n,2.0NRT,301.94,4.09,D
-14.08787,23.49669,367,0.33,0.55,2026-10-03,1246,N,VIIRS,h,2.0NRT,310.9,9.04,D
-14.08758,26.25363,345.58,0.5,0.66,2026-10-03,1246,N,VIIRS,n,2.0NRT,303.17,6.99,D
-14.08744,26.25702,343.81,0.5,0.66,2026-10-03,1246,N,VIIRS,n,2.0NRT,302.64,4.09,D
-14.08662,26.25835,350.85,0.5,0.66,2026-10-03,1246,N,VIIRS,n,2.0NRT,302.91,6.99,D
-14.08568,23.49687,354.26,0.33,0.55,2026-10-03,1246,N,VIIRS,n,2.0NRT,307.35,4.16,D
-14.08234,26.25122,345.73,0.5,0.66,2026-10-03,1246,N,VIIRS,n,2.0NRT,300.09,8.57,D
-14.08149,26.25253,351.01,0.5,0.66,2026-10-03,1246,N,VIIRS,n,2.0NRT,300.33,6.99,D
-14.08134,26.25596,367,0.5,0.66,2026-10-03,1246,N,VIIRS,h,2.0NRT,302.65,8.57,D
-14.08132,24.52192,343.62,0.39,0.59,2026-10-03,1246,N,VIIRS,n,2.0NRT,304.92,10.84,D
-14.08061,24.52553,367,0.39,0.59,2026-10-03,1246,N,VIIRS,h,2.0NRT,316.23,32.39,D
-14.08052,26.25727,367,0.5,0.66,2026-10-03,1246,N,VIIRS,h,2.0NRT,300.97,6.99,D
-14.07793,25.38227,336.29,0.44,0.62,2026-10-03,1246,N,VIIRS,n,2.0NRT,303.88,3.51,D
-14.07708,25.38641,342.08,0.44,0.62,2026-10-03,1246,N,VIIRS,n,2.0NRT,301.91,3.51,D
-14.07517,24.52442,345.49,0.39,0.59,2026-10-03,1246,N,VIIRS,n,2.0NRT,303.6,5.87,D
-14.06599,24.7451,330.21,0.4,0.6,2026-10-03,1246,N,VIIRS,l,2.0NRT,304.65,0.88,D
-14.03619,29.0265,333.8,0.75,0.77,2026-10-03,1246,N,VIIRS,n,2.0NRT,293.56,6.24,D
-13.99815,26.98953,355.27,0.56,0.69,2026-10-03,1246,N,VIIRS,n,2.0NRT,299.66,13.09,D
-13.98924,25.96442,330.16,0.48,0.65,2026-10-03,1246,N,VIIRS,l,2.0NRT,303.71,3.55,D
-13.98833,25.96886,330.76,0.48,0.65,2026-10-03,1246,N,VIIRS,l,2.0NRT,302.71,3.55,D
-13.97342,24.77657,343.5,0.4,0.6,2026-10-03,1246,N,VIIRS,n,2.0NRT,307.69,6.44,D
-13.97267,24.78031,343.23,0.4,0.6,2026-10-03,1246,N,VIIRS,n,2.0NRT,303.73,8.52,D
-13.95652,24.60644,335.41,0.39,0.6,2026-10-03,1246,N,VIIRS,n,2.0NRT,305.22,5.75,D
-13.94516,24.28623,342.05,0.38,0.58,2026-10-03,1246,N,VIIRS,n,2.0NRT,304.38,2.79,D
-13.94173,24.2837,347.42,0.37,0.58,2026-10-03,1246,N,VIIRS,n,2.0NRT,305.73,6.19,D
-13.93981,24.28499,334.57,0.38,0.58,2026-10-03,1246,N,VIIRS,n,2.0NRT,304.88,2.62,D
-13.93246,26.92544,337.61,0.56,0.68,2026-10-03,1246,N,VIIRS,n,2.0NRT,301.27,6.31,D
-13.93132,26.93077,350.71,0.56,0.69,2026-10-03,1246,N,VIIRS,n,2.0NRT,302.41,13.85,D
-13.92979,26.92738,352.82,0.56,0.69,2026-10-03,1246,N,VIIRS,n,2.0NRT,302.22,9.67,D
-13.90324,27.68327,367,0.62,0.72,2026-10-03,1246,N,VIIRS,h,2.0NRT,297.34,10.84,D
-13.89968,27.684,367,0.62,0.72,2026-10-03,1246,N,VIIRS,h,2.0NRT,298.28,12.28,D
-13.85617,25.93526,337.66,0.48,0.65,2026-10-03,1246,N,VIIRS,l,2.0NRT,310.56,7.14,D
-13.85525,25.93969,333.93,0.48,0.65,2026-10-03,1246,N,VIIRS,l,2.0NRT,307.23,6.37,D
-13.80984,26.52139,334.64,0.53,0.67,2026-10-03,1246,N,VIIRS,n,2.0NRT,302.22,4.95,D
-13.80981,26.79975,340.24,0.55,0.68,2026-10-03,1246,N,VIIRS,n,2.0NRT,297.97,19.45,D
-13.80872,26.80493,367,0.55,0.68,2026-10-03,1246,N,VIIRS,h,2.0NRT,302.58,19.45,D
-13.80567,26.51907,354.17,0.53,0.67,2026-10-03,1246,N,VIIRS,n,2.0NRT,304.36,12.02,D
-13.80369,26.51998,340.74,0.53,0.67,2026-10-03,1246,N,VIIRS,n,2.0NRT,304.11,4.95,D
-13.78933,26.52677,344.05,0.53,0.67,2026-10-03,1246,N,VIIRS,n,2.0NRT,304.04,8.87,D
-13.78831,26.53155,343.64,0.53,0.67,2026-10-03,1246,N,VIIRS,n,2.0NRT,302.76,9.67,D
-13.7842,26.52936,348.28,0.53,0.67,2026-10-03,1246,N,VIIRS,n,2.0NRT,302.94,14.82,D
-13.77799,26.52814,355.06,0.53,0.67,2026-10-03,1246,N,VIIRS,n,2.0NRT,303.95,8.64,D
-13.77365,25.69522,343.21,0.47,0.64,2026-10-03,1246,N,VIIRS,n,2.0NRT,305.1,3.21,D
-13.76766,25.08331,330.36,0.43,0.62,2026-10-03,1246,N,VIIRS,n,2.0NRT,302.52,7.92,D
-13.76684,25.0873,367,0.43,0.62,2026-10-03,1246,N,VIIRS,h,2.0NRT,308.12,7.92,D
-13.76568,25.08598,367,0.43,0.62,2026-10-03,1246,N,VIIRS,h,2.0NRT,308.07,15.78,D
-13.76489,25.08997,334.32,0.43,0.62,2026-10-03,1246,N,VIIRS,n,2.0NRT,302.39,12.11,D
-13.7499,25.46239,333.4,0.45,0.63,2026-10-03,1246,N,VIIRS,l,2.0NRT,304.39,1.89,D
-13.73417,28.39815,336.22,0.7,0.75,2026-10-03,1246,N,VIIRS,n,2.0NRT,295.83,4.29,D
-13.67794,28.06464,340.63,0.66,0.73,2026-10-03,1246,N,VIIRS,n,2.0NRT,302.33,10.68,D
-13.6771,28.06243,344.64,0.66,0.73,2026-10-03,1246,N,VIIRS,n,2.0NRT,302.29,21.4,D
-13.67653,28.07103,367,0.66,0.73,2026-10-03,1246,N,VIIRS,h,2.0NRT,305.8,27.4,D
-13.67574,28.06883,352.84,0.67,0.73,2026-10-03,1246,N,VIIRS,n,2.0NRT,303.74,21.4,D
-13.67437,28.0752,367,0.67,0.73,2026-10-03,1246,N,VIIRS,h,2.0NRT,303.05,44.93,D
-13.67252,28.0571,340.23,0.66,0.73,2026-10-03,1246,N,VIIRS,n,2.0NRT,303.35,10.68,D
-13.67112,28.06344,336.27,0.66,0.73,2026-10-03,1246,N,VIIRS,n,2.0NRT,303.43,10.68,D
-13.66972,28.06975,355.82,0.66,0.73,2026-10-03,1246,N,VIIRS,n,2.0NRT,304.59,27.4,D
-13.66833,28.07609,367,0.67,0.73,2026-10-03,1246,N,VIIRS,h,2.0NRT,304.61,27.4,D
-13.66757,28.07389,367,0.67,0.73,2026-10-03,1246,N,VIIRS,h,2.0NRT,304.7,25.1,D
-13.66232,25.80049,337.23,0.48,0.64,2026-10-03,1246,N,VIIRS,l,2.0NRT,310.05,7.59,D
-13.6614,25.80498,344.08,0.48,0.64,2026-10-03,1246,N,VIIRS,n,2.0NRT,307.67,8.67,D
-13.58113,26.73974,338.07,0.55,0.68,2026-10-03,1246,N,VIIRS,n,2.0NRT,300.23,4.8,D
-13.57708,28.03075,347.22,0.66,0.73,2026-10-03,1246,N,VIIRS,n,2.0NRT,298.84,9.46,D
-13.57148,28.02702,355.67,0.66,0.73,2026-10-03,1246,N,VIIRS,n,2.0NRT,298.2,15.36,D
-13.5561,28.09678,336.28,0.67,0.74,2026-10-03,1246,N,VIIRS,n,2.0NRT,296.58,7.7,D
-13.52037,27.72606,367,0.64,0.72,2026-10-03,1246,N,VIIRS,h,2.0NRT,299.07,16.71,D
-13.44348,26.84364,367,0.56,0.69,2026-10-03,1246,N,VIIRS,h,2.0NRT,302.69,10.17,D
-13.43865,26.84161,367,0.56,0.69,2026-10-03,1246,N,VIIRS,h,2.0NRT,300.59,16.77,D
-13.43752,26.84696,351.6,0.56,0.69,2026-10-03,1246,N,VIIRS,n,2.0NRT,299.74,18.78,D
-13.43708,26.8426,348.74,0.56,0.69,2026-10-03,1246,N,VIIRS,n,2.0NRT,299.21,10.17,D
-13.35832,27.16101,338.75,0.59,0.7,2026-10-03,1246,N,VIIRS,n,2.0NRT,301.4,6.03,D
-14.15034,22.88683,334.34,0.6,0.53,2026-10-03,1249,N,VIIRS,l,2.0NRT,308.5,3.14,D
-14.00157,23.28702,342.04,0.32,0.55,2026-10-03,1249,N,VIIRS,n,2.0NRT,310,3.73,D
-13.93989,23.60965,336.13,0.34,0.56,2026-10-03,1249,N,VIIRS,l,2.0NRT,309.12,2.9,D
-13.92943,22.1584,367,0.54,0.51,2026-10-03,1249,N,VIIRS,h,2.0NRT,317.72,16.02,D
-13.92932,23.17596,342.18,0.63,0.54,2026-10-03,1249,N,VIIRS,n,2.0NRT,312.8,7.5,D
-13.92815,23.18188,340.57,0.63,0.54,2026-10-03,1249,N,VIIRS,n,2.0NRT,309.5,7.5,D
-13.92779,22.15991,351.63,0.54,0.51,2026-10-03,1249,N,VIIRS,n,2.0NRT,317.01,11.1,D
-13.92583,23.17236,351.53,0.63,0.54,2026-10-03,1249,N,VIIRS,n,2.0NRT,310.2,7.58,D
-13.92548,23.16908,341.89,0.63,0.54,2026-10-03,1249,N,VIIRS,n,2.0NRT,310.58,8.61,D
-13.9247,23.1783,351.61,0.64,0.54,2026-10-03,1249,N,VIIRS,n,2.0NRT,309.21,10.49,D
-13.92431,23.175,344.15,0.63,0.54,2026-10-03,1249,N,VIIRS,n,2.0NRT,308.76,7.5,D
-13.92358,23.18425,343.06,0.64,0.54,2026-10-03,1249,N,VIIRS,n,2.0NRT,309.02,10.49,D
-13.92314,23.18093,353.91,0.63,0.54,2026-10-03,1249,N,VIIRS,n,2.0NRT,309.17,7.5,D
-13.92194,23.16546,336.26,0.63,0.54,2026-10-03,1249,N,VIIRS,l,2.0NRT,311.1,7.58,D
-13.92082,23.17138,339.63,0.63,0.54,2026-10-03,1249,N,VIIRS,l,2.0NRT,309.88,7.58,D
-13.9197,23.17732,338.36,0.64,0.54,2026-10-03,1249,N,VIIRS,l,2.0NRT,308.47,10.49,D
-13.91822,23.55608,330.67,0.34,0.56,2026-10-03,1249,N,VIIRS,l,2.0NRT,305.05,4.53,D
-13.91694,23.16448,339.37,0.63,0.54,2026-10-03,1249,N,VIIRS,n,2.0NRT,310.34,7.35,D
-13.91582,23.1704,350.11,0.63,0.54,2026-10-03,1249,N,VIIRS,n,2.0NRT,310.94,7.35,D
-13.91491,23.5457,339.69,0.34,0.56,2026-10-03,1249,N,VIIRS,n,2.0NRT,306.02,2.11,D
-13.9147,23.17632,343.44,0.64,0.54,2026-10-03,1249,N,VIIRS,n,2.0NRT,309.03,16.26,D
-13.91431,23.54881,335.68,0.34,0.56,2026-10-03,1249,N,VIIRS,l,2.0NRT,307.4,5.69,D
-13.91126,23.56448,333.89,0.34,0.56,2026-10-03,1249,N,VIIRS,l,2.0NRT,306.39,2.55,D
-13.91082,23.16942,334.87,0.63,0.54,2026-10-03,1249,N,VIIRS,l,2.0NRT,307.03,7.35,D
-13.91039,23.54156,334.93,0.34,0.56,2026-10-03,1249,N,VIIRS,n,2.0NRT,305.79,3.45,D
-13.90979,23.54468,352.69,0.34,0.56,2026-10-03,1249,N,VIIRS,n,2.0NRT,306.65,3.45,D
-13.90674,23.56032,347.7,0.34,0.56,2026-10-03,1249,N,VIIRS,n,2.0NRT,308.42,3.52,D
-13.90613,23.56346,339.39,0.34,0.56,2026-10-03,1249,N,VIIRS,n,2.0NRT,305.98,3.52,D
-13.90258,23.66429,336.73,0.34,0.56,2026-10-03,1249,N,VIIRS,l,2.0NRT,310.27,1.64,D
-13.90161,23.55931,338.09,0.34,0.56,2026-10-03,1249,N,VIIRS,n,2.0NRT,303.9,3.52,D
-13.89863,23.65701,350.72,0.34,0.56,2026-10-03,1249,N,VIIRS,n,2.0NRT,311.85,5.9,D
-13.88695,23.49833,331.77,0.33,0.56,2026-10-03,1249,N,VIIRS,l,2.0NRT,303.9,1.87,D
-13.88514,23.49859,330.63,0.33,0.56,2026-10-03,1249,N,VIIRS,l,2.0NRT,303.79,1.89,D
-13.7775,24.03556,331.18,0.36,0.58,2026-10-03,1249,N,VIIRS,l,2.0NRT,304.89,2.85,D
-13.73748,23.9022,351.29,0.36,0.57,2026-10-03,1249,N,VIIRS,n,2.0NRT,309.91,12.68,D
-13.73683,23.90552,367,0.36,0.57,2026-10-03,1249,N,VIIRS,h,2.0NRT,314.69,32.18,D
-13.735,23.97096,352.13,0.36,0.57,2026-10-03,1249,N,VIIRS,n,2.0NRT,311.51,15.42,D
-13.73435,23.97431,348.38,0.36,0.57,2026-10-03,1249,N,VIIRS,n,2.0NRT,304.19,14.44,D
-13.73315,23.45009,367,0.33,0.56,2026-10-03,1249,N,VIIRS,h,2.0NRT,313.29,12.32,D
-13.7325,23.39848,343.13,0.33,0.55,2026-10-03,1249,N,VIIRS,n,2.0NRT,303.71,23.74,D
-13.73222,23.90115,353.53,0.36,0.57,2026-10-03,1249,N,VIIRS,n,2.0NRT,305.27,6.28,D
-13.73191,23.40157,367,0.33,0.55,2026-10-03,1249,N,VIIRS,h,2.0NRT,314.46,23.74,D
-13.72972,23.96991,367,0.36,0.57,2026-10-03,1249,N,VIIRS,h,2.0NRT,306.33,7.16,D
-13.72804,23.4491,367,0.33,0.56,2026-10-03,1249,N,VIIRS,h,2.0NRT,306.85,12.32,D
-13.72741,23.39747,346.89,0.33,0.55,2026-10-03,1249,N,VIIRS,n,2.0NRT,308.9,23.74,D
-13.72681,23.40055,367,0.33,0.55,2026-10-03,1249,N,VIIRS,h,2.0NRT,314.48,23.74,D
-13.71952,25.08065,336.93,0.43,0.62,2026-10-03,1249,N,VIIRS,n,2.0NRT,302.4,5.21,D
-13.71465,25.0755,338.32,0.43,0.62,2026-10-03,1249,N,VIIRS,n,2.0NRT,302.33,7.83,D
-13.71387,25.07942,367,0.43,0.62,2026-10-03,1249,N,VIIRS,h,2.0NRT,306.02,11.48,D
-13.71308,25.08332,331.1,0.43,0.62,2026-10-03,1249,N,VIIRS,n,2.0NRT,298.77,11.48,D
-13.70135,23.08006,340.08,0.63,0.54,2026-10-03,1249,N,VIIRS,n,2.0NRT,308.33,6.16,D
-13.69174,22.10919,352.57,0.55,0.51,2026-10-03,1249,N,VIIRS,n,2.0NRT,310.06,16.44,D
-13.69059,23.67078,336.58,0.35,0.56,2026-10-03,1249,N,VIIRS,l,2.0NRT,311.34,5.91,D
-13.68497,24.85917,332.09,0.41,0.61,2026-10-03,1249,N,VIIRS,l,2.0NRT,306.45,8.65,D
-13.68421,24.86297,351.91,0.41,0.61,2026-10-03,1249,N,VIIRS,n,2.0NRT,310.09,46.4,D
-13.68346,24.8668,353.95,0.41,0.61,2026-10-03,1249,N,VIIRS,n,2.0NRT,321,46.4,D
-13.67238,23.57102,341.94,0.34,0.56,2026-10-03,1249,N,VIIRS,n,2.0NRT,306.32,7.89,D
-13.66912,23.08602,336.53,0.63,0.54,2026-10-03,1249,N,VIIRS,l,2.0NRT,307.36,5.41,D
-13.66861,24.33824,354.72,0.38,0.59,2026-10-03,1249,N,VIIRS,n,2.0NRT,305.81,2.91,D
-13.66724,24.54814,354.66,0.39,0.6,2026-10-03,1249,N,VIIRS,n,2.0NRT,307.98,6.29,D
-13.66694,24.54601,335.04,0.39,0.6,2026-10-03,1249,N,VIIRS,l,2.0NRT,306.5,3.24,D
-13.6662,24.54965,336.05,0.39,0.6,2026-10-03,1249,N,VIIRS,n,2.0NRT,307.4,3.24,D
-13.66526,23.07916,342.41,0.63,0.54,2026-10-03,1249,N,VIIRS,n,2.0NRT,307.27,4.81,D
-13.66416,23.38568,367,0.33,0.55,2026-10-03,1249,N,VIIRS,h,2.0NRT,315.53,11.22,D
-13.66393,24.33344,331.7,0.38,0.59,2026-10-03,1249,N,VIIRS,l,2.0NRT,304.45,2.91,D
-13.66358,23.38875,343.91,0.33,0.55,2026-10-03,1249,N,VIIRS,n,2.0NRT,306.1,7.19,D
-13.66322,24.33705,330.44,0.38,0.59,2026-10-03,1249,N,VIIRS,l,2.0NRT,303.06,2.91,D
-13.6571,24.33949,340.32,0.38,0.59,2026-10-03,1249,N,VIIRS,n,2.0NRT,304.58,3.78,D
-13.64072,25.47016,346.45,0.45,0.63,2026-10-03,1249,N,VIIRS,n,2.0NRT,306.31,4.9,D
-13.62218,24.3733,339.29,0.38,0.59,2026-10-03,1249,N,VIIRS,n,2.0NRT,305.25,6.75,D
-13.62146,24.37692,367,0.39,0.59,2026-10-03,1249,N,VIIRS,h,2.0NRT,306.03,15.21,D
-13.61798,24.13008,342.44,0.37,0.58,2026-10-03,1249,N,VIIRS,n,2.0NRT,311.87,6.03,D
-13.61733,24.13341,342.28,0.37,0.58,2026-10-03,1249,N,VIIRS,n,2.0NRT,310.15,5.99,D
-13.61676,24.37212,356.85,0.38,0.59,2026-10-03,1249,N,VIIRS,n,2.0NRT,306.08,5.53,D
-13.61426,23.18813,339.67,0.32,0.55,2026-10-03,1249,N,VIIRS,n,2.0NRT,310.09,3.59,D
-13.61309,23.18707,367,0.32,0.55,2026-10-03,1249,N,VIIRS,h,2.0NRT,313.65,5.14,D
-13.6125,23.19006,348.27,0.32,0.55,2026-10-03,1249,N,VIIRS,n,2.0NRT,310.12,10.62,D
-13.60923,23.18712,367,0.32,0.55,2026-10-03,1249,N,VIIRS,h,2.0NRT,310.16,11.68,D
-13.60806,23.18605,337.79,0.32,0.55,2026-10-03,1249,N,VIIRS,n,2.0NRT,307.01,5.14,D
-13.59443,23.5828,367,0.34,0.56,2026-10-03,1249,N,VIIRS,h,2.0NRT,311.28,6.19,D
-13.59268,23.53648,339.68,0.34,0.56,2026-10-03,1249,N,VIIRS,n,2.0NRT,310.56,6.17,D
-13.59207,23.53962,367,0.34,0.56,2026-10-03,1249,N,VIIRS,h,2.0NRT,308.9,6.17,D
-13.59121,25.59334,342.45,0.46,0.64,2026-10-03,1249,N,VIIRS,n,2.0NRT,303.91,4.25,D
-13.59023,23.54908,367,0.34,0.56,2026-10-03,1249,N,VIIRS,h,2.0NRT,310.02,10.99,D
-13.58569,23.54492,349.4,0.34,0.56,2026-10-03,1249,N,VIIRS,n,2.0NRT,320.35,31.79,D
-13.58507,23.54808,356.08,0.34,0.56,2026-10-03,1249,N,VIIRS,n,2.0NRT,313.5,22.88,D
-13.58446,23.55123,367,0.34,0.56,2026-10-03,1249,N,VIIRS,h,2.0NRT,310.23,22.88,D
-13.5838,24.39538,331.92,0.39,0.59,2026-10-03,1249,N,VIIRS,l,2.0NRT,306.7,4.39,D
-13.58306,24.39902,340.31,0.39,0.59,2026-10-03,1249,N,VIIRS,n,2.0NRT,308.86,7.33,D
-13.58286,24.39745,345.6,0.39,0.59,2026-10-03,1249,N,VIIRS,n,2.0NRT,308.87,5.43,D
-13.58088,23.51464,336.67,0.34,0.56,2026-10-03,1249,N,VIIRS,n,2.0NRT,302.85,3.2,D
-13.58053,23.54391,367,0.34,0.56,2026-10-03,1249,N,VIIRS,h,2.0NRT,307.13,31.79,D
-13.57992,23.54706,367,0.34,0.56,2026-10-03,1249,N,VIIRS,h,2.0NRT,308.94,22.88,D
-13.5793,23.55021,367,0.34,0.56,2026-10-03,1249,N,VIIRS,h,2.0NRT,307.04,22.88,D
-13.57808,25.12809,334.69,0.43,0.62,2026-10-03,1249,N,VIIRS,n,2.0NRT,300.77,4.65,D
-13.57707,23.58929,367,0.34,0.56,2026-10-03,1249,N,VIIRS,h,2.0NRT,307.18,8.66,D
-13.57645,23.59248,367,0.34,0.56,2026-10-03,1249,N,VIIRS,h,2.0NRT,310.87,14.18,D
-13.57598,23.53976,337.39,0.34,0.56,2026-10-03,1249,N,VIIRS,n,2.0NRT,306.49,7.8,D
-13.57537,23.54291,367,0.34,0.56,2026-10-03,1249,N,VIIRS,h,2.0NRT,307.87,7.8,D
-13.56253,23.24026,350.51,0.33,0.55,2026-10-03,1249,N,VIIRS,n,2.0NRT,309.18,4.89,D
-13.56195,23.24327,367,0.33,0.55,2026-10-03,1249,N,VIIRS,h,2.0NRT,310.92,4.89,D
-13.56172,24.50462,330.32,0.39,0.6,2026-10-03,1249,N,VIIRS,n,2.0NRT,305.08,1.04,D
-13.55875,24.95271,333.26,0.42,0.61,2026-10-03,1249,N,VIIRS,l,2.0NRT,305.08,3.81,D
-13.55798,24.95662,350.29,0.42,0.61,2026-10-03,1249,N,VIIRS,n,2.0NRT,305.26,7.94,D
-13.55763,23.49695,342.97,0.34,0.56,2026-10-03,1249,N,VIIRS,n,2.0NRT,302.56,3.36,D
-13.55746,23.2393,367,0.33,0.55,2026-10-03,1249,N,VIIRS,h,2.0NRT,306.76,6.42,D
-13.55689,23.2423,367,0.33,0.55,2026-10-03,1249,N,VIIRS,h,2.0NRT,307.33,6.42,D
-13.55311,24.95159,331.07,0.42,0.61,2026-10-03,1249,N,VIIRS,l,2.0NRT,302.88,3.81,D
-13.55201,23.60754,336.75,0.34,0.56,2026-10-03,1249,N,VIIRS,l,2.0NRT,310.57,4.26,D
-13.54922,24.42458,342.96,0.39,0.59,2026-10-03,1249,N,VIIRS,n,2.0NRT,311.16,4.96,D
-13.5462,23.60969,345.46,0.34,0.56,2026-10-03,1249,N,VIIRS,n,2.0NRT,305.51,4.26,D
-13.54558,23.61287,335.54,0.34,0.56,2026-10-03,1249,N,VIIRS,n,2.0NRT,304.49,4.93,D
-13.53726,23.76575,334.39,0.35,0.57,2026-10-03,1249,N,VIIRS,l,2.0NRT,307.89,6.94,D
-13.53693,23.57486,333.4,0.34,0.56,2026-10-03,1249,N,VIIRS,l,2.0NRT,306.86,2.36,D
-13.53649,24.09225,338.93,0.37,0.58,2026-10-03,1249,N,VIIRS,n,2.0NRT,305.68,3.3,D
-13.53512,23.52316,342.25,0.34,0.56,2026-10-03,1249,N,VIIRS,n,2.0NRT,307.41,4.92,D
-13.53476,24.08995,344.6,0.37,0.58,2026-10-03,1249,N,VIIRS,n,2.0NRT,308.28,6.56,D
-13.53452,23.52632,347.21,0.34,0.56,2026-10-03,1249,N,VIIRS,n,2.0NRT,309.33,4.92,D
-13.53392,23.52949,336,0.34,0.56,2026-10-03,1249,N,VIIRS,l,2.0NRT,307.32,4.13,D
-13.5338,23.59073,333.15,0.34,0.56,2026-10-03,1249,N,VIIRS,l,2.0NRT,304.63,2.96,D
-13.53338,23.58877,335.27,0.34,0.56,2026-10-03,1249,N,VIIRS,n,2.0NRT,304.16,8.15,D
-13.52941,24.08891,367,0.37,0.58,2026-10-03,1249,N,VIIRS,h,2.0NRT,303.22,6.56,D
-13.52876,23.52849,334.53,0.34,0.56,2026-10-03,1249,N,VIIRS,n,2.0NRT,303.36,4.13,D
-13.52862,23.5897,338.9,0.34,0.56,2026-10-03,1249,N,VIIRS,n,2.0NRT,308.42,2.96,D
-13.52419,25.88836,341.03,0.49,0.65,2026-10-03,1249,N,VIIRS,n,2.0NRT,305.75,2.38,D
-13.52264,25.88618,333.18,0.49,0.65,2026-10-03,1249,N,VIIRS,l,2.0NRT,304.35,3.11,D
-13.51634,24.56267,367,0.4,0.6,2026-10-03,1249,N,VIIRS,h,2.0NRT,307.47,10.55,D
-13.51446,23.79872,344.64,0.35,0.57,2026-10-03,1249,N,VIIRS,n,2.0NRT,304.16,6.21,D
-13.51407,23.06455,343.29,0.64,0.54,2026-10-03,1249,N,VIIRS,n,2.0NRT,307.96,12.81,D
-13.51381,23.80203,340.32,0.35,0.57,2026-10-03,1249,N,VIIRS,n,2.0NRT,303.86,6.13,D
-13.51274,23.06573,341.52,0.63,0.54,2026-10-03,1249,N,VIIRS,n,2.0NRT,305.87,17.11,D
-13.5105,24.24978,367,0.38,0.59,2026-10-03,1249,N,VIIRS,h,2.0NRT,306.47,8.42,D
-13.50988,24.2479,348.39,0.38,0.59,2026-10-03,1249,N,VIIRS,n,2.0NRT,305.55,4.27,D
-13.50919,24.25143,339.31,0.38,0.59,2026-10-03,1249,N,VIIRS,n,2.0NRT,303.58,4.27,D
-13.50325,23.17754,345,0.32,0.55,2026-10-03,1249,N,VIIRS,n,2.0NRT,308.95,4.5,D
-13.50112,23.17838,350.87,0.32,0.55,2026-10-03,1249,N,VIIRS,n,2.0NRT,309.97,4.23,D
-13.49477,23.5382,345.78,0.34,0.56,2026-10-03,1249,N,VIIRS,n,2.0NRT,304.59,6.49,D
-13.49416,23.54135,367,0.34,0.56,2026-10-03,1249,N,VIIRS,h,2.0NRT,308.61,10.06,D
-13.48983,24.63851,346.35,0.4,0.6,2026-10-03,1249,N,VIIRS,n,2.0NRT,306.49,4.37,D
-13.48909,24.64223,338.03,0.4,0.6,2026-10-03,1249,N,VIIRS,n,2.0NRT,304.48,4.37,D
-13.48779,23.5466,336.28,0.34,0.56,2026-10-03,1249,N,VIIRS,l,2.0NRT,310.57,6.17,D
-13.48229,23.65877,350.24,0.35,0.57,2026-10-03,1249,N,VIIRS,n,2.0NRT,305.88,12.51,D
-13.48166,23.66207,367,0.35,0.57,2026-10-03,1249,N,VIIRS,h,2.0NRT,313.97,12.51,D
-13.47709,23.65772,339.69,0.35,0.57,2026-10-03,1249,N,VIIRS,n,2.0NRT,301.36,1.46,D
-13.47475,24.62743,339.3,0.4,0.6,2026-10-03,1249,N,VIIRS,n,2.0NRT,305.18,2.86,D
-13.46628,23.51936,353.7,0.34,0.56,2026-10-03,1249,N,VIIRS,n,2.0NRT,309.63,4.33,D
-13.4574,23.53734,355.94,0.34,0.56,2026-10-03,1249,N,VIIRS,n,2.0NRT,308.7,12.46,D
-13.45678,23.54052,367,0.34,0.56,2026-10-03,1249,N,VIIRS,h,2.0NRT,306.14,17.51,D
-13.45044,25.37468,367,0.45,0.63,2026-10-03,1249,N,VIIRS,h,2.0NRT,304.04,11.09,D
-13.44408,23.80025,356.53,0.36,0.57,2026-10-03,1249,N,VIIRS,n,2.0NRT,311.98,13.3,D
-13.44343,23.80358,350.73,0.36,0.57,2026-10-03,1249,N,VIIRS,n,2.0NRT,308.67,13.3,D
-13.43882,23.7992,367,0.36,0.57,2026-10-03,1249,N,VIIRS,h,2.0NRT,324.84,49.81,D
-13.43817,23.80253,350.33,0.36,0.57,2026-10-03,1249,N,VIIRS,n,2.0NRT,304.43,49.81,D
-13.43123,24.59435,331.02,0.4,0.6,2026-10-03,1249,N,VIIRS,l,2.0NRT,305.71,1.64,D
-13.42613,23.97783,332.38,0.37,0.58,2026-10-03,1249,N,VIIRS,l,2.0NRT,302.78,2.73,D
-13.42352,24.94192,330.25,0.42,0.61,2026-10-03,1249,N,VIIRS,l,2.0NRT,304.13,3.73,D
-13.42082,23.97674,331.4,0.37,0.58,2026-10-03,1249,N,VIIRS,l,2.0NRT,303.43,2.73,D
-13.42053,22.9586,336.69,0.63,0.54,2026-10-03,1249,N,VIIRS,n,2.0NRT,305.16,3.68,D
-13.41612,23.9441,335.15,0.36,0.58,2026-10-03,1249,N,VIIRS,n,2.0NRT,304.8,4.8,D
-13.41047,23.69741,367,0.35,0.57,2026-10-03,1249,N,VIIRS,h,2.0NRT,311.57,7.68,D
-13.40966,23.698,367,0.35,0.57,2026-10-03,1249,N,VIIRS,h,2.0NRT,312.08,7.94,D
-13.40876,25.07473,337.22,0.43,0.62,2026-10-03,1249,N,VIIRS,n,2.0NRT,302.93,3.13,D
-13.40071,24.10886,367,0.37,0.58,2026-10-03,1249,N,VIIRS,h,2.0NRT,305.96,9.13,D
-13.3958,25.38062,339.96,0.45,0.63,2026-10-03,1249,N,VIIRS,n,2.0NRT,303.04,5.7,D
-13.39525,23.23234,334.54,0.33,0.55,2026-10-03,1249,N,VIIRS,n,2.0NRT,306.07,1.66,D
-13.39474,25.3808,341.44,0.45,0.63,2026-10-03,1249,N,VIIRS,n,2.0NRT,303.16,5.03,D
-13.39389,23.67067,335.19,0.35,0.57,2026-10-03,1249,N,VIIRS,n,2.0NRT,303.99,3.48,D
-13.39388,25.38501,353.85,0.45,0.63,2026-10-03,1249,N,VIIRS,n,2.0NRT,303.39,5.03,D
-13.39327,23.67388,354.8,0.35,0.57,2026-10-03,1249,N,VIIRS,n,2.0NRT,309.51,8.64,D
-13.39214,23.76533,336.16,0.35,0.57,2026-10-03,1249,N,VIIRS,n,2.0NRT,306.39,3.19,D
-13.39083,23.76574,334.28,0.35,0.57,2026-10-03,1249,N,VIIRS,l,2.0NRT,306.15,3.54,D
-13.38914,25.38366,367,0.45,0.63,2026-10-03,1249,N,VIIRS,h,2.0NRT,307.73,21.68,D
-13.38806,25.38384,367,0.45,0.63,2026-10-03,1249,N,VIIRS,h,2.0NRT,307.24,15.33,D
-13.38209,24.58106,336.5,0.4,0.6,2026-10-03,1249,N,VIIRS,n,2.0NRT,304.27,1.96,D
-13.38114,23.42992,342.18,0.34,0.56,2026-10-03,1249,N,VIIRS,n,2.0NRT,311.94,3.49,D
-13.37746,23.72818,336.51,0.35,0.57,2026-10-03,1249,N,VIIRS,l,2.0NRT,307.56,3.88,D
-13.3762,23.73474,355.68,0.35,0.57,2026-10-03,1249,N,VIIRS,l,2.0NRT,303.58,14.09,D
-13.37618,23.19407,332.61,0.33,0.55,2026-10-03,1249,N,VIIRS,l,2.0NRT,305.18,1.99,D
-13.37557,23.73803,367,0.35,0.57,2026-10-03,1249,N,VIIRS,h,2.0NRT,309.97,23.93,D
-13.37222,23.72714,349.94,0.35,0.57,2026-10-03,1249,N,VIIRS,n,2.0NRT,307.13,3.88,D
-13.37096,23.7337,367,0.35,0.57,2026-10-03,1249,N,VIIRS,h,2.0NRT,311.94,14.09,D
-13.36877,24.04456,330.02,0.37,0.58,2026-10-03,1249,N,VIIRS,l,2.0NRT,302.37,2.54,D
-13.36809,24.04802,338.96,0.37,0.58,2026-10-03,1249,N,VIIRS,n,2.0NRT,303.01,2.54,D
-13.36572,23.73268,367,0.35,0.57,2026-10-03,1249,N,VIIRS,h,2.0NRT,311.99,6.47,D
-13.36551,23.70555,337.85,0.35,0.57,2026-10-03,1249,N,VIIRS,n,2.0NRT,308.64,4.08,D
-13.36488,23.70882,367,0.35,0.57,2026-10-03,1249,N,VIIRS,h,2.0NRT,312.02,10.79,D
-13.36425,23.71208,367,0.35,0.57,2026-10-03,1249,N,VIIRS,h,2.0NRT,310.99,10.79,D
-13.36362,23.71535,351.19,0.35,0.57,2026-10-03,1249,N,VIIRS,n,2.0NRT,309.28,6.78,D
-13.36355,25.27027,335.92,0.45,0.63,2026-10-03,1249,N,VIIRS,n,2.0NRT,304.55,3.52,D
-13.36094,25.78528,339.55,0.48,0.65,2026-10-03,1249,N,VIIRS,n,2.0NRT,302.36,2.59,D
-13.35982,26.03732,336.19,0.5,0.66,2026-10-03,1249,N,VIIRS,n,2.0NRT,303.37,4.19,D
-13.35838,23.71432,367,0.35,0.57,2026-10-03,1249,N,VIIRS,h,2.0NRT,310.02,6.88,D
-13.35709,24.6776,356.13,0.41,0.6,2026-10-03,1249,N,VIIRS,n,2.0NRT,307.07,9.5,D
-13.35633,24.6814,367,0.41,0.6,2026-10-03,1249,N,VIIRS,h,2.0NRT,308.66,15.77,D
-13.35473,24.43242,335.68,0.39,0.6,2026-10-03,1249,N,VIIRS,n,2.0NRT,304.78,3.22,D
-13.34842,25.81605,349.04,0.48,0.65,2026-10-03,1249,N,VIIRS,n,2.0NRT,307.54,8.07,D
-13.34069,25.41381,332.99,0.46,0.63,2026-10-03,1249,N,VIIRS,n,2.0NRT,302.8,3.31,D
-13.33984,25.41802,343.48,0.46,0.63,2026-10-03,1249,N,VIIRS,n,2.0NRT,302.67,3.31,D
-13.33848,23.1717,356.63,0.32,0.55,2026-10-03,1249,N,VIIRS,n,2.0NRT,307.27,5.84,D
-13.3379,23.17469,339.99,0.32,0.55,2026-10-03,1249,N,VIIRS,n,2.0NRT,305.68,6.86,D
-13.32718,24.25516,334.06,0.38,0.59,2026-10-03,1249,N,VIIRS,n,2.0NRT,302.38,1.88,D
-13.32479,23.83135,345.38,0.36,0.57,2026-10-03,1249,N,VIIRS,n,2.0NRT,302.22,3.88,D
-13.30962,23.60185,330.55,0.35,0.57,2026-10-03,1249,N,VIIRS,n,2.0NRT,304.64,7.48,D
-13.30957,23.60355,367,0.35,0.56,2026-10-03,1249,N,VIIRS,h,2.0NRT,305.49,8.47,D
-13.30901,23.60509,367,0.35,0.57,2026-10-03,1249,N,VIIRS,h,2.0NRT,306.13,7.48,D
-13.30893,23.60679,367,0.35,0.57,2026-10-03,1249,N,VIIRS,h,2.0NRT,302.97,8.47,D
-13.30839,23.60834,367,0.35,0.57,2026-10-03,1249,N,VIIRS,h,2.0NRT,302.04,8.08,D
-13.30777,23.6116,351.63,0.35,0.57,2026-10-03,1249,N,VIIRS,n,2.0NRT,302.38,8.08,D
-13.30702,23.83811,367,0.36,0.57,2026-10-03,1249,N,VIIRS,h,2.0NRT,306.58,13.48,D
-13.30637,23.84144,367,0.36,0.57,2026-10-03,1249,N,VIIRS,h,2.0NRT,308.3,22.39,D
-13.30443,23.6008,347.2,0.35,0.57,2026-10-03,1249,N,VIIRS,n,2.0NRT,305.08,11.22,D
-13.30408,26.55123,356.27,0.54,0.68,2026-10-03,1249,N,VIIRS,n,2.0NRT,309.86,9.64,D
-13.30381,23.60403,338.75,0.35,0.57,2026-10-03,1249,N,VIIRS,n,2.0NRT,304.39,11.22,D
-13.30319,23.60729,341.81,0.35,0.57,2026-10-03,1249,N,VIIRS,n,2.0NRT,303.52,8.53,D
-13.30257,23.61054,367,0.35,0.57,2026-10-03,1249,N,VIIRS,h,2.0NRT,303.75,8.53,D
-13.30195,23.6138,367,0.35,0.57,2026-10-03,1249,N,VIIRS,h,2.0NRT,303.52,9.25,D
-13.30133,23.61707,351.32,0.35,0.57,2026-10-03,1249,N,VIIRS,n,2.0NRT,301.47,9.25,D
-13.30002,22.99914,343.56,0.63,0.54,2026-10-03,1249,N,VIIRS,n,2.0NRT,306.66,6.12,D
-13.29922,23.59978,353.81,0.35,0.57,2026-10-03,1249,N,VIIRS,n,2.0NRT,309.12,11.22,D
-13.29861,23.60301,367,0.35,0.57,2026-10-03,1249,N,VIIRS,h,2.0NRT,307.36,11.22,D
-13.29799,23.60625,339.63,0.35,0.57,2026-10-03,1249,N,VIIRS,n,2.0NRT,304.4,8.53,D
-13.29785,23.88501,337.53,0.36,0.58,2026-10-03,1249,N,VIIRS,n,2.0NRT,305.34,3.57,D
-13.29756,23.35704,350.91,0.33,0.56,2026-10-03,1249,N,VIIRS,n,2.0NRT,306.36,7.1,D
-13.29719,23.88838,339.17,0.36,0.58,2026-10-03,1249,N,VIIRS,n,2.0NRT,303.09,4.1,D
-13.29651,23.52939,336.13,0.34,0.56,2026-10-03,1249,N,VIIRS,n,2.0NRT,304.91,1.25,D
-13.2934,23.60201,367,0.35,0.57,2026-10-03,1249,N,VIIRS,h,2.0NRT,303.58,6.21,D
-13.29278,23.60525,345.36,0.35,0.57,2026-10-03,1249,N,VIIRS,n,2.0NRT,302.88,7.25,D
-13.29183,23.83165,350.76,0.36,0.57,2026-10-03,1249,N,VIIRS,n,2.0NRT,303.78,13.31,D
-13.29118,23.83496,367,0.36,0.57,2026-10-03,1249,N,VIIRS,h,2.0NRT,309.92,13.31,D
-13.2756,23.18433,337.74,0.33,0.55,2026-10-03,1249,N,VIIRS,l,2.0NRT,308.34,1.86,D
-13.27507,26.72187,347.58,0.56,0.68,2026-10-03,1249,N,VIIRS,n,2.0NRT,298.29,8.55,D
-13.27374,24.26616,335.71,0.38,0.59,2026-10-03,1249,N,VIIRS,n,2.0NRT,305.5,1.43,D
-13.26985,26.71532,343.8,0.55,0.68,2026-10-03,1249,N,VIIRS,n,2.0NRT,298.64,8.79,D
-13.26877,26.72048,343.68,0.56,0.68,2026-10-03,1249,N,VIIRS,n,2.0NRT,297.41,8.65,D
-13.26654,24.45015,344.11,0.4,0.6,2026-10-03,1249,N,VIIRS,n,2.0NRT,307.17,7.59,D
-13.26584,24.45382,343.79,0.4,0.6,2026-10-03,1249,N,VIIRS,n,2.0NRT,308.7,9.69,D
-13.2657,24.44981,332.74,0.4,0.6,2026-10-03,1249,N,VIIRS,l,2.0NRT,304.66,2.91,D
-13.26497,24.45347,351.69,0.4,0.6,2026-10-03,1249,N,VIIRS,n,2.0NRT,309.06,8.32,D
-13.25905,24.93171,340.52,0.43,0.62,2026-10-03,1249,N,VIIRS,n,2.0NRT,303.85,3.09,D
-13.25727,24.93087,367,0.43,0.62,2026-10-03,1249,N,VIIRS,h,2.0NRT,305.48,6.16,D
-13.25161,24.92967,339.52,0.43,0.62,2026-10-03,1249,N,VIIRS,n,2.0NRT,304.2,3.15,D
-13.25125,23.45825,338.62,0.34,0.56,2026-10-03,1249,N,VIIRS,n,2.0NRT,302.4,2.48,D
-13.24949,24.67492,330.38,0.41,0.61,2026-10-03,1249,N,VIIRS,l,2.0NRT,304.18,2.82,D
-13.24158,26.49181,336.87,0.54,0.68,2026-10-03,1249,N,VIIRS,n,2.0NRT,299.14,3.85,D
-13.2273,23.63612,334.89,0.35,0.57,2026-10-03,1249,N,VIIRS,l,2.0NRT,305.49,3.41,D
-13.20663,23.99654,335.2,0.37,0.58,2026-10-03,1249,N,VIIRS,n,2.0NRT,301.31,13.68,D
-13.2026,23.98866,340.53,0.37,0.58,2026-10-03,1249,N,VIIRS,n,2.0NRT,304.47,8.88,D
-13.20129,23.99541,351.05,0.37,0.58,2026-10-03,1249,N,VIIRS,n,2.0NRT,305.26,13.68,D
-13.20064,23.99881,337.04,0.37,0.58,2026-10-03,1249,N,VIIRS,n,2.0NRT,308.93,13.68,D
-13.19998,24.00222,367,0.37,0.58,2026-10-03,1249,N,VIIRS,h,2.0NRT,300.39,32.5,D
-13.18668,23.62567,334.33,0.35,0.57,2026-10-03,1249,N,VIIRS,n,2.0NRT,303.97,3.21,D
-13.17635,25.34063,347.51,0.45,0.63,2026-10-03,1249,N,VIIRS,n,2.0NRT,302.16,6.84,D
-13.1755,25.34487,351.54,0.45,0.63,2026-10-03,1249,N,VIIRS,n,2.0NRT,302.83,9.56,D
-13.17531,25.34038,346.07,0.45,0.63,2026-10-03,1249,N,VIIRS,n,2.0NRT,302.24,6.65,D
-13.17444,25.34462,350.91,0.45,0.63,2026-10-03,1249,N,VIIRS,n,2.0NRT,303.83,10.26,D
-13.17414,24.16421,343.59,0.38,0.59,2026-10-03,1249,N,VIIRS,n,2.0NRT,304.23,5,D
-13.16592,23.97752,333.3,0.37,0.58,2026-10-03,1249,N,VIIRS,l,2.0NRT,306.31,3.34,D
-13.16019,25.09076,341.9,0.44,0.62,2026-10-03,1249,N,VIIRS,n,2.0NRT,306.81,4.14,D
-13.15938,25.09478,337.13,0.44,0.62,2026-10-03,1249,N,VIIRS,n,2.0NRT,303.6,4.14,D
-13.15274,26.57394,343.66,0.55,0.68,2026-10-03,1249,N,VIIRS,n,2.0NRT,298.71,15.58,D
-13.15173,24.0214,367,0.37,0.58,2026-10-03,1249,N,VIIRS,h,2.0NRT,307.11,11.35,D
-13.15166,26.57907,367,0.55,0.68,2026-10-03,1249,N,VIIRS,h,2.0NRT,301.11,21.37,D
-13.1506,26.58407,335.61,0.55,0.68,2026-10-03,1249,N,VIIRS,n,2.0NRT,295.68,21.37,D
-13.14966,26.57444,343.8,0.55,0.68,2026-10-03,1249,N,VIIRS,n,2.0NRT,302.77,53.11,D
-13.14861,26.57959,367,0.55,0.68,2026-10-03,1249,N,VIIRS,h,2.0NRT,302.74,69.65,D
-13.14649,26.57254,337.57,0.55,0.68,2026-10-03,1249,N,VIIRS,n,2.0NRT,296.18,15.58,D
-13.14546,25.07512,337.66,0.44,0.62,2026-10-03,1249,N,VIIRS,n,2.0NRT,303.71,3.05,D
-13.14539,26.57774,367,0.55,0.68,2026-10-03,1249,N,VIIRS,h,2.0NRT,299.06,21.37,D
-13.14512,25.8495,349.13,0.49,0.65,2026-10-03,1249,N,VIIRS,n,2.0NRT,301.48,5.6,D
-13.14432,26.58281,341.76,0.55,0.68,2026-10-03,1249,N,VIIRS,n,2.0NRT,298.65,21.37,D
-13.13903,22.04143,356.74,0.55,0.51,2026-10-03,1249,N,VIIRS,n,2.0NRT,307.59,17.54,D
-13.13421,23.95812,331.77,0.37,0.58,2026-10-03,1249,N,VIIRS,l,2.0NRT,305.27,3.02,D
-13.12853,23.97009,335.34,0.37,0.58,2026-10-03,1249,N,VIIRS,n,2.0NRT,303.78,2.27,D
-13.12778,21.99709,341.19,0.55,0.51,2026-10-03,1249,N,VIIRS,n,2.0NRT,309.76,5.72,D
-13.1269,23.96736,367,0.37,0.58,2026-10-03,1249,N,VIIRS,h,2.0NRT,305.4,10.77,D
-13.12624,23.97079,347.91,0.37,0.58,2026-10-03,1249,N,VIIRS,n,2.0NRT,302.96,13.49,D
-13.12549,23.94576,337.6,0.37,0.58,2026-10-03,1249,N,VIIRS,n,2.0NRT,306.66,4.79,D
-13.12308,21.99621,352.89,0.55,0.51,2026-10-03,1249,N,VIIRS,n,2.0NRT,302.72,12.3,D
-13.12289,25.98976,336.49,0.5,0.66,2026-10-03,1249,N,VIIRS,n,2.0NRT,301.2,4.14,D
-13.12162,22.93639,345.31,0.63,0.54,2026-10-03,1249,N,VIIRS,n,2.0NRT,312.45,31.58,D
-13.12157,22.93179,340.31,0.63,0.54,2026-10-03,1249,N,VIIRS,n,2.0NRT,311.83,13.21,D
-13.12044,22.9376,346.5,0.63,0.54,2026-10-03,1249,N,VIIRS,n,2.0NRT,310.63,13.51,D
-13.11661,22.93545,346.35,0.63,0.54,2026-10-03,1249,N,VIIRS,n,2.0NRT,307,16.94,D
-13.11656,22.93087,344.29,0.63,0.54,2026-10-03,1249,N,VIIRS,n,2.0NRT,309.29,13.21,D
-13.11552,22.94129,333.74,0.63,0.54,2026-10-03,1249,N,VIIRS,n,2.0NRT,305.43,6.62,D
-13.11544,22.93668,339.39,0.63,0.54,2026-10-03,1249,N,VIIRS,n,2.0NRT,305.87,13.51,D
-13.11431,22.9425,337.1,0.63,0.54,2026-10-03,1249,N,VIIRS,n,2.0NRT,305.79,13.51,D
-13.11161,22.93452,340.26,0.63,0.54,2026-10-03,1249,N,VIIRS,n,2.0NRT,306.39,16.94,D
-13.11052,22.94034,342.37,0.63,0.54,2026-10-03,1249,N,VIIRS,n,2.0NRT,306.81,6.62,D
-13.11043,22.93574,340.81,0.63,0.54,2026-10-03,1249,N,VIIRS,n,2.0NRT,306.46,6.51,D
-13.10943,22.94618,335.53,0.63,0.54,2026-10-03,1249,N,VIIRS,n,2.0NRT,303.87,6.62,D
-13.1093,22.94155,344.22,0.63,0.54,2026-10-03,1249,N,VIIRS,n,2.0NRT,306.33,6.51,D
-13.09883,23.94036,342.11,0.37,0.58,2026-10-03,1249,N,VIIRS,n,2.0NRT,305.58,2.59,D
-13.08781,23.71487,334.95,0.36,0.57,2026-10-03,1249,N,VIIRS,n,2.0NRT,303.8,2.59,D
-13.08531,23.07528,343.79,0.32,0.55,2026-10-03,1249,N,VIIRS,n,2.0NRT,304.09,37.88,D
-13.08474,23.0783,367,0.32,0.55,2026-10-03,1249,N,VIIRS,l,2.0NRT,328,37.88,D
-13.08418,23.08133,367,0.32,0.55,2026-10-03,1249,N,VIIRS,h,2.0NRT,309.66,38.24,D
-13.08416,23.9303,348.84,0.37,0.58,2026-10-03,1249,N,VIIRS,n,2.0NRT,305.84,2.87,D
-13.08379,23.71251,344.97,0.36,0.57,2026-10-03,1249,N,VIIRS,n,2.0NRT,303.69,3.77,D
-13.08348,23.93377,353.45,0.37,0.58,2026-10-03,1249,N,VIIRS,n,2.0NRT,305.99,5.74,D
-13.08317,23.7158,330.94,0.36,0.57,2026-10-03,1249,N,VIIRS,l,2.0NRT,301.36,6.04,D
-13.08281,23.93723,345.28,0.37,0.58,2026-10-03,1249,N,VIIRS,n,2.0NRT,306.62,5.74,D
-13.08255,23.71381,349.48,0.36,0.57,2026-10-03,1249,N,VIIRS,n,2.0NRT,302.95,2.59,D
-13.08192,23.72241,347.22,0.36,0.57,2026-10-03,1249,N,VIIRS,n,2.0NRT,304.89,3.46,D
-13.08129,23.72574,335.22,0.36,0.57,2026-10-03,1249,N,VIIRS,n,2.0NRT,303.46,3.46,D
-13.08126,23.72039,343.87,0.36,0.57,2026-10-03,1249,N,VIIRS,n,2.0NRT,302.87,6.03,D
-13.08084,23.91894,367,0.37,0.58,2026-10-03,1249,N,VIIRS,h,2.0NRT,306.8,7.88,D
-13.08061,23.7237,333.35,0.36,0.57,2026-10-03,1249,N,VIIRS,n,2.0NRT,303.77,3.07,D
-13.07995,23.72702,331.51,0.36,0.57,2026-10-03,1249,N,VIIRS,l,2.0NRT,302.65,3.07,D
-13.07971,23.07725,349.62,0.32,0.55,2026-10-03,1249,N,VIIRS,n,2.0NRT,300.7,5.31,D
-13.07914,23.08027,341,0.32,0.55,2026-10-03,1249,N,VIIRS,n,2.0NRT,301.57,4.52,D
-13.07901,23.62301,367,0.35,0.57,2026-10-03,1249,N,VIIRS,h,2.0NRT,307.05,9.9,D
-13.07838,23.62631,367,0.35,0.57,2026-10-03,1249,N,VIIRS,h,2.0NRT,306.89,10.78,D
-13.07816,23.93268,356.47,0.37,0.58,2026-10-03,1249,N,VIIRS,n,2.0NRT,309.76,10.97,D
-13.0771,23.1879,339.48,0.33,0.55,2026-10-03,1249,N,VIIRS,n,2.0NRT,304.84,2.01,D
-13.07568,23.61198,338.01,0.35,0.57,2026-10-03,1249,N,VIIRS,n,2.0NRT,302.74,3.36,D
-13.07551,23.91788,367,0.37,0.58,2026-10-03,1249,N,VIIRS,h,2.0NRT,306.58,7.88,D
-13.07505,23.61528,331.06,0.35,0.57,2026-10-03,1249,N,VIIRS,l,2.0NRT,302.05,3.36,D
-13.07503,23.1864,342.35,0.33,0.55,2026-10-03,1249,N,VIIRS,n,2.0NRT,305.77,3.65,D
-13.07317,23.62518,332.68,0.35,0.57,2026-10-03,1249,N,VIIRS,n,2.0NRT,300.67,2.03,D
-13.07282,23.93159,354.91,0.37,0.58,2026-10-03,1249,N,VIIRS,n,2.0NRT,303.41,10.97,D
-13.07215,23.93505,367,0.37,0.58,2026-10-03,1249,N,VIIRS,h,2.0NRT,306.31,10.97,D
-13.0635,23.92261,348.13,0.37,0.58,2026-10-03,1249,N,VIIRS,n,2.0NRT,308.45,4.12,D
-13.06283,23.92603,367,0.37,0.58,2026-10-03,1249,N,VIIRS,h,2.0NRT,308.14,4.12,D
-13.06145,23.20259,338.23,0.33,0.55,2026-10-03,1249,N,VIIRS,n,2.0NRT,304.71,2.56,D
-13.05393,24.66092,342,0.41,0.61,2026-10-03,1249,N,VIIRS,n,2.0NRT,302.64,4.82,D
-13.05242,26.56976,330.4,0.55,0.68,2026-10-03,1249,N,VIIRS,n,2.0NRT,298.93,5.16,D
-13.04994,26.5704,331.95,0.55,0.68,2026-10-03,1249,N,VIIRS,n,2.0NRT,298.63,4.3,D
-13.03791,23.99617,337.74,0.37,0.58,2026-10-03,1249,N,VIIRS,n,2.0NRT,303.09,2.9,D
-13.03662,24.14488,335.03,0.38,0.59,2026-10-03,1249,N,VIIRS,n,2.0NRT,303.31,2.42,D
-13.0365,23.99108,337.63,0.37,0.58,2026-10-03,1249,N,VIIRS,n,2.0NRT,304.08,3.54,D
-13.03584,23.70628,354.62,0.36,0.57,2026-10-03,1249,N,VIIRS,n,2.0NRT,304.76,5.09,D
-13.03584,23.99455,336.93,0.37,0.58,2026-10-03,1249,N,VIIRS,n,2.0NRT,302.79,5.25,D
-13.03467,24.12623,334.14,0.38,0.59,2026-10-03,1249,N,VIIRS,n,2.0NRT,303.93,3.34,D
-13.0292,24.35668,337.32,0.39,0.6,2026-10-03,1249,N,VIIRS,n,2.0NRT,301.69,3.7,D
-13.02849,24.36034,345.09,0.39,0.6,2026-10-03,1249,N,VIIRS,n,2.0NRT,301.09,3.7,D
-13.01955,23.42799,338.91,0.34,0.56,2026-10-03,1249,N,VIIRS,n,2.0NRT,308.01,2.49,D
-13.01923,23.427,367,0.34,0.56,2026-10-03,1249,N,VIIRS,h,2.0NRT,310.63,7.28,D
-13.01856,23.06841,353.69,0.32,0.55,2026-10-03,1249,N,VIIRS,n,2.0NRT,306.05,10.71,D
-13.01798,23.07142,367,0.32,0.55,2026-10-03,1249,N,VIIRS,h,2.0NRT,302.95,10.71,D
-13.01504,23.39247,336.07,0.34,0.56,2026-10-03,1249,N,VIIRS,n,2.0NRT,301.92,3.19,D
-13.01468,23.42271,349.25,0.34,0.56,2026-10-03,1249,N,VIIRS,n,2.0NRT,303.53,7.8,D
-13.01464,24.28568,332.46,0.39,0.59,2026-10-03,1249,N,VIIRS,l,2.0NRT,304.05,4.31,D
-13.01407,23.42594,367,0.34,0.56,2026-10-03,1249,N,VIIRS,h,2.0NRT,308.13,21.58,D
-13.01394,24.28926,358.07,0.39,0.59,2026-10-03,1249,N,VIIRS,n,2.0NRT,304.7,4.31,D
-13.01271,24.35352,345.19,0.39,0.6,2026-10-03,1249,N,VIIRS,n,2.0NRT,301.2,4.2,D
-13.0116,25.08455,333.5,0.44,0.62,2026-10-03,1249,N,VIIRS,l,2.0NRT,304.29,3.81,D
-13.01114,25.08878,330.13,0.44,0.62,2026-10-03,1249,N,VIIRS,l,2.0NRT,304.27,4.2,D
-13.00776,24.29175,332.7,0.39,0.59,2026-10-03,1249,N,VIIRS,n,2.0NRT,302.62,3.33,D
-13.00705,24.29537,351.23,0.39,0.59,2026-10-03,1249,N,VIIRS,n,2.0NRT,303.32,3.33,D
-13.00605,23.66287,354.43,0.35,0.57,2026-10-03,1249,N,VIIRS,n,2.0NRT,303.53,3.87,D
-13.00432,25.82659,343.77,0.49,0.65,2026-10-03,1249,N,VIIRS,n,2.0NRT,299.1,4.72,D
-12.99714,23.73661,331.68,0.36,0.57,2026-10-03,1249,N,VIIRS,l,2.0NRT,302.38,3.55,D
-12.98947,24.41365,351.4,0.4,0.6,2026-10-03,1249,N,VIIRS,n,2.0NRT,302.01,11.44,D
-12.98875,24.41732,367,0.4,0.6,2026-10-03,1249,N,VIIRS,h,2.0NRT,304.86,16.37,D
-12.98802,24.421,356.39,0.4,0.6,2026-10-03,1249,N,VIIRS,n,2.0NRT,300.24,16.37,D
-12.98268,22.52939,341.56,0.6,0.53,2026-10-03,1249,N,VIIRS,n,2.0NRT,307.12,5.62,D
-12.9825,24.41992,367,0.4,0.6,2026-10-03,1249,N,VIIRS,h,2.0NRT,303.52,14.27,D
-12.98177,23.17743,342.12,0.33,0.55,2026-10-03,1249,N,VIIRS,n,2.0NRT,304.91,2.21,D
-12.98176,24.42367,342.71,0.4,0.6,2026-10-03,1249,N,VIIRS,n,2.0NRT,299.92,13.66,D
-12.98063,22.53132,341.65,0.6,0.53,2026-10-03,1249,N,VIIRS,n,2.0NRT,307.05,6.15,D
-12.97565,23.16787,334.23,0.33,0.55,2026-10-03,1249,N,VIIRS,n,2.0NRT,303.36,1.31,D
-12.97451,25.00098,367,0.44,0.62,2026-10-03,1249,N,VIIRS,h,2.0NRT,307.82,12.99,D
-12.9737,25.00499,347.27,0.44,0.62,2026-10-03,1249,N,VIIRS,n,2.0NRT,302.16,13.71,D
-12.97123,24.92849,355.17,0.43,0.62,2026-10-03,1249,N,VIIRS,n,2.0NRT,305.74,14.38,D
-12.97042,24.93252,356.65,0.43,0.62,2026-10-03,1249,N,VIIRS,n,2.0NRT,301.57,14.38,D
-12.96879,24.99978,343.52,0.44,0.62,2026-10-03,1249,N,VIIRS,n,2.0NRT,291.27,12.99,D
-12.96798,25.00384,336.97,0.44,0.62,2026-10-03,1249,N,VIIRS,n,2.0NRT,300.97,13.71,D
-12.96714,24.91938,367,0.43,0.62,2026-10-03,1249,N,VIIRS,h,2.0NRT,304.68,7.88,D
-12.96663,24.91774,352.95,0.43,0.62,2026-10-03,1249,N,VIIRS,n,2.0NRT,304.61,7.89,D
-12.96633,24.92338,347.11,0.43,0.62,2026-10-03,1249,N,VIIRS,n,2.0NRT,303.78,7.88,D
-12.96585,24.92174,367,0.43,0.62,2026-10-03,1249,N,VIIRS,h,2.0NRT,305.91,7.89,D
-12.96229,26.90225,334.31,0.58,0.7,2026-10-03,1249,N,VIIRS,n,2.0NRT,296.35,5.17,D
-12.96199,26.90371,335.36,0.58,0.7,2026-10-03,1249,N,VIIRS,n,2.0NRT,295.77,4.15,D
-12.96143,24.91833,345.96,0.43,0.62,2026-10-03,1249,N,VIIRS,n,2.0NRT,303.1,7.88,D
-12.96091,24.91669,336.75,0.43,0.62,2026-10-03,1249,N,VIIRS,n,2.0NRT,301.99,7.89,D
-12.9561,23.91823,354.51,0.37,0.58,2026-10-03,1249,N,VIIRS,n,2.0NRT,304.57,4.93,D
-12.95143,23.91375,336.21,0.37,0.58,2026-10-03,1249,N,VIIRS,n,2.0NRT,303.53,3.72,D
-12.95076,23.91715,335.54,0.37,0.58,2026-10-03,1249,N,VIIRS,n,2.0NRT,305.05,3.72,D
-12.94542,23.91608,340.08,0.37,0.58,2026-10-03,1249,N,VIIRS,n,2.0NRT,301.54,3.72,D
-12.94375,22.40479,348.96,0.59,0.53,2026-10-03,1249,N,VIIRS,n,2.0NRT,309.39,11.49,D
-12.94204,23.93323,334.72,0.37,0.58,2026-10-03,1249,N,VIIRS,n,2.0NRT,303.07,2.63,D
-12.94001,23.93259,333.59,0.37,0.58,2026-10-03,1249,N,VIIRS,n,2.0NRT,301.65,2.86,D
-12.93586,27.34814,336,0.62,0.71,2026-10-03,1249,N,VIIRS,n,2.0NRT,294.88,12.23,D
-12.93466,27.35381,367,0.62,0.71,2026-10-03,1249,N,VIIRS,h,2.0NRT,300.28,27.14,D
-12.92478,24.07759,336.61,0.38,0.59,2026-10-03,1249,N,VIIRS,n,2.0NRT,298.48,1.86,D
-12.92048,24.21427,330.73,0.39,0.59,2026-10-03,1249,N,VIIRS,n,2.0NRT,302.14,2.52,D
-12.914,26.877,340.47,0.58,0.7,2026-10-03,1249,N,VIIRS,n,2.0NRT,298.21,7.64,D
-12.89473,26.08527,336.56,0.51,0.66,2026-10-03,1249,N,VIIRS,n,2.0NRT,302.91,8.61,D
-12.88752,25.90295,349.75,0.5,0.66,2026-10-03,1249,N,VIIRS,n,2.0NRT,298.9,11.32,D
-12.88658,25.90756,367,0.5,0.66,2026-10-03,1249,N,VIIRS,h,2.0NRT,298.55,14.5,D
-12.88563,25.91218,340.86,0.5,0.66,2026-10-03,1249,N,VIIRS,n,2.0NRT,300.4,14.5,D
-12.87153,23.18753,367,0.33,0.55,2026-10-03,1249,N,VIIRS,h,2.0NRT,304.84,8.17,D
-12.8706,26.01634,333.6,0.51,0.66,2026-10-03,1249,N,VIIRS,n,2.0NRT,301.52,8.63,D
-12.86965,26.021,337.76,0.51,0.66,2026-10-03,1249,N,VIIRS,n,2.0NRT,299.05,6.58,D
-12.86863,24.18925,335.4,0.39,0.59,2026-10-03,1249,N,VIIRS,n,2.0NRT,300.48,3.59,D
-12.8681,24.19288,352.37,0.39,0.59,2026-10-03,1249,N,VIIRS,n,2.0NRT,301.23,6.33,D
-12.86793,24.19287,346.32,0.39,0.59,2026-10-03,1249,N,VIIRS,n,2.0NRT,300.57,3.59,D
-12.85958,24.26588,367,0.39,0.59,2026-10-03,1249,N,VIIRS,h,2.0NRT,307.61,14.49,D
-12.85923,24.26572,367,0.39,0.59,2026-10-03,1249,N,VIIRS,h,2.0NRT,305.5,12.07,D
-12.85909,24.46806,330.75,0.4,0.6,2026-10-03,1249,N,VIIRS,n,2.0NRT,298.68,3.12,D
-12.85889,24.26945,336.68,0.39,0.59,2026-10-03,1249,N,VIIRS,n,2.0NRT,307.4,13.85,D
-12.85852,24.26928,347.16,0.39,0.59,2026-10-03,1249,N,VIIRS,n,2.0NRT,308.25,14.78,D
-12.83967,23.17831,347.03,0.33,0.55,2026-10-03,1249,N,VIIRS,n,2.0NRT,303.52,4.69,D
-12.83455,23.1774,367,0.33,0.55,2026-10-03,1249,N,VIIRS,h,2.0NRT,302.6,7.39,D
-12.82718,27.29086,344.31,0.62,0.71,2026-10-03,1249,N,VIIRS,n,2.0NRT,300.28,8.07,D
-12.82,22.04036,338.78,0.56,0.51,2026-10-03,1249,N,VIIRS,n,2.0NRT,306.92,5.88,D
-12.80584,26.02345,353.5,0.51,0.66,2026-10-03,1249,N,VIIRS,n,2.0NRT,304.44,24.47,D
-12.80484,26.02841,342.67,0.51,0.66,2026-10-03,1249,N,VIIRS,n,2.0NRT,301.54,24.46,D
-12.80223,24.03881,337.07,0.38,0.59,2026-10-03,1249,N,VIIRS,n,2.0NRT,301.67,2.45,D
-12.80097,24.03732,338.89,0.38,0.59,2026-10-03,1249,N,VIIRS,n,2.0NRT,301.6,2.82,D
-12.79268,24.31698,339.2,0.4,0.6,2026-10-03,1249,N,VIIRS,n,2.0NRT,300.08,5.83,D
-12.79196,24.32065,338.36,0.4,0.6,2026-10-03,1249,N,VIIRS,n,2.0NRT,298.8,5.83,D
-12.79124,24.32432,342.45,0.4,0.6,2026-10-03,1249,N,VIIRS,n,2.0NRT,299.98,7.95,D
-12.78221,25.82887,351.64,0.5,0.66,2026-10-03,1249,N,VIIRS,n,2.0NRT,301.09,6.67,D
-12.78204,25.82835,348.21,0.5,0.66,2026-10-03,1249,N,VIIRS,n,2.0NRT,300.45,8.11,D
-12.78127,25.83343,346.01,0.5,0.66,2026-10-03,1249,N,VIIRS,n,2.0NRT,299.76,6.67,D
-12.78114,25.83291,350.29,0.5,0.66,2026-10-03,1249,N,VIIRS,n,2.0NRT,299.27,8.11,D
-12.77882,25.26622,342.75,0.46,0.63,2026-10-03,1249,N,VIIRS,n,2.0NRT,299.33,5.41,D
-12.7776,25.26565,336.64,0.46,0.63,2026-10-03,1249,N,VIIRS,n,2.0NRT,299.76,5.3,D
-12.77262,25.2603,335.1,0.46,0.63,2026-10-03,1249,N,VIIRS,n,2.0NRT,301.54,5.04,D
-12.76879,25.25551,340.36,0.46,0.63,2026-10-03,1249,N,VIIRS,n,2.0NRT,299.38,5.46,D
-12.76795,25.25975,343.66,0.46,0.63,2026-10-03,1249,N,VIIRS,n,2.0NRT,299.87,5.46,D
-12.76676,25.25926,341.55,0.46,0.63,2026-10-03,1249,N,VIIRS,n,2.0NRT,298.42,5.76,D
-12.7494,25.35396,367,0.46,0.64,2026-10-03,1249,N,VIIRS,h,2.0NRT,301.84,11.43,D
-12.74856,23.6317,353.78,0.36,0.57,2026-10-03,1249,N,VIIRS,n,2.0NRT,302.48,13.65,D
-12.74792,23.63504,367,0.36,0.57,2026-10-03,1249,N,VIIRS,h,2.0NRT,308.63,13.65,D
-12.74756,25.35316,346.41,0.46,0.64,2026-10-03,1249,N,VIIRS,n,2.0NRT,299.7,7.48,D
-12.74386,26.04622,331.74,0.51,0.66,2026-10-03,1249,N,VIIRS,n,2.0NRT,294.93,3.37,D
-12.72814,26.8994,355.28,0.58,0.7,2026-10-03,1249,N,VIIRS,n,2.0NRT,296.69,17.17,D
-12.72307,23.88181,367,0.37,0.58,2026-10-03,1249,N,VIIRS,h,2.0NRT,303.28,5.41,D
-12.7199,23.87985,332.43,0.37,0.58,2026-10-03,1249,N,VIIRS,n,2.0NRT,300.7,3.8,D
-12.71914,22.69508,341.96,0.62,0.54,2026-10-03,1249,N,VIIRS,n,2.0NRT,306.43,12.73,D
-12.71861,22.69788,343.4,0.62,0.54,2026-10-03,1249,N,VIIRS,n,2.0NRT,305.99,9.74,D
-12.70994,22.8283,340.25,0.63,0.54,2026-10-03,1249,N,VIIRS,n,2.0NRT,304.1,4.48,D
-12.70955,22.82506,343.77,0.63,0.54,2026-10-03,1249,N,VIIRS,n,2.0NRT,305.15,4.27,D
-12.69683,23.6166,334.54,0.36,0.57,2026-10-03,1249,N,VIIRS,n,2.0NRT,301.78,3,D
-12.69618,23.61995,330.17,0.36,0.57,2026-10-03,1249,N,VIIRS,l,2.0NRT,301.67,5.45,D
-12.68908,23.68478,330.56,0.36,0.57,2026-10-03,1249,N,VIIRS,l,2.0NRT,300.71,3.85,D
-12.6605,24.1512,354.17,0.39,0.59,2026-10-03,1249,N,VIIRS,n,2.0NRT,300.46,9.89,D
-12.66002,24.15332,367,0.39,0.59,2026-10-03,1249,N,VIIRS,h,2.0NRT,302.83,20.06,D
-12.65979,24.15494,367,0.39,0.59,2026-10-03,1249,N,VIIRS,h,2.0NRT,299.66,9.89,D
-12.65852,23.25418,333.25,0.34,0.56,2026-10-03,1249,N,VIIRS,l,2.0NRT,305.22,2.52,D
-12.65724,24.28732,337.05,0.4,0.6,2026-10-03,1249,N,VIIRS,n,2.0NRT,305.55,9.18,D
-12.65493,26.30405,333.44,0.54,0.68,2026-10-03,1249,N,VIIRS,n,2.0NRT,299.13,5.09,D
-12.65175,24.28613,367,0.4,0.6,2026-10-03,1249,N,VIIRS,h,2.0NRT,302.29,9.18,D
-12.65034,24.28783,367,0.4,0.6,2026-10-03,1249,N,VIIRS,h,2.0NRT,302.75,13.41,D
-12.64981,23.69776,332.63,0.36,0.58,2026-10-03,1249,N,VIIRS,n,2.0NRT,300,1.52,D
-12.64793,23.69855,330.88,0.36,0.58,2026-10-03,1249,N,VIIRS,n,2.0NRT,300.38,2.21,D
-12.60676,22.80175,343.88,0.63,0.54,2026-10-03,1249,N,VIIRS,n,2.0NRT,306.44,10.4,D
-12.60602,22.80243,345.08,0.63,0.54,2026-10-03,1249,N,VIIRS,n,2.0NRT,307.03,10.31,D
-12.59987,26.22481,341.87,0.53,0.67,2026-10-03,1249,N,VIIRS,n,2.0NRT,300.31,5.23,D
-12.59542,26.22546,334.36,0.53,0.67,2026-10-03,1249,N,VIIRS,n,2.0NRT,298.27,7.77,D
-12.59459,23.02544,342.52,0.33,0.55,2026-10-03,1249,N,VIIRS,n,2.0NRT,304.29,3.76,D
-12.55218,22.51822,367,0.61,0.53,2026-10-03,1249,N,VIIRS,h,2.0NRT,310.73,14.18,D
-12.55185,22.51503,341.53,0.61,0.53,2026-10-03,1249,N,VIIRS,n,2.0NRT,308.75,5.69,D
-12.55082,22.52064,343.12,0.61,0.53,2026-10-03,1249,N,VIIRS,n,2.0NRT,310.45,10.79,D
-12.54848,22.5643,342.37,0.61,0.54,2026-10-03,1249,N,VIIRS,n,2.0NRT,306.14,7.46,D
-12.54745,22.56685,348.12,0.61,0.54,2026-10-03,1249,N,VIIRS,n,2.0NRT,305.46,13.34,D
-12.54742,22.56987,332.89,0.61,0.54,2026-10-03,1249,N,VIIRS,l,2.0NRT,303.62,7.46,D
-12.54727,22.5173,351.92,0.61,0.53,2026-10-03,1249,N,VIIRS,n,2.0NRT,313.22,14.18,D
-12.54694,22.51409,351.03,0.61,0.53,2026-10-03,1249,N,VIIRS,n,2.0NRT,313.45,14.92,D
-12.54343,22.51077,347.24,0.61,0.53,2026-10-03,1249,N,VIIRS,n,2.0NRT,313.98,11.65,D
-12.54306,22.50753,347.03,0.61,0.53,2026-10-03,1249,N,VIIRS,n,2.0NRT,311.72,14.92,D
-12.5396,22.50424,342.71,0.61,0.53,2026-10-03,1249,N,VIIRS,n,2.0NRT,311.78,11.65,D
-12.53853,22.50982,343.04,0.61,0.53,2026-10-03,1249,N,VIIRS,n,2.0NRT,310.06,11.65,D
-12.53815,22.50656,346.62,0.61,0.53,2026-10-03,1249,N,VIIRS,n,2.0NRT,314.71,12.78,D
-12.53325,22.5056,344.98,0.61,0.53,2026-10-03,1249,N,VIIRS,n,2.0NRT,310.51,12.78,D
-12.53215,22.59625,348.41,0.62,0.54,2026-10-03,1249,N,VIIRS,n,2.0NRT,306.25,9.74,D
-12.53135,22.59889,341.27,0.62,0.54,2026-10-03,1249,N,VIIRS,n,2.0NRT,305.37,6.52,D
-12.50651,23.86671,336.74,0.37,0.58,2026-10-03,1249,N,VIIRS,n,2.0NRT,302.84,1.73,D
-12.5052,21.93564,341.1,0.56,0.51,2026-10-03,1249,N,VIIRS,l,2.0NRT,312.44,13.6,D
-12.50455,23.8679,333.81,0.37,0.58,2026-10-03,1249,N,VIIRS,n,2.0NRT,301.52,4.19,D
-12.48366,22.92996,331.03,0.32,0.55,2026-10-03,1249,N,VIIRS,l,2.0NRT,304.76,1.68,D
-12.48077,22.9297,335.51,0.32,0.55,2026-10-03,1249,N,VIIRS,n,2.0NRT,303.86,1.08,D
-12.47848,22.91373,334.95,0.32,0.55,2026-10-03,1249,N,VIIRS,n,2.0NRT,303.2,1.47,D
-12.47643,22.91309,331.03,0.32,0.55,2026-10-03,1249,N,VIIRS,l,2.0NRT,303.65,1.93,D
-12.47594,22.88848,338.95,0.32,0.55,2026-10-03,1249,N,VIIRS,n,2.0NRT,307.99,3.72,D
-12.47431,26.27933,342.03,0.54,0.68,2026-10-03,1249,N,VIIRS,n,2.0NRT,298.45,9.03,D
-12.47334,22.88509,333.89,0.32,0.55,2026-10-03,1249,N,VIIRS,l,2.0NRT,305.76,4.7,D
-12.47324,26.28452,347.53,0.54,0.68,2026-10-03,1249,N,VIIRS,n,2.0NRT,298.28,9.03,D
-12.47279,22.88806,355.98,0.32,0.55,2026-10-03,1249,N,VIIRS,n,2.0NRT,307.06,7.47,D
-12.47262,22.80491,367,0.32,0.54,2026-10-03,1249,N,VIIRS,h,2.0NRT,306.82,8.56,D
-12.4706,26.28191,367,0.54,0.68,2026-10-03,1249,N,VIIRS,h,2.0NRT,300.33,16.2,D
-12.47056,24.94872,338.21,0.44,0.62,2026-10-03,1249,N,VIIRS,n,2.0NRT,302.51,4.25,D
-12.46986,22.84769,341.25,0.32,0.55,2026-10-03,1249,N,VIIRS,n,2.0NRT,308.76,3.8,D
-12.4687,22.79807,335.12,0.32,0.54,2026-10-03,1249,N,VIIRS,n,2.0NRT,301.24,4.06,D
-12.4684,22.35284,343.98,0.6,0.53,2026-10-03,1249,N,VIIRS,n,2.0NRT,307.84,6.67,D
-12.4676,22.80399,367,0.32,0.54,2026-10-03,1249,N,VIIRS,h,2.0NRT,303.4,8.56,D
-12.46704,22.80697,367,0.32,0.54,2026-10-03,1249,N,VIIRS,h,2.0NRT,302.77,15.99,D
-12.46657,26.47553,332.64,0.55,0.68,2026-10-03,1249,N,VIIRS,n,2.0NRT,294.22,1.9,D
-12.46648,22.83784,347.76,0.32,0.55,2026-10-03,1249,N,VIIRS,n,2.0NRT,306,3.8,D
-12.46406,22.65736,339.33,0.62,0.54,2026-10-03,1249,N,VIIRS,n,2.0NRT,306.03,8.18,D
-12.46216,22.88906,347.33,0.32,0.55,2026-10-03,1249,N,VIIRS,n,2.0NRT,305.72,8.06,D
-12.4616,22.89204,367,0.32,0.55,2026-10-03,1249,N,VIIRS,h,2.0NRT,305.5,9.77,D
-12.45645,22.69776,335.75,0.63,0.54,2026-10-03,1249,N,VIIRS,l,2.0NRT,306.87,7.19,D
-12.45374,22.8782,340.79,0.32,0.55,2026-10-03,1249,N,VIIRS,n,2.0NRT,303.11,3.88,D
-12.4476,22.91106,332.81,0.32,0.55,2026-10-03,1249,N,VIIRS,n,2.0NRT,303.91,1.13,D
-12.44488,25.77772,350.84,0.5,0.66,2026-10-03,1249,N,VIIRS,n,2.0NRT,297.79,9.8,D
-12.43801,22.24541,340.72,0.59,0.53,2026-10-03,1249,N,VIIRS,n,2.0NRT,308.32,3.48,D
-12.43535,22.3409,342.52,0.59,0.53,2026-10-03,1249,N,VIIRS,n,2.0NRT,311.29,4.24,D
-12.43195,22.27798,337.06,0.59,0.53,2026-10-03,1249,N,VIIRS,l,2.0NRT,310.95,5.36,D
-12.42094,26.86,367,0.59,0.7,2026-10-03,1249,N,VIIRS,h,2.0NRT,300.08,45.63,D
-12.41961,24.84518,338.29,0.44,0.62,2026-10-03,1249,N,VIIRS,n,2.0NRT,299.02,1.2,D
-12.41865,24.84518,338.03,0.44,0.62,2026-10-03,1249,N,VIIRS,n,2.0NRT,295.4,1.1,D
-12.3988,22.72919,335.43,0.63,0.54,2026-10-03,1249,N,VIIRS,l,2.0NRT,310.27,9.05,D
-12.38768,22.73311,337.98,0.63,0.54,2026-10-03,1249,N,VIIRS,l,2.0NRT,308.33,9.86,D
-12.38261,22.73565,351.17,0.63,0.54,2026-10-03,1249,N,VIIRS,n,2.0NRT,307.22,17.75,D
-12.37869,22.72886,339.88,0.63,0.54,2026-10-03,1249,N,VIIRS,n,2.0NRT,309.23,5.71,D
-12.37761,22.73471,343.47,0.63,0.54,2026-10-03,1249,N,VIIRS,n,2.0NRT,306.92,5.71,D
-12.37369,22.72792,336.63,0.63,0.54,2026-10-03,1249,N,VIIRS,l,2.0NRT,310.21,5.71,D
-12.3726,22.73378,338.7,0.63,0.54,2026-10-03,1249,N,VIIRS,n,2.0NRT,307.72,5.71,D
-12.37196,22.70948,348.44,0.63,0.54,2026-10-03,1249,N,VIIRS,n,2.0NRT,313.45,49.19,D
-12.36697,22.70853,347.54,0.63,0.54,2026-10-03,1249,N,VIIRS,n,2.0NRT,317.6,49.19,D
-12.36197,22.70758,347.19,0.63,0.54,2026-10-03,1249,N,VIIRS,n,2.0NRT,316.78,43.53,D
-12.35698,22.70664,346.44,0.63,0.54,2026-10-03,1249,N,VIIRS,n,2.0NRT,313.78,43.53,D
-12.35507,25.5933,336.38,0.49,0.65,2026-10-03,1249,N,VIIRS,n,2.0NRT,296.83,5.92,D
-12.3542,23.098,367,0.33,0.56,2026-10-03,1249,N,VIIRS,h,2.0NRT,309.64,12.7,D
-12.34283,26.38329,337.15,0.55,0.68,2026-10-03,1249,N,VIIRS,n,2.0NRT,297.79,4.64,D
-12.32958,22.85253,331.94,0.32,0.55,2026-10-03,1249,N,VIIRS,n,2.0NRT,301.53,2.36,D
-12.3251,22.84858,367,0.32,0.55,2026-10-03,1249,N,VIIRS,h,2.0NRT,305.82,3.9,D
-12.32454,22.85156,367,0.32,0.55,2026-10-03,1249,N,VIIRS,h,2.0NRT,304.84,7.57,D
-12.32398,22.85454,345.29,0.32,0.55,2026-10-03,1249,N,VIIRS,n,2.0NRT,302.47,7.57,D
-12.32247,22.5894,341.88,0.62,0.54,2026-10-03,1249,N,VIIRS,n,2.0NRT,306.46,18.74,D
-12.32062,22.84464,336.23,0.32,0.55,2026-10-03,1249,N,VIIRS,n,2.0NRT,303.14,3.9,D
-12.32006,22.84762,335.81,0.32,0.55,2026-10-03,1249,N,VIIRS,n,2.0NRT,301.92,3.9,D
-12.31597,22.54112,340.12,0.62,0.54,2026-10-03,1249,N,VIIRS,l,2.0NRT,311.76,7.4,D
-12.31558,22.84368,340.99,0.32,0.55,2026-10-03,1249,N,VIIRS,n,2.0NRT,302.86,3.31,D
-12.31103,22.54019,344.43,0.62,0.54,2026-10-03,1249,N,VIIRS,l,2.0NRT,317.42,7.4,D
-12.29854,22.93368,343.77,0.33,0.55,2026-10-03,1249,N,VIIRS,n,2.0NRT,302.77,10.8,D
-12.29797,22.93672,367,0.33,0.55,2026-10-03,1249,N,VIIRS,h,2.0NRT,309.33,10.8,D
-12.29616,25.13151,340.19,0.46,0.63,2026-10-03,1249,N,VIIRS,n,2.0NRT,299.85,2.97,D
-12.29198,24.97577,336.03,0.45,0.63,2026-10-03,1249,N,VIIRS,n,2.0NRT,298.1,6.11,D
-12.29105,24.97634,346.16,0.45,0.63,2026-10-03,1249,N,VIIRS,n,2.0NRT,298.85,6.32,D
-12.28752,26.72566,338.83,0.58,0.7,2026-10-03,1249,N,VIIRS,n,2.0NRT,299.69,7.4,D
-12.27363,23.60116,345.79,0.36,0.58,2026-10-03,1249,N,VIIRS,n,2.0NRT,301.09,4.93,D
-12.27297,23.60461,348.36,0.36,0.58,2026-10-03,1249,N,VIIRS,n,2.0NRT,300.99,4.93,D
-12.26803,25.93323,331.43,0.52,0.67,2026-10-03,1249,N,VIIRS,n,2.0NRT,295.51,2.45,D
-12.25211,23.3767,332.7,0.35,0.57,2026-10-03,1249,N,VIIRS,n,2.0NRT,301.38,2.96,D
-12.2504,22.96521,341.67,0.33,0.55,2026-10-03,1249,N,VIIRS,n,2.0NRT,305.49,1.9,D
-12.24806,22.96529,345.73,0.33,0.55,2026-10-03,1249,N,VIIRS,n,2.0NRT,304.04,3.53,D
-12.24738,25.11165,333.23,0.46,0.63,2026-10-03,1249,N,VIIRS,n,2.0NRT,302.67,6.07,D
-12.24463,22.53941,344.56,0.62,0.54,2026-10-03,1249,N,VIIRS,n,2.0NRT,313.94,28.17,D
-12.24235,23.06204,331.27,0.33,0.56,2026-10-03,1249,N,VIIRS,n,2.0NRT,302.93,2.2,D
-12.24076,22.53279,340.25,0.62,0.54,2026-10-03,1249,N,VIIRS,l,2.0NRT,312.32,20.27,D
-12.23968,22.53847,346.36,0.62,0.54,2026-10-03,1249,N,VIIRS,n,2.0NRT,315.46,28.17,D
-12.23921,22.53734,347.27,0.62,0.54,2026-10-03,1249,N,VIIRS,n,2.0NRT,313.2,18.62,D
-12.2386,22.54419,338.71,0.62,0.54,2026-10-03,1249,N,VIIRS,l,2.0NRT,310.59,28.17,D
-12.23817,22.54306,343.84,0.62,0.54,2026-10-03,1249,N,VIIRS,n,2.0NRT,311.44,6.67,D
-12.22534,22.50623,350.84,0.61,0.54,2026-10-03,1249,N,VIIRS,n,2.0NRT,310.93,10.83,D
-12.22466,22.50497,351.63,0.62,0.54,2026-10-03,1249,N,VIIRS,n,2.0NRT,311.72,8.71,D
-12.22361,22.51071,337.9,0.62,0.54,2026-10-03,1249,N,VIIRS,n,2.0NRT,305.21,8.71,D
-12.21972,22.50402,337.84,0.62,0.54,2026-10-03,1249,N,VIIRS,n,2.0NRT,307.57,8.71,D
-12.21089,22.49652,352.42,0.61,0.54,2026-10-03,1249,N,VIIRS,n,2.0NRT,307.23,19.38,D
-12.20684,22.93225,346.15,0.33,0.55,2026-10-03,1249,N,VIIRS,n,2.0NRT,306.41,3.42,D
-12.20196,23.07087,367,0.34,0.56,2026-10-03,1249,N,VIIRS,h,2.0NRT,313.22,18.8,D
-12.20176,22.93129,332.29,0.33,0.55,2026-10-03,1249,N,VIIRS,l,2.0NRT,305.9,2.17,D
-12.19471,23.02475,330.8,0.33,0.56,2026-10-03,1249,N,VIIRS,l,2.0NRT,305.61,2.85,D
-12.19266,22.95154,330.02,0.33,0.55,2026-10-03,1249,N,VIIRS,l,2.0NRT,304.74,0.81,D
-12.19224,25.55603,344.38,0.49,0.65,2026-10-03,1249,N,VIIRS,n,2.0NRT,299.52,4.6,D
-12.19136,22.74302,332.37,0.32,0.55,2026-10-03,1249,N,VIIRS,n,2.0NRT,305.91,5.31,D
-12.19123,25.55577,345.11,0.49,0.65,2026-10-03,1249,N,VIIRS,n,2.0NRT,299.22,5.07,D
-12.19081,22.74597,367,0.32,0.55,2026-10-03,1249,N,VIIRS,h,2.0NRT,307.73,5.31,D
-12.1903,22.74364,343.99,0.32,0.55,2026-10-03,1249,N,VIIRS,n,2.0NRT,305.95,5.16,D
-12.18974,22.74658,367,0.32,0.55,2026-10-03,1249,N,VIIRS,h,2.0NRT,306.75,5.16,D
-12.18471,23.10606,351.4,0.34,0.56,2026-10-03,1249,N,VIIRS,n,2.0NRT,303.32,13.65,D
-12.18413,23.10918,367,0.34,0.56,2026-10-03,1249,N,VIIRS,h,2.0NRT,303.61,13.65,D
-12.18204,21.90412,349.09,0.56,0.52,2026-10-03,1249,N,VIIRS,n,2.0NRT,315.9,9.02,D
-12.18108,21.90931,349.63,0.56,0.52,2026-10-03,1249,N,VIIRS,n,2.0NRT,315.21,9.02,D
-12.17995,23.01875,367,0.33,0.56,2026-10-03,1249,N,VIIRS,h,2.0NRT,307.83,6.92,D
-12.17684,22.7372,336.76,0.32,0.55,2026-10-03,1249,N,VIIRS,n,2.0NRT,306.97,0.7,D
-12.17484,23.01777,339.3,0.33,0.56,2026-10-03,1249,N,VIIRS,n,2.0NRT,306.03,3.84,D
-12.17254,21.90235,347.31,0.56,0.52,2026-10-03,1249,N,VIIRS,l,2.0NRT,317.54,13.57,D
-12.16972,22.2434,351.81,0.59,0.53,2026-10-03,1249,N,VIIRS,n,2.0NRT,320.95,39.96,D
-12.16966,24.89663,350.85,0.44,0.63,2026-10-03,1249,N,VIIRS,n,2.0NRT,300.91,8.18,D
-12.1686,22.69758,342.82,0.64,0.54,2026-10-03,1249,N,VIIRS,n,2.0NRT,310.77,10.08,D
-12.16779,21.90147,348.24,0.56,0.52,2026-10-03,1249,N,VIIRS,l,2.0NRT,321.07,60.17,D
-12.16748,22.24061,347.34,0.59,0.53,2026-10-03,1249,N,VIIRS,l,2.0NRT,318.88,69.88,D
-12.16486,22.24249,346.57,0.59,0.53,2026-10-03,1249,N,VIIRS,l,2.0NRT,319.34,24.52,D
-12.16304,21.90059,345.2,0.56,0.52,2026-10-03,1249,N,VIIRS,n,2.0NRT,313.08,60.17,D
-12.15541,23.03628,341.91,0.33,0.56,2026-10-03,1249,N,VIIRS,n,2.0NRT,302.29,3.9,D
-12.15482,23.03935,356.23,0.33,0.56,2026-10-03,1249,N,VIIRS,n,2.0NRT,302.92,3.9,D
-12.15424,23.04242,333.77,0.33,0.56,2026-10-03,1249,N,VIIRS,n,2.0NRT,301.97,10.64,D
-12.15365,23.04549,354.04,0.33,0.56,2026-10-03,1249,N,VIIRS,n,2.0NRT,307.41,10.64,D
-12.15306,23.04856,354.92,0.34,0.56,2026-10-03,1249,N,VIIRS,n,2.0NRT,301.7,15.04,D
-12.15191,22.78756,335.91,0.32,0.55,2026-10-03,1249,N,VIIRS,n,2.0NRT,305.84,5.46,D
-12.1518,22.97213,354.31,0.33,0.55,2026-10-03,1249,N,VIIRS,n,2.0NRT,304.01,7.87,D
-12.1508,22.79355,345.35,0.32,0.55,2026-10-03,1249,N,VIIRS,n,2.0NRT,307.84,2.74,D
-12.14912,23.04142,348.86,0.33,0.56,2026-10-03,1249,N,VIIRS,n,2.0NRT,306.53,5.04,D
-12.14853,23.04449,351.92,0.33,0.56,2026-10-03,1249,N,VIIRS,n,2.0NRT,304.65,5.04,D
-12.14794,23.04757,330.74,0.34,0.56,2026-10-03,1249,N,VIIRS,n,2.0NRT,302.94,3.47,D
-12.14551,23.45802,367,0.36,0.57,2026-10-03,1249,N,VIIRS,h,2.0NRT,305.25,7.31,D
-12.11853,22.6881,348.13,0.64,0.54,2026-10-03,1249,N,VIIRS,n,2.0NRT,310.66,21.31,D
-12.11579,25.74719,333.43,0.51,0.66,2026-10-03,1249,N,VIIRS,n,2.0NRT,297.14,7.53,D
-12.11209,22.91675,332.28,0.33,0.55,2026-10-03,1249,N,VIIRS,l,2.0NRT,306.61,5.04,D
-12.11153,22.91978,331.73,0.33,0.55,2026-10-03,1249,N,VIIRS,l,2.0NRT,305.78,4.63,D
-12.10914,26.52037,330.03,0.57,0.69,2026-10-03,1249,N,VIIRS,n,2.0NRT,294.29,2.75,D
-12.10815,22.90969,333.73,0.33,0.55,2026-10-03,1249,N,VIIRS,n,2.0NRT,304.4,6.33,D
-12.10758,22.91272,335.87,0.33,0.55,2026-10-03,1249,N,VIIRS,n,2.0NRT,306.62,8.7,D
-12.10711,26.52308,333.26,0.57,0.69,2026-10-03,1249,N,VIIRS,n,2.0NRT,293.68,4.36,D
-12.10531,22.92484,331.93,0.33,0.55,2026-10-03,1249,N,VIIRS,l,2.0NRT,305.57,2.93,D
-12.10251,22.91172,367,0.33,0.55,2026-10-03,1249,N,VIIRS,h,2.0NRT,312.65,8.7,D
-12.10207,22.74761,343.76,0.32,0.55,2026-10-03,1249,N,VIIRS,n,2.0NRT,305.3,2.33,D
-12.10194,22.91475,350.61,0.33,0.55,2026-10-03,1249,N,VIIRS,n,2.0NRT,307.39,8.7,D
-12.10079,22.92083,334.14,0.33,0.55,2026-10-03,1249,N,VIIRS,n,2.0NRT,306.58,9.58,D
-12.10022,22.92387,334.21,0.33,0.55,2026-10-03,1249,N,VIIRS,l,2.0NRT,306.3,2.93,D
-12.09965,22.92691,335.4,0.33,0.55,2026-10-03,1249,N,VIIRS,l,2.0NRT,305.81,2.93,D
-12.09743,22.91074,355.45,0.33,0.55,2026-10-03,1249,N,VIIRS,n,2.0NRT,304.47,35.29,D
-12.09703,22.74669,341.52,0.32,0.55,2026-10-03,1249,N,VIIRS,n,2.0NRT,305.41,3.48,D
-12.09685,22.91378,350.35,0.33,0.55,2026-10-03,1249,N,VIIRS,n,2.0NRT,316.9,35.29,D
-12.09647,22.74963,367,0.32,0.55,2026-10-03,1249,N,VIIRS,h,2.0NRT,306.38,4.77,D
-12.09628,22.91681,367,0.33,0.55,2026-10-03,1249,N,VIIRS,h,2.0NRT,312.03,24.47,D
-12.09591,22.75258,333.2,0.32,0.55,2026-10-03,1249,N,VIIRS,n,2.0NRT,300.54,4.77,D
-12.09571,22.91986,339.62,0.33,0.55,2026-10-03,1249,N,VIIRS,n,2.0NRT,306.65,24.47,D
-12.09191,22.82875,341.74,0.32,0.55,2026-10-03,1249,N,VIIRS,n,2.0NRT,306.41,2.28,D
-12.09134,22.83175,332.95,0.32,0.55,2026-10-03,1249,N,VIIRS,l,2.0NRT,306.83,2.28,D
-12.09119,22.91586,349.6,0.33,0.55,2026-10-03,1249,N,VIIRS,n,2.0NRT,307.11,24.47,D
-12.09062,22.91891,367,0.33,0.55,2026-10-03,1249,N,VIIRS,h,2.0NRT,308.94,24.47,D
-12.09004,22.92196,340.84,0.33,0.55,2026-10-03,1249,N,VIIRS,n,2.0NRT,308.61,17.12,D
-12.08729,23.07736,331.25,0.34,0.56,2026-10-03,1249,N,VIIRS,n,2.0NRT,298.27,2.06,D
-12.06745,22.77494,333.2,0.32,0.55,2026-10-03,1249,N,VIIRS,l,2.0NRT,306.39,1.4,D
-12.06566,22.77442,334.54,0.32,0.55,2026-10-03,1249,N,VIIRS,n,2.0NRT,306.36,1.34,D
-12.05932,25.99831,340.21,0.53,0.67,2026-10-03,1249,N,VIIRS,n,2.0NRT,293.8,4.93,D
-12.05848,25.68652,350.34,0.5,0.66,2026-10-03,1249,N,VIIRS,n,2.0NRT,300.77,9.14,D
-12.0584,25.685,344.47,0.5,0.66,2026-10-03,1249,N,VIIRS,n,2.0NRT,300.16,7.28,D
-12.05748,25.68973,335.46,0.5,0.66,2026-10-03,1249,N,VIIRS,n,2.0NRT,298.5,7.87,D
-12.05144,25.6901,341.72,0.5,0.66,2026-10-03,1249,N,VIIRS,n,2.0NRT,300.11,9.14,D
-12.05141,23.98672,332.33,0.39,0.59,2026-10-03,1249,N,VIIRS,n,2.0NRT,293.68,4.7,D
-12.0514,25.68855,338.38,0.5,0.66,2026-10-03,1249,N,VIIRS,n,2.0NRT,299.92,9.37,D
-12.05019,22.96495,339.88,0.33,0.55,2026-10-03,1249,N,VIIRS,n,2.0NRT,305.46,4.5,D
-12.04522,24.34055,330.93,0.41,0.61,2026-10-03,1249,N,VIIRS,n,2.0NRT,298.75,2.73,D
-12.04259,23.00465,342.96,0.33,0.56,2026-10-03,1249,N,VIIRS,n,2.0NRT,301.24,3.56,D
-12.04045,24.07442,332.79,0.39,0.6,2026-10-03,1249,N,VIIRS,n,2.0NRT,294.93,4.64,D
-12.04025,24.07219,333.37,0.39,0.6,2026-10-03,1249,N,VIIRS,n,2.0NRT,294.37,2.47,D
-12.02806,26.61804,367,0.58,0.7,2026-10-03,1249,N,VIIRS,h,2.0NRT,291.47,16.93,D
-12.02666,23.28488,347.97,0.35,0.57,2026-10-03,1249,N,VIIRS,n,2.0NRT,306.84,6.94,D
-12.02656,23.08836,354.67,0.34,0.56,2026-10-03,1249,N,VIIRS,n,2.0NRT,308.79,13.76,D
-12.02596,23.09147,334.72,0.34,0.56,2026-10-03,1249,N,VIIRS,n,2.0NRT,301.6,13.76,D
-12.01049,23.08863,335.71,0.34,0.56,2026-10-03,1249,N,VIIRS,n,2.0NRT,296.39,2.33,D
-12.00474,25.60631,331.49,0.5,0.66,2026-10-03,1249,N,VIIRS,n,2.0NRT,298.31,5.7,D
-12.00414,23.09388,330.8,0.34,0.56,2026-10-03,1249,N,VIIRS,l,2.0NRT,304.7,3.96,D
-11.99112,24.35028,354.54,0.41,0.61,2026-10-03,1249,N,VIIRS,n,2.0NRT,302.54,6.61,D
-11.98845,24.34837,349.91,0.41,0.61,2026-10-03,1249,N,VIIRS,n,2.0NRT,302.59,5.71,D
-11.96899,23.16281,340.64,0.34,0.56,2026-10-03,1249,N,VIIRS,n,2.0NRT,302.33,5.65,D
-11.9684,23.16596,367,0.34,0.56,2026-10-03,1249,N,VIIRS,h,2.0NRT,303.29,8.1,D
-11.96119,24.04267,331.38,0.39,0.6,2026-10-03,1249,N,VIIRS,n,2.0NRT,293.32,4.29,D
-11.94024,23.14456,332.77,0.34,0.56,2026-10-03,1249,N,VIIRS,n,2.0NRT,301.29,2.4,D
-11.92253,22.77593,335.81,0.32,0.55,2026-10-03,1249,N,VIIRS,l,2.0NRT,310.19,4.5,D
-11.91715,23.15306,330.79,0.34,0.56,2026-10-03,1249,N,VIIRS,l,2.0NRT,304.11,1.66,D
-11.91376,23.673,351.95,0.37,0.58,2026-10-03,1249,N,VIIRS,n,2.0NRT,299.78,11.17,D
-11.91307,23.67655,367,0.37,0.58,2026-10-03,1249,N,VIIRS,h,2.0NRT,304.53,13.57,D
-11.91237,23.68019,338.32,0.37,0.58,2026-10-03,1249,N,VIIRS,n,2.0NRT,298.77,13.57,D
-11.91157,23.67427,367,0.37,0.58,2026-10-03,1249,N,VIIRS,h,2.0NRT,301.78,19.44,D
-11.9109,23.67784,367,0.37,0.58,2026-10-03,1249,N,VIIRS,h,2.0NRT,299.78,19.44,D
-11.91022,23.68151,367,0.37,0.58,2026-10-03,1249,N,VIIRS,h,2.0NRT,303.73,26.12,D
-11.90831,23.67246,341.61,0.37,0.58,2026-10-03,1249,N,VIIRS,n,2.0NRT,300.73,7.82,D
-11.90694,23.67949,367,0.37,0.58,2026-10-03,1249,N,VIIRS,h,2.0NRT,301.86,19.91,D
-11.90613,23.0987,342.44,0.34,0.56,2026-10-03,1249,N,VIIRS,n,2.0NRT,304.41,2.94,D
-11.90553,24.21709,367,0.41,0.6,2026-10-03,1249,N,VIIRS,h,2.0NRT,298.52,23.37,D
-11.90552,23.10185,347.3,0.34,0.56,2026-10-03,1249,N,VIIRS,n,2.0NRT,302.97,5.1,D
-11.90481,23.09952,367,0.34,0.56,2026-10-03,1249,N,VIIRS,h,2.0NRT,306.94,6.61,D
-11.90432,24.21576,355.99,0.4,0.6,2026-10-03,1249,N,VIIRS,n,2.0NRT,297,12.79,D
-11.90359,24.21945,336.39,0.4,0.6,2026-10-03,1249,N,VIIRS,n,2.0NRT,289.69,12.79,D
-11.90142,24.2084,343.83,0.4,0.6,2026-10-03,1249,N,VIIRS,n,2.0NRT,293.69,13.72,D
-11.89104,26.69976,367,0.59,0.7,2026-10-03,1249,N,VIIRS,h,2.0NRT,294.81,37.76,D
-11.89024,23.14933,335.52,0.34,0.56,2026-10-03,1249,N,VIIRS,n,2.0NRT,304.41,3.29,D
-11.88994,26.70515,367,0.59,0.7,2026-10-03,1249,N,VIIRS,h,2.0NRT,297.5,43.57,D
-11.88648,23.08305,367,0.34,0.56,2026-10-03,1249,N,VIIRS,h,2.0NRT,307.97,10.65,D
-11.8729,22.32511,343.07,0.61,0.53,2026-10-03,1249,N,VIIRS,l,2.0NRT,313.91,10.88,D
-11.87132,23.13566,367,0.34,0.56,2026-10-03,1249,N,VIIRS,h,2.0NRT,306.99,13.88,D
-11.86799,22.32421,341.84,0.61,0.53,2026-10-03,1249,N,VIIRS,l,2.0NRT,312.76,10.88,D
-11.86744,26.78196,332.11,0.6,0.7,2026-10-03,1249,N,VIIRS,n,2.0NRT,289.24,4.85,D
-11.8649,25.35484,340.22,0.48,0.65,2026-10-03,1249,N,VIIRS,n,2.0NRT,299.28,5.82,D
-11.86376,23.14738,367,0.34,0.56,2026-10-03,1249,N,VIIRS,h,2.0NRT,304.74,7.91,D
-11.8636,24.84419,336.4,0.45,0.63,2026-10-03,1249,N,VIIRS,n,2.0NRT,299.82,6.38,D
-11.86153,25.34051,335.25,0.48,0.65,2026-10-03,1249,N,VIIRS,n,2.0NRT,298.07,3.52,D
-11.85784,24.84295,353.74,0.45,0.63,2026-10-03,1249,N,VIIRS,n,2.0NRT,300.55,17.28,D
-11.85705,24.84699,367,0.45,0.63,2026-10-03,1249,N,VIIRS,h,2.0NRT,300.26,17.28,D
-11.83656,22.98023,337.41,0.34,0.56,2026-10-03,1249,N,VIIRS,n,2.0NRT,305.98,2.53,D
-11.83143,22.97926,346.33,0.34,0.56,2026-10-03,1249,N,VIIRS,n,2.0NRT,305.02,2.53,D
-11.83083,22.98235,330.74,0.34,0.56,2026-10-03,1249,N,VIIRS,l,2.0NRT,304.76,4,D
-11.81792,23.10598,330.6,0.34,0.56,2026-10-03,1249,N,VIIRS,l,2.0NRT,304.1,2.4,D
-11.81421,22.98584,346.41,0.34,0.56,2026-10-03,1249,N,VIIRS,n,2.0NRT,306.25,4.54,D
-11.81275,23.10499,344.41,0.34,0.56,2026-10-03,1249,N,VIIRS,n,2.0NRT,304.06,3.57,D
-11.81267,22.98641,340.14,0.34,0.56,2026-10-03,1249,N,VIIRS,n,2.0NRT,305.43,3.62,D
-11.81118,23.08517,333.07,0.34,0.56,2026-10-03,1249,N,VIIRS,n,2.0NRT,302.37,2.12,D
-11.80972,23.12081,354.29,0.34,0.56,2026-10-03,1249,N,VIIRS,n,2.0NRT,306.12,12.33,D
-11.80912,23.12397,340.84,0.34,0.56,2026-10-03,1249,N,VIIRS,n,2.0NRT,301.81,12.33,D
-11.8007,23.70096,341.59,0.38,0.58,2026-10-03,1249,N,VIIRS,n,2.0NRT,297.84,1.7,D
-11.79902,23.69893,334.57,0.38,0.58,2026-10-03,1249,N,VIIRS,n,2.0NRT,298.07,5.23,D
-11.79461,22.85556,343.45,0.33,0.55,2026-10-03,1249,N,VIIRS,n,2.0NRT,308.48,4.19,D
-11.77993,25.05502,367,0.46,0.64,2026-10-03,1249,N,VIIRS,h,2.0NRT,297.26,8.81,D
-11.77733,23.31836,354.62,0.35,0.57,2026-10-03,1249,N,VIIRS,n,2.0NRT,301.09,6.95,D
-11.77403,25.05404,353.48,0.46,0.64,2026-10-03,1249,N,VIIRS,n,2.0NRT,294.47,8.81,D
-11.77271,23.31407,335.6,0.35,0.57,2026-10-03,1249,N,VIIRS,n,2.0NRT,300.14,3.54,D
-11.76788,25.14676,346.32,0.47,0.64,2026-10-03,1249,N,VIIRS,n,2.0NRT,299.58,5.01,D
-11.76172,23.34289,343.42,0.36,0.57,2026-10-03,1249,N,VIIRS,n,2.0NRT,300.55,2.59,D
-11.76026,24.69822,330.67,0.44,0.62,2026-10-03,1249,N,VIIRS,n,2.0NRT,298.72,5.19,D
-11.75232,23.05277,340.83,0.34,0.56,2026-10-03,1249,N,VIIRS,n,2.0NRT,305.91,3.27,D
-11.74261,23.04757,335.1,0.34,0.56,2026-10-03,1249,N,VIIRS,n,2.0NRT,305.04,3.67,D
-11.74201,23.05072,347.19,0.34,0.56,2026-10-03,1249,N,VIIRS,n,2.0NRT,303.89,3.67,D
-11.74088,22.19834,343.82,0.6,0.53,2026-10-03,1249,N,VIIRS,n,2.0NRT,312,14.33,D
-11.7382,22.19545,342.19,0.6,0.53,2026-10-03,1249,N,VIIRS,l,2.0NRT,313.48,33.29,D
-11.73601,22.19742,356.76,0.6,0.53,2026-10-03,1249,N,VIIRS,n,2.0NRT,310.74,14.33,D
-11.73085,23.08142,333.02,0.34,0.56,2026-10-03,1249,N,VIIRS,n,2.0NRT,301.94,1.53,D
-11.73004,27.86179,348.84,0.7,0.75,2026-10-03,1249,N,VIIRS,n,2.0NRT,292.34,18.43,D
-11.72871,27.86827,343.9,0.7,0.75,2026-10-03,1249,N,VIIRS,n,2.0NRT,291.51,17.86,D
-11.72771,27.86458,367,0.7,0.75,2026-10-03,1249,N,VIIRS,h,2.0NRT,292.33,19.63,D
-11.71951,22.17721,340.54,0.6,0.53,2026-10-03,1249,N,VIIRS,l,2.0NRT,313.66,11.62,D
-11.71861,24.57814,334.9,0.43,0.62,2026-10-03,1249,N,VIIRS,n,2.0NRT,298.97,2.99,D
-11.71798,24.57676,333.09,0.43,0.62,2026-10-03,1249,N,VIIRS,n,2.0NRT,298.4,2.6,D
-11.71464,22.1763,349.02,0.6,0.53,2026-10-03,1249,N,VIIRS,n,2.0NRT,312.02,16.55,D
-11.69599,23.85781,333.18,0.39,0.59,2026-10-03,1249,N,VIIRS,n,2.0NRT,300.35,4.54,D
-11.69299,22.43379,346.26,0.62,0.54,2026-10-03,1249,N,VIIRS,n,2.0NRT,311.66,13.6,D
-11.6924,22.4368,346.48,0.62,0.54,2026-10-03,1249,N,VIIRS,n,2.0NRT,310.48,13.12,D
-11.68293,28.14534,332.47,0.73,0.76,2026-10-03,1249,N,VIIRS,n,2.0NRT,289.11,6.43,D
-11.67861,28.14856,348.86,0.74,0.76,2026-10-03,1249,N,VIIRS,n,2.0NRT,288.62,20.43,D
-11.67591,28.14379,345.15,0.73,0.76,2026-10-03,1249,N,VIIRS,n,2.0NRT,288.52,6.43,D
-11.66887,28.14239,355.89,0.73,0.76,2026-10-03,1249,N,VIIRS,n,2.0NRT,289.95,19.18,D
-11.66785,24.15324,367,0.41,0.6,2026-10-03,1249,N,VIIRS,h,2.0NRT,303.6,18.16,D
-11.66596,28.1387,367,0.73,0.76,2026-10-03,1249,N,VIIRS,h,2.0NRT,290.84,34.24,D
-11.6645,28.40806,333.67,0.76,0.77,2026-10-03,1249,N,VIIRS,n,2.0NRT,288.62,9.08,D
-11.66328,28.13416,342,0.73,0.76,2026-10-03,1249,N,VIIRS,n,2.0NRT,289.37,19.18,D
-11.66159,23.65004,367,0.38,0.58,2026-10-03,1249,N,VIIRS,h,2.0NRT,304.52,29.42,D
-11.65641,24.09307,355.87,0.4,0.6,2026-10-03,1249,N,VIIRS,n,2.0NRT,299.74,8.22,D
-11.6557,24.09678,333.32,0.4,0.6,2026-10-03,1249,N,VIIRS,n,2.0NRT,298.77,8.83,D
-11.64782,28.53253,340.39,0.78,0.78,2026-10-03,1249,N,VIIRS,n,2.0NRT,290.04,17.67,D
-11.64618,24.67169,331.29,0.44,0.62,2026-10-03,1249,N,VIIRS,n,2.0NRT,297.44,2.64,D
-11.64603,28.53144,348.61,0.78,0.78,2026-10-03,1249,N,VIIRS,n,2.0NRT,290.2,15.2,D
-11.64308,23.08691,367,0.34,0.56,2026-10-03,1249,N,VIIRS,h,2.0NRT,303.6,14.94,D
-11.64101,22.92785,341.49,0.34,0.56,2026-10-03,1249,N,VIIRS,n,2.0NRT,309.59,6.83,D
-11.63546,23.09887,345.79,0.34,0.56,2026-10-03,1249,N,VIIRS,n,2.0NRT,304.5,7.03,D
-11.62053,24.30903,339.37,0.42,0.61,2026-10-03,1249,N,VIIRS,n,2.0NRT,295.33,3.28,D
-11.61743,27.98546,331.04,0.72,0.76,2026-10-03,1249,N,VIIRS,n,2.0NRT,290.23,97.68,D
-11.616,27.99226,356.26,0.72,0.76,2026-10-03,1249,N,VIIRS,n,2.0NRT,298.19,97.68,D
-11.61478,24.86276,345.08,0.45,0.63,2026-10-03,1249,N,VIIRS,n,2.0NRT,295.42,5.33,D
-11.61398,24.86682,335.15,0.45,0.63,2026-10-03,1249,N,VIIRS,n,2.0NRT,296.75,8.89,D
-11.61233,23.58744,354.8,0.37,0.58,2026-10-03,1249,N,VIIRS,n,2.0NRT,300.3,5.71,D
-11.6112,23.52009,344.78,0.37,0.58,2026-10-03,1249,N,VIIRS,n,2.0NRT,299.83,3.87,D
-11.60885,23.51936,333.61,0.37,0.58,2026-10-03,1249,N,VIIRS,n,2.0NRT,299.69,4.37,D
-11.60696,23.58648,334.79,0.37,0.58,2026-10-03,1249,N,VIIRS,n,2.0NRT,298.24,5.71,D
-11.6063,23.58987,351.73,0.37,0.58,2026-10-03,1249,N,VIIRS,n,2.0NRT,298.76,5.71,D
-11.60378,23.58985,331.09,0.37,0.58,2026-10-03,1249,N,VIIRS,n,2.0NRT,298.03,4.78,D
-11.60116,23.51466,367,0.37,0.58,2026-10-03,1249,N,VIIRS,h,2.0NRT,306.56,27.99,D
-11.59883,23.51398,355.77,0.37,0.58,2026-10-03,1249,N,VIIRS,n,2.0NRT,304.56,16.14,D
-11.59845,24.39294,335.49,0.42,0.61,2026-10-03,1249,N,VIIRS,n,2.0NRT,294.83,4.65,D
-11.59817,23.51738,332.47,0.37,0.58,2026-10-03,1249,N,VIIRS,n,2.0NRT,299.49,16.14,D
-11.59702,24.14205,351.03,0.41,0.6,2026-10-03,1249,N,VIIRS,n,2.0NRT,300.58,5.97,D
-11.59581,23.51368,335.69,0.37,0.58,2026-10-03,1249,N,VIIRS,n,2.0NRT,292.84,3.08,D
-11.59295,22.13958,331.37,0.6,0.53,2026-10-03,1249,N,VIIRS,l,2.0NRT,305.61,10.36,D
-11.58344,22.49664,337.59,0.63,0.54,2026-10-03,1249,N,VIIRS,n,2.0NRT,304.36,7.46,D
-11.58301,22.50031,331.77,0.63,0.54,2026-10-03,1249,N,VIIRS,l,2.0NRT,302.63,4.94,D
-11.58159,23.26923,355.37,0.35,0.57,2026-10-03,1249,N,VIIRS,n,2.0NRT,306.23,30.58,D
-11.57302,22.49845,336.59,0.63,0.54,2026-10-03,1249,N,VIIRS,n,2.0NRT,301.94,3.19,D
-11.56788,23.17327,337.23,0.35,0.57,2026-10-03,1249,N,VIIRS,n,2.0NRT,299.26,2.4,D
-11.56063,24.31728,351.21,0.42,0.61,2026-10-03,1249,N,VIIRS,n,2.0NRT,297.17,6.13,D
-11.5539,22.79057,354.12,0.33,0.55,2026-10-03,1249,N,VIIRS,n,2.0NRT,306.39,21.25,D
-11.55204,22.82839,338.16,0.33,0.55,2026-10-03,1249,N,VIIRS,n,2.0NRT,302.61,3.46,D
-11.55145,22.83153,342.17,0.33,0.55,2026-10-03,1249,N,VIIRS,n,2.0NRT,301.29,3.46,D
-11.54641,23.51167,349.49,0.37,0.58,2026-10-03,1249,N,VIIRS,n,2.0NRT,302.57,6.56,D
-11.54378,23.12852,339.78,0.35,0.57,2026-10-03,1249,N,VIIRS,n,2.0NRT,303.76,1.81,D
-11.54318,23.13173,332.61,0.35,0.57,2026-10-03,1249,N,VIIRS,n,2.0NRT,300.91,1.29,D
-11.54089,22.80355,332.02,0.33,0.55,2026-10-03,1249,N,VIIRS,n,2.0NRT,300.98,1.63,D
-11.54009,23.23561,336.2,0.35,0.57,2026-10-03,1249,N,VIIRS,n,2.0NRT,299.69,2.5,D
-11.53786,23.52747,338.13,0.37,0.58,2026-10-03,1249,N,VIIRS,n,2.0NRT,300.75,2.2,D
-11.53751,22.79356,330.12,0.33,0.55,2026-10-03,1249,N,VIIRS,l,2.0NRT,300.33,5.64,D
-11.53721,22.85084,331.95,0.33,0.56,2026-10-03,1249,N,VIIRS,n,2.0NRT,299.58,1.25,D
-11.53637,25.51597,330.52,0.5,0.66,2026-10-03,1249,N,VIIRS,n,2.0NRT,295.52,4.06,D
-11.5358,22.80258,349.13,0.33,0.55,2026-10-03,1249,N,VIIRS,n,2.0NRT,311.92,19.97,D
-11.53522,22.8056,350.33,0.33,0.55,2026-10-03,1249,N,VIIRS,n,2.0NRT,300.28,16.1,D
-11.53493,23.14701,333.58,0.35,0.57,2026-10-03,1249,N,VIIRS,n,2.0NRT,301.92,3.05,D
-11.53471,22.79411,331.35,0.33,0.55,2026-10-03,1249,N,VIIRS,n,2.0NRT,300.15,2.62,D
-11.53361,22.80015,356.56,0.33,0.55,2026-10-03,1249,N,VIIRS,n,2.0NRT,304.99,25,D
-11.53306,22.80318,367,0.33,0.55,2026-10-03,1249,N,VIIRS,h,2.0NRT,312.59,45.31,D
-11.5326,22.87514,335.76,0.33,0.56,2026-10-03,1249,N,VIIRS,n,2.0NRT,301.1,4.18,D
-11.53202,22.87824,341.71,0.33,0.56,2026-10-03,1249,N,VIIRS,n,2.0NRT,300.01,4.18,D
-11.53128,22.79857,367,0.33,0.55,2026-10-03,1249,N,VIIRS,h,2.0NRT,301.83,19.97,D
-11.53072,22.99773,349.2,0.34,0.56,2026-10-03,1249,N,VIIRS,n,2.0NRT,304.67,4.37,D
-11.5307,22.80159,367,0.33,0.55,2026-10-03,1249,N,VIIRS,h,2.0NRT,301.36,19.97,D
-11.53013,22.80462,333.76,0.33,0.55,2026-10-03,1249,N,VIIRS,n,2.0NRT,299.34,16.1,D
-11.52599,22.93805,333.05,0.34,0.56,2026-10-03,1249,N,VIIRS,n,2.0NRT,301.02,2.18,D
-11.52571,22.88348,336.72,0.34,0.56,2026-10-03,1249,N,VIIRS,n,2.0NRT,297.86,4.6,D
-11.52558,23.65018,342.71,0.38,0.59,2026-10-03,1249,N,VIIRS,n,2.0NRT,299.58,5.49,D
-11.52085,22.93704,344.08,0.34,0.56,2026-10-03,1249,N,VIIRS,n,2.0NRT,300.76,4.33,D
-11.52026,22.94017,346.97,0.34,0.56,2026-10-03,1249,N,VIIRS,n,2.0NRT,301.87,4.33,D
-11.51886,22.85196,367,0.33,0.56,2026-10-03,1249,N,VIIRS,h,2.0NRT,303.58,6.78,D
-11.51612,22.8503,355.77,0.33,0.56,2026-10-03,1249,N,VIIRS,n,2.0NRT,304.11,12.15,D
-11.51555,22.8533,353.75,0.33,0.56,2026-10-03,1249,N,VIIRS,n,2.0NRT,299.84,14.9,D
-11.51433,22.9714,345.46,0.34,0.56,2026-10-03,1249,N,VIIRS,n,2.0NRT,300.85,5.8,D
-11.51374,22.9745,332.17,0.34,0.56,2026-10-03,1249,N,VIIRS,n,2.0NRT,301.05,7.18,D
-11.51373,22.85103,367,0.33,0.56,2026-10-03,1249,N,VIIRS,h,2.0NRT,299.6,12.05,D
-11.51117,22.93193,332.71,0.34,0.56,2026-10-03,1249,N,VIIRS,n,2.0NRT,298.26,1.91,D
-11.51076,22.99015,331.97,0.34,0.56,2026-10-03,1249,N,VIIRS,n,2.0NRT,301.34,4.83,D
-11.51016,22.99329,343.73,0.34,0.56,2026-10-03,1249,N,VIIRS,n,2.0NRT,301.97,6.01,D
-11.50552,23.13111,344.63,0.35,0.57,2026-10-03,1249,N,VIIRS,n,2.0NRT,302.06,7.1,D
-11.50031,23.13014,367,0.35,0.57,2026-10-03,1249,N,VIIRS,h,2.0NRT,301.87,7.1,D
-11.49694,23.11945,347.44,0.35,0.57,2026-10-03,1249,N,VIIRS,n,2.0NRT,300.82,2.04,D
-11.49389,23.07879,346.82,0.35,0.56,2026-10-03,1249,N,VIIRS,n,2.0NRT,301.83,4.4,D
-11.49377,24.16869,349.02,0.41,0.61,2026-10-03,1249,N,VIIRS,n,2.0NRT,297.82,4.78,D
-11.49046,24.16545,336.23,0.41,0.61,2026-10-03,1249,N,VIIRS,n,2.0NRT,296.25,3.74,D
-11.48977,24.16912,338.19,0.41,0.61,2026-10-03,1249,N,VIIRS,n,2.0NRT,297.73,3.74,D
-11.47653,22.99529,367,0.34,0.56,2026-10-03,1249,N,VIIRS,h,2.0NRT,301.1,6.7,D
-11.46928,22.89064,331.71,0.34,0.56,2026-10-03,1249,N,VIIRS,l,2.0NRT,301.85,2.83,D
-11.46181,22.51839,332.72,0.32,0.54,2026-10-03,1249,N,VIIRS,n,2.0NRT,301.71,1.95,D
-11.46142,23.048,336.83,0.34,0.56,2026-10-03,1249,N,VIIRS,n,2.0NRT,302.15,2.77,D
-11.45924,23.43312,333.72,0.37,0.58,2026-10-03,1249,N,VIIRS,n,2.0NRT,299.95,4.93,D
-11.45247,25.01599,338.47,0.47,0.64,2026-10-03,1249,N,VIIRS,n,2.0NRT,304.07,5.74,D
-11.43698,22.97784,331.98,0.34,0.56,2026-10-03,1249,N,VIIRS,n,2.0NRT,294.24,1.28,D
-11.43638,22.98102,335.75,0.34,0.56,2026-10-03,1249,N,VIIRS,n,2.0NRT,300.86,1.28,D
-11.43423,22.82298,350.42,0.33,0.56,2026-10-03,1249,N,VIIRS,n,2.0NRT,299.82,5.48,D
-11.43364,22.82613,356.82,0.33,0.56,2026-10-03,1249,N,VIIRS,n,2.0NRT,303.3,5.48,D
-11.43122,22.98,338.61,0.34,0.56,2026-10-03,1249,N,VIIRS,n,2.0NRT,298.94,1.28,D
-11.43114,23.66944,367,0.38,0.59,2026-10-03,1249,N,VIIRS,h,2.0NRT,297.52,12,D
-11.41839,26.75738,335.45,0.61,0.71,2026-10-03,1249,N,VIIRS,n,2.0NRT,287.14,5.66,D
-11.41723,24.43879,340.33,0.43,0.62,2026-10-03,1249,N,VIIRS,n,2.0NRT,300.05,7.24,D
-11.41584,24.43603,336.09,0.43,0.62,2026-10-03,1249,N,VIIRS,n,2.0NRT,300.72,7.12,D
-11.41092,27.43832,332.9,0.67,0.74,2026-10-03,1249,N,VIIRS,n,2.0NRT,289.43,5.3,D
-11.40188,26.77194,356.5,0.61,0.71,2026-10-03,1249,N,VIIRS,n,2.0NRT,292.2,10.63,D
-11.40177,23.13635,332.45,0.35,0.57,2026-10-03,1249,N,VIIRS,n,2.0NRT,298.6,3.38,D
-11.40115,23.13966,346.03,0.35,0.57,2026-10-03,1249,N,VIIRS,n,2.0NRT,298.66,3.38,D
-11.40039,22.2676,334.04,0.61,0.54,2026-10-03,1249,N,VIIRS,l,2.0NRT,307.93,13.1,D
-11.4003,26.77188,367,0.61,0.71,2026-10-03,1249,N,VIIRS,h,2.0NRT,293.39,15.69,D
-11.39984,22.26494,333.19,0.61,0.54,2026-10-03,1249,N,VIIRS,l,2.0NRT,307.63,5.11,D
-11.39911,26.77764,342.79,0.61,0.71,2026-10-03,1249,N,VIIRS,n,2.0NRT,290.26,15.69,D
-11.39531,26.77076,367,0.61,0.71,2026-10-03,1249,N,VIIRS,h,2.0NRT,293.72,23.21,D
-11.39418,26.77642,333.57,0.61,0.71,2026-10-03,1249,N,VIIRS,n,2.0NRT,290.87,18.47,D
-11.39375,26.7706,350.13,0.61,0.71,2026-10-03,1249,N,VIIRS,n,2.0NRT,292.09,15.49,D
-11.38299,22.27339,349.01,0.61,0.54,2026-10-03,1249,N,VIIRS,n,2.0NRT,310.17,11.27,D
-11.37805,22.27251,335.25,0.61,0.54,2026-10-03,1249,N,VIIRS,l,2.0NRT,307.59,11.27,D
-11.36745,24.18703,336.63,0.41,0.61,2026-10-03,1249,N,VIIRS,n,2.0NRT,296.07,3.33,D
-11.36446,24.18817,332.35,0.41,0.61,2026-10-03,1249,N,VIIRS,n,2.0NRT,294.78,3.05,D
-11.36165,25.88101,331.56,0.53,0.67,2026-10-03,1249,N,VIIRS,n,2.0NRT,292.12,7.51,D
-11.3583,25.87636,330.54,0.53,0.67,2026-10-03,1249,N,VIIRS,n,2.0NRT,291.65,4.36,D
-11.35778,24.37122,352.57,0.42,0.61,2026-10-03,1249,N,VIIRS,n,2.0NRT,297.94,8.72,D
-11.34332,24.38504,338.23,0.42,0.61,2026-10-03,1249,N,VIIRS,n,2.0NRT,298.56,6.79,D
-11.34203,24.38344,338.43,0.43,0.62,2026-10-03,1249,N,VIIRS,n,2.0NRT,298.48,7.48,D
-11.34001,22.72393,335.09,0.33,0.55,2026-10-03,1249,N,VIIRS,n,2.0NRT,300.44,4.55,D
-11.33945,22.72691,341.75,0.33,0.55,2026-10-03,1249,N,VIIRS,n,2.0NRT,298.01,3.79,D
-11.31799,21.92894,335.07,0.58,0.52,2026-10-03,1249,N,VIIRS,l,2.0NRT,307.29,4.01,D
-11.30604,24.29541,342.54,0.42,0.61,2026-10-03,1249,N,VIIRS,n,2.0NRT,294,4.65,D
-11.30477,24.21112,339.54,0.41,0.61,2026-10-03,1249,N,VIIRS,n,2.0NRT,298.51,3.94,D
-11.30137,24.19859,331.05,0.41,0.61,2026-10-03,1249,N,VIIRS,n,2.0NRT,299.86,4.04,D
-11.29734,24.31023,333.53,0.42,0.61,2026-10-03,1249,N,VIIRS,n,2.0NRT,293.96,2.56,D
-11.29345,25.13733,331.24,0.48,0.65,2026-10-03,1249,N,VIIRS,n,2.0NRT,296.58,3.12,D
-11.27168,24.26151,334.19,0.42,0.61,2026-10-03,1249,N,VIIRS,n,2.0NRT,298.6,3.31,D
-11.26763,23.45274,345.49,0.37,0.58,2026-10-03,1249,N,VIIRS,n,2.0NRT,297.98,4.71,D
-11.25797,23.62879,343.22,0.38,0.59,2026-10-03,1249,N,VIIRS,n,2.0NRT,297.48,5.36,D
-11.25676,23.63009,367,0.38,0.59,2026-10-03,1249,N,VIIRS,h,2.0NRT,295.86,7.5,D
-11.24545,24.36589,347.06,0.43,0.62,2026-10-03,1249,N,VIIRS,n,2.0NRT,295.78,4,D
-11.24351,24.36536,346.07,0.43,0.62,2026-10-03,1249,N,VIIRS,n,2.0NRT,295.13,3.25,D
-11.24292,26.86209,347.52,0.62,0.71,2026-10-03,1249,N,VIIRS,n,2.0NRT,294.27,11.77,D
-11.24155,24.09882,331.38,0.41,0.61,2026-10-03,1249,N,VIIRS,n,2.0NRT,298.6,2.72,D
-11.23066,24.4415,342.17,0.43,0.62,2026-10-03,1249,N,VIIRS,n,2.0NRT,300.64,6.52,D
-11.22924,24.44116,341.08,0.43,0.62,2026-10-03,1249,N,VIIRS,n,2.0NRT,300.08,7.01,D
-11.22802,24.13934,330.45,0.41,0.61,2026-10-03,1249,N,VIIRS,n,2.0NRT,300.02,3,D
-11.22753,24.11165,354.93,0.41,0.61,2026-10-03,1249,N,VIIRS,n,2.0NRT,296.25,13.49,D
-11.22681,24.11541,367,0.41,0.61,2026-10-03,1249,N,VIIRS,h,2.0NRT,299.03,18.06,D
-11.20813,24.1825,339.76,0.41,0.61,2026-10-03,1249,N,VIIRS,n,2.0NRT,301.65,3.97,D
-11.18121,24.11159,333.22,0.41,0.61,2026-10-03,1249,N,VIIRS,n,2.0NRT,299.61,3.99,D
-11.18031,22.73479,335.91,0.33,0.55,2026-10-03,1249,N,VIIRS,n,2.0NRT,300.08,2.16,D
-11.17985,24.54867,367,0.44,0.62,2026-10-03,1249,N,VIIRS,h,2.0NRT,297.63,11.63,D
-11.17922,24.54854,367,0.44,0.62,2026-10-03,1249,N,VIIRS,h,2.0NRT,298.07,12.13,D
-11.1791,24.55245,330.92,0.44,0.62,2026-10-03,1249,N,VIIRS,n,2.0NRT,295.15,12.52,D
-11.17855,24.10943,339.21,0.41,0.61,2026-10-03,1249,N,VIIRS,n,2.0NRT,299.33,3.85,D
-11.16096,25.49573,341.8,0.51,0.66,2026-10-03,1249,N,VIIRS,n,2.0NRT,301.38,13.71,D
-11.16002,25.50048,367,0.51,0.66,2026-10-03,1249,N,VIIRS,h,2.0NRT,295.99,19.13,D
-11.15737,24.16045,335.2,0.41,0.61,2026-10-03,1249,N,VIIRS,n,2.0NRT,301.52,6.13,D
-11.15666,24.16421,350.18,0.41,0.61,2026-10-03,1249,N,VIIRS,n,2.0NRT,301.8,8.92,D
-11.15407,24.16138,367,0.41,0.61,2026-10-03,1249,N,VIIRS,h,2.0NRT,303.14,7.1,D
-11.15245,22.21492,355.25,0.61,0.54,2026-10-03,1249,N,VIIRS,n,2.0NRT,310.84,61.73,D
-11.14905,22.48747,342.33,0.32,0.55,2026-10-03,1249,N,VIIRS,n,2.0NRT,302.52,32.54,D
-11.14809,22.48649,367,0.32,0.55,2026-10-03,1249,N,VIIRS,h,2.0NRT,302.82,8.44,D
-11.14753,22.48944,367,0.32,0.55,2026-10-03,1249,N,VIIRS,h,2.0NRT,304.11,9.79,D
-11.14646,22.21968,356.24,0.62,0.54,2026-10-03,1249,N,VIIRS,n,2.0NRT,309.69,110.09,D
-11.14456,22.48355,346.97,0.32,0.55,2026-10-03,1249,N,VIIRS,n,2.0NRT,303.33,13.54,D
-11.14402,22.48652,300.76,0.32,0.55,2026-10-03,1249,N,VIIRS,l,2.0NRT,314.62,32.54,D
-11.14348,22.48948,367,0.32,0.55,2026-10-03,1249,N,VIIRS,h,2.0NRT,307.68,32.54,D
-11.13949,24.22434,352.67,0.42,0.61,2026-10-03,1249,N,VIIRS,n,2.0NRT,301.5,9.4,D
-11.13891,23.71725,367,0.39,0.59,2026-10-03,1249,N,VIIRS,h,2.0NRT,299.55,10.67,D
-11.13853,23.71602,367,0.39,0.59,2026-10-03,1249,N,VIIRS,h,2.0NRT,300.24,6.23,D
-11.13571,24.22513,345.52,0.42,0.61,2026-10-03,1249,N,VIIRS,n,2.0NRT,301.86,9.18,D
-11.13241,23.71857,333.7,0.39,0.59,2026-10-03,1249,N,VIIRS,n,2.0NRT,296.85,6.23,D
-11.13005,23.73379,367,0.39,0.59,2026-10-03,1249,N,VIIRS,h,2.0NRT,300.3,11.82,D
-11.12979,23.73262,367,0.39,0.59,2026-10-03,1249,N,VIIRS,h,2.0NRT,302.85,13.09,D
-11.12732,23.71875,351.75,0.39,0.59,2026-10-03,1249,N,VIIRS,n,2.0NRT,297.75,8.25,D
-11.12696,23.71751,338.79,0.39,0.59,2026-10-03,1249,N,VIIRS,n,2.0NRT,296.87,4.54,D
-11.1263,23.72107,331.56,0.39,0.59,2026-10-03,1249,N,VIIRS,n,2.0NRT,296.52,4.69,D
-11.12584,24.14286,337.32,0.41,0.61,2026-10-03,1249,N,VIIRS,n,2.0NRT,297.66,2.51,D
-11.12459,23.73278,367,0.39,0.59,2026-10-03,1249,N,VIIRS,h,2.0NRT,299.38,11.82,D
-11.12433,23.73159,367,0.39,0.59,2026-10-03,1249,N,VIIRS,h,2.0NRT,298.06,8.66,D
-11.12099,24.13787,333.57,0.41,0.61,2026-10-03,1249,N,VIIRS,n,2.0NRT,300.86,3.21,D
-11.12044,23.75409,335.69,0.39,0.59,2026-10-03,1249,N,VIIRS,n,2.0NRT,299.7,3.34,D
-11.11892,25.39033,340.2,0.5,0.66,2026-10-03,1249,N,VIIRS,n,2.0NRT,297.96,7.48,D
-11.11873,25.39,343.55,0.5,0.66,2026-10-03,1249,N,VIIRS,n,2.0NRT,298.63,8.24,D
-11.10005,24.30869,348.72,0.42,0.61,2026-10-03,1249,N,VIIRS,n,2.0NRT,298.74,5.19,D
-11.09846,21.94978,343.96,0.59,0.53,2026-10-03,1249,N,VIIRS,n,2.0NRT,302.55,15.44,D
-11.06635,23.85839,344.16,0.4,0.6,2026-10-03,1249,N,VIIRS,n,2.0NRT,297.64,5.44,D
-11.04785,23.04125,331.89,0.35,0.57,2026-10-03,1249,N,VIIRS,n,2.0NRT,299.61,2.54,D
-11.04754,24.04853,349.83,0.41,0.61,2026-10-03,1249,N,VIIRS,n,2.0NRT,301.18,8.46,D
-11.02827,23.08982,339.31,0.35,0.57,2026-10-03,1249,N,VIIRS,n,2.0NRT,298.14,4.28,D
-10.98728,27.59334,334.72,0.7,0.75,2026-10-03,1249,N,VIIRS,n,2.0NRT,289.83,5.39,D
-10.98591,27.59643,341.07,0.7,0.75,2026-10-03,1249,N,VIIRS,n,2.0NRT,289.81,8.69,D
-10.9772,23.73248,356.43,0.39,0.59,2026-10-03,1249,N,VIIRS,n,2.0NRT,298.7,5.88,D
-10.97099,22.08333,337.18,0.61,0.53,2026-10-03,1249,N,VIIRS,n,2.0NRT,303.14,10.4,D
-10.95497,24.09365,330.37,0.41,0.61,2026-10-03,1249,N,VIIRS,n,2.0NRT,298.6,3.45,D
-10.95428,27.88434,367,0.73,0.76,2026-10-03,1249,N,VIIRS,h,2.0NRT,290.66,31.66,D
-10.93323,24.11654,332.69,0.42,0.61,2026-10-03,1249,N,VIIRS,n,2.0NRT,299.75,3.21,D
-10.92892,22.37024,342.68,0.64,0.54,2026-10-03,1249,N,VIIRS,n,2.0NRT,299.92,7.4,D
-10.92852,22.42941,330.28,0.32,0.55,2026-10-03,1249,N,VIIRS,n,2.0NRT,298.78,2.8,D
-10.92804,25.23435,348.76,0.49,0.65,2026-10-03,1249,N,VIIRS,n,2.0NRT,294.1,5.27,D
-10.90093,22.10487,341.55,0.61,0.53,2026-10-03,1249,N,VIIRS,n,2.0NRT,299.55,7.79,D
-10.90046,22.10304,349.91,0.61,0.53,2026-10-03,1249,N,VIIRS,n,2.0NRT,299.82,11.52,D
-10.89601,22.10396,338.42,0.61,0.53,2026-10-03,1249,N,VIIRS,n,2.0NRT,300.95,7.79,D
-10.87263,22.22859,331.56,0.62,0.54,2026-10-03,1249,N,VIIRS,l,2.0NRT,302.49,3.78,D
-10.86951,25.02661,341.89,0.48,0.64,2026-10-03,1249,N,VIIRS,n,2.0NRT,298.27,2.97,D
-10.86684,25.02646,339.02,0.48,0.65,2026-10-03,1249,N,VIIRS,n,2.0NRT,299.31,7.27,D
-10.85922,22.21858,342.52,0.62,0.54,2026-10-03,1249,N,VIIRS,n,2.0NRT,304.34,12.23,D
-10.85785,24.42029,334.72,0.44,0.62,2026-10-03,1249,N,VIIRS,n,2.0NRT,294.76,4.26,D
-10.82966,22.07287,343.2,0.61,0.53,2026-10-03,1249,N,VIIRS,n,2.0NRT,299.85,30.58,D
-10.82473,22.07203,353.19,0.61,0.53,2026-10-03,1249,N,VIIRS,n,2.0NRT,300.87,30.58,D
-10.82083,22.06562,338.01,0.61,0.53,2026-10-03,1249,N,VIIRS,n,2.0NRT,300.39,5.59,D
-10.8198,22.07121,330.38,0.61,0.53,2026-10-03,1249,N,VIIRS,n,2.0NRT,298.22,5.59,D
-10.81878,22.07669,346.29,0.61,0.53,2026-10-03,1249,N,VIIRS,n,2.0NRT,297.37,10.66,D
-10.81428,22.12849,342.19,0.61,0.54,2026-10-03,1249,N,VIIRS,n,2.0NRT,300.04,8.31,D
-10.81326,22.13402,342.81,0.62,0.54,2026-10-03,1249,N,VIIRS,n,2.0NRT,302.74,13.13,D
-10.78895,22.18221,330.57,0.62,0.54,2026-10-03,1249,N,VIIRS,l,2.0NRT,300.86,4.57,D
-10.78829,22.09752,344.99,0.61,0.54,2026-10-03,1249,N,VIIRS,n,2.0NRT,298.93,11.1,D
-10.74035,22.02542,342.74,0.61,0.53,2026-10-03,1249,N,VIIRS,n,2.0NRT,300.97,22.05,D
-10.70509,26.77062,343.51,0.63,0.72,2026-10-03,1249,N,VIIRS,n,2.0NRT,294.36,9.24,D
-10.70228,27.06222,336.27,0.65,0.73,2026-10-03,1249,N,VIIRS,n,2.0NRT,289.15,5.05,D
-10.69845,27.05743,344.12,0.65,0.73,2026-10-03,1249,N,VIIRS,n,2.0NRT,290.71,11.57,D
-10.68963,25.80664,336.56,0.54,0.68,2026-10-03,1249,N,VIIRS,n,2.0NRT,301.73,5.72,D
-10.68206,22.69587,345.02,0.34,0.56,2026-10-03,1249,N,VIIRS,n,2.0NRT,296.06,4.78,D
-10.68021,22.6966,338.04,0.34,0.56,2026-10-03,1249,N,VIIRS,n,2.0NRT,296.27,4.37,D
-10.65697,25.77481,333.68,0.54,0.68,2026-10-03,1249,N,VIIRS,n,2.0NRT,297.99,8.28,D
-10.65187,21.92011,347.67,0.6,0.53,2026-10-03,1249,N,VIIRS,n,2.0NRT,305.74,9.46,D
-10.63109,22.53226,352.15,0.33,0.55,2026-10-03,1249,N,VIIRS,n,2.0NRT,297.55,5.33,D
-10.62248,22.1644,336.22,0.62,0.54,2026-10-03,1249,N,VIIRS,n,2.0NRT,303.5,4.73,D
-10.6214,22.1703,330.35,0.62,0.54,2026-10-03,1249,N,VIIRS,l,2.0NRT,301.39,4.73,D
-10.61071,22.14459,331.79,0.62,0.54,2026-10-03,1249,N,VIIRS,n,2.0NRT,301.51,6.13,D
-10.60261,24.32196,348.84,0.43,0.62,2026-10-03,1249,N,VIIRS,n,2.0NRT,299.93,3.95,D
-10.60158,24.32175,338.44,0.43,0.62,2026-10-03,1249,N,VIIRS,n,2.0NRT,299.28,4.85,D
-10.57877,21.94978,342.28,0.6,0.53,2026-10-03,1249,N,VIIRS,n,2.0NRT,304.45,9.84,D
-10.55033,23.83592,334.29,0.4,0.6,2026-10-03,1249,N,VIIRS,n,2.0NRT,298.91,3.85,D
-10.53098,26.5386,336.12,0.61,0.71,2026-10-03,1249,N,VIIRS,n,2.0NRT,293.51,7.32,D
-10.53,24.01957,330.05,0.42,0.61,2026-10-03,1249,N,VIIRS,n,2.0NRT,297.84,2.89,D
-10.51171,25.78781,330.48,0.54,0.68,2026-10-03,1249,N,VIIRS,n,2.0NRT,290.9,3.65,D
-10.49968,26.50192,332.94,0.61,0.71,2026-10-03,1249,N,VIIRS,n,2.0NRT,293.64,2.8,D
-10.46767,26.61534,332.63,0.62,0.71,2026-10-03,1249,N,VIIRS,n,2.0NRT,293.47,2.83,D
-10.45706,23.36882,344.31,0.38,0.59,2026-10-03,1249,N,VIIRS,n,2.0NRT,301.83,4.62,D
-10.45541,23.37021,347.8,0.38,0.59,2026-10-03,1249,N,VIIRS,n,2.0NRT,300.76,6.43,D
-10.43362,26.42436,335.09,0.6,0.71,2026-10-03,1249,N,VIIRS,n,2.0NRT,292.74,6.55,D
-10.40913,24.24063,346.93,0.43,0.62,2026-10-03,1249,N,VIIRS,n,2.0NRT,300.06,6.94,D
-10.40799,24.23998,341.81,0.43,0.62,2026-10-03,1249,N,VIIRS,n,2.0NRT,299.23,7.13,D
-10.39771,22.513,353.53,0.33,0.55,2026-10-03,1249,N,VIIRS,n,2.0NRT,300.6,12.07,D
-10.39715,22.51601,367,0.33,0.55,2026-10-03,1249,N,VIIRS,h,2.0NRT,301.02,17.21,D
-10.39563,22.51329,353.55,0.33,0.55,2026-10-03,1249,N,VIIRS,n,2.0NRT,301.99,11.58,D
-10.39509,22.51631,344.74,0.33,0.55,2026-10-03,1249,N,VIIRS,n,2.0NRT,299.85,11.58,D
-10.36033,22.47542,330.94,0.33,0.55,2026-10-03,1249,N,VIIRS,l,2.0NRT,303.33,1.81,D
-10.32755,22.65446,349.96,0.34,0.56,2026-10-03,1249,N,VIIRS,n,2.0NRT,299.65,3.99,D
-10.31776,22.47758,330.13,0.33,0.55,2026-10-03,1249,N,VIIRS,l,2.0NRT,301.07,3.83,D
-10.26901,22.49936,333.03,0.33,0.55,2026-10-03,1249,N,VIIRS,n,2.0NRT,286.86,3.66,D
-10.26845,22.50243,367,0.33,0.56,2026-10-03,1249,N,VIIRS,h,2.0NRT,297.08,10.51,D
-10.23822,22.46558,340.07,0.33,0.55,2026-10-03,1249,N,VIIRS,n,2.0NRT,296.74,5.41,D
-10.16486,27.33198,331.39,0.69,0.75,2026-10-03,1249,N,VIIRS,n,2.0NRT,287.98,5.34,D
-10.12716,22.97839,332.07,0.36,0.57,2026-10-03,1249,N,VIIRS,n,2.0NRT,299.39,1.68,D
-10.0805,23.00529,336.32,0.36,0.58,2026-10-03,1249,N,VIIRS,n,2.0NRT,298.18,3.06,D
-10.07853,23.00384,355.42,0.36,0.58,2026-10-03,1249,N,VIIRS,n,2.0NRT,299.19,7.69,D
-10.07519,23.00433,354.52,0.36,0.58,2026-10-03,1249,N,VIIRS,n,2.0NRT,298.77,6.01,D
-10.0615,25.40399,333.17,0.52,0.67,2026-10-03,1249,N,VIIRS,n,2.0NRT,294.58,6.18,D
-10.02002,26.80788,330.35,0.65,0.73,2026-10-03,1249,N,VIIRS,n,2.0NRT,292.89,9.08,D
-10.0012,23.01841,332.11,0.36,0.58,2026-10-03,1249,N,VIIRS,n,2.0NRT,297.6,2.86,D
-9.97764,22.50812,330.09,0.34,0.56,2026-10-03,1249,N,VIIRS,n,2.0NRT,296.39,2.69,D
-9.96959,22.52275,332.91,0.34,0.56,2026-10-03,1249,N,VIIRS,n,2.0NRT,295.86,2.62,D
-9.94557,22.38557,367,0.33,0.55,2026-10-03,1249,N,VIIRS,h,2.0NRT,292.87,7.57,D
-9.94501,22.38863,351.04,0.33,0.55,2026-10-03,1249,N,VIIRS,n,2.0NRT,291.26,7.57,D
-9.94478,23.03759,348.95,0.37,0.58,2026-10-03,1249,N,VIIRS,n,2.0NRT,299.53,4.72,D
-9.88855,22.13234,330.23,0.32,0.55,2026-10-03,1249,N,VIIRS,n,2.0NRT,299.45,1.73,D
-9.83219,22.97607,333.15,0.36,0.58,2026-10-03,1249,N,VIIRS,n,2.0NRT,298.14,3.68,D
-9.82731,24.22046,331.16,0.44,0.62,2026-10-03,1249,N,VIIRS,n,2.0NRT,296.68,1.54,D
-9.7866,23.0733,334.79,0.37,0.58,2026-10-03,1249,N,VIIRS,n,2.0NRT,298.42,1.62,D
-9.77009,22.95526,332.34,0.36,0.58,2026-10-03,1249,N,VIIRS,n,2.0NRT,299.06,3.81,D
-9.75702,23.05382,331.62,0.37,0.58,2026-10-03,1249,N,VIIRS,n,2.0NRT,300.61,2.6,D
-9.75678,23.02582,330.35,0.37,0.58,2026-10-03,1249,N,VIIRS,n,2.0NRT,299.15,3.52,D
-9.72868,23.73844,335.79,0.41,0.61,2026-10-03,1249,N,VIIRS,n,2.0NRT,296.98,3.8,D
-9.71943,23.75642,330.8,0.41,0.61,2026-10-03,1249,N,VIIRS,n,2.0NRT,298.53,4.81,D
-9.71368,26.88789,334.18,0.66,0.73,2026-10-03,1249,N,VIIRS,n,2.0NRT,288.01,6.66,D
-9.61562,24.2685,336.36,0.45,0.63,2026-10-03,1249,N,VIIRS,n,2.0NRT,297.15,3.35,D
-9.58637,22.79106,348.95,0.36,0.57,2026-10-03,1249,N,VIIRS,n,2.0NRT,299.94,4.25,D
-9.58505,22.79242,344.56,0.36,0.57,2026-10-03,1249,N,VIIRS,n,2.0NRT,298.78,5.53,D
-9.563,25.61147,332.09,0.55,0.68,2026-10-03,1249,N,VIIRS,n,2.0NRT,297.21,5.69,D
-9.55346,22.79213,330.78,0.36,0.57,2026-10-03,1249,N,VIIRS,n,2.0NRT,300.13,2.47,D
-9.54073,25.86501,334.66,0.57,0.69,2026-10-03,1249,N,VIIRS,n,2.0NRT,293.92,26.05,D
-9.54029,25.86938,367,0.57,0.69,2026-10-03,1249,N,VIIRS,h,2.0NRT,297.14,22.98,D
-9.53973,25.87027,367,0.57,0.69,2026-10-03,1249,N,VIIRS,h,2.0NRT,296.93,26.05,D
-9.53388,25.86816,343.25,0.57,0.69,2026-10-03,1249,N,VIIRS,n,2.0NRT,293.99,22.98,D
-9.53107,24.23938,349.77,0.45,0.63,2026-10-03,1249,N,VIIRS,n,2.0NRT,295.4,6.06,D
-9.53102,24.24144,343.95,0.45,0.63,2026-10-03,1249,N,VIIRS,n,2.0NRT,295.48,7.45,D
-9.50248,22.77275,335.56,0.36,0.57,2026-10-03,1249,N,VIIRS,n,2.0NRT,299.87,2.42,D
-9.50187,22.77602,330.49,0.36,0.57,2026-10-03,1249,N,VIIRS,n,2.0NRT,298.86,2.42,D
-9.49139,22.92119,335.31,0.37,0.58,2026-10-03,1249,N,VIIRS,n,2.0NRT,300.98,1.81,D
-9.47703,22.77197,336.23,0.36,0.57,2026-10-03,1249,N,VIIRS,n,2.0NRT,296.48,5.38,D
-9.47496,22.77401,356.62,0.36,0.57,2026-10-03,1249,N,VIIRS,n,2.0NRT,299.22,7.59,D
-9.47119,22.77412,337.32,0.36,0.57,2026-10-03,1249,N,VIIRS,n,2.0NRT,296.55,4.64,D
-9.4495,24.2006,356.83,0.45,0.63,2026-10-03,1249,N,VIIRS,n,2.0NRT,297.41,13.57,D
-9.44875,24.20469,343.48,0.45,0.63,2026-10-03,1249,N,VIIRS,n,2.0NRT,297.75,16.35,D
-9.44854,24.20148,367,0.45,0.63,2026-10-03,1249,N,VIIRS,h,2.0NRT,298.35,15.82,D
-9.38892,27.40921,331.36,0.73,0.76,2026-10-03,1249,N,VIIRS,n,2.0NRT,290.73,7.18,D
-9.37487,24.47363,350.24,0.47,0.64,2026-10-03,1249,N,VIIRS,n,2.0NRT,293.98,16.82,D
-9.37407,24.47791,355.61,0.47,0.64,2026-10-03,1249,N,VIIRS,n,2.0NRT,293.91,38.82,D
-9.37327,24.48222,357.03,0.47,0.64,2026-10-03,1249,N,VIIRS,l,2.0NRT,285.97,38.82,D
-9.37195,24.47385,349.5,0.47,0.64,2026-10-03,1249,N,VIIRS,n,2.0NRT,298.49,34.35,D
-9.37112,24.47813,367,0.47,0.64,2026-10-03,1249,N,VIIRS,h,2.0NRT,296.51,27.8,D
-9.3703,24.4824,338.93,0.47,0.64,2026-10-03,1249,N,VIIRS,n,2.0NRT,289.67,27.8,D
-9.36899,24.4724,331.64,0.47,0.64,2026-10-03,1249,N,VIIRS,n,2.0NRT,296.56,16.82,D
-9.3682,24.47668,367,0.47,0.64,2026-10-03,1249,N,VIIRS,h,2.0NRT,296.6,38.82,D
-9.3511,25.91237,334.81,0.58,0.7,2026-10-03,1249,N,VIIRS,n,2.0NRT,294.16,4.05,D
-9.32971,22.65976,337.03,0.35,0.57,2026-10-03,1249,N,VIIRS,n,2.0NRT,291.48,5.44,D
-9.26269,23.36197,367,0.4,0.6,2026-10-03,1249,N,VIIRS,h,2.0NRT,299.44,17.62,D
-9.2621,23.3629,367,0.4,0.6,2026-10-03,1249,N,VIIRS,h,2.0NRT,299.53,15.39,D
-9.26203,23.36563,353.8,0.4,0.6,2026-10-03,1249,N,VIIRS,n,2.0NRT,296.64,15.9,D
-9.26141,23.36654,334.52,0.4,0.6,2026-10-03,1249,N,VIIRS,n,2.0NRT,296.25,11.69,D
-9.25504,25.30541,331.92,0.53,0.67,2026-10-03,1249,N,VIIRS,n,2.0NRT,292.03,3,D
-9.2528,24.22711,335.4,0.45,0.63,2026-10-03,1249,N,VIIRS,n,2.0NRT,301.21,54.55,D
-9.25201,24.23129,367,0.45,0.63,2026-10-03,1249,N,VIIRS,h,2.0NRT,302.57,54.55,D
-9.24432,24.01996,332.64,0.44,0.62,2026-10-03,1249,N,VIIRS,n,2.0NRT,296.44,3.01,D
-9.24372,24.02271,335.97,0.44,0.62,2026-10-03,1249,N,VIIRS,n,2.0NRT,296.34,3.47,D
-9.23581,24.64315,340.39,0.48,0.65,2026-10-03,1249,N,VIIRS,n,2.0NRT,293.94,8.4,D
-9.23227,24.64176,367,0.48,0.65,2026-10-03,1249,N,VIIRS,h,2.0NRT,293.49,12.68,D
-9.23142,24.64616,356,0.48,0.65,2026-10-03,1249,N,VIIRS,n,2.0NRT,292.64,12.68,D
-9.22983,24.64204,354.73,0.48,0.65,2026-10-03,1249,N,VIIRS,n,2.0NRT,287,8.4,D
-9.18475,25.31672,348.58,0.54,0.67,2026-10-03,1249,N,VIIRS,n,2.0NRT,294.79,11.33,D
-9.17438,23.82476,332.87,0.43,0.62,2026-10-03,1249,N,VIIRS,n,2.0NRT,296.4,2.02,D
-9.16215,26.06111,330.05,0.6,0.7,2026-10-03,1249,N,VIIRS,n,2.0NRT,294.6,3.26,D
-9.15667,24.52696,335.01,0.48,0.64,2026-10-03,1249,N,VIIRS,n,2.0NRT,295.4,4.73,D
-9.10172,23.88881,333,0.43,0.62,2026-10-03,1249,N,VIIRS,n,2.0NRT,298.17,3.27,D
-9.04682,23.70296,339.39,0.42,0.61,2026-10-03,1249,N,VIIRS,n,2.0NRT,292.34,5.97,D
-9.04608,23.70695,330.04,0.42,0.61,2026-10-03,1249,N,VIIRS,n,2.0NRT,295.34,5.95,D
-9.0325,23.87558,333.22,0.43,0.62,2026-10-03,1249,N,VIIRS,n,2.0NRT,297.04,5.48,D
-8.99998,23.98701,340.05,0.44,0.62,2026-10-03,1249,N,VIIRS,n,2.0NRT,295.36,11.15,D
-8.94209,26.36394,336.64,0.63,0.72,2026-10-03,1249,N,VIIRS,n,2.0NRT,291.77,2.95,D
-8.93473,24.57757,330.53,0.48,0.65,2026-10-03,1249,N,VIIRS,n,2.0NRT,292.99,2.67,D
-8.92531,22.33896,348.34,0.34,0.56,2026-10-03,1249,N,VIIRS,n,2.0NRT,290.7,6.71,D
-8.9249,22.33803,344.12,0.34,0.56,2026-10-03,1249,N,VIIRS,n,2.0NRT,290.32,3.47,D
-8.92436,22.3411,330.3,0.34,0.56,2026-10-03,1249,N,VIIRS,n,2.0NRT,288.89,3.47,D
-8.86947,26.25784,330.22,0.62,0.72,2026-10-03,1249,N,VIIRS,n,2.0NRT,295.32,7.19,D
-8.80309,26.0165,331.57,0.6,0.71,2026-10-03,1249,N,VIIRS,n,2.0NRT,288.57,6.78,D
-8.79239,26.33419,334.17,0.63,0.72,2026-10-03,1249,N,VIIRS,n,2.0NRT,294.01,3.68,D
-8.6653,24.73177,331.07,0.5,0.66,2026-10-03,1249,N,VIIRS,n,2.0NRT,290.01,2.29,D
-8.60003,23.63636,332.27,0.42,0.61,2026-10-03,1249,N,VIIRS,n,2.0NRT,296.32,3.8,D
-8.56993,23.50075,330.67,0.42,0.61,2026-10-03,1249,N,VIIRS,n,2.0NRT,293.22,3.45,D
-8.53732,23.12123,342.12,0.39,0.6,2026-10-03,1249,N,VIIRS,n,2.0NRT,297.56,10.62,D
-8.53665,23.12493,344.68,0.39,0.6,2026-10-03,1249,N,VIIRS,n,2.0NRT,298.96,7.83,D
-8.53598,23.12864,338.76,0.39,0.6,2026-10-03,1249,N,VIIRS,n,2.0NRT,295.43,7.83,D
-8.53116,23.12391,367,0.39,0.6,2026-10-03,1249,N,VIIRS,h,2.0NRT,295.37,7.83,D
-8.50796,23.52131,367,0.42,0.61,2026-10-03,1249,N,VIIRS,h,2.0NRT,297.38,10.04,D
-8.49975,23.52219,331.47,0.42,0.61,2026-10-03,1249,N,VIIRS,n,2.0NRT,297.09,3.48,D
-8.42442,26.71696,333.23,0.68,0.74,2026-10-03,1249,N,VIIRS,n,2.0NRT,289.38,11.81,D
-8.4243,26.71909,367,0.68,0.74,2026-10-03,1249,N,VIIRS,h,2.0NRT,290.05,21.87,D
-8.42321,26.72332,367,0.68,0.74,2026-10-03,1249,N,VIIRS,h,2.0NRT,290.22,20.64,D
-8.40306,26.68022,329.14,0.68,0.74,2026-10-03,1249,N,VIIRS,n,2.0NRT,287.13,7.95,D
-8.36567,23.93508,331.11,0.45,0.63,2026-10-03,1249,N,VIIRS,n,2.0NRT,293.27,1.77,D
-8.34849,23.00794,341.42,0.39,0.59,2026-10-03,1249,N,VIIRS,n,2.0NRT,296.66,4.73,D
-8.34495,24.14627,338.68,0.46,0.64,2026-10-03,1249,N,VIIRS,n,2.0NRT,295.61,4.71,D
-8.29781,26.67577,337.71,0.68,0.74,2026-10-03,1249,N,VIIRS,n,2.0NRT,283.49,10.08,D
-8.24077,23.13192,349.84,0.4,0.6,2026-10-03,1249,N,VIIRS,n,2.0NRT,293.97,7.59,D
-8.23606,23.13006,367,0.4,0.6,2026-10-03,1249,N,VIIRS,h,2.0NRT,294.69,10.5,D
-8.23541,23.1337,348.59,0.4,0.6,2026-10-03,1249,N,VIIRS,n,2.0NRT,291.8,10.5,D
-8.23526,23.13091,367,0.4,0.6,2026-10-03,1249,N,VIIRS,h,2.0NRT,293.4,7.59,D
-13.38911,27.56762,301.99,0.51,0.41,2026-10-03,2354,N,VIIRS,n,2.0NRT,286.68,0.9,N
-13.3156,30.07167,299.09,0.48,0.48,2026-10-03,2354,N,VIIRS,n,2.0NRT,285.51,0.59,N
-13.19723,26.16728,298.16,0.43,0.38,2026-10-03,2354,N,VIIRS,n,2.0NRT,287.44,0.29,N
-13.17426,28.96142,305.7,0.4,0.44,2026-10-03,2354,N,VIIRS,n,2.0NRT,286.91,1.31,N
-13.17374,28.95766,314.51,0.4,0.44,2026-10-03,2354,N,VIIRS,n,2.0NRT,286.8,1.31,N
-13.09331,25.10474,302.45,0.4,0.37,2026-10-03,2354,N,VIIRS,n,2.0NRT,289.03,0.7,N
-13.09275,25.10427,300.55,0.4,0.37,2026-10-03,2354,N,VIIRS,n,2.0NRT,288.98,0.54,N
-12.9361,25.79229,307.64,0.42,0.38,2026-10-03,2354,N,VIIRS,n,2.0NRT,287.32,0.97,N
-12.89273,25.90623,298.25,0.42,0.38,2026-10-03,2354,N,VIIRS,n,2.0NRT,285.09,0.56,N
-12.8917,25.90518,302.61,0.42,0.38,2026-10-03,2354,N,VIIRS,n,2.0NRT,284.63,0.63,N
-12.88925,25.90678,304.52,0.42,0.38,2026-10-03,2354,N,VIIRS,n,2.0NRT,284.47,0.56,N
-12.88823,25.90572,299.33,0.42,0.38,2026-10-03,2354,N,VIIRS,n,2.0NRT,283.44,0.63,N
-12.88534,25.91014,297.56,0.42,0.38,2026-10-03,2354,N,VIIRS,n,2.0NRT,284.14,0.34,N
-12.83836,25.90545,306.37,0.42,0.38,2026-10-03,2354,N,VIIRS,n,2.0NRT,286.69,0.65,N
-12.74938,27.68931,303.88,0.5,0.41,2026-10-03,2354,N,VIIRS,n,2.0NRT,287.38,1.14,N
-12.74804,23.63615,296.32,0.38,0.36,2026-10-03,2354,N,VIIRS,n,2.0NRT,283.68,0.43,N
-12.7327,26.89792,306.76,0.46,0.39,2026-10-03,2354,N,VIIRS,n,2.0NRT,286.34,1.02,N
-12.72907,26.89849,310.1,0.46,0.39,2026-10-03,2354,N,VIIRS,n,2.0NRT,287.5,1.3,N
-12.68711,23.68243,297.5,0.38,0.36,2026-10-03,2354,N,VIIRS,n,2.0NRT,285.94,0.25,N
-12.63895,26.18293,299.49,0.43,0.38,2026-10-03,2354,N,VIIRS,n,2.0NRT,286.03,0.54,N
-12.61579,23.91605,297.43,0.38,0.36,2026-10-03,2354,N,VIIRS,n,2.0NRT,283.87,0.64,N
-12.61458,29.96482,299.79,0.46,0.47,2026-10-03,2354,N,VIIRS,n,2.0NRT,286,0.97,N
-12.61447,29.96393,316.1,0.46,0.47,2026-10-03,2354,N,VIIRS,n,2.0NRT,286.38,1.19,N
-12.61401,29.96053,311.05,0.46,0.47,2026-10-03,2354,N,VIIRS,n,2.0NRT,285.89,1.59,N
-12.61246,23.91659,305.63,0.38,0.36,2026-10-03,2354,N,VIIRS,n,2.0NRT,283.84,0.64,N
-12.57929,26.21919,301.98,0.43,0.38,2026-10-03,2354,N,VIIRS,n,2.0NRT,286.76,0.64,N
-12.33413,28.38581,297.64,0.55,0.42,2026-10-03,2354,N,VIIRS,n,2.0NRT,286.46,0.67,N
-12.26154,23.36378,302.46,0.39,0.36,2026-10-03,2354,N,VIIRS,n,2.0NRT,288.79,0.68,N
-12.2515,22.97068,301.02,0.39,0.36,2026-10-03,2354,N,VIIRS,n,2.0NRT,284.49,0.69,N
-12.25092,22.9671,298.39,0.39,0.36,2026-10-03,2354,N,VIIRS,n,2.0NRT,283.41,0.78,N
-12.17455,27.2233,302.1,0.47,0.4,2026-10-03,2354,N,VIIRS,n,2.0NRT,287.04,1.46,N
-12.09587,22.82666,308.83,0.39,0.36,2026-10-03,2354,N,VIIRS,n,2.0NRT,283.62,1.11,N
-12.07751,26.39754,330.58,0.43,0.38,2026-10-03,2354,N,VIIRS,n,2.0NRT,293.59,6.86,N
-12.02576,23.28625,318.84,0.39,0.36,2026-10-03,2354,N,VIIRS,n,2.0NRT,291.37,1.49,N
-11.91333,23.15494,301.64,0.39,0.36,2026-10-03,2354,N,VIIRS,n,2.0NRT,288.89,0.45,N
-11.84222,23.09714,299.51,0.39,0.36,2026-10-03,2354,N,VIIRS,n,2.0NRT,286.23,0.3,N
-11.82777,22.30134,295.39,0.4,0.37,2026-10-03,2354,N,VIIRS,n,2.0NRT,278.15,0.37,N
-11.58056,28.35395,296.2,0.53,0.42,2026-10-03,2354,N,VIIRS,n,2.0NRT,273.82,1.09,N
-11.56891,28.5528,296.41,0.55,0.42,2026-10-03,2354,N,VIIRS,n,2.0NRT,274.92,0.49,N
-11.43534,22.82525,300.68,0.39,0.37,2026-10-03,2354,N,VIIRS,n,2.0NRT,287.15,0.6,N
-11.43405,22.82515,299.2,0.39,0.37,2026-10-03,2354,N,VIIRS,n,2.0NRT,286.92,0.34,N
-11.42198,26.75497,301.78,0.44,0.38,2026-10-03,2354,N,VIIRS,n,2.0NRT,287.02,1.14,N
-11.41654,27.5345,297.55,0.48,0.4,2026-10-03,2354,N,VIIRS,n,2.0NRT,286.05,0.71,N
-11.40362,26.75365,299.79,0.44,0.38,2026-10-03,2354,N,VIIRS,n,2.0NRT,286.91,0.6,N
-11.40302,26.74961,298.93,0.44,0.38,2026-10-03,2354,N,VIIRS,n,2.0NRT,286.55,0.36,N
-11.16315,25.49968,304.71,0.4,0.37,2026-10-03,2354,N,VIIRS,n,2.0NRT,285.63,0.81,N
-11.15976,25.50021,320.04,0.4,0.37,2026-10-03,2354,N,VIIRS,n,2.0NRT,286.21,2,N
-11.11333,26.88198,310.47,0.44,0.39,2026-10-03,2354,N,VIIRS,n,2.0NRT,282.6,0.78,N
-11.11272,26.87789,298.06,0.44,0.39,2026-10-03,2354,N,VIIRS,n,2.0NRT,282.84,0.78,N
-11.10916,26.87843,327.57,0.44,0.39,2026-10-03,2354,N,VIIRS,n,2.0NRT,283.67,3.49,N
-11.09641,28.28086,325.37,0.52,0.41,2026-10-03,2354,N,VIIRS,n,2.0NRT,280.71,4.79,N
-10.86066,27.23701,305.36,0.46,0.39,2026-10-03,2354,N,VIIRS,n,2.0NRT,283.13,0.91,N
-10.83072,25.69378,305.48,0.4,0.37,2026-10-03,2354,N,VIIRS,n,2.0NRT,289.18,1.22,N
-10.79509,25.19351,308.33,0.39,0.36,2026-10-03,2354,N,VIIRS,n,2.0NRT,286.71,0.53,N
-10.78253,25.58806,307.82,0.4,0.37,2026-10-03,2354,N,VIIRS,n,2.0NRT,288.04,1.13,N
-10.6849,21.94207,303.15,0.42,0.38,2026-10-03,2354,N,VIIRS,n,2.0NRT,289.83,0.94,N
-10.6491,21.92031,314.23,0.42,0.38,2026-10-03,2354,N,VIIRS,n,2.0NRT,290.57,1.91,N
-10.4678,33.75043,307.6,0.38,0.59,2026-10-03,2354,N,VIIRS,n,2.0NRT,279.63,0.85,N
-10.46737,33.74707,296.21,0.38,0.59,2026-10-03,2354,N,VIIRS,n,2.0NRT,280.19,0.85,N
-9.99451,28.99205,300.84,0.55,0.43,2026-10-03,2354,N,VIIRS,n,2.0NRT,284.45,1.04,N
-9.87255,31.75962,328.16,0.55,0.51,2026-10-03,2354,N,VIIRS,n,2.0NRT,278.05,7.33,N
-9.18868,33.08541,296.89,0.33,0.55,2026-10-03,2354,N,VIIRS,n,2.0NRT,277.22,0.54,N
-8.94107,26.0108,305.97,0.4,0.37,2026-10-03,2354,N,VIIRS,n,2.0NRT,285.14,0.53,N
-8.68511,32.90522,299.39,0.63,0.54,2026-10-03,2354,N,VIIRS,n,2.0NRT,283.02,0.89,N
-8.54591,21.95258,315.3,0.44,0.38,2026-10-03,2354,N,VIIRS,n,2.0NRT,279.15,2.3,N
-8.54303,21.95723,295.45,0.44,0.38,2026-10-03,2354,N,VIIRS,n,2.0NRT,277.4,0.52,N
-8.54236,21.95319,321.32,0.44,0.38,2026-10-03,2354,N,VIIRS,n,2.0NRT,277.86,1.97,N
-8.39399,30.29747,301.29,0.42,0.45,2026-10-03,2354,N,VIIRS,n,2.0NRT,279.42,0.98,N
-8.39087,30.30571,306.78,0.42,0.45,2026-10-03,2354,N,VIIRS,n,2.0NRT,279.77,0.88,N
-8.39033,30.30186,319.52,0.42,0.45,2026-10-03,2354,N,VIIRS,n,2.0NRT,280.39,3.74,N
-8.38667,30.30631,303.45,0.42,0.45,2026-10-03,2354,N,VIIRS,n,2.0NRT,279.96,0.88,N
-18.0001,23.73564,307.32,0.4,0.37,2026-10-03,2356,N,VIIRS,n,2.0NRT,286.74,0.55,N
-17.99672,23.7362,299.25,0.4,0.37,2026-10-03,2356,N,VIIRS,n,2.0NRT,286.06,0.55,N
-17.99615,23.73245,298,0.4,0.37,2026-10-03,2356,N,VIIRS,n,2.0NRT,286.18,1.39,N
-17.99277,23.73301,305.43,0.4,0.37,2026-10-03,2356,N,VIIRS,n,2.0NRT,286.69,0.94,N
-17.96436,24.45296,308.07,0.41,0.37,2026-10-03,2356,N,VIIRS,n,2.0NRT,286.03,2.18,N
-17.96379,24.44905,334.38,0.41,0.37,2026-10-03,2356,N,VIIRS,n,2.0NRT,290.12,2.56,N
-17.96206,24.45301,316.24,0.41,0.37,2026-10-03,2356,N,VIIRS,n,2.0NRT,287.96,1.61,N
-17.96148,24.44911,334.7,0.41,0.37,2026-10-03,2356,N,VIIRS,n,2.0NRT,288.71,2.03,N
-17.96089,24.44521,308.71,0.41,0.37,2026-10-03,2356,N,VIIRS,n,2.0NRT,286.19,2.03,N
-17.96047,23.88785,295.49,0.4,0.37,2026-10-03,2356,N,VIIRS,n,2.0NRT,285.3,0.23,N
-17.96034,24.44961,303.23,0.41,0.37,2026-10-03,2356,N,VIIRS,n,2.0NRT,287.27,2.56,N
-17.95977,24.44571,305.86,0.41,0.37,2026-10-03,2356,N,VIIRS,n,2.0NRT,285.56,2.56,N
-17.90229,26.19468,300.69,0.48,0.4,2026-10-03,2356,N,VIIRS,n,2.0NRT,287.54,0.43,N
-17.82282,24.45442,295.61,0.41,0.37,2026-10-03,2356,N,VIIRS,n,2.0NRT,283.5,0.28,N
-17.78493,24.72604,297.97,0.42,0.38,2026-10-03,2356,N,VIIRS,n,2.0NRT,285.78,0.42,N
-17.61116,28.25455,315.64,0.42,0.45,2026-10-03,2356,N,VIIRS,n,2.0NRT,290.2,2.25,N
-17.60287,22.16142,298.31,0.39,0.36,2026-10-03,2356,N,VIIRS,n,2.0NRT,285.2,0.51,N
-17.53501,25.20652,296.78,0.43,0.38,2026-10-03,2356,N,VIIRS,n,2.0NRT,285.1,0.67,N
-17.47903,27.09269,305.74,0.53,0.42,2026-10-03,2356,N,VIIRS,n,2.0NRT,290.2,1.59,N
-17.47887,27.09539,305.91,0.53,0.42,2026-10-03,2356,N,VIIRS,n,2.0NRT,290.38,0.91,N
-17.47512,27.09314,309.71,0.53,0.42,2026-10-03,2356,N,VIIRS,n,2.0NRT,290.37,1.59,N
-17.47496,27.09583,302.49,0.53,0.42,2026-10-03,2356,N,VIIRS,n,2.0NRT,290.92,1.34,N
-17.47424,27.09066,307.05,0.53,0.42,2026-10-03,2356,N,VIIRS,n,2.0NRT,289.77,1.08,N
-17.43443,24.21195,317.59,0.4,0.37,2026-10-03,2356,N,VIIRS,n,2.0NRT,287.55,2.12,N
-17.39824,23.35522,301.68,0.39,0.36,2026-10-03,2356,N,VIIRS,n,2.0NRT,287.26,0.69,N
-17.38764,23.35324,300.09,0.39,0.36,2026-10-03,2356,N,VIIRS,n,2.0NRT,287.42,0.45,N
-17.37255,24.37741,303.79,0.41,0.37,2026-10-03,2356,N,VIIRS,n,2.0NRT,287.76,1.04,N
-17.3714,24.36975,299.07,0.41,0.37,2026-10-03,2356,N,VIIRS,n,2.0NRT,286.74,0.45,N
-17.30821,22.60589,302.32,0.38,0.36,2026-10-03,2356,N,VIIRS,n,2.0NRT,284.99,0.45,N
-17.26738,22.13634,296.49,0.39,0.36,2026-10-03,2356,N,VIIRS,n,2.0NRT,285.53,0.45,N
-17.26679,22.1327,300.31,0.39,0.36,2026-10-03,2356,N,VIIRS,n,2.0NRT,286.33,0.45,N
-17.26463,22.14055,295.57,0.39,0.36,2026-10-03,2356,N,VIIRS,n,2.0NRT,284.83,0.39,N
-17.26404,22.13692,300.41,0.39,0.36,2026-10-03,2356,N,VIIRS,n,2.0NRT,286.48,0.87,N
-17.26129,22.14113,302.94,0.39,0.36,2026-10-03,2356,N,VIIRS,n,2.0NRT,286.57,0.39,N
-17.21401,25.42156,300.47,0.44,0.38,2026-10-03,2356,N,VIIRS,n,2.0NRT,287.66,0.5,N
-16.90224,22.64478,296.45,0.38,0.36,2026-10-03,2356,N,VIIRS,n,2.0NRT,285.06,0.41,N
-16.8989,22.64535,296.13,0.38,0.36,2026-10-03,2356,N,VIIRS,n,2.0NRT,285.95,0.41,N
-16.63024,26.27238,304.32,0.47,0.4,2026-10-03,2356,N,VIIRS,n,2.0NRT,286.12,0.99,N
-16.4381,23.52748,302.23,0.39,0.36,2026-10-03,2356,N,VIIRS,n,2.0NRT,287.33,0.37,N
-16.38984,26.34848,297.63,0.47,0.4,2026-10-03,2356,N,VIIRS,n,2.0NRT,286.91,0.46,N
-16.23062,26.76749,298.83,0.49,0.41,2026-10-03,2356,N,VIIRS,n,2.0NRT,285.77,2.63,N
-16.22996,26.76285,327.53,0.49,0.41,2026-10-03,2356,N,VIIRS,n,2.0NRT,286.74,2.63,N
-16.0366,26.27038,297.03,0.47,0.39,2026-10-03,2356,N,VIIRS,n,2.0NRT,286.91,0.3,N
-16.03178,24.96122,301.56,0.41,0.37,2026-10-03,2356,N,VIIRS,n,2.0NRT,286.69,0.28,N
-15.98024,26.52094,312.37,0.48,0.4,2026-10-03,2356,N,VIIRS,n,2.0NRT,287.35,1.13,N
-15.97959,26.51644,300.14,0.48,0.4,2026-10-03,2356,N,VIIRS,n,2.0NRT,286.23,1.13,N
-15.90993,24.42729,309.08,0.4,0.37,2026-10-03,2356,N,VIIRS,n,2.0NRT,286.14,0.88,N
-15.69581,24.73711,309.61,0.41,0.37,2026-10-03,2356,N,VIIRS,n,2.0NRT,287.14,1.22,N
-15.69239,24.73766,308.64,0.41,0.37,2026-10-03,2356,N,VIIRS,n,2.0NRT,286.75,1.22,N
-15.55753,27.8836,295.17,0.56,0.43,2026-10-03,2356,N,VIIRS,n,2.0NRT,284.88,0.38,N
-15.55617,28.49116,297.3,0.4,0.45,2026-10-03,2356,N,VIIRS,n,2.0NRT,286.68,0.53,N
-15.54314,28.26847,298.55,0.39,0.44,2026-10-03,2356,N,VIIRS,n,2.0NRT,287.51,1.16,N
-15.51834,24.12488,309.81,0.39,0.36,2026-10-03,2356,N,VIIRS,n,2.0NRT,284.87,0.83,N
-15.28833,24.34963,299.8,0.4,0.37,2026-10-03,2356,N,VIIRS,n,2.0NRT,284.92,0.61,N
-15.21974,24.67586,296,0.4,0.37,2026-10-03,2356,N,VIIRS,n,2.0NRT,284.77,0.34,N
-15.19941,24.47301,295.51,0.4,0.37,2026-10-03,2356,N,VIIRS,n,2.0NRT,284.84,0.49,N
-15.14088,29.74424,309.8,0.48,0.48,2026-10-03,2356,N,VIIRS,n,2.0NRT,288.54,1.37,N
-15.13876,29.74697,300.66,0.48,0.48,2026-10-03,2356,N,VIIRS,n,2.0NRT,288.68,0.88,N
-15.09939,24.66458,300.1,0.4,0.37,2026-10-03,2356,N,VIIRS,n,2.0NRT,286.46,0.63,N
-15.09599,24.66513,311.1,0.4,0.37,2026-10-03,2356,N,VIIRS,n,2.0NRT,287.56,1.46,N
-15.0793,23.01021,314.71,0.38,0.36,2026-10-03,2356,N,VIIRS,n,2.0NRT,282.44,1.58,N
-15.07597,23.01077,297.44,0.38,0.36,2026-10-03,2356,N,VIIRS,n,2.0NRT,281.35,0.69,N
-15.04825,25.1761,303.85,0.41,0.37,2026-10-03,2356,N,VIIRS,n,2.0NRT,287.76,0.67,N
-15.04712,25.17717,301.62,0.41,0.37,2026-10-03,2356,N,VIIRS,n,2.0NRT,287.72,0.89,N
-15.02488,28.94377,317.16,0.42,0.46,2026-10-03,2356,N,VIIRS,n,2.0NRT,289.25,1.66,N
-14.98213,25.30148,300.07,0.42,0.37,2026-10-03,2356,N,VIIRS,n,2.0NRT,288.51,0.36,N
-14.86815,26.82766,301.81,0.48,0.4,2026-10-03,2356,N,VIIRS,n,2.0NRT,286.28,0.94,N
-14.8462,27.79299,315.1,0.54,0.42,2026-10-03,2356,N,VIIRS,n,2.0NRT,286.63,1.85,N
-14.84228,27.79357,310.23,0.54,0.42,2026-10-03,2356,N,VIIRS,n,2.0NRT,287.01,1.85,N
-14.82095,25.19446,300.45,0.41,0.37,2026-10-03,2356,N,VIIRS,n,2.0NRT,287.13,0.5,N
-14.68802,29.97098,311.19,0.49,0.48,2026-10-03,2356,N,VIIRS,n,2.0NRT,289.29,1.12,N
-14.68742,29.96634,301.19,0.49,0.48,2026-10-03,2356,N,VIIRS,n,2.0NRT,289.24,1.12,N
-14.64784,25.37155,317.14,0.42,0.37,2026-10-03,2356,N,VIIRS,n,2.0NRT,288.9,1.06,N
-14.64727,25.36767,304.08,0.42,0.37,2026-10-03,2356,N,VIIRS,n,2.0NRT,288.66,1.06,N
-14.64669,25.3638,323.03,0.42,0.37,2026-10-03,2356,N,VIIRS,n,2.0NRT,289.78,1.56,N
-14.6465,25.37474,311.03,0.42,0.37,2026-10-03,2356,N,VIIRS,n,2.0NRT,289.27,1.16,N
-14.64592,25.37086,316.64,0.42,0.37,2026-10-03,2356,N,VIIRS,n,2.0NRT,289.46,1.01,N
-14.64533,25.36699,306.55,0.42,0.37,2026-10-03,2356,N,VIIRS,n,2.0NRT,289.31,1.01,N
-14.64501,24.15944,308.46,0.39,0.36,2026-10-03,2356,N,VIIRS,n,2.0NRT,287.94,0.77,N
-14.64474,25.36312,313.12,0.42,0.37,2026-10-03,2356,N,VIIRS,n,2.0NRT,290.03,1.67,N
-14.64438,25.3721,310.96,0.42,0.37,2026-10-03,2356,N,VIIRS,n,2.0NRT,289.61,1.06,N
-14.6438,25.36822,307.06,0.42,0.37,2026-10-03,2356,N,VIIRS,n,2.0NRT,289.82,1.06,N
-14.64323,25.36434,310.87,0.42,0.37,2026-10-03,2356,N,VIIRS,n,2.0NRT,289.89,1.56,N
-14.64245,25.37141,304.53,0.42,0.37,2026-10-03,2356,N,VIIRS,n,2.0NRT,289.3,1.01,N
-14.64187,25.36754,314.43,0.42,0.37,2026-10-03,2356,N,VIIRS,n,2.0NRT,290.1,1.01,N
-14.63796,27.32586,299.28,0.51,0.41,2026-10-03,2356,N,VIIRS,n,2.0NRT,286.6,0.72,N
-14.61542,24.36951,297.49,0.39,0.36,2026-10-03,2356,N,VIIRS,n,2.0NRT,285.81,0.41,N
-14.61373,29.07378,299.83,0.43,0.46,2026-10-03,2356,N,VIIRS,n,2.0NRT,286.26,0.6,N
-14.5862,27.96008,297.55,0.55,0.43,2026-10-03,2356,N,VIIRS,n,2.0NRT,282.77,0.44,N
-14.55564,24.00361,298.32,0.39,0.36,2026-10-03,2356,N,VIIRS,n,2.0NRT,287.45,0.77,N
-14.52664,25.3649,297.05,0.42,0.37,2026-10-03,2356,N,VIIRS,n,2.0NRT,286.88,0.37,N
-14.49271,28.46352,305.13,0.39,0.44,2026-10-03,2356,N,VIIRS,n,2.0NRT,287.65,1.52,N
-14.48914,28.46775,300.92,0.39,0.44,2026-10-03,2356,N,VIIRS,n,2.0NRT,286.86,0.59,N
-14.47706,28.43972,298.15,0.39,0.44,2026-10-03,2356,N,VIIRS,n,2.0NRT,287.94,0.61,N
-14.473,28.4403,300.51,0.39,0.44,2026-10-03,2356,N,VIIRS,n,2.0NRT,287.47,0.78,N
-14.46845,28.43724,300.7,0.39,0.44,2026-10-03,2356,N,VIIRS,n,2.0NRT,287.78,1.05,N
-14.45985,28.43478,298.46,0.39,0.44,2026-10-03,2356,N,VIIRS,n,2.0NRT,287.75,1.15,N
-14.43275,27.42472,300.81,0.51,0.41,2026-10-03,2356,N,VIIRS,n,2.0NRT,283.95,1.08,N
-14.42762,27.41576,310.21,0.51,0.41,2026-10-03,2356,N,VIIRS,n,2.0NRT,284.54,0.57,N
-14.42381,27.41633,298.02,0.51,0.41,2026-10-03,2356,N,VIIRS,n,2.0NRT,284.47,0.44,N
-14.4151,25.38953,303.61,0.42,0.37,2026-10-03,2356,N,VIIRS,n,2.0NRT,289.01,0.76,N
-14.40183,25.37188,308.59,0.42,0.37,2026-10-03,2356,N,VIIRS,n,2.0NRT,288.58,0.95,N
-14.30032,24.72732,315.12,0.4,0.37,2026-10-03,2356,N,VIIRS,n,2.0NRT,287.65,1.23,N
-14.21552,23.33658,303.53,0.38,0.36,2026-10-03,2356,N,VIIRS,n,2.0NRT,284.93,0.66,N
-14.21495,23.33302,301.15,0.38,0.36,2026-10-03,2356,N,VIIRS,n,2.0NRT,287.27,0.66,N
-14.15626,26.03833,297.66,0.44,0.38,2026-10-03,2356,N,VIIRS,n,2.0NRT,287.06,0.37,N
-14.14393,23.67725,316.81,0.38,0.36,2026-10-03,2356,N,VIIRS,n,2.0NRT,287.11,1.76,N
-13.84024,29.09502,297.85,0.42,0.45,2026-10-03,2356,N,VIIRS,n,2.0NRT,286.2,0.28,N
-13.82822,29.8679,296.61,0.47,0.48,2026-10-03,2356,N,VIIRS,n,2.0NRT,284.44,0.66,N
-13.79471,25.64115,295.96,0.42,0.38,2026-10-03,2356,N,VIIRS,n,2.0NRT,285.53,0.25,N
-13.76927,25.70871,299.75,0.42,0.38,2026-10-03,2356,N,VIIRS,n,2.0NRT,289.07,0.41,N
-13.7482,28.30817,299.48,0.56,0.43,2026-10-03,2356,N,VIIRS,n,2.0NRT,287.11,0.61,N
-13.72632,25.87884,300.38,0.43,0.38,2026-10-03,2356,N,VIIRS,n,2.0NRT,288.23,0.65,N
-13.69534,25.50918,301.18,0.41,0.37,2026-10-03,2356,N,VIIRS,n,2.0NRT,289.1,0.51,N
-13.60335,24.17963,301.39,0.39,0.36,2026-10-03,2356,N,VIIRS,n,2.0NRT,287.55,0.69,N
-13.59545,23.58502,295.53,0.38,0.36,2026-10-03,2356,N,VIIRS,n,2.0NRT,284.29,0.42,N
-13.59489,23.58147,296.63,0.38,0.36,2026-10-03,2356,N,VIIRS,n,2.0NRT,283.77,0.42,N
-13.59212,23.58557,316.74,0.38,0.36,2026-10-03,2356,N,VIIRS,n,2.0NRT,286.03,1.53,N
-13.59156,23.58202,311.72,0.38,0.36,2026-10-03,2356,N,VIIRS,n,2.0NRT,285.51,1.53,N
-13.58323,23.55065,298.05,0.38,0.36,2026-10-03,2356,N,VIIRS,n,2.0NRT,284.99,0.67,N
-13.58266,23.5471,302.75,0.38,0.36,2026-10-03,2356,N,VIIRS,n,2.0NRT,286.1,0.67,N
-13.5799,23.5512,312.42,0.38,0.36,2026-10-03,2356,N,VIIRS,n,2.0NRT,285.27,0.92,N
-13.57938,23.59133,298.14,0.38,0.36,2026-10-03,2356,N,VIIRS,n,2.0NRT,284.16,0.68,N
-13.57933,23.54765,312.47,0.38,0.36,2026-10-03,2356,N,VIIRS,n,2.0NRT,285.96,0.92,N
-13.576,23.5482,298.83,0.38,0.36,2026-10-03,2356,N,VIIRS,n,2.0NRT,285.74,0.92,N
-13.57487,23.54109,312.61,0.38,0.36,2026-10-03,2356,N,VIIRS,n,2.0NRT,286.33,1.53,N
-13.56172,27.88778,304.33,0.53,0.42,2026-10-03,2356,N,VIIRS,n,2.0NRT,288.14,1.2,N
-13.53761,23.52171,298.03,0.38,0.36,2026-10-03,2356,N,VIIRS,n,2.0NRT,284.52,0.46,N
-13.53705,23.51816,297.56,0.38,0.36,2026-10-03,2356,N,VIIRS,n,2.0NRT,284.82,0.46,N
-13.53607,23.5767,303.5,0.38,0.36,2026-10-03,2356,N,VIIRS,n,2.0NRT,284.38,0.63,N
-13.53484,23.52582,307.47,0.38,0.36,2026-10-03,2356,N,VIIRS,n,2.0NRT,285.16,0.73,N
-13.53428,23.52226,296.85,0.38,0.36,2026-10-03,2356,N,VIIRS,n,2.0NRT,284.85,0.52,N
-13.53207,23.52993,297.34,0.38,0.36,2026-10-03,2356,N,VIIRS,n,2.0NRT,285.68,0.73,N
-13.53151,23.52637,299.8,0.38,0.36,2026-10-03,2356,N,VIIRS,n,2.0NRT,285.3,0.73,N
-13.52874,23.53048,303.18,0.38,0.36,2026-10-03,2356,N,VIIRS,n,2.0NRT,285.8,0.71,N
-13.49359,23.53971,296.78,0.38,0.36,2026-10-03,2356,N,VIIRS,n,2.0NRT,284.63,0.52,N
-13.4875,23.54437,297,0.38,0.36,2026-10-03,2356,N,VIIRS,n,2.0NRT,284.13,0.43,N
-13.46633,23.5187,308.14,0.38,0.36,2026-10-03,2356,N,VIIRS,n,2.0NRT,285.54,0.96,N
-13.42903,24.59461,299.67,0.39,0.36,2026-10-03,2356,N,VIIRS,n,2.0NRT,288.32,0.37,N
-13.38283,23.42331,300.59,0.38,0.36,2026-10-03,2356,N,VIIRS,n,2.0NRT,285.51,2.36,N
-13.38227,23.41976,302.25,0.38,0.36,2026-10-03,2356,N,VIIRS,n,2.0NRT,284.3,2.36,N
-13.3795,23.42386,338.15,0.38,0.36,2026-10-03,2356,N,VIIRS,n,2.0NRT,288.95,2.36,N
-13.37894,23.42031,327.95,0.38,0.36,2026-10-03,2356,N,VIIRS,n,2.0NRT,286.24,2.36,N
-13.37618,23.42442,342.46,0.38,0.36,2026-10-03,2356,N,VIIRS,n,2.0NRT,292.06,4.91,N
-13.37561,23.42087,327.82,0.38,0.36,2026-10-03,2356,N,VIIRS,n,2.0NRT,288.24,4.91,N
-13.30457,23.61067,299.14,0.38,0.36,2026-10-03,2356,N,VIIRS,n,2.0NRT,284.22,0.85,N
-13.29289,23.60167,304.98,0.38,0.36,2026-10-03,2356,N,VIIRS,n,2.0NRT,284.39,1.28,N
-13.25413,24.92871,297.76,0.4,0.37,2026-10-03,2356,N,VIIRS,n,2.0NRT,283.98,0.68,N
-13.19736,23.99922,306.33,0.39,0.36,2026-10-03,2356,N,VIIRS,n,2.0NRT,286.85,1.07,N
-13.13292,23.95873,295.04,0.38,0.36,2026-10-03,2356,N,VIIRS,n,2.0NRT,284.52,0.58,N
-13.13236,23.95518,297.72,0.38,0.36,2026-10-03,2356,N,VIIRS,n,2.0NRT,284.86,0.58,N
-13.12498,23.96774,298.8,0.38,0.36,2026-10-03,2356,N,VIIRS,n,2.0NRT,285.28,0.65,N
-13.10052,23.9426,306.68,0.38,0.36,2026-10-03,2356,N,VIIRS,n,2.0NRT,284.68,1.21,N
-13.0818,23.07841,306.44,0.39,0.36,2026-10-03,2356,N,VIIRS,n,2.0NRT,286.74,0.96,N
-13.08164,23.93113,301.07,0.38,0.36,2026-10-03,2356,N,VIIRS,n,2.0NRT,284.78,1.02,N
-13.0794,23.91694,306.66,0.38,0.36,2026-10-03,2356,N,VIIRS,n,2.0NRT,286.73,0.89,N
-13.07831,23.93168,296.97,0.38,0.36,2026-10-03,2356,N,VIIRS,n,2.0NRT,283.58,0.58,N
-13.07608,23.91748,300.65,0.38,0.36,2026-10-03,2356,N,VIIRS,n,2.0NRT,286.26,0.78,N
-13.07498,23.93222,304.07,0.38,0.36,2026-10-03,2356,N,VIIRS,n,2.0NRT,286.37,0.58,N
-13.07447,23.62675,306.4,0.38,0.36,2026-10-03,2356,N,VIIRS,n,2.0NRT,284.86,1.13,N
-13.07279,23.61612,295.33,0.38,0.36,2026-10-03,2356,N,VIIRS,n,2.0NRT,285.19,0.32,N
-13.07222,23.61258,304.83,0.38,0.36,2026-10-03,2356,N,VIIRS,n,2.0NRT,285.7,1.05,N
-13.07165,23.93277,298.16,0.38,0.36,2026-10-03,2356,N,VIIRS,n,2.0NRT,286.06,0.58,N
-13.07115,23.6273,321.86,0.38,0.36,2026-10-03,2356,N,VIIRS,n,2.0NRT,287.11,2.04,N
-13.06444,23.93031,299.09,0.38,0.36,2026-10-03,2356,N,VIIRS,n,2.0NRT,284.31,0.65,N
-13.06388,23.92676,296.25,0.38,0.36,2026-10-03,2356,N,VIIRS,n,2.0NRT,284.5,0.63,N
-13.06332,23.92321,302.8,0.38,0.36,2026-10-03,2356,N,VIIRS,n,2.0NRT,284.52,0.63,N
-13.05999,23.92376,302.02,0.38,0.36,2026-10-03,2356,N,VIIRS,n,2.0NRT,284.8,0.63,N
-13.01891,23.07065,304.06,0.39,0.36,2026-10-03,2356,N,VIIRS,n,2.0NRT,286.1,0.69,N
-12.94739,23.91643,315.38,0.38,0.36,2026-10-03,2356,N,VIIRS,n,2.0NRT,283.75,0.96,N
-12.94683,23.91289,303.99,0.38,0.36,2026-10-03,2356,N,VIIRS,n,2.0NRT,281.58,0.96,N
-12.92055,31.18537,337.84,0.69,0.74,2026-10-04,1047,N,VIIRS,n,2.0NRT,290.09,5.69,D
-12.91993,31.19117,330.24,0.69,0.74,2026-10-04,1047,N,VIIRS,n,2.0NRT,290.1,9.98,D
-12.76912,31.23717,330.08,0.68,0.74,2026-10-04,1047,N,VIIRS,n,2.0NRT,289.5,8.49,D
-12.7679,31.23948,333.1,0.68,0.74,2026-10-04,1047,N,VIIRS,n,2.0NRT,289.55,3.86,D
-12.63521,33.66411,330.22,0.47,0.64,2026-10-04,1047,N,VIIRS,n,2.0NRT,296.01,3.31,D
-12.3476,33.40781,333.99,0.48,0.65,2026-10-04,1047,N,VIIRS,n,2.0NRT,297.62,1.55,D
-12.3208,33.42829,335.03,0.48,0.65,2026-10-04,1047,N,VIIRS,n,2.0NRT,297.96,3.72,D
-12.31954,33.42902,349.64,0.48,0.65,2026-10-04,1047,N,VIIRS,n,2.0NRT,298.8,6.25,D
-12.28315,33.10728,330.41,0.51,0.66,2026-10-04,1047,N,VIIRS,n,2.0NRT,295.48,5.67,D
-12.2044,33.24736,332.88,0.49,0.65,2026-10-04,1047,N,VIIRS,n,2.0NRT,299.79,6.96,D
-12.02576,33.35145,335.89,0.48,0.65,2026-10-04,1047,N,VIIRS,n,2.0NRT,299.36,3.53,D
-11.80107,30.64069,334.24,0.73,0.76,2026-10-04,1047,N,VIIRS,n,2.0NRT,287.24,11.95,D
-11.77978,31.03338,349.63,0.69,0.74,2026-10-04,1047,N,VIIRS,n,2.0NRT,289.85,12.49,D
-11.74698,33.39035,331.75,0.48,0.64,2026-10-04,1047,N,VIIRS,n,2.0NRT,300.08,2.95,D
-11.68158,30.79816,333.71,0.71,0.75,2026-10-04,1047,N,VIIRS,n,2.0NRT,285.84,4.83,D
-11.68081,31.86343,341.54,0.6,0.71,2026-10-04,1047,N,VIIRS,n,2.0NRT,288.76,6.3,D
-11.68003,30.79937,333.79,0.71,0.75,2026-10-04,1047,N,VIIRS,n,2.0NRT,286.27,11.78,D
-11.67465,30.91975,337.82,0.69,0.75,2026-10-04,1047,N,VIIRS,n,2.0NRT,288.12,4.96,D
-11.67388,30.9212,336.72,0.7,0.75,2026-10-04,1047,N,VIIRS,n,2.0NRT,288.17,6.44,D
-11.60359,31.91585,330.19,0.6,0.7,2026-10-04,1047,N,VIIRS,n,2.0NRT,290.3,4.5,D
-11.58087,31.00264,338.72,0.68,0.74,2026-10-04,1047,N,VIIRS,n,2.0NRT,291.41,10.73,D
-11.5789,33.48257,338.35,0.47,0.64,2026-10-04,1047,N,VIIRS,n,2.0NRT,300.39,4.26,D
-11.57645,33.48189,335.24,0.47,0.64,2026-10-04,1047,N,VIIRS,n,2.0NRT,299.86,3.35,D
-11.55217,31.96305,334.55,0.59,0.7,2026-10-04,1047,N,VIIRS,n,2.0NRT,291.54,5.94,D
-11.5515,31.96542,331.97,0.59,0.7,2026-10-04,1047,N,VIIRS,n,2.0NRT,291.76,4.62,D
-11.54583,31.43856,351.94,0.64,0.72,2026-10-04,1047,N,VIIRS,n,2.0NRT,291.33,14.13,D
-11.53345,33.20247,344.16,0.49,0.65,2026-10-04,1047,N,VIIRS,n,2.0NRT,297.65,5.68,D
-11.53288,33.20736,330.95,0.49,0.65,2026-10-04,1047,N,VIIRS,n,2.0NRT,297.94,6.59,D
-11.4754,33.54184,336.43,0.46,0.64,2026-10-04,1047,N,VIIRS,n,2.0NRT,297.58,4.5,D
-11.45745,31.70946,339.02,0.61,0.71,2026-10-04,1047,N,VIIRS,n,2.0NRT,290.87,6.77,D
-11.41959,33.72562,367,0.45,0.63,2026-10-04,1047,N,VIIRS,h,2.0NRT,298.34,8.78,D
-11.41825,33.72497,351.59,0.45,0.63,2026-10-04,1047,N,VIIRS,n,2.0NRT,297.74,6.87,D
-11.38322,33.48175,332.6,0.47,0.64,2026-10-04,1047,N,VIIRS,n,2.0NRT,299.03,2.18,D
-11.37695,33.16893,330.23,0.49,0.65,2026-10-04,1047,N,VIIRS,n,2.0NRT,296.75,1.99,D
-11.37573,33.16555,331.72,0.49,0.65,2026-10-04,1047,N,VIIRS,n,2.0NRT,297.32,1.77,D
-11.31839,31.59333,332.63,0.62,0.72,2026-10-04,1047,N,VIIRS,n,2.0NRT,290.66,6.01,D
-11.25496,32.19743,350.68,0.56,0.69,2026-10-04,1047,N,VIIRS,n,2.0NRT,293.15,11.36,D
-11.2424,32.08057,346.03,0.58,0.69,2026-10-04,1047,N,VIIRS,n,2.0NRT,293.65,8.45,D
-11.23592,32.07986,341.5,0.58,0.69,2026-10-04,1047,N,VIIRS,n,2.0NRT,293.96,8.45,D
-11.21603,32.84386,334.05,0.51,0.66,2026-10-04,1047,N,VIIRS,n,2.0NRT,293.32,2.61,D
-11.2154,32.84451,332.17,0.51,0.66,2026-10-04,1047,N,VIIRS,n,2.0NRT,293.46,2.18,D
-11.18607,33.75725,331.06,0.44,0.63,2026-10-04,1047,N,VIIRS,l,2.0NRT,301.58,4.07,D
-11.14764,31.37334,334.95,0.64,0.72,2026-10-04,1047,N,VIIRS,n,2.0NRT,289.17,8.73,D
-11.14078,31.71996,331.5,0.61,0.71,2026-10-04,1047,N,VIIRS,n,2.0NRT,291.21,4.18,D
-11.14046,30.94875,336.4,0.68,0.74,2026-10-04,1047,N,VIIRS,n,2.0NRT,288.04,5.81,D
-11.13466,30.94586,347,0.68,0.74,2026-10-04,1047,N,VIIRS,n,2.0NRT,289.93,25.16,D
-11.13461,32.16415,338.1,0.57,0.69,2026-10-04,1047,N,VIIRS,n,2.0NRT,292.36,11.08,D
-11.13402,32.16926,357.54,0.57,0.69,2026-10-04,1047,N,VIIRS,n,2.0NRT,293,16.46,D
-11.13391,30.95225,357.78,0.68,0.74,2026-10-04,1047,N,VIIRS,l,2.0NRT,289.45,25.16,D
-11.13374,32.22731,345.63,0.56,0.69,2026-10-04,1047,N,VIIRS,n,2.0NRT,295.18,7.04,D
-11.13358,30.94772,355.73,0.68,0.74,2026-10-04,1047,N,VIIRS,n,2.0NRT,289.51,25.64,D
-11.13287,30.95413,342.04,0.68,0.74,2026-10-04,1047,N,VIIRS,n,2.0NRT,288.54,28.14,D
-11.12583,32.18362,367,0.56,0.69,2026-10-04,1047,N,VIIRS,h,2.0NRT,295.08,14.43,D
-11.11935,32.18343,367,0.56,0.69,2026-10-04,1047,N,VIIRS,h,2.0NRT,292.68,14.43,D
-11.08001,33.46212,354.46,0.46,0.64,2026-10-04,1047,N,VIIRS,n,2.0NRT,299.8,6.51,D
-11.07257,33.1123,367,0.49,0.65,2026-10-04,1047,N,VIIRS,h,2.0NRT,299.8,8.21,D
-11.07235,33.10867,341.74,0.49,0.65,2026-10-04,1047,N,VIIRS,n,2.0NRT,298.24,5.62,D
-11.07179,33.11328,345.06,0.49,0.65,2026-10-04,1047,N,VIIRS,n,2.0NRT,297.23,5.62,D
-11.05427,32.35627,354.82,0.55,0.68,2026-10-04,1047,N,VIIRS,n,2.0NRT,294.85,22.8,D
-11.0537,32.36131,367,0.55,0.68,2026-10-04,1047,N,VIIRS,h,2.0NRT,294.44,26.86,D
-11.0519,32.3534,342.73,0.55,0.68,2026-10-04,1047,N,VIIRS,n,2.0NRT,292.62,31.87,D
-11.0513,32.35845,367,0.55,0.68,2026-10-04,1047,N,VIIRS,h,2.0NRT,299.55,31.87,D
-11.05068,32.36354,335,0.55,0.68,2026-10-04,1047,N,VIIRS,n,2.0NRT,294.16,27.52,D
-11.04792,32.35554,367,0.55,0.68,2026-10-04,1047,N,VIIRS,h,2.0NRT,293.41,22.8,D
-11.04734,32.36066,342.1,0.55,0.68,2026-10-04,1047,N,VIIRS,n,2.0NRT,293.45,26.86,D
-11.03718,32.88683,330.27,0.5,0.66,2026-10-04,1047,N,VIIRS,n,2.0NRT,294.39,2.46,D
-11.02986,32.37639,333.58,0.55,0.68,2026-10-04,1047,N,VIIRS,n,2.0NRT,291.34,4.5,D
-11.02722,33.22783,331.66,0.48,0.65,2026-10-04,1047,N,VIIRS,n,2.0NRT,296.03,11.2,D
-11.02389,32.3182,332.67,0.55,0.68,2026-10-04,1047,N,VIIRS,n,2.0NRT,293.23,7.74,D
-11.02026,32.34888,348.39,0.55,0.68,2026-10-04,1047,N,VIIRS,n,2.0NRT,293.08,8.21,D
-11.01315,31.33829,348.69,0.64,0.72,2026-10-04,1047,N,VIIRS,n,2.0NRT,292.4,10.97,D
-10.97636,33.03609,330.17,0.49,0.65,2026-10-04,1047,N,VIIRS,n,2.0NRT,296.22,2.96,D
-10.97579,32.38102,337.89,0.54,0.68,2026-10-04,1047,N,VIIRS,n,2.0NRT,288.05,5.24,D
-10.94532,31.48384,338.66,0.63,0.72,2026-10-04,1047,N,VIIRS,n,2.0NRT,296.97,41.77,D
-10.9446,31.4899,367,0.62,0.72,2026-10-04,1047,N,VIIRS,h,2.0NRT,295.72,41.77,D
-10.9425,31.48225,340.78,0.63,0.72,2026-10-04,1047,N,VIIRS,n,2.0NRT,293.83,61.54,D
-10.94183,31.4883,367,0.63,0.72,2026-10-04,1047,N,VIIRS,h,2.0NRT,300.37,151.24,D
-10.93865,31.48294,355.31,0.63,0.72,2026-10-04,1047,N,VIIRS,n,2.0NRT,292.48,41.77,D
-10.93795,31.48893,347.26,0.62,0.72,2026-10-04,1047,N,VIIRS,n,2.0NRT,292.92,41.77,D
-10.88994,32.29185,339.22,0.55,0.68,2026-10-04,1047,N,VIIRS,n,2.0NRT,295.03,11.62,D
-10.88743,32.29148,343.04,0.55,0.68,2026-10-04,1047,N,VIIRS,n,2.0NRT,295.61,10.82,D
-10.88437,32.76649,367,0.51,0.66,2026-10-04,1047,N,VIIRS,h,2.0NRT,295.06,5.02,D
-10.8838,32.77125,332.02,0.51,0.66,2026-10-04,1047,N,VIIRS,n,2.0NRT,295.17,5.02,D
-10.87364,32.80346,354.16,0.51,0.66,2026-10-04,1047,N,VIIRS,n,2.0NRT,294.77,7.08,D
-10.85399,33.01635,339.36,0.49,0.65,2026-10-04,1047,N,VIIRS,n,2.0NRT,296.2,3.12,D
-10.84499,33.09,335.94,0.49,0.65,2026-10-04,1047,N,VIIRS,n,2.0NRT,297.87,4.03,D
-10.83232,32.56786,331.75,0.53,0.67,2026-10-04,1047,N,VIIRS,n,2.0NRT,292.91,7.03,D
-10.82796,32.56729,330.49,0.53,0.67,2026-10-04,1047,N,VIIRS,n,2.0NRT,292.67,5.88,D
-10.82357,30.91664,334.93,0.68,0.74,2026-10-04,1047,N,VIIRS,n,2.0NRT,288.77,12.72,D
-10.82284,30.92318,357.02,0.68,0.74,2026-10-04,1047,N,VIIRS,l,2.0NRT,289.58,22.61,D
-10.82266,30.92177,367,0.68,0.74,2026-10-04,1047,N,VIIRS,h,2.0NRT,290.21,22.41,D
-10.816,32.86854,343.04,0.5,0.66,2026-10-04,1047,N,VIIRS,n,2.0NRT,294.94,6.39,D
-10.81586,32.86782,335.4,0.5,0.66,2026-10-04,1047,N,VIIRS,n,2.0NRT,294.47,6.66,D
-10.81544,32.87327,350.65,0.5,0.66,2026-10-04,1047,N,VIIRS,n,2.0NRT,296.35,11.36,D
-10.81527,32.87252,367,0.5,0.66,2026-10-04,1047,N,VIIRS,h,2.0NRT,297.09,6.66,D
-10.7895,32.19152,340.46,0.56,0.69,2026-10-04,1047,N,VIIRS,n,2.0NRT,291.7,5.03,D
-10.78863,32.18825,351.82,0.56,0.69,2026-10-04,1047,N,VIIRS,n,2.0NRT,291.89,11.55,D
-10.788,32.19334,339.96,0.56,0.69,2026-10-04,1047,N,VIIRS,n,2.0NRT,291.78,12.12,D
-10.78307,32.19107,367,0.56,0.69,2026-10-04,1047,N,VIIRS,h,2.0NRT,291.96,13.57,D
-10.75982,31.54037,367,0.62,0.71,2026-10-04,1047,N,VIIRS,h,2.0NRT,293.73,16.9,D
-10.75573,31.53772,344.59,0.62,0.71,2026-10-04,1047,N,VIIRS,n,2.0NRT,291.62,11.42,D
-10.75499,31.54382,367,0.62,0.71,2026-10-04,1047,N,VIIRS,h,2.0NRT,292.15,11.42,D
-10.69337,32.38995,333.66,0.54,0.68,2026-10-04,1047,N,VIIRS,n,2.0NRT,297.99,5.23,D
-10.67614,31.52722,341.46,0.62,0.71,2026-10-04,1047,N,VIIRS,n,2.0NRT,286.01,8.8,D
-10.66315,33.41325,334.99,0.46,0.64,2026-10-04,1047,N,VIIRS,n,2.0NRT,290.58,6.13,D
-10.66262,33.41761,355.98,0.46,0.64,2026-10-04,1047,N,VIIRS,n,2.0NRT,292.28,6.13,D
-10.66033,33.38692,342.77,0.46,0.64,2026-10-04,1047,N,VIIRS,n,2.0NRT,291.53,4.22,D
-10.65338,33.39478,335.38,0.46,0.64,2026-10-04,1047,N,VIIRS,n,2.0NRT,290.84,4.6,D
-10.64746,33.39408,349.36,0.46,0.64,2026-10-04,1047,N,VIIRS,n,2.0NRT,292.99,4.6,D
-10.64489,33.41545,345.59,0.46,0.64,2026-10-04,1047,N,VIIRS,n,2.0NRT,288.58,5.49,D
-10.64034,32.93432,333.6,0.49,0.65,2026-10-04,1047,N,VIIRS,n,2.0NRT,295.37,2.57,D
-10.62016,31.45872,343.07,0.62,0.71,2026-10-04,1047,N,VIIRS,n,2.0NRT,286.91,8.34,D
-10.61276,30.68697,333.87,0.7,0.75,2026-10-04,1047,N,VIIRS,n,2.0NRT,289.13,4.61,D
-10.61135,30.69162,340.81,0.7,0.75,2026-10-04,1047,N,VIIRS,n,2.0NRT,289.7,12.89,D
-10.60736,32.22439,341.42,0.55,0.68,2026-10-04,1047,N,VIIRS,n,2.0NRT,295.65,4.43,D
-10.60474,33.3722,367,0.46,0.64,2026-10-04,1047,N,VIIRS,h,2.0NRT,297.57,9.61,D
-10.6042,33.37648,343.68,0.46,0.64,2026-10-04,1047,N,VIIRS,n,2.0NRT,293.36,9.61,D
-10.59934,33.36726,338.51,0.46,0.64,2026-10-04,1047,N,VIIRS,n,2.0NRT,295.7,8,D
-10.59895,30.11469,336.41,0.76,0.77,2026-10-04,1047,N,VIIRS,n,2.0NRT,288.47,19.23,D
-10.59881,33.37154,367,0.46,0.64,2026-10-04,1047,N,VIIRS,h,2.0NRT,297.34,15.58,D
-10.59828,33.37582,367,0.46,0.64,2026-10-04,1047,N,VIIRS,h,2.0NRT,293.05,15.58,D
-10.59815,30.1219,334.96,0.76,0.77,2026-10-04,1047,N,VIIRS,n,2.0NRT,287.56,29.55,D
-10.59654,30.12052,340.9,0.76,0.77,2026-10-04,1047,N,VIIRS,n,2.0NRT,286.29,23.26,D
-10.59591,33.58556,333.64,0.45,0.63,2026-10-04,1047,N,VIIRS,n,2.0NRT,291.86,6.18,D
-10.5948,33.58541,348.76,0.45,0.63,2026-10-04,1047,N,VIIRS,n,2.0NRT,292.37,17.06,D
-10.59171,30.11414,356.79,0.76,0.77,2026-10-04,1047,N,VIIRS,l,2.0NRT,287.6,19.23,D
-10.59137,33.52725,344.36,0.45,0.63,2026-10-04,1047,N,VIIRS,n,2.0NRT,292.99,8.92,D
-10.59114,33.28711,334.22,0.47,0.64,2026-10-04,1047,N,VIIRS,n,2.0NRT,297.51,3.5,D
-10.59092,33.57815,357.02,0.45,0.63,2026-10-04,1047,N,VIIRS,n,2.0NRT,297.31,13.37,D
-10.59085,33.53135,349.82,0.45,0.63,2026-10-04,1047,N,VIIRS,n,2.0NRT,292.64,8.92,D
-10.59063,33.29131,332.24,0.47,0.64,2026-10-04,1047,N,VIIRS,n,2.0NRT,296.63,4.84,D
-10.59048,33.58167,335.41,0.45,0.63,2026-10-04,1047,N,VIIRS,n,2.0NRT,295.5,6.18,D
-10.59015,30.11278,357.22,0.76,0.77,2026-10-04,1047,N,VIIRS,l,2.0NRT,286.71,23.26,D
-10.58981,31.60111,332.31,0.61,0.71,2026-10-04,1047,N,VIIRS,n,2.0NRT,291.61,5.65,D
-10.58976,33.57803,367,0.45,0.63,2026-10-04,1047,N,VIIRS,h,2.0NRT,297.73,14.02,D
-10.58649,33.5187,336.77,0.45,0.63,2026-10-04,1047,N,VIIRS,n,2.0NRT,294.93,5.28,D
-10.58598,33.52279,330.96,0.45,0.63,2026-10-04,1047,N,VIIRS,n,2.0NRT,293.36,5.28,D
-10.57879,33.58032,334.95,0.45,0.63,2026-10-04,1047,N,VIIRS,n,2.0NRT,291.54,10.37,D
-10.57828,33.5844,367,0.45,0.63,2026-10-04,1047,N,VIIRS,h,2.0NRT,290.6,10.37,D
-10.57777,33.5885,367,0.45,0.63,2026-10-04,1047,N,VIIRS,h,2.0NRT,290.94,16.88,D
-10.57179,33.34682,336.51,0.46,0.64,2026-10-04,1047,N,VIIRS,n,2.0NRT,294.52,3.3,D
-10.54423,32.85318,335.9,0.5,0.66,2026-10-04,1047,N,VIIRS,n,2.0NRT,298.21,3,D
-10.54134,33.2997,350.98,0.47,0.64,2026-10-04,1047,N,VIIRS,n,2.0NRT,296.89,8.4,D
-10.54083,33.30394,348.18,0.47,0.64,2026-10-04,1047,N,VIIRS,n,2.0NRT,296.23,9.58,D
-10.53764,33.30038,367,0.47,0.64,2026-10-04,1047,N,VIIRS,h,2.0NRT,299.28,12.9,D
-10.5371,33.30463,331.58,0.47,0.64,2026-10-04,1047,N,VIIRS,n,2.0NRT,296.35,9.68,D
-10.53239,33.42454,341.2,0.46,0.63,2026-10-04,1047,N,VIIRS,n,2.0NRT,294.04,2.49,D
-10.52091,33.2411,334.58,0.47,0.64,2026-10-04,1047,N,VIIRS,n,2.0NRT,297.94,6.42,D
-10.51598,33.23209,367,0.47,0.64,2026-10-04,1047,N,VIIRS,h,2.0NRT,301.2,10.77,D
-10.51545,33.23632,333.01,0.47,0.64,2026-10-04,1047,N,VIIRS,n,2.0NRT,297.99,10.77,D
-10.51493,33.24055,349.65,0.47,0.64,2026-10-04,1047,N,VIIRS,n,2.0NRT,298.74,6.42,D
-10.49439,33.30878,333.14,0.47,0.64,2026-10-04,1047,N,VIIRS,n,2.0NRT,297.56,2.19,D
-10.47118,31.98434,340.87,0.57,0.69,2026-10-04,1047,N,VIIRS,n,2.0NRT,293.54,6.35,D
-10.4658,31.98365,367,0.57,0.69,2026-10-04,1047,N,VIIRS,h,2.0NRT,294.89,13.66,D
-10.46473,31.98357,367,0.57,0.69,2026-10-04,1047,N,VIIRS,h,2.0NRT,293.27,11.25,D
-10.45566,33.37946,352.52,0.46,0.64,2026-10-04,1047,N,VIIRS,n,2.0NRT,298.17,4.79,D
-10.45078,32.05779,340.25,0.56,0.69,2026-10-04,1047,N,VIIRS,n,2.0NRT,294.87,4.53,D
-10.44922,32.05752,338.95,0.56,0.69,2026-10-04,1047,N,VIIRS,n,2.0NRT,295.06,3.54,D
-10.44913,33.28461,334.33,0.47,0.64,2026-10-04,1047,N,VIIRS,n,2.0NRT,299.49,7.18,D
-10.44725,33.30017,330.55,0.47,0.64,2026-10-04,1047,N,VIIRS,l,2.0NRT,300.61,4.07,D
-10.44678,33.28075,332.69,0.47,0.64,2026-10-04,1047,N,VIIRS,n,2.0NRT,296.59,3.52,D
-10.44627,33.28472,335.59,0.47,0.64,2026-10-04,1047,N,VIIRS,n,2.0NRT,298.98,3.52,D
-10.44283,33.3864,330.61,0.46,0.64,2026-10-04,1047,N,VIIRS,n,2.0NRT,296.71,2.5,D
-10.43187,33.39749,344.68,0.46,0.63,2026-10-04,1047,N,VIIRS,n,2.0NRT,298.31,5.04,D
-10.42957,33.39709,345.11,0.46,0.63,2026-10-04,1047,N,VIIRS,n,2.0NRT,298.71,5.39,D
-10.42734,33.31563,331.14,0.46,0.64,2026-10-04,1047,N,VIIRS,n,2.0NRT,299.5,4.02,D
-10.42428,33.31563,342.76,0.46,0.64,2026-10-04,1047,N,VIIRS,n,2.0NRT,298.05,3.81,D
-10.42109,33.29319,331.87,0.47,0.64,2026-10-04,1047,N,VIIRS,n,2.0NRT,296.53,6.57,D
-10.41803,33.29282,334.49,0.47,0.64,2026-10-04,1047,N,VIIRS,n,2.0NRT,297.38,2.88,D
-10.40661,33.40791,345.61,0.46,0.63,2026-10-04,1047,N,VIIRS,n,2.0NRT,297.85,4.96,D
-10.40441,33.40736,367,0.46,0.63,2026-10-04,1047,N,VIIRS,h,2.0NRT,298.77,7.64,D
-10.40156,31.47312,331.76,0.62,0.71,2026-10-04,1047,N,VIIRS,n,2.0NRT,288.09,6.81,D
-10.40073,33.40708,341.1,0.46,0.63,2026-10-04,1047,N,VIIRS,n,2.0NRT,297.42,4.96,D
-10.38115,32.71366,333.3,0.51,0.66,2026-10-04,1047,N,VIIRS,n,2.0NRT,295.83,4.36,D
-10.37584,32.70776,339.69,0.51,0.66,2026-10-04,1047,N,VIIRS,n,2.0NRT,296.91,6.07,D
-10.37551,32.70847,341.58,0.51,0.66,2026-10-04,1047,N,VIIRS,n,2.0NRT,296.46,4.36,D
-10.37525,32.71247,330.65,0.51,0.66,2026-10-04,1047,N,VIIRS,n,2.0NRT,295.46,5.73,D
-10.37119,33.40424,342.55,0.46,0.63,2026-10-04,1047,N,VIIRS,n,2.0NRT,297.68,3.26,D
-10.36958,32.39706,332.29,0.53,0.67,2026-10-04,1047,N,VIIRS,n,2.0NRT,295.49,2.37,D
-10.35989,32.47772,335.19,0.53,0.67,2026-10-04,1047,N,VIIRS,n,2.0NRT,295.01,2.46,D
-10.35463,33.67882,367,0.44,0.62,2026-10-04,1047,N,VIIRS,h,2.0NRT,304.49,17.87,D
-10.35228,33.74373,338.59,0.43,0.62,2026-10-04,1047,N,VIIRS,n,2.0NRT,298.91,5.6,D
-10.33241,33.29685,367,0.46,0.64,2026-10-04,1047,N,VIIRS,h,2.0NRT,299.04,12.4,D
-10.3307,33.29388,350.87,0.47,0.64,2026-10-04,1047,N,VIIRS,n,2.0NRT,296.68,7.53,D
-10.33019,33.2981,353.32,0.46,0.64,2026-10-04,1047,N,VIIRS,n,2.0NRT,297.37,7.53,D
-10.31968,32.41436,343.51,0.53,0.67,2026-10-04,1047,N,VIIRS,n,2.0NRT,295.48,12.12,D
-10.31908,32.41919,350.9,0.53,0.67,2026-10-04,1047,N,VIIRS,n,2.0NRT,296.45,16.51,D
-10.31632,32.41711,367,0.53,0.67,2026-10-04,1047,N,VIIRS,h,2.0NRT,298.05,17.91,D
-10.30809,30.02882,339.16,0.77,0.77,2026-10-04,1047,N,VIIRS,n,2.0NRT,289.62,19.01,D
-10.30327,30.02924,345.48,0.77,0.77,2026-10-04,1047,N,VIIRS,n,2.0NRT,289.61,13.34,D
-10.28759,32.67192,344.81,0.51,0.66,2026-10-04,1047,N,VIIRS,n,2.0NRT,297.61,6.26,D
-10.28657,32.67047,342.95,0.51,0.66,2026-10-04,1047,N,VIIRS,n,2.0NRT,297.55,3.96,D
-10.27826,32.68798,337.06,0.51,0.66,2026-10-04,1047,N,VIIRS,n,2.0NRT,297.02,3.35,D
-10.27012,32.24422,337.84,0.55,0.68,2026-10-04,1047,N,VIIRS,n,2.0NRT,295.51,5.12,D
-10.26891,32.41373,333.21,0.53,0.67,2026-10-04,1047,N,VIIRS,n,2.0NRT,296.88,5.46,D
-10.25366,32.74409,342.39,0.5,0.66,2026-10-04,1047,N,VIIRS,n,2.0NRT,296.24,2.16,D
-10.1871,31.66099,367,0.6,0.7,2026-10-04,1047,N,VIIRS,h,2.0NRT,294.48,20.94,D
-10.18243,31.6583,367,0.6,0.7,2026-10-04,1047,N,VIIRS,h,2.0NRT,295.35,28.42,D
-10.18177,31.66372,355.8,0.59,0.7,2026-10-04,1047,N,VIIRS,n,2.0NRT,294.21,29.62,D
-10.18109,31.65546,336.64,0.6,0.7,2026-10-04,1047,N,VIIRS,n,2.0NRT,292.89,15.49,D
-10.18047,31.6609,367,0.6,0.7,2026-10-04,1047,N,VIIRS,h,2.0NRT,294.91,20.94,D
-10.14744,33.7854,352.74,0.43,0.62,2026-10-04,1047,N,VIIRS,n,2.0NRT,298.96,9.18,D
-10.14657,33.78529,354.06,0.43,0.62,2026-10-04,1047,N,VIIRS,n,2.0NRT,298.55,8.94,D
-10.06408,32.76937,353.16,0.5,0.66,2026-10-04,1047,N,VIIRS,n,2.0NRT,296.45,12.77,D
-10.06403,32.76807,367,0.5,0.66,2026-10-04,1047,N,VIIRS,h,2.0NRT,297.49,6.69,D
-10.0604,32.49764,340.19,0.52,0.67,2026-10-04,1047,N,VIIRS,n,2.0NRT,295.46,7.14,D
-10.05984,32.50218,335.56,0.52,0.67,2026-10-04,1047,N,VIIRS,n,2.0NRT,295.42,9.14,D
-10.0041,32.8538,332.79,0.49,0.65,2026-10-04,1047,N,VIIRS,n,2.0NRT,297.91,4.14,D
-9.99639,32.86644,335.27,0.49,0.65,2026-10-04,1047,N,VIIRS,n,2.0NRT,297.48,5.44,D
-9.98441,33.25544,341.13,0.46,0.64,2026-10-04,1047,N,VIIRS,n,2.0NRT,297.72,3.59,D
-9.98208,32.47789,349.27,0.52,0.67,2026-10-04,1047,N,VIIRS,n,2.0NRT,297.3,16.44,D
-9.98148,32.48272,367,0.52,0.67,2026-10-04,1047,N,VIIRS,h,2.0NRT,297.5,28.92,D
-9.98048,32.48065,367,0.52,0.67,2026-10-04,1047,N,VIIRS,h,2.0NRT,298.97,33.67,D
-9.93176,32.83011,331.14,0.49,0.65,2026-10-04,1047,N,VIIRS,n,2.0NRT,299.06,3.69,D
-9.92021,33.16146,331.03,0.47,0.64,2026-10-04,1047,N,VIIRS,n,2.0NRT,300.73,3.79,D
-9.90792,32.87312,334.14,0.49,0.65,2026-10-04,1047,N,VIIRS,n,2.0NRT,298.92,2.5,D
-9.89984,32.78891,341.97,0.5,0.65,2026-10-04,1047,N,VIIRS,n,2.0NRT,300.62,5.9,D
-9.8997,33.69276,330.55,0.43,0.62,2026-10-04,1047,N,VIIRS,n,2.0NRT,295.09,4.66,D
-9.89747,32.56414,334.76,0.51,0.66,2026-10-04,1047,N,VIIRS,n,2.0NRT,295.98,5.28,D
-9.89598,32.56482,339.12,0.51,0.66,2026-10-04,1047,N,VIIRS,n,2.0NRT,296.63,3.8,D
-9.89376,32.7881,339.59,0.5,0.65,2026-10-04,1047,N,VIIRS,n,2.0NRT,300.71,5.15,D
-9.88652,32.6985,331.86,0.5,0.66,2026-10-04,1047,N,VIIRS,n,2.0NRT,298.55,3.03,D
-9.88598,32.6994,330.45,0.5,0.66,2026-10-04,1047,N,VIIRS,n,2.0NRT,298.66,2.37,D
-9.8837,32.21885,335.08,0.54,0.68,2026-10-04,1047,N,VIIRS,n,2.0NRT,294.78,2.81,D
-9.8611,32.85368,336.78,0.49,0.65,2026-10-04,1047,N,VIIRS,n,2.0NRT,297.26,3.9,D
-9.86054,32.85837,332.84,0.49,0.65,2026-10-04,1047,N,VIIRS,n,2.0NRT,298.55,5.97,D
-9.85999,32.85707,343.56,0.49,0.65,2026-10-04,1047,N,VIIRS,n,2.0NRT,298.42,7.83,D
-9.85939,32.86178,331.66,0.49,0.65,2026-10-04,1047,N,VIIRS,n,2.0NRT,298.19,5.96,D
-9.85483,32.80105,332.15,0.49,0.65,2026-10-04,1047,N,VIIRS,n,2.0NRT,299.18,2.04,D
-9.85389,32.86249,346.66,0.49,0.65,2026-10-04,1047,N,VIIRS,n,2.0NRT,299.38,5.97,D
-9.85331,32.86121,339.31,0.49,0.65,2026-10-04,1047,N,VIIRS,n,2.0NRT,299.26,4.06,D
-9.84982,33.24199,333.3,0.46,0.64,2026-10-04,1047,N,VIIRS,n,2.0NRT,300.79,2.51,D
-9.79751,33.79692,336.43,0.42,0.61,2026-10-04,1047,N,VIIRS,n,2.0NRT,297.28,3.16,D
-9.79441,33.0841,341.09,0.47,0.64,2026-10-04,1047,N,VIIRS,n,2.0NRT,301.52,6.25,D
-9.7915,33.29533,332.3,0.46,0.63,2026-10-04,1047,N,VIIRS,n,2.0NRT,300.13,1.85,D
-9.78901,33.07891,333.18,0.47,0.64,2026-10-04,1047,N,VIIRS,n,2.0NRT,301.46,3.51,D
-9.78844,33.0834,341.1,0.47,0.64,2026-10-04,1047,N,VIIRS,n,2.0NRT,300.37,3.51,D
-9.77664,32.83496,353.45,0.49,0.65,2026-10-04,1047,N,VIIRS,n,2.0NRT,299.3,8.5,D
-9.77135,33.72846,330.4,0.43,0.62,2026-10-04,1047,N,VIIRS,n,2.0NRT,298.52,2.66,D
-9.76697,33.76352,330.07,0.42,0.61,2026-10-04,1047,N,VIIRS,n,2.0NRT,297.07,2.85,D
-9.72498,33.12633,331.24,0.47,0.64,2026-10-04,1047,N,VIIRS,n,2.0NRT,299.95,3.61,D
-9.72272,33.12563,339.19,0.47,0.64,2026-10-04,1047,N,VIIRS,n,2.0NRT,300.72,5.74,D
-9.71843,33.13031,332.54,0.47,0.64,2026-10-04,1047,N,VIIRS,n,2.0NRT,299.52,3.61,D
-9.65924,32.82639,355.47,0.49,0.65,2026-10-04,1047,N,VIIRS,n,2.0NRT,298.9,8.95,D
-9.65868,32.83098,331.48,0.49,0.65,2026-10-04,1047,N,VIIRS,n,2.0NRT,297.66,7.64,D
-9.65833,32.82756,345.06,0.49,0.65,2026-10-04,1047,N,VIIRS,n,2.0NRT,298.69,6.85,D
-9.64756,32.92184,338.41,0.48,0.65,2026-10-04,1047,N,VIIRS,n,2.0NRT,299.25,3.76,D
-9.64598,32.92278,335.92,0.48,0.65,2026-10-04,1047,N,VIIRS,n,2.0NRT,298.73,4.11,D
-9.64101,33.69386,339.39,0.43,0.62,2026-10-04,1047,N,VIIRS,n,2.0NRT,297.31,3.75,D
-9.63927,33.69331,335.68,0.43,0.62,2026-10-04,1047,N,VIIRS,n,2.0NRT,296.8,3.58,D
-9.58899,30.1918,336.08,0.73,0.76,2026-10-04,1047,N,VIIRS,n,2.0NRT,289.15,8.09,D
-9.58884,32.84275,330.55,0.49,0.65,2026-10-04,1047,N,VIIRS,n,2.0NRT,299.29,3.11,D
-9.58826,32.84732,336.19,0.49,0.65,2026-10-04,1047,N,VIIRS,n,2.0NRT,298.98,3.11,D
-9.58101,31.94726,334.23,0.56,0.69,2026-10-04,1047,N,VIIRS,n,2.0NRT,288.91,6.3,D
-9.57458,31.94675,357.21,0.56,0.69,2026-10-04,1047,N,VIIRS,l,2.0NRT,289.46,17.49,D
-9.57397,31.95181,350.98,0.56,0.69,2026-10-04,1047,N,VIIRS,n,2.0NRT,287.76,17.49,D
-9.55324,33.31472,333.09,0.45,0.63,2026-10-04,1047,N,VIIRS,n,2.0NRT,292.39,3.04,D
-9.54306,32.91578,332.42,0.48,0.65,2026-10-04,1047,N,VIIRS,n,2.0NRT,298.21,3.29,D
-9.53883,32.08172,333.7,0.55,0.68,2026-10-04,1047,N,VIIRS,n,2.0NRT,287.9,5.16,D
-9.525,32.91377,331.55,0.48,0.65,2026-10-04,1047,N,VIIRS,n,2.0NRT,298.07,5.1,D
-9.49904,30.19325,356.67,0.73,0.76,2026-10-04,1047,N,VIIRS,l,2.0NRT,287.76,16.65,D
-9.49193,30.19265,327.8,0.73,0.76,2026-10-04,1047,N,VIIRS,n,2.0NRT,289.07,16.65,D
-9.44066,32.93503,330.79,0.48,0.65,2026-10-04,1047,N,VIIRS,n,2.0NRT,296.2,3.55,D
-9.4314,33.10666,331.94,0.47,0.64,2026-10-04,1047,N,VIIRS,n,2.0NRT,297.65,2.1,D
-9.42437,32.66593,355.61,0.5,0.66,2026-10-04,1047,N,VIIRS,n,2.0NRT,294.7,10.31,D
-9.36549,32.88863,332.7,0.48,0.65,2026-10-04,1047,N,VIIRS,n,2.0NRT,294.42,7.1,D
-9.36499,32.8926,367,0.48,0.65,2026-10-04,1047,N,VIIRS,h,2.0NRT,294.98,7.1,D
-9.27307,30.00103,355.42,0.75,0.77,2026-10-04,1049,N,VIIRS,n,2.0NRT,273.19,14.7,D
-9.18882,30.27639,353.92,0.71,0.75,2026-10-04,1049,N,VIIRS,n,2.0NRT,278.77,30.43,D
-9.18802,30.28293,356.34,0.71,0.75,2026-10-04,1049,N,VIIRS,l,2.0NRT,278.59,30.43,D
-9.15302,31.89461,333.82,0.56,0.69,2026-10-04,1049,N,VIIRS,n,2.0NRT,291.71,6.09,D
-9.10229,31.61441,335.04,0.58,0.7,2026-10-04,1049,N,VIIRS,n,2.0NRT,293.04,8.69,D
-9.08562,32.43956,332.23,0.51,0.66,2026-10-04,1049,N,VIIRS,n,2.0NRT,293.92,4.69,D
-9.04968,30.11226,340.35,0.73,0.76,2026-10-04,1049,N,VIIRS,n,2.0NRT,281.91,16.55,D
-9.04784,30.106,340.26,0.73,0.76,2026-10-04,1049,N,VIIRS,n,2.0NRT,277.49,9.59,D
-9.02733,32.51223,334.56,0.5,0.66,2026-10-04,1049,N,VIIRS,n,2.0NRT,297.62,2.6,D
-9.02696,32.51093,334.51,0.5,0.66,2026-10-04,1049,N,VIIRS,n,2.0NRT,296.25,2.32,D
-9.02118,32.51171,332.6,0.5,0.66,2026-10-04,1049,N,VIIRS,n,2.0NRT,298.72,2.6,D
-8.97284,33.56523,332.7,0.43,0.62,2026-10-04,1049,N,VIIRS,n,2.0NRT,297.18,4.19,D
-8.96726,33.56343,332.11,0.43,0.62,2026-10-04,1049,N,VIIRS,n,2.0NRT,297.61,4.19,D
-8.96196,30.8225,330.9,0.65,0.73,2026-10-04,1049,N,VIIRS,n,2.0NRT,287.9,18.1,D
-8.96127,30.8282,367,0.65,0.73,2026-10-04,1049,N,VIIRS,h,2.0NRT,291.42,42.49,D
-8.95925,30.82662,367,0.65,0.73,2026-10-04,1049,N,VIIRS,h,2.0NRT,292.24,36.6,D
-8.95853,30.83228,332.66,0.65,0.73,2026-10-04,1049,N,VIIRS,n,2.0NRT,286.78,28.75,D
-8.93647,33.66774,367,0.42,0.61,2026-10-04,1049,N,VIIRS,h,2.0NRT,303.09,10.38,D
-8.91753,32.89257,337.22,0.47,0.64,2026-10-04,1049,N,VIIRS,n,2.0NRT,302.1,4.56,D
-8.87315,32.92976,354.21,0.47,0.64,2026-10-04,1049,N,VIIRS,n,2.0NRT,305.27,6.99,D
-8.87041,32.9307,351.57,0.47,0.64,2026-10-04,1049,N,VIIRS,n,2.0NRT,305.77,8.4,D
-8.87003,33.67602,331.61,0.42,0.61,2026-10-04,1049,N,VIIRS,l,2.0NRT,301.66,2.33,D
-8.86292,32.5805,338.84,0.5,0.65,2026-10-04,1049,N,VIIRS,n,2.0NRT,300.03,3.65,D
-8.86144,30.89488,350,0.64,0.72,2026-10-04,1049,N,VIIRS,n,2.0NRT,290.08,12.25,D
-8.84374,33.61187,336.65,0.42,0.61,2026-10-04,1049,N,VIIRS,l,2.0NRT,306.86,1.94,D
-8.82387,30.79767,332.97,0.65,0.73,2026-10-04,1049,N,VIIRS,n,2.0NRT,288.93,7.28,D
-8.81606,30.8597,331.56,0.65,0.73,2026-10-04,1049,N,VIIRS,n,2.0NRT,291,10.49,D
-8.81065,30.86137,347.78,0.65,0.73,2026-10-04,1049,N,VIIRS,n,2.0NRT,292.85,8.53,D
-8.80739,33.20526,341.87,0.45,0.63,2026-10-04,1049,N,VIIRS,n,2.0NRT,302.29,5.46,D
-8.79476,32.18467,331.43,0.53,0.67,2026-10-04,1049,N,VIIRS,n,2.0NRT,297.56,3.88,D
-8.7896,32.87268,342.85,0.47,0.64,2026-10-04,1049,N,VIIRS,n,2.0NRT,301,5.3,D
-8.7857,33.68221,334.99,0.42,0.61,2026-10-04,1049,N,VIIRS,n,2.0NRT,304.7,2.26,D
-8.78316,33.67982,335.52,0.42,0.61,2026-10-04,1049,N,VIIRS,n,2.0NRT,304.45,1.62,D
-8.77479,32.94315,331.45,0.47,0.64,2026-10-04,1049,N,VIIRS,l,2.0NRT,302.44,2.02,D
-8.77258,30.82283,367,0.65,0.73,2026-10-04,1049,N,VIIRS,h,2.0NRT,296.58,29.38,D
-8.75286,30.57874,334.05,0.67,0.74,2026-10-04,1049,N,VIIRS,n,2.0NRT,290.73,5.05,D
-8.74564,30.85274,330.27,0.65,0.73,2026-10-04,1049,N,VIIRS,n,2.0NRT,292.49,6.81,D
-8.72488,33.43611,333.97,0.43,0.62,2026-10-04,1049,N,VIIRS,n,2.0NRT,300.6,2.1,D
-8.72438,33.44012,331.13,0.43,0.62,2026-10-04,1049,N,VIIRS,n,2.0NRT,300.92,2.1,D
-8.72437,33.43564,336.34,0.43,0.62,2026-10-04,1049,N,VIIRS,n,2.0NRT,301.2,4.74,D
-8.66623,32.89162,330.7,0.47,0.64,2026-10-04,1049,N,VIIRS,n,2.0NRT,300.7,1.57,D
-8.63149,31.37649,337.35,0.59,0.7,2026-10-04,1049,N,VIIRS,n,2.0NRT,286.98,5.57,D
-8.62089,33.60468,330.53,0.42,0.61,2026-10-04,1049,N,VIIRS,l,2.0NRT,301.54,2.15,D
-8.5984,33.13594,336.82,0.45,0.63,2026-10-04,1049,N,VIIRS,n,2.0NRT,305.13,4.16,D
-8.56304,33.69754,332.98,0.41,0.61,2026-10-04,1049,N,VIIRS,l,2.0NRT,303.74,3.31,D
-8.43131,30.30133,345.67,0.7,0.75,2026-10-04,1049,N,VIIRS,n,2.0NRT,291.45,13.6,D
-8.32385,33.78622,367,0.4,0.6,2026-10-04,1049,N,VIIRS,h,2.0NRT,304.75,6.77,D
-8.32361,31.78205,336.45,0.55,0.68,2026-10-04,1049,N,VIIRS,n,2.0NRT,298.23,9.07,D
-8.32338,33.78975,335.31,0.4,0.6,2026-10-04,1049,N,VIIRS,n,2.0NRT,303.07,6.58,D
-8.31827,33.78549,331.4,0.4,0.6,2026-10-04,1049,N,VIIRS,n,2.0NRT,303.94,4.03,D
-8.31779,33.78907,331.32,0.4,0.6,2026-10-04,1049,N,VIIRS,n,2.0NRT,302.69,4.14,D
-8.28986,33.78561,330.54,0.4,0.6,2026-10-04,1049,N,VIIRS,l,2.0NRT,301.27,2.52,D
-8.27859,33.7849,339.95,0.4,0.6,2026-10-04,1049,N,VIIRS,n,2.0NRT,302.52,4.98,D
-8.26618,31.09708,341.08,0.61,0.71,2026-10-04,1049,N,VIIRS,n,2.0NRT,292.81,6.47,D
-8.20318,33.22977,333.56,0.44,0.62,2026-10-04,1049,N,VIIRS,l,2.0NRT,304.99,2.88,D
-18.09659,29.85973,344.17,0.35,0.57,2026-10-04,1225,N,VIIRS,n,2.0NRT,301.38,5.76,D
-18.0958,29.85807,353.89,0.35,0.57,2026-10-04,1225,N,VIIRS,n,2.0NRT,302.1,5.36,D
-18.06054,29.92926,334.02,0.36,0.57,2026-10-04,1225,N,VIIRS,n,2.0NRT,302.5,4.11,D
-17.86898,29.95791,353.16,0.36,0.57,2026-10-04,1225,N,VIIRS,n,2.0NRT,304.64,15.46,D
-17.86371,29.95671,355.81,0.36,0.57,2026-10-04,1225,N,VIIRS,n,2.0NRT,302.49,15.46,D
-17.86299,29.96011,367,0.36,0.57,2026-10-04,1225,N,VIIRS,h,2.0NRT,315.6,84.48,D
-17.70909,33.33173,336.47,0.59,0.7,2026-10-04,1225,N,VIIRS,n,2.0NRT,288.25,6.05,D
-17.70266,33.33003,331.21,0.59,0.7,2026-10-04,1225,N,VIIRS,n,2.0NRT,287.96,6.05,D
-17.69624,33.32829,332.05,0.59,0.7,2026-10-04,1225,N,VIIRS,n,2.0NRT,287.23,6.87,D
-18.00403,23.72497,345.91,0.46,0.39,2026-10-04,1227,N,VIIRS,n,2.0NRT,314.98,11.95,D
-17.99968,23.72865,343.58,0.46,0.39,2026-10-04,1227,N,VIIRS,l,2.0NRT,315.73,8.15,D
-17.99755,23.71928,344.54,0.46,0.39,2026-10-04,1227,N,VIIRS,l,2.0NRT,316.26,6.48,D
-17.99394,23.71861,345.2,0.46,0.39,2026-10-04,1227,N,VIIRS,l,2.0NRT,317.06,6.48,D
-17.99022,23.74036,336.16,0.46,0.39,2026-10-04,1227,N,VIIRS,n,2.0NRT,290.28,8.11,D
-17.98959,23.72228,341.45,0.46,0.39,2026-10-04,1227,N,VIIRS,l,2.0NRT,315.36,8.26,D
-17.98884,23.72663,354.38,0.46,0.39,2026-10-04,1227,N,VIIRS,n,2.0NRT,317.14,7.67,D
-17.9881,23.73099,353.4,0.46,0.39,2026-10-04,1227,N,VIIRS,n,2.0NRT,317.09,7.67,D
-17.98735,23.73534,341.66,0.46,0.39,2026-10-04,1227,N,VIIRS,n,2.0NRT,308.47,4.46,D
-17.97617,23.35963,351.84,0.45,0.39,2026-10-04,1227,N,VIIRS,n,2.0NRT,314.92,13.55,D
-17.97594,24.4711,348.69,0.5,0.41,2026-10-04,1227,N,VIIRS,n,2.0NRT,317.72,9.13,D
-17.97301,24.46567,342.14,0.5,0.41,2026-10-04,1227,N,VIIRS,l,2.0NRT,316.48,7.73,D
-17.97219,24.47039,344.27,0.5,0.41,2026-10-04,1227,N,VIIRS,l,2.0NRT,316.13,9.13,D
-17.96225,23.90299,345.81,0.47,0.4,2026-10-04,1227,N,VIIRS,l,2.0NRT,315.86,4.73,D
-17.90786,26.19515,347.59,0.42,0.45,2026-10-04,1227,N,VIIRS,n,2.0NRT,309.37,4,D
-17.90434,26.19088,337.36,0.42,0.45,2026-10-04,1227,N,VIIRS,l,2.0NRT,310.75,4,D
-17.90297,26.19835,367,0.42,0.45,2026-10-04,1227,N,VIIRS,h,2.0NRT,311.32,10.67,D
-17.90046,25.91183,334.22,0.4,0.44,2026-10-04,1227,N,VIIRS,l,2.0NRT,308.95,3.86,D
-17.89974,25.91566,336.18,0.4,0.44,2026-10-04,1227,N,VIIRS,l,2.0NRT,308.19,3.39,D
-17.89872,26.19804,338.69,0.42,0.45,2026-10-04,1227,N,VIIRS,n,2.0NRT,310.14,3.2,D
-17.8971,25.90712,346.02,0.4,0.44,2026-10-04,1227,N,VIIRS,n,2.0NRT,308.23,3.86,D
-17.89639,25.91092,355.96,0.4,0.44,2026-10-04,1227,N,VIIRS,l,2.0NRT,307.39,3.86,D
-17.86263,22.78263,367,0.42,0.38,2026-10-04,1227,N,VIIRS,h,2.0NRT,315.85,19.81,D
-17.86197,22.78664,350.83,0.42,0.38,2026-10-04,1227,N,VIIRS,n,2.0NRT,315.02,14.16,D
-17.86131,22.79064,347.23,0.42,0.38,2026-10-04,1227,N,VIIRS,n,2.0NRT,314.95,14.16,D
-17.85981,22.77801,367,0.42,0.38,2026-10-04,1227,N,VIIRS,l,2.0NRT,331.74,37.62,D
-17.85915,22.78201,367,0.42,0.38,2026-10-04,1227,N,VIIRS,h,2.0NRT,317.48,37.62,D
-17.85849,22.78601,346.66,0.42,0.38,2026-10-04,1227,N,VIIRS,n,2.0NRT,313.27,7.38,D
-17.85783,22.79002,346.62,0.42,0.38,2026-10-04,1227,N,VIIRS,n,2.0NRT,312.41,7.38,D
-17.85567,22.78139,350.4,0.42,0.38,2026-10-04,1227,N,VIIRS,n,2.0NRT,313.78,37.62,D
-17.83428,26.49872,337.07,0.44,0.46,2026-10-04,1227,N,VIIRS,l,2.0NRT,309.3,6.15,D
-17.83352,26.5028,334.92,0.44,0.46,2026-10-04,1227,N,VIIRS,l,2.0NRT,308.13,3.52,D
-17.82727,23.73058,346.26,0.46,0.39,2026-10-04,1227,N,VIIRS,n,2.0NRT,314.41,4.01,D
-17.81238,24.82683,339.6,0.53,0.42,2026-10-04,1227,N,VIIRS,n,2.0NRT,309.18,5.68,D
-17.81158,24.89874,336.4,0.53,0.42,2026-10-04,1227,N,VIIRS,l,2.0NRT,311.14,3.01,D
-17.81091,24.67935,342.68,0.52,0.41,2026-10-04,1227,N,VIIRS,l,2.0NRT,313.49,9.4,D
-17.80861,24.893,340.62,0.53,0.42,2026-10-04,1227,N,VIIRS,l,2.0NRT,310.94,8.2,D
-17.77818,25.55539,343.66,0.39,0.44,2026-10-04,1227,N,VIIRS,n,2.0NRT,309.16,3.38,D
-17.77172,24.72232,341.39,0.52,0.41,2026-10-04,1227,N,VIIRS,l,2.0NRT,314.62,6.04,D
-17.76954,24.72446,341.08,0.52,0.42,2026-10-04,1227,N,VIIRS,l,2.0NRT,314.71,5.95,D
-17.7652,24.80244,356.33,0.52,0.42,2026-10-04,1227,N,VIIRS,n,2.0NRT,308.46,12.9,D
-17.76436,24.79983,340.64,0.52,0.42,2026-10-04,1227,N,VIIRS,n,2.0NRT,304.96,3.65,D
-17.74644,26.26925,333.35,0.42,0.46,2026-10-04,1227,N,VIIRS,l,2.0NRT,307.64,1.24,D
-17.74258,23.80994,340.55,0.47,0.4,2026-10-04,1227,N,VIIRS,l,2.0NRT,315.42,6.69,D
-17.73498,26.44781,347.72,0.44,0.46,2026-10-04,1227,N,VIIRS,n,2.0NRT,305.15,5.34,D
-17.72356,25.76245,346.5,0.4,0.44,2026-10-04,1227,N,VIIRS,n,2.0NRT,308.89,6.15,D
-17.72286,25.76627,345.09,0.4,0.44,2026-10-04,1227,N,VIIRS,n,2.0NRT,308.59,6.15,D
-17.71258,24.84638,337.89,0.53,0.42,2026-10-04,1227,N,VIIRS,n,2.0NRT,307.51,6.76,D
-17.7117,24.85136,342.13,0.53,0.42,2026-10-04,1227,N,VIIRS,n,2.0NRT,308.08,6.76,D
-17.70898,26.09629,336.43,0.42,0.45,2026-10-04,1227,N,VIIRS,l,2.0NRT,309.81,5.06,D
-17.70873,24.84564,342.44,0.53,0.42,2026-10-04,1227,N,VIIRS,n,2.0NRT,307.81,10.03,D
-17.66585,23.00989,344.45,0.43,0.38,2026-10-04,1227,N,VIIRS,n,2.0NRT,311.31,7.84,D
-17.66,26.26848,356.47,0.43,0.46,2026-10-04,1227,N,VIIRS,n,2.0NRT,313.17,9.07,D
-17.61955,25.30087,342.12,0.56,0.43,2026-10-04,1227,N,VIIRS,l,2.0NRT,316.99,8.28,D
-17.58803,25.75423,343.73,0.4,0.44,2026-10-04,1227,N,VIIRS,n,2.0NRT,314.27,3.37,D
-17.58359,26.21112,343.93,0.42,0.46,2026-10-04,1227,N,VIIRS,n,2.0NRT,309.55,6.25,D
-17.5832,23.89205,338.72,0.47,0.4,2026-10-04,1227,N,VIIRS,l,2.0NRT,313.14,2.57,D
-17.57954,23.89137,340.59,0.47,0.4,2026-10-04,1227,N,VIIRS,l,2.0NRT,313.24,4.5,D
-17.57941,26.21026,340.06,0.42,0.46,2026-10-04,1227,N,VIIRS,l,2.0NRT,310.8,2.72,D
-17.57868,26.21424,339.78,0.42,0.46,2026-10-04,1227,N,VIIRS,n,2.0NRT,311.62,3.97,D
-17.57664,23.88622,348.11,0.47,0.4,2026-10-04,1227,N,VIIRS,n,2.0NRT,315.78,5.48,D
-17.57588,25.25709,342.99,0.56,0.43,2026-10-04,1227,N,VIIRS,l,2.0NRT,316.07,8.78,D
-17.57491,25.25402,343.85,0.56,0.43,2026-10-04,1227,N,VIIRS,l,2.0NRT,317.28,9.53,D
-17.56047,23.89242,338.06,0.48,0.4,2026-10-04,1227,N,VIIRS,l,2.0NRT,312.4,2.87,D
-17.55222,29.07293,339.13,0.32,0.55,2026-10-04,1227,N,VIIRS,n,2.0NRT,306.34,1.92,D
-17.54788,25.44645,345.05,0.38,0.43,2026-10-04,1227,N,VIIRS,l,2.0NRT,317.05,9.65,D
-17.52862,26.4144,343.05,0.44,0.46,2026-10-04,1227,N,VIIRS,n,2.0NRT,308.85,6.02,D
-17.5256,26.43063,350.14,0.44,0.46,2026-10-04,1227,N,VIIRS,n,2.0NRT,310.32,6.84,D
-17.52136,26.42977,341.45,0.44,0.46,2026-10-04,1227,N,VIIRS,n,2.0NRT,308.11,4.54,D
-17.49112,23.75286,348.76,0.47,0.4,2026-10-04,1227,N,VIIRS,n,2.0NRT,315.91,9.43,D
-17.47807,25.21092,341.12,0.56,0.43,2026-10-04,1227,N,VIIRS,l,2.0NRT,314.64,7.9,D
-17.47071,25.61572,346.7,0.39,0.44,2026-10-04,1227,N,VIIRS,n,2.0NRT,316.37,15.99,D
-17.46667,25.61495,347.75,0.39,0.44,2026-10-04,1227,N,VIIRS,l,2.0NRT,318.51,15.99,D
-17.45473,25.29383,340.8,0.56,0.43,2026-10-04,1227,N,VIIRS,l,2.0NRT,312.46,28.83,D
-17.45456,25.28529,347.05,0.56,0.43,2026-10-04,1227,N,VIIRS,n,2.0NRT,313.55,23.23,D
-17.45362,25.2906,367,0.56,0.43,2026-10-04,1227,N,VIIRS,h,2.0NRT,316.45,37.12,D
-17.45269,25.29591,355.24,0.57,0.43,2026-10-04,1227,N,VIIRS,n,2.0NRT,319.44,37.12,D
-17.45174,25.28776,354.48,0.56,0.43,2026-10-04,1227,N,VIIRS,n,2.0NRT,323.49,28.83,D
-17.45076,25.29306,355.36,0.56,0.43,2026-10-04,1227,N,VIIRS,n,2.0NRT,320.71,28.83,D
-17.4506,25.28452,345.45,0.56,0.43,2026-10-04,1227,N,VIIRS,n,2.0NRT,316.48,23.23,D
-17.44872,25.29514,350.94,0.57,0.43,2026-10-04,1227,N,VIIRS,n,2.0NRT,318.89,37.12,D
-17.44778,25.287,340.92,0.56,0.43,2026-10-04,1227,N,VIIRS,l,2.0NRT,314.24,11.45,D
-17.4457,25.28906,340.3,0.56,0.43,2026-10-04,1227,N,VIIRS,l,2.0NRT,314.32,9.83,D
-17.41821,24.71427,347.76,0.53,0.42,2026-10-04,1227,N,VIIRS,n,2.0NRT,315.32,10.65,D
-17.41214,22.11511,349.8,0.41,0.37,2026-10-04,1227,N,VIIRS,n,2.0NRT,318.39,14.03,D
-17.40855,24.14733,341.15,0.49,0.4,2026-10-04,1227,N,VIIRS,l,2.0NRT,311.94,2.63,D
-17.40749,25.98787,347.79,0.41,0.45,2026-10-04,1227,N,VIIRS,n,2.0NRT,311.75,7.79,D
-17.40335,25.9871,351.09,0.41,0.45,2026-10-04,1227,N,VIIRS,n,2.0NRT,320.94,21.26,D
-17.40264,25.99096,350.96,0.41,0.45,2026-10-04,1227,N,VIIRS,n,2.0NRT,315.57,23.52,D
-17.40111,23.3581,344.55,0.45,0.39,2026-10-04,1227,N,VIIRS,l,2.0NRT,316.69,5,D
-17.40009,27.35054,342.27,0.5,0.49,2026-10-04,1227,N,VIIRS,n,2.0NRT,304.91,2.49,D
-17.3992,25.98634,347.47,0.41,0.45,2026-10-04,1227,N,VIIRS,n,2.0NRT,313.46,21.26,D
-17.39904,27.35188,348.47,0.5,0.49,2026-10-04,1227,N,VIIRS,n,2.0NRT,305.71,2.04,D
-17.39769,25.53588,345.79,0.39,0.44,2026-10-04,1227,N,VIIRS,l,2.0NRT,317.88,35.18,D
-17.39754,23.35745,343.96,0.45,0.39,2026-10-04,1227,N,VIIRS,l,2.0NRT,314.46,5,D
-17.39558,27.34961,340.89,0.5,0.49,2026-10-04,1227,N,VIIRS,n,2.0NRT,306.29,2.49,D
-17.39543,23.32649,356,0.45,0.39,2026-10-04,1227,N,VIIRS,n,2.0NRT,321.59,25.14,D
-17.39471,23.33072,352.89,0.45,0.39,2026-10-04,1227,N,VIIRS,n,2.0NRT,316.96,12.68,D
-17.39366,25.53508,349.36,0.39,0.44,2026-10-04,1227,N,VIIRS,n,2.0NRT,311.88,10.94,D
-17.39186,23.32584,367,0.45,0.39,2026-10-04,1227,N,VIIRS,h,2.0NRT,316.95,13.07,D
-17.39114,23.33007,351.52,0.45,0.39,2026-10-04,1227,N,VIIRS,n,2.0NRT,317.53,12.36,D
-17.39071,25.7546,339.67,0.4,0.44,2026-10-04,1227,N,VIIRS,l,2.0NRT,313.81,2.43,D
-17.39038,23.35614,353.24,0.45,0.39,2026-10-04,1227,N,VIIRS,n,2.0NRT,316.8,11.25,D
-17.3897,23.33854,341.21,0.45,0.39,2026-10-04,1227,N,VIIRS,l,2.0NRT,315.26,5.72,D
-17.38795,22.81467,357.55,0.43,0.38,2026-10-04,1227,N,VIIRS,n,2.0NRT,314.74,15.07,D
-17.38727,22.81871,357.85,0.43,0.38,2026-10-04,1227,N,VIIRS,n,2.0NRT,315.62,12.33,D
-17.38681,23.35549,347.09,0.45,0.39,2026-10-04,1227,N,VIIRS,n,2.0NRT,315.86,6.33,D
-17.38445,22.81404,345.06,0.43,0.38,2026-10-04,1227,N,VIIRS,n,2.0NRT,314.25,5.28,D
-17.38378,22.81809,340.29,0.43,0.38,2026-10-04,1227,N,VIIRS,l,2.0NRT,312.87,3,D
-17.37809,23.62444,342.34,0.46,0.39,2026-10-04,1227,N,VIIRS,l,2.0NRT,315.82,4.8,D
-17.37564,22.03785,351.19,0.41,0.37,2026-10-04,1227,N,VIIRS,n,2.0NRT,311.83,5.22,D
-17.37502,22.04167,340.87,0.41,0.37,2026-10-04,1227,N,VIIRS,n,2.0NRT,310.46,4.79,D
-17.37447,23.62378,341.33,0.46,0.39,2026-10-04,1227,N,VIIRS,l,2.0NRT,313.76,4.8,D
-17.37286,22.03344,340.59,0.41,0.37,2026-10-04,1227,N,VIIRS,l,2.0NRT,315.43,5.22,D
-17.37161,22.04107,344.21,0.41,0.37,2026-10-04,1227,N,VIIRS,l,2.0NRT,315.71,4.79,D
-17.37099,22.04489,351.52,0.41,0.37,2026-10-04,1227,N,VIIRS,n,2.0NRT,313.55,4.79,D
-17.36696,22.04811,338.68,0.41,0.37,2026-10-04,1227,N,VIIRS,l,2.0NRT,312.46,2.66,D
-17.36694,24.80207,337.21,0.53,0.42,2026-10-04,1227,N,VIIRS,l,2.0NRT,310.35,0.81,D
-17.36355,22.04752,340.36,0.41,0.37,2026-10-04,1227,N,VIIRS,l,2.0NRT,314.73,2.66,D
-17.36015,22.04692,349.13,0.41,0.37,2026-10-04,1227,N,VIIRS,n,2.0NRT,315.78,9.36,D
-17.35975,25.77119,340.97,0.4,0.44,2026-10-04,1227,N,VIIRS,l,2.0NRT,314.38,2.99,D
-17.35844,22.03852,341.05,0.41,0.37,2026-10-04,1227,N,VIIRS,l,2.0NRT,311.59,4.54,D
-17.35799,22.03868,342.24,0.41,0.37,2026-10-04,1227,N,VIIRS,n,2.0NRT,312.07,6.35,D
-17.35782,22.04234,348.96,0.41,0.37,2026-10-04,1227,N,VIIRS,n,2.0NRT,314.66,4.54,D
-17.35737,22.0425,347.65,0.41,0.37,2026-10-04,1227,N,VIIRS,n,2.0NRT,314.48,6.35,D
-17.35721,22.04616,351.92,0.41,0.37,2026-10-04,1227,N,VIIRS,n,2.0NRT,315.79,4.95,D
-17.35674,22.04632,351.92,0.41,0.37,2026-10-04,1227,N,VIIRS,n,2.0NRT,315.77,9.36,D
-17.35674,24.90428,346.72,0.54,0.42,2026-10-04,1227,N,VIIRS,l,2.0NRT,317.48,7.73,D
-17.35567,25.77036,342.68,0.4,0.44,2026-10-04,1227,N,VIIRS,l,2.0NRT,314.63,2.99,D
-17.35441,22.04174,344.74,0.41,0.37,2026-10-04,1227,N,VIIRS,l,2.0NRT,315.23,4.54,D
-17.3538,22.04556,347,0.41,0.37,2026-10-04,1227,N,VIIRS,n,2.0NRT,314.4,4.95,D
-17.34916,22.05261,341.42,0.41,0.37,2026-10-04,1227,N,VIIRS,l,2.0NRT,313.17,9.39,D
-17.34637,22.04819,340.2,0.41,0.37,2026-10-04,1227,N,VIIRS,l,2.0NRT,315.12,6.71,D
-17.34576,22.05201,341.65,0.41,0.37,2026-10-04,1227,N,VIIRS,l,2.0NRT,315.29,9.39,D
-17.34514,22.05584,357.04,0.41,0.37,2026-10-04,1227,N,VIIRS,n,2.0NRT,320.06,9.39,D
-17.34453,22.05966,338.98,0.41,0.37,2026-10-04,1227,N,VIIRS,l,2.0NRT,313.46,3.27,D
-17.34235,22.05141,345.5,0.41,0.37,2026-10-04,1227,N,VIIRS,l,2.0NRT,316.15,5.91,D
-17.34112,22.05906,355.43,0.41,0.37,2026-10-04,1227,N,VIIRS,n,2.0NRT,317.8,12.37,D
-17.33894,22.05081,351.09,0.41,0.37,2026-10-04,1227,N,VIIRS,n,2.0NRT,315.75,5.91,D
-17.33787,25.86921,338.44,0.41,0.45,2026-10-04,1227,N,VIIRS,l,2.0NRT,312.77,5.02,D
-17.33505,24.86872,338.07,0.54,0.42,2026-10-04,1227,N,VIIRS,l,2.0NRT,312.99,6.77,D
-17.33484,24.239,350.57,0.5,0.41,2026-10-04,1227,N,VIIRS,n,2.0NRT,321.65,37.71,D
-17.33402,24.24367,349.86,0.5,0.41,2026-10-04,1227,N,VIIRS,n,2.0NRT,324.74,40.89,D
-17.33165,24.99972,339.79,0.55,0.42,2026-10-04,1227,N,VIIRS,l,2.0NRT,313.41,3.02,D
-17.33111,24.2383,342.11,0.5,0.41,2026-10-04,1227,N,VIIRS,n,2.0NRT,315.23,37.71,D
-17.33028,24.24296,349.38,0.5,0.41,2026-10-04,1227,N,VIIRS,n,2.0NRT,317.6,40.89,D
-17.32196,25.53971,342.97,0.39,0.44,2026-10-04,1227,N,VIIRS,l,2.0NRT,316.15,6.61,D
-17.29154,25.61394,347.72,0.39,0.44,2026-10-04,1227,N,VIIRS,n,2.0NRT,315.56,4.9,D
-17.28813,25.7924,344.16,0.4,0.45,2026-10-04,1227,N,VIIRS,n,2.0NRT,313.93,4.73,D
-17.28792,25.61274,341.93,0.4,0.44,2026-10-04,1227,N,VIIRS,l,2.0NRT,314.67,3.87,D
-17.28742,25.79622,352.04,0.4,0.45,2026-10-04,1227,N,VIIRS,n,2.0NRT,313.67,4.73,D
-17.28404,25.79157,345.7,0.4,0.45,2026-10-04,1227,N,VIIRS,n,2.0NRT,314.61,4.73,D
-17.28263,25.79921,352.42,0.41,0.45,2026-10-04,1227,N,VIIRS,n,2.0NRT,314.9,6.83,D
-17.28245,22.13948,340.52,0.41,0.37,2026-10-04,1227,N,VIIRS,l,2.0NRT,314.74,5.06,D
-17.28155,22.1235,351.79,0.41,0.37,2026-10-04,1227,N,VIIRS,n,2.0NRT,315.21,9.79,D
-17.27995,25.79074,346.19,0.4,0.45,2026-10-04,1227,N,VIIRS,n,2.0NRT,313.9,6.74,D
-17.27904,22.13887,346.6,0.41,0.37,2026-10-04,1227,N,VIIRS,n,2.0NRT,315.57,10.59,D
-17.27841,22.14272,344.31,0.41,0.37,2026-10-04,1227,N,VIIRS,l,2.0NRT,316.18,28.56,D
-17.27499,22.14212,349.19,0.41,0.37,2026-10-04,1227,N,VIIRS,n,2.0NRT,319.01,28.56,D
-17.27436,22.14597,367,0.41,0.37,2026-10-04,1227,N,VIIRS,l,2.0NRT,331.37,28.56,D
-17.27095,22.14536,367,0.41,0.37,2026-10-04,1227,N,VIIRS,l,2.0NRT,330.33,27.56,D
-17.27032,22.14921,347.5,0.41,0.37,2026-10-04,1227,N,VIIRS,n,2.0NRT,318.34,88.2,D
-17.26753,22.14476,350.1,0.41,0.37,2026-10-04,1227,N,VIIRS,n,2.0NRT,319.52,27.56,D
-17.2669,22.14861,367,0.41,0.37,2026-10-04,1227,N,VIIRS,h,2.0NRT,344.12,88.2,D
-17.26586,24.12217,344.07,0.49,0.4,2026-10-04,1227,N,VIIRS,n,2.0NRT,316.1,6.86,D
-17.26348,22.14801,351.44,0.41,0.37,2026-10-04,1227,N,VIIRS,l,2.0NRT,326.52,23.54,D
-17.26285,22.15185,343.57,0.41,0.37,2026-10-04,1227,N,VIIRS,n,2.0NRT,314.87,23.54,D
-17.26078,22.4234,347.45,0.42,0.37,2026-10-04,1227,N,VIIRS,n,2.0NRT,315.47,10,D
-17.26006,22.1474,351.53,0.41,0.37,2026-10-04,1227,N,VIIRS,n,2.0NRT,317.54,23.54,D
-17.2576,23.47791,339.64,0.46,0.39,2026-10-04,1227,N,VIIRS,l,2.0NRT,314.11,4.92,D
-17.254,23.47725,350.18,0.46,0.39,2026-10-04,1227,N,VIIRS,n,2.0NRT,316.07,4.92,D
-17.25389,22.42216,338.67,0.42,0.37,2026-10-04,1227,N,VIIRS,l,2.0NRT,313.24,5.29,D
-17.25324,22.99226,341.14,0.44,0.38,2026-10-04,1227,N,VIIRS,l,2.0NRT,313.54,12.8,D
-17.25224,25.94038,367,0.41,0.45,2026-10-04,1227,N,VIIRS,h,2.0NRT,316.76,11.54,D
-17.24428,23.90719,343.15,0.48,0.4,2026-10-04,1227,N,VIIRS,n,2.0NRT,312.81,4.83,D
-17.24233,22.14825,349.43,0.41,0.37,2026-10-04,1227,N,VIIRS,l,2.0NRT,320.78,14.29,D
-17.24206,26.47872,351.07,0.45,0.47,2026-10-04,1227,N,VIIRS,n,2.0NRT,309.4,9.53,D
-17.24127,26.48286,350.12,0.45,0.47,2026-10-04,1227,N,VIIRS,n,2.0NRT,310.69,9.53,D
-17.24037,26.47842,348.92,0.45,0.47,2026-10-04,1227,N,VIIRS,n,2.0NRT,310.39,19.62,D
-17.23961,26.48258,350.68,0.45,0.47,2026-10-04,1227,N,VIIRS,n,2.0NRT,312.01,19.62,D
-17.23891,22.14765,346.47,0.41,0.37,2026-10-04,1227,N,VIIRS,n,2.0NRT,315.88,14.29,D
-17.23779,26.47786,335.44,0.45,0.47,2026-10-04,1227,N,VIIRS,n,2.0NRT,306.39,9.53,D
-17.23699,26.48202,344.35,0.45,0.47,2026-10-04,1227,N,VIIRS,n,2.0NRT,307.48,9.53,D
-17.20824,22.54799,343.54,0.42,0.38,2026-10-04,1227,N,VIIRS,n,2.0NRT,312.88,6.79,D
-17.20064,24.20714,347.09,0.5,0.41,2026-10-04,1227,N,VIIRS,n,2.0NRT,317.14,13.99,D
-17.1969,24.20645,345.38,0.5,0.41,2026-10-04,1227,N,VIIRS,n,2.0NRT,315.21,13.99,D
-17.19393,24.00094,337.97,0.49,0.4,2026-10-04,1227,N,VIIRS,l,2.0NRT,312.68,3.25,D
-17.18154,22.071,356.08,0.41,0.37,2026-10-04,1227,N,VIIRS,n,2.0NRT,314.84,13,D
-17.16488,22.41115,345.96,0.42,0.38,2026-10-04,1227,N,VIIRS,l,2.0NRT,316.45,22.91,D
-17.16423,22.41507,350.8,0.42,0.38,2026-10-04,1227,N,VIIRS,l,2.0NRT,326.33,22.91,D
-17.15643,24.92397,345.8,0.54,0.42,2026-10-04,1227,N,VIIRS,l,2.0NRT,317.07,6.92,D
-17.15619,22.88222,345.75,0.43,0.38,2026-10-04,1227,N,VIIRS,l,2.0NRT,318.26,27.02,D
-17.15533,22.60811,342.57,0.42,0.38,2026-10-04,1227,N,VIIRS,l,2.0NRT,313.16,4.27,D
-17.15398,22.60874,340.97,0.42,0.38,2026-10-04,1227,N,VIIRS,l,2.0NRT,312.93,6.21,D
-17.15254,24.92323,344.35,0.54,0.42,2026-10-04,1227,N,VIIRS,l,2.0NRT,317.82,10.56,D
-17.1459,22.01343,341.76,0.41,0.37,2026-10-04,1227,N,VIIRS,l,2.0NRT,315.91,4.5,D
-17.14533,22.01351,342.17,0.41,0.37,2026-10-04,1227,N,VIIRS,l,2.0NRT,315.78,3.6,D
-17.134,23.2544,338.27,0.45,0.39,2026-10-04,1227,N,VIIRS,l,2.0NRT,312.34,2.12,D
-17.13329,23.25863,355.59,0.45,0.39,2026-10-04,1227,N,VIIRS,n,2.0NRT,317.57,6.36,D
-17.13259,23.26285,343.49,0.45,0.39,2026-10-04,1227,N,VIIRS,l,2.0NRT,313.96,6.36,D
-17.13043,23.25374,342.73,0.45,0.39,2026-10-04,1227,N,VIIRS,l,2.0NRT,314.32,4.36,D
-17.12863,22.12081,344.36,0.41,0.37,2026-10-04,1227,N,VIIRS,l,2.0NRT,316.25,4.04,D
-17.1283,23.26643,344.72,0.45,0.39,2026-10-04,1227,N,VIIRS,n,2.0NRT,312.83,7.4,D
-17.1277,22.12078,344.31,0.41,0.37,2026-10-04,1227,N,VIIRS,l,2.0NRT,314.86,4.93,D
-17.12258,23.25667,344.15,0.45,0.39,2026-10-04,1227,N,VIIRS,l,2.0NRT,314.43,6.47,D
-17.12116,23.26513,341.53,0.45,0.39,2026-10-04,1227,N,VIIRS,l,2.0NRT,313.94,6.2,D
-17.11741,23.11303,348.97,0.44,0.39,2026-10-04,1227,N,VIIRS,n,2.0NRT,314.51,5.01,D
-17.11671,23.1172,341.45,0.44,0.39,2026-10-04,1227,N,VIIRS,l,2.0NRT,314.86,4.98,D
-17.11386,23.11239,339.45,0.44,0.39,2026-10-04,1227,N,VIIRS,l,2.0NRT,314.35,5.01,D
-17.10439,22.05335,350.55,0.41,0.37,2026-10-04,1227,N,VIIRS,n,2.0NRT,317.77,5.99,D
-17.10439,24.08998,340.77,0.49,0.4,2026-10-04,1227,N,VIIRS,l,2.0NRT,314.12,8.67,D
-17.1036,24.0946,352.51,0.49,0.4,2026-10-04,1227,N,VIIRS,n,2.0NRT,317.77,8.67,D
-17.10281,24.09922,345.6,0.49,0.4,2026-10-04,1227,N,VIIRS,l,2.0NRT,316.35,8.89,D
-17.10224,24.08015,341.54,0.49,0.4,2026-10-04,1227,N,VIIRS,l,2.0NRT,314.15,7.54,D
-17.08341,24.90687,346.72,0.54,0.42,2026-10-04,1227,N,VIIRS,n,2.0NRT,315.4,6.72,D
-17.08335,24.90469,343.56,0.54,0.42,2026-10-04,1227,N,VIIRS,n,2.0NRT,314.95,10.02,D
-17.08317,24.88355,345.49,0.54,0.42,2026-10-04,1227,N,VIIRS,n,2.0NRT,318.06,26.82,D
-17.08309,24.88568,343.18,0.54,0.42,2026-10-04,1227,N,VIIRS,l,2.0NRT,317,32.27,D
-17.06899,24.78334,349.05,0.54,0.42,2026-10-04,1227,N,VIIRS,n,2.0NRT,313.58,8.51,D
-17.05836,29.26646,367,0.34,0.56,2026-10-04,1227,N,VIIRS,h,2.0NRT,301.6,6.43,D
-17.05771,29.26965,340.53,0.34,0.56,2026-10-04,1227,N,VIIRS,n,2.0NRT,298.6,6.43,D
-17.05499,24.81725,348.01,0.54,0.42,2026-10-04,1227,N,VIIRS,n,2.0NRT,315.73,17.14,D
-17.05323,29.26531,367,0.34,0.56,2026-10-04,1227,N,VIIRS,h,2.0NRT,303.97,6.43,D
-17.05259,29.26848,351.57,0.34,0.56,2026-10-04,1227,N,VIIRS,n,2.0NRT,303.23,6.43,D
-17.04754,29.21452,340.61,0.34,0.56,2026-10-04,1227,N,VIIRS,n,2.0NRT,303.09,2.5,D
-17.04668,26.11269,341.83,0.43,0.46,2026-10-04,1227,N,VIIRS,l,2.0NRT,314.75,5.72,D
-17.04413,22.46676,349.28,0.42,0.38,2026-10-04,1227,N,VIIRS,n,2.0NRT,315.85,4.77,D
-17.04295,23.35606,351.94,0.46,0.39,2026-10-04,1227,N,VIIRS,n,2.0NRT,313.3,9.77,D
-17.04066,22.46615,344.91,0.42,0.38,2026-10-04,1227,N,VIIRS,n,2.0NRT,316.2,4.77,D
-17.03928,23.37743,352.9,0.46,0.39,2026-10-04,1227,N,VIIRS,n,2.0NRT,318.04,31.15,D
-17.03557,23.2597,349.5,0.45,0.39,2026-10-04,1227,N,VIIRS,n,2.0NRT,315.95,4.99,D
-17.03199,23.25906,342.06,0.45,0.39,2026-10-04,1227,N,VIIRS,l,2.0NRT,315.88,4.99,D
-17.03142,23.37311,341.9,0.46,0.39,2026-10-04,1227,N,VIIRS,l,2.0NRT,316.31,7.94,D
-17.03034,23.82335,342.15,0.48,0.4,2026-10-04,1227,N,VIIRS,l,2.0NRT,313.99,5.42,D
-17.0285,23.37547,340.61,0.46,0.39,2026-10-04,1227,N,VIIRS,l,2.0NRT,314.77,6.94,D
-17.02533,23.12344,340.28,0.45,0.39,2026-10-04,1227,N,VIIRS,l,2.0NRT,314.34,4.28,D
-17.02423,23.37179,343.01,0.46,0.39,2026-10-04,1227,N,VIIRS,l,2.0NRT,315.15,7.08,D
-17.02351,23.37608,349.64,0.46,0.39,2026-10-04,1227,N,VIIRS,n,2.0NRT,316,7.08,D
-17.02135,23.36685,345.33,0.46,0.39,2026-10-04,1227,N,VIIRS,n,2.0NRT,313.28,9.73,D
-17.0188,26.02892,345.52,0.42,0.45,2026-10-04,1227,N,VIIRS,n,2.0NRT,313.54,4.41,D
-17.01559,23.33496,351.27,0.45,0.39,2026-10-04,1227,N,VIIRS,n,2.0NRT,312.49,9,D
-17.01391,23.94167,348.24,0.49,0.4,2026-10-04,1227,N,VIIRS,n,2.0NRT,315.26,5.66,D
-17.01275,25.7264,367,0.41,0.45,2026-10-04,1227,N,VIIRS,h,2.0NRT,315.83,12.28,D
-17.01207,25.73018,344.56,0.41,0.45,2026-10-04,1227,N,VIIRS,n,2.0NRT,315.2,11.72,D
-17.01021,23.941,341.12,0.49,0.4,2026-10-04,1227,N,VIIRS,l,2.0NRT,313.57,5.66,D
-17.00866,25.72561,344.55,0.41,0.45,2026-10-04,1227,N,VIIRS,n,2.0NRT,315.57,5.81,D
-17.00797,25.72939,350.17,0.41,0.45,2026-10-04,1227,N,VIIRS,n,2.0NRT,317.85,6.57,D
-17.00795,24.42247,341.79,0.51,0.41,2026-10-04,1227,N,VIIRS,l,2.0NRT,314.27,4.73,D
-17.00387,25.7286,341.9,0.41,0.45,2026-10-04,1227,N,VIIRS,l,2.0NRT,315.45,6.57,D
-16.96946,26.0356,343.22,0.42,0.45,2026-10-04,1227,N,VIIRS,l,2.0NRT,314.19,6,D
-16.95877,23.76124,347.28,0.48,0.4,2026-10-04,1227,N,VIIRS,n,2.0NRT,314.61,6.14,D
-16.95814,22.35052,340.74,0.42,0.38,2026-10-04,1227,N,VIIRS,l,2.0NRT,315.44,4.2,D
-16.95734,23.76369,354.34,0.48,0.4,2026-10-04,1227,N,VIIRS,n,2.0NRT,317.26,16.12,D
-16.95511,23.76056,336.58,0.48,0.4,2026-10-04,1227,N,VIIRS,l,2.0NRT,310.97,6.14,D
-16.95469,22.3499,340.76,0.42,0.38,2026-10-04,1227,N,VIIRS,l,2.0NRT,315.19,3.63,D
-16.95458,23.71906,339.44,0.47,0.4,2026-10-04,1227,N,VIIRS,l,2.0NRT,313.4,6.57,D
-16.95435,23.76503,338.25,0.48,0.4,2026-10-04,1227,N,VIIRS,l,2.0NRT,311.3,10.43,D
-16.9542,24.65993,338.5,0.53,0.42,2026-10-04,1227,N,VIIRS,l,2.0NRT,313.26,2.33,D
-16.95332,24.6649,341.26,0.53,0.42,2026-10-04,1227,N,VIIRS,l,2.0NRT,315.55,5.7,D
-16.95088,24.39842,337.71,0.51,0.41,2026-10-04,1227,N,VIIRS,l,2.0NRT,310.89,5.72,D
-16.94769,29.14548,334.4,0.33,0.56,2026-10-04,1227,N,VIIRS,n,2.0NRT,302.78,3.2,D
-16.94749,29.11185,355.28,0.33,0.55,2026-10-04,1227,N,VIIRS,n,2.0NRT,295.4,12.81,D
-16.94729,22.66266,344.04,0.43,0.38,2026-10-04,1227,N,VIIRS,n,2.0NRT,314.28,7.43,D
-16.94709,24.3977,351.19,0.51,0.41,2026-10-04,1227,N,VIIRS,n,2.0NRT,316.05,5.72,D
-16.94699,29.04514,367,0.33,0.55,2026-10-04,1227,N,VIIRS,h,2.0NRT,304.2,4.94,D
-16.94687,29.11497,338.47,0.33,0.55,2026-10-04,1227,N,VIIRS,n,2.0NRT,293.97,10.4,D
-16.9451,29.04342,367,0.33,0.55,2026-10-04,1227,N,VIIRS,h,2.0NRT,305.03,6.53,D
-16.9445,29.10902,335.65,0.33,0.55,2026-10-04,1227,N,VIIRS,n,2.0NRT,294.38,11.61,D
-16.94448,29.04658,337.47,0.33,0.55,2026-10-04,1227,N,VIIRS,n,2.0NRT,301.65,6.53,D
-16.94387,29.1121,367,0.33,0.55,2026-10-04,1227,N,VIIRS,h,2.0NRT,301.72,11.61,D
-16.9438,22.66204,347.32,0.43,0.38,2026-10-04,1227,N,VIIRS,n,2.0NRT,315.05,7.43,D
-16.94324,29.1152,367,0.33,0.55,2026-10-04,1227,N,VIIRS,h,2.0NRT,296.82,20.5,D
-16.94241,29.1107,367,0.33,0.55,2026-10-04,1227,N,VIIRS,h,2.0NRT,302.16,12.81,D
-16.94179,29.11378,367,0.33,0.55,2026-10-04,1227,N,VIIRS,h,2.0NRT,300.46,10.4,D
-16.9413,29.03591,335.74,0.33,0.55,2026-10-04,1227,N,VIIRS,n,2.0NRT,302.01,2.41,D
-16.94118,29.11689,336.89,0.33,0.55,2026-10-04,1227,N,VIIRS,n,2.0NRT,292.06,10.4,D
-16.94068,29.03903,334.92,0.33,0.55,2026-10-04,1227,N,VIIRS,n,2.0NRT,302.49,2.41,D
-16.93942,29.04536,331.62,0.33,0.55,2026-10-04,1227,N,VIIRS,n,2.0NRT,305.74,6.08,D
-16.93881,29.04845,367,0.33,0.55,2026-10-04,1227,N,VIIRS,h,2.0NRT,309.2,10.27,D
-16.93879,29.11096,353.61,0.33,0.55,2026-10-04,1227,N,VIIRS,n,2.0NRT,299.95,10.84,D
-16.93816,29.11402,367,0.33,0.55,2026-10-04,1227,N,VIIRS,h,2.0NRT,301.51,14.55,D
-16.93749,25.92747,338.11,0.42,0.45,2026-10-04,1227,N,VIIRS,l,2.0NRT,312.57,3.22,D
-16.93671,29.11264,367,0.33,0.55,2026-10-04,1227,N,VIIRS,h,2.0NRT,301.35,4.8,D
-16.9361,29.11573,346.3,0.33,0.55,2026-10-04,1227,N,VIIRS,n,2.0NRT,299.44,4.8,D
-16.93276,23.91483,340.79,0.49,0.4,2026-10-04,1227,N,VIIRS,l,2.0NRT,314.9,4.09,D
-16.93155,21.99926,350.16,0.41,0.37,2026-10-04,1227,N,VIIRS,n,2.0NRT,319.89,13.43,D
-16.93099,29.11468,342.81,0.33,0.55,2026-10-04,1227,N,VIIRS,n,2.0NRT,303.42,4.8,D
-16.93093,21.99937,350.73,0.41,0.37,2026-10-04,1227,N,VIIRS,n,2.0NRT,319.49,8.67,D
-16.93005,25.60838,352.25,0.4,0.44,2026-10-04,1227,N,VIIRS,n,2.0NRT,316.09,8.25,D
-16.92753,22.00249,345.52,0.41,0.37,2026-10-04,1227,N,VIIRS,l,2.0NRT,317.48,24.73,D
-16.92589,29.1136,367,0.33,0.55,2026-10-04,1227,N,VIIRS,h,2.0NRT,301.64,7.75,D
-16.92526,29.11673,355.86,0.33,0.55,2026-10-04,1227,N,VIIRS,n,2.0NRT,303.31,9.83,D
-16.92343,24.65408,343.89,0.53,0.42,2026-10-04,1227,N,VIIRS,n,2.0NRT,313.08,5.01,D
-16.923,29.04811,331.8,0.33,0.55,2026-10-04,1227,N,VIIRS,l,2.0NRT,306.38,3.52,D
-16.9224,29.05114,351.16,0.33,0.55,2026-10-04,1227,N,VIIRS,n,2.0NRT,305.94,4.53,D
-16.92223,24.65576,340.1,0.53,0.42,2026-10-04,1227,N,VIIRS,l,2.0NRT,312.89,6.68,D
-16.92193,21.99364,340.05,0.41,0.37,2026-10-04,1227,N,VIIRS,l,2.0NRT,314.95,8.42,D
-16.9218,29.05416,344.48,0.33,0.55,2026-10-04,1227,N,VIIRS,n,2.0NRT,304.23,4.53,D
-16.92005,29.0099,353.79,0.33,0.55,2026-10-04,1227,N,VIIRS,n,2.0NRT,305.45,6.52,D
-16.9192,22.6539,342.83,0.43,0.38,2026-10-04,1227,N,VIIRS,l,2.0NRT,316.73,12.06,D
-16.91868,24.65832,351.95,0.53,0.42,2026-10-04,1227,N,VIIRS,n,2.0NRT,315.02,8.54,D
-16.91838,24.65502,343.77,0.53,0.42,2026-10-04,1227,N,VIIRS,l,2.0NRT,315.08,6.68,D
-16.91792,29.04703,339.18,0.33,0.55,2026-10-04,1227,N,VIIRS,n,2.0NRT,303.83,1.48,D
-16.91752,24.66,344.88,0.53,0.42,2026-10-04,1227,N,VIIRS,n,2.0NRT,313.5,4.97,D
-16.89711,24.59469,353.74,0.53,0.42,2026-10-04,1227,N,VIIRS,n,2.0NRT,316.04,10.88,D
-16.89674,25.62917,338.06,0.4,0.44,2026-10-04,1227,N,VIIRS,l,2.0NRT,312.74,2.82,D
-16.89338,29.82685,349.54,0.37,0.58,2026-10-04,1227,N,VIIRS,n,2.0NRT,291.43,6.96,D
-16.89328,24.59397,349.03,0.53,0.42,2026-10-04,1227,N,VIIRS,n,2.0NRT,317.07,8.76,D
-16.89291,23.90258,339.12,0.48,0.4,2026-10-04,1227,N,VIIRS,l,2.0NRT,313.5,4.07,D
-16.89044,29.82856,351.21,0.37,0.58,2026-10-04,1227,N,VIIRS,n,2.0NRT,296.55,5.8,D
-16.89026,23.69808,344.55,0.47,0.4,2026-10-04,1227,N,VIIRS,n,2.0NRT,313.14,6.32,D
-16.88856,25.62765,344.94,0.4,0.44,2026-10-04,1227,N,VIIRS,n,2.0NRT,313.24,5.04,D
-16.87847,24.79268,340.79,0.54,0.42,2026-10-04,1227,N,VIIRS,l,2.0NRT,312.96,3.72,D
-16.87748,26.87607,367,0.48,0.48,2026-10-04,1227,N,VIIRS,h,2.0NRT,307.66,9.21,D
-16.87663,26.88056,346.56,0.48,0.48,2026-10-04,1227,N,VIIRS,n,2.0NRT,305.4,9.21,D
-16.87393,26.87064,341.6,0.48,0.48,2026-10-04,1227,N,VIIRS,n,2.0NRT,303.73,6.29,D
-16.87348,25.85004,346.79,0.41,0.45,2026-10-04,1227,N,VIIRS,n,2.0NRT,315.51,4.85,D
-16.87308,26.87513,345.26,0.48,0.48,2026-10-04,1227,N,VIIRS,n,2.0NRT,305.18,9.21,D
-16.86999,23.96903,342.24,0.49,0.4,2026-10-04,1227,N,VIIRS,l,2.0NRT,315.4,2.83,D
-16.86983,25.89356,347.11,0.42,0.45,2026-10-04,1227,N,VIIRS,n,2.0NRT,317.05,6.79,D
-16.86978,26.13245,337.59,0.43,0.46,2026-10-04,1227,N,VIIRS,l,2.0NRT,312.07,5.38,D
-16.86627,23.9684,338.07,0.49,0.4,2026-10-04,1227,N,VIIRS,l,2.0NRT,310.75,2.83,D
-16.86337,26.14371,339.23,0.43,0.46,2026-10-04,1227,N,VIIRS,l,2.0NRT,313.16,3.28,D
-16.86244,26.14363,338.92,0.43,0.46,2026-10-04,1227,N,VIIRS,l,2.0NRT,313.71,4.27,D
-16.85202,29.85279,339.71,0.37,0.58,2026-10-04,1227,N,VIIRS,n,2.0NRT,294.93,4.55,D
-16.8515,29.24469,351.87,0.34,0.56,2026-10-04,1227,N,VIIRS,n,2.0NRT,299.7,4.12,D
-16.85038,29.04036,339.56,0.33,0.55,2026-10-04,1227,N,VIIRS,n,2.0NRT,306.97,3.55,D
-16.84768,29.04111,348.67,0.33,0.55,2026-10-04,1227,N,VIIRS,n,2.0NRT,306.75,5.85,D
-16.84532,29.03919,335.42,0.33,0.55,2026-10-04,1227,N,VIIRS,l,2.0NRT,306.66,1.22,D
-16.84505,26.4713,353.96,0.45,0.47,2026-10-04,1227,N,VIIRS,n,2.0NRT,315.73,13.69,D
-16.84418,29.09671,336.35,0.33,0.55,2026-10-04,1227,N,VIIRS,n,2.0NRT,305.75,4.59,D
-16.84353,29.09987,346.96,0.33,0.55,2026-10-04,1227,N,VIIRS,n,2.0NRT,308.1,5.93,D
-16.84183,29.09775,354.87,0.33,0.56,2026-10-04,1227,N,VIIRS,n,2.0NRT,309.14,3.21,D
-16.8412,29.10092,336.62,0.33,0.56,2026-10-04,1227,N,VIIRS,l,2.0NRT,307.58,3.21,D
-16.84074,26.47047,337.88,0.45,0.47,2026-10-04,1227,N,VIIRS,l,2.0NRT,311.43,13.69,D
-16.83841,29.0989,355.47,0.33,0.55,2026-10-04,1227,N,VIIRS,n,2.0NRT,308.42,5.93,D
-16.83608,29.09994,338.62,0.33,0.56,2026-10-04,1227,N,VIIRS,n,2.0NRT,307.2,3.21,D
-16.82099,26.3528,341.82,0.45,0.47,2026-10-04,1227,N,VIIRS,n,2.0NRT,306.39,3.89,D
-16.82023,26.35697,339.38,0.45,0.47,2026-10-04,1227,N,VIIRS,n,2.0NRT,306.1,3.89,D
-16.81886,25.84385,347.46,0.41,0.45,2026-10-04,1227,N,VIIRS,n,2.0NRT,315.87,6.78,D
-16.81857,26.3522,342.06,0.45,0.47,2026-10-04,1227,N,VIIRS,n,2.0NRT,306.25,6.53,D
-16.81796,26.03485,345.93,0.43,0.46,2026-10-04,1227,N,VIIRS,l,2.0NRT,316.8,7.78,D
-16.81777,26.35637,345.46,0.45,0.47,2026-10-04,1227,N,VIIRS,n,2.0NRT,307.76,6.53,D
-16.81672,26.35193,335.16,0.45,0.47,2026-10-04,1227,N,VIIRS,l,2.0NRT,306.89,3.89,D
-16.81636,26.2573,340.5,0.44,0.46,2026-10-04,1227,N,VIIRS,l,2.0NRT,315.11,4.95,D
-16.81595,26.3561,333.67,0.45,0.47,2026-10-04,1227,N,VIIRS,l,2.0NRT,307.21,3.89,D
-16.81058,25.83397,340.23,0.41,0.45,2026-10-04,1227,N,VIIRS,l,2.0NRT,312.14,3.21,D
-16.81054,25.85812,340.69,0.42,0.45,2026-10-04,1227,N,VIIRS,l,2.0NRT,313,4.17,D
-16.80988,25.83785,338.92,0.42,0.45,2026-10-04,1227,N,VIIRS,l,2.0NRT,312.63,3.21,D
-16.8084,25.85392,341.56,0.42,0.45,2026-10-04,1227,N,VIIRS,l,2.0NRT,313.47,2.89,D
-16.80709,25.85342,341.31,0.42,0.45,2026-10-04,1227,N,VIIRS,l,2.0NRT,312.14,4.15,D
-16.807,29.13914,367,0.34,0.56,2026-10-04,1227,N,VIIRS,h,2.0NRT,293.8,6.57,D
-16.8018,29.13843,367,0.34,0.56,2026-10-04,1227,N,VIIRS,h,2.0NRT,303.78,5.4,D
-16.80037,29.11885,350.28,0.33,0.56,2026-10-04,1227,N,VIIRS,n,2.0NRT,306.21,4.83,D
-16.79974,29.12202,351.34,0.33,0.56,2026-10-04,1227,N,VIIRS,n,2.0NRT,306.31,6.72,D
-16.79132,22.23261,343.44,0.42,0.37,2026-10-04,1227,N,VIIRS,l,2.0NRT,314.13,7.35,D
-16.79117,26.22683,347.29,0.44,0.46,2026-10-04,1227,N,VIIRS,l,2.0NRT,317.84,32.79,D
-16.78773,26.10388,345.03,0.43,0.46,2026-10-04,1227,N,VIIRS,n,2.0NRT,313.46,4.97,D
-16.77087,23.52366,337.15,0.47,0.39,2026-10-04,1227,N,VIIRS,l,2.0NRT,311.94,3.03,D
-16.76995,27.56323,335.31,0.53,0.5,2026-10-04,1227,N,VIIRS,n,2.0NRT,303.27,3.27,D
-16.76429,23.54053,342.12,0.47,0.4,2026-10-04,1227,N,VIIRS,l,2.0NRT,315.99,6.07,D
-16.76382,26.61585,341.6,0.46,0.47,2026-10-04,1227,N,VIIRS,n,2.0NRT,306.97,4.62,D
-16.76302,26.62018,343.87,0.46,0.47,2026-10-04,1227,N,VIIRS,n,2.0NRT,309.49,4.62,D
-16.75897,29.29879,342.22,0.34,0.56,2026-10-04,1227,N,VIIRS,n,2.0NRT,299.1,7.19,D
-16.75866,26.61933,335.54,0.46,0.47,2026-10-04,1227,N,VIIRS,l,2.0NRT,307.81,4.62,D
-16.75776,26.5027,343.47,0.46,0.47,2026-10-04,1227,N,VIIRS,n,2.0NRT,310.8,13.71,D
-16.75696,26.507,352.17,0.46,0.47,2026-10-04,1227,N,VIIRS,n,2.0NRT,315.59,39.38,D
-16.75616,26.51132,345.56,0.46,0.47,2026-10-04,1227,N,VIIRS,n,2.0NRT,314.49,39.38,D
-16.75264,26.50612,320.06,0.46,0.47,2026-10-04,1227,N,VIIRS,l,2.0NRT,323.18,39.38,D
-16.75184,26.51044,346.56,0.46,0.47,2026-10-04,1227,N,VIIRS,n,2.0NRT,313.72,39.38,D
-16.73661,25.93331,346.07,0.42,0.45,2026-10-04,1227,N,VIIRS,n,2.0NRT,313.69,7.42,D
-16.73281,29.64731,347.62,0.36,0.58,2026-10-04,1227,N,VIIRS,n,2.0NRT,299.11,5.86,D
-16.73066,29.64798,347.27,0.36,0.58,2026-10-04,1227,N,VIIRS,n,2.0NRT,298.55,5.13,D
-16.73001,22.13867,343.55,0.41,0.37,2026-10-04,1227,N,VIIRS,l,2.0NRT,315.59,5.47,D
-16.72659,29.93803,347.32,0.38,0.59,2026-10-04,1227,N,VIIRS,n,2.0NRT,299.19,3.86,D
-16.71903,27.26077,337.7,0.51,0.49,2026-10-04,1227,N,VIIRS,n,2.0NRT,305.37,3.99,D
-16.71766,27.68389,342.89,0.54,0.51,2026-10-04,1227,N,VIIRS,n,2.0NRT,306.45,6.77,D
-16.70083,23.67022,341.66,0.48,0.4,2026-10-04,1227,N,VIIRS,l,2.0NRT,314.74,6.26,D
-16.69578,26.10753,342.15,0.43,0.46,2026-10-04,1227,N,VIIRS,l,2.0NRT,315.5,6.02,D
-16.69157,29.75564,343.81,0.37,0.58,2026-10-04,1227,N,VIIRS,n,2.0NRT,297.96,2.53,D
-16.69155,26.10674,345.44,0.43,0.46,2026-10-04,1227,N,VIIRS,n,2.0NRT,315.98,6.02,D
-16.6908,26.11079,346.24,0.43,0.46,2026-10-04,1227,N,VIIRS,n,2.0NRT,312.77,6.02,D
-16.68922,29.75397,339.64,0.37,0.58,2026-10-04,1227,N,VIIRS,n,2.0NRT,298.6,3.7,D
-16.6871,29.70945,367,0.37,0.58,2026-10-04,1227,N,VIIRS,h,2.0NRT,301.2,9.04,D
-16.68641,29.71288,344.78,0.37,0.58,2026-10-04,1227,N,VIIRS,n,2.0NRT,300.57,8.47,D
-16.6679,22.90775,348.66,0.44,0.38,2026-10-04,1227,N,VIIRS,l,2.0NRT,320.03,9.08,D
-16.66437,22.90711,344.45,0.44,0.38,2026-10-04,1227,N,VIIRS,l,2.0NRT,315.95,9.08,D
-16.66188,24.81478,340.28,0.55,0.42,2026-10-04,1227,N,VIIRS,n,2.0NRT,313.21,4.57,D
-16.66167,24.81248,339.65,0.55,0.42,2026-10-04,1227,N,VIIRS,n,2.0NRT,312.44,3.39,D
-16.65909,22.54677,348.02,0.43,0.38,2026-10-04,1227,N,VIIRS,n,2.0NRT,317.6,5.82,D
-16.65156,29.72028,338.93,0.37,0.58,2026-10-04,1227,N,VIIRS,n,2.0NRT,298.55,4.81,D
-16.64989,27.62282,337.6,0.54,0.51,2026-10-04,1227,N,VIIRS,n,2.0NRT,306.13,4.31,D
-16.64771,24.37595,343.97,0.52,0.41,2026-10-04,1227,N,VIIRS,n,2.0NRT,313.45,4.7,D
-16.64755,24.64508,342.45,0.53,0.42,2026-10-04,1227,N,VIIRS,n,2.0NRT,314.31,5.65,D
-16.64667,24.65008,339.41,0.53,0.42,2026-10-04,1227,N,VIIRS,l,2.0NRT,313.93,5.65,D
-16.6374,27.89238,348.96,0.56,0.52,2026-10-04,1227,N,VIIRS,n,2.0NRT,309.38,4.85,D
-16.6373,27.3972,338.22,0.52,0.5,2026-10-04,1227,N,VIIRS,n,2.0NRT,305.86,4.95,D
-16.63705,27.89502,342.9,0.56,0.52,2026-10-04,1227,N,VIIRS,n,2.0NRT,309.31,6.88,D
-16.63525,27.40035,336.09,0.52,0.5,2026-10-04,1227,N,VIIRS,l,2.0NRT,307.26,4.16,D
-16.63326,27.6087,349.1,0.54,0.51,2026-10-04,1227,N,VIIRS,n,2.0NRT,309.18,8.09,D
-16.62504,23.18863,348.58,0.45,0.39,2026-10-04,1227,N,VIIRS,n,2.0NRT,318.05,7.48,D
-16.62326,23.18691,344.7,0.45,0.39,2026-10-04,1227,N,VIIRS,l,2.0NRT,318.88,7.49,D
-16.61797,29.58784,339.82,0.36,0.57,2026-10-04,1227,N,VIIRS,n,2.0NRT,301.15,1.9,D
-16.6156,26.60984,343.11,0.47,0.47,2026-10-04,1227,N,VIIRS,n,2.0NRT,311.49,6.89,D
-16.61479,26.61419,347.93,0.47,0.47,2026-10-04,1227,N,VIIRS,n,2.0NRT,313.22,10.09,D
-16.61469,29.58829,335.72,0.36,0.58,2026-10-04,1227,N,VIIRS,n,2.0NRT,301.56,3.98,D
-16.61394,24.72184,343.72,0.54,0.42,2026-10-04,1227,N,VIIRS,l,2.0NRT,314.4,7.16,D
-16.61293,26.40877,343.42,0.45,0.47,2026-10-04,1227,N,VIIRS,n,2.0NRT,311.53,6.27,D
-16.60874,29.59045,342.97,0.36,0.58,2026-10-04,1227,N,VIIRS,n,2.0NRT,302.55,3.98,D
-16.60738,29.5972,367,0.36,0.58,2026-10-04,1227,N,VIIRS,h,2.0NRT,303.36,13.38,D
-16.60668,29.6007,367,0.36,0.58,2026-10-04,1227,N,VIIRS,h,2.0NRT,303.16,14.85,D
-16.60592,24.08522,344.39,0.5,0.41,2026-10-04,1227,N,VIIRS,l,2.0NRT,314.41,8.29,D
-16.60385,24.36487,348.96,0.52,0.41,2026-10-04,1227,N,VIIRS,n,2.0NRT,312.19,9.05,D
-16.60323,26.28525,342.03,0.45,0.47,2026-10-04,1227,N,VIIRS,l,2.0NRT,313.21,6.64,D
-16.59919,24.36901,344.7,0.52,0.41,2026-10-04,1227,N,VIIRS,n,2.0NRT,313.34,3.41,D
-16.59845,27.47676,338.02,0.53,0.5,2026-10-04,1227,N,VIIRS,l,2.0NRT,308.25,3.49,D
-16.59247,25.41884,345.05,0.39,0.44,2026-10-04,1227,N,VIIRS,n,2.0NRT,313.72,4.69,D
-16.5918,25.42253,344.15,0.39,0.44,2026-10-04,1227,N,VIIRS,n,2.0NRT,316.31,5.48,D
-16.58911,29.77081,331.57,0.37,0.58,2026-10-04,1227,N,VIIRS,n,2.0NRT,296.71,1.55,D
-16.58909,25.41439,340.32,0.39,0.44,2026-10-04,1227,N,VIIRS,n,2.0NRT,311.93,18.66,D
-16.58842,25.41808,367,0.39,0.44,2026-10-04,1227,N,VIIRS,h,2.0NRT,318.91,18.66,D
-16.58464,27.12701,339.36,0.5,0.49,2026-10-04,1227,N,VIIRS,n,2.0NRT,306.2,10.18,D
-16.5841,26.26886,341.75,0.44,0.46,2026-10-04,1227,N,VIIRS,l,2.0NRT,314.39,4.54,D
-16.58394,22.07326,339.37,0.41,0.37,2026-10-04,1227,N,VIIRS,l,2.0NRT,313.07,3.08,D
-16.58102,27.12147,341.65,0.5,0.49,2026-10-04,1227,N,VIIRS,n,2.0NRT,304.06,5.61,D
-16.5799,27.12262,337.12,0.5,0.49,2026-10-04,1227,N,VIIRS,n,2.0NRT,303.47,2.66,D
-16.56702,23.16068,342.14,0.45,0.39,2026-10-04,1227,N,VIIRS,l,2.0NRT,317.01,7.21,D
-16.56344,23.16003,351,0.45,0.39,2026-10-04,1227,N,VIIRS,n,2.0NRT,317,7.21,D
-16.54578,26.7386,352.16,0.48,0.48,2026-10-04,1227,N,VIIRS,n,2.0NRT,311.85,5.88,D
-16.54522,24.31876,344.75,0.51,0.41,2026-10-04,1227,N,VIIRS,n,2.0NRT,313.53,9.42,D
-16.54511,22.75504,340.6,0.44,0.38,2026-10-04,1227,N,VIIRS,l,2.0NRT,315.5,6.47,D
-16.54498,25.31403,355.29,0.39,0.44,2026-10-04,1227,N,VIIRS,n,2.0NRT,317.18,18.51,D
-16.54347,24.31504,347.79,0.51,0.41,2026-10-04,1227,N,VIIRS,n,2.0NRT,314.11,5.8,D
-16.54267,26.73855,355.76,0.48,0.48,2026-10-04,1227,N,VIIRS,n,2.0NRT,313.97,18.17,D
-16.54264,24.31987,352.37,0.52,0.41,2026-10-04,1227,N,VIIRS,n,2.0NRT,315.76,5.8,D
-16.5423,24.34478,343.85,0.52,0.41,2026-10-04,1227,N,VIIRS,l,2.0NRT,315.3,8.13,D
-16.54227,22.75033,343.51,0.44,0.38,2026-10-04,1227,N,VIIRS,n,2.0NRT,317.41,5.45,D
-16.54138,26.73774,350.16,0.48,0.48,2026-10-04,1227,N,VIIRS,n,2.0NRT,313.35,16.58,D
-16.54082,25.45439,338.91,0.4,0.44,2026-10-04,1227,N,VIIRS,l,2.0NRT,313.9,3.76,D
-16.53124,23.61426,340.42,0.47,0.4,2026-10-04,1227,N,VIIRS,l,2.0NRT,313.74,4.29,D
-16.5282,22.74782,340.6,0.44,0.38,2026-10-04,1227,N,VIIRS,l,2.0NRT,315.26,7.33,D
-16.51812,23.60272,343.91,0.47,0.4,2026-10-04,1227,N,VIIRS,l,2.0NRT,314.12,4.6,D
-16.51454,24.50646,337.49,0.53,0.42,2026-10-04,1227,N,VIIRS,l,2.0NRT,312.34,5.46,D
-16.49679,23.7278,339.82,0.48,0.4,2026-10-04,1227,N,VIIRS,n,2.0NRT,313.15,2.48,D
-16.49612,28.72754,331.4,0.32,0.55,2026-10-04,1227,N,VIIRS,l,2.0NRT,304.6,0.62,D
-16.47113,25.46762,341.73,0.4,0.44,2026-10-04,1227,N,VIIRS,l,2.0NRT,311.85,2.88,D
-16.46519,27.84117,340.42,0.56,0.52,2026-10-04,1227,N,VIIRS,n,2.0NRT,306.81,3.81,D
-16.45975,23.22063,344.88,0.46,0.39,2026-10-04,1227,N,VIIRS,l,2.0NRT,317.09,6.51,D
-16.4581,26.63029,344.77,0.47,0.48,2026-10-04,1227,N,VIIRS,n,2.0NRT,313.19,8.36,D
-16.45616,23.21998,346.04,0.46,0.39,2026-10-04,1227,N,VIIRS,l,2.0NRT,318.05,11.88,D
-16.44853,24.29731,339.87,0.51,0.41,2026-10-04,1227,N,VIIRS,l,2.0NRT,312.98,4.48,D
-16.44732,25.06815,337.29,0.57,0.43,2026-10-04,1227,N,VIIRS,l,2.0NRT,311.51,7.33,D
-16.44637,25.07347,348.5,0.57,0.43,2026-10-04,1227,N,VIIRS,n,2.0NRT,314.78,7.33,D
-16.44024,27.73839,331.64,0.55,0.51,2026-10-04,1227,N,VIIRS,l,2.0NRT,305.85,3.97,D
-16.42969,22.62227,348.58,0.43,0.38,2026-10-04,1227,N,VIIRS,l,2.0NRT,323.53,47.75,D
-16.42587,22.29375,346.62,0.42,0.38,2026-10-04,1227,N,VIIRS,l,2.0NRT,318.01,5.97,D
-16.42428,24.2855,341.31,0.51,0.41,2026-10-04,1227,N,VIIRS,l,2.0NRT,314.37,4.69,D
-16.42279,26.67607,346.44,0.47,0.48,2026-10-04,1227,N,VIIRS,n,2.0NRT,312.09,6.52,D
-16.42113,22.30101,349.27,0.42,0.38,2026-10-04,1227,N,VIIRS,l,2.0NRT,322.12,14.59,D
-16.41767,22.3004,346.96,0.42,0.38,2026-10-04,1227,N,VIIRS,l,2.0NRT,318.59,14.59,D
-16.41603,24.84203,340.91,0.55,0.43,2026-10-04,1227,N,VIIRS,n,2.0NRT,308.17,8.75,D
-16.41421,22.29979,348.7,0.42,0.38,2026-10-04,1227,N,VIIRS,l,2.0NRT,319.18,8.33,D
-16.41421,24.85235,337.91,0.55,0.43,2026-10-04,1227,N,VIIRS,l,2.0NRT,309.06,8.84,D
-16.41296,26.38926,341.93,0.46,0.47,2026-10-04,1227,N,VIIRS,l,2.0NRT,313.27,3.77,D
-16.40918,24.76636,343.1,0.55,0.42,2026-10-04,1227,N,VIIRS,n,2.0NRT,311.33,6.01,D
-16.40745,25.12365,341.07,0.57,0.43,2026-10-04,1227,N,VIIRS,l,2.0NRT,314.2,7.65,D
-16.40538,23.34368,338.62,0.46,0.39,2026-10-04,1227,N,VIIRS,l,2.0NRT,313.34,7.15,D
-16.40489,25.1206,348.95,0.57,0.43,2026-10-04,1227,N,VIIRS,n,2.0NRT,317.43,18.04,D
-16.40438,25.11761,338.3,0.57,0.43,2026-10-04,1227,N,VIIRS,l,2.0NRT,313.09,7.65,D
-16.40345,25.12294,346.06,0.57,0.43,2026-10-04,1227,N,VIIRS,n,2.0NRT,315.58,7.65,D
-16.39928,24.75394,343.47,0.55,0.42,2026-10-04,1227,N,VIIRS,n,2.0NRT,313.24,8.02,D
-16.38565,22.2786,348.26,0.42,0.38,2026-10-04,1227,N,VIIRS,l,2.0NRT,320.91,7.22,D
-16.37715,22.13647,352.09,0.42,0.37,2026-10-04,1227,N,VIIRS,n,2.0NRT,325.53,39.91,D
-16.37656,22.20448,341.63,0.42,0.37,2026-10-04,1227,N,VIIRS,l,2.0NRT,315.95,9.45,D
-16.37122,24.77541,343.37,0.55,0.43,2026-10-04,1227,N,VIIRS,l,2.0NRT,314.28,7.41,D
-16.36519,22.44585,353.45,0.43,0.38,2026-10-04,1227,N,VIIRS,n,2.0NRT,320.26,10.85,D
-16.36489,26.25792,344.92,0.45,0.47,2026-10-04,1227,N,VIIRS,n,2.0NRT,314.6,4.52,D
-16.36257,26.27051,344.68,0.45,0.47,2026-10-04,1227,N,VIIRS,n,2.0NRT,312.12,6.4,D
-16.35113,22.50911,343.74,0.43,0.38,2026-10-04,1227,N,VIIRS,l,2.0NRT,315.22,5.05,D
-16.3501,23.81872,341.44,0.49,0.4,2026-10-04,1227,N,VIIRS,l,2.0NRT,313.64,7.51,D
-16.34193,22.18647,348.35,0.42,0.37,2026-10-04,1227,N,VIIRS,n,2.0NRT,318.36,9.49,D
-16.34173,23.34207,341.83,0.46,0.39,2026-10-04,1227,N,VIIRS,l,2.0NRT,316.25,7.33,D
-16.3413,22.19038,350.54,0.42,0.37,2026-10-04,1227,N,VIIRS,n,2.0NRT,319.31,9.49,D
-16.34031,26.22298,345.99,0.45,0.47,2026-10-04,1227,N,VIIRS,n,2.0NRT,316.3,8.6,D
-16.33848,22.18587,351.63,0.42,0.37,2026-10-04,1227,N,VIIRS,n,2.0NRT,320.85,10.92,D
-16.33785,22.18977,347.99,0.42,0.37,2026-10-04,1227,N,VIIRS,n,2.0NRT,319.81,10.92,D
-16.33371,26.23458,343.77,0.45,0.47,2026-10-04,1227,N,VIIRS,n,2.0NRT,313.52,4.18,D
-16.33278,24.96626,340,0.56,0.43,2026-10-04,1227,N,VIIRS,l,2.0NRT,313.05,7.24,D
-16.32766,24.08262,343.61,0.5,0.41,2026-10-04,1227,N,VIIRS,n,2.0NRT,313.53,5.37,D
-16.32492,23.94207,344.03,0.5,0.41,2026-10-04,1227,N,VIIRS,n,2.0NRT,313.55,7.24,D
-16.30136,22.87312,346.36,0.44,0.39,2026-10-04,1227,N,VIIRS,l,2.0NRT,318.87,8.96,D
-16.29027,24.86996,338.53,0.56,0.43,2026-10-04,1227,N,VIIRS,l,2.0NRT,312.26,3.84,D
-16.27664,22.19511,343.4,0.42,0.38,2026-10-04,1227,N,VIIRS,l,2.0NRT,316.2,21.83,D
-16.27254,22.19841,346.85,0.42,0.38,2026-10-04,1227,N,VIIRS,l,2.0NRT,318.21,6.21,D
-16.27083,22.29501,344.37,0.42,0.38,2026-10-04,1227,N,VIIRS,l,2.0NRT,318.28,5.68,D
-16.26575,24.69242,345.33,0.54,0.42,2026-10-04,1227,N,VIIRS,n,2.0NRT,317.62,5.68,D
-16.25701,23.13723,339.29,0.45,0.39,2026-10-04,1227,N,VIIRS,l,2.0NRT,313.71,4.58,D
-16.25471,24.95515,334.94,0.56,0.43,2026-10-04,1227,N,VIIRS,l,2.0NRT,308.81,3.26,D
-16.25457,24.30035,344.12,0.52,0.41,2026-10-04,1227,N,VIIRS,n,2.0NRT,313.4,3.83,D
-16.25075,24.29966,338.19,0.52,0.41,2026-10-04,1227,N,VIIRS,l,2.0NRT,311.76,3.83,D
-16.25074,24.95442,341.52,0.56,0.43,2026-10-04,1227,N,VIIRS,l,2.0NRT,312.94,3.26,D
-16.2499,24.30449,341.51,0.52,0.41,2026-10-04,1227,N,VIIRS,n,2.0NRT,312.06,4.38,D
-16.24983,23.13593,346.44,0.45,0.39,2026-10-04,1227,N,VIIRS,l,2.0NRT,317.52,39.39,D
-16.24608,24.30381,336.96,0.52,0.41,2026-10-04,1227,N,VIIRS,l,2.0NRT,311.57,3.36,D
-16.24468,23.27622,342.77,0.46,0.39,2026-10-04,1227,N,VIIRS,l,2.0NRT,317.19,11.36,D
-16.24359,24.27341,337.69,0.52,0.41,2026-10-04,1227,N,VIIRS,n,2.0NRT,311.69,3.39,D
-16.24271,23.59127,344.59,0.48,0.4,2026-10-04,1227,N,VIIRS,l,2.0NRT,318.17,6.11,D
-16.2361,24.18286,341.3,0.51,0.41,2026-10-04,1227,N,VIIRS,n,2.0NRT,314.58,5.1,D
-16.23292,24.31146,339.08,0.52,0.41,2026-10-04,1227,N,VIIRS,n,2.0NRT,312.43,3.36,D
-16.21842,24.64115,339.57,0.54,0.42,2026-10-04,1227,N,VIIRS,n,2.0NRT,309.45,4.4,D
-16.2149,24.03898,347.75,0.5,0.41,2026-10-04,1227,N,VIIRS,n,2.0NRT,314.22,10.32,D
-16.21407,24.04377,347.51,0.5,0.41,2026-10-04,1227,N,VIIRS,n,2.0NRT,312.27,10.15,D
-16.21064,24.63971,337.59,0.54,0.42,2026-10-04,1227,N,VIIRS,l,2.0NRT,309.34,2.38,D
-16.20903,25.23258,357.44,0.39,0.44,2026-10-04,1227,N,VIIRS,n,2.0NRT,314.82,13.01,D
-16.20702,24.72863,339.46,0.55,0.43,2026-10-04,1227,N,VIIRS,l,2.0NRT,311.3,3.72,D
-16.20675,24.63901,340.87,0.54,0.42,2026-10-04,1227,N,VIIRS,n,2.0NRT,308.59,2.38,D
-16.20577,25.08992,342.08,0.38,0.43,2026-10-04,1227,N,VIIRS,l,2.0NRT,314.76,4.64,D
-16.20563,25.20526,353.08,0.39,0.44,2026-10-04,1227,N,VIIRS,n,2.0NRT,312,2.92,D
-16.20368,23.585,345.16,0.48,0.4,2026-10-04,1227,N,VIIRS,n,2.0NRT,314.87,4.74,D
-16.20196,24.64338,349.24,0.54,0.42,2026-10-04,1227,N,VIIRS,n,2.0NRT,311.32,6.61,D
-16.20161,25.20449,345.2,0.39,0.44,2026-10-04,1227,N,VIIRS,n,2.0NRT,313.32,5.21,D
-16.19879,27.04781,343.02,0.51,0.49,2026-10-04,1227,N,VIIRS,n,2.0NRT,315.27,6.17,D
-16.19064,27.0413,345.68,0.5,0.49,2026-10-04,1227,N,VIIRS,n,2.0NRT,312.48,7.25,D
-16.18572,23.51307,348.43,0.47,0.4,2026-10-04,1227,N,VIIRS,n,2.0NRT,314.62,5.21,D
-16.17389,22.66081,341.79,0.44,0.38,2026-10-04,1227,N,VIIRS,l,2.0NRT,316.27,5.6,D
-16.17106,22.65612,346.49,0.44,0.38,2026-10-04,1227,N,VIIRS,l,2.0NRT,318.06,5.6,D
-16.17025,22.53186,345.57,0.43,0.38,2026-10-04,1227,N,VIIRS,l,2.0NRT,317.55,12.62,D
-16.16753,24.31154,342.97,0.52,0.42,2026-10-04,1227,N,VIIRS,l,2.0NRT,312.97,8.34,D
-16.16441,26.48546,343.94,0.47,0.47,2026-10-04,1227,N,VIIRS,n,2.0NRT,313.85,6.23,D
-16.16359,26.48982,342.29,0.47,0.47,2026-10-04,1227,N,VIIRS,l,2.0NRT,313.68,6.23,D
-16.15989,26.65422,344.26,0.48,0.48,2026-10-04,1227,N,VIIRS,n,2.0NRT,312.24,3.91,D
-16.15632,26.6489,342.39,0.48,0.48,2026-10-04,1227,N,VIIRS,n,2.0NRT,311.9,3.91,D
-16.15548,26.65338,347.55,0.48,0.48,2026-10-04,1227,N,VIIRS,n,2.0NRT,313.3,3.91,D
-16.14762,23.93625,337.17,0.5,0.41,2026-10-04,1227,N,VIIRS,l,2.0NRT,311.87,4.92,D
-16.14718,23.10076,340.72,0.45,0.39,2026-10-04,1227,N,VIIRS,l,2.0NRT,315.59,4.8,D
-16.14358,22.21669,346.46,0.42,0.38,2026-10-04,1227,N,VIIRS,l,2.0NRT,318.78,7.12,D
-16.13875,25.20674,354.63,0.39,0.44,2026-10-04,1227,N,VIIRS,n,2.0NRT,314.52,10.77,D
-16.1381,25.21039,339.53,0.39,0.44,2026-10-04,1227,N,VIIRS,l,2.0NRT,310.77,3.11,D
-16.13641,23.1426,344.7,0.46,0.39,2026-10-04,1227,N,VIIRS,l,2.0NRT,317.1,8.92,D
-16.13439,24.32059,342.55,0.52,0.42,2026-10-04,1227,N,VIIRS,n,2.0NRT,314.9,5.52,D
-16.13088,22.33605,352.02,0.42,0.38,2026-10-04,1227,N,VIIRS,n,2.0NRT,314.6,5.04,D
-16.13005,25.20882,339.44,0.39,0.44,2026-10-04,1227,N,VIIRS,l,2.0NRT,313.33,5.95,D
-16.12576,23.66322,348.21,0.48,0.4,2026-10-04,1227,N,VIIRS,n,2.0NRT,310.64,4.3,D
-16.11127,24.99089,343.33,0.57,0.43,2026-10-04,1227,N,VIIRS,l,2.0NRT,315.16,9.16,D
-16.10426,23.33197,344.48,0.47,0.39,2026-10-04,1227,N,VIIRS,l,2.0NRT,317.65,6.62,D
-16.10179,24.11238,346.88,0.51,0.41,2026-10-04,1227,N,VIIRS,n,2.0NRT,314.93,7.26,D
-16.09816,22.44112,344.48,0.43,0.38,2026-10-04,1227,N,VIIRS,l,2.0NRT,319.31,11.7,D
-16.09116,21.98366,343.99,0.41,0.37,2026-10-04,1227,N,VIIRS,l,2.0NRT,316.49,6.67,D
-16.08867,26.08608,337.76,0.44,0.46,2026-10-04,1227,N,VIIRS,l,2.0NRT,312.5,1.9,D
-16.08365,23.21257,340.09,0.46,0.39,2026-10-04,1227,N,VIIRS,l,2.0NRT,312.52,5.96,D
-16.0831,23.21379,344.2,0.46,0.39,2026-10-04,1227,N,VIIRS,n,2.0NRT,315.31,5.88,D
-16.08152,23.20333,348.83,0.46,0.39,2026-10-04,1227,N,VIIRS,n,2.0NRT,316.82,7.97,D
-16.08021,23.20884,340.82,0.46,0.39,2026-10-04,1227,N,VIIRS,l,2.0NRT,314.18,5.88,D
-16.08005,23.21192,342.84,0.46,0.39,2026-10-04,1227,N,VIIRS,l,2.0NRT,315.53,6.8,D
-16.07949,23.21314,343.08,0.46,0.39,2026-10-04,1227,N,VIIRS,l,2.0NRT,313.21,5.88,D
-16.07832,23.68378,340.73,0.48,0.4,2026-10-04,1227,N,VIIRS,l,2.0NRT,311.91,1.68,D
-16.07732,23.20389,341.28,0.46,0.39,2026-10-04,1227,N,VIIRS,l,2.0NRT,311.87,3.41,D
-16.07718,23.20698,346.44,0.46,0.39,2026-10-04,1227,N,VIIRS,n,2.0NRT,313.08,6.8,D
-16.07376,22.30591,345.02,0.42,0.38,2026-10-04,1227,N,VIIRS,n,2.0NRT,312.89,5.32,D
-16.0731,22.30986,345.93,0.42,0.38,2026-10-04,1227,N,VIIRS,l,2.0NRT,316.28,7.19,D
-16.07028,22.3053,348.84,0.42,0.38,2026-10-04,1227,N,VIIRS,n,2.0NRT,315.57,5.32,D
-16.06963,22.30925,353.8,0.42,0.38,2026-10-04,1227,N,VIIRS,n,2.0NRT,317.44,7.19,D
-16.0693,24.34506,340.53,0.52,0.42,2026-10-04,1227,N,VIIRS,l,2.0NRT,311.5,5.74,D
-16.06366,22.63004,345.22,0.44,0.38,2026-10-04,1227,N,VIIRS,n,2.0NRT,315.96,3.92,D
-16.06299,22.6341,341.54,0.44,0.38,2026-10-04,1227,N,VIIRS,l,2.0NRT,314.06,3.92,D
-16.06237,26.08514,344.11,0.44,0.46,2026-10-04,1227,N,VIIRS,n,2.0NRT,312.58,3.52,D
-16.06077,25.03377,338.55,0.57,0.43,2026-10-04,1227,N,VIIRS,l,2.0NRT,312.72,14.78,D
-16.05887,26.08014,337.65,0.44,0.46,2026-10-04,1227,N,VIIRS,l,2.0NRT,311.97,5.61,D
-16.05811,26.08427,354.56,0.44,0.46,2026-10-04,1227,N,VIIRS,n,2.0NRT,314.02,5.61,D
-16.04991,26.27379,338.84,0.45,0.47,2026-10-04,1227,N,VIIRS,l,2.0NRT,312.23,6.94,D
-16.04913,26.27804,348.92,0.45,0.47,2026-10-04,1227,N,VIIRS,n,2.0NRT,311.36,9.48,D
-16.04803,24.33104,338.21,0.52,0.42,2026-10-04,1227,N,VIIRS,l,2.0NRT,312.03,3.8,D
-16.04515,27.28415,344.86,0.53,0.5,2026-10-04,1227,N,VIIRS,n,2.0NRT,313.97,5.25,D
-16.04482,26.27719,349.76,0.45,0.47,2026-10-04,1227,N,VIIRS,n,2.0NRT,314.61,9.48,D
-16.04424,24.96465,343.44,0.57,0.43,2026-10-04,1227,N,VIIRS,l,2.0NRT,315.56,113.21,D
-16.04403,26.28144,343.65,0.45,0.47,2026-10-04,1227,N,VIIRS,n,2.0NRT,312.04,9.48,D
-16.03972,26.2806,343.18,0.45,0.47,2026-10-04,1227,N,VIIRS,n,2.0NRT,312.32,5.72,D
-16.03916,24.63326,342.33,0.54,0.42,2026-10-04,1227,N,VIIRS,n,2.0NRT,311.96,9.3,D
-16.03697,26.27127,341.54,0.45,0.47,2026-10-04,1227,N,VIIRS,l,2.0NRT,313.2,6.78,D
-16.03618,26.27551,343.95,0.45,0.47,2026-10-04,1227,N,VIIRS,n,2.0NRT,313.25,5.72,D
-16.03552,23.12135,339.85,0.46,0.39,2026-10-04,1227,N,VIIRS,l,2.0NRT,313.87,2.87,D
-16.03462,23.91701,343.28,0.5,0.41,2026-10-04,1227,N,VIIRS,n,2.0NRT,314.77,4.5,D
-16.02763,23.10236,340.28,0.46,0.39,2026-10-04,1227,N,VIIRS,l,2.0NRT,314.58,3.18,D
-16.02621,22.93698,340.43,0.45,0.39,2026-10-04,1227,N,VIIRS,l,2.0NRT,313.58,3.72,D
-16.02594,22.77088,345.12,0.44,0.38,2026-10-04,1227,N,VIIRS,n,2.0NRT,313.75,7.59,D
-16.0224,22.77024,353.12,0.44,0.38,2026-10-04,1227,N,VIIRS,n,2.0NRT,314.42,7.59,D
-16.01724,22.73546,345.96,0.44,0.38,2026-10-04,1227,N,VIIRS,l,2.0NRT,316.33,6.94,D
-16.01383,24.75541,337.55,0.55,0.43,2026-10-04,1227,N,VIIRS,l,2.0NRT,311.64,5.68,D
-16.00845,28.21901,338.77,0.61,0.53,2026-10-04,1227,N,VIIRS,n,2.0NRT,308.16,6.72,D
-16.00826,26.00599,343.16,0.44,0.46,2026-10-04,1227,N,VIIRS,n,2.0NRT,311.69,1.53,D
-16.00752,26.01009,338.42,0.44,0.46,2026-10-04,1227,N,VIIRS,l,2.0NRT,313.15,4.14,D
-15.98568,26.92956,336.76,0.5,0.49,2026-10-04,1227,N,VIIRS,l,2.0NRT,309.97,4.14,D
-15.97538,31.08778,352.48,0.46,0.64,2026-10-04,1227,N,VIIRS,n,2.0NRT,294.66,4.61,D
-15.97229,26.30289,342.54,0.46,0.47,2026-10-04,1227,N,VIIRS,l,2.0NRT,313.05,7.63,D
-15.97204,26.30719,346.01,0.46,0.47,2026-10-04,1227,N,VIIRS,n,2.0NRT,315.47,7.59,D
-15.9716,31.08739,355.15,0.46,0.64,2026-10-04,1227,N,VIIRS,n,2.0NRT,296.08,7.81,D
-15.97151,26.30718,346.18,0.46,0.47,2026-10-04,1227,N,VIIRS,n,2.0NRT,315.71,7.44,D
-15.96801,24.30308,338.62,0.52,0.42,2026-10-04,1227,N,VIIRS,n,2.0NRT,310.98,1.97,D
-15.96771,26.30633,350.43,0.46,0.47,2026-10-04,1227,N,VIIRS,n,2.0NRT,315.28,7.59,D
-15.96719,26.30632,347.89,0.46,0.47,2026-10-04,1227,N,VIIRS,n,2.0NRT,314.19,7.44,D
-15.95793,26.06463,342.21,0.44,0.46,2026-10-04,1227,N,VIIRS,l,2.0NRT,314.96,5.48,D
-15.95073,23.00209,355.41,0.45,0.39,2026-10-04,1227,N,VIIRS,n,2.0NRT,320.4,15.5,D
-15.94796,27.76377,340.55,0.57,0.52,2026-10-04,1227,N,VIIRS,n,2.0NRT,309.25,4.96,D
-15.94715,23.00146,342.14,0.45,0.39,2026-10-04,1227,N,VIIRS,l,2.0NRT,316.4,15.5,D
-15.94687,27.76939,338.42,0.57,0.52,2026-10-04,1227,N,VIIRS,l,2.0NRT,311.91,8.92,D
-15.94661,24.42616,339.05,0.53,0.42,2026-10-04,1227,N,VIIRS,l,2.0NRT,311.71,6.19,D
-15.94317,27.76292,337.7,0.57,0.52,2026-10-04,1227,N,VIIRS,l,2.0NRT,310.75,4.96,D
-15.9429,23.2473,336.59,0.46,0.39,2026-10-04,1227,N,VIIRS,l,2.0NRT,310.65,2.54,D
-15.94086,23.43482,344.13,0.47,0.4,2026-10-04,1227,N,VIIRS,l,2.0NRT,315.78,9.18,D
-15.93986,27.42078,345.77,0.54,0.51,2026-10-04,1227,N,VIIRS,n,2.0NRT,313.35,4.76,D
-15.93928,23.24665,340.83,0.46,0.39,2026-10-04,1227,N,VIIRS,n,2.0NRT,315.39,6.39,D
-15.9369,28.34926,337.24,0.62,0.54,2026-10-04,1227,N,VIIRS,n,2.0NRT,305.59,8.42,D
-15.92958,23.43851,344.57,0.47,0.4,2026-10-04,1227,N,VIIRS,l,2.0NRT,316.58,5.54,D
-15.92913,23.43726,348.81,0.47,0.4,2026-10-04,1227,N,VIIRS,n,2.0NRT,316.89,8.8,D
-15.92681,24.24537,344.63,0.52,0.42,2026-10-04,1227,N,VIIRS,n,2.0NRT,311.4,5.93,D
-15.92592,23.43784,345.05,0.47,0.4,2026-10-04,1227,N,VIIRS,l,2.0NRT,316.5,5.54,D
-15.91922,24.81553,339.36,0.56,0.43,2026-10-04,1227,N,VIIRS,l,2.0NRT,310.36,7.44,D
-15.91831,26.7364,343.91,0.49,0.48,2026-10-04,1227,N,VIIRS,n,2.0NRT,309.83,4.6,D
-15.91824,24.81271,342.84,0.56,0.43,2026-10-04,1227,N,VIIRS,n,2.0NRT,308.99,5.65,D
-15.91638,22.98726,345.46,0.45,0.39,2026-10-04,1227,N,VIIRS,n,2.0NRT,315,8.24,D
-15.91637,22.90084,340.82,0.45,0.39,2026-10-04,1227,N,VIIRS,l,2.0NRT,313.07,4.08,D
-15.91566,22.90501,342.59,0.45,0.39,2026-10-04,1227,N,VIIRS,l,2.0NRT,315.77,4.08,D
-15.91546,24.96463,345.87,0.57,0.43,2026-10-04,1227,N,VIIRS,n,2.0NRT,310.97,4.34,D
-15.9148,24.3134,354.97,0.52,0.42,2026-10-04,1227,N,VIIRS,n,2.0NRT,315.81,15.74,D
-15.91458,22.90092,348.84,0.45,0.39,2026-10-04,1227,N,VIIRS,n,2.0NRT,315.53,6.61,D
-15.91394,24.31829,350.05,0.53,0.42,2026-10-04,1227,N,VIIRS,n,2.0NRT,311.12,5.35,D
-15.91389,22.9051,350.19,0.45,0.39,2026-10-04,1227,N,VIIRS,n,2.0NRT,317.38,6.61,D
-15.91281,22.9002,339.7,0.45,0.39,2026-10-04,1227,N,VIIRS,l,2.0NRT,314.04,4.08,D
-15.9121,22.90438,353.7,0.45,0.39,2026-10-04,1227,N,VIIRS,n,2.0NRT,318.58,4.08,D
-15.91033,22.90446,348.87,0.45,0.39,2026-10-04,1227,N,VIIRS,n,2.0NRT,317.75,7.31,D
-15.90793,25.19168,351.02,0.39,0.44,2026-10-04,1227,N,VIIRS,n,2.0NRT,310.04,7.46,D
-15.90245,24.42818,342.51,0.53,0.42,2026-10-04,1227,N,VIIRS,n,2.0NRT,312.51,6.36,D
-15.88392,22.47361,347.25,0.43,0.38,2026-10-04,1227,N,VIIRS,n,2.0NRT,315.57,5.83,D
-15.88041,22.47299,354.51,0.43,0.38,2026-10-04,1227,N,VIIRS,n,2.0NRT,318.45,10.91,D
-15.87988,22.47323,355.46,0.43,0.38,2026-10-04,1227,N,VIIRS,n,2.0NRT,318.3,7.86,D
-15.87003,24.81698,340.62,0.56,0.43,2026-10-04,1227,N,VIIRS,l,2.0NRT,312.06,8.15,D
-15.86212,24.81552,341.59,0.56,0.43,2026-10-04,1227,N,VIIRS,n,2.0NRT,311.02,6.54,D
-15.86003,24.80434,343.15,0.56,0.43,2026-10-04,1227,N,VIIRS,n,2.0NRT,309.99,3.67,D
-15.85608,24.80361,338.92,0.56,0.43,2026-10-04,1227,N,VIIRS,l,2.0NRT,312.13,3.83,D
-15.85213,24.80287,342.61,0.56,0.43,2026-10-04,1227,N,VIIRS,n,2.0NRT,311.01,3.83,D
-15.85163,25.03771,336.96,0.39,0.44,2026-10-04,1227,N,VIIRS,l,2.0NRT,311.26,1.74,D
-15.84417,22.1243,339.26,0.42,0.38,2026-10-04,1227,N,VIIRS,l,2.0NRT,313.99,2.59,D
-15.8405,24.8223,346.75,0.56,0.43,2026-10-04,1227,N,VIIRS,n,2.0NRT,315.43,11.92,D
-15.83445,22.11858,344.29,0.42,0.38,2026-10-04,1227,N,VIIRS,l,2.0NRT,314.89,7.6,D
-15.83357,22.23151,342.74,0.42,0.38,2026-10-04,1227,N,VIIRS,l,2.0NRT,316.03,4.11,D
-15.83354,28.56091,337.69,0.32,0.55,2026-10-04,1227,N,VIIRS,n,2.0NRT,302.63,2.57,D
-15.83293,28.56405,333.78,0.32,0.55,2026-10-04,1227,N,VIIRS,n,2.0NRT,302.95,3.67,D
-15.83075,22.22697,345.29,0.42,0.38,2026-10-04,1227,N,VIIRS,l,2.0NRT,315.89,4.11,D
-15.82606,27.80907,334.47,0.57,0.52,2026-10-04,1227,N,VIIRS,l,2.0NRT,307.9,2.72,D
-15.82092,23.3742,343.15,0.47,0.4,2026-10-04,1227,N,VIIRS,l,2.0NRT,316.37,8.64,D
-15.81874,24.13304,338.77,0.51,0.41,2026-10-04,1227,N,VIIRS,l,2.0NRT,312.9,4.22,D
-15.81727,23.37355,352.83,0.47,0.4,2026-10-04,1227,N,VIIRS,n,2.0NRT,318.61,16.07,D
-15.81492,24.13924,338.67,0.52,0.41,2026-10-04,1227,N,VIIRS,l,2.0NRT,312.49,8.66,D
-15.81408,24.13716,342.5,0.52,0.41,2026-10-04,1227,N,VIIRS,n,2.0NRT,312.11,4.22,D
-15.81328,24.14886,343.71,0.52,0.41,2026-10-04,1227,N,VIIRS,l,2.0NRT,314.06,6.91,D
-15.81238,24.14675,344.9,0.52,0.41,2026-10-04,1227,N,VIIRS,l,2.0NRT,315.5,7.34,D
-15.81122,24.74472,343.27,0.56,0.43,2026-10-04,1227,N,VIIRS,n,2.0NRT,311.45,8.84,D
-15.80927,24.74653,334.98,0.56,0.43,2026-10-04,1227,N,VIIRS,l,2.0NRT,308.73,2.63,D
-15.80747,24.62676,348.95,0.55,0.43,2026-10-04,1227,N,VIIRS,n,2.0NRT,311.16,7.5,D
-15.80612,23.71716,341.36,0.49,0.4,2026-10-04,1227,N,VIIRS,l,2.0NRT,313.47,6.17,D
-15.79201,22.26142,342.73,0.42,0.38,2026-10-04,1227,N,VIIRS,l,2.0NRT,316.15,5.73,D
-15.7895,25.3646,339.56,0.4,0.45,2026-10-04,1227,N,VIIRS,n,2.0NRT,313.75,3.2,D
-15.78922,23.22927,336.73,0.46,0.39,2026-10-04,1227,N,VIIRS,l,2.0NRT,310.21,3.95,D
-15.7892,24.28972,339.76,0.53,0.42,2026-10-04,1227,N,VIIRS,l,2.0NRT,311.22,3.52,D
-15.78883,25.36838,337.59,0.4,0.45,2026-10-04,1227,N,VIIRS,l,2.0NRT,312.38,3.2,D
-15.78742,24.2873,349.77,0.53,0.42,2026-10-04,1227,N,VIIRS,n,2.0NRT,315.88,18.34,D
-15.78537,24.28901,339.93,0.53,0.42,2026-10-04,1227,N,VIIRS,l,2.0NRT,314.19,6.64,D
-15.78479,22.87413,342.04,0.45,0.39,2026-10-04,1227,N,VIIRS,l,2.0NRT,316.4,6.35,D
-15.78359,24.28659,341.86,0.53,0.42,2026-10-04,1227,N,VIIRS,n,2.0NRT,312,4.02,D
-15.78153,24.2883,337.02,0.53,0.42,2026-10-04,1227,N,VIIRS,l,2.0NRT,310.14,6.64,D
-15.77747,27.98089,340.4,0.59,0.53,2026-10-04,1227,N,VIIRS,n,2.0NRT,304.83,9.6,D
-15.77693,28.37397,342.61,0.63,0.54,2026-10-04,1227,N,VIIRS,n,2.0NRT,304.95,12.88,D
-15.7769,28.37692,367,0.63,0.54,2026-10-04,1227,N,VIIRS,h,2.0NRT,306.76,21.25,D
-15.77582,28.37952,342.56,0.63,0.54,2026-10-04,1227,N,VIIRS,n,2.0NRT,304.59,12.88,D
-15.76581,25.12276,345.44,0.39,0.44,2026-10-04,1227,N,VIIRS,l,2.0NRT,315.88,5.5,D
-15.762,22.5114,337.39,0.43,0.38,2026-10-04,1227,N,VIIRS,l,2.0NRT,312.34,2.28,D
-15.76185,22.51063,341.02,0.43,0.38,2026-10-04,1227,N,VIIRS,n,2.0NRT,314.34,3.09,D
-15.76061,26.92324,310.8,0.5,0.49,2026-10-04,1227,N,VIIRS,l,2.0NRT,314.66,53.22,D
-15.75971,26.92795,347.13,0.51,0.49,2026-10-04,1227,N,VIIRS,n,2.0NRT,318.62,74.61,D
-15.75034,25.09331,339.27,0.39,0.44,2026-10-04,1227,N,VIIRS,l,2.0NRT,313.58,3.09,D
-15.74827,24.20663,354.83,0.52,0.42,2026-10-04,1227,N,VIIRS,n,2.0NRT,317.68,13.06,D
-15.74631,25.09255,343.44,0.39,0.44,2026-10-04,1227,N,VIIRS,n,2.0NRT,313.09,3.94,D
-15.74182,25.11811,345.8,0.39,0.44,2026-10-04,1227,N,VIIRS,n,2.0NRT,315.7,7.96,D
-15.73779,25.11734,342.28,0.39,0.44,2026-10-04,1227,N,VIIRS,n,2.0NRT,311.26,7.96,D
-15.7322,28.55383,342.02,0.32,0.55,2026-10-04,1227,N,VIIRS,n,2.0NRT,303.8,2.16,D
-15.73164,28.55673,339.74,0.32,0.55,2026-10-04,1227,N,VIIRS,n,2.0NRT,303.28,2.16,D
-15.72777,28.54972,345.41,0.32,0.55,2026-10-04,1227,N,VIIRS,n,2.0NRT,298.71,3.76,D
-15.72718,28.5527,367,0.32,0.55,2026-10-04,1227,N,VIIRS,h,2.0NRT,306.13,6.52,D
-15.72661,28.55564,334.96,0.32,0.55,2026-10-04,1227,N,VIIRS,n,2.0NRT,303.55,6.52,D
-15.72577,24.9511,341.66,0.38,0.43,2026-10-04,1227,N,VIIRS,n,2.0NRT,313.11,2.48,D
-15.71994,22.88845,349.01,0.45,0.39,2026-10-04,1227,N,VIIRS,n,2.0NRT,316.96,7.1,D
-15.71877,26.89216,347.56,0.5,0.49,2026-10-04,1227,N,VIIRS,n,2.0NRT,314.65,10.21,D
-15.71568,22.9136,344.02,0.45,0.39,2026-10-04,1227,N,VIIRS,l,2.0NRT,314.45,5.46,D
-15.71502,22.42433,344.11,0.43,0.38,2026-10-04,1227,N,VIIRS,n,2.0NRT,314.7,4.37,D
-15.71479,25.20025,342.75,0.4,0.44,2026-10-04,1227,N,VIIRS,l,2.0NRT,314.08,5.16,D
-15.71256,24.54847,346.66,0.54,0.42,2026-10-04,1227,N,VIIRS,n,2.0NRT,311.68,6.28,D
-15.71074,25.19947,346.68,0.4,0.44,2026-10-04,1227,N,VIIRS,l,2.0NRT,316.85,6.66,D
-15.70734,25.19501,352.73,0.4,0.44,2026-10-04,1227,N,VIIRS,n,2.0NRT,313.95,6.66,D
-15.70042,23.68022,347.28,0.49,0.4,2026-10-04,1227,N,VIIRS,n,2.0NRT,314.82,8.02,D
-15.69996,22.91945,337.4,0.45,0.39,2026-10-04,1227,N,VIIRS,l,2.0NRT,311.95,0.75,D
-15.69984,24.48344,338.92,0.54,0.42,2026-10-04,1227,N,VIIRS,l,2.0NRT,311.83,5.11,D
-15.69924,22.92366,341.23,0.45,0.39,2026-10-04,1227,N,VIIRS,l,2.0NRT,313.7,3.88,D
-15.69848,22.92026,346.48,0.45,0.39,2026-10-04,1227,N,VIIRS,n,2.0NRT,312.96,4.72,D
-15.69618,25.00104,343.3,0.39,0.44,2026-10-04,1227,N,VIIRS,n,2.0NRT,311.84,6.1,D
-15.69578,22.20827,340.32,0.42,0.38,2026-10-04,1227,N,VIIRS,l,2.0NRT,313.23,3.6,D
-15.69433,23.69323,343.27,0.49,0.4,2026-10-04,1227,N,VIIRS,l,2.0NRT,314.98,9.57,D
-15.69244,25.1846,343.48,0.4,0.44,2026-10-04,1227,N,VIIRS,n,2.0NRT,310.84,50.97,D
-15.69168,23.79715,338.1,0.5,0.41,2026-10-04,1227,N,VIIRS,l,2.0NRT,312.66,3.55,D
-15.69142,28.49526,339.61,0.32,0.55,2026-10-04,1227,N,VIIRS,n,2.0NRT,302.77,3.01,D
-15.69083,28.49821,331.75,0.32,0.55,2026-10-04,1227,N,VIIRS,l,2.0NRT,304.63,4.47,D
-15.68068,24.97225,343.86,0.38,0.43,2026-10-04,1227,N,VIIRS,n,2.0NRT,313.56,4.51,D
-15.67832,24.46909,343.1,0.54,0.42,2026-10-04,1227,N,VIIRS,n,2.0NRT,313.1,5.13,D
-15.67525,24.80834,338.1,0.56,0.43,2026-10-04,1227,N,VIIRS,l,2.0NRT,312.18,9.28,D
-15.67115,22.29358,344.02,0.43,0.38,2026-10-04,1227,N,VIIRS,n,2.0NRT,313.37,4.37,D
-15.6702,28.49691,337.32,0.32,0.55,2026-10-04,1227,N,VIIRS,n,2.0NRT,303.53,1.78,D
-15.66758,24.90796,341.19,0.57,0.43,2026-10-04,1227,N,VIIRS,l,2.0NRT,312.31,6.76,D
-15.65876,24.67065,350.48,0.55,0.43,2026-10-04,1227,N,VIIRS,n,2.0NRT,315.81,27.43,D
-15.65383,23.38608,350.53,0.47,0.4,2026-10-04,1227,N,VIIRS,n,2.0NRT,315.22,7.27,D
-15.65353,24.49572,350.39,0.54,0.42,2026-10-04,1227,N,VIIRS,n,2.0NRT,312.08,8.84,D
-15.64993,24.24062,352.24,0.52,0.42,2026-10-04,1227,N,VIIRS,n,2.0NRT,316.19,10.85,D
-15.64983,24.74402,341.64,0.56,0.43,2026-10-04,1227,N,VIIRS,n,2.0NRT,311.51,2.83,D
-15.64096,24.65666,344.65,0.55,0.43,2026-10-04,1227,N,VIIRS,n,2.0NRT,311.13,5.26,D
-15.64004,24.66181,344.59,0.55,0.43,2026-10-04,1227,N,VIIRS,n,2.0NRT,312.59,5.26,D
-15.6386,23.05822,341.92,0.46,0.39,2026-10-04,1227,N,VIIRS,l,2.0NRT,315.24,8.41,D
-15.63715,22.52316,345.81,0.44,0.38,2026-10-04,1227,N,VIIRS,l,2.0NRT,317.31,6.79,D
-15.63289,23.15893,344.59,0.46,0.39,2026-10-04,1227,N,VIIRS,n,2.0NRT,310.73,5.47,D
-15.62927,23.15828,339.44,0.46,0.39,2026-10-04,1227,N,VIIRS,l,2.0NRT,312.31,11.46,D
-15.62756,24.68621,336.68,0.56,0.43,2026-10-04,1227,N,VIIRS,l,2.0NRT,310.38,3.26,D
-15.62735,26.45818,347.11,0.47,0.48,2026-10-04,1227,N,VIIRS,n,2.0NRT,309.05,6.86,D
-15.62663,24.69138,338.8,0.56,0.43,2026-10-04,1227,N,VIIRS,n,2.0NRT,312.46,3.26,D
-15.626,27.15824,343.02,0.53,0.5,2026-10-04,1227,N,VIIRS,n,2.0NRT,305.66,10.28,D
-15.6229,26.26333,338.57,0.46,0.47,2026-10-04,1227,N,VIIRS,l,2.0NRT,312.9,4.66,D
-15.61592,23.71815,344.44,0.49,0.41,2026-10-04,1227,N,VIIRS,n,2.0NRT,312.61,9.12,D
-15.61331,27.09991,337.32,0.52,0.5,2026-10-04,1227,N,VIIRS,n,2.0NRT,304.37,4.84,D
-15.61051,23.04881,346.38,0.46,0.39,2026-10-04,1227,N,VIIRS,n,2.0NRT,311.22,6.75,D
-15.60226,27.97524,342.62,0.59,0.53,2026-10-04,1227,N,VIIRS,n,2.0NRT,304.17,22.98,D
-15.60187,23.03409,339.64,0.46,0.39,2026-10-04,1227,N,VIIRS,l,2.0NRT,313.67,6.91,D
-15.59949,28.57071,367,0.32,0.55,2026-10-04,1227,N,VIIRS,h,2.0NRT,304.91,5.85,D
-15.5991,23.68212,340.39,0.49,0.4,2026-10-04,1227,N,VIIRS,n,2.0NRT,314.28,3.11,D
-15.59891,28.57364,356.69,0.32,0.55,2026-10-04,1227,N,VIIRS,n,2.0NRT,304.99,9.24,D
-15.59307,23.76147,340.43,0.5,0.41,2026-10-04,1227,N,VIIRS,l,2.0NRT,314.76,5.28,D
-15.58716,24.98,340.94,0.39,0.44,2026-10-04,1227,N,VIIRS,l,2.0NRT,311.64,1.85,D
-15.58651,24.98361,340.8,0.39,0.44,2026-10-04,1227,N,VIIRS,l,2.0NRT,314.26,5.74,D
-15.58599,27.07549,338.1,0.52,0.5,2026-10-04,1227,N,VIIRS,n,2.0NRT,310.88,6.49,D
-15.58251,24.9828,340.94,0.39,0.44,2026-10-04,1227,N,VIIRS,l,2.0NRT,312.11,2.7,D
-15.57466,22.79122,335.95,0.45,0.39,2026-10-04,1227,N,VIIRS,l,2.0NRT,310.53,3.79,D
-15.56883,24.33445,346.93,0.53,0.42,2026-10-04,1227,N,VIIRS,n,2.0NRT,313.25,6.69,D
-15.56643,24.33184,338.79,0.53,0.42,2026-10-04,1227,N,VIIRS,l,2.0NRT,312.52,5.16,D
-15.56555,24.33679,348.55,0.53,0.42,2026-10-04,1227,N,VIIRS,n,2.0NRT,314.19,5.16,D
-15.56498,24.33373,349.94,0.53,0.42,2026-10-04,1227,N,VIIRS,n,2.0NRT,314.18,6.69,D
-15.56472,26.18943,337.1,0.46,0.47,2026-10-04,1227,N,VIIRS,l,2.0NRT,310.84,1.17,D
-15.5625,22.77622,343.1,0.45,0.39,2026-10-04,1227,N,VIIRS,l,2.0NRT,314.34,6.04,D
-15.56169,24.33607,340.15,0.53,0.42,2026-10-04,1227,N,VIIRS,l,2.0NRT,313.93,5.16,D
-15.55872,24.33041,341.1,0.53,0.42,2026-10-04,1227,N,VIIRS,l,2.0NRT,314.01,6.16,D
-15.55607,26.18771,339.56,0.46,0.47,2026-10-04,1227,N,VIIRS,l,2.0NRT,313.97,4.56,D
-15.55315,22.3099,345.44,0.43,0.38,2026-10-04,1227,N,VIIRS,l,2.0NRT,316.4,5.13,D
-15.5525,22.31389,342.15,0.43,0.38,2026-10-04,1227,N,VIIRS,l,2.0NRT,316.45,5.13,D
-15.53702,24.10659,340.11,0.52,0.41,2026-10-04,1227,N,VIIRS,l,2.0NRT,313.3,6.89,D
-15.53638,28.59705,332.62,0.33,0.55,2026-10-04,1227,N,VIIRS,n,2.0NRT,301.61,1.68,D
-15.53549,26.34498,344.95,0.47,0.48,2026-10-04,1227,N,VIIRS,n,2.0NRT,313.12,5.09,D
-15.5291,26.16062,343.59,0.46,0.47,2026-10-04,1227,N,VIIRS,n,2.0NRT,310.16,3.42,D
-15.52832,26.16493,340.81,0.46,0.47,2026-10-04,1227,N,VIIRS,n,2.0NRT,311.64,3.42,D
-15.51717,26.93858,341.79,0.51,0.49,2026-10-04,1227,N,VIIRS,n,2.0NRT,310.08,7.54,D
-15.51523,22.6069,348.07,0.44,0.38,2026-10-04,1227,N,VIIRS,n,2.0NRT,312.87,4.99,D
-15.5129,24.81323,337.47,0.57,0.43,2026-10-04,1227,N,VIIRS,l,2.0NRT,311.47,6.82,D
-15.5032,26.15545,354.97,0.46,0.47,2026-10-04,1227,N,VIIRS,n,2.0NRT,312.54,8.56,D
-15.50089,24.63541,344.57,0.56,0.43,2026-10-04,1227,N,VIIRS,n,2.0NRT,310.53,29.73,D
-15.49999,24.64058,342.71,0.56,0.43,2026-10-04,1227,N,VIIRS,n,2.0NRT,309.94,29.73,D
-15.49948,24.63791,367,0.55,0.43,2026-10-04,1227,N,VIIRS,h,2.0NRT,312.94,11.13,D
-15.49908,25.72802,300.72,0.43,0.46,2026-10-04,1227,N,VIIRS,l,2.0NRT,307.47,33.9,D
-15.49835,25.73203,367,0.43,0.46,2026-10-04,1227,N,VIIRS,h,2.0NRT,315.27,33.9,D
-15.49783,25.80756,340.98,0.43,0.46,2026-10-04,1227,N,VIIRS,n,2.0NRT,307.16,4.69,D
-15.49763,25.73603,344.12,0.43,0.46,2026-10-04,1227,N,VIIRS,n,2.0NRT,304.33,6.01,D
-15.49691,25.74004,338.8,0.43,0.46,2026-10-04,1227,N,VIIRS,n,2.0NRT,307.19,6.01,D
-15.49618,25.74405,332.62,0.43,0.46,2026-10-04,1227,N,VIIRS,l,2.0NRT,306.29,7.18,D
-15.49606,24.63985,355.32,0.56,0.43,2026-10-04,1227,N,VIIRS,n,2.0NRT,315.78,29.73,D
-15.4956,25.72318,348.49,0.43,0.46,2026-10-04,1227,N,VIIRS,n,2.0NRT,308.57,14.19,D
-15.49487,25.72719,346.56,0.43,0.46,2026-10-04,1227,N,VIIRS,n,2.0NRT,306.83,33.9,D
-15.49213,24.63913,352.23,0.56,0.43,2026-10-04,1227,N,VIIRS,n,2.0NRT,309.7,9.83,D
-15.49089,24.62291,338.97,0.55,0.43,2026-10-04,1227,N,VIIRS,l,2.0NRT,311.99,3.21,D
-15.48936,25.70958,335.18,0.43,0.46,2026-10-04,1227,N,VIIRS,l,2.0NRT,306.45,4.21,D
-15.48538,25.77968,351.41,0.43,0.46,2026-10-04,1227,N,VIIRS,n,2.0NRT,305.61,4.79,D
-15.48517,25.70875,335.06,0.43,0.46,2026-10-04,1227,N,VIIRS,l,2.0NRT,307.67,19.54,D
-15.48315,25.792,334.67,0.43,0.46,2026-10-04,1227,N,VIIRS,l,2.0NRT,308.22,4.65,D
-15.48296,25.81723,353.28,0.44,0.46,2026-10-04,1227,N,VIIRS,n,2.0NRT,310.65,11.22,D
-15.48241,25.79609,354.06,0.43,0.46,2026-10-04,1227,N,VIIRS,n,2.0NRT,311.26,4.65,D
-15.48168,25.80013,334.76,0.43,0.46,2026-10-04,1227,N,VIIRS,l,2.0NRT,307.24,5.69,D
-15.48097,25.70792,346,0.43,0.46,2026-10-04,1227,N,VIIRS,n,2.0NRT,314.7,19.54,D
-15.47831,22.83052,338.99,0.45,0.39,2026-10-04,1227,N,VIIRS,l,2.0NRT,311.89,5.11,D
-15.4775,28.45541,339.69,0.32,0.55,2026-10-04,1227,N,VIIRS,n,2.0NRT,302.9,2.05,D
-15.47677,25.70708,355.37,0.43,0.46,2026-10-04,1227,N,VIIRS,n,2.0NRT,308.57,12.67,D
-15.47418,25.76921,337.13,0.43,0.46,2026-10-04,1227,N,VIIRS,l,2.0NRT,307.86,16.19,D
-15.47344,25.77327,353.44,0.43,0.46,2026-10-04,1227,N,VIIRS,n,2.0NRT,325.83,26.42,D
-15.47291,25.75221,339.57,0.43,0.46,2026-10-04,1227,N,VIIRS,n,2.0NRT,306.76,3.18,D
-15.4727,25.77733,343.4,0.43,0.46,2026-10-04,1227,N,VIIRS,n,2.0NRT,309.4,26.42,D
-15.47185,25.71025,339.7,0.43,0.46,2026-10-04,1227,N,VIIRS,n,2.0NRT,309.22,12.67,D
-15.46944,25.74733,338.74,0.43,0.46,2026-10-04,1227,N,VIIRS,l,2.0NRT,309.39,15.96,D
-15.46922,25.77246,356.44,0.43,0.46,2026-10-04,1227,N,VIIRS,n,2.0NRT,309.74,26.42,D
-15.46902,25.79759,338.79,0.43,0.46,2026-10-04,1227,N,VIIRS,n,2.0NRT,311.2,22.98,D
-15.4687,25.7514,343.26,0.43,0.46,2026-10-04,1227,N,VIIRS,n,2.0NRT,310.19,15.96,D
-15.46849,25.77649,354.41,0.43,0.46,2026-10-04,1227,N,VIIRS,n,2.0NRT,311.96,26.42,D
-15.46828,25.80162,339.61,0.43,0.46,2026-10-04,1227,N,VIIRS,n,2.0NRT,309.36,22.98,D
-15.46775,25.78053,343.58,0.43,0.46,2026-10-04,1227,N,VIIRS,n,2.0NRT,310.49,10.37,D
-15.46692,25.71342,346.23,0.43,0.46,2026-10-04,1227,N,VIIRS,n,2.0NRT,309.13,3.88,D
-15.46662,24.11591,344.39,0.52,0.42,2026-10-04,1227,N,VIIRS,l,2.0NRT,317.9,8.55,D
-15.46627,25.78865,352.92,0.43,0.46,2026-10-04,1227,N,VIIRS,n,2.0NRT,322.38,64.69,D
-15.46553,25.7927,367,0.43,0.46,2026-10-04,1227,N,VIIRS,h,2.0NRT,328.6,64.69,D
-15.46552,26.16533,338.09,0.46,0.47,2026-10-04,1227,N,VIIRS,l,2.0NRT,311.87,4.76,D
-15.46493,26.01452,337.83,0.45,0.47,2026-10-04,1227,N,VIIRS,l,2.0NRT,310.73,5.74,D
-15.4648,25.79675,356.35,0.43,0.46,2026-10-04,1227,N,VIIRS,n,2.0NRT,308.37,22.98,D
-15.46448,25.7506,350.79,0.43,0.46,2026-10-04,1227,N,VIIRS,n,2.0NRT,307.34,15.96,D
-15.46308,22.30671,341.61,0.43,0.38,2026-10-04,1227,N,VIIRS,l,2.0NRT,315.46,5.34,D
-15.4628,25.78374,342.24,0.43,0.46,2026-10-04,1227,N,VIIRS,n,2.0NRT,309.63,14.61,D
-15.46206,25.7878,367,0.43,0.46,2026-10-04,1227,N,VIIRS,h,2.0NRT,308.96,40.46,D
-15.46198,25.71661,335.19,0.43,0.46,2026-10-04,1227,N,VIIRS,l,2.0NRT,308.81,3.88,D
-15.46027,25.74978,347.32,0.43,0.46,2026-10-04,1227,N,VIIRS,n,2.0NRT,310.62,5.7,D
-15.45938,23.61294,340.89,0.49,0.4,2026-10-04,1227,N,VIIRS,l,2.0NRT,314.96,8.15,D
-15.45648,24.12901,342.06,0.52,0.42,2026-10-04,1227,N,VIIRS,l,2.0NRT,314.88,6.54,D
-15.45606,25.74894,347.92,0.43,0.46,2026-10-04,1227,N,VIIRS,n,2.0NRT,309.03,5.7,D
-15.45428,29.33206,339.28,0.37,0.58,2026-10-04,1227,N,VIIRS,n,2.0NRT,283.64,3.59,D
-15.45407,25.73602,347.21,0.43,0.46,2026-10-04,1227,N,VIIRS,n,2.0NRT,311.44,4.63,D
-15.45333,25.74004,340.44,0.43,0.46,2026-10-04,1227,N,VIIRS,n,2.0NRT,308.24,4.63,D
-15.45231,23.0567,339.18,0.46,0.39,2026-10-04,1227,N,VIIRS,n,2.0NRT,306.54,4.67,D
-15.4518,23.05728,346.27,0.46,0.39,2026-10-04,1227,N,VIIRS,n,2.0NRT,305.3,4.74,D
-15.4518,26.23863,336.56,0.46,0.47,2026-10-04,1227,N,VIIRS,n,2.0NRT,306.47,2.57,D
-15.4506,25.73117,353.79,0.43,0.46,2026-10-04,1227,N,VIIRS,n,2.0NRT,310.36,13.86,D
-15.44987,25.73517,341.88,0.43,0.46,2026-10-04,1227,N,VIIRS,n,2.0NRT,308.05,4.63,D
-15.44402,24.04217,347.1,0.52,0.41,2026-10-04,1227,N,VIIRS,n,2.0NRT,314.35,5.48,D
-15.44318,24.04696,341.66,0.52,0.41,2026-10-04,1227,N,VIIRS,l,2.0NRT,313.44,5.48,D
-15.43647,23.88405,350.91,0.51,0.41,2026-10-04,1227,N,VIIRS,n,2.0NRT,314.64,8.6,D
-15.43563,26.27664,367,0.47,0.47,2026-10-04,1227,N,VIIRS,h,2.0NRT,315.62,10.01,D
-15.43534,26.27744,349.43,0.47,0.47,2026-10-04,1227,N,VIIRS,n,2.0NRT,316.51,8.88,D
-15.43228,24.10959,345.87,0.52,0.42,2026-10-04,1227,N,VIIRS,n,2.0NRT,312.75,5.06,D
-15.43144,24.11443,352.06,0.52,0.42,2026-10-04,1227,N,VIIRS,n,2.0NRT,312.4,5.06,D
-15.43126,26.2758,349.45,0.47,0.47,2026-10-04,1227,N,VIIRS,n,2.0NRT,311.79,10.01,D
-15.43098,26.2766,341.66,0.47,0.47,2026-10-04,1227,N,VIIRS,l,2.0NRT,312.3,8.88,D
-15.42762,24.11373,356.91,0.52,0.42,2026-10-04,1227,N,VIIRS,n,2.0NRT,315.39,13.01,D
-15.4219,27.89219,344.51,0.59,0.53,2026-10-04,1227,N,VIIRS,n,2.0NRT,314.46,10.42,D
-15.4092,24.97104,341.39,0.39,0.44,2026-10-04,1227,N,VIIRS,n,2.0NRT,311.07,4.91,D
-15.40856,24.97462,336.87,0.39,0.44,2026-10-04,1227,N,VIIRS,l,2.0NRT,310.93,4.91,D
-15.40793,24.9782,342.28,0.39,0.44,2026-10-04,1227,N,VIIRS,n,2.0NRT,310.88,3.86,D
-15.40519,24.97025,353.61,0.39,0.44,2026-10-04,1227,N,VIIRS,n,2.0NRT,309.73,4.91,D
-15.40327,24.98105,338.72,0.39,0.44,2026-10-04,1227,N,VIIRS,l,2.0NRT,311.15,3.86,D
-15.39092,26.58635,336.08,0.49,0.48,2026-10-04,1227,N,VIIRS,n,2.0NRT,305.57,1.9,D
-15.38822,27.52535,339.31,0.56,0.52,2026-10-04,1227,N,VIIRS,l,2.0NRT,313.18,7.21,D
-15.38161,24.68842,335.11,0.56,0.43,2026-10-04,1227,N,VIIRS,l,2.0NRT,309.5,0.92,D
-15.38,24.68585,348.87,0.56,0.43,2026-10-04,1227,N,VIIRS,n,2.0NRT,314.68,6.1,D
-15.3796,23.04442,347.12,0.46,0.39,2026-10-04,1227,N,VIIRS,n,2.0NRT,312.97,4.1,D
-15.37599,23.04377,340.36,0.46,0.39,2026-10-04,1227,N,VIIRS,l,2.0NRT,310.8,4.1,D
-15.37577,24.9722,351.75,0.39,0.44,2026-10-04,1227,N,VIIRS,n,2.0NRT,312.14,6.72,D
-15.37512,24.9758,348.59,0.39,0.44,2026-10-04,1227,N,VIIRS,n,2.0NRT,313.3,6.72,D
-15.37448,24.9794,336.68,0.39,0.44,2026-10-04,1227,N,VIIRS,l,2.0NRT,311.33,4.11,D
-15.37175,24.97149,349.58,0.39,0.44,2026-10-04,1227,N,VIIRS,n,2.0NRT,312.32,6.72,D
-15.3711,24.97508,351.51,0.39,0.44,2026-10-04,1227,N,VIIRS,n,2.0NRT,310,6.72,D
-15.37046,24.97867,345.04,0.39,0.44,2026-10-04,1227,N,VIIRS,n,2.0NRT,309.83,4.11,D
-15.36909,23.43929,343.96,0.48,0.4,2026-10-04,1227,N,VIIRS,l,2.0NRT,317.29,7.62,D
-15.36708,24.97434,352.74,0.39,0.44,2026-10-04,1227,N,VIIRS,n,2.0NRT,314.5,9.93,D
-15.36703,22.67016,344.83,0.44,0.39,2026-10-04,1227,N,VIIRS,n,2.0NRT,314.94,6.19,D
-15.36231,24.95471,344.06,0.39,0.44,2026-10-04,1227,N,VIIRS,n,2.0NRT,312.31,2.98,D
-15.35808,26.98418,337.93,0.52,0.5,2026-10-04,1227,N,VIIRS,l,2.0NRT,311.91,4.54,D
-15.35708,28.70288,342,0.33,0.56,2026-10-04,1227,N,VIIRS,n,2.0NRT,297.74,4.64,D
-15.3559,24.31834,340,0.53,0.42,2026-10-04,1227,N,VIIRS,l,2.0NRT,310.2,3.76,D
-15.3556,24.3154,343.33,0.54,0.42,2026-10-04,1227,N,VIIRS,n,2.0NRT,312.05,29.15,D
-15.35511,23.43217,342.09,0.48,0.4,2026-10-04,1227,N,VIIRS,l,2.0NRT,316.56,7.43,D
-15.35203,24.31764,354.07,0.53,0.42,2026-10-04,1227,N,VIIRS,n,2.0NRT,316.36,28.72,D
-15.35088,24.31968,342.92,0.54,0.42,2026-10-04,1227,N,VIIRS,l,2.0NRT,314.17,34.58,D
-15.34816,24.31694,354.77,0.53,0.42,2026-10-04,1227,N,VIIRS,n,2.0NRT,312.76,28.72,D
-15.34034,22.98537,345.56,0.46,0.39,2026-10-04,1227,N,VIIRS,n,2.0NRT,311.9,6.59,D
-15.32895,24.53749,346.39,0.55,0.43,2026-10-04,1227,N,VIIRS,l,2.0NRT,319.43,18.67,D
-15.32764,24.84433,335.45,0.38,0.43,2026-10-04,1227,N,VIIRS,l,2.0NRT,309.16,2.42,D
-15.32576,24.85501,342.16,0.38,0.43,2026-10-04,1227,N,VIIRS,n,2.0NRT,311.4,4.04,D
-15.32302,24.84716,343.6,0.38,0.43,2026-10-04,1227,N,VIIRS,n,2.0NRT,309.4,1.52,D
-15.32239,24.85072,350.97,0.38,0.43,2026-10-04,1227,N,VIIRS,n,2.0NRT,311.37,5.37,D
-15.32176,24.85428,349.45,0.38,0.43,2026-10-04,1227,N,VIIRS,n,2.0NRT,311.65,5.37,D
-15.31975,22.17138,343.85,0.43,0.38,2026-10-04,1227,N,VIIRS,l,2.0NRT,316.63,7.18,D
-15.31627,22.17078,353.52,0.43,0.38,2026-10-04,1227,N,VIIRS,n,2.0NRT,318.76,14.28,D
-15.31279,23.56873,344.61,0.49,0.4,2026-10-04,1227,N,VIIRS,n,2.0NRT,315.23,5.8,D
-15.30798,26.79751,352.75,0.51,0.49,2026-10-04,1227,N,VIIRS,n,2.0NRT,311.35,6.89,D
-15.30669,24.75376,338.19,0.57,0.43,2026-10-04,1227,N,VIIRS,l,2.0NRT,312.56,6.42,D
-15.30346,26.79663,340.49,0.51,0.49,2026-10-04,1227,N,VIIRS,n,2.0NRT,308.36,3.92,D
-15.30178,24.75826,341.29,0.57,0.43,2026-10-04,1227,N,VIIRS,l,2.0NRT,313.12,6.42,D
-15.29275,24.35539,355.12,0.54,0.42,2026-10-04,1227,N,VIIRS,n,2.0NRT,312.19,15.2,D
-15.28887,24.3547,350.32,0.54,0.42,2026-10-04,1227,N,VIIRS,n,2.0NRT,314.35,15.2,D
-15.28499,24.35397,340.37,0.54,0.42,2026-10-04,1227,N,VIIRS,n,2.0NRT,309.07,3.99,D
-15.28485,22.81001,342.18,0.45,0.39,2026-10-04,1227,N,VIIRS,n,2.0NRT,314.71,1.85,D
-15.28221,23.99639,348.4,0.52,0.41,2026-10-04,1227,N,VIIRS,n,2.0NRT,312.17,10.94,D
-15.28197,23.95202,337.47,0.51,0.41,2026-10-04,1227,N,VIIRS,l,2.0NRT,312.15,1.68,D
-15.28103,26.84137,340.29,0.51,0.49,2026-10-04,1227,N,VIIRS,n,2.0NRT,309.07,4.6,D
-15.27068,25.1187,345.21,0.4,0.44,2026-10-04,1227,N,VIIRS,l,2.0NRT,315.9,7.05,D
-15.26797,24.49696,338.16,0.55,0.43,2026-10-04,1227,N,VIIRS,l,2.0NRT,312.16,9.46,D
-15.26662,25.11793,351.2,0.4,0.44,2026-10-04,1227,N,VIIRS,n,2.0NRT,318.21,47.81,D
-15.24886,24.33187,340.87,0.54,0.42,2026-10-04,1227,N,VIIRS,l,2.0NRT,313.24,4.87,D
-15.24654,26.46997,340.72,0.48,0.48,2026-10-04,1227,N,VIIRS,n,2.0NRT,306.94,5.57,D
-15.24462,26.38137,344.81,0.48,0.48,2026-10-04,1227,N,VIIRS,n,2.0NRT,311.99,6.74,D
-15.23945,26.5583,343.45,0.49,0.49,2026-10-04,1227,N,VIIRS,n,2.0NRT,306.66,6.46,D
-15.23874,24.20385,337.95,0.53,0.42,2026-10-04,1227,N,VIIRS,l,2.0NRT,311.34,4.53,D
-15.23512,25.38918,343.79,0.41,0.45,2026-10-04,1227,N,VIIRS,n,2.0NRT,310.78,3.65,D
-15.23304,26.543,355.59,0.49,0.48,2026-10-04,1227,N,VIIRS,n,2.0NRT,309.48,9.89,D
-15.23219,26.54758,336.02,0.49,0.48,2026-10-04,1227,N,VIIRS,l,2.0NRT,308,9.89,D
-15.23158,27.57356,345.13,0.57,0.52,2026-10-04,1227,N,VIIRS,n,2.0NRT,311.42,11.21,D
-15.23152,24.26883,338.13,0.53,0.42,2026-10-04,1227,N,VIIRS,l,2.0NRT,312.25,5.34,D
-15.22937,24.25819,346.7,0.53,0.42,2026-10-04,1227,N,VIIRS,n,2.0NRT,313.12,8.44,D
-15.22934,28.88624,332.74,0.35,0.56,2026-10-04,1227,N,VIIRS,n,2.0NRT,296.28,1.99,D
-15.2278,22.87845,347.3,0.45,0.39,2026-10-04,1227,N,VIIRS,n,2.0NRT,310.83,5.78,D
-15.2248,25.37522,338.17,0.41,0.45,2026-10-04,1227,N,VIIRS,n,2.0NRT,307.86,52.96,D
-15.22213,22.91236,338.38,0.46,0.39,2026-10-04,1227,N,VIIRS,n,2.0NRT,308.54,3.07,D
-15.22067,25.37444,367,0.41,0.45,2026-10-04,1227,N,VIIRS,h,2.0NRT,318.8,16.44,D
-15.22018,23.05737,340.1,0.46,0.39,2026-10-04,1227,N,VIIRS,l,2.0NRT,314.87,11.74,D
-15.21997,25.37831,353.76,0.41,0.45,2026-10-04,1227,N,VIIRS,n,2.0NRT,310.9,16.44,D
-15.21863,24.29727,341.35,0.54,0.42,2026-10-04,1227,N,VIIRS,n,2.0NRT,309.34,8.27,D
-15.21653,25.37369,347.84,0.41,0.45,2026-10-04,1227,N,VIIRS,n,2.0NRT,313.02,16.44,D
-15.21486,23.61833,339.69,0.49,0.41,2026-10-04,1227,N,VIIRS,l,2.0NRT,311.42,2.99,D
-15.21003,24.30085,337.35,0.54,0.42,2026-10-04,1227,N,VIIRS,l,2.0NRT,310.64,3.88,D
-15.20848,29.15995,340.61,0.36,0.57,2026-10-04,1227,N,VIIRS,n,2.0NRT,302.31,5.24,D
-15.20708,24.50385,343.88,0.55,0.43,2026-10-04,1227,N,VIIRS,n,2.0NRT,312.04,6.55,D
-15.20635,27.60161,348.09,0.57,0.52,2026-10-04,1227,N,VIIRS,n,2.0NRT,312.46,7.06,D
-15.20576,29.16227,347.3,0.36,0.57,2026-10-04,1227,N,VIIRS,n,2.0NRT,301.28,8.45,D
-15.20236,29.16308,344.24,0.36,0.57,2026-10-04,1227,N,VIIRS,n,2.0NRT,295.55,5.24,D
-15.20228,24.29943,347.94,0.54,0.42,2026-10-04,1227,N,VIIRS,n,2.0NRT,312.44,7.46,D
-15.19908,25.02866,339.69,0.39,0.44,2026-10-04,1227,N,VIIRS,l,2.0NRT,313.59,7.69,D
-15.19789,26.21812,335.6,0.47,0.47,2026-10-04,1227,N,VIIRS,l,2.0NRT,309.69,9,D
-15.19709,26.22249,336.58,0.47,0.47,2026-10-04,1227,N,VIIRS,l,2.0NRT,310.63,5.19,D
-15.19566,24.93016,341.07,0.39,0.44,2026-10-04,1227,N,VIIRS,n,2.0NRT,309.2,3.16,D
-15.19532,24.50169,336.61,0.55,0.43,2026-10-04,1227,N,VIIRS,l,2.0NRT,311.52,4.26,D
-15.19351,26.21735,340.26,0.47,0.47,2026-10-04,1227,N,VIIRS,l,2.0NRT,311.72,6.68,D
-15.19228,24.92583,339.15,0.39,0.44,2026-10-04,1227,N,VIIRS,n,2.0NRT,313.37,9.68,D
-15.19164,24.92944,367,0.39,0.44,2026-10-04,1227,N,VIIRS,h,2.0NRT,321.71,12.22,D
-15.191,24.93305,352.32,0.39,0.44,2026-10-04,1227,N,VIIRS,n,2.0NRT,316.1,12.22,D
-15.18761,24.92871,343.04,0.39,0.44,2026-10-04,1227,N,VIIRS,n,2.0NRT,311.19,12.22,D
-15.18351,28.06337,344.29,0.61,0.54,2026-10-04,1227,N,VIIRS,n,2.0NRT,310.82,13.55,D
-15.18337,28.06159,349.53,0.61,0.54,2026-10-04,1227,N,VIIRS,n,2.0NRT,310.03,14,D
-15.18026,27.12258,341.61,0.53,0.5,2026-10-04,1227,N,VIIRS,n,2.0NRT,310.67,12.03,D
-15.1793,27.12759,345.08,0.53,0.5,2026-10-04,1227,N,VIIRS,n,2.0NRT,313.12,12.03,D
-15.17467,27.12667,341.03,0.53,0.5,2026-10-04,1227,N,VIIRS,l,2.0NRT,313.44,4.54,D
-15.15384,22.73692,346.21,0.45,0.39,2026-10-04,1227,N,VIIRS,l,2.0NRT,319.53,9.15,D
-15.15107,23.37932,341.86,0.48,0.4,2026-10-04,1227,N,VIIRS,n,2.0NRT,311.14,3.55,D
-15.1485,25.21896,339.03,0.41,0.45,2026-10-04,1227,N,VIIRS,l,2.0NRT,313.56,8.64,D
-15.14532,23.14662,346.84,0.47,0.4,2026-10-04,1227,N,VIIRS,n,2.0NRT,317.95,20.74,D
-15.14488,24.95825,337.41,0.39,0.44,2026-10-04,1227,N,VIIRS,l,2.0NRT,311.56,6.01,D
-15.13625,24.46966,344.64,0.55,0.43,2026-10-04,1227,N,VIIRS,n,2.0NRT,311.16,5.99,D
-15.13588,22.91168,341.68,0.46,0.39,2026-10-04,1227,N,VIIRS,l,2.0NRT,314.66,4.33,D
-15.13555,26.55835,343.08,0.49,0.49,2026-10-04,1227,N,VIIRS,n,2.0NRT,306.17,4.21,D
-15.13229,22.91104,338.48,0.46,0.39,2026-10-04,1227,N,VIIRS,l,2.0NRT,310.7,4.33,D
-15.11449,23.04019,346.79,0.46,0.39,2026-10-04,1227,N,VIIRS,n,2.0NRT,316.36,10.79,D
-15.11141,22.90296,340.84,0.46,0.39,2026-10-04,1227,N,VIIRS,n,2.0NRT,310.14,4.66,D
-15.10986,23.24399,345.65,0.47,0.4,2026-10-04,1227,N,VIIRS,n,2.0NRT,314.06,4.15,D
-15.10781,22.90233,349.39,0.46,0.39,2026-10-04,1227,N,VIIRS,n,2.0NRT,319.2,16.22,D
-15.10649,22.99888,354.44,0.46,0.39,2026-10-04,1227,N,VIIRS,n,2.0NRT,313.6,15.64,D
-15.10563,27.69025,340.35,0.58,0.52,2026-10-04,1227,N,VIIRS,l,2.0NRT,311.34,9.5,D
-15.1035,22.90594,337.43,0.46,0.39,2026-10-04,1227,N,VIIRS,l,2.0NRT,311.75,16.22,D
-15.10322,30.71161,345.77,0.46,0.63,2026-10-04,1227,N,VIIRS,n,2.0NRT,290.95,8.74,D
-15.10116,30.71201,347.81,0.46,0.63,2026-10-04,1227,N,VIIRS,n,2.0NRT,291.09,7.03,D
-15.10082,27.68929,344.44,0.58,0.52,2026-10-04,1227,N,VIIRS,n,2.0NRT,312.21,9.5,D
-15.09949,23.57041,343.77,0.49,0.4,2026-10-04,1227,N,VIIRS,l,2.0NRT,316.78,9.34,D
-15.09778,24.52641,337.65,0.55,0.43,2026-10-04,1227,N,VIIRS,l,2.0NRT,312.62,2.44,D
-15.0971,23.01048,348,0.46,0.39,2026-10-04,1227,N,VIIRS,l,2.0NRT,318.97,17.75,D
-15.09706,24.30295,336.44,0.54,0.42,2026-10-04,1227,N,VIIRS,l,2.0NRT,310.85,3,D
-15.09318,24.30224,340.78,0.54,0.42,2026-10-04,1227,N,VIIRS,l,2.0NRT,313.92,24.89,D
-15.09231,22.21451,347.16,0.43,0.38,2026-10-04,1227,N,VIIRS,l,2.0NRT,321.46,25.46,D
-15.09231,24.30724,351.89,0.54,0.42,2026-10-04,1227,N,VIIRS,n,2.0NRT,313.99,17.69,D
-15.09026,24.57544,350.65,0.56,0.43,2026-10-04,1227,N,VIIRS,n,2.0NRT,312.46,14.74,D
-15.08947,24.57278,340.27,0.56,0.43,2026-10-04,1227,N,VIIRS,l,2.0NRT,314.72,9.74,D
-15.08882,22.2139,346.95,0.43,0.38,2026-10-04,1227,N,VIIRS,l,2.0NRT,319.27,25.46,D
-15.08844,25.11418,345.08,0.4,0.44,2026-10-04,1227,N,VIIRS,l,2.0NRT,317.11,6.2,D
-15.08816,22.21789,342.46,0.43,0.38,2026-10-04,1227,N,VIIRS,l,2.0NRT,315.01,25.46,D
-15.08672,25.37297,342.11,0.41,0.45,2026-10-04,1227,N,VIIRS,l,2.0NRT,316.15,5.25,D
-15.08533,22.2133,338.17,0.43,0.38,2026-10-04,1227,N,VIIRS,l,2.0NRT,312.62,4.05,D
-15.07527,23.75681,339.1,0.5,0.41,2026-10-04,1227,N,VIIRS,l,2.0NRT,314.09,2.91,D
-15.06531,22.95628,347.91,0.46,0.39,2026-10-04,1227,N,VIIRS,n,2.0NRT,314.13,12.25,D
-15.06079,24.13968,341.77,0.53,0.42,2026-10-04,1227,N,VIIRS,l,2.0NRT,316.49,7.27,D
-15.05923,27.85247,338.54,0.6,0.53,2026-10-04,1227,N,VIIRS,l,2.0NRT,308.84,7.17,D
-15.03735,25.35525,346.73,0.41,0.45,2026-10-04,1227,N,VIIRS,l,2.0NRT,318.28,7.53,D
-15.03282,27.53206,344.62,0.57,0.52,2026-10-04,1227,N,VIIRS,n,2.0NRT,312.43,10.66,D
-15.03252,25.35834,353.25,0.42,0.45,2026-10-04,1227,N,VIIRS,n,2.0NRT,317.96,8.6,D
-15.03184,25.36221,351.52,0.42,0.45,2026-10-04,1227,N,VIIRS,l,2.0NRT,325.62,56.01,D
-15.02375,23.82991,341.24,0.51,0.41,2026-10-04,1227,N,VIIRS,l,2.0NRT,312.48,5.27,D
-15.02294,28.94796,353.5,0.35,0.57,2026-10-04,1227,N,VIIRS,n,2.0NRT,304.43,7.75,D
-15.02238,28.94548,338.08,0.35,0.57,2026-10-04,1227,N,VIIRS,n,2.0NRT,303.24,4.55,D
-15.02173,28.94868,348.33,0.35,0.57,2026-10-04,1227,N,VIIRS,n,2.0NRT,304.25,6.99,D
-15.0187,26.5562,343.25,0.49,0.49,2026-10-04,1227,N,VIIRS,n,2.0NRT,308.26,7.74,D
-15.01552,24.74598,342.91,0.57,0.43,2026-10-04,1227,N,VIIRS,n,2.0NRT,311.67,6.52,D
-15.01423,26.55532,341.65,0.49,0.49,2026-10-04,1227,N,VIIRS,n,2.0NRT,309.76,5.07,D
-15.01007,24.61434,348.21,0.56,0.43,2026-10-04,1227,N,VIIRS,n,2.0NRT,318.13,28.75,D
-15.00799,27.53241,344.36,0.57,0.52,2026-10-04,1227,N,VIIRS,n,2.0NRT,314.12,10.23,D
-15.00613,24.61355,347.05,0.56,0.43,2026-10-04,1227,N,VIIRS,n,2.0NRT,314.93,7.38,D
-15.00563,25.24651,367,0.41,0.45,2026-10-04,1227,N,VIIRS,l,2.0NRT,325.28,49.98,D
-15.00493,27.5483,343.35,0.57,0.52,2026-10-04,1227,N,VIIRS,l,2.0NRT,315.94,12.98,D
-15.00469,24.41647,349.17,0.55,0.43,2026-10-04,1227,N,VIIRS,n,2.0NRT,316.37,14.2,D
-15.00284,25.33291,340.68,0.41,0.45,2026-10-04,1227,N,VIIRS,l,2.0NRT,314.91,3.25,D
-15.00218,24.61279,339.62,0.56,0.43,2026-10-04,1227,N,VIIRS,l,2.0NRT,314.24,7.38,D
-15.00151,25.24576,347.05,0.41,0.45,2026-10-04,1227,N,VIIRS,n,2.0NRT,316.6,9.99,D
-14.9876,24.83388,341.17,0.39,0.44,2026-10-04,1227,N,VIIRS,l,2.0NRT,313.64,6.69,D
-14.98714,29.90148,354.58,0.41,0.6,2026-10-04,1227,N,VIIRS,n,2.0NRT,299.68,8.46,D
-14.98697,24.83747,343.63,0.39,0.44,2026-10-04,1227,N,VIIRS,l,2.0NRT,314.92,10.73,D
-14.98643,29.90498,336.08,0.41,0.6,2026-10-04,1227,N,VIIRS,n,2.0NRT,298.58,6.41,D
-14.98296,24.83672,344.84,0.39,0.44,2026-10-04,1227,N,VIIRS,n,2.0NRT,312.7,5.48,D
-14.97692,25.1709,341.33,0.4,0.45,2026-10-04,1227,N,VIIRS,l,2.0NRT,314.58,5.87,D
-14.97217,28.84738,339.08,0.35,0.57,2026-10-04,1227,N,VIIRS,n,2.0NRT,297.68,2.73,D
-14.97008,23.96536,341.52,0.52,0.41,2026-10-04,1227,N,VIIRS,l,2.0NRT,314.84,5.5,D
-14.96831,23.96734,342.28,0.52,0.41,2026-10-04,1227,N,VIIRS,l,2.0NRT,315.89,7.02,D
-14.96374,25.26612,339.69,0.41,0.45,2026-10-04,1227,N,VIIRS,l,2.0NRT,313.56,5.1,D
-14.96304,25.26994,339.22,0.41,0.45,2026-10-04,1227,N,VIIRS,l,2.0NRT,313.52,5.91,D
-14.96246,23.96398,341.48,0.52,0.41,2026-10-04,1227,N,VIIRS,l,2.0NRT,315.5,10.2,D
-14.96177,25.26544,345.21,0.41,0.45,2026-10-04,1227,N,VIIRS,n,2.0NRT,314.02,5.2,D
-14.9611,25.26927,344.38,0.41,0.45,2026-10-04,1227,N,VIIRS,n,2.0NRT,313.01,5.64,D
-14.95241,24.86837,343.54,0.39,0.44,2026-10-04,1227,N,VIIRS,n,2.0NRT,313.41,3.02,D
-14.94838,24.86767,345.15,0.39,0.44,2026-10-04,1227,N,VIIRS,l,2.0NRT,315.69,3.02,D
-14.94785,22.96698,352.31,0.46,0.39,2026-10-04,1227,N,VIIRS,n,2.0NRT,318.01,44.08,D
-14.93973,24.35423,340.58,0.55,0.42,2026-10-04,1227,N,VIIRS,l,2.0NRT,315.25,6.1,D
-14.93724,22.82548,341.84,0.46,0.39,2026-10-04,1227,N,VIIRS,n,2.0NRT,315.92,3.72,D
-14.93488,28.90006,335.35,0.35,0.57,2026-10-04,1227,N,VIIRS,n,2.0NRT,288.54,3.88,D
-14.93424,28.90334,367,0.35,0.57,2026-10-04,1227,N,VIIRS,h,2.0NRT,293.2,3.88,D
-14.93421,28.90144,367,0.35,0.57,2026-10-04,1227,N,VIIRS,h,2.0NRT,292.67,5.58,D
-14.93355,28.90472,353.69,0.35,0.57,2026-10-04,1227,N,VIIRS,n,2.0NRT,296.79,5.58,D
-14.92899,28.9024,336.21,0.35,0.57,2026-10-04,1227,N,VIIRS,n,2.0NRT,295.01,3.88,D
-14.92829,28.90378,336.35,0.35,0.57,2026-10-04,1227,N,VIIRS,n,2.0NRT,294.59,5.58,D
-14.91971,27.63474,338.98,0.58,0.52,2026-10-04,1227,N,VIIRS,l,2.0NRT,310.3,10.93,D
-14.89983,25.42135,350.56,0.42,0.45,2026-10-04,1227,N,VIIRS,n,2.0NRT,314.7,9.47,D
-14.89218,27.85891,344.53,0.6,0.53,2026-10-04,1227,N,VIIRS,n,2.0NRT,307.91,7.87,D
-14.89107,24.9804,342.11,0.4,0.44,2026-10-04,1227,N,VIIRS,l,2.0NRT,315.91,6,D
-14.88631,26.86117,336.83,0.52,0.5,2026-10-04,1227,N,VIIRS,l,2.0NRT,309.95,4.43,D
-14.87934,27.27799,349.88,0.55,0.51,2026-10-04,1227,N,VIIRS,n,2.0NRT,314.34,11.05,D
-14.87047,22.95857,344.97,0.46,0.39,2026-10-04,1227,N,VIIRS,n,2.0NRT,318.33,8.53,D
-14.86018,27.43176,351.07,0.57,0.52,2026-10-04,1227,N,VIIRS,n,2.0NRT,313.68,16.98,D
-14.85918,27.43707,346.71,0.57,0.52,2026-10-04,1227,N,VIIRS,n,2.0NRT,312.72,13.48,D
-14.85763,24.24896,336.77,0.54,0.42,2026-10-04,1227,N,VIIRS,l,2.0NRT,310.8,1.41,D
-14.85681,22.72499,343.04,0.45,0.39,2026-10-04,1227,N,VIIRS,l,2.0NRT,316.86,9.08,D
-14.85238,22.95537,351.15,0.46,0.39,2026-10-04,1227,N,VIIRS,n,2.0NRT,320.04,13.53,D
-14.84844,23.86093,339.63,0.51,0.41,2026-10-04,1227,N,VIIRS,l,2.0NRT,311.4,3.85,D
-14.84538,22.7273,348.98,0.45,0.39,2026-10-04,1227,N,VIIRS,l,2.0NRT,319.21,10.29,D
-14.84468,22.7315,352.39,0.45,0.39,2026-10-04,1227,N,VIIRS,n,2.0NRT,319.26,10.29,D
-14.84387,27.23369,344.33,0.55,0.51,2026-10-04,1227,N,VIIRS,n,2.0NRT,313.32,7.1,D
-14.8432,27.0607,339.57,0.54,0.5,2026-10-04,1227,N,VIIRS,l,2.0NRT,311.28,4.79,D
-14.84034,27.06223,339.55,0.54,0.51,2026-10-04,1227,N,VIIRS,l,2.0NRT,311.8,5.63,D
-14.83407,25.35694,345.17,0.42,0.45,2026-10-04,1227,N,VIIRS,l,2.0NRT,315.79,7.26,D
-14.83338,25.3563,345.52,0.42,0.45,2026-10-04,1227,N,VIIRS,l,2.0NRT,316.39,5.86,D
-14.8327,25.36017,344.55,0.42,0.45,2026-10-04,1227,N,VIIRS,n,2.0NRT,313.1,5.86,D
-14.82829,27.0494,345.37,0.54,0.5,2026-10-04,1227,N,VIIRS,n,2.0NRT,311.84,6.84,D
-14.818,27.10466,342.72,0.54,0.51,2026-10-04,1227,N,VIIRS,n,2.0NRT,312.51,7.55,D
-14.81407,23.92381,348.11,0.52,0.41,2026-10-04,1227,N,VIIRS,l,2.0NRT,318.53,14.99,D
-14.81334,27.10372,350.65,0.54,0.51,2026-10-04,1227,N,VIIRS,n,2.0NRT,314.66,13.48,D
-14.80426,26.84669,340.51,0.52,0.5,2026-10-04,1227,N,VIIRS,n,2.0NRT,305.98,7.05,D
-14.79462,27.1263,349.71,0.54,0.51,2026-10-04,1227,N,VIIRS,n,2.0NRT,313.8,13.87,D
-14.78976,24.38223,341.66,0.55,0.43,2026-10-04,1227,N,VIIRS,l,2.0NRT,315.61,9.17,D
-14.78852,27.36851,347.16,0.56,0.52,2026-10-04,1227,N,VIIRS,n,2.0NRT,316.31,8.86,D
-14.78786,27.37092,345.46,0.56,0.52,2026-10-04,1227,N,VIIRS,l,2.0NRT,315.66,7.58,D
-14.78491,23.97823,343.25,0.52,0.42,2026-10-04,1227,N,VIIRS,l,2.0NRT,315.8,13.88,D
-14.78129,23.23951,348.39,0.48,0.4,2026-10-04,1227,N,VIIRS,n,2.0NRT,312.23,8.94,D
-14.78122,24.72832,340.11,0.38,0.43,2026-10-04,1227,N,VIIRS,l,2.0NRT,312.32,1.38,D
-14.779,23.24002,354.6,0.48,0.4,2026-10-04,1227,N,VIIRS,n,2.0NRT,317.27,18.12,D
-14.77786,24.72397,346.41,0.38,0.43,2026-10-04,1227,N,VIIRS,n,2.0NRT,313.88,4.75,D
-14.77762,23.23886,339.51,0.48,0.4,2026-10-04,1227,N,VIIRS,l,2.0NRT,312.6,8.94,D
-14.77687,23.1622,341.14,0.47,0.4,2026-10-04,1227,N,VIIRS,n,2.0NRT,308.51,6.28,D
-14.77586,22.68058,348.05,0.45,0.39,2026-10-04,1227,N,VIIRS,l,2.0NRT,322.41,7.76,D
-14.7745,24.71964,343.26,0.38,0.43,2026-10-04,1227,N,VIIRS,n,2.0NRT,311.14,3.31,D
-14.77387,24.72321,344.42,0.38,0.43,2026-10-04,1227,N,VIIRS,n,2.0NRT,311.18,4.75,D
-14.77323,23.13891,356.93,0.47,0.4,2026-10-04,1227,N,VIIRS,n,2.0NRT,310.38,17.07,D
-14.76957,23.13826,351.78,0.47,0.4,2026-10-04,1227,N,VIIRS,n,2.0NRT,309.98,17.07,D
-14.76884,23.14265,367,0.47,0.4,2026-10-04,1227,N,VIIRS,h,2.0NRT,312.23,17.07,D
-14.76791,27.03793,335.36,0.54,0.5,2026-10-04,1227,N,VIIRS,l,2.0NRT,308.85,2.3,D
-14.76136,27.593,344.93,0.58,0.52,2026-10-04,1227,N,VIIRS,n,2.0NRT,303.47,10.71,D
-14.75611,23.88054,348.76,0.52,0.41,2026-10-04,1227,N,VIIRS,n,2.0NRT,312.46,11.23,D
-14.75153,28.37363,336.32,0.33,0.55,2026-10-04,1227,N,VIIRS,n,2.0NRT,301.32,2.72,D
-14.74469,23.87855,341.01,0.52,0.41,2026-10-04,1227,N,VIIRS,l,2.0NRT,315.53,5.66,D
-14.7419,24.83265,339.8,0.39,0.44,2026-10-04,1227,N,VIIRS,l,2.0NRT,313.19,2.94,D
-14.73867,27.34495,340.22,0.56,0.52,2026-10-04,1227,N,VIIRS,l,2.0NRT,312.5,6.26,D
-14.72983,26.7936,336.72,0.52,0.5,2026-10-04,1227,N,VIIRS,l,2.0NRT,308.37,5.94,D
-14.72229,29.75149,332.19,0.4,0.6,2026-10-04,1227,N,VIIRS,n,2.0NRT,294.75,2.08,D
-14.71372,28.45846,341.97,0.33,0.55,2026-10-04,1227,N,VIIRS,n,2.0NRT,306.78,6.08,D
-14.70049,25.3724,343.66,0.42,0.45,2026-10-04,1227,N,VIIRS,n,2.0NRT,310.38,5.51,D
-14.70049,27.44156,339.69,0.57,0.52,2026-10-04,1227,N,VIIRS,l,2.0NRT,313.49,9.59,D
-14.69933,27.10983,337.14,0.54,0.51,2026-10-04,1227,N,VIIRS,l,2.0NRT,308.82,3.78,D
-14.68902,27.11313,337.49,0.54,0.51,2026-10-04,1227,N,VIIRS,l,2.0NRT,309.53,2.34,D
-14.66939,27.47424,337.84,0.57,0.52,2026-10-04,1227,N,VIIRS,l,2.0NRT,311.23,5.15,D
-14.65377,29.19116,354.12,0.37,0.58,2026-10-04,1227,N,VIIRS,n,2.0NRT,299.97,4.66,D
-14.65161,29.18947,367,0.37,0.58,2026-10-04,1227,N,VIIRS,h,2.0NRT,300.63,10.44,D
-14.64904,25.37087,341.8,0.42,0.45,2026-10-04,1227,N,VIIRS,l,2.0NRT,313.31,6.17,D
-14.64836,29.19035,347.33,0.37,0.58,2026-10-04,1227,N,VIIRS,n,2.0NRT,299.61,6.06,D
-14.63842,23.89063,343.47,0.52,0.41,2026-10-04,1227,N,VIIRS,l,2.0NRT,315.44,11.31,D
-14.63563,23.28983,340.94,0.48,0.4,2026-10-04,1227,N,VIIRS,l,2.0NRT,314.12,4.71,D
-14.63269,23.28469,341.37,0.48,0.4,2026-10-04,1227,N,VIIRS,l,2.0NRT,312.83,4.77,D
-14.62857,27.04951,344.99,0.54,0.51,2026-10-04,1227,N,VIIRS,n,2.0NRT,311.84,4.07,D
-14.626,27.05096,345.45,0.54,0.51,2026-10-04,1227,N,VIIRS,n,2.0NRT,311.38,5.91,D
-14.62112,25.5004,336.23,0.43,0.46,2026-10-04,1227,N,VIIRS,l,2.0NRT,310.98,3.56,D
-14.61335,24.17737,349.39,0.54,0.42,2026-10-04,1227,N,VIIRS,n,2.0NRT,316.53,17.06,D
-14.61289,24.17924,349.67,0.54,0.42,2026-10-04,1227,N,VIIRS,n,2.0NRT,318.05,15.33,D
-14.6079,27.28361,339.05,0.56,0.51,2026-10-04,1227,N,VIIRS,l,2.0NRT,312.99,5.95,D
-14.5856,25.19453,342.57,0.41,0.45,2026-10-04,1227,N,VIIRS,l,2.0NRT,314.64,5.45,D
-14.58262,24.26227,342.43,0.55,0.42,2026-10-04,1227,N,VIIRS,n,2.0NRT,315.5,7.9,D
-14.57871,24.26161,344.05,0.55,0.42,2026-10-04,1227,N,VIIRS,n,2.0NRT,314.67,7.9,D
-14.5699,24.79132,345.69,0.39,0.44,2026-10-04,1227,N,VIIRS,l,2.0NRT,317.03,5.62,D
-14.56777,25.1282,353.1,0.41,0.45,2026-10-04,1227,N,VIIRS,n,2.0NRT,314.72,11.76,D
-14.56246,22.81445,347.42,0.46,0.39,2026-10-04,1227,N,VIIRS,n,2.0NRT,315.04,5.01,D
-14.54925,24.90819,339.8,0.4,0.44,2026-10-04,1227,N,VIIRS,l,2.0NRT,311.66,3.91,D
-14.54859,24.91187,355.9,0.4,0.44,2026-10-04,1227,N,VIIRS,n,2.0NRT,314.18,9.27,D
-14.54794,24.91557,354.86,0.4,0.44,2026-10-04,1227,N,VIIRS,n,2.0NRT,314.23,9.27,D
-14.54729,24.91927,343.59,0.4,0.44,2026-10-04,1227,N,VIIRS,n,2.0NRT,312.45,6.79,D
-14.54317,24.80128,343.12,0.39,0.44,2026-10-04,1227,N,VIIRS,n,2.0NRT,310.96,3.23,D
-14.53913,24.80054,341.02,0.39,0.44,2026-10-04,1227,N,VIIRS,n,2.0NRT,310.17,8.21,D
-14.53754,23.91516,338.86,0.52,0.42,2026-10-04,1227,N,VIIRS,l,2.0NRT,312.01,1.89,D
-14.53454,23.90963,344.23,0.52,0.42,2026-10-04,1227,N,VIIRS,l,2.0NRT,314.92,30.82,D
-14.52874,27.44077,337.4,0.57,0.52,2026-10-04,1227,N,VIIRS,l,2.0NRT,308.03,6.36,D
-14.52532,24.7384,338.54,0.39,0.44,2026-10-04,1227,N,VIIRS,l,2.0NRT,310.68,3.57,D
-14.52382,28.79258,338.83,0.35,0.57,2026-10-04,1227,N,VIIRS,n,2.0NRT,296.18,3.91,D
-14.52305,28.794,337.18,0.35,0.57,2026-10-04,1227,N,VIIRS,n,2.0NRT,298.25,3.14,D
-14.52182,25.15862,344.13,0.41,0.45,2026-10-04,1227,N,VIIRS,n,2.0NRT,313.17,2.99,D
-14.52041,24.20416,340.09,0.54,0.42,2026-10-04,1227,N,VIIRS,n,2.0NRT,314.01,6.3,D
-14.51969,24.95634,339.32,0.4,0.44,2026-10-04,1227,N,VIIRS,l,2.0NRT,311.66,3.93,D
-14.51651,24.2035,350.05,0.54,0.42,2026-10-04,1227,N,VIIRS,n,2.0NRT,314.05,6.3,D
-14.50965,25.56636,341.82,0.44,0.46,2026-10-04,1227,N,VIIRS,n,2.0NRT,306.98,4.22,D
-14.49896,27.44063,340.97,0.57,0.52,2026-10-04,1227,N,VIIRS,n,2.0NRT,308.34,13.04,D
-14.49795,27.44595,346.49,0.58,0.52,2026-10-04,1227,N,VIIRS,n,2.0NRT,310.8,13.04,D
-14.49568,25.13795,343.79,0.41,0.45,2026-10-04,1227,N,VIIRS,n,2.0NRT,313.41,5.53,D
-14.49514,25.33333,338.31,0.42,0.45,2026-10-04,1227,N,VIIRS,l,2.0NRT,311.12,6.79,D
-14.49444,25.33726,346.29,0.42,0.45,2026-10-04,1227,N,VIIRS,n,2.0NRT,312.95,6.79,D
-14.49425,22.77279,340.11,0.46,0.39,2026-10-04,1227,N,VIIRS,l,2.0NRT,312.6,4.44,D
-14.49156,25.13719,345.97,0.41,0.45,2026-10-04,1227,N,VIIRS,n,2.0NRT,315.46,5.53,D
-14.49038,24.489,338.9,0.56,0.43,2026-10-04,1227,N,VIIRS,n,2.0NRT,309.8,8.27,D
-14.48958,24.84691,342.02,0.39,0.44,2026-10-04,1227,N,VIIRS,n,2.0NRT,314.14,6.28,D
-14.48894,24.85058,345.82,0.39,0.44,2026-10-04,1227,N,VIIRS,n,2.0NRT,317.49,6.28,D
-14.48572,25.55352,340.34,0.44,0.46,2026-10-04,1227,N,VIIRS,n,2.0NRT,309.6,7.97,D
-14.48498,25.55755,367,0.44,0.46,2026-10-04,1227,N,VIIRS,h,2.0NRT,311.15,7.97,D
-14.48381,24.88002,341.07,0.4,0.44,2026-10-04,1227,N,VIIRS,l,2.0NRT,313.41,5.57,D
-14.48336,24.04627,344.73,0.53,0.42,2026-10-04,1227,N,VIIRS,n,2.0NRT,314.49,10.18,D
-14.48301,24.3015,344.63,0.55,0.43,2026-10-04,1227,N,VIIRS,n,2.0NRT,310.85,9.96,D
-14.48296,24.30474,345.34,0.55,0.43,2026-10-04,1227,N,VIIRS,n,2.0NRT,309.72,10.15,D
-14.48157,25.55709,347.7,0.44,0.46,2026-10-04,1227,N,VIIRS,n,2.0NRT,312.61,16.31,D
-14.48075,25.55673,346.49,0.44,0.46,2026-10-04,1227,N,VIIRS,n,2.0NRT,311,7.97,D
-14.48014,25.56518,349.8,0.44,0.46,2026-10-04,1227,N,VIIRS,n,2.0NRT,310.09,13.39,D
-14.47992,24.29895,343.44,0.55,0.43,2026-10-04,1227,N,VIIRS,n,2.0NRT,311.74,8.07,D
-14.4795,24.04558,354.17,0.53,0.42,2026-10-04,1227,N,VIIRS,n,2.0NRT,316.18,10.2,D
-14.47926,25.5648,352.07,0.44,0.46,2026-10-04,1227,N,VIIRS,n,2.0NRT,309.34,15.08,D
-14.4791,24.30075,341.77,0.55,0.43,2026-10-04,1227,N,VIIRS,l,2.0NRT,313.57,11.26,D
-14.47664,24.49731,339.15,0.56,0.43,2026-10-04,1227,N,VIIRS,n,2.0NRT,307.65,8.67,D
-14.47651,24.03992,349.38,0.53,0.42,2026-10-04,1227,N,VIIRS,n,2.0NRT,314.59,13.39,D
-14.47644,28.84034,367,0.36,0.57,2026-10-04,1227,N,VIIRS,h,2.0NRT,302.64,12.73,D
-14.47565,24.04488,336.98,0.53,0.42,2026-10-04,1227,N,VIIRS,l,2.0NRT,311.22,10.2,D
-14.47492,24.99429,344.33,0.4,0.44,2026-10-04,1227,N,VIIRS,n,2.0NRT,311.86,3.9,D
-14.46895,24.33927,338.56,0.55,0.43,2026-10-04,1227,N,VIIRS,n,2.0NRT,310.27,5.35,D
-14.46833,24.11003,349.7,0.54,0.42,2026-10-04,1227,N,VIIRS,n,2.0NRT,315.62,16.87,D
-14.46786,24.341,337.54,0.55,0.43,2026-10-04,1227,N,VIIRS,l,2.0NRT,309.6,2.71,D
-14.46747,24.11503,341.06,0.54,0.42,2026-10-04,1227,N,VIIRS,l,2.0NRT,313.29,16.15,D
-14.46559,25.47501,348.18,0.43,0.46,2026-10-04,1227,N,VIIRS,n,2.0NRT,312.23,5.9,D
-14.46446,24.10933,345.92,0.54,0.42,2026-10-04,1227,N,VIIRS,l,2.0NRT,317.16,16.87,D
-14.46195,24.51088,335.68,0.57,0.43,2026-10-04,1227,N,VIIRS,n,2.0NRT,308.91,4.91,D
-14.46058,24.47273,340.18,0.56,0.43,2026-10-04,1227,N,VIIRS,n,2.0NRT,307.16,3.24,D
-14.4586,24.47048,334.18,0.56,0.43,2026-10-04,1227,N,VIIRS,l,2.0NRT,306.29,9.3,D
-14.45707,24.17494,353.21,0.54,0.42,2026-10-04,1227,N,VIIRS,n,2.0NRT,316.19,35.5,D
-14.45663,24.47195,333.48,0.56,0.43,2026-10-04,1227,N,VIIRS,n,2.0NRT,306.59,2.59,D
-14.45312,25.42326,344.64,0.43,0.46,2026-10-04,1227,N,VIIRS,n,2.0NRT,311.66,4.63,D
-14.45133,25.53038,347.86,0.43,0.46,2026-10-04,1227,N,VIIRS,n,2.0NRT,309.02,4.54,D
-14.4512,24.44237,347.56,0.56,0.43,2026-10-04,1227,N,VIIRS,n,2.0NRT,307.44,5.59,D
-14.45061,25.53441,344.06,0.43,0.46,2026-10-04,1227,N,VIIRS,n,2.0NRT,309.34,4.54,D
-14.44988,25.53845,336.74,0.44,0.46,2026-10-04,1227,N,VIIRS,n,2.0NRT,307.66,3.77,D
-14.44941,24.44391,348.97,0.56,0.43,2026-10-04,1227,N,VIIRS,n,2.0NRT,307.81,10.1,D
-14.44862,24.29313,344.54,0.55,0.43,2026-10-04,1227,N,VIIRS,n,2.0NRT,309.86,6.16,D
-14.44789,28.59867,338.46,0.34,0.56,2026-10-04,1227,N,VIIRS,n,2.0NRT,301.68,2.92,D
-14.44773,24.29823,342.75,0.55,0.43,2026-10-04,1227,N,VIIRS,n,2.0NRT,311.25,8.35,D
-14.44725,24.44164,338.63,0.56,0.43,2026-10-04,1227,N,VIIRS,n,2.0NRT,306.34,5.59,D
-14.4471,25.52957,346.21,0.43,0.46,2026-10-04,1227,N,VIIRS,n,2.0NRT,311.66,4.54,D
-14.44638,25.53361,349.07,0.43,0.46,2026-10-04,1227,N,VIIRS,n,2.0NRT,311.66,4.54,D
-14.44565,25.53765,346.94,0.44,0.46,2026-10-04,1227,N,VIIRS,n,2.0NRT,309.92,3.77,D
-14.4452,23.48161,342.79,0.5,0.41,2026-10-04,1227,N,VIIRS,l,2.0NRT,317.77,9.76,D
-14.4444,23.09358,354.48,0.48,0.4,2026-10-04,1227,N,VIIRS,n,2.0NRT,317.48,12.19,D
-14.44214,25.53283,343.06,0.43,0.46,2026-10-04,1227,N,VIIRS,n,2.0NRT,309.52,5.8,D
-14.44147,23.48095,350.34,0.5,0.41,2026-10-04,1227,N,VIIRS,n,2.0NRT,318.53,9.76,D
-14.44079,24.29167,335.56,0.55,0.43,2026-10-04,1227,N,VIIRS,l,2.0NRT,309.83,8.4,D
-14.4394,27.31546,353.35,0.57,0.52,2026-10-04,1227,N,VIIRS,n,2.0NRT,308.48,10.33,D
-14.43494,28.6386,351.36,0.34,0.56,2026-10-04,1227,N,VIIRS,n,2.0NRT,302.82,5.55,D
-14.43467,28.6395,367,0.35,0.56,2026-10-04,1227,N,VIIRS,h,2.0NRT,304.32,5.31,D
-14.43429,28.64184,356.41,0.34,0.56,2026-10-04,1227,N,VIIRS,n,2.0NRT,303.11,8.94,D
-14.43405,28.64274,337.98,0.35,0.56,2026-10-04,1227,N,VIIRS,n,2.0NRT,301.86,5.31,D
-14.42533,24.08199,348.52,0.54,0.42,2026-10-04,1227,N,VIIRS,n,2.0NRT,312.17,11.8,D
-14.41794,24.94402,352.93,0.4,0.44,2026-10-04,1227,N,VIIRS,n,2.0NRT,314.03,7.02,D
-14.41794,25.13492,343.15,0.41,0.45,2026-10-04,1227,N,VIIRS,n,2.0NRT,312.24,3.31,D
-14.41386,24.9433,342.51,0.4,0.44,2026-10-04,1227,N,VIIRS,l,2.0NRT,315.64,7.37,D
-14.40311,23.6806,348.21,0.51,0.41,2026-10-04,1227,N,VIIRS,n,2.0NRT,312.28,7.88,D
-14.40002,24.0181,348.43,0.53,0.42,2026-10-04,1227,N,VIIRS,n,2.0NRT,314.03,8.07,D
-14.39913,24.81503,346.16,0.39,0.44,2026-10-04,1227,N,VIIRS,n,2.0NRT,308,4.23,D
-14.39154,28.83493,367,0.36,0.57,2026-10-04,1227,N,VIIRS,h,2.0NRT,295.46,7.87,D
-14.39041,28.83345,351.42,0.36,0.57,2026-10-04,1227,N,VIIRS,n,2.0NRT,294.04,7.23,D
-14.38974,28.83675,342.05,0.36,0.57,2026-10-04,1227,N,VIIRS,n,2.0NRT,296.6,7.5,D
-14.38536,26.94774,338.88,0.54,0.51,2026-10-04,1227,N,VIIRS,n,2.0NRT,307.64,4.72,D
-14.38101,27.49264,340.33,0.58,0.52,2026-10-04,1227,N,VIIRS,n,2.0NRT,307.4,16.35,D
-14.37826,27.48088,345.51,0.58,0.52,2026-10-04,1227,N,VIIRS,n,2.0NRT,307.37,18.65,D
-14.37731,23.98856,348.49,0.53,0.42,2026-10-04,1227,N,VIIRS,n,2.0NRT,313.93,13.01,D
-14.37484,23.21379,349.12,0.48,0.4,2026-10-04,1227,N,VIIRS,n,2.0NRT,315.15,7.7,D
-14.37431,23.98292,345.7,0.53,0.42,2026-10-04,1227,N,VIIRS,n,2.0NRT,315.53,4.26,D
-14.37365,25.59595,336.77,0.44,0.46,2026-10-04,1227,N,VIIRS,l,2.0NRT,307.63,4.93,D
-14.37346,23.98783,347.38,0.53,0.42,2026-10-04,1227,N,VIIRS,l,2.0NRT,317.54,17.88,D
-14.37288,30.11983,332.1,0.43,0.62,2026-10-04,1227,N,VIIRS,n,2.0NRT,290.04,3.19,D
-14.37047,23.98221,338.85,0.53,0.42,2026-10-04,1227,N,VIIRS,l,2.0NRT,311.5,4.26,D
-14.36041,24.77435,337.21,0.39,0.44,2026-10-04,1227,N,VIIRS,n,2.0NRT,305.91,1.2,D
-14.35656,22.03275,342.9,0.43,0.38,2026-10-04,1227,N,VIIRS,l,2.0NRT,317.77,12.91,D
-14.35373,24.10149,345.52,0.54,0.42,2026-10-04,1227,N,VIIRS,n,2.0NRT,311.41,11.3,D
-14.34413,24.48434,333.26,0.57,0.43,2026-10-04,1227,N,VIIRS,l,2.0NRT,304.42,3.31,D
-14.34364,23.66695,345.65,0.51,0.41,2026-10-04,1227,N,VIIRS,n,2.0NRT,314.3,16.15,D
-14.34218,24.48158,335.9,0.57,0.43,2026-10-04,1227,N,VIIRS,n,2.0NRT,305.64,5.75,D
-14.33576,28.84056,344.96,0.36,0.57,2026-10-04,1227,N,VIIRS,n,2.0NRT,292.79,4.93,D
-14.3299,25.33879,340.03,0.42,0.46,2026-10-04,1227,N,VIIRS,n,2.0NRT,308.18,2.45,D
-14.31448,27.00799,337.9,0.54,0.51,2026-10-04,1227,N,VIIRS,n,2.0NRT,308.89,4.01,D
-14.30831,24.7162,350.39,0.39,0.44,2026-10-04,1227,N,VIIRS,n,2.0NRT,310.66,8.19,D
-14.30712,28.27244,353.19,0.33,0.55,2026-10-04,1227,N,VIIRS,n,2.0NRT,307.4,5.88,D
-14.30701,24.72341,340.16,0.39,0.44,2026-10-04,1227,N,VIIRS,n,2.0NRT,305.57,2.35,D
-14.30636,24.72701,336.73,0.39,0.44,2026-10-04,1227,N,VIIRS,n,2.0NRT,306.63,2.35,D
-14.30506,24.71095,341.47,0.39,0.44,2026-10-04,1227,N,VIIRS,n,2.0NRT,309.05,4.05,D
-14.30492,24.71189,344.85,0.39,0.44,2026-10-04,1227,N,VIIRS,n,2.0NRT,309.66,7.19,D
-14.30201,23.05105,338.47,0.47,0.4,2026-10-04,1227,N,VIIRS,l,2.0NRT,313.09,5.68,D
-14.30168,24.7299,340.68,0.39,0.44,2026-10-04,1227,N,VIIRS,l,2.0NRT,312.43,7.11,D
-14.30131,24.73262,336.3,0.39,0.44,2026-10-04,1227,N,VIIRS,l,2.0NRT,309.63,6.14,D
-14.30126,23.05544,353.36,0.48,0.4,2026-10-04,1227,N,VIIRS,n,2.0NRT,315.36,5.68,D
-14.3004,24.71388,346.14,0.39,0.44,2026-10-04,1227,N,VIIRS,n,2.0NRT,313.31,7.53,D
-14.30024,24.71482,342.93,0.39,0.44,2026-10-04,1227,N,VIIRS,l,2.0NRT,313.43,8.45,D
-14.3002,24.45466,337.72,0.56,0.43,2026-10-04,1227,N,VIIRS,n,2.0NRT,306.66,3.43,D
-14.29977,24.71748,350.67,0.39,0.44,2026-10-04,1227,N,VIIRS,n,2.0NRT,312.69,7.53,D
-14.29959,24.71841,348.14,0.39,0.44,2026-10-04,1227,N,VIIRS,n,2.0NRT,313.55,8.45,D
-14.29915,24.72108,352.35,0.39,0.44,2026-10-04,1227,N,VIIRS,n,2.0NRT,314.24,11.42,D
-14.29894,24.722,351.56,0.39,0.44,2026-10-04,1227,N,VIIRS,n,2.0NRT,313.79,11.46,D
-14.29511,24.72038,335.31,0.39,0.44,2026-10-04,1227,N,VIIRS,l,2.0NRT,309.22,3.14,D
-14.29332,23.915,342.07,0.53,0.42,2026-10-04,1227,N,VIIRS,l,2.0NRT,314.9,9.05,D
-14.2931,24.78003,354.58,0.39,0.44,2026-10-04,1227,N,VIIRS,n,2.0NRT,309.35,4.25,D
-14.29249,24.78084,347.84,0.39,0.44,2026-10-04,1227,N,VIIRS,n,2.0NRT,309.63,3.6,D
-14.29246,24.78373,335.46,0.39,0.44,2026-10-04,1227,N,VIIRS,l,2.0NRT,308.77,4.25,D
-14.29209,24.15477,342.8,0.54,0.42,2026-10-04,1227,N,VIIRS,n,2.0NRT,312.75,9.82,D
-14.29182,24.78453,334.18,0.39,0.44,2026-10-04,1227,N,VIIRS,l,2.0NRT,308.8,3.6,D
-14.27437,22.85969,342.93,0.47,0.39,2026-10-04,1227,N,VIIRS,l,2.0NRT,315.23,6.74,D
-14.27284,24.70506,340.81,0.39,0.44,2026-10-04,1227,N,VIIRS,n,2.0NRT,306.42,2.9,D
-14.2722,24.70872,350.98,0.39,0.44,2026-10-04,1227,N,VIIRS,n,2.0NRT,309.76,8.64,D
-14.26998,26.83357,334.42,0.53,0.5,2026-10-04,1227,N,VIIRS,l,2.0NRT,308.38,6.32,D
-14.26903,26.83858,341.52,0.53,0.5,2026-10-04,1227,N,VIIRS,n,2.0NRT,306.77,8,D
-14.26879,29.46102,343.29,0.39,0.6,2026-10-04,1227,N,VIIRS,n,2.0NRT,296.16,6.13,D
-14.26775,27.02483,338.53,0.55,0.51,2026-10-04,1227,N,VIIRS,l,2.0NRT,310.89,8.83,D
-14.26536,26.83267,344.18,0.53,0.5,2026-10-04,1227,N,VIIRS,n,2.0NRT,307.26,7.32,D
-14.26421,29.45856,367,0.39,0.6,2026-10-04,1227,N,VIIRS,h,2.0NRT,299.33,11.3,D
-14.2635,29.46218,367,0.39,0.6,2026-10-04,1227,N,VIIRS,h,2.0NRT,301.4,15.46,D
-14.26331,29.45992,367,0.39,0.6,2026-10-04,1227,N,VIIRS,h,2.0NRT,300.13,6.13,D
-14.26316,25.01306,337.91,0.41,0.45,2026-10-04,1227,N,VIIRS,l,2.0NRT,312.56,2.35,D
-14.26306,27.02395,346.64,0.55,0.51,2026-10-04,1227,N,VIIRS,n,2.0NRT,308.23,8.83,D
-14.26148,28.14148,336.38,0.32,0.55,2026-10-04,1227,N,VIIRS,l,2.0NRT,306.78,1.92,D
-14.25828,29.73964,349.47,0.41,0.61,2026-10-04,1227,N,VIIRS,n,2.0NRT,295.9,9.43,D
-14.25749,29.74352,343.27,0.41,0.61,2026-10-04,1227,N,VIIRS,n,2.0NRT,294.31,9.63,D
-14.25598,26.90763,333.18,0.54,0.51,2026-10-04,1227,N,VIIRS,l,2.0NRT,305.67,4.82,D
-14.25054,28.91894,338.63,0.36,0.58,2026-10-04,1227,N,VIIRS,n,2.0NRT,300.33,3.56,D
-14.24036,23.45731,346.27,0.5,0.41,2026-10-04,1227,N,VIIRS,l,2.0NRT,320.83,41.99,D
-14.21268,25.33863,347.58,0.43,0.46,2026-10-04,1227,N,VIIRS,n,2.0NRT,317.89,36.06,D
-14.21197,25.34258,367,0.43,0.46,2026-10-04,1227,N,VIIRS,h,2.0NRT,311.66,36.06,D
-14.21053,25.3505,334.7,0.43,0.46,2026-10-04,1227,N,VIIRS,l,2.0NRT,308.97,3.42,D
-14.20936,23.48037,349.58,0.5,0.41,2026-10-04,1227,N,VIIRS,l,2.0NRT,321.46,23.85,D
-14.20921,25.33389,338.66,0.43,0.46,2026-10-04,1227,N,VIIRS,l,2.0NRT,313.02,16.56,D
-14.20849,25.33784,355.94,0.43,0.46,2026-10-04,1227,N,VIIRS,n,2.0NRT,323.52,31.31,D
-14.20777,25.3418,367,0.43,0.46,2026-10-04,1227,N,VIIRS,h,2.0NRT,317.36,31.31,D
-14.20705,25.34575,345.39,0.43,0.46,2026-10-04,1227,N,VIIRS,n,2.0NRT,313.23,11.33,D
-14.20393,23.87528,367,0.53,0.42,2026-10-04,1227,N,VIIRS,h,2.0NRT,315.77,16.69,D
-14.19995,27.28051,340.86,0.57,0.52,2026-10-04,1227,N,VIIRS,n,2.0NRT,303.2,4.38,D
-14.16965,26.01848,341.7,0.47,0.48,2026-10-04,1227,N,VIIRS,n,2.0NRT,302.55,5.03,D
-14.16927,29.42004,341.65,0.39,0.59,2026-10-04,1227,N,VIIRS,n,2.0NRT,288.18,7.88,D
-14.16888,29.4225,348.55,0.39,0.6,2026-10-04,1227,N,VIIRS,n,2.0NRT,286.59,7.97,D
-14.16887,26.02283,334.1,0.47,0.48,2026-10-04,1227,N,VIIRS,n,2.0NRT,303.53,5.03,D
-14.16874,26.0209,350.06,0.47,0.48,2026-10-04,1227,N,VIIRS,n,2.0NRT,306.26,9.97,D
-14.16809,26.02717,333.98,0.47,0.48,2026-10-04,1227,N,VIIRS,n,2.0NRT,303.63,5.89,D
-14.16793,26.02524,337.07,0.47,0.48,2026-10-04,1227,N,VIIRS,n,2.0NRT,303.65,6,D
-14.16731,26.03153,348.23,0.47,0.48,2026-10-04,1227,N,VIIRS,n,2.0NRT,304.14,5.89,D
-14.16712,26.02957,347.85,0.47,0.48,2026-10-04,1227,N,VIIRS,n,2.0NRT,304.3,6,D
-14.16527,26.01763,332.76,0.47,0.48,2026-10-04,1227,N,VIIRS,n,2.0NRT,301.71,40.93,D
-14.16487,28.50059,336.21,0.34,0.56,2026-10-04,1227,N,VIIRS,l,2.0NRT,308.61,4.13,D
-14.16448,26.02198,355.15,0.47,0.48,2026-10-04,1227,N,VIIRS,n,2.0NRT,312.7,40.93,D
-14.1637,26.02633,367,0.47,0.48,2026-10-04,1227,N,VIIRS,h,2.0NRT,304.61,46.41,D
-14.1503,24.5493,348.28,0.38,0.43,2026-10-04,1227,N,VIIRS,n,2.0NRT,307.27,10.74,D
-14.14989,26.9715,338.89,0.54,0.51,2026-10-04,1227,N,VIIRS,n,2.0NRT,303.99,6.53,D
-14.14693,24.54506,332,0.38,0.43,2026-10-04,1227,N,VIIRS,l,2.0NRT,306.55,10.74,D
-14.1463,24.5486,355.73,0.38,0.43,2026-10-04,1227,N,VIIRS,n,2.0NRT,312.52,10.74,D
-14.14587,24.71521,348.75,0.39,0.44,2026-10-04,1227,N,VIIRS,n,2.0NRT,311.65,5.18,D
-14.14522,24.71886,353.24,0.39,0.44,2026-10-04,1227,N,VIIRS,n,2.0NRT,313.96,5.18,D
-14.14294,24.54432,356.81,0.38,0.43,2026-10-04,1227,N,VIIRS,n,2.0NRT,309.79,14.1,D
-14.14167,24.55144,343.75,0.38,0.43,2026-10-04,1227,N,VIIRS,n,2.0NRT,307.66,5.1,D
-14.14118,24.71815,345.22,0.39,0.44,2026-10-04,1227,N,VIIRS,n,2.0NRT,311.43,5.18,D
-14.14053,24.72181,349.44,0.39,0.44,2026-10-04,1227,N,VIIRS,n,2.0NRT,313.97,7.82,D
-14.13948,22.86327,339.97,0.47,0.4,2026-10-04,1227,N,VIIRS,l,2.0NRT,314.24,4.24,D
-14.12938,24.66723,354.22,0.39,0.44,2026-10-04,1227,N,VIIRS,n,2.0NRT,307.7,7.45,D
-14.12611,25.53426,344.64,0.44,0.46,2026-10-04,1227,N,VIIRS,n,2.0NRT,314.2,9.85,D
-14.12448,23.70499,350.21,0.52,0.41,2026-10-04,1227,N,VIIRS,n,2.0NRT,314.22,103.65,D
-14.12149,23.69955,344.46,0.52,0.41,2026-10-04,1227,N,VIIRS,l,2.0NRT,319.38,30.41,D
-14.12068,23.70432,352.21,0.52,0.41,2026-10-04,1227,N,VIIRS,n,2.0NRT,320.51,30.41,D
-14.10794,25.36798,341.46,0.43,0.46,2026-10-04,1227,N,VIIRS,n,2.0NRT,311.95,4.62,D
-14.10096,25.35849,339.72,0.43,0.46,2026-10-04,1227,N,VIIRS,l,2.0NRT,313.12,6.79,D
-14.09797,25.91515,347.07,0.47,0.47,2026-10-04,1227,N,VIIRS,n,2.0NRT,311.38,30.87,D
-14.09718,25.91941,367,0.47,0.47,2026-10-04,1227,N,VIIRS,l,2.0NRT,326.72,30.87,D
-14.09639,25.92369,337.92,0.47,0.47,2026-10-04,1227,N,VIIRS,n,2.0NRT,307.88,22.01,D
-14.09387,25.91467,341.47,0.47,0.47,2026-10-04,1227,N,VIIRS,l,2.0NRT,311.62,4.85,D
-14.09361,25.91432,339.93,0.47,0.47,2026-10-04,1227,N,VIIRS,l,2.0NRT,311.53,5.65,D
-14.08986,26.25658,345.32,0.49,0.49,2026-10-04,1227,N,VIIRS,n,2.0NRT,316.32,11.6,D
-14.08902,26.26114,342.35,0.49,0.49,2026-10-04,1227,N,VIIRS,n,2.0NRT,310.67,7.57,D
-14.0824,23.17962,347.4,0.48,0.4,2026-10-04,1227,N,VIIRS,n,2.0NRT,316.07,11.73,D
-14.08193,28.48045,341.35,0.34,0.56,2026-10-04,1227,N,VIIRS,n,2.0NRT,299.27,4.03,D
-14.08007,26.25957,348.98,0.49,0.49,2026-10-04,1227,N,VIIRS,n,2.0NRT,310.18,7.31,D
-14.07688,24.51632,332.97,0.38,0.43,2026-10-04,1227,N,VIIRS,l,2.0NRT,307.5,2.97,D
-14.07512,25.38288,338.86,0.43,0.46,2026-10-04,1227,N,VIIRS,l,2.0NRT,309.58,4.67,D
-14.07479,25.38252,343.92,0.43,0.46,2026-10-04,1227,N,VIIRS,n,2.0NRT,310.79,17.25,D
-14.07437,23.54657,345.9,0.51,0.41,2026-10-04,1227,N,VIIRS,n,2.0NRT,312.4,5.58,D
-14.07366,24.5112,337.2,0.57,0.43,2026-10-04,1227,N,VIIRS,l,2.0NRT,309.05,25.6,D
-14.07091,25.38208,350.71,0.43,0.46,2026-10-04,1227,N,VIIRS,n,2.0NRT,315.81,21.79,D
-14.07058,25.38173,355.03,0.43,0.46,2026-10-04,1227,N,VIIRS,n,2.0NRT,317.2,17.25,D
-14.06967,24.51048,343.24,0.57,0.43,2026-10-04,1227,N,VIIRS,n,2.0NRT,308.61,25.6,D
-14.06669,25.3813,345.55,0.43,0.46,2026-10-04,1227,N,VIIRS,n,2.0NRT,307.53,21.79,D
-14.05009,26.03263,352.45,0.47,0.48,2026-10-04,1227,N,VIIRS,n,2.0NRT,311.68,17.79,D
-14.04931,26.03696,344.77,0.48,0.48,2026-10-04,1227,N,VIIRS,n,2.0NRT,312.43,17.79,D
-14.03931,23.83362,337.92,0.53,0.42,2026-10-04,1227,N,VIIRS,l,2.0NRT,310.72,5.93,D
-14.03918,27.6882,343.77,0.61,0.53,2026-10-04,1227,N,VIIRS,n,2.0NRT,309.13,9.24,D
-14.03821,25.70178,352.41,0.45,0.47,2026-10-04,1227,N,VIIRS,n,2.0NRT,315.13,24.94,D
-14.03744,25.70599,354,0.45,0.47,2026-10-04,1227,N,VIIRS,n,2.0NRT,308.45,24.94,D
-14.03666,25.7102,337.49,0.45,0.47,2026-10-04,1227,N,VIIRS,n,2.0NRT,307.64,5.18,D
-14.03391,25.70097,345.7,0.45,0.47,2026-10-04,1227,N,VIIRS,n,2.0NRT,308.42,5.68,D
-14.03313,25.70518,348.11,0.45,0.47,2026-10-04,1227,N,VIIRS,n,2.0NRT,309.83,5.68,D
-14.01665,23.17386,356.03,0.49,0.4,2026-10-04,1227,N,VIIRS,n,2.0NRT,314.44,12.85,D
-14.0052,24.47022,338.21,0.57,0.43,2026-10-04,1227,N,VIIRS,l,2.0NRT,310.8,3.77,D
-14.0043,24.47544,338.81,0.57,0.43,2026-10-04,1227,N,VIIRS,l,2.0NRT,313.72,9.02,D
-13.99787,24.4414,342.1,0.57,0.43,2026-10-04,1227,N,VIIRS,n,2.0NRT,310.33,12.08,D
-13.99553,28.31579,348.48,0.33,0.56,2026-10-04,1227,N,VIIRS,n,2.0NRT,307.23,6.92,D
-13.99044,28.31463,340.72,0.33,0.56,2026-10-04,1227,N,VIIRS,n,2.0NRT,302.21,6.94,D
-13.98961,22.7317,340.08,0.46,0.39,2026-10-04,1227,N,VIIRS,l,2.0NRT,314.62,9.92,D
-13.98923,22.73211,348.04,0.46,0.39,2026-10-04,1227,N,VIIRS,n,2.0NRT,313.48,14.55,D
-13.98671,22.25908,351.62,0.44,0.38,2026-10-04,1227,N,VIIRS,n,2.0NRT,318.91,11.57,D
-13.98508,24.07551,337.18,0.54,0.42,2026-10-04,1227,N,VIIRS,l,2.0NRT,310,5.39,D
-13.98429,24.07861,344.42,0.54,0.42,2026-10-04,1227,N,VIIRS,n,2.0NRT,310.85,6.84,D
-13.97746,30.40999,335.82,0.46,0.63,2026-10-04,1227,N,VIIRS,n,2.0NRT,297.43,3.03,D
-13.97411,30.40473,347.93,0.46,0.63,2026-10-04,1227,N,VIIRS,n,2.0NRT,296.95,4.24,D
-13.97324,30.40908,342.85,0.46,0.63,2026-10-04,1227,N,VIIRS,n,2.0NRT,296.9,4.24,D
-13.97252,30.40445,339.4,0.46,0.63,2026-10-04,1227,N,VIIRS,n,2.0NRT,296.86,3.03,D
-13.97162,30.40877,335.35,0.46,0.63,2026-10-04,1227,N,VIIRS,n,2.0NRT,296.94,3.03,D
-13.96144,23.59592,339.98,0.51,0.41,2026-10-04,1227,N,VIIRS,l,2.0NRT,310.01,5.67,D
-13.95685,23.59999,340.99,0.51,0.41,2026-10-04,1227,N,VIIRS,l,2.0NRT,315.34,5.67,D
-13.94943,30.0797,330.38,0.44,0.62,2026-10-04,1227,N,VIIRS,n,2.0NRT,294.91,1.8,D
-13.94742,23.94537,343.65,0.53,0.42,2026-10-04,1227,N,VIIRS,l,2.0NRT,316.36,45.13,D
-13.94324,26.31536,342.24,0.5,0.49,2026-10-04,1227,N,VIIRS,n,2.0NRT,309.75,6.21,D
-13.9427,23.94959,344.48,0.53,0.42,2026-10-04,1227,N,VIIRS,n,2.0NRT,309.25,9.58,D
-13.92472,29.62645,338.29,0.41,0.61,2026-10-04,1227,N,VIIRS,n,2.0NRT,291.42,4.71,D
-13.92301,25.73772,334.54,0.46,0.47,2026-10-04,1227,N,VIIRS,l,2.0NRT,307.52,1.9,D
-13.92175,23.16258,340.36,0.49,0.4,2026-10-04,1227,N,VIIRS,l,2.0NRT,315.31,7.44,D
-13.92026,24.91024,353,0.41,0.45,2026-10-04,1227,N,VIIRS,n,2.0NRT,312.19,5.64,D
-13.91972,23.16135,340.89,0.49,0.4,2026-10-04,1227,N,VIIRS,l,2.0NRT,314.35,7.23,D
-13.91827,25.58507,343.24,0.45,0.47,2026-10-04,1227,N,VIIRS,n,2.0NRT,309.13,7.12,D
-13.91616,24.90949,340.04,0.41,0.45,2026-10-04,1227,N,VIIRS,n,2.0NRT,309.66,5.64,D
-13.90764,27.3994,340.12,0.59,0.53,2026-10-04,1227,N,VIIRS,n,2.0NRT,307.03,7.05,D
-13.90566,27.40042,341.02,0.59,0.52,2026-10-04,1227,N,VIIRS,n,2.0NRT,307.39,6.53,D
-13.90145,27.81827,340.47,0.62,0.54,2026-10-04,1227,N,VIIRS,n,2.0NRT,307.86,10.21,D
-13.87991,22.55659,345.07,0.46,0.39,2026-10-04,1227,N,VIIRS,n,2.0NRT,314.27,48.24,D
-13.87939,24.78364,336.33,0.4,0.44,2026-10-04,1227,N,VIIRS,l,2.0NRT,309.82,3.26,D
-13.87492,22.56439,335.65,0.46,0.39,2026-10-04,1227,N,VIIRS,l,2.0NRT,310.11,4.34,D
-13.87058,24.78585,340.51,0.4,0.44,2026-10-04,1227,N,VIIRS,n,2.0NRT,309.76,4.73,D
-13.84327,25.77936,344.03,0.46,0.47,2026-10-04,1227,N,VIIRS,n,2.0NRT,311.71,7.37,D
-13.84215,24.57227,335.19,0.39,0.44,2026-10-04,1227,N,VIIRS,l,2.0NRT,307.58,1.87,D
-13.84152,24.57586,349.84,0.39,0.44,2026-10-04,1227,N,VIIRS,n,2.0NRT,312.64,15.38,D
-13.84088,24.57946,342.39,0.39,0.44,2026-10-04,1227,N,VIIRS,n,2.0NRT,309.85,15.38,D
-13.83926,25.41912,337.4,0.44,0.46,2026-10-04,1227,N,VIIRS,l,2.0NRT,310.59,2.86,D
-13.8375,24.57511,337.29,0.39,0.44,2026-10-04,1227,N,VIIRS,l,2.0NRT,311.54,16.34,D
-13.83686,24.5787,343.4,0.39,0.44,2026-10-04,1227,N,VIIRS,n,2.0NRT,310.16,16.34,D
-13.83132,25.92002,351.22,0.47,0.48,2026-10-04,1227,N,VIIRS,n,2.0NRT,312.15,6.19,D
-13.83084,25.60267,338.48,0.45,0.47,2026-10-04,1227,N,VIIRS,l,2.0NRT,309.18,1.47,D
-13.83053,25.9244,341.73,0.47,0.48,2026-10-04,1227,N,VIIRS,n,2.0NRT,309.1,6.19,D
-13.82866,26.01023,342.22,0.48,0.48,2026-10-04,1227,N,VIIRS,l,2.0NRT,313.97,5.67,D
-13.82853,22.05815,348.51,0.43,0.38,2026-10-04,1227,N,VIIRS,l,2.0NRT,318.78,13.69,D
-13.82695,25.91913,341.77,0.47,0.48,2026-10-04,1227,N,VIIRS,n,2.0NRT,307.45,6.19,D
-13.8244,24.86477,335.02,0.4,0.45,2026-10-04,1227,N,VIIRS,l,2.0NRT,308.07,3.22,D
-13.82439,25.54141,344.49,0.45,0.47,2026-10-04,1227,N,VIIRS,n,2.0NRT,312.92,5.14,D
-13.82184,25.54241,354.02,0.45,0.47,2026-10-04,1227,N,VIIRS,n,2.0NRT,311.77,7.8,D
-13.81982,25.56617,349.07,0.45,0.47,2026-10-04,1227,N,VIIRS,n,2.0NRT,316.83,14.91,D
-13.81818,25.56308,339.21,0.45,0.47,2026-10-04,1227,N,VIIRS,n,2.0NRT,314.2,12.46,D
-13.81744,25.56725,343.68,0.45,0.47,2026-10-04,1227,N,VIIRS,n,2.0NRT,313.99,12.59,D
-13.81075,23.17682,338.44,0.49,0.4,2026-10-04,1227,N,VIIRS,l,2.0NRT,313.21,4.15,D
-13.80911,23.57974,344.21,0.51,0.41,2026-10-04,1227,N,VIIRS,l,2.0NRT,316.27,27.1,D
-13.80749,23.58923,342.05,0.51,0.41,2026-10-04,1227,N,VIIRS,n,2.0NRT,310.99,4.14,D
-13.80561,28.29028,347.27,0.34,0.56,2026-10-04,1227,N,VIIRS,n,2.0NRT,284.47,4.93,D
-13.80192,25.53017,344.86,0.45,0.47,2026-10-04,1227,N,VIIRS,n,2.0NRT,310.55,6.97,D
-13.80033,24.95372,333.38,0.41,0.45,2026-10-04,1227,N,VIIRS,l,2.0NRT,306.69,0.81,D
-13.7962,24.95299,355.76,0.41,0.45,2026-10-04,1227,N,VIIRS,n,2.0NRT,307.15,4.54,D
-13.79207,24.95227,340.95,0.41,0.45,2026-10-04,1227,N,VIIRS,n,2.0NRT,306.7,4.54,D
-13.78617,27.58771,345.36,0.6,0.53,2026-10-04,1227,N,VIIRS,n,2.0NRT,308.4,11.92,D
-13.78566,27.58453,343.36,0.61,0.53,2026-10-04,1227,N,VIIRS,n,2.0NRT,306.71,13.6,D
-13.78549,29.66944,346.19,0.41,0.61,2026-10-04,1227,N,VIIRS,n,2.0NRT,297.54,5.71,D
-13.78525,29.9732,345.67,0.43,0.62,2026-10-04,1227,N,VIIRS,n,2.0NRT,296.67,6.35,D
-13.78216,23.27934,338.07,0.5,0.41,2026-10-04,1227,N,VIIRS,l,2.0NRT,310.63,5.56,D
-13.78124,22.56658,338.86,0.46,0.39,2026-10-04,1227,N,VIIRS,l,2.0NRT,313.15,4.74,D
-13.77742,27.84657,341.51,0.63,0.54,2026-10-04,1227,N,VIIRS,n,2.0NRT,305.74,11.14,D
-13.77027,23.64642,346.61,0.52,0.41,2026-10-04,1227,N,VIIRS,n,2.0NRT,312.96,7.11,D
-13.76646,23.64573,351.12,0.52,0.41,2026-10-04,1227,N,VIIRS,n,2.0NRT,317.71,46.2,D
-13.76563,23.65052,367,0.52,0.41,2026-10-04,1227,N,VIIRS,h,2.0NRT,311.69,33.49,D
-13.76391,22.73907,344.46,0.47,0.39,2026-10-04,1227,N,VIIRS,l,2.0NRT,317.61,10.51,D
-13.75937,22.34363,367,0.45,0.39,2026-10-04,1227,N,VIIRS,h,2.0NRT,316.42,13.41,D
-13.75751,25.70328,337.83,0.46,0.47,2026-10-04,1227,N,VIIRS,l,2.0NRT,310.73,6.25,D
-13.75733,23.31266,338.69,0.5,0.41,2026-10-04,1227,N,VIIRS,n,2.0NRT,308.33,5.37,D
-13.7558,22.34301,354.23,0.45,0.39,2026-10-04,1227,N,VIIRS,n,2.0NRT,314.91,13.35,D
-13.75204,23.18512,339.93,0.49,0.4,2026-10-04,1227,N,VIIRS,l,2.0NRT,312.67,4.34,D
-13.75155,22.34653,340.39,0.45,0.39,2026-10-04,1227,N,VIIRS,l,2.0NRT,314.63,15.5,D
-13.75012,24.92502,339.54,0.41,0.45,2026-10-04,1227,N,VIIRS,n,2.0NRT,305.51,1.92,D
-13.74522,27.74688,336.72,0.62,0.54,2026-10-04,1227,N,VIIRS,l,2.0NRT,309.98,11.78,D
-13.74452,26.55172,337.65,0.52,0.5,2026-10-04,1227,N,VIIRS,l,2.0NRT,308.1,6.72,D
-13.74272,26.55532,340.8,0.52,0.5,2026-10-04,1227,N,VIIRS,n,2.0NRT,308.53,10.48,D
-13.73488,22.25524,348.73,0.44,0.39,2026-10-04,1227,N,VIIRS,n,2.0NRT,318.47,17.83,D
-13.73145,25.77293,340.07,0.46,0.47,2026-10-04,1227,N,VIIRS,l,2.0NRT,310.84,6.38,D
-13.72946,27.66703,340.43,0.61,0.54,2026-10-04,1227,N,VIIRS,n,2.0NRT,308.24,10.47,D
-13.7284,27.67267,354.14,0.61,0.54,2026-10-04,1227,N,VIIRS,n,2.0NRT,302.87,10.47,D
-13.72677,25.79868,351.5,0.46,0.47,2026-10-04,1227,N,VIIRS,n,2.0NRT,311.26,19.4,D
-13.72581,25.87868,342.85,0.47,0.48,2026-10-04,1227,N,VIIRS,l,2.0NRT,314.76,9.47,D
-13.72241,25.79789,353.3,0.46,0.47,2026-10-04,1227,N,VIIRS,n,2.0NRT,309.46,19.4,D
-13.72096,21.98645,343.79,0.43,0.38,2026-10-04,1227,N,VIIRS,l,2.0NRT,314.76,2.61,D
-13.72094,23.1657,334.86,0.49,0.4,2026-10-04,1227,N,VIIRS,l,2.0NRT,309.3,0.81,D
-13.7171,30.27921,331.93,0.46,0.63,2026-10-04,1227,N,VIIRS,n,2.0NRT,294.81,2.59,D
-13.71284,23.43833,348.1,0.51,0.41,2026-10-04,1227,N,VIIRS,n,2.0NRT,310.66,11.25,D
-13.70907,23.43764,338.76,0.51,0.41,2026-10-04,1227,N,VIIRS,l,2.0NRT,309.95,11.15,D
-13.70827,23.44233,356.26,0.51,0.41,2026-10-04,1227,N,VIIRS,n,2.0NRT,312.56,11.15,D
-13.70651,30.21922,331.12,0.45,0.63,2026-10-04,1227,N,VIIRS,n,2.0NRT,296.34,5.45,D
-13.70505,30.2196,331.76,0.45,0.63,2026-10-04,1227,N,VIIRS,n,2.0NRT,296.2,4.64,D
-13.70488,24.02369,349.9,0.54,0.42,2026-10-04,1227,N,VIIRS,n,2.0NRT,310.03,11.96,D
-13.70186,24.01796,354.52,0.54,0.42,2026-10-04,1227,N,VIIRS,n,2.0NRT,313.17,15.69,D
-13.70099,24.02298,349.65,0.54,0.42,2026-10-04,1227,N,VIIRS,n,2.0NRT,312.81,37.52,D
-13.69877,28.2005,342.42,0.33,0.56,2026-10-04,1227,N,VIIRS,n,2.0NRT,283.64,2.71,D
-13.69765,24.87189,340.07,0.41,0.45,2026-10-04,1227,N,VIIRS,n,2.0NRT,306.91,4.92,D
-13.69699,24.87562,333.4,0.41,0.45,2026-10-04,1227,N,VIIRS,l,2.0NRT,305.6,4.23,D
-13.69156,24.88236,340.32,0.41,0.45,2026-10-04,1227,N,VIIRS,n,2.0NRT,306.91,5.19,D
-13.69141,24.8592,341.81,0.41,0.45,2026-10-04,1227,N,VIIRS,n,2.0NRT,307.32,8.7,D
-13.69075,24.86293,345.24,0.41,0.45,2026-10-04,1227,N,VIIRS,n,2.0NRT,311.47,8.7,D
-13.68865,23.07819,344.08,0.48,0.4,2026-10-04,1227,N,VIIRS,l,2.0NRT,314.5,11.45,D
-13.68704,25.44515,337.24,0.44,0.46,2026-10-04,1227,N,VIIRS,l,2.0NRT,310.15,2.47,D
-13.68699,28.17929,356.73,0.33,0.55,2026-10-04,1227,N,VIIRS,l,2.0NRT,279.9,7.09,D
-13.68678,24.88539,336.47,0.41,0.45,2026-10-04,1227,N,VIIRS,l,2.0NRT,309.92,5.19,D
-13.68664,24.86219,353.55,0.41,0.45,2026-10-04,1227,N,VIIRS,n,2.0NRT,313.19,36.19,D
-13.6864,28.18235,335.31,0.33,0.55,2026-10-04,1227,N,VIIRS,n,2.0NRT,282.52,7.24,D
-13.68588,28.34975,350.16,0.34,0.56,2026-10-04,1227,N,VIIRS,n,2.0NRT,275.43,4.8,D
-13.68549,23.14255,342.66,0.49,0.4,2026-10-04,1227,N,VIIRS,l,2.0NRT,312.82,9.4,D
-13.68495,23.07754,342.7,0.48,0.4,2026-10-04,1227,N,VIIRS,n,2.0NRT,312.16,8.29,D
-13.68438,24.8271,350.59,0.4,0.45,2026-10-04,1227,N,VIIRS,n,2.0NRT,312.7,6.02,D
-13.68288,28.4488,333.32,0.35,0.56,2026-10-04,1227,N,VIIRS,n,2.0NRT,276.53,3.76,D
-13.68225,28.45208,344.53,0.35,0.56,2026-10-04,1227,N,VIIRS,n,2.0NRT,279.91,3.76,D
-13.68215,23.25408,338.28,0.5,0.41,2026-10-04,1227,N,VIIRS,l,2.0NRT,312.56,2.93,D
-13.68201,23.07241,337.04,0.48,0.4,2026-10-04,1227,N,VIIRS,l,2.0NRT,311.42,5.85,D
-13.682,24.88841,336.29,0.41,0.45,2026-10-04,1227,N,VIIRS,n,2.0NRT,306.28,7.95,D
-13.68125,23.07689,348.04,0.48,0.4,2026-10-04,1227,N,VIIRS,n,2.0NRT,313.68,8.29,D
-13.6805,23.08138,337.15,0.49,0.4,2026-10-04,1227,N,VIIRS,l,2.0NRT,311.81,8.29,D
-13.67891,23.11352,351.04,0.49,0.4,2026-10-04,1227,N,VIIRS,n,2.0NRT,314.87,10.08,D
-13.67855,24.88395,353.99,0.41,0.45,2026-10-04,1227,N,VIIRS,n,2.0NRT,314.78,42.07,D
-13.67789,24.88768,341.83,0.41,0.45,2026-10-04,1227,N,VIIRS,n,2.0NRT,304.57,7.95,D
-13.67529,23.08972,340.89,0.49,0.4,2026-10-04,1227,N,VIIRS,l,2.0NRT,313.36,3.99,D
-13.67521,23.11287,339.17,0.49,0.4,2026-10-04,1227,N,VIIRS,l,2.0NRT,311.14,10.08,D
-13.67302,23.10322,344.06,0.49,0.4,2026-10-04,1227,N,VIIRS,n,2.0NRT,312.42,4.47,D
-13.67075,27.48398,333.26,0.6,0.53,2026-10-04,1227,N,VIIRS,n,2.0NRT,302.07,4.43,D
-13.66755,22.37516,357.07,0.45,0.39,2026-10-04,1227,N,VIIRS,n,2.0NRT,313.54,13.72,D
-13.66398,22.37454,343.18,0.45,0.39,2026-10-04,1227,N,VIIRS,n,2.0NRT,311.47,5.29,D
-13.66179,22.36563,344.06,0.45,0.39,2026-10-04,1227,N,VIIRS,l,2.0NRT,314.72,7.99,D
-13.65822,22.36501,347.47,0.45,0.39,2026-10-04,1227,N,VIIRS,n,2.0NRT,313.72,12.58,D
-13.65508,25.16204,341.8,0.42,0.46,2026-10-04,1227,N,VIIRS,n,2.0NRT,306.56,2.75,D
-13.65487,22.4072,342.77,0.45,0.39,2026-10-04,1227,N,VIIRS,l,2.0NRT,316,6.91,D
-13.65178,23.93388,347.21,0.54,0.42,2026-10-04,1227,N,VIIRS,n,2.0NRT,308.25,12.87,D
-13.6479,23.93318,335.01,0.54,0.42,2026-10-04,1227,N,VIIRS,l,2.0NRT,308.89,6.92,D
-13.64484,22.40118,367,0.45,0.39,2026-10-04,1227,N,VIIRS,h,2.0NRT,331.74,91.26,D
-13.64414,22.40535,367,0.45,0.39,2026-10-04,1227,N,VIIRS,l,2.0NRT,327,50.74,D
-13.64222,25.66908,349.61,0.46,0.47,2026-10-04,1227,N,VIIRS,n,2.0NRT,315.84,19.6,D
-13.64022,24.02478,345.14,0.55,0.42,2026-10-04,1227,N,VIIRS,n,2.0NRT,307.93,10.51,D
-13.63928,23.93677,337.87,0.54,0.42,2026-10-04,1227,N,VIIRS,l,2.0NRT,308.47,4.15,D
-13.63737,26.66737,344.36,0.53,0.5,2026-10-04,1227,N,VIIRS,n,2.0NRT,312.18,39.32,D
-13.63469,26.66507,353.33,0.53,0.5,2026-10-04,1227,N,VIIRS,n,2.0NRT,309.67,48.8,D
-13.63274,26.66652,344.15,0.53,0.5,2026-10-04,1227,N,VIIRS,n,2.0NRT,307.77,39.32,D
-13.62906,22.38562,339.48,0.45,0.39,2026-10-04,1227,N,VIIRS,l,2.0NRT,314.4,8.76,D
-13.62679,23.98606,335.46,0.54,0.42,2026-10-04,1227,N,VIIRS,l,2.0NRT,307.97,5.75,D
-13.62648,25.03237,344.1,0.42,0.45,2026-10-04,1227,N,VIIRS,n,2.0NRT,309.46,9.8,D
-13.62289,23.98536,335.49,0.54,0.42,2026-10-04,1227,N,VIIRS,l,2.0NRT,306.32,4.24,D
-13.62203,23.99038,337.41,0.54,0.42,2026-10-04,1227,N,VIIRS,n,2.0NRT,306.6,6.63,D
-13.61456,23.19987,337.64,0.49,0.4,2026-10-04,1227,N,VIIRS,l,2.0NRT,312.13,1.05,D
-13.60969,24.32144,343.5,0.57,0.43,2026-10-04,1227,N,VIIRS,n,2.0NRT,311.96,4.9,D
-13.60825,24.31843,338.8,0.57,0.43,2026-10-04,1227,N,VIIRS,l,2.0NRT,313.53,12.75,D
-13.60685,24.00838,350.32,0.55,0.42,2026-10-04,1227,N,VIIRS,n,2.0NRT,311,17.38,D
-13.60571,24.3207,349,0.57,0.43,2026-10-04,1227,N,VIIRS,n,2.0NRT,315.14,41.19,D
-13.6047,23.99763,355.06,0.54,0.42,2026-10-04,1227,N,VIIRS,n,2.0NRT,312.03,11.03,D
-13.60383,24.00266,343.68,0.54,0.42,2026-10-04,1227,N,VIIRS,n,2.0NRT,310.78,11.03,D
-13.60378,23.5814,339.64,0.52,0.41,2026-10-04,1227,N,VIIRS,n,2.0NRT,309.84,8.85,D
-13.60295,24.00768,350.79,0.55,0.42,2026-10-04,1227,N,VIIRS,n,2.0NRT,313.8,12.48,D
-13.60168,23.99191,336.55,0.54,0.42,2026-10-04,1227,N,VIIRS,l,2.0NRT,308.64,4.4,D
-13.5986,23.56578,347.19,0.52,0.41,2026-10-04,1227,N,VIIRS,n,2.0NRT,311.01,6.19,D
-13.59803,23.54609,339.16,0.51,0.41,2026-10-04,1227,N,VIIRS,l,2.0NRT,312.29,7.78,D
-13.59536,23.58481,348.49,0.52,0.41,2026-10-04,1227,N,VIIRS,n,2.0NRT,309.17,5.43,D
-13.59462,30.05713,350.66,0.44,0.63,2026-10-04,1227,N,VIIRS,n,2.0NRT,297.17,7.77,D
-13.59237,23.57937,338.29,0.52,0.41,2026-10-04,1227,N,VIIRS,n,2.0NRT,310.73,24.22,D
-13.59155,23.58414,341.63,0.52,0.41,2026-10-04,1227,N,VIIRS,n,2.0NRT,311.27,20.22,D
-13.59019,23.56918,347.72,0.52,0.41,2026-10-04,1227,N,VIIRS,n,2.0NRT,311.37,6.39,D
-13.58963,23.54949,338.48,0.51,0.41,2026-10-04,1227,N,VIIRS,l,2.0NRT,312.5,10.01,D
-13.58949,24.53934,341.37,0.39,0.44,2026-10-04,1227,N,VIIRS,n,2.0NRT,313.57,3.42,D
-13.58941,24.94483,351.82,0.41,0.45,2026-10-04,1227,N,VIIRS,n,2.0NRT,314.38,9.4,D
-13.58937,23.57393,349.04,0.52,0.41,2026-10-04,1227,N,VIIRS,n,2.0NRT,315.99,24.22,D
-13.58856,23.57869,367,0.52,0.41,2026-10-04,1227,N,VIIRS,l,2.0NRT,328.02,24.22,D
-13.58775,23.58346,339.53,0.52,0.41,2026-10-04,1227,N,VIIRS,l,2.0NRT,311.57,20.22,D
-13.58638,23.5685,339.96,0.52,0.41,2026-10-04,1227,N,VIIRS,n,2.0NRT,311.31,7.98,D
-13.58557,23.57325,351.75,0.52,0.41,2026-10-04,1227,N,VIIRS,n,2.0NRT,318.02,22.54,D
-13.58527,24.94408,352.59,0.41,0.45,2026-10-04,1227,N,VIIRS,n,2.0NRT,310.2,9.4,D
-13.58476,23.57802,347.64,0.52,0.41,2026-10-04,1227,N,VIIRS,n,2.0NRT,309.84,22.54,D
-13.58313,24.09833,337.76,0.55,0.43,2026-10-04,1227,N,VIIRS,l,2.0NRT,311.45,3.9,D
-13.58276,22.77058,338.96,0.47,0.4,2026-10-04,1227,N,VIIRS,l,2.0NRT,312.88,4.01,D
-13.58203,23.54815,338.56,0.51,0.41,2026-10-04,1227,N,VIIRS,l,2.0NRT,313.54,9.95,D
-13.58122,23.55289,341.45,0.51,0.41,2026-10-04,1227,N,VIIRS,l,2.0NRT,312.57,11.47,D
-13.57912,22.76995,339.19,0.47,0.4,2026-10-04,1227,N,VIIRS,l,2.0NRT,312.79,4.01,D
-13.5754,22.38967,345.31,0.45,0.39,2026-10-04,1227,N,VIIRS,n,2.0NRT,312.84,9.69,D
-13.57525,23.54206,349.94,0.51,0.41,2026-10-04,1227,N,VIIRS,n,2.0NRT,312.33,10.91,D
-13.57471,22.39383,340.76,0.45,0.39,2026-10-04,1227,N,VIIRS,l,2.0NRT,314.33,6.06,D
-13.57114,22.39322,342.49,0.45,0.39,2026-10-04,1227,N,VIIRS,l,2.0NRT,313.51,6.06,D
-13.56745,24.97249,337.95,0.42,0.45,2026-10-04,1227,N,VIIRS,n,2.0NRT,307.46,3.25,D
-13.56446,23.42367,339.4,0.51,0.41,2026-10-04,1227,N,VIIRS,l,2.0NRT,313.99,6.39,D
-13.56254,23.70782,336.48,0.53,0.42,2026-10-04,1227,N,VIIRS,n,2.0NRT,307.41,7.09,D
-13.56189,25.34205,340.35,0.44,0.46,2026-10-04,1227,N,VIIRS,l,2.0NRT,310.58,3.6,D
-13.56171,23.71265,341.19,0.53,0.42,2026-10-04,1227,N,VIIRS,n,2.0NRT,308.36,7.09,D
-13.56118,23.51028,348.21,0.51,0.41,2026-10-04,1227,N,VIIRS,n,2.0NRT,307.9,21.26,D
-13.55984,23.49545,367,0.51,0.41,2026-10-04,1227,N,VIIRS,l,2.0NRT,326.62,62.83,D
-13.55977,24.94344,338.1,0.41,0.45,2026-10-04,1227,N,VIIRS,l,2.0NRT,309.66,2.75,D
-13.5591,24.94724,341.94,0.41,0.45,2026-10-04,1227,N,VIIRS,n,2.0NRT,308.28,2.75,D
-13.55902,23.50017,339.79,0.51,0.41,2026-10-04,1227,N,VIIRS,n,2.0NRT,309.54,27.41,D
-13.5587,23.70713,347.32,0.53,0.42,2026-10-04,1227,N,VIIRS,n,2.0NRT,309.55,7.09,D
-13.55818,25.90638,344.55,0.47,0.48,2026-10-04,1227,N,VIIRS,n,2.0NRT,309.58,6.38,D
-13.55787,23.71197,349.71,0.53,0.42,2026-10-04,1227,N,VIIRS,n,2.0NRT,312.8,7.09,D
-13.5574,25.91059,342.15,0.48,0.48,2026-10-04,1227,N,VIIRS,n,2.0NRT,308.87,6.38,D
-13.55471,23.93973,348.37,0.54,0.42,2026-10-04,1227,N,VIIRS,n,2.0NRT,308.91,7.31,D
-13.55431,24.49909,357.04,0.39,0.44,2026-10-04,1227,N,VIIRS,n,2.0NRT,311.79,4.67,D
-13.55083,23.93903,337.11,0.54,0.42,2026-10-04,1227,N,VIIRS,n,2.0NRT,305.24,7.31,D
-13.5502,23.71061,344.37,0.53,0.42,2026-10-04,1227,N,VIIRS,n,2.0NRT,312.21,7.01,D
-13.5497,24.28939,344.25,0.57,0.43,2026-10-04,1227,N,VIIRS,l,2.0NRT,317.76,9.49,D
-13.54937,23.60127,333.21,0.52,0.41,2026-10-04,1227,N,VIIRS,l,2.0NRT,306.77,14.19,D
-13.54928,28.71331,333.62,0.36,0.58,2026-10-04,1227,N,VIIRS,n,2.0NRT,279.54,3.92,D
-13.54863,25.58613,334.64,0.45,0.47,2026-10-04,1227,N,VIIRS,l,2.0NRT,305.94,4.45,D
-13.54854,23.60605,335.44,0.52,0.41,2026-10-04,1227,N,VIIRS,l,2.0NRT,306.52,15.19,D
-13.54639,23.59581,344.76,0.52,0.41,2026-10-04,1227,N,VIIRS,n,2.0NRT,307.61,14.19,D
-13.54556,23.60059,351.39,0.52,0.41,2026-10-04,1227,N,VIIRS,n,2.0NRT,310.13,14.19,D
-13.54475,24.48258,338.18,0.39,0.44,2026-10-04,1227,N,VIIRS,l,2.0NRT,312.97,6.01,D
-13.54473,23.60537,342.1,0.52,0.41,2026-10-04,1227,N,VIIRS,n,2.0NRT,309.23,15.19,D
-13.54412,24.48615,345.71,0.39,0.44,2026-10-04,1227,N,VIIRS,n,2.0NRT,318.09,6.01,D
-13.54227,22.8983,345.03,0.48,0.4,2026-10-04,1227,N,VIIRS,l,2.0NRT,317.6,9.88,D
-13.54011,24.48541,342.74,0.39,0.44,2026-10-04,1227,N,VIIRS,l,2.0NRT,315.42,6.01,D
-13.53894,23.52583,344.7,0.51,0.41,2026-10-04,1227,N,VIIRS,l,2.0NRT,314.98,16.95,D
-13.53745,23.57948,347.41,0.52,0.41,2026-10-04,1227,N,VIIRS,n,2.0NRT,311.07,46.94,D
-13.53662,23.58425,367,0.52,0.41,2026-10-04,1227,N,VIIRS,h,2.0NRT,314.46,34.48,D
-13.53641,24.97864,351.56,0.42,0.45,2026-10-04,1227,N,VIIRS,n,2.0NRT,311.16,6.67,D
-13.53578,23.52692,347.61,0.51,0.41,2026-10-04,1227,N,VIIRS,l,2.0NRT,318.8,14.24,D
-13.53364,23.57881,354.26,0.52,0.41,2026-10-04,1227,N,VIIRS,n,2.0NRT,322.82,46.94,D
-13.53281,23.58357,354.42,0.52,0.41,2026-10-04,1227,N,VIIRS,n,2.0NRT,324.99,34.48,D
-13.53198,23.58834,349.4,0.52,0.41,2026-10-04,1227,N,VIIRS,n,2.0NRT,312.93,34.48,D
-13.5316,23.57523,354.59,0.52,0.41,2026-10-04,1227,N,VIIRS,n,2.0NRT,315.23,23.18,D
-13.53098,23.96124,342.38,0.54,0.42,2026-10-04,1227,N,VIIRS,n,2.0NRT,308.23,15.48,D
-13.5308,23.58001,347.35,0.52,0.41,2026-10-04,1227,N,VIIRS,n,2.0NRT,317.97,23.18,D
-13.53,23.58477,351.77,0.52,0.41,2026-10-04,1227,N,VIIRS,n,2.0NRT,319.03,23.64,D
-13.52749,24.12281,346.16,0.56,0.43,2026-10-04,1227,N,VIIRS,n,2.0NRT,312.71,6.05,D
-13.52709,23.96054,347.47,0.54,0.42,2026-10-04,1227,N,VIIRS,n,2.0NRT,306.94,8.87,D
-13.52355,24.12212,344.7,0.56,0.43,2026-10-04,1227,N,VIIRS,n,2.0NRT,311.92,6.83,D
-13.52016,23.38847,341.02,0.51,0.41,2026-10-04,1227,N,VIIRS,l,2.0NRT,311.49,5.78,D
-13.51801,25.48584,343.04,0.45,0.47,2026-10-04,1227,N,VIIRS,n,2.0NRT,309.51,4.54,D
-13.51759,25.65874,340.95,0.46,0.47,2026-10-04,1227,N,VIIRS,n,2.0NRT,308.91,5.67,D
-13.51637,28.7534,350.4,0.37,0.58,2026-10-04,1227,N,VIIRS,n,2.0NRT,295.19,5.02,D
-13.51619,25.48531,339.84,0.45,0.47,2026-10-04,1227,N,VIIRS,n,2.0NRT,308.53,5.11,D
-13.51399,24.08347,348.2,0.55,0.43,2026-10-04,1227,N,VIIRS,n,2.0NRT,320.08,33.03,D
-13.51302,27.75134,343.15,0.63,0.54,2026-10-04,1227,N,VIIRS,n,2.0NRT,303,7.26,D
-13.51291,27.74848,341.44,0.63,0.54,2026-10-04,1227,N,VIIRS,n,2.0NRT,302.49,9.95,D
-13.51007,24.08275,345.57,0.55,0.43,2026-10-04,1227,N,VIIRS,n,2.0NRT,309.61,33.03,D
-13.50936,23.94706,336.58,0.54,0.42,2026-10-04,1227,N,VIIRS,l,2.0NRT,306.88,3.5,D
-13.50919,24.08787,338.67,0.55,0.43,2026-10-04,1227,N,VIIRS,n,2.0NRT,309.27,12.91,D
-13.50849,23.95205,331.91,0.54,0.42,2026-10-04,1227,N,VIIRS,l,2.0NRT,306.51,3.23,D
-13.50696,25.24016,331.72,0.43,0.46,2026-10-04,1227,N,VIIRS,l,2.0NRT,305.19,1.31,D
-13.50546,23.94637,345.76,0.54,0.42,2026-10-04,1227,N,VIIRS,n,2.0NRT,311.21,28.05,D
-13.50189,22.11104,342.52,0.44,0.38,2026-10-04,1227,N,VIIRS,n,2.0NRT,312.95,3.87,D
-13.50161,24.58616,342.76,0.39,0.44,2026-10-04,1227,N,VIIRS,n,2.0NRT,309.93,8.35,D
-13.5007,23.95067,337.24,0.54,0.42,2026-10-04,1227,N,VIIRS,l,2.0NRT,308.07,15.25,D
-13.4982,24.58181,353.71,0.39,0.44,2026-10-04,1227,N,VIIRS,n,2.0NRT,313.68,10.01,D
-13.4971,25.24654,367,0.43,0.46,2026-10-04,1227,N,VIIRS,h,2.0NRT,308.54,17.62,D
-13.48902,23.9486,334.94,0.54,0.42,2026-10-04,1227,N,VIIRS,l,2.0NRT,306.23,7.81,D
-13.48813,23.25891,342.44,0.5,0.41,2026-10-04,1227,N,VIIRS,n,2.0NRT,312.73,9.76,D
-13.48676,26.64841,344.93,0.53,0.5,2026-10-04,1227,N,VIIRS,n,2.0NRT,306.26,8.6,D
-13.48418,28.30346,347.43,0.34,0.56,2026-10-04,1227,N,VIIRS,n,2.0NRT,297.23,3.81,D
-13.48358,28.30658,333.4,0.34,0.56,2026-10-04,1227,N,VIIRS,n,2.0NRT,295.75,4.55,D
-13.48131,24.91738,335.35,0.41,0.45,2026-10-04,1227,N,VIIRS,l,2.0NRT,306.19,4.69,D
-13.48124,23.9472,339.26,0.54,0.42,2026-10-04,1227,N,VIIRS,n,2.0NRT,307.86,6.96,D
-13.47986,23.26219,346.84,0.5,0.41,2026-10-04,1227,N,VIIRS,n,2.0NRT,311.06,8.09,D
-13.47971,24.02497,332.46,0.55,0.43,2026-10-04,1227,N,VIIRS,l,2.0NRT,307.14,3.05,D
-13.47769,25.33028,341.59,0.44,0.46,2026-10-04,1227,N,VIIRS,n,2.0NRT,306.13,3.17,D
-13.47735,23.9465,348.07,0.54,0.42,2026-10-04,1227,N,VIIRS,n,2.0NRT,309.66,6.96,D
-13.47433,23.9408,353.15,0.54,0.42,2026-10-04,1227,N,VIIRS,n,2.0NRT,311.32,15.76,D
-13.47346,23.9458,352.11,0.54,0.42,2026-10-04,1227,N,VIIRS,n,2.0NRT,309.46,13.01,D
-13.47191,24.1392,347.96,0.56,0.43,2026-10-04,1227,N,VIIRS,n,2.0NRT,308.62,12.57,D
-13.47149,23.42321,332.28,0.51,0.41,2026-10-04,1227,N,VIIRS,n,2.0NRT,306.84,1.76,D
-13.47044,23.94011,349.87,0.54,0.42,2026-10-04,1227,N,VIIRS,n,2.0NRT,308.83,15.76,D
-13.46987,23.94221,346.18,0.54,0.42,2026-10-04,1227,N,VIIRS,n,2.0NRT,306.6,8.78,D
-13.46962,23.52492,352.6,0.51,0.41,2026-10-04,1227,N,VIIRS,n,2.0NRT,315.88,17.96,D
-13.4676,23.28847,345.56,0.5,0.41,2026-10-04,1227,N,VIIRS,n,2.0NRT,312.44,18.1,D
-13.46664,23.51951,346.25,0.51,0.41,2026-10-04,1227,N,VIIRS,n,2.0NRT,314.28,10.04,D
-13.46618,24.14876,339.15,0.56,0.43,2026-10-04,1227,N,VIIRS,n,2.0NRT,309.79,4.33,D
-13.46582,23.52425,355.34,0.51,0.41,2026-10-04,1227,N,VIIRS,n,2.0NRT,318.44,17.96,D
-13.46385,23.28781,336.82,0.5,0.41,2026-10-04,1227,N,VIIRS,l,2.0NRT,310.72,8.04,D
-13.46365,23.51409,352.57,0.51,0.41,2026-10-04,1227,N,VIIRS,n,2.0NRT,316.03,11.1,D
-13.46284,23.51884,348.14,0.51,0.41,2026-10-04,1227,N,VIIRS,n,2.0NRT,313.45,11.1,D
-13.46202,23.52358,344.47,0.51,0.41,2026-10-04,1227,N,VIIRS,n,2.0NRT,311.78,9.28,D
-13.45843,23.27391,337.83,0.5,0.41,2026-10-04,1227,N,VIIRS,l,2.0NRT,311.96,7.4,D
-13.45797,23.36934,342.16,0.51,0.41,2026-10-04,1227,N,VIIRS,n,2.0NRT,308.18,5.79,D
-13.45772,23.36793,332.45,0.5,0.41,2026-10-04,1227,N,VIIRS,l,2.0NRT,307.42,2.63,D
-13.45766,23.27853,347.67,0.5,0.41,2026-10-04,1227,N,VIIRS,n,2.0NRT,313.49,7.4,D
-13.45691,23.37258,333.03,0.51,0.41,2026-10-04,1227,N,VIIRS,n,2.0NRT,307.21,2.63,D
-13.44678,26.29953,340.17,0.51,0.49,2026-10-04,1227,N,VIIRS,n,2.0NRT,307.1,5.84,D
-13.43277,24.06588,335.12,0.55,0.43,2026-10-04,1227,N,VIIRS,n,2.0NRT,306.42,3.5,D
-13.43103,26.61323,333.76,0.53,0.5,2026-10-04,1227,N,VIIRS,n,2.0NRT,306.3,4.15,D
-13.4301,26.61815,335.88,0.53,0.5,2026-10-04,1227,N,VIIRS,n,2.0NRT,304.2,4.15,D
-13.42225,23.89247,347.45,0.54,0.42,2026-10-04,1227,N,VIIRS,n,2.0NRT,310.82,9.4,D
-13.41663,25.06458,333.77,0.42,0.45,2026-10-04,1227,N,VIIRS,l,2.0NRT,307.24,2.97,D
-13.41626,30.97453,334.89,0.51,0.66,2026-10-04,1227,N,VIIRS,n,2.0NRT,292.15,8.11,D
-13.4088,23.06839,349.33,0.49,0.4,2026-10-04,1227,N,VIIRS,n,2.0NRT,316.42,9.77,D
-13.40851,23.2272,337.92,0.5,0.41,2026-10-04,1227,N,VIIRS,l,2.0NRT,310.63,2.05,D
-13.40714,26.31123,342.43,0.51,0.49,2026-10-04,1227,N,VIIRS,n,2.0NRT,304.68,4.49,D
-13.40555,23.22195,336.74,0.5,0.41,2026-10-04,1227,N,VIIRS,l,2.0NRT,308.99,4.6,D
-13.40477,23.22654,343.38,0.5,0.41,2026-10-04,1227,N,VIIRS,l,2.0NRT,315.13,8.57,D
-13.40342,23.48547,340.65,0.51,0.41,2026-10-04,1227,N,VIIRS,n,2.0NRT,310.23,12.65,D
-13.40103,23.22588,342.27,0.5,0.41,2026-10-04,1227,N,VIIRS,n,2.0NRT,310.3,8.57,D
-13.40046,24.85945,341.74,0.41,0.45,2026-10-04,1227,N,VIIRS,n,2.0NRT,307.67,3.74,D
-13.39729,23.22521,347.06,0.5,0.41,2026-10-04,1227,N,VIIRS,n,2.0NRT,310.14,19.26,D
-13.39271,23.41076,339.84,0.51,0.41,2026-10-04,1227,N,VIIRS,n,2.0NRT,305.06,3.95,D
-13.38894,23.41008,367,0.51,0.41,2026-10-04,1227,N,VIIRS,h,2.0NRT,336.99,244.59,D
-13.38813,23.41478,349.12,0.51,0.41,2026-10-04,1227,N,VIIRS,n,2.0NRT,324.12,103.49,D
-13.38733,23.41948,337.6,0.51,0.41,2026-10-04,1227,N,VIIRS,n,2.0NRT,306.25,103.49,D
-13.38596,23.40471,335.63,0.51,0.41,2026-10-04,1227,N,VIIRS,n,2.0NRT,310.4,244.59,D
-13.38516,23.4094,367,0.51,0.41,2026-10-04,1227,N,VIIRS,l,2.0NRT,366.59,244.59,D
-13.38436,23.4141,367,0.51,0.41,2026-10-04,1227,N,VIIRS,h,2.0NRT,334.42,103.49,D
-13.38355,23.4188,350.03,0.51,0.41,2026-10-04,1227,N,VIIRS,n,2.0NRT,321.17,103.49,D
-13.38179,31.22819,349.63,0.53,0.67,2026-10-04,1227,N,VIIRS,n,2.0NRT,293.57,5.54,D
-13.38138,23.40873,367,0.51,0.41,2026-10-04,1227,N,VIIRS,h,2.0NRT,336.42,218.65,D
-13.38058,23.41343,367,0.51,0.41,2026-10-04,1227,N,VIIRS,h,2.0NRT,341.69,118.88,D
-13.37977,23.41813,352.82,0.51,0.41,2026-10-04,1227,N,VIIRS,n,2.0NRT,302.91,118.88,D
-13.37842,31.22411,337,0.53,0.67,2026-10-04,1227,N,VIIRS,n,2.0NRT,293.78,5.5,D
-13.37742,31.22903,339.99,0.53,0.67,2026-10-04,1227,N,VIIRS,n,2.0NRT,292.88,7.51,D
-13.3768,23.41276,347.6,0.51,0.41,2026-10-04,1227,N,VIIRS,n,2.0NRT,309.18,118.88,D
-13.37501,23.58355,334.56,0.52,0.42,2026-10-04,1227,N,VIIRS,l,2.0NRT,308.84,6.56,D
-13.37258,26.47247,330.27,0.52,0.5,2026-10-04,1227,N,VIIRS,l,2.0NRT,303.1,3.96,D
-13.37255,23.59794,339.6,0.52,0.42,2026-10-04,1227,N,VIIRS,l,2.0NRT,312.97,10.57,D
-13.37182,25.2902,342.02,0.44,0.46,2026-10-04,1227,N,VIIRS,n,2.0NRT,303.54,3.35,D
-13.36757,25.28945,342.39,0.44,0.46,2026-10-04,1227,N,VIIRS,n,2.0NRT,304.85,4.71,D
-13.36614,27.60218,345.22,0.62,0.54,2026-10-04,1227,N,VIIRS,n,2.0NRT,305.56,26.61,D
-13.36349,25.0715,340.34,0.42,0.46,2026-10-04,1227,N,VIIRS,n,2.0NRT,306.92,5.52,D
-13.3628,25.07541,345.41,0.42,0.46,2026-10-04,1227,N,VIIRS,n,2.0NRT,311.26,14.13,D
-13.36276,24.21277,342.64,0.56,0.43,2026-10-04,1227,N,VIIRS,n,2.0NRT,306.7,5.62,D
-13.36027,23.60072,340.92,0.52,0.42,2026-10-04,1227,N,VIIRS,l,2.0NRT,311.47,10.74,D
-13.35963,25.80698,342.51,0.47,0.48,2026-10-04,1227,N,VIIRS,n,2.0NRT,307.02,7.18,D
-13.3593,25.07073,339.75,0.42,0.46,2026-10-04,1227,N,VIIRS,n,2.0NRT,307.72,2.56,D
-13.3588,24.21206,347.54,0.56,0.43,2026-10-04,1227,N,VIIRS,n,2.0NRT,310.28,16.4,D
-13.35727,23.59525,338.73,0.52,0.42,2026-10-04,1227,N,VIIRS,l,2.0NRT,313.43,20.24,D
-13.35645,23.60005,350.96,0.52,0.42,2026-10-04,1227,N,VIIRS,n,2.0NRT,317.33,20.24,D
-13.35612,25.80262,338.67,0.47,0.48,2026-10-04,1227,N,VIIRS,n,2.0NRT,306.21,5.2,D
-13.35563,23.26552,342.68,0.5,0.41,2026-10-04,1227,N,VIIRS,n,2.0NRT,316.29,6.21,D
-13.35534,25.80703,343.62,0.47,0.48,2026-10-04,1227,N,VIIRS,n,2.0NRT,310.44,15.33,D
-13.35523,25.80618,346.71,0.47,0.48,2026-10-04,1227,N,VIIRS,n,2.0NRT,312,13.97,D
-13.35512,25.06996,332.52,0.42,0.46,2026-10-04,1227,N,VIIRS,l,2.0NRT,306.56,2.56,D
-13.35329,23.48146,367,0.51,0.41,2026-10-04,1227,N,VIIRS,l,2.0NRT,328.11,106.97,D
-13.35165,23.49094,346.3,0.51,0.41,2026-10-04,1227,N,VIIRS,n,2.0NRT,313.68,44.51,D
-13.3507,25.38285,342.65,0.44,0.46,2026-10-04,1227,N,VIIRS,n,2.0NRT,305.42,4.76,D
-13.34949,23.48079,367,0.51,0.41,2026-10-04,1227,N,VIIRS,h,2.0NRT,328.61,106.97,D
-13.33895,23.17886,340.84,0.5,0.41,2026-10-04,1227,N,VIIRS,l,2.0NRT,312.3,3.18,D
-13.33845,23.41245,337.36,0.51,0.41,2026-10-04,1227,N,VIIRS,l,2.0NRT,312.07,8.04,D
-13.32387,23.83594,334.58,0.54,0.42,2026-10-04,1227,N,VIIRS,l,2.0NRT,307.74,22.86,D
-13.3204,28.73713,334.29,0.37,0.58,2026-10-04,1227,N,VIIRS,n,2.0NRT,297.92,2.97,D
-13.31892,23.7032,344.72,0.53,0.42,2026-10-04,1227,N,VIIRS,n,2.0NRT,315.77,8.58,D
-13.31829,23.84514,343.7,0.54,0.42,2026-10-04,1227,N,VIIRS,n,2.0NRT,315.19,15.13,D
-13.31656,23.60291,345.27,0.52,0.42,2026-10-04,1227,N,VIIRS,n,2.0NRT,313.77,30.87,D
-13.31572,23.60773,357.26,0.52,0.42,2026-10-04,1227,N,VIIRS,n,2.0NRT,316.44,35.56,D
-13.31554,25.62625,336.9,0.46,0.47,2026-10-04,1227,N,VIIRS,n,2.0NRT,306.09,4.73,D
-13.31478,25.63047,345.51,0.46,0.47,2026-10-04,1227,N,VIIRS,n,2.0NRT,306.67,6.8,D
-13.31194,24.36226,344.61,0.38,0.44,2026-10-04,1227,N,VIIRS,n,2.0NRT,309.22,4.97,D
-13.3119,23.60704,347.64,0.52,0.42,2026-10-04,1227,N,VIIRS,n,2.0NRT,317.14,35.56,D
-13.31182,26.34373,336.91,0.51,0.49,2026-10-04,1227,N,VIIRS,n,2.0NRT,304.54,6.18,D
-13.3112,25.62545,341.56,0.46,0.47,2026-10-04,1227,N,VIIRS,n,2.0NRT,307.3,4.73,D
-13.31043,25.62969,337.36,0.46,0.47,2026-10-04,1227,N,VIIRS,n,2.0NRT,306.51,6.8,D
-13.30686,25.62467,342.28,0.46,0.47,2026-10-04,1227,N,VIIRS,n,2.0NRT,306.94,5.61,D
-13.30608,25.62893,338.91,0.46,0.47,2026-10-04,1227,N,VIIRS,n,2.0NRT,307.08,6.09,D
-13.30456,24.3573,346.4,0.38,0.44,2026-10-04,1227,N,VIIRS,n,2.0NRT,310.58,3.98,D
-13.3042,23.00058,347.62,0.49,0.4,2026-10-04,1227,N,VIIRS,n,2.0NRT,312.56,7.8,D
-13.30393,24.36086,344.39,0.38,0.44,2026-10-04,1227,N,VIIRS,n,2.0NRT,309.65,3.98,D
-13.29041,24.41381,339.67,0.39,0.44,2026-10-04,1227,N,VIIRS,l,2.0NRT,310.6,4.14,D
-13.28742,25.08593,354.63,0.43,0.46,2026-10-04,1227,N,VIIRS,n,2.0NRT,306.58,7.05,D
-13.28323,25.08516,330.85,0.43,0.46,2026-10-04,1227,N,VIIRS,l,2.0NRT,304.82,7.05,D
-13.28128,29.11431,332.8,0.39,0.59,2026-10-04,1227,N,VIIRS,n,2.0NRT,291.4,4.63,D
-13.26854,23.50251,345.68,0.52,0.41,2026-10-04,1227,N,VIIRS,n,2.0NRT,307.58,3.92,D
-13.26635,28.48345,332.73,0.35,0.57,2026-10-04,1227,N,VIIRS,n,2.0NRT,289.34,3.37,D
-13.26474,23.50184,345.07,0.52,0.41,2026-10-04,1227,N,VIIRS,n,2.0NRT,308.87,11.7,D
-13.26342,26.50359,356.45,0.53,0.5,2026-10-04,1227,N,VIIRS,n,2.0NRT,311.34,28.37,D
-13.25796,29.82819,333.89,0.43,0.62,2026-10-04,1227,N,VIIRS,n,2.0NRT,294.31,4.99,D
-13.25762,26.69083,330.61,0.54,0.51,2026-10-04,1227,N,VIIRS,l,2.0NRT,302.19,4.78,D
-13.25578,26.70081,333.38,0.54,0.51,2026-10-04,1227,N,VIIRS,n,2.0NRT,301.34,8.36,D
-13.25538,26.29292,340.06,0.51,0.49,2026-10-04,1227,N,VIIRS,n,2.0NRT,302.28,15.03,D
-13.25457,26.29422,356.07,0.51,0.49,2026-10-04,1227,N,VIIRS,n,2.0NRT,305.14,15.24,D
-13.25448,26.2977,353.97,0.51,0.49,2026-10-04,1227,N,VIIRS,n,2.0NRT,305.17,15.03,D
-13.25371,26.29901,344.13,0.51,0.49,2026-10-04,1227,N,VIIRS,n,2.0NRT,302.78,15.24,D
-13.25295,26.68998,340.81,0.54,0.51,2026-10-04,1227,N,VIIRS,n,2.0NRT,306.52,4.78,D
-13.24951,25.66788,346.48,0.46,0.47,2026-10-04,1227,N,VIIRS,n,2.0NRT,305.22,9.5,D
-13.24134,25.90841,340.94,0.48,0.48,2026-10-04,1227,N,VIIRS,n,2.0NRT,307.65,4.23,D
-13.2397,25.91728,337.75,0.48,0.48,2026-10-04,1227,N,VIIRS,n,2.0NRT,304.13,6.63,D
-13.23677,26.51862,349.4,0.53,0.5,2026-10-04,1227,N,VIIRS,n,2.0NRT,310.22,20.09,D
-13.23586,26.52348,330.12,0.53,0.5,2026-10-04,1227,N,VIIRS,l,2.0NRT,302.61,20.09,D
-13.23508,26.16938,343.16,0.5,0.49,2026-10-04,1227,N,VIIRS,n,2.0NRT,303.22,7.69,D
-13.23478,22.88481,337.28,0.48,0.4,2026-10-04,1227,N,VIIRS,l,2.0NRT,312.09,4.34,D
-13.23218,26.51766,332.85,0.53,0.5,2026-10-04,1227,N,VIIRS,n,2.0NRT,302.87,3.51,D
-13.22436,24.43411,343.43,0.39,0.44,2026-10-04,1227,N,VIIRS,n,2.0NRT,310.91,5.18,D
-13.2238,27.64655,330.7,0.63,0.54,2026-10-04,1227,N,VIIRS,l,2.0NRT,301.71,6.18,D
-13.22374,24.43768,333.34,0.39,0.44,2026-10-04,1227,N,VIIRS,l,2.0NRT,306.04,4.6,D
-13.22233,31.02947,335.57,0.52,0.67,2026-10-04,1227,N,VIIRS,n,2.0NRT,292.74,2.58,D
-13.22034,24.43336,349.89,0.39,0.44,2026-10-04,1227,N,VIIRS,n,2.0NRT,304.91,7.04,D
-13.21814,27.32317,342.15,0.6,0.53,2026-10-04,1227,N,VIIRS,n,2.0NRT,307.25,7.23,D
-13.21124,28.86875,335.1,0.38,0.58,2026-10-04,1227,N,VIIRS,n,2.0NRT,300.31,1.58,D
-13.20929,28.86905,336.17,0.38,0.58,2026-10-04,1227,N,VIIRS,n,2.0NRT,300.01,1.84,D
-13.20798,24.01969,331.38,0.55,0.43,2026-10-04,1227,N,VIIRS,n,2.0NRT,301.33,105.39,D
-13.20013,24.01826,348.29,0.55,0.43,2026-10-04,1227,N,VIIRS,n,2.0NRT,300.03,46.34,D
-13.19985,22.92094,347.81,0.48,0.4,2026-10-04,1227,N,VIIRS,n,2.0NRT,312.2,8.06,D
-13.1997,23.9972,345.52,0.55,0.43,2026-10-04,1227,N,VIIRS,n,2.0NRT,310.46,8.54,D
-13.19897,23.20801,348.84,0.5,0.41,2026-10-04,1227,N,VIIRS,n,2.0NRT,312.23,12.93,D
-13.19759,22.82037,339.67,0.48,0.4,2026-10-04,1227,N,VIIRS,n,2.0NRT,314.37,28.28,D
-13.19579,23.99648,343.56,0.55,0.43,2026-10-04,1227,N,VIIRS,n,2.0NRT,308.32,36.87,D
-13.19403,24.00666,367,0.55,0.43,2026-10-04,1227,N,VIIRS,l,2.0NRT,332.53,117.54,D
-13.19228,24.01685,352.1,0.55,0.43,2026-10-04,1227,N,VIIRS,n,2.0NRT,299.64,34.18,D
-13.19011,24.00596,315.52,0.55,0.43,2026-10-04,1227,N,VIIRS,l,2.0NRT,323.46,117.54,D
-13.18923,24.01105,345.91,0.55,0.43,2026-10-04,1227,N,VIIRS,n,2.0NRT,302.67,117.54,D
-13.18835,24.01615,351.04,0.55,0.43,2026-10-04,1227,N,VIIRS,n,2.0NRT,306.57,34.18,D
-13.18619,24.00526,340.06,0.55,0.43,2026-10-04,1227,N,VIIRS,n,2.0NRT,301.83,24.25,D
-13.18608,23.01404,336.37,0.49,0.4,2026-10-04,1227,N,VIIRS,l,2.0NRT,308.38,8.7,D
-13.18592,23.42185,342.24,0.51,0.41,2026-10-04,1227,N,VIIRS,l,2.0NRT,314.11,6.62,D
-13.18579,23.26267,335.64,0.5,0.41,2026-10-04,1227,N,VIIRS,l,2.0NRT,307.26,3.29,D
-13.18531,24.01035,348.46,0.55,0.43,2026-10-04,1227,N,VIIRS,n,2.0NRT,303.81,24.25,D
-13.18503,23.01044,343.25,0.49,0.4,2026-10-04,1227,N,VIIRS,n,2.0NRT,307.52,10.95,D
-13.1849,23.98928,338.52,0.55,0.43,2026-10-04,1227,N,VIIRS,n,2.0NRT,308.93,4.44,D
-13.18354,24.02055,342.48,0.55,0.43,2026-10-04,1227,N,VIIRS,n,2.0NRT,307.01,187.8,D
-13.18138,24.00964,335.22,0.55,0.43,2026-10-04,1227,N,VIIRS,n,2.0NRT,307.16,24.25,D
-13.18098,23.98858,343.76,0.55,0.43,2026-10-04,1227,N,VIIRS,n,2.0NRT,308.44,11.83,D
-13.18082,29.79258,334.98,0.43,0.62,2026-10-04,1227,N,VIIRS,n,2.0NRT,289.07,18.81,D
-13.1805,24.01474,367,0.55,0.43,2026-10-04,1227,N,VIIRS,h,2.0NRT,330.86,187.8,D
-13.17947,25.6813,338.21,0.47,0.47,2026-10-04,1227,N,VIIRS,l,2.0NRT,308.57,8.08,D
-13.17939,24.11521,333.63,0.56,0.43,2026-10-04,1227,N,VIIRS,n,2.0NRT,304.11,4.71,D
-13.17448,23.09709,367,0.49,0.41,2026-10-04,1227,N,VIIRS,l,2.0NRT,325.27,90.87,D
-13.17203,27.40597,330.64,0.6,0.53,2026-10-04,1227,N,VIIRS,l,2.0NRT,303.12,6.38,D
-13.17131,23.09989,336.34,0.49,0.41,2026-10-04,1227,N,VIIRS,n,2.0NRT,305.66,76.66,D
-13.17076,23.09645,348.94,0.49,0.41,2026-10-04,1227,N,VIIRS,n,2.0NRT,306.7,12.88,D
-13.16967,22.85178,338.94,0.48,0.4,2026-10-04,1227,N,VIIRS,l,2.0NRT,310.1,5.03,D
-13.16707,23.9756,347.13,0.55,0.43,2026-10-04,1227,N,VIIRS,n,2.0NRT,308.97,10.17,D
-13.15868,23.2627,350.41,0.5,0.41,2026-10-04,1227,N,VIIRS,n,2.0NRT,309.96,14.97,D
-13.15492,23.26204,345.68,0.5,0.41,2026-10-04,1227,N,VIIRS,n,2.0NRT,309.14,14.97,D
-13.15116,23.26139,341.06,0.5,0.41,2026-10-04,1227,N,VIIRS,n,2.0NRT,308.42,7.97,D
-13.15081,23.26283,352.01,0.5,0.41,2026-10-04,1227,N,VIIRS,n,2.0NRT,309.73,5.39,D
-13.15036,23.26603,347.14,0.5,0.41,2026-10-04,1227,N,VIIRS,n,2.0NRT,308.6,7.97,D
-13.15004,23.26748,342.21,0.5,0.41,2026-10-04,1227,N,VIIRS,n,2.0NRT,308.21,5.39,D
-13.14956,23.27068,335.13,0.5,0.41,2026-10-04,1227,N,VIIRS,l,2.0NRT,308.24,4.77,D
-13.14917,23.08794,338.76,0.49,0.41,2026-10-04,1227,N,VIIRS,l,2.0NRT,313.12,9.21,D
-13.14705,23.26217,337.57,0.5,0.41,2026-10-04,1227,N,VIIRS,l,2.0NRT,308.67,5.39,D
-13.14539,27.46516,338.05,0.61,0.53,2026-10-04,1227,N,VIIRS,n,2.0NRT,303.54,6.17,D
-13.14401,27.46737,336.05,0.61,0.53,2026-10-04,1227,N,VIIRS,n,2.0NRT,304.76,5.56,D
-13.14333,26.41169,340.66,0.52,0.5,2026-10-04,1227,N,VIIRS,n,2.0NRT,301.13,9.08,D
-13.14284,23.26471,338.5,0.5,0.41,2026-10-04,1227,N,VIIRS,l,2.0NRT,313.22,8.55,D
-13.14252,23.26615,339.02,0.5,0.41,2026-10-04,1227,N,VIIRS,l,2.0NRT,312.09,9.24,D
-13.14242,26.41657,342.7,0.52,0.5,2026-10-04,1227,N,VIIRS,n,2.0NRT,304.27,9.08,D
-13.13842,26.9113,339.17,0.56,0.52,2026-10-04,1227,N,VIIRS,n,2.0NRT,304.44,11.14,D
-13.13747,26.91351,343.69,0.56,0.52,2026-10-04,1227,N,VIIRS,n,2.0NRT,306.56,19.3,D
-13.13407,24.00957,335.95,0.55,0.43,2026-10-04,1227,N,VIIRS,n,2.0NRT,306.08,8.2,D
-13.13321,24.01468,333.77,0.55,0.43,2026-10-04,1227,N,VIIRS,l,2.0NRT,307.19,8.2,D
-13.13247,24.01146,350.16,0.55,0.43,2026-10-04,1227,N,VIIRS,n,2.0NRT,309.22,16.09,D
-13.11486,25.84078,333.55,0.48,0.48,2026-10-04,1227,N,VIIRS,l,2.0NRT,304.91,3.79,D
-13.10254,22.40594,342.97,0.46,0.39,2026-10-04,1227,N,VIIRS,l,2.0NRT,313.91,11.14,D
-13.10036,23.76013,348.65,0.54,0.42,2026-10-04,1227,N,VIIRS,n,2.0NRT,314.04,25.91,D
-13.0995,23.76509,349.6,0.54,0.42,2026-10-04,1227,N,VIIRS,n,2.0NRT,308.46,7.26,D
-13.09838,24.27425,340.78,0.38,0.43,2026-10-04,1227,N,VIIRS,n,2.0NRT,307,7.45,D
-13.09649,23.75941,344.25,0.54,0.42,2026-10-04,1227,N,VIIRS,n,2.0NRT,308.17,4.66,D
-13.0905,23.16228,339.04,0.5,0.41,2026-10-04,1227,N,VIIRS,n,2.0NRT,310.49,4.54,D
-13.08981,26.53026,338.83,0.53,0.5,2026-10-04,1227,N,VIIRS,n,2.0NRT,303.2,6.97,D
-13.08874,23.75806,345.7,0.54,0.42,2026-10-04,1227,N,VIIRS,n,2.0NRT,315.37,27.69,D
-13.08486,23.75741,337.03,0.54,0.42,2026-10-04,1227,N,VIIRS,l,2.0NRT,310.14,27.69,D
-13.08098,23.75677,352.2,0.54,0.42,2026-10-04,1227,N,VIIRS,n,2.0NRT,310.76,11.79,D
-13.07818,23.62689,349.99,0.53,0.42,2026-10-04,1227,N,VIIRS,n,2.0NRT,310.49,17.43,D
-13.07624,23.62457,337.13,0.53,0.42,2026-10-04,1227,N,VIIRS,l,2.0NRT,310.03,6.94,D
-13.07539,23.62944,342.79,0.53,0.42,2026-10-04,1227,N,VIIRS,n,2.0NRT,310.98,13.17,D
-13.07215,23.6157,343.74,0.53,0.42,2026-10-04,1227,N,VIIRS,n,2.0NRT,311.05,13.72,D
-13.06793,24.61222,341.46,0.4,0.44,2026-10-04,1227,N,VIIRS,n,2.0NRT,303.15,2.99,D
-13.06727,24.61595,330.82,0.4,0.44,2026-10-04,1227,N,VIIRS,l,2.0NRT,303.29,2.99,D
-13.0647,23.20031,334.75,0.5,0.41,2026-10-04,1227,N,VIIRS,l,2.0NRT,309.38,4.53,D
-13.06391,23.20489,338.72,0.5,0.41,2026-10-04,1227,N,VIIRS,l,2.0NRT,309.32,4.53,D
-13.06113,23.26621,337.97,0.5,0.41,2026-10-04,1227,N,VIIRS,n,2.0NRT,312.58,3.19,D
-13.06033,23.27085,334.47,0.51,0.41,2026-10-04,1227,N,VIIRS,l,2.0NRT,308.83,3.19,D
-13.05547,24.23101,335.52,0.57,0.43,2026-10-04,1227,N,VIIRS,l,2.0NRT,310.37,6.1,D
-13.05382,23.03498,335,0.49,0.4,2026-10-04,1227,N,VIIRS,l,2.0NRT,309.82,5,D
-13.05058,24.23549,339.01,0.57,0.43,2026-10-04,1227,N,VIIRS,l,2.0NRT,312.54,6.1,D
-13.04994,26.48686,331.86,0.53,0.5,2026-10-04,1227,N,VIIRS,l,2.0NRT,303.48,4.42,D
-13.04532,26.48602,341.55,0.53,0.5,2026-10-04,1227,N,VIIRS,n,2.0NRT,311.05,4.42,D
-13.0389,23.9977,341.21,0.55,0.43,2026-10-04,1227,N,VIIRS,n,2.0NRT,308.59,6.11,D
-13.03709,23.13509,350.16,0.5,0.41,2026-10-04,1227,N,VIIRS,n,2.0NRT,313.92,37.85,D
-13.03195,23.28157,340.93,0.51,0.41,2026-10-04,1227,N,VIIRS,l,2.0NRT,311.45,15.71,D
-13.03076,23.28477,345.91,0.51,0.41,2026-10-04,1227,N,VIIRS,n,2.0NRT,312.73,16.81,D
-13.02896,24.05435,335.34,0.56,0.43,2026-10-04,1227,N,VIIRS,l,2.0NRT,309.56,4.29,D
-13.0229,25.89351,347.62,0.48,0.48,2026-10-04,1227,N,VIIRS,n,2.0NRT,305.93,7.67,D
-13.01845,25.89272,335.76,0.48,0.48,2026-10-04,1227,N,VIIRS,n,2.0NRT,307.05,7.67,D
-13.01324,25.26722,338.5,0.44,0.46,2026-10-04,1227,N,VIIRS,n,2.0NRT,307.96,6.34,D
-13.0125,24.21808,345.48,0.57,0.43,2026-10-04,1227,N,VIIRS,n,2.0NRT,313.92,13.43,D
-13.0107,23.49069,340.14,0.52,0.42,2026-10-04,1227,N,VIIRS,n,2.0NRT,306.29,7.56,D
-13.00849,23.7561,337.11,0.54,0.42,2026-10-04,1227,N,VIIRS,l,2.0NRT,310.58,8.71,D
-13.00764,23.76108,347.71,0.54,0.42,2026-10-04,1227,N,VIIRS,n,2.0NRT,312.22,17.21,D
-12.99784,23.18501,350.63,0.5,0.41,2026-10-04,1227,N,VIIRS,n,2.0NRT,315.05,45.26,D
-12.99634,24.19317,340.33,0.57,0.43,2026-10-04,1227,N,VIIRS,n,2.0NRT,307.81,12.61,D
-12.99444,22.12744,348.51,0.45,0.39,2026-10-04,1227,N,VIIRS,n,2.0NRT,316.38,6.98,D
-12.9933,23.18898,344.48,0.5,0.41,2026-10-04,1227,N,VIIRS,n,2.0NRT,305.76,6.15,D
-12.98876,23.19294,338.78,0.5,0.41,2026-10-04,1227,N,VIIRS,n,2.0NRT,304.88,6.15,D
-12.98501,23.19229,333.28,0.5,0.41,2026-10-04,1227,N,VIIRS,l,2.0NRT,304.04,4.63,D
-12.98491,25.65964,334.26,0.47,0.48,2026-10-04,1227,N,VIIRS,n,2.0NRT,303.44,3.7,D
-12.98222,23.53188,331.73,0.52,0.42,2026-10-04,1227,N,VIIRS,l,2.0NRT,306.22,2.18,D
-12.98204,23.18702,333.65,0.5,0.41,2026-10-04,1227,N,VIIRS,l,2.0NRT,307.6,4.63,D
-12.98185,24.17156,333.07,0.57,0.43,2026-10-04,1227,N,VIIRS,l,2.0NRT,306.17,4.84,D
-12.98126,23.19163,345.08,0.5,0.41,2026-10-04,1227,N,VIIRS,n,2.0NRT,307.29,4.63,D
-12.98115,23.39849,332.39,0.51,0.41,2026-10-04,1227,N,VIIRS,l,2.0NRT,306.07,4.67,D
-12.98034,23.40329,344.55,0.52,0.41,2026-10-04,1227,N,VIIRS,n,2.0NRT,306.49,4.67,D
-12.97954,23.40805,345.79,0.52,0.41,2026-10-04,1227,N,VIIRS,n,2.0NRT,306.78,8.36,D
-12.97949,24.24186,336.19,0.38,0.43,2026-10-04,1227,N,VIIRS,l,2.0NRT,310.23,2.12,D
-12.97873,23.41281,341.54,0.52,0.41,2026-10-04,1227,N,VIIRS,n,2.0NRT,311.16,8.36,D
-12.97829,23.18637,345.71,0.5,0.41,2026-10-04,1227,N,VIIRS,n,2.0NRT,306.95,10,D
-12.9775,23.19098,347.98,0.5,0.41,2026-10-04,1227,N,VIIRS,n,2.0NRT,303.28,10,D
-12.97655,23.40258,337.98,0.52,0.41,2026-10-04,1227,N,VIIRS,n,2.0NRT,306.2,4.67,D
-12.9759,23.47599,334.3,0.52,0.42,2026-10-04,1227,N,VIIRS,l,2.0NRT,308.29,6.43,D
-12.97574,23.40736,331.53,0.52,0.41,2026-10-04,1227,N,VIIRS,l,2.0NRT,304.31,8.36,D
-12.97469,26.54118,344.4,0.53,0.5,2026-10-04,1227,N,VIIRS,n,2.0NRT,304.51,15.04,D
-12.97431,23.55543,345.17,0.53,0.42,2026-10-04,1227,N,VIIRS,n,2.0NRT,313.13,16.88,D
-12.97327,24.03112,335.2,0.56,0.43,2026-10-04,1227,N,VIIRS,n,2.0NRT,304.68,2.24,D
-12.97288,23.47058,341.11,0.52,0.41,2026-10-04,1227,N,VIIRS,l,2.0NRT,312.55,8.42,D
-12.97276,23.40187,335.27,0.52,0.41,2026-10-04,1227,N,VIIRS,l,2.0NRT,305.42,9.51,D
-12.97171,26.751,338.58,0.55,0.51,2026-10-04,1227,N,VIIRS,n,2.0NRT,307.03,7.38,D
-12.97117,25.91245,330.57,0.49,0.48,2026-10-04,1227,N,VIIRS,l,2.0NRT,302.51,3.17,D
-12.97058,23.39164,335.79,0.51,0.41,2026-10-04,1227,N,VIIRS,n,2.0NRT,304.22,2.61,D
-12.97015,26.75284,353.17,0.55,0.51,2026-10-04,1227,N,VIIRS,n,2.0NRT,306.79,14.63,D
-12.96753,25.08058,337.38,0.43,0.46,2026-10-04,1227,N,VIIRS,l,2.0NRT,310.34,12.89,D
-12.96728,23.97182,341.41,0.55,0.43,2026-10-04,1227,N,VIIRS,n,2.0NRT,312.91,8.09,D
-12.96701,23.36668,333.32,0.51,0.41,2026-10-04,1227,N,VIIRS,n,2.0NRT,305.16,2,D
-12.96699,26.75018,336.21,0.55,0.51,2026-10-04,1227,N,VIIRS,n,2.0NRT,301.66,7.38,D
-12.96672,25.91167,345.62,0.49,0.48,2026-10-04,1227,N,VIIRS,n,2.0NRT,303.51,7,D
-12.96335,23.97112,333.65,0.55,0.43,2026-10-04,1227,N,VIIRS,l,2.0NRT,308.28,8.09,D
-12.96101,23.35603,367,0.51,0.41,2026-10-04,1227,N,VIIRS,h,2.0NRT,313.96,10.31,D
-12.95721,23.35542,355.53,0.51,0.41,2026-10-04,1227,N,VIIRS,n,2.0NRT,315.01,17.05,D
-12.9568,23.47277,332.95,0.52,0.42,2026-10-04,1227,N,VIIRS,l,2.0NRT,306.78,2.8,D
-12.95674,24.15075,337.46,0.57,0.43,2026-10-04,1227,N,VIIRS,n,2.0NRT,306.72,3.14,D
-12.95539,23.38896,332.78,0.51,0.41,2026-10-04,1227,N,VIIRS,l,2.0NRT,304.76,3.14,D
-12.95277,24.15003,347.76,0.57,0.43,2026-10-04,1227,N,VIIRS,n,2.0NRT,308.41,10.37,D
-12.95182,23.36414,350.99,0.51,0.41,2026-10-04,1227,N,VIIRS,n,2.0NRT,309.4,7.86,D
-12.95092,24.04278,336.45,0.56,0.43,2026-10-04,1227,N,VIIRS,n,2.0NRT,304.1,2.64,D
-12.95066,24.54514,338.02,0.4,0.44,2026-10-04,1227,N,VIIRS,l,2.0NRT,309.08,6.76,D
-12.94999,23.46656,333.55,0.52,0.41,2026-10-04,1227,N,VIIRS,l,2.0NRT,306.07,1.89,D
-12.94956,23.91092,337.99,0.55,0.43,2026-10-04,1227,N,VIIRS,l,2.0NRT,312.07,4.45,D
-12.94868,23.91595,341.31,0.55,0.43,2026-10-04,1227,N,VIIRS,n,2.0NRT,311.07,6.64,D
-12.94619,23.46585,346.96,0.52,0.41,2026-10-04,1227,N,VIIRS,n,2.0NRT,317.13,19.84,D
-12.94391,24.03632,344.4,0.56,0.43,2026-10-04,1227,N,VIIRS,n,2.0NRT,311.33,9.7,D
-12.94321,23.46029,336.76,0.52,0.41,2026-10-04,1227,N,VIIRS,l,2.0NRT,308.3,19.84,D
-12.94302,24.04139,334.36,0.56,0.43,2026-10-04,1227,N,VIIRS,l,2.0NRT,307.71,7.31,D
-12.94253,24.66254,345.11,0.41,0.45,2026-10-04,1227,N,VIIRS,n,2.0NRT,306.88,12.02,D
-12.94239,23.46509,346.14,0.52,0.41,2026-10-04,1227,N,VIIRS,n,2.0NRT,310.83,19.84,D
-12.94186,24.66631,350.9,0.41,0.45,2026-10-04,1227,N,VIIRS,n,2.0NRT,308.15,8.87,D
-12.93909,24.65804,331.89,0.41,0.45,2026-10-04,1227,N,VIIRS,l,2.0NRT,303.6,3.41,D
-12.93879,23.37175,343.64,0.51,0.41,2026-10-04,1227,N,VIIRS,n,2.0NRT,309.56,5.83,D
-12.93842,24.66182,332.37,0.41,0.45,2026-10-04,1227,N,VIIRS,l,2.0NRT,302.97,3.41,D
-12.93442,24.68436,337.47,0.41,0.45,2026-10-04,1227,N,VIIRS,n,2.0NRT,303.98,9.13,D
-12.93376,24.68812,349.56,0.41,0.45,2026-10-04,1227,N,VIIRS,n,2.0NRT,307.76,15.71,D
-12.923,26.336,331.94,0.52,0.5,2026-10-04,1227,N,VIIRS,l,2.0NRT,304.73,3.06,D
-12.92001,24.07978,336.06,0.56,0.43,2026-10-04,1227,N,VIIRS,n,2.0NRT,305.64,4.51,D
-12.91906,22.1188,353.25,0.45,0.39,2026-10-04,1227,N,VIIRS,n,2.0NRT,314.2,18.34,D
-12.91781,23.58544,341.97,0.53,0.42,2026-10-04,1227,N,VIIRS,l,2.0NRT,313.73,52.47,D
-12.91705,23.47526,340.94,0.52,0.42,2026-10-04,1227,N,VIIRS,n,2.0NRT,309.41,7.61,D
-12.91621,25.07992,334.44,0.43,0.46,2026-10-04,1227,N,VIIRS,l,2.0NRT,307.69,3.34,D
-12.91552,25.08389,330.98,0.43,0.46,2026-10-04,1227,N,VIIRS,l,2.0NRT,305.92,4.37,D
-12.9155,22.1182,348.49,0.45,0.39,2026-10-04,1227,N,VIIRS,l,2.0NRT,322.38,18.34,D
-12.90977,23.38128,332.83,0.51,0.41,2026-10-04,1227,N,VIIRS,l,2.0NRT,305.81,1.87,D
-12.90744,23.37775,343.17,0.51,0.41,2026-10-04,1227,N,VIIRS,n,2.0NRT,308.61,6.34,D
-12.90696,25.96126,335.55,0.49,0.49,2026-10-04,1227,N,VIIRS,l,2.0NRT,306.9,6.72,D
-12.90482,25.55255,332.56,0.46,0.47,2026-10-04,1227,N,VIIRS,n,2.0NRT,302.32,1.43,D
-12.90047,25.55177,330.77,0.46,0.47,2026-10-04,1227,N,VIIRS,l,2.0NRT,303.78,1.43,D
-12.89498,23.08326,343.22,0.5,0.41,2026-10-04,1227,N,VIIRS,n,2.0NRT,308.22,3.85,D
-12.89276,24.30544,353.38,0.39,0.44,2026-10-04,1227,N,VIIRS,n,2.0NRT,308.08,11.83,D
-12.89212,24.30904,342.06,0.39,0.44,2026-10-04,1227,N,VIIRS,n,2.0NRT,307.94,14.26,D
-12.89124,23.08263,332.55,0.5,0.41,2026-10-04,1227,N,VIIRS,l,2.0NRT,306.15,3.85,D
-12.8897,24.68379,342.1,0.41,0.45,2026-10-04,1227,N,VIIRS,n,2.0NRT,304.17,2.37,D
-12.88838,24.69144,345.16,0.41,0.45,2026-10-04,1227,N,VIIRS,n,2.0NRT,306.42,7.06,D
-12.88492,24.68689,330.81,0.41,0.45,2026-10-04,1227,N,VIIRS,l,2.0NRT,305.38,3.84,D
-12.88426,24.6907,340.17,0.41,0.45,2026-10-04,1227,N,VIIRS,n,2.0NRT,307.47,3.84,D
-12.8836,24.69451,346.12,0.41,0.45,2026-10-04,1227,N,VIIRS,n,2.0NRT,309.39,7.89,D
-12.87924,23.08528,334.85,0.5,0.41,2026-10-04,1227,N,VIIRS,l,2.0NRT,309.69,5.93,D
-12.87545,23.38196,338.01,0.52,0.41,2026-10-04,1227,N,VIIRS,n,2.0NRT,305.34,9.34,D
-12.87489,23.06571,344.74,0.5,0.41,2026-10-04,1227,N,VIIRS,n,2.0NRT,310.55,9.86,D
-12.87411,23.07027,335.14,0.5,0.41,2026-10-04,1227,N,VIIRS,l,2.0NRT,307.35,9.86,D
-12.87347,22.63617,345.83,0.47,0.4,2026-10-04,1227,N,VIIRS,n,2.0NRT,314.77,9.72,D
-12.87038,23.06959,337.53,0.5,0.41,2026-10-04,1227,N,VIIRS,l,2.0NRT,309.72,9.86,D
-12.86982,22.63554,344.28,0.47,0.4,2026-10-04,1227,N,VIIRS,l,2.0NRT,315.14,15.11,D
-12.86743,23.06437,343.17,0.5,0.41,2026-10-04,1227,N,VIIRS,n,2.0NRT,308.45,4.84,D
-12.86302,23.24846,335.24,0.51,0.41,2026-10-04,1227,N,VIIRS,n,2.0NRT,304.21,13.55,D
-12.8614,23.65252,342.01,0.53,0.42,2026-10-04,1227,N,VIIRS,n,2.0NRT,307.56,6.77,D
-12.85925,23.24777,346.07,0.51,0.41,2026-10-04,1227,N,VIIRS,n,2.0NRT,307.72,14.87,D
-12.85899,23.64996,345.37,0.53,0.42,2026-10-04,1227,N,VIIRS,n,2.0NRT,309.38,9.79,D
-12.85846,23.25244,341.13,0.51,0.41,2026-10-04,1227,N,VIIRS,n,2.0NRT,307.02,13.18,D
-12.85755,23.65178,337.92,0.53,0.42,2026-10-04,1227,N,VIIRS,n,2.0NRT,307.34,6.77,D
-12.85271,23.01122,335.98,0.49,0.41,2026-10-04,1227,N,VIIRS,l,2.0NRT,307.03,5.96,D
-12.84766,22.9268,340.75,0.49,0.4,2026-10-04,1227,N,VIIRS,n,2.0NRT,307.06,7.87,D
-12.83102,23.97065,338.49,0.56,0.43,2026-10-04,1227,N,VIIRS,n,2.0NRT,302.93,4.91,D
-12.82799,23.96476,347.88,0.56,0.43,2026-10-04,1227,N,VIIRS,n,2.0NRT,306.9,12.35,D
-12.80654,24.04062,347.83,0.56,0.43,2026-10-04,1227,N,VIIRS,n,2.0NRT,307.29,15.62,D
-12.79794,22.75547,332.8,0.48,0.4,2026-10-04,1227,N,VIIRS,l,2.0NRT,306.65,4.45,D
-12.79002,31.12848,367,0.54,0.68,2026-10-04,1227,N,VIIRS,h,2.0NRT,295.38,38.76,D
-12.78871,24.28253,339.42,0.39,0.44,2026-10-04,1227,N,VIIRS,n,2.0NRT,311.67,4.72,D
-12.77951,22.92358,338.52,0.49,0.4,2026-10-04,1227,N,VIIRS,n,2.0NRT,305.52,3.11,D
-12.77529,30.08489,334.25,0.46,0.64,2026-10-04,1227,N,VIIRS,n,2.0NRT,292.5,6.14,D
-12.77291,24.30162,338.52,0.39,0.44,2026-10-04,1227,N,VIIRS,n,2.0NRT,307.36,4.32,D
-12.77261,30.56465,367,0.49,0.65,2026-10-04,1227,N,VIIRS,h,2.0NRT,294.32,30.48,D
-12.77221,30.56426,367,0.5,0.65,2026-10-04,1227,N,VIIRS,h,2.0NRT,294.62,33.66,D
-12.77042,25.74966,349.91,0.48,0.48,2026-10-04,1227,N,VIIRS,n,2.0NRT,302.73,7.38,D
-12.76943,30.08372,334.3,0.46,0.64,2026-10-04,1227,N,VIIRS,n,2.0NRT,296.31,6.14,D
-12.76859,27.63131,349.65,0.32,0.54,2026-10-04,1227,N,VIIRS,n,2.0NRT,285.65,5.02,D
-12.76694,23.55521,336.99,0.53,0.42,2026-10-04,1227,N,VIIRS,n,2.0NRT,304.99,2.82,D
-12.766,30.0788,332.42,0.46,0.64,2026-10-04,1227,N,VIIRS,n,2.0NRT,297.08,7.65,D
-12.76551,23.55665,340.62,0.53,0.42,2026-10-04,1227,N,VIIRS,n,2.0NRT,305.84,4.31,D
-12.76363,22.3765,347.72,0.46,0.39,2026-10-04,1227,N,VIIRS,n,2.0NRT,320.97,13.89,D
-12.76089,26.39678,337.05,0.53,0.5,2026-10-04,1227,N,VIIRS,n,2.0NRT,300.9,6.17,D
-12.76003,22.37588,351.1,0.46,0.39,2026-10-04,1227,N,VIIRS,n,2.0NRT,319.88,12.93,D
-12.75706,23.63449,337.3,0.53,0.42,2026-10-04,1227,N,VIIRS,n,2.0NRT,303.82,5.61,D
-12.7562,23.63942,352.98,0.53,0.42,2026-10-04,1227,N,VIIRS,n,2.0NRT,308.07,13.64,D
-12.75614,23.6361,354.91,0.53,0.42,2026-10-04,1227,N,VIIRS,n,2.0NRT,310.13,26.36,D
-12.75566,22.35774,342.09,0.46,0.39,2026-10-04,1227,N,VIIRS,l,2.0NRT,314.3,6.7,D
-12.75531,23.64104,341.46,0.53,0.42,2026-10-04,1227,N,VIIRS,n,2.0NRT,308.56,25,D
-12.75504,22.35803,339.36,0.46,0.39,2026-10-04,1227,N,VIIRS,l,2.0NRT,313.66,8.08,D
-12.7532,23.63377,347.08,0.53,0.42,2026-10-04,1227,N,VIIRS,n,2.0NRT,305.08,19.74,D
-12.75308,26.08098,347.03,0.5,0.49,2026-10-04,1227,N,VIIRS,n,2.0NRT,306.32,8.99,D
-12.75305,26.07828,333.89,0.5,0.49,2026-10-04,1227,N,VIIRS,l,2.0NRT,305.24,2.67,D
-12.75234,23.63869,351.06,0.53,0.42,2026-10-04,1227,N,VIIRS,n,2.0NRT,315.25,22.32,D
-12.75233,28.23506,350.89,0.35,0.57,2026-10-04,1227,N,VIIRS,n,2.0NRT,294.11,3.91,D
-12.75229,23.63537,355.59,0.53,0.42,2026-10-04,1227,N,VIIRS,n,2.0NRT,309.08,26.36,D
-12.75221,26.08298,339.72,0.5,0.49,2026-10-04,1227,N,VIIRS,n,2.0NRT,304.64,5.07,D
-12.75148,23.64363,338.36,0.53,0.42,2026-10-04,1227,N,VIIRS,n,2.0NRT,308.31,22.32,D
-12.75146,23.6403,350.29,0.53,0.42,2026-10-04,1227,N,VIIRS,n,2.0NRT,312.15,25,D
-12.75088,25.35303,333.38,0.45,0.47,2026-10-04,1227,N,VIIRS,l,2.0NRT,307.43,4.6,D
-12.7485,23.63793,343.18,0.53,0.42,2026-10-04,1227,N,VIIRS,n,2.0NRT,304.11,22.32,D
-12.73763,25.63168,337.22,0.47,0.48,2026-10-04,1227,N,VIIRS,n,2.0NRT,305.78,6.92,D
-12.7374,25.63096,336.31,0.47,0.48,2026-10-04,1227,N,VIIRS,l,2.0NRT,307.48,7.07,D
-12.73196,26.58097,333.05,0.54,0.51,2026-10-04,1227,N,VIIRS,n,2.0NRT,301.21,4.47,D
-12.73154,25.56361,335.75,0.47,0.47,2026-10-04,1227,N,VIIRS,l,2.0NRT,306.18,5,D
-12.71785,26.22241,348.92,0.51,0.5,2026-10-04,1227,N,VIIRS,n,2.0NRT,305.63,11.67,D
-12.71508,22.60239,344,0.47,0.4,2026-10-04,1227,N,VIIRS,n,2.0NRT,313.68,13.49,D
-12.71437,22.60166,340.25,0.47,0.4,2026-10-04,1227,N,VIIRS,l,2.0NRT,312.74,10.07,D
-12.71363,22.60601,339.54,0.47,0.4,2026-10-04,1227,N,VIIRS,l,2.0NRT,311.84,10.07,D
-12.71329,26.22155,343.61,0.51,0.5,2026-10-04,1227,N,VIIRS,n,2.0NRT,304.02,6.64,D
-12.71143,22.60177,348.84,0.47,0.4,2026-10-04,1227,N,VIIRS,n,2.0NRT,314.36,15.82,D
-12.71072,22.60104,345.38,0.47,0.4,2026-10-04,1227,N,VIIRS,n,2.0NRT,313.56,10.07,D
-12.70778,22.60114,341.87,0.47,0.4,2026-10-04,1227,N,VIIRS,n,2.0NRT,311.37,15.82,D
-12.70555,22.59182,351.37,0.47,0.4,2026-10-04,1227,N,VIIRS,n,2.0NRT,316.04,8.06,D
-12.70541,24.35237,367,0.39,0.44,2026-10-04,1227,N,VIIRS,h,2.0NRT,308.09,7.09,D
-12.70376,26.44711,351.34,0.53,0.5,2026-10-04,1227,N,VIIRS,n,2.0NRT,300.43,10.7,D
-12.70199,24.34807,344.4,0.39,0.44,2026-10-04,1227,N,VIIRS,n,2.0NRT,309.14,9.1,D
-12.70002,22.69417,339.05,0.48,0.4,2026-10-04,1227,N,VIIRS,n,2.0NRT,310.82,7.51,D
-12.69879,22.69324,336.03,0.48,0.4,2026-10-04,1227,N,VIIRS,l,2.0NRT,308.88,3.9,D
-12.69804,22.69762,338.34,0.48,0.4,2026-10-04,1227,N,VIIRS,n,2.0NRT,308,4.35,D
-12.69657,25.70972,333.89,0.48,0.48,2026-10-04,1227,N,VIIRS,l,2.0NRT,307.61,3.16,D
-12.68971,24.27536,331.91,0.39,0.44,2026-10-04,1227,N,VIIRS,n,2.0NRT,303.74,2.9,D
-12.67281,22.33968,351.43,0.46,0.39,2026-10-04,1227,N,VIIRS,n,2.0NRT,315.36,8.78,D
-12.66921,22.33906,347.72,0.46,0.39,2026-10-04,1227,N,VIIRS,n,2.0NRT,314.34,8.78,D
-12.6343,24.13849,335.11,0.57,0.43,2026-10-04,1227,N,VIIRS,l,2.0NRT,306.1,5.42,D
-12.63253,22.62403,343.56,0.47,0.4,2026-10-04,1227,N,VIIRS,n,2.0NRT,306.4,15.52,D
-12.62852,28.5646,347.7,0.37,0.58,2026-10-04,1227,N,VIIRS,n,2.0NRT,289.96,6.41,D
-12.62585,26.78548,340.92,0.56,0.52,2026-10-04,1227,N,VIIRS,n,2.0NRT,290.66,5.85,D
-12.62551,23.90647,332.64,0.56,0.43,2026-10-04,1227,N,VIIRS,n,2.0NRT,299.37,4.16,D
-12.62527,26.78743,350.55,0.56,0.52,2026-10-04,1227,N,VIIRS,n,2.0NRT,290.26,9.64,D
-12.62461,23.91162,340.17,0.56,0.43,2026-10-04,1227,N,VIIRS,n,2.0NRT,295.6,4.16,D
-12.6216,23.90568,354.29,0.56,0.43,2026-10-04,1227,N,VIIRS,n,2.0NRT,304.08,25.27,D
-12.62114,26.20914,342.3,0.52,0.5,2026-10-04,1227,N,VIIRS,n,2.0NRT,305.48,12.64,D
-12.62112,26.21064,349.7,0.52,0.5,2026-10-04,1227,N,VIIRS,n,2.0NRT,305.71,12.39,D
-12.62025,26.21389,341.04,0.52,0.5,2026-10-04,1227,N,VIIRS,n,2.0NRT,302.37,12.62,D
-12.61946,22.52363,334.48,0.47,0.4,2026-10-04,1227,N,VIIRS,l,2.0NRT,307.91,3.92,D
-12.61932,22.52467,334.07,0.47,0.4,2026-10-04,1227,N,VIIRS,l,2.0NRT,307.36,3.55,D
-12.61768,23.90491,339.15,0.56,0.43,2026-10-04,1227,N,VIIRS,n,2.0NRT,290.43,25.27,D
-12.61615,24.05374,347.78,0.57,0.43,2026-10-04,1227,N,VIIRS,n,2.0NRT,306.17,17.73,D
-12.61581,22.52302,336.74,0.47,0.4,2026-10-04,1227,N,VIIRS,l,2.0NRT,311.7,3.92,D
-12.61501,22.59415,334.58,0.47,0.4,2026-10-04,1227,N,VIIRS,l,2.0NRT,307.24,3.49,D
-12.61218,24.05301,330.59,0.57,0.43,2026-10-04,1227,N,VIIRS,l,2.0NRT,305.14,5.7,D
-12.61161,22.5947,339.93,0.47,0.4,2026-10-04,1227,N,VIIRS,n,2.0NRT,307.47,4.21,D
-12.61135,22.59352,344.95,0.47,0.4,2026-10-04,1227,N,VIIRS,n,2.0NRT,308.35,3.49,D
-12.61125,24.05835,332.81,0.57,0.43,2026-10-04,1227,N,VIIRS,l,2.0NRT,304.17,5.7,D
-12.60821,24.05232,340.57,0.57,0.43,2026-10-04,1227,N,VIIRS,n,2.0NRT,305.08,5.7,D
-12.60658,26.29185,331.98,0.52,0.5,2026-10-04,1227,N,VIIRS,l,2.0NRT,305.17,4.06,D
-12.606,26.29012,333.01,0.52,0.5,2026-10-04,1227,N,VIIRS,n,2.0NRT,306.53,3.83,D
-12.60425,28.47336,341.26,0.36,0.58,2026-10-04,1227,N,VIIRS,n,2.0NRT,293.98,5.2,D
-12.60303,22.64706,347.19,0.48,0.4,2026-10-04,1227,N,VIIRS,n,2.0NRT,308.26,11.21,D
-12.60248,22.64577,334.55,0.48,0.4,2026-10-04,1227,N,VIIRS,l,2.0NRT,306.19,6.33,D
-12.60174,22.65015,341.48,0.48,0.4,2026-10-04,1227,N,VIIRS,n,2.0NRT,308.14,6.33,D
-12.59549,23.00201,333.36,0.5,0.41,2026-10-04,1227,N,VIIRS,l,2.0NRT,306.8,4.94,D
-12.59039,22.58661,336.76,0.47,0.4,2026-10-04,1227,N,VIIRS,l,2.0NRT,307.76,2.33,D
-12.58968,22.59095,335.29,0.47,0.4,2026-10-04,1227,N,VIIRS,l,2.0NRT,306.26,4.82,D
-12.587,22.87098,338.11,0.49,0.4,2026-10-04,1227,N,VIIRS,n,2.0NRT,304.81,2.8,D
-12.58374,22.55869,339.08,0.47,0.4,2026-10-04,1227,N,VIIRS,l,2.0NRT,310.2,10,D
-12.58329,22.87034,346.89,0.49,0.4,2026-10-04,1227,N,VIIRS,n,2.0NRT,306.68,7.63,D
-12.58253,22.87483,340.88,0.49,0.4,2026-10-04,1227,N,VIIRS,n,2.0NRT,305.51,7.63,D
-12.58054,26.25213,331.06,0.52,0.5,2026-10-04,1227,N,VIIRS,l,2.0NRT,302.88,4.17,D
-12.57882,22.87419,354.43,0.49,0.4,2026-10-04,1227,N,VIIRS,n,2.0NRT,308.85,7.63,D
-12.57805,22.87868,367,0.49,0.4,2026-10-04,1227,N,VIIRS,h,2.0NRT,308.29,14.45,D
-12.57434,22.87804,349.18,0.49,0.4,2026-10-04,1227,N,VIIRS,n,2.0NRT,311.17,15.66,D
-12.57063,22.87741,346.79,0.49,0.4,2026-10-04,1227,N,VIIRS,n,2.0NRT,306.92,15.66,D
-12.57061,28.62037,367,0.37,0.58,2026-10-04,1227,N,VIIRS,h,2.0NRT,294.08,7.94,D
-12.56994,28.62385,350.7,0.37,0.58,2026-10-04,1227,N,VIIRS,n,2.0NRT,291.82,11.48,D
-12.56944,24.41682,346.78,0.4,0.44,2026-10-04,1227,N,VIIRS,n,2.0NRT,299.7,11.16,D
-12.56859,24.39769,340.81,0.4,0.44,2026-10-04,1227,N,VIIRS,n,2.0NRT,304.9,6.64,D
-12.56795,24.40133,348.95,0.4,0.44,2026-10-04,1227,N,VIIRS,n,2.0NRT,307.64,6.64,D
-12.56731,24.40499,367,0.4,0.44,2026-10-04,1227,N,VIIRS,h,2.0NRT,306.13,25.82,D
-12.56666,24.4087,344.48,0.4,0.44,2026-10-04,1227,N,VIIRS,n,2.0NRT,302.81,25.82,D
-12.56601,24.41241,356.25,0.4,0.44,2026-10-04,1227,N,VIIRS,n,2.0NRT,308.07,55.26,D
-12.56451,24.39705,339.41,0.4,0.44,2026-10-04,1227,N,VIIRS,n,2.0NRT,307.17,6.64,D
-12.56417,22.63137,345.19,0.48,0.4,2026-10-04,1227,N,VIIRS,n,2.0NRT,309.39,10.81,D
-12.56406,24.42357,344.55,0.4,0.44,2026-10-04,1227,N,VIIRS,n,2.0NRT,296.96,15.47,D
-12.56342,24.42726,341.6,0.4,0.44,2026-10-04,1227,N,VIIRS,n,2.0NRT,302.36,9.61,D
-12.56323,24.40434,346.85,0.4,0.44,2026-10-04,1227,N,VIIRS,n,2.0NRT,313.74,25.82,D
-12.56272,22.64012,338.13,0.48,0.4,2026-10-04,1227,N,VIIRS,l,2.0NRT,308.16,3.69,D
-12.56259,24.40804,356.92,0.4,0.44,2026-10-04,1227,N,VIIRS,n,2.0NRT,309.78,25.82,D
-12.56072,25.89275,331.27,0.49,0.49,2026-10-04,1227,N,VIIRS,l,2.0NRT,302.16,4.25,D
-12.56044,24.39638,346.58,0.4,0.44,2026-10-04,1227,N,VIIRS,n,2.0NRT,306.55,4.79,D
-12.55991,25.89729,342.53,0.49,0.49,2026-10-04,1227,N,VIIRS,n,2.0NRT,304.43,6.76,D
-12.55934,24.42656,367,0.4,0.44,2026-10-04,1227,N,VIIRS,h,2.0NRT,308.61,9.61,D
-12.55916,24.40368,338.5,0.4,0.44,2026-10-04,1227,N,VIIRS,n,2.0NRT,304.58,6.12,D
-12.55637,24.39569,334.6,0.4,0.44,2026-10-04,1227,N,VIIRS,n,2.0NRT,303.11,4.79,D
-12.55573,24.39935,342.42,0.4,0.44,2026-10-04,1227,N,VIIRS,n,2.0NRT,305.76,4.79,D
-12.55527,24.42586,344.29,0.4,0.44,2026-10-04,1227,N,VIIRS,n,2.0NRT,307.51,8.57,D
-12.5538,24.41036,336.32,0.4,0.44,2026-10-04,1227,N,VIIRS,n,2.0NRT,305.46,4.28,D
-12.55166,24.39866,333.81,0.4,0.44,2026-10-04,1227,N,VIIRS,n,2.0NRT,303.69,3.39,D
-12.5512,24.42517,339.63,0.4,0.44,2026-10-04,1227,N,VIIRS,n,2.0NRT,305.37,8.57,D
-12.55085,22.50854,341.42,0.47,0.4,2026-10-04,1227,N,VIIRS,l,2.0NRT,314.19,26.75,D
-12.55037,24.406,335.81,0.4,0.44,2026-10-04,1227,N,VIIRS,l,2.0NRT,306.91,4.02,D
-12.55013,22.51284,347.83,0.47,0.4,2026-10-04,1227,N,VIIRS,n,2.0NRT,313.3,32.1,D
-12.54521,24.00188,343.97,0.56,0.43,2026-10-04,1227,N,VIIRS,n,2.0NRT,306.55,18.69,D
-12.54433,26.72224,333.6,0.56,0.51,2026-10-04,1227,N,VIIRS,n,2.0NRT,282,9.89,D
-12.54432,26.71918,335.69,0.56,0.51,2026-10-04,1227,N,VIIRS,n,2.0NRT,282.23,7.25,D
-12.54124,24.00124,345.02,0.56,0.43,2026-10-04,1227,N,VIIRS,n,2.0NRT,306.56,18.69,D
-12.54065,22.50234,349.57,0.47,0.4,2026-10-04,1227,N,VIIRS,n,2.0NRT,317.91,36.15,D
-12.53109,27.69109,356.28,0.32,0.55,2026-10-04,1227,N,VIIRS,l,2.0NRT,290.46,9.46,D
-12.53054,27.69402,338.75,0.32,0.55,2026-10-04,1227,N,VIIRS,n,2.0NRT,291.3,9.46,D
-12.53047,22.60761,346.13,0.47,0.4,2026-10-04,1227,N,VIIRS,n,2.0NRT,308.98,3.59,D
-12.52997,27.66922,348.39,0.32,0.55,2026-10-04,1227,N,VIIRS,n,2.0NRT,298.95,4.43,D
-12.5294,27.67224,337.23,0.32,0.55,2026-10-04,1227,N,VIIRS,n,2.0NRT,295.56,3.96,D
-12.52898,25.46064,332.47,0.46,0.47,2026-10-04,1227,N,VIIRS,l,2.0NRT,303.65,4.72,D
-12.52895,26.40416,343.25,0.53,0.5,2026-10-04,1227,N,VIIRS,n,2.0NRT,298.91,6.35,D
-12.5151,22.5871,341.88,0.47,0.4,2026-10-04,1227,N,VIIRS,n,2.0NRT,306.88,2.16,D
-12.50989,22.95686,347.84,0.49,0.41,2026-10-04,1227,N,VIIRS,n,2.0NRT,305.61,8.54,D
-12.49507,24.81637,342.66,0.42,0.45,2026-10-04,1227,N,VIIRS,n,2.0NRT,304.14,2.82,D
-12.4929,24.77993,367,0.42,0.45,2026-10-04,1227,N,VIIRS,h,2.0NRT,309.9,10.11,D
-12.49222,24.7838,342.35,0.42,0.45,2026-10-04,1227,N,VIIRS,n,2.0NRT,305.73,10.11,D
-12.49113,22.60159,333.16,0.48,0.4,2026-10-04,1227,N,VIIRS,l,2.0NRT,306.6,1.15,D
-12.48688,30.23098,340.66,0.48,0.64,2026-10-04,1227,N,VIIRS,n,2.0NRT,295.62,7.83,D
-12.48478,30.2264,334.04,0.48,0.64,2026-10-04,1227,N,VIIRS,n,2.0NRT,295.03,5.91,D
-12.48391,30.23078,340.86,0.48,0.64,2026-10-04,1227,N,VIIRS,n,2.0NRT,296.76,9.37,D
-12.48071,22.97043,333.26,0.5,0.41,2026-10-04,1227,N,VIIRS,l,2.0NRT,306.54,3.08,D
-12.47805,26.4713,333.83,0.54,0.51,2026-10-04,1227,N,VIIRS,n,2.0NRT,302.03,6.28,D
-12.47699,22.96975,339.29,0.5,0.41,2026-10-04,1227,N,VIIRS,n,2.0NRT,307.1,3.08,D
-12.47602,26.47257,331.53,0.54,0.51,2026-10-04,1227,N,VIIRS,n,2.0NRT,301.44,6.09,D
-12.47248,22.97365,338.15,0.5,0.41,2026-10-04,1227,N,VIIRS,l,2.0NRT,308.51,4.53,D
-12.45704,22.4004,346.93,0.47,0.39,2026-10-04,1227,N,VIIRS,n,2.0NRT,315.69,10.48,D
-12.45053,24.82435,334.25,0.42,0.45,2026-10-04,1227,N,VIIRS,l,2.0NRT,308.26,2.98,D
-12.44734,25.53878,345.25,0.47,0.48,2026-10-04,1227,N,VIIRS,n,2.0NRT,300.91,5.98,D
-12.44355,22.82097,335.97,0.49,0.4,2026-10-04,1227,N,VIIRS,l,2.0NRT,306.98,2.55,D
-12.44134,22.81136,338.81,0.49,0.4,2026-10-04,1227,N,VIIRS,l,2.0NRT,310.96,8.6,D
-12.44057,22.31606,339.47,0.46,0.39,2026-10-04,1227,N,VIIRS,n,2.0NRT,310.95,3.46,D
-12.43985,22.82032,337.61,0.49,0.4,2026-10-04,1227,N,VIIRS,l,2.0NRT,312.42,2.55,D
-12.43777,28.46396,367,0.37,0.58,2026-10-04,1227,N,VIIRS,h,2.0NRT,292.28,9.15,D
-12.43763,22.81073,335.29,0.49,0.4,2026-10-04,1227,N,VIIRS,l,2.0NRT,307.06,8.06,D
-12.43048,28.39774,352.85,0.36,0.58,2026-10-04,1227,N,VIIRS,n,2.0NRT,292.82,5.62,D
-12.42868,24.92176,344.05,0.43,0.46,2026-10-04,1227,N,VIIRS,n,2.0NRT,305.16,4.08,D
-12.42862,24.92279,335.84,0.43,0.46,2026-10-04,1227,N,VIIRS,l,2.0NRT,305.85,3.48,D
-12.42841,28.39909,343.25,0.36,0.58,2026-10-04,1227,N,VIIRS,n,2.0NRT,292.65,6.9,D
-12.42229,25.7522,349.78,0.49,0.48,2026-10-04,1227,N,VIIRS,n,2.0NRT,306.45,10.79,D
-12.41782,25.00617,335.74,0.43,0.46,2026-10-04,1227,N,VIIRS,n,2.0NRT,309.67,3.89,D
-12.41414,25.05085,344.13,0.44,0.46,2026-10-04,1227,N,VIIRS,n,2.0NRT,310.68,5.91,D
-12.40981,22.61459,338.34,0.48,0.4,2026-10-04,1227,N,VIIRS,n,2.0NRT,308.6,3.69,D
-12.40403,24.36389,330.56,0.4,0.44,2026-10-04,1227,N,VIIRS,l,2.0NRT,304.56,2.13,D
-12.40093,22.93896,342.15,0.5,0.41,2026-10-04,1227,N,VIIRS,n,2.0NRT,311.42,14.87,D
-12.40075,22.73558,340.91,0.48,0.4,2026-10-04,1227,N,VIIRS,l,2.0NRT,311.12,11.74,D
-12.40017,22.94351,355.8,0.5,0.41,2026-10-04,1227,N,VIIRS,n,2.0NRT,311.32,15.76,D
-12.39996,24.36319,332.4,0.4,0.44,2026-10-04,1227,N,VIIRS,n,2.0NRT,305.05,2.6,D
-12.39643,22.94287,334.13,0.5,0.41,2026-10-04,1227,N,VIIRS,l,2.0NRT,307.55,15.76,D
-12.38087,22.07348,341.89,0.45,0.39,2026-10-04,1227,N,VIIRS,n,2.0NRT,310.11,5.69,D
-12.38074,22.94484,330.74,0.5,0.41,2026-10-04,1227,N,VIIRS,n,2.0NRT,300.69,2.27,D
-12.377,22.94419,341.51,0.5,0.41,2026-10-04,1227,N,VIIRS,n,2.0NRT,302.17,20.29,D
-12.37369,22.61027,347.77,0.48,0.4,2026-10-04,1227,N,VIIRS,n,2.0NRT,310.22,13.88,D
-12.37327,22.94354,352.86,0.5,0.41,2026-10-04,1227,N,VIIRS,n,2.0NRT,312.36,20.29,D
-12.37319,25.06573,334.34,0.44,0.46,2026-10-04,1227,N,VIIRS,n,2.0NRT,309.01,3.23,D
-12.37024,25.61944,331.37,0.48,0.48,2026-10-04,1227,N,VIIRS,l,2.0NRT,302.8,3.64,D
-12.36997,22.84991,336.35,0.49,0.4,2026-10-04,1227,N,VIIRS,l,2.0NRT,309.45,3.45,D
-12.36995,29.19358,367,0.41,0.61,2026-10-04,1227,N,VIIRS,h,2.0NRT,291.24,11.77,D
-12.36953,22.9429,333.82,0.5,0.41,2026-10-04,1227,N,VIIRS,l,2.0NRT,304.32,4.59,D
-12.36844,22.85892,345.98,0.49,0.4,2026-10-04,1227,N,VIIRS,n,2.0NRT,311.11,11.77,D
-12.36503,22.94681,337.87,0.5,0.41,2026-10-04,1227,N,VIIRS,n,2.0NRT,304.31,8.82,D
-12.36441,29.19225,356.45,0.41,0.61,2026-10-04,1227,N,VIIRS,l,2.0NRT,289.61,6.88,D
-12.36369,29.19597,335.42,0.41,0.61,2026-10-04,1227,N,VIIRS,n,2.0NRT,288.88,6.88,D
-12.35532,25.21803,331.78,0.45,0.47,2026-10-04,1227,N,VIIRS,n,2.0NRT,300.76,2.84,D
-12.35498,22.87053,337.44,0.49,0.4,2026-10-04,1227,N,VIIRS,n,2.0NRT,307.34,5.03,D
-12.3511,22.86274,338.18,0.49,0.4,2026-10-04,1227,N,VIIRS,l,2.0NRT,309.92,4.44,D
-12.34916,25.53443,333.5,0.47,0.48,2026-10-04,1227,N,VIIRS,n,2.0NRT,297.68,2.57,D
-12.34821,23.00043,340.81,0.5,0.41,2026-10-04,1227,N,VIIRS,n,2.0NRT,308.81,5.06,D
-12.34519,28.99511,367,0.4,0.6,2026-10-04,1227,N,VIIRS,h,2.0NRT,293.27,10.24,D
-12.34354,22.56474,337.92,0.48,0.4,2026-10-04,1227,N,VIIRS,l,2.0NRT,309.53,4.14,D
-12.33849,22.77733,345.5,0.49,0.4,2026-10-04,1227,N,VIIRS,n,2.0NRT,308.65,4.08,D
-12.33768,22.89768,345.02,0.49,0.41,2026-10-04,1227,N,VIIRS,n,2.0NRT,308.45,5.98,D
-12.33544,22.89508,342.82,0.49,0.41,2026-10-04,1227,N,VIIRS,n,2.0NRT,310.43,12.45,D
-12.33396,22.89703,346.31,0.49,0.41,2026-10-04,1227,N,VIIRS,n,2.0NRT,308.23,5.98,D
-12.32507,22.85823,345.91,0.49,0.4,2026-10-04,1227,N,VIIRS,n,2.0NRT,308.93,7.47,D
-12.3219,28.03095,332.05,0.34,0.56,2026-10-04,1227,N,VIIRS,n,2.0NRT,291.26,1.9,D
-12.31303,25.99072,330.66,0.51,0.49,2026-10-04,1227,N,VIIRS,n,2.0NRT,298.16,4.18,D
-12.30548,22.52243,341.66,0.47,0.4,2026-10-04,1227,N,VIIRS,l,2.0NRT,313.99,16.51,D
-12.29981,23.65608,340.4,0.54,0.42,2026-10-04,1227,N,VIIRS,n,2.0NRT,303.65,5.72,D
-12.29712,24.20917,338.53,0.39,0.44,2026-10-04,1227,N,VIIRS,n,2.0NRT,305.1,1.83,D
-12.29624,25.55383,332.51,0.47,0.48,2026-10-04,1227,N,VIIRS,n,2.0NRT,299.97,3.42,D
-12.29547,25.13147,331.8,0.44,0.46,2026-10-04,1227,N,VIIRS,l,2.0NRT,306.59,3.58,D
-12.29356,22.93214,339.32,0.5,0.41,2026-10-04,1227,N,VIIRS,n,2.0NRT,306.76,4.25,D
-12.28832,25.6245,334.56,0.48,0.48,2026-10-04,1227,N,VIIRS,n,2.0NRT,300.42,4.2,D
-12.28808,26.43327,339.66,0.54,0.51,2026-10-04,1227,N,VIIRS,n,2.0NRT,298.65,6.14,D
-12.28473,22.60931,344.53,0.48,0.4,2026-10-04,1227,N,VIIRS,l,2.0NRT,317.16,13.7,D
-12.2817,22.58171,344.62,0.48,0.4,2026-10-04,1227,N,VIIRS,n,2.0NRT,312.62,34.95,D
-12.28098,22.58609,341.44,0.48,0.4,2026-10-04,1227,N,VIIRS,l,2.0NRT,314.91,16.85,D
-12.28001,28.77603,332.46,0.39,0.59,2026-10-04,1227,N,VIIRS,n,2.0NRT,290.11,3.01,D
-12.27977,22.58522,346.9,0.48,0.4,2026-10-04,1227,N,VIIRS,n,2.0NRT,316.68,32.67,D
-12.27868,25.70502,332.12,0.49,0.48,2026-10-04,1227,N,VIIRS,n,2.0NRT,300.34,2.06,D
-12.27731,22.58547,342.25,0.48,0.4,2026-10-04,1227,N,VIIRS,l,2.0NRT,313.34,16.85,D
-12.27711,24.49617,353.56,0.41,0.45,2026-10-04,1227,N,VIIRS,n,2.0NRT,305.17,19.45,D
-12.27657,25.70707,332.54,0.48,0.48,2026-10-04,1227,N,VIIRS,n,2.0NRT,301.14,2.18,D
-12.2753,22.6115,342.45,0.48,0.4,2026-10-04,1227,N,VIIRS,l,2.0NRT,314.12,6.11,D
-12.27364,22.58484,350.77,0.48,0.4,2026-10-04,1227,N,VIIRS,n,2.0NRT,314.05,29.2,D
-12.27299,22.6118,339.78,0.48,0.4,2026-10-04,1227,N,VIIRS,l,2.0NRT,314.27,6.87,D
-12.27299,24.49551,348.87,0.41,0.45,2026-10-04,1227,N,VIIRS,n,2.0NRT,307.97,19.45,D
-12.26553,25.54779,331.83,0.47,0.48,2026-10-04,1227,N,VIIRS,n,2.0NRT,299.47,1.22,D
-12.26341,22.60113,340.53,0.48,0.4,2026-10-04,1227,N,VIIRS,l,2.0NRT,314.96,10.45,D
-12.26119,22.59172,347.29,0.48,0.4,2026-10-04,1227,N,VIIRS,l,2.0NRT,321.4,36.25,D
-12.26047,22.59611,341.17,0.48,0.4,2026-10-04,1227,N,VIIRS,l,2.0NRT,312.19,36.25,D
-12.25886,22.53744,352.29,0.47,0.4,2026-10-04,1227,N,VIIRS,n,2.0NRT,314.56,8,D
-12.23982,28.40057,354.88,0.37,0.58,2026-10-04,1227,N,VIIRS,n,2.0NRT,294.51,9.07,D
-12.21735,27.9003,337.8,0.34,0.56,2026-10-04,1227,N,VIIRS,n,2.0NRT,297.02,2.21,D
-12.21316,28.5094,367,0.37,0.58,2026-10-04,1227,N,VIIRS,h,2.0NRT,292.33,9.09,D
-12.2114,27.50411,335.94,0.32,0.54,2026-10-04,1227,N,VIIRS,n,2.0NRT,280.12,2.77,D
-12.19719,22.97769,350.41,0.5,0.41,2026-10-04,1227,N,VIIRS,n,2.0NRT,307.41,12.4,D
-12.19527,26.75105,338.71,0.57,0.52,2026-10-04,1227,N,VIIRS,n,2.0NRT,294.45,5.48,D
-12.19488,26.74907,338.31,0.57,0.52,2026-10-04,1227,N,VIIRS,n,2.0NRT,295.46,6.19,D
-12.19268,22.50923,344.83,0.47,0.4,2026-10-04,1227,N,VIIRS,n,2.0NRT,312.86,5.28,D
-12.19134,22.02093,350.77,0.45,0.39,2026-10-04,1227,N,VIIRS,n,2.0NRT,316.81,48.65,D
-12.18984,28.74474,345.82,0.39,0.59,2026-10-04,1227,N,VIIRS,n,2.0NRT,290.51,5.17,D
-12.18637,28.52058,367,0.37,0.58,2026-10-04,1227,N,VIIRS,h,2.0NRT,295.13,8.83,D
-12.183,28.5214,367,0.37,0.58,2026-10-04,1227,N,VIIRS,h,2.0NRT,296.59,12.77,D
-12.18228,22.95152,344.09,0.5,0.41,2026-10-04,1227,N,VIIRS,n,2.0NRT,308.7,8.8,D
-12.17994,22.02325,341.89,0.45,0.39,2026-10-04,1227,N,VIIRS,l,2.0NRT,316.4,9.16,D
-12.17898,22.83398,341.56,0.49,0.4,2026-10-04,1227,N,VIIRS,n,2.0NRT,311.12,6.52,D
-12.17782,24.42083,345.54,0.4,0.45,2026-10-04,1227,N,VIIRS,n,2.0NRT,304.84,5.45,D
-12.17525,22.83335,338.06,0.49,0.4,2026-10-04,1227,N,VIIRS,l,2.0NRT,311.41,6.52,D
-12.16437,23.08138,339.34,0.51,0.41,2026-10-04,1227,N,VIIRS,n,2.0NRT,300.93,3.75,D
-12.1586,25.10605,338.82,0.45,0.47,2026-10-04,1227,N,VIIRS,n,2.0NRT,300.39,8.3,D
-12.147,22.7881,348.62,0.49,0.4,2026-10-04,1227,N,VIIRS,n,2.0NRT,312.31,10.45,D
-12.14594,23.40886,338.05,0.53,0.42,2026-10-04,1227,N,VIIRS,n,2.0NRT,305.47,6.95,D
-12.14545,23.40529,344,0.53,0.42,2026-10-04,1227,N,VIIRS,n,2.0NRT,309.24,21.79,D
-12.14544,28.50186,367,0.37,0.58,2026-10-04,1227,N,VIIRS,h,2.0NRT,295.92,9.34,D
-12.14495,22.78643,347.56,0.49,0.4,2026-10-04,1227,N,VIIRS,n,2.0NRT,309.26,9.19,D
-12.14365,26.09398,344.98,0.52,0.5,2026-10-04,1227,N,VIIRS,n,2.0NRT,301.76,9.76,D
-12.14252,23.0728,331.83,0.51,0.41,2026-10-04,1227,N,VIIRS,l,2.0NRT,303.82,14.78,D
-12.1425,22.72281,343.22,0.49,0.4,2026-10-04,1227,N,VIIRS,l,2.0NRT,317.49,33.8,D
-12.1421,23.40819,339.42,0.53,0.42,2026-10-04,1227,N,VIIRS,l,2.0NRT,311.3,38.54,D
-12.14182,28.37677,340.83,0.37,0.58,2026-10-04,1227,N,VIIRS,n,2.0NRT,293.07,6.21,D
-12.14173,23.07744,354.71,0.51,0.41,2026-10-04,1227,N,VIIRS,n,2.0NRT,308.74,14.78,D
-12.1416,23.40462,348.12,0.53,0.42,2026-10-04,1227,N,VIIRS,n,2.0NRT,312.64,21.79,D
-12.13795,23.0768,355.56,0.51,0.41,2026-10-04,1227,N,VIIRS,n,2.0NRT,307.9,11.92,D
-12.13717,23.08145,331.33,0.51,0.41,2026-10-04,1227,N,VIIRS,l,2.0NRT,305.68,7.15,D
-12.13497,23.0715,338.71,0.51,0.41,2026-10-04,1227,N,VIIRS,n,2.0NRT,305.47,11.92,D
-12.13418,23.07616,340.61,0.51,0.41,2026-10-04,1227,N,VIIRS,n,2.0NRT,304.74,11.92,D
-12.13119,23.07087,332.73,0.51,0.41,2026-10-04,1227,N,VIIRS,l,2.0NRT,304.7,4.95,D
-12.12839,23.0417,331.24,0.51,0.41,2026-10-04,1227,N,VIIRS,l,2.0NRT,303.74,4.23,D
-12.1276,23.04632,335.41,0.51,0.41,2026-10-04,1227,N,VIIRS,n,2.0NRT,304.4,4.23,D
-12.12241,25.44116,331.07,0.47,0.48,2026-10-04,1227,N,VIIRS,n,2.0NRT,298.15,4.84,D
-12.12229,25.44203,341.07,0.47,0.48,2026-10-04,1227,N,VIIRS,n,2.0NRT,297.74,6.46,D
-12.12164,25.4454,342.53,0.47,0.48,2026-10-04,1227,N,VIIRS,n,2.0NRT,300.16,6.19,D
-12.11141,22.70372,345.27,0.49,0.4,2026-10-04,1227,N,VIIRS,n,2.0NRT,313.13,31.69,D
-12.10888,22.92619,337.79,0.5,0.41,2026-10-04,1227,N,VIIRS,l,2.0NRT,309.65,6.89,D
-12.10493,23.1336,336.68,0.51,0.41,2026-10-04,1227,N,VIIRS,n,2.0NRT,310.19,5.67,D
-12.10135,25.6824,330.79,0.49,0.48,2026-10-04,1227,N,VIIRS,n,2.0NRT,298.99,5.31,D
-12.09937,22.82164,338.14,0.49,0.4,2026-10-04,1227,N,VIIRS,l,2.0NRT,309.88,8.01,D
-12.09874,27.69505,336.01,0.33,0.55,2026-10-04,1227,N,VIIRS,n,2.0NRT,293.92,2.63,D
-12.0964,22.81651,336.43,0.49,0.4,2026-10-04,1227,N,VIIRS,l,2.0NRT,309.37,4.33,D
-12.09565,22.82101,351.72,0.49,0.4,2026-10-04,1227,N,VIIRS,n,2.0NRT,315.41,23.15,D
-12.09489,22.82553,341.51,0.49,0.41,2026-10-04,1227,N,VIIRS,n,2.0NRT,309.23,23.15,D
-12.09415,23.08529,342.12,0.51,0.41,2026-10-04,1227,N,VIIRS,l,2.0NRT,314.71,36.14,D
-12.09403,23.08362,348.46,0.51,0.41,2026-10-04,1227,N,VIIRS,n,2.0NRT,315.82,45,D
-12.09037,23.08464,332.25,0.51,0.41,2026-10-04,1227,N,VIIRS,l,2.0NRT,303.53,3.24,D
-12.0786,24.45643,343.01,0.41,0.45,2026-10-04,1227,N,VIIRS,n,2.0NRT,307.58,7.65,D
-12.07659,24.45299,342.99,0.41,0.45,2026-10-04,1227,N,VIIRS,n,2.0NRT,306.19,5.53,D
-12.07597,24.45666,342.77,0.41,0.45,2026-10-04,1227,N,VIIRS,n,2.0NRT,308.59,5.53,D
-12.06305,22.94664,340.36,0.5,0.41,2026-10-04,1227,N,VIIRS,n,2.0NRT,305.64,6.56,D
-12.06228,22.95124,342.46,0.5,0.41,2026-10-04,1227,N,VIIRS,n,2.0NRT,304.22,6.56,D
-12.05853,22.95057,367,0.5,0.41,2026-10-04,1227,N,VIIRS,h,2.0NRT,309.66,22.4,D
-12.05797,29.38969,335.37,0.43,0.62,2026-10-04,1227,N,VIIRS,n,2.0NRT,292.76,2.8,D
-12.05459,22.83714,339.32,0.49,0.41,2026-10-04,1227,N,VIIRS,l,2.0NRT,311.04,2.56,D
-12.05311,23.3893,333.12,0.53,0.42,2026-10-04,1227,N,VIIRS,n,2.0NRT,303.96,4.01,D
-12.05079,22.99652,338.85,0.5,0.41,2026-10-04,1227,N,VIIRS,n,2.0NRT,308.81,5.03,D
-12.04845,23.01039,340.94,0.5,0.41,2026-10-04,1227,N,VIIRS,l,2.0NRT,311.17,6.75,D
-12.03246,22.4379,343.25,0.47,0.4,2026-10-04,1227,N,VIIRS,l,2.0NRT,317.69,11.08,D
-12.03242,22.41565,348.73,0.47,0.4,2026-10-04,1227,N,VIIRS,n,2.0NRT,313.64,7.38,D
-12.02901,23.19491,337.86,0.52,0.41,2026-10-04,1227,N,VIIRS,n,2.0NRT,307.09,11.14,D
-12.0282,23.19965,332.19,0.52,0.41,2026-10-04,1227,N,VIIRS,l,2.0NRT,304.79,6.04,D
-12.02588,22.43233,344.52,0.47,0.4,2026-10-04,1227,N,VIIRS,l,2.0NRT,319.51,27.88,D
-12.02466,22.8751,343.76,0.5,0.41,2026-10-04,1227,N,VIIRS,n,2.0NRT,314.9,32.09,D
-12.02448,22.87864,337.69,0.5,0.41,2026-10-04,1227,N,VIIRS,l,2.0NRT,312.43,16.09,D
-12.02074,22.87799,338.02,0.5,0.41,2026-10-04,1227,N,VIIRS,l,2.0NRT,309.34,16.09,D
-12.02069,22.99133,349.33,0.5,0.41,2026-10-04,1227,N,VIIRS,n,2.0NRT,314.03,14.61,D
-12.01798,22.77618,339.96,0.49,0.4,2026-10-04,1227,N,VIIRS,n,2.0NRT,303.69,27.13,D
-12.01723,22.7807,356.04,0.49,0.4,2026-10-04,1227,N,VIIRS,n,2.0NRT,311.07,87.87,D
-12.01646,24.21811,357.63,0.39,0.44,2026-10-04,1227,N,VIIRS,n,2.0NRT,308.81,11.33,D
-12.01429,25.39098,332.23,0.47,0.48,2026-10-04,1227,N,VIIRS,n,2.0NRT,294.89,3.87,D
-12.01426,22.77553,355.09,0.49,0.4,2026-10-04,1227,N,VIIRS,n,2.0NRT,308.64,27.13,D
-12.014,25.39079,330.27,0.47,0.48,2026-10-04,1227,N,VIIRS,n,2.0NRT,295.34,4.5,D
-12.01242,24.21737,354.63,0.39,0.44,2026-10-04,1227,N,VIIRS,n,2.0NRT,308.71,11.33,D
-12.01054,22.77488,355.67,0.49,0.4,2026-10-04,1227,N,VIIRS,n,2.0NRT,310.97,28.26,D
-12.01033,25.86851,340.93,0.5,0.49,2026-10-04,1227,N,VIIRS,n,2.0NRT,296.6,9.09,D
-12.00979,22.77941,350.68,0.49,0.4,2026-10-04,1227,N,VIIRS,n,2.0NRT,312.04,18.15,D
-12.00938,23.17209,350.8,0.52,0.41,2026-10-04,1227,N,VIIRS,n,2.0NRT,303.04,19.23,D
-12.00682,22.77424,355.64,0.49,0.4,2026-10-04,1227,N,VIIRS,n,2.0NRT,312.1,28.26,D
-12.00607,22.77877,350.17,0.49,0.4,2026-10-04,1227,N,VIIRS,n,2.0NRT,310.25,18.15,D
-12.00235,22.77814,339.65,0.49,0.4,2026-10-04,1227,N,VIIRS,n,2.0NRT,304.8,6.17,D
-12.0016,22.78267,342.1,0.49,0.4,2026-10-04,1227,N,VIIRS,n,2.0NRT,310.28,6.17,D
-12.00116,23.31297,330.97,0.53,0.42,2026-10-04,1227,N,VIIRS,n,2.0NRT,305.26,2.34,D
-11.99845,29.66053,336.2,0.45,0.63,2026-10-04,1227,N,VIIRS,n,2.0NRT,292.73,2.67,D
-11.99021,22.89725,339.16,0.5,0.41,2026-10-04,1227,N,VIIRS,n,2.0NRT,309.83,8.89,D
-11.98647,22.89658,342.57,0.5,0.41,2026-10-04,1227,N,VIIRS,n,2.0NRT,308.28,8.89,D
-11.98567,23.10505,339.32,0.51,0.41,2026-10-04,1227,N,VIIRS,l,2.0NRT,311.51,11.11,D
-11.98271,23.10589,340.72,0.51,0.41,2026-10-04,1227,N,VIIRS,l,2.0NRT,311.16,10.17,D
-11.98186,30.08462,337.17,0.48,0.64,2026-10-04,1227,N,VIIRS,n,2.0NRT,287.91,7.57,D
-11.97708,22.76911,343.39,0.49,0.4,2026-10-04,1227,N,VIIRS,n,2.0NRT,300.29,19.11,D
-11.97019,22.83294,337.17,0.5,0.41,2026-10-04,1227,N,VIIRS,l,2.0NRT,309.21,5.62,D
-11.96943,22.83745,337.19,0.5,0.41,2026-10-04,1227,N,VIIRS,l,2.0NRT,309.07,8.01,D
-11.96941,23.26803,337.64,0.52,0.42,2026-10-04,1227,N,VIIRS,n,2.0NRT,305.62,4.89,D
-11.96097,23.98952,335.42,0.38,0.43,2026-10-04,1227,N,VIIRS,n,2.0NRT,304.15,6.18,D
-11.95632,29.35784,331.17,0.43,0.62,2026-10-04,1227,N,VIIRS,n,2.0NRT,295.5,3.46,D
-11.94898,24.03455,346.48,0.39,0.44,2026-10-04,1227,N,VIIRS,n,2.0NRT,312.07,12.64,D
-11.94093,24.2715,343.56,0.4,0.44,2026-10-04,1227,N,VIIRS,n,2.0NRT,310.17,14.94,D
-11.92332,22.71579,344.49,0.49,0.4,2026-10-04,1227,N,VIIRS,n,2.0NRT,312.15,9.76,D
-11.9036,29.35018,334.65,0.43,0.62,2026-10-04,1227,N,VIIRS,n,2.0NRT,291.94,5.89,D
-11.90283,29.35412,367,0.43,0.62,2026-10-04,1227,N,VIIRS,h,2.0NRT,293.59,5.89,D
-11.90099,24.21414,338.53,0.4,0.44,2026-10-04,1227,N,VIIRS,n,2.0NRT,305.51,3,D
-11.90065,24.21463,338.43,0.4,0.44,2026-10-04,1227,N,VIIRS,n,2.0NRT,305.41,4.61,D
-11.89951,31.63482,330.94,0.6,0.71,2026-10-04,1227,N,VIIRS,n,2.0NRT,289.46,2.56,D
-11.89107,27.29126,330.29,0.63,0.54,2026-10-04,1227,N,VIIRS,n,2.0NRT,282.59,5.63,D
-11.87164,25.63958,331.39,0.49,0.48,2026-10-04,1227,N,VIIRS,n,2.0NRT,298.99,6.36,D
-11.87009,25.63696,331.48,0.49,0.48,2026-10-04,1227,N,VIIRS,n,2.0NRT,300.42,5.14,D
-11.86667,27.95678,332.01,0.35,0.56,2026-10-04,1227,N,VIIRS,n,2.0NRT,290.15,2.53,D
-11.86575,24.2003,349.89,0.4,0.44,2026-10-04,1227,N,VIIRS,n,2.0NRT,306.74,7.13,D
-11.864,28.5246,353.16,0.38,0.59,2026-10-04,1227,N,VIIRS,n,2.0NRT,290.97,6.07,D
-11.85897,22.84901,342.72,0.5,0.41,2026-10-04,1227,N,VIIRS,n,2.0NRT,310.56,21.61,D
-11.85668,22.86268,344.07,0.5,0.41,2026-10-04,1227,N,VIIRS,n,2.0NRT,308.6,74.27,D
-11.85375,24.62324,338.41,0.42,0.45,2026-10-04,1227,N,VIIRS,n,2.0NRT,303.65,2.81,D
-11.8537,22.85746,346.15,0.5,0.41,2026-10-04,1227,N,VIIRS,n,2.0NRT,312.68,74.27,D
-11.85164,26.55998,345.02,0.56,0.52,2026-10-04,1227,N,VIIRS,n,2.0NRT,298.35,8.08,D
-11.83373,23.06835,340.04,0.51,0.41,2026-10-04,1227,N,VIIRS,n,2.0NRT,304.66,4.46,D
-11.82686,31.85048,339.47,0.62,0.72,2026-10-04,1227,N,VIIRS,n,2.0NRT,290.79,9.51,D
-11.82416,31.84676,339.12,0.62,0.72,2026-10-04,1227,N,VIIRS,n,2.0NRT,290.86,6.65,D
-11.82204,24.52756,331.02,0.42,0.45,2026-10-04,1227,N,VIIRS,l,2.0NRT,304.74,3.06,D
-11.81309,24.60432,342.9,0.42,0.45,2026-10-04,1227,N,VIIRS,n,2.0NRT,304.71,8.21,D
-11.81143,22.80908,336.88,0.5,0.41,2026-10-04,1227,N,VIIRS,n,2.0NRT,307.21,3.11,D
-11.8061,24.32623,343.15,0.4,0.45,2026-10-04,1227,N,VIIRS,n,2.0NRT,310.12,5.31,D
-11.79928,24.2453,338.18,0.4,0.44,2026-10-04,1227,N,VIIRS,n,2.0NRT,305.84,3.27,D
-11.76919,24.56076,331.43,0.42,0.45,2026-10-04,1227,N,VIIRS,l,2.0NRT,304.99,2.73,D
-11.76595,24.29927,337.88,0.4,0.44,2026-10-04,1227,N,VIIRS,n,2.0NRT,303.75,4.72,D
-11.76361,23.00465,340.16,0.51,0.41,2026-10-04,1227,N,VIIRS,n,2.0NRT,307.86,6.76,D
-11.75903,27.89742,335.66,0.35,0.56,2026-10-04,1227,N,VIIRS,n,2.0NRT,287.59,2.58,D
-11.75881,23.05694,339.12,0.51,0.41,2026-10-04,1227,N,VIIRS,n,2.0NRT,309.3,3.19,D
-11.75866,23.74351,332.89,0.56,0.43,2026-10-04,1227,N,VIIRS,n,2.0NRT,304.6,5.13,D
-11.74904,28.26155,331.79,0.36,0.58,2026-10-04,1227,N,VIIRS,n,2.0NRT,288.62,2.12,D
-11.74573,24.31885,333.23,0.4,0.45,2026-10-04,1227,N,VIIRS,l,2.0NRT,306.24,2.78,D
-11.74484,22.97742,331.51,0.51,0.41,2026-10-04,1227,N,VIIRS,l,2.0NRT,305.4,18.98,D
-11.74406,22.98207,333.14,0.51,0.41,2026-10-04,1227,N,VIIRS,n,2.0NRT,302.12,23.33,D
-11.74107,22.97677,345.59,0.51,0.41,2026-10-04,1227,N,VIIRS,n,2.0NRT,312.82,18.98,D
-11.74029,22.98141,349.74,0.51,0.41,2026-10-04,1227,N,VIIRS,n,2.0NRT,306.46,23.33,D
-11.73729,22.97612,339.02,0.51,0.41,2026-10-04,1227,N,VIIRS,n,2.0NRT,306.18,8.78,D
-11.73651,22.98076,367,0.51,0.41,2026-10-04,1227,N,VIIRS,h,2.0NRT,310.69,20.62,D
-11.72149,31.69009,330.21,0.61,0.71,2026-10-04,1227,N,VIIRS,n,2.0NRT,289.93,7.27,D
-11.70259,23.86525,337.63,0.57,0.43,2026-10-04,1227,N,VIIRS,n,2.0NRT,302.74,5.45,D
-11.69933,28.40518,353.41,0.37,0.58,2026-10-04,1227,N,VIIRS,n,2.0NRT,292.18,7.44,D
-11.69537,22.44197,345.63,0.48,0.4,2026-10-04,1227,N,VIIRS,n,2.0NRT,318.25,28.68,D
-11.69316,22.43261,353.32,0.48,0.4,2026-10-04,1227,N,VIIRS,n,2.0NRT,319.14,15.92,D
-11.69243,22.43698,367,0.48,0.4,2026-10-04,1227,N,VIIRS,h,2.0NRT,326.39,28.68,D
-11.69172,28.25849,333.45,0.37,0.58,2026-10-04,1227,N,VIIRS,n,2.0NRT,288.88,6.26,D
-11.6917,22.44135,354.99,0.48,0.4,2026-10-04,1227,N,VIIRS,l,2.0NRT,333.89,28.68,D
-11.69031,29.34049,367,0.43,0.62,2026-10-04,1227,N,VIIRS,h,2.0NRT,294.85,12.81,D
-11.68877,22.43635,342.24,0.48,0.4,2026-10-04,1227,N,VIIRS,n,2.0NRT,316.26,19.29,D
-11.68804,22.44071,351.24,0.48,0.4,2026-10-04,1227,N,VIIRS,l,2.0NRT,334.59,19.29,D
-11.67933,31.86155,355.5,0.63,0.72,2026-10-04,1227,N,VIIRS,n,2.0NRT,291.69,15.3,D
-11.67463,24.5082,341.64,0.42,0.45,2026-10-04,1227,N,VIIRS,n,2.0NRT,304.29,18.27,D
-11.6648,27.99629,355.67,0.35,0.57,2026-10-04,1227,N,VIIRS,n,2.0NRT,288.35,13.53,D
-11.66418,27.99958,357.15,0.35,0.57,2026-10-04,1227,N,VIIRS,l,2.0NRT,281.84,16.82,D
-11.66188,28.18333,339.55,0.36,0.58,2026-10-04,1227,N,VIIRS,n,2.0NRT,291.21,5.18,D
-11.66083,27.98873,356.93,0.35,0.57,2026-10-04,1227,N,VIIRS,l,2.0NRT,288.66,11.88,D
-11.66021,27.99199,343.18,0.35,0.57,2026-10-04,1227,N,VIIRS,n,2.0NRT,284.86,13.53,D
-11.65671,23.28961,341.91,0.53,0.42,2026-10-04,1227,N,VIIRS,n,2.0NRT,305.61,20.16,D
-11.65422,23.30414,347.22,0.53,0.42,2026-10-04,1227,N,VIIRS,n,2.0NRT,305.11,13.05,D
-11.65382,31.78494,356.83,0.62,0.72,2026-10-04,1227,N,VIIRS,n,2.0NRT,291.78,10.31,D
-11.65067,31.78332,351.49,0.62,0.72,2026-10-04,1227,N,VIIRS,n,2.0NRT,291.64,18.96,D
-11.63949,24.83233,345.16,0.44,0.46,2026-10-04,1227,N,VIIRS,n,2.0NRT,309.39,24.44,D
-11.63882,23.30146,347.75,0.53,0.42,2026-10-04,1227,N,VIIRS,n,2.0NRT,305.61,8.41,D
-11.63251,31.92023,355.07,0.64,0.72,2026-10-04,1227,N,VIIRS,n,2.0NRT,292.67,14.85,D
-11.63105,24.80569,344.16,0.44,0.46,2026-10-04,1227,N,VIIRS,n,2.0NRT,306.73,8.49,D
-11.63022,31.9188,353.41,0.64,0.72,2026-10-04,1227,N,VIIRS,n,2.0NRT,292.03,13.95,D
-11.62962,27.66876,331.77,0.34,0.56,2026-10-04,1227,N,VIIRS,n,2.0NRT,291.31,2.22,D
-11.62838,23.54871,337.89,0.55,0.43,2026-10-04,1227,N,VIIRS,n,2.0NRT,296.76,7.84,D
-11.62123,32.62179,339.31,0.7,0.75,2026-10-04,1227,N,VIIRS,n,2.0NRT,293.85,14.69,D
-11.61921,22.13806,337.03,0.46,0.39,2026-10-04,1227,N,VIIRS,l,2.0NRT,309,8.43,D
-11.6185,22.14227,367,0.46,0.39,2026-10-04,1227,N,VIIRS,l,2.0NRT,325.32,67.75,D
-11.6178,22.14649,346.74,0.46,0.39,2026-10-04,1227,N,VIIRS,l,2.0NRT,321.09,67.75,D
-11.61621,24.81557,331.37,0.44,0.46,2026-10-04,1227,N,VIIRS,l,2.0NRT,305.33,5.63,D
-11.61559,22.13743,338.23,0.46,0.39,2026-10-04,1227,N,VIIRS,l,2.0NRT,309.26,5.29,D
-11.61548,24.81968,343.16,0.44,0.46,2026-10-04,1227,N,VIIRS,n,2.0NRT,306.84,5.63,D
-11.61419,22.14586,350.92,0.46,0.39,2026-10-04,1227,N,VIIRS,n,2.0NRT,311.27,32.8,D
-11.61348,22.15009,344.27,0.46,0.39,2026-10-04,1227,N,VIIRS,l,2.0NRT,314.59,25.5,D
-11.61014,23.20409,334.05,0.52,0.42,2026-10-04,1227,N,VIIRS,l,2.0NRT,304.22,7.06,D
-11.60986,22.14948,347.01,0.46,0.39,2026-10-04,1227,N,VIIRS,n,2.0NRT,309.62,25.5,D
-11.60907,24.83122,355.85,0.44,0.46,2026-10-04,1227,N,VIIRS,n,2.0NRT,303.33,13.32,D
-11.60844,22.15799,332.43,0.46,0.39,2026-10-04,1227,N,VIIRS,l,2.0NRT,307.03,3.34,D
-11.60772,22.16224,334.59,0.46,0.39,2026-10-04,1227,N,VIIRS,l,2.0NRT,308.74,3.34,D
-11.60766,22.1404,343.46,0.46,0.39,2026-10-04,1227,N,VIIRS,n,2.0NRT,312.01,5.18,D
-11.60695,22.14463,344.33,0.46,0.39,2026-10-04,1227,N,VIIRS,n,2.0NRT,309.58,5.18,D
-11.5979,31.9754,335.99,0.64,0.72,2026-10-04,1227,N,VIIRS,n,2.0NRT,290.83,5.6,D
-11.59752,23.51759,340.76,0.55,0.42,2026-10-04,1227,N,VIIRS,n,2.0NRT,302.93,71.71,D
-11.59167,31.57736,347.85,0.61,0.71,2026-10-04,1227,N,VIIRS,n,2.0NRT,290.78,14.43,D
-11.59074,31.57443,352.7,0.61,0.71,2026-10-04,1227,N,VIIRS,n,2.0NRT,287.59,11.54,D
-11.58719,23.50772,335.02,0.55,0.42,2026-10-04,1227,N,VIIRS,n,2.0NRT,300.1,7.57,D
-11.58667,23.51062,346.62,0.55,0.42,2026-10-04,1227,N,VIIRS,n,2.0NRT,303.33,12.51,D
-11.58636,23.51275,340.07,0.55,0.42,2026-10-04,1227,N,VIIRS,n,2.0NRT,303.8,10.85,D
-11.58052,22.09743,339.67,0.46,0.39,2026-10-04,1227,N,VIIRS,l,2.0NRT,311.57,2.79,D
-11.57965,24.72858,353.9,0.43,0.46,2026-10-04,1227,N,VIIRS,n,2.0NRT,300.95,9.09,D
-11.57776,22.11429,338.23,0.46,0.39,2026-10-04,1227,N,VIIRS,l,2.0NRT,312.35,16.5,D
-11.57722,23.1195,345.57,0.52,0.41,2026-10-04,1227,N,VIIRS,n,2.0NRT,302.51,8.74,D
-11.5763,23.28761,342.95,0.53,0.42,2026-10-04,1227,N,VIIRS,n,2.0NRT,303.84,39.77,D
-11.5729,22.14403,341.88,0.46,0.39,2026-10-04,1227,N,VIIRS,n,2.0NRT,306.45,11.05,D
-11.57151,22.15252,350.28,0.46,0.39,2026-10-04,1227,N,VIIRS,n,2.0NRT,307.68,13.4,D
-11.57128,23.1775,338.26,0.52,0.42,2026-10-04,1227,N,VIIRS,n,2.0NRT,307.02,14.66,D
-11.56554,27.63427,367,0.33,0.56,2026-10-04,1227,N,VIIRS,h,2.0NRT,296.84,10.03,D
-11.563,30.5119,367,0.52,0.67,2026-10-04,1227,N,VIIRS,h,2.0NRT,290.38,9.68,D
-11.56252,23.13656,331.63,0.52,0.42,2026-10-04,1227,N,VIIRS,n,2.0NRT,296.65,10.85,D
-11.56178,27.74032,337.3,0.34,0.56,2026-10-04,1227,N,VIIRS,n,2.0NRT,290.12,4.84,D
-11.55907,23.62757,347.14,0.56,0.43,2026-10-04,1227,N,VIIRS,n,2.0NRT,302.82,11.51,D
-11.5587,23.13589,356.16,0.52,0.42,2026-10-04,1227,N,VIIRS,n,2.0NRT,300.55,10.85,D
-11.55861,23.62516,336.46,0.55,0.43,2026-10-04,1227,N,VIIRS,n,2.0NRT,302.59,5.68,D
-11.55811,22.21157,341.51,0.47,0.39,2026-10-04,1227,N,VIIRS,l,2.0NRT,313.35,15.45,D
-11.55789,23.14067,336.94,0.52,0.42,2026-10-04,1227,N,VIIRS,n,2.0NRT,296.9,10.85,D
-11.55207,22.04503,350.02,0.46,0.39,2026-10-04,1227,N,VIIRS,n,2.0NRT,312.86,11.52,D
-11.55119,31.96531,331.21,0.64,0.72,2026-10-04,1227,N,VIIRS,n,2.0NRT,291.37,8.86,D
-11.55071,30.50946,332.46,0.52,0.67,2026-10-04,1227,N,VIIRS,n,2.0NRT,290.89,6.68,D
-11.55066,31.88503,340.17,0.64,0.72,2026-10-04,1227,N,VIIRS,n,2.0NRT,291.2,11.44,D
-11.5488,30.51908,337.98,0.52,0.67,2026-10-04,1227,N,VIIRS,n,2.0NRT,292.95,12.77,D
-11.54847,22.04442,350.36,0.46,0.39,2026-10-04,1227,N,VIIRS,n,2.0NRT,312.62,11.52,D
-11.54834,22.02286,337.45,0.46,0.39,2026-10-04,1227,N,VIIRS,n,2.0NRT,304.25,2.27,D
-11.54777,22.04862,339.69,0.46,0.39,2026-10-04,1227,N,VIIRS,n,2.0NRT,309.42,11.52,D
-11.54626,22.03542,351.31,0.46,0.39,2026-10-04,1227,N,VIIRS,n,2.0NRT,309.09,13.8,D
-11.53974,23.24644,338.9,0.53,0.42,2026-10-04,1227,N,VIIRS,n,2.0NRT,308.18,14.18,D
-11.53334,23.65997,330.27,0.56,0.43,2026-10-04,1227,N,VIIRS,l,2.0NRT,303.13,2.06,D
-11.53215,24.25359,355.04,0.4,0.45,2026-10-04,1227,N,VIIRS,n,2.0NRT,306.56,13.48,D
-11.52941,23.65921,336.53,0.56,0.43,2026-10-04,1227,N,VIIRS,n,2.0NRT,306.04,8.64,D
-11.50983,23.13395,335.65,0.52,0.42,2026-10-04,1227,N,VIIRS,n,2.0NRT,299.16,41.91,D
-11.50681,23.31764,337.32,0.53,0.42,2026-10-04,1227,N,VIIRS,n,2.0NRT,304.07,3.23,D
-11.50218,28.1939,367,0.36,0.58,2026-10-04,1227,N,VIIRS,h,2.0NRT,292.94,9.92,D
-11.50037,23.07347,345.11,0.52,0.41,2026-10-04,1227,N,VIIRS,n,2.0NRT,293.83,5.54,D
-11.49979,28.19111,348.93,0.37,0.58,2026-10-04,1227,N,VIIRS,n,2.0NRT,291.6,4.52,D
-11.49917,28.19444,335.19,0.37,0.58,2026-10-04,1227,N,VIIRS,n,2.0NRT,290.36,4.52,D
-11.49051,24.32317,343.23,0.41,0.45,2026-10-04,1227,N,VIIRS,n,2.0NRT,301.14,13.11,D
-11.48334,24.36427,349.8,0.41,0.45,2026-10-04,1227,N,VIIRS,n,2.0NRT,302.38,31.1,D
-11.46395,22.82857,338.53,0.5,0.41,2026-10-04,1227,N,VIIRS,n,2.0NRT,303.31,7.95,D
-11.46302,27.29637,342.09,0.32,0.54,2026-10-04,1227,N,VIIRS,n,2.0NRT,291.97,2.52,D
-11.45301,30.08326,331.05,0.49,0.65,2026-10-04,1227,N,VIIRS,n,2.0NRT,287.77,3.65,D
-11.45157,22.11166,332.59,0.46,0.39,2026-10-04,1227,N,VIIRS,n,2.0NRT,302.08,6.49,D
-11.44519,30.09114,334.32,0.49,0.65,2026-10-04,1227,N,VIIRS,n,2.0NRT,290.18,2.32,D
-11.44076,24.78169,345.01,0.44,0.46,2026-10-04,1227,N,VIIRS,n,2.0NRT,302.02,4.66,D
-11.39282,24.28573,342.93,0.41,0.45,2026-10-04,1227,N,VIIRS,n,2.0NRT,305.48,8.24,D
-11.39253,22.81647,337.38,0.5,0.41,2026-10-04,1227,N,VIIRS,n,2.0NRT,302.76,5.67,D
-11.39218,28.24882,330.08,0.37,0.58,2026-10-04,1227,N,VIIRS,n,2.0NRT,289.05,4.97,D
-11.37408,24.10431,336.47,0.4,0.44,2026-10-04,1227,N,VIIRS,n,2.0NRT,308.46,7.32,D
-11.36308,29.33194,367,0.44,0.62,2026-10-04,1227,N,VIIRS,h,2.0NRT,295.29,11.37,D
-11.36228,29.33607,367,0.44,0.62,2026-10-04,1227,N,VIIRS,h,2.0NRT,295.06,15.26,D
-11.35124,24.24335,341.59,0.41,0.45,2026-10-04,1227,N,VIIRS,n,2.0NRT,302.87,4.47,D
-11.35056,28.74514,343.23,0.4,0.6,2026-10-04,1227,N,VIIRS,n,2.0NRT,290.18,3.74,D
-11.34999,24.33644,353.43,0.41,0.45,2026-10-04,1227,N,VIIRS,n,2.0NRT,309.84,21.83,D
-11.34368,24.61695,331.75,0.43,0.46,2026-10-04,1227,N,VIIRS,l,2.0NRT,303.13,3.38,D
-11.33885,31.00316,338.27,0.56,0.69,2026-10-04,1227,N,VIIRS,n,2.0NRT,284.56,26.02,D
-11.33572,24.36901,332.41,0.41,0.45,2026-10-04,1227,N,VIIRS,n,2.0NRT,294.95,2.95,D
-11.33319,23.10761,349.86,0.52,0.42,2026-10-04,1227,N,VIIRS,n,2.0NRT,301.44,11.58,D
-11.332,28.33319,354.29,0.38,0.58,2026-10-04,1227,N,VIIRS,n,2.0NRT,288.99,7.34,D
-11.3316,23.1172,333.02,0.52,0.42,2026-10-04,1227,N,VIIRS,n,2.0NRT,301.54,7.08,D
-11.33083,30.6995,330.85,0.54,0.68,2026-10-04,1227,N,VIIRS,n,2.0NRT,291.7,5.28,D
-11.33065,23.1097,346.37,0.52,0.42,2026-10-04,1227,N,VIIRS,n,2.0NRT,301.06,18.08,D
-11.32652,24.76514,354.28,0.44,0.46,2026-10-04,1227,N,VIIRS,n,2.0NRT,305.22,60.63,D
-11.30769,24.32468,342.44,0.41,0.45,2026-10-04,1227,N,VIIRS,n,2.0NRT,309.65,3.96,D
-11.28298,27.05121,330.05,0.62,0.54,2026-10-04,1227,N,VIIRS,n,2.0NRT,293.97,6.37,D
-11.28225,27.05392,334.06,0.62,0.54,2026-10-04,1227,N,VIIRS,n,2.0NRT,293.77,5.34,D
-11.25839,27.07256,340.39,0.62,0.54,2026-10-04,1227,N,VIIRS,n,2.0NRT,291.27,7.92,D
-11.25739,27.07804,338.22,0.62,0.54,2026-10-04,1227,N,VIIRS,n,2.0NRT,291.79,10.02,D
-11.25381,32.1981,335.53,0.67,0.74,2026-10-04,1227,N,VIIRS,n,2.0NRT,291.92,7.16,D
-11.25221,32.20235,343.11,0.67,0.74,2026-10-04,1227,N,VIIRS,n,2.0NRT,291.41,13.43,D
-11.24928,29.21173,346.38,0.43,0.62,2026-10-04,1227,N,VIIRS,n,2.0NRT,295.49,6.7,D
-11.24691,32.19716,348.3,0.67,0.74,2026-10-04,1227,N,VIIRS,n,2.0NRT,290.99,7.16,D
-11.24665,32.19478,337.7,0.67,0.74,2026-10-04,1227,N,VIIRS,n,2.0NRT,290.75,9.14,D
-11.24114,24.12964,342.57,0.4,0.44,2026-10-04,1227,N,VIIRS,n,2.0NRT,303.86,4.62,D
-11.23878,24.79984,350.88,0.44,0.46,2026-10-04,1227,N,VIIRS,n,2.0NRT,295.55,6.12,D
-11.23589,24.79115,341.83,0.44,0.46,2026-10-04,1227,N,VIIRS,n,2.0NRT,300.54,8.39,D
-11.1988,24.4272,340.42,0.42,0.45,2026-10-04,1227,N,VIIRS,n,2.0NRT,303.6,3.78,D
-11.18954,27.2227,349.97,0.32,0.54,2026-10-04,1227,N,VIIRS,n,2.0NRT,297.73,3.91,D
-11.18558,27.21608,367,0.32,0.54,2026-10-04,1227,N,VIIRS,h,2.0NRT,299.2,11.22,D
-11.18505,27.21892,340.5,0.32,0.54,2026-10-04,1227,N,VIIRS,n,2.0NRT,296.51,10.75,D
-11.18501,32.04237,367,0.66,0.73,2026-10-04,1227,N,VIIRS,h,2.0NRT,294,14.15,D
-11.17967,32.03897,349.66,0.66,0.73,2026-10-04,1227,N,VIIRS,n,2.0NRT,292.81,19.52,D
-11.17833,32.04543,367,0.66,0.73,2026-10-04,1227,N,VIIRS,h,2.0NRT,294.48,32.69,D
-11.17822,32.04113,367,0.66,0.73,2026-10-04,1227,N,VIIRS,h,2.0NRT,292.59,14.15,D
-11.16136,24.24936,338.6,0.41,0.45,2026-10-04,1227,N,VIIRS,n,2.0NRT,304.89,6.07,D
-11.15241,31.1308,350.14,0.58,0.7,2026-10-04,1227,N,VIIRS,n,2.0NRT,292.4,9.57,D
-11.15219,31.13181,347.3,0.58,0.7,2026-10-04,1227,N,VIIRS,n,2.0NRT,292.05,10.01,D
-11.14011,32.16085,343.85,0.67,0.74,2026-10-04,1227,N,VIIRS,n,2.0NRT,291.46,6.56,D
-11.13876,27.84278,334.15,0.35,0.57,2026-10-04,1227,N,VIIRS,n,2.0NRT,291.18,7.21,D
-11.13766,27.84496,341.96,0.35,0.57,2026-10-04,1227,N,VIIRS,n,2.0NRT,291.32,4.33,D
-11.13488,24.74869,330.95,0.44,0.46,2026-10-04,1227,N,VIIRS,n,2.0NRT,300,11.63,D
-11.13418,24.75274,344,0.44,0.46,2026-10-04,1227,N,VIIRS,n,2.0NRT,304.39,11.63,D
-11.13216,25.86594,339.36,0.52,0.5,2026-10-04,1227,N,VIIRS,n,2.0NRT,292.49,8.03,D
-11.12898,24.12982,342.73,0.4,0.44,2026-10-04,1227,N,VIIRS,n,2.0NRT,305.15,8.02,D
-11.12353,31.40496,335.03,0.6,0.71,2026-10-04,1227,N,VIIRS,n,2.0NRT,291.2,8.25,D
-11.11087,24.31036,334.99,0.41,0.45,2026-10-04,1227,N,VIIRS,n,2.0NRT,304.25,19.95,D
-11.10674,24.30964,352.27,0.41,0.45,2026-10-04,1227,N,VIIRS,n,2.0NRT,308.56,19.95,D
-11.08667,24.30244,336.34,0.41,0.45,2026-10-04,1227,N,VIIRS,l,2.0NRT,307.76,5.14,D
-11.08403,24.24386,341.87,0.41,0.45,2026-10-04,1227,N,VIIRS,n,2.0NRT,305.68,4.19,D
-11.08252,24.30181,350.96,0.41,0.45,2026-10-04,1227,N,VIIRS,n,2.0NRT,303.65,5.14,D
-11.07229,32.69242,332.93,0.73,0.76,2026-10-04,1227,N,VIIRS,n,2.0NRT,291.34,12.76,D
-11.07083,32.69941,367,0.73,0.76,2026-10-04,1227,N,VIIRS,h,2.0NRT,290.45,25.34,D
-11.06668,25.06461,348.75,0.46,0.47,2026-10-04,1227,N,VIIRS,n,2.0NRT,303.48,14.72,D
-11.06063,26.80632,332.27,0.6,0.53,2026-10-04,1227,N,VIIRS,n,2.0NRT,297.51,4.22,D
-11.05652,32.35969,333.06,0.7,0.75,2026-10-04,1227,N,VIIRS,n,2.0NRT,292.09,3.12,D
-11.0538,27.31487,354.04,0.32,0.55,2026-10-04,1227,N,VIIRS,n,2.0NRT,294.19,5.23,D
-11.05324,27.31787,332.87,0.32,0.55,2026-10-04,1227,N,VIIRS,n,2.0NRT,292.96,5.96,D
-11.04416,32.38482,336.83,0.7,0.75,2026-10-04,1227,N,VIIRS,n,2.0NRT,292.01,5.82,D
-11.03726,26.90619,367,0.61,0.53,2026-10-04,1227,N,VIIRS,h,2.0NRT,298.84,20.95,D
-11.03194,32.95647,367,0.76,0.77,2026-10-04,1227,N,VIIRS,h,2.0NRT,292.78,14.04,D
-11.02376,24.95336,341.43,0.45,0.47,2026-10-04,1227,N,VIIRS,n,2.0NRT,299.15,14.45,D
-11.02322,32.34702,333.85,0.7,0.75,2026-10-04,1227,N,VIIRS,n,2.0NRT,292.99,13.31,D
-11.01666,32.34703,342.48,0.7,0.75,2026-10-04,1227,N,VIIRS,n,2.0NRT,291.97,4.28,D
-10.96856,24.93224,342.77,0.45,0.47,2026-10-04,1227,N,VIIRS,n,2.0NRT,302.4,8.86,D
-10.95512,30.98085,335.42,0.57,0.69,2026-10-04,1227,N,VIIRS,n,2.0NRT,289.44,4.48,D
-10.9551,29.2171,367,0.44,0.62,2026-10-04,1227,N,VIIRS,h,2.0NRT,294.29,13.39,D
-10.95431,30.98136,334.91,0.57,0.69,2026-10-04,1227,N,VIIRS,n,2.0NRT,288.52,7.27,D
-10.94876,30.97947,331.28,0.57,0.69,2026-10-04,1227,N,VIIRS,n,2.0NRT,288.41,4.48,D
-10.93229,29.39665,337.87,0.45,0.63,2026-10-04,1227,N,VIIRS,n,2.0NRT,295.38,2.84,D
-10.927,29.39565,367,0.45,0.63,2026-10-04,1227,N,VIIRS,h,2.0NRT,295.47,9.59,D
-10.91089,25.94779,346.05,0.53,0.5,2026-10-04,1227,N,VIIRS,n,2.0NRT,291.22,10.37,D
-10.89321,29.74827,367,0.47,0.64,2026-10-04,1227,N,VIIRS,h,2.0NRT,296.27,11.69,D
-10.89021,29.74826,367,0.47,0.64,2026-10-04,1227,N,VIIRS,h,2.0NRT,295.79,14.8,D
-10.88898,29.59438,331.74,0.46,0.64,2026-10-04,1227,N,VIIRS,n,2.0NRT,295.03,2.37,D
-10.88691,32.28533,333.5,0.69,0.75,2026-10-04,1227,N,VIIRS,n,2.0NRT,293.11,6.99,D
-10.8725,32.8042,339.4,0.75,0.77,2026-10-04,1227,N,VIIRS,n,2.0NRT,291.63,4.99,D
-10.83268,30.88571,349.93,0.56,0.69,2026-10-04,1227,N,VIIRS,n,2.0NRT,284.61,12.87,D
-10.81193,30.19034,342.44,0.51,0.66,2026-10-04,1227,N,VIIRS,n,2.0NRT,286.56,7.4,D
-10.81189,30.19155,339.32,0.51,0.66,2026-10-04,1227,N,VIIRS,n,2.0NRT,287.02,6.28,D
-10.78391,32.19456,347.19,0.69,0.74,2026-10-04,1227,N,VIIRS,n,2.0NRT,293.15,12.33,D
-10.77841,32.18652,336.82,0.69,0.74,2026-10-04,1227,N,VIIRS,n,2.0NRT,292.65,8.6,D
-10.77717,32.1926,338.87,0.69,0.74,2026-10-04,1227,N,VIIRS,n,2.0NRT,291.83,11.2,D
-10.75962,32.58746,337.12,0.73,0.76,2026-10-04,1227,N,VIIRS,n,2.0NRT,292.73,10.75,D
-10.70972,32.28344,356.83,0.7,0.75,2026-10-04,1227,N,VIIRS,n,2.0NRT,294.15,9.57,D
-10.70755,32.28712,344.65,0.7,0.75,2026-10-04,1227,N,VIIRS,n,2.0NRT,293.6,21.16,D
-10.70405,32.27589,330.73,0.7,0.75,2026-10-04,1227,N,VIIRS,n,2.0NRT,292.01,9.57,D
-10.62942,29.90095,330.61,0.49,0.65,2026-10-04,1227,N,VIIRS,n,2.0NRT,295.25,6.75,D
-10.62826,29.89903,332.29,0.49,0.65,2026-10-04,1227,N,VIIRS,n,2.0NRT,295.43,9.2,D
-10.57573,29.10769,346.4,0.44,0.62,2026-10-04,1227,N,VIIRS,n,2.0NRT,293.68,5.72,D
-10.57499,29.11166,340.28,0.44,0.62,2026-10-04,1227,N,VIIRS,n,2.0NRT,294.21,5.72,D
-10.57074,29.10714,367,0.44,0.62,2026-10-04,1227,N,VIIRS,h,2.0NRT,292.15,9.15,D
-10.56996,29.11113,341.69,0.44,0.62,2026-10-04,1227,N,VIIRS,n,2.0NRT,294.52,9.15,D
-10.56924,29.11065,332.94,0.44,0.62,2026-10-04,1227,N,VIIRS,n,2.0NRT,294.19,5.72,D
-10.55482,31.40248,330.57,0.62,0.71,2026-10-04,1227,N,VIIRS,n,2.0NRT,287.44,4.3,D
-10.55164,31.46542,331.49,0.62,0.72,2026-10-04,1227,N,VIIRS,n,2.0NRT,290.43,3.42,D
-10.54846,31.46735,337.82,0.62,0.72,2026-10-04,1227,N,VIIRS,n,2.0NRT,290.92,5,D
-10.54504,31.46408,336.77,0.62,0.72,2026-10-04,1227,N,VIIRS,n,2.0NRT,292.15,3.42,D
-10.51102,31.788,348.35,0.65,0.73,2026-10-04,1227,N,VIIRS,n,2.0NRT,291.37,25.89,D
-10.50978,31.79411,367,0.66,0.73,2026-10-04,1227,N,VIIRS,h,2.0NRT,294.01,25.89,D
-10.50854,31.80022,338.17,0.66,0.73,2026-10-04,1227,N,VIIRS,n,2.0NRT,293.1,16.83,D
-10.50509,31.25299,338.09,0.6,0.71,2026-10-04,1227,N,VIIRS,n,2.0NRT,285.6,7.6,D
-10.50179,31.79889,367,0.66,0.73,2026-10-04,1227,N,VIIRS,h,2.0NRT,291.88,16.83,D
-10.50055,31.80501,357,0.66,0.73,2026-10-04,1227,N,VIIRS,n,2.0NRT,292.51,16.83,D
-10.49925,31.80238,367,0.66,0.73,2026-10-04,1227,N,VIIRS,h,2.0NRT,293.24,22.91,D
-10.49845,32.4057,341.26,0.72,0.75,2026-10-04,1227,N,VIIRS,n,2.0NRT,293.74,9.35,D
-10.49712,32.41219,338.5,0.72,0.75,2026-10-04,1227,N,VIIRS,n,2.0NRT,293.94,9.35,D
-10.4936,30.9441,334.92,0.58,0.7,2026-10-04,1227,N,VIIRS,n,2.0NRT,282.19,7.87,D
-10.47292,31.82908,353.65,0.66,0.73,2026-10-04,1227,N,VIIRS,n,2.0NRT,293.46,15.86,D
-10.46851,31.82427,338.35,0.66,0.73,2026-10-04,1227,N,VIIRS,n,2.0NRT,293.53,12.34,D
-10.46724,31.83042,367,0.66,0.73,2026-10-04,1227,N,VIIRS,h,2.0NRT,294.88,24.43,D
-10.46616,31.82775,339.72,0.66,0.73,2026-10-04,1227,N,VIIRS,n,2.0NRT,295.21,10.89,D
-10.46493,31.83392,331.34,0.66,0.73,2026-10-04,1227,N,VIIRS,n,2.0NRT,295.39,11.51,D
-10.46466,29.0372,345.88,0.43,0.62,2026-10-04,1227,N,VIIRS,n,2.0NRT,290,4.86,D
-10.46408,29.03623,341.67,0.43,0.62,2026-10-04,1227,N,VIIRS,n,2.0NRT,287.97,4.98,D
-10.45918,30.19013,332.54,0.52,0.67,2026-10-04,1227,N,VIIRS,n,2.0NRT,290.17,6,D
-10.45874,30.18529,337.85,0.52,0.66,2026-10-04,1227,N,VIIRS,n,2.0NRT,290.19,6.71,D
-10.45781,30.18997,339.78,0.52,0.67,2026-10-04,1227,N,VIIRS,n,2.0NRT,291.33,6.71,D
-10.45397,30.18407,339.19,0.52,0.67,2026-10-04,1227,N,VIIRS,n,2.0NRT,289.11,8.47,D
-10.44558,31.93579,337.82,0.67,0.74,2026-10-04,1227,N,VIIRS,n,2.0NRT,288.3,3.51,D
-10.44389,31.93972,333.92,0.67,0.74,2026-10-04,1227,N,VIIRS,n,2.0NRT,293.19,7.28,D
-10.43032,31.90687,357.2,0.67,0.73,2026-10-04,1227,N,VIIRS,n,2.0NRT,291.29,21.81,D
-10.42974,31.90435,341.23,0.67,0.74,2026-10-04,1227,N,VIIRS,n,2.0NRT,290.22,24.5,D
-10.42903,31.91309,357.56,0.67,0.74,2026-10-04,1227,N,VIIRS,n,2.0NRT,291.06,26.95,D
-10.4285,31.91059,367,0.67,0.74,2026-10-04,1227,N,VIIRS,h,2.0NRT,293.32,24.5,D
-10.42774,31.91932,335.48,0.67,0.74,2026-10-04,1227,N,VIIRS,n,2.0NRT,291.19,26.95,D
-10.42352,31.90556,348.21,0.67,0.73,2026-10-04,1227,N,VIIRS,n,2.0NRT,291.37,21.81,D
-10.42223,31.91179,356.07,0.67,0.74,2026-10-04,1227,N,VIIRS,n,2.0NRT,293.72,26.95,D
-10.4217,31.90925,367,0.67,0.74,2026-10-04,1227,N,VIIRS,h,2.0NRT,292.06,36.86,D
-10.42094,31.91802,367,0.67,0.74,2026-10-04,1227,N,VIIRS,h,2.0NRT,293.38,26.95,D
-10.42044,31.91551,367,0.67,0.74,2026-10-04,1227,N,VIIRS,h,2.0NRT,295.28,57.73,D
-10.40875,31.47508,349.91,0.63,0.72,2026-10-04,1227,N,VIIRS,n,2.0NRT,286.63,4.67,D
-10.40566,31.47256,367,0.63,0.72,2026-10-04,1227,N,VIIRS,h,2.0NRT,290.86,14.19,D
-10.40212,31.47374,338.38,0.63,0.72,2026-10-04,1227,N,VIIRS,n,2.0NRT,290.24,5.59,D
-10.39233,32.72977,337.35,0.76,0.77,2026-10-04,1227,N,VIIRS,n,2.0NRT,294.51,6.23,D
-10.36294,29.03803,340.05,0.44,0.62,2026-10-04,1227,N,VIIRS,n,2.0NRT,286.74,3.24,D
-10.35116,28.63212,331.7,0.41,0.61,2026-10-04,1227,N,VIIRS,n,2.0NRT,287.87,3.68,D
-10.35044,28.6359,330.02,0.41,0.61,2026-10-04,1227,N,VIIRS,n,2.0NRT,285.12,3.68,D
-10.31122,31.92918,333.24,0.67,0.74,2026-10-04,1227,N,VIIRS,n,2.0NRT,291.54,4.47,D
-10.31063,31.93301,331.02,0.67,0.74,2026-10-04,1227,N,VIIRS,n,2.0NRT,292.07,3.75,D
-10.29812,32.28238,337.31,0.71,0.75,2026-10-04,1227,N,VIIRS,n,2.0NRT,293.5,14.05,D
-10.29417,28.64149,355.16,0.41,0.61,2026-10-04,1227,N,VIIRS,n,2.0NRT,288.97,7.93,D
-10.2893,28.63666,347.45,0.41,0.61,2026-10-04,1227,N,VIIRS,n,2.0NRT,290.92,7.93,D
-10.28697,31.94399,342.49,0.68,0.74,2026-10-04,1227,N,VIIRS,n,2.0NRT,292.05,6.98,D
-10.28569,31.95031,331.52,0.68,0.74,2026-10-04,1227,N,VIIRS,n,2.0NRT,292.78,6.98,D
-10.28442,28.63183,367,0.41,0.61,2026-10-04,1227,N,VIIRS,h,2.0NRT,291.68,10.07,D
-10.26651,31.32155,331.54,0.62,0.71,2026-10-04,1227,N,VIIRS,n,2.0NRT,293.65,2.85,D
-10.19066,31.67413,339.94,0.65,0.73,2026-10-04,1227,N,VIIRS,n,2.0NRT,294.11,5.91,D
-10.13943,31.42435,343.44,0.63,0.72,2026-10-04,1227,N,VIIRS,n,2.0NRT,293.86,7.49,D
-10.13573,31.42651,343.08,0.63,0.72,2026-10-04,1227,N,VIIRS,n,2.0NRT,294.28,6.7,D
-10.04821,31.12589,331.07,0.6,0.71,2026-10-04,1227,N,VIIRS,n,2.0NRT,293.51,4.69,D
-9.95075,31.7414,335.94,0.67,0.73,2026-10-04,1227,N,VIIRS,n,2.0NRT,293.66,10.31,D
-9.94951,31.74752,355.59,0.67,0.73,2026-10-04,1227,N,VIIRS,n,2.0NRT,295.13,19.04,D
-9.94939,31.744,367,0.67,0.73,2026-10-04,1227,N,VIIRS,h,2.0NRT,294.57,14.91,D
-9.91957,31.89536,337.51,0.68,0.74,2026-10-04,1227,N,VIIRS,n,2.0NRT,295.06,3.09,D
-9.91872,31.89858,330.4,0.68,0.74,2026-10-04,1227,N,VIIRS,n,2.0NRT,294.37,4.69,D
-9.80202,31.4887,336.55,0.65,0.73,2026-10-04,1227,N,VIIRS,n,2.0NRT,293.86,6.86,D
-9.80028,31.48748,335.57,0.65,0.73,2026-10-04,1227,N,VIIRS,n,2.0NRT,294.78,6.48,D
-9.7739,31.98033,337.34,0.69,0.75,2026-10-04,1227,N,VIIRS,n,2.0NRT,293.57,4.87,D
-9.63496,32.10036,331.37,0.71,0.75,2026-10-04,1227,N,VIIRS,n,2.0NRT,291.29,4.8,D
-11.33979,22.53468,348.03,0.49,0.4,2026-10-04,1229,N,VIIRS,n,2.0NRT,307.92,8.09,D
-11.33904,22.53916,342.48,0.49,0.4,2026-10-04,1229,N,VIIRS,n,2.0NRT,308.77,8.09,D
-11.33533,22.53853,343.46,0.49,0.4,2026-10-04,1229,N,VIIRS,n,2.0NRT,307.75,8.09,D
-11.32793,22.53728,333.5,0.49,0.4,2026-10-04,1229,N,VIIRS,l,2.0NRT,307.32,3.42,D
-11.1488,22.47233,341.58,0.49,0.4,2026-10-04,1229,N,VIIRS,n,2.0NRT,302.21,2.54,D
-11.14361,22.48059,334.63,0.49,0.4,2026-10-04,1229,N,VIIRS,l,2.0NRT,306.64,5.59,D
-11.11375,23.58094,336.91,0.56,0.43,2026-10-04,1229,N,VIIRS,n,2.0NRT,301.81,11.63,D
-11.10959,22.42121,333.49,0.48,0.4,2026-10-04,1229,N,VIIRS,n,2.0NRT,301.33,3.33,D
-11.1049,23.53726,339.59,0.56,0.43,2026-10-04,1229,N,VIIRS,n,2.0NRT,301.79,9.17,D
-11.09633,24.12384,338.38,0.4,0.44,2026-10-04,1229,N,VIIRS,n,2.0NRT,305.62,2.8,D
-11.09288,24.11947,341.71,0.4,0.44,2026-10-04,1229,N,VIIRS,n,2.0NRT,303.04,5.52,D
-11.09225,24.12312,342.51,0.4,0.44,2026-10-04,1229,N,VIIRS,n,2.0NRT,304.61,9.11,D
-11.0758,24.16926,330.19,0.41,0.45,2026-10-04,1229,N,VIIRS,l,2.0NRT,304.89,2.61,D
-11.06242,23.85973,345.05,0.39,0.44,2026-10-04,1229,N,VIIRS,n,2.0NRT,302.02,4.15,D
-11.05729,24.03739,344.12,0.4,0.44,2026-10-04,1229,N,VIIRS,n,2.0NRT,300.92,5.39,D
-11.05624,21.94879,330.99,0.46,0.39,2026-10-04,1229,N,VIIRS,l,2.0NRT,302.94,2.27,D
-11.05552,24.18851,342.83,0.41,0.45,2026-10-04,1229,N,VIIRS,n,2.0NRT,306.91,4.8,D
-11.05141,24.18783,334.31,0.41,0.45,2026-10-04,1229,N,VIIRS,l,2.0NRT,305.12,4.8,D
-11.05075,24.1916,341.58,0.41,0.45,2026-10-04,1229,N,VIIRS,n,2.0NRT,303.48,10.99,D
-11.05066,24.12644,344.61,0.4,0.44,2026-10-04,1229,N,VIIRS,n,2.0NRT,307.28,23.55,D
-11.04947,24.12678,343.52,0.4,0.44,2026-10-04,1229,N,VIIRS,n,2.0NRT,306.81,22.93,D
-11.03137,24.06658,338.21,0.4,0.44,2026-10-04,1229,N,VIIRS,n,2.0NRT,303.5,4.12,D
-11.02675,22.48491,349.18,0.49,0.4,2026-10-04,1229,N,VIIRS,n,2.0NRT,309.46,12.78,D
-10.99407,24.06371,347.15,0.4,0.44,2026-10-04,1229,N,VIIRS,n,2.0NRT,306.44,17.39,D
-10.99218,24.07463,341.66,0.4,0.44,2026-10-04,1229,N,VIIRS,n,2.0NRT,302.95,6.83,D
-10.98811,24.07387,331.19,0.4,0.44,2026-10-04,1229,N,VIIRS,l,2.0NRT,302.67,6.83,D
-10.98747,24.07755,340.3,0.4,0.44,2026-10-04,1229,N,VIIRS,n,2.0NRT,301.35,6.83,D
-10.96788,22.03375,337.57,0.46,0.39,2026-10-04,1229,N,VIIRS,l,2.0NRT,308.39,3.16,D
-10.96732,22.03434,341.29,0.47,0.39,2026-10-04,1229,N,VIIRS,n,2.0NRT,308.63,6.69,D
-10.96425,22.03316,342.92,0.46,0.39,2026-10-04,1229,N,VIIRS,n,2.0NRT,308.25,3.16,D
-10.96369,22.03374,338.73,0.47,0.39,2026-10-04,1229,N,VIIRS,l,2.0NRT,308.93,6.13,D
-10.96035,24.80262,353.06,0.45,0.47,2026-10-04,1229,N,VIIRS,n,2.0NRT,303.8,41.41,D
-10.94532,24.81263,353.84,0.45,0.47,2026-10-04,1229,N,VIIRS,n,2.0NRT,303.51,19.59,D
-10.94503,22.30467,336.1,0.48,0.4,2026-10-04,1229,N,VIIRS,n,2.0NRT,302.77,5.39,D
-10.9443,22.30903,350.39,0.48,0.4,2026-10-04,1229,N,VIIRS,n,2.0NRT,301.31,11.45,D
-10.94172,24.05766,367,0.4,0.44,2026-10-04,1229,N,VIIRS,h,2.0NRT,303.16,14.71,D
-10.94135,22.30404,337.73,0.48,0.4,2026-10-04,1229,N,VIIRS,n,2.0NRT,302.63,5.39,D
-10.94062,22.3084,346.94,0.48,0.4,2026-10-04,1229,N,VIIRS,n,2.0NRT,306.42,11.45,D
-10.94001,24.1176,335.64,0.4,0.45,2026-10-04,1229,N,VIIRS,n,2.0NRT,304.14,2.97,D
-10.93694,22.30778,330.42,0.48,0.4,2026-10-04,1229,N,VIIRS,l,2.0NRT,303.53,5.45,D
-10.93105,22.32034,338.61,0.48,0.4,2026-10-04,1229,N,VIIRS,n,2.0NRT,292.69,2.81,D
-10.92486,24.10745,348.76,0.4,0.45,2026-10-04,1229,N,VIIRS,n,2.0NRT,303.56,6.52,D
-10.92401,23.70015,333.76,0.57,0.43,2026-10-04,1229,N,VIIRS,n,2.0NRT,301.54,3.06,D
-10.92256,23.00811,347.44,0.52,0.42,2026-10-04,1229,N,VIIRS,n,2.0NRT,279.62,8.44,D
-10.91574,24.79128,342.56,0.45,0.47,2026-10-04,1229,N,VIIRS,n,2.0NRT,303.28,6.06,D
-10.91506,24.79527,342.7,0.45,0.47,2026-10-04,1229,N,VIIRS,n,2.0NRT,302.76,7.09,D
-10.91133,24.11262,346.98,0.4,0.45,2026-10-04,1229,N,VIIRS,n,2.0NRT,305.25,5.26,D
-10.89946,22.0843,337.33,0.47,0.4,2026-10-04,1229,N,VIIRS,n,2.0NRT,305.02,4.44,D
-10.8866,23.40514,333.87,0.55,0.43,2026-10-04,1229,N,VIIRS,n,2.0NRT,300.62,5.27,D
-10.8856,23.62622,344.51,0.57,0.43,2026-10-04,1229,N,VIIRS,n,2.0NRT,303.95,23,D
-10.87803,24.40742,339.61,0.42,0.45,2026-10-04,1229,N,VIIRS,n,2.0NRT,302.59,3.89,D
-10.86989,24.42985,340.78,0.42,0.46,2026-10-04,1229,N,VIIRS,n,2.0NRT,306.2,4.28,D
-10.86012,23.80108,335.97,0.39,0.44,2026-10-04,1229,N,VIIRS,n,2.0NRT,301.95,2.45,D
-10.85207,25.38514,348.81,0.49,0.48,2026-10-04,1229,N,VIIRS,n,2.0NRT,298.77,12.27,D
-10.84761,25.38435,334.51,0.49,0.48,2026-10-04,1229,N,VIIRS,n,2.0NRT,294.72,12.27,D
-10.82458,25.03296,331.66,0.46,0.47,2026-10-04,1229,N,VIIRS,l,2.0NRT,303.46,4.29,D
-10.82368,25.0635,333.42,0.47,0.47,2026-10-04,1229,N,VIIRS,n,2.0NRT,299.13,4.38,D
-10.81514,22.16811,340.04,0.47,0.4,2026-10-04,1229,N,VIIRS,n,2.0NRT,308.08,4.1,D
-10.81368,22.0398,336.81,0.47,0.4,2026-10-04,1229,N,VIIRS,n,2.0NRT,305,2.76,D
-10.80754,25.07829,342.42,0.47,0.48,2026-10-04,1229,N,VIIRS,n,2.0NRT,301.49,7.75,D
-10.80631,22.15323,337.58,0.47,0.4,2026-10-04,1229,N,VIIRS,l,2.0NRT,311.9,4.11,D
-10.80607,22.10896,337.52,0.47,0.4,2026-10-04,1229,N,VIIRS,n,2.0NRT,304.48,5.69,D
-10.78856,22.10153,337.94,0.47,0.4,2026-10-04,1229,N,VIIRS,n,2.0NRT,306.21,8.03,D
-10.78466,24.95156,343.29,0.46,0.47,2026-10-04,1229,N,VIIRS,n,2.0NRT,294.31,7.69,D
-10.78105,22.05643,332.73,0.47,0.4,2026-10-04,1229,N,VIIRS,n,2.0NRT,302.48,2.34,D
-10.78005,24.27143,351.65,0.42,0.45,2026-10-04,1229,N,VIIRS,n,2.0NRT,305.5,13.5,D
-10.77525,24.75004,330.51,0.45,0.47,2026-10-04,1229,N,VIIRS,n,2.0NRT,298.25,2.83,D
-10.77494,23.8382,349.39,0.39,0.44,2026-10-04,1229,N,VIIRS,n,2.0NRT,306.52,10.53,D
-10.77493,23.83806,350.7,0.39,0.44,2026-10-04,1229,N,VIIRS,n,2.0NRT,306.16,10.99,D
-10.7699,23.8186,346.11,0.39,0.44,2026-10-04,1229,N,VIIRS,n,2.0NRT,303.93,6.49,D
-10.76438,22.06672,333.25,0.47,0.4,2026-10-04,1229,N,VIIRS,n,2.0NRT,302.78,3.67,D
-10.76429,22.04479,335.74,0.47,0.4,2026-10-04,1229,N,VIIRS,n,2.0NRT,296.43,4.56,D
-10.73878,24.63952,330.97,0.44,0.46,2026-10-04,1229,N,VIIRS,l,2.0NRT,301.19,4.02,D
-10.73766,24.63919,336.19,0.44,0.46,2026-10-04,1229,N,VIIRS,n,2.0NRT,301.33,3.93,D
-10.73655,25.20347,337.14,0.48,0.48,2026-10-04,1229,N,VIIRS,n,2.0NRT,299.88,5.54,D
-10.73191,22.12855,338.33,0.47,0.4,2026-10-04,1229,N,VIIRS,n,2.0NRT,307.38,3.29,D
-10.73172,22.12746,335.65,0.47,0.4,2026-10-04,1229,N,VIIRS,l,2.0NRT,305.75,3.11,D
-10.72599,24.63745,342.26,0.44,0.46,2026-10-04,1229,N,VIIRS,n,2.0NRT,302.37,6.37,D
-10.70315,22.07504,343.12,0.47,0.4,2026-10-04,1229,N,VIIRS,n,2.0NRT,309.06,19.22,D
-10.69964,25.2062,341.94,0.48,0.48,2026-10-04,1229,N,VIIRS,n,2.0NRT,295.7,7.66,D
-10.69951,22.07442,346.94,0.47,0.4,2026-10-04,1229,N,VIIRS,n,2.0NRT,302.41,19.22,D
-10.69504,22.05606,349.53,0.47,0.4,2026-10-04,1229,N,VIIRS,n,2.0NRT,305,41.63,D
-10.69433,22.06034,335.06,0.47,0.4,2026-10-04,1229,N,VIIRS,n,2.0NRT,303.91,41.63,D
-10.67719,22.14162,343.61,0.47,0.4,2026-10-04,1229,N,VIIRS,n,2.0NRT,305.79,8.87,D
-10.67353,22.14101,349.89,0.47,0.4,2026-10-04,1229,N,VIIRS,n,2.0NRT,306.8,8.87,D
-10.67208,24.49601,338.18,0.43,0.46,2026-10-04,1229,N,VIIRS,n,2.0NRT,299.91,5.85,D
-10.67137,24.50001,342.2,0.43,0.46,2026-10-04,1229,N,VIIRS,n,2.0NRT,301.89,5.85,D
-10.65922,24.24679,340.82,0.42,0.45,2026-10-04,1229,N,VIIRS,n,2.0NRT,302.38,4.6,D
-10.64106,24.87207,335.47,0.46,0.47,2026-10-04,1229,N,VIIRS,n,2.0NRT,298.16,3.69,D
-10.64013,24.28302,340.69,0.42,0.45,2026-10-04,1229,N,VIIRS,n,2.0NRT,300.08,4.66,D
-10.63946,24.28687,331.3,0.42,0.45,2026-10-04,1229,N,VIIRS,n,2.0NRT,298.89,4.66,D
-10.63827,24.21974,339.66,0.41,0.45,2026-10-04,1229,N,VIIRS,n,2.0NRT,299.42,4.07,D
-10.57719,23.82542,333.17,0.39,0.44,2026-10-04,1229,N,VIIRS,n,2.0NRT,303.72,1.9,D
-10.5751,22.52545,342.29,0.5,0.41,2026-10-04,1229,N,VIIRS,n,2.0NRT,287.29,10.3,D
-10.51108,22.82056,332.62,0.52,0.41,2026-10-04,1229,N,VIIRS,n,2.0NRT,299.31,3.39,D
-10.50346,22.8193,335.97,0.52,0.41,2026-10-04,1229,N,VIIRS,n,2.0NRT,300.01,5.05,D
-10.50015,22.21588,335.35,0.48,0.4,2026-10-04,1229,N,VIIRS,n,2.0NRT,303.67,1.54,D
-10.49736,22.21728,337.59,0.48,0.4,2026-10-04,1229,N,VIIRS,n,2.0NRT,303.8,2.99,D
-10.49447,23.97053,342.96,0.4,0.44,2026-10-04,1229,N,VIIRS,n,2.0NRT,301.6,6.12,D
-10.48642,22.07657,333.09,0.47,0.4,2026-10-04,1229,N,VIIRS,l,2.0NRT,303.6,3.45,D
-10.48129,23.85182,343.22,0.4,0.44,2026-10-04,1229,N,VIIRS,n,2.0NRT,304.27,2.83,D
-10.45095,23.37259,330.26,0.56,0.43,2026-10-04,1229,N,VIIRS,l,2.0NRT,303.12,1.69,D
-10.44672,23.5409,334.62,0.57,0.43,2026-10-04,1229,N,VIIRS,n,2.0NRT,303.02,6.32,D
-10.43157,24.90984,347.6,0.46,0.47,2026-10-04,1229,N,VIIRS,n,2.0NRT,290.87,7.84,D
-10.4295,23.37941,347.3,0.56,0.43,2026-10-04,1229,N,VIIRS,n,2.0NRT,302.94,20.41,D
-10.42083,22.52145,334.49,0.5,0.41,2026-10-04,1229,N,VIIRS,n,2.0NRT,303.09,6.03,D
-10.41869,24.83022,338.07,0.46,0.47,2026-10-04,1229,N,VIIRS,n,2.0NRT,290.59,4.85,D
-10.38649,22.45044,336.67,0.5,0.41,2026-10-04,1229,N,VIIRS,l,2.0NRT,307.08,2.81,D
-10.38488,22.506,333.02,0.5,0.41,2026-10-04,1229,N,VIIRS,l,2.0NRT,306.06,7.66,D
-10.37816,22.50015,333.89,0.5,0.41,2026-10-04,1229,N,VIIRS,l,2.0NRT,304.82,4.37,D
-10.37494,22.56539,336.18,0.5,0.41,2026-10-04,1229,N,VIIRS,n,2.0NRT,302.92,5.32,D
-10.36886,23.33944,334.51,0.56,0.43,2026-10-04,1229,N,VIIRS,l,2.0NRT,307.9,4.24,D
-10.36678,24.38699,336.45,0.43,0.46,2026-10-04,1229,N,VIIRS,n,2.0NRT,297.79,4.16,D
-10.35586,24.07284,334.08,0.41,0.45,2026-10-04,1229,N,VIIRS,n,2.0NRT,302.27,3.55,D
-10.35172,24.07219,338.41,0.41,0.45,2026-10-04,1229,N,VIIRS,n,2.0NRT,301.54,4.68,D
-10.35077,23.54275,334.82,0.57,0.43,2026-10-04,1229,N,VIIRS,n,2.0NRT,303.11,8.89,D
-10.34897,22.49061,343.89,0.5,0.41,2026-10-04,1229,N,VIIRS,n,2.0NRT,302.93,8.43,D
-10.32551,23.47456,331.05,0.57,0.43,2026-10-04,1229,N,VIIRS,n,2.0NRT,300.88,4.13,D
-10.32525,22.61032,334,0.51,0.41,2026-10-04,1229,N,VIIRS,n,2.0NRT,302.23,3.09,D
-10.32496,22.60917,330.64,0.51,0.41,2026-10-04,1229,N,VIIRS,l,2.0NRT,302.7,2.63,D
-10.28778,23.41845,335.96,0.56,0.43,2026-10-04,1229,N,VIIRS,n,2.0NRT,305.1,9.07,D
-10.27883,28.63079,340.96,0.41,0.61,2026-10-04,1229,N,VIIRS,n,2.0NRT,291.03,10.07,D
-10.27245,22.78902,344.83,0.52,0.41,2026-10-04,1229,N,VIIRS,n,2.0NRT,301.67,9.35,D
-10.27153,23.44241,336.55,0.57,0.43,2026-10-04,1229,N,VIIRS,n,2.0NRT,302.6,5.32,D
-10.27067,23.44757,334.08,0.57,0.43,2026-10-04,1229,N,VIIRS,n,2.0NRT,301.86,5.32,D
-10.20076,22.47293,333.36,0.5,0.41,2026-10-04,1229,N,VIIRS,n,2.0NRT,300.24,3.5,D
-10.17078,22.9248,338.8,0.53,0.42,2026-10-04,1229,N,VIIRS,n,2.0NRT,301.53,10.99,D
-10.16893,22.92641,336.11,0.53,0.42,2026-10-04,1229,N,VIIRS,n,2.0NRT,302.01,7.91,D
-10.16666,22.91618,336.16,0.53,0.42,2026-10-04,1229,N,VIIRS,n,2.0NRT,302.11,3.89,D
-10.16601,23.72339,332.8,0.39,0.44,2026-10-04,1229,N,VIIRS,n,2.0NRT,297.12,1.96,D
-10.16587,22.92099,331.92,0.53,0.42,2026-10-04,1229,N,VIIRS,n,2.0NRT,301.19,3.89,D
-10.1639,22.91874,340.45,0.53,0.42,2026-10-04,1229,N,VIIRS,n,2.0NRT,304.07,7.96,D
-10.16142,22.57004,335.03,0.51,0.41,2026-10-04,1229,N,VIIRS,n,2.0NRT,299.75,2.42,D
-10.121,23.59738,333.21,0.39,0.44,2026-10-04,1229,N,VIIRS,n,2.0NRT,294.48,1.87,D
-10.08177,22.99673,334.41,0.54,0.42,2026-10-04,1229,N,VIIRS,n,2.0NRT,300.93,4.26,D
-10.06545,22.999,336.31,0.54,0.42,2026-10-04,1229,N,VIIRS,n,2.0NRT,302.13,3.45,D
-10.06068,23.95237,341.21,0.41,0.45,2026-10-04,1229,N,VIIRS,n,2.0NRT,297.82,2.06,D
-10.05471,22.20712,331.86,0.49,0.4,2026-10-04,1229,N,VIIRS,l,2.0NRT,302.31,2,D
-10.04661,23.01596,334.83,0.54,0.42,2026-10-04,1229,N,VIIRS,n,2.0NRT,298.55,7.38,D
-10.046,23.01758,335.1,0.54,0.42,2026-10-04,1229,N,VIIRS,n,2.0NRT,297.8,7.29,D
-10.04357,23.01042,334.71,0.54,0.42,2026-10-04,1229,N,VIIRS,n,2.0NRT,299.65,3.58,D
-9.95796,23.96882,338.41,0.41,0.45,2026-10-04,1229,N,VIIRS,n,2.0NRT,297.87,2.82,D
-9.94345,23.01034,347.18,0.54,0.42,2026-10-04,1229,N,VIIRS,n,2.0NRT,299.72,8.73,D
-9.94314,23.00822,347.12,0.54,0.42,2026-10-04,1229,N,VIIRS,n,2.0NRT,300.89,13.41,D
-9.93956,23.00969,344.75,0.54,0.42,2026-10-04,1229,N,VIIRS,n,2.0NRT,299.82,8.73,D
-9.93872,23.01462,333.84,0.54,0.42,2026-10-04,1229,N,VIIRS,n,2.0NRT,300.62,8.73,D
-9.93845,23.0125,339.84,0.54,0.42,2026-10-04,1229,N,VIIRS,n,2.0NRT,301.1,8.29,D
-9.93484,23.01396,333.96,0.54,0.42,2026-10-04,1229,N,VIIRS,n,2.0NRT,300.04,4.16,D
-9.89595,28.79194,335.97,0.43,0.62,2026-10-04,1229,N,VIIRS,n,2.0NRT,294.92,4.72,D
-9.89457,28.7925,333.81,0.43,0.62,2026-10-04,1229,N,VIIRS,n,2.0NRT,295.33,5.3,D
-9.86853,23.07188,330.6,0.55,0.42,2026-10-04,1229,N,VIIRS,n,2.0NRT,298.96,1.81,D
-9.85285,23.97727,333.75,0.41,0.45,2026-10-04,1229,N,VIIRS,n,2.0NRT,289.94,3.9,D
-9.83689,22.90125,337.61,0.53,0.42,2026-10-04,1229,N,VIIRS,n,2.0NRT,303.16,4.22,D
-9.82755,24.05075,334.2,0.42,0.45,2026-10-04,1229,N,VIIRS,n,2.0NRT,280.09,2.66,D
-9.81522,23.87507,332.45,0.41,0.45,2026-10-04,1229,N,VIIRS,n,2.0NRT,294.55,3.19,D
-9.81082,22.65511,336.72,0.52,0.41,2026-10-04,1229,N,VIIRS,n,2.0NRT,302.47,5.07,D
-9.79657,29.25747,330.28,0.46,0.64,2026-10-04,1229,N,VIIRS,n,2.0NRT,291.7,2.9,D
-9.78553,30.2499,334.81,0.54,0.68,2026-10-04,1229,N,VIIRS,n,2.0NRT,285.96,15.19,D
-9.77884,28.93657,333.13,0.44,0.62,2026-10-04,1229,N,VIIRS,n,2.0NRT,292.35,4.28,D
-9.73564,24.58658,339.81,0.45,0.47,2026-10-04,1229,N,VIIRS,n,2.0NRT,289.37,9.87,D
-9.71659,22.97357,347.09,0.54,0.42,2026-10-04,1229,N,VIIRS,n,2.0NRT,294.47,14.35,D
-9.71497,22.86292,330.57,0.53,0.42,2026-10-04,1229,N,VIIRS,n,2.0NRT,295.99,2.03,D
-9.70803,28.41834,335.08,0.41,0.6,2026-10-04,1229,N,VIIRS,n,2.0NRT,282.65,4.48,D
-9.68355,22.74329,335.11,0.53,0.42,2026-10-04,1229,N,VIIRS,n,2.0NRT,295.43,2.67,D
-9.67971,22.74266,332.63,0.53,0.42,2026-10-04,1229,N,VIIRS,n,2.0NRT,296.57,4.05,D
-9.67889,31.36448,349.04,0.64,0.72,2026-10-04,1229,N,VIIRS,n,2.0NRT,289.37,14.03,D
-9.67506,22.74684,341.5,0.53,0.42,2026-10-04,1229,N,VIIRS,n,2.0NRT,298.79,4.05,D
-9.64449,23.68281,338.3,0.4,0.44,2026-10-04,1229,N,VIIRS,n,2.0NRT,297.62,2.11,D
-9.61727,22.94623,339.4,0.54,0.42,2026-10-04,1229,N,VIIRS,n,2.0NRT,298.2,4.24,D
-9.61686,22.948,340.4,0.54,0.42,2026-10-04,1229,N,VIIRS,n,2.0NRT,297.48,7.02,D
-9.61096,22.76745,342.61,0.53,0.42,2026-10-04,1229,N,VIIRS,n,2.0NRT,298.94,7.04,D
-9.60712,22.76677,336.92,0.53,0.42,2026-10-04,1229,N,VIIRS,n,2.0NRT,299.07,9.5,D
-9.60407,28.81879,367,0.43,0.62,2026-10-04,1229,N,VIIRS,h,2.0NRT,293.29,8.73,D
-9.60332,28.82276,338.71,0.43,0.62,2026-10-04,1229,N,VIIRS,n,2.0NRT,291.74,8.73,D
-9.5992,23.75062,349.65,0.4,0.44,2026-10-04,1229,N,VIIRS,n,2.0NRT,298.2,4.69,D
-9.59835,28.8177,338.91,0.43,0.62,2026-10-04,1229,N,VIIRS,n,2.0NRT,292.69,8.73,D
-9.5968,23.74585,333.93,0.4,0.44,2026-10-04,1229,N,VIIRS,n,2.0NRT,297.99,7.39,D
-9.59619,23.74954,355.06,0.4,0.44,2026-10-04,1229,N,VIIRS,n,2.0NRT,298.08,7.39,D
-9.59575,23.74626,335.12,0.4,0.44,2026-10-04,1229,N,VIIRS,n,2.0NRT,297.71,4.69,D
-9.59511,23.74993,343.4,0.4,0.44,2026-10-04,1229,N,VIIRS,n,2.0NRT,296.71,4.69,D
-9.59231,30.19245,367,0.54,0.68,2026-10-04,1229,N,VIIRS,h,2.0NRT,297.32,28.98,D
-9.58932,30.18987,354.82,0.54,0.68,2026-10-04,1229,N,VIIRS,n,2.0NRT,293.65,19.21,D
-9.58839,30.19475,353.99,0.54,0.68,2026-10-04,1229,N,VIIRS,n,2.0NRT,294.08,19.21,D
-9.56111,23.80792,343.62,0.41,0.45,2026-10-04,1229,N,VIIRS,n,2.0NRT,293.36,4.53,D
-9.54038,30.08595,367,0.53,0.67,2026-10-04,1229,N,VIIRS,h,2.0NRT,295.83,6.56,D
-9.53884,30.08442,349.92,0.53,0.67,2026-10-04,1229,N,VIIRS,n,2.0NRT,295.1,8.62,D
-9.53788,30.08934,340.55,0.53,0.67,2026-10-04,1229,N,VIIRS,n,2.0NRT,296.24,13.15,D
-9.53429,28.8061,355.24,0.43,0.62,2026-10-04,1229,N,VIIRS,n,2.0NRT,293.92,8.67,D
-9.52846,28.38311,337.66,0.41,0.6,2026-10-04,1229,N,VIIRS,n,2.0NRT,290.2,4.04,D
-9.52583,28.38449,335.32,0.41,0.6,2026-10-04,1229,N,VIIRS,n,2.0NRT,289.51,5.95,D
-9.46094,28.28204,333.54,0.4,0.6,2026-10-04,1229,N,VIIRS,n,2.0NRT,289.74,5.13,D
-9.35999,31.99389,367,0.71,0.75,2026-10-04,1229,N,VIIRS,h,2.0NRT,293.74,53.22,D
-9.35965,31.98888,367,0.71,0.75,2026-10-04,1229,N,VIIRS,h,2.0NRT,290.36,25.28,D
-9.35828,31.99563,357.12,0.71,0.75,2026-10-04,1229,N,VIIRS,l,2.0NRT,289.92,30.03,D
-9.23287,30.20335,335.1,0.55,0.68,2026-10-04,1229,N,VIIRS,n,2.0NRT,288.25,9.89,D
-9.21696,28.97754,337.45,0.45,0.63,2026-10-04,1229,N,VIIRS,n,2.0NRT,293.94,4.39,D
-9.21548,28.97837,340.19,0.45,0.63,2026-10-04,1229,N,VIIRS,n,2.0NRT,293.93,4.19,D
-9.20492,29.95988,342.31,0.53,0.67,2026-10-04,1229,N,VIIRS,n,2.0NRT,294.34,6.05,D
-9.0984,24.39322,327.91,0.45,0.47,2026-10-04,1229,N,VIIRS,n,2.0NRT,284.55,6.65,D
-9.0941,24.39247,350.51,0.45,0.47,2026-10-04,1229,N,VIIRS,n,2.0NRT,285.9,6.65,D
-9.08058,31.82735,353.34,0.7,0.75,2026-10-04,1229,N,VIIRS,n,2.0NRT,298.49,15.18,D
-9.07977,31.82438,367,0.7,0.75,2026-10-04,1229,N,VIIRS,h,2.0NRT,299.48,20.6,D
-9.07374,31.82562,340.41,0.7,0.75,2026-10-04,1229,N,VIIRS,n,2.0NRT,297.25,15.18,D
-9.06014,32.47464,331.37,0.77,0.77,2026-10-04,1229,N,VIIRS,n,2.0NRT,295.19,5.76,D
-9.05965,23.18489,347.52,0.57,0.43,2026-10-04,1229,N,VIIRS,n,2.0NRT,281.39,12.29,D
-9.05877,23.19005,345.94,0.57,0.43,2026-10-04,1229,N,VIIRS,n,2.0NRT,281.08,14.15,D
-9.02002,29.63757,367,0.5,0.66,2026-10-04,1229,N,VIIRS,h,2.0NRT,296.22,17.04,D
-8.86251,28.37402,337.89,0.42,0.61,2026-10-04,1229,N,VIIRS,n,2.0NRT,295.29,7.29,D
-8.60893,27.50519,351.34,0.37,0.58,2026-10-04,1229,N,VIIRS,n,2.0NRT,293.31,6.61,D
-8.6067,27.50471,367,0.37,0.58,2026-10-04,1229,N,VIIRS,h,2.0NRT,290.16,7.73,D
-8.52822,27.94404,355.14,0.4,0.6,2026-10-04,1229,N,VIIRS,n,2.0NRT,286.27,9.77,D
-8.32711,31.78563,338.58,0.72,0.75,2026-10-04,1229,N,VIIRS,n,2.0NRT,298.77,7.6,D
-8.3217,31.78552,336.25,0.72,0.75,2026-10-04,1229,N,VIIRS,n,2.0NRT,296.46,10.68,D
-8.27345,31.44606,338.21,0.68,0.74,2026-10-04,1229,N,VIIRS,n,2.0NRT,297.22,4.24,D
-8.27336,31.44851,336.9,0.68,0.74,2026-10-04,1229,N,VIIRS,n,2.0NRT,296.85,5.31,D
-8.23409,31.17907,348.38,0.66,0.73,2026-10-04,1229,N,VIIRS,n,2.0NRT,293.64,10.4,D
-8.23153,31.18224,336.16,0.66,0.73,2026-10-04,1229,N,VIIRS,n,2.0NRT,291.98,10.64,D
-10.56302,33.64013,325.11,0.55,0.43,2026-10-04,2333,N,VIIRS,n,2.0NRT,286.93,4.06,N
-10.55913,33.58427,323.37,0.55,0.43,2026-10-04,2333,N,VIIRS,n,2.0NRT,287.89,1.96,N
-10.55907,33.64069,310.92,0.55,0.43,2026-10-04,2333,N,VIIRS,n,2.0NRT,287.11,2.05,N
-10.55522,33.58504,302.5,0.55,0.43,2026-10-04,2333,N,VIIRS,n,2.0NRT,288.85,1.96,N
-10.48832,32.66806,302.03,0.49,0.4,2026-10-04,2333,N,VIIRS,n,2.0NRT,287.42,0.92,N
-9.9219,33.28669,301.55,0.52,0.41,2026-10-04,2333,N,VIIRS,n,2.0NRT,273.66,0.5,N
-9.88798,33.21544,298.16,0.51,0.41,2026-10-04,2333,N,VIIRS,n,2.0NRT,277.48,0.55,N
-8.9854,33.5606,302.82,0.52,0.42,2026-10-04,2333,N,VIIRS,n,2.0NRT,273.89,1.63,N
-8.98161,33.56148,344.36,0.52,0.42,2026-10-04,2333,N,VIIRS,n,2.0NRT,279.25,12.06,N
-8.98089,33.55666,312.11,0.52,0.42,2026-10-04,2333,N,VIIRS,n,2.0NRT,275.56,4.14,N
-8.97711,33.55759,328.79,0.52,0.42,2026-10-04,2333,N,VIIRS,n,2.0NRT,276.35,4.14,N
-8.68716,32.9049,301.64,0.48,0.4,2026-10-04,2333,N,VIIRS,n,2.0NRT,274.35,0.91,N
-8.6865,32.90052,299.79,0.48,0.4,2026-10-04,2333,N,VIIRS,n,2.0NRT,275.2,0.91,N
-8.68347,32.90552,296.99,0.48,0.4,2026-10-04,2333,N,VIIRS,n,2.0NRT,271.96,0.53,N
-8.68281,32.90115,300.86,0.48,0.4,2026-10-04,2333,N,VIIRS,n,2.0NRT,273.54,0.53,N
-16.34986,29.25523,307.73,0.4,0.37,2026-10-04,2335,N,VIIRS,n,2.0NRT,289.02,0.84,N
-16.34587,29.25199,312.18,0.4,0.37,2026-10-04,2335,N,VIIRS,n,2.0NRT,289.27,0.84,N
-16.22101,30.76382,300.4,0.45,0.39,2026-10-04,2335,N,VIIRS,n,2.0NRT,280.64,0.68,N
-16.19261,26.52874,307.95,0.39,0.36,2026-10-04,2335,N,VIIRS,n,2.0NRT,289.55,0.79,N
-16.17411,26.1843,300.65,0.4,0.37,2026-10-04,2335,N,VIIRS,n,2.0NRT,290.09,0.41,N
-16.17072,26.1849,302.61,0.4,0.37,2026-10-04,2335,N,VIIRS,n,2.0NRT,290.52,0.41,N
-16.08719,27.67394,319.78,0.38,0.36,2026-10-04,2335,N,VIIRS,n,2.0NRT,289.17,1.58,N
-16.08386,27.67451,304.19,0.38,0.36,2026-10-04,2335,N,VIIRS,n,2.0NRT,289.11,0.77,N
-16.07984,25.20742,312.01,0.43,0.38,2026-10-04,2335,N,VIIRS,n,2.0NRT,290.23,1.4,N
-16.07165,28.46224,306.4,0.39,0.36,2026-10-04,2335,N,VIIRS,n,2.0NRT,289.19,0.54,N
-16.07109,28.4586,300.15,0.39,0.36,2026-10-04,2335,N,VIIRS,n,2.0NRT,288.92,0.58,N
-16.06066,25.03172,300.36,0.44,0.38,2026-10-04,2335,N,VIIRS,n,2.0NRT,288.87,0.51,N
-16.04168,24.96352,299.22,0.44,0.38,2026-10-04,2335,N,VIIRS,n,2.0NRT,287.27,0.24,N
-16.02968,24.95735,306.19,0.44,0.38,2026-10-04,2335,N,VIIRS,n,2.0NRT,287.28,0.84,N
-16.02328,24.87783,300.29,0.44,0.38,2026-10-04,2335,N,VIIRS,n,2.0NRT,288.53,0.54,N
-16.00465,26.0043,298.47,0.4,0.37,2026-10-04,2335,N,VIIRS,n,2.0NRT,288.2,0.57,N
-15.80896,24.82877,305.99,0.45,0.39,2026-10-04,2335,N,VIIRS,n,2.0NRT,284.9,0.87,N
-15.80639,25.36501,304.19,0.43,0.38,2026-10-04,2335,N,VIIRS,n,2.0NRT,288.68,0.65,N
-15.79875,25.36231,300.93,0.43,0.38,2026-10-04,2335,N,VIIRS,n,2.0NRT,288.32,0.52,N
-15.78858,27.03259,304.51,0.39,0.36,2026-10-04,2335,N,VIIRS,n,2.0NRT,283.26,0.88,N
-15.78799,27.02896,312.41,0.39,0.36,2026-10-04,2335,N,VIIRS,n,2.0NRT,285.02,0.88,N
-15.78523,27.03316,301.07,0.39,0.36,2026-10-04,2335,N,VIIRS,n,2.0NRT,285.05,0.57,N
-15.78248,27.03736,297.77,0.39,0.36,2026-10-04,2335,N,VIIRS,n,2.0NRT,285.05,0.52,N
-15.77913,27.03794,305.07,0.39,0.36,2026-10-04,2335,N,VIIRS,n,2.0NRT,285.87,0.64,N
-15.77855,27.03432,301.85,0.39,0.36,2026-10-04,2335,N,VIIRS,n,2.0NRT,286.16,0.86,N
-15.7752,27.0349,307.69,0.39,0.36,2026-10-04,2335,N,VIIRS,n,2.0NRT,286.51,0.86,N
-15.77462,27.03127,306.47,0.39,0.36,2026-10-04,2335,N,VIIRS,n,2.0NRT,285.98,0.86,N
-15.74498,26.95435,325.94,0.39,0.36,2026-10-04,2335,N,VIIRS,n,2.0NRT,287.66,1.46,N
-15.74439,26.95071,310.68,0.39,0.36,2026-10-04,2335,N,VIIRS,n,2.0NRT,287.32,1.87,N
-15.7438,26.94708,327.43,0.39,0.36,2026-10-04,2335,N,VIIRS,n,2.0NRT,287.96,1.87,N
-15.74321,26.94345,303.66,0.39,0.36,2026-10-04,2335,N,VIIRS,n,2.0NRT,287.57,0.91,N
-15.74262,26.93981,313.26,0.39,0.36,2026-10-04,2335,N,VIIRS,n,2.0NRT,288.26,0.91,N
-15.74203,26.93618,299.4,0.39,0.36,2026-10-04,2335,N,VIIRS,n,2.0NRT,288.68,0.43,N
-15.7064,27.01325,300.56,0.39,0.36,2026-10-04,2335,N,VIIRS,n,2.0NRT,285.42,0.45,N
-15.67501,24.23205,302.78,0.48,0.4,2026-10-04,2335,N,VIIRS,n,2.0NRT,290.68,0.8,N
-15.62523,26.65177,301.03,0.39,0.36,2026-10-04,2335,N,VIIRS,n,2.0NRT,283.66,0.56,N
-15.5817,27.07116,297.98,0.39,0.36,2026-10-04,2335,N,VIIRS,n,2.0NRT,277.71,0.6,N
-15.55668,28.49322,298.05,0.39,0.36,2026-10-04,2335,N,VIIRS,n,2.0NRT,286.78,0.22,N
-15.54567,28.26936,303.26,0.39,0.36,2026-10-04,2335,N,VIIRS,n,2.0NRT,287.29,0.63,N
-15.49971,24.64222,300.78,0.46,0.39,2026-10-04,2335,N,VIIRS,n,2.0NRT,288.74,0.73,N
-15.49625,25.70568,297.87,0.42,0.37,2026-10-04,2335,N,VIIRS,n,2.0NRT,286.02,0.7,N
-15.49559,25.70179,296.98,0.42,0.37,2026-10-04,2335,N,VIIRS,n,2.0NRT,284.8,0.6,N
-15.49214,25.70242,302.9,0.42,0.37,2026-10-04,2335,N,VIIRS,n,2.0NRT,287.15,0.6,N
-15.45244,25.75269,306.31,0.42,0.37,2026-10-04,2335,N,VIIRS,n,2.0NRT,286.53,0.61,N
-15.45029,25.76108,299.17,0.42,0.37,2026-10-04,2335,N,VIIRS,n,2.0NRT,286.7,0.29,N
-15.44899,25.75332,302.08,0.42,0.37,2026-10-04,2335,N,VIIRS,n,2.0NRT,286.91,0.61,N
-15.44619,25.75782,303.67,0.42,0.37,2026-10-04,2335,N,VIIRS,n,2.0NRT,287.42,1.13,N
-15.4449,25.75007,301.62,0.42,0.37,2026-10-04,2335,N,VIIRS,n,2.0NRT,287.82,0.58,N
-15.44254,25.77841,298.62,0.41,0.37,2026-10-04,2335,N,VIIRS,n,2.0NRT,286.05,0.22,N
-15.4376,24.79813,303,0.45,0.39,2026-10-04,2335,N,VIIRS,n,2.0NRT,287.44,1.05,N
-15.31628,28.27358,312.08,0.39,0.36,2026-10-04,2335,N,VIIRS,n,2.0NRT,287.29,1.05,N
-15.22663,25.35351,306.01,0.43,0.38,2026-10-04,2335,N,VIIRS,n,2.0NRT,285.24,0.7,N
-15.22594,25.34949,310.19,0.43,0.38,2026-10-04,2335,N,VIIRS,n,2.0NRT,286.33,1.33,N
-15.22526,25.34547,316.02,0.43,0.38,2026-10-04,2335,N,VIIRS,n,2.0NRT,287.27,1.33,N
-15.21893,25.35075,310.68,0.43,0.38,2026-10-04,2335,N,VIIRS,n,2.0NRT,286.53,1.22,N
-15.09607,22.99081,304.7,0.56,0.43,2026-10-04,2335,N,VIIRS,n,2.0NRT,284.43,1.08,N
-15.02256,27.53655,307.19,0.39,0.36,2026-10-04,2335,N,VIIRS,n,2.0NRT,284.01,0.6,N
-14.96917,24.92431,299.89,0.45,0.39,2026-10-04,2335,N,VIIRS,n,2.0NRT,286.67,0.51,N
-14.9275,24.89715,297.77,0.45,0.39,2026-10-04,2335,N,VIIRS,n,2.0NRT,285.1,0.66,N
-14.86819,26.82663,313.18,0.39,0.36,2026-10-04,2335,N,VIIRS,n,2.0NRT,286.3,1.32,N
-14.75795,27.9106,301.47,0.38,0.36,2026-10-04,2335,N,VIIRS,n,2.0NRT,289.56,0.41,N
-14.73457,24.52236,306.82,0.47,0.4,2026-10-04,2335,N,VIIRS,n,2.0NRT,289.67,0.71,N
-14.69505,25.3741,300.89,0.44,0.38,2026-10-04,2335,N,VIIRS,n,2.0NRT,275.35,0.5,N
-14.6857,23.12063,296.9,0.56,0.43,2026-10-04,2335,N,VIIRS,n,2.0NRT,281.3,0.95,N
-14.68267,23.12663,301,0.56,0.43,2026-10-04,2335,N,VIIRS,n,2.0NRT,282.15,1.48,N
-14.68174,23.12139,312.3,0.56,0.43,2026-10-04,2335,N,VIIRS,n,2.0NRT,284.23,1.48,N
-14.66968,27.48077,303.89,0.39,0.36,2026-10-04,2335,N,VIIRS,n,2.0NRT,266.62,0.64,N
-14.61068,25.47087,307.29,0.43,0.38,2026-10-04,2335,N,VIIRS,n,2.0NRT,282.64,2.35,N
-14.60999,25.46686,329.86,0.43,0.38,2026-10-04,2335,N,VIIRS,n,2.0NRT,283.25,2.35,N
-14.57747,28.87428,301.16,0.39,0.36,2026-10-04,2335,N,VIIRS,n,2.0NRT,283.89,0.85,N
-14.20764,23.48227,301.6,0.55,0.42,2026-10-04,2335,N,VIIRS,n,2.0NRT,287.33,0.59,N
-14.16973,26.02725,302.43,0.42,0.37,2026-10-04,2335,N,VIIRS,n,2.0NRT,289.16,1.37,N
-14.16432,26.01625,302.38,0.42,0.37,2026-10-04,2335,N,VIIRS,n,2.0NRT,289.37,0.93,N
-14.16302,26.0085,303.46,0.42,0.37,2026-10-04,2335,N,VIIRS,n,2.0NRT,289,0.75,N
-14.16282,26.02848,300.9,0.42,0.37,2026-10-04,2335,N,VIIRS,n,2.0NRT,289.32,1.03,N
-14.16022,26.01299,301.43,0.42,0.37,2026-10-04,2335,N,VIIRS,n,2.0NRT,289.27,1.48,N
-14.15872,26.02522,310.69,0.42,0.37,2026-10-04,2335,N,VIIRS,n,2.0NRT,290.05,2.06,N
-14.09051,22.01032,297.67,0.45,0.47,2026-10-04,2335,N,VIIRS,n,2.0NRT,286.25,0.71,N
-13.90059,23.58279,296.97,0.54,0.42,2026-10-04,2335,N,VIIRS,n,2.0NRT,284.33,0.46,N
-13.72891,25.87722,304.35,0.43,0.38,2026-10-04,2335,N,VIIRS,n,2.0NRT,262.99,0.23,N
-13.71374,25.93632,299.67,0.42,0.38,2026-10-04,2335,N,VIIRS,n,2.0NRT,270.79,1.03,N
-13.58701,23.57923,305.41,0.55,0.43,2026-10-04,2335,N,VIIRS,n,2.0NRT,277.24,2.83,N
-13.58612,23.57412,301.8,0.55,0.43,2026-10-04,2335,N,VIIRS,n,2.0NRT,265.61,1.83,N
-13.58584,23.57752,306.85,0.55,0.43,2026-10-04,2335,N,VIIRS,n,2.0NRT,271.01,2.46,N
-13.58005,23.5858,295.35,0.55,0.43,2026-10-04,2335,N,VIIRS,n,2.0NRT,276.68,2.34,N
-13.57891,23.58408,295.51,0.55,0.43,2026-10-04,2335,N,VIIRS,n,2.0NRT,277.5,1.94,N
-13.55997,23.49421,298.02,0.56,0.43,2026-10-04,2335,N,VIIRS,n,2.0NRT,279.64,1.57,N
-13.38885,23.416,305.36,0.57,0.43,2026-10-04,2335,N,VIIRS,n,2.0NRT,273.09,1.65,N
-13.38791,23.41078,303.79,0.57,0.43,2026-10-04,2335,N,VIIRS,n,2.0NRT,266,1.65,N
-13.38487,23.41676,309.2,0.57,0.43,2026-10-04,2335,N,VIIRS,n,2.0NRT,271.94,1.44,N
-13.38394,23.41153,300.16,0.57,0.43,2026-10-04,2335,N,VIIRS,n,2.0NRT,262.9,1.44,N
-13.38184,23.42274,298.08,0.57,0.43,2026-10-04,2335,N,VIIRS,n,2.0NRT,268.04,1.02,N
-13.3809,23.41751,308.16,0.57,0.43,2026-10-04,2335,N,VIIRS,n,2.0NRT,271.13,1.44,N
-13.37996,23.41229,303.32,0.57,0.43,2026-10-04,2335,N,VIIRS,n,2.0NRT,262.9,1.44,N
-13.37693,23.41826,315.87,0.57,0.43,2026-10-04,2335,N,VIIRS,n,2.0NRT,265.96,1.57,N
-13.37599,23.41303,295.5,0.57,0.43,2026-10-04,2335,N,VIIRS,n,2.0NRT,264.1,1.57,N
-13.35157,23.48232,296.52,0.56,0.43,2026-10-04,2335,N,VIIRS,n,2.0NRT,270.64,1.16,N
-13.34888,23.47925,295.18,0.56,0.43,2026-10-04,2335,N,VIIRS,n,2.0NRT,272.9,1.96,N
-10.90947,25.94959,306,0.45,0.39,2026-10-04,2335,N,VIIRS,n,2.0NRT,283.58,1.24,N
-10.82877,25.69223,304.07,0.46,0.39,2026-10-04,2335,N,VIIRS,n,2.0NRT,287.1,1.31,N
-10.78553,25.58828,298.75,0.47,0.4,2026-10-04,2335,N,VIIRS,n,2.0NRT,286.69,1.38,N
-17.98375,23.72406,302.28,0.47,0.4,2026-10-04,2337,N,VIIRS,n,2.0NRT,290.31,0.44,N
-17.91669,26.19864,304.82,0.39,0.36,2026-10-04,2337,N,VIIRS,n,2.0NRT,288.68,0.73,N
-17.91334,26.19926,299.36,0.39,0.36,2026-10-04,2337,N,VIIRS,n,2.0NRT,288.5,0.73,N
-17.91273,26.19555,311.41,0.39,0.36,2026-10-04,2337,N,VIIRS,n,2.0NRT,290.2,0.73,N
-17.90998,26.19987,300.69,0.39,0.36,2026-10-04,2337,N,VIIRS,n,2.0NRT,288.36,0.53,N
-17.90937,26.19615,306.79,0.39,0.36,2026-10-04,2337,N,VIIRS,n,2.0NRT,289.67,0.53,N
-17.90662,26.20047,306.03,0.39,0.36,2026-10-04,2337,N,VIIRS,n,2.0NRT,289.54,0.53,N
-17.85447,22.76494,300.36,0.53,0.42,2026-10-04,2337,N,VIIRS,n,2.0NRT,289.07,1.26,N
-17.85357,22.75994,316.32,0.53,0.42,2026-10-04,2337,N,VIIRS,n,2.0NRT,289.91,1.26,N
-17.81727,24.21971,302.22,0.45,0.39,2026-10-04,2337,N,VIIRS,n,2.0NRT,291.32,0.57,N
-17.81576,25.08723,309.9,0.42,0.38,2026-10-04,2337,N,VIIRS,n,2.0NRT,288.84,0.96,N
-17.80678,24.33879,306.08,0.45,0.39,2026-10-04,2337,N,VIIRS,n,2.0NRT,290.31,1.34,N
-17.74429,23.80636,307.59,0.47,0.4,2026-10-04,2337,N,VIIRS,n,2.0NRT,290.88,0.98,N
-17.74379,23.80769,307.29,0.47,0.4,2026-10-04,2337,N,VIIRS,n,2.0NRT,291.06,1.04,N
-17.73367,30.9099,295.25,0.48,0.4,2026-10-04,2337,N,VIIRS,n,2.0NRT,283.96,0.41,N
-17.70438,26.37311,296.17,0.39,0.36,2026-10-04,2337,N,VIIRS,n,2.0NRT,284.14,0.57,N
-17.67445,22.88184,300.68,0.52,0.42,2026-10-04,2337,N,VIIRS,n,2.0NRT,289.79,0.44,N
-17.67289,24.65252,298.64,0.43,0.38,2026-10-04,2337,N,VIIRS,n,2.0NRT,286.63,0.37,N
-17.66438,22.84787,301.13,0.53,0.42,2026-10-04,2337,N,VIIRS,n,2.0NRT,289.99,0.85,N
-17.66349,22.84289,304.17,0.53,0.42,2026-10-04,2337,N,VIIRS,n,2.0NRT,290.26,0.85,N
-17.61106,28.25324,321.86,0.39,0.36,2026-10-04,2337,N,VIIRS,n,2.0NRT,293.88,2.37,N
-17.57596,25.16212,299.45,0.42,0.37,2026-10-04,2337,N,VIIRS,n,2.0NRT,287.49,0.75,N
-17.49825,22.68566,304.22,0.54,0.42,2026-10-04,2337,N,VIIRS,n,2.0NRT,288.59,0.16,N
-17.48357,23.75098,306.05,0.48,0.4,2026-10-04,2337,N,VIIRS,n,2.0NRT,291.46,1.15,N
-17.48006,25.21604,303.75,0.42,0.37,2026-10-04,2337,N,VIIRS,n,2.0NRT,289.86,0.57,N
-17.47906,27.094,324.04,0.38,0.36,2026-10-04,2337,N,VIIRS,n,2.0NRT,293.84,1.64,N
-17.47631,27.09821,303.64,0.38,0.36,2026-10-04,2337,N,VIIRS,n,2.0NRT,293.01,0.68,N
-17.47573,27.09459,312.85,0.38,0.36,2026-10-04,2337,N,VIIRS,n,2.0NRT,293.28,1.64,N
-17.47515,27.09096,310.39,0.38,0.36,2026-10-04,2337,N,VIIRS,n,2.0NRT,291.9,1.64,N
-17.44134,25.29072,314.8,0.41,0.37,2026-10-04,2337,N,VIIRS,n,2.0NRT,290.06,1.45,N
-17.43789,25.29135,317.58,0.41,0.37,2026-10-04,2337,N,VIIRS,n,2.0NRT,289.62,1.45,N
-17.43723,25.28744,316.15,0.41,0.37,2026-10-04,2337,N,VIIRS,n,2.0NRT,289.32,1.45,N
-17.43716,24.21107,315.83,0.45,0.39,2026-10-04,2337,N,VIIRS,n,2.0NRT,290.51,1.82,N
-17.3948,23.35902,301.29,0.5,0.41,2026-10-04,2337,N,VIIRS,n,2.0NRT,290.93,0.58,N
-17.39105,23.35975,303.75,0.5,0.41,2026-10-04,2337,N,VIIRS,n,2.0NRT,291.35,0.58,N
-17.38597,23.33144,307,0.5,0.41,2026-10-04,2337,N,VIIRS,n,2.0NRT,291.46,1.65,N
-17.33339,23.81474,302.82,0.48,0.4,2026-10-04,2337,N,VIIRS,n,2.0NRT,290.88,0.52,N
-17.28695,24.20775,302.16,0.46,0.39,2026-10-04,2337,N,VIIRS,n,2.0NRT,291.17,1.11,N
-17.28618,24.20345,315.73,0.46,0.39,2026-10-04,2337,N,VIIRS,n,2.0NRT,291.8,1.11,N
-17.26777,22.15619,302.62,0.39,0.44,2026-10-04,2337,N,VIIRS,n,2.0NRT,285.95,1,N
-17.24624,22.15291,301.38,0.39,0.44,2026-10-04,2337,N,VIIRS,n,2.0NRT,287.82,0.83,N
-17.20161,26.05663,296.13,0.4,0.37,2026-10-04,2337,N,VIIRS,n,2.0NRT,281.41,0.46,N
-17.19761,26.0535,296.05,0.4,0.37,2026-10-04,2337,N,VIIRS,n,2.0NRT,281.83,0.46,N
-17.18228,25.46067,315.09,0.41,0.37,2026-10-04,2337,N,VIIRS,n,2.0NRT,291.05,0.66,N
-17.17885,25.4613,300.35,0.41,0.37,2026-10-04,2337,N,VIIRS,n,2.0NRT,290.29,0.66,N
-17.12071,26.03199,305.15,0.4,0.37,2026-10-04,2337,N,VIIRS,n,2.0NRT,285.88,0.73,N
-17.04421,23.26224,308.67,0.51,0.41,2026-10-04,2337,N,VIIRS,n,2.0NRT,291.44,0.97,N
-17.04041,23.26298,303.57,0.51,0.41,2026-10-04,2337,N,VIIRS,n,2.0NRT,291.36,0.97,N
-17.03662,23.26372,302.04,0.51,0.41,2026-10-04,2337,N,VIIRS,n,2.0NRT,291.42,0.77,N
-17.0334,24.84541,314.71,0.43,0.38,2026-10-04,2337,N,VIIRS,n,2.0NRT,289.16,1.19,N
-17.01134,25.73241,300.92,0.41,0.37,2026-10-04,2337,N,VIIRS,n,2.0NRT,289.65,0.44,N
-16.97528,25.74599,300.95,0.41,0.37,2026-10-04,2337,N,VIIRS,n,2.0NRT,289.81,0.73,N
-16.96716,26.7117,298.97,0.39,0.36,2026-10-04,2337,N,VIIRS,n,2.0NRT,287.23,0.41,N
-16.87554,26.02818,303.93,0.4,0.37,2026-10-04,2337,N,VIIRS,n,2.0NRT,287.99,0.51,N
-16.85812,25.86033,300.34,0.4,0.37,2026-10-04,2337,N,VIIRS,n,2.0NRT,289.84,1,N
-16.85748,25.85653,310.67,0.4,0.37,2026-10-04,2337,N,VIIRS,n,2.0NRT,289.94,1,N
-16.83777,26.78278,301.17,0.39,0.36,2026-10-04,2337,N,VIIRS,n,2.0NRT,287.98,0.7,N
-16.82757,26.28963,309.29,0.39,0.37,2026-10-04,2337,N,VIIRS,n,2.0NRT,282.71,0.84,N
-16.82561,26.02165,300.56,0.4,0.37,2026-10-04,2337,N,VIIRS,n,2.0NRT,289.25,0.75,N
-16.82514,26.02108,307.51,0.4,0.37,2026-10-04,2337,N,VIIRS,n,2.0NRT,289.43,0.58,N
-16.78127,26.15623,307.46,0.4,0.37,2026-10-04,2337,N,VIIRS,n,2.0NRT,288.07,0.6,N
-16.76528,27.1344,298.51,0.39,0.36,2026-10-04,2337,N,VIIRS,n,2.0NRT,288.46,0.51,N
-16.71642,26.27103,296.65,0.4,0.37,2026-10-04,2337,N,VIIRS,n,2.0NRT,284.55,0.27,N
-16.69391,26.49182,305.37,0.39,0.36,2026-10-04,2337,N,VIIRS,n,2.0NRT,288.45,0.94,N
-16.39254,25.219,302.49,0.43,0.38,2026-10-04,2337,N,VIIRS,n,2.0NRT,290.39,0.6,N
-16.38905,25.21963,307.19,0.43,0.38,2026-10-04,2337,N,VIIRS,n,2.0NRT,290.33,1.02,N
-16.38837,25.21566,301.33,0.43,0.38,2026-10-04,2337,N,VIIRS,n,2.0NRT,290.05,0.59,N
-16.38769,25.21169,304.05,0.43,0.38,2026-10-04,2337,N,VIIRS,n,2.0NRT,290.12,0.59,N
-16.24876,25.24716,308.44,0.43,0.38,2026-10-04,2337,N,VIIRS,n,2.0NRT,289.27,1.04,N
-18.07874,22.31798,355.23,0.44,0.39,2026-10-05,1208,N,VIIRS,n,2.0NRT,315.2,12.65,D
-18.07517,22.31744,347.76,0.44,0.39,2026-10-05,1208,N,VIIRS,n,2.0NRT,315.35,8.84,D
-18.03146,22.37085,341.41,0.44,0.38,2026-10-05,1208,N,VIIRS,l,2.0NRT,311.49,13.96,D
-18.02991,23.37752,342.7,0.41,0.37,2026-10-05,1208,N,VIIRS,n,2.0NRT,310.99,4.75,D
-18.02791,22.37031,347.51,0.44,0.38,2026-10-05,1208,N,VIIRS,n,2.0NRT,315.81,13.96,D
-18.01241,22.35086,344.73,0.44,0.39,2026-10-05,1208,N,VIIRS,n,2.0NRT,311.42,11.34,D
-18.01143,22.34283,337.18,0.44,0.39,2026-10-05,1208,N,VIIRS,l,2.0NRT,311.39,3.22,D
-18.01025,22.3512,348.63,0.44,0.39,2026-10-05,1208,N,VIIRS,n,2.0NRT,319.12,40.27,D
-18.00885,22.35032,349.07,0.44,0.39,2026-10-05,1208,N,VIIRS,n,2.0NRT,316.82,11.34,D
-18.00828,22.35451,338.26,0.44,0.39,2026-10-05,1208,N,VIIRS,n,2.0NRT,311.63,11.34,D
-18.00728,22.34648,340.77,0.44,0.39,2026-10-05,1208,N,VIIRS,l,2.0NRT,312.83,3.76,D
-18.00669,22.35066,342.9,0.44,0.39,2026-10-05,1208,N,VIIRS,l,2.0NRT,314.81,8.58,D
-18.0061,22.35485,352.7,0.44,0.39,2026-10-05,1208,N,VIIRS,n,2.0NRT,313.48,8.58,D
-17.97713,23.33392,342.55,0.41,0.37,2026-10-05,1208,N,VIIRS,n,2.0NRT,309.11,4.48,D
-17.94563,23.8158,331.23,0.4,0.37,2026-10-05,1208,N,VIIRS,n,2.0NRT,300.89,3.81,D
-17.94225,23.81526,341,0.4,0.37,2026-10-05,1208,N,VIIRS,n,2.0NRT,301.2,9.77,D
-17.85186,22.76287,337.7,0.43,0.38,2026-10-05,1208,N,VIIRS,l,2.0NRT,311.96,6.74,D
-17.84976,22.80359,349.76,0.42,0.38,2026-10-05,1208,N,VIIRS,n,2.0NRT,315.45,8.51,D
-17.84627,22.80305,348.92,0.42,0.38,2026-10-05,1208,N,VIIRS,n,2.0NRT,313.04,8.51,D
-17.84334,22.7985,337.25,0.42,0.38,2026-10-05,1208,N,VIIRS,l,2.0NRT,311.96,3.21,D
-17.83776,24.68232,340.17,0.39,0.36,2026-10-05,1208,N,VIIRS,n,2.0NRT,306.59,3.36,D
-17.83722,24.68596,337.54,0.39,0.36,2026-10-05,1208,N,VIIRS,n,2.0NRT,306.92,3.36,D
-17.83444,24.68177,335.72,0.39,0.36,2026-10-05,1208,N,VIIRS,l,2.0NRT,307.23,2.8,D
-17.79779,25.69134,334.85,0.39,0.36,2026-10-05,1208,N,VIIRS,n,2.0NRT,298.55,3.2,D
-17.76301,30.6282,341.97,0.4,0.44,2026-10-05,1208,N,VIIRS,n,2.0NRT,294.56,11.37,D
-17.76057,30.62692,347.7,0.4,0.44,2026-10-05,1208,N,VIIRS,n,2.0NRT,297.26,12.19,D
-17.74647,23.41187,340.48,0.41,0.37,2026-10-05,1208,N,VIIRS,l,2.0NRT,311.25,4.71,D
-17.74306,23.41133,339.36,0.41,0.37,2026-10-05,1208,N,VIIRS,l,2.0NRT,309.89,4.71,D
-17.7068,24.76477,355.19,0.38,0.36,2026-10-05,1208,N,VIIRS,n,2.0NRT,301.06,6.45,D
-17.69408,24.78127,338.94,0.38,0.36,2026-10-05,1208,N,VIIRS,n,2.0NRT,305.78,5.01,D
-17.69076,24.78073,349.32,0.38,0.36,2026-10-05,1208,N,VIIRS,n,2.0NRT,304.01,9.31,D
-17.68688,24.78381,340.97,0.38,0.36,2026-10-05,1208,N,VIIRS,n,2.0NRT,307.41,7.65,D
-17.68662,22.88572,334.86,0.42,0.38,2026-10-05,1208,N,VIIRS,l,2.0NRT,309.71,6.13,D
-17.68315,22.88518,352.78,0.42,0.38,2026-10-05,1208,N,VIIRS,n,2.0NRT,313.48,6.13,D
-17.68259,22.88914,354.1,0.42,0.38,2026-10-05,1208,N,VIIRS,n,2.0NRT,312.27,6.13,D
-17.6796,22.86028,341.86,0.42,0.38,2026-10-05,1208,N,VIIRS,n,2.0NRT,311.58,5.66,D
-17.67948,24.67466,340.29,0.39,0.36,2026-10-05,1208,N,VIIRS,n,2.0NRT,304.37,5.54,D
-17.67912,22.88861,346.95,0.42,0.38,2026-10-05,1208,N,VIIRS,n,2.0NRT,312.99,7.24,D
-17.67782,22.84782,344.89,0.42,0.38,2026-10-05,1208,N,VIIRS,n,2.0NRT,309.82,6.32,D
-17.67669,24.67048,351.94,0.39,0.36,2026-10-05,1208,N,VIIRS,n,2.0NRT,305.81,5.54,D
-17.67613,22.85974,351.62,0.42,0.38,2026-10-05,1208,N,VIIRS,n,2.0NRT,314.98,14.76,D
-17.67482,22.81887,348.64,0.42,0.38,2026-10-05,1208,N,VIIRS,n,2.0NRT,312.17,4.45,D
-17.67469,24.66963,348.31,0.39,0.36,2026-10-05,1208,N,VIIRS,n,2.0NRT,304.63,9.72,D
-17.67426,22.82286,338.26,0.42,0.38,2026-10-05,1208,N,VIIRS,l,2.0NRT,310.13,4.45,D
-17.67256,22.83481,341.6,0.42,0.38,2026-10-05,1208,N,VIIRS,n,2.0NRT,309.57,11.26,D
-17.67162,22.89151,348.13,0.42,0.38,2026-10-05,1208,N,VIIRS,n,2.0NRT,313.25,6.05,D
-17.67134,22.81834,338.61,0.42,0.38,2026-10-05,1208,N,VIIRS,l,2.0NRT,311.03,4.45,D
-17.67078,22.82233,346.86,0.42,0.38,2026-10-05,1208,N,VIIRS,n,2.0NRT,313.44,4.45,D
-17.67021,22.82631,348.63,0.42,0.38,2026-10-05,1208,N,VIIRS,n,2.0NRT,309.93,11.04,D
-17.66908,22.83427,345,0.42,0.38,2026-10-05,1208,N,VIIRS,n,2.0NRT,310.37,11.26,D
-17.66852,22.83826,356.8,0.42,0.38,2026-10-05,1208,N,VIIRS,n,2.0NRT,314.72,11.26,D
-17.66382,22.82125,337.92,0.42,0.38,2026-10-05,1208,N,VIIRS,l,2.0NRT,310.93,7.32,D
-17.66147,22.81274,342.25,0.42,0.38,2026-10-05,1208,N,VIIRS,l,2.0NRT,312.58,6.73,D
-17.6563,22.82417,338.67,0.42,0.38,2026-10-05,1208,N,VIIRS,l,2.0NRT,311.36,3.72,D
-17.65574,22.82815,337.88,0.42,0.38,2026-10-05,1208,N,VIIRS,l,2.0NRT,311.21,3.72,D
-17.65435,22.16765,351.9,0.45,0.39,2026-10-05,1208,N,VIIRS,l,2.0NRT,317.96,13.64,D
-17.65377,22.17188,352.18,0.45,0.39,2026-10-05,1208,N,VIIRS,l,2.0NRT,316.23,29.56,D
-17.65019,22.17134,367,0.45,0.39,2026-10-05,1208,N,VIIRS,l,2.0NRT,327.55,35.72,D
-17.64961,22.17556,355.49,0.45,0.39,2026-10-05,1208,N,VIIRS,n,2.0NRT,322.36,35.72,D
-17.64903,22.17977,367,0.45,0.39,2026-10-05,1208,N,VIIRS,h,2.0NRT,317.25,45.87,D
-17.64662,22.1708,351,0.45,0.39,2026-10-05,1208,N,VIIRS,l,2.0NRT,315.7,35.72,D
-17.64546,22.17924,342.43,0.45,0.39,2026-10-05,1208,N,VIIRS,n,2.0NRT,315.37,45.87,D
-17.64131,22.18292,352.67,0.45,0.39,2026-10-05,1208,N,VIIRS,l,2.0NRT,326.86,42.53,D
-17.63774,22.18238,346.49,0.45,0.39,2026-10-05,1208,N,VIIRS,l,2.0NRT,314.53,42.53,D
-17.63715,22.18659,344.46,0.45,0.39,2026-10-05,1208,N,VIIRS,l,2.0NRT,313.11,11.44,D
-17.63358,22.18606,348.75,0.45,0.39,2026-10-05,1208,N,VIIRS,l,2.0NRT,315.46,6.07,D
-17.63301,22.19027,345.99,0.45,0.39,2026-10-05,1208,N,VIIRS,l,2.0NRT,313.31,6.07,D
-17.62944,22.18973,346.04,0.45,0.39,2026-10-05,1208,N,VIIRS,l,2.0NRT,315.37,6.07,D
-17.62587,22.1892,343.93,0.45,0.39,2026-10-05,1208,N,VIIRS,l,2.0NRT,314.38,7.62,D
-17.6223,22.18866,346.5,0.45,0.39,2026-10-05,1208,N,VIIRS,l,2.0NRT,314.97,7.62,D
-17.61873,22.18812,341.88,0.45,0.39,2026-10-05,1208,N,VIIRS,l,2.0NRT,312.74,8.9,D
-17.61631,22.17915,342.25,0.45,0.39,2026-10-05,1208,N,VIIRS,l,2.0NRT,315.53,6.47,D
-17.61223,28.25513,336.63,0.45,0.39,2026-10-05,1208,N,VIIRS,l,2.0NRT,306.65,3.91,D
-17.60793,22.1743,346.97,0.45,0.39,2026-10-05,1208,N,VIIRS,n,2.0NRT,316.81,8.48,D
-17.6056,22.17754,340.75,0.45,0.39,2026-10-05,1208,N,VIIRS,l,2.0NRT,315.54,13.31,D
-17.60436,22.17377,346.91,0.45,0.39,2026-10-05,1208,N,VIIRS,n,2.0NRT,315.69,8.48,D
-17.60377,22.17797,339.06,0.45,0.39,2026-10-05,1208,N,VIIRS,l,2.0NRT,313.63,8.48,D
-17.60203,22.177,345.09,0.45,0.39,2026-10-05,1208,N,VIIRS,l,2.0NRT,314.59,13.31,D
-17.59734,24.54889,341.47,0.39,0.36,2026-10-05,1208,N,VIIRS,n,2.0NRT,309.96,3.62,D
-17.594,24.54835,342.78,0.39,0.36,2026-10-05,1208,N,VIIRS,n,2.0NRT,308.82,3.62,D
-17.59068,22.16741,351.51,0.45,0.39,2026-10-05,1208,N,VIIRS,n,2.0NRT,319.83,36.46,D
-17.59067,24.5478,344.38,0.39,0.36,2026-10-05,1208,N,VIIRS,n,2.0NRT,312.32,9.72,D
-17.58769,22.16267,357.04,0.45,0.39,2026-10-05,1208,N,VIIRS,n,2.0NRT,318.67,17.46,D
-17.5871,22.16688,356.81,0.45,0.39,2026-10-05,1208,N,VIIRS,n,2.0NRT,320.86,17.46,D
-17.58372,29.9246,334.47,0.55,0.43,2026-10-05,1208,N,VIIRS,n,2.0NRT,298.15,4.99,D
-17.58353,22.16634,345.76,0.45,0.39,2026-10-05,1208,N,VIIRS,l,2.0NRT,317.77,17.46,D
-17.57996,22.1658,339.68,0.45,0.39,2026-10-05,1208,N,VIIRS,l,2.0NRT,314.19,5.84,D
-17.52332,23.17302,355.6,0.41,0.37,2026-10-05,1208,N,VIIRS,n,2.0NRT,313.04,23.42,D
-17.47137,30.05677,348.78,0.56,0.43,2026-10-05,1208,N,VIIRS,n,2.0NRT,295.93,9.91,D
-17.46741,30.05602,343.14,0.56,0.43,2026-10-05,1208,N,VIIRS,n,2.0NRT,296.17,9.91,D
-17.44887,26.22619,332.88,0.39,0.36,2026-10-05,1208,N,VIIRS,n,2.0NRT,295.12,3.09,D
-17.44718,24.63203,334.93,0.39,0.36,2026-10-05,1208,N,VIIRS,n,2.0NRT,303.4,3.45,D
-17.44537,22.58768,336.82,0.43,0.38,2026-10-05,1208,N,VIIRS,n,2.0NRT,310.61,3.78,D
-17.44481,22.59173,350.92,0.43,0.38,2026-10-05,1208,N,VIIRS,n,2.0NRT,313.25,3.78,D
-17.44425,22.59577,345.75,0.43,0.38,2026-10-05,1208,N,VIIRS,n,2.0NRT,313.01,6.85,D
-17.44386,24.63148,345.65,0.39,0.36,2026-10-05,1208,N,VIIRS,n,2.0NRT,307.09,16.59,D
-17.44187,22.58714,367,0.43,0.38,2026-10-05,1208,N,VIIRS,h,2.0NRT,315.91,8.4,D
-17.44131,22.59119,345.81,0.43,0.38,2026-10-05,1208,N,VIIRS,n,2.0NRT,314.24,8.4,D
-17.4411,22.58757,352.47,0.43,0.38,2026-10-05,1208,N,VIIRS,n,2.0NRT,315.35,6.11,D
-17.44075,22.59523,341.47,0.43,0.38,2026-10-05,1208,N,VIIRS,l,2.0NRT,313.81,5.59,D
-17.44052,22.59161,339.71,0.43,0.38,2026-10-05,1208,N,VIIRS,l,2.0NRT,313.56,6.11,D
-17.43348,30.44888,340.48,0.4,0.44,2026-10-05,1208,N,VIIRS,n,2.0NRT,298.36,3.44,D
-17.42941,30.44812,342.66,0.4,0.44,2026-10-05,1208,N,VIIRS,n,2.0NRT,299.37,3.44,D
-17.42105,22.71127,337.77,0.42,0.38,2026-10-05,1208,N,VIIRS,l,2.0NRT,310.79,1.19,D
-17.41975,22.71153,339.68,0.42,0.38,2026-10-05,1208,N,VIIRS,n,2.0NRT,311.35,1.83,D
-17.4157,22.1248,347.93,0.45,0.39,2026-10-05,1208,N,VIIRS,n,2.0NRT,314.58,7.49,D
-17.41512,22.12901,348.5,0.45,0.39,2026-10-05,1208,N,VIIRS,n,2.0NRT,312.65,8.11,D
-17.41213,22.12426,342.07,0.45,0.39,2026-10-05,1208,N,VIIRS,l,2.0NRT,313.82,7.18,D
-17.41155,22.12848,345.07,0.45,0.39,2026-10-05,1208,N,VIIRS,n,2.0NRT,312.51,3.87,D
-17.40798,22.12794,341.6,0.45,0.39,2026-10-05,1208,N,VIIRS,l,2.0NRT,312.82,3.87,D
-17.40141,22.12265,342.55,0.45,0.39,2026-10-05,1208,N,VIIRS,l,2.0NRT,313.37,5.69,D
-17.40084,22.12686,338.27,0.45,0.39,2026-10-05,1208,N,VIIRS,l,2.0NRT,310.75,5.23,D
-17.39968,22.12295,347.35,0.45,0.39,2026-10-05,1208,N,VIIRS,n,2.0NRT,311.69,3.73,D
-17.39624,22.82575,340.47,0.42,0.38,2026-10-05,1208,N,VIIRS,n,2.0NRT,309.96,1.93,D
-17.39277,22.82522,339.78,0.42,0.38,2026-10-05,1208,N,VIIRS,n,2.0NRT,309.51,4.63,D
-17.38583,22.82414,339.75,0.42,0.38,2026-10-05,1208,N,VIIRS,n,2.0NRT,309.62,2.82,D
-17.33469,26.22115,334.59,0.39,0.36,2026-10-05,1208,N,VIIRS,n,2.0NRT,300.24,2.97,D
-17.32914,24.51578,340.42,0.39,0.36,2026-10-05,1208,N,VIIRS,n,2.0NRT,308.72,3.19,D
-17.31661,30.19834,339.13,0.39,0.44,2026-10-05,1208,N,VIIRS,n,2.0NRT,301.66,3.94,D
-17.30688,24.79799,333.58,0.38,0.36,2026-10-05,1208,N,VIIRS,l,2.0NRT,306.01,2.29,D
-17.30411,24.79383,347.88,0.38,0.36,2026-10-05,1208,N,VIIRS,n,2.0NRT,305.77,5.97,D
-17.30058,22.4919,345.44,0.43,0.38,2026-10-05,1208,N,VIIRS,n,2.0NRT,313.75,7.51,D
-17.29968,24.80051,339.49,0.38,0.36,2026-10-05,1208,N,VIIRS,n,2.0NRT,304.92,5.52,D
-17.29707,22.49137,350.78,0.43,0.38,2026-10-05,1208,N,VIIRS,n,2.0NRT,316.02,11.01,D
-17.2949,25.42636,348.97,0.39,0.36,2026-10-05,1208,N,VIIRS,n,2.0NRT,311.11,10.71,D
-17.29433,25.42998,337.55,0.39,0.36,2026-10-05,1208,N,VIIRS,l,2.0NRT,307.85,3.91,D
-17.29356,22.49084,337.73,0.43,0.38,2026-10-05,1208,N,VIIRS,l,2.0NRT,311.34,11.01,D
-17.29101,25.42942,338.78,0.39,0.36,2026-10-05,1208,N,VIIRS,n,2.0NRT,308.59,3.91,D
-17.28939,22.46946,338.94,0.43,0.38,2026-10-05,1208,N,VIIRS,l,2.0NRT,313.92,4.16,D
-17.28882,22.47353,338.17,0.43,0.38,2026-10-05,1208,N,VIIRS,l,2.0NRT,311.27,3.96,D
-17.28301,22.15851,356.47,0.44,0.39,2026-10-05,1208,N,VIIRS,n,2.0NRT,315.12,19.83,D
-17.28212,22.15671,350.86,0.44,0.39,2026-10-05,1208,N,VIIRS,n,2.0NRT,312.03,8.84,D
-17.28155,22.16089,344.51,0.44,0.39,2026-10-05,1208,N,VIIRS,n,2.0NRT,313.5,18.54,D
-17.28004,22.1538,338.03,0.44,0.39,2026-10-05,1208,N,VIIRS,l,2.0NRT,311.75,8.11,D
-17.27945,22.15798,351.09,0.44,0.39,2026-10-05,1208,N,VIIRS,n,2.0NRT,314.54,8.11,D
-17.27579,22.05447,340.59,0.45,0.39,2026-10-05,1208,N,VIIRS,l,2.0NRT,314.12,2.66,D
-17.2753,22.16163,348.19,0.44,0.39,2026-10-05,1208,N,VIIRS,n,2.0NRT,309.96,11.96,D
-17.27173,22.16109,344.53,0.44,0.39,2026-10-05,1208,N,VIIRS,n,2.0NRT,310.8,3.84,D
-17.26818,22.16056,343.26,0.44,0.39,2026-10-05,1208,N,VIIRS,n,2.0NRT,310.3,3.84,D
-17.26746,22.06184,346.01,0.45,0.39,2026-10-05,1208,N,VIIRS,l,2.0NRT,313.64,7.69,D
-17.26692,22.55293,343.36,0.43,0.38,2026-10-05,1208,N,VIIRS,n,2.0NRT,313.69,4.88,D
-17.26687,22.06606,348.83,0.45,0.39,2026-10-05,1208,N,VIIRS,n,2.0NRT,312.57,7.47,D
-17.2652,22.15584,337.5,0.44,0.39,2026-10-05,1208,N,VIIRS,l,2.0NRT,312.22,5.93,D
-17.26461,22.16002,340.53,0.44,0.39,2026-10-05,1208,N,VIIRS,n,2.0NRT,310.17,5.26,D
-17.26399,22.54836,337.54,0.43,0.38,2026-10-05,1208,N,VIIRS,l,2.0NRT,312.36,3.8,D
-17.26342,22.5524,344.26,0.43,0.38,2026-10-05,1208,N,VIIRS,l,2.0NRT,316.16,4.88,D
-17.26329,22.06553,351.53,0.45,0.39,2026-10-05,1208,N,VIIRS,n,2.0NRT,314.22,11.08,D
-17.26172,22.5645,342.89,0.43,0.38,2026-10-05,1208,N,VIIRS,l,2.0NRT,316.55,8.04,D
-17.26164,22.15531,353.81,0.44,0.39,2026-10-05,1208,N,VIIRS,l,2.0NRT,313.78,5.93,D
-17.26105,22.15948,348.63,0.44,0.39,2026-10-05,1208,N,VIIRS,l,2.0NRT,312.05,5.26,D
-17.2575,22.15895,341.47,0.44,0.39,2026-10-05,1208,N,VIIRS,l,2.0NRT,311.95,42.27,D
-17.25038,22.15788,344.02,0.44,0.39,2026-10-05,1208,N,VIIRS,l,2.0NRT,314.84,15.2,D
-17.20142,22.22277,343.72,0.44,0.38,2026-10-05,1208,N,VIIRS,l,2.0NRT,316.38,9.98,D
-17.19565,25.54316,341.1,0.39,0.36,2026-10-05,1208,N,VIIRS,n,2.0NRT,304.29,5.81,D
-17.18929,27.17721,332.41,0.42,0.38,2026-10-05,1208,N,VIIRS,n,2.0NRT,299.36,1.23,D
-17.17918,22.40842,346.28,0.43,0.38,2026-10-05,1208,N,VIIRS,n,2.0NRT,314.02,3.86,D
-17.17566,22.40789,341.67,0.43,0.38,2026-10-05,1208,N,VIIRS,l,2.0NRT,314.69,3.86,D
-17.172,22.8849,337,0.42,0.37,2026-10-05,1208,N,VIIRS,l,2.0NRT,310.65,4.45,D
-17.1619,24.02793,342.09,0.39,0.36,2026-10-05,1208,N,VIIRS,n,2.0NRT,308.25,3.94,D
-17.15801,24.03106,337.99,0.39,0.36,2026-10-05,1208,N,VIIRS,l,2.0NRT,309.06,6.97,D
-17.15248,29.3032,336.17,0.52,0.41,2026-10-05,1208,N,VIIRS,n,2.0NRT,302.23,6.87,D
-17.15212,22.11815,343.09,0.44,0.39,2026-10-05,1208,N,VIIRS,n,2.0NRT,313.45,4.67,D
-17.15161,29.30805,335.51,0.52,0.41,2026-10-05,1208,N,VIIRS,n,2.0NRT,301.31,6.9,D
-17.14915,22.11343,338.9,0.44,0.39,2026-10-05,1208,N,VIIRS,l,2.0NRT,313.54,3.99,D
-17.14856,22.11761,350.67,0.44,0.39,2026-10-05,1208,N,VIIRS,l,2.0NRT,313.51,7.02,D
-17.14798,22.12179,343.42,0.44,0.39,2026-10-05,1208,N,VIIRS,l,2.0NRT,314.7,7.02,D
-17.1363,28.93544,340.23,0.5,0.41,2026-10-05,1208,N,VIIRS,n,2.0NRT,305.82,6.13,D
-17.13471,28.94453,330.4,0.5,0.41,2026-10-05,1208,N,VIIRS,l,2.0NRT,303.79,2.32,D
-17.13397,21.98646,345.94,0.45,0.39,2026-10-05,1208,N,VIIRS,n,2.0NRT,314.65,4.58,D
-17.1152,22.53148,348.59,0.43,0.38,2026-10-05,1208,N,VIIRS,n,2.0NRT,314.48,5.87,D
-17.11044,22.07766,340.76,0.45,0.39,2026-10-05,1208,N,VIIRS,n,2.0NRT,314.27,4.23,D
-17.09923,27.25883,342.86,0.42,0.38,2026-10-05,1208,N,VIIRS,n,2.0NRT,302.52,3.89,D
-17.08672,22.37817,342.09,0.43,0.38,2026-10-05,1208,N,VIIRS,l,2.0NRT,315.04,5.09,D
-17.08336,23.23107,338.9,0.41,0.37,2026-10-05,1208,N,VIIRS,n,2.0NRT,307.35,2.67,D
-17.0832,22.37763,341.15,0.43,0.38,2026-10-05,1208,N,VIIRS,l,2.0NRT,316.06,6.54,D
-17.05177,23.28073,344.67,0.4,0.37,2026-10-05,1208,N,VIIRS,n,2.0NRT,310.68,5.47,D
-17.04836,23.2802,340.17,0.4,0.37,2026-10-05,1208,N,VIIRS,l,2.0NRT,310.67,9.92,D
-17.04687,22.38045,344.96,0.43,0.38,2026-10-05,1208,N,VIIRS,n,2.0NRT,316.19,6.18,D
-17.0455,23.27585,344.45,0.4,0.37,2026-10-05,1208,N,VIIRS,n,2.0NRT,312.24,11.32,D
-17.04209,23.27532,338.79,0.4,0.37,2026-10-05,1208,N,VIIRS,l,2.0NRT,309.74,4.48,D
-17.03869,23.27479,346.83,0.4,0.37,2026-10-05,1208,N,VIIRS,n,2.0NRT,308.47,4.48,D
-17.03655,22.32528,341.69,0.43,0.38,2026-10-05,1208,N,VIIRS,l,2.0NRT,316.47,5.02,D
-17.03583,23.27045,339.54,0.4,0.37,2026-10-05,1208,N,VIIRS,n,2.0NRT,309.34,7.97,D
-16.99874,29.01212,332.56,0.5,0.41,2026-10-05,1208,N,VIIRS,l,2.0NRT,304.02,2.59,D
-16.99498,29.01143,330.52,0.5,0.41,2026-10-05,1208,N,VIIRS,l,2.0NRT,304.61,2.59,D
-16.9918,29.16257,337.2,0.51,0.41,2026-10-05,1208,N,VIIRS,n,2.0NRT,296.91,4.43,D
-16.94926,27.46781,333,0.43,0.38,2026-10-05,1208,N,VIIRS,n,2.0NRT,300.77,1.7,D
-16.91268,22.43972,349.73,0.43,0.38,2026-10-05,1208,N,VIIRS,n,2.0NRT,311.74,14.24,D
-16.90264,21.99662,342.13,0.45,0.39,2026-10-05,1208,N,VIIRS,l,2.0NRT,314.22,6.34,D
-16.89906,21.99608,346.46,0.45,0.39,2026-10-05,1208,N,VIIRS,n,2.0NRT,313.21,5.72,D
-16.89848,22.00029,345.67,0.45,0.39,2026-10-05,1208,N,VIIRS,n,2.0NRT,314.57,5.72,D
-16.89281,27.45729,330.1,0.43,0.38,2026-10-05,1208,N,VIIRS,l,2.0NRT,300.24,4.6,D
-16.88132,28.3105,341.63,0.47,0.39,2026-10-05,1208,N,VIIRS,n,2.0NRT,304.58,7.12,D
-16.86844,22.32115,342.71,0.43,0.38,2026-10-05,1208,N,VIIRS,l,2.0NRT,315.57,6.27,D
-16.86637,27.37798,340.26,0.43,0.38,2026-10-05,1208,N,VIIRS,n,2.0NRT,305.13,4.03,D
-16.85002,22.89939,339.09,0.41,0.37,2026-10-05,1208,N,VIIRS,l,2.0NRT,312.07,6.96,D
-16.84945,22.90328,356.4,0.41,0.37,2026-10-05,1208,N,VIIRS,n,2.0NRT,314.77,11.9,D
-16.83366,24.03485,337.59,0.39,0.36,2026-10-05,1208,N,VIIRS,l,2.0NRT,308.98,4.56,D
-16.83032,24.03431,342.56,0.39,0.36,2026-10-05,1208,N,VIIRS,n,2.0NRT,310.11,10.55,D
-16.81939,22.2859,339.33,0.43,0.38,2026-10-05,1208,N,VIIRS,n,2.0NRT,313.87,2.75,D
-16.81286,29.14735,342.29,0.51,0.41,2026-10-05,1208,N,VIIRS,n,2.0NRT,304.48,4.59,D
-16.81251,22.84188,343.43,0.42,0.37,2026-10-05,1208,N,VIIRS,l,2.0NRT,313.77,20.91,D
-16.80906,22.84134,336.36,0.42,0.37,2026-10-05,1208,N,VIIRS,l,2.0NRT,307.46,4.37,D
-16.80904,29.14676,332.91,0.51,0.41,2026-10-05,1208,N,VIIRS,l,2.0NRT,303.57,4.59,D
-16.80708,29.06806,337.11,0.51,0.41,2026-10-05,1208,N,VIIRS,n,2.0NRT,304.36,3.77,D
-16.7772,22.14953,342.98,0.44,0.38,2026-10-05,1208,N,VIIRS,l,2.0NRT,314.39,4.82,D
-16.7595,26.53568,339.09,0.4,0.37,2026-10-05,1208,N,VIIRS,n,2.0NRT,307.19,13.02,D
-16.74612,27.05076,334.81,0.42,0.37,2026-10-05,1208,N,VIIRS,l,2.0NRT,305.79,5.41,D
-16.74182,22.87565,344.67,0.41,0.37,2026-10-05,1208,N,VIIRS,n,2.0NRT,311.47,7.42,D
-16.73882,27.42956,336.69,0.43,0.38,2026-10-05,1208,N,VIIRS,n,2.0NRT,306.36,5.07,D
-16.73398,27.437,340.18,0.43,0.38,2026-10-05,1208,N,VIIRS,n,2.0NRT,308.64,6.36,D
-16.73082,23.59521,338.58,0.4,0.37,2026-10-05,1208,N,VIIRS,n,2.0NRT,307.56,2.46,D
-16.73027,23.59893,352.08,0.4,0.37,2026-10-05,1208,N,VIIRS,n,2.0NRT,309.82,7.99,D
-16.72972,23.60265,348.14,0.4,0.37,2026-10-05,1208,N,VIIRS,n,2.0NRT,310.4,7.99,D
-16.7269,23.5984,343.18,0.4,0.37,2026-10-05,1208,N,VIIRS,n,2.0NRT,309.41,3.58,D
-16.72635,23.60212,335.21,0.4,0.37,2026-10-05,1208,N,VIIRS,l,2.0NRT,309.58,3.58,D
-16.71526,29.13186,336.61,0.52,0.41,2026-10-05,1208,N,VIIRS,n,2.0NRT,303.25,3.53,D
-16.70387,27.42323,336.55,0.43,0.38,2026-10-05,1208,N,VIIRS,n,2.0NRT,306.16,2.96,D
-16.6993,25.12444,337.57,0.38,0.36,2026-10-05,1208,N,VIIRS,l,2.0NRT,309.31,6.46,D
-16.69874,25.12804,337.33,0.38,0.36,2026-10-05,1208,N,VIIRS,l,2.0NRT,309.48,7.1,D
-16.68297,26.44841,336.39,0.4,0.37,2026-10-05,1208,N,VIIRS,n,2.0NRT,302.12,3.18,D
-16.6811,29.26061,348.66,0.52,0.42,2026-10-05,1208,N,VIIRS,n,2.0NRT,302.33,7.12,D
-16.6783,25.01755,333.91,0.38,0.36,2026-10-05,1208,N,VIIRS,l,2.0NRT,305.13,4.03,D
-16.66542,26.68664,336.37,0.41,0.37,2026-10-05,1208,N,VIIRS,n,2.0NRT,303.91,3.38,D
-16.66481,26.69044,337.19,0.41,0.37,2026-10-05,1208,N,VIIRS,n,2.0NRT,304.39,3.38,D
-16.65454,24.19929,333.51,0.39,0.36,2026-10-05,1208,N,VIIRS,l,2.0NRT,307.44,3.08,D
-16.65309,26.43942,337.75,0.4,0.37,2026-10-05,1208,N,VIIRS,n,2.0NRT,307.4,3.25,D
-16.65175,24.19512,341.32,0.39,0.36,2026-10-05,1208,N,VIIRS,n,2.0NRT,307.13,4.05,D
-16.6497,26.43885,340.04,0.4,0.37,2026-10-05,1208,N,VIIRS,n,2.0NRT,307.44,3.25,D
-16.60059,22.02704,341.34,0.44,0.39,2026-10-05,1208,N,VIIRS,n,2.0NRT,311.87,4.33,D
-16.60001,22.0312,341.3,0.44,0.39,2026-10-05,1208,N,VIIRS,n,2.0NRT,312.76,24.64,D
-16.59645,22.03067,350.11,0.44,0.39,2026-10-05,1208,N,VIIRS,n,2.0NRT,315.67,24.64,D
-16.57166,23.70698,335.79,0.39,0.36,2026-10-05,1208,N,VIIRS,n,2.0NRT,306.79,3.18,D
-16.57011,27.55432,333.55,0.44,0.38,2026-10-05,1208,N,VIIRS,n,2.0NRT,303.25,4.05,D
-16.5695,27.55414,332.35,0.44,0.38,2026-10-05,1208,N,VIIRS,l,2.0NRT,303.06,4.59,D
-16.55007,23.76011,342.42,0.39,0.36,2026-10-05,1208,N,VIIRS,n,2.0NRT,307.12,6.21,D
-16.54617,23.76326,332.84,0.39,0.36,2026-10-05,1208,N,VIIRS,l,2.0NRT,303.26,4.16,D
-16.51483,26.55934,338.14,0.41,0.37,2026-10-05,1208,N,VIIRS,l,2.0NRT,309.68,4.43,D
-16.51448,26.55962,340.63,0.41,0.37,2026-10-05,1208,N,VIIRS,n,2.0NRT,309.83,4.01,D
-16.50221,26.1606,338.94,0.4,0.37,2026-10-05,1208,N,VIIRS,n,2.0NRT,309.06,2.59,D
-16.49885,26.16002,342.04,0.4,0.37,2026-10-05,1208,N,VIIRS,n,2.0NRT,307.87,2.59,D
-16.48412,24.52006,346.17,0.38,0.36,2026-10-05,1208,N,VIIRS,n,2.0NRT,311.54,5.29,D
-16.48357,24.52366,345.66,0.38,0.36,2026-10-05,1208,N,VIIRS,n,2.0NRT,311.18,5.88,D
-16.48079,24.51953,337.07,0.38,0.36,2026-10-05,1208,N,VIIRS,l,2.0NRT,310.74,3.05,D
-16.47571,22.40449,340.37,0.43,0.38,2026-10-05,1208,N,VIIRS,l,2.0NRT,313.31,9.06,D
-16.4708,24.93795,337.76,0.38,0.36,2026-10-05,1208,N,VIIRS,n,2.0NRT,309.95,2.79,D
-16.46903,24.86031,336.08,0.38,0.36,2026-10-05,1208,N,VIIRS,n,2.0NRT,302.21,4.84,D
-16.46635,23.21272,351.29,0.4,0.37,2026-10-05,1208,N,VIIRS,n,2.0NRT,311.74,6.9,D
-16.46315,22.64952,342.73,0.42,0.38,2026-10-05,1208,N,VIIRS,n,2.0NRT,309.11,3.56,D
-16.46175,22.64948,339.7,0.42,0.38,2026-10-05,1208,N,VIIRS,n,2.0NRT,306.57,2.27,D
-16.43912,26.98566,344.08,0.42,0.38,2026-10-05,1208,N,VIIRS,n,2.0NRT,307.89,20.12,D
-16.43598,26.63577,339.57,0.41,0.37,2026-10-05,1208,N,VIIRS,n,2.0NRT,309.38,5.85,D
-16.4234,22.57122,340.28,0.42,0.38,2026-10-05,1208,N,VIIRS,l,2.0NRT,313.93,7.46,D
-16.41704,24.82612,332.47,0.38,0.36,2026-10-05,1208,N,VIIRS,l,2.0NRT,305.61,2.51,D
-16.40916,28.16513,340.22,0.47,0.39,2026-10-05,1208,N,VIIRS,n,2.0NRT,304.16,4.04,D
-16.40447,22.09583,333.46,0.44,0.38,2026-10-05,1208,N,VIIRS,n,2.0NRT,303.69,2.58,D
-16.40092,27.65681,337.63,0.44,0.39,2026-10-05,1208,N,VIIRS,n,2.0NRT,304.66,3.01,D
-16.39744,27.67767,336.62,0.44,0.39,2026-10-05,1208,N,VIIRS,n,2.0NRT,306.23,9.15,D
-16.39674,27.68183,343.52,0.44,0.39,2026-10-05,1208,N,VIIRS,n,2.0NRT,310.52,9.15,D
-16.39176,23.98563,340.93,0.39,0.36,2026-10-05,1208,N,VIIRS,l,2.0NRT,311.46,7.51,D
-16.38921,23.91054,340.08,0.39,0.36,2026-10-05,1208,N,VIIRS,n,2.0NRT,309.71,3.08,D
-16.38848,23.62451,343.32,0.39,0.36,2026-10-05,1208,N,VIIRS,n,2.0NRT,309.42,3.54,D
-16.3776,26.06676,336.92,0.4,0.37,2026-10-05,1208,N,VIIRS,l,2.0NRT,308.98,2.51,D
-16.37674,26.06618,338.72,0.4,0.37,2026-10-05,1208,N,VIIRS,l,2.0NRT,309.04,3.08,D
-16.35226,22.1591,340.74,0.44,0.38,2026-10-05,1208,N,VIIRS,l,2.0NRT,312.26,8.13,D
-16.35123,22.68056,341.52,0.42,0.37,2026-10-05,1208,N,VIIRS,l,2.0NRT,315,5.93,D
-16.34731,24.48621,332.39,0.38,0.36,2026-10-05,1208,N,VIIRS,l,2.0NRT,305.04,1.59,D
-16.34558,29.24959,336.46,0.53,0.42,2026-10-05,1208,N,VIIRS,n,2.0NRT,300.7,7.96,D
-16.34454,24.48207,341.48,0.38,0.36,2026-10-05,1208,N,VIIRS,n,2.0NRT,308.12,5.62,D
-16.34121,24.48153,351.86,0.38,0.36,2026-10-05,1208,N,VIIRS,n,2.0NRT,308.64,5.62,D
-16.32478,25.35706,341.08,0.39,0.36,2026-10-05,1208,N,VIIRS,n,2.0NRT,307.89,4.99,D
-16.32108,26.28579,334.05,0.4,0.37,2026-10-05,1208,N,VIIRS,l,2.0NRT,307.92,3.14,D
-16.30543,27.73469,336.81,0.45,0.39,2026-10-05,1208,N,VIIRS,n,2.0NRT,306.14,5.88,D
-16.30361,22.65341,338.11,0.42,0.37,2026-10-05,1208,N,VIIRS,l,2.0NRT,309.27,4.07,D
-16.30272,22.3335,340.23,0.43,0.38,2026-10-05,1208,N,VIIRS,l,2.0NRT,314.27,14.92,D
-16.30016,22.65287,338.67,0.42,0.37,2026-10-05,1208,N,VIIRS,l,2.0NRT,310.97,4.07,D
-16.29487,22.38957,339.12,0.43,0.38,2026-10-05,1208,N,VIIRS,l,2.0NRT,311.53,5.91,D
-16.28355,22.29066,338.75,0.43,0.38,2026-10-05,1208,N,VIIRS,l,2.0NRT,312.17,5.42,D
-16.27694,22.21127,346.71,0.43,0.38,2026-10-05,1208,N,VIIRS,n,2.0NRT,311.96,11.53,D
-16.27343,22.21074,347.5,0.43,0.38,2026-10-05,1208,N,VIIRS,n,2.0NRT,312.17,9.92,D
-16.26667,27.85686,341.02,0.45,0.39,2026-10-05,1208,N,VIIRS,n,2.0NRT,306.47,4.61,D
-16.26597,27.86104,336.6,0.45,0.39,2026-10-05,1208,N,VIIRS,n,2.0NRT,306.22,1.25,D
-16.25896,23.34919,341.01,0.4,0.37,2026-10-05,1208,N,VIIRS,l,2.0NRT,312.2,3.37,D
-16.2522,23.56104,337.44,0.39,0.37,2026-10-05,1208,N,VIIRS,n,2.0NRT,308.89,4.05,D
-16.25143,24.69483,336.66,0.38,0.36,2026-10-05,1208,N,VIIRS,l,2.0NRT,311.26,5.67,D
-16.23928,26.09641,351.83,0.4,0.37,2026-10-05,1208,N,VIIRS,n,2.0NRT,311.91,6.8,D
-16.21813,24.62314,339.87,0.38,0.36,2026-10-05,1208,N,VIIRS,n,2.0NRT,309.81,4.91,D
-16.21758,24.62673,342.6,0.38,0.36,2026-10-05,1208,N,VIIRS,n,2.0NRT,308.8,5.89,D
-16.20994,26.75804,338.48,0.41,0.37,2026-10-05,1208,N,VIIRS,n,2.0NRT,307.35,1.87,D
-16.17607,26.05903,344.54,0.4,0.37,2026-10-05,1208,N,VIIRS,n,2.0NRT,311.48,8.75,D
-16.17508,22.74989,339.82,0.41,0.37,2026-10-05,1208,N,VIIRS,l,2.0NRT,309.85,2.47,D
-16.17389,26.05105,336.5,0.4,0.37,2026-10-05,1208,N,VIIRS,l,2.0NRT,310.78,3.55,D
-16.17329,26.05475,342.43,0.4,0.37,2026-10-05,1208,N,VIIRS,n,2.0NRT,312.26,6.26,D
-16.1727,26.05845,345.21,0.4,0.37,2026-10-05,1208,N,VIIRS,n,2.0NRT,312.82,6.26,D
-16.17108,22.75323,337.34,0.41,0.37,2026-10-05,1208,N,VIIRS,l,2.0NRT,307.76,5.83,D
-16.16874,26.06158,338.84,0.4,0.37,2026-10-05,1208,N,VIIRS,l,2.0NRT,309.01,3.36,D
-16.16537,26.061,338.45,0.4,0.37,2026-10-05,1208,N,VIIRS,l,2.0NRT,309.54,3.95,D
-16.13084,23.34078,340.93,0.4,0.37,2026-10-05,1208,N,VIIRS,l,2.0NRT,313.22,13.03,D
-16.10852,23.25697,336.26,0.4,0.37,2026-10-05,1208,N,VIIRS,l,2.0NRT,308.4,4.38,D
-16.10175,23.25591,342.54,0.4,0.37,2026-10-05,1208,N,VIIRS,n,2.0NRT,309.18,2.65,D
-16.06835,28.36592,333.88,0.48,0.4,2026-10-05,1208,N,VIIRS,l,2.0NRT,305.25,3.59,D
-16.05151,23.87438,331.34,0.39,0.36,2026-10-05,1208,N,VIIRS,l,2.0NRT,306.14,3.38,D
-16.02553,26.49473,339.93,0.41,0.37,2026-10-05,1208,N,VIIRS,n,2.0NRT,306.42,4.43,D
-16.02491,26.49852,339.62,0.41,0.37,2026-10-05,1208,N,VIIRS,n,2.0NRT,305.96,8.48,D
-16.01876,26.70976,335.17,0.41,0.37,2026-10-05,1208,N,VIIRS,n,2.0NRT,305.13,5.74,D
-16.01799,26.88902,344.12,0.42,0.38,2026-10-05,1208,N,VIIRS,n,2.0NRT,307.07,3.05,D
-16.00942,26.68046,340.15,0.41,0.37,2026-10-05,1208,N,VIIRS,n,2.0NRT,308.82,5.55,D
-15.99135,27.31722,335.94,0.43,0.38,2026-10-05,1208,N,VIIRS,l,2.0NRT,308.59,3.03,D
-15.98713,26.10229,347.08,0.4,0.37,2026-10-05,1208,N,VIIRS,n,2.0NRT,312.3,8.43,D
-15.98654,26.106,338.34,0.4,0.37,2026-10-05,1208,N,VIIRS,l,2.0NRT,311.92,6.58,D
-15.97692,24.58633,338.71,0.38,0.36,2026-10-05,1208,N,VIIRS,n,2.0NRT,308.71,6.35,D
-15.96744,27.43861,354.3,0.44,0.38,2026-10-05,1208,N,VIIRS,n,2.0NRT,311.19,6.31,D
-15.96391,27.438,337.31,0.44,0.38,2026-10-05,1208,N,VIIRS,l,2.0NRT,308.48,6.31,D
-15.95712,28.38388,335.81,0.48,0.4,2026-10-05,1208,N,VIIRS,n,2.0NRT,304.8,3.52,D
-15.9466,27.75925,337.78,0.45,0.39,2026-10-05,1208,N,VIIRS,n,2.0NRT,305.96,3.3,D
-15.94078,24.58419,335.65,0.38,0.36,2026-10-05,1208,N,VIIRS,l,2.0NRT,309.35,2.34,D
-15.92662,27.8123,337.21,0.45,0.39,2026-10-05,1208,N,VIIRS,n,2.0NRT,307.57,2.66,D
-15.92303,27.81164,333.42,0.45,0.39,2026-10-05,1208,N,VIIRS,l,2.0NRT,306.46,2.66,D
-15.91371,27.82308,339.98,0.46,0.39,2026-10-05,1208,N,VIIRS,n,2.0NRT,307.77,5.36,D
-15.79974,28.44569,337.48,0.49,0.4,2026-10-05,1208,N,VIIRS,n,2.0NRT,300.15,4.38,D
-15.79676,27.0326,342.28,0.42,0.38,2026-10-05,1208,N,VIIRS,l,2.0NRT,316.21,28.64,D
-15.79665,25.36319,341.41,0.39,0.36,2026-10-05,1208,N,VIIRS,n,2.0NRT,310.53,6.85,D
-15.79611,27.03656,339.34,0.42,0.38,2026-10-05,1208,N,VIIRS,n,2.0NRT,305.33,28.64,D
-15.79263,27.03595,357.02,0.42,0.38,2026-10-05,1208,N,VIIRS,n,2.0NRT,311.43,28.64,D
-15.78849,27.0393,348.15,0.42,0.38,2026-10-05,1208,N,VIIRS,n,2.0NRT,310.15,13.71,D
-15.7877,27.03916,353.06,0.43,0.38,2026-10-05,1208,N,VIIRS,n,2.0NRT,309.43,9.11,D
-15.78501,27.0387,342.07,0.42,0.38,2026-10-05,1208,N,VIIRS,n,2.0NRT,309.61,13.71,D
-15.78422,27.03855,336.99,0.43,0.38,2026-10-05,1208,N,VIIRS,l,2.0NRT,309.14,9.11,D
-15.78358,27.04252,334.65,0.43,0.38,2026-10-05,1208,N,VIIRS,n,2.0NRT,303.11,9.11,D
-15.7801,27.04191,337.35,0.43,0.38,2026-10-05,1208,N,VIIRS,n,2.0NRT,304.58,4.45,D
-15.77662,27.0413,343.07,0.43,0.38,2026-10-05,1208,N,VIIRS,n,2.0NRT,300.66,4.45,D
-15.77533,27.04923,337.31,0.43,0.38,2026-10-05,1208,N,VIIRS,n,2.0NRT,302.43,5.06,D
-15.77508,27.0288,333.94,0.42,0.38,2026-10-05,1208,N,VIIRS,n,2.0NRT,301.51,4.43,D
-15.77185,27.04862,343.05,0.43,0.38,2026-10-05,1208,N,VIIRS,n,2.0NRT,304.09,4.65,D
-15.77031,27.03612,337.29,0.43,0.38,2026-10-05,1208,N,VIIRS,n,2.0NRT,298.81,6.11,D
-15.76837,27.04802,333.98,0.43,0.38,2026-10-05,1208,N,VIIRS,n,2.0NRT,293.35,4.65,D
-15.75243,26.17251,351.18,0.4,0.37,2026-10-05,1208,N,VIIRS,n,2.0NRT,310.69,8.03,D
-15.74916,26.94712,338.44,0.42,0.38,2026-10-05,1208,N,VIIRS,n,2.0NRT,308.48,3.17,D
-15.74844,26.17566,341.01,0.4,0.37,2026-10-05,1208,N,VIIRS,l,2.0NRT,311.01,5.78,D
-15.74569,26.94652,342.27,0.42,0.38,2026-10-05,1208,N,VIIRS,n,2.0NRT,307.3,5.01,D
-15.74386,26.18256,342.2,0.4,0.37,2026-10-05,1208,N,VIIRS,n,2.0NRT,310.83,5.25,D
-15.72047,27.12151,336.77,0.43,0.38,2026-10-05,1208,N,VIIRS,n,2.0NRT,300.77,4.27,D
-15.70062,26.93867,348.09,0.42,0.38,2026-10-05,1208,N,VIIRS,n,2.0NRT,310.08,7.39,D
-15.69355,26.21269,356.27,0.4,0.37,2026-10-05,1208,N,VIIRS,n,2.0NRT,309.14,10.63,D
-15.69323,26.96168,346.32,0.42,0.38,2026-10-05,1208,N,VIIRS,n,2.0NRT,312.16,9.5,D
-15.69187,26.96152,342.62,0.42,0.38,2026-10-05,1208,N,VIIRS,n,2.0NRT,311.6,10.05,D
-15.69016,26.21211,340.64,0.4,0.37,2026-10-05,1208,N,VIIRS,n,2.0NRT,309.01,3.32,D
-15.68956,26.21587,347.91,0.4,0.37,2026-10-05,1208,N,VIIRS,n,2.0NRT,309.95,9.83,D
-15.67601,26.21354,342.36,0.4,0.37,2026-10-05,1208,N,VIIRS,n,2.0NRT,310,16.55,D
-15.67542,26.97488,350.39,0.42,0.38,2026-10-05,1208,N,VIIRS,n,2.0NRT,312.61,42.89,D
-15.67528,28.21647,339.55,0.48,0.4,2026-10-05,1208,N,VIIRS,n,2.0NRT,307.72,3.61,D
-15.67262,26.21296,338,0.4,0.37,2026-10-05,1208,N,VIIRS,n,2.0NRT,307.47,16.55,D
-15.66887,26.9494,355.89,0.42,0.38,2026-10-05,1208,N,VIIRS,n,2.0NRT,313.47,24,D
-15.66729,28.40879,349.24,0.49,0.4,2026-10-05,1208,N,VIIRS,n,2.0NRT,300.9,11.99,D
-15.66549,28.40987,349.91,0.49,0.4,2026-10-05,1208,N,VIIRS,n,2.0NRT,301.44,10.11,D
-15.65314,28.50589,337.76,0.49,0.41,2026-10-05,1208,N,VIIRS,n,2.0NRT,299.72,3.13,D
-15.65178,28.22121,335.02,0.48,0.4,2026-10-05,1208,N,VIIRS,n,2.0NRT,304.79,1.52,D
-15.64986,28.5086,341.03,0.49,0.41,2026-10-05,1208,N,VIIRS,n,2.0NRT,300.34,9.07,D
-15.64941,28.50519,332.65,0.49,0.41,2026-10-05,1208,N,VIIRS,n,2.0NRT,298.3,3.13,D
-15.61501,28.32535,339.23,0.48,0.4,2026-10-05,1208,N,VIIRS,n,2.0NRT,295.62,3.72,D
-15.60471,28.5644,344.48,0.5,0.41,2026-10-05,1208,N,VIIRS,n,2.0NRT,293.67,3.25,D
-15.60098,28.56363,334.18,0.5,0.41,2026-10-05,1208,N,VIIRS,n,2.0NRT,293.38,3.25,D
-15.60017,28.56833,333.98,0.5,0.41,2026-10-05,1208,N,VIIRS,n,2.0NRT,293.17,5.01,D
-15.52283,27.00603,338.95,0.43,0.38,2026-10-05,1208,N,VIIRS,l,2.0NRT,310.35,6.63,D
-15.40858,27.71555,338.93,0.46,0.39,2026-10-05,1208,N,VIIRS,l,2.0NRT,309.41,5.63,D
-16.13686,22.4604,349.29,0.42,0.38,2026-10-05,1210,N,VIIRS,n,2.0NRT,312.93,10.47,D
-16.08658,22.03377,339.29,0.44,0.38,2026-10-05,1210,N,VIIRS,l,2.0NRT,313.26,6.37,D
-16.03388,22.45295,348.38,0.42,0.38,2026-10-05,1210,N,VIIRS,n,2.0NRT,315.31,40.48,D
-16.02177,22.16129,343.71,0.43,0.38,2026-10-05,1210,N,VIIRS,l,2.0NRT,315.52,16.07,D
-16.013,22.04361,340.33,0.44,0.38,2026-10-05,1210,N,VIIRS,l,2.0NRT,311.97,4.38,D
-16.00197,22.07117,349.99,0.44,0.38,2026-10-05,1210,N,VIIRS,n,2.0NRT,315.63,8.18,D
-16.00196,22.07178,347.63,0.44,0.38,2026-10-05,1210,N,VIIRS,l,2.0NRT,315.12,7.98,D
-15.98923,22.31644,337.05,0.43,0.38,2026-10-05,1210,N,VIIRS,l,2.0NRT,311.36,3.98,D
-15.94924,23.46397,341.11,0.4,0.37,2026-10-05,1210,N,VIIRS,n,2.0NRT,308.24,5.7,D
-15.86375,23.24127,334.15,0.4,0.37,2026-10-05,1210,N,VIIRS,n,2.0NRT,304.28,1.87,D
-15.86037,23.24074,341.33,0.4,0.37,2026-10-05,1210,N,VIIRS,n,2.0NRT,310.13,3.25,D
-15.80928,23.56587,330.46,0.39,0.36,2026-10-05,1210,N,VIIRS,n,2.0NRT,303.34,2.18,D
-15.79615,22.30874,343.26,0.43,0.38,2026-10-05,1210,N,VIIRS,l,2.0NRT,312.42,8.72,D
-15.76704,23.23368,337.48,0.4,0.37,2026-10-05,1210,N,VIIRS,n,2.0NRT,306.57,4.26,D
-15.76292,24.21968,336.78,0.39,0.36,2026-10-05,1210,N,VIIRS,n,2.0NRT,303.95,4.91,D
-15.76237,24.22327,343.96,0.39,0.36,2026-10-05,1210,N,VIIRS,n,2.0NRT,307.22,4.91,D
-15.75959,24.21914,341.22,0.39,0.36,2026-10-05,1210,N,VIIRS,n,2.0NRT,306.95,4.91,D
-15.74391,22.34173,336.05,0.42,0.38,2026-10-05,1210,N,VIIRS,l,2.0NRT,309.51,1.62,D
-15.73759,23.14915,348.34,0.4,0.37,2026-10-05,1210,N,VIIRS,n,2.0NRT,307.14,8,D
-15.72624,22.74868,334.96,0.41,0.37,2026-10-05,1210,N,VIIRS,l,2.0NRT,306.24,2.42,D
-15.70201,22.16033,340.56,0.43,0.38,2026-10-05,1210,N,VIIRS,l,2.0NRT,313.21,6.56,D
-15.69593,23.05445,339,0.4,0.37,2026-10-05,1210,N,VIIRS,n,2.0NRT,306.47,2.25,D
-15.69158,24.46548,335.18,0.38,0.36,2026-10-05,1210,N,VIIRS,n,2.0NRT,293.24,2.99,D
-15.68826,24.46494,346.63,0.38,0.36,2026-10-05,1210,N,VIIRS,n,2.0NRT,294.26,2.99,D
-15.66833,23.07706,334.45,0.4,0.37,2026-10-05,1210,N,VIIRS,n,2.0NRT,305.23,1.6,D
-15.66723,24.9129,343.71,0.38,0.36,2026-10-05,1210,N,VIIRS,n,2.0NRT,312.13,12.26,D
-15.6663,23.01911,336.11,0.4,0.37,2026-10-05,1210,N,VIIRS,l,2.0NRT,307.79,3.57,D
-15.66554,24.03398,338.24,0.39,0.36,2026-10-05,1210,N,VIIRS,l,2.0NRT,310.24,4.5,D
-15.66493,23.07653,341.43,0.4,0.37,2026-10-05,1210,N,VIIRS,n,2.0NRT,307.45,1.6,D
-15.66154,23.076,349.44,0.4,0.37,2026-10-05,1210,N,VIIRS,n,2.0NRT,309.25,6.6,D
-15.66121,22.27249,351.07,0.43,0.38,2026-10-05,1210,N,VIIRS,n,2.0NRT,314.27,5.98,D
-15.65814,23.07547,342.62,0.4,0.37,2026-10-05,1210,N,VIIRS,n,2.0NRT,310.2,6.6,D
-15.65772,22.27197,349.31,0.43,0.38,2026-10-05,1210,N,VIIRS,l,2.0NRT,314.26,5.98,D
-15.65475,23.07494,331.93,0.4,0.37,2026-10-05,1210,N,VIIRS,l,2.0NRT,304.63,1.77,D
-15.63574,22.96435,336.9,0.4,0.37,2026-10-05,1210,N,VIIRS,l,2.0NRT,308.93,2.61,D
-15.62011,22.66182,334.36,0.41,0.37,2026-10-05,1210,N,VIIRS,n,2.0NRT,306.56,5.3,D
-15.55158,24.8494,333.49,0.38,0.36,2026-10-05,1210,N,VIIRS,l,2.0NRT,304.65,3.24,D
-15.53775,24.8508,350.14,0.38,0.36,2026-10-05,1210,N,VIIRS,n,2.0NRT,304.75,8.94,D
-15.52901,26.7088,335.67,0.42,0.37,2026-10-05,1210,N,VIIRS,n,2.0NRT,305.53,3.35,D
-15.52493,26.71208,354.62,0.42,0.37,2026-10-05,1210,N,VIIRS,n,2.0NRT,307.42,8.99,D
-15.49415,25.69185,339.96,0.39,0.36,2026-10-05,1210,N,VIIRS,n,2.0NRT,301,3.59,D
-15.47234,24.79594,346.73,0.38,0.36,2026-10-05,1210,N,VIIRS,n,2.0NRT,311.57,4.19,D
-15.47179,24.79951,340.14,0.38,0.36,2026-10-05,1210,N,VIIRS,l,2.0NRT,311.99,4.19,D
-15.4688,22.72489,340.12,0.41,0.37,2026-10-05,1210,N,VIIRS,n,2.0NRT,311.69,4.91,D
-15.45075,25.75941,338.48,0.39,0.36,2026-10-05,1210,N,VIIRS,l,2.0NRT,308.88,5.39,D
-15.44797,25.75517,338.27,0.39,0.36,2026-10-05,1210,N,VIIRS,l,2.0NRT,308.88,5.39,D
-15.40851,24.55051,345.96,0.38,0.36,2026-10-05,1210,N,VIIRS,n,2.0NRT,311.27,17.61,D
-15.40016,22.59278,347.7,0.41,0.37,2026-10-05,1210,N,VIIRS,n,2.0NRT,306.84,22.67,D
-15.39672,22.59225,347.42,0.41,0.37,2026-10-05,1210,N,VIIRS,n,2.0NRT,306.66,22.67,D
-15.3894,22.08552,353.11,0.43,0.38,2026-10-05,1210,N,VIIRS,n,2.0NRT,319.14,29.85,D
-15.3859,22.08499,350.83,0.43,0.38,2026-10-05,1210,N,VIIRS,l,2.0NRT,315.11,15.1,D
-15.38183,22.08847,339.41,0.43,0.38,2026-10-05,1210,N,VIIRS,l,2.0NRT,311.7,6.81,D
-15.38108,23.72494,347.97,0.39,0.36,2026-10-05,1210,N,VIIRS,n,2.0NRT,310.69,6.67,D
-15.34663,27.48052,355.84,0.45,0.39,2026-10-05,1210,N,VIIRS,n,2.0NRT,314.14,16.72,D
-15.34336,24.37514,342.19,0.38,0.36,2026-10-05,1210,N,VIIRS,n,2.0NRT,311.66,5.68,D
-15.34308,27.47989,353.3,0.45,0.39,2026-10-05,1210,N,VIIRS,n,2.0NRT,309.4,16.72,D
-15.3416,26.44685,335.5,0.41,0.37,2026-10-05,1210,N,VIIRS,n,2.0NRT,305.42,1.85,D
-15.32157,24.32333,342.41,0.38,0.36,2026-10-05,1210,N,VIIRS,l,2.0NRT,313.65,5.03,D
-15.31734,26.87282,330.46,0.42,0.38,2026-10-05,1210,N,VIIRS,l,2.0NRT,304.43,3.24,D
-15.31669,26.87677,336.7,0.42,0.38,2026-10-05,1210,N,VIIRS,n,2.0NRT,303.26,1.67,D
-15.31116,25.22512,340.32,0.39,0.36,2026-10-05,1210,N,VIIRS,n,2.0NRT,310.28,5.01,D
-15.3106,25.22873,335.97,0.39,0.36,2026-10-05,1210,N,VIIRS,l,2.0NRT,308.89,5.01,D
-15.31019,25.94401,330.65,0.4,0.37,2026-10-05,1210,N,VIIRS,n,2.0NRT,305.31,14.75,D
-15.30986,24.28845,345.97,0.38,0.36,2026-10-05,1210,N,VIIRS,n,2.0NRT,310.92,3.32,D
-15.30961,25.94772,349.45,0.4,0.37,2026-10-05,1210,N,VIIRS,n,2.0NRT,311.11,14.75,D
-15.30902,25.95143,340.93,0.4,0.37,2026-10-05,1210,N,VIIRS,n,2.0NRT,312.42,32.21,D
-15.30895,25.21737,339.69,0.39,0.36,2026-10-05,1210,N,VIIRS,l,2.0NRT,311.41,4.8,D
-15.30839,25.22097,342.18,0.39,0.36,2026-10-05,1210,N,VIIRS,n,2.0NRT,311.74,4.8,D
-15.30727,25.22817,346.63,0.39,0.36,2026-10-05,1210,N,VIIRS,n,2.0NRT,311.12,5.01,D
-15.30623,25.94715,367,0.4,0.37,2026-10-05,1210,N,VIIRS,h,2.0NRT,313.2,13.1,D
-15.30564,25.95086,353.16,0.4,0.37,2026-10-05,1210,N,VIIRS,n,2.0NRT,303.36,15.54,D
-15.30506,25.22042,341.09,0.39,0.36,2026-10-05,1210,N,VIIRS,n,2.0NRT,310.77,3.2,D
-15.30394,25.22762,344.48,0.39,0.36,2026-10-05,1210,N,VIIRS,n,2.0NRT,312.15,8.27,D
-15.30286,25.94657,336.86,0.4,0.37,2026-10-05,1210,N,VIIRS,n,2.0NRT,303.25,13.1,D
-15.30227,25.95028,353.72,0.4,0.37,2026-10-05,1210,N,VIIRS,n,2.0NRT,312.57,15.54,D
-15.3006,25.22707,342.69,0.39,0.36,2026-10-05,1210,N,VIIRS,n,2.0NRT,310.93,8.27,D
-15.29943,22.9078,347.53,0.4,0.37,2026-10-05,1210,N,VIIRS,n,2.0NRT,307.81,8.84,D
-15.29808,24.23154,344.53,0.38,0.36,2026-10-05,1210,N,VIIRS,n,2.0NRT,314.19,9.8,D
-15.29475,24.23101,339.47,0.38,0.36,2026-10-05,1210,N,VIIRS,l,2.0NRT,310.22,6.68,D
-15.29193,23.82527,342.1,0.39,0.36,2026-10-05,1210,N,VIIRS,n,2.0NRT,305.34,4.86,D
-15.28912,24.20075,342.83,0.38,0.36,2026-10-05,1210,N,VIIRS,l,2.0NRT,315.64,8.97,D
-15.28859,23.82474,346.37,0.39,0.36,2026-10-05,1210,N,VIIRS,n,2.0NRT,305.19,4.04,D
-15.2858,24.20022,343.75,0.38,0.36,2026-10-05,1210,N,VIIRS,n,2.0NRT,310.73,5.81,D
-15.27397,24.14326,345.45,0.39,0.36,2026-10-05,1210,N,VIIRS,n,2.0NRT,311.84,4.64,D
-15.26207,23.02091,342.58,0.4,0.37,2026-10-05,1210,N,VIIRS,n,2.0NRT,302.72,4.1,D
-15.25922,23.01665,338.06,0.4,0.37,2026-10-05,1210,N,VIIRS,n,2.0NRT,305.7,7.1,D
-15.25867,23.02038,347.09,0.4,0.37,2026-10-05,1210,N,VIIRS,n,2.0NRT,305.61,7.1,D
-15.25528,23.01986,337.69,0.4,0.37,2026-10-05,1210,N,VIIRS,n,2.0NRT,303.65,7.1,D
-15.25502,26.98396,337.95,0.43,0.38,2026-10-05,1210,N,VIIRS,n,2.0NRT,304.57,5.59,D
-15.25443,24.47362,352.32,0.38,0.36,2026-10-05,1210,N,VIIRS,n,2.0NRT,306.59,5.2,D
-15.25253,26.9833,348.3,0.43,0.38,2026-10-05,1210,N,VIIRS,n,2.0NRT,305.66,8.22,D
-15.25244,23.01559,339.38,0.4,0.37,2026-10-05,1210,N,VIIRS,n,2.0NRT,303.54,3.39,D
-15.25189,26.98715,340.64,0.43,0.38,2026-10-05,1210,N,VIIRS,n,2.0NRT,305.88,5.8,D
-15.25152,26.98343,346.69,0.43,0.38,2026-10-05,1210,N,VIIRS,n,2.0NRT,305.09,5.59,D
-15.25089,26.9873,337.27,0.43,0.38,2026-10-05,1210,N,VIIRS,n,2.0NRT,304.76,3.96,D
-15.24911,25.38146,337.36,0.39,0.36,2026-10-05,1210,N,VIIRS,n,2.0NRT,306.97,3.5,D
-15.24802,26.98292,332.4,0.43,0.38,2026-10-05,1210,N,VIIRS,l,2.0NRT,305.56,5.13,D
-15.24739,26.98682,336.03,0.43,0.38,2026-10-05,1210,N,VIIRS,n,2.0NRT,305.17,4.03,D
-15.24388,26.98631,345.69,0.43,0.38,2026-10-05,1210,N,VIIRS,n,2.0NRT,306.23,4.03,D
-15.24103,26.98181,332.13,0.43,0.38,2026-10-05,1210,N,VIIRS,l,2.0NRT,304.97,2.65,D
-15.24092,25.32447,341,0.39,0.36,2026-10-05,1210,N,VIIRS,n,2.0NRT,309.67,14.05,D
-15.24039,26.98575,332.82,0.43,0.38,2026-10-05,1210,N,VIIRS,l,2.0NRT,304.83,3.57,D
-15.24036,25.32808,338.73,0.39,0.36,2026-10-05,1210,N,VIIRS,n,2.0NRT,305.08,14.05,D
-15.23979,25.33169,348.22,0.39,0.36,2026-10-05,1210,N,VIIRS,n,2.0NRT,303.34,5.91,D
-15.23916,25.35753,337.9,0.39,0.36,2026-10-05,1210,N,VIIRS,l,2.0NRT,309.66,5.84,D
-15.23816,25.3203,336.17,0.39,0.36,2026-10-05,1210,N,VIIRS,l,2.0NRT,310.67,5.96,D
-15.23759,25.32392,353.74,0.39,0.36,2026-10-05,1210,N,VIIRS,n,2.0NRT,320.39,14.05,D
-15.23082,27.00043,334.85,0.43,0.38,2026-10-05,1210,N,VIIRS,l,2.0NRT,308.33,4.83,D
-15.2277,24.4066,339.45,0.38,0.36,2026-10-05,1210,N,VIIRS,n,2.0NRT,311.49,4.13,D
-15.22657,22.51976,336.74,0.41,0.37,2026-10-05,1210,N,VIIRS,n,2.0NRT,304.9,2.12,D
-15.22634,23.19416,330.54,0.4,0.37,2026-10-05,1210,N,VIIRS,n,2.0NRT,297.39,1.49,D
-15.19461,26.29673,343.57,0.41,0.37,2026-10-05,1210,N,VIIRS,n,2.0NRT,310.88,15.18,D
-15.1828,23.01307,341,0.4,0.37,2026-10-05,1210,N,VIIRS,n,2.0NRT,305.54,6.24,D
-15.17573,24.21141,341,0.38,0.36,2026-10-05,1210,N,VIIRS,n,2.0NRT,307.75,5.25,D
-15.17053,27.51378,335.49,0.45,0.39,2026-10-05,1210,N,VIIRS,n,2.0NRT,305.32,1.42,D
-15.15247,26.79624,335.68,0.42,0.38,2026-10-05,1210,N,VIIRS,n,2.0NRT,304.89,2.93,D
-15.15197,27.60132,336.22,0.45,0.39,2026-10-05,1210,N,VIIRS,l,2.0NRT,308.97,3.76,D
-15.15031,27.60178,336.3,0.45,0.39,2026-10-05,1210,N,VIIRS,l,2.0NRT,307.33,2.96,D
-15.14927,24.45245,335.16,0.38,0.36,2026-10-05,1210,N,VIIRS,l,2.0NRT,309.2,3.78,D
-15.14836,26.97792,340.63,0.43,0.38,2026-10-05,1210,N,VIIRS,n,2.0NRT,306.57,4.28,D
-15.14791,26.97847,335.14,0.43,0.38,2026-10-05,1210,N,VIIRS,l,2.0NRT,305.78,4.24,D
-15.14595,24.45191,340.1,0.38,0.36,2026-10-05,1210,N,VIIRS,l,2.0NRT,311,8.08,D
-15.12834,23.94608,337.79,0.39,0.36,2026-10-05,1210,N,VIIRS,l,2.0NRT,311.7,7.19,D
-15.12556,23.94195,338,0.39,0.36,2026-10-05,1210,N,VIIRS,l,2.0NRT,311.73,4.75,D
-15.11171,24.51954,341.35,0.38,0.36,2026-10-05,1210,N,VIIRS,n,2.0NRT,312,4.33,D
-15.10469,26.24658,346.91,0.41,0.37,2026-10-05,1210,N,VIIRS,n,2.0NRT,307.92,16.38,D
-15.09986,26.42898,337.17,0.41,0.37,2026-10-05,1210,N,VIIRS,n,2.0NRT,304.99,9.37,D
-15.09924,26.4328,336.39,0.41,0.37,2026-10-05,1210,N,VIIRS,n,2.0NRT,289.09,12.61,D
-15.09848,22.87722,338.52,0.4,0.37,2026-10-05,1210,N,VIIRS,l,2.0NRT,309.56,4.6,D
-15.09644,26.42838,345.93,0.41,0.37,2026-10-05,1210,N,VIIRS,n,2.0NRT,309.43,9.37,D
-15.09582,26.4322,352.67,0.41,0.37,2026-10-05,1210,N,VIIRS,n,2.0NRT,306.77,12.61,D
-15.09021,24.57744,350.31,0.38,0.36,2026-10-05,1210,N,VIIRS,n,2.0NRT,314.09,10.65,D
-15.08478,25.39065,338.03,0.39,0.36,2026-10-05,1210,N,VIIRS,n,2.0NRT,306.99,6.64,D
-15.08238,25.26011,355.95,0.39,0.36,2026-10-05,1210,N,VIIRS,n,2.0NRT,312.59,11.31,D
-15.07131,27.31443,342.67,0.44,0.39,2026-10-05,1210,N,VIIRS,n,2.0NRT,309.98,9.65,D
-15.06777,27.3138,337.48,0.44,0.39,2026-10-05,1210,N,VIIRS,l,2.0NRT,307.54,9.65,D
-15.06309,23.54407,339.1,0.39,0.36,2026-10-05,1210,N,VIIRS,l,2.0NRT,310.54,17.25,D
-15.06028,23.53992,349.24,0.39,0.36,2026-10-05,1210,N,VIIRS,n,2.0NRT,312.34,12.03,D
-15.05194,24.5164,339.02,0.38,0.36,2026-10-05,1210,N,VIIRS,n,2.0NRT,313.2,5.51,D
-15.04324,26.96003,339.37,0.43,0.38,2026-10-05,1210,N,VIIRS,n,2.0NRT,306.43,4.26,D
-15.04238,26.9602,342.5,0.43,0.38,2026-10-05,1210,N,VIIRS,n,2.0NRT,306.54,4.16,D
-15.04021,26.64455,335.87,0.42,0.38,2026-10-05,1210,N,VIIRS,n,2.0NRT,305.5,2.99,D
-15.02991,26.59901,338.96,0.42,0.37,2026-10-05,1210,N,VIIRS,n,2.0NRT,307.55,4.76,D
-15.00475,22.89715,339.67,0.4,0.37,2026-10-05,1210,N,VIIRS,n,2.0NRT,301.8,4.79,D
-14.99998,26.39976,342.75,0.41,0.37,2026-10-05,1210,N,VIIRS,n,2.0NRT,304.3,49.98,D
-14.99922,24.06166,342.39,0.39,0.36,2026-10-05,1210,N,VIIRS,n,2.0NRT,311.65,4.81,D
-14.97589,24.94335,346.78,0.39,0.36,2026-10-05,1210,N,VIIRS,n,2.0NRT,303.96,6.89,D
-14.9542,26.99384,337.49,0.43,0.38,2026-10-05,1210,N,VIIRS,n,2.0NRT,306.31,2.96,D
-14.93355,24.12014,344.13,0.38,0.36,2026-10-05,1210,N,VIIRS,l,2.0NRT,318.93,9.06,D
-14.91008,23.7785,340.45,0.39,0.36,2026-10-05,1210,N,VIIRS,l,2.0NRT,311.69,6.14,D
-14.90729,23.77437,339.99,0.39,0.36,2026-10-05,1210,N,VIIRS,l,2.0NRT,312.76,6.99,D
-14.90675,23.77797,350.25,0.39,0.36,2026-10-05,1210,N,VIIRS,n,2.0NRT,314.83,6.14,D
-14.90341,23.77744,345.64,0.39,0.36,2026-10-05,1210,N,VIIRS,n,2.0NRT,314.48,9.16,D
-14.89486,22.86457,336.08,0.4,0.37,2026-10-05,1210,N,VIIRS,n,2.0NRT,304.83,1.22,D
-14.88258,27.77604,337.65,0.47,0.39,2026-10-05,1210,N,VIIRS,n,2.0NRT,294.35,5.86,D
-14.88009,24.70806,342.5,0.38,0.36,2026-10-05,1210,N,VIIRS,n,2.0NRT,308.57,5.92,D
-14.8681,27.3215,336.36,0.44,0.39,2026-10-05,1210,N,VIIRS,l,2.0NRT,308.73,4.92,D
-14.86316,24.51456,336.32,0.38,0.36,2026-10-05,1210,N,VIIRS,l,2.0NRT,311.04,4.25,D
-14.86175,25.02409,340.09,0.39,0.36,2026-10-05,1210,N,VIIRS,l,2.0NRT,312.19,7.54,D
-14.82935,27.51233,348.52,0.45,0.39,2026-10-05,1210,N,VIIRS,n,2.0NRT,297.63,5.95,D
-14.82507,27.51591,336.46,0.45,0.39,2026-10-05,1210,N,VIIRS,n,2.0NRT,300.33,5.95,D
-14.80085,22.45548,338.72,0.41,0.37,2026-10-05,1210,N,VIIRS,n,2.0NRT,308.64,5.68,D
-14.79287,27.07348,335.86,0.44,0.38,2026-10-05,1210,N,VIIRS,l,2.0NRT,307.35,2.18,D
-14.79269,23.39223,333.59,0.39,0.36,2026-10-05,1210,N,VIIRS,n,2.0NRT,295.04,2.21,D
-14.78624,23.00828,348.43,0.4,0.37,2026-10-05,1210,N,VIIRS,n,2.0NRT,307.17,9.72,D
-14.77559,24.20037,337.73,0.38,0.36,2026-10-05,1210,N,VIIRS,l,2.0NRT,308.5,8.42,D
-14.77012,22.69212,339.31,0.41,0.37,2026-10-05,1210,N,VIIRS,n,2.0NRT,307.42,4.57,D
-14.76921,26.75826,335.19,0.42,0.38,2026-10-05,1210,N,VIIRS,n,2.0NRT,302.19,3.05,D
-14.76574,26.75766,343.3,0.42,0.38,2026-10-05,1210,N,VIIRS,n,2.0NRT,302.88,7.44,D
-14.75829,24.6468,335.39,0.38,0.36,2026-10-05,1210,N,VIIRS,l,2.0NRT,309.62,5.37,D
-14.75692,27.22637,341.62,0.44,0.39,2026-10-05,1210,N,VIIRS,n,2.0NRT,306.85,6.1,D
-14.73715,23.67263,338.22,0.39,0.36,2026-10-05,1210,N,VIIRS,l,2.0NRT,309.03,1.43,D
-14.72332,24.5644,338.44,0.38,0.36,2026-10-05,1210,N,VIIRS,l,2.0NRT,311.59,6.42,D
-14.71997,24.54194,348.01,0.38,0.36,2026-10-05,1210,N,VIIRS,n,2.0NRT,312.13,5.4,D
-14.71943,24.5455,342.59,0.38,0.36,2026-10-05,1210,N,VIIRS,n,2.0NRT,310.94,6.66,D
-14.7174,24.359,339.16,0.38,0.36,2026-10-05,1210,N,VIIRS,l,2.0NRT,313.03,7.13,D
-14.71665,24.5414,342.45,0.38,0.36,2026-10-05,1210,N,VIIRS,l,2.0NRT,313.05,5.4,D
-14.71611,24.54497,345.03,0.38,0.36,2026-10-05,1210,N,VIIRS,n,2.0NRT,314.25,6.66,D
-14.70189,25.35542,348.86,0.39,0.36,2026-10-05,1210,N,VIIRS,n,2.0NRT,313.65,5.17,D
-14.69855,25.35487,348.68,0.39,0.36,2026-10-05,1210,N,VIIRS,n,2.0NRT,313.16,5.17,D
-14.68827,24.43824,341.03,0.38,0.36,2026-10-05,1210,N,VIIRS,l,2.0NRT,313.39,6.64,D
-14.67781,24.08901,348.73,0.38,0.36,2026-10-05,1210,N,VIIRS,n,2.0NRT,311.47,5.39,D
-14.6704,23.03922,334.89,0.4,0.37,2026-10-05,1210,N,VIIRS,n,2.0NRT,303.62,2.29,D
-14.66349,25.46819,334.05,0.39,0.36,2026-10-05,1210,N,VIIRS,n,2.0NRT,303.18,3.06,D
-14.65246,22.35429,332.18,0.42,0.37,2026-10-05,1210,N,VIIRS,n,2.0NRT,300.08,3.39,D
-14.64935,24.86687,346.7,0.39,0.36,2026-10-05,1210,N,VIIRS,n,2.0NRT,313.84,7.1,D
-14.6391,27.47106,337.73,0.45,0.39,2026-10-05,1210,N,VIIRS,n,2.0NRT,297.89,3.71,D
-14.63552,27.47044,336.15,0.45,0.39,2026-10-05,1210,N,VIIRS,n,2.0NRT,295.01,3.71,D
-14.63351,23.9137,340.16,0.39,0.36,2026-10-05,1210,N,VIIRS,n,2.0NRT,304.44,5.05,D
-14.6262,26.92519,339.8,0.43,0.38,2026-10-05,1210,N,VIIRS,n,2.0NRT,303.54,4.27,D
-14.6191,24.47383,346.42,0.38,0.36,2026-10-05,1210,N,VIIRS,n,2.0NRT,316.93,15.87,D
-14.60179,26.87284,338.96,0.43,0.38,2026-10-05,1210,N,VIIRS,n,2.0NRT,305.69,3.42,D
-14.58071,24.01507,345.28,0.39,0.36,2026-10-05,1210,N,VIIRS,n,2.0NRT,315.75,58.87,D
-14.57792,24.01097,347.79,0.39,0.36,2026-10-05,1210,N,VIIRS,n,2.0NRT,313.98,9.22,D
-14.57738,24.01454,349.16,0.39,0.36,2026-10-05,1210,N,VIIRS,n,2.0NRT,316.24,9.22,D
-14.57458,25.32273,347.12,0.39,0.36,2026-10-05,1210,N,VIIRS,n,2.0NRT,306.17,5.81,D
-14.56449,24.56352,341.67,0.38,0.36,2026-10-05,1210,N,VIIRS,n,2.0NRT,306.97,5.02,D
-14.55273,24.08735,343.11,0.38,0.36,2026-10-05,1210,N,VIIRS,n,2.0NRT,310.05,13.61,D
-14.53909,22.86702,337.36,0.4,0.37,2026-10-05,1210,N,VIIRS,n,2.0NRT,306.82,4.13,D
-14.5357,22.8665,332.59,0.4,0.37,2026-10-05,1210,N,VIIRS,l,2.0NRT,304.59,4.13,D
-14.53447,25.10834,343.35,0.39,0.36,2026-10-05,1210,N,VIIRS,l,2.0NRT,313.96,6.64,D
-14.52272,25.54156,348.72,0.39,0.36,2026-10-05,1210,N,VIIRS,n,2.0NRT,309.63,12.07,D
-14.52193,25.25408,338.73,0.39,0.36,2026-10-05,1210,N,VIIRS,n,2.0NRT,305.09,6.36,D
-14.51441,23.76212,346.87,0.39,0.36,2026-10-05,1210,N,VIIRS,n,2.0NRT,313.78,6.45,D
-14.51294,25.46457,336.32,0.39,0.36,2026-10-05,1210,N,VIIRS,n,2.0NRT,304.64,3.27,D
-14.51108,23.76159,342.03,0.39,0.36,2026-10-05,1210,N,VIIRS,n,2.0NRT,310.4,6.45,D
-14.5059,25.39998,336.69,0.39,0.36,2026-10-05,1210,N,VIIRS,l,2.0NRT,308.31,3.69,D
-14.47567,23.4348,348.61,0.39,0.36,2026-10-05,1210,N,VIIRS,n,2.0NRT,308.27,10.87,D
-14.47505,24.04512,349.01,0.38,0.36,2026-10-05,1210,N,VIIRS,n,2.0NRT,318.19,30.48,D
-14.475,24.83777,338.44,0.39,0.36,2026-10-05,1210,N,VIIRS,n,2.0NRT,307.45,4.7,D
-14.47173,24.04459,343.72,0.38,0.36,2026-10-05,1210,N,VIIRS,n,2.0NRT,311.19,4.99,D
-14.47168,24.83722,342.56,0.39,0.36,2026-10-05,1210,N,VIIRS,n,2.0NRT,305.94,6.78,D
-14.45394,24.75382,334.76,0.39,0.36,2026-10-05,1210,N,VIIRS,n,2.0NRT,302.3,5.81,D
-14.43731,24.8829,334.05,0.39,0.36,2026-10-05,1210,N,VIIRS,l,2.0NRT,308.94,8.34,D
-14.42727,21.90118,338.89,0.43,0.38,2026-10-05,1210,N,VIIRS,l,2.0NRT,309.53,9.25,D
-14.41914,21.9081,336.17,0.43,0.38,2026-10-05,1210,N,VIIRS,n,2.0NRT,304.77,7.17,D
-14.41686,24.18178,343.66,0.38,0.36,2026-10-05,1210,N,VIIRS,n,2.0NRT,309.7,5.44,D
-14.41564,21.90757,347.2,0.43,0.38,2026-10-05,1210,N,VIIRS,n,2.0NRT,303.54,7.17,D
-14.41196,25.15471,342.36,0.39,0.36,2026-10-05,1210,N,VIIRS,n,2.0NRT,310.09,5.28,D
-14.41093,27.53781,348.88,0.46,0.39,2026-10-05,1210,N,VIIRS,n,2.0NRT,303.74,6.97,D
-14.39587,23.73921,353.76,0.39,0.36,2026-10-05,1210,N,VIIRS,n,2.0NRT,310.6,49.75,D
-14.38943,23.66841,348.3,0.39,0.36,2026-10-05,1210,N,VIIRS,n,2.0NRT,306.75,6.79,D
-14.38866,23.74174,340.42,0.39,0.36,2026-10-05,1210,N,VIIRS,n,2.0NRT,302.65,4.97,D
-14.38049,23.77345,343.45,0.39,0.36,2026-10-05,1210,N,VIIRS,n,2.0NRT,307.87,4.82,D
-14.37743,25.61472,337.84,0.4,0.37,2026-10-05,1210,N,VIIRS,l,2.0NRT,308.43,5.97,D
-14.37513,23.69554,337.31,0.39,0.36,2026-10-05,1210,N,VIIRS,l,2.0NRT,308.82,44.05,D
-14.37126,23.6986,338.11,0.39,0.36,2026-10-05,1210,N,VIIRS,n,2.0NRT,308.11,2.43,D
-14.36912,25.04387,332.38,0.39,0.36,2026-10-05,1210,N,VIIRS,l,2.0NRT,305.89,1.85,D
-14.36244,23.7119,338.42,0.39,0.36,2026-10-05,1210,N,VIIRS,n,2.0NRT,308.3,10.24,D
-14.36044,23.71101,340.33,0.39,0.36,2026-10-05,1210,N,VIIRS,l,2.0NRT,313.39,21.44,D
-14.33991,23.71143,349.73,0.39,0.36,2026-10-05,1210,N,VIIRS,n,2.0NRT,305.39,10.71,D
-14.33929,24.77476,342.8,0.39,0.36,2026-10-05,1210,N,VIIRS,n,2.0NRT,309.69,4.55,D
-14.33873,24.82224,330.5,0.39,0.36,2026-10-05,1210,N,VIIRS,l,2.0NRT,305,3.01,D
-14.33829,23.72218,338.28,0.39,0.36,2026-10-05,1210,N,VIIRS,n,2.0NRT,307.15,7.31,D
-14.33734,22.40891,335.64,0.41,0.37,2026-10-05,1210,N,VIIRS,l,2.0NRT,308.5,4.8,D
-14.3364,23.66681,336.12,0.39,0.36,2026-10-05,1210,N,VIIRS,n,2.0NRT,303.97,32.55,D
-14.33597,24.77422,348.43,0.39,0.36,2026-10-05,1210,N,VIIRS,n,2.0NRT,310.06,4.55,D
-14.33264,24.77368,339.49,0.39,0.36,2026-10-05,1210,N,VIIRS,l,2.0NRT,312,4.68,D
-14.32965,22.9635,346.24,0.4,0.37,2026-10-05,1210,N,VIIRS,n,2.0NRT,313.38,22.7,D
-14.32932,24.77314,342.97,0.39,0.36,2026-10-05,1210,N,VIIRS,n,2.0NRT,310.41,4.68,D
-14.3255,23.71648,340.59,0.39,0.36,2026-10-05,1210,N,VIIRS,l,2.0NRT,312.32,8.78,D
-14.32442,23.72365,341.71,0.39,0.36,2026-10-05,1210,N,VIIRS,l,2.0NRT,315.66,6.32,D
-14.32271,23.71237,336.56,0.39,0.36,2026-10-05,1210,N,VIIRS,n,2.0NRT,305.95,8.78,D
-14.32255,23.43988,347.82,0.39,0.36,2026-10-05,1210,N,VIIRS,n,2.0NRT,303.69,8.85,D
-14.32217,23.71596,335.11,0.39,0.36,2026-10-05,1210,N,VIIRS,n,2.0NRT,303.61,8.78,D
-14.32109,23.72312,338.99,0.39,0.36,2026-10-05,1210,N,VIIRS,n,2.0NRT,308.64,6.32,D
-14.321,23.70109,336.23,0.39,0.36,2026-10-05,1210,N,VIIRS,l,2.0NRT,310.03,7.05,D
-14.32055,23.7267,334.76,0.39,0.36,2026-10-05,1210,N,VIIRS,n,2.0NRT,303.93,9.8,D
-14.32046,23.70468,340.61,0.39,0.36,2026-10-05,1210,N,VIIRS,n,2.0NRT,312.69,13.87,D
-14.3192,23.43936,332.15,0.39,0.36,2026-10-05,1210,N,VIIRS,n,2.0NRT,299.84,4.21,D
-14.31894,22.39834,346.18,0.41,0.37,2026-10-05,1210,N,VIIRS,n,2.0NRT,312.46,11.74,D
-14.31713,23.70415,338.79,0.39,0.36,2026-10-05,1210,N,VIIRS,n,2.0NRT,305.57,13.87,D
-14.31612,23.8688,341.18,0.39,0.36,2026-10-05,1210,N,VIIRS,n,2.0NRT,309.56,8.07,D
-14.3143,22.38202,337.07,0.41,0.37,2026-10-05,1210,N,VIIRS,l,2.0NRT,307.16,4.68,D
-14.29646,25.42098,337.95,0.39,0.36,2026-10-05,1210,N,VIIRS,n,2.0NRT,306.71,5.71,D
-14.292,27.57907,337.11,0.46,0.39,2026-10-05,1210,N,VIIRS,n,2.0NRT,299.86,7.33,D
-14.26533,24.4192,347.22,0.38,0.36,2026-10-05,1210,N,VIIRS,n,2.0NRT,302.68,6.26,D
-14.26147,24.42222,339.86,0.38,0.36,2026-10-05,1210,N,VIIRS,n,2.0NRT,304.58,6.26,D
-14.23278,25.09101,336.13,0.39,0.36,2026-10-05,1210,N,VIIRS,l,2.0NRT,311.1,3.5,D
-14.23192,23.57323,344.02,0.39,0.36,2026-10-05,1210,N,VIIRS,n,2.0NRT,303.29,23.52,D
-14.22548,23.07857,336.23,0.4,0.37,2026-10-05,1210,N,VIIRS,n,2.0NRT,301.47,1.69,D
-14.2095,25.04296,333.28,0.39,0.36,2026-10-05,1210,N,VIIRS,l,2.0NRT,305.14,2.09,D
-14.17761,24.70703,349.63,0.39,0.36,2026-10-05,1210,N,VIIRS,n,2.0NRT,307.73,5.18,D
-14.17484,24.70293,340.62,0.39,0.36,2026-10-05,1210,N,VIIRS,n,2.0NRT,308.52,4.82,D
-14.17429,24.70649,339.84,0.39,0.36,2026-10-05,1210,N,VIIRS,n,2.0NRT,309.02,4.82,D
-14.17318,24.71362,346.34,0.39,0.36,2026-10-05,1210,N,VIIRS,n,2.0NRT,310.4,7.17,D
-14.17089,26.0372,338.79,0.41,0.37,2026-10-05,1210,N,VIIRS,n,2.0NRT,295.61,5.49,D
-14.17017,23.66631,342.03,0.39,0.36,2026-10-05,1210,N,VIIRS,l,2.0NRT,314.78,37.75,D
-14.16986,24.71308,338.1,0.39,0.36,2026-10-05,1210,N,VIIRS,n,2.0NRT,307.62,7.17,D
-14.1655,25.43237,341.88,0.39,0.36,2026-10-05,1210,N,VIIRS,n,2.0NRT,307.82,12.3,D
-14.15507,26.0268,352.02,0.41,0.37,2026-10-05,1210,N,VIIRS,n,2.0NRT,306.78,7.71,D
-14.10809,24.45505,335.23,0.38,0.36,2026-10-05,1210,N,VIIRS,n,2.0NRT,305.73,4.14,D
-14.10754,24.45861,342.73,0.38,0.36,2026-10-05,1210,N,VIIRS,n,2.0NRT,305.95,5.73,D
-14.10359,24.41791,347.27,0.38,0.36,2026-10-05,1210,N,VIIRS,n,2.0NRT,305.84,4.66,D
-14.10028,24.41738,342.1,0.38,0.36,2026-10-05,1210,N,VIIRS,n,2.0NRT,306.51,4.66,D
-14.0975,24.41329,342.15,0.38,0.36,2026-10-05,1210,N,VIIRS,n,2.0NRT,307.67,3.31,D
-14.09696,24.41684,342.75,0.38,0.36,2026-10-05,1210,N,VIIRS,n,2.0NRT,306.1,3.31,D
-14.08453,21.96358,340.42,0.42,0.38,2026-10-05,1210,N,VIIRS,n,2.0NRT,301.35,11.01,D
-14.07868,24.40297,346.99,0.38,0.36,2026-10-05,1210,N,VIIRS,n,2.0NRT,309.39,4.55,D
-14.07759,24.41008,342.39,0.38,0.36,2026-10-05,1210,N,VIIRS,n,2.0NRT,308.53,5.73,D
-14.07536,24.40244,335.17,0.38,0.36,2026-10-05,1210,N,VIIRS,l,2.0NRT,308.53,4.55,D
-14.07482,24.40599,341.12,0.38,0.36,2026-10-05,1210,N,VIIRS,l,2.0NRT,312.43,4.55,D
-14.0715,24.40545,343.96,0.38,0.36,2026-10-05,1210,N,VIIRS,n,2.0NRT,309.6,6.15,D
-14.07056,22.99803,341.72,0.4,0.37,2026-10-05,1210,N,VIIRS,n,2.0NRT,306.38,10.95,D
-14.0683,22.37175,338.22,0.41,0.37,2026-10-05,1210,N,VIIRS,n,2.0NRT,304.18,2.11,D
-14.06564,25.97297,341.32,0.41,0.37,2026-10-05,1210,N,VIIRS,n,2.0NRT,302.9,4.81,D
-14.05816,22.9886,344.49,0.4,0.37,2026-10-05,1210,N,VIIRS,n,2.0NRT,302.59,10.3,D
-14.01463,24.27205,348.94,0.38,0.36,2026-10-05,1210,N,VIIRS,n,2.0NRT,322.58,53.78,D
-14.01408,24.27561,335.26,0.38,0.36,2026-10-05,1210,N,VIIRS,l,2.0NRT,305.85,9.64,D
-14.01131,24.27152,353.06,0.38,0.36,2026-10-05,1210,N,VIIRS,n,2.0NRT,311.58,9.27,D
-13.98403,25.91662,348.92,0.4,0.37,2026-10-05,1210,N,VIIRS,n,2.0NRT,308.95,10.34,D
-13.93716,22.2,343.84,0.41,0.37,2026-10-05,1210,N,VIIRS,n,2.0NRT,307.61,3.95,D
-13.93577,22.19932,338.03,0.42,0.37,2026-10-05,1210,N,VIIRS,l,2.0NRT,307.63,4.52,D
-13.93059,24.31255,334.93,0.38,0.36,2026-10-05,1210,N,VIIRS,l,2.0NRT,306.92,10.39,D
-13.92172,24.89548,335.97,0.39,0.36,2026-10-05,1210,N,VIIRS,n,2.0NRT,307.01,3.17,D
-13.92117,24.89906,332.7,0.39,0.36,2026-10-05,1210,N,VIIRS,l,2.0NRT,306.32,3.17,D
-13.90632,24.33774,348.99,0.38,0.36,2026-10-05,1210,N,VIIRS,n,2.0NRT,308.89,5.54,D
-13.90616,22.57455,343.67,0.4,0.37,2026-10-05,1210,N,VIIRS,n,2.0NRT,305.83,6.5,D
-13.89091,25.88605,344.35,0.4,0.37,2026-10-05,1210,N,VIIRS,n,2.0NRT,308.13,7.55,D
-13.86859,22.38056,333.18,0.41,0.37,2026-10-05,1210,N,VIIRS,l,2.0NRT,307.26,6.39,D
-13.86813,25.89758,348.23,0.4,0.37,2026-10-05,1210,N,VIIRS,n,2.0NRT,305.96,7.88,D
-13.86572,22.37625,335.47,0.41,0.37,2026-10-05,1210,N,VIIRS,l,2.0NRT,306.96,2.81,D
-13.86473,25.89701,343.18,0.4,0.37,2026-10-05,1210,N,VIIRS,n,2.0NRT,304.91,3.64,D
-13.86295,25.97363,334.05,0.41,0.37,2026-10-05,1210,N,VIIRS,n,2.0NRT,298.23,5.81,D
-13.86174,22.37951,335.67,0.41,0.37,2026-10-05,1210,N,VIIRS,l,2.0NRT,307.49,2.97,D
-13.84154,24.75735,338.25,0.39,0.36,2026-10-05,1210,N,VIIRS,l,2.0NRT,309.15,3.89,D
-13.84099,24.76091,342.71,0.39,0.36,2026-10-05,1210,N,VIIRS,n,2.0NRT,308.64,3.89,D
-13.83964,25.41877,343.08,0.39,0.37,2026-10-05,1210,N,VIIRS,n,2.0NRT,308.35,3.61,D
-13.83877,24.75323,346.34,0.39,0.36,2026-10-05,1210,N,VIIRS,n,2.0NRT,310.37,4.7,D
-13.83766,24.76037,342.74,0.39,0.36,2026-10-05,1210,N,VIIRS,n,2.0NRT,310.5,3.89,D
-13.83489,24.75626,351.08,0.39,0.36,2026-10-05,1210,N,VIIRS,n,2.0NRT,308.98,7.32,D
-13.83101,24.75929,347.57,0.39,0.36,2026-10-05,1210,N,VIIRS,n,2.0NRT,308.02,7.32,D
-13.82713,24.76232,333.5,0.39,0.36,2026-10-05,1210,N,VIIRS,l,2.0NRT,306.6,2.1,D
-13.82657,24.76589,335.45,0.39,0.36,2026-10-05,1210,N,VIIRS,l,2.0NRT,307.64,2.1,D
-13.82269,24.76892,332.07,0.39,0.36,2026-10-05,1210,N,VIIRS,l,2.0NRT,305.98,2.21,D
-13.81936,24.76838,332.91,0.39,0.36,2026-10-05,1210,N,VIIRS,l,2.0NRT,306.65,1.73,D
-13.80408,25.75254,339.74,0.4,0.37,2026-10-05,1210,N,VIIRS,n,2.0NRT,303.79,2.68,D
-13.80163,24.72892,335.32,0.39,0.36,2026-10-05,1210,N,VIIRS,l,2.0NRT,308.84,2.03,D
-13.7923,25.65189,332.85,0.4,0.37,2026-10-05,1210,N,VIIRS,l,2.0NRT,307.63,1.98,D
-13.78325,24.8687,334.17,0.39,0.36,2026-10-05,1210,N,VIIRS,l,2.0NRT,308.04,2.03,D
-13.77968,22.63172,334.47,0.4,0.37,2026-10-05,1210,N,VIIRS,l,2.0NRT,306.16,1.76,D
-13.77914,22.63544,337.66,0.4,0.37,2026-10-05,1210,N,VIIRS,l,2.0NRT,311.58,4.05,D
-13.76613,25.32778,346.29,0.39,0.36,2026-10-05,1210,N,VIIRS,n,2.0NRT,310.53,22.39,D
-13.76441,25.60942,347.09,0.4,0.37,2026-10-05,1210,N,VIIRS,n,2.0NRT,309.55,7.85,D
-13.76332,25.83349,334.08,0.4,0.37,2026-10-05,1210,N,VIIRS,l,2.0NRT,307.75,4.32,D
-13.75538,25.50571,335.05,0.4,0.37,2026-10-05,1210,N,VIIRS,l,2.0NRT,308.14,1.9,D
-13.74325,23.89962,336.66,0.38,0.36,2026-10-05,1210,N,VIIRS,n,2.0NRT,304.91,2.43,D
-13.73674,24.58266,340.85,0.39,0.36,2026-10-05,1210,N,VIIRS,n,2.0NRT,308.98,5.57,D
-13.73585,24.97486,346.21,0.39,0.36,2026-10-05,1210,N,VIIRS,n,2.0NRT,304.83,4.88,D
-13.73401,24.9739,344.02,0.39,0.36,2026-10-05,1210,N,VIIRS,n,2.0NRT,303.22,3.42,D
-13.73345,24.97748,335.45,0.39,0.36,2026-10-05,1210,N,VIIRS,n,2.0NRT,303.55,3.42,D
-13.72836,25.87741,337.82,0.41,0.37,2026-10-05,1210,N,VIIRS,l,2.0NRT,308.25,2.14,D
-13.72435,25.88058,334.45,0.41,0.37,2026-10-05,1210,N,VIIRS,l,2.0NRT,307.47,2.39,D
-13.71536,25.87137,342.84,0.41,0.37,2026-10-05,1210,N,VIIRS,n,2.0NRT,306.94,3.25,D
-13.71029,23.44874,330.45,0.39,0.36,2026-10-05,1210,N,VIIRS,l,2.0NRT,301.06,1.9,D
-13.70817,25.85105,339.09,0.4,0.37,2026-10-05,1210,N,VIIRS,n,2.0NRT,307.91,2.91,D
-13.70735,25.87771,334.51,0.41,0.37,2026-10-05,1210,N,VIIRS,l,2.0NRT,308.21,3.63,D
-13.70565,25.55774,333.55,0.4,0.37,2026-10-05,1210,N,VIIRS,l,2.0NRT,306.01,2.4,D
-13.70228,25.55718,345.38,0.4,0.37,2026-10-05,1210,N,VIIRS,n,2.0NRT,307.13,4.68,D
-13.7017,25.56086,342.68,0.4,0.37,2026-10-05,1210,N,VIIRS,n,2.0NRT,307,4.68,D
-13.69858,25.51511,340.09,0.4,0.37,2026-10-05,1210,N,VIIRS,n,2.0NRT,307.49,2.21,D
-13.69806,25.86831,336.6,0.41,0.37,2026-10-05,1210,N,VIIRS,l,2.0NRT,309.32,2.61,D
-13.69797,24.85414,337.44,0.39,0.36,2026-10-05,1210,N,VIIRS,l,2.0NRT,308.42,8.57,D
-13.6951,25.31978,333.56,0.39,0.36,2026-10-05,1210,N,VIIRS,n,2.0NRT,303.46,2.12,D
-13.69464,24.8536,350.99,0.39,0.36,2026-10-05,1210,N,VIIRS,n,2.0NRT,309.84,8.57,D
-13.69436,23.48659,354.84,0.39,0.36,2026-10-05,1210,N,VIIRS,n,2.0NRT,310.25,16.7,D
-13.69382,23.49017,334.86,0.39,0.36,2026-10-05,1210,N,VIIRS,n,2.0NRT,300.54,16.7,D
-13.69049,23.48964,342.72,0.39,0.36,2026-10-05,1210,N,VIIRS,n,2.0NRT,309.08,67.93,D
-13.68906,25.50976,335.03,0.4,0.37,2026-10-05,1210,N,VIIRS,l,2.0NRT,307.55,2.83,D
-13.68847,25.99423,334.4,0.41,0.37,2026-10-05,1210,N,VIIRS,l,2.0NRT,306.88,2.83,D
-13.687,25.82816,341.4,0.4,0.37,2026-10-05,1210,N,VIIRS,n,2.0NRT,308.07,4.05,D
-13.67167,25.00052,330.93,0.39,0.36,2026-10-05,1210,N,VIIRS,l,2.0NRT,305.52,1.6,D
-13.66975,24.55673,335.31,0.39,0.36,2026-10-05,1210,N,VIIRS,l,2.0NRT,309.84,4.31,D
-13.65808,24.23486,337.4,0.38,0.36,2026-10-05,1210,N,VIIRS,l,2.0NRT,308.94,3.92,D
-13.6553,24.23079,345.38,0.38,0.36,2026-10-05,1210,N,VIIRS,n,2.0NRT,311.92,3.92,D
-13.65476,24.23433,342.08,0.38,0.36,2026-10-05,1210,N,VIIRS,n,2.0NRT,313.01,3.92,D
-13.65432,24.28148,338.99,0.38,0.36,2026-10-05,1210,N,VIIRS,n,2.0NRT,305.76,2.66,D
-13.65407,25.90324,343.79,0.41,0.37,2026-10-05,1210,N,VIIRS,n,2.0NRT,308.71,5.85,D
-13.65388,25.92629,334.73,0.41,0.37,2026-10-05,1210,N,VIIRS,l,2.0NRT,309.73,2.68,D
-13.65177,24.38645,333.52,0.38,0.36,2026-10-05,1210,N,VIIRS,l,2.0NRT,306.19,1.22,D
-13.651,24.28094,335.38,0.38,0.36,2026-10-05,1210,N,VIIRS,l,2.0NRT,308.07,4.77,D
-13.64753,25.43852,330.89,0.4,0.37,2026-10-05,1210,N,VIIRS,l,2.0NRT,305.53,2.37,D
-13.64614,24.33466,344.24,0.38,0.36,2026-10-05,1210,N,VIIRS,n,2.0NRT,300.52,3.45,D
-13.64107,23.99586,346.7,0.38,0.36,2026-10-05,1210,N,VIIRS,n,2.0NRT,304.96,11.94,D
-13.63917,25.42589,332.27,0.4,0.37,2026-10-05,1210,N,VIIRS,l,2.0NRT,306.71,3.08,D
-13.63775,23.99533,348.83,0.38,0.36,2026-10-05,1210,N,VIIRS,n,2.0NRT,302.17,11.94,D
-13.63257,25.24932,332.13,0.39,0.36,2026-10-05,1210,N,VIIRS,l,2.0NRT,305.39,1.86,D
-13.63163,25.80372,333.35,0.4,0.37,2026-10-05,1210,N,VIIRS,n,2.0NRT,301.33,3.07,D
-13.6315,23.94709,331.48,0.38,0.36,2026-10-05,1210,N,VIIRS,l,2.0NRT,301.97,3.49,D
-13.63103,25.80745,335.82,0.4,0.37,2026-10-05,1210,N,VIIRS,n,2.0NRT,303.5,3.07,D
-13.63002,25.33088,331.44,0.39,0.36,2026-10-05,1210,N,VIIRS,l,2.0NRT,305.94,2.78,D
-13.62986,22.29751,338.61,0.41,0.37,2026-10-05,1210,N,VIIRS,l,2.0NRT,309.29,4.5,D
-13.62931,22.30131,335.44,0.41,0.37,2026-10-05,1210,N,VIIRS,l,2.0NRT,305.75,4.5,D
-13.62782,24.29902,338.63,0.38,0.36,2026-10-05,1210,N,VIIRS,n,2.0NRT,304.36,2.61,D
-13.62644,22.29699,340.8,0.41,0.37,2026-10-05,1210,N,VIIRS,n,2.0NRT,309.22,4.5,D
-13.62301,22.29647,342.45,0.41,0.37,2026-10-05,1210,N,VIIRS,n,2.0NRT,306.49,7.02,D
-13.62068,22.28836,336.14,0.41,0.37,2026-10-05,1210,N,VIIRS,l,2.0NRT,308.17,6.2,D
-13.61886,22.17913,336.11,0.41,0.37,2026-10-05,1210,N,VIIRS,l,2.0NRT,305.46,3.38,D
-13.61819,24.30087,351.27,0.38,0.36,2026-10-05,1210,N,VIIRS,n,2.0NRT,305.5,18.31,D
-13.61725,22.28784,335.3,0.41,0.37,2026-10-05,1210,N,VIIRS,n,2.0NRT,303.59,4.98,D
-13.61425,25.58358,330.26,0.4,0.37,2026-10-05,1210,N,VIIRS,l,2.0NRT,304.44,1.96,D
-13.61088,25.58301,330.84,0.4,0.37,2026-10-05,1210,N,VIIRS,l,2.0NRT,303.25,1.72,D
-13.60871,25.05985,338.39,0.39,0.36,2026-10-05,1210,N,VIIRS,n,2.0NRT,305.69,5.7,D
-13.60841,23.98702,336.23,0.38,0.36,2026-10-05,1210,N,VIIRS,n,2.0NRT,303.66,3.97,D
-13.60269,24.48401,334.92,0.38,0.36,2026-10-05,1210,N,VIIRS,l,2.0NRT,309.06,3.61,D
-13.60214,24.48755,342.11,0.38,0.36,2026-10-05,1210,N,VIIRS,n,2.0NRT,309.55,3.61,D
-13.59882,24.29413,332.67,0.38,0.36,2026-10-05,1210,N,VIIRS,n,2.0NRT,299.66,0.73,D
-13.59783,24.34483,334.37,0.38,0.36,2026-10-05,1210,N,VIIRS,n,2.0NRT,306.66,1.54,D
-13.5796,24.3528,339.17,0.38,0.36,2026-10-05,1210,N,VIIRS,l,2.0NRT,311.36,5.9,D
-13.57905,24.35634,339.92,0.38,0.36,2026-10-05,1210,N,VIIRS,l,2.0NRT,312.84,8.03,D
-13.57492,24.94737,351.46,0.39,0.36,2026-10-05,1210,N,VIIRS,n,2.0NRT,309.43,8.16,D
-13.57473,25.05795,335.56,0.39,0.36,2026-10-05,1210,N,VIIRS,l,2.0NRT,308.86,3.92,D
-13.57365,23.70456,346.29,0.39,0.36,2026-10-05,1210,N,VIIRS,n,2.0NRT,306.39,7.35,D
-13.5713,25.91982,337.63,0.41,0.37,2026-10-05,1210,N,VIIRS,l,2.0NRT,309,1.62,D
-13.57032,23.70403,342.74,0.39,0.36,2026-10-05,1210,N,VIIRS,n,2.0NRT,304.87,7.65,D
-13.56646,23.70707,339.51,0.39,0.36,2026-10-05,1210,N,VIIRS,n,2.0NRT,301.77,7.18,D
-13.56216,24.9196,336.76,0.39,0.36,2026-10-05,1210,N,VIIRS,l,2.0NRT,306.87,3.74,D
-13.56118,25.34149,334.79,0.39,0.37,2026-10-05,1210,N,VIIRS,l,2.0NRT,308.26,4.1,D
-13.55929,24.98161,336.91,0.39,0.36,2026-10-05,1210,N,VIIRS,n,2.0NRT,306.14,3.54,D
-13.54707,23.27882,336.29,0.39,0.36,2026-10-05,1210,N,VIIRS,n,2.0NRT,300.76,7.3,D
-13.54551,24.89488,333.14,0.39,0.36,2026-10-05,1210,N,VIIRS,l,2.0NRT,306.85,2.85,D
-13.54284,23.32965,336.53,0.39,0.36,2026-10-05,1210,N,VIIRS,n,2.0NRT,298.44,4.77,D
-13.5395,23.32912,330.75,0.39,0.36,2026-10-05,1210,N,VIIRS,n,2.0NRT,296.68,4.29,D
-13.539,25.90298,345.27,0.41,0.37,2026-10-05,1210,N,VIIRS,n,2.0NRT,307.95,5.07,D
-13.53667,25.12562,341.89,0.39,0.36,2026-10-05,1210,N,VIIRS,n,2.0NRT,306.77,5.04,D
-13.53245,23.03252,334.96,0.39,0.36,2026-10-05,1210,N,VIIRS,n,2.0NRT,304.11,1.57,D
-13.53191,23.03615,337.19,0.39,0.36,2026-10-05,1210,N,VIIRS,n,2.0NRT,303.35,1.57,D
-13.52932,25.32504,335.78,0.39,0.37,2026-10-05,1210,N,VIIRS,n,2.0NRT,304.56,1.3,D
-13.5291,31.96799,337.85,0.58,0.52,2026-10-05,1210,N,VIIRS,n,2.0NRT,297.4,5.94,D
-13.51299,24.91508,342.16,0.39,0.36,2026-10-05,1210,N,VIIRS,n,2.0NRT,309.58,3.16,D
-13.50924,22.05343,340.95,0.42,0.37,2026-10-05,1210,N,VIIRS,n,2.0NRT,301.89,3.84,D
-13.50578,24.58829,337.44,0.39,0.36,2026-10-05,1210,N,VIIRS,l,2.0NRT,312.44,3.64,D
-13.50539,25.62952,342.06,0.4,0.37,2026-10-05,1210,N,VIIRS,n,2.0NRT,307.92,3.92,D
-13.49972,24.6493,340.75,0.39,0.36,2026-10-05,1210,N,VIIRS,n,2.0NRT,311.47,6.16,D
-13.49972,25.42491,337.82,0.4,0.37,2026-10-05,1210,N,VIIRS,n,2.0NRT,306.89,3.81,D
-13.49917,24.65286,331.85,0.39,0.36,2026-10-05,1210,N,VIIRS,l,2.0NRT,306.58,6.16,D
-13.49895,25.04904,337.07,0.39,0.36,2026-10-05,1210,N,VIIRS,l,2.0NRT,309.74,3.4,D
-13.49821,23.79818,344.27,0.38,0.36,2026-10-05,1210,N,VIIRS,n,2.0NRT,309.35,6.25,D
-13.49162,25.23684,335.83,0.39,0.36,2026-10-05,1210,N,VIIRS,n,2.0NRT,300.3,3.99,D
-13.48918,24.60747,351.93,0.39,0.36,2026-10-05,1210,N,VIIRS,n,2.0NRT,311.04,8.59,D
-13.47421,25.73837,339.33,0.4,0.37,2026-10-05,1210,N,VIIRS,n,2.0NRT,303.85,5.15,D
-13.46582,25.17311,338.41,0.39,0.36,2026-10-05,1210,N,VIIRS,n,2.0NRT,307.71,2.76,D
-13.46525,25.17672,333.3,0.39,0.36,2026-10-05,1210,N,VIIRS,n,2.0NRT,303.28,2.76,D
-13.45269,32.80478,331.24,0.33,0.55,2026-10-05,1210,N,VIIRS,n,2.0NRT,297.08,2.75,D
-13.44329,23.91952,337.43,0.38,0.36,2026-10-05,1210,N,VIIRS,n,2.0NRT,301.91,4.06,D
-13.44165,25.39277,338.04,0.4,0.37,2026-10-05,1210,N,VIIRS,n,2.0NRT,306.63,3.49,D
-13.44051,23.91545,334.3,0.38,0.36,2026-10-05,1210,N,VIIRS,l,2.0NRT,305.71,4.31,D
-13.4311,22.05733,338.71,0.42,0.37,2026-10-05,1210,N,VIIRS,n,2.0NRT,305.74,3.57,D
-13.42835,24.5206,336.92,0.39,0.36,2026-10-05,1210,N,VIIRS,n,2.0NRT,305.26,3.04,D
-13.42225,24.51597,347.03,0.39,0.36,2026-10-05,1210,N,VIIRS,n,2.0NRT,306.54,7.62,D
-13.41318,24.00546,339.98,0.38,0.36,2026-10-05,1210,N,VIIRS,n,2.0NRT,304.64,9.26,D
-13.40878,24.01202,342.79,0.38,0.36,2026-10-05,1210,N,VIIRS,n,2.0NRT,309.03,7.77,D
-13.4077,24.0191,337.56,0.38,0.36,2026-10-05,1210,N,VIIRS,n,2.0NRT,304.96,2.75,D
-13.40492,24.01503,337.21,0.38,0.36,2026-10-05,1210,N,VIIRS,l,2.0NRT,308.12,2.75,D
-13.40438,24.01857,335.9,0.38,0.36,2026-10-05,1210,N,VIIRS,n,2.0NRT,303.98,2.75,D
-13.40384,24.02211,346.29,0.38,0.36,2026-10-05,1210,N,VIIRS,n,2.0NRT,305.01,6.93,D
-13.4016,24.0145,338.38,0.38,0.36,2026-10-05,1210,N,VIIRS,n,2.0NRT,308.18,11.92,D
-13.40106,24.01804,349.88,0.38,0.36,2026-10-05,1210,N,VIIRS,n,2.0NRT,309.04,11.92,D
-13.40052,24.02158,346.49,0.38,0.36,2026-10-05,1210,N,VIIRS,n,2.0NRT,305.76,10.19,D
-13.40018,24.61441,336.42,0.39,0.36,2026-10-05,1210,N,VIIRS,l,2.0NRT,307.53,1.58,D
-13.39828,24.01397,347.39,0.38,0.36,2026-10-05,1210,N,VIIRS,n,2.0NRT,307.75,11.92,D
-13.39774,24.01751,352.68,0.38,0.36,2026-10-05,1210,N,VIIRS,n,2.0NRT,303.93,11.92,D
-13.39051,23.7295,339.28,0.39,0.36,2026-10-05,1210,N,VIIRS,l,2.0NRT,311.04,8.9,D
-13.38685,23.77619,337.19,0.38,0.36,2026-10-05,1210,N,VIIRS,l,2.0NRT,308.2,5.41,D
-13.38631,23.77974,335.57,0.38,0.36,2026-10-05,1210,N,VIIRS,l,2.0NRT,306.63,2.65,D
-13.38472,23.41084,334.89,0.39,0.36,2026-10-05,1210,N,VIIRS,l,2.0NRT,305.69,2.29,D
-13.38449,23.48029,347.8,0.39,0.36,2026-10-05,1210,N,VIIRS,n,2.0NRT,305.89,56.35,D
-13.3831,23.42156,335.73,0.39,0.36,2026-10-05,1210,N,VIIRS,n,2.0NRT,304.84,7,D
-13.38166,23.58931,340.73,0.39,0.36,2026-10-05,1210,N,VIIRS,n,2.0NRT,307.29,5.2,D
-13.38138,23.41031,335.33,0.39,0.36,2026-10-05,1210,N,VIIRS,l,2.0NRT,307.37,2.29,D
-13.37859,23.78578,338.73,0.38,0.36,2026-10-05,1210,N,VIIRS,l,2.0NRT,311.3,5.71,D
-13.37624,24.22448,354.15,0.38,0.36,2026-10-05,1210,N,VIIRS,n,2.0NRT,308.48,6.27,D
-13.3757,24.22802,330.18,0.38,0.36,2026-10-05,1210,N,VIIRS,l,2.0NRT,304.17,4.19,D
-13.37292,24.22394,332.84,0.38,0.36,2026-10-05,1210,N,VIIRS,l,2.0NRT,307.26,6.27,D
-13.36961,24.22342,345.39,0.38,0.36,2026-10-05,1210,N,VIIRS,n,2.0NRT,306.68,3.66,D
-13.36852,24.2305,339.55,0.38,0.36,2026-10-05,1210,N,VIIRS,n,2.0NRT,304.56,2.48,D
-13.36515,23.49551,367,0.39,0.36,2026-10-05,1210,N,VIIRS,l,2.0NRT,327.42,37.45,D
-13.36461,23.49907,337.33,0.39,0.36,2026-10-05,1210,N,VIIRS,n,2.0NRT,302.47,22,D
-13.36374,23.55003,347.5,0.39,0.36,2026-10-05,1210,N,VIIRS,n,2.0NRT,312.89,49.63,D
-13.36182,23.49498,345.98,0.39,0.36,2026-10-05,1210,N,VIIRS,n,2.0NRT,301.34,37.45,D
-13.35934,23.55663,351.64,0.39,0.36,2026-10-05,1210,N,VIIRS,n,2.0NRT,317.5,42.41,D
-13.35297,24.82975,337.2,0.39,0.36,2026-10-05,1210,N,VIIRS,n,2.0NRT,306.29,4,D
-13.34964,24.82921,337.53,0.39,0.36,2026-10-05,1210,N,VIIRS,n,2.0NRT,306.72,6.35,D
-13.33933,23.26793,332.14,0.39,0.36,2026-10-05,1210,N,VIIRS,n,2.0NRT,299.76,3.21,D
-13.33773,23.67705,349.09,0.39,0.36,2026-10-05,1210,N,VIIRS,n,2.0NRT,311.16,8.02,D
-13.33719,23.6806,347.14,0.39,0.36,2026-10-05,1210,N,VIIRS,n,2.0NRT,309.27,8.02,D
-13.33709,23.43263,335.89,0.39,0.36,2026-10-05,1210,N,VIIRS,n,2.0NRT,299.83,1.92,D
-13.33666,23.68415,346.14,0.39,0.36,2026-10-05,1210,N,VIIRS,n,2.0NRT,305.56,24.56,D
-13.33441,23.67653,345.23,0.39,0.36,2026-10-05,1210,N,VIIRS,n,2.0NRT,311.77,8.02,D
-13.33375,23.43211,335.04,0.39,0.36,2026-10-05,1210,N,VIIRS,n,2.0NRT,303.13,5.59,D
-13.33288,23.19706,338.27,0.39,0.36,2026-10-05,1210,N,VIIRS,n,2.0NRT,306.74,3.45,D
-13.33001,23.68311,343.21,0.39,0.36,2026-10-05,1210,N,VIIRS,n,2.0NRT,312.18,7.58,D
-13.3252,23.60227,343.44,0.39,0.36,2026-10-05,1210,N,VIIRS,n,2.0NRT,314.23,24.96,D
-13.32466,23.60583,341.4,0.39,0.36,2026-10-05,1210,N,VIIRS,n,2.0NRT,304.79,24.96,D
-13.32363,23.88189,343.71,0.38,0.36,2026-10-05,1210,N,VIIRS,n,2.0NRT,309.74,15.7,D
-13.32187,23.60175,367,0.39,0.36,2026-10-05,1210,N,VIIRS,h,2.0NRT,338.57,98.12,D
-13.32134,23.60531,342.75,0.39,0.36,2026-10-05,1210,N,VIIRS,n,2.0NRT,309.47,98.12,D
-13.32031,23.88136,331.14,0.38,0.36,2026-10-05,1210,N,VIIRS,l,2.0NRT,301.21,2.46,D
-13.31682,23.83725,339.67,0.38,0.36,2026-10-05,1210,N,VIIRS,n,2.0NRT,308.75,17.15,D
-13.31628,23.8408,343.1,0.38,0.36,2026-10-05,1210,N,VIIRS,n,2.0NRT,315.06,20.2,D
-13.31627,23.70639,351.82,0.39,0.36,2026-10-05,1210,N,VIIRS,n,2.0NRT,313.6,57.22,D
-13.31587,23.61901,353.2,0.39,0.36,2026-10-05,1210,N,VIIRS,n,2.0NRT,311.65,8.82,D
-13.31566,23.82255,348.9,0.38,0.36,2026-10-05,1210,N,VIIRS,n,2.0NRT,311.62,26.02,D
-13.31393,23.56406,345.45,0.39,0.36,2026-10-05,1210,N,VIIRS,n,2.0NRT,305.27,9.04,D
-13.31308,23.61493,355.32,0.39,0.36,2026-10-05,1210,N,VIIRS,n,2.0NRT,310.61,7.53,D
-13.31295,23.70586,356.25,0.39,0.36,2026-10-05,1210,N,VIIRS,n,2.0NRT,308.4,15.18,D
-13.31272,26.36761,330.7,0.42,0.38,2026-10-05,1210,N,VIIRS,n,2.0NRT,294.24,2.04,D
-13.31254,23.61849,337.38,0.39,0.36,2026-10-05,1210,N,VIIRS,n,2.0NRT,308.13,7.53,D
-13.31241,23.70941,343.88,0.39,0.36,2026-10-05,1210,N,VIIRS,n,2.0NRT,311.02,12.87,D
-13.31234,23.82202,351.17,0.38,0.36,2026-10-05,1210,N,VIIRS,n,2.0NRT,315.82,26.02,D
-13.3106,23.56354,337.19,0.39,0.36,2026-10-05,1210,N,VIIRS,n,2.0NRT,298.82,9.04,D
-13.30909,23.70889,355.02,0.39,0.36,2026-10-05,1210,N,VIIRS,n,2.0NRT,316.16,12.87,D
-13.30881,23.17488,335.42,0.39,0.36,2026-10-05,1210,N,VIIRS,n,2.0NRT,302.12,2.92,D
-13.30855,23.71244,354.85,0.39,0.36,2026-10-05,1210,N,VIIRS,n,2.0NRT,311.92,12.87,D
-13.30831,24.84009,341.09,0.39,0.36,2026-10-05,1210,N,VIIRS,n,2.0NRT,308.98,5.81,D
-13.30781,23.55946,341.35,0.39,0.36,2026-10-05,1210,N,VIIRS,n,2.0NRT,302.88,5.18,D
-13.30775,24.84367,340.05,0.39,0.36,2026-10-05,1210,N,VIIRS,l,2.0NRT,312.5,5.75,D
-13.30442,24.84312,339.34,0.39,0.36,2026-10-05,1210,N,VIIRS,l,2.0NRT,310.87,5.75,D
-13.30326,23.52942,331.31,0.39,0.36,2026-10-05,1210,N,VIIRS,l,2.0NRT,301.69,16.88,D
-13.30299,23.59149,342.99,0.39,0.36,2026-10-05,1210,N,VIIRS,n,2.0NRT,307.73,6.4,D
-13.29871,23.3789,336.13,0.39,0.36,2026-10-05,1210,N,VIIRS,n,2.0NRT,299.85,3.67,D
-13.29741,23.69614,341.24,0.39,0.36,2026-10-05,1210,N,VIIRS,n,2.0NRT,301.97,3.46,D
-13.29727,24.2984,355.09,0.38,0.36,2026-10-05,1210,N,VIIRS,n,2.0NRT,308.13,14.92,D
-13.29408,23.69561,336,0.39,0.36,2026-10-05,1210,N,VIIRS,n,2.0NRT,301.37,2.36,D
-13.28631,24.12623,340.5,0.38,0.36,2026-10-05,1210,N,VIIRS,n,2.0NRT,305.39,4.27,D
-13.28023,24.34286,332.21,0.38,0.36,2026-10-05,1210,N,VIIRS,n,2.0NRT,303.8,1.88,D
-13.27636,24.34587,346.31,0.38,0.36,2026-10-05,1210,N,VIIRS,n,2.0NRT,305.49,11.38,D
-13.22577,23.94953,347.46,0.38,0.36,2026-10-05,1210,N,VIIRS,l,2.0NRT,317.8,30.01,D
-13.22333,24.13785,343.87,0.38,0.36,2026-10-05,1210,N,VIIRS,n,2.0NRT,298.54,14.46,D
-13.21596,31.90667,340.01,0.58,0.52,2026-10-05,1210,N,VIIRS,n,2.0NRT,301.44,11.33,D
-13.21242,23.92565,343.79,0.38,0.36,2026-10-05,1210,N,VIIRS,n,2.0NRT,310.75,11.39,D
-13.2074,24.46194,340.47,0.39,0.36,2026-10-05,1210,N,VIIRS,n,2.0NRT,303.27,5.23,D
-13.20155,22.82067,334.54,0.4,0.37,2026-10-05,1210,N,VIIRS,n,2.0NRT,301.7,3.12,D
-13.19823,24.15172,338.45,0.38,0.36,2026-10-05,1210,N,VIIRS,n,2.0NRT,304.18,3.2,D
-13.19769,24.15526,334.31,0.38,0.36,2026-10-05,1210,N,VIIRS,n,2.0NRT,305.81,3.67,D
-13.19329,23.22281,333.63,0.39,0.36,2026-10-05,1210,N,VIIRS,n,2.0NRT,303.26,1.85,D
-13.19275,23.22639,332.52,0.39,0.36,2026-10-05,1210,N,VIIRS,l,2.0NRT,302.73,1.85,D
-13.18318,32.80864,354.68,0.33,0.55,2026-10-05,1210,N,VIIRS,n,2.0NRT,293.91,4.49,D
-13.18273,23.22483,339.69,0.39,0.36,2026-10-05,1210,N,VIIRS,n,2.0NRT,304.13,3.69,D
-13.18115,23.34917,331.46,0.39,0.36,2026-10-05,1210,N,VIIRS,l,2.0NRT,303.23,3.17,D
-13.17992,23.22072,337.73,0.39,0.36,2026-10-05,1210,N,VIIRS,n,2.0NRT,305.07,3.69,D
-13.17947,23.98564,348.8,0.38,0.36,2026-10-05,1210,N,VIIRS,n,2.0NRT,299.07,21.37,D
-13.17835,23.34508,342.41,0.39,0.36,2026-10-05,1210,N,VIIRS,n,2.0NRT,306.01,3.24,D
-13.17731,23.9998,348.61,0.38,0.36,2026-10-05,1210,N,VIIRS,n,2.0NRT,303.98,32.36,D
-13.17728,23.35222,346.19,0.39,0.36,2026-10-05,1210,N,VIIRS,n,2.0NRT,301.78,6.49,D
-13.17501,23.34456,335.96,0.39,0.36,2026-10-05,1210,N,VIIRS,n,2.0NRT,305.3,3.24,D
-13.17448,23.34813,339.13,0.39,0.36,2026-10-05,1210,N,VIIRS,n,2.0NRT,304.37,3.24,D
-13.17168,23.34404,344,0.39,0.36,2026-10-05,1210,N,VIIRS,n,2.0NRT,304.33,10.06,D
-13.17114,23.34761,355.9,0.39,0.36,2026-10-05,1210,N,VIIRS,n,2.0NRT,312.25,10.06,D
-13.16835,23.34352,350.23,0.39,0.36,2026-10-05,1210,N,VIIRS,n,2.0NRT,306.32,10.06,D
-13.16781,23.34709,349.25,0.39,0.36,2026-10-05,1210,N,VIIRS,n,2.0NRT,305.84,10.06,D
-13.16671,23.05658,333.72,0.39,0.36,2026-10-05,1210,N,VIIRS,n,2.0NRT,302.83,3.02,D
-13.16501,23.343,337.09,0.39,0.36,2026-10-05,1210,N,VIIRS,n,2.0NRT,304.66,2.98,D
-13.16447,23.34657,334.5,0.39,0.36,2026-10-05,1210,N,VIIRS,n,2.0NRT,302.5,2.98,D
-13.16238,24.00823,341.21,0.38,0.36,2026-10-05,1210,N,VIIRS,n,2.0NRT,302.89,9.87,D
-13.15631,24.00371,367,0.38,0.36,2026-10-05,1210,N,VIIRS,h,2.0NRT,328.56,207.87,D
-13.153,24.00318,346.55,0.38,0.36,2026-10-05,1210,N,VIIRS,n,2.0NRT,304.84,14.34,D
-13.15248,24.02843,339.94,0.38,0.36,2026-10-05,1210,N,VIIRS,n,2.0NRT,304.55,17.56,D
-13.15167,23.34093,356.29,0.39,0.36,2026-10-05,1210,N,VIIRS,n,2.0NRT,306.06,6.32,D
-13.14833,23.3404,334.94,0.39,0.36,2026-10-05,1210,N,VIIRS,n,2.0NRT,303.17,6.32,D
-13.145,23.33988,336.78,0.39,0.36,2026-10-05,1210,N,VIIRS,n,2.0NRT,303.33,3.28,D
-13.14113,23.34292,334,0.39,0.36,2026-10-05,1210,N,VIIRS,l,2.0NRT,304.62,3.28,D
-13.13537,23.76431,333.68,0.38,0.36,2026-10-05,1210,N,VIIRS,n,2.0NRT,302.04,4.99,D
-13.1312,24.10114,353.54,0.38,0.36,2026-10-05,1210,N,VIIRS,n,2.0NRT,308.91,16.36,D
-13.12788,24.10061,352.2,0.38,0.36,2026-10-05,1210,N,VIIRS,n,2.0NRT,306.49,16.36,D
-13.1276,24.01363,331.85,0.38,0.36,2026-10-05,1210,N,VIIRS,n,2.0NRT,299.26,7.25,D
-13.12734,24.10415,344.94,0.38,0.36,2026-10-05,1210,N,VIIRS,n,2.0NRT,303.26,16.36,D
-13.12706,24.01717,346.08,0.38,0.36,2026-10-05,1210,N,VIIRS,n,2.0NRT,306.78,7.25,D
-13.11979,24.02279,337.83,0.38,0.36,2026-10-05,1210,N,VIIRS,n,2.0NRT,303.68,2.17,D
-13.11684,24.1061,334.96,0.38,0.36,2026-10-05,1210,N,VIIRS,n,2.0NRT,301.2,5.54,D
-13.11647,24.02226,350.09,0.38,0.36,2026-10-05,1210,N,VIIRS,l,2.0NRT,322.9,29.94,D
-13.11593,24.02581,351.97,0.38,0.36,2026-10-05,1210,N,VIIRS,n,2.0NRT,311.36,16.43,D
-13.11539,24.02935,349.07,0.38,0.36,2026-10-05,1210,N,VIIRS,n,2.0NRT,310.78,16.43,D
-13.11443,22.75075,334.86,0.4,0.37,2026-10-05,1210,N,VIIRS,l,2.0NRT,305.7,2.91,D
-13.11369,24.01819,347.21,0.38,0.36,2026-10-05,1210,N,VIIRS,n,2.0NRT,302.65,29.94,D
-13.11314,24.02174,341.93,0.38,0.36,2026-10-05,1210,N,VIIRS,n,2.0NRT,308.84,29.94,D
-13.108,22.59943,330.48,0.4,0.37,2026-10-05,1210,N,VIIRS,l,2.0NRT,304.7,2.22,D
-13.10545,23.13499,346.05,0.39,0.36,2026-10-05,1210,N,VIIRS,n,2.0NRT,307.92,23.47,D
-13.10491,23.13859,354.26,0.39,0.36,2026-10-05,1210,N,VIIRS,n,2.0NRT,310.67,23.47,D
-13.10157,23.13807,341.04,0.39,0.36,2026-10-05,1210,N,VIIRS,n,2.0NRT,302.3,5.16,D
-13.09837,24.0738,335.78,0.38,0.36,2026-10-05,1210,N,VIIRS,n,2.0NRT,302.64,2.81,D
-13.0945,24.07681,331.44,0.38,0.36,2026-10-05,1210,N,VIIRS,l,2.0NRT,304.01,4.12,D
-13.09172,24.07274,349.75,0.38,0.36,2026-10-05,1210,N,VIIRS,n,2.0NRT,309.01,4.12,D
-13.09117,23.07016,335.3,0.39,0.36,2026-10-05,1210,N,VIIRS,n,2.0NRT,303.99,5.08,D
-13.08229,32.96617,336.48,0.34,0.56,2026-10-05,1210,N,VIIRS,n,2.0NRT,301.05,1.91,D
-13.08159,27.33056,336.48,0.47,0.39,2026-10-05,1210,N,VIIRS,n,2.0NRT,300.06,4.67,D
-13.08154,24.00582,350.52,0.38,0.36,2026-10-05,1210,N,VIIRS,n,2.0NRT,319.01,22.89,D
-13.081,24.00936,332.32,0.38,0.36,2026-10-05,1210,N,VIIRS,l,2.0NRT,305,22.89,D
-13.07876,24.00175,346.63,0.38,0.36,2026-10-05,1210,N,VIIRS,n,2.0NRT,307.04,9.04,D
-13.07822,24.00529,352.75,0.38,0.36,2026-10-05,1210,N,VIIRS,n,2.0NRT,314.74,8.13,D
-13.07767,24.00883,355.68,0.38,0.36,2026-10-05,1210,N,VIIRS,n,2.0NRT,307.41,8.13,D
-13.07668,24.23696,337.64,0.38,0.36,2026-10-05,1210,N,VIIRS,n,2.0NRT,307.04,2.82,D
-13.07613,24.2405,344.32,0.38,0.36,2026-10-05,1210,N,VIIRS,n,2.0NRT,305.04,2.82,D
-13.07559,24.24403,330.74,0.38,0.36,2026-10-05,1210,N,VIIRS,l,2.0NRT,305.03,1.92,D
-13.07543,24.00122,338.86,0.38,0.36,2026-10-05,1210,N,VIIRS,n,2.0NRT,304.9,9.04,D
-13.07489,24.00476,336.86,0.38,0.36,2026-10-05,1210,N,VIIRS,n,2.0NRT,304.57,8.13,D
-13.07435,24.0083,338.9,0.38,0.36,2026-10-05,1210,N,VIIRS,n,2.0NRT,305.97,8.13,D
-13.07381,24.01184,335.14,0.38,0.36,2026-10-05,1210,N,VIIRS,n,2.0NRT,303.35,6.73,D
-13.07357,27.31155,337.34,0.46,0.39,2026-10-05,1210,N,VIIRS,n,2.0NRT,299.93,5.41,D
-13.07216,24.19998,334.13,0.38,0.36,2026-10-05,1210,N,VIIRS,l,2.0NRT,306.41,2.69,D
-13.07211,24.00069,350.28,0.38,0.36,2026-10-05,1210,N,VIIRS,n,2.0NRT,311.45,19.29,D
-13.06946,22.98553,334.34,0.39,0.36,2026-10-05,1210,N,VIIRS,n,2.0NRT,298.52,10.63,D
-13.06892,22.98914,345.36,0.39,0.36,2026-10-05,1210,N,VIIRS,n,2.0NRT,308.31,46.67,D
-13.06839,22.99276,367,0.39,0.36,2026-10-05,1210,N,VIIRS,l,2.0NRT,333.71,46.67,D
-13.06785,22.99637,341.28,0.39,0.36,2026-10-05,1210,N,VIIRS,n,2.0NRT,315.38,33.52,D
-13.06611,22.985,336.88,0.39,0.36,2026-10-05,1210,N,VIIRS,n,2.0NRT,302.35,10.63,D
-13.06557,22.98862,350.12,0.39,0.36,2026-10-05,1210,N,VIIRS,n,2.0NRT,309.8,46.67,D
-13.06504,22.99223,350.1,0.39,0.36,2026-10-05,1210,N,VIIRS,n,2.0NRT,306.99,46.67,D
-13.0645,22.99584,333.34,0.39,0.36,2026-10-05,1210,N,VIIRS,l,2.0NRT,303.54,33.52,D
-13.06374,22.98797,337.5,0.39,0.36,2026-10-05,1210,N,VIIRS,n,2.0NRT,304.47,6.69,D
-13.06317,23.34841,336.81,0.39,0.36,2026-10-05,1210,N,VIIRS,n,2.0NRT,303.78,2.28,D
-13.05226,23.04159,347.09,0.39,0.36,2026-10-05,1210,N,VIIRS,n,2.0NRT,302.97,7.91,D
-13.05113,23.08605,344.97,0.39,0.36,2026-10-05,1210,N,VIIRS,n,2.0NRT,308.13,24.72,D
-13.04307,27.22744,336.64,0.46,0.39,2026-10-05,1210,N,VIIRS,n,2.0NRT,301.55,4.88,D
-13.04235,27.2317,330.03,0.46,0.39,2026-10-05,1210,N,VIIRS,n,2.0NRT,299.52,1.88,D
-13.04218,27.22807,341.18,0.46,0.39,2026-10-05,1210,N,VIIRS,n,2.0NRT,301.39,4.15,D
-13.03912,23.53051,331.88,0.39,0.36,2026-10-05,1210,N,VIIRS,l,2.0NRT,303.26,2.8,D
-13.03858,23.53406,346.48,0.39,0.36,2026-10-05,1210,N,VIIRS,n,2.0NRT,302.46,7.31,D
-13.0292,22.89751,340.19,0.39,0.36,2026-10-05,1210,N,VIIRS,n,2.0NRT,301.96,5.84,D
-13.02684,24.20723,334.23,0.38,0.36,2026-10-05,1210,N,VIIRS,l,2.0NRT,306,1.2,D
-13.02584,22.89699,350.94,0.39,0.36,2026-10-05,1210,N,VIIRS,n,2.0NRT,304.57,5.84,D
-13.02078,23.31256,335.77,0.39,0.36,2026-10-05,1210,N,VIIRS,n,2.0NRT,304.77,3.28,D
-13.02007,23.07346,338.28,0.39,0.36,2026-10-05,1210,N,VIIRS,n,2.0NRT,306.16,90.31,D
-13.01863,24.03929,330.32,0.38,0.36,2026-10-05,1210,N,VIIRS,l,2.0NRT,304.01,1.8,D
-13.01668,23.30046,338.5,0.39,0.36,2026-10-05,1210,N,VIIRS,n,2.0NRT,302.31,3.26,D
-13.01614,23.30403,341.52,0.39,0.36,2026-10-05,1210,N,VIIRS,n,2.0NRT,304.24,2.63,D
-13.0156,23.3076,331.77,0.39,0.36,2026-10-05,1210,N,VIIRS,l,2.0NRT,304.26,2.63,D
-13.01335,23.29994,343.91,0.39,0.36,2026-10-05,1210,N,VIIRS,n,2.0NRT,305.91,3.26,D
-13.01281,23.30351,333.34,0.39,0.36,2026-10-05,1210,N,VIIRS,n,2.0NRT,305.73,2.63,D
-13.01227,23.30708,332.76,0.39,0.36,2026-10-05,1210,N,VIIRS,n,2.0NRT,303.63,2.63,D
-13.01001,23.29942,331.29,0.39,0.36,2026-10-05,1210,N,VIIRS,n,2.0NRT,304.81,2.93,D
-13.00947,23.30299,348.42,0.39,0.36,2026-10-05,1210,N,VIIRS,n,2.0NRT,305.66,4.61,D
-13.00834,22.11814,331.96,0.41,0.37,2026-10-05,1210,N,VIIRS,l,2.0NRT,305.71,2.09,D
-13.00193,22.91925,350.05,0.39,0.36,2026-10-05,1210,N,VIIRS,n,2.0NRT,306.28,7.07,D
-12.9991,23.61509,332.43,0.39,0.36,2026-10-05,1210,N,VIIRS,n,2.0NRT,297.91,2.83,D
-12.99857,22.91873,348.36,0.39,0.36,2026-10-05,1210,N,VIIRS,n,2.0NRT,308.23,7.13,D
-12.99139,23.35495,338.15,0.39,0.36,2026-10-05,1210,N,VIIRS,n,2.0NRT,301.63,1.63,D
-12.9801,23.69555,331.26,0.38,0.36,2026-10-05,1210,N,VIIRS,n,2.0NRT,298.84,2.65,D
-12.97869,22.74406,350.64,0.4,0.37,2026-10-05,1210,N,VIIRS,n,2.0NRT,307.01,6.46,D
-12.97828,23.93077,332.96,0.38,0.36,2026-10-05,1210,N,VIIRS,l,2.0NRT,304.58,2.39,D
-12.97532,22.74354,338.83,0.4,0.37,2026-10-05,1210,N,VIIRS,n,2.0NRT,303.58,6.46,D
-12.96883,24.08132,334.71,0.38,0.36,2026-10-05,1210,N,VIIRS,n,2.0NRT,301.42,2.96,D
-12.94672,23.91489,332.32,0.38,0.36,2026-10-05,1210,N,VIIRS,l,2.0NRT,306.63,4.51,D
-12.94041,24.02252,332.38,0.38,0.36,2026-10-05,1210,N,VIIRS,l,2.0NRT,303.61,35.25,D
-12.9398,24.0043,340.03,0.38,0.36,2026-10-05,1210,N,VIIRS,n,2.0NRT,309.7,7.18,D
-12.93926,24.00784,346.7,0.38,0.36,2026-10-05,1210,N,VIIRS,n,2.0NRT,315.39,7.18,D
-12.93648,24.00377,339.21,0.38,0.36,2026-10-05,1210,N,VIIRS,n,2.0NRT,305.46,4.15,D
-12.9314,22.71436,337.94,0.4,0.37,2026-10-05,1210,N,VIIRS,n,2.0NRT,301.57,3.68,D
-12.92835,32.98317,333.68,0.35,0.56,2026-10-05,1210,N,VIIRS,n,2.0NRT,302.06,2.21,D
-12.9247,22.09447,333.52,0.41,0.37,2026-10-05,1210,N,VIIRS,l,2.0NRT,307.71,4.63,D
-12.90906,23.02622,333.71,0.39,0.36,2026-10-05,1210,N,VIIRS,n,2.0NRT,302.28,4.76,D
-12.90852,23.02982,332.97,0.39,0.36,2026-10-05,1210,N,VIIRS,n,2.0NRT,302.73,5.41,D
-12.89951,32.67858,336.44,0.33,0.55,2026-10-05,1210,N,VIIRS,n,2.0NRT,298.89,1.76,D
-12.89929,32.90535,338.95,0.34,0.56,2026-10-05,1210,N,VIIRS,n,2.0NRT,300.34,5.54,D
-12.86807,32.73257,334.28,0.33,0.56,2026-10-05,1210,N,VIIRS,n,2.0NRT,295.29,2.08,D
-12.86461,24.0099,338.7,0.38,0.36,2026-10-05,1210,N,VIIRS,n,2.0NRT,301.93,2.31,D
-12.86399,23.99168,332.98,0.38,0.36,2026-10-05,1210,N,VIIRS,n,2.0NRT,300.41,3.72,D
-12.86345,23.99522,349.59,0.38,0.36,2026-10-05,1210,N,VIIRS,n,2.0NRT,303.51,3.72,D
-12.86067,23.99115,337.51,0.38,0.36,2026-10-05,1210,N,VIIRS,n,2.0NRT,300,3.72,D
-12.84682,33.26332,334.47,0.36,0.57,2026-10-05,1210,N,VIIRS,n,2.0NRT,296.21,2.81,D
-12.84616,33.26667,335.24,0.36,0.57,2026-10-05,1210,N,VIIRS,n,2.0NRT,295.78,2.81,D
-12.8455,33.27004,333.71,0.36,0.57,2026-10-05,1210,N,VIIRS,n,2.0NRT,293.86,2.51,D
-12.78866,23.97897,353.64,0.38,0.36,2026-10-05,1210,N,VIIRS,n,2.0NRT,295.79,6.98,D
-12.76866,32.68884,333.6,0.33,0.55,2026-10-05,1210,N,VIIRS,n,2.0NRT,295.63,3.61,D
-12.76411,22.90448,348.36,0.39,0.36,2026-10-05,1210,N,VIIRS,n,2.0NRT,305.7,4.7,D
-12.7613,22.90032,331.07,0.39,0.36,2026-10-05,1210,N,VIIRS,l,2.0NRT,302.98,2.28,D
-12.76076,22.90394,334.78,0.39,0.36,2026-10-05,1210,N,VIIRS,n,2.0NRT,302.8,4.7,D
-12.74333,23.25,337.29,0.39,0.36,2026-10-05,1210,N,VIIRS,n,2.0NRT,301.02,1.6,D
-12.74242,23.63871,336.27,0.38,0.36,2026-10-05,1210,N,VIIRS,n,2.0NRT,302.65,2.65,D
-12.73802,23.64526,337.83,0.38,0.36,2026-10-05,1210,N,VIIRS,n,2.0NRT,304.67,2.8,D
-12.71813,32.75838,331.54,0.34,0.56,2026-10-05,1210,N,VIIRS,n,2.0NRT,299.56,4.28,D
-12.7101,22.68026,349.88,0.4,0.37,2026-10-05,1210,N,VIIRS,n,2.0NRT,309.09,13.4,D
-12.70685,22.10771,337.25,0.41,0.37,2026-10-05,1210,N,VIIRS,n,2.0NRT,301.6,4.32,D
-12.70287,22.11096,340.88,0.41,0.37,2026-10-05,1210,N,VIIRS,n,2.0NRT,301.95,9.1,D
-12.69945,22.11044,345.92,0.41,0.37,2026-10-05,1210,N,VIIRS,n,2.0NRT,303.07,25.93,D
-12.6968,28.18766,337.2,0.52,0.42,2026-10-05,1210,N,VIIRS,n,2.0NRT,286.65,5.7,D
-12.69493,22.11746,343.77,0.41,0.37,2026-10-05,1210,N,VIIRS,n,2.0NRT,300.03,24.46,D
-12.69298,28.18698,343.26,0.52,0.42,2026-10-05,1210,N,VIIRS,n,2.0NRT,290.32,5.7,D
-12.68916,28.18633,339.72,0.52,0.42,2026-10-05,1210,N,VIIRS,n,2.0NRT,291.7,7.85,D
-12.68786,23.68445,330.4,0.38,0.36,2026-10-05,1210,N,VIIRS,n,2.0NRT,305.08,2.28,D
-12.68292,33.74897,334.55,0.39,0.59,2026-10-05,1210,N,VIIRS,n,2.0NRT,298.82,2.97,D
-12.67266,22.64438,332.2,0.4,0.37,2026-10-05,1210,N,VIIRS,l,2.0NRT,306.14,3.57,D
-12.6718,23.45359,341.53,0.39,0.36,2026-10-05,1210,N,VIIRS,n,2.0NRT,304.24,4,D
-12.65689,23.4688,334.07,0.39,0.36,2026-10-05,1210,N,VIIRS,n,2.0NRT,302.8,2.98,D
-12.60168,22.88945,341.14,0.39,0.36,2026-10-05,1210,N,VIIRS,n,2.0NRT,308.22,19.17,D
-12.60114,22.89305,335.77,0.39,0.36,2026-10-05,1210,N,VIIRS,n,2.0NRT,305.44,17.72,D
-12.59322,22.59856,344.98,0.4,0.37,2026-10-05,1210,N,VIIRS,n,2.0NRT,298.19,5.79,D
-12.58881,22.88376,333.66,0.39,0.36,2026-10-05,1210,N,VIIRS,l,2.0NRT,304.74,2.26,D
-12.58577,23.77982,342.87,0.38,0.36,2026-10-05,1210,N,VIIRS,n,2.0NRT,305.27,8.97,D
-12.58545,22.88325,349.24,0.39,0.36,2026-10-05,1210,N,VIIRS,n,2.0NRT,305.73,7.28,D
-12.58245,23.77929,343.52,0.38,0.36,2026-10-05,1210,N,VIIRS,n,2.0NRT,300.17,8.97,D
-12.58192,23.78282,354.86,0.38,0.36,2026-10-05,1210,N,VIIRS,n,2.0NRT,309.2,8.97,D
-12.58138,23.78636,338.59,0.38,0.36,2026-10-05,1210,N,VIIRS,n,2.0NRT,305.92,7.37,D
-12.57683,23.25949,332.15,0.39,0.36,2026-10-05,1210,N,VIIRS,n,2.0NRT,301.59,4.59,D
-12.57629,23.26305,332.72,0.39,0.36,2026-10-05,1210,N,VIIRS,n,2.0NRT,302.39,5.76,D
-12.56423,33.5457,337.54,0.38,0.59,2026-10-05,1210,N,VIIRS,n,2.0NRT,299.37,3.75,D
-12.52904,22.60696,336.65,0.4,0.37,2026-10-05,1210,N,VIIRS,n,2.0NRT,304.98,3.22,D
-12.52621,22.60279,343.72,0.4,0.37,2026-10-05,1210,N,VIIRS,n,2.0NRT,303.14,6.22,D
-12.52001,22.5981,351.54,0.4,0.37,2026-10-05,1210,N,VIIRS,n,2.0NRT,306.71,13.19,D
-12.51342,23.22768,336.66,0.39,0.36,2026-10-05,1210,N,VIIRS,n,2.0NRT,304.27,7.87,D
-12.48805,22.60437,335.46,0.4,0.37,2026-10-05,1210,N,VIIRS,n,2.0NRT,305.05,11.05,D
-12.46818,33.24475,352.38,0.37,0.58,2026-10-05,1210,N,VIIRS,n,2.0NRT,303.91,4.02,D
-12.46753,33.24814,338.07,0.37,0.58,2026-10-05,1210,N,VIIRS,n,2.0NRT,304.18,4.02,D
-12.46523,23.43459,330.33,0.39,0.36,2026-10-05,1210,N,VIIRS,n,2.0NRT,301.57,1.78,D
-12.45601,26.83846,340.58,0.45,0.39,2026-10-05,1210,N,VIIRS,n,2.0NRT,294.46,11.51,D
-12.45308,22.62163,343.83,0.4,0.37,2026-10-05,1210,N,VIIRS,n,2.0NRT,300.62,11.66,D
-12.43787,22.60811,333.25,0.4,0.37,2026-10-05,1210,N,VIIRS,n,2.0NRT,298.15,2.97,D
-12.43623,25.69882,341.98,0.41,0.37,2026-10-05,1210,N,VIIRS,n,2.0NRT,302.21,6.47,D
-12.43158,25.24639,339.1,0.4,0.37,2026-10-05,1210,N,VIIRS,n,2.0NRT,306.69,3.93,D
-12.40652,25.07028,347.28,0.39,0.37,2026-10-05,1210,N,VIIRS,n,2.0NRT,300.43,10.72,D
-12.40433,31.91583,337.72,0.6,0.53,2026-10-05,1210,N,VIIRS,n,2.0NRT,300.79,6.79,D
-12.40295,26.89339,343.12,0.45,0.39,2026-10-05,1210,N,VIIRS,n,2.0NRT,299.62,11.47,D
-12.40227,26.89751,339.99,0.45,0.39,2026-10-05,1210,N,VIIRS,n,2.0NRT,300.65,11.47,D
-12.39842,26.76525,342.36,0.45,0.39,2026-10-05,1210,N,VIIRS,n,2.0NRT,303.08,5.67,D
-12.38862,26.891,342.06,0.45,0.39,2026-10-05,1210,N,VIIRS,n,2.0NRT,300.63,4.74,D
-12.38053,22.05463,330.1,0.41,0.37,2026-10-05,1210,N,VIIRS,n,2.0NRT,299.74,2.95,D
-12.37463,25.054,344.1,0.39,0.37,2026-10-05,1210,N,VIIRS,n,2.0NRT,298.72,6.2,D
-12.37184,25.57722,346.74,0.41,0.37,2026-10-05,1210,N,VIIRS,n,2.0NRT,304.24,11.99,D
-12.37152,25.81984,351.68,0.41,0.37,2026-10-05,1210,N,VIIRS,n,2.0NRT,301.36,9.26,D
-12.36809,25.81927,343.7,0.41,0.37,2026-10-05,1210,N,VIIRS,n,2.0NRT,304.53,7.32,D
-12.36807,25.62251,338.7,0.41,0.37,2026-10-05,1210,N,VIIRS,n,2.0NRT,299.49,4.38,D
-12.36563,25.57236,335.35,0.41,0.37,2026-10-05,1210,N,VIIRS,n,2.0NRT,299.07,4.03,D
-12.36187,24.80788,342.22,0.39,0.36,2026-10-05,1210,N,VIIRS,n,2.0NRT,298.8,8.48,D
-12.35777,27.01018,339.3,0.46,0.39,2026-10-05,1210,N,VIIRS,n,2.0NRT,300.91,5.77,D
-12.35683,25.60539,331.31,0.41,0.37,2026-10-05,1210,N,VIIRS,n,2.0NRT,301.18,3.03,D
-12.35226,25.04292,333.54,0.39,0.37,2026-10-05,1210,N,VIIRS,n,2.0NRT,299.85,6.64,D
-12.35103,24.89832,343.86,0.39,0.36,2026-10-05,1210,N,VIIRS,n,2.0NRT,303.53,24.01,D
-12.34052,25.53351,343.11,0.41,0.37,2026-10-05,1210,N,VIIRS,n,2.0NRT,296.84,5.86,D
-12.33445,26.89914,349.24,0.45,0.39,2026-10-05,1210,N,VIIRS,n,2.0NRT,301.15,8.11,D
-12.32959,25.55848,331.94,0.41,0.37,2026-10-05,1210,N,VIIRS,n,2.0NRT,297.01,1.01,D
-12.32282,32.49603,336.96,0.33,0.55,2026-10-05,1210,N,VIIRS,n,2.0NRT,299.99,2.09,D
-12.32077,32.49454,338.93,0.33,0.55,2026-10-05,1210,N,VIIRS,n,2.0NRT,301.57,1.57,D
-12.32019,32.49757,339,0.33,0.55,2026-10-05,1210,N,VIIRS,n,2.0NRT,303.85,1.57,D
-12.31896,25.23133,332.2,0.4,0.37,2026-10-05,1210,N,VIIRS,n,2.0NRT,299.49,1.51,D
-12.31773,32.49507,342.88,0.33,0.55,2026-10-05,1210,N,VIIRS,n,2.0NRT,304.17,2.09,D
-12.31673,24.92908,334.01,0.39,0.36,2026-10-05,1210,N,VIIRS,n,2.0NRT,298.99,2.98,D
-12.31502,26.97306,330.06,0.46,0.39,2026-10-05,1210,N,VIIRS,n,2.0NRT,294.06,2.94,D
-12.31255,31.72081,340.25,0.58,0.52,2026-10-05,1210,N,VIIRS,n,2.0NRT,299.72,3.98,D
-12.30932,25.44465,335.94,0.4,0.37,2026-10-05,1210,N,VIIRS,n,2.0NRT,302.12,5.6,D
-12.30705,27.06725,338.04,0.46,0.39,2026-10-05,1210,N,VIIRS,n,2.0NRT,286.79,5.83,D
-12.30635,25.08334,343.24,0.4,0.37,2026-10-05,1210,N,VIIRS,n,2.0NRT,307.03,31.16,D
-12.29992,22.5791,336.92,0.4,0.37,2026-10-05,1210,N,VIIRS,n,2.0NRT,304.87,4.3,D
-12.29797,25.45037,336.51,0.4,0.37,2026-10-05,1210,N,VIIRS,n,2.0NRT,302.28,4.26,D
-12.29546,25.48791,335.89,0.4,0.37,2026-10-05,1210,N,VIIRS,n,2.0NRT,302.08,3.37,D
-12.29459,22.82268,332.95,0.39,0.36,2026-10-05,1210,N,VIIRS,n,2.0NRT,302.18,2.23,D
-12.28926,24.97277,334.96,0.39,0.36,2026-10-05,1210,N,VIIRS,n,2.0NRT,300.01,3.02,D
-12.28911,25.50592,338.72,0.4,0.37,2026-10-05,1210,N,VIIRS,n,2.0NRT,304.99,3.97,D
-12.28822,25.15498,331.72,0.4,0.37,2026-10-05,1210,N,VIIRS,n,2.0NRT,299.89,2.77,D
-12.26967,26.47357,337.99,0.44,0.38,2026-10-05,1210,N,VIIRS,n,2.0NRT,302.88,4.02,D
-12.26468,22.52863,345.93,0.4,0.37,2026-10-05,1210,N,VIIRS,n,2.0NRT,303.29,12.85,D
-12.26131,22.52812,349.28,0.4,0.37,2026-10-05,1210,N,VIIRS,n,2.0NRT,304.18,8.33,D
-12.25739,25.70401,330.19,0.41,0.37,2026-10-05,1210,N,VIIRS,n,2.0NRT,298.92,2.65,D
-12.25119,22.52657,339.52,0.4,0.37,2026-10-05,1210,N,VIIRS,n,2.0NRT,303.38,4.67,D
-12.25036,26.39278,333.18,0.43,0.38,2026-10-05,1210,N,VIIRS,n,2.0NRT,299.92,1.9,D
-12.24847,22.54479,345.89,0.4,0.37,2026-10-05,1210,N,VIIRS,n,2.0NRT,305.97,12.03,D
-12.23712,25.54713,337.4,0.41,0.37,2026-10-05,1210,N,VIIRS,n,2.0NRT,304.1,2.09,D
-12.23701,25.04216,346.98,0.39,0.37,2026-10-05,1210,N,VIIRS,n,2.0NRT,299.21,5.97,D
-12.23692,25.54688,338.3,0.41,0.37,2026-10-05,1210,N,VIIRS,n,2.0NRT,305.4,4.04,D
-12.22223,25.68265,353.59,0.41,0.37,2026-10-05,1210,N,VIIRS,n,2.0NRT,300.35,10.64,D
-12.20813,31.53958,336.96,0.57,0.52,2026-10-05,1210,N,VIIRS,n,2.0NRT,296.16,7,D
-12.20367,32.98964,330.81,0.36,0.57,2026-10-05,1210,N,VIIRS,l,2.0NRT,301.31,3.58,D
-12.19508,22.53288,342.23,0.4,0.37,2026-10-05,1210,N,VIIRS,n,2.0NRT,303.72,7.26,D
-12.19507,25.52458,343.47,0.41,0.37,2026-10-05,1210,N,VIIRS,n,2.0NRT,299.65,8.13,D
-12.19474,26.93251,331.06,0.46,0.39,2026-10-05,1210,N,VIIRS,l,2.0NRT,301.51,4.21,D
-12.19212,26.68088,337.8,0.45,0.39,2026-10-05,1210,N,VIIRS,n,2.0NRT,298.32,8.42,D
-12.19167,25.52401,345.81,0.41,0.37,2026-10-05,1210,N,VIIRS,n,2.0NRT,298.96,9.99,D
-12.18192,25.122,343.53,0.4,0.37,2026-10-05,1210,N,VIIRS,n,2.0NRT,298.18,4.15,D
-12.18155,26.78904,337.23,0.45,0.39,2026-10-05,1210,N,VIIRS,n,2.0NRT,299.22,1.88,D
-12.14398,25.05614,336.4,0.4,0.37,2026-10-05,1210,N,VIIRS,n,2.0NRT,301.63,6.56,D
-12.14147,22.73228,335.44,0.39,0.36,2026-10-05,1210,N,VIIRS,l,2.0NRT,305.48,3.72,D
-12.14093,22.73589,342.26,0.39,0.36,2026-10-05,1210,N,VIIRS,n,2.0NRT,311.1,3.72,D
-12.13657,26.80724,341.24,0.45,0.39,2026-10-05,1210,N,VIIRS,n,2.0NRT,298.61,3.46,D
-12.12691,31.26557,345.17,0.55,0.51,2026-10-05,1210,N,VIIRS,n,2.0NRT,300.52,10.59,D
-12.12604,31.26241,343.11,0.55,0.51,2026-10-05,1210,N,VIIRS,n,2.0NRT,299.76,4.59,D
-12.11549,22.71299,330.04,0.39,0.36,2026-10-05,1210,N,VIIRS,l,2.0NRT,304.57,4.26,D
-12.10786,32.54984,354.03,0.33,0.56,2026-10-05,1210,N,VIIRS,n,2.0NRT,303.75,4.4,D
-12.10731,32.55286,336.32,0.33,0.56,2026-10-05,1210,N,VIIRS,n,2.0NRT,302.46,4.4,D
-12.10432,32.55114,351.43,0.33,0.56,2026-10-05,1210,N,VIIRS,n,2.0NRT,301.71,8.88,D
-12.10029,32.65538,367,0.34,0.56,2026-10-05,1210,N,VIIRS,h,2.0NRT,299.18,5.16,D
-12.08846,33.05939,336,0.36,0.58,2026-10-05,1210,N,VIIRS,n,2.0NRT,302.51,6.2,D
-12.08341,26.39771,337.39,0.44,0.38,2026-10-05,1210,N,VIIRS,n,2.0NRT,291.17,14.33,D
-12.06641,26.89816,334.88,0.46,0.39,2026-10-05,1210,N,VIIRS,n,2.0NRT,297.57,2.51,D
-12.04439,23.07217,336.66,0.39,0.36,2026-10-05,1210,N,VIIRS,n,2.0NRT,302.13,2.28,D
-12.0402,22.91819,332.64,0.39,0.36,2026-10-05,1210,N,VIIRS,l,2.0NRT,302.79,1.96,D
-12.01901,32.93644,341.96,0.36,0.57,2026-10-05,1210,N,VIIRS,n,2.0NRT,305.42,2.65,D
-12.0166,22.41899,332.76,0.4,0.37,2026-10-05,1210,N,VIIRS,l,2.0NRT,305.3,3.54,D
-12.01217,31.4045,336.06,0.56,0.52,2026-10-05,1210,N,VIIRS,n,2.0NRT,299.92,6.83,D
-12.00673,31.5135,332.28,0.57,0.52,2026-10-05,1210,N,VIIRS,n,2.0NRT,300.08,2.91,D
-12.0044,31.71528,345.88,0.59,0.53,2026-10-05,1210,N,VIIRS,n,2.0NRT,304.85,14.69,D
-11.99735,33.72019,341.11,0.4,0.6,2026-10-05,1210,N,VIIRS,n,2.0NRT,293.76,4.96,D
-11.99567,33.72005,334.86,0.4,0.6,2026-10-05,1210,N,VIIRS,n,2.0NRT,292.28,3.66,D
-11.98267,26.57066,334.47,0.44,0.39,2026-10-05,1210,N,VIIRS,n,2.0NRT,299.97,5.67,D
-11.97434,31.50126,345.3,0.57,0.52,2026-10-05,1210,N,VIIRS,n,2.0NRT,300.37,7.71,D
-11.96419,23.06653,335.28,0.39,0.36,2026-10-05,1210,N,VIIRS,n,2.0NRT,307.44,33.45,D
-11.95631,26.86289,335.4,0.46,0.39,2026-10-05,1210,N,VIIRS,n,2.0NRT,284.4,4.32,D
-11.93525,31.58629,344.69,0.58,0.52,2026-10-05,1210,N,VIIRS,n,2.0NRT,302.65,10.77,D
-11.93409,25.75897,331.48,0.41,0.37,2026-10-05,1210,N,VIIRS,n,2.0NRT,286.37,6.06,D
-11.89013,31.64174,333.2,0.59,0.53,2026-10-05,1210,N,VIIRS,n,2.0NRT,301.84,7.76,D
-11.88659,31.52629,336.04,0.58,0.52,2026-10-05,1210,N,VIIRS,n,2.0NRT,301.15,7.55,D
-11.88627,31.55479,339.22,0.58,0.52,2026-10-05,1210,N,VIIRS,n,2.0NRT,300.74,5.52,D
-11.88529,31.64081,338.64,0.59,0.53,2026-10-05,1210,N,VIIRS,n,2.0NRT,299.94,7.76,D
-11.88485,22.98133,331.9,0.39,0.36,2026-10-05,1210,N,VIIRS,l,2.0NRT,306.11,2.04,D
-11.88058,23.1008,337.96,0.39,0.36,2026-10-05,1210,N,VIIRS,n,2.0NRT,305.55,5.24,D
-11.87817,23.16215,336.03,0.39,0.36,2026-10-05,1210,N,VIIRS,n,2.0NRT,303.11,5.34,D
-11.87725,23.10028,347.82,0.39,0.36,2026-10-05,1210,N,VIIRS,n,2.0NRT,309.92,16.33,D
-11.87344,31.52127,349.04,0.58,0.52,2026-10-05,1210,N,VIIRS,n,2.0NRT,304.59,16.64,D
-11.87218,31.52364,343.24,0.58,0.52,2026-10-05,1210,N,VIIRS,n,2.0NRT,304.94,14.63,D
-11.86191,24.84984,341.58,0.39,0.36,2026-10-05,1210,N,VIIRS,n,2.0NRT,297.81,5.74,D
-11.85746,24.83438,343.45,0.39,0.36,2026-10-05,1210,N,VIIRS,n,2.0NRT,300.73,5.05,D
-11.85413,26.56726,333.61,0.44,0.39,2026-10-05,1210,N,VIIRS,n,2.0NRT,292.83,4.42,D
-11.85341,26.5661,331.69,0.44,0.39,2026-10-05,1210,N,VIIRS,n,2.0NRT,293.02,4.04,D
-11.82672,31.7815,331.77,0.6,0.53,2026-10-05,1210,N,VIIRS,n,2.0NRT,293.26,5.66,D
-11.82458,31.77732,340.05,0.6,0.53,2026-10-05,1210,N,VIIRS,n,2.0NRT,292.74,6.76,D
-11.82297,31.77424,332.34,0.6,0.53,2026-10-05,1210,N,VIIRS,n,2.0NRT,292.22,7.18,D
-11.82292,26.37941,334.16,0.44,0.38,2026-10-05,1210,N,VIIRS,n,2.0NRT,292.86,7,D
-11.82227,26.38339,343.34,0.44,0.38,2026-10-05,1210,N,VIIRS,n,2.0NRT,294.43,7,D
-11.8194,26.37884,335.18,0.44,0.38,2026-10-05,1210,N,VIIRS,n,2.0NRT,290.16,7,D
-11.81874,26.38282,342.7,0.44,0.38,2026-10-05,1210,N,VIIRS,n,2.0NRT,294.24,7,D
-11.78405,23.18363,343.75,0.39,0.36,2026-10-05,1210,N,VIIRS,n,2.0NRT,302.81,17.36,D
-11.77177,31.94428,341.82,0.62,0.54,2026-10-05,1210,N,VIIRS,n,2.0NRT,292.89,6.45,D
-11.76829,31.9402,335.51,0.62,0.54,2026-10-05,1210,N,VIIRS,n,2.0NRT,297.95,17.03,D
-11.76782,31.93785,336.86,0.62,0.54,2026-10-05,1210,N,VIIRS,n,2.0NRT,298.76,10.51,D
-11.76679,31.94349,337.5,0.62,0.54,2026-10-05,1210,N,VIIRS,n,2.0NRT,296.45,6.63,D
-11.76285,31.93704,337.29,0.62,0.54,2026-10-05,1210,N,VIIRS,n,2.0NRT,298.71,10.51,D
-11.76182,31.94269,332.33,0.62,0.54,2026-10-05,1210,N,VIIRS,n,2.0NRT,296.24,6.63,D
-11.75893,31.93053,340.66,0.62,0.54,2026-10-05,1210,N,VIIRS,n,2.0NRT,296.14,9.52,D
-11.75788,31.93623,340.57,0.62,0.54,2026-10-05,1210,N,VIIRS,n,2.0NRT,294.01,9.52,D
-11.75296,22.46056,347.1,0.4,0.37,2026-10-05,1210,N,VIIRS,n,2.0NRT,305.54,4.11,D
-11.75073,33.32046,342.91,0.38,0.59,2026-10-05,1210,N,VIIRS,n,2.0NRT,297.28,4.78,D
-11.74622,22.45952,336.44,0.4,0.37,2026-10-05,1210,N,VIIRS,n,2.0NRT,296.74,5.67,D
-11.71125,22.92482,343.7,0.39,0.36,2026-10-05,1210,N,VIIRS,n,2.0NRT,303.5,5.59,D
-11.69465,22.42887,341.9,0.4,0.37,2026-10-05,1210,N,VIIRS,l,2.0NRT,312.71,4.74,D
-11.69357,22.43614,343.43,0.4,0.37,2026-10-05,1210,N,VIIRS,l,2.0NRT,314.19,11.14,D
-11.69178,31.85231,339.57,0.61,0.54,2026-10-05,1210,N,VIIRS,n,2.0NRT,296.9,4.9,D
-11.68828,22.7012,332.55,0.39,0.36,2026-10-05,1210,N,VIIRS,l,2.0NRT,304.78,1.18,D
-11.68629,22.43875,339.75,0.4,0.37,2026-10-05,1210,N,VIIRS,l,2.0NRT,309.97,5.08,D
-11.68575,22.44238,340.39,0.4,0.37,2026-10-05,1210,N,VIIRS,l,2.0NRT,311.55,5.08,D
-11.68302,24.94981,337.19,0.4,0.37,2026-10-05,1210,N,VIIRS,n,2.0NRT,301.62,2.64,D
-11.68151,24.94915,343.13,0.4,0.37,2026-10-05,1210,N,VIIRS,n,2.0NRT,300.72,7.25,D
-11.67984,24.93778,339.96,0.4,0.37,2026-10-05,1210,N,VIIRS,n,2.0NRT,300.17,5.62,D
-11.67404,31.80583,343.22,0.61,0.53,2026-10-05,1210,N,VIIRS,n,2.0NRT,295.34,9.81,D
-11.64436,27.21775,347.13,0.48,0.4,2026-10-05,1210,N,VIIRS,n,2.0NRT,294.18,11.07,D
-11.64316,27.21662,336.77,0.48,0.4,2026-10-05,1210,N,VIIRS,n,2.0NRT,294.79,10.11,D
-11.64242,27.22099,336.38,0.48,0.4,2026-10-05,1210,N,VIIRS,n,2.0NRT,293.69,10.11,D
-11.64068,27.21715,346.87,0.48,0.4,2026-10-05,1210,N,VIIRS,n,2.0NRT,291.58,11.07,D
-11.63366,31.91448,337.64,0.62,0.54,2026-10-05,1210,N,VIIRS,n,2.0NRT,292.57,14.36,D
-11.63008,33.47277,341.44,0.39,0.6,2026-10-05,1210,N,VIIRS,n,2.0NRT,303.39,5.24,D
-11.61458,22.19221,336.71,0.4,0.37,2026-10-05,1210,N,VIIRS,n,2.0NRT,304.36,4.31,D
-11.60483,22.16438,342.91,0.4,0.37,2026-10-05,1210,N,VIIRS,n,2.0NRT,306.61,7.47,D
-11.59282,31.76949,336.69,0.61,0.53,2026-10-05,1210,N,VIIRS,n,2.0NRT,299.37,5.55,D
-11.5861,22.15023,330.49,0.4,0.37,2026-10-05,1210,N,VIIRS,l,2.0NRT,300.61,2.4,D
-11.58325,22.14603,337.28,0.4,0.37,2026-10-05,1210,N,VIIRS,n,2.0NRT,302.95,2.4,D
-11.58271,22.14971,334.86,0.4,0.37,2026-10-05,1210,N,VIIRS,n,2.0NRT,302.26,2.4,D
-11.57986,22.14551,339.09,0.4,0.37,2026-10-05,1210,N,VIIRS,n,2.0NRT,302.01,4.02,D
-11.55266,31.23153,335,0.56,0.51,2026-10-05,1210,N,VIIRS,n,2.0NRT,299.53,7.68,D
-11.5508,22.03551,337.23,0.4,0.37,2026-10-05,1210,N,VIIRS,l,2.0NRT,307.34,10.29,D
-11.5497,22.04292,337.84,0.4,0.37,2026-10-05,1210,N,VIIRS,n,2.0NRT,307.34,5.36,D
-11.5474,22.035,336.88,0.4,0.37,2026-10-05,1210,N,VIIRS,n,2.0NRT,306.54,10.29,D
-11.5463,22.04241,339.4,0.4,0.37,2026-10-05,1210,N,VIIRS,n,2.0NRT,304.44,5.36,D
-11.53651,31.91032,339.31,0.62,0.54,2026-10-05,1210,N,VIIRS,n,2.0NRT,295.37,9.69,D
-11.53278,22.96889,337.24,0.39,0.36,2026-10-05,1210,N,VIIRS,n,2.0NRT,301.2,5.63,D
-11.53263,31.9035,342.64,0.62,0.54,2026-10-05,1210,N,VIIRS,n,2.0NRT,296.32,9.69,D
-11.5185,33.55304,354.3,0.4,0.6,2026-10-05,1210,N,VIIRS,n,2.0NRT,300.94,4.29,D
-11.51469,22.72544,343.26,0.39,0.36,2026-10-05,1210,N,VIIRS,n,2.0NRT,305.29,3.58,D
-11.51413,33.18729,335.2,0.38,0.59,2026-10-05,1210,N,VIIRS,n,2.0NRT,298.92,3.32,D
-11.51126,22.25534,340.23,0.4,0.37,2026-10-05,1210,N,VIIRS,n,2.0NRT,302.95,4.82,D
-11.51107,27.32356,336.74,0.49,0.4,2026-10-05,1210,N,VIIRS,n,2.0NRT,298.2,4.76,D
-11.50873,27.3266,331.97,0.49,0.4,2026-10-05,1210,N,VIIRS,n,2.0NRT,297.15,4.13,D
-11.49906,22.89824,336.4,0.39,0.36,2026-10-05,1210,N,VIIRS,n,2.0NRT,305.01,5.35,D
-11.4914,31.93202,330.79,0.62,0.54,2026-10-05,1210,N,VIIRS,n,2.0NRT,298.28,8.83,D
-11.47517,22.89816,342.98,0.39,0.36,2026-10-05,1210,N,VIIRS,n,2.0NRT,306.66,19.26,D
-11.47174,26.27615,348.84,0.44,0.38,2026-10-05,1210,N,VIIRS,n,2.0NRT,291.57,11.24,D
-11.47155,26.27641,348.15,0.44,0.38,2026-10-05,1210,N,VIIRS,n,2.0NRT,291.31,11.73,D
-11.46679,31.78673,341.53,0.61,0.54,2026-10-05,1210,N,VIIRS,n,2.0NRT,294.24,11.4,D
-11.46581,31.79207,336.55,0.61,0.54,2026-10-05,1210,N,VIIRS,n,2.0NRT,300.74,11.4,D
-11.46552,22.81278,341.61,0.39,0.36,2026-10-05,1210,N,VIIRS,l,2.0NRT,314.42,21.92,D
-11.46184,31.78592,332.66,0.61,0.54,2026-10-05,1210,N,VIIRS,n,2.0NRT,295.49,8.94,D
-11.46086,31.79132,347.24,0.61,0.54,2026-10-05,1210,N,VIIRS,n,2.0NRT,297.56,8.94,D
-11.45567,32.15064,335.88,0.32,0.55,2026-10-05,1210,N,VIIRS,n,2.0NRT,301.11,2.56,D
-11.44684,22.17042,345.32,0.4,0.37,2026-10-05,1210,N,VIIRS,n,2.0NRT,300.63,13.94,D
-11.44436,26.28823,337.29,0.44,0.38,2026-10-05,1210,N,VIIRS,n,2.0NRT,296.1,5.72,D
-11.42585,22.7811,339.57,0.39,0.36,2026-10-05,1210,N,VIIRS,n,2.0NRT,306.1,2.58,D
-11.42531,22.78467,331.12,0.39,0.36,2026-10-05,1210,N,VIIRS,l,2.0NRT,305.83,2.58,D
-11.40987,31.9854,331.8,0.63,0.54,2026-10-05,1210,N,VIIRS,n,2.0NRT,301.7,8.97,D
-11.40263,24.39273,331.46,0.39,0.36,2026-10-05,1210,N,VIIRS,n,2.0NRT,299.64,2.21,D
-11.38763,24.37941,336.95,0.39,0.36,2026-10-05,1210,N,VIIRS,n,2.0NRT,301.16,8.65,D
-11.3843,24.37888,341.94,0.39,0.36,2026-10-05,1210,N,VIIRS,n,2.0NRT,302.56,5.29,D
-11.37118,21.95474,345.34,0.41,0.37,2026-10-05,1210,N,VIIRS,n,2.0NRT,303.11,3.45,D
-11.36903,22.08714,332.33,0.4,0.37,2026-10-05,1210,N,VIIRS,l,2.0NRT,303.64,2.43,D
-11.36596,32.11027,338.06,0.32,0.55,2026-10-05,1210,N,VIIRS,n,2.0NRT,304.06,4.24,D
-11.36548,32.00161,339.31,0.63,0.54,2026-10-05,1210,N,VIIRS,n,2.0NRT,301.42,8.02,D
-11.36429,32.11926,347.46,0.32,0.55,2026-10-05,1210,N,VIIRS,n,2.0NRT,304.01,21.47,D
-11.36373,32.12227,367,0.32,0.55,2026-10-05,1210,N,VIIRS,h,2.0NRT,304.3,28.26,D
-11.36198,22.48477,338.03,0.39,0.36,2026-10-05,1210,N,VIIRS,n,2.0NRT,306.16,4.8,D
-11.35275,22.72924,344.27,0.39,0.36,2026-10-05,1210,N,VIIRS,n,2.0NRT,307.78,8.24,D
-11.34825,22.15502,345.4,0.4,0.37,2026-10-05,1210,N,VIIRS,n,2.0NRT,310.03,77.93,D
-11.3403,31.69278,345.33,0.61,0.53,2026-10-05,1210,N,VIIRS,n,2.0NRT,300.03,40.19,D
-11.33789,22.3924,339.27,0.4,0.37,2026-10-05,1210,N,VIIRS,n,2.0NRT,306.36,7.05,D
-11.33559,22.38464,333.9,0.4,0.37,2026-10-05,1210,N,VIIRS,l,2.0NRT,306.05,2.56,D
-11.33506,22.38826,339.63,0.4,0.37,2026-10-05,1210,N,VIIRS,n,2.0NRT,306.81,2.56,D
-11.33452,22.39188,340.55,0.4,0.37,2026-10-05,1210,N,VIIRS,n,2.0NRT,305.39,3.32,D
-11.32171,22.75372,332.92,0.39,0.36,2026-10-05,1210,N,VIIRS,n,2.0NRT,302.33,7.05,D
-11.32074,25.9413,342.2,0.42,0.38,2026-10-05,1210,N,VIIRS,n,2.0NRT,299.18,13.43,D
-11.31609,22.74554,342.84,0.39,0.36,2026-10-05,1210,N,VIIRS,n,2.0NRT,307.13,16.41,D
-11.30292,25.20539,340.22,0.4,0.37,2026-10-05,1210,N,VIIRS,n,2.0NRT,302.22,4.81,D
-11.2969,33.34772,337.16,0.39,0.59,2026-10-05,1210,N,VIIRS,n,2.0NRT,301.19,4.62,D
-11.29072,24.30532,332.28,0.39,0.36,2026-10-05,1210,N,VIIRS,l,2.0NRT,302.92,2.9,D
-11.28962,24.31241,335.22,0.39,0.36,2026-10-05,1210,N,VIIRS,n,2.0NRT,302.03,2.54,D
-11.28768,30.84909,350.29,0.53,0.5,2026-10-05,1210,N,VIIRS,n,2.0NRT,301.69,17.49,D
-11.28158,30.69831,345.67,0.52,0.5,2026-10-05,1210,N,VIIRS,n,2.0NRT,297.33,54.41,D
-11.26771,25.12051,340.72,0.4,0.37,2026-10-05,1210,N,VIIRS,n,2.0NRT,300.01,10.57,D
-11.26305,25.14985,345.32,0.4,0.37,2026-10-05,1210,N,VIIRS,n,2.0NRT,298.36,18.39,D
-11.25221,31.86396,341.29,0.62,0.54,2026-10-05,1210,N,VIIRS,n,2.0NRT,298.69,8.92,D
-11.25215,25.28418,338.46,0.41,0.37,2026-10-05,1210,N,VIIRS,n,2.0NRT,302.37,6.53,D
-11.25181,31.8671,335.64,0.63,0.54,2026-10-05,1210,N,VIIRS,n,2.0NRT,295.74,6.73,D
-11.25128,28.07493,332.79,0.54,0.42,2026-10-05,1210,N,VIIRS,n,2.0NRT,283.2,8.74,D
-11.24823,28.06931,354.37,0.54,0.42,2026-10-05,1210,N,VIIRS,n,2.0NRT,282.8,10.57,D
-11.2474,28.07425,344.89,0.54,0.42,2026-10-05,1210,N,VIIRS,n,2.0NRT,283.58,10.57,D
-11.23693,25.27032,334.47,0.41,0.37,2026-10-05,1210,N,VIIRS,n,2.0NRT,300.69,4.59,D
-11.23487,25.327,332.59,0.41,0.37,2026-10-05,1210,N,VIIRS,n,2.0NRT,302.49,2.77,D
-11.23404,22.71035,338.91,0.39,0.36,2026-10-05,1210,N,VIIRS,n,2.0NRT,305.71,2.78,D
-11.23353,25.26976,334.44,0.41,0.37,2026-10-05,1210,N,VIIRS,n,2.0NRT,298.94,4.59,D
-11.22436,25.19633,337.14,0.4,0.37,2026-10-05,1210,N,VIIRS,n,2.0NRT,297.01,2.45,D
-11.22273,26.40966,336.4,0.44,0.39,2026-10-05,1210,N,VIIRS,n,2.0NRT,303,7.2,D
-11.22067,32.06754,343.18,0.32,0.55,2026-10-05,1210,N,VIIRS,n,2.0NRT,300.94,2.86,D
-11.22012,32.07057,338.43,0.32,0.55,2026-10-05,1210,N,VIIRS,n,2.0NRT,299.01,2.86,D
-11.21903,32.06676,347.64,0.32,0.55,2026-10-05,1210,N,VIIRS,n,2.0NRT,301.58,6.32,D
-11.21846,32.06979,348.67,0.32,0.55,2026-10-05,1210,N,VIIRS,n,2.0NRT,299.74,6.85,D
-11.21669,31.8905,331.27,0.63,0.54,2026-10-05,1210,N,VIIRS,n,2.0NRT,302.96,21.4,D
-11.21459,31.9019,341.97,0.63,0.54,2026-10-05,1210,N,VIIRS,n,2.0NRT,299.74,11.28,D
-11.21172,31.88951,367,0.63,0.54,2026-10-05,1210,N,VIIRS,h,2.0NRT,305.57,21.4,D
-11.20961,31.90099,342.51,0.63,0.54,2026-10-05,1210,N,VIIRS,n,2.0NRT,299.8,11.28,D
-11.20437,31.54491,342.39,0.6,0.53,2026-10-05,1210,N,VIIRS,n,2.0NRT,302.48,6.35,D
-11.20273,32.08016,367,0.32,0.55,2026-10-05,1210,N,VIIRS,h,2.0NRT,300.75,5.61,D
-11.20168,25.35975,334.56,0.41,0.37,2026-10-05,1210,N,VIIRS,n,2.0NRT,302.78,13.67,D
-11.20134,31.54739,342.52,0.6,0.53,2026-10-05,1210,N,VIIRS,n,2.0NRT,302.42,17.23,D
-11.19887,25.35545,332.3,0.41,0.37,2026-10-05,1210,N,VIIRS,n,2.0NRT,301.67,20.01,D
-11.19827,25.35918,334.44,0.41,0.37,2026-10-05,1210,N,VIIRS,n,2.0NRT,299.79,13.67,D
-11.18111,22.88053,334.24,0.39,0.36,2026-10-05,1210,N,VIIRS,n,2.0NRT,301.47,3.09,D
-11.17733,32.34242,334.06,0.34,0.56,2026-10-05,1210,N,VIIRS,n,2.0NRT,299.81,3.86,D
-11.17588,32.34303,350.86,0.34,0.56,2026-10-05,1210,N,VIIRS,n,2.0NRT,300.68,5.78,D
-11.17476,32.61219,339.07,0.35,0.57,2026-10-05,1210,N,VIIRS,n,2.0NRT,304.26,4.88,D
-11.1714,33.08497,337.59,0.38,0.59,2026-10-05,1210,N,VIIRS,n,2.0NRT,303.28,2.67,D
-11.16981,32.14557,347.71,0.33,0.55,2026-10-05,1210,N,VIIRS,n,2.0NRT,301.77,3.39,D
-11.16954,24.90257,347.13,0.4,0.37,2026-10-05,1210,N,VIIRS,n,2.0NRT,294.04,10.38,D
-11.16924,32.14865,340.44,0.33,0.55,2026-10-05,1210,N,VIIRS,n,2.0NRT,303.44,3.39,D
-11.16867,32.15178,336.03,0.33,0.55,2026-10-05,1210,N,VIIRS,n,2.0NRT,303.67,4.5,D
-11.1681,32.15487,331.79,0.33,0.55,2026-10-05,1210,N,VIIRS,n,2.0NRT,301.18,4.5,D
-11.16666,33.0805,341.67,0.38,0.58,2026-10-05,1210,N,VIIRS,n,2.0NRT,304.19,4.89,D
-11.166,33.08395,342.32,0.38,0.59,2026-10-05,1210,N,VIIRS,n,2.0NRT,304.75,6.39,D
-11.16476,25.10748,338.6,0.4,0.37,2026-10-05,1210,N,VIIRS,n,2.0NRT,305.66,8.68,D
-11.16138,25.10692,347.71,0.4,0.37,2026-10-05,1210,N,VIIRS,n,2.0NRT,301.6,5.96,D
-11.15973,32.14335,349.38,0.33,0.55,2026-10-05,1210,N,VIIRS,n,2.0NRT,298.46,4.55,D
-11.15656,25.37914,344.64,0.41,0.37,2026-10-05,1210,N,VIIRS,n,2.0NRT,299.3,6.6,D
-11.14715,33.54224,347.98,0.41,0.6,2026-10-05,1210,N,VIIRS,n,2.0NRT,300.33,6.63,D
-11.14644,33.546,350.76,0.41,0.6,2026-10-05,1210,N,VIIRS,n,2.0NRT,301.45,9.41,D
-11.1449,33.54334,345.89,0.4,0.6,2026-10-05,1210,N,VIIRS,n,2.0NRT,299.68,7.71,D
-11.1435,32.14602,333.04,0.33,0.55,2026-10-05,1210,N,VIIRS,n,2.0NRT,297.1,2.03,D
-11.1434,32.20312,367,0.33,0.55,2026-10-05,1210,N,VIIRS,h,2.0NRT,299.43,5.19,D
-11.1409,22.12321,346.26,0.4,0.37,2026-10-05,1210,N,VIIRS,n,2.0NRT,302.26,25.31,D
-11.14036,22.12687,336.96,0.4,0.37,2026-10-05,1210,N,VIIRS,n,2.0NRT,304.57,25.31,D
-11.13891,32.19894,346.96,0.33,0.55,2026-10-05,1210,N,VIIRS,n,2.0NRT,302.27,4.95,D
-11.13796,22.35351,334.36,0.4,0.37,2026-10-05,1210,N,VIIRS,n,2.0NRT,299.03,5.23,D
-11.13786,32.17631,367,0.33,0.55,2026-10-05,1210,N,VIIRS,h,2.0NRT,304.38,8.05,D
-11.13726,32.17951,338.4,0.33,0.55,2026-10-05,1210,N,VIIRS,n,2.0NRT,299.46,8.05,D
-11.13667,32.18271,348.98,0.33,0.55,2026-10-05,1210,N,VIIRS,n,2.0NRT,301.39,7.51,D
-11.13388,32.19764,343.84,0.33,0.55,2026-10-05,1210,N,VIIRS,n,2.0NRT,301.39,4.95,D
-11.13372,32.25527,345.02,0.33,0.55,2026-10-05,1210,N,VIIRS,n,2.0NRT,301.69,3.41,D
-11.13158,32.18177,367,0.33,0.55,2026-10-05,1210,N,VIIRS,h,2.0NRT,300.59,4.4,D
-11.131,32.18484,338.74,0.33,0.55,2026-10-05,1210,N,VIIRS,n,2.0NRT,300.21,4.4,D
-11.13016,32.56426,334.09,0.35,0.57,2026-10-05,1210,N,VIIRS,n,2.0NRT,303.39,4.67,D
-11.12998,32.56303,331.74,0.35,0.57,2026-10-05,1210,N,VIIRS,l,2.0NRT,303.33,4.14,D
-11.12957,32.56749,340.41,0.35,0.57,2026-10-05,1210,N,VIIRS,n,2.0NRT,302.36,6.03,D
-11.12937,32.56625,335.82,0.35,0.57,2026-10-05,1210,N,VIIRS,n,2.0NRT,302.39,4.14,D
-11.12877,32.14057,347.74,0.33,0.55,2026-10-05,1210,N,VIIRS,n,2.0NRT,296.26,2.73,D
-11.12556,32.55989,344.27,0.35,0.57,2026-10-05,1210,N,VIIRS,n,2.0NRT,301.59,4.27,D
-11.12479,32.56191,335.58,0.35,0.57,2026-10-05,1210,N,VIIRS,n,2.0NRT,301.15,3.48,D
-11.12368,32.13973,337.99,0.33,0.55,2026-10-05,1210,N,VIIRS,n,2.0NRT,294.08,2.73,D
-11.12326,32.16998,341.97,0.33,0.55,2026-10-05,1210,N,VIIRS,n,2.0NRT,293.26,2.1,D
-11.1201,32.27157,330.54,0.33,0.56,2026-10-05,1210,N,VIIRS,n,2.0NRT,299.42,4.75,D
-11.11942,26.97847,338.08,0.47,0.4,2026-10-05,1210,N,VIIRS,n,2.0NRT,287.5,6.5,D
-11.11744,32.1171,367,0.33,0.55,2026-10-05,1210,N,VIIRS,h,2.0NRT,299.12,6.83,D
-11.11714,32.6587,338.33,0.35,0.57,2026-10-05,1210,N,VIIRS,n,2.0NRT,302.83,3.96,D
-11.1165,32.66201,340.15,0.35,0.57,2026-10-05,1210,N,VIIRS,n,2.0NRT,301.7,3.58,D
-11.1156,32.26731,347.57,0.33,0.56,2026-10-05,1210,N,VIIRS,n,2.0NRT,300.04,4.08,D
-11.11518,27.00442,337.56,0.47,0.4,2026-10-05,1210,N,VIIRS,n,2.0NRT,283.08,5.02,D
-11.11501,32.27047,338.11,0.33,0.56,2026-10-05,1210,N,VIIRS,n,2.0NRT,297.55,4.08,D
-11.11423,24.09205,347.57,0.39,0.36,2026-10-05,1210,N,VIIRS,n,2.0NRT,307.57,19.12,D
-11.11418,24.07037,338.35,0.39,0.36,2026-10-05,1210,N,VIIRS,n,2.0NRT,305.95,5.38,D
-11.11338,32.6558,343.77,0.35,0.57,2026-10-05,1210,N,VIIRS,n,2.0NRT,301.79,5,D
-11.11277,32.65915,346.38,0.35,0.57,2026-10-05,1210,N,VIIRS,n,2.0NRT,302.51,5.55,D
-11.11215,32.66248,338.4,0.35,0.57,2026-10-05,1210,N,VIIRS,n,2.0NRT,300.78,5.55,D
-11.1119,32.65762,350.27,0.35,0.57,2026-10-05,1210,N,VIIRS,n,2.0NRT,303.01,3.96,D
-11.11186,32.04279,367,0.32,0.55,2026-10-05,1210,N,VIIRS,h,2.0NRT,304.63,10.21,D
-11.11127,32.66095,330.16,0.35,0.57,2026-10-05,1210,N,VIIRS,l,2.0NRT,301.1,3.58,D
-11.11091,24.09151,337.41,0.39,0.36,2026-10-05,1210,N,VIIRS,n,2.0NRT,305.71,4.97,D
-11.11076,32.04173,367,0.32,0.55,2026-10-05,1210,N,VIIRS,h,2.0NRT,302.15,9.03,D
-11.11031,24.07336,343.73,0.39,0.36,2026-10-05,1210,N,VIIRS,n,2.0NRT,305.59,6.24,D
-11.11018,32.0448,338.19,0.32,0.55,2026-10-05,1210,N,VIIRS,n,2.0NRT,301.86,8.89,D
-11.10917,24.05874,334.49,0.39,0.36,2026-10-05,1210,N,VIIRS,n,2.0NRT,302.87,4.96,D
-11.10868,24.08393,354.01,0.39,0.36,2026-10-05,1210,N,VIIRS,n,2.0NRT,309.14,17.43,D
-11.10855,30.53838,337.79,0.51,0.5,2026-10-05,1210,N,VIIRS,n,2.0NRT,295.62,4.94,D
-11.10813,24.08745,342.18,0.39,0.36,2026-10-05,1210,N,VIIRS,n,2.0NRT,307.53,4.97,D
-11.10704,26.98531,344.98,0.47,0.4,2026-10-05,1210,N,VIIRS,n,2.0NRT,281.89,6.16,D
-11.10638,31.95871,347.46,0.32,0.54,2026-10-05,1210,N,VIIRS,n,2.0NRT,299.53,4.62,D
-11.10582,31.9618,331.97,0.32,0.54,2026-10-05,1210,N,VIIRS,n,2.0NRT,300.14,5.84,D
-11.10142,26.61389,336.22,0.45,0.39,2026-10-05,1210,N,VIIRS,n,2.0NRT,297.63,5.65,D
-11.09687,24.29196,333.93,0.39,0.36,2026-10-05,1210,N,VIIRS,l,2.0NRT,305.77,3.66,D
-11.09666,32.06901,330.94,0.32,0.55,2026-10-05,1210,N,VIIRS,n,2.0NRT,297.74,3.61,D
-11.0957,32.04567,339.64,0.32,0.55,2026-10-05,1210,N,VIIRS,n,2.0NRT,300,4.3,D
-11.09313,32.24609,367,0.33,0.55,2026-10-05,1210,N,VIIRS,h,2.0NRT,305.67,8.59,D
-11.09257,32.24908,336.27,0.33,0.56,2026-10-05,1210,N,VIIRS,n,2.0NRT,304.02,7.62,D
-11.09087,24.045,332.25,0.39,0.36,2026-10-05,1210,N,VIIRS,l,2.0NRT,302.95,3.72,D
-11.09033,24.04852,334.86,0.39,0.36,2026-10-05,1210,N,VIIRS,n,2.0NRT,304.78,4.83,D
-11.08018,24.26755,337.9,0.39,0.36,2026-10-05,1210,N,VIIRS,n,2.0NRT,300.98,3.97,D
-11.07856,24.29996,337.77,0.39,0.36,2026-10-05,1210,N,VIIRS,n,2.0NRT,302.98,2.71,D
-11.07584,23.86164,338.93,0.38,0.36,2026-10-05,1210,N,VIIRS,n,2.0NRT,304.99,4.38,D
-11.07465,24.28119,346.15,0.39,0.36,2026-10-05,1210,N,VIIRS,n,2.0NRT,303.43,20.86,D
-11.07417,24.35007,342.55,0.39,0.36,2026-10-05,1210,N,VIIRS,n,2.0NRT,306.98,7.86,D
-11.0709,32.06706,349.38,0.32,0.55,2026-10-05,1210,N,VIIRS,n,2.0NRT,300.31,3.04,D
-11.07077,24.2842,347.18,0.39,0.36,2026-10-05,1210,N,VIIRS,n,2.0NRT,303.29,8.37,D
-11.07034,32.0701,335.46,0.32,0.55,2026-10-05,1210,N,VIIRS,n,2.0NRT,299.62,3.04,D
-11.0675,24.34901,347.14,0.39,0.36,2026-10-05,1210,N,VIIRS,n,2.0NRT,301.7,5.16,D
-11.06696,23.85303,331.68,0.38,0.36,2026-10-05,1210,N,VIIRS,n,2.0NRT,300.15,1.89,D
-11.06693,32.27257,367,0.33,0.56,2026-10-05,1210,N,VIIRS,h,2.0NRT,306.12,11.71,D
-11.06537,23.59769,332.04,0.38,0.36,2026-10-05,1210,N,VIIRS,l,2.0NRT,302.62,5.69,D
-11.06536,23.46475,345.09,0.38,0.36,2026-10-05,1210,N,VIIRS,n,2.0NRT,313.04,52.19,D
-11.06524,32.06942,350.6,0.32,0.55,2026-10-05,1210,N,VIIRS,n,2.0NRT,302.87,7.31,D
-11.0652,32.27022,367,0.33,0.56,2026-10-05,1210,N,VIIRS,h,2.0NRT,302.51,10.73,D
-11.06511,24.189,330.89,0.39,0.36,2026-10-05,1210,N,VIIRS,l,2.0NRT,301.38,4.53,D
-11.06501,22.14176,354.01,0.4,0.37,2026-10-05,1210,N,VIIRS,n,2.0NRT,308.37,29.62,D
-11.06433,32.18843,343.69,0.33,0.55,2026-10-05,1210,N,VIIRS,n,2.0NRT,304.29,6.49,D
-11.06209,23.73004,341.66,0.38,0.36,2026-10-05,1210,N,VIIRS,n,2.0NRT,302.21,22.71,D
-11.06205,23.59717,345.01,0.38,0.36,2026-10-05,1210,N,VIIRS,n,2.0NRT,303.8,5.69,D
-11.06098,23.6042,333.81,0.38,0.36,2026-10-05,1210,N,VIIRS,n,2.0NRT,299.91,4.68,D
-11.06062,30.54559,352.84,0.51,0.5,2026-10-05,1210,N,VIIRS,n,2.0NRT,303.89,11.91,D
-11.06038,30.54429,347.96,0.51,0.5,2026-10-05,1210,N,VIIRS,n,2.0NRT,304.49,6.22,D
-11.06033,23.45319,330.47,0.38,0.36,2026-10-05,1210,N,VIIRS,n,2.0NRT,298.66,4,D
-11.05746,32.69323,351.68,0.36,0.57,2026-10-05,1210,N,VIIRS,n,2.0NRT,303.87,4.45,D
-11.05425,32.36712,341.53,0.34,0.56,2026-10-05,1210,N,VIIRS,n,2.0NRT,304.05,4.68,D
-11.05411,24.28152,332.96,0.39,0.36,2026-10-05,1210,N,VIIRS,n,2.0NRT,300.61,5.64,D
-11.05221,32.69217,341.52,0.36,0.57,2026-10-05,1210,N,VIIRS,n,2.0NRT,293.5,4.45,D
-11.04973,23.6778,335.75,0.38,0.36,2026-10-05,1210,N,VIIRS,n,2.0NRT,296.91,5.91,D
-11.04919,23.6813,354.02,0.38,0.36,2026-10-05,1210,N,VIIRS,n,2.0NRT,297.44,7.7,D
-11.04842,32.18899,367,0.33,0.55,2026-10-05,1210,N,VIIRS,h,2.0NRT,305.37,24.62,D
-11.04587,23.68078,334.49,0.38,0.36,2026-10-05,1210,N,VIIRS,n,2.0NRT,288.3,2.37,D
-11.04447,32.1818,356.76,0.33,0.55,2026-10-05,1210,N,VIIRS,l,2.0NRT,295.65,4.26,D
-11.04427,23.57999,336.04,0.38,0.36,2026-10-05,1210,N,VIIRS,n,2.0NRT,305,4.11,D
-11.04408,32.29866,350.28,0.34,0.56,2026-10-05,1210,N,VIIRS,n,2.0NRT,303.61,7.59,D
-11.04389,32.18496,341.75,0.33,0.55,2026-10-05,1210,N,VIIRS,n,2.0NRT,300.4,4.26,D
-11.03828,32.38823,339.79,0.34,0.56,2026-10-05,1210,N,VIIRS,n,2.0NRT,304.03,5.88,D
-11.03772,32.39128,350.98,0.34,0.56,2026-10-05,1210,N,VIIRS,n,2.0NRT,304.29,5.17,D
-11.03717,32.39432,333.35,0.34,0.56,2026-10-05,1210,N,VIIRS,n,2.0NRT,301.4,5.17,D
-11.0354,32.06117,367,0.32,0.55,2026-10-05,1210,N,VIIRS,h,2.0NRT,304.63,5.91,D
-11.03483,32.06422,341.16,0.32,0.55,2026-10-05,1210,N,VIIRS,n,2.0NRT,302.59,5.91,D
-11.02972,32.31893,336.45,0.34,0.56,2026-10-05,1210,N,VIIRS,n,2.0NRT,303.87,5.05,D
-11.02122,32.3074,367,0.34,0.56,2026-10-05,1210,N,VIIRS,h,2.0NRT,306.08,8.51,D
-11.02051,24.73716,333.84,0.39,0.37,2026-10-05,1210,N,VIIRS,n,2.0NRT,295.89,2.7,D
-11.01942,22.47186,338.19,0.39,0.36,2026-10-05,1210,N,VIIRS,n,2.0NRT,309.33,9.8,D
-11.01889,22.47546,330.95,0.39,0.36,2026-10-05,1210,N,VIIRS,l,2.0NRT,303.03,6.55,D
-11.01652,32.33271,345.77,0.34,0.56,2026-10-05,1210,N,VIIRS,n,2.0NRT,301.7,7.59,D
-11.01594,32.33585,344.23,0.34,0.56,2026-10-05,1210,N,VIIRS,n,2.0NRT,298.97,8.66,D
-11.01586,32.39391,344.75,0.34,0.56,2026-10-05,1210,N,VIIRS,n,2.0NRT,305.63,8.83,D
-11.01538,31.32617,345.29,0.58,0.52,2026-10-05,1210,N,VIIRS,n,2.0NRT,297.3,12.13,D
-11.01373,32.31907,331.26,0.34,0.56,2026-10-05,1210,N,VIIRS,n,2.0NRT,298.85,3.77,D
-11.01314,32.32226,332.17,0.34,0.56,2026-10-05,1210,N,VIIRS,n,2.0NRT,298.03,5.48,D
-11.00109,32.06055,352.59,0.33,0.55,2026-10-05,1210,N,VIIRS,n,2.0NRT,301.82,7.11,D
-11.00052,32.06366,367,0.33,0.55,2026-10-05,1210,N,VIIRS,h,2.0NRT,301.06,11.74,D
-10.99904,32.05984,340.79,0.32,0.55,2026-10-05,1210,N,VIIRS,n,2.0NRT,302.37,7.08,D
-10.99845,32.06297,367,0.32,0.55,2026-10-05,1210,N,VIIRS,h,2.0NRT,301.53,7.08,D
-10.99343,29.26151,336.56,0.43,0.46,2026-10-05,1210,N,VIIRS,n,2.0NRT,288.6,2.68,D
-10.98073,29.00655,335.99,0.41,0.45,2026-10-05,1210,N,VIIRS,n,2.0NRT,297.62,3.61,D
-10.98005,23.69134,333,0.38,0.36,2026-10-05,1210,N,VIIRS,n,2.0NRT,296.16,2.9,D
-10.9766,29.00587,342.96,0.41,0.45,2026-10-05,1210,N,VIIRS,n,2.0NRT,294.88,3.61,D
-10.97496,24.80764,337.4,0.4,0.37,2026-10-05,1210,N,VIIRS,n,2.0NRT,303.16,3.74,D
-10.97418,32.19096,354.14,0.33,0.55,2026-10-05,1210,N,VIIRS,n,2.0NRT,302.5,5.11,D
-10.97214,32.19093,367,0.33,0.55,2026-10-05,1210,N,VIIRS,h,2.0NRT,302.25,6.79,D
-10.9716,24.80709,348,0.4,0.37,2026-10-05,1210,N,VIIRS,n,2.0NRT,301.99,9.2,D
-10.96695,32.04709,337.9,0.32,0.55,2026-10-05,1210,N,VIIRS,n,2.0NRT,302.91,2.27,D
-10.95364,24.8116,334.25,0.4,0.37,2026-10-05,1210,N,VIIRS,n,2.0NRT,299.88,1.44,D
-10.95306,24.81522,332.46,0.4,0.37,2026-10-05,1210,N,VIIRS,n,2.0NRT,299.39,2.72,D
-10.9527,30.93822,332.96,0.55,0.51,2026-10-05,1210,N,VIIRS,n,2.0NRT,301.36,4.64,D
-10.95179,30.94325,349.11,0.55,0.51,2026-10-05,1210,N,VIIRS,n,2.0NRT,303.91,10.11,D
-10.9497,24.81468,347.29,0.4,0.37,2026-10-05,1210,N,VIIRS,n,2.0NRT,300.36,5.34,D
-10.94827,32.23473,345.38,0.33,0.56,2026-10-05,1210,N,VIIRS,n,2.0NRT,299.29,3.86,D
-10.94621,21.95413,341.43,0.4,0.37,2026-10-05,1210,N,VIIRS,n,2.0NRT,301.48,3.21,D
-10.94459,30.64432,332.05,0.52,0.5,2026-10-05,1210,N,VIIRS,l,2.0NRT,304.93,4.16,D
-10.94144,24.81642,346.27,0.4,0.37,2026-10-05,1210,N,VIIRS,n,2.0NRT,306.09,76.83,D
-10.94112,24.44482,334.62,0.39,0.36,2026-10-05,1210,N,VIIRS,n,2.0NRT,302.84,16.82,D
-10.93819,23.58782,333.69,0.38,0.36,2026-10-05,1210,N,VIIRS,n,2.0NRT,300.6,3.63,D
-10.93778,24.44428,336.35,0.39,0.36,2026-10-05,1210,N,VIIRS,n,2.0NRT,305.17,16.82,D
-10.93765,23.59133,340.12,0.38,0.36,2026-10-05,1210,N,VIIRS,n,2.0NRT,304.98,16.11,D
-10.93081,24.79622,337.04,0.4,0.37,2026-10-05,1210,N,VIIRS,n,2.0NRT,301.06,2.71,D
-10.92369,22.10462,344.27,0.4,0.37,2026-10-05,1210,N,VIIRS,n,2.0NRT,309.34,4.05,D
-10.92142,24.24819,336.81,0.39,0.36,2026-10-05,1210,N,VIIRS,n,2.0NRT,297.73,2.55,D
-10.91649,23.68495,332.31,0.38,0.36,2026-10-05,1210,N,VIIRS,n,2.0NRT,299.77,2.39,D
-10.91313,24.01542,343.1,0.39,0.36,2026-10-05,1210,N,VIIRS,n,2.0NRT,304.21,7.49,D
-10.90973,32.41524,367,0.34,0.56,2026-10-05,1210,N,VIIRS,h,2.0NRT,310.1,13.97,D
-10.90958,24.75574,341.9,0.4,0.37,2026-10-05,1210,N,VIIRS,n,2.0NRT,302.39,20.35,D
-10.90719,31.64459,342.34,0.61,0.54,2026-10-05,1210,N,VIIRS,n,2.0NRT,300.68,7.16,D
-10.90621,24.75522,346.37,0.4,0.37,2026-10-05,1210,N,VIIRS,n,2.0NRT,300.77,17.75,D
-10.90569,25.06919,337.91,0.4,0.37,2026-10-05,1210,N,VIIRS,n,2.0NRT,294.4,5.37,D
-10.89928,22.17533,337.44,0.4,0.37,2026-10-05,1210,N,VIIRS,n,2.0NRT,303.35,3.52,D
-10.89776,24.07071,334.39,0.39,0.36,2026-10-05,1210,N,VIIRS,l,2.0NRT,304.44,22.14,D
-10.89444,24.07018,341.56,0.39,0.36,2026-10-05,1210,N,VIIRS,n,2.0NRT,310.85,22.14,D
-10.8887,32.29827,367,0.34,0.56,2026-10-05,1210,N,VIIRS,h,2.0NRT,304.57,10.9,D
-10.8873,32.84794,334.63,0.37,0.58,2026-10-05,1210,N,VIIRS,l,2.0NRT,305.66,3.97,D
-10.88132,32.85035,339.19,0.37,0.58,2026-10-05,1210,N,VIIRS,n,2.0NRT,305.36,5.63,D
-10.88015,32.28707,367,0.34,0.56,2026-10-05,1210,N,VIIRS,h,2.0NRT,308.12,12.43,D
-10.87955,32.29024,339.23,0.34,0.56,2026-10-05,1210,N,VIIRS,n,2.0NRT,304.14,10.47,D
-10.87843,23.78294,334.97,0.38,0.36,2026-10-05,1210,N,VIIRS,n,2.0NRT,302.45,8.5,D
-10.87773,26.51408,339.62,0.45,0.39,2026-10-05,1210,N,VIIRS,n,2.0NRT,284.9,7.4,D
-10.87497,32.28629,367,0.34,0.56,2026-10-05,1210,N,VIIRS,h,2.0NRT,300.86,10.2,D
-10.87411,23.811,337.54,0.38,0.36,2026-10-05,1210,N,VIIRS,n,2.0NRT,306.37,4.3,D
-10.87406,23.30113,340.1,0.38,0.36,2026-10-05,1210,N,VIIRS,n,2.0NRT,301.65,6.07,D
-10.87403,23.78943,333.02,0.38,0.36,2026-10-05,1210,N,VIIRS,n,2.0NRT,300.67,3.81,D
-10.87379,32.29257,351.48,0.34,0.56,2026-10-05,1210,N,VIIRS,n,2.0NRT,308.09,13.63,D
-10.87226,33.16444,349.01,0.39,0.59,2026-10-05,1210,N,VIIRS,n,2.0NRT,303.92,5.61,D
-10.87105,32.39248,351.84,0.34,0.56,2026-10-05,1210,N,VIIRS,n,2.0NRT,301.13,3.43,D
-10.87047,32.39561,334.83,0.34,0.56,2026-10-05,1210,N,VIIRS,n,2.0NRT,303.37,3.43,D
-10.87042,24.31271,330.48,0.39,0.36,2026-10-05,1210,N,VIIRS,l,2.0NRT,302.12,2.64,D
-10.86967,23.30764,333.03,0.38,0.36,2026-10-05,1210,N,VIIRS,n,2.0NRT,300.81,4.83,D
-10.86415,22.22578,336.87,0.4,0.37,2026-10-05,1210,N,VIIRS,l,2.0NRT,309.13,25.95,D
-10.86242,22.4211,342,0.39,0.36,2026-10-05,1210,N,VIIRS,n,2.0NRT,305.01,4.71,D
-10.86078,22.22527,338.75,0.4,0.37,2026-10-05,1210,N,VIIRS,n,2.0NRT,307.58,59.6,D
-10.85687,22.22836,333.22,0.4,0.37,2026-10-05,1210,N,VIIRS,n,2.0NRT,303.27,3.05,D
-10.8535,22.22785,332.15,0.4,0.37,2026-10-05,1210,N,VIIRS,n,2.0NRT,301.19,3,D
-10.85079,31.14977,345.46,0.57,0.52,2026-10-05,1210,N,VIIRS,n,2.0NRT,305.41,12.98,D
-10.85005,31.15265,343.4,0.57,0.52,2026-10-05,1210,N,VIIRS,n,2.0NRT,304.66,12.55,D
-10.84283,22.13704,332.63,0.4,0.37,2026-10-05,1210,N,VIIRS,l,2.0NRT,305.47,13.48,D
-10.84229,22.14067,341.82,0.4,0.37,2026-10-05,1210,N,VIIRS,n,2.0NRT,309.11,13.48,D
-10.84092,30.45982,342.76,0.51,0.5,2026-10-05,1210,N,VIIRS,n,2.0NRT,300.44,4.57,D
-10.83972,25.72014,332.23,0.42,0.38,2026-10-05,1210,N,VIIRS,n,2.0NRT,296.15,3.24,D
-10.83123,23.16085,335.47,0.38,0.36,2026-10-05,1210,N,VIIRS,n,2.0NRT,299.46,2.9,D
-10.83043,24.45943,345.95,0.39,0.36,2026-10-05,1210,N,VIIRS,n,2.0NRT,304.72,4.17,D
-10.83042,26.66926,336.44,0.46,0.39,2026-10-05,1210,N,VIIRS,n,2.0NRT,298.19,4.87,D
-10.82837,28.96807,341.54,0.41,0.45,2026-10-05,1210,N,VIIRS,n,2.0NRT,300.96,6.36,D
-10.82775,25.70632,337.68,0.42,0.38,2026-10-05,1210,N,VIIRS,n,2.0NRT,303.79,3.31,D
-10.82684,23.16736,335.12,0.38,0.36,2026-10-05,1210,N,VIIRS,n,2.0NRT,301.48,1.98,D
-10.82225,22.0892,331.12,0.4,0.37,2026-10-05,1210,N,VIIRS,l,2.0NRT,304.38,3.55,D
-10.81967,23.16984,337.36,0.38,0.36,2026-10-05,1210,N,VIIRS,n,2.0NRT,301.89,4.69,D
-10.81902,23.15174,334.9,0.38,0.36,2026-10-05,1210,N,VIIRS,n,2.0NRT,300.75,2.5,D
-10.81885,24.23536,336.75,0.39,0.36,2026-10-05,1210,N,VIIRS,n,2.0NRT,300.55,4.17,D
-10.81505,22.53109,341.11,0.39,0.36,2026-10-05,1210,N,VIIRS,l,2.0NRT,311.27,18.29,D
-10.8117,22.53057,332.34,0.39,0.36,2026-10-05,1210,N,VIIRS,l,2.0NRT,306.44,18.29,D
-10.81114,22.08721,332.11,0.4,0.37,2026-10-05,1210,N,VIIRS,l,2.0NRT,302.47,4.42,D
-10.79671,22.53919,334.45,0.39,0.36,2026-10-05,1210,N,VIIRS,n,2.0NRT,302.8,3.98,D
-10.78343,24.30964,339.7,0.39,0.36,2026-10-05,1210,N,VIIRS,n,2.0NRT,296.79,2.62,D
-10.78289,23.12091,335.34,0.39,0.36,2026-10-05,1210,N,VIIRS,n,2.0NRT,293.03,2.56,D
-10.78253,26.05101,332.07,0.43,0.38,2026-10-05,1210,N,VIIRS,n,2.0NRT,300.03,2.23,D
-10.78063,23.11337,346.04,0.39,0.36,2026-10-05,1210,N,VIIRS,n,2.0NRT,296.45,11.75,D
-10.76564,26.04413,336.86,0.43,0.38,2026-10-05,1210,N,VIIRS,n,2.0NRT,297.93,2.46,D
-10.76379,22.17304,343.28,0.4,0.37,2026-10-05,1210,N,VIIRS,n,2.0NRT,307.95,21.59,D
-10.76007,32.02816,367,0.33,0.55,2026-10-05,1210,N,VIIRS,h,2.0NRT,305.45,6.78,D
-10.75952,32.03112,335.48,0.33,0.55,2026-10-05,1210,N,VIIRS,n,2.0NRT,304.27,6.78,D
-10.75926,23.17047,333,0.38,0.36,2026-10-05,1210,N,VIIRS,n,2.0NRT,301.06,3.8,D
-10.75873,23.17398,332.55,0.38,0.36,2026-10-05,1210,N,VIIRS,n,2.0NRT,300.61,4.87,D
-10.75658,26.32162,334.98,0.45,0.39,2026-10-05,1210,N,VIIRS,n,2.0NRT,301.73,4.46,D
-10.75419,25.14184,346.76,0.4,0.37,2026-10-05,1210,N,VIIRS,n,2.0NRT,297.22,9.3,D
-10.75037,23.16189,332.04,0.38,0.36,2026-10-05,1210,N,VIIRS,n,2.0NRT,297.53,2.54,D
-10.74908,26.05767,338.69,0.43,0.38,2026-10-05,1210,N,VIIRS,n,2.0NRT,295.86,4.27,D
-10.749,26.05768,337.46,0.43,0.38,2026-10-05,1210,N,VIIRS,n,2.0NRT,296.27,3.54,D
-10.74866,23.15083,335.03,0.38,0.36,2026-10-05,1210,N,VIIRS,n,2.0NRT,297.8,3.98,D
-10.74856,23.24068,332.2,0.38,0.36,2026-10-05,1210,N,VIIRS,n,2.0NRT,299.94,3.51,D
-10.74696,25.77984,337.08,0.42,0.38,2026-10-05,1210,N,VIIRS,n,2.0NRT,301.47,7.58,D
-10.74637,23.53894,348.32,0.38,0.36,2026-10-05,1210,N,VIIRS,n,2.0NRT,300.73,66.96,D
-10.74397,26.04456,332.94,0.43,0.38,2026-10-05,1210,N,VIIRS,n,2.0NRT,298.55,2.07,D
-10.74354,23.53498,301.85,0.38,0.36,2026-10-05,1210,N,VIIRS,l,2.0NRT,303.3,24.99,D
-10.74305,23.53843,338.57,0.38,0.36,2026-10-05,1210,N,VIIRS,n,2.0NRT,312.25,42.89,D
-10.74225,21.96819,343.98,0.4,0.37,2026-10-05,1210,N,VIIRS,n,2.0NRT,305.74,22.68,D
-10.7405,25.16229,339.67,0.41,0.37,2026-10-05,1210,N,VIIRS,n,2.0NRT,295.64,3.52,D
-10.73886,21.96768,335.99,0.4,0.37,2026-10-05,1210,N,VIIRS,n,2.0NRT,307.99,22.68,D
-10.72537,22.4986,337.33,0.39,0.36,2026-10-05,1210,N,VIIRS,n,2.0NRT,300.72,2.57,D
-10.71814,22.50113,334.05,0.39,0.36,2026-10-05,1210,N,VIIRS,n,2.0NRT,302.93,3.12,D
-10.71752,22.68685,336.76,0.39,0.36,2026-10-05,1210,N,VIIRS,n,2.0NRT,298.42,6.22,D
-10.71479,22.50061,334.7,0.39,0.36,2026-10-05,1210,N,VIIRS,n,2.0NRT,300.72,3.12,D
-10.7077,22.0113,345.45,0.4,0.37,2026-10-05,1210,N,VIIRS,n,2.0NRT,305.77,6.54,D
-10.70595,22.51389,333.38,0.39,0.36,2026-10-05,1210,N,VIIRS,n,2.0NRT,300.7,4.71,D
-10.70512,22.65588,331.18,0.39,0.36,2026-10-05,1210,N,VIIRS,l,2.0NRT,302.18,2.07,D
-10.70465,23.19433,331.16,0.38,0.36,2026-10-05,1210,N,VIIRS,n,2.0NRT,298.36,2.55,D
-10.70452,22.05567,346.42,0.4,0.37,2026-10-05,1210,N,VIIRS,n,2.0NRT,306.41,6.36,D
-10.70432,22.01077,337.49,0.4,0.37,2026-10-05,1210,N,VIIRS,n,2.0NRT,302.7,3.05,D
-10.7041,21.96579,342.93,0.4,0.37,2026-10-05,1210,N,VIIRS,n,2.0NRT,309.49,25.54,D
-10.70404,31.82829,352.53,0.64,0.54,2026-10-05,1210,N,VIIRS,n,2.0NRT,299.75,41.62,D
-10.70294,32.39755,343.03,0.35,0.56,2026-10-05,1210,N,VIIRS,n,2.0NRT,304.22,14.13,D
-10.70233,32.40088,367,0.35,0.56,2026-10-05,1210,N,VIIRS,h,2.0NRT,313.96,14.13,D
-10.70172,32.40419,338.56,0.35,0.56,2026-10-05,1210,N,VIIRS,n,2.0NRT,303.83,14.66,D
-10.70168,23.3698,337.5,0.38,0.36,2026-10-05,1210,N,VIIRS,n,2.0NRT,301.73,4.06,D
-10.70046,22.52766,336.6,0.39,0.36,2026-10-05,1210,N,VIIRS,n,2.0NRT,301.22,7.47,D
-10.69889,26.37172,333.86,0.45,0.39,2026-10-05,1210,N,VIIRS,n,2.0NRT,301.52,2.72,D
-10.69864,32.27563,338.32,0.34,0.56,2026-10-05,1210,N,VIIRS,n,2.0NRT,303.63,2.42,D
-10.69501,21.95695,345.5,0.4,0.37,2026-10-05,1210,N,VIIRS,n,2.0NRT,303.76,5.14,D
-10.69447,21.96061,336.92,0.4,0.37,2026-10-05,1210,N,VIIRS,n,2.0NRT,306.85,5.14,D
-10.69217,21.95278,334.16,0.4,0.37,2026-10-05,1210,N,VIIRS,n,2.0NRT,303.01,3.92,D
-10.69217,22.62842,336.08,0.39,0.36,2026-10-05,1210,N,VIIRS,n,2.0NRT,300.39,2.57,D
-10.69162,21.95644,354.89,0.4,0.37,2026-10-05,1210,N,VIIRS,n,2.0NRT,309.91,22.41,D
-10.69108,21.96009,345.61,0.4,0.37,2026-10-05,1210,N,VIIRS,n,2.0NRT,307.61,22.41,D
-10.68449,32.38101,350.88,0.35,0.56,2026-10-05,1210,N,VIIRS,n,2.0NRT,301.96,11.94,D
-10.68389,32.38424,367,0.35,0.56,2026-10-05,1210,N,VIIRS,h,2.0NRT,301.36,11.94,D
-10.6797,21.94336,346.92,0.4,0.37,2026-10-05,1210,N,VIIRS,n,2.0NRT,307.94,19.82,D
-10.6793,32.72135,338.68,0.36,0.58,2026-10-05,1210,N,VIIRS,n,2.0NRT,302.72,2.81,D
-10.67915,21.94702,335.12,0.4,0.37,2026-10-05,1210,N,VIIRS,n,2.0NRT,302.94,6.26,D
-10.67864,31.9683,336.91,0.32,0.55,2026-10-05,1210,N,VIIRS,n,2.0NRT,304.37,2.85,D
-10.67643,22.98063,333.97,0.39,0.36,2026-10-05,1210,N,VIIRS,n,2.0NRT,301.04,2.28,D
-10.66724,29.93246,336.66,0.48,0.48,2026-10-05,1210,N,VIIRS,n,2.0NRT,298.79,4.88,D
-10.66721,21.93398,343.85,0.4,0.37,2026-10-05,1210,N,VIIRS,n,2.0NRT,308.56,21.04,D
-10.66601,31.08554,330.29,0.57,0.52,2026-10-05,1210,N,VIIRS,l,2.0NRT,301.01,3.02,D
-10.65962,22.50313,345.91,0.39,0.36,2026-10-05,1210,N,VIIRS,n,2.0NRT,300.52,4.96,D
-10.65894,22.05994,341.17,0.4,0.37,2026-10-05,1210,N,VIIRS,n,2.0NRT,307.18,9.54,D
-10.65801,26.6075,346.26,0.46,0.39,2026-10-05,1210,N,VIIRS,n,2.0NRT,299.18,11.08,D
-10.65772,23.81157,336.46,0.38,0.36,2026-10-05,1210,N,VIIRS,n,2.0NRT,299.6,2.79,D
-10.65728,26.6078,346.33,0.46,0.39,2026-10-05,1210,N,VIIRS,n,2.0NRT,298.39,12.31,D
-10.65476,30.79173,334.09,0.54,0.51,2026-10-05,1210,N,VIIRS,n,2.0NRT,300.82,8.91,D
-10.65277,26.58992,340.58,0.46,0.39,2026-10-05,1210,N,VIIRS,n,2.0NRT,300.26,3.97,D
-10.65259,22.03284,343.33,0.4,0.37,2026-10-05,1210,N,VIIRS,n,2.0NRT,304.08,3.94,D
-10.65044,32.39056,331.41,0.35,0.56,2026-10-05,1210,N,VIIRS,l,2.0NRT,301.67,4.16,D
-10.64617,21.91196,341.5,0.4,0.37,2026-10-05,1210,N,VIIRS,l,2.0NRT,313.12,50.75,D
-10.64548,22.55204,339.62,0.39,0.36,2026-10-05,1210,N,VIIRS,n,2.0NRT,301.58,2.95,D
-10.64495,22.55559,349.98,0.39,0.36,2026-10-05,1210,N,VIIRS,n,2.0NRT,304.74,6.8,D
-10.64442,22.55915,335.96,0.39,0.36,2026-10-05,1210,N,VIIRS,n,2.0NRT,301.02,6.8,D
-10.64359,26.32939,346.17,0.45,0.39,2026-10-05,1210,N,VIIRS,n,2.0NRT,306.54,19.24,D
-10.64354,23.04037,336.99,0.39,0.36,2026-10-05,1210,N,VIIRS,n,2.0NRT,296.89,3.04,D
-10.64322,22.55474,341.16,0.39,0.36,2026-10-05,1210,N,VIIRS,n,2.0NRT,303.5,18.45,D
-10.64268,22.55829,347.14,0.39,0.36,2026-10-05,1210,N,VIIRS,n,2.0NRT,300.12,18.45,D
-10.64042,30.16082,344.26,0.49,0.49,2026-10-05,1210,N,VIIRS,n,2.0NRT,294.75,8.44,D
-10.63916,21.95963,344.44,0.4,0.37,2026-10-05,1210,N,VIIRS,n,2.0NRT,305.52,6.7,D
-10.63767,22.45533,333.08,0.39,0.36,2026-10-05,1210,N,VIIRS,l,2.0NRT,303.65,5.36,D
-10.63713,22.4589,335.83,0.39,0.36,2026-10-05,1210,N,VIIRS,n,2.0NRT,303.41,6.68,D
-10.63677,23.01773,344.46,0.39,0.36,2026-10-05,1210,N,VIIRS,n,2.0NRT,301.77,4.76,D
-10.63621,33.09533,337.52,0.39,0.59,2026-10-05,1210,N,VIIRS,n,2.0NRT,302.22,6.45,D
-10.63239,22.75354,333.13,0.39,0.36,2026-10-05,1210,N,VIIRS,n,2.0NRT,302.55,2.97,D
-10.63188,31.3262,356.6,0.59,0.53,2026-10-05,1210,N,VIIRS,n,2.0NRT,306.61,17.74,D
-10.63151,22.45073,340.04,0.39,0.36,2026-10-05,1210,N,VIIRS,n,2.0NRT,302.13,2.79,D
-10.62925,32.0093,357.77,0.33,0.55,2026-10-05,1210,N,VIIRS,n,2.0NRT,303.43,10.32,D
-10.62868,32.01236,355.76,0.33,0.55,2026-10-05,1210,N,VIIRS,n,2.0NRT,301.83,10.32,D
-10.62857,22.42464,336.31,0.39,0.36,2026-10-05,1210,N,VIIRS,n,2.0NRT,305.29,2.77,D
-10.62604,31.33075,339.48,0.59,0.53,2026-10-05,1210,N,VIIRS,n,2.0NRT,305.45,11.43,D
-10.62531,22.53741,336.48,0.39,0.36,2026-10-05,1210,N,VIIRS,n,2.0NRT,301.63,5.42,D
-10.62477,32.35558,357.56,0.34,0.56,2026-10-05,1210,N,VIIRS,n,2.0NRT,305.32,8.67,D
-10.6245,32.35365,367,0.35,0.56,2026-10-05,1210,N,VIIRS,h,2.0NRT,306.89,5.59,D
-10.62423,23.25658,337.55,0.38,0.36,2026-10-05,1210,N,VIIRS,n,2.0NRT,298.58,5.11,D
-10.62392,32.35685,338.5,0.35,0.56,2026-10-05,1210,N,VIIRS,n,2.0NRT,302.67,5.59,D
-10.62348,22.41286,343.51,0.39,0.36,2026-10-05,1210,N,VIIRS,n,2.0NRT,303.3,2.65,D
-10.62303,22.52979,342.85,0.39,0.36,2026-10-05,1210,N,VIIRS,n,2.0NRT,303.71,10.59,D
-10.6225,22.53334,340.43,0.39,0.36,2026-10-05,1210,N,VIIRS,n,2.0NRT,302.91,10.59,D
-10.62196,22.5369,335.11,0.39,0.36,2026-10-05,1210,N,VIIRS,n,2.0NRT,302.55,5.42,D
-10.62143,22.54045,340.28,0.39,0.36,2026-10-05,1210,N,VIIRS,n,2.0NRT,304.02,5.42,D
-10.62022,32.35128,347.52,0.34,0.56,2026-10-05,1210,N,VIIRS,n,2.0NRT,302.94,10.57,D
-10.61962,32.35443,351.23,0.34,0.56,2026-10-05,1210,N,VIIRS,n,2.0NRT,301.89,8.67,D
-10.61934,32.35251,353.76,0.35,0.56,2026-10-05,1210,N,VIIRS,n,2.0NRT,301.88,5.59,D
-10.61816,31.13379,332.83,0.57,0.52,2026-10-05,1210,N,VIIRS,n,2.0NRT,301.78,7.8,D
-10.61577,22.16484,337.37,0.4,0.37,2026-10-05,1210,N,VIIRS,l,2.0NRT,307.57,4.51,D
-10.61433,31.12755,343.31,0.57,0.52,2026-10-05,1210,N,VIIRS,n,2.0NRT,302.68,11.46,D
-10.60226,32.47584,343.35,0.35,0.57,2026-10-05,1210,N,VIIRS,n,2.0NRT,301.27,3.91,D
-10.60171,25.48917,337.71,0.42,0.37,2026-10-05,1210,N,VIIRS,n,2.0NRT,300.43,5.32,D
-10.60165,32.47918,334.21,0.35,0.57,2026-10-05,1210,N,VIIRS,n,2.0NRT,301.36,3.91,D
-10.60163,32.47752,339.19,0.35,0.57,2026-10-05,1210,N,VIIRS,n,2.0NRT,301.31,4.47,D
-10.601,32.48082,342.73,0.35,0.57,2026-10-05,1210,N,VIIRS,n,2.0NRT,301.78,4.47,D
-10.59827,25.48863,336.12,0.42,0.37,2026-10-05,1210,N,VIIRS,n,2.0NRT,298.62,5.32,D
-10.59774,22.58421,342.09,0.39,0.36,2026-10-05,1210,N,VIIRS,n,2.0NRT,303.99,4.11,D
-10.5972,22.58776,331.35,0.39,0.36,2026-10-05,1210,N,VIIRS,l,2.0NRT,304.83,4.11,D
-10.59496,26.27554,348.01,0.45,0.39,2026-10-05,1210,N,VIIRS,n,2.0NRT,297.8,9.9,D
-10.59439,22.5837,334.67,0.39,0.36,2026-10-05,1210,N,VIIRS,n,2.0NRT,301.17,4.11,D
-10.58717,22.49509,344.57,0.39,0.36,2026-10-05,1210,N,VIIRS,n,2.0NRT,303.37,5.43,D
-10.58692,22.54242,336.43,0.39,0.36,2026-10-05,1210,N,VIIRS,n,2.0NRT,300.24,4.33,D
-10.58529,26.13255,337.34,0.44,0.38,2026-10-05,1210,N,VIIRS,n,2.0NRT,301.13,4.39,D
-10.5842,31.925,339.41,0.32,0.55,2026-10-05,1210,N,VIIRS,l,2.0NRT,309.9,3.44,D
-10.57975,22.38419,335.12,0.39,0.36,2026-10-05,1210,N,VIIRS,n,2.0NRT,303.36,2.86,D
-10.57586,22.38726,334.68,0.39,0.36,2026-10-05,1210,N,VIIRS,n,2.0NRT,304.32,2.86,D
-10.56855,22.91277,333.8,0.39,0.36,2026-10-05,1210,N,VIIRS,n,2.0NRT,302.1,5.98,D
-10.56837,31.163,330.23,0.58,0.52,2026-10-05,1210,N,VIIRS,n,2.0NRT,299.25,6.93,D
-10.56764,32.54632,349.08,0.36,0.57,2026-10-05,1210,N,VIIRS,n,2.0NRT,302.52,5.38,D
-10.56699,32.54981,335.19,0.36,0.57,2026-10-05,1210,N,VIIRS,n,2.0NRT,302.19,5.28,D
-10.56495,32.50188,344.59,0.35,0.57,2026-10-05,1210,N,VIIRS,n,2.0NRT,301.44,6.51,D
-10.56438,32.50499,338.98,0.35,0.57,2026-10-05,1210,N,VIIRS,n,2.0NRT,301,6.51,D
-10.56032,32.49762,349.36,0.35,0.57,2026-10-05,1210,N,VIIRS,n,2.0NRT,301.04,5.93,D
-10.5596,33.29494,337.88,0.4,0.6,2026-10-05,1210,N,VIIRS,n,2.0NRT,297,2.9,D
-10.55869,22.93287,338.85,0.39,0.36,2026-10-05,1210,N,VIIRS,n,2.0NRT,303.76,4.26,D
-10.55752,33.27536,340.29,0.4,0.6,2026-10-05,1210,N,VIIRS,n,2.0NRT,299.03,4.21,D
-10.55686,22.62883,352.2,0.39,0.36,2026-10-05,1210,N,VIIRS,n,2.0NRT,302.21,5.07,D
-10.55659,22.38803,336.25,0.39,0.36,2026-10-05,1210,N,VIIRS,n,2.0NRT,304.56,3.1,D
-10.55612,33.27646,343.17,0.4,0.6,2026-10-05,1210,N,VIIRS,n,2.0NRT,298.91,6.17,D
-10.55352,22.62831,342.43,0.39,0.36,2026-10-05,1210,N,VIIRS,n,2.0NRT,301.82,5.07,D
-10.55137,33.30849,335.2,0.4,0.6,2026-10-05,1210,N,VIIRS,n,2.0NRT,293.42,6.14,D
-10.54974,33.30946,332.33,0.4,0.6,2026-10-05,1210,N,VIIRS,n,2.0NRT,293.12,8.39,D
-10.54434,32.35135,345.01,0.35,0.56,2026-10-05,1210,N,VIIRS,n,2.0NRT,302.54,2.46,D
-10.54376,32.35446,337.67,0.35,0.56,2026-10-05,1210,N,VIIRS,n,2.0NRT,298.27,2.46,D
-10.54335,31.80718,367,0.32,0.54,2026-10-05,1210,N,VIIRS,h,2.0NRT,306.16,12.09,D
-10.54287,33.40458,348.87,0.41,0.6,2026-10-05,1210,N,VIIRS,n,2.0NRT,274.03,8.76,D
-10.5423,21.95273,339.37,0.4,0.37,2026-10-05,1210,N,VIIRS,n,2.0NRT,303.52,24.04,D
-10.54032,32.34415,342.74,0.35,0.56,2026-10-05,1210,N,VIIRS,n,2.0NRT,305.78,4.6,D
-10.53976,22.47687,340.65,0.39,0.36,2026-10-05,1210,N,VIIRS,n,2.0NRT,303.87,5.71,D
-10.53973,32.34726,341.52,0.35,0.56,2026-10-05,1210,N,VIIRS,n,2.0NRT,305.98,4.6,D
-10.53961,33.40278,345.89,0.41,0.6,2026-10-05,1210,N,VIIRS,n,2.0NRT,277.63,8.91,D
-10.53927,22.92628,346.34,0.39,0.36,2026-10-05,1210,N,VIIRS,n,2.0NRT,301.95,6.86,D
-10.53915,32.35037,342.76,0.35,0.56,2026-10-05,1210,N,VIIRS,n,2.0NRT,304.33,9.6,D
-10.53738,22.98364,336.74,0.39,0.36,2026-10-05,1210,N,VIIRS,n,2.0NRT,304.13,3.63,D
-10.53653,22.20103,333.99,0.4,0.37,2026-10-05,1210,N,VIIRS,n,2.0NRT,302.51,2.29,D
-10.53653,22.49826,331.15,0.39,0.36,2026-10-05,1210,N,VIIRS,l,2.0NRT,303.72,1.82,D
-10.53608,33.53011,367,0.42,0.61,2026-10-05,1210,N,VIIRS,h,2.0NRT,300.1,11.12,D
-10.53519,33.53476,367,0.42,0.61,2026-10-05,1210,N,VIIRS,h,2.0NRT,297.3,11.12,D
-10.53,33.26972,346.74,0.4,0.6,2026-10-05,1210,N,VIIRS,n,2.0NRT,297.94,8.45,D
-10.5291,22.36547,334.4,0.39,0.36,2026-10-05,1210,N,VIIRS,n,2.0NRT,303.47,2.05,D
-10.5264,33.53642,335.15,0.42,0.61,2026-10-05,1210,N,VIIRS,n,2.0NRT,295.11,6.33,D
-10.52615,32.59364,356.38,0.36,0.57,2026-10-05,1210,N,VIIRS,n,2.0NRT,299.77,9.14,D
-10.52581,23.47798,334.52,0.38,0.36,2026-10-05,1210,N,VIIRS,n,2.0NRT,302.27,6.93,D
-10.52551,32.59703,367,0.36,0.57,2026-10-05,1210,N,VIIRS,h,2.0NRT,303.34,17.88,D
-10.52255,31.94776,345.34,0.33,0.55,2026-10-05,1210,N,VIIRS,n,2.0NRT,289.3,2.24,D
-10.52023,32.3083,331.38,0.34,0.56,2026-10-05,1210,N,VIIRS,l,2.0NRT,304.23,5.32,D
-10.51988,21.93772,330.17,0.4,0.37,2026-10-05,1210,N,VIIRS,l,2.0NRT,303.58,3.37,D
-10.51867,31.96873,336.82,0.33,0.55,2026-10-05,1210,N,VIIRS,n,2.0NRT,300.63,5.58,D
-10.51812,31.97172,367,0.33,0.55,2026-10-05,1210,N,VIIRS,h,2.0NRT,301.08,5.58,D
-10.51789,23.44084,332.55,0.38,0.36,2026-10-05,1210,N,VIIRS,l,2.0NRT,304.49,2.91,D
-10.51763,33.24437,367,0.4,0.6,2026-10-05,1210,N,VIIRS,h,2.0NRT,293.39,14.54,D
-10.51457,23.44032,343.83,0.38,0.36,2026-10-05,1210,N,VIIRS,n,2.0NRT,304.32,3.89,D
-10.51152,33.27676,334.05,0.4,0.6,2026-10-05,1210,N,VIIRS,n,2.0NRT,300.58,4.13,D
-10.5096,26.55333,333.73,0.46,0.39,2026-10-05,1210,N,VIIRS,n,2.0NRT,296.48,3.8,D
-10.50898,22.36238,340.96,0.39,0.36,2026-10-05,1210,N,VIIRS,n,2.0NRT,303.45,2.37,D
-10.50885,32.83487,354.46,0.37,0.58,2026-10-05,1210,N,VIIRS,n,2.0NRT,308.34,7.83,D
-10.50774,22.53033,338.76,0.39,0.36,2026-10-05,1210,N,VIIRS,n,2.0NRT,298.81,4.76,D
-10.50764,22.41711,346.47,0.39,0.36,2026-10-05,1210,N,VIIRS,n,2.0NRT,305.22,14.29,D
-10.50603,26.48489,337.8,0.46,0.39,2026-10-05,1210,N,VIIRS,n,2.0NRT,297.87,8,D
-10.50563,22.36186,333.21,0.39,0.36,2026-10-05,1210,N,VIIRS,n,2.0NRT,300.3,2.37,D
-10.50094,22.41607,334.83,0.39,0.36,2026-10-05,1210,N,VIIRS,n,2.0NRT,301.35,1.41,D
-10.49998,31.82204,298.21,0.32,0.55,2026-10-05,1210,N,VIIRS,l,2.0NRT,310.47,55.01,D
-10.49945,31.82498,357.12,0.32,0.55,2026-10-05,1210,N,VIIRS,n,2.0NRT,318.05,55.01,D
-10.49893,31.82792,367,0.32,0.55,2026-10-05,1210,N,VIIRS,h,2.0NRT,307.24,33.19,D
-10.49843,31.28569,344.89,0.59,0.53,2026-10-05,1210,N,VIIRS,n,2.0NRT,299.89,5.1,D
-10.49804,30.22115,341.2,0.5,0.49,2026-10-05,1210,N,VIIRS,n,2.0NRT,296.8,8.01,D
-10.49796,22.29825,342.63,0.39,0.36,2026-10-05,1210,N,VIIRS,n,2.0NRT,303.13,12.85,D
-10.49742,22.30185,333.42,0.39,0.36,2026-10-05,1210,N,VIIRS,n,2.0NRT,301.99,12.85,D
-10.4946,22.29773,356.1,0.39,0.36,2026-10-05,1210,N,VIIRS,n,2.0NRT,308.23,12.85,D
-10.49443,31.82406,340.33,0.32,0.55,2026-10-05,1210,N,VIIRS,n,2.0NRT,307.22,9.49,D
-10.49406,22.30134,340.69,0.39,0.36,2026-10-05,1210,N,VIIRS,n,2.0NRT,302.84,12.85,D
-10.49161,32.40474,336.24,0.35,0.57,2026-10-05,1210,N,VIIRS,l,2.0NRT,308.07,6.31,D
-10.48916,31.79584,331.59,0.32,0.54,2026-10-05,1210,N,VIIRS,n,2.0NRT,294.52,2.36,D
-10.48212,23.19067,350.42,0.38,0.36,2026-10-05,1210,N,VIIRS,n,2.0NRT,301.4,5.68,D
-10.47963,22.76182,340.61,0.39,0.36,2026-10-05,1210,N,VIIRS,n,2.0NRT,303.03,3.94,D
-10.47406,31.4514,340.76,0.6,0.53,2026-10-05,1210,N,VIIRS,n,2.0NRT,300.71,9.44,D
-10.47225,29.96679,340.57,0.48,0.48,2026-10-05,1210,N,VIIRS,n,2.0NRT,293.22,9.55,D
-10.47166,32.51374,330.17,0.36,0.57,2026-10-05,1210,N,VIIRS,n,2.0NRT,295.77,1.7,D
-10.47116,31.44701,335,0.6,0.53,2026-10-05,1210,N,VIIRS,n,2.0NRT,302.13,5.27,D
-10.4711,22.54657,336.98,0.39,0.36,2026-10-05,1210,N,VIIRS,n,2.0NRT,301.92,5.46,D
-10.47068,22.48089,336.71,0.39,0.36,2026-10-05,1210,N,VIIRS,n,2.0NRT,300.1,1.9,D
-10.47013,31.45255,353.83,0.6,0.53,2026-10-05,1210,N,VIIRS,n,2.0NRT,304.08,21.04,D
-10.46916,31.45049,353.25,0.6,0.53,2026-10-05,1210,N,VIIRS,n,2.0NRT,303.75,9.44,D
-10.46817,31.45603,336.81,0.61,0.53,2026-10-05,1210,N,VIIRS,n,2.0NRT,300.62,11.51,D
-10.46586,22.87518,334.77,0.39,0.36,2026-10-05,1210,N,VIIRS,n,2.0NRT,302.05,4.92,D
-10.46563,22.56028,341.01,0.39,0.36,2026-10-05,1210,N,VIIRS,n,2.0NRT,309.23,30.58,D
-10.46389,33.22981,331.51,0.4,0.6,2026-10-05,1210,N,VIIRS,n,2.0NRT,294.52,11.89,D
-10.46316,33.23068,336.5,0.4,0.6,2026-10-05,1210,N,VIIRS,n,2.0NRT,294.92,5.29,D
-10.46228,22.55977,336.78,0.39,0.36,2026-10-05,1210,N,VIIRS,n,2.0NRT,300.26,30.58,D
-10.46138,31.44514,336.25,0.6,0.53,2026-10-05,1210,N,VIIRS,n,2.0NRT,302.06,8.93,D
-10.46059,32.28146,367,0.34,0.56,2026-10-05,1210,N,VIIRS,h,2.0NRT,300.32,7.53,D
-10.46036,31.44308,345.61,0.6,0.53,2026-10-05,1210,N,VIIRS,n,2.0NRT,302.03,9.91,D
-10.46001,22.55214,345.77,0.39,0.36,2026-10-05,1210,N,VIIRS,n,2.0NRT,303.32,54.04,D
-10.45953,22.24782,347.87,0.39,0.37,2026-10-05,1210,N,VIIRS,n,2.0NRT,305,12.09,D
-10.45904,33.22521,330.29,0.4,0.6,2026-10-05,1210,N,VIIRS,n,2.0NRT,292.75,13.92,D
-10.45833,33.22612,345.45,0.4,0.6,2026-10-05,1210,N,VIIRS,n,2.0NRT,293.2,8.7,D
-10.45833,33.22901,367,0.4,0.6,2026-10-05,1210,N,VIIRS,h,2.0NRT,295.35,11.89,D
-10.45759,33.22993,354.7,0.4,0.6,2026-10-05,1210,N,VIIRS,n,2.0NRT,294.07,11.64,D
-10.4575,31.43878,350.17,0.6,0.53,2026-10-05,1210,N,VIIRS,n,2.0NRT,303.53,8.93,D
-10.45301,33.37307,335.32,0.41,0.6,2026-10-05,1210,N,VIIRS,n,2.0NRT,286.98,3.55,D
-10.45155,31.43577,332.02,0.6,0.53,2026-10-05,1210,N,VIIRS,n,2.0NRT,300.07,2.61,D
-10.44964,31.41825,341.22,0.6,0.53,2026-10-05,1210,N,VIIRS,n,2.0NRT,301.58,8.95,D
-10.44957,31.44681,350.08,0.6,0.53,2026-10-05,1210,N,VIIRS,n,2.0NRT,301.28,16.35,D
-10.44864,31.42378,341.85,0.6,0.53,2026-10-05,1210,N,VIIRS,n,2.0NRT,302.42,8.95,D
-10.44777,24.87364,333.31,0.4,0.37,2026-10-05,1210,N,VIIRS,n,2.0NRT,300,1.79,D
-10.44467,31.44591,340.58,0.6,0.53,2026-10-05,1210,N,VIIRS,n,2.0NRT,300.68,7.74,D
-10.44124,22.74508,330.47,0.39,0.36,2026-10-05,1210,N,VIIRS,n,2.0NRT,300.43,4.18,D
-10.44071,22.74862,335.54,0.39,0.36,2026-10-05,1210,N,VIIRS,n,2.0NRT,304.23,9.64,D
-10.44066,33.43739,333.71,0.41,0.61,2026-10-05,1210,N,VIIRS,n,2.0NRT,278.45,5.13,D
-10.43957,22.57447,333.35,0.39,0.36,2026-10-05,1210,N,VIIRS,n,2.0NRT,302.65,3.68,D
-10.43943,22.5526,346.44,0.39,0.36,2026-10-05,1210,N,VIIRS,n,2.0NRT,302.83,15.23,D
-10.43904,22.57803,335.36,0.39,0.36,2026-10-05,1210,N,VIIRS,n,2.0NRT,303.08,3.68,D
-10.43609,22.5521,343.74,0.39,0.36,2026-10-05,1210,N,VIIRS,n,2.0NRT,301.2,15.23,D
-10.4353,30.09812,367,0.49,0.49,2026-10-05,1210,N,VIIRS,h,2.0NRT,294.86,12.75,D
-10.4304,23.46233,335.31,0.38,0.36,2026-10-05,1210,N,VIIRS,n,2.0NRT,304.06,3.82,D
-10.42073,24.86932,345.46,0.4,0.37,2026-10-05,1210,N,VIIRS,n,2.0NRT,300,9.92,D
-10.41267,29.33572,339.27,0.44,0.46,2026-10-05,1210,N,VIIRS,n,2.0NRT,298.09,7.34,D
-10.41084,23.52372,336.76,0.38,0.36,2026-10-05,1210,N,VIIRS,n,2.0NRT,304.4,3.43,D
-10.40996,29.3358,345.82,0.44,0.46,2026-10-05,1210,N,VIIRS,n,2.0NRT,298.01,6.49,D
-10.40472,31.26058,342.72,0.59,0.53,2026-10-05,1210,N,VIIRS,n,2.0NRT,302.7,4.14,D
-10.4025,31.26269,342.9,0.59,0.53,2026-10-05,1210,N,VIIRS,n,2.0NRT,302.67,6.52,D
-10.40181,23.75909,339.41,0.38,0.36,2026-10-05,1210,N,VIIRS,n,2.0NRT,304.85,22.73,D
-10.40113,32.92751,338.26,0.38,0.59,2026-10-05,1210,N,VIIRS,n,2.0NRT,299.62,3.77,D
-10.39849,23.75856,347.53,0.38,0.36,2026-10-05,1210,N,VIIRS,n,2.0NRT,305.03,16.44,D
-10.39208,22.55932,343.44,0.39,0.36,2026-10-05,1210,N,VIIRS,n,2.0NRT,302.82,7.18,D
-10.39057,24.39491,344.46,0.39,0.36,2026-10-05,1210,N,VIIRS,n,2.0NRT,303.01,22.34,D
-10.38722,24.39437,340.55,0.39,0.36,2026-10-05,1210,N,VIIRS,n,2.0NRT,297.98,6,D
-10.3846,22.51818,337.05,0.39,0.36,2026-10-05,1210,N,VIIRS,l,2.0NRT,309.19,58.72,D
-10.38293,23.0854,337.22,0.38,0.36,2026-10-05,1210,N,VIIRS,n,2.0NRT,301.06,5.54,D
-10.38259,22.46321,347.1,0.39,0.36,2026-10-05,1210,N,VIIRS,n,2.0NRT,302.37,11.96,D
-10.38067,23.07787,349.85,0.38,0.36,2026-10-05,1210,N,VIIRS,n,2.0NRT,302.08,15.65,D
-10.37735,23.07735,355.01,0.38,0.36,2026-10-05,1210,N,VIIRS,n,2.0NRT,302.57,15.65,D
-10.37678,31.82235,338.31,0.32,0.55,2026-10-05,1210,N,VIIRS,l,2.0NRT,308.62,3.8,D
-10.37625,31.8253,341.2,0.32,0.55,2026-10-05,1210,N,VIIRS,n,2.0NRT,308.45,3.8,D
-10.37443,32.07814,336.75,0.33,0.56,2026-10-05,1210,N,VIIRS,n,2.0NRT,303.48,3.32,D
-10.37277,32.00223,338.66,0.33,0.55,2026-10-05,1210,N,VIIRS,n,2.0NRT,302.51,6.01,D
-10.36824,31.99829,345.64,0.33,0.55,2026-10-05,1210,N,VIIRS,n,2.0NRT,308.83,7.56,D
-10.36625,31.99664,343.8,0.33,0.55,2026-10-05,1210,N,VIIRS,n,2.0NRT,307.6,6.26,D
-10.36137,24.19652,335.17,0.39,0.36,2026-10-05,1210,N,VIIRS,n,2.0NRT,298.07,4.25,D
-10.36082,24.20006,337.37,0.39,0.36,2026-10-05,1210,N,VIIRS,n,2.0NRT,301,4.25,D
-10.35628,28.52003,340.49,0.39,0.44,2026-10-05,1210,N,VIIRS,n,2.0NRT,300.71,8.86,D
-10.35565,28.52363,343.67,0.39,0.44,2026-10-05,1210,N,VIIRS,n,2.0NRT,295.9,9.65,D
-10.35413,22.53892,334.4,0.39,0.36,2026-10-05,1210,N,VIIRS,n,2.0NRT,301.26,2.32,D
-10.34927,30.26663,335.38,0.51,0.49,2026-10-05,1210,N,VIIRS,n,2.0NRT,298.96,3.98,D
-10.34542,31.33996,340.08,0.6,0.53,2026-10-05,1210,N,VIIRS,n,2.0NRT,300.5,17.53,D
-10.34334,29.46695,335.58,0.45,0.47,2026-10-05,1210,N,VIIRS,n,2.0NRT,296.63,3.96,D
-10.34333,31.83455,367,0.32,0.55,2026-10-05,1210,N,VIIRS,h,2.0NRT,308.25,10.21,D
-10.34077,31.87703,340.58,0.32,0.55,2026-10-05,1210,N,VIIRS,n,2.0NRT,302.03,3.65,D
-10.33981,31.25972,339.02,0.59,0.53,2026-10-05,1210,N,VIIRS,n,2.0NRT,301.96,5.72,D
-10.33827,32.30034,367,0.35,0.56,2026-10-05,1210,N,VIIRS,h,2.0NRT,301.87,5.59,D
-10.33802,22.7141,334.96,0.39,0.36,2026-10-05,1210,N,VIIRS,n,2.0NRT,298.92,1.1,D
-10.33445,32.98404,336.27,0.38,0.59,2026-10-05,1210,N,VIIRS,n,2.0NRT,304.18,2.16,D
-10.33132,24.17004,345.94,0.39,0.36,2026-10-05,1210,N,VIIRS,n,2.0NRT,300.73,11.83,D
-10.32975,30.24055,339.35,0.51,0.49,2026-10-05,1210,N,VIIRS,n,2.0NRT,298.11,3.74,D
-10.32507,22.95722,337.77,0.39,0.36,2026-10-05,1210,N,VIIRS,n,2.0NRT,302.29,19.97,D
-10.32456,32.69732,339.83,0.37,0.58,2026-10-05,1210,N,VIIRS,n,2.0NRT,304.87,5.57,D
-10.31824,31.85754,339.54,0.32,0.55,2026-10-05,1210,N,VIIRS,n,2.0NRT,308.7,5.62,D
-10.31374,31.85365,367,0.32,0.55,2026-10-05,1210,N,VIIRS,h,2.0NRT,309.68,5.62,D
-10.31319,31.85662,367,0.32,0.55,2026-10-05,1210,N,VIIRS,h,2.0NRT,306.84,5.62,D
-10.31237,28.48569,345.7,0.39,0.44,2026-10-05,1210,N,VIIRS,n,2.0NRT,302.18,3.78,D
-10.30124,32.70395,355.74,0.37,0.58,2026-10-05,1210,N,VIIRS,n,2.0NRT,300.53,12.59,D
-10.30062,32.70727,348.15,0.37,0.58,2026-10-05,1210,N,VIIRS,n,2.0NRT,301.47,12.74,D
-10.30004,28.50942,341.64,0.39,0.44,2026-10-05,1210,N,VIIRS,n,2.0NRT,295.88,5.88,D
-10.29713,32.69633,334.65,0.37,0.58,2026-10-05,1210,N,VIIRS,n,2.0NRT,303.91,1.98,D
-10.297,22.28867,331.69,0.39,0.36,2026-10-05,1210,N,VIIRS,n,2.0NRT,299.46,2.03,D
-10.29234,31.77756,338.02,0.32,0.55,2026-10-05,1210,N,VIIRS,n,2.0NRT,301.18,2.18,D
-10.29219,32.08414,335.18,0.34,0.56,2026-10-05,1210,N,VIIRS,l,2.0NRT,307.41,3.71,D
-10.2852,28.42606,343.78,0.39,0.44,2026-10-05,1210,N,VIIRS,n,2.0NRT,301.85,13.34,D
-10.27702,22.67162,335.76,0.39,0.36,2026-10-05,1210,N,VIIRS,n,2.0NRT,298.37,4.5,D
-10.26132,31.40646,343.1,0.61,0.53,2026-10-05,1210,N,VIIRS,n,2.0NRT,304.87,9.97,D
-10.26072,30.52447,343.91,0.53,0.5,2026-10-05,1210,N,VIIRS,n,2.0NRT,301.36,7.89,D
-10.25708,31.40865,354.34,0.61,0.53,2026-10-05,1210,N,VIIRS,n,2.0NRT,304.27,26.58,D
-10.25643,31.40544,335.73,0.61,0.53,2026-10-05,1210,N,VIIRS,n,2.0NRT,301.44,5.44,D
-10.25549,31.41073,336.54,0.61,0.53,2026-10-05,1210,N,VIIRS,n,2.0NRT,303.16,8.33,D
-10.25144,32.73334,367,0.37,0.58,2026-10-05,1210,N,VIIRS,h,2.0NRT,307.17,8.66,D
-10.25084,32.73655,334.63,0.37,0.58,2026-10-05,1210,N,VIIRS,n,2.0NRT,303.12,8.66,D
-10.24961,30.61381,352.02,0.54,0.51,2026-10-05,1210,N,VIIRS,n,2.0NRT,303.76,55.3,D
-10.24466,32.66782,335.44,0.37,0.58,2026-10-05,1210,N,VIIRS,n,2.0NRT,302,1.67,D
-10.24343,22.04041,335,0.4,0.37,2026-10-05,1210,N,VIIRS,n,2.0NRT,300.61,4.76,D
-10.24047,29.69448,341.05,0.47,0.48,2026-10-05,1210,N,VIIRS,n,2.0NRT,295.17,3.88,D
-10.24004,29.698,337.99,0.47,0.48,2026-10-05,1210,N,VIIRS,n,2.0NRT,296.48,6.76,D
-10.23894,32.46003,337.96,0.36,0.57,2026-10-05,1210,N,VIIRS,n,2.0NRT,301.19,6.57,D
-10.23832,32.46337,344.74,0.36,0.57,2026-10-05,1210,N,VIIRS,n,2.0NRT,305.9,5.07,D
-10.2377,32.46672,350.58,0.36,0.57,2026-10-05,1210,N,VIIRS,n,2.0NRT,305.66,5.07,D
-10.23246,32.46565,346.38,0.36,0.57,2026-10-05,1210,N,VIIRS,n,2.0NRT,303.23,5.07,D
-10.23236,31.93585,355.08,0.33,0.55,2026-10-05,1210,N,VIIRS,n,2.0NRT,301.93,5.97,D
-10.23192,30.82245,335.54,0.55,0.51,2026-10-05,1210,N,VIIRS,n,2.0NRT,299.6,6.47,D
-10.22418,32.00964,367,0.33,0.55,2026-10-05,1210,N,VIIRS,h,2.0NRT,302.8,5.89,D
-10.22363,32.01268,341.94,0.33,0.55,2026-10-05,1210,N,VIIRS,n,2.0NRT,303.16,5.89,D
-10.22339,30.81565,330.71,0.55,0.51,2026-10-05,1210,N,VIIRS,n,2.0NRT,299.73,6.33,D
-10.22224,22.45574,332,0.39,0.36,2026-10-05,1210,N,VIIRS,n,2.0NRT,299.31,1.69,D
-10.21956,31.66581,341.22,0.63,0.54,2026-10-05,1210,N,VIIRS,n,2.0NRT,296.17,5.49,D
-10.2188,25.19549,337.36,0.41,0.37,2026-10-05,1210,N,VIIRS,n,2.0NRT,300.23,3.04,D
-10.20621,31.6296,342.28,0.63,0.54,2026-10-05,1210,N,VIIRS,n,2.0NRT,304.39,7.3,D
-10.18926,32.6986,343.19,0.37,0.58,2026-10-05,1210,N,VIIRS,n,2.0NRT,306.13,4.51,D
-10.1831,22.16794,347.46,0.39,0.37,2026-10-05,1210,N,VIIRS,n,2.0NRT,303.82,7.62,D
-10.17076,32.0985,354.39,0.34,0.56,2026-10-05,1210,N,VIIRS,n,2.0NRT,303.5,9.12,D
-10.17019,32.1016,367,0.34,0.56,2026-10-05,1210,N,VIIRS,h,2.0NRT,302.45,11.45,D
-10.15955,32.76859,347.36,0.37,0.58,2026-10-05,1210,N,VIIRS,n,2.0NRT,303.39,5.07,D
-10.15555,22.30682,331.48,0.39,0.36,2026-10-05,1210,N,VIIRS,n,2.0NRT,300.86,0.98,D
-10.15423,32.76729,341.45,0.37,0.58,2026-10-05,1210,N,VIIRS,n,2.0NRT,302.62,5.07,D
-10.15376,23.52505,345,0.38,0.36,2026-10-05,1210,N,VIIRS,n,2.0NRT,298.1,40.83,D
-10.14965,32.76206,330.77,0.37,0.58,2026-10-05,1210,N,VIIRS,n,2.0NRT,300.55,3.08,D
-10.13355,32.74617,344.59,0.37,0.58,2026-10-05,1210,N,VIIRS,n,2.0NRT,303.78,4.37,D
-10.13287,32.74995,341.6,0.37,0.58,2026-10-05,1210,N,VIIRS,n,2.0NRT,300.73,4.37,D
-10.13034,32.74651,348.63,0.37,0.58,2026-10-05,1210,N,VIIRS,n,2.0NRT,302.37,6.63,D
-10.12661,29.01767,335.12,0.42,0.46,2026-10-05,1210,N,VIIRS,n,2.0NRT,296.77,2.14,D
-10.12528,22.78105,347.54,0.39,0.36,2026-10-05,1210,N,VIIRS,n,2.0NRT,298.57,4.3,D
-10.12474,22.78457,334.79,0.39,0.36,2026-10-05,1210,N,VIIRS,n,2.0NRT,296.51,2.44,D
-10.12183,32.47953,367,0.36,0.57,2026-10-05,1210,N,VIIRS,h,2.0NRT,302.36,8.08,D
-10.12142,22.78405,346.59,0.39,0.36,2026-10-05,1210,N,VIIRS,n,2.0NRT,300.4,10.65,D
-10.12124,32.4827,356.43,0.36,0.57,2026-10-05,1210,N,VIIRS,n,2.0NRT,289.89,8.08,D
-10.11854,31.09711,338.51,0.58,0.52,2026-10-05,1210,N,VIIRS,n,2.0NRT,303.03,8.09,D
-10.11191,32.47412,336.01,0.36,0.57,2026-10-05,1210,N,VIIRS,n,2.0NRT,298.67,12.1,D
-10.1113,32.4774,367,0.36,0.57,2026-10-05,1210,N,VIIRS,h,2.0NRT,291.92,22.65,D
-10.11109,22.29285,331.55,0.39,0.36,2026-10-05,1210,N,VIIRS,n,2.0NRT,302.69,1.58,D
-10.09319,22.97022,331.75,0.39,0.36,2026-10-05,1210,N,VIIRS,n,2.0NRT,301.64,3.73,D
-10.08614,22.99425,345.64,0.38,0.36,2026-10-05,1210,N,VIIRS,n,2.0NRT,306.63,19.4,D
-10.0856,28.30376,340.22,0.38,0.44,2026-10-05,1210,N,VIIRS,n,2.0NRT,295.99,2.3,D
-10.08335,22.99023,333.59,0.38,0.36,2026-10-05,1210,N,VIIRS,n,2.0NRT,300.84,5.6,D
-10.08282,22.99374,367,0.38,0.36,2026-10-05,1210,N,VIIRS,h,2.0NRT,307.08,15.57,D
-10.07274,22.31994,332.54,0.39,0.36,2026-10-05,1210,N,VIIRS,n,2.0NRT,299.3,1.61,D
-10.0673,30.31706,335.85,0.52,0.5,2026-10-05,1210,N,VIIRS,n,2.0NRT,299.11,7.32,D
-10.06336,30.50001,341.43,0.53,0.5,2026-10-05,1210,N,VIIRS,n,2.0NRT,300.14,7.33,D
-10.06273,30.3162,335.78,0.52,0.5,2026-10-05,1210,N,VIIRS,n,2.0NRT,298.45,7.32,D
-10.04809,28.32997,350.11,0.39,0.44,2026-10-05,1210,N,VIIRS,n,2.0NRT,300.29,6.97,D
-10.04721,28.32892,346.61,0.39,0.44,2026-10-05,1210,N,VIIRS,n,2.0NRT,299.27,2.81,D
-10.04663,28.33246,330.2,0.39,0.44,2026-10-05,1210,N,VIIRS,n,2.0NRT,300.04,2.81,D
-10.03898,22.1235,340.19,0.4,0.37,2026-10-05,1210,N,VIIRS,n,2.0NRT,302.8,4.28,D
-10.03732,28.36816,332.99,0.39,0.44,2026-10-05,1210,N,VIIRS,n,2.0NRT,300.97,1.89,D
-10.03672,28.3672,333.96,0.39,0.44,2026-10-05,1210,N,VIIRS,n,2.0NRT,299.78,1.19,D
-10.02704,31.54076,347.94,0.62,0.54,2026-10-05,1210,N,VIIRS,n,2.0NRT,305.91,15.07,D
-10.02656,31.54242,345.21,0.62,0.54,2026-10-05,1210,N,VIIRS,n,2.0NRT,306.05,13.64,D
-10.02331,31.47526,344.66,0.62,0.54,2026-10-05,1210,N,VIIRS,n,2.0NRT,300.52,7.46,D
-10.0233,31.4771,339.49,0.62,0.54,2026-10-05,1210,N,VIIRS,n,2.0NRT,299.87,5.34,D
-10.02045,32.32936,367,0.35,0.57,2026-10-05,1210,N,VIIRS,h,2.0NRT,301.87,7.38,D
-10.00474,30.3014,342.73,0.52,0.5,2026-10-05,1210,N,VIIRS,n,2.0NRT,301.55,9.14,D
-10.00278,22.51304,337.49,0.39,0.36,2026-10-05,1210,N,VIIRS,n,2.0NRT,295.98,2.94,D
-10.00093,22.51201,331.76,0.39,0.36,2026-10-05,1210,N,VIIRS,n,2.0NRT,298.93,3.56,D
-10.00039,22.51555,332.1,0.39,0.36,2026-10-05,1210,N,VIIRS,n,2.0NRT,298.64,3.56,D
-9.98145,32.56852,342.84,0.37,0.58,2026-10-05,1210,N,VIIRS,n,2.0NRT,300.63,6.93,D
-9.98065,23.04248,340.53,0.38,0.36,2026-10-05,1210,N,VIIRS,n,2.0NRT,300.29,4.53,D
-9.98011,23.04598,338.09,0.38,0.36,2026-10-05,1210,N,VIIRS,n,2.0NRT,300.78,4.53,D
-9.9768,23.04547,348.2,0.38,0.36,2026-10-05,1210,N,VIIRS,n,2.0NRT,301.79,4.53,D
-9.9652,33.70346,331.98,0.44,0.62,2026-10-05,1210,N,VIIRS,n,2.0NRT,284.93,4.28,D
-9.95569,23.02786,332.69,0.38,0.36,2026-10-05,1210,N,VIIRS,n,2.0NRT,299.62,1.87,D
-9.94634,26.06702,337.33,0.44,0.39,2026-10-05,1210,N,VIIRS,n,2.0NRT,301.93,5.91,D
-9.9169,30.42271,331.46,0.53,0.5,2026-10-05,1210,N,VIIRS,n,2.0NRT,299.79,4.69,D
-9.91407,30.22812,336.48,0.51,0.5,2026-10-05,1210,N,VIIRS,n,2.0NRT,300.87,3.28,D
-9.91044,30.14153,344.83,0.51,0.49,2026-10-05,1210,N,VIIRS,n,2.0NRT,301.43,17.41,D
-9.90473,23.14447,343.41,0.38,0.36,2026-10-05,1210,N,VIIRS,n,2.0NRT,297.61,12.97,D
-9.90429,23.91252,340.59,0.39,0.36,2026-10-05,1210,N,VIIRS,n,2.0NRT,304.27,30.93,D
-9.90142,23.14395,347.58,0.38,0.36,2026-10-05,1210,N,VIIRS,n,2.0NRT,298.08,12.97,D
-9.89935,23.06844,340.44,0.38,0.36,2026-10-05,1210,N,VIIRS,n,2.0NRT,298.81,3.27,D
-9.89494,23.95073,337.17,0.39,0.36,2026-10-05,1210,N,VIIRS,n,2.0NRT,296.3,2.83,D
-9.87722,30.30408,349.21,0.52,0.5,2026-10-05,1210,N,VIIRS,n,2.0NRT,301.96,15.22,D
-9.86968,23.9865,330.49,0.39,0.36,2026-10-05,1210,N,VIIRS,n,2.0NRT,296.88,2.85,D
-9.8645,23.16327,334.85,0.38,0.36,2026-10-05,1210,N,VIIRS,n,2.0NRT,300.34,1.99,D
-9.86134,28.97653,332.06,0.43,0.46,2026-10-05,1210,N,VIIRS,n,2.0NRT,299.03,2.59,D
-9.85909,31.27138,336.55,0.6,0.53,2026-10-05,1210,N,VIIRS,n,2.0NRT,301.71,8.7,D
-9.85776,23.55674,330.82,0.38,0.36,2026-10-05,1210,N,VIIRS,n,2.0NRT,296.74,1.92,D
-9.85609,31.26829,354.24,0.6,0.53,2026-10-05,1210,N,VIIRS,n,2.0NRT,304.41,20.75,D
-9.85421,31.27043,352.47,0.6,0.53,2026-10-05,1210,N,VIIRS,n,2.0NRT,303.8,8.7,D
-9.83451,30.96058,341.66,0.58,0.52,2026-10-05,1210,N,VIIRS,n,2.0NRT,293.43,10.54,D
-9.83283,32.03424,352.25,0.34,0.56,2026-10-05,1210,N,VIIRS,n,2.0NRT,300.38,7.07,D
-9.8317,32.03225,331.91,0.34,0.56,2026-10-05,1210,N,VIIRS,n,2.0NRT,301.28,4.13,D
-9.83114,32.03537,347.99,0.34,0.56,2026-10-05,1210,N,VIIRS,n,2.0NRT,299.26,4.13,D
-9.83075,29.00314,343.67,0.43,0.46,2026-10-05,1210,N,VIIRS,n,2.0NRT,302.29,5.45,D
-9.82379,23.09611,337.5,0.38,0.36,2026-10-05,1210,N,VIIRS,n,2.0NRT,303.29,3.06,D
-9.81994,23.09909,335.19,0.38,0.36,2026-10-05,1210,N,VIIRS,n,2.0NRT,302.45,3.06,D
-9.81495,24.11909,331.6,0.39,0.36,2026-10-05,1210,N,VIIRS,n,2.0NRT,296.62,4.06,D
-9.8101,30.99162,356.36,0.58,0.52,2026-10-05,1210,N,VIIRS,n,2.0NRT,286.97,12.04,D
-9.80954,30.98898,336.72,0.58,0.52,2026-10-05,1210,N,VIIRS,n,2.0NRT,285.9,5.5,D
-9.80466,31.07048,333.45,0.59,0.53,2026-10-05,1210,N,VIIRS,n,2.0NRT,294.39,12.22,D
-9.80368,28.4436,343.53,0.4,0.44,2026-10-05,1210,N,VIIRS,n,2.0NRT,302.41,7.97,D
-9.80364,31.02871,354.94,0.58,0.52,2026-10-05,1210,N,VIIRS,n,2.0NRT,301.48,21,D
-9.80278,31.02603,341.02,0.58,0.52,2026-10-05,1210,N,VIIRS,n,2.0NRT,296.84,14.49,D
-9.80151,31.45292,330.08,0.62,0.54,2026-10-05,1210,N,VIIRS,l,2.0NRT,300.81,2.7,D
-9.79692,31.08555,342.66,0.59,0.53,2026-10-05,1210,N,VIIRS,n,2.0NRT,294.27,8.89,D
-9.78327,24.14679,346.53,0.39,0.36,2026-10-05,1210,N,VIIRS,n,2.0NRT,297.03,8.13,D
-9.76874,23.05831,345.59,0.38,0.36,2026-10-05,1210,N,VIIRS,n,2.0NRT,303.14,5.16,D
-9.76542,23.0578,344.28,0.38,0.36,2026-10-05,1210,N,VIIRS,n,2.0NRT,301.27,5.16,D
-9.76214,22.96778,341.3,0.38,0.36,2026-10-05,1210,N,VIIRS,n,2.0NRT,301.57,7.24,D
-9.75935,22.96377,335.88,0.38,0.36,2026-10-05,1210,N,VIIRS,n,2.0NRT,297.43,7.24,D
-9.75542,31.81232,332.67,0.33,0.55,2026-10-05,1210,N,VIIRS,n,2.0NRT,298,2.41,D
-9.753,31.81216,332.36,0.33,0.55,2026-10-05,1210,N,VIIRS,n,2.0NRT,295.43,2.75,D
-9.7472,21.97456,337.82,0.4,0.37,2026-10-05,1210,N,VIIRS,n,2.0NRT,301.87,4.71,D
-9.74598,28.46357,336.16,0.4,0.44,2026-10-05,1210,N,VIIRS,n,2.0NRT,298.91,6.2,D
-9.74569,27.92361,330.3,0.55,0.43,2026-10-05,1210,N,VIIRS,n,2.0NRT,295.88,5.66,D
-9.74383,21.97404,333.7,0.4,0.37,2026-10-05,1210,N,VIIRS,l,2.0NRT,305.36,4.66,D
-9.74285,28.31164,350.56,0.39,0.44,2026-10-05,1210,N,VIIRS,n,2.0NRT,301,7.77,D
-9.7302,31.33945,340.83,0.61,0.54,2026-10-05,1210,N,VIIRS,n,2.0NRT,300.89,5.08,D
-9.72949,31.3366,344.38,0.61,0.54,2026-10-05,1210,N,VIIRS,n,2.0NRT,302.68,9.06,D
-9.72763,29.92512,355.17,0.49,0.49,2026-10-05,1210,N,VIIRS,n,2.0NRT,304.77,28.77,D
-9.72688,28.85107,341.73,0.42,0.45,2026-10-05,1210,N,VIIRS,n,2.0NRT,297.96,4.07,D
-9.72683,29.92967,356.43,0.49,0.49,2026-10-05,1210,N,VIIRS,n,2.0NRT,302.34,24.37,D
-9.72237,29.92878,333.92,0.49,0.49,2026-10-05,1210,N,VIIRS,n,2.0NRT,299.94,4.36,D
-9.7182,29.22978,341.93,0.44,0.46,2026-10-05,1210,N,VIIRS,n,2.0NRT,301.43,4.35,D
-9.71263,31.34558,345.62,0.61,0.54,2026-10-05,1210,N,VIIRS,n,2.0NRT,299.11,7.69,D
-9.69783,28.97184,341.16,0.43,0.46,2026-10-05,1210,N,VIIRS,n,2.0NRT,299.32,5.18,D
-9.69717,28.97578,341.34,0.43,0.46,2026-10-05,1210,N,VIIRS,n,2.0NRT,299.53,7.91,D
-9.68101,30.19175,354.57,0.51,0.5,2026-10-05,1210,N,VIIRS,n,2.0NRT,307.53,21.44,D
-9.67984,28.16889,346.15,0.38,0.43,2026-10-05,1210,N,VIIRS,n,2.0NRT,300.98,6.08,D
-9.67696,28.40619,337.2,0.4,0.44,2026-10-05,1210,N,VIIRS,n,2.0NRT,301.36,8.84,D
-9.67645,30.19097,367,0.51,0.5,2026-10-05,1210,N,VIIRS,h,2.0NRT,300.6,13.79,D
-9.67585,28.16817,343.97,0.38,0.43,2026-10-05,1210,N,VIIRS,n,2.0NRT,299.92,3.6,D
-9.66564,30.47045,338.74,0.54,0.51,2026-10-05,1210,N,VIIRS,n,2.0NRT,301.61,7.54,D
-9.66384,30.46847,336.98,0.54,0.51,2026-10-05,1210,N,VIIRS,n,2.0NRT,300.34,9.98,D
-9.65926,30.53483,356.36,0.54,0.51,2026-10-05,1210,N,VIIRS,n,2.0NRT,307.68,19.38,D
-9.65713,29.92329,341.51,0.49,0.49,2026-10-05,1210,N,VIIRS,n,2.0NRT,303.77,53.23,D
-9.65424,29.92208,349.47,0.49,0.49,2026-10-05,1210,N,VIIRS,n,2.0NRT,303.6,51.32,D
-9.65338,30.55252,351.96,0.54,0.51,2026-10-05,1210,N,VIIRS,n,2.0NRT,303.53,104.05,D
-9.65325,29.10572,330.69,0.44,0.46,2026-10-05,1210,N,VIIRS,n,2.0NRT,296.58,3.24,D
-9.64004,29.49827,338.78,0.46,0.47,2026-10-05,1210,N,VIIRS,n,2.0NRT,296.36,2,D
-9.63813,31.85128,334.24,0.33,0.55,2026-10-05,1210,N,VIIRS,n,2.0NRT,297.51,1.84,D
-9.62839,28.27652,350.1,0.39,0.44,2026-10-05,1210,N,VIIRS,n,2.0NRT,300.24,3.72,D
-9.61726,24.60441,338,0.4,0.37,2026-10-05,1210,N,VIIRS,n,2.0NRT,298.96,4.38,D
-9.61226,30.0757,337.34,0.51,0.49,2026-10-05,1210,N,VIIRS,n,2.0NRT,306.34,6.65,D
-9.60962,30.30115,336.63,0.52,0.5,2026-10-05,1210,N,VIIRS,n,2.0NRT,305.66,16,D
-9.60877,30.30589,342.56,0.52,0.5,2026-10-05,1210,N,VIIRS,n,2.0NRT,300.97,16,D
-9.60621,30.30175,355.3,0.53,0.5,2026-10-05,1210,N,VIIRS,n,2.0NRT,301.18,30.03,D
-9.60504,30.30021,340.76,0.52,0.5,2026-10-05,1210,N,VIIRS,n,2.0NRT,298.98,16,D
-9.59682,31.55996,367,0.32,0.54,2026-10-05,1210,N,VIIRS,h,2.0NRT,296.52,6.96,D
-9.59656,31.1108,342.11,0.59,0.53,2026-10-05,1210,N,VIIRS,n,2.0NRT,296.78,4.69,D
-9.5963,31.56282,339.28,0.32,0.54,2026-10-05,1210,N,VIIRS,n,2.0NRT,292.08,6.96,D
-9.59566,31.39882,340.02,0.62,0.54,2026-10-05,1210,N,VIIRS,n,2.0NRT,300.95,9.31,D
-9.59556,31.11634,346.12,0.59,0.53,2026-10-05,1210,N,VIIRS,n,2.0NRT,300.19,17.02,D
-9.59272,31.56068,354.08,0.32,0.54,2026-10-05,1210,N,VIIRS,n,2.0NRT,296.33,6.54,D
-9.59171,31.10985,335.19,0.59,0.53,2026-10-05,1210,N,VIIRS,n,2.0NRT,297.1,2.21,D
-9.59036,31.22916,331.25,0.61,0.53,2026-10-05,1210,N,VIIRS,n,2.0NRT,300.97,3.44,D
-9.57792,31.89205,333.98,0.34,0.56,2026-10-05,1210,N,VIIRS,n,2.0NRT,298.92,3.8,D
-9.5757,22.90543,342.27,0.38,0.36,2026-10-05,1210,N,VIIRS,n,2.0NRT,298.19,4.19,D
-9.57038,30.41308,331.91,0.53,0.5,2026-10-05,1210,N,VIIRS,l,2.0NRT,303.26,5.47,D
-9.56964,30.21245,342.17,0.52,0.5,2026-10-05,1210,N,VIIRS,n,2.0NRT,308.36,6.85,D
-9.56694,29.45113,338.17,0.46,0.47,2026-10-05,1210,N,VIIRS,n,2.0NRT,303.25,8.97,D
-9.56673,24.16935,332.16,0.39,0.36,2026-10-05,1210,N,VIIRS,n,2.0NRT,297,2.29,D
-9.54836,30.25282,338.3,0.52,0.5,2026-10-05,1210,N,VIIRS,n,2.0NRT,302.64,4.94,D
-9.54018,28.93344,356.55,0.43,0.46,2026-10-05,1210,N,VIIRS,n,2.0NRT,298,9.9,D
-9.52446,31.56578,354.57,0.32,0.55,2026-10-05,1210,N,VIIRS,n,2.0NRT,304.09,28.41,D
-9.52392,31.56877,367,0.32,0.55,2026-10-05,1210,N,VIIRS,h,2.0NRT,293.44,21.99,D
-9.51989,29.98463,333.66,0.5,0.49,2026-10-05,1210,N,VIIRS,l,2.0NRT,305.6,5.88,D
-9.5194,31.5651,355.55,0.32,0.55,2026-10-05,1210,N,VIIRS,n,2.0NRT,294.52,10.52,D
-9.51886,31.56807,351.56,0.32,0.55,2026-10-05,1210,N,VIIRS,n,2.0NRT,292.34,9.57,D
-9.49358,30.1909,343.62,0.52,0.5,2026-10-05,1210,N,VIIRS,n,2.0NRT,301.99,2.82,D
-9.48975,30.42172,367,0.54,0.51,2026-10-05,1210,N,VIIRS,h,2.0NRT,305.67,16.91,D
-9.48889,30.42654,330.59,0.54,0.51,2026-10-05,1210,N,VIIRS,n,2.0NRT,304.96,16.91,D
-9.48599,30.41596,339.34,0.54,0.51,2026-10-05,1210,N,VIIRS,n,2.0NRT,294.26,15.18,D
-9.48512,30.42084,354.61,0.54,0.51,2026-10-05,1210,N,VIIRS,n,2.0NRT,306.59,16.91,D
-9.48425,30.42565,341.43,0.54,0.51,2026-10-05,1210,N,VIIRS,n,2.0NRT,303.96,16.91,D
-9.47472,27.81615,332.84,0.55,0.43,2026-10-05,1210,N,VIIRS,n,2.0NRT,296.53,6.49,D
-9.47162,25.90324,330.08,0.44,0.38,2026-10-05,1210,N,VIIRS,l,2.0NRT,301.53,3.22,D
-9.47159,27.81266,330.9,0.55,0.43,2026-10-05,1210,N,VIIRS,n,2.0NRT,297.36,9.08,D
-9.45495,29.87912,333.35,0.49,0.49,2026-10-05,1210,N,VIIRS,n,2.0NRT,301.45,4.49,D
-9.45417,29.88352,331.75,0.5,0.49,2026-10-05,1210,N,VIIRS,n,2.0NRT,301.54,4.75,D
-9.45338,29.87951,339.69,0.5,0.49,2026-10-05,1210,N,VIIRS,n,2.0NRT,302.08,3.54,D
-9.44199,26.08945,330.9,0.45,0.39,2026-10-05,1210,N,VIIRS,n,2.0NRT,298.39,3.09,D
-9.44195,30.51647,345,0.55,0.51,2026-10-05,1210,N,VIIRS,n,2.0NRT,300.59,8.8,D
-9.44134,26.09355,336.25,0.45,0.39,2026-10-05,1210,N,VIIRS,n,2.0NRT,297.94,3.09,D
-9.44108,30.52144,339.98,0.55,0.51,2026-10-05,1210,N,VIIRS,n,2.0NRT,303.82,8.8,D
-9.4403,30.50911,340.2,0.54,0.51,2026-10-05,1210,N,VIIRS,n,2.0NRT,299.22,10.64,D
-9.4402,26.08905,331.09,0.45,0.39,2026-10-05,1210,N,VIIRS,n,2.0NRT,299.04,16.1,D
-9.43952,26.09315,347.61,0.45,0.39,2026-10-05,1210,N,VIIRS,n,2.0NRT,301.01,16.1,D
-9.4394,30.51405,353.92,0.55,0.51,2026-10-05,1210,N,VIIRS,n,2.0NRT,300.43,13.74,D
-9.4385,30.51899,342.31,0.55,0.51,2026-10-05,1210,N,VIIRS,n,2.0NRT,304.06,13.74,D
-9.43814,30.51059,357.32,0.55,0.51,2026-10-05,1210,N,VIIRS,n,2.0NRT,301.96,26.58,D
-9.43777,26.09298,346.4,0.45,0.39,2026-10-05,1210,N,VIIRS,n,2.0NRT,298.06,29.11,D
-9.4376,30.52396,336.74,0.55,0.51,2026-10-05,1210,N,VIIRS,n,2.0NRT,302.67,10.37,D
-9.43642,30.52048,340.46,0.55,0.51,2026-10-05,1210,N,VIIRS,n,2.0NRT,301.34,8.8,D
-9.43081,30.64169,345.77,0.56,0.51,2026-10-05,1210,N,VIIRS,n,2.0NRT,302.65,11.95,D
-9.43049,30.63848,342.06,0.56,0.51,2026-10-05,1210,N,VIIRS,n,2.0NRT,302.72,14.42,D
-9.42519,30.64582,343.87,0.56,0.51,2026-10-05,1210,N,VIIRS,n,2.0NRT,304.54,7.1,D
-9.42401,30.64772,344.89,0.56,0.51,2026-10-05,1210,N,VIIRS,n,2.0NRT,305.43,5.72,D
-9.42285,30.16371,345.34,0.52,0.5,2026-10-05,1210,N,VIIRS,n,2.0NRT,308.82,9.77,D
-9.41974,30.53294,343.83,0.55,0.51,2026-10-05,1210,N,VIIRS,n,2.0NRT,303.15,27.94,D
-9.4177,30.66018,337.9,0.56,0.51,2026-10-05,1210,N,VIIRS,n,2.0NRT,304.56,7.32,D
-9.41752,30.65702,334.87,0.56,0.51,2026-10-05,1210,N,VIIRS,n,2.0NRT,303.53,6.48,D
-9.39952,30.56532,337.54,0.55,0.51,2026-10-05,1210,N,VIIRS,n,2.0NRT,300.41,7.43,D
-9.3981,24.66519,339.45,0.4,0.37,2026-10-05,1210,N,VIIRS,n,2.0NRT,293.21,5.29,D
-9.3886,23.85752,331.83,0.39,0.36,2026-10-05,1210,N,VIIRS,n,2.0NRT,294.51,2.44,D
-9.38257,29.04055,334.59,0.44,0.46,2026-10-05,1210,N,VIIRS,n,2.0NRT,293.65,4.16,D
-9.37967,29.03998,331.83,0.44,0.46,2026-10-05,1210,N,VIIRS,n,2.0NRT,294.86,2.55,D
-9.37369,30.60153,358.05,0.55,0.51,2026-10-05,1210,N,VIIRS,n,2.0NRT,310.73,22.88,D
-9.37185,23.81166,333.86,0.39,0.36,2026-10-05,1210,N,VIIRS,n,2.0NRT,293.76,2.8,D
-9.37018,30.39224,331.96,0.54,0.51,2026-10-05,1210,N,VIIRS,l,2.0NRT,303.76,3.98,D
-9.36896,30.60073,341.7,0.55,0.51,2026-10-05,1210,N,VIIRS,n,2.0NRT,303.44,5.21,D
-9.36805,30.60585,340.17,0.55,0.51,2026-10-05,1210,N,VIIRS,n,2.0NRT,304.13,5.21,D
-9.36761,27.10391,342.75,0.5,0.41,2026-10-05,1210,N,VIIRS,n,2.0NRT,298.98,7.15,D
-9.36398,30.57416,336.1,0.55,0.51,2026-10-05,1210,N,VIIRS,n,2.0NRT,302.89,4.16,D
-9.36309,30.57914,336.17,0.55,0.51,2026-10-05,1210,N,VIIRS,n,2.0NRT,303.46,4.16,D
-9.35928,30.57325,333.51,0.55,0.51,2026-10-05,1210,N,VIIRS,n,2.0NRT,303.36,4.16,D
-9.35839,30.57823,334.4,0.55,0.51,2026-10-05,1210,N,VIIRS,n,2.0NRT,302.46,4.16,D
-9.35459,30.57232,353.11,0.55,0.51,2026-10-05,1210,N,VIIRS,n,2.0NRT,303.38,23.12,D
-9.35369,30.57731,350.45,0.55,0.51,2026-10-05,1210,N,VIIRS,n,2.0NRT,309.33,23.12,D
-9.349,30.57637,354.48,0.55,0.51,2026-10-05,1210,N,VIIRS,n,2.0NRT,305.1,23.12,D
-9.3481,30.58139,333.01,0.55,0.51,2026-10-05,1210,N,VIIRS,l,2.0NRT,305.49,13.45,D
-9.33094,22.65098,331.65,0.39,0.36,2026-10-05,1210,N,VIIRS,n,2.0NRT,300.38,5.63,D
-9.32449,30.08394,338.24,0.51,0.5,2026-10-05,1210,N,VIIRS,n,2.0NRT,304.56,7.3,D
-9.32161,30.26003,341.98,0.53,0.5,2026-10-05,1210,N,VIIRS,n,2.0NRT,303.07,13.06,D
-9.32041,25.96615,339.94,0.44,0.39,2026-10-05,1210,N,VIIRS,n,2.0NRT,301.09,3.57,D
-9.31712,30.75349,341.93,0.57,0.52,2026-10-05,1210,N,VIIRS,n,2.0NRT,304.1,5.93,D
-9.30615,26.00943,335.03,0.45,0.39,2026-10-05,1210,N,VIIRS,n,2.0NRT,297.36,6.75,D
-9.30449,24.52697,337.52,0.4,0.37,2026-10-05,1210,N,VIIRS,n,2.0NRT,292.54,2.73,D
-9.29534,30.54523,341.13,0.55,0.51,2026-10-05,1210,N,VIIRS,n,2.0NRT,300.37,6.03,D
-9.28583,28.85112,332.33,0.43,0.46,2026-10-05,1210,N,VIIRS,n,2.0NRT,300.29,2.14,D
-9.27028,30.68748,337.34,0.56,0.52,2026-10-05,1210,N,VIIRS,n,2.0NRT,304.55,9.65,D
-9.26938,30.69262,349.23,0.56,0.52,2026-10-05,1210,N,VIIRS,n,2.0NRT,303.8,9.65,D
-9.26463,30.69174,330.48,0.56,0.52,2026-10-05,1210,N,VIIRS,l,2.0NRT,303.22,10.19,D
-9.26168,30.68071,353.74,0.56,0.52,2026-10-05,1210,N,VIIRS,n,2.0NRT,309.26,15.44,D
-9.23831,30.81252,339.5,0.58,0.52,2026-10-05,1210,N,VIIRS,n,2.0NRT,303.49,7.59,D
-9.23737,30.81784,341.51,0.58,0.52,2026-10-05,1210,N,VIIRS,n,2.0NRT,302.93,7.59,D
-9.23277,30.87171,348.49,0.58,0.52,2026-10-05,1210,N,VIIRS,n,2.0NRT,304.5,14.28,D
-9.23039,30.29875,332.15,0.53,0.5,2026-10-05,1210,N,VIIRS,l,2.0NRT,305,5.32,D
-9.22955,30.30356,337.37,0.53,0.5,2026-10-05,1210,N,VIIRS,n,2.0NRT,305.37,5.95,D
-9.22295,24.18281,340.69,0.39,0.36,2026-10-05,1210,N,VIIRS,n,2.0NRT,297.57,3.75,D
-9.22112,22.61559,331.22,0.39,0.36,2026-10-05,1210,N,VIIRS,n,2.0NRT,299.68,2.86,D
-9.21405,30.09571,346.78,0.52,0.5,2026-10-05,1210,N,VIIRS,n,2.0NRT,310.07,68.97,D
-9.19427,29.05523,343.3,0.44,0.46,2026-10-05,1210,N,VIIRS,n,2.0NRT,303.84,32.08,D
-9.15832,30.09433,339.94,0.52,0.5,2026-10-05,1210,N,VIIRS,n,2.0NRT,305.9,6.42,D
-9.1583,30.62582,334.59,0.56,0.52,2026-10-05,1210,N,VIIRS,n,2.0NRT,309.04,3.15,D
-9.15036,30.38791,354.13,0.54,0.51,2026-10-05,1210,N,VIIRS,n,2.0NRT,306.77,6.54,D
-9.14867,30.38088,332.06,0.54,0.51,2026-10-05,1210,N,VIIRS,l,2.0NRT,305.14,6.96,D
-9.14778,30.3858,341.36,0.54,0.51,2026-10-05,1210,N,VIIRS,n,2.0NRT,306.25,6.96,D
-9.14654,30.38215,332.59,0.54,0.51,2026-10-05,1210,N,VIIRS,l,2.0NRT,305.09,6.54,D
-9.14569,30.38708,344.38,0.54,0.51,2026-10-05,1210,N,VIIRS,n,2.0NRT,303.27,6.54,D
-9.1421,29.22758,336.47,0.45,0.47,2026-10-05,1210,N,VIIRS,n,2.0NRT,300.68,7.4,D
-9.14187,30.38132,336.72,0.54,0.51,2026-10-05,1210,N,VIIRS,n,2.0NRT,305.99,3.56,D
-9.14065,29.23584,336.53,0.45,0.47,2026-10-05,1210,N,VIIRS,n,2.0NRT,302.1,7.96,D
-9.13934,30.37924,341.08,0.54,0.51,2026-10-05,1210,N,VIIRS,n,2.0NRT,305.7,6.3,D
-9.1354,29.39364,339.53,0.47,0.47,2026-10-05,1210,N,VIIRS,n,2.0NRT,303.24,4.55,D
-9.13335,24.15,335.03,0.39,0.36,2026-10-05,1210,N,VIIRS,n,2.0NRT,290.76,2.41,D
-9.12369,28.94036,343.75,0.44,0.46,2026-10-05,1210,N,VIIRS,n,2.0NRT,300.9,3.95,D
-9.12198,30.35742,343.46,0.54,0.51,2026-10-05,1210,N,VIIRS,n,2.0NRT,304.28,9.06,D
-9.11835,31.16447,337.54,0.61,0.54,2026-10-05,1210,N,VIIRS,n,2.0NRT,303.04,5.58,D
-9.1146,31.16519,332.56,0.61,0.53,2026-10-05,1210,N,VIIRS,n,2.0NRT,299.97,6.02,D
-9.11292,29.20952,343.89,0.45,0.47,2026-10-05,1210,N,VIIRS,n,2.0NRT,303.68,6.25,D
-9.09027,24.82198,336.36,0.41,0.37,2026-10-05,1210,N,VIIRS,n,2.0NRT,296.93,3.96,D
-9.08228,30.12708,341.85,0.52,0.5,2026-10-05,1210,N,VIIRS,n,2.0NRT,308.87,9.09,D
-9.08191,30.1256,338.59,0.52,0.5,2026-10-05,1210,N,VIIRS,l,2.0NRT,309.27,11.53,D
-9.08164,24.43548,337.03,0.4,0.37,2026-10-05,1210,N,VIIRS,n,2.0NRT,298.07,3.8,D
-9.07664,30.87239,356.18,0.59,0.52,2026-10-05,1210,N,VIIRS,n,2.0NRT,304.04,15.3,D
-9.07532,30.92422,339.4,0.59,0.53,2026-10-05,1210,N,VIIRS,n,2.0NRT,302.53,7.8,D
-9.07517,30.86973,340.69,0.58,0.52,2026-10-05,1210,N,VIIRS,n,2.0NRT,299.47,7.31,D
-9.07421,30.87503,333.87,0.58,0.52,2026-10-05,1210,N,VIIRS,n,2.0NRT,302.89,10.94,D
-9.07227,24.34175,333.42,0.4,0.37,2026-10-05,1210,N,VIIRS,n,2.0NRT,298.83,3.35,D
-9.06252,29.37354,343.74,0.47,0.47,2026-10-05,1210,N,VIIRS,n,2.0NRT,302.94,6.47,D
-9.06174,29.65741,345.02,0.49,0.48,2026-10-05,1210,N,VIIRS,n,2.0NRT,305.66,26.62,D
-9.05938,29.65749,345.44,0.49,0.48,2026-10-05,1210,N,VIIRS,n,2.0NRT,304.43,25.71,D
-9.05728,29.6567,337.25,0.49,0.48,2026-10-05,1210,N,VIIRS,n,2.0NRT,303.75,10.45,D
-9.04673,25.98067,331.32,0.45,0.39,2026-10-05,1210,N,VIIRS,n,2.0NRT,299.44,3.83,D
-9.03333,30.89202,338.81,0.59,0.53,2026-10-05,1210,N,VIIRS,n,2.0NRT,298.47,7.46,D
-9.03314,25.97429,338.6,0.45,0.39,2026-10-05,1210,N,VIIRS,n,2.0NRT,301.04,5.5,D
-9.03039,29.40306,337.46,0.47,0.48,2026-10-05,1210,N,VIIRS,n,2.0NRT,306,6.01,D
-9.02527,29.40658,348.92,0.47,0.48,2026-10-05,1210,N,VIIRS,n,2.0NRT,308.18,6.01,D
-9.02297,30.69823,339.88,0.57,0.52,2026-10-05,1210,N,VIIRS,n,2.0NRT,306.33,9.06,D
-9.01821,30.69731,332.41,0.57,0.52,2026-10-05,1210,N,VIIRS,l,2.0NRT,303.86,6.14,D
-9.01054,30.96462,339.09,0.59,0.53,2026-10-05,1210,N,VIIRS,n,2.0NRT,305.02,9.05,D
-9.00547,26.02084,336.41,0.45,0.39,2026-10-05,1210,N,VIIRS,n,2.0NRT,294.8,6.06,D
-9.00489,30.63447,337.25,0.57,0.52,2026-10-05,1210,N,VIIRS,n,2.0NRT,303.88,5.39,D
-9.00451,23.98306,330.7,0.39,0.36,2026-10-05,1210,N,VIIRS,n,2.0NRT,295.76,17.54,D
-9.00431,30.63674,346.39,0.57,0.52,2026-10-05,1210,N,VIIRS,n,2.0NRT,301.38,6.48,D
-9.00394,30.63973,332.94,0.57,0.52,2026-10-05,1210,N,VIIRS,n,2.0NRT,299.16,5.39,D
-9.00116,23.98253,343.93,0.39,0.36,2026-10-05,1210,N,VIIRS,n,2.0NRT,302.91,17.54,D
-9.00062,23.98607,332.19,0.39,0.36,2026-10-05,1210,N,VIIRS,n,2.0NRT,295.91,17.54,D
-8.99956,30.63586,333.11,0.57,0.52,2026-10-05,1210,N,VIIRS,n,2.0NRT,301.74,5.39,D
-8.99919,30.63888,331.55,0.57,0.52,2026-10-05,1210,N,VIIRS,n,2.0NRT,299.31,13.01,D
-8.99641,28.22317,344.71,0.39,0.44,2026-10-05,1210,N,VIIRS,n,2.0NRT,291.23,3.74,D
-8.9873,25.79354,337.98,0.44,0.38,2026-10-05,1210,N,VIIRS,n,2.0NRT,299.08,5.47,D
-8.98423,24.36775,345.66,0.4,0.37,2026-10-05,1210,N,VIIRS,n,2.0NRT,298.48,8.07,D
-8.98413,30.91578,345.94,0.59,0.53,2026-10-05,1210,N,VIIRS,n,2.0NRT,304.6,15.67,D
-8.97998,29.3812,336.76,0.47,0.48,2026-10-05,1210,N,VIIRS,n,2.0NRT,303.67,3.24,D
-8.97833,30.92019,338.51,0.59,0.53,2026-10-05,1210,N,VIIRS,n,2.0NRT,300.06,5.27,D
-8.96716,30.62466,350.64,0.57,0.52,2026-10-05,1210,N,VIIRS,n,2.0NRT,299.54,6.3,D
-8.96622,31.10067,332.32,0.61,0.53,2026-10-05,1210,N,VIIRS,l,2.0NRT,302.81,5.6,D
-8.96481,31.02365,351.8,0.6,0.53,2026-10-05,1210,N,VIIRS,n,2.0NRT,302.56,9.34,D
-8.9645,25.64247,347.07,0.43,0.38,2026-10-05,1210,N,VIIRS,n,2.0NRT,305.98,41.35,D
-8.9615,30.62899,340.03,0.57,0.52,2026-10-05,1210,N,VIIRS,n,2.0NRT,303.87,12.99,D
-8.96099,25.64189,333.83,0.43,0.38,2026-10-05,1210,N,VIIRS,n,2.0NRT,297.92,4.11,D
-8.95754,28.40033,333.43,0.4,0.45,2026-10-05,1210,N,VIIRS,n,2.0NRT,300.68,2.19,D
-8.9542,29.06542,335.35,0.45,0.47,2026-10-05,1210,N,VIIRS,n,2.0NRT,301.62,3.3,D
-8.95241,29.06475,340.98,0.45,0.47,2026-10-05,1210,N,VIIRS,n,2.0NRT,302.21,3.22,D
-8.94599,28.4016,331,0.41,0.45,2026-10-05,1210,N,VIIRS,l,2.0NRT,302.78,3.28,D
-8.94055,31.47675,344.94,0.32,0.55,2026-10-05,1210,N,VIIRS,n,2.0NRT,305.82,4.11,D
-8.93705,29.08767,331.79,0.45,0.47,2026-10-05,1210,N,VIIRS,n,2.0NRT,300.83,2.99,D
-8.9227,28.31437,342.17,0.4,0.44,2026-10-05,1210,N,VIIRS,n,2.0NRT,301.17,3.28,D
-8.92223,25.54665,343.11,0.43,0.38,2026-10-05,1210,N,VIIRS,n,2.0NRT,284.15,4.68,D
-8.91662,29.99916,339.91,0.51,0.5,2026-10-05,1210,N,VIIRS,n,2.0NRT,306.86,12.53,D
-8.9165,31.49492,367,0.32,0.55,2026-10-05,1210,N,VIIRS,h,2.0NRT,304.03,9.94,D
-8.91597,31.49792,333.87,0.32,0.55,2026-10-05,1210,N,VIIRS,n,2.0NRT,300.95,9.08,D
-8.91579,30.00386,343.9,0.51,0.5,2026-10-05,1210,N,VIIRS,n,2.0NRT,305.55,12.53,D
-8.9058,28.31504,354.37,0.4,0.44,2026-10-05,1210,N,VIIRS,n,2.0NRT,299.68,9.38,D
-8.90189,23.97027,348.82,0.39,0.36,2026-10-05,1210,N,VIIRS,n,2.0NRT,298.02,10.78,D
-8.89855,23.96974,347.6,0.39,0.36,2026-10-05,1210,N,VIIRS,n,2.0NRT,301.41,33.13,D
-8.89199,30.66042,344.24,0.57,0.52,2026-10-05,1210,N,VIIRS,n,2.0NRT,301.61,7.32,D
-8.88299,23.98182,339.03,0.39,0.36,2026-10-05,1210,N,VIIRS,n,2.0NRT,296.8,2.87,D
-8.87621,28.43958,348.51,0.41,0.45,2026-10-05,1210,N,VIIRS,n,2.0NRT,300.48,4.92,D
-8.87615,29.7725,340.74,0.5,0.49,2026-10-05,1210,N,VIIRS,n,2.0NRT,299.56,4.67,D
-8.87484,25.90812,336.6,0.45,0.39,2026-10-05,1210,N,VIIRS,n,2.0NRT,302.72,12.23,D
-8.87129,25.90753,340.41,0.45,0.39,2026-10-05,1210,N,VIIRS,n,2.0NRT,304.05,12.23,D
-8.87038,25.62294,335.82,0.44,0.38,2026-10-05,1210,N,VIIRS,n,2.0NRT,302.98,3.36,D
-8.87029,25.62299,335.9,0.43,0.38,2026-10-05,1210,N,VIIRS,n,2.0NRT,302.65,3.27,D
-8.86687,25.62236,335.73,0.44,0.38,2026-10-05,1210,N,VIIRS,n,2.0NRT,301.09,3.36,D
-8.86678,25.62241,336.34,0.43,0.38,2026-10-05,1210,N,VIIRS,n,2.0NRT,301.5,3.27,D
-8.86422,25.59356,348.05,0.43,0.38,2026-10-05,1210,N,VIIRS,n,2.0NRT,298.83,6.55,D
-8.86209,26.26235,337.96,0.46,0.39,2026-10-05,1210,N,VIIRS,n,2.0NRT,306.5,8.33,D
-8.85863,25.91795,337.92,0.45,0.39,2026-10-05,1210,N,VIIRS,n,2.0NRT,301.44,2.72,D
-8.8578,28.54756,335.53,0.42,0.45,2026-10-05,1210,N,VIIRS,n,2.0NRT,303,2.2,D
-8.85106,25.87465,331.1,0.45,0.39,2026-10-05,1210,N,VIIRS,l,2.0NRT,301.38,2.94,D
-8.84169,26.38958,343.21,0.47,0.4,2026-10-05,1210,N,VIIRS,n,2.0NRT,298.84,4.83,D
-8.84083,25.91501,346.38,0.45,0.39,2026-10-05,1210,N,VIIRS,n,2.0NRT,303.95,7.14,D
-8.8402,25.69945,336.86,0.44,0.38,2026-10-05,1210,N,VIIRS,n,2.0NRT,303.01,4.31,D
-8.83727,25.91442,332.14,0.45,0.39,2026-10-05,1210,N,VIIRS,n,2.0NRT,301.5,2.8,D
-8.83662,25.91843,331.41,0.45,0.39,2026-10-05,1210,N,VIIRS,l,2.0NRT,304.07,4,D
-8.83618,31.31025,334.27,0.63,0.54,2026-10-05,1210,N,VIIRS,l,2.0NRT,306.71,6.05,D
-8.7832,23.90409,344.97,0.39,0.36,2026-10-05,1210,N,VIIRS,n,2.0NRT,298.03,12.29,D
-8.78265,23.90763,333.24,0.39,0.36,2026-10-05,1210,N,VIIRS,n,2.0NRT,295.59,12.29,D
-8.77986,23.90356,330.33,0.39,0.36,2026-10-05,1210,N,VIIRS,n,2.0NRT,294.25,7.97,D
-8.77805,24.11413,348.47,0.39,0.36,2026-10-05,1210,N,VIIRS,n,2.0NRT,294.54,13.21,D
-8.77238,25.82821,334.98,0.44,0.39,2026-10-05,1210,N,VIIRS,n,2.0NRT,301.49,3.65,D
-8.77173,25.83226,335.51,0.44,0.39,2026-10-05,1210,N,VIIRS,n,2.0NRT,301.88,5.49,D
-8.75401,24.54232,334.93,0.4,0.37,2026-10-05,1210,N,VIIRS,n,2.0NRT,296.8,2.2,D
-8.74361,24.35819,332.72,0.4,0.37,2026-10-05,1210,N,VIIRS,n,2.0NRT,297.71,2.81,D
-8.7391,31.33902,337.59,0.32,0.54,2026-10-05,1210,N,VIIRS,n,2.0NRT,304.69,2.03,D
-8.73246,26.00673,334.45,0.45,0.39,2026-10-05,1210,N,VIIRS,n,2.0NRT,300.67,22,D
-8.7241,25.81637,333.2,0.44,0.39,2026-10-05,1210,N,VIIRS,n,2.0NRT,300.62,6.1,D
-8.72055,25.81577,334.6,0.44,0.39,2026-10-05,1210,N,VIIRS,n,2.0NRT,298.12,6.1,D
-8.71864,25.82778,345.65,0.45,0.39,2026-10-05,1210,N,VIIRS,n,2.0NRT,301.24,11.73,D
-8.70046,25.66881,334.28,0.44,0.38,2026-10-05,1210,N,VIIRS,n,2.0NRT,300.63,2.07,D
-8.69942,31.5043,336.98,0.33,0.55,2026-10-05,1210,N,VIIRS,n,2.0NRT,302.04,6.18,D
-8.69889,31.50724,367,0.33,0.55,2026-10-05,1210,N,VIIRS,h,2.0NRT,303.74,6.18,D
-8.69162,29.17305,340.31,0.46,0.47,2026-10-05,1210,N,VIIRS,n,2.0NRT,299.23,4.71,D
-8.68343,31.47663,333.44,0.33,0.55,2026-10-05,1210,N,VIIRS,n,2.0NRT,302.64,1.26,D
-8.66681,25.92348,333.09,0.45,0.39,2026-10-05,1210,N,VIIRS,n,2.0NRT,298.61,2.7,D
-8.65848,24.50432,333.16,0.4,0.37,2026-10-05,1210,N,VIIRS,n,2.0NRT,298.69,3.74,D
-8.62957,28.77011,331.86,0.43,0.46,2026-10-05,1210,N,VIIRS,n,2.0NRT,300.24,3.08,D
-8.54099,25.87481,340.69,0.45,0.39,2026-10-05,1210,N,VIIRS,n,2.0NRT,300.17,6.45,D
-8.53803,32.31337,367,0.37,0.58,2026-10-05,1210,N,VIIRS,h,2.0NRT,292.2,8.69,D
-8.52532,31.41949,347.65,0.33,0.55,2026-10-05,1210,N,VIIRS,n,2.0NRT,278.8,5.2,D
-8.51078,32.49444,367,0.38,0.59,2026-10-05,1210,N,VIIRS,h,2.0NRT,305.5,5.15,D
-8.49842,26.68013,344.42,0.49,0.4,2026-10-05,1210,N,VIIRS,n,2.0NRT,297.28,4.82,D
-8.48351,26.63208,334.81,0.49,0.4,2026-10-05,1210,N,VIIRS,n,2.0NRT,296.06,8.06,D
-8.48267,26.62906,344.04,0.49,0.4,2026-10-05,1210,N,VIIRS,n,2.0NRT,295.56,8.3,D
-8.47093,22.98976,333.98,0.38,0.36,2026-10-05,1210,N,VIIRS,n,2.0NRT,297.59,2.7,D
-8.44904,26.74277,339.91,0.5,0.41,2026-10-05,1210,N,VIIRS,n,2.0NRT,300.45,5.82,D
-8.44718,30.40448,352.22,0.56,0.51,2026-10-05,1210,N,VIIRS,n,2.0NRT,308.49,13.45,D
-8.44246,30.40361,339.78,0.56,0.51,2026-10-05,1210,N,VIIRS,n,2.0NRT,302.82,6.51,D
-8.43587,26.6123,337,0.49,0.4,2026-10-05,1210,N,VIIRS,n,2.0NRT,297.13,5.26,D
-8.4341,26.74033,336.38,0.5,0.41,2026-10-05,1210,N,VIIRS,n,2.0NRT,299.97,8.61,D
-8.43143,26.82774,353.92,0.5,0.41,2026-10-05,1210,N,VIIRS,n,2.0NRT,299.31,15.3,D
-8.42553,27.11806,335.52,0.52,0.41,2026-10-05,1210,N,VIIRS,n,2.0NRT,293.24,13.13,D
-8.42242,24.51831,335.52,0.4,0.37,2026-10-05,1210,N,VIIRS,n,2.0NRT,301.65,3.47,D
-8.40969,24.21974,332.88,0.4,0.37,2026-10-05,1210,N,VIIRS,n,2.0NRT,297.04,1.66,D
-8.40802,30.40527,336.27,0.56,0.51,2026-10-05,1210,N,VIIRS,n,2.0NRT,305.51,9.63,D
-8.40633,24.2192,335.91,0.4,0.37,2026-10-05,1210,N,VIIRS,n,2.0NRT,299.46,5.88,D
-8.40577,24.22278,330.5,0.4,0.37,2026-10-05,1210,N,VIIRS,l,2.0NRT,301.04,69.99,D
-8.40521,24.22636,342.62,0.4,0.37,2026-10-05,1210,N,VIIRS,n,2.0NRT,308.58,69.99,D
-8.40297,24.21867,347.83,0.4,0.37,2026-10-05,1210,N,VIIRS,n,2.0NRT,296.81,5.88,D
-8.40185,24.22582,344.94,0.4,0.37,2026-10-05,1210,N,VIIRS,n,2.0NRT,309.03,69.99,D
-8.3996,24.21814,352.6,0.4,0.37,2026-10-05,1210,N,VIIRS,n,2.0NRT,300.67,13.97,D
-8.39904,24.22172,331.86,0.4,0.37,2026-10-05,1210,N,VIIRS,n,2.0NRT,301.48,4.12,D
-8.39624,24.21761,367,0.4,0.37,2026-10-05,1210,N,VIIRS,h,2.0NRT,303.04,13.97,D
-8.39568,24.22119,338.56,0.4,0.37,2026-10-05,1210,N,VIIRS,n,2.0NRT,299.68,4.12,D
-8.39512,24.22476,330.03,0.4,0.37,2026-10-05,1210,N,VIIRS,n,2.0NRT,299.52,4.12,D
-8.39287,24.21709,335.14,0.4,0.37,2026-10-05,1210,N,VIIRS,n,2.0NRT,295.8,1.51,D
-8.38616,26.61329,343.43,0.49,0.4,2026-10-05,1210,N,VIIRS,n,2.0NRT,295.95,7.32,D
-8.38433,26.61408,340.64,0.49,0.4,2026-10-05,1210,N,VIIRS,n,2.0NRT,292.68,7.07,D
-8.3769,26.61286,337.22,0.49,0.4,2026-10-05,1210,N,VIIRS,n,2.0NRT,297.06,7.15,D
-8.37632,24.52232,335.81,0.4,0.37,2026-10-05,1210,N,VIIRS,n,2.0NRT,299.59,5.17,D
-8.3659,26.63387,332.99,0.49,0.4,2026-10-05,1210,N,VIIRS,n,2.0NRT,289.99,6.18,D
-8.3629,26.62881,334.46,0.49,0.4,2026-10-05,1210,N,VIIRS,n,2.0NRT,299.02,9.21,D
-8.36195,26.72975,339.11,0.5,0.41,2026-10-05,1210,N,VIIRS,n,2.0NRT,292.39,4.61,D
-8.36005,26.7931,336,0.5,0.41,2026-10-05,1210,N,VIIRS,n,2.0NRT,298.84,5.69,D
-8.36002,26.78972,335.57,0.5,0.41,2026-10-05,1210,N,VIIRS,n,2.0NRT,298.1,2.63,D
-8.35408,26.75965,334.55,0.5,0.41,2026-10-05,1210,N,VIIRS,n,2.0NRT,297.41,3.79,D
-8.35386,26.75621,335.47,0.5,0.41,2026-10-05,1210,N,VIIRS,n,2.0NRT,297.57,3.34,D
-8.35247,26.62254,338.13,0.49,0.4,2026-10-05,1210,N,VIIRS,n,2.0NRT,296.61,7.82,D
-8.3433,31.99007,335.67,0.36,0.57,2026-10-05,1210,N,VIIRS,n,2.0NRT,295.05,2.42,D
-8.3403,24.442,367,0.4,0.37,2026-10-05,1210,N,VIIRS,h,2.0NRT,298.92,10.27,D
-8.33465,26.82758,335.36,0.5,0.41,2026-10-05,1210,N,VIIRS,n,2.0NRT,296.53,7.09,D
-8.33392,26.83214,344.51,0.5,0.41,2026-10-05,1210,N,VIIRS,n,2.0NRT,299.97,7.09,D
-8.33016,26.83153,339.09,0.5,0.41,2026-10-05,1210,N,VIIRS,n,2.0NRT,298.55,7.74,D
-8.32534,30.22618,333.99,0.55,0.51,2026-10-05,1210,N,VIIRS,n,2.0NRT,303.45,5.18,D
-8.32212,24.49131,332.5,0.4,0.37,2026-10-05,1210,N,VIIRS,n,2.0NRT,300.68,2.09,D
-8.31362,26.8382,333.7,0.5,0.41,2026-10-05,1210,N,VIIRS,n,2.0NRT,295.92,11.75,D
-8.29553,26.80718,334.85,0.5,0.41,2026-10-05,1210,N,VIIRS,n,2.0NRT,299.15,6.12,D
-8.29401,26.79292,334.94,0.5,0.41,2026-10-05,1210,N,VIIRS,n,2.0NRT,297.44,4.63,D
-8.29326,26.79747,335.62,0.5,0.41,2026-10-05,1210,N,VIIRS,n,2.0NRT,297.91,4.63,D
-8.28998,24.18186,332.57,0.4,0.37,2026-10-05,1210,N,VIIRS,n,2.0NRT,297.42,4.49,D
-8.28381,24.17726,334.93,0.4,0.37,2026-10-05,1210,N,VIIRS,n,2.0NRT,295.95,3.28,D
-8.28325,24.18082,338.79,0.4,0.37,2026-10-05,1210,N,VIIRS,n,2.0NRT,296.21,4.67,D
-8.28269,24.18438,336.27,0.4,0.37,2026-10-05,1210,N,VIIRS,n,2.0NRT,296.73,4.67,D
-8.27989,24.18028,348.1,0.4,0.37,2026-10-05,1210,N,VIIRS,n,2.0NRT,294.95,4.67,D
-8.26326,26.72286,330.09,0.5,0.41,2026-10-05,1210,N,VIIRS,n,2.0NRT,297.8,10.87,D
-8.25894,26.72321,330.76,0.5,0.41,2026-10-05,1210,N,VIIRS,n,2.0NRT,299.68,11.19,D
-8.25876,26.72676,346.87,0.5,0.41,2026-10-05,1210,N,VIIRS,n,2.0NRT,301.76,10.87,D
-8.25822,26.72772,338.07,0.5,0.41,2026-10-05,1210,N,VIIRS,n,2.0NRT,300.9,11.19,D
-8.25654,26.69405,333.12,0.5,0.41,2026-10-05,1210,N,VIIRS,n,2.0NRT,300.25,6.6,D
-8.2558,26.69495,330.9,0.5,0.41,2026-10-05,1210,N,VIIRS,n,2.0NRT,299.27,4.94,D
-8.25128,26.72554,345.57,0.5,0.41,2026-10-05,1210,N,VIIRS,n,2.0NRT,301.44,12.21,D
-8.25073,26.72649,344.97,0.5,0.41,2026-10-05,1210,N,VIIRS,n,2.0NRT,299.45,12.46,D
-8.24807,26.86041,347.93,0.51,0.41,2026-10-05,1210,N,VIIRS,n,2.0NRT,299.2,8.29,D
-8.24772,26.72137,334.69,0.5,0.41,2026-10-05,1210,N,VIIRS,n,2.0NRT,298.43,5.67,D
-8.29461,22.59412,331.83,0.38,0.36,2026-10-05,1212,N,VIIRS,n,2.0NRT,296.6,1.84,D
-13.35522,30.11624,302.02,0.45,0.39,2026-10-05,2316,N,VIIRS,n,2.0NRT,279.24,1.2,N
-12.86539,32.78618,297.26,0.39,0.36,2026-10-05,2316,N,VIIRS,n,2.0NRT,276.58,0.24,N
-12.70086,31.29283,300.19,0.41,0.37,2026-10-05,2316,N,VIIRS,n,2.0NRT,287.59,0.45,N
-12.70023,31.28907,300.92,0.41,0.37,2026-10-05,2316,N,VIIRS,n,2.0NRT,287.73,0.45,N
-12.13695,28.00263,348.62,0.4,0.44,2026-10-05,2316,N,VIIRS,n,2.0NRT,286.46,6.63,N
-12.13484,28.00312,336.69,0.4,0.45,2026-10-05,2316,N,VIIRS,n,2.0NRT,285.96,3.54,N
-11.67968,22.44183,297.16,0.47,0.64,2026-10-05,2316,N,VIIRS,n,2.0NRT,285.94,1.13,N
-11.6581,22.56715,295.86,0.46,0.64,2026-10-05,2316,N,VIIRS,n,2.0NRT,276.6,0.73,N
-11.65605,22.5696,308.76,0.46,0.64,2026-10-05,2316,N,VIIRS,n,2.0NRT,276.33,1.13,N
-11.45876,32.18924,304.22,0.4,0.37,2026-10-05,2316,N,VIIRS,n,2.0NRT,286.81,0.68,N
-11.40843,33.06556,307.3,0.39,0.36,2026-10-05,2316,N,VIIRS,n,2.0NRT,293.46,0.49,N
-11.38825,33.6835,302.32,0.38,0.36,2026-10-05,2316,N,VIIRS,n,2.0NRT,288.59,0.41,N
-11.2509,28.06748,302.4,0.41,0.45,2026-10-05,2316,N,VIIRS,n,2.0NRT,282.09,1.28,N
-11.24742,28.07203,313.41,0.41,0.45,2026-10-05,2316,N,VIIRS,n,2.0NRT,281.23,2.05,N
-11.24676,28.06825,320.03,0.41,0.45,2026-10-05,2316,N,VIIRS,n,2.0NRT,282.45,2.58,N
-11.11837,31.24948,310.51,0.43,0.38,2026-10-05,2316,N,VIIRS,n,2.0NRT,284.19,1,N
-10.88034,32.2438,299.89,0.4,0.37,2026-10-05,2316,N,VIIRS,n,2.0NRT,285.58,0.47,N
-10.78724,33.26482,311.74,0.39,0.36,2026-10-05,2316,N,VIIRS,n,2.0NRT,292.48,1.07,N
-10.49294,33.17943,329.04,0.39,0.36,2026-10-05,2316,N,VIIRS,n,2.0NRT,292.36,2.37,N
-10.26412,32.96151,307.9,0.39,0.36,2026-10-05,2316,N,VIIRS,n,2.0NRT,293.12,0.52,N
-10.24968,32.87254,305.3,0.39,0.36,2026-10-05,2316,N,VIIRS,n,2.0NRT,292.64,0.46,N
-10.17354,33.72467,305.66,0.38,0.36,2026-10-05,2316,N,VIIRS,n,2.0NRT,288.84,0.48,N
-10.11822,33.65156,308.2,0.38,0.36,2026-10-05,2316,N,VIIRS,n,2.0NRT,287.53,0.92,N
-10.02292,28.19643,302.28,0.42,0.45,2026-10-05,2316,N,VIIRS,n,2.0NRT,288.41,0.83,N
-9.80311,31.02699,303.51,0.45,0.39,2026-10-05,2316,N,VIIRS,n,2.0NRT,286.65,1.42,N
-9.52733,30.41185,295.74,0.48,0.4,2026-10-05,2316,N,VIIRS,n,2.0NRT,281.07,0.47,N
-9.52582,30.40303,296.55,0.48,0.4,2026-10-05,2316,N,VIIRS,n,2.0NRT,278.92,0.51,N
-9.51803,31.5733,306.47,0.43,0.38,2026-10-05,2316,N,VIIRS,n,2.0NRT,287.5,0.36,N
-9.48412,29.7253,340.21,0.53,0.42,2026-10-05,2316,N,VIIRS,n,2.0NRT,289.13,13.76,N
-9.24259,31.02439,299.08,0.45,0.39,2026-10-05,2316,N,VIIRS,n,2.0NRT,288.19,0.61,N
-9.22753,33.38942,297.32,0.39,0.36,2026-10-05,2316,N,VIIRS,n,2.0NRT,282.25,0.54,N
-9.17639,30.03274,302.34,0.51,0.41,2026-10-05,2316,N,VIIRS,n,2.0NRT,289.36,0.98,N
-9.17414,31.48013,307.81,0.44,0.38,2026-10-05,2316,N,VIIRS,n,2.0NRT,285.46,1.15,N
-9.06297,31.06836,301.05,0.45,0.39,2026-10-05,2316,N,VIIRS,n,2.0NRT,289.25,0.48,N
-9.0263,32.12112,314.14,0.41,0.37,2026-10-05,2316,N,VIIRS,n,2.0NRT,286.14,1.17,N
-9.02209,30.51221,299.04,0.48,0.4,2026-10-05,2316,N,VIIRS,n,2.0NRT,286.45,0.55,N
-8.97294,33.55669,304.03,0.39,0.36,2026-10-05,2316,N,VIIRS,n,2.0NRT,283.46,1.54,N
-8.97237,33.55318,323.79,0.39,0.36,2026-10-05,2316,N,VIIRS,n,2.0NRT,284.77,2.51,N
-8.9429,33.24245,307.84,0.39,0.36,2026-10-05,2316,N,VIIRS,n,2.0NRT,289.38,0.59,N
-8.84021,31.11933,317.15,0.45,0.39,2026-10-05,2316,N,VIIRS,n,2.0NRT,292.99,1.84,N
-8.82233,25.57506,298.29,0.33,0.55,2026-10-05,2316,N,VIIRS,n,2.0NRT,277.6,0.74,N
-8.69429,32.91585,303.54,0.4,0.37,2026-10-05,2316,N,VIIRS,n,2.0NRT,292.52,0.63,N
-8.69033,32.91273,303.64,0.4,0.37,2026-10-05,2316,N,VIIRS,n,2.0NRT,291.62,0.79,N
-8.68578,32.90604,302.77,0.4,0.37,2026-10-05,2316,N,VIIRS,n,2.0NRT,291.7,3.01,N
-8.6852,32.90244,342.66,0.4,0.37,2026-10-05,2316,N,VIIRS,n,2.0NRT,294.09,3.01,N
-8.6687,33.61983,297.46,0.39,0.36,2026-10-05,2316,N,VIIRS,n,2.0NRT,286.29,0.33,N
-8.35478,30.0369,296.28,0.52,0.42,2026-10-05,2316,N,VIIRS,n,2.0NRT,276.37,0.27,N
-8.22335,31.09141,303.88,0.46,0.39,2026-10-05,2316,N,VIIRS,n,2.0NRT,291.37,0.58,N
-8.20504,31.84026,304.02,0.43,0.38,2026-10-05,2316,N,VIIRS,n,2.0NRT,285.43,0.74,N
-17.6643,22.16503,324.38,0.38,0.59,2026-10-05,2318,N,VIIRS,n,2.0NRT,290.07,1.91,N
-17.66354,22.16142,308.64,0.38,0.59,2026-10-05,2318,N,VIIRS,n,2.0NRT,290.06,1.91,N
-17.6589,22.16629,304.75,0.38,0.59,2026-10-05,2318,N,VIIRS,n,2.0NRT,289.87,0.5,N
-17.65814,22.16268,303.34,0.38,0.59,2026-10-05,2318,N,VIIRS,n,2.0NRT,289.96,0.5,N
-17.65561,22.79905,305.52,0.35,0.56,2026-10-05,2318,N,VIIRS,n,2.0NRT,289.87,0.69,N
-17.65492,22.79576,311.02,0.35,0.56,2026-10-05,2318,N,VIIRS,n,2.0NRT,289.9,1.57,N
-17.39724,22.11538,305.27,0.39,0.59,2026-10-05,2318,N,VIIRS,n,2.0NRT,281.47,2.74,N
-17.39258,22.12031,307.6,0.39,0.59,2026-10-05,2318,N,VIIRS,n,2.0NRT,275.19,2.74,N
-17.3918,22.11665,342.34,0.39,0.59,2026-10-05,2318,N,VIIRS,n,2.0NRT,277.98,2.74,N
-17.39162,22.11626,310.76,0.39,0.59,2026-10-05,2318,N,VIIRS,n,2.0NRT,274.14,2.06,N
-17.25847,22.54831,302.56,0.37,0.58,2026-10-05,2318,N,VIIRS,n,2.0NRT,290.05,0.93,N
-15.24934,23.01372,306.3,0.37,0.58,2026-10-05,2318,N,VIIRS,n,2.0NRT,287.57,1.13,N
-15.24398,23.01491,302.38,0.37,0.58,2026-10-05,2318,N,VIIRS,n,2.0NRT,287.57,1.13,N
-15.065,23.54977,300.28,0.35,0.56,2026-10-05,2318,N,VIIRS,n,2.0NRT,287.72,0.29,N
-14.79396,27.0765,299.19,0.42,0.45,2026-10-05,2318,N,VIIRS,n,2.0NRT,287.58,0.33,N
-14.77611,27.33506,300.4,0.4,0.44,2026-10-05,2318,N,VIIRS,n,2.0NRT,283.1,1.06,N
-14.76816,25.3455,306.46,0.54,0.51,2026-10-05,2318,N,VIIRS,n,2.0NRT,289.22,1.32,N
-14.63381,25.38504,304.43,0.54,0.51,2026-10-05,2318,N,VIIRS,n,2.0NRT,289.13,2.56,N
-14.62915,25.38596,334,0.54,0.51,2026-10-05,2318,N,VIIRS,n,2.0NRT,289.76,2.56,N
-14.61568,27.36463,303.55,0.4,0.44,2026-10-05,2318,N,VIIRS,n,2.0NRT,287.52,0.95,N
-14.61381,27.366,305.66,0.4,0.44,2026-10-05,2318,N,VIIRS,n,2.0NRT,285.7,0.87,N
-14.3453,23.92413,301.28,0.34,0.56,2026-10-05,2318,N,VIIRS,n,2.0NRT,289.06,0.43,N
-14.13379,23.70575,301.28,0.35,0.57,2026-10-05,2318,N,VIIRS,n,2.0NRT,288.64,0.66,N
-14.12046,28.69224,298.75,0.52,0.41,2026-10-05,2318,N,VIIRS,n,2.0NRT,285.73,1.81,N
-13.7887,25.74831,307.98,0.53,0.5,2026-10-05,2318,N,VIIRS,n,2.0NRT,286.31,1.44,N
-13.56056,28.52548,298.12,0.54,0.42,2026-10-05,2318,N,VIIRS,n,2.0NRT,282.37,0.47,N
-13.54506,23.46728,304.65,0.37,0.58,2026-10-05,2318,N,VIIRS,n,2.0NRT,287.64,0.5,N
-13.54335,23.46752,302.5,0.37,0.58,2026-10-05,2318,N,VIIRS,n,2.0NRT,287.14,0.65,N
-13.53234,23.58213,302.13,0.37,0.58,2026-10-05,2318,N,VIIRS,n,2.0NRT,288.72,1.15,N
-13.15629,24.00458,300.14,0.35,0.57,2026-10-05,2318,N,VIIRS,n,2.0NRT,284.53,0.78,N
-13.13832,23.16555,314.26,0.4,0.6,2026-10-05,2318,N,VIIRS,n,2.0NRT,286.46,0.91,N
-13.13758,23.16181,299.09,0.4,0.6,2026-10-05,2318,N,VIIRS,n,2.0NRT,285.5,0.91,N
-13.1164,24.02318,301.05,0.35,0.57,2026-10-05,2318,N,VIIRS,n,2.0NRT,286.13,1.01,N
-13.11575,24.01992,301.11,0.35,0.57,2026-10-05,2318,N,VIIRS,n,2.0NRT,287.47,1.48,N
-13.08694,24.00555,319.6,0.35,0.57,2026-10-05,2318,N,VIIRS,n,2.0NRT,288.75,2.13,N
-13.0817,24.00666,333.88,0.35,0.57,2026-10-05,2318,N,VIIRS,n,2.0NRT,289.96,1.78,N
-13.08107,24.00338,316.62,0.35,0.57,2026-10-05,2318,N,VIIRS,n,2.0NRT,289.2,1.78,N
-13.07583,24.00449,300.39,0.35,0.57,2026-10-05,2318,N,VIIRS,n,2.0NRT,288.06,1.78,N
-13.06902,23.91308,299.12,0.36,0.57,2026-10-05,2318,N,VIIRS,n,2.0NRT,288.32,0.52,N
-13.06813,22.98735,309.79,0.41,0.61,2026-10-05,2318,N,VIIRS,n,2.0NRT,289.82,1.6,N
-13.06375,23.91419,305.23,0.36,0.57,2026-10-05,2318,N,VIIRS,n,2.0NRT,288.9,1.29,N
-13.05782,23.91195,317.03,0.36,0.57,2026-10-05,2318,N,VIIRS,n,2.0NRT,289.17,1.29,N
-13.05255,23.91305,310.01,0.36,0.57,2026-10-05,2318,N,VIIRS,n,2.0NRT,288.62,0.91,N
-13.04191,23.6789,298.57,0.37,0.58,2026-10-05,2318,N,VIIRS,n,2.0NRT,284.23,0.69,N
-13.04019,23.67885,302.58,0.37,0.58,2026-10-05,2318,N,VIIRS,n,2.0NRT,284.02,0.48,N
-13.03416,23.67649,295.84,0.37,0.58,2026-10-05,2318,N,VIIRS,n,2.0NRT,282.13,0.48,N
-12.98905,23.91582,301.72,0.36,0.57,2026-10-05,2318,N,VIIRS,n,2.0NRT,288.51,0.65,N
-12.98724,23.91607,301.23,0.36,0.57,2026-10-05,2318,N,VIIRS,n,2.0NRT,288,0.68,N