latitude,longitude,bright_ti4,scan,track,acq_date,acq_time,satellite,instrument,confidence,version,bright_ti5,frp,daynight
-13.69243,25.9399,296.7,0.46,0.64,2026-10-01,13,N21,VIIRS,n,2.0NRT,279.57,0.51,N
-13.39527,25.97412,297.33,0.46,0.63,2026-10-01,13,N21,VIIRS,n,2.0NRT,287.22,0.66,N
-13.17731,24.02869,298.76,0.33,0.56,2026-10-01,13,N21,VIIRS,n,2.0NRT,287.67,1.25,N
-13.17694,24.0256,309.35,0.33,0.56,2026-10-01,13,N21,VIIRS,n,2.0NRT,288.25,1.35,N
-13.17658,24.0225,303.42,0.33,0.56,2026-10-01,13,N21,VIIRS,n,2.0NRT,287.86,1.35,N
-13.17584,24.01635,306.64,0.33,0.56,2026-10-01,13,N21,VIIRS,n,2.0NRT,288.32,2.6,N
-13.17548,24.01328,316.38,0.33,0.56,2026-10-01,13,N21,VIIRS,n,2.0NRT,288.62,2.25,N
-13.13746,23.94409,305.55,0.33,0.55,2026-10-01,13,N21,VIIRS,n,2.0NRT,287.91,0.96,N
-13.08683,23.95071,303.06,0.33,0.55,2026-10-01,13,N21,VIIRS,n,2.0NRT,287.79,0.67,N
-13.08647,23.94773,299.85,0.33,0.55,2026-10-01,13,N21,VIIRS,n,2.0NRT,287.17,0.67,N
-13.08177,23.9514,299.27,0.33,0.55,2026-10-01,13,N21,VIIRS,n,2.0NRT,287.49,0.77,N
-13.08141,23.94841,307.21,0.33,0.55,2026-10-01,13,N21,VIIRS,n,2.0NRT,287.59,0.77,N
-13.07635,23.94908,300.35,0.33,0.55,2026-10-01,13,N21,VIIRS,n,2.0NRT,287.29,0.77,N
-13.07599,23.94608,303.33,0.33,0.55,2026-10-01,13,N21,VIIRS,n,2.0NRT,287.57,1.4,N
-13.06297,23.92332,302.03,0.33,0.55,2026-10-01,13,N21,VIIRS,n,2.0NRT,287.23,0.99,N
-13.06261,23.92032,308.64,0.33,0.55,2026-10-01,13,N21,VIIRS,n,2.0NRT,287.64,0.99,N
-13.00997,23.90459,295.18,0.33,0.55,2026-10-01,13,N21,VIIRS,n,2.0NRT,284.96,0.74,N
-12.65022,27.76318,300.26,0.59,0.7,2026-10-01,13,N21,VIIRS,n,2.0NRT,279.11,1.27,N
-12.64871,27.76225,300.02,0.59,0.7,2026-10-01,13,N21,VIIRS,n,2.0NRT,279.34,1.84,N
-14.68106,25.47975,330.74,0.51,0.66,2026-10-01,1108,N21,VIIRS,n,2.0NRT,294.32,6.45,D
-14.63727,24.40994,332.08,0.6,0.7,2026-10-01,1108,N21,VIIRS,n,2.0NRT,296.09,12.15,D
-14.37578,25.07901,335.34,0.53,0.67,2026-10-01,1108,N21,VIIRS,n,2.0NRT,298.17,7.12,D
-14.36983,25.6404,345.8,0.49,0.65,2026-10-01,1108,N21,VIIRS,n,2.0NRT,296.29,4.53,D
-14.36685,25.63955,347.93,0.49,0.65,2026-10-01,1108,N21,VIIRS,n,2.0NRT,296.54,12.68,D
-14.36638,25.64401,367,0.49,0.65,2026-10-01,1108,N21,VIIRS,h,2.0NRT,297.52,15.98,D
-14.36386,25.63965,350.56,0.49,0.65,2026-10-01,1108,N21,VIIRS,n,2.0NRT,297.09,10.48,D
-14.36336,25.6441,338.73,0.49,0.65,2026-10-01,1108,N21,VIIRS,n,2.0NRT,294.99,7.53,D
-14.22144,24.41647,330.38,0.59,0.7,2026-10-01,1108,N21,VIIRS,n,2.0NRT,292.48,9.41,D
-14.12963,27.98563,336.07,0.34,0.56,2026-10-01,1108,N21,VIIRS,n,2.0NRT,292.53,4.78,D
-14.12927,27.98872,340.08,0.34,0.56,2026-10-01,1108,N21,VIIRS,n,2.0NRT,295.71,4.78,D
-14.12891,27.9918,330.71,0.34,0.56,2026-10-01,1108,N21,VIIRS,n,2.0NRT,294.59,7.68,D
-13.98966,26.0275,367,0.46,0.63,2026-10-01,1108,N21,VIIRS,h,2.0NRT,297.43,7.48,D
-13.98385,26.02691,336.57,0.46,0.63,2026-10-01,1108,N21,VIIRS,n,2.0NRT,298.51,7.48,D
-13.94371,28.09916,331.25,0.33,0.55,2026-10-01,1108,N21,VIIRS,n,2.0NRT,297.28,2.13,D
-13.87819,27.75474,331.41,0.35,0.56,2026-10-01,1108,N21,VIIRS,n,2.0NRT,289.08,3.5,D
-13.76791,26.73575,340.76,0.4,0.6,2026-10-01,1108,N21,VIIRS,n,2.0NRT,294.4,7.69,D
-13.76749,26.73943,340.85,0.4,0.6,2026-10-01,1108,N21,VIIRS,n,2.0NRT,295.1,8.54,D
-13.76115,26.8908,337.37,0.39,0.6,2026-10-01,1108,N21,VIIRS,n,2.0NRT,293.93,4.8,D
-13.70286,27.25025,344.18,0.37,0.58,2026-10-01,1108,N21,VIIRS,n,2.0NRT,294.45,5.81,D
-13.66694,28.07414,335.52,0.33,0.55,2026-10-01,1108,N21,VIIRS,n,2.0NRT,299.17,4.1,D
-13.58185,24.39662,351.26,0.58,0.7,2026-10-01,1108,N21,VIIRS,n,2.0NRT,300.74,8.01,D
-13.57772,24.39511,342.98,0.58,0.7,2026-10-01,1108,N21,VIIRS,n,2.0NRT,300.78,5.03,D
-13.50866,24.59126,353.1,0.56,0.69,2026-10-01,1108,N21,VIIRS,n,2.0NRT,298.36,40.3,D
-13.49521,25.04758,330.36,0.52,0.67,2026-10-01,1108,N21,VIIRS,n,2.0NRT,297.98,5.91,D
-13.47398,26.89541,346.59,0.39,0.59,2026-10-01,1108,N21,VIIRS,n,2.0NRT,293.5,4,D
-13.47356,26.89894,332.35,0.39,0.59,2026-10-01,1108,N21,VIIRS,n,2.0NRT,293.16,4,D
-13.41839,24.849,339.11,0.54,0.68,2026-10-01,1108,N21,VIIRS,n,2.0NRT,288.93,7.45,D
-13.41737,24.84738,342.03,0.54,0.68,2026-10-01,1108,N21,VIIRS,n,2.0NRT,288.97,5.71,D
-13.3241,27.51582,332.84,0.35,0.57,2026-10-01,1108,N21,VIIRS,n,2.0NRT,299.8,3.78,D
-13.32128,28.06508,335.37,0.32,0.55,2026-10-01,1108,N21,VIIRS,n,2.0NRT,299.29,3.68,D
-13.32092,28.068,333.04,0.32,0.55,2026-10-01,1108,N21,VIIRS,n,2.0NRT,299.63,3.68,D
-13.31954,27.51593,334.4,0.35,0.57,2026-10-01,1108,N21,VIIRS,n,2.0NRT,300.03,3.89,D
-13.30653,26.60497,334.85,0.41,0.6,2026-10-01,1108,N21,VIIRS,n,2.0NRT,297.06,3.9,D
-13.28568,26.44855,341.18,0.42,0.61,2026-10-01,1108,N21,VIIRS,n,2.0NRT,296.14,6.47,D
-13.26486,24.88064,353.94,0.53,0.67,2026-10-01,1108,N21,VIIRS,n,2.0NRT,293.93,13.41,D
-13.25595,24.06923,337.63,0.61,0.71,2026-10-01,1108,N21,VIIRS,n,2.0NRT,296.85,9.34,D
-13.21247,23.92611,343.14,0.62,0.71,2026-10-01,1108,N21,VIIRS,n,2.0NRT,295.78,9.56,D
-13.21219,23.92389,343.74,0.62,0.71,2026-10-01,1108,N21,VIIRS,n,2.0NRT,294.61,6.41,D
-13.1985,23.99073,330.56,0.61,0.71,2026-10-01,1108,N21,VIIRS,n,2.0NRT,292.74,129.69,D
-13.1979,23.99646,367,0.61,0.71,2026-10-01,1108,N21,VIIRS,h,2.0NRT,301.02,164.67,D
-13.19769,23.99853,367,0.61,0.71,2026-10-01,1108,N21,VIIRS,h,2.0NRT,296.03,121.17,D
-13.19256,23.98449,345.96,0.61,0.71,2026-10-01,1108,N21,VIIRS,n,2.0NRT,296.57,129.69,D
-13.19243,23.98662,367,0.61,0.71,2026-10-01,1108,N21,VIIRS,h,2.0NRT,297.13,174.5,D
-13.19179,23.99231,271.72,0.61,0.71,2026-10-01,1108,N21,VIIRS,l,2.0NRT,302.23,174.5,D
-13.19135,23.99587,367,0.61,0.71,2026-10-01,1108,N21,VIIRS,h,2.0NRT,304.09,164.67,D
-13.19116,23.99795,367,0.61,0.71,2026-10-01,1108,N21,VIIRS,h,2.0NRT,295.61,121.17,D
-13.18588,23.98609,335.62,0.61,0.71,2026-10-01,1108,N21,VIIRS,n,2.0NRT,290.33,7.2,D
-13.18541,23.98961,342.83,0.61,0.71,2026-10-01,1108,N21,VIIRS,n,2.0NRT,292.41,12.05,D
-13.18525,23.99172,342,0.61,0.71,2026-10-01,1108,N21,VIIRS,n,2.0NRT,292.79,7.2,D
-13.18482,23.99524,332.1,0.61,0.71,2026-10-01,1108,N21,VIIRS,n,2.0NRT,292.11,4.56,D
-13.17292,23.98273,351.81,0.61,0.71,2026-10-01,1108,N21,VIIRS,n,2.0NRT,294.45,29.76,D
-13.1728,23.98492,342.31,0.61,0.71,2026-10-01,1108,N21,VIIRS,n,2.0NRT,293.2,29.3,D
-13.17233,23.98838,367,0.61,0.71,2026-10-01,1108,N21,VIIRS,h,2.0NRT,295.21,29.76,D
-13.17217,23.99052,367,0.61,0.71,2026-10-01,1108,N21,VIIRS,h,2.0NRT,294.58,29.3,D
-13.16697,23.97646,330.33,0.61,0.71,2026-10-01,1108,N21,VIIRS,n,2.0NRT,293.17,26.92,D
-13.16688,23.9787,351.48,0.61,0.71,2026-10-01,1108,N21,VIIRS,n,2.0NRT,295.05,53.63,D
-13.16638,23.98211,367,0.61,0.71,2026-10-01,1108,N21,VIIRS,h,2.0NRT,300.75,29.76,D
-13.16626,23.98431,367,0.61,0.71,2026-10-01,1108,N21,VIIRS,h,2.0NRT,297.99,29.3,D
-13.16096,23.97245,333.61,0.61,0.71,2026-10-01,1108,N21,VIIRS,n,2.0NRT,292.41,12.29,D
-13.09595,26.87488,330.96,0.39,0.59,2026-10-01,1108,N21,VIIRS,n,2.0NRT,298.46,1.92,D
-13.08084,23.9237,345.76,0.62,0.71,2026-10-01,1108,N21,VIIRS,n,2.0NRT,283.46,22.12,D
-13.08021,23.9293,355.53,0.62,0.71,2026-10-01,1108,N21,VIIRS,l,2.0NRT,284.64,22.12,D
-13.06772,23.92247,333.65,0.62,0.71,2026-10-01,1108,N21,VIIRS,n,2.0NRT,285.92,60.03,D
-13.0671,23.9281,353.26,0.62,0.71,2026-10-01,1108,N21,VIIRS,n,2.0NRT,298.93,60.03,D
-13.06648,23.93368,352.32,0.62,0.71,2026-10-01,1108,N21,VIIRS,n,2.0NRT,300.07,65.76,D
-13.06637,23.9292,353.03,0.62,0.71,2026-10-01,1108,N21,VIIRS,n,2.0NRT,299.73,97.79,D
-13.06586,23.93926,355.56,0.62,0.71,2026-10-01,1108,N21,VIIRS,l,2.0NRT,286.32,65.76,D
-13.06579,23.93479,354.87,0.62,0.71,2026-10-01,1108,N21,VIIRS,n,2.0NRT,300.71,97.79,D
-13.05993,23.93306,337.86,0.62,0.71,2026-10-01,1108,N21,VIIRS,n,2.0NRT,292.92,9.73,D
-13.05407,26.79377,338.3,0.39,0.59,2026-10-01,1108,N21,VIIRS,n,2.0NRT,300.15,5.81,D
-13.04103,27.56359,350.57,0.35,0.56,2026-10-01,1108,N21,VIIRS,n,2.0NRT,297.06,5.84,D
-13.02988,27.12804,367,0.37,0.58,2026-10-01,1108,N21,VIIRS,h,2.0NRT,298.9,11.19,D
-12.94594,26.71482,332.72,0.4,0.6,2026-10-01,1108,N21,VIIRS,n,2.0NRT,298.98,3.19,D
-12.93574,27.20106,332.2,0.37,0.58,2026-10-01,1108,N21,VIIRS,n,2.0NRT,293.64,3.55,D
-12.87108,26.83361,333.44,0.39,0.59,2026-10-01,1108,N21,VIIRS,n,2.0NRT,298.64,5.2,D
-12.85652,27.8187,337.99,0.33,0.55,2026-10-01,1108,N21,VIIRS,n,2.0NRT,288.28,3.28,D
-12.85278,27.81918,338.18,0.33,0.55,2026-10-01,1108,N21,VIIRS,n,2.0NRT,286.42,4.37,D
-12.8436,27.47283,342.94,0.35,0.57,2026-10-01,1108,N21,VIIRS,n,2.0NRT,295.81,6.06,D
-12.79835,26.26126,332.69,0.42,0.61,2026-10-01,1108,N21,VIIRS,n,2.0NRT,297.75,2.54,D
-12.79448,26.05058,343.45,0.44,0.62,2026-10-01,1108,N21,VIIRS,n,2.0NRT,295.63,7.8,D
-12.78236,27.31602,367,0.36,0.57,2026-10-01,1108,N21,VIIRS,h,2.0NRT,294.89,5.56,D
-12.62461,26.15035,354.66,0.43,0.62,2026-10-01,1108,N21,VIIRS,n,2.0NRT,297.59,8.3,D
-12.62171,26.14963,346.62,0.43,0.62,2026-10-01,1108,N21,VIIRS,n,2.0NRT,294.47,9.07,D
-12.59751,27.25514,336.64,0.36,0.57,2026-10-01,1108,N21,VIIRS,n,2.0NRT,284.74,6.83,D
-12.59741,27.25705,348.71,0.36,0.57,2026-10-01,1108,N21,VIIRS,n,2.0NRT,286.59,10.52,D
-12.59725,25.66439,332.54,0.46,0.64,2026-10-01,1108,N21,VIIRS,n,2.0NRT,293.19,3.68,D
-12.5971,27.25839,331.62,0.36,0.57,2026-10-01,1108,N21,VIIRS,n,2.0NRT,286.48,8.69,D
-12.57881,27.05831,332.81,0.37,0.58,2026-10-01,1108,N21,VIIRS,n,2.0NRT,284.01,9.75,D
-12.57841,27.06164,355.48,0.37,0.58,2026-10-01,1108,N21,VIIRS,l,2.0NRT,286.57,13.27,D
-12.51313,25.6258,367,0.46,0.64,2026-10-01,1108,N21,VIIRS,h,2.0NRT,295.02,17.22,D
-12.50903,26.70877,332.66,0.39,0.59,2026-10-01,1108,N21,VIIRS,n,2.0NRT,294.14,6.18,D
-12.48979,23.95839,339.74,0.6,0.71,2026-10-01,1108,N21,VIIRS,n,2.0NRT,295.95,9.74,D
-14.36768,25.6319,350.75,0.78,0.78,2026-10-01,1249,N21,VIIRS,n,2.0NRT,292.82,30.28,D
-14.36377,25.6296,367,0.78,0.78,2026-10-01,1249,N21,VIIRS,h,2.0NRT,293.35,38.39,D
-14.3622,25.63681,367,0.78,0.78,2026-10-01,1249,N21,VIIRS,h,2.0NRT,292.83,38.39,D
-14.36062,25.63047,367,0.78,0.78,2026-10-01,1249,N21,VIIRS,h,2.0NRT,292.72,30.28,D
-14.35901,25.63766,355.87,0.78,0.78,2026-10-01,1249,N21,VIIRS,l,2.0NRT,289.47,58.27,D
-14.14453,25.37893,331.02,0.76,0.77,2026-10-01,1249,N21,VIIRS,n,2.0NRT,294.29,34.64,D
-14.143,25.38589,367,0.76,0.77,2026-10-01,1249,N21,VIIRS,h,2.0NRT,298.99,43.57,D
-14.13603,25.38438,367,0.76,0.77,2026-10-01,1249,N21,VIIRS,h,2.0NRT,296.37,43.57,D
-13.20557,24.13832,331.28,0.65,0.73,2026-10-01,1249,N21,VIIRS,n,2.0NRT,293.57,6.9,D
-13.19691,23.99272,367,0.64,0.72,2026-10-01,1249,N21,VIIRS,h,2.0NRT,299.66,19.55,D
-13.19605,23.98905,367,0.64,0.72,2026-10-01,1249,N21,VIIRS,h,2.0NRT,298.2,40.24,D
-13.19573,23.99843,330.95,0.64,0.72,2026-10-01,1249,N21,VIIRS,n,2.0NRT,296.64,19.55,D
-13.19484,23.99472,367,0.64,0.72,2026-10-01,1249,N21,VIIRS,h,2.0NRT,303.92,40.24,D
-13.19156,23.98547,367,0.64,0.72,2026-10-01,1249,N21,VIIRS,h,2.0NRT,298.54,46.23,D
-13.19038,23.99118,352.73,0.64,0.72,2026-10-01,1249,N21,VIIRS,n,2.0NRT,305.21,40.73,D
-13.18953,23.98751,367,0.64,0.72,2026-10-01,1249,N21,VIIRS,h,2.0NRT,298.17,46.61,D
-13.18919,23.99695,354.21,0.64,0.72,2026-10-01,1249,N21,VIIRS,n,2.0NRT,297.46,40.73,D
-13.1883,23.99324,367,0.64,0.72,2026-10-01,1249,N21,VIIRS,h,2.0NRT,304.34,46.61,D
-13.18385,23.98968,367,0.64,0.72,2026-10-01,1249,N21,VIIRS,h,2.0NRT,295.6,40.73,D
-13.17658,24.02467,367,0.64,0.72,2026-10-01,1249,N21,VIIRS,h,2.0NRT,299.94,21.49,D
-13.17552,24.02086,331.37,0.64,0.72,2026-10-01,1249,N21,VIIRS,n,2.0NRT,298.83,10.1,D
-13.17424,24.02683,350.38,0.64,0.72,2026-10-01,1249,N21,VIIRS,n,2.0NRT,301.04,10.1,D
-13.06787,23.93113,367,0.64,0.72,2026-10-01,1249,N21,VIIRS,h,2.0NRT,303.66,67.87,D
-13.06665,23.93698,367,0.64,0.72,2026-10-01,1249,N21,VIIRS,h,2.0NRT,313.56,67.87,D
-13.06255,23.92387,345.71,0.64,0.72,2026-10-01,1249,N21,VIIRS,n,2.0NRT,303.17,39.25,D
-13.06134,23.92966,367,0.64,0.72,2026-10-01,1249,N21,VIIRS,h,2.0NRT,307.78,67.87,D
-13.06012,23.93548,341.06,0.64,0.72,2026-10-01,1249,N21,VIIRS,n,2.0NRT,303.34,67.87,D
-13.01262,23.90129,333.86,0.64,0.72,2026-10-01,1249,N21,VIIRS,n,2.0NRT,301.79,4.24,D
-12.67037,25.23551,330.68,0.79,0.78,2026-10-01,1249,N21,VIIRS,n,2.0NRT,284.25,8.55,D
-13.51076,24.58895,314.22,0.54,0.42,2026-10-01,2356,N21,VIIRS,n,2.0NRT,289.55,2.09,N
-13.51007,24.584,304.26,0.54,0.42,2026-10-01,2356,N21,VIIRS,n,2.0NRT,289.49,1.77,N
-13.50689,24.58948,314.15,0.54,0.42,2026-10-01,2356,N21,VIIRS,n,2.0NRT,289.51,2.53,N
-13.419,24.32011,316.94,0.52,0.42,2026-10-01,2356,N21,VIIRS,n,2.0NRT,290.19,2.21,N
-13.4139,25.52091,299.3,0.41,0.45,2026-10-01,2356,N21,VIIRS,n,2.0NRT,288.01,0.69,N
-13.32794,24.65934,300.54,0.54,0.42,2026-10-01,2356,N21,VIIRS,n,2.0NRT,289.04,0.96,N
-13.32406,24.65987,299.32,0.54,0.42,2026-10-01,2356,N21,VIIRS,n,2.0NRT,288.95,1.3,N
-13.19528,23.99063,303.53,0.5,0.41,2026-10-01,2356,N21,VIIRS,n,2.0NRT,289.76,1.26,N
-13.19156,23.99117,302.02,0.5,0.41,2026-10-01,2356,N21,VIIRS,n,2.0NRT,290.1,1.76,N
-13.06822,23.93824,306.98,0.49,0.4,2026-10-01,2356,N21,VIIRS,n,2.0NRT,289.89,2.02,N
-13.06696,23.92921,306.35,0.49,0.4,2026-10-01,2356,N21,VIIRS,n,2.0NRT,290.6,2.38,N
-13.06452,23.93879,314.33,0.49,0.4,2026-10-01,2356,N21,VIIRS,n,2.0NRT,289.77,2.02,N
-13.06389,23.93428,317.58,0.49,0.4,2026-10-01,2356,N21,VIIRS,n,2.0NRT,290.42,2.02,N
-13.06325,23.92977,319.29,0.49,0.4,2026-10-01,2356,N21,VIIRS,n,2.0NRT,290.21,2.38,N
-13.78573,27.80828,347.21,0.72,0.76,2026-10-02,1047,N21,VIIRS,n,2.0NRT,296.09,11.63,D
-14.69867,28.0221,338.39,0.54,0.67,2026-10-02,1227,N21,VIIRS,n,2.0NRT,300.16,6.18,D
-14.69807,28.02201,336.85,0.53,0.67,2026-10-02,1227,N21,VIIRS,n,2.0NRT,300.58,4.96,D
-14.6875,24.15174,339.69,0.59,0.53,2026-10-02,1227,N21,VIIRS,n,2.0NRT,309.62,13.36,D
-14.6827,24.15075,345.24,0.59,0.53,2026-10-02,1227,N21,VIIRS,n,2.0NRT,315.05,13.36,D
-14.68168,24.15617,344.26,0.59,0.53,2026-10-02,1227,N21,VIIRS,n,2.0NRT,318.84,13.36,D
-14.65713,24.47608,344.24,0.62,0.54,2026-10-02,1227,N21,VIIRS,n,2.0NRT,311.63,8.48,D
-14.65351,24.4777,343.9,0.62,0.54,2026-10-02,1227,N21,VIIRS,n,2.0NRT,311.9,6.82,D
-14.6516,27.27134,340.18,0.48,0.65,2026-10-02,1227,N21,VIIRS,n,2.0NRT,299.23,2.52,D
-14.63333,25.43589,341.78,0.36,0.57,2026-10-02,1227,N21,VIIRS,n,2.0NRT,310.86,3.82,D
-14.62921,25.34619,334.47,0.36,0.57,2026-10-02,1227,N21,VIIRS,l,2.0NRT,306.97,2.55,D
-14.62899,23.91313,343.11,0.57,0.52,2026-10-02,1227,N21,VIIRS,n,2.0NRT,316.1,10.92,D
-14.62877,23.91028,343.58,0.57,0.52,2026-10-02,1227,N21,VIIRS,n,2.0NRT,315.06,10.42,D
-14.60124,25.57193,343.57,0.37,0.58,2026-10-02,1227,N21,VIIRS,n,2.0NRT,308.5,6.76,D
-14.60059,25.57526,367,0.37,0.58,2026-10-02,1227,N21,VIIRS,h,2.0NRT,309.7,14.09,D
-14.59993,25.5786,344.4,0.37,0.58,2026-10-02,1227,N21,VIIRS,n,2.0NRT,307.71,14.09,D
-14.59927,25.582,367,0.37,0.58,2026-10-02,1227,N21,VIIRS,h,2.0NRT,313.3,42.82,D
-14.59663,25.56746,338.76,0.37,0.58,2026-10-02,1227,N21,VIIRS,n,2.0NRT,305.55,6.76,D
-14.59598,25.57078,354.49,0.37,0.58,2026-10-02,1227,N21,VIIRS,n,2.0NRT,308.65,6.76,D
-14.59502,24.99241,335.93,0.34,0.56,2026-10-02,1227,N21,VIIRS,l,2.0NRT,307.96,9.65,D
-14.59443,24.99548,354.63,0.34,0.56,2026-10-02,1227,N21,VIIRS,n,2.0NRT,310.21,25.38,D
-14.59414,25.4691,353.76,0.36,0.58,2026-10-02,1227,N21,VIIRS,n,2.0NRT,314.12,10.72,D
-14.59332,25.58432,367,0.37,0.58,2026-10-02,1227,N21,VIIRS,h,2.0NRT,310.75,42.82,D
-14.59072,25.56961,352.89,0.37,0.58,2026-10-02,1227,N21,VIIRS,n,2.0NRT,311.76,27.14,D
-14.59006,25.57296,333.79,0.37,0.58,2026-10-02,1227,N21,VIIRS,n,2.0NRT,307.35,20.69,D
-14.58996,24.99127,341.75,0.34,0.56,2026-10-02,1227,N21,VIIRS,n,2.0NRT,305.74,9.65,D
-14.58937,24.99431,347.84,0.34,0.56,2026-10-02,1227,N21,VIIRS,n,2.0NRT,317.07,25.38,D
-14.58873,25.57972,332.54,0.37,0.58,2026-10-02,1227,N21,VIIRS,n,2.0NRT,307.51,4.94,D
-14.5848,25.57181,345.5,0.37,0.58,2026-10-02,1227,N21,VIIRS,n,2.0NRT,316.04,20.69,D
-14.58416,24.91294,339.6,0.33,0.56,2026-10-02,1227,N21,VIIRS,n,2.0NRT,309.36,4.73,D
-14.58413,25.57519,367,0.37,0.58,2026-10-02,1227,N21,VIIRS,h,2.0NRT,304.71,20.69,D
-14.58021,24.69369,343.17,0.32,0.55,2026-10-02,1227,N21,VIIRS,n,2.0NRT,310.46,5.76,D
-14.56668,23.9528,334.63,0.58,0.52,2026-10-02,1227,N21,VIIRS,n,2.0NRT,308.12,6.91,D
-14.5525,25.15609,349.55,0.35,0.57,2026-10-02,1227,N21,VIIRS,n,2.0NRT,312.77,5.68,D
-14.55188,25.15927,367,0.35,0.57,2026-10-02,1227,N21,VIIRS,h,2.0NRT,312.72,5.68,D
-14.54683,24.81423,353.78,0.33,0.55,2026-10-02,1227,N21,VIIRS,n,2.0NRT,311.77,5.32,D
-14.54675,25.15819,352.12,0.35,0.57,2026-10-02,1227,N21,VIIRS,n,2.0NRT,309.18,5.68,D
-14.53342,25.36396,341.11,0.36,0.57,2026-10-02,1227,N21,VIIRS,n,2.0NRT,312.13,3.29,D
-14.53019,24.19738,342.13,0.6,0.53,2026-10-02,1227,N21,VIIRS,n,2.0NRT,315.18,9.61,D
-14.52536,24.19641,343,0.6,0.53,2026-10-02,1227,N21,VIIRS,n,2.0NRT,313.9,9.61,D
-14.52265,24.18431,339.42,0.6,0.53,2026-10-02,1227,N21,VIIRS,l,2.0NRT,311.67,7.09,D
-14.51104,24.24517,336.9,0.61,0.53,2026-10-02,1227,N21,VIIRS,l,2.0NRT,311.07,8.97,D
-14.50743,25.52497,342.87,0.37,0.58,2026-10-02,1227,N21,VIIRS,n,2.0NRT,310.4,2.53,D
-14.5062,24.24414,348.86,0.61,0.53,2026-10-02,1227,N21,VIIRS,n,2.0NRT,312.19,8.97,D
-14.50517,24.2495,337.98,0.61,0.53,2026-10-02,1227,N21,VIIRS,l,2.0NRT,312.92,8.97,D
-14.5048,24.68177,343.51,0.32,0.55,2026-10-02,1227,N21,VIIRS,n,2.0NRT,306.64,5.74,D
-14.467,24.195,335.14,0.6,0.53,2026-10-02,1227,N21,VIIRS,l,2.0NRT,310.11,3.19,D
-14.38685,24.78221,334.31,0.33,0.55,2026-10-02,1227,N21,VIIRS,n,2.0NRT,304.5,1.7,D
-14.35464,25.60929,367,0.38,0.58,2026-10-02,1227,N21,VIIRS,h,2.0NRT,308.55,17.38,D
-14.35396,25.61272,367,0.38,0.58,2026-10-02,1227,N21,VIIRS,h,2.0NRT,306.97,17.38,D
-14.3526,25.61964,332.89,0.38,0.58,2026-10-02,1227,N21,VIIRS,l,2.0NRT,306.74,9.3,D
-14.35054,25.63006,336.83,0.38,0.59,2026-10-02,1227,N21,VIIRS,l,2.0NRT,308.52,5.16,D
-14.34999,25.60487,345.42,0.38,0.58,2026-10-02,1227,N21,VIIRS,n,2.0NRT,308.69,10.12,D
-14.26228,25.416,342.38,0.37,0.58,2026-10-02,1227,N21,VIIRS,n,2.0NRT,308.59,6.69,D
-14.26157,27.57529,333.49,0.51,0.66,2026-10-02,1227,N21,VIIRS,n,2.0NRT,297.51,7.41,D
-14.25887,26.03427,367,0.4,0.6,2026-10-02,1227,N21,VIIRS,h,2.0NRT,301.38,14.51,D
-13.8917,27.64689,337.98,0.52,0.67,2026-10-02,1227,N21,VIIRS,n,2.0NRT,291.8,8.66,D
-13.89108,27.64796,347.51,0.52,0.67,2026-10-02,1227,N21,VIIRS,n,2.0NRT,291.74,6.82,D
-14.39139,24.19648,347.13,0.6,0.53,2026-10-02,1229,N21,VIIRS,n,2.0NRT,307.59,11.18,D
-14.3826,24.11875,341.78,0.6,0.53,2026-10-02,1229,N21,VIIRS,n,2.0NRT,308.4,8.81,D
-14.38091,24.12075,341.67,0.6,0.53,2026-10-02,1229,N21,VIIRS,n,2.0NRT,306.73,9.32,D
-14.36222,23.93548,341,0.58,0.52,2026-10-02,1229,N21,VIIRS,n,2.0NRT,308.14,4.29,D
-14.33064,23.83855,340.92,0.57,0.52,2026-10-02,1229,N21,VIIRS,n,2.0NRT,306.44,11.22,D
-14.21723,23.89166,343.28,0.58,0.52,2026-10-02,1229,N21,VIIRS,n,2.0NRT,307.51,11.34,D
-14.2171,23.8924,344.25,0.58,0.52,2026-10-02,1229,N21,VIIRS,n,2.0NRT,307.39,16.88,D
-14.21248,23.89065,330.69,0.58,0.52,2026-10-02,1229,N21,VIIRS,l,2.0NRT,304.47,10.45,D
-14.20772,23.88968,354.57,0.58,0.52,2026-10-02,1229,N21,VIIRS,n,2.0NRT,307.54,10.45,D
-14.20759,23.89045,347.84,0.58,0.52,2026-10-02,1229,N21,VIIRS,n,2.0NRT,307.19,15.89,D
-14.13345,24.84164,332.28,0.34,0.56,2026-10-02,1229,N21,VIIRS,n,2.0NRT,303.43,1.73,D
-14.12336,25.37902,343.28,0.37,0.58,2026-10-02,1229,N21,VIIRS,n,2.0NRT,304.28,8.11,D
-14.11941,25.37117,367,0.37,0.58,2026-10-02,1229,N21,VIIRS,h,2.0NRT,301.89,9.16,D
-14.11876,25.37454,342.72,0.37,0.58,2026-10-02,1229,N21,VIIRS,n,2.0NRT,299.21,3.77,D
-14.11811,25.37792,333.75,0.37,0.58,2026-10-02,1229,N21,VIIRS,n,2.0NRT,288.01,3.77,D
-14.04319,24.63448,367,0.33,0.55,2026-10-02,1229,N21,VIIRS,h,2.0NRT,307.32,16.79,D
-14.03293,24.03111,333.91,0.6,0.53,2026-10-02,1229,N21,VIIRS,n,2.0NRT,307.27,4.03,D
-14.02064,26.02597,342.41,0.41,0.6,2026-10-02,1229,N21,VIIRS,n,2.0NRT,306.98,7.58,D
-14.02047,26.02646,343.72,0.41,0.6,2026-10-02,1229,N21,VIIRS,n,2.0NRT,305.5,7.39,D
-13.99325,24.02927,335.81,0.6,0.53,2026-10-02,1229,N21,VIIRS,n,2.0NRT,304.92,7.91,D
-13.97325,25.53735,343.58,0.38,0.59,2026-10-02,1229,N21,VIIRS,n,2.0NRT,305.44,6.42,D
-13.97257,25.54085,333.09,0.38,0.59,2026-10-02,1229,N21,VIIRS,l,2.0NRT,304.77,7.22,D
-13.96656,25.54328,354.5,0.38,0.59,2026-10-02,1229,N21,VIIRS,n,2.0NRT,305.58,10.51,D
-13.95724,23.93496,332.22,0.59,0.53,2026-10-02,1229,N21,VIIRS,l,2.0NRT,302.51,4.71,D
-13.81953,25.01395,337.97,0.35,0.57,2026-10-02,1229,N21,VIIRS,n,2.0NRT,305.94,6.35,D
-13.78425,25.05712,333.93,0.35,0.57,2026-10-02,1229,N21,VIIRS,n,2.0NRT,302.34,4.07,D
-13.78385,25.33814,332.37,0.37,0.58,2026-10-02,1229,N21,VIIRS,n,2.0NRT,302.41,3.32,D
-13.71452,25.87211,331.56,0.4,0.6,2026-10-02,1229,N21,VIIRS,n,2.0NRT,300.83,2.21,D
-13.68884,25.94311,348.54,0.41,0.6,2026-10-02,1229,N21,VIIRS,n,2.0NRT,296.95,11.78,D
-13.68057,25.36834,341.14,0.37,0.58,2026-10-02,1229,N21,VIIRS,n,2.0NRT,301.58,7.49,D
-13.67972,25.96062,336.44,0.41,0.61,2026-10-02,1229,N21,VIIRS,n,2.0NRT,303.02,5.11,D
-13.61466,26.39496,339.93,0.44,0.62,2026-10-02,1229,N21,VIIRS,n,2.0NRT,294.88,4.6,D
-13.58382,25.10959,330.86,0.36,0.57,2026-10-02,1229,N21,VIIRS,l,2.0NRT,304.74,3.9,D
-13.58107,24.39814,350.59,0.32,0.55,2026-10-02,1229,N21,VIIRS,n,2.0NRT,298.67,9.87,D
-13.58049,24.40112,353.73,0.32,0.55,2026-10-02,1229,N21,VIIRS,n,2.0NRT,295.48,9.87,D
-13.57609,24.39716,338.14,0.32,0.55,2026-10-02,1229,N21,VIIRS,n,2.0NRT,300.87,9.87,D
-13.57399,27.82794,337.07,0.55,0.68,2026-10-02,1229,N21,VIIRS,n,2.0NRT,295.23,3.97,D
-13.56846,24.46346,367,0.33,0.55,2026-10-02,1229,N21,VIIRS,h,2.0NRT,295.8,9.98,D
-13.56596,26.13699,335.21,0.42,0.61,2026-10-02,1229,N21,VIIRS,n,2.0NRT,298.75,2.73,D
-13.56532,24.45456,343.35,0.33,0.55,2026-10-02,1229,N21,VIIRS,n,2.0NRT,293.33,3.12,D
-13.56478,24.95207,337.38,0.35,0.57,2026-10-02,1229,N21,VIIRS,n,2.0NRT,298.34,3.83,D
-13.56418,26.1368,334.79,0.42,0.61,2026-10-02,1229,N21,VIIRS,n,2.0NRT,298.94,2.99,D
-13.56368,24.46339,367,0.33,0.55,2026-10-02,1229,N21,VIIRS,h,2.0NRT,294.56,11.53,D
-13.56345,24.46249,367,0.33,0.55,2026-10-02,1229,N21,VIIRS,h,2.0NRT,296.55,9.98,D
-13.55631,24.30925,332.98,0.32,0.54,2026-10-02,1229,N21,VIIRS,l,2.0NRT,305.23,4.43,D
-13.54493,27.93661,367,0.56,0.69,2026-10-02,1229,N21,VIIRS,h,2.0NRT,295.3,21.45,D
-13.53084,24.50006,332.93,0.33,0.55,2026-10-02,1229,N21,VIIRS,n,2.0NRT,299.05,5.99,D
-13.53028,24.50308,345.71,0.33,0.55,2026-10-02,1229,N21,VIIRS,n,2.0NRT,298.7,7.81,D
-13.52972,24.50607,367,0.33,0.55,2026-10-02,1229,N21,VIIRS,h,2.0NRT,297.79,7.81,D
-13.52583,24.49904,343.4,0.33,0.55,2026-10-02,1229,N21,VIIRS,n,2.0NRT,297.9,6.39,D
-13.52526,24.50207,340.05,0.33,0.55,2026-10-02,1229,N21,VIIRS,n,2.0NRT,297.64,9.78,D
-13.51528,25.9258,367,0.41,0.61,2026-10-02,1229,N21,VIIRS,h,2.0NRT,305.62,11.34,D
-13.50724,24.15472,342.66,0.62,0.54,2026-10-02,1229,N21,VIIRS,n,2.0NRT,288.62,16.99,D
-13.48974,25.00706,333.38,0.36,0.57,2026-10-02,1229,N21,VIIRS,n,2.0NRT,299.26,2.99,D
-13.47808,25.0115,333.32,0.36,0.57,2026-10-02,1229,N21,VIIRS,n,2.0NRT,299.38,2.03,D
-13.42842,24.59822,330.76,0.33,0.56,2026-10-02,1229,N21,VIIRS,n,2.0NRT,299.05,3.61,D
-13.42315,27.76114,353.57,0.54,0.68,2026-10-02,1229,N21,VIIRS,n,2.0NRT,297.43,12.97,D
-13.4227,25.90329,346.9,0.41,0.61,2026-10-02,1229,N21,VIIRS,n,2.0NRT,302.21,4.29,D
-13.39292,27.56562,341.08,0.53,0.67,2026-10-02,1229,N21,VIIRS,n,2.0NRT,298.85,19.58,D
-13.39276,27.56644,354.61,0.53,0.67,2026-10-02,1229,N21,VIIRS,n,2.0NRT,299.2,16.33,D
-13.39193,27.57039,367,0.53,0.67,2026-10-02,1229,N21,VIIRS,h,2.0NRT,297.51,21.5,D
-13.3918,27.57121,342.24,0.53,0.67,2026-10-02,1229,N21,VIIRS,n,2.0NRT,296.31,11.71,D
-13.38214,27.83559,343.26,0.55,0.68,2026-10-02,1229,N21,VIIRS,n,2.0NRT,295.93,4.67,D
-13.37638,24.05544,340.52,0.62,0.54,2026-10-02,1229,N21,VIIRS,n,2.0NRT,297.7,26.88,D
-13.33176,26.22846,330.3,0.43,0.62,2026-10-02,1229,N21,VIIRS,l,2.0NRT,301.26,7.45,D
-13.31785,23.84048,341.26,0.6,0.53,2026-10-02,1229,N21,VIIRS,n,2.0NRT,301.59,12.51,D
-13.31684,23.84591,339.46,0.6,0.53,2026-10-02,1229,N21,VIIRS,n,2.0NRT,302.35,19.37,D
-13.28374,25.30951,335.84,0.38,0.58,2026-10-02,1229,N21,VIIRS,n,2.0NRT,294.61,5.03,D
-13.27643,25.95423,332.83,0.42,0.61,2026-10-02,1229,N21,VIIRS,n,2.0NRT,301.19,3.51,D
-13.27531,25.95475,336.95,0.42,0.61,2026-10-02,1229,N21,VIIRS,n,2.0NRT,301.93,7.21,D
-13.26644,25.85734,331.6,0.41,0.61,2026-10-02,1229,N21,VIIRS,n,2.0NRT,298.36,3.2,D
-13.25697,25.1443,352.99,0.37,0.58,2026-10-02,1229,N21,VIIRS,n,2.0NRT,302.57,10.85,D
-13.25633,25.14761,367,0.37,0.58,2026-10-02,1229,N21,VIIRS,h,2.0NRT,303.96,10.85,D
-13.20918,26.34298,336.96,0.44,0.63,2026-10-02,1229,N21,VIIRS,n,2.0NRT,302.46,5.99,D
-13.17143,25.34015,331.83,0.38,0.59,2026-10-02,1229,N21,VIIRS,l,2.0NRT,303.83,4.53,D
-13.16356,26.56959,347.56,0.46,0.63,2026-10-02,1229,N21,VIIRS,n,2.0NRT,301.46,8.11,D
-13.16335,26.56945,352.54,0.46,0.63,2026-10-02,1229,N21,VIIRS,n,2.0NRT,302.1,8.03,D
-13.15868,26.56405,347.02,0.46,0.63,2026-10-02,1229,N21,VIIRS,n,2.0NRT,299.73,8.11,D
-13.15844,26.56388,339.53,0.46,0.63,2026-10-02,1229,N21,VIIRS,n,2.0NRT,299.37,8.03,D
-13.15781,26.56833,338.96,0.46,0.63,2026-10-02,1229,N21,VIIRS,n,2.0NRT,300.11,8.11,D
-13.15761,26.56816,331.56,0.46,0.63,2026-10-02,1229,N21,VIIRS,n,2.0NRT,299.33,8.03,D
-13.1476,23.95467,336.61,0.61,0.54,2026-10-02,1229,N21,VIIRS,n,2.0NRT,299.17,8.34,D
-13.1389,25.36532,336.04,0.38,0.59,2026-10-02,1229,N21,VIIRS,n,2.0NRT,298.2,3.67,D
-13.13632,24.559,367,0.34,0.56,2026-10-02,1229,N21,VIIRS,h,2.0NRT,304.08,9.28,D
-13.1354,25.58872,338.64,0.4,0.6,2026-10-02,1229,N21,VIIRS,n,2.0NRT,304.86,6.66,D
-13.12317,26.49958,331.83,0.46,0.63,2026-10-02,1229,N21,VIIRS,n,2.0NRT,293.54,2.54,D
-13.12146,26.62997,334.85,0.46,0.64,2026-10-02,1229,N21,VIIRS,n,2.0NRT,299.08,10.11,D
-13.12121,26.62999,336.62,0.46,0.64,2026-10-02,1229,N21,VIIRS,n,2.0NRT,299.28,11.06,D
-13.12062,26.63426,350.57,0.46,0.64,2026-10-02,1229,N21,VIIRS,n,2.0NRT,303.6,15.05,D
-13.12034,26.63426,350,0.46,0.64,2026-10-02,1229,N21,VIIRS,n,2.0NRT,303.51,16.17,D
-13.10852,26.02363,339.51,0.42,0.61,2026-10-02,1229,N21,VIIRS,n,2.0NRT,299.33,3.58,D
-13.06282,24.62434,345.03,0.34,0.56,2026-10-02,1229,N21,VIIRS,n,2.0NRT,303.1,4.65,D
-13.02766,24.95477,341.67,0.36,0.57,2026-10-02,1229,N21,VIIRS,n,2.0NRT,299.7,5.09,D
-13.02737,24.9551,334.07,0.36,0.57,2026-10-02,1229,N21,VIIRS,n,2.0NRT,298.74,3.62,D
-13.01301,26.35923,339.5,0.45,0.63,2026-10-02,1229,N21,VIIRS,n,2.0NRT,291.78,4.07,D
-13.00291,24.28244,367,0.32,0.55,2026-10-02,1229,N21,VIIRS,h,2.0NRT,313.26,72.79,D
-12.98639,26.82914,333.11,0.48,0.65,2026-10-02,1229,N21,VIIRS,n,2.0NRT,294.19,6.74,D
-12.96033,24.39772,331.52,0.33,0.55,2026-10-02,1229,N21,VIIRS,n,2.0NRT,300.24,4.41,D
-12.95921,24.13254,337.63,0.64,0.54,2026-10-02,1229,N21,VIIRS,n,2.0NRT,300.14,16.79,D
-12.95798,24.13444,339.9,0.32,0.54,2026-10-02,1229,N21,VIIRS,n,2.0NRT,300.13,4.91,D
-12.95744,24.13733,334.62,0.32,0.54,2026-10-02,1229,N21,VIIRS,n,2.0NRT,299.9,4.91,D
-12.95534,25.2949,342.48,0.38,0.59,2026-10-02,1229,N21,VIIRS,n,2.0NRT,297.36,5.65,D
-12.92168,24.68463,334.82,0.35,0.56,2026-10-02,1229,N21,VIIRS,n,2.0NRT,298.59,3.18,D
-12.90336,25.6703,331.9,0.4,0.6,2026-10-02,1229,N21,VIIRS,l,2.0NRT,304.91,9.62,D
-12.89521,25.65565,334.06,0.4,0.6,2026-10-02,1229,N21,VIIRS,n,2.0NRT,300.8,5.31,D
-12.89518,24.19529,332.7,0.32,0.55,2026-10-02,1229,N21,VIIRS,n,2.0NRT,298.63,2.82,D
-12.88563,25.49694,330,0.39,0.6,2026-10-02,1229,N21,VIIRS,n,2.0NRT,298.61,3.46,D
-12.86117,25.00216,341.07,0.36,0.58,2026-10-02,1229,N21,VIIRS,n,2.0NRT,299.92,8.07,D
-12.86054,25.00541,354.77,0.37,0.58,2026-10-02,1229,N21,VIIRS,n,2.0NRT,298.4,8.73,D
-12.85993,25.00862,335.32,0.37,0.58,2026-10-02,1229,N21,VIIRS,n,2.0NRT,291.5,8.73,D
-12.81448,25.776,330.71,0.41,0.61,2026-10-02,1229,N21,VIIRS,n,2.0NRT,295.8,3,D
-12.80177,24.22512,331.17,0.32,0.55,2026-10-02,1229,N21,VIIRS,l,2.0NRT,302.01,2.54,D
-12.79408,24.26623,336.09,0.33,0.55,2026-10-02,1229,N21,VIIRS,n,2.0NRT,305.51,5.14,D
-12.76451,24.25778,331.51,0.33,0.55,2026-10-02,1229,N21,VIIRS,n,2.0NRT,300.07,2.52,D
-12.75931,26.39546,340.09,0.45,0.63,2026-10-02,1229,N21,VIIRS,n,2.0NRT,289.69,5.69,D
-12.75895,26.39365,333.17,0.46,0.63,2026-10-02,1229,N21,VIIRS,n,2.0NRT,288.8,5.28,D
-12.7305,25.26282,355.46,0.38,0.59,2026-10-02,1229,N21,VIIRS,n,2.0NRT,297.78,11.37,D
-12.72986,25.26621,345.65,0.38,0.59,2026-10-02,1229,N21,VIIRS,n,2.0NRT,300.15,10.63,D
-12.64696,24.14033,334.11,0.32,0.55,2026-10-02,1229,N21,VIIRS,n,2.0NRT,300.83,4.59,D
-12.62382,26.16665,367,0.44,0.62,2026-10-02,1229,N21,VIIRS,h,2.0NRT,302.56,18.1,D
-12.61661,26.17328,332.74,0.44,0.63,2026-10-02,1229,N21,VIIRS,n,2.0NRT,299.92,5.31,D
-12.60401,25.12639,341.89,0.38,0.58,2026-10-02,1229,N21,VIIRS,n,2.0NRT,299.61,5.97,D
-12.57241,24.4316,367,0.34,0.56,2026-10-02,1229,N21,VIIRS,h,2.0NRT,302.88,9.11,D
-12.55865,23.98047,339.2,0.63,0.54,2026-10-02,1229,N21,VIIRS,n,2.0NRT,304.35,7.4,D
-12.5584,24.88354,345.08,0.36,0.58,2026-10-02,1229,N21,VIIRS,n,2.0NRT,301.68,8.97,D
-12.5578,24.88671,367,0.36,0.58,2026-10-02,1229,N21,VIIRS,h,2.0NRT,305.25,12.21,D
-12.55757,23.97953,334.76,0.63,0.54,2026-10-02,1229,N21,VIIRS,n,2.0NRT,304.63,19.39,D
-12.55719,24.88993,343.35,0.36,0.58,2026-10-02,1229,N21,VIIRS,n,2.0NRT,300.68,12.21,D
-12.55653,23.98521,340.72,0.63,0.54,2026-10-02,1229,N21,VIIRS,n,2.0NRT,304.35,19.39,D
-12.55266,23.97843,333.34,0.63,0.54,2026-10-02,1229,N21,VIIRS,n,2.0NRT,303.86,19.39,D
-12.55265,23.98509,340.8,0.63,0.54,2026-10-02,1229,N21,VIIRS,n,2.0NRT,305.16,34.98,D
-12.55161,23.98414,340.57,0.63,0.54,2026-10-02,1229,N21,VIIRS,n,2.0NRT,307.54,19.39,D
-12.50693,25.54025,367,0.4,0.6,2026-10-02,1229,N21,VIIRS,h,2.0NRT,300.58,13.8,D
-12.48434,24.93281,335.19,0.37,0.58,2026-10-02,1229,N21,VIIRS,n,2.0NRT,297.36,1.85,D
-12.47576,24.86254,367,0.36,0.58,2026-10-02,1229,N21,VIIRS,h,2.0NRT,299.85,10.27,D
-12.82526,27.29078,301.8,0.42,0.38,2026-10-02,2335,N21,VIIRS,n,2.0NRT,286.21,1.1,N
-12.78562,27.32732,299.07,0.42,0.38,2026-10-02,2335,N21,VIIRS,n,2.0NRT,285.91,0.5,N
-12.62232,26.40214,305.65,0.4,0.37,2026-10-02,2335,N21,VIIRS,n,2.0NRT,287.26,1.1,N
-14.59389,25.5597,306.35,0.39,0.36,2026-10-02,2337,N21,VIIRS,n,2.0NRT,288.21,0.98,N
-14.59098,25.56042,308.15,0.39,0.36,2026-10-02,2337,N21,VIIRS,n,2.0NRT,288.26,1.04,N
-14.59043,25.55682,309.14,0.39,0.36,2026-10-02,2337,N21,VIIRS,n,2.0NRT,288.47,1.04,N
-14.58988,25.55322,302.29,0.39,0.36,2026-10-02,2337,N21,VIIRS,n,2.0NRT,288.02,0.67,N
-14.55502,24.01685,296.83,0.39,0.36,2026-10-02,2337,N21,VIIRS,n,2.0NRT,286.37,0.52,N
-14.50142,25.04402,302.42,0.39,0.36,2026-10-02,2337,N21,VIIRS,n,2.0NRT,285.88,0.71,N
-14.49415,25.17267,301.39,0.39,0.36,2026-10-02,2337,N21,VIIRS,n,2.0NRT,285.54,0.49,N
-14.49144,25.13301,311.15,0.39,0.36,2026-10-02,2337,N21,VIIRS,n,2.0NRT,286.87,1.04,N
-14.48868,25.1371,303.51,0.39,0.36,2026-10-02,2337,N21,VIIRS,n,2.0NRT,285.68,1.04,N
-14.48813,25.13355,308.46,0.39,0.36,2026-10-02,2337,N21,VIIRS,n,2.0NRT,286.05,1.04,N
-14.47668,24.94986,312.88,0.38,0.36,2026-10-02,2337,N21,VIIRS,n,2.0NRT,285.81,1.33,N
-14.47559,24.92097,301.97,0.38,0.36,2026-10-02,2337,N21,VIIRS,n,2.0NRT,285.43,0.61,N
-14.35752,25.61199,309.46,0.39,0.36,2026-10-02,2337,N21,VIIRS,n,2.0NRT,287.78,0.92,N
-14.35697,25.60839,305.42,0.39,0.36,2026-10-02,2337,N21,VIIRS,n,2.0NRT,287.69,0.92,N
-14.35642,25.6048,308.38,0.39,0.36,2026-10-02,2337,N21,VIIRS,n,2.0NRT,287.74,1.14,N
-14.13483,25.53365,300,0.39,0.36,2026-10-02,2337,N21,VIIRS,n,2.0NRT,286.43,0.77,N
-14.13151,25.53418,297.29,0.39,0.36,2026-10-02,2337,N21,VIIRS,n,2.0NRT,286.18,0.47,N
-14.11294,25.36888,298.3,0.39,0.36,2026-10-02,2337,N21,VIIRS,n,2.0NRT,287.25,0.66,N
-14.11237,25.38724,304.01,0.39,0.36,2026-10-02,2337,N21,VIIRS,n,2.0NRT,286.57,0.76,N
-14.10963,25.36941,299.01,0.39,0.36,2026-10-02,2337,N21,VIIRS,n,2.0NRT,287.03,0.66,N
-14.10687,25.37351,297.3,0.39,0.36,2026-10-02,2337,N21,VIIRS,n,2.0NRT,286.83,0.42,N
-14.10632,25.36994,298.77,0.39,0.36,2026-10-02,2337,N21,VIIRS,n,2.0NRT,287.18,0.42,N
-14.10355,25.37403,297.72,0.39,0.36,2026-10-02,2337,N21,VIIRS,n,2.0NRT,287.1,0.42,N
-14.10137,25.3598,298.43,0.39,0.36,2026-10-02,2337,N21,VIIRS,n,2.0NRT,287.69,1.22,N
-14.10082,25.35624,321.44,0.39,0.36,2026-10-02,2337,N21,VIIRS,n,2.0NRT,288.23,1.22,N
-14.10079,25.37813,298.91,0.39,0.36,2026-10-02,2337,N21,VIIRS,n,2.0NRT,286.83,0.41,N
-14.10027,25.35268,341.08,0.39,0.36,2026-10-02,2337,N21,VIIRS,n,2.0NRT,290.22,7.84,N
-14.10024,25.37457,299.47,0.39,0.36,2026-10-02,2337,N21,VIIRS,n,2.0NRT,287.21,0.49,N
-14.09748,25.37866,298.08,0.39,0.36,2026-10-02,2337,N21,VIIRS,n,2.0NRT,286.99,0.41,N
-14.09693,25.3751,298.86,0.39,0.36,2026-10-02,2337,N21,VIIRS,n,2.0NRT,287.02,0.49,N
-14.09638,25.37154,299.01,0.39,0.36,2026-10-02,2337,N21,VIIRS,n,2.0NRT,286.99,0.49,N
-14.09362,25.37563,299.18,0.39,0.36,2026-10-02,2337,N21,VIIRS,n,2.0NRT,287.07,1,N
-14.08092,25.38134,303.38,0.39,0.36,2026-10-02,2337,N21,VIIRS,n,2.0NRT,288.11,0.64,N
-14.07706,25.37831,299.2,0.39,0.36,2026-10-02,2337,N21,VIIRS,n,2.0NRT,288.39,0.78,N
-13.9664,27.05176,297.98,0.42,0.38,2026-10-02,2337,N21,VIIRS,n,2.0NRT,286.54,0.5,N
-13.87384,25.7849,309.11,0.39,0.36,2026-10-02,2337,N21,VIIRS,n,2.0NRT,287.22,0.87,N
-13.83878,25.68706,298.43,0.39,0.36,2026-10-02,2337,N21,VIIRS,n,2.0NRT,288.31,0.41,N
-13.83761,25.72396,300.36,0.39,0.36,2026-10-02,2337,N21,VIIRS,n,2.0NRT,288.01,0.23,N
-13.76783,25.713,299.02,0.39,0.36,2026-10-02,2337,N21,VIIRS,n,2.0NRT,288.29,0.68,N
-13.76685,26.52429,303.06,0.41,0.37,2026-10-02,2337,N21,VIIRS,n,2.0NRT,286.91,0.84,N
-13.74903,25.70132,300.85,0.39,0.36,2026-10-02,2337,N21,VIIRS,n,2.0NRT,288.64,0.38,N
-13.73919,25.76882,300.08,0.39,0.36,2026-10-02,2337,N21,VIIRS,n,2.0NRT,288.45,0.5,N
-13.73645,25.7509,300.47,0.39,0.36,2026-10-02,2337,N21,VIIRS,n,2.0NRT,288.9,0.35,N
-13.72844,25.87735,302.71,0.39,0.36,2026-10-02,2337,N21,VIIRS,n,2.0NRT,288.15,0.64,N
-13.72511,25.87788,300.91,0.39,0.36,2026-10-02,2337,N21,VIIRS,n,2.0NRT,287.77,0.64,N
-13.72352,25.84496,301.53,0.39,0.36,2026-10-02,2337,N21,VIIRS,n,2.0NRT,288.2,0.43,N
-13.7174,25.84961,306.17,0.39,0.36,2026-10-02,2337,N21,VIIRS,n,2.0NRT,288.27,0.42,N
-13.71401,25.87225,300.49,0.39,0.36,2026-10-02,2337,N21,VIIRS,n,2.0NRT,287.63,0.78,N
-13.71074,25.85067,301.92,0.39,0.36,2026-10-02,2337,N21,VIIRS,n,2.0NRT,287.86,1.09,N
-13.70997,25.93583,298.27,0.39,0.36,2026-10-02,2337,N21,VIIRS,n,2.0NRT,288.03,0.34,N
-13.69626,25.86771,297.39,0.39,0.36,2026-10-02,2337,N21,VIIRS,n,2.0NRT,287.31,0.28,N
-13.68864,28.06646,299.16,0.46,0.39,2026-10-02,2337,N21,VIIRS,n,2.0NRT,285.7,0.77,N
-13.68343,25.33953,299.96,0.39,0.36,2026-10-02,2337,N21,VIIRS,n,2.0NRT,288.28,0.44,N
-13.60073,25.5533,299.5,0.39,0.36,2026-10-02,2337,N21,VIIRS,n,2.0NRT,288.24,0.46,N
-13.59687,25.55027,302.54,0.39,0.36,2026-10-02,2337,N21,VIIRS,n,2.0NRT,288.84,0.67,N
-13.56271,24.95362,299.31,0.38,0.36,2026-10-02,2337,N21,VIIRS,n,2.0NRT,288.09,0.48,N
-13.56098,27.82732,304.34,0.45,0.39,2026-10-02,2337,N21,VIIRS,n,2.0NRT,286.33,0.55,N
-13.53594,27.19855,301.89,0.43,0.38,2026-10-02,2337,N21,VIIRS,n,2.0NRT,286.61,0.62,N
-13.53376,27.19859,299.65,0.43,0.38,2026-10-02,2337,N21,VIIRS,n,2.0NRT,286.74,0.57,N
-13.53058,24.51069,297.56,0.38,0.36,2026-10-02,2337,N21,VIIRS,n,2.0NRT,286.31,1.12,N
-13.51741,24.25516,300.42,0.39,0.36,2026-10-02,2337,N21,VIIRS,n,2.0NRT,288.51,0.61,N
-13.5141,24.25571,299.87,0.39,0.36,2026-10-02,2337,N21,VIIRS,n,2.0NRT,288.57,0.61,N
-13.5094,25.62234,298.75,0.39,0.36,2026-10-02,2337,N21,VIIRS,n,2.0NRT,288.41,0.51,N
-13.46869,27.68862,307.42,0.44,0.39,2026-10-02,2337,N21,VIIRS,n,2.0NRT,286.74,1.2,N
-13.46519,27.41062,302.56,0.43,0.38,2026-10-02,2337,N21,VIIRS,n,2.0NRT,287.1,0.88,N
-13.45678,26.01198,296.69,0.39,0.36,2026-10-02,2337,N21,VIIRS,n,2.0NRT,286.28,0.23,N
-13.45252,27.37203,301.41,0.43,0.38,2026-10-02,2337,N21,VIIRS,n,2.0NRT,287.22,1.01,N
-13.42398,27.28655,298.09,0.43,0.38,2026-10-02,2337,N21,VIIRS,n,2.0NRT,286.74,0.46,N
-13.41811,27.61328,297.79,0.44,0.38,2026-10-02,2337,N21,VIIRS,n,2.0NRT,287.15,0.49,N
-13.40364,25.50813,301.93,0.39,0.36,2026-10-02,2337,N21,VIIRS,n,2.0NRT,288.7,0.57,N
-13.40017,25.97667,298.38,0.39,0.36,2026-10-02,2337,N21,VIIRS,n,2.0NRT,287.11,0.39,N
-13.39684,25.9772,299.8,0.39,0.36,2026-10-02,2337,N21,VIIRS,n,2.0NRT,287.53,0.79,N
-13.39242,25.97054,300.45,0.39,0.36,2026-10-02,2337,N21,VIIRS,n,2.0NRT,287.66,0.37,N
-13.39004,27.56808,313.26,0.44,0.38,2026-10-02,2337,N21,VIIRS,n,2.0NRT,287.03,1.46,N
-13.38607,25.57241,299.32,0.39,0.36,2026-10-02,2337,N21,VIIRS,n,2.0NRT,288.64,0.42,N
-13.37834,26.21056,302.5,0.4,0.37,2026-10-02,2337,N21,VIIRS,n,2.0NRT,287.85,0.71,N
-13.36396,26.00826,297.23,0.39,0.36,2026-10-02,2337,N21,VIIRS,n,2.0NRT,287.12,0.5,N
-13.30015,26.54965,298.5,0.4,0.37,2026-10-02,2337,N21,VIIRS,n,2.0NRT,285.99,0.58,N
-13.27009,25.85794,301.07,0.39,0.36,2026-10-02,2337,N21,VIIRS,n,2.0NRT,288.02,0.59,N
-13.19744,26.16418,299.08,0.4,0.37,2026-10-02,2337,N21,VIIRS,n,2.0NRT,286.86,0.41,N
-13.1331,23.95678,316.33,0.39,0.36,2026-10-02,2337,N21,VIIRS,n,2.0NRT,285.88,2.05,N
-13.09973,23.94025,297.18,0.39,0.36,2026-10-02,2337,N21,VIIRS,n,2.0NRT,285.44,0.91,N
-13.08355,23.92454,299.13,0.39,0.36,2026-10-02,2337,N21,VIIRS,n,2.0NRT,287.73,0.7,N
-13.0653,23.9386,300.39,0.39,0.36,2026-10-02,2337,N21,VIIRS,n,2.0NRT,286,0.54,N
-13.06473,23.93502,298.71,0.39,0.36,2026-10-02,2337,N21,VIIRS,n,2.0NRT,286.01,0.54,N
-13.06415,23.93144,309.2,0.39,0.36,2026-10-02,2337,N21,VIIRS,n,2.0NRT,286.24,0.79,N
-13.06358,23.92785,301.39,0.39,0.36,2026-10-02,2337,N21,VIIRS,n,2.0NRT,285.68,0.79,N
-13.04717,25.22527,299.85,0.38,0.36,2026-10-02,2337,N21,VIIRS,n,2.0NRT,289.01,0.44,N
-13.00457,24.28216,311.2,0.39,0.36,2026-10-02,2337,N21,VIIRS,n,2.0NRT,288.1,0.8,N
-13.00126,24.2827,300.84,0.39,0.36,2026-10-02,2337,N21,VIIRS,n,2.0NRT,287.87,0.8,N
-14.70023,24.88851,347.99,0.5,0.41,2026-10-03,1210,N21,VIIRS,n,2.0NRT,313.23,14.18,D
-14.69835,27.64536,344.03,0.49,0.49,2026-10-03,1210,N21,VIIRS,n,2.0NRT,311.81,10.33,D
-14.692,24.89175,344.64,0.5,0.41,2026-10-03,1210,N21,VIIRS,l,2.0NRT,315.23,8.59,D
-14.68097,27.14451,343.85,0.45,0.47,2026-10-03,1210,N21,VIIRS,n,2.0NRT,312.32,6.41,D
-14.67157,26.85918,342.89,0.44,0.46,2026-10-03,1210,N21,VIIRS,n,2.0NRT,307.98,7.66,D
-14.6703,25.45359,340.35,0.54,0.42,2026-10-03,1210,N21,VIIRS,l,2.0NRT,313.67,6.18,D
-14.65958,25.49265,345.5,0.54,0.42,2026-10-03,1210,N21,VIIRS,l,2.0NRT,319.76,10.63,D
-14.65751,27.03766,344.39,0.45,0.47,2026-10-03,1210,N21,VIIRS,n,2.0NRT,312.07,9.79,D
-14.65744,25.48199,346.21,0.54,0.42,2026-10-03,1210,N21,VIIRS,n,2.0NRT,310.49,16.55,D
-14.65653,27.03684,343.86,0.45,0.47,2026-10-03,1210,N21,VIIRS,n,2.0NRT,311.29,5.75,D
-14.65578,27.04094,335.83,0.45,0.47,2026-10-03,1210,N21,VIIRS,l,2.0NRT,309.16,5.75,D
-14.65012,27.26496,343.29,0.46,0.47,2026-10-03,1210,N21,VIIRS,n,2.0NRT,312.57,6.07,D
-14.64934,27.26926,338.05,0.46,0.47,2026-10-03,1210,N21,VIIRS,l,2.0NRT,312.87,5.82,D
-14.63914,24.02328,350.13,0.46,0.39,2026-10-03,1210,N21,VIIRS,n,2.0NRT,317.24,18.63,D
-14.63475,27.32444,346.11,0.47,0.48,2026-10-03,1210,N21,VIIRS,n,2.0NRT,310.46,8.28,D
-14.62348,24.15977,351.16,0.46,0.39,2026-10-03,1210,N21,VIIRS,n,2.0NRT,319.92,31.31,D
-14.61455,24.36695,347.45,0.47,0.4,2026-10-03,1210,N21,VIIRS,n,2.0NRT,317.68,13.55,D
-14.61324,24.59862,340.5,0.49,0.4,2026-10-03,1210,N21,VIIRS,l,2.0NRT,314.98,6.33,D
-14.59235,24.18144,342.8,0.46,0.39,2026-10-03,1210,N21,VIIRS,n,2.0NRT,316.88,5.43,D
-14.57812,24.56005,335.04,0.48,0.4,2026-10-03,1210,N21,VIIRS,l,2.0NRT,309.94,4.32,D
-14.57199,24.10333,344.59,0.46,0.39,2026-10-03,1210,N21,VIIRS,l,2.0NRT,315.54,14.59,D
-14.56815,24.01574,342.23,0.46,0.39,2026-10-03,1210,N21,VIIRS,l,2.0NRT,315.98,6.78,D
-14.55986,25.23323,342.22,0.53,0.42,2026-10-03,1210,N21,VIIRS,l,2.0NRT,314.31,6.55,D
-14.55954,24.00125,343.48,0.46,0.39,2026-10-03,1210,N21,VIIRS,l,2.0NRT,313.63,4.94,D
-14.55884,24.00543,345.87,0.46,0.39,2026-10-03,1210,N21,VIIRS,n,2.0NRT,313.75,5.71,D
-14.55667,23.99642,338.46,0.46,0.39,2026-10-03,1210,N21,VIIRS,l,2.0NRT,313.05,5.9,D
-14.55386,24.0132,339.88,0.46,0.39,2026-10-03,1210,N21,VIIRS,l,2.0NRT,314.63,4.2,D
-14.5531,23.99579,347.13,0.46,0.39,2026-10-03,1210,N21,VIIRS,n,2.0NRT,312.96,5.9,D
-14.5524,23.99998,341.32,0.46,0.39,2026-10-03,1210,N21,VIIRS,l,2.0NRT,315.08,5.9,D
-14.54883,23.99935,348.31,0.46,0.39,2026-10-03,1210,N21,VIIRS,n,2.0NRT,315.85,9.13,D
-14.54813,24.00354,342.38,0.46,0.39,2026-10-03,1210,N21,VIIRS,n,2.0NRT,315.47,8.64,D
-14.54526,23.99871,367,0.46,0.39,2026-10-03,1210,N21,VIIRS,h,2.0NRT,314.94,9.13,D
-14.52953,23.92367,345.85,0.45,0.39,2026-10-03,1210,N21,VIIRS,n,2.0NRT,314.96,5.38,D
-14.52665,23.91888,340.04,0.45,0.39,2026-10-03,1210,N21,VIIRS,l,2.0NRT,312.31,5.91,D
-14.52597,23.92303,337.61,0.45,0.39,2026-10-03,1210,N21,VIIRS,l,2.0NRT,310.63,5.08,D
-14.50944,24.25532,340.97,0.47,0.4,2026-10-03,1210,N21,VIIRS,l,2.0NRT,315.18,11.59,D
-14.50662,27.17487,341.47,0.46,0.47,2026-10-03,1210,N21,VIIRS,n,2.0NRT,306.23,10.84,D
-14.49052,24.70326,339.1,0.49,0.41,2026-10-03,1210,N21,VIIRS,l,2.0NRT,312.36,10.65,D
-14.49027,26.99497,341.25,0.45,0.47,2026-10-03,1210,N21,VIIRS,n,2.0NRT,308.62,3.06,D
-14.48028,24.95177,349.35,0.51,0.41,2026-10-03,1210,N21,VIIRS,n,2.0NRT,318,20.52,D
-14.47842,23.94468,344.08,0.45,0.39,2026-10-03,1210,N21,VIIRS,n,2.0NRT,312.72,8.1,D
-14.46781,23.96433,340.92,0.46,0.39,2026-10-03,1210,N21,VIIRS,l,2.0NRT,312.55,9.19,D
-14.45486,23.93196,340.98,0.45,0.39,2026-10-03,1210,N21,VIIRS,l,2.0NRT,314.72,7.09,D
-14.45129,23.93134,349.23,0.45,0.39,2026-10-03,1210,N21,VIIRS,n,2.0NRT,317.55,10.19,D
-14.44816,24.12641,355.09,0.46,0.39,2026-10-03,1210,N21,VIIRS,n,2.0NRT,319.55,22.52,D
-14.44625,24.29408,340.13,0.47,0.4,2026-10-03,1210,N21,VIIRS,l,2.0NRT,312.15,4.48,D
-14.43684,27.43836,344.73,0.48,0.48,2026-10-03,1210,N21,VIIRS,n,2.0NRT,311.25,13.05,D
-14.41278,25.25643,336.87,0.53,0.42,2026-10-03,1210,N21,VIIRS,n,2.0NRT,309.4,19.67,D
-14.41182,25.00894,349.28,0.51,0.41,2026-10-03,1210,N21,VIIRS,n,2.0NRT,316.54,11.17,D
-14.40978,25.25084,337.6,0.53,0.42,2026-10-03,1210,N21,VIIRS,n,2.0NRT,309.4,19.67,D
-14.40895,25.25573,343.84,0.53,0.42,2026-10-03,1210,N21,VIIRS,n,2.0NRT,316.27,19.67,D
-14.40805,25.00825,341.65,0.51,0.41,2026-10-03,1210,N21,VIIRS,l,2.0NRT,313.92,7.08,D
-14.40214,24.99737,355.19,0.51,0.41,2026-10-03,1210,N21,VIIRS,n,2.0NRT,313.42,15.72,D
-14.40133,25.00211,341.42,0.51,0.41,2026-10-03,1210,N21,VIIRS,l,2.0NRT,312.94,10.77,D
-14.37521,24.90227,344.98,0.51,0.41,2026-10-03,1210,N21,VIIRS,l,2.0NRT,315.05,8.08,D
-14.37166,24.90463,349.08,0.51,0.41,2026-10-03,1210,N21,VIIRS,n,2.0NRT,315.85,17.03,D
-14.36654,25.60079,339.45,0.56,0.43,2026-10-03,1210,N21,VIIRS,l,2.0NRT,311.85,12.86,D
-14.36591,25.60319,346.79,0.56,0.43,2026-10-03,1210,N21,VIIRS,n,2.0NRT,312.43,8.44,D
-14.34653,25.32029,339.02,0.54,0.42,2026-10-03,1210,N21,VIIRS,l,2.0NRT,313.01,19.99,D
-14.32946,25.32728,347.14,0.54,0.42,2026-10-03,1210,N21,VIIRS,n,2.0NRT,309.55,16.3,D
-14.29874,24.74074,342.77,0.5,0.41,2026-10-03,1210,N21,VIIRS,n,2.0NRT,316.97,48.78,D
-14.29749,24.73802,343.59,0.5,0.41,2026-10-03,1210,N21,VIIRS,n,2.0NRT,311.77,18.18,D
-14.2885,27.23539,349.33,0.47,0.48,2026-10-03,1210,N21,VIIRS,n,2.0NRT,306.22,7.13,D
-14.28705,27.23588,342.15,0.47,0.48,2026-10-03,1210,N21,VIIRS,n,2.0NRT,306.06,7.44,D
-14.27536,25.01073,337.39,0.52,0.41,2026-10-03,1210,N21,VIIRS,l,2.0NRT,311.84,2.86,D
-14.26814,26.03015,346.28,0.39,0.44,2026-10-03,1210,N21,VIIRS,n,2.0NRT,313.82,13.97,D
-14.26412,26.02938,346.28,0.39,0.44,2026-10-03,1210,N21,VIIRS,n,2.0NRT,314.73,25.22,D
-14.26341,27.56744,344.13,0.49,0.49,2026-10-03,1210,N21,VIIRS,n,2.0NRT,308.37,7.74,D
-14.25129,27.01387,333.94,0.45,0.47,2026-10-03,1210,N21,VIIRS,l,2.0NRT,305.39,2.79,D
-14.18782,24.8857,335.53,0.51,0.41,2026-10-03,1210,N21,VIIRS,l,2.0NRT,309.06,7.08,D
-14.17832,25.44913,338.56,0.55,0.43,2026-10-03,1210,N21,VIIRS,n,2.0NRT,303.23,15.35,D
-14.17809,26.89006,350.4,0.45,0.47,2026-10-03,1210,N21,VIIRS,n,2.0NRT,306.13,30.9,D
-14.17501,25.45051,355.3,0.55,0.43,2026-10-03,1210,N21,VIIRS,n,2.0NRT,309.5,16.46,D
-14.12772,25.53412,342.61,0.56,0.43,2026-10-03,1210,N21,VIIRS,n,2.0NRT,311.38,16.14,D
-14.11329,25.38551,341.78,0.54,0.42,2026-10-03,1210,N21,VIIRS,n,2.0NRT,311.35,4.6,D
-14.09994,25.39337,339.34,0.55,0.42,2026-10-03,1210,N21,VIIRS,l,2.0NRT,310.64,4.38,D
-14.09607,25.39264,338.07,0.55,0.42,2026-10-03,1210,N21,VIIRS,l,2.0NRT,310.17,4.38,D
-14.09231,25.34571,340.55,0.54,0.42,2026-10-03,1210,N21,VIIRS,l,2.0NRT,311.41,7.22,D
-14.08666,26.25415,349.04,0.41,0.45,2026-10-03,1210,N21,VIIRS,n,2.0NRT,312.46,10.89,D
-14.086,26.2579,341.29,0.41,0.45,2026-10-03,1210,N21,VIIRS,n,2.0NRT,310.4,8.06,D
-14.08257,26.25345,350.54,0.41,0.45,2026-10-03,1210,N21,VIIRS,n,2.0NRT,313.48,27,D
-14.0819,26.2572,340.55,0.41,0.45,2026-10-03,1210,N21,VIIRS,n,2.0NRT,307.08,11.77,D
-14.08108,24.52446,346.64,0.49,0.4,2026-10-03,1210,N21,VIIRS,n,2.0NRT,313.92,24.42,D
-14.08091,25.38211,346.76,0.55,0.42,2026-10-03,1210,N21,VIIRS,n,2.0NRT,311.16,13.67,D
-14.07759,25.38416,341.17,0.54,0.42,2026-10-03,1210,N21,VIIRS,l,2.0NRT,312.7,24.28,D
-14.07704,25.38141,343.84,0.55,0.42,2026-10-03,1210,N21,VIIRS,n,2.0NRT,313.58,13.67,D
-14.069,24.74187,339.77,0.5,0.41,2026-10-03,1210,N21,VIIRS,l,2.0NRT,313.94,3.5,D
-14.04564,26.03345,342.16,0.4,0.44,2026-10-03,1210,N21,VIIRS,n,2.0NRT,311.09,9.99,D
-14.01424,27.99264,343.27,0.53,0.5,2026-10-03,1210,N21,VIIRS,n,2.0NRT,311.88,4.13,D
-14.00225,26.99037,347.24,0.46,0.47,2026-10-03,1210,N21,VIIRS,n,2.0NRT,306.23,9.47,D
-13.99976,26.99063,342.78,0.46,0.47,2026-10-03,1210,N21,VIIRS,n,2.0NRT,311.03,96.89,D
-13.99945,24.45231,335.88,0.49,0.4,2026-10-03,1210,N21,VIIRS,l,2.0NRT,309.41,3.53,D
-13.98814,25.95893,342.74,0.39,0.44,2026-10-03,1210,N21,VIIRS,n,2.0NRT,311.21,17.89,D
-13.9875,25.96251,355.29,0.39,0.44,2026-10-03,1210,N21,VIIRS,n,2.0NRT,318.7,17.89,D
-13.98686,25.96609,347.92,0.39,0.44,2026-10-03,1210,N21,VIIRS,n,2.0NRT,311.44,6.65,D
-13.97288,24.77849,344.04,0.51,0.41,2026-10-03,1210,N21,VIIRS,n,2.0NRT,311.88,3.91,D
-13.96414,27.14117,341.46,0.47,0.48,2026-10-03,1210,N21,VIIRS,n,2.0NRT,307.87,6.16,D
-13.96261,27.1498,337.56,0.47,0.48,2026-10-03,1210,N21,VIIRS,l,2.0NRT,307.99,9.27,D
-13.95829,24.60783,345.72,0.5,0.41,2026-10-03,1210,N21,VIIRS,n,2.0NRT,313.77,7.73,D
-13.95827,27.14895,338.59,0.47,0.48,2026-10-03,1210,N21,VIIRS,n,2.0NRT,307.06,5.42,D
-13.95753,24.61235,343.28,0.5,0.41,2026-10-03,1210,N21,VIIRS,n,2.0NRT,311.13,7.73,D
-13.92784,24.72044,346.77,0.5,0.41,2026-10-03,1210,N21,VIIRS,n,2.0NRT,312.91,11.29,D
-13.90783,23.96698,335.22,0.46,0.39,2026-10-03,1210,N21,VIIRS,n,2.0NRT,308.97,3.08,D
-13.90201,27.75505,338.92,0.51,0.5,2026-10-03,1210,N21,VIIRS,n,2.0NRT,307.87,3.5,D
-13.89453,27.7198,354.84,0.51,0.49,2026-10-03,1210,N21,VIIRS,n,2.0NRT,310.52,14.62,D
-13.89064,27.99559,344.54,0.53,0.5,2026-10-03,1210,N21,VIIRS,n,2.0NRT,312.02,11.33,D
-13.88692,25.83567,342.92,0.39,0.44,2026-10-03,1210,N21,VIIRS,n,2.0NRT,312.24,8.25,D
-13.88462,25.83596,354.72,0.39,0.44,2026-10-03,1210,N21,VIIRS,n,2.0NRT,310.65,6.47,D
-13.85705,25.93753,349.57,0.39,0.44,2026-10-03,1210,N21,VIIRS,n,2.0NRT,322.9,32.11,D
-13.85303,25.9368,343.79,0.39,0.44,2026-10-03,1210,N21,VIIRS,l,2.0NRT,314.2,6.29,D
-13.84861,28.11972,339.8,0.54,0.51,2026-10-03,1210,N21,VIIRS,n,2.0NRT,308.78,6.54,D
-13.82867,25.53693,338.4,0.56,0.43,2026-10-03,1210,N21,VIIRS,l,2.0NRT,312.22,3.81,D
-13.82823,25.00788,335.76,0.52,0.42,2026-10-03,1210,N21,VIIRS,n,2.0NRT,309.46,2.43,D
-13.82539,25.53464,337.06,0.56,0.43,2026-10-03,1210,N21,VIIRS,l,2.0NRT,311.5,3.45,D
-13.82151,25.85627,340.67,0.39,0.44,2026-10-03,1210,N21,VIIRS,l,2.0NRT,312.6,3.8,D
-13.81338,23.92485,338.03,0.46,0.39,2026-10-03,1210,N21,VIIRS,l,2.0NRT,311.75,4.89,D
-13.80603,26.80576,340.71,0.45,0.47,2026-10-03,1210,N21,VIIRS,n,2.0NRT,309.55,4.8,D
-13.80178,26.80494,339.03,0.45,0.47,2026-10-03,1210,N21,VIIRS,n,2.0NRT,307.64,3.84,D
-13.79235,27.7596,337.24,0.52,0.5,2026-10-03,1210,N21,VIIRS,l,2.0NRT,310.49,5.78,D
-13.79147,25.73371,345.23,0.38,0.44,2026-10-03,1210,N21,VIIRS,n,2.0NRT,314.03,5.82,D
-13.78766,25.10537,337.74,0.53,0.42,2026-10-03,1210,N21,VIIRS,l,2.0NRT,310.78,8.38,D
-13.78663,26.52391,337.77,0.43,0.46,2026-10-03,1210,N21,VIIRS,l,2.0NRT,310.01,7.29,D
-13.78401,28.08838,345.93,0.54,0.51,2026-10-03,1210,N21,VIIRS,n,2.0NRT,309.74,12.42,D
-13.7831,28.09337,343.25,0.54,0.51,2026-10-03,1210,N21,VIIRS,n,2.0NRT,308.18,2.91,D
-13.7807,27.77188,338.06,0.52,0.5,2026-10-03,1210,N21,VIIRS,l,2.0NRT,310.38,3.07,D
-13.77968,26.51458,339.73,0.43,0.46,2026-10-03,1210,N21,VIIRS,n,2.0NRT,308.29,5.77,D
-13.77898,26.51846,343.63,0.43,0.46,2026-10-03,1210,N21,VIIRS,n,2.0NRT,309.53,16.26,D
-13.77828,26.52236,354.08,0.43,0.46,2026-10-03,1210,N21,VIIRS,n,2.0NRT,315.69,16.26,D
-13.77191,25.49308,342.94,0.56,0.43,2026-10-03,1210,N21,VIIRS,n,2.0NRT,311.83,3.46,D
-13.77065,27.75026,337.59,0.52,0.5,2026-10-03,1210,N21,VIIRS,l,2.0NRT,310.81,7.63,D
-13.76525,26.01045,339.55,0.4,0.44,2026-10-03,1210,N21,VIIRS,l,2.0NRT,311.03,2.44,D
-13.76521,25.0833,340.23,0.53,0.42,2026-10-03,1210,N21,VIIRS,l,2.0NRT,311.3,4.97,D
-13.76439,25.08816,335.83,0.53,0.42,2026-10-03,1210,N21,VIIRS,l,2.0NRT,309.38,6.8,D
-13.74988,25.45749,337.54,0.56,0.43,2026-10-03,1210,N21,VIIRS,l,2.0NRT,312.34,6.99,D
-13.74899,25.46258,341.08,0.56,0.43,2026-10-03,1210,N21,VIIRS,l,2.0NRT,312.02,9.75,D
-13.74023,23.9092,346.33,0.46,0.39,2026-10-03,1210,N21,VIIRS,l,2.0NRT,316.46,14.59,D
-13.73734,23.90435,343.95,0.46,0.39,2026-10-03,1210,N21,VIIRS,l,2.0NRT,316.26,36.89,D
-13.73445,23.89948,334.06,0.46,0.39,2026-10-03,1210,N21,VIIRS,l,2.0NRT,308.51,4.22,D
-13.73401,23.96929,343.71,0.46,0.39,2026-10-03,1210,N21,VIIRS,n,2.0NRT,313.27,7.03,D
-13.73305,23.90794,347.72,0.46,0.39,2026-10-03,1210,N21,VIIRS,n,2.0NRT,312.37,36.89,D
-13.71909,25.86679,343.39,0.39,0.44,2026-10-03,1210,N21,VIIRS,n,2.0NRT,317.9,5.09,D
-13.71852,25.07985,337.36,0.53,0.42,2026-10-03,1210,N21,VIIRS,n,2.0NRT,306.54,2.78,D
-13.71722,25.06458,339.61,0.53,0.42,2026-10-03,1210,N21,VIIRS,n,2.0NRT,307.43,3.4,D
-13.7134,25.0639,337.21,0.53,0.42,2026-10-03,1210,N21,VIIRS,l,2.0NRT,308.18,3.22,D
-13.69121,25.58767,336.96,0.57,0.43,2026-10-03,1210,N21,VIIRS,l,2.0NRT,311.49,7.58,D
-13.68116,28.05583,339.98,0.54,0.51,2026-10-03,1210,N21,VIIRS,n,2.0NRT,309.86,5.07,D
-13.68025,28.06081,338.29,0.54,0.51,2026-10-03,1210,N21,VIIRS,n,2.0NRT,307.38,5.07,D
-13.67771,24.39969,340.3,0.49,0.4,2026-10-03,1210,N21,VIIRS,l,2.0NRT,313.7,7.28,D
-13.67697,24.40417,337.84,0.49,0.4,2026-10-03,1210,N21,VIIRS,l,2.0NRT,312.06,5.91,D
-13.67562,28.05997,355.01,0.54,0.51,2026-10-03,1210,N21,VIIRS,n,2.0NRT,311.94,29.66,D
-13.6747,28.06497,351.82,0.54,0.51,2026-10-03,1210,N21,VIIRS,n,2.0NRT,312.48,13.28,D
-13.67379,28.06997,351.56,0.54,0.51,2026-10-03,1210,N21,VIIRS,n,2.0NRT,308.16,13.28,D
-13.67098,28.05915,344.31,0.54,0.51,2026-10-03,1210,N21,VIIRS,n,2.0NRT,313.87,29.66,D
-13.67006,28.06415,340.68,0.54,0.51,2026-10-03,1210,N21,VIIRS,n,2.0NRT,309.65,13.28,D
-13.66997,24.54961,337.01,0.5,0.41,2026-10-03,1210,N21,VIIRS,l,2.0NRT,311.15,11.9,D
-13.66915,28.06913,344.74,0.54,0.51,2026-10-03,1210,N21,VIIRS,n,2.0NRT,311.15,13.28,D
-13.66851,24.54693,347.8,0.5,0.41,2026-10-03,1210,N21,VIIRS,n,2.0NRT,315.35,13.8,D
-13.66683,25.80173,342.96,0.39,0.44,2026-10-03,1210,N21,VIIRS,n,2.0NRT,311.34,9.2,D
-13.66448,28.04237,345.69,0.54,0.51,2026-10-03,1210,N21,VIIRS,n,2.0NRT,315.31,10.12,D
-13.66283,25.80103,346.65,0.39,0.44,2026-10-03,1210,N21,VIIRS,n,2.0NRT,315.41,9.2,D
-13.65947,25.84468,339.31,0.39,0.44,2026-10-03,1210,N21,VIIRS,l,2.0NRT,311.74,6.99,D
-13.65766,26.24118,333.03,0.41,0.45,2026-10-03,1210,N21,VIIRS,l,2.0NRT,305.33,2.9,D
-13.6572,24.34104,339.37,0.49,0.4,2026-10-03,1210,N21,VIIRS,l,2.0NRT,311.8,7.14,D
-13.64117,27.24941,337.5,0.48,0.48,2026-10-03,1210,N21,VIIRS,n,2.0NRT,305.57,6.1,D
-13.64108,27.25031,342.39,0.48,0.48,2026-10-03,1210,N21,VIIRS,n,2.0NRT,305.91,6.86,D
-13.62066,24.13219,343.35,0.47,0.4,2026-10-03,1210,N21,VIIRS,l,2.0NRT,315.62,9.61,D
-13.60188,24.37708,341.6,0.49,0.4,2026-10-03,1210,N21,VIIRS,l,2.0NRT,315.88,6.59,D
-13.60113,26.65945,342.73,0.44,0.46,2026-10-03,1210,N21,VIIRS,n,2.0NRT,305.88,3.49,D
-13.59771,26.17899,330.91,0.41,0.45,2026-10-03,1210,N21,VIIRS,l,2.0NRT,305.76,2.43,D
-13.58608,26.74459,343.59,0.45,0.47,2026-10-03,1210,N21,VIIRS,n,2.0NRT,309.21,6.04,D
-13.58536,26.74867,338.71,0.45,0.47,2026-10-03,1210,N21,VIIRS,n,2.0NRT,310.63,9.32,D
-13.58332,24.39686,348.82,0.49,0.4,2026-10-03,1210,N21,VIIRS,n,2.0NRT,317.63,14.19,D
-13.58256,26.73967,334.13,0.45,0.47,2026-10-03,1210,N21,VIIRS,n,2.0NRT,306.26,6.04,D
-13.58184,26.74375,335.72,0.45,0.47,2026-10-03,1210,N21,VIIRS,n,2.0NRT,305.69,6.04,D
-13.57572,27.83084,334.24,0.53,0.5,2026-10-03,1210,N21,VIIRS,l,2.0NRT,308.14,2.77,D
-13.57308,24.46626,341.24,0.49,0.41,2026-10-03,1210,N21,VIIRS,l,2.0NRT,312.84,8.25,D
-13.56377,24.91769,340.76,0.52,0.42,2026-10-03,1210,N21,VIIRS,n,2.0NRT,312.19,5.03,D
-13.5611,24.95645,337.69,0.52,0.42,2026-10-03,1210,N21,VIIRS,l,2.0NRT,308.66,4.77,D
-13.55811,24.95098,341.56,0.52,0.42,2026-10-03,1210,N21,VIIRS,l,2.0NRT,312.07,9.9,D
-13.55431,24.9503,346.77,0.52,0.42,2026-10-03,1210,N21,VIIRS,n,2.0NRT,311.18,6.89,D
-13.54582,24.42409,345.79,0.49,0.4,2026-10-03,1210,N21,VIIRS,l,2.0NRT,317.81,15.2,D
-13.53346,24.09093,367,0.47,0.4,2026-10-03,1210,N21,VIIRS,h,2.0NRT,328.43,101.58,D
-13.52598,25.70147,335.79,0.39,0.44,2026-10-03,1210,N21,VIIRS,l,2.0NRT,309.09,2.51,D
-13.51953,27.72331,345.63,0.52,0.5,2026-10-03,1210,N21,VIIRS,n,2.0NRT,307.08,24.36,D
-13.51585,27.71774,334.07,0.52,0.5,2026-10-03,1210,N21,VIIRS,n,2.0NRT,303.73,24.36,D
-13.51499,27.72245,355.63,0.52,0.5,2026-10-03,1210,N21,VIIRS,n,2.0NRT,311.17,24.36,D
-13.51478,24.56357,339.95,0.5,0.41,2026-10-03,1210,N21,VIIRS,l,2.0NRT,313.8,19.58,D
-13.51112,24.24813,316.62,0.48,0.4,2026-10-03,1210,N21,VIIRS,l,2.0NRT,317.29,32.43,D
-13.51037,24.25253,350.76,0.48,0.4,2026-10-03,1210,N21,VIIRS,n,2.0NRT,314.05,32.43,D
-13.51035,24.14059,336.32,0.48,0.4,2026-10-03,1210,N21,VIIRS,l,2.0NRT,311.09,9.21,D
-13.50596,25.0717,337.21,0.53,0.42,2026-10-03,1210,N21,VIIRS,l,2.0NRT,312.07,4.17,D
-13.49335,24.64507,342.15,0.51,0.41,2026-10-03,1210,N21,VIIRS,n,2.0NRT,312.03,5.12,D
-13.49133,25.94777,341.03,0.4,0.44,2026-10-03,1210,N21,VIIRS,n,2.0NRT,309.98,5.91,D
-13.49039,24.63978,341.38,0.51,0.41,2026-10-03,1210,N21,VIIRS,n,2.0NRT,313.26,6.08,D
-13.48961,24.64439,340.63,0.51,0.41,2026-10-03,1210,N21,VIIRS,n,2.0NRT,313.25,10.42,D
-13.48917,26.08047,336.96,0.41,0.45,2026-10-03,1210,N21,VIIRS,n,2.0NRT,306.92,5.46,D
-13.48841,24.60603,346.77,0.5,0.41,2026-10-03,1210,N21,VIIRS,n,2.0NRT,310.77,6.27,D
-13.48665,24.6391,340.33,0.51,0.41,2026-10-03,1210,N21,VIIRS,l,2.0NRT,311.29,6.08,D
-13.45789,27.90557,342.76,0.54,0.5,2026-10-03,1210,N21,VIIRS,n,2.0NRT,308.38,9.37,D
-13.4504,25.3693,335.85,0.56,0.43,2026-10-03,1210,N21,VIIRS,l,2.0NRT,310.13,9.04,D
-13.43797,26.84103,354.63,0.46,0.47,2026-10-03,1210,N21,VIIRS,n,2.0NRT,310.6,18.95,D
-13.42793,24.59208,341.6,0.5,0.41,2026-10-03,1210,N21,VIIRS,n,2.0NRT,315.41,6.14,D
-13.42182,23.90427,338.56,0.47,0.39,2026-10-03,1210,N21,VIIRS,n,2.0NRT,309.33,6.74,D
-13.41911,23.94328,336.11,0.47,0.4,2026-10-03,1210,N21,VIIRS,l,2.0NRT,311.03,4.73,D
-13.41549,23.94265,341.23,0.47,0.4,2026-10-03,1210,N21,VIIRS,l,2.0NRT,312.04,4.73,D
-13.41373,25.95982,367,0.4,0.44,2026-10-03,1210,N21,VIIRS,h,2.0NRT,312.42,14.26,D
-13.41119,26.696,334.79,0.45,0.47,2026-10-03,1210,N21,VIIRS,n,2.0NRT,306.97,3.87,D
-13.40927,26.68757,342.27,0.45,0.47,2026-10-03,1210,N21,VIIRS,n,2.0NRT,304.73,7.37,D
-13.40856,26.69163,367,0.45,0.47,2026-10-03,1210,N21,VIIRS,h,2.0NRT,307.89,10.61,D
-13.40843,26.68705,333.82,0.45,0.47,2026-10-03,1210,N21,VIIRS,n,2.0NRT,303.96,1.73,D
-13.40785,26.69569,341.94,0.45,0.47,2026-10-03,1210,N21,VIIRS,n,2.0NRT,305.44,10.61,D
-13.40769,26.6911,367,0.45,0.47,2026-10-03,1210,N21,VIIRS,h,2.0NRT,307.51,9.33,D
-13.40734,28.04931,352.57,0.55,0.51,2026-10-03,1210,N21,VIIRS,n,2.0NRT,312.84,26.32,D
-13.40696,26.69515,341.61,0.45,0.47,2026-10-03,1210,N21,VIIRS,n,2.0NRT,305.39,9.33,D
-13.40655,24.1102,341.27,0.48,0.4,2026-10-03,1210,N21,VIIRS,l,2.0NRT,315.7,12.51,D
-13.40622,23.97632,346.36,0.47,0.4,2026-10-03,1210,N21,VIIRS,n,2.0NRT,315.87,8.54,D
-13.40363,28.06921,343.2,0.55,0.51,2026-10-03,1210,N21,VIIRS,n,2.0NRT,309.46,5.31,D
-13.40184,27.19388,333.1,0.48,0.48,2026-10-03,1210,N21,VIIRS,n,2.0NRT,303.27,2.6,D
-13.39171,25.38227,343.12,0.56,0.43,2026-10-03,1210,N21,VIIRS,n,2.0NRT,307.2,8.7,D
-13.38475,25.3758,337.79,0.56,0.43,2026-10-03,1210,N21,VIIRS,l,2.0NRT,310.48,7.85,D
-13.37159,24.0502,338.03,0.47,0.4,2026-10-03,1210,N21,VIIRS,l,2.0NRT,309.51,5.43,D
-13.3691,28.13913,338.88,0.56,0.51,2026-10-03,1210,N21,VIIRS,n,2.0NRT,308.04,4.99,D
-13.36842,26.42658,338.7,0.43,0.46,2026-10-03,1210,N21,VIIRS,n,2.0NRT,308.23,16.89,D
-13.36796,24.04956,349.77,0.47,0.4,2026-10-03,1210,N21,VIIRS,n,2.0NRT,309.98,5.43,D
-13.36771,26.43053,355.34,0.43,0.46,2026-10-03,1210,N21,VIIRS,n,2.0NRT,314.57,16.89,D
-13.36706,25.26844,336.15,0.55,0.43,2026-10-03,1210,N21,VIIRS,l,2.0NRT,309.54,5.22,D
-13.36621,28.13997,334.46,0.56,0.51,2026-10-03,1210,N21,VIIRS,l,2.0NRT,308.77,6.3,D
-13.3636,25.93563,333.19,0.4,0.44,2026-10-03,1210,N21,VIIRS,l,2.0NRT,307.6,5.06,D
-13.36353,26.42977,346.23,0.43,0.46,2026-10-03,1210,N21,VIIRS,n,2.0NRT,310.35,5.32,D
-13.36317,25.26775,334.89,0.55,0.43,2026-10-03,1210,N21,VIIRS,n,2.0NRT,308.43,5.22,D
-13.36282,26.43372,338.43,0.43,0.46,2026-10-03,1210,N21,VIIRS,n,2.0NRT,306.49,2.99,D
-13.36005,26.42512,342.26,0.43,0.46,2026-10-03,1210,N21,VIIRS,n,2.0NRT,308.46,5.32,D
-13.35834,27.15839,340.92,0.48,0.48,2026-10-03,1210,N21,VIIRS,n,2.0NRT,308.71,5.06,D
-13.35749,24.38448,346.92,0.49,0.4,2026-10-03,1210,N21,VIIRS,n,2.0NRT,313.51,6.18,D
-13.35245,24.7418,344.62,0.51,0.41,2026-10-03,1210,N21,VIIRS,l,2.0NRT,315.25,7.46,D
-13.34785,25.81276,344.69,0.39,0.44,2026-10-03,1210,N21,VIIRS,l,2.0NRT,315.03,10.79,D
-13.34721,25.81637,349.02,0.39,0.44,2026-10-03,1210,N21,VIIRS,n,2.0NRT,312.69,9.89,D
-13.34695,25.8122,343.66,0.4,0.44,2026-10-03,1210,N21,VIIRS,n,2.0NRT,317.42,20.07,D
-13.34633,25.81583,367,0.4,0.44,2026-10-03,1210,N21,VIIRS,h,2.0NRT,315.92,23.98,D
-13.34562,26.25503,343.58,0.42,0.45,2026-10-03,1210,N21,VIIRS,n,2.0NRT,305.6,4.98,D
-13.34384,25.81198,344.67,0.39,0.44,2026-10-03,1210,N21,VIIRS,n,2.0NRT,312.16,10.79,D
-13.3432,25.81561,350.36,0.39,0.44,2026-10-03,1210,N21,VIIRS,n,2.0NRT,309.42,9.89,D
-13.34148,26.2543,346.46,0.42,0.45,2026-10-03,1210,N21,VIIRS,n,2.0NRT,307.36,4.98,D
-13.33988,28.06081,340.04,0.55,0.51,2026-10-03,1210,N21,VIIRS,n,2.0NRT,307.34,5.09,D
-13.33335,28.04387,340.7,0.55,0.51,2026-10-03,1210,N21,VIIRS,n,2.0NRT,305.93,3.56,D
-13.32595,25.95918,336.75,0.4,0.44,2026-10-03,1210,N21,VIIRS,l,2.0NRT,308.14,5.31,D
-13.32501,24.76583,335.09,0.52,0.41,2026-10-03,1210,N21,VIIRS,l,2.0NRT,308.84,7.12,D
-13.31822,26.63265,341.72,0.44,0.46,2026-10-03,1210,N21,VIIRS,n,2.0NRT,307.57,19.25,D
-13.31338,26.34119,341.94,0.43,0.46,2026-10-03,1210,N21,VIIRS,n,2.0NRT,309.46,9.96,D
-13.30665,27.882,343.89,0.54,0.51,2026-10-03,1210,N21,VIIRS,n,2.0NRT,308.02,10.11,D
-13.3054,27.88463,342.6,0.54,0.51,2026-10-03,1210,N21,VIIRS,n,2.0NRT,308.04,8.98,D
-13.30232,26.5517,343.03,0.44,0.46,2026-10-03,1210,N21,VIIRS,l,2.0NRT,314.42,19.96,D
-13.30126,23.88472,334.84,0.47,0.39,2026-10-03,1210,N21,VIIRS,l,2.0NRT,306.11,5.93,D
-13.29766,23.88409,351.27,0.47,0.39,2026-10-03,1210,N21,VIIRS,n,2.0NRT,314.63,9.26,D
-13.29695,23.88836,343.32,0.47,0.39,2026-10-03,1210,N21,VIIRS,n,2.0NRT,310.38,9.26,D
-13.29328,28.10392,332.27,0.55,0.51,2026-10-03,1210,N21,VIIRS,l,2.0NRT,302.85,2.98,D
-13.28908,25.44036,334.99,0.56,0.43,2026-10-03,1210,N21,VIIRS,l,2.0NRT,307.36,1.38,D
-13.28014,26.70308,330.53,0.45,0.47,2026-10-03,1210,N21,VIIRS,l,2.0NRT,305.13,2.32,D
-13.27977,24.26003,340.74,0.49,0.4,2026-10-03,1210,N21,VIIRS,l,2.0NRT,311.74,11.13,D
-13.2765,24.26147,344.81,0.49,0.4,2026-10-03,1210,N21,VIIRS,n,2.0NRT,313.62,10.49,D
-13.27576,24.26591,346.76,0.49,0.4,2026-10-03,1210,N21,VIIRS,n,2.0NRT,314.06,6.16,D
-13.27301,26.71858,337.98,0.45,0.47,2026-10-03,1210,N21,VIIRS,n,2.0NRT,300.81,6.17,D
-13.27019,26.70959,340.46,0.45,0.47,2026-10-03,1210,N21,VIIRS,n,2.0NRT,303.97,9.49,D
-13.26947,26.71366,367,0.45,0.47,2026-10-03,1210,N21,VIIRS,h,2.0NRT,304.92,9.49,D
-13.26341,28.06895,341.43,0.55,0.51,2026-10-03,1210,N21,VIIRS,n,2.0NRT,306.01,8.64,D
-13.26168,28.06616,342.64,0.55,0.51,2026-10-03,1210,N21,VIIRS,n,2.0NRT,307.38,13.61,D
-13.2551,24.92761,344.93,0.53,0.42,2026-10-03,1210,N21,VIIRS,n,2.0NRT,310.5,14.75,D
-13.2515,24.67252,347.08,0.51,0.41,2026-10-03,1210,N21,VIIRS,n,2.0NRT,318.68,12.15,D
-13.24997,24.59091,340.42,0.51,0.41,2026-10-03,1210,N21,VIIRS,l,2.0NRT,312.56,4.49,D
-13.23905,26.54,340.73,0.44,0.46,2026-10-03,1210,N21,VIIRS,n,2.0NRT,304.72,5.33,D
-13.22427,25.37012,343.67,0.56,0.43,2026-10-03,1210,N21,VIIRS,n,2.0NRT,308.83,20.53,D
-13.2242,27.99338,335.42,0.55,0.51,2026-10-03,1210,N21,VIIRS,l,2.0NRT,305.86,4.78,D
-13.21164,27.14256,343.18,0.48,0.48,2026-10-03,1210,N21,VIIRS,n,2.0NRT,307.09,6.39,D
-13.21138,27.83441,330.99,0.54,0.5,2026-10-03,1210,N21,VIIRS,l,2.0NRT,305.11,3.33,D
-13.21118,27.14484,339.28,0.48,0.48,2026-10-03,1210,N21,VIIRS,n,2.0NRT,305.29,3.24,D
-13.21051,27.83932,332.6,0.54,0.5,2026-10-03,1210,N21,VIIRS,l,2.0NRT,305.24,3.33,D
-13.21009,27.83726,344.12,0.53,0.5,2026-10-03,1210,N21,VIIRS,n,2.0NRT,307.04,8.36,D
-13.20445,23.9925,346.46,0.47,0.4,2026-10-03,1210,N21,VIIRS,n,2.0NRT,311.84,11.64,D
-13.20413,24.33156,334.43,0.49,0.4,2026-10-03,1210,N21,VIIRS,n,2.0NRT,306.02,3.84,D
-13.20374,23.9968,342.75,0.47,0.4,2026-10-03,1210,N21,VIIRS,n,2.0NRT,310.48,11.64,D
-13.2012,27.73271,340.75,0.53,0.5,2026-10-03,1210,N21,VIIRS,n,2.0NRT,304.92,8.09,D
-13.20044,24.3309,339.85,0.49,0.4,2026-10-03,1210,N21,VIIRS,n,2.0NRT,308.79,7.58,D
-13.19689,26.16725,332.82,0.42,0.45,2026-10-03,1210,N21,VIIRS,l,2.0NRT,306.08,5.68,D
-13.19188,25.06706,347.49,0.54,0.42,2026-10-03,1210,N21,VIIRS,n,2.0NRT,311.47,14.02,D
-13.18062,26.65071,339.85,0.45,0.47,2026-10-03,1210,N21,VIIRS,n,2.0NRT,303.43,1.57,D
-13.18051,27.4607,332.85,0.51,0.49,2026-10-03,1210,N21,VIIRS,l,2.0NRT,306.31,3.63,D
-13.17745,25.33833,347.08,0.56,0.43,2026-10-03,1210,N21,VIIRS,n,2.0NRT,308.4,10.04,D
-13.177,27.78802,339,0.53,0.5,2026-10-03,1210,N21,VIIRS,n,2.0NRT,306.58,33.5,D
-13.1764,24.16295,341.44,0.48,0.4,2026-10-03,1210,N21,VIIRS,n,2.0NRT,310.97,4.2,D
-13.17611,27.79289,341.9,0.53,0.5,2026-10-03,1210,N21,VIIRS,n,2.0NRT,308.23,33.5,D
-13.16599,23.97678,342.21,0.47,0.4,2026-10-03,1210,N21,VIIRS,n,2.0NRT,311.15,11.51,D
-13.15982,25.09168,339.39,0.54,0.42,2026-10-03,1210,N21,VIIRS,l,2.0NRT,312.93,9.83,D
-13.15289,25.68312,343.6,0.39,0.44,2026-10-03,1210,N21,VIIRS,n,2.0NRT,311.25,7.04,D
-13.15077,24.02321,339.76,0.47,0.4,2026-10-03,1210,N21,VIIRS,l,2.0NRT,314.48,37.12,D
-13.14468,26.58123,340.61,0.44,0.46,2026-10-03,1210,N21,VIIRS,n,2.0NRT,305.76,21.99,D
-13.13694,26.5756,341.78,0.44,0.46,2026-10-03,1210,N21,VIIRS,n,2.0NRT,308.7,24.28,D
-13.13621,26.57966,340.86,0.44,0.46,2026-10-03,1210,N21,VIIRS,n,2.0NRT,303.3,24.28,D
-13.12676,27.56772,335.55,0.52,0.5,2026-10-03,1210,N21,VIIRS,n,2.0NRT,304.15,6.37,D
-13.1261,23.96979,341.72,0.47,0.4,2026-10-03,1210,N21,VIIRS,l,2.0NRT,312.97,23.9,D
-13.12607,27.65372,336.62,0.52,0.5,2026-10-03,1210,N21,VIIRS,l,2.0NRT,308.61,6.98,D
-13.12307,27.56226,335.31,0.51,0.5,2026-10-03,1210,N21,VIIRS,n,2.0NRT,303.95,6.59,D
-13.12223,27.5669,345.77,0.52,0.5,2026-10-03,1210,N21,VIIRS,n,2.0NRT,305.2,6.59,D
-13.1118,27.70379,339.54,0.53,0.5,2026-10-03,1210,N21,VIIRS,n,2.0NRT,304.85,3.91,D
-13.11168,27.70557,334.94,0.53,0.5,2026-10-03,1210,N21,VIIRS,n,2.0NRT,303.67,2.52,D
-13.10582,26.77376,338.03,0.46,0.47,2026-10-03,1210,N21,VIIRS,n,2.0NRT,303.93,5.78,D
-13.08819,24.76484,336.56,0.52,0.42,2026-10-03,1210,N21,VIIRS,n,2.0NRT,307.72,4.84,D
-13.08817,27.59992,330.27,0.52,0.5,2026-10-03,1210,N21,VIIRS,l,2.0NRT,302.43,1.86,D
-13.08723,24.7677,333.82,0.52,0.41,2026-10-03,1210,N21,VIIRS,l,2.0NRT,305.19,4.46,D
-13.0838,23.92784,348,0.47,0.4,2026-10-03,1210,N21,VIIRS,n,2.0NRT,312.16,12.23,D
-13.08308,23.93217,367,0.47,0.4,2026-10-03,1210,N21,VIIRS,h,2.0NRT,316.16,12.23,D
-13.07865,25.25545,333.09,0.55,0.43,2026-10-03,1210,N21,VIIRS,l,2.0NRT,307.37,6.76,D
-13.07679,27.1365,351.51,0.48,0.48,2026-10-03,1210,N21,VIIRS,n,2.0NRT,305.48,7.91,D
-13.06207,23.92403,355.59,0.47,0.4,2026-10-03,1210,N21,VIIRS,n,2.0NRT,313.08,22.45,D
-13.05868,24.66228,330.91,0.51,0.41,2026-10-03,1210,N21,VIIRS,l,2.0NRT,304.68,4.61,D
-13.05491,24.66161,345.34,0.51,0.41,2026-10-03,1210,N21,VIIRS,n,2.0NRT,305.35,4.61,D
-13.05114,24.66094,346.08,0.51,0.41,2026-10-03,1210,N21,VIIRS,n,2.0NRT,307.73,21.59,D
-13.05053,26.57204,330.23,0.45,0.47,2026-10-03,1210,N21,VIIRS,l,2.0NRT,304.03,3.54,D
-13.05044,25.93044,339.51,0.41,0.45,2026-10-03,1210,N21,VIIRS,n,2.0NRT,305.9,3.51,D
-13.04637,25.92973,331.79,0.41,0.45,2026-10-03,1210,N21,VIIRS,l,2.0NRT,305.69,3.51,D
-13.0411,24.14012,341.13,0.48,0.4,2026-10-03,1210,N21,VIIRS,l,2.0NRT,311.57,8.26,D
-13.04037,24.14453,337.36,0.48,0.4,2026-10-03,1210,N21,VIIRS,n,2.0NRT,308.6,4.52,D
-13.03817,24.13506,338.46,0.48,0.4,2026-10-03,1210,N21,VIIRS,l,2.0NRT,310.65,4.95,D
-13.03744,24.13946,339.51,0.48,0.4,2026-10-03,1210,N21,VIIRS,n,2.0NRT,309.23,4.95,D
-13.03671,24.14387,342.36,0.48,0.4,2026-10-03,1210,N21,VIIRS,n,2.0NRT,310.28,6.49,D
-13.03598,24.12563,346.77,0.48,0.4,2026-10-03,1210,N21,VIIRS,n,2.0NRT,312.57,9.69,D
-13.03529,23.99499,342.92,0.47,0.4,2026-10-03,1210,N21,VIIRS,n,2.0NRT,313.66,30.52,D
-13.03198,24.35479,336.61,0.5,0.41,2026-10-03,1210,N21,VIIRS,n,2.0NRT,307.45,10.35,D
-13.03123,24.35932,346.48,0.5,0.41,2026-10-03,1210,N21,VIIRS,n,2.0NRT,310.78,10.35,D
-13.02562,26.73717,337.16,0.46,0.47,2026-10-03,1210,N21,VIIRS,n,2.0NRT,304.54,3.92,D
-13.0129,24.28642,349.66,0.49,0.4,2026-10-03,1210,N21,VIIRS,n,2.0NRT,309.79,5.19,D
-13.01216,24.2909,334.31,0.49,0.4,2026-10-03,1210,N21,VIIRS,l,2.0NRT,306.25,5.19,D
-13.01063,25.08609,338.06,0.54,0.42,2026-10-03,1210,N21,VIIRS,l,2.0NRT,311.81,5.65,D
-13.00974,24.3509,346.37,0.5,0.41,2026-10-03,1210,N21,VIIRS,n,2.0NRT,310.37,16.06,D
-13.00846,24.29024,333.92,0.49,0.4,2026-10-03,1210,N21,VIIRS,l,2.0NRT,307.87,5.19,D
-13.00345,25.88772,334.37,0.4,0.45,2026-10-03,1210,N21,VIIRS,l,2.0NRT,304.53,4.17,D
-13.00337,25.88832,333.98,0.4,0.45,2026-10-03,1210,N21,VIIRS,l,2.0NRT,305.29,3.47,D
-12.998,27.17279,343.98,0.49,0.48,2026-10-03,1210,N21,VIIRS,n,2.0NRT,309.02,7.15,D
-12.99749,27.17179,337.42,0.49,0.48,2026-10-03,1210,N21,VIIRS,n,2.0NRT,309.88,13.6,D
-12.99667,27.17627,342.27,0.49,0.48,2026-10-03,1210,N21,VIIRS,n,2.0NRT,307.27,13.6,D
-12.99358,27.17197,342.83,0.49,0.48,2026-10-03,1210,N21,VIIRS,n,2.0NRT,306.19,12.85,D
-12.99187,26.82658,339.65,0.46,0.47,2026-10-03,1210,N21,VIIRS,n,2.0NRT,303.77,5.15,D
-12.98719,24.41702,345.49,0.5,0.41,2026-10-03,1210,N21,VIIRS,n,2.0NRT,310.32,18.85,D
-12.98642,24.42159,332.47,0.5,0.41,2026-10-03,1210,N21,VIIRS,l,2.0NRT,303.32,7.27,D
-12.98639,27.81846,331.29,0.54,0.51,2026-10-03,1210,N21,VIIRS,l,2.0NRT,301.7,2.24,D
-12.9827,24.42093,343.68,0.5,0.41,2026-10-03,1210,N21,VIIRS,n,2.0NRT,313,29.63,D
-12.97781,24.99889,344.15,0.54,0.42,2026-10-03,1210,N21,VIIRS,n,2.0NRT,311.27,16.7,D
-12.97397,24.99817,342.96,0.54,0.42,2026-10-03,1210,N21,VIIRS,l,2.0NRT,316.68,16.7,D
-12.97128,24.92193,346.99,0.53,0.42,2026-10-03,1210,N21,VIIRS,n,2.0NRT,309.14,70.13,D
-12.96995,24.00364,346.63,0.48,0.4,2026-10-03,1210,N21,VIIRS,n,2.0NRT,309.67,20.2,D
-12.96829,24.9164,335.11,0.53,0.42,2026-10-03,1210,N21,VIIRS,l,2.0NRT,307.01,6.97,D
-12.96745,24.92126,351.68,0.53,0.42,2026-10-03,1210,N21,VIIRS,n,2.0NRT,310.26,17.44,D
-12.96661,24.92612,346.8,0.53,0.42,2026-10-03,1210,N21,VIIRS,n,2.0NRT,307.88,17.44,D
-12.96631,24.003,346.57,0.48,0.4,2026-10-03,1210,N21,VIIRS,n,2.0NRT,307.09,9.44,D
-12.96446,24.91574,345.56,0.53,0.42,2026-10-03,1210,N21,VIIRS,n,2.0NRT,309.88,6.97,D
-12.96194,24.00673,342.49,0.48,0.4,2026-10-03,1210,N21,VIIRS,n,2.0NRT,306.88,9.92,D
-12.96179,24.91734,335.9,0.53,0.42,2026-10-03,1210,N21,VIIRS,n,2.0NRT,307.41,6.06,D
-12.96006,26.90379,341.33,0.47,0.48,2026-10-03,1210,N21,VIIRS,n,2.0NRT,304.4,9.35,D
-12.957,25.84177,341.52,0.4,0.44,2026-10-03,1210,N21,VIIRS,n,2.0NRT,305.07,7.28,D
-12.95454,23.91616,337.85,0.47,0.4,2026-10-03,1210,N21,VIIRS,l,2.0NRT,308.15,6.98,D
-12.9531,23.92478,347.17,0.47,0.4,2026-10-03,1210,N21,VIIRS,n,2.0NRT,309.04,8.31,D
-12.95294,25.84107,332.77,0.4,0.44,2026-10-03,1210,N21,VIIRS,l,2.0NRT,303.87,7.28,D
-12.95238,23.9291,333.26,0.47,0.4,2026-10-03,1210,N21,VIIRS,l,2.0NRT,307.67,8.31,D
-12.95037,24.07657,333.79,0.48,0.4,2026-10-03,1210,N21,VIIRS,l,2.0NRT,305.8,3.83,D
-12.94729,23.91489,338.11,0.47,0.4,2026-10-03,1210,N21,VIIRS,l,2.0NRT,309.46,16.08,D
-12.9421,27.7274,341.44,0.53,0.5,2026-10-03,1210,N21,VIIRS,n,2.0NRT,306.86,15.45,D
-12.94142,25.83527,334.77,0.4,0.44,2026-10-03,1210,N21,VIIRS,l,2.0NRT,306.64,4.39,D
-12.93712,26.62303,335.38,0.45,0.47,2026-10-03,1210,N21,VIIRS,l,2.0NRT,308.08,6.38,D
-12.92548,24.13558,335.35,0.48,0.4,2026-10-03,1210,N21,VIIRS,l,2.0NRT,309.81,5.93,D
-12.92366,24.67843,341.38,0.52,0.41,2026-10-03,1210,N21,VIIRS,n,2.0NRT,308.24,13.9,D
-12.92019,24.21273,342.36,0.49,0.4,2026-10-03,1210,N21,VIIRS,n,2.0NRT,310.11,8.76,D
-12.91904,27.07986,345.53,0.48,0.48,2026-10-03,1210,N21,VIIRS,n,2.0NRT,304.89,6.28,D
-12.91051,26.8736,340.92,0.47,0.48,2026-10-03,1210,N21,VIIRS,n,2.0NRT,305.77,5.53,D
-12.89783,27.76491,336.06,0.54,0.51,2026-10-03,1210,N21,VIIRS,n,2.0NRT,303.88,6.11,D
-12.89163,25.90603,351.3,0.41,0.45,2026-10-03,1210,N21,VIIRS,n,2.0NRT,312.88,28.8,D
-12.89111,25.9063,349.74,0.41,0.45,2026-10-03,1210,N21,VIIRS,n,2.0NRT,312.51,28.17,D
-12.88692,25.90899,351.28,0.41,0.45,2026-10-03,1210,N21,VIIRS,n,2.0NRT,313.49,21.79,D
-12.88629,25.91269,338.82,0.41,0.45,2026-10-03,1210,N21,VIIRS,n,2.0NRT,305.45,11.05,D
-12.88565,25.91641,335.49,0.41,0.45,2026-10-03,1210,N21,VIIRS,n,2.0NRT,304.87,11.05,D
-12.88285,25.90824,344.88,0.41,0.45,2026-10-03,1210,N21,VIIRS,l,2.0NRT,315.96,21.79,D
-12.86168,24.2669,337.09,0.49,0.4,2026-10-03,1210,N21,VIIRS,l,2.0NRT,310.83,3.98,D
-12.8612,27.47189,341.3,0.51,0.5,2026-10-03,1210,N21,VIIRS,n,2.0NRT,305.13,13.97,D
-12.85799,24.26626,338.57,0.49,0.4,2026-10-03,1210,N21,VIIRS,l,2.0NRT,310.35,3.98,D
-12.83275,24.3919,339.07,0.5,0.41,2026-10-03,1210,N21,VIIRS,n,2.0NRT,305.11,6.87,D
-12.83094,24.39291,330.88,0.5,0.41,2026-10-03,1210,N21,VIIRS,n,2.0NRT,303.36,3.48,D
-12.83041,24.40563,337.98,0.5,0.41,2026-10-03,1210,N21,VIIRS,n,2.0NRT,301.11,4.46,D
-12.82907,27.30551,332.42,0.5,0.49,2026-10-03,1210,N21,VIIRS,l,2.0NRT,307.25,9.96,D
-12.8247,26.81933,334.98,0.47,0.47,2026-10-03,1210,N21,VIIRS,n,2.0NRT,304.53,5.23,D
-12.82389,25.74232,346.6,0.4,0.44,2026-10-03,1210,N21,VIIRS,n,2.0NRT,310.46,10.69,D
-12.8226,27.29009,342.08,0.5,0.49,2026-10-03,1210,N21,VIIRS,n,2.0NRT,304.88,15.23,D
-12.81833,25.89249,337.24,0.41,0.45,2026-10-03,1210,N21,VIIRS,l,2.0NRT,310.04,2.57,D
-12.8079,23.87347,339.65,0.47,0.4,2026-10-03,1210,N21,VIIRS,n,2.0NRT,309.24,5.94,D
-12.80704,23.87448,338.06,0.47,0.4,2026-10-03,1210,N21,VIIRS,n,2.0NRT,308.28,3.88,D
-12.80557,24.04316,334.8,0.48,0.4,2026-10-03,1210,N21,VIIRS,l,2.0NRT,307.24,21.24,D
-12.80449,26.31289,347.09,0.43,0.46,2026-10-03,1210,N21,VIIRS,n,2.0NRT,302.67,8.36,D
-12.80266,24.0381,335.88,0.48,0.4,2026-10-03,1210,N21,VIIRS,l,2.0NRT,308.53,20.8,D
-12.80192,24.0425,338.88,0.48,0.4,2026-10-03,1210,N21,VIIRS,l,2.0NRT,311.35,21.24,D
-12.79901,24.03743,337.12,0.48,0.4,2026-10-03,1210,N21,VIIRS,n,2.0NRT,309.46,8,D
-12.79458,24.06375,331.92,0.48,0.4,2026-10-03,1210,N21,VIIRS,n,2.0NRT,302.62,4.02,D
-12.79387,24.31658,338.11,0.5,0.41,2026-10-03,1210,N21,VIIRS,n,2.0NRT,308.08,15.81,D
-12.79236,24.32564,345.05,0.5,0.41,2026-10-03,1210,N21,VIIRS,n,2.0NRT,306.58,14.05,D
-12.78351,25.82848,342.22,0.4,0.45,2026-10-03,1210,N21,VIIRS,n,2.0NRT,308.44,16.53,D
-12.78306,25.2639,341.98,0.56,0.43,2026-10-03,1210,N21,VIIRS,n,2.0NRT,307.12,7.93,D
-12.78289,25.83215,351.6,0.4,0.45,2026-10-03,1210,N21,VIIRS,n,2.0NRT,312.94,27.91,D
-12.78251,25.26535,343.71,0.56,0.43,2026-10-03,1210,N21,VIIRS,n,2.0NRT,307.51,6.53,D
-12.77946,25.82771,341.86,0.4,0.45,2026-10-03,1210,N21,VIIRS,n,2.0NRT,308.65,16.53,D
-12.77883,25.83137,342.05,0.4,0.45,2026-10-03,1210,N21,VIIRS,n,2.0NRT,307.7,27.91,D
-12.77805,26.51516,341.49,0.45,0.47,2026-10-03,1210,N21,VIIRS,n,2.0NRT,304.75,10.6,D
-12.77216,25.2567,345.62,0.56,0.43,2026-10-03,1210,N21,VIIRS,n,2.0NRT,307.51,9.46,D
-12.75733,27.73066,342.29,0.54,0.51,2026-10-03,1210,N21,VIIRS,n,2.0NRT,302.6,12.71,D
-12.74682,25.35828,334.43,0.57,0.43,2026-10-03,1210,N21,VIIRS,n,2.0NRT,304.41,11.86,D
-12.74529,26.16052,333.66,0.42,0.45,2026-10-03,1210,N21,VIIRS,n,2.0NRT,302.42,5.1,D
-12.7446,26.1644,339.79,0.42,0.46,2026-10-03,1210,N21,VIIRS,n,2.0NRT,302.8,5.1,D
-12.74429,24.12008,341.01,0.49,0.4,2026-10-03,1210,N21,VIIRS,n,2.0NRT,306.39,6.86,D
-12.74358,26.16016,333.1,0.42,0.46,2026-10-03,1210,N21,VIIRS,n,2.0NRT,302.41,2.59,D
-12.74291,26.16405,332.95,0.42,0.46,2026-10-03,1210,N21,VIIRS,n,2.0NRT,301.88,2.59,D
-12.73421,26.89903,338.04,0.47,0.48,2026-10-03,1210,N21,VIIRS,n,2.0NRT,300.94,16.78,D
-12.72985,26.89828,351.2,0.47,0.48,2026-10-03,1210,N21,VIIRS,n,2.0NRT,310.9,16.78,D
-12.7056,23.85653,347.6,0.47,0.4,2026-10-03,1210,N21,VIIRS,n,2.0NRT,310.33,7.28,D
-12.68639,27.67663,341.4,0.53,0.5,2026-10-03,1210,N21,VIIRS,n,2.0NRT,304.29,7.78,D
-12.67525,25.87493,349.78,0.41,0.45,2026-10-03,1210,N21,VIIRS,n,2.0NRT,303.34,6.07,D
-12.67462,25.87864,340.44,0.41,0.45,2026-10-03,1210,N21,VIIRS,n,2.0NRT,303.75,6.07,D
-12.6705,26.28372,343.28,0.43,0.46,2026-10-03,1210,N21,VIIRS,n,2.0NRT,300.27,7.84,D
-12.6663,26.28302,346,0.43,0.46,2026-10-03,1210,N21,VIIRS,n,2.0NRT,304.18,7.84,D
-12.65964,24.15086,335.16,0.49,0.4,2026-10-03,1210,N21,VIIRS,n,2.0NRT,303.43,6.24,D
-12.65898,24.28981,338.76,0.5,0.41,2026-10-03,1210,N21,VIIRS,l,2.0NRT,310.82,6.94,D
-12.65156,24.28848,346.96,0.5,0.41,2026-10-03,1210,N21,VIIRS,n,2.0NRT,311.98,16.8,D
-12.65079,24.29301,335.75,0.5,0.41,2026-10-03,1210,N21,VIIRS,l,2.0NRT,308.95,6.34,D
-12.65002,24.29755,331.61,0.5,0.41,2026-10-03,1210,N21,VIIRS,l,2.0NRT,302.8,6.34,D
-12.64708,24.29234,339.87,0.5,0.41,2026-10-03,1210,N21,VIIRS,n,2.0NRT,304.95,8.23,D
-12.63148,26.53038,334.58,0.45,0.47,2026-10-03,1210,N21,VIIRS,n,2.0NRT,304.09,7.07,D
-12.61975,23.91903,332.69,0.48,0.4,2026-10-03,1210,N21,VIIRS,n,2.0NRT,305.45,3.03,D
-12.6004,25.84562,340.53,0.41,0.45,2026-10-03,1210,N21,VIIRS,n,2.0NRT,305.73,7.67,D
-12.60012,26.01581,337.24,0.42,0.45,2026-10-03,1210,N21,VIIRS,n,2.0NRT,303.88,3.81,D
-12.59828,26.22301,342.13,0.43,0.46,2026-10-03,1210,N21,VIIRS,n,2.0NRT,305.67,5.74,D
-12.59601,26.01502,335.06,0.42,0.45,2026-10-03,1210,N21,VIIRS,n,2.0NRT,302.61,3.81,D
-12.5921,26.57844,339.76,0.45,0.47,2026-10-03,1210,N21,VIIRS,n,2.0NRT,301.34,4.3,D
-12.58688,26.73228,350.26,0.46,0.47,2026-10-03,1210,N21,VIIRS,n,2.0NRT,304.42,15.11,D
-12.58408,26.72296,340.48,0.46,0.47,2026-10-03,1210,N21,VIIRS,n,2.0NRT,297.3,8.69,D
-12.58406,27.08101,345.38,0.49,0.49,2026-10-03,1210,N21,VIIRS,n,2.0NRT,299.13,8.28,D
-12.58343,27.07978,339.75,0.49,0.48,2026-10-03,1210,N21,VIIRS,n,2.0NRT,300.18,8.97,D
-12.58332,26.72723,332.56,0.46,0.47,2026-10-03,1210,N21,VIIRS,n,2.0NRT,299.32,8.69,D
-12.57976,26.72216,348.76,0.46,0.47,2026-10-03,1210,N21,VIIRS,n,2.0NRT,304.24,8.69,D
-12.57733,25.12162,335.53,0.55,0.43,2026-10-03,1210,N21,VIIRS,n,2.0NRT,301.32,5.4,D
-12.57342,25.12096,337.31,0.55,0.43,2026-10-03,1210,N21,VIIRS,n,2.0NRT,308.17,5.4,D
-12.5734,23.88077,344.77,0.47,0.4,2026-10-03,1210,N21,VIIRS,n,2.0NRT,302.48,8.42,D
-12.572,26.49417,342.85,0.45,0.47,2026-10-03,1210,N21,VIIRS,n,2.0NRT,305.4,7.94,D
-12.57136,27.53018,349.73,0.52,0.5,2026-10-03,1210,N21,VIIRS,n,2.0NRT,301.94,10.82,D
-12.56976,23.88017,344.09,0.47,0.4,2026-10-03,1210,N21,VIIRS,n,2.0NRT,300.85,8.42,D
-12.56919,26.49118,330.03,0.45,0.47,2026-10-03,1210,N21,VIIRS,l,2.0NRT,305,5.75,D
-12.55903,26.07965,337.26,0.42,0.45,2026-10-03,1210,N21,VIIRS,n,2.0NRT,307.02,18.63,D
-12.55887,27.14626,342.02,0.49,0.49,2026-10-03,1210,N21,VIIRS,n,2.0NRT,303.5,11.12,D
-12.55776,27.14481,338.42,0.49,0.49,2026-10-03,1210,N21,VIIRS,n,2.0NRT,301.16,9.55,D
-12.55484,25.91774,335.29,0.41,0.45,2026-10-03,1210,N21,VIIRS,n,2.0NRT,302.08,3.85,D
-12.55384,26.71746,350.2,0.46,0.47,2026-10-03,1210,N21,VIIRS,n,2.0NRT,304.34,8.4,D
-12.55198,27.10742,332.02,0.49,0.49,2026-10-03,1210,N21,VIIRS,n,2.0NRT,302.91,4.26,D
-12.54952,26.7167,337.69,0.46,0.47,2026-10-03,1210,N21,VIIRS,n,2.0NRT,307.07,9.52,D
-12.5401,26.71943,339.16,0.46,0.47,2026-10-03,1210,N21,VIIRS,n,2.0NRT,299.97,8.27,D
-12.53889,26.71697,332.99,0.46,0.47,2026-10-03,1210,N21,VIIRS,n,2.0NRT,299.75,6.12,D
-12.53768,26.27292,339.5,0.43,0.46,2026-10-03,1210,N21,VIIRS,n,2.0NRT,302.77,6.79,D
-12.53417,26.26828,338.9,0.43,0.46,2026-10-03,1210,N21,VIIRS,n,2.0NRT,304.37,6.79,D
-12.53372,26.5181,336.99,0.45,0.47,2026-10-03,1210,N21,VIIRS,n,2.0NRT,303.23,3.56,D
-12.51729,27.09655,339.7,0.49,0.49,2026-10-03,1210,N21,VIIRS,n,2.0NRT,299.68,10.22,D
-12.50917,27.19305,345.29,0.5,0.49,2026-10-03,1210,N21,VIIRS,n,2.0NRT,301.53,11.07,D
-12.50767,26.26751,341.59,0.43,0.46,2026-10-03,1210,N21,VIIRS,n,2.0NRT,296.23,6.46,D
-12.50687,25.63527,331.88,0.4,0.44,2026-10-03,1210,N21,VIIRS,l,2.0NRT,305.99,6.27,D
-12.50441,26.96592,338.16,0.48,0.48,2026-10-03,1210,N21,VIIRS,n,2.0NRT,301.02,5.68,D
-12.5041,26.26689,338.71,0.43,0.46,2026-10-03,1210,N21,VIIRS,n,2.0NRT,301.22,5.09,D
-12.50054,26.60612,341.52,0.46,0.47,2026-10-03,1210,N21,VIIRS,n,2.0NRT,307.55,4.14,D
-12.50008,26.41082,349.49,0.44,0.46,2026-10-03,1210,N21,VIIRS,n,2.0NRT,306.62,16.25,D
-12.47466,26.5282,336.61,0.45,0.47,2026-10-03,1210,N21,VIIRS,n,2.0NRT,304.12,4.41,D
-14.64645,25.37479,318.52,0.5,0.41,2026-10-03,2318,N21,VIIRS,n,2.0NRT,289.56,2.86,N
-14.64564,25.37017,324.07,0.5,0.41,2026-10-03,2318,N21,VIIRS,n,2.0NRT,290.27,2.86,N
-14.64482,25.36554,351.75,0.5,0.41,2026-10-03,2318,N21,VIIRS,n,2.0NRT,293.23,12.18,N
-14.63852,27.3278,306.63,0.41,0.37,2026-10-03,2318,N21,VIIRS,n,2.0NRT,287.57,0.99,N
-14.63155,24.16041,298.38,0.39,0.44,2026-10-03,2318,N21,VIIRS,n,2.0NRT,288.27,1.05,N
-14.63031,24.16122,300.35,0.39,0.44,2026-10-03,2318,N21,VIIRS,n,2.0NRT,288.36,0.97,N
-14.58669,27.95925,299.19,0.4,0.37,2026-10-03,2318,N21,VIIRS,n,2.0NRT,282.08,0.61,N
-14.52416,25.36619,301.57,0.51,0.41,2026-10-03,2318,N21,VIIRS,n,2.0NRT,285.69,0.94,N
-14.43313,27.42525,312.77,0.41,0.37,2026-10-03,2318,N21,VIIRS,n,2.0NRT,285,0.95,N
-14.43036,27.42963,296.28,0.41,0.37,2026-10-03,2318,N21,VIIRS,n,2.0NRT,284.33,0.36,N
-14.42846,27.41823,319.47,0.41,0.37,2026-10-03,2318,N21,VIIRS,n,2.0NRT,285.65,1.39,N
-14.42505,27.41882,300.93,0.41,0.37,2026-10-03,2318,N21,VIIRS,n,2.0NRT,284.79,1.39,N
-14.36095,25.61426,300.1,0.49,0.41,2026-10-03,2318,N21,VIIRS,n,2.0NRT,288.07,1.03,N
-14.30204,24.72999,298.2,0.55,0.43,2026-10-03,2318,N21,VIIRS,n,2.0NRT,287.29,0.68,N
-14.30095,24.72701,344.66,0.55,0.43,2026-10-03,2318,N21,VIIRS,n,2.0NRT,289.74,9.78,N
-14.29815,24.73069,327.35,0.55,0.43,2026-10-03,2318,N21,VIIRS,n,2.0NRT,289.17,4.63,N
-14.29724,24.72559,316.03,0.55,0.43,2026-10-03,2318,N21,VIIRS,n,2.0NRT,288.98,3.51,N
-14.15521,26.03471,303.76,0.47,0.4,2026-10-03,2318,N21,VIIRS,n,2.0NRT,288.15,1.01,N
-13.79597,25.64366,296.76,0.5,0.41,2026-10-03,2318,N21,VIIRS,n,2.0NRT,286.35,0.53,N
-13.79563,27.93356,299.1,0.4,0.37,2026-10-03,2318,N21,VIIRS,n,2.0NRT,287.91,0.53,N
-13.72674,25.87865,301.76,0.49,0.4,2026-10-03,2318,N21,VIIRS,n,2.0NRT,288.49,0.85,N
-13.56687,26.24694,299.05,0.47,0.4,2026-10-03,2318,N21,VIIRS,n,2.0NRT,286.73,0.6,N
-13.5634,27.88865,298.73,0.41,0.37,2026-10-03,2318,N21,VIIRS,n,2.0NRT,287.7,0.5,N
-13.56002,27.88922,310.94,0.41,0.37,2026-10-03,2318,N21,VIIRS,n,2.0NRT,288.75,1.48,N
-13.42943,24.59306,299.32,0.39,0.44,2026-10-03,2318,N21,VIIRS,n,2.0NRT,288.24,0.37,N
-13.39128,27.56886,305.7,0.42,0.37,2026-10-03,2318,N21,VIIRS,n,2.0NRT,287.25,1.17,N
-13.27786,24.6909,310.09,0.38,0.43,2026-10-03,2318,N21,VIIRS,n,2.0NRT,289.73,1.09,N
-13.20045,27.7335,298.09,0.41,0.37,2026-10-03,2318,N21,VIIRS,n,2.0NRT,286.79,0.27,N
-13.19674,23.99921,304.75,0.42,0.45,2026-10-03,2318,N21,VIIRS,n,2.0NRT,287.8,1.22,N
-13.19631,26.16556,304,0.48,0.4,2026-10-03,2318,N21,VIIRS,n,2.0NRT,287.46,0.94,N
-13.15571,26.57144,298.6,0.46,0.39,2026-10-03,2318,N21,VIIRS,n,2.0NRT,285.72,0.45,N
-13.12509,23.96798,298.38,0.43,0.46,2026-10-03,2318,N21,VIIRS,n,2.0NRT,285.89,0.66,N
-13.09867,23.94061,308.25,0.43,0.46,2026-10-03,2318,N21,VIIRS,n,2.0NRT,285.65,1.37,N
-13.07986,23.93197,295.56,0.43,0.46,2026-10-03,2318,N21,VIIRS,n,2.0NRT,284.87,0.85,N
-13.07702,23.91632,307.76,0.43,0.46,2026-10-03,2318,N21,VIIRS,n,2.0NRT,286.76,1.2,N
-13.07569,23.93274,302.71,0.43,0.46,2026-10-03,2318,N21,VIIRS,n,2.0NRT,286.3,0.85,N
-13.07152,23.93351,296.24,0.43,0.46,2026-10-03,2318,N21,VIIRS,n,2.0NRT,286.17,0.84,N
-13.06532,23.92973,296.72,0.43,0.46,2026-10-03,2318,N21,VIIRS,n,2.0NRT,285.35,0.92,N
-13.06246,23.93116,295,0.43,0.46,2026-10-03,2318,N21,VIIRS,n,2.0NRT,284.79,0.3,N
-13.06175,23.92724,297.97,0.43,0.46,2026-10-03,2318,N21,VIIRS,n,2.0NRT,284.99,0.94,N
-13.06103,23.92332,309.49,0.43,0.46,2026-10-03,2318,N21,VIIRS,n,2.0NRT,286.2,0.94,N
-13.06045,23.92658,296.57,0.43,0.46,2026-10-03,2318,N21,VIIRS,n,2.0NRT,284.8,1.21,N
-13.05976,23.92265,300.53,0.43,0.46,2026-10-03,2318,N21,VIIRS,n,2.0NRT,285.17,1.21,N
-12.98675,27.58888,301.09,0.42,0.38,2026-10-03,2318,N21,VIIRS,n,2.0NRT,286.52,0.82,N
-12.95024,23.91418,300.25,0.43,0.46,2026-10-03,2318,N21,VIIRS,n,2.0NRT,286.29,1.32,N
-12.94965,23.91463,313.02,0.43,0.46,2026-10-03,2318,N21,VIIRS,n,2.0NRT,287.22,1.82,N
-12.94606,23.91496,314.08,0.43,0.46,2026-10-03,2318,N21,VIIRS,n,2.0NRT,286.4,1.32,N
-12.94547,23.91542,302.2,0.43,0.46,2026-10-03,2318,N21,VIIRS,n,2.0NRT,285.9,0.84,N
-12.93425,25.79259,307.91,0.5,0.41,2026-10-03,2318,N21,VIIRS,n,2.0NRT,287.22,1.51,N
-12.89186,25.90359,299.3,0.5,0.41,2026-10-03,2318,N21,VIIRS,n,2.0NRT,284.51,0.35,N
-12.88814,25.90424,296.32,0.5,0.41,2026-10-03,2318,N21,VIIRS,n,2.0NRT,284.13,0.35,N
-12.88522,25.90945,296.88,0.5,0.41,2026-10-03,2318,N21,VIIRS,n,2.0NRT,284.74,0.44,N
-12.8336,27.25557,296.94,0.43,0.38,2026-10-03,2318,N21,VIIRS,n,2.0NRT,285.94,0.69,N
-12.76585,27.31098,300.29,0.43,0.38,2026-10-03,2318,N21,VIIRS,n,2.0NRT,288.26,0.73,N
-12.74985,27.68789,308.67,0.42,0.37,2026-10-03,2318,N21,VIIRS,n,2.0NRT,288.37,1.32,N
-12.73061,26.89775,322.37,0.45,0.39,2026-10-03,2318,N21,VIIRS,n,2.0NRT,289.79,2.95,N
-12.63935,26.18337,300.71,0.49,0.4,2026-10-03,2318,N21,VIIRS,n,2.0NRT,286.46,0.8,N
-12.6151,23.91842,309.47,0.44,0.46,2026-10-03,2318,N21,VIIRS,n,2.0NRT,287.17,1.98,N
-12.58168,26.21924,296.93,0.48,0.4,2026-10-03,2318,N21,VIIRS,n,2.0NRT,286.66,0.5,N
-12.55208,26.71759,296.95,0.46,0.39,2026-10-03,2318,N21,VIIRS,n,2.0NRT,286.21,0.41,N
-14.70214,25.3734,342.03,0.38,0.36,2026-10-04,1151,N21,VIIRS,n,2.0NRT,313.55,2.78,D
-14.70162,27.09291,342.65,0.4,0.37,2026-10-04,1151,N21,VIIRS,l,2.0NRT,313.69,5.57,D
-14.69814,27.11503,342.22,0.4,0.37,2026-10-04,1151,N21,VIIRS,l,2.0NRT,314.37,11.62,D
-14.67808,23.89961,340.75,0.41,0.37,2026-10-04,1151,N21,VIIRS,n,2.0NRT,314.17,5.67,D
-14.64708,24.16242,350.87,0.4,0.37,2026-10-04,1151,N21,VIIRS,l,2.0NRT,322.73,11.65,D
-14.61399,24.24809,339.73,0.4,0.37,2026-10-04,1151,N21,VIIRS,l,2.0NRT,314.49,5.44,D
-14.60174,25.40766,342.8,0.38,0.36,2026-10-04,1151,N21,VIIRS,l,2.0NRT,316.57,9.61,D
-14.58702,25.19054,343.77,0.39,0.36,2026-10-04,1151,N21,VIIRS,l,2.0NRT,318.55,13.95,D
-14.58254,24.26167,350.66,0.4,0.37,2026-10-04,1151,N21,VIIRS,n,2.0NRT,318.59,5.81,D
-14.57918,24.26114,341.97,0.4,0.37,2026-10-04,1151,N21,VIIRS,l,2.0NRT,316.68,5.81,D
-14.57005,24.22958,347.35,0.4,0.37,2026-10-04,1151,N21,VIIRS,n,2.0NRT,319.16,10.84,D
-14.56406,24.91271,355.5,0.39,0.36,2026-10-04,1151,N21,VIIRS,n,2.0NRT,315.67,12.19,D
-14.56311,27.06235,346.41,0.4,0.37,2026-10-04,1151,N21,VIIRS,n,2.0NRT,314.1,5.63,D
-14.56289,24.2549,348.7,0.4,0.37,2026-10-04,1151,N21,VIIRS,n,2.0NRT,317.14,10.34,D
-14.55585,24.01882,341.62,0.4,0.37,2026-10-04,1151,N21,VIIRS,l,2.0NRT,315.31,6.37,D
-14.55078,24.91062,344.87,0.39,0.36,2026-10-04,1151,N21,VIIRS,l,2.0NRT,316.17,13.95,D
-14.55024,24.91421,350.12,0.39,0.36,2026-10-04,1151,N21,VIIRS,n,2.0NRT,318.64,42.59,D
-14.54639,24.91727,342.3,0.39,0.36,2026-10-04,1151,N21,VIIRS,l,2.0NRT,317.06,6.12,D
-14.5436,24.91316,342.08,0.39,0.36,2026-10-04,1151,N21,VIIRS,l,2.0NRT,316.85,6.12,D
-14.54307,24.91674,341.66,0.39,0.36,2026-10-04,1151,N21,VIIRS,l,2.0NRT,314.9,6.12,D
-14.53791,24.49451,338.43,0.39,0.36,2026-10-04,1151,N21,VIIRS,l,2.0NRT,310.91,5.75,D
-14.53692,24.22071,351.23,0.4,0.37,2026-10-04,1151,N21,VIIRS,n,2.0NRT,318.46,8.36,D
-14.53567,23.91212,343.87,0.41,0.37,2026-10-04,1151,N21,VIIRS,l,2.0NRT,314.44,9.02,D
-14.53355,24.22019,349.99,0.4,0.37,2026-10-04,1151,N21,VIIRS,n,2.0NRT,318.98,8.96,D
-14.52579,24.73706,338.21,0.39,0.36,2026-10-04,1151,N21,VIIRS,l,2.0NRT,311.62,4.07,D
-14.52309,25.366,346.99,0.38,0.36,2026-10-04,1151,N21,VIIRS,n,2.0NRT,316.6,14.18,D
-14.52008,24.95708,343.97,0.39,0.36,2026-10-04,1151,N21,VIIRS,l,2.0NRT,315.04,6.81,D
-14.51549,24.20233,346.59,0.4,0.37,2026-10-04,1151,N21,VIIRS,l,2.0NRT,319.43,12.75,D
-14.49863,27.445,345.32,0.41,0.37,2026-10-04,1151,N21,VIIRS,n,2.0NRT,315.96,7.42,D
-14.48415,25.55591,351.39,0.38,0.36,2026-10-04,1151,N21,VIIRS,n,2.0NRT,314.12,6.8,D
-14.48158,24.04535,367,0.4,0.37,2026-10-04,1151,N21,VIIRS,l,2.0NRT,326.98,49.3,D
-14.48084,25.55539,343.45,0.38,0.36,2026-10-04,1151,N21,VIIRS,l,2.0NRT,315.68,6.8,D
-14.47874,24.04112,349.57,0.4,0.37,2026-10-04,1151,N21,VIIRS,n,2.0NRT,318.59,11.48,D
-14.4782,24.04483,345.56,0.4,0.37,2026-10-04,1151,N21,VIIRS,l,2.0NRT,320.07,17.32,D
-14.46508,24.11115,367,0.4,0.37,2026-10-04,1151,N21,VIIRS,h,2.0NRT,345.55,116.35,D
-14.46454,24.11485,346.89,0.4,0.37,2026-10-04,1151,N21,VIIRS,n,2.0NRT,317.9,116.35,D
-14.46241,25.4762,339.57,0.38,0.36,2026-10-04,1151,N21,VIIRS,l,2.0NRT,314.17,4.09,D
-14.4617,24.11063,367,0.4,0.37,2026-10-04,1151,N21,VIIRS,h,2.0NRT,350.16,104.39,D
-14.46117,24.11433,346.74,0.4,0.37,2026-10-04,1151,N21,VIIRS,n,2.0NRT,319.82,104.39,D
-14.45969,24.47452,339.21,0.39,0.36,2026-10-04,1151,N21,VIIRS,n,2.0NRT,309.73,4.45,D
-14.45764,24.1857,346.48,0.4,0.37,2026-10-04,1151,N21,VIIRS,l,2.0NRT,320.74,13.48,D
-14.45634,24.47401,346.48,0.39,0.36,2026-10-04,1151,N21,VIIRS,n,2.0NRT,309.87,7.63,D
-14.45341,25.42393,339.01,0.38,0.36,2026-10-04,1151,N21,VIIRS,l,2.0NRT,313.47,6.6,D
-14.45063,24.44331,350.19,0.39,0.37,2026-10-04,1151,N21,VIIRS,n,2.0NRT,309.5,6.97,D
-14.44872,24.29348,346.19,0.4,0.37,2026-10-04,1151,N21,VIIRS,n,2.0NRT,313.37,7.24,D
-14.44818,24.29715,348.27,0.4,0.37,2026-10-04,1151,N21,VIIRS,n,2.0NRT,315.04,7.6,D
-14.44728,24.44279,345.35,0.39,0.37,2026-10-04,1151,N21,VIIRS,n,2.0NRT,308.08,5.26,D
-14.44721,25.53185,347.46,0.38,0.36,2026-10-04,1151,N21,VIIRS,l,2.0NRT,321.22,15.61,D
-14.44667,25.53539,349.24,0.38,0.36,2026-10-04,1151,N21,VIIRS,n,2.0NRT,312.35,15.61,D
-14.4439,25.53131,348.79,0.38,0.36,2026-10-04,1151,N21,VIIRS,n,2.0NRT,316.37,15.61,D
-14.44337,25.53486,347.13,0.38,0.36,2026-10-04,1151,N21,VIIRS,n,2.0NRT,312.11,15.61,D
-14.44254,24.28878,367,0.4,0.37,2026-10-04,1151,N21,VIIRS,h,2.0NRT,317.16,22.82,D
-14.43003,23.91543,349.11,0.41,0.37,2026-10-04,1151,N21,VIIRS,l,2.0NRT,320.43,16.63,D
-14.38733,26.94962,337.25,0.4,0.37,2026-10-04,1151,N21,VIIRS,l,2.0NRT,312.09,3.68,D
-14.38398,26.94906,341.65,0.4,0.37,2026-10-04,1151,N21,VIIRS,l,2.0NRT,314.81,5.04,D
-14.38164,25.60419,342.47,0.38,0.36,2026-10-04,1151,N21,VIIRS,l,2.0NRT,314.97,8.61,D
-14.3811,25.60774,350.34,0.38,0.36,2026-10-04,1151,N21,VIIRS,l,2.0NRT,323.06,60.6,D
-14.38018,27.4831,352.64,0.41,0.37,2026-10-04,1151,N21,VIIRS,l,2.0NRT,323.14,40.96,D
-14.37933,27.86084,300,0.42,0.38,2026-10-04,1151,N21,VIIRS,l,2.0NRT,305.85,33.83,D
-14.37557,25.59959,350.24,0.38,0.36,2026-10-04,1151,N21,VIIRS,l,2.0NRT,322.06,17.54,D
-14.37527,27.86413,332.24,0.42,0.38,2026-10-04,1151,N21,VIIRS,n,2.0NRT,298.92,3.72,D
-14.37506,23.98352,351.43,0.4,0.37,2026-10-04,1151,N21,VIIRS,n,2.0NRT,320.66,11.47,D
-14.37451,23.98725,343.15,0.4,0.37,2026-10-04,1151,N21,VIIRS,l,2.0NRT,317.49,11.47,D
-14.37226,25.59905,352.05,0.38,0.36,2026-10-04,1151,N21,VIIRS,n,2.0NRT,321.18,17.54,D
-14.37167,23.98302,349.29,0.4,0.37,2026-10-04,1151,N21,VIIRS,n,2.0NRT,318.12,8.79,D
-14.37113,23.98675,353.14,0.4,0.37,2026-10-04,1151,N21,VIIRS,n,2.0NRT,320.46,8.79,D
-14.3602,24.77697,337.4,0.39,0.36,2026-10-04,1151,N21,VIIRS,l,2.0NRT,312.04,6.5,D
-14.35527,24.78722,341.01,0.39,0.36,2026-10-04,1151,N21,VIIRS,n,2.0NRT,309.94,3.78,D
-14.34665,26.92398,341.23,0.4,0.37,2026-10-04,1151,N21,VIIRS,n,2.0NRT,309.94,5.47,D
-14.34405,24.47523,332.8,0.39,0.36,2026-10-04,1151,N21,VIIRS,l,2.0NRT,306.05,5.5,D
-14.34297,24.48249,341.62,0.39,0.36,2026-10-04,1151,N21,VIIRS,n,2.0NRT,308.23,5.28,D
-14.3273,26.98083,338.63,0.4,0.37,2026-10-04,1151,N21,VIIRS,l,2.0NRT,313.35,4.11,D
-14.3159,27.00913,344.76,0.4,0.37,2026-10-04,1151,N21,VIIRS,n,2.0NRT,312.74,5.93,D
-14.31112,28.10735,348.22,0.43,0.38,2026-10-04,1151,N21,VIIRS,n,2.0NRT,315.05,13.43,D
-14.30855,24.71371,344.85,0.39,0.36,2026-10-04,1151,N21,VIIRS,n,2.0NRT,308.72,5.83,D
-14.30801,24.7173,352.53,0.39,0.36,2026-10-04,1151,N21,VIIRS,n,2.0NRT,313.37,5.83,D
-14.30469,24.71678,347.47,0.39,0.36,2026-10-04,1151,N21,VIIRS,n,2.0NRT,314.71,6.48,D
-14.30361,24.72397,346.82,0.39,0.36,2026-10-04,1151,N21,VIIRS,n,2.0NRT,314.9,9.89,D
-14.30326,24.45035,340.11,0.39,0.36,2026-10-04,1151,N21,VIIRS,l,2.0NRT,311.16,7.68,D
-14.30308,24.72757,338.5,0.39,0.36,2026-10-04,1151,N21,VIIRS,l,2.0NRT,312.08,9.86,D
-14.30273,24.45398,344.34,0.39,0.36,2026-10-04,1151,N21,VIIRS,n,2.0NRT,309.35,8.03,D
-14.30254,24.73116,346.18,0.39,0.36,2026-10-04,1151,N21,VIIRS,n,2.0NRT,312.32,9.86,D
-14.30136,24.71625,339.3,0.39,0.36,2026-10-04,1151,N21,VIIRS,l,2.0NRT,314.1,6.48,D
-14.30018,24.81525,338.89,0.39,0.36,2026-10-04,1151,N21,VIIRS,l,2.0NRT,313.44,4.46,D
-14.29397,24.78857,345.98,0.39,0.36,2026-10-04,1151,N21,VIIRS,n,2.0NRT,313.28,4.92,D
-14.29118,24.78446,339.74,0.39,0.36,2026-10-04,1151,N21,VIIRS,l,2.0NRT,310.18,4.92,D
-14.27195,24.70798,344.67,0.39,0.36,2026-10-04,1151,N21,VIIRS,n,2.0NRT,310.5,6.23,D
-14.23887,28.11124,342.36,0.43,0.38,2026-10-04,1151,N21,VIIRS,l,2.0NRT,313.78,10.67,D
-14.21762,25.36327,342.09,0.38,0.36,2026-10-04,1151,N21,VIIRS,n,2.0NRT,310.53,4.49,D
-14.21669,24.91924,354.9,0.39,0.36,2026-10-04,1151,N21,VIIRS,n,2.0NRT,320.2,12.85,D
-14.21337,24.91872,346.72,0.39,0.36,2026-10-04,1151,N21,VIIRS,n,2.0NRT,316.49,12.78,D
-14.21262,25.35159,343.07,0.38,0.36,2026-10-04,1151,N21,VIIRS,l,2.0NRT,316.24,20.1,D
-14.21208,25.35513,342.27,0.38,0.36,2026-10-04,1151,N21,VIIRS,l,2.0NRT,312.75,13.07,D
-14.20883,24.74541,333.8,0.39,0.36,2026-10-04,1151,N21,VIIRS,l,2.0NRT,307.94,2.39,D
-14.20878,25.3546,367,0.38,0.36,2026-10-04,1151,N21,VIIRS,l,2.0NRT,330.11,71.26,D
-14.20494,25.35762,347.49,0.38,0.36,2026-10-04,1151,N21,VIIRS,l,2.0NRT,317.69,71.26,D
-14.20432,25.33938,353.8,0.38,0.36,2026-10-04,1151,N21,VIIRS,n,2.0NRT,320.61,20.23,D
-14.20155,25.33531,340.74,0.38,0.36,2026-10-04,1151,N21,VIIRS,l,2.0NRT,312.81,29.76,D
-14.19824,25.33479,344.04,0.38,0.36,2026-10-04,1151,N21,VIIRS,l,2.0NRT,314.38,5.38,D
-14.19771,25.33833,341.87,0.38,0.36,2026-10-04,1151,N21,VIIRS,l,2.0NRT,313.69,4.14,D
-14.18349,27.61412,338.42,0.42,0.37,2026-10-04,1151,N21,VIIRS,l,2.0NRT,309.79,5.85,D
-14.17798,27.86231,346.27,0.42,0.38,2026-10-04,1151,N21,VIIRS,n,2.0NRT,311.67,9.38,D
-14.17452,27.86172,347.22,0.42,0.38,2026-10-04,1151,N21,VIIRS,n,2.0NRT,314.49,9.15,D
-14.17078,26.02725,342.44,0.39,0.36,2026-10-04,1151,N21,VIIRS,n,2.0NRT,311.76,2.98,D
-14.17023,26.0308,350.9,0.39,0.36,2026-10-04,1151,N21,VIIRS,n,2.0NRT,314.9,9.34,D
-14.16856,26.01961,342.41,0.39,0.36,2026-10-04,1151,N21,VIIRS,n,2.0NRT,313.36,5.92,D
-14.16802,26.02316,349.14,0.39,0.36,2026-10-04,1151,N21,VIIRS,n,2.0NRT,315.29,6.45,D
-14.16747,26.02671,342.38,0.39,0.36,2026-10-04,1151,N21,VIIRS,n,2.0NRT,313.69,6.45,D
-14.16692,26.03026,354.31,0.39,0.36,2026-10-04,1151,N21,VIIRS,n,2.0NRT,313.89,9.09,D
-14.16471,26.02262,355.51,0.39,0.36,2026-10-04,1151,N21,VIIRS,n,2.0NRT,315.72,6.45,D
-14.16416,26.02617,367,0.39,0.36,2026-10-04,1151,N21,VIIRS,h,2.0NRT,316.96,6.45,D
-14.15903,27.39556,334.11,0.41,0.37,2026-10-04,1151,N21,VIIRS,l,2.0NRT,306.33,1.51,D
-14.14929,26.96965,337.42,0.4,0.37,2026-10-04,1151,N21,VIIRS,l,2.0NRT,309.01,5.09,D
-14.14871,26.97333,346.67,0.4,0.37,2026-10-04,1151,N21,VIIRS,n,2.0NRT,310.67,10.14,D
-14.14553,24.71354,335.8,0.39,0.36,2026-10-04,1151,N21,VIIRS,l,2.0NRT,308.82,4.14,D
-14.145,24.71713,353.33,0.39,0.36,2026-10-04,1151,N21,VIIRS,n,2.0NRT,315.22,8.54,D
-14.14446,24.72071,347.39,0.39,0.36,2026-10-04,1151,N21,VIIRS,n,2.0NRT,309.73,8.54,D
-14.14285,24.54738,332.48,0.39,0.36,2026-10-04,1151,N21,VIIRS,l,2.0NRT,306.5,6.56,D
-14.14114,24.72019,367,0.39,0.36,2026-10-04,1151,N21,VIIRS,h,2.0NRT,313.96,9.29,D
-14.14114,24.92519,339.21,0.39,0.36,2026-10-04,1151,N21,VIIRS,l,2.0NRT,312.86,1.89,D
-14.13952,24.54686,355.19,0.39,0.36,2026-10-04,1151,N21,VIIRS,n,2.0NRT,310,7.45,D
-14.13899,24.55047,339.75,0.39,0.36,2026-10-04,1151,N21,VIIRS,n,2.0NRT,305.85,7.45,D
-14.13196,24.66735,347.1,0.39,0.36,2026-10-04,1151,N21,VIIRS,n,2.0NRT,306.72,6.37,D
-14.12863,24.66684,343.87,0.39,0.36,2026-10-04,1151,N21,VIIRS,n,2.0NRT,305.97,3.88,D
-14.12623,25.93989,342.01,0.39,0.36,2026-10-04,1151,N21,VIIRS,n,2.0NRT,311.46,6.12,D
-14.11929,27.0935,336.54,0.4,0.37,2026-10-04,1151,N21,VIIRS,l,2.0NRT,308.83,2.68,D
-14.10006,25.35494,352.64,0.38,0.36,2026-10-04,1151,N21,VIIRS,n,2.0NRT,324.84,30.81,D
-14.09644,25.91325,342.62,0.39,0.36,2026-10-04,1151,N21,VIIRS,n,2.0NRT,311.61,3.89,D
-14.09589,25.91679,354.17,0.39,0.36,2026-10-04,1151,N21,VIIRS,n,2.0NRT,317.64,10.13,D
-14.09458,27.98979,340.44,0.43,0.38,2026-10-04,1151,N21,VIIRS,l,2.0NRT,315.25,10.81,D
-14.09313,25.91271,342.03,0.39,0.36,2026-10-04,1151,N21,VIIRS,l,2.0NRT,314.38,3.89,D
-14.07993,24.51491,338.98,0.39,0.36,2026-10-04,1151,N21,VIIRS,n,2.0NRT,305.22,3.72,D
-14.07605,24.51801,341.95,0.39,0.36,2026-10-04,1151,N21,VIIRS,n,2.0NRT,308.34,9.89,D
-14.07272,24.51749,343.4,0.39,0.36,2026-10-04,1151,N21,VIIRS,n,2.0NRT,310.59,9.89,D
-14.0705,24.94264,340.1,0.39,0.36,2026-10-04,1151,N21,VIIRS,l,2.0NRT,315.07,2.94,D
-14.06938,24.51697,336.18,0.39,0.36,2026-10-04,1151,N21,VIIRS,l,2.0NRT,308.76,5.09,D
-14.06934,25.37904,343.85,0.38,0.36,2026-10-04,1151,N21,VIIRS,l,2.0NRT,315.27,4.84,D
-14.05138,26.02962,348.83,0.39,0.36,2026-10-04,1151,N21,VIIRS,l,2.0NRT,322.1,11.1,D
-14.05083,26.03317,352.82,0.39,0.36,2026-10-04,1151,N21,VIIRS,n,2.0NRT,318.21,12.24,D
-14.03737,25.69999,304.87,0.38,0.36,2026-10-04,1151,N21,VIIRS,l,2.0NRT,310.23,29.35,D
-14.03683,25.70353,367,0.38,0.36,2026-10-04,1151,N21,VIIRS,l,2.0NRT,336.7,87.85,D
-14.03353,25.703,351.34,0.38,0.36,2026-10-04,1151,N21,VIIRS,n,2.0NRT,320.91,22.36,D
-14.03299,25.70654,348.29,0.38,0.36,2026-10-04,1151,N21,VIIRS,n,2.0NRT,313.54,22.36,D
-14.00842,26.88948,338.49,0.4,0.37,2026-10-04,1151,N21,VIIRS,n,2.0NRT,306.74,6.87,D
-14.00627,25.00899,340.45,0.39,0.36,2026-10-04,1151,N21,VIIRS,l,2.0NRT,310.98,2.79,D
-14.00296,25.00846,344.53,0.39,0.36,2026-10-04,1151,N21,VIIRS,n,2.0NRT,312.86,5.22,D
-14.002,24.46956,345.61,0.39,0.36,2026-10-04,1151,N21,VIIRS,n,2.0NRT,314.68,7.9,D
-14.00146,24.47318,341.99,0.39,0.36,2026-10-04,1151,N21,VIIRS,l,2.0NRT,315.7,8.13,D
-13.99747,26.93663,337.63,0.4,0.37,2026-10-04,1151,N21,VIIRS,n,2.0NRT,310.3,4.08,D
-13.99573,24.44275,345.79,0.39,0.36,2026-10-04,1151,N21,VIIRS,n,2.0NRT,308.99,3.24,D
-13.91908,24.91151,349.21,0.39,0.36,2026-10-04,1151,N21,VIIRS,n,2.0NRT,310.9,9.44,D
-13.9189,25.5861,345.37,0.38,0.36,2026-10-04,1151,N21,VIIRS,n,2.0NRT,302.01,4.97,D
-13.91836,25.58963,331.7,0.38,0.36,2026-10-04,1151,N21,VIIRS,l,2.0NRT,302.91,2.04,D
-13.91779,27.75884,338.96,0.42,0.38,2026-10-04,1151,N21,VIIRS,l,2.0NRT,313.67,7.77,D
-13.91614,25.58204,334.09,0.38,0.36,2026-10-04,1151,N21,VIIRS,n,2.0NRT,304.99,52.55,D
-13.9156,25.58557,348.77,0.38,0.36,2026-10-04,1151,N21,VIIRS,n,2.0NRT,304.55,52.55,D
-13.91283,25.5815,343.25,0.38,0.36,2026-10-04,1151,N21,VIIRS,n,2.0NRT,302.83,52.55,D
-13.91245,24.91047,349.99,0.39,0.36,2026-10-04,1151,N21,VIIRS,n,2.0NRT,314.07,7.7,D
-13.91229,25.58504,367,0.38,0.36,2026-10-04,1151,N21,VIIRS,h,2.0NRT,341.71,52.55,D
-13.91175,25.58857,342.15,0.38,0.36,2026-10-04,1151,N21,VIIRS,n,2.0NRT,309.59,7.51,D
-13.90899,25.58451,350.62,0.38,0.36,2026-10-04,1151,N21,VIIRS,n,2.0NRT,308.06,8.53,D
-13.90781,26.9671,337.27,0.4,0.37,2026-10-04,1151,N21,VIIRS,l,2.0NRT,310.96,4.7,D
-13.9051,27.3994,344.44,0.41,0.37,2026-10-04,1151,N21,VIIRS,n,2.0NRT,313.19,5.09,D
-13.89005,26.01685,341.13,0.39,0.36,2026-10-04,1151,N21,VIIRS,l,2.0NRT,315.57,3.46,D
-13.88411,24.78194,339.5,0.39,0.36,2026-10-04,1151,N21,VIIRS,l,2.0NRT,312.31,3.5,D
-13.88087,24.7809,335.85,0.39,0.36,2026-10-04,1151,N21,VIIRS,l,2.0NRT,310.6,2.32,D
-13.88033,24.78447,349.09,0.39,0.36,2026-10-04,1151,N21,VIIRS,n,2.0NRT,313.34,6.77,D
-13.87679,26.98839,337.96,0.4,0.37,2026-10-04,1151,N21,VIIRS,l,2.0NRT,310.3,3.91,D
-13.83992,24.57672,346.63,0.39,0.36,2026-10-04,1151,N21,VIIRS,n,2.0NRT,315.63,41.43,D
-13.83659,24.57621,339.62,0.39,0.36,2026-10-04,1151,N21,VIIRS,l,2.0NRT,310.83,3.72,D
-13.83372,25.92045,341.64,0.39,0.36,2026-10-04,1151,N21,VIIRS,l,2.0NRT,313.37,6.41,D
-13.83041,25.91991,353.37,0.39,0.36,2026-10-04,1151,N21,VIIRS,n,2.0NRT,319.71,14.5,D
-13.82971,27.99331,343.22,0.43,0.38,2026-10-04,1151,N21,VIIRS,n,2.0NRT,305.91,8.48,D
-13.82711,25.91937,352.16,0.39,0.36,2026-10-04,1151,N21,VIIRS,n,2.0NRT,313.92,14.5,D
-13.82437,24.86329,339.7,0.39,0.36,2026-10-04,1151,N21,VIIRS,l,2.0NRT,314.18,5.17,D
-13.81753,25.67119,344.15,0.38,0.36,2026-10-04,1151,N21,VIIRS,n,2.0NRT,314.78,5.76,D
-13.80224,25.52765,342.13,0.38,0.36,2026-10-04,1151,N21,VIIRS,n,2.0NRT,316.8,12.57,D
-13.75542,25.70103,344.01,0.38,0.36,2026-10-04,1151,N21,VIIRS,l,2.0NRT,317.55,9.89,D
-13.7551,26.55598,342.26,0.39,0.36,2026-10-04,1151,N21,VIIRS,l,2.0NRT,312.26,4.79,D
-13.74176,26.5538,345.01,0.39,0.36,2026-10-04,1151,N21,VIIRS,n,2.0NRT,314.41,4.57,D
-13.74119,26.55741,340.8,0.39,0.36,2026-10-04,1151,N21,VIIRS,l,2.0NRT,314.07,4.57,D
-13.73984,24.63404,344.6,0.39,0.36,2026-10-04,1151,N21,VIIRS,n,2.0NRT,314.66,55.09,D
-13.73874,25.94139,353.21,0.39,0.36,2026-10-04,1151,N21,VIIRS,n,2.0NRT,318.49,12.93,D
-13.73651,24.63352,367,0.39,0.36,2026-10-04,1151,N21,VIIRS,l,2.0NRT,334.58,55.09,D
-13.73598,24.63709,344.22,0.39,0.36,2026-10-04,1151,N21,VIIRS,l,2.0NRT,315.68,6.69,D
-13.73423,25.39313,353.52,0.38,0.36,2026-10-04,1151,N21,VIIRS,n,2.0NRT,320.86,13.21,D
-13.73319,24.633,342.53,0.39,0.36,2026-10-04,1151,N21,VIIRS,l,2.0NRT,316.32,22.23,D
-13.7282,25.87788,341.85,0.39,0.36,2026-10-04,1151,N21,VIIRS,l,2.0NRT,316.81,9.99,D
-13.72337,25.59757,337.65,0.38,0.36,2026-10-04,1151,N21,VIIRS,l,2.0NRT,312.56,2.52,D
-13.72279,25.80028,351.11,0.38,0.36,2026-10-04,1151,N21,VIIRS,n,2.0NRT,315.95,8.01,D
-13.71613,26.28441,336.59,0.39,0.36,2026-10-04,1151,N21,VIIRS,l,2.0NRT,310.09,2.19,D
-13.71134,24.0216,344.25,0.4,0.37,2026-10-04,1151,N21,VIIRS,n,2.0NRT,317.26,14.86,D
-13.70798,24.02108,345.64,0.4,0.37,2026-10-04,1151,N21,VIIRS,l,2.0NRT,316.2,11.69,D
-13.70622,24.00953,339.77,0.4,0.37,2026-10-04,1151,N21,VIIRS,l,2.0NRT,312.06,7.59,D
-13.70178,24.01638,341.34,0.4,0.37,2026-10-04,1151,N21,VIIRS,l,2.0NRT,313.86,3.95,D
-13.70124,24.02005,348.37,0.4,0.37,2026-10-04,1151,N21,VIIRS,n,2.0NRT,314.07,3.95,D
-13.69869,25.86893,345.82,0.39,0.36,2026-10-04,1151,N21,VIIRS,n,2.0NRT,314.64,6.93,D
-13.69802,24.86844,338.8,0.39,0.36,2026-10-04,1151,N21,VIIRS,n,2.0NRT,306.75,7.97,D
-13.69749,24.872,337.19,0.39,0.36,2026-10-04,1151,N21,VIIRS,n,2.0NRT,306.45,5.64,D
-13.69524,24.86436,347.34,0.39,0.36,2026-10-04,1151,N21,VIIRS,n,2.0NRT,309.97,7.97,D
-13.69364,24.87504,340.4,0.39,0.36,2026-10-04,1151,N21,VIIRS,l,2.0NRT,311.8,5.64,D
-13.69311,24.8786,347.22,0.39,0.36,2026-10-04,1151,N21,VIIRS,n,2.0NRT,312.22,10.62,D
-13.69257,24.88216,343.34,0.39,0.36,2026-10-04,1151,N21,VIIRS,n,2.0NRT,310.56,10.62,D
-13.69193,24.86385,348.71,0.39,0.36,2026-10-04,1151,N21,VIIRS,n,2.0NRT,312.35,8.2,D
-13.68873,24.8852,367,0.39,0.36,2026-10-04,1151,N21,VIIRS,h,2.0NRT,335.35,95.71,D
-13.68861,24.86333,349.68,0.39,0.36,2026-10-04,1151,N21,VIIRS,n,2.0NRT,314.07,8.2,D
-13.68846,25.516,341.24,0.38,0.36,2026-10-04,1151,N21,VIIRS,l,2.0NRT,316.07,6.12,D
-13.68542,24.88467,367,0.39,0.36,2026-10-04,1151,N21,VIIRS,h,2.0NRT,340.98,95.71,D
-13.68488,24.88823,336.94,0.39,0.36,2026-10-04,1151,N21,VIIRS,n,2.0NRT,306.12,95.71,D
-13.6821,24.88415,367,0.39,0.36,2026-10-04,1151,N21,VIIRS,h,2.0NRT,344.21,121.42,D
-13.67879,24.88363,367,0.39,0.36,2026-10-04,1151,N21,VIIRS,l,2.0NRT,327.97,121.42,D
-13.67326,24.37346,335.89,0.39,0.36,2026-10-04,1151,N21,VIIRS,l,2.0NRT,307.66,1.62,D
-13.6676,27.4799,339.51,0.42,0.37,2026-10-04,1151,N21,VIIRS,n,2.0NRT,306.94,7.41,D
-13.66253,24.53758,342.49,0.39,0.36,2026-10-04,1151,N21,VIIRS,n,2.0NRT,312.03,7.46,D
-13.65696,25.02907,338.82,0.39,0.36,2026-10-04,1151,N21,VIIRS,l,2.0NRT,310.7,1.89,D
-13.65367,23.93349,337.81,0.4,0.37,2026-10-04,1151,N21,VIIRS,l,2.0NRT,312.31,22.17,D
-13.6503,23.93297,342.91,0.4,0.37,2026-10-04,1151,N21,VIIRS,n,2.0NRT,311.99,22.17,D
-13.64301,23.93564,352.26,0.4,0.37,2026-10-04,1151,N21,VIIRS,n,2.0NRT,314.28,16.88,D
-13.63994,25.67829,338.03,0.38,0.36,2026-10-04,1151,N21,VIIRS,l,2.0NRT,309.32,3.08,D
-13.63797,25.66653,339.55,0.38,0.36,2026-10-04,1151,N21,VIIRS,n,2.0NRT,307.93,4.35,D
-13.63743,25.67006,339.1,0.38,0.36,2026-10-04,1151,N21,VIIRS,l,2.0NRT,313.44,4.35,D
-13.63694,26.65926,336.88,0.4,0.37,2026-10-04,1151,N21,VIIRS,l,2.0NRT,311.79,86.32,D
-13.63637,26.66289,367,0.4,0.37,2026-10-04,1151,N21,VIIRS,l,2.0NRT,326.05,127.58,D
-13.63302,26.66234,341.42,0.4,0.37,2026-10-04,1151,N21,VIIRS,l,2.0NRT,312.73,8.71,D
-13.63088,25.69073,334.6,0.38,0.36,2026-10-04,1151,N21,VIIRS,l,2.0NRT,309.35,2.24,D
-13.63025,26.65817,346.49,0.4,0.37,2026-10-04,1151,N21,VIIRS,n,2.0NRT,315.4,15.56,D
-13.62943,25.03199,342.2,0.39,0.36,2026-10-04,1151,N21,VIIRS,n,2.0NRT,316.22,5.36,D
-13.62053,25.93619,341.42,0.39,0.36,2026-10-04,1151,N21,VIIRS,l,2.0NRT,316.01,8.68,D
-13.61592,25.32306,337.59,0.38,0.36,2026-10-04,1151,N21,VIIRS,l,2.0NRT,311.1,5.16,D
-13.61293,24.07009,347.44,0.4,0.37,2026-10-04,1151,N21,VIIRS,n,2.0NRT,314.54,4.99,D
-13.60702,24.31855,341.13,0.39,0.36,2026-10-04,1151,N21,VIIRS,n,2.0NRT,312.57,3.8,D
-13.60633,23.99783,344.48,0.4,0.37,2026-10-04,1151,N21,VIIRS,n,2.0NRT,308.65,74.78,D
-13.60579,24.0015,350.8,0.4,0.37,2026-10-04,1151,N21,VIIRS,n,2.0NRT,318.32,32.77,D
-13.60544,25.1912,341.19,0.38,0.36,2026-10-04,1151,N21,VIIRS,n,2.0NRT,308.86,13.04,D
-13.60491,25.19474,343.33,0.38,0.36,2026-10-04,1151,N21,VIIRS,n,2.0NRT,304.56,13.04,D
-13.6035,23.99364,348.53,0.4,0.37,2026-10-04,1151,N21,VIIRS,n,2.0NRT,313.68,9.72,D
-13.60296,23.99731,355.29,0.4,0.37,2026-10-04,1151,N21,VIIRS,n,2.0NRT,315.12,9.72,D
-13.60242,24.00099,351.62,0.4,0.37,2026-10-04,1151,N21,VIIRS,n,2.0NRT,313.76,20.05,D
-13.60114,25.19399,338.37,0.38,0.36,2026-10-04,1151,N21,VIIRS,n,2.0NRT,306.42,5.89,D
-13.60013,23.99312,345.25,0.4,0.37,2026-10-04,1151,N21,VIIRS,n,2.0NRT,312.79,9.72,D
-13.59798,24.00782,343.58,0.4,0.37,2026-10-04,1151,N21,VIIRS,n,2.0NRT,313.27,41.87,D
-13.59779,25.33103,334.31,0.38,0.36,2026-10-04,1151,N21,VIIRS,l,2.0NRT,308.65,2.69,D
-13.59654,27.68106,342.43,0.42,0.38,2026-10-04,1151,N21,VIIRS,n,2.0NRT,308.68,3.94,D
-13.59462,24.00731,344.33,0.4,0.37,2026-10-04,1151,N21,VIIRS,n,2.0NRT,311.33,3.69,D
-13.5929,24.95724,333.72,0.39,0.36,2026-10-04,1151,N21,VIIRS,l,2.0NRT,308.21,2.02,D
-13.59179,24.00312,337.71,0.4,0.37,2026-10-04,1151,N21,VIIRS,l,2.0NRT,311.72,5.79,D
-13.5876,24.54023,342.9,0.39,0.36,2026-10-04,1151,N21,VIIRS,l,2.0NRT,314.08,5.12,D
-13.58712,27.5646,336.7,0.42,0.38,2026-10-04,1151,N21,VIIRS,l,2.0NRT,310.45,3.76,D
-13.5851,24.94149,339.48,0.39,0.36,2026-10-04,1151,N21,VIIRS,l,2.0NRT,310.19,6.23,D
-13.58458,24.09937,342.3,0.4,0.37,2026-10-04,1151,N21,VIIRS,n,2.0NRT,311.91,5.55,D
-13.58122,24.09884,338.09,0.4,0.37,2026-10-04,1151,N21,VIIRS,n,2.0NRT,309.61,4.04,D
-13.58084,23.96009,344.67,0.4,0.37,2026-10-04,1151,N21,VIIRS,n,2.0NRT,311.86,9.39,D
-13.57254,26.13601,339.05,0.39,0.36,2026-10-04,1151,N21,VIIRS,l,2.0NRT,313.12,3.5,D
-13.57128,26.27493,340,0.39,0.36,2026-10-04,1151,N21,VIIRS,n,2.0NRT,311.18,3.5,D
-13.57072,26.2785,334.72,0.39,0.36,2026-10-04,1151,N21,VIIRS,l,2.0NRT,309.05,3.5,D
-13.56796,26.27439,338.39,0.39,0.36,2026-10-04,1151,N21,VIIRS,n,2.0NRT,312.54,3.5,D
-13.56211,25.33966,348.57,0.38,0.36,2026-10-04,1151,N21,VIIRS,n,2.0NRT,315.99,5.75,D
-13.5587,25.96194,338.85,0.39,0.36,2026-10-04,1151,N21,VIIRS,l,2.0NRT,312.38,3.45,D
-13.55635,24.49864,348.18,0.39,0.36,2026-10-04,1151,N21,VIIRS,n,2.0NRT,313.56,12.07,D
-13.55431,23.94047,340.17,0.4,0.37,2026-10-04,1151,N21,VIIRS,n,2.0NRT,309.22,3.68,D
-13.55425,24.94389,335.76,0.39,0.36,2026-10-04,1151,N21,VIIRS,l,2.0NRT,307.72,6.37,D
-13.55094,23.93995,335.06,0.4,0.37,2026-10-04,1151,N21,VIIRS,l,2.0NRT,307.58,10.85,D
-13.54862,25.58704,344.15,0.38,0.36,2026-10-04,1151,N21,VIIRS,n,2.0NRT,310.3,5.29,D
-13.54313,27.24955,337.72,0.41,0.37,2026-10-04,1151,N21,VIIRS,n,2.0NRT,307.24,3.7,D
-13.54183,24.4817,342.44,0.39,0.36,2026-10-04,1151,N21,VIIRS,l,2.0NRT,317.17,7.02,D
-13.539,24.97777,336.05,0.39,0.36,2026-10-04,1151,N21,VIIRS,l,2.0NRT,308.32,2.55,D
-13.53367,23.96367,337.19,0.4,0.37,2026-10-04,1151,N21,VIIRS,l,2.0NRT,309.75,10.55,D
-13.5303,23.96316,347.19,0.4,0.37,2026-10-04,1151,N21,VIIRS,n,2.0NRT,313.48,10.55,D
-13.52693,23.96265,337.14,0.4,0.37,2026-10-04,1151,N21,VIIRS,l,2.0NRT,310.31,4.9,D
-13.52389,24.1231,347.47,0.4,0.37,2026-10-04,1151,N21,VIIRS,n,2.0NRT,312.92,5.66,D
-13.52356,23.96213,343.91,0.4,0.37,2026-10-04,1151,N21,VIIRS,n,2.0NRT,309.89,4.9,D
-13.52073,23.95794,340.75,0.4,0.37,2026-10-04,1151,N21,VIIRS,n,2.0NRT,307.79,5.09,D
-13.51643,25.48415,339.74,0.38,0.36,2026-10-04,1151,N21,VIIRS,l,2.0NRT,314.25,5.36,D
-13.51328,26.70926,347.62,0.4,0.37,2026-10-04,1151,N21,VIIRS,n,2.0NRT,312.75,11.73,D
-13.5105,26.70509,342.76,0.4,0.37,2026-10-04,1151,N21,VIIRS,l,2.0NRT,316.54,24.31,D
-13.50993,26.70872,345.33,0.4,0.37,2026-10-04,1151,N21,VIIRS,n,2.0NRT,310.88,8.97,D
-13.5078,23.95221,345.72,0.4,0.37,2026-10-04,1151,N21,VIIRS,n,2.0NRT,310.97,18.41,D
-13.50668,25.23689,347.49,0.38,0.36,2026-10-04,1151,N21,VIIRS,n,2.0NRT,308.67,7.79,D
-13.50535,24.58976,340.47,0.39,0.36,2026-10-04,1151,N21,VIIRS,l,2.0NRT,313.88,5.49,D
-13.50443,23.95169,367,0.4,0.37,2026-10-04,1151,N21,VIIRS,h,2.0NRT,314.3,18.41,D
-13.50389,23.95537,336.37,0.4,0.37,2026-10-04,1151,N21,VIIRS,n,2.0NRT,309.05,3.5,D
-13.50338,25.23637,340.69,0.38,0.36,2026-10-04,1151,N21,VIIRS,n,2.0NRT,310.38,7.79,D
-13.50285,25.23989,351.59,0.38,0.36,2026-10-04,1151,N21,VIIRS,n,2.0NRT,309.87,11.62,D
-13.49794,25.24996,349.2,0.38,0.36,2026-10-04,1151,N21,VIIRS,n,2.0NRT,309.52,15.18,D
-13.49731,25.05042,345.97,0.38,0.36,2026-10-04,1151,N21,VIIRS,n,2.0NRT,315.56,6.73,D
-13.49715,23.95434,333.92,0.4,0.37,2026-10-04,1151,N21,VIIRS,l,2.0NRT,308.31,3.27,D
-13.49644,24.58105,341.07,0.39,0.36,2026-10-04,1151,N21,VIIRS,l,2.0NRT,313.93,8.14,D
-13.4953,26.06452,339.25,0.39,0.36,2026-10-04,1151,N21,VIIRS,l,2.0NRT,311.1,4.69,D
-13.48759,23.94912,348.46,0.4,0.37,2026-10-04,1151,N21,VIIRS,n,2.0NRT,309.8,8.16,D
-13.48422,23.9486,347.2,0.4,0.37,2026-10-04,1151,N21,VIIRS,n,2.0NRT,312.35,8.16,D
-13.48345,24.91775,341.98,0.39,0.36,2026-10-04,1151,N21,VIIRS,n,2.0NRT,314.07,18.04,D
-13.47987,24.14246,337.18,0.4,0.37,2026-10-04,1151,N21,VIIRS,l,2.0NRT,310.95,3.9,D
-13.47748,23.94758,354.33,0.4,0.37,2026-10-04,1151,N21,VIIRS,n,2.0NRT,312.67,10.88,D
-13.47411,23.94707,343.81,0.4,0.37,2026-10-04,1151,N21,VIIRS,n,2.0NRT,309.93,5.03,D
-13.47196,26.73948,337.94,0.4,0.37,2026-10-04,1151,N21,VIIRS,l,2.0NRT,312.31,13.73,D
-13.47127,23.94287,339.2,0.4,0.37,2026-10-04,1151,N21,VIIRS,n,2.0NRT,308.88,5.03,D
-13.46874,24.1482,340.78,0.4,0.37,2026-10-04,1151,N21,VIIRS,n,2.0NRT,305.75,3.36,D
-13.46539,24.14768,352.57,0.4,0.37,2026-10-04,1151,N21,VIIRS,n,2.0NRT,310.01,10.94,D
-13.4637,24.9364,334.08,0.39,0.36,2026-10-04,1151,N21,VIIRS,l,2.0NRT,305.67,1.52,D
-13.45042,23.93245,343.1,0.4,0.37,2026-10-04,1151,N21,VIIRS,n,2.0NRT,311,6.39,D
-13.44651,23.93561,338.48,0.4,0.37,2026-10-04,1151,N21,VIIRS,l,2.0NRT,312.22,6.39,D
-13.4339,26.15306,341.48,0.39,0.36,2026-10-04,1151,N21,VIIRS,n,2.0NRT,314.22,3.79,D
-13.43278,23.88838,346.97,0.4,0.37,2026-10-04,1151,N21,VIIRS,n,2.0NRT,311.38,9.57,D
-13.43271,26.61749,343.28,0.4,0.37,2026-10-04,1151,N21,VIIRS,n,2.0NRT,308.78,9.13,D
-13.42937,26.61693,344.53,0.4,0.37,2026-10-04,1151,N21,VIIRS,n,2.0NRT,309.22,4.02,D
-13.42604,23.88735,336.42,0.4,0.37,2026-10-04,1151,N21,VIIRS,l,2.0NRT,308.25,7.13,D
-13.42159,23.8942,343,0.4,0.37,2026-10-04,1151,N21,VIIRS,n,2.0NRT,311.51,4.99,D
-13.41699,25.06672,342.46,0.38,0.36,2026-10-04,1151,N21,VIIRS,n,2.0NRT,311.11,6.69,D
-13.41422,25.06267,334.76,0.38,0.36,2026-10-04,1151,N21,VIIRS,l,2.0NRT,309.44,2.76,D
-13.41236,25.25394,333.63,0.38,0.36,2026-10-04,1151,N21,VIIRS,l,2.0NRT,308.21,60.95,D
-13.40894,26.31392,344.63,0.39,0.36,2026-10-04,1151,N21,VIIRS,n,2.0NRT,312.66,6.23,D
-13.40561,26.31338,337.71,0.39,0.36,2026-10-04,1151,N21,VIIRS,l,2.0NRT,311.01,6.23,D
-13.40163,26.40481,341.45,0.39,0.36,2026-10-04,1151,N21,VIIRS,n,2.0NRT,308.18,3.42,D
-13.40136,25.76902,343.51,0.39,0.36,2026-10-04,1151,N21,VIIRS,n,2.0NRT,313.45,5.29,D
-13.39852,26.00861,336.8,0.39,0.36,2026-10-04,1151,N21,VIIRS,l,2.0NRT,310.54,4.33,D
-13.39149,25.78916,338.47,0.39,0.36,2026-10-04,1151,N21,VIIRS,l,2.0NRT,309.63,7.77,D
-13.38992,27.2391,338.23,0.41,0.37,2026-10-04,1151,N21,VIIRS,n,2.0NRT,310.94,2.45,D
-13.38362,26.01711,340.54,0.39,0.36,2026-10-04,1151,N21,VIIRS,n,2.0NRT,312.59,2.45,D
-13.3803,26.08217,335.92,0.39,0.36,2026-10-04,1151,N21,VIIRS,l,2.0NRT,306.18,4.23,D
-13.38022,26.21382,336.61,0.39,0.36,2026-10-04,1151,N21,VIIRS,l,2.0NRT,310.9,6,D
-13.37465,25.92071,342.52,0.39,0.36,2026-10-04,1151,N21,VIIRS,n,2.0NRT,313.78,4.79,D
-13.36611,26.39163,333.84,0.39,0.36,2026-10-04,1151,N21,VIIRS,l,2.0NRT,308.27,5.04,D
-13.35699,24.21664,338.75,0.39,0.36,2026-10-04,1151,N21,VIIRS,l,2.0NRT,310.63,3.42,D
-13.35017,27.48967,339.52,0.42,0.38,2026-10-04,1151,N21,VIIRS,l,2.0NRT,312.17,8.53,D
-13.34531,27.21228,335.64,0.41,0.37,2026-10-04,1151,N21,VIIRS,l,2.0NRT,310.05,4.03,D
-13.32991,25.54704,338.09,0.38,0.36,2026-10-04,1151,N21,VIIRS,l,2.0NRT,310.09,8.42,D
-13.32808,23.83816,335.39,0.4,0.37,2026-10-04,1151,N21,VIIRS,l,2.0NRT,309.08,3.24,D
-13.31555,25.5303,336.18,0.38,0.36,2026-10-04,1151,N21,VIIRS,l,2.0NRT,309.12,3.14,D
-13.31511,24.3615,342.72,0.39,0.36,2026-10-04,1151,N21,VIIRS,n,2.0NRT,311.85,5.2,D
-13.31457,24.36509,346.37,0.39,0.36,2026-10-04,1151,N21,VIIRS,n,2.0NRT,310.28,8.09,D
-13.31124,24.36458,336.76,0.39,0.36,2026-10-04,1151,N21,VIIRS,l,2.0NRT,311.49,7.91,D
-13.30722,27.10214,337.51,0.41,0.37,2026-10-04,1151,N21,VIIRS,l,2.0NRT,311.14,5.63,D
-13.30586,26.47046,348.92,0.39,0.36,2026-10-04,1151,N21,VIIRS,n,2.0NRT,310.6,9.78,D
-13.30482,27.11705,333.18,0.41,0.37,2026-10-04,1151,N21,VIIRS,l,2.0NRT,305.57,2.61,D
-13.30384,25.74244,339.05,0.39,0.36,2026-10-04,1151,N21,VIIRS,n,2.0NRT,307.26,3.38,D
-13.30377,27.11721,339.85,0.41,0.37,2026-10-04,1151,N21,VIIRS,n,2.0NRT,307.55,4.45,D
-13.3023,24.35584,346.99,0.39,0.36,2026-10-04,1151,N21,VIIRS,n,2.0NRT,310.71,8.93,D
-13.30177,24.35943,347.19,0.39,0.36,2026-10-04,1151,N21,VIIRS,n,2.0NRT,311.8,8.93,D
-13.2907,25.33856,338.15,0.38,0.36,2026-10-04,1151,N21,VIIRS,l,2.0NRT,311.86,4.62,D
-13.28968,26.25001,332.86,0.39,0.36,2026-10-04,1151,N21,VIIRS,l,2.0NRT,304.2,4.5,D
-13.28505,26.41127,335.99,0.39,0.36,2026-10-04,1151,N21,VIIRS,n,2.0NRT,310.1,2.34,D
-13.28481,25.08489,344.54,0.38,0.36,2026-10-04,1151,N21,VIIRS,n,2.0NRT,307,3.77,D
-13.28428,25.08842,336.89,0.38,0.36,2026-10-04,1151,N21,VIIRS,l,2.0NRT,310.3,2.58,D
-13.28074,27.17477,348.16,0.41,0.37,2026-10-04,1151,N21,VIIRS,n,2.0NRT,312.18,7.7,D
-13.26449,26.41156,353.16,0.39,0.36,2026-10-04,1151,N21,VIIRS,n,2.0NRT,311,15.22,D
-13.26373,26.50399,341.26,0.39,0.36,2026-10-04,1151,N21,VIIRS,l,2.0NRT,313.63,10.5,D
-13.26207,24.83156,339.71,0.39,0.36,2026-10-04,1151,N21,VIIRS,l,2.0NRT,311.14,5.28,D
-13.26103,28.13785,333.96,0.44,0.39,2026-10-04,1151,N21,VIIRS,n,2.0NRT,298.5,4.3,D
-13.26039,26.50343,345.63,0.39,0.36,2026-10-04,1151,N21,VIIRS,n,2.0NRT,312.27,10.5,D
-13.25661,25.31512,337.8,0.38,0.36,2026-10-04,1151,N21,VIIRS,n,2.0NRT,307.4,3.67,D
-13.25658,27.21706,344.47,0.41,0.37,2026-10-04,1151,N21,VIIRS,n,2.0NRT,312.01,4.38,D
-13.25527,26.29574,334.77,0.39,0.36,2026-10-04,1151,N21,VIIRS,n,2.0NRT,305.26,8.72,D
-13.25318,27.2165,338.82,0.41,0.37,2026-10-04,1151,N21,VIIRS,l,2.0NRT,311.85,2,D
-13.25195,26.29518,367,0.39,0.36,2026-10-04,1151,N21,VIIRS,h,2.0NRT,311.73,8.72,D
-13.25139,26.29877,349.54,0.39,0.36,2026-10-04,1151,N21,VIIRS,n,2.0NRT,311.32,8.72,D
-13.25083,24.79353,338.58,0.39,0.36,2026-10-04,1151,N21,VIIRS,n,2.0NRT,310.91,3.88,D
-13.24806,26.29822,340.26,0.39,0.36,2026-10-04,1151,N21,VIIRS,n,2.0NRT,305.86,4.58,D
-13.24145,25.23693,338.87,0.38,0.36,2026-10-04,1151,N21,VIIRS,l,2.0NRT,311.57,3.37,D
-13.24029,26.52238,347.9,0.39,0.37,2026-10-04,1151,N21,VIIRS,n,2.0NRT,315.32,8.1,D
-13.23972,26.52599,335.54,0.39,0.37,2026-10-04,1151,N21,VIIRS,l,2.0NRT,306.88,8.1,D
-13.23695,26.52183,350.52,0.39,0.37,2026-10-04,1151,N21,VIIRS,n,2.0NRT,310.42,8.1,D
-13.23345,27.38422,341.38,0.42,0.37,2026-10-04,1151,N21,VIIRS,n,2.0NRT,305.92,7.77,D
-13.23038,27.09723,342.5,0.41,0.37,2026-10-04,1151,N21,VIIRS,n,2.0NRT,314.17,7.85,D
-13.22848,23.9878,346.28,0.4,0.37,2026-10-04,1151,N21,VIIRS,n,2.0NRT,308.64,6.19,D
-13.22639,27.1004,343.07,0.41,0.37,2026-10-04,1151,N21,VIIRS,n,2.0NRT,311.59,21.23,D
-13.22615,24.43535,346.1,0.39,0.36,2026-10-04,1151,N21,VIIRS,n,2.0NRT,309.06,8.6,D
-13.2189,25.89483,341.91,0.39,0.36,2026-10-04,1151,N21,VIIRS,n,2.0NRT,308.84,4.44,D
-13.21575,24.55079,338.44,0.39,0.36,2026-10-04,1151,N21,VIIRS,l,2.0NRT,312.39,4.68,D
-13.20939,27.60096,342.72,0.42,0.38,2026-10-04,1151,N21,VIIRS,n,2.0NRT,309.53,7.74,D
-13.20564,25.87089,335.51,0.39,0.36,2026-10-04,1151,N21,VIIRS,l,2.0NRT,308.43,4.03,D
-13.20509,25.87443,346.36,0.39,0.36,2026-10-04,1151,N21,VIIRS,n,2.0NRT,308.31,4.03,D
-13.20292,24.02123,333.49,0.4,0.37,2026-10-04,1151,N21,VIIRS,n,2.0NRT,301.16,42.91,D
-13.19924,27.26945,338.41,0.41,0.37,2026-10-04,1151,N21,VIIRS,l,2.0NRT,311,7.87,D
-13.19748,26.16464,336.89,0.39,0.36,2026-10-04,1151,N21,VIIRS,l,2.0NRT,311.5,2.92,D
-13.19003,24.01553,367,0.4,0.37,2026-10-04,1151,N21,VIIRS,h,2.0NRT,333.43,202.06,D
-13.18949,24.01918,367,0.4,0.37,2026-10-04,1151,N21,VIIRS,l,2.0NRT,330.68,101.89,D
-13.18896,24.02283,337.41,0.4,0.37,2026-10-04,1151,N21,VIIRS,n,2.0NRT,307,101.89,D
-13.18614,24.01867,344.77,0.4,0.37,2026-10-04,1151,N21,VIIRS,n,2.0NRT,300.91,42.24,D
-13.18332,24.01451,353.65,0.4,0.37,2026-10-04,1151,N21,VIIRS,n,2.0NRT,305.65,42.21,D
-13.18318,23.99211,345.29,0.4,0.37,2026-10-04,1151,N21,VIIRS,n,2.0NRT,311.9,15.69,D
-13.18278,24.01816,341.66,0.4,0.37,2026-10-04,1151,N21,VIIRS,n,2.0NRT,313.36,42.24,D
-13.17996,24.014,367,0.4,0.37,2026-10-04,1151,N21,VIIRS,h,2.0NRT,337.33,215.94,D
-13.17942,24.01764,343.46,0.4,0.37,2026-10-04,1151,N21,VIIRS,n,2.0NRT,312.74,100.25,D
-13.17425,26.117,336.07,0.39,0.36,2026-10-04,1151,N21,VIIRS,l,2.0NRT,310.23,2.34,D
-13.16853,23.97493,352.43,0.4,0.37,2026-10-04,1151,N21,VIIRS,n,2.0NRT,312.71,14.83,D
-13.16799,23.97859,338.06,0.4,0.37,2026-10-04,1151,N21,VIIRS,l,2.0NRT,312.16,8.46,D
-13.16463,23.97808,342.44,0.4,0.37,2026-10-04,1151,N21,VIIRS,l,2.0NRT,316.99,9.05,D
-13.15417,26.26762,339.09,0.39,0.36,2026-10-04,1151,N21,VIIRS,n,2.0NRT,311.58,5.58,D
-13.1505,23.95724,339.33,0.4,0.37,2026-10-04,1151,N21,VIIRS,n,2.0NRT,310.42,2.69,D
-13.14661,23.96039,351.95,0.4,0.37,2026-10-04,1151,N21,VIIRS,n,2.0NRT,312.45,28.25,D
-13.14169,26.41295,343.14,0.39,0.36,2026-10-04,1151,N21,VIIRS,n,2.0NRT,305.45,9.37,D
-13.13914,24.01147,334.39,0.4,0.37,2026-10-04,1151,N21,VIIRS,l,2.0NRT,306.58,2.75,D
-13.1335,26.55256,354.79,0.4,0.37,2026-10-04,1151,N21,VIIRS,n,2.0NRT,307.95,10.4,D
-13.13243,24.01046,342.2,0.4,0.37,2026-10-04,1151,N21,VIIRS,l,2.0NRT,315.33,27.19,D
-13.1298,24.87546,343.18,0.39,0.36,2026-10-04,1151,N21,VIIRS,n,2.0NRT,312.23,8.41,D
-13.11654,28.04366,342.59,0.44,0.38,2026-10-04,1151,N21,VIIRS,n,2.0NRT,304.63,8.12,D
-13.11588,28.0477,333.88,0.44,0.38,2026-10-04,1151,N21,VIIRS,l,2.0NRT,304.33,8.12,D
-13.11405,25.62811,337.96,0.38,0.36,2026-10-04,1151,N21,VIIRS,n,2.0NRT,312.86,4.43,D
-13.11393,26.56793,334.08,0.4,0.37,2026-10-04,1151,N21,VIIRS,n,2.0NRT,308.4,3.73,D
-13.11336,26.57157,339.78,0.4,0.37,2026-10-04,1151,N21,VIIRS,l,2.0NRT,310.36,3.73,D
-13.10668,27.27725,344.51,0.41,0.37,2026-10-04,1151,N21,VIIRS,n,2.0NRT,309.78,10.51,D
-13.10192,26.0579,336.87,0.39,0.36,2026-10-04,1151,N21,VIIRS,l,2.0NRT,310.67,5.73,D
-13.10192,26.21145,348.28,0.39,0.36,2026-10-04,1151,N21,VIIRS,n,2.0NRT,306.72,6.8,D
-13.10137,26.21503,337.87,0.39,0.36,2026-10-04,1151,N21,VIIRS,n,2.0NRT,304.81,6.8,D
-13.09428,26.45325,336,0.39,0.36,2026-10-04,1151,N21,VIIRS,n,2.0NRT,308.05,3.64,D
-13.09288,26.52726,331.69,0.4,0.37,2026-10-04,1151,N21,VIIRS,l,2.0NRT,304.97,9.34,D
-13.09231,26.53089,346.83,0.4,0.37,2026-10-04,1151,N21,VIIRS,n,2.0NRT,309.78,9.34,D
-13.09091,27.57302,343.35,0.42,0.38,2026-10-04,1151,N21,VIIRS,n,2.0NRT,307.12,4.94,D
-13.0867,24.48278,333.19,0.39,0.36,2026-10-04,1151,N21,VIIRS,l,2.0NRT,305.38,2.85,D
-13.08027,26.26303,350.84,0.39,0.36,2026-10-04,1151,N21,VIIRS,n,2.0NRT,313.49,9.44,D
-13.07695,26.26248,346.89,0.39,0.36,2026-10-04,1151,N21,VIIRS,n,2.0NRT,310.78,4.62,D
-13.07012,27.48248,340.7,0.42,0.38,2026-10-04,1151,N21,VIIRS,l,2.0NRT,315.49,21.57,D
-13.06706,24.6146,346.11,0.39,0.36,2026-10-04,1151,N21,VIIRS,n,2.0NRT,304.64,7.66,D
-13.06549,26.48956,342.47,0.39,0.37,2026-10-04,1151,N21,VIIRS,n,2.0NRT,311.03,7.88,D
-13.0635,25.84382,338.72,0.39,0.36,2026-10-04,1151,N21,VIIRS,l,2.0NRT,313.54,5.42,D
-13.03905,24.00001,336.63,0.4,0.37,2026-10-04,1151,N21,VIIRS,l,2.0NRT,310.17,7.35,D
-13.03128,24.35341,347.74,0.39,0.36,2026-10-04,1151,N21,VIIRS,n,2.0NRT,308.13,10.14,D
-13.02981,27.49145,337.95,0.42,0.38,2026-10-04,1151,N21,VIIRS,l,2.0NRT,312.04,7.73,D
-13.02721,25.92514,344.95,0.39,0.36,2026-10-04,1151,N21,VIIRS,n,2.0NRT,307.99,3.53,D
-13.0239,25.92461,336.38,0.39,0.36,2026-10-04,1151,N21,VIIRS,l,2.0NRT,306.51,3.53,D
-13.02315,25.17583,334.59,0.38,0.36,2026-10-04,1151,N21,VIIRS,n,2.0NRT,308.8,2.87,D
-13.0126,25.26786,340.02,0.38,0.36,2026-10-04,1151,N21,VIIRS,l,2.0NRT,311.76,7.39,D
-13.01151,26.76835,347.75,0.4,0.37,2026-10-04,1151,N21,VIIRS,n,2.0NRT,308.27,8.94,D
-13.01045,24.21777,351.49,0.39,0.36,2026-10-04,1151,N21,VIIRS,n,2.0NRT,316.06,27.21,D
-12.99636,26.31927,337.65,0.39,0.36,2026-10-04,1151,N21,VIIRS,n,2.0NRT,312.39,4.16,D
-12.99053,25.25714,339.58,0.38,0.36,2026-10-04,1151,N21,VIIRS,l,2.0NRT,313.17,5.74,D
-12.98877,26.82497,334.9,0.4,0.37,2026-10-04,1151,N21,VIIRS,l,2.0NRT,308.9,4.59,D
-12.98266,24.18,337.62,0.39,0.36,2026-10-04,1151,N21,VIIRS,l,2.0NRT,312.61,5.28,D
-12.9802,24.24225,340.35,0.39,0.36,2026-10-04,1151,N21,VIIRS,l,2.0NRT,313.23,6.43,D
-12.9789,26.53857,336.79,0.4,0.37,2026-10-04,1151,N21,VIIRS,l,2.0NRT,311.29,7.45,D
-12.97878,24.18309,339.69,0.39,0.36,2026-10-04,1151,N21,VIIRS,n,2.0NRT,309.38,3.06,D
-12.97705,24.17177,341.4,0.39,0.36,2026-10-04,1151,N21,VIIRS,n,2.0NRT,309.72,4.89,D
-12.97613,26.53439,342.64,0.4,0.37,2026-10-04,1151,N21,VIIRS,n,2.0NRT,309.43,8.7,D
-12.97555,26.53802,354.63,0.4,0.37,2026-10-04,1151,N21,VIIRS,n,2.0NRT,313.6,7.45,D
-12.97498,26.54164,337.01,0.4,0.37,2026-10-04,1151,N21,VIIRS,l,2.0NRT,310.37,7.45,D
-12.97393,27.05076,337.55,0.41,0.37,2026-10-04,1151,N21,VIIRS,l,2.0NRT,310.94,6.18,D
-12.97278,26.53384,346.87,0.4,0.37,2026-10-04,1151,N21,VIIRS,n,2.0NRT,308.74,4.33,D
-12.97136,26.28528,330.4,0.39,0.36,2026-10-04,1151,N21,VIIRS,n,2.0NRT,305.16,1.98,D
-12.96975,26.70509,338.7,0.4,0.37,2026-10-04,1151,N21,VIIRS,l,2.0NRT,313.45,5.86,D
-12.96969,26.29606,345.33,0.39,0.36,2026-10-04,1151,N21,VIIRS,n,2.0NRT,310.41,4.93,D
-12.96886,26.53691,343.8,0.4,0.37,2026-10-04,1151,N21,VIIRS,n,2.0NRT,311.86,26.79,D
-12.96867,23.974,340.13,0.4,0.37,2026-10-04,1151,N21,VIIRS,n,2.0NRT,308.25,28.53,D
-12.96862,24.15944,343.74,0.39,0.36,2026-10-04,1151,N21,VIIRS,n,2.0NRT,312.04,12.71,D
-12.96814,25.91197,345.79,0.39,0.36,2026-10-04,1151,N21,VIIRS,n,2.0NRT,316.13,10.62,D
-12.96651,26.11939,335.76,0.39,0.36,2026-10-04,1151,N21,VIIRS,n,2.0NRT,303.65,6.42,D
-12.96637,25.14882,336.65,0.38,0.36,2026-10-04,1151,N21,VIIRS,l,2.0NRT,309.46,3.3,D
-12.96531,23.97349,367,0.4,0.37,2026-10-04,1151,N21,VIIRS,l,2.0NRT,325.19,28.53,D
-12.96528,24.15892,334.91,0.39,0.36,2026-10-04,1151,N21,VIIRS,l,2.0NRT,309.04,12.71,D
-12.96483,25.91144,341.12,0.39,0.36,2026-10-04,1151,N21,VIIRS,n,2.0NRT,308.62,10.62,D
-12.96214,24.54362,343.18,0.39,0.36,2026-10-04,1151,N21,VIIRS,n,2.0NRT,303.64,4.71,D
-12.95755,25.84794,335.83,0.39,0.36,2026-10-04,1151,N21,VIIRS,n,2.0NRT,310.15,2.37,D
-12.95686,24.14657,337.42,0.39,0.36,2026-10-04,1151,N21,VIIRS,l,2.0NRT,312,35.03,D
-12.95632,24.15018,345.74,0.39,0.36,2026-10-04,1151,N21,VIIRS,l,2.0NRT,320.63,35.03,D
-12.95227,24.47283,333.47,0.39,0.36,2026-10-04,1151,N21,VIIRS,n,2.0NRT,306.03,3.46,D
-12.95164,24.54564,341.06,0.39,0.36,2026-10-04,1151,N21,VIIRS,n,2.0NRT,304.64,5.28,D
-12.94843,24.04156,338.38,0.4,0.37,2026-10-04,1151,N21,VIIRS,l,2.0NRT,308.88,7.05,D
-12.94789,24.0452,355.4,0.4,0.37,2026-10-04,1151,N21,VIIRS,n,2.0NRT,309.64,7.05,D
-12.947,23.91105,349.11,0.4,0.37,2026-10-04,1151,N21,VIIRS,n,2.0NRT,312.38,9.11,D
-12.94647,23.91472,338.3,0.4,0.37,2026-10-04,1151,N21,VIIRS,l,2.0NRT,311.49,5.95,D
-12.94454,24.04469,333.98,0.4,0.37,2026-10-04,1151,N21,VIIRS,l,2.0NRT,304.17,10.9,D
-12.94397,26.39515,346.32,0.39,0.36,2026-10-04,1151,N21,VIIRS,n,2.0NRT,308.13,5.41,D
-12.93376,24.68821,349.32,0.39,0.36,2026-10-04,1151,N21,VIIRS,n,2.0NRT,311.83,4.71,D
-12.93213,25.81484,336.57,0.39,0.36,2026-10-04,1151,N21,VIIRS,l,2.0NRT,311.53,4.58,D
-12.92912,26.31521,332.09,0.39,0.36,2026-10-04,1151,N21,VIIRS,l,2.0NRT,304.87,1.54,D
-12.92713,26.17525,334.8,0.39,0.36,2026-10-04,1151,N21,VIIRS,l,2.0NRT,306.41,1.54,D
-12.92554,25.83554,335.02,0.39,0.36,2026-10-04,1151,N21,VIIRS,l,2.0NRT,309.34,4.32,D
-12.92488,26.64862,341.32,0.4,0.37,2026-10-04,1151,N21,VIIRS,n,2.0NRT,309.42,6.63,D
-12.92152,26.64806,354.8,0.4,0.37,2026-10-04,1151,N21,VIIRS,n,2.0NRT,319.68,28.06,D
-12.91982,26.24376,332.44,0.39,0.36,2026-10-04,1151,N21,VIIRS,n,2.0NRT,300.07,2.36,D
-12.91824,25.08339,345.47,0.38,0.36,2026-10-04,1151,N21,VIIRS,n,2.0NRT,312.68,8.91,D
-12.91787,24.22527,335.67,0.39,0.36,2026-10-04,1151,N21,VIIRS,l,2.0NRT,309.5,4.26,D
-12.9154,27.80858,332.59,0.43,0.38,2026-10-04,1151,N21,VIIRS,n,2.0NRT,296.45,5.15,D
-12.90768,24.03905,337.98,0.4,0.37,2026-10-04,1151,N21,VIIRS,n,2.0NRT,307.78,4.94,D
-12.88682,24.68402,340.98,0.39,0.36,2026-10-04,1151,N21,VIIRS,n,2.0NRT,306.28,4.12,D
-12.88522,24.69463,347.63,0.39,0.36,2026-10-04,1151,N21,VIIRS,n,2.0NRT,311.13,7.83,D
-12.88244,24.69058,339.15,0.39,0.36,2026-10-04,1151,N21,VIIRS,l,2.0NRT,309.28,4.93,D
-12.86681,26.73279,342.15,0.4,0.37,2026-10-04,1151,N21,VIIRS,n,2.0NRT,309.03,2.86,D
-12.86176,24.46573,333.01,0.39,0.36,2026-10-04,1151,N21,VIIRS,n,2.0NRT,305.16,4.17,D
-12.85843,24.46522,336.08,0.39,0.36,2026-10-04,1151,N21,VIIRS,n,2.0NRT,305.49,4.17,D
-12.84956,24.22892,336.98,0.39,0.36,2026-10-04,1151,N21,VIIRS,l,2.0NRT,310.08,4.12,D
-12.84211,26.24166,333.96,0.39,0.36,2026-10-04,1151,N21,VIIRS,l,2.0NRT,303.98,3.91,D
-12.83926,25.26911,338.84,0.38,0.36,2026-10-04,1151,N21,VIIRS,n,2.0NRT,311.19,1.96,D
-12.83294,23.97135,343.6,0.4,0.37,2026-10-04,1151,N21,VIIRS,n,2.0NRT,307.69,20.49,D
-12.83261,27.67033,335.29,0.43,0.38,2026-10-04,1151,N21,VIIRS,l,2.0NRT,308.08,6.12,D
-12.80311,24.1739,334.38,0.39,0.36,2026-10-04,1151,N21,VIIRS,l,2.0NRT,307.43,3.04,D
-12.80149,25.69237,333.88,0.39,0.36,2026-10-04,1151,N21,VIIRS,l,2.0NRT,305.62,2.46,D
-12.79566,27.80965,331.65,0.43,0.38,2026-10-04,1151,N21,VIIRS,n,2.0NRT,293.96,2.59,D
-12.78211,25.64225,336.82,0.39,0.36,2026-10-04,1151,N21,VIIRS,l,2.0NRT,308.46,4.72,D
-12.78124,27.53363,342.69,0.42,0.38,2026-10-04,1151,N21,VIIRS,n,2.0NRT,306.49,5.19,D
-12.77779,26.91447,338.78,0.41,0.37,2026-10-04,1151,N21,VIIRS,l,2.0NRT,312.94,4.9,D
-12.77646,27.49709,343.81,0.42,0.38,2026-10-04,1151,N21,VIIRS,l,2.0NRT,317.53,20.36,D
-12.77584,27.50095,346.03,0.42,0.38,2026-10-04,1151,N21,VIIRS,n,2.0NRT,313.27,18.95,D
-12.77495,25.5323,341.79,0.38,0.36,2026-10-04,1151,N21,VIIRS,n,2.0NRT,305.64,4.9,D
-12.77441,25.53582,344.48,0.38,0.36,2026-10-04,1151,N21,VIIRS,n,2.0NRT,305.07,4.9,D
-12.77399,24.30167,338.59,0.39,0.36,2026-10-04,1151,N21,VIIRS,n,2.0NRT,308.17,5.24,D
-12.76889,27.74451,347.59,0.43,0.38,2026-10-04,1151,N21,VIIRS,n,2.0NRT,311.88,16.77,D
-12.76703,27.74391,342.7,0.43,0.38,2026-10-04,1151,N21,VIIRS,n,2.0NRT,312.43,17.84,D
-12.76043,27.44271,347.4,0.42,0.38,2026-10-04,1151,N21,VIIRS,n,2.0NRT,308.83,7.31,D
-12.7551,25.35249,332.8,0.38,0.36,2026-10-04,1151,N21,VIIRS,l,2.0NRT,306.14,3.54,D
-12.7518,25.35196,345.34,0.38,0.36,2026-10-04,1151,N21,VIIRS,n,2.0NRT,311.5,3.54,D
-12.74973,26.28915,332.13,0.39,0.36,2026-10-04,1151,N21,VIIRS,n,2.0NRT,307.04,2.23,D
-12.74582,27.68787,337.1,0.43,0.38,2026-10-04,1151,N21,VIIRS,n,2.0NRT,302.87,8.47,D
-12.74206,26.55094,338.65,0.4,0.37,2026-10-04,1151,N21,VIIRS,n,2.0NRT,305.58,4.04,D
-12.74116,26.43182,332.51,0.39,0.37,2026-10-04,1151,N21,VIIRS,l,2.0NRT,305.63,1.9,D
-12.73978,26.55069,347.99,0.4,0.37,2026-10-04,1151,N21,VIIRS,n,2.0NRT,309.25,11.16,D
-12.73643,26.55015,347.46,0.4,0.37,2026-10-04,1151,N21,VIIRS,n,2.0NRT,314.19,11.16,D
-12.73188,26.57922,337.77,0.4,0.37,2026-10-04,1151,N21,VIIRS,l,2.0NRT,310.68,5.54,D
-12.73031,27.32358,346,0.42,0.37,2026-10-04,1151,N21,VIIRS,n,2.0NRT,309.32,15.8,D
-12.7299,25.56119,336.01,0.38,0.36,2026-10-04,1151,N21,VIIRS,l,2.0NRT,310.32,4.9,D
-12.72853,26.57867,347.98,0.4,0.37,2026-10-04,1151,N21,VIIRS,n,2.0NRT,312.44,7.52,D
-12.72649,27.06266,334.32,0.41,0.37,2026-10-04,1151,N21,VIIRS,l,2.0NRT,306.55,5.07,D
-12.72378,27.84676,340.87,0.44,0.38,2026-10-04,1151,N21,VIIRS,n,2.0NRT,297.66,7.09,D
-12.71928,26.22165,333.33,0.39,0.36,2026-10-04,1151,N21,VIIRS,l,2.0NRT,305.99,3.19,D
-12.71596,26.22111,339.4,0.39,0.36,2026-10-04,1151,N21,VIIRS,l,2.0NRT,310.53,13.73,D
-12.7134,27.55813,336.13,0.43,0.38,2026-10-04,1151,N21,VIIRS,l,2.0NRT,308.38,3.4,D
-12.70542,24.35319,343.77,0.39,0.36,2026-10-04,1151,N21,VIIRS,n,2.0NRT,311.68,17.43,D
-12.70501,26.91366,338.37,0.41,0.37,2026-10-04,1151,N21,VIIRS,l,2.0NRT,308.84,4.99,D
-12.70319,26.45532,347.1,0.4,0.37,2026-10-04,1151,N21,VIIRS,n,2.0NRT,309.07,16.37,D
-12.70263,24.3491,347.13,0.39,0.36,2026-10-04,1151,N21,VIIRS,n,2.0NRT,316.04,19.1,D
-12.68524,26.63514,332.07,0.4,0.37,2026-10-04,1151,N21,VIIRS,l,2.0NRT,305.48,4.11,D
-12.67544,26.69728,338.58,0.4,0.37,2026-10-04,1151,N21,VIIRS,l,2.0NRT,313.08,4.23,D
-12.67423,26.44313,330.18,0.4,0.37,2026-10-04,1151,N21,VIIRS,l,2.0NRT,304.64,15.32,D
-12.66822,28.07788,339.39,0.45,0.39,2026-10-04,1151,N21,VIIRS,l,2.0NRT,310.03,6.88,D
-12.66001,27.1288,332.25,0.41,0.37,2026-10-04,1151,N21,VIIRS,l,2.0NRT,306.23,3.59,D
-12.65919,26.99805,335.61,0.41,0.37,2026-10-04,1151,N21,VIIRS,l,2.0NRT,308.81,6.76,D
-12.65756,26.98627,334.21,0.41,0.37,2026-10-04,1151,N21,VIIRS,l,2.0NRT,304.46,5.35,D
-12.6558,26.99747,332.78,0.41,0.37,2026-10-04,1151,N21,VIIRS,l,2.0NRT,303.42,3.91,D
-12.64084,26.54566,367,0.4,0.37,2026-10-04,1151,N21,VIIRS,h,2.0NRT,306.94,13.55,D
-12.63749,26.5451,346.82,0.4,0.37,2026-10-04,1151,N21,VIIRS,n,2.0NRT,311.09,8.7,D
-12.63718,26.1822,342.47,0.39,0.36,2026-10-04,1151,N21,VIIRS,n,2.0NRT,310.53,11.22,D
-12.63521,24.1405,335.01,0.39,0.36,2026-10-04,1151,N21,VIIRS,l,2.0NRT,307.12,1.94,D
-12.63388,26.13771,339.44,0.39,0.36,2026-10-04,1151,N21,VIIRS,n,2.0NRT,308.96,2.42,D
-12.6338,26.53303,334.9,0.4,0.37,2026-10-04,1151,N21,VIIRS,n,2.0NRT,305.67,3.45,D
-12.62519,26.3903,341.14,0.39,0.37,2026-10-04,1151,N21,VIIRS,n,2.0NRT,315.31,8.85,D
-12.62428,23.91347,336.67,0.4,0.37,2026-10-04,1151,N21,VIIRS,n,2.0NRT,303.94,6.25,D
-12.62326,26.78667,340.01,0.4,0.37,2026-10-04,1151,N21,VIIRS,n,2.0NRT,309.47,21.31,D
-12.62146,23.90935,342.19,0.4,0.37,2026-10-04,1151,N21,VIIRS,n,2.0NRT,306.08,6.25,D
-12.62092,23.91298,353.85,0.4,0.37,2026-10-04,1151,N21,VIIRS,n,2.0NRT,308.78,6.25,D
-12.61863,23.90523,352.86,0.4,0.37,2026-10-04,1151,N21,VIIRS,n,2.0NRT,312.05,14.71,D
-12.6181,23.90886,344.46,0.4,0.37,2026-10-04,1151,N21,VIIRS,n,2.0NRT,310.02,4.67,D
-12.61757,23.91248,341.7,0.4,0.37,2026-10-04,1151,N21,VIIRS,n,2.0NRT,308.56,4.67,D
-12.61704,23.91609,348.36,0.4,0.37,2026-10-04,1151,N21,VIIRS,n,2.0NRT,310.06,11.79,D
-12.61528,24.06749,341.42,0.39,0.36,2026-10-04,1151,N21,VIIRS,n,2.0NRT,305.5,7.68,D
-12.61474,23.90836,340.23,0.4,0.37,2026-10-04,1151,N21,VIIRS,n,2.0NRT,307.66,4.67,D
-12.61421,23.91198,336.59,0.4,0.37,2026-10-04,1151,N21,VIIRS,l,2.0NRT,309.28,4.67,D
-12.61406,24.05262,351.37,0.39,0.36,2026-10-04,1151,N21,VIIRS,n,2.0NRT,305.37,14.14,D
-12.61353,24.05621,347.47,0.39,0.36,2026-10-04,1151,N21,VIIRS,n,2.0NRT,305.35,7.06,D
-12.613,24.0598,349.43,0.39,0.36,2026-10-04,1151,N21,VIIRS,n,2.0NRT,307.47,7.06,D
-12.61019,24.0557,349.6,0.39,0.36,2026-10-04,1151,N21,VIIRS,n,2.0NRT,307.05,9.48,D
-12.58785,26.56286,337.88,0.4,0.37,2026-10-04,1151,N21,VIIRS,l,2.0NRT,311.48,12.65,D
-12.58473,26.64837,334.56,0.4,0.37,2026-10-04,1151,N21,VIIRS,l,2.0NRT,308.05,18.3,D
-12.58262,26.26887,335.82,0.39,0.36,2026-10-04,1151,N21,VIIRS,l,2.0NRT,309.86,3.48,D
-12.58155,26.25395,336.88,0.39,0.36,2026-10-04,1151,N21,VIIRS,l,2.0NRT,311,5.39,D
-12.58131,28.055,333.16,0.45,0.39,2026-10-04,1151,N21,VIIRS,n,2.0NRT,298.52,3.98,D
-12.58065,28.05909,333.53,0.45,0.39,2026-10-04,1151,N21,VIIRS,n,2.0NRT,297.19,3.98,D
-12.57878,26.24982,337.02,0.39,0.36,2026-10-04,1151,N21,VIIRS,n,2.0NRT,307.93,5.39,D
-12.57513,24.13125,335.58,0.39,0.36,2026-10-04,1151,N21,VIIRS,l,2.0NRT,307.97,3.44,D
-12.5719,26.48937,339.79,0.4,0.37,2026-10-04,1151,N21,VIIRS,l,2.0NRT,310.02,8.44,D
-12.56855,26.48881,340.29,0.4,0.37,2026-10-04,1151,N21,VIIRS,n,2.0NRT,305.17,8.44,D
-12.56824,26.05685,335.57,0.39,0.36,2026-10-04,1151,N21,VIIRS,n,2.0NRT,303.94,2.51,D
-12.56751,26.7358,332.76,0.4,0.37,2026-10-04,1151,N21,VIIRS,n,2.0NRT,300.86,4.71,D
-12.56252,24.39997,337.83,0.39,0.36,2026-10-04,1151,N21,VIIRS,l,2.0NRT,310.68,11.35,D
-12.56213,24.42535,335.19,0.39,0.36,2026-10-04,1151,N21,VIIRS,l,2.0NRT,305.63,4.28,D
-12.56093,24.41063,335.79,0.39,0.36,2026-10-04,1151,N21,VIIRS,l,2.0NRT,306.68,13.81,D
-12.5592,24.39945,339.84,0.39,0.36,2026-10-04,1151,N21,VIIRS,n,2.0NRT,308.74,4.67,D
-12.55882,24.42484,333.76,0.39,0.36,2026-10-04,1151,N21,VIIRS,l,2.0NRT,308.38,4.28,D
-12.55867,24.40301,335.57,0.39,0.36,2026-10-04,1151,N21,VIIRS,l,2.0NRT,306.02,4.67,D
-12.55814,24.40656,336,0.39,0.36,2026-10-04,1151,N21,VIIRS,l,2.0NRT,307.18,5,D
-12.55761,24.41012,349.01,0.39,0.36,2026-10-04,1151,N21,VIIRS,n,2.0NRT,309.46,5,D
-12.55588,24.39893,338.28,0.39,0.36,2026-10-04,1151,N21,VIIRS,n,2.0NRT,307.21,4.67,D
-12.55496,24.42787,334.62,0.39,0.36,2026-10-04,1151,N21,VIIRS,l,2.0NRT,305.68,5.66,D
-12.55482,24.40604,334.15,0.39,0.36,2026-10-04,1151,N21,VIIRS,l,2.0NRT,307.79,5,D
-12.55429,24.4096,343.73,0.39,0.36,2026-10-04,1151,N21,VIIRS,n,2.0NRT,309.24,5,D
-12.55256,24.39841,339.23,0.39,0.36,2026-10-04,1151,N21,VIIRS,n,2.0NRT,305.95,4.87,D
-12.55097,24.40908,341.95,0.39,0.36,2026-10-04,1151,N21,VIIRS,n,2.0NRT,310.47,3.62,D
-12.55032,26.34794,345.58,0.39,0.36,2026-10-04,1151,N21,VIIRS,n,2.0NRT,311.26,18.35,D
-12.55009,27.55108,336.9,0.43,0.38,2026-10-04,1151,N21,VIIRS,l,2.0NRT,308.36,5.41,D
-12.54955,24.10117,344.7,0.39,0.36,2026-10-04,1151,N21,VIIRS,n,2.0NRT,305.8,7.02,D
-12.54946,27.55497,335.7,0.43,0.38,2026-10-04,1151,N21,VIIRS,l,2.0NRT,306.88,5.41,D
-12.54924,24.39789,337.6,0.39,0.36,2026-10-04,1151,N21,VIIRS,l,2.0NRT,307.91,4.87,D
-12.54878,26.22593,339.06,0.39,0.36,2026-10-04,1151,N21,VIIRS,l,2.0NRT,311.44,4.69,D
-12.54818,24.405,332.87,0.39,0.36,2026-10-04,1151,N21,VIIRS,l,2.0NRT,307.57,3.62,D
-12.54787,26.72882,331.42,0.4,0.37,2026-10-04,1151,N21,VIIRS,l,2.0NRT,301.51,14.44,D
-12.54765,24.40856,336.58,0.39,0.36,2026-10-04,1151,N21,VIIRS,l,2.0NRT,307.05,3.62,D
-12.54613,27.02534,336.18,0.41,0.37,2026-10-04,1151,N21,VIIRS,l,2.0NRT,306.67,7.32,D
-12.54451,23.99711,348.81,0.39,0.37,2026-10-04,1151,N21,VIIRS,n,2.0NRT,316.24,32.55,D
-12.5445,26.72827,337.3,0.4,0.37,2026-10-04,1151,N21,VIIRS,l,2.0NRT,307.32,14.44,D
-12.54409,24.02297,334.22,0.39,0.37,2026-10-04,1151,N21,VIIRS,l,2.0NRT,306.25,5.38,D
-12.54075,24.02245,334.18,0.39,0.37,2026-10-04,1151,N21,VIIRS,l,2.0NRT,306.31,2.88,D
-12.54048,24.41108,338.5,0.39,0.36,2026-10-04,1151,N21,VIIRS,n,2.0NRT,308.43,4.03,D
-12.54021,24.02606,331.49,0.39,0.36,2026-10-04,1151,N21,VIIRS,l,2.0NRT,303.44,2.88,D
-12.53591,23.86973,336.79,0.4,0.37,2026-10-04,1151,N21,VIIRS,n,2.0NRT,310.78,6.42,D
-12.53402,27.67329,339.08,0.43,0.38,2026-10-04,1151,N21,VIIRS,n,2.0NRT,303.8,18.94,D
-12.53309,23.86557,338.35,0.4,0.37,2026-10-04,1151,N21,VIIRS,n,2.0NRT,311.31,6.42,D
-12.53256,23.8692,351.96,0.4,0.37,2026-10-04,1151,N21,VIIRS,n,2.0NRT,311.85,6.42,D
-12.53209,26.52373,335.68,0.4,0.37,2026-10-04,1151,N21,VIIRS,l,2.0NRT,308.63,5.39,D
-12.53148,27.68909,338.25,0.43,0.38,2026-10-04,1151,N21,VIIRS,n,2.0NRT,306.54,9.54,D
-12.528,27.68849,336.59,0.43,0.38,2026-10-04,1151,N21,VIIRS,n,2.0NRT,306.05,9.54,D
-12.52612,27.1962,330.28,0.41,0.37,2026-10-04,1151,N21,VIIRS,l,2.0NRT,301.56,2.66,D
-12.52463,25.45905,332.45,0.38,0.36,2026-10-04,1151,N21,VIIRS,n,2.0NRT,301.18,4.03,D
-12.51605,26.68972,336.32,0.4,0.37,2026-10-04,1151,N21,VIIRS,l,2.0NRT,310.49,5.35,D
-12.50887,26.66975,336.13,0.4,0.37,2026-10-04,1151,N21,VIIRS,n,2.0NRT,304.99,8.37,D
-12.50084,26.69847,333.3,0.4,0.37,2026-10-04,1151,N21,VIIRS,l,2.0NRT,307.88,2.65,D
-12.49531,24.78065,343.27,0.39,0.36,2026-10-04,1151,N21,VIIRS,n,2.0NRT,310.83,6.76,D
-12.492,24.78013,344.87,0.39,0.36,2026-10-04,1151,N21,VIIRS,n,2.0NRT,307.44,6.76,D
-12.47642,26.46947,337.62,0.4,0.37,2026-10-04,1151,N21,VIIRS,n,2.0NRT,307.12,9.13,D
-14.69794,25.37483,296.83,0.33,0.55,2026-10-04,2301,N21,VIIRS,n,2.0NRT,273.66,0.73,N
-14.69634,25.37263,296.69,0.33,0.55,2026-10-04,2301,N21,VIIRS,n,2.0NRT,274.86,0.87,N
-14.68527,28.03433,305.05,0.44,0.46,2026-10-04,2301,N21,VIIRS,n,2.0NRT,289.08,0.86,N
-14.68081,27.49598,297.8,0.48,0.48,2026-10-04,2301,N21,VIIRS,n,2.0NRT,278.69,0.75,N
-14.61832,25.47592,307.36,0.33,0.55,2026-10-04,2301,N21,VIIRS,n,2.0NRT,285.94,1.24,N
-14.61152,25.46792,305.14,0.33,0.55,2026-10-04,2301,N21,VIIRS,n,2.0NRT,284.3,0.67,N
-14.6076,25.47003,307.67,0.33,0.55,2026-10-04,2301,N21,VIIRS,n,2.0NRT,284.55,1.01,N
-14.6065,25.46892,301.41,0.33,0.55,2026-10-04,2301,N21,VIIRS,n,2.0NRT,284.82,0.67,N
-14.52407,25.10896,297.28,0.35,0.57,2026-10-04,2301,N21,VIIRS,n,2.0NRT,268.76,0.45,N
-13.72792,25.87688,302.98,0.32,0.55,2026-10-04,2301,N21,VIIRS,n,2.0NRT,264.78,0.48,N
-14.70023,25.35492,367,0.39,0.44,2026-10-05,1132,N21,VIIRS,h,2.0NRT,312.87,15.37,D
-14.68596,24.10262,340.82,0.47,0.47,2026-10-05,1132,N21,VIIRS,n,2.0NRT,303.8,47.74,D
-14.67883,24.08852,349.97,0.47,0.48,2026-10-05,1132,N21,VIIRS,n,2.0NRT,308.29,15.92,D
-14.67776,24.08895,343.89,0.47,0.48,2026-10-05,1132,N21,VIIRS,n,2.0NRT,308.96,11.53,D
-14.65337,24.39838,340.79,0.45,0.47,2026-10-05,1132,N21,VIIRS,n,2.0NRT,306.03,6.12,D
-14.64861,24.86781,334.52,0.42,0.45,2026-10-05,1132,N21,VIIRS,l,2.0NRT,305.92,6.72,D
-14.63693,24.79551,335.21,0.42,0.45,2026-10-05,1132,N21,VIIRS,l,2.0NRT,307.84,8.66,D
-14.62859,25.14482,340.96,0.4,0.44,2026-10-05,1132,N21,VIIRS,n,2.0NRT,304.21,7.5,D
-14.61849,24.47309,345.07,0.44,0.46,2026-10-05,1132,N21,VIIRS,n,2.0NRT,310.71,7.06,D
-14.61805,24.47287,346.7,0.44,0.46,2026-10-05,1132,N21,VIIRS,n,2.0NRT,310.9,9.2,D
-14.60437,26.87502,334.37,0.48,0.4,2026-10-05,1132,N21,VIIRS,l,2.0NRT,305.05,4.72,D
-14.60193,26.86564,330.38,0.48,0.4,2026-10-05,1132,N21,VIIRS,l,2.0NRT,304.54,4.57,D
-14.58144,23.89903,334.44,0.48,0.48,2026-10-05,1132,N21,VIIRS,l,2.0NRT,304.66,7.36,D
-14.58138,23.89847,335.18,0.48,0.48,2026-10-05,1132,N21,VIIRS,n,2.0NRT,304.84,6.73,D
-14.58093,24.6925,337.58,0.43,0.46,2026-10-05,1132,N21,VIIRS,n,2.0NRT,308.02,6.29,D
-14.58033,24.01044,340.66,0.47,0.48,2026-10-05,1132,N21,VIIRS,n,2.0NRT,303.74,11.27,D
-14.57759,23.89402,332.1,0.48,0.48,2026-10-05,1132,N21,VIIRS,n,2.0NRT,298.79,9.21,D
-14.57702,23.89847,346.24,0.48,0.48,2026-10-05,1132,N21,VIIRS,n,2.0NRT,305.09,9.38,D
-14.57616,24.01397,340.59,0.47,0.48,2026-10-05,1132,N21,VIIRS,n,2.0NRT,305.1,22.41,D
-14.57594,24.00991,332.39,0.47,0.48,2026-10-05,1132,N21,VIIRS,l,2.0NRT,304.94,11.27,D
-14.57537,24.01428,339.97,0.47,0.48,2026-10-05,1132,N21,VIIRS,n,2.0NRT,302.69,18.61,D
-14.57261,23.89789,349.68,0.48,0.48,2026-10-05,1132,N21,VIIRS,n,2.0NRT,301.3,9.38,D
-14.57203,23.90233,335.83,0.48,0.48,2026-10-05,1132,N21,VIIRS,n,2.0NRT,304.16,9.38,D
-14.56651,24.09217,342.94,0.47,0.47,2026-10-05,1132,N21,VIIRS,n,2.0NRT,308.79,7.48,D
-14.56516,24.09229,343.14,0.47,0.47,2026-10-05,1132,N21,VIIRS,n,2.0NRT,309.26,6.75,D
-14.52312,25.53906,343.54,0.57,0.43,2026-10-05,1132,N21,VIIRS,n,2.0NRT,307.82,8.46,D
-14.51617,25.4065,344.51,0.38,0.44,2026-10-05,1132,N21,VIIRS,n,2.0NRT,310.22,9.52,D
-14.47414,24.04101,338.46,0.47,0.48,2026-10-05,1132,N21,VIIRS,l,2.0NRT,309.75,13.78,D
-14.47361,24.04531,341.24,0.47,0.48,2026-10-05,1132,N21,VIIRS,n,2.0NRT,305.83,8.97,D
-14.47329,24.83668,343.53,0.42,0.45,2026-10-05,1132,N21,VIIRS,n,2.0NRT,302.07,7.42,D
-14.46523,24.18324,334.46,0.46,0.47,2026-10-05,1132,N21,VIIRS,l,2.0NRT,306.5,5.38,D
-14.46089,24.18274,343.87,0.46,0.47,2026-10-05,1132,N21,VIIRS,n,2.0NRT,309.64,11.25,D
-14.44719,24.29207,340.43,0.45,0.47,2026-10-05,1132,N21,VIIRS,n,2.0NRT,307.94,6.44,D
-14.44289,24.29153,341.76,0.45,0.47,2026-10-05,1132,N21,VIIRS,n,2.0NRT,308.24,6.44,D
-14.43291,24.14608,333.17,0.46,0.47,2026-10-05,1132,N21,VIIRS,l,2.0NRT,304.24,3.46,D
-14.42945,25.1479,335.54,0.4,0.44,2026-10-05,1132,N21,VIIRS,l,2.0NRT,309.24,4.74,D
-14.40995,27.53823,339.64,0.44,0.39,2026-10-05,1132,N21,VIIRS,n,2.0NRT,303.26,5.48,D
-14.4064,27.53771,330.77,0.44,0.39,2026-10-05,1132,N21,VIIRS,l,2.0NRT,303.18,5.11,D
-14.37417,25.12444,336.52,0.4,0.44,2026-10-05,1132,N21,VIIRS,l,2.0NRT,307.78,6.09,D
-14.37212,25.04513,331.37,0.4,0.44,2026-10-05,1132,N21,VIIRS,l,2.0NRT,304.45,5.74,D
-14.36996,25.02978,336.06,0.4,0.44,2026-10-05,1132,N21,VIIRS,l,2.0NRT,308.59,4.85,D
-14.36852,25.04088,344.32,0.4,0.44,2026-10-05,1132,N21,VIIRS,n,2.0NRT,310.48,7.22,D
-14.36444,25.04033,341.85,0.4,0.44,2026-10-05,1132,N21,VIIRS,n,2.0NRT,309.04,7.22,D
-14.33734,23.91485,338.52,0.47,0.48,2026-10-05,1132,N21,VIIRS,n,2.0NRT,300.08,7.23,D
-14.33678,23.91926,338.83,0.47,0.48,2026-10-05,1132,N21,VIIRS,n,2.0NRT,299.41,7.23,D
-14.33388,24.99121,337.57,0.4,0.45,2026-10-05,1132,N21,VIIRS,n,2.0NRT,306.92,4.05,D
-14.332,23.85161,340.61,0.48,0.48,2026-10-05,1132,N21,VIIRS,n,2.0NRT,301.72,6.71,D
-14.29442,25.42162,330.93,0.57,0.43,2026-10-05,1132,N21,VIIRS,l,2.0NRT,303.82,4.2,D
-14.26331,24.41987,341.54,0.44,0.46,2026-10-05,1132,N21,VIIRS,n,2.0NRT,304.1,28.44,D
-14.26011,24.41125,332.03,0.44,0.46,2026-10-05,1132,N21,VIIRS,l,2.0NRT,302.76,7.05,D
-14.23364,25.09081,335.03,0.4,0.44,2026-10-05,1132,N21,VIIRS,l,2.0NRT,307.39,3.24,D
-14.17513,24.70641,343.72,0.42,0.45,2026-10-05,1132,N21,VIIRS,n,2.0NRT,304.63,5.43,D
-14.17372,24.97673,332.28,0.4,0.45,2026-10-05,1132,N21,VIIRS,l,2.0NRT,305.89,3.13,D
-14.17205,26.03549,338.13,0.52,0.42,2026-10-05,1132,N21,VIIRS,n,2.0NRT,300.11,7.79,D
-14.17088,26.01551,340.12,0.53,0.42,2026-10-05,1132,N21,VIIRS,n,2.0NRT,298.09,7.94,D
-14.16823,26.03497,338.95,0.52,0.42,2026-10-05,1132,N21,VIIRS,n,2.0NRT,302.07,10.27,D
-14.15947,27.09021,333.53,0.46,0.39,2026-10-05,1132,N21,VIIRS,n,2.0NRT,299.44,11,D
-14.15489,26.0183,334.79,0.53,0.42,2026-10-05,1132,N21,VIIRS,n,2.0NRT,301.08,5.63,D
-14.15358,26.02801,333.6,0.53,0.42,2026-10-05,1132,N21,VIIRS,n,2.0NRT,299.49,5.14,D
-14.15356,24.93974,344.9,0.41,0.45,2026-10-05,1132,N21,VIIRS,n,2.0NRT,307.08,5.35,D
-14.14946,24.93922,347.97,0.41,0.45,2026-10-05,1132,N21,VIIRS,n,2.0NRT,302.35,4.25,D
-14.10083,24.41091,331.12,0.44,0.46,2026-10-05,1132,N21,VIIRS,l,2.0NRT,305.09,5.38,D
-14.10032,24.41494,335.98,0.44,0.46,2026-10-05,1132,N21,VIIRS,n,2.0NRT,304.61,4.53,D
-14.09981,24.41896,340.5,0.44,0.46,2026-10-05,1132,N21,VIIRS,n,2.0NRT,304.18,4.53,D
-14.09609,24.41437,332.59,0.44,0.46,2026-10-05,1132,N21,VIIRS,l,2.0NRT,304.85,4.53,D
-14.09602,24.41434,332.1,0.44,0.46,2026-10-05,1132,N21,VIIRS,l,2.0NRT,304.72,2.88,D
-14.09558,24.4184,333.22,0.44,0.46,2026-10-05,1132,N21,VIIRS,n,2.0NRT,303.1,4.53,D
-14.09548,24.41838,332.22,0.44,0.46,2026-10-05,1132,N21,VIIRS,l,2.0NRT,302.83,2.88,D
-14.07591,24.40349,355.64,0.44,0.46,2026-10-05,1132,N21,VIIRS,n,2.0NRT,306.39,9.84,D
-14.07538,24.40751,336.38,0.44,0.46,2026-10-05,1132,N21,VIIRS,n,2.0NRT,305.05,9.84,D
-14.07167,24.40295,341.79,0.44,0.46,2026-10-05,1132,N21,VIIRS,n,2.0NRT,304.86,8.28,D
-14.02313,27.15866,342.76,0.46,0.39,2026-10-05,1132,N21,VIIRS,n,2.0NRT,301.83,5.6,D
-14.01509,24.27127,343.47,0.45,0.47,2026-10-05,1132,N21,VIIRS,n,2.0NRT,303.11,8.79,D
-14.01081,24.27076,367,0.45,0.47,2026-10-05,1132,N21,VIIRS,h,2.0NRT,306.18,8.47,D
-14.00564,27.61367,332.04,0.44,0.38,2026-10-05,1132,N21,VIIRS,n,2.0NRT,299.29,7.71,D
-14.00508,27.61769,345.6,0.44,0.38,2026-10-05,1132,N21,VIIRS,n,2.0NRT,302.7,7.71,D
-14.00087,24.32055,342.85,0.44,0.46,2026-10-05,1132,N21,VIIRS,n,2.0NRT,302.76,4.33,D
-14.00036,24.31931,343.83,0.44,0.46,2026-10-05,1132,N21,VIIRS,n,2.0NRT,305.34,4.75,D
-13.99007,25.21167,332.91,0.39,0.44,2026-10-05,1132,N21,VIIRS,n,2.0NRT,301.48,4.37,D
-13.96814,24.67373,330.58,0.42,0.45,2026-10-05,1132,N21,VIIRS,l,2.0NRT,302.07,2.26,D
-13.92335,24.89666,334.8,0.41,0.45,2026-10-05,1132,N21,VIIRS,n,2.0NRT,303.98,3.28,D
-13.9199,24.24266,341.04,0.45,0.47,2026-10-05,1132,N21,VIIRS,n,2.0NRT,303.76,4.96,D
-13.90369,24.33608,336,0.44,0.46,2026-10-05,1132,N21,VIIRS,n,2.0NRT,302,3.74,D
-13.84155,24.75571,349.02,0.41,0.45,2026-10-05,1132,N21,VIIRS,n,2.0NRT,304.95,70.41,D
-13.84021,25.41729,333.72,0.56,0.43,2026-10-05,1132,N21,VIIRS,l,2.0NRT,304.32,5.66,D
-13.83693,24.75898,354.98,0.41,0.45,2026-10-05,1132,N21,VIIRS,n,2.0NRT,305.02,70.41,D
-13.83465,24.75418,344.08,0.41,0.45,2026-10-05,1132,N21,VIIRS,n,2.0NRT,300.46,13.14,D
-13.83415,24.75795,348.94,0.41,0.45,2026-10-05,1132,N21,VIIRS,n,2.0NRT,301.81,13.14,D
-13.83364,24.76171,339.04,0.41,0.45,2026-10-05,1132,N21,VIIRS,n,2.0NRT,298.63,4.71,D
-13.83329,24.75465,342.55,0.41,0.45,2026-10-05,1132,N21,VIIRS,n,2.0NRT,298.99,6.66,D
-13.83281,24.75842,352.87,0.41,0.45,2026-10-05,1132,N21,VIIRS,n,2.0NRT,300.56,6.66,D
-13.82951,24.76116,342.52,0.41,0.45,2026-10-05,1132,N21,VIIRS,n,2.0NRT,300.86,4.71,D
-13.8282,24.76163,330.65,0.41,0.45,2026-10-05,1132,N21,VIIRS,n,2.0NRT,299.44,6.06,D
-13.82655,24.87235,335.48,0.41,0.45,2026-10-05,1132,N21,VIIRS,n,2.0NRT,304.55,1.94,D
-13.80267,25.74838,332.69,0.54,0.42,2026-10-05,1132,N21,VIIRS,n,2.0NRT,296.43,4.66,D
-13.76018,24.9984,333.1,0.4,0.44,2026-10-05,1132,N21,VIIRS,l,2.0NRT,304.39,5.15,D
-13.74366,23.9003,337.09,0.47,0.48,2026-10-05,1132,N21,VIIRS,n,2.0NRT,301.15,8.93,D
-13.73751,24.58121,338.87,0.42,0.45,2026-10-05,1132,N21,VIIRS,n,2.0NRT,302.06,7.22,D
-13.73419,24.97617,338.87,0.4,0.44,2026-10-05,1132,N21,VIIRS,n,2.0NRT,301.79,2.14,D
-13.71792,25.55256,330.51,0.55,0.43,2026-10-05,1132,N21,VIIRS,l,2.0NRT,303.86,1.28,D
-13.70484,25.55798,335.61,0.55,0.43,2026-10-05,1132,N21,VIIRS,n,2.0NRT,304.31,4.5,D
-13.70092,25.55745,339.27,0.55,0.43,2026-10-05,1132,N21,VIIRS,n,2.0NRT,304.55,6.73,D
-13.69881,24.32206,338.38,0.44,0.46,2026-10-05,1132,N21,VIIRS,n,2.0NRT,306.99,3.59,D
-13.69863,25.5157,334.06,0.55,0.43,2026-10-05,1132,N21,VIIRS,l,2.0NRT,304.97,3.11,D
-13.69662,24.85407,330.29,0.41,0.45,2026-10-05,1132,N21,VIIRS,l,2.0NRT,303.46,2.87,D
-13.69253,24.85351,342.43,0.41,0.45,2026-10-05,1132,N21,VIIRS,n,2.0NRT,305.59,2.87,D
-13.66113,24.21502,333.43,0.44,0.46,2026-10-05,1132,N21,VIIRS,l,2.0NRT,305.02,4.87,D
-13.65471,24.2308,350.49,0.44,0.46,2026-10-05,1132,N21,VIIRS,n,2.0NRT,309.27,10.12,D
-13.64572,24.03157,341.09,0.46,0.47,2026-10-05,1132,N21,VIIRS,n,2.0NRT,307.16,12.62,D
-13.63706,23.99622,348.6,0.46,0.47,2026-10-05,1132,N21,VIIRS,n,2.0NRT,303.1,8.71,D
-13.63141,25.80693,333.73,0.53,0.42,2026-10-05,1132,N21,VIIRS,n,2.0NRT,298.88,4.49,D
-13.63113,25.24744,330.7,0.38,0.43,2026-10-05,1132,N21,VIIRS,l,2.0NRT,303.46,5.64,D
-13.62866,24.2975,330.2,0.44,0.46,2026-10-05,1132,N21,VIIRS,l,2.0NRT,304.16,4.04,D
-13.61965,24.30046,347.83,0.44,0.46,2026-10-05,1132,N21,VIIRS,n,2.0NRT,305.42,11.15,D
-13.60416,24.48448,342.22,0.43,0.46,2026-10-05,1132,N21,VIIRS,n,2.0NRT,297.29,9.78,D
-13.60049,24.47995,336.43,0.43,0.46,2026-10-05,1132,N21,VIIRS,n,2.0NRT,297.63,9.78,D
-13.59997,24.48391,351.2,0.43,0.46,2026-10-05,1132,N21,VIIRS,n,2.0NRT,300.14,9.78,D
-13.59899,24.29349,338.29,0.44,0.46,2026-10-05,1132,N21,VIIRS,n,2.0NRT,303.14,1.58,D
-13.57853,24.35223,336.72,0.43,0.46,2026-10-05,1132,N21,VIIRS,l,2.0NRT,307.81,15.3,D
-13.57802,24.35623,343.82,0.43,0.46,2026-10-05,1132,N21,VIIRS,n,2.0NRT,308.46,13.19,D
-13.57537,24.11559,348.93,0.45,0.47,2026-10-05,1132,N21,VIIRS,n,2.0NRT,307.52,13.86,D
-13.57458,25.05801,336.36,0.39,0.44,2026-10-05,1132,N21,VIIRS,n,2.0NRT,305.51,5.34,D
-13.57331,25.05785,333.9,0.39,0.44,2026-10-05,1132,N21,VIIRS,l,2.0NRT,304.04,5.45,D
-13.56338,24.9794,331.16,0.4,0.44,2026-10-05,1132,N21,VIIRS,n,2.0NRT,301,2.02,D
-13.56318,24.91945,339.39,0.4,0.44,2026-10-05,1132,N21,VIIRS,n,2.0NRT,303.63,5.35,D
-13.55932,24.97888,335.63,0.4,0.44,2026-10-05,1132,N21,VIIRS,n,2.0NRT,302.34,2.02,D
-13.55883,24.98253,333.39,0.4,0.44,2026-10-05,1132,N21,VIIRS,n,2.0NRT,303,4.98,D
-13.5354,25.1259,343.48,0.39,0.44,2026-10-05,1132,N21,VIIRS,n,2.0NRT,303.95,8.3,D
-13.51613,25.02479,330.45,0.39,0.44,2026-10-05,1132,N21,VIIRS,n,2.0NRT,304.59,3.11,D
-13.51437,24.91292,333,0.4,0.44,2026-10-05,1132,N21,VIIRS,l,2.0NRT,303.7,2.28,D
-13.50373,25.63052,332.3,0.54,0.42,2026-10-05,1132,N21,VIIRS,l,2.0NRT,304.26,4.46,D
-13.50092,25.01545,331.39,0.39,0.44,2026-10-05,1132,N21,VIIRS,l,2.0NRT,303.63,0.87,D
-13.48713,24.99507,331.89,0.4,0.44,2026-10-05,1132,N21,VIIRS,n,2.0NRT,302.95,1.68,D
-13.48305,24.93111,336.79,0.4,0.44,2026-10-05,1132,N21,VIIRS,n,2.0NRT,302.96,4.9,D
-13.48284,24.93045,342.76,0.4,0.44,2026-10-05,1132,N21,VIIRS,n,2.0NRT,302.91,8.45,D
-13.4759,24.31379,338.53,0.44,0.46,2026-10-05,1132,N21,VIIRS,n,2.0NRT,305.86,3.19,D
-13.4443,25.15266,331.86,0.39,0.44,2026-10-05,1132,N21,VIIRS,n,2.0NRT,302.59,2.06,D
-13.43503,23.92771,339.48,0.46,0.47,2026-10-05,1132,N21,VIIRS,n,2.0NRT,301.15,5.07,D
-13.42634,24.51984,338.26,0.42,0.45,2026-10-05,1132,N21,VIIRS,n,2.0NRT,299.42,3.99,D
-13.40806,24.0013,332.25,0.46,0.47,2026-10-05,1132,N21,VIIRS,n,2.0NRT,301.68,8.1,D
-13.40699,24.00968,345.97,0.45,0.47,2026-10-05,1132,N21,VIIRS,n,2.0NRT,305.17,20.2,D
-13.40161,24.0175,341.15,0.45,0.47,2026-10-05,1132,N21,VIIRS,n,2.0NRT,298.29,11.55,D
-13.40108,24.02169,353.13,0.45,0.47,2026-10-05,1132,N21,VIIRS,n,2.0NRT,300.4,11.55,D
-13.3973,24.01694,353.91,0.45,0.47,2026-10-05,1132,N21,VIIRS,n,2.0NRT,303.63,10.08,D
-13.39677,24.02113,330.93,0.45,0.47,2026-10-05,1132,N21,VIIRS,l,2.0NRT,302.59,10.08,D
-13.39529,24.01373,333.19,0.45,0.47,2026-10-05,1132,N21,VIIRS,n,2.0NRT,302.27,5.34,D
-13.39473,24.01792,343.7,0.45,0.47,2026-10-05,1132,N21,VIIRS,n,2.0NRT,302.03,8.82,D
-13.37544,24.22305,342.8,0.44,0.46,2026-10-05,1132,N21,VIIRS,n,2.0NRT,301.84,4.97,D
-13.37119,24.22248,334.71,0.44,0.46,2026-10-05,1132,N21,VIIRS,n,2.0NRT,302.99,3.82,D
-13.35677,25.13711,331.09,0.39,0.44,2026-10-05,1132,N21,VIIRS,n,2.0NRT,293.66,4.34,D
-13.32207,24.27007,335.38,0.44,0.46,2026-10-05,1132,N21,VIIRS,n,2.0NRT,303.28,4.34,D
-13.29723,24.2954,343.55,0.43,0.46,2026-10-05,1132,N21,VIIRS,n,2.0NRT,307.08,10.81,D
-13.29671,24.29938,339.94,0.43,0.46,2026-10-05,1132,N21,VIIRS,n,2.0NRT,300.86,10.81,D
-13.27784,24.34534,344.11,0.43,0.46,2026-10-05,1132,N21,VIIRS,n,2.0NRT,299.74,8.13,D
-13.27364,24.34479,351.5,0.43,0.46,2026-10-05,1132,N21,VIIRS,n,2.0NRT,300.07,24.37,D
-13.20643,24.03153,338.21,0.45,0.47,2026-10-05,1132,N21,VIIRS,n,2.0NRT,307.35,78.39,D
-13.18172,23.99932,338.16,0.45,0.47,2026-10-05,1132,N21,VIIRS,n,2.0NRT,297.69,133.27,D
-13.17575,23.99804,355.02,0.45,0.47,2026-10-05,1132,N21,VIIRS,n,2.0NRT,300.28,33.64,D
-12.93835,26.01982,341.88,0.51,0.41,2026-10-05,1132,N21,VIIRS,n,2.0NRT,296.69,9.51,D
-13.15482,24.00425,346.6,0.45,0.47,2026-10-05,1134,N21,VIIRS,n,2.0NRT,300.42,22.79,D
-13.13447,23.9594,337.58,0.45,0.47,2026-10-05,1134,N21,VIIRS,n,2.0NRT,292.38,4.64,D
-13.12687,24.01744,341.12,0.45,0.47,2026-10-05,1134,N21,VIIRS,n,2.0NRT,305.03,35.18,D
-13.11774,24.0205,346.09,0.45,0.47,2026-10-05,1134,N21,VIIRS,n,2.0NRT,309.02,44.26,D
-13.1172,24.02463,350.8,0.45,0.47,2026-10-05,1134,N21,VIIRS,n,2.0NRT,310.15,21.63,D
-13.11667,24.02875,330.43,0.45,0.47,2026-10-05,1134,N21,VIIRS,n,2.0NRT,299.72,21.63,D
-13.11399,24.01581,334.37,0.45,0.47,2026-10-05,1134,N21,VIIRS,n,2.0NRT,298.62,44.26,D
-13.11345,24.01995,345.72,0.45,0.47,2026-10-05,1134,N21,VIIRS,n,2.0NRT,312.11,44.26,D
-13.11291,24.02409,346.38,0.45,0.47,2026-10-05,1134,N21,VIIRS,n,2.0NRT,305.55,21.63,D
-13.09794,24.07232,344.78,0.45,0.47,2026-10-05,1134,N21,VIIRS,n,2.0NRT,299.31,6.7,D
-13.08017,24.00728,352.31,0.45,0.47,2026-10-05,1134,N21,VIIRS,n,2.0NRT,303.3,128.66,D
-13.07641,24.00259,367,0.45,0.47,2026-10-05,1134,N21,VIIRS,h,2.0NRT,302.89,20.21,D
-13.07588,24.00673,343.54,0.45,0.47,2026-10-05,1134,N21,VIIRS,n,2.0NRT,301.68,20.21,D
-13.07329,24.00318,345.41,0.45,0.47,2026-10-05,1134,N21,VIIRS,n,2.0NRT,303.73,15.19,D
-13.07273,24.00731,330.91,0.45,0.47,2026-10-05,1134,N21,VIIRS,n,2.0NRT,300.31,15.19,D
-13.07211,24.00204,352.34,0.45,0.47,2026-10-05,1134,N21,VIIRS,n,2.0NRT,313.04,20.21,D
-13.07159,24.00617,331.93,0.45,0.47,2026-10-05,1134,N21,VIIRS,n,2.0NRT,300.32,20.21,D
-13.069,24.00263,351.02,0.45,0.47,2026-10-05,1134,N21,VIIRS,n,2.0NRT,302.55,15.19,D
-13.02409,24.97661,330.42,0.39,0.44,2026-10-05,1134,N21,VIIRS,n,2.0NRT,293.92,1.65,D
-13.00925,25.02555,344.54,0.39,0.44,2026-10-05,1134,N21,VIIRS,n,2.0NRT,306.81,36.16,D
-13.00572,25.02146,342.14,0.39,0.44,2026-10-05,1134,N21,VIIRS,n,2.0NRT,302.24,36.16,D
-13.00525,25.025,342.62,0.39,0.44,2026-10-05,1134,N21,VIIRS,n,2.0NRT,303.1,36.16,D
-12.88764,25.96649,336.44,0.51,0.41,2026-10-05,1134,N21,VIIRS,n,2.0NRT,297.99,8.64,D
-14.69803,25.35061,296.98,0.69,0.74,2026-10-05,2240,N21,VIIRS,n,2.0NRT,281.39,2.99,N
-14.58311,26.97643,299.2,0.54,0.68,2026-10-05,2240,N21,VIIRS,n,2.0NRT,286.64,1.01,N